B,D,t,delta,policy,n,mode,iter,gpu_ms,cpu_model_ms,wall_ms,iter_ms,tokens_done
25,8,262144,2048,layered,1024/1024/1024,graph,0,24.5477,15.9378,24.6169,24.5477,
25,8,262144,2048,layered,1024/1024/1024,graph,1,23.3470,15.6314,23.3983,23.3470,
25,8,262144,2048,layered,1024/1024/1024,graph,2,24.1738,15.9378,24.2202,24.1738,
25,8,262144,2048,layered,1024/1024/1024,graph,3,23.1824,15.3568,23.2273,23.1824,
25,8,262144,2048,layered,1024/1024/1024,graph,4,24.3541,16.2124,24.4071,24.3541,
25,8,262144,2048,layered,1024/1024/1024,graph,5,23.2782,15.3568,23.3277,23.2782,
25,8,262144,2048,layered,1024/1024/1024,graph,6,24.3142,15.9378,24.3615,24.3142,
25,8,262144,2048,layered,1024/1024/1024,graph,7,23.5693,15.3568,23.6137,23.5693,
25,8,262144,2048,layered,1024/1024/1024,graph,8,24.5230,16.2124,24.5694,24.5230,
25,8,262144,2048,layered,1024/1024/1024,graph,9,23.4836,15.3568,23.5272,23.4836,
25,8,262144,2048,layered,1024/1024/1024,graph,10,24.2579,15.9378,24.3100,24.2579,
25,8,262144,2048,layered,1024/1024/1024,graph,11,23.6154,15.6314,23.6609,23.6154,
25,8,262144,2048,layered,1024/1024/1024,graph,12,24.4272,16.2124,24.4741,24.4272,
25,8,262144,2048,layered,1024/1024/1024,graph,13,23.3682,15.3568,23.4131,23.3682,
25,8,262144,2048,layered,1024/1024/1024,graph,14,24.0957,15.6632,24.1435,24.0957,
25,8,262144,2048,layered,1024/1024/1024,graph,15,23.0924,15.6314,23.1382,23.0924,
25,8,262144,2048,layered,1024/1024/1024,graph,16,24.2047,16.2124,24.2507,24.2047,
25,8,262144,2048,layered,1024/1024/1024,graph,17,23.2527,14.8076,23.2984,23.2527,
25,8,262144,2048,layered,1024/1024/1024,graph,18,24.4068,16.4869,24.4535,24.4068,
25,8,262144,2048,layered,1024/1024/1024,graph,19,23.4378,15.0822,23.4817,23.4378,
25,8,262144,2048,layered,1024/1024/1024,graph,20,24.3926,16.7615,24.4381,24.3926,
25,8,262144,2048,layered,1024/1024/1024,graph,21,23.4259,15.0822,23.4700,23.4259,
25,8,262144,2048,layered,1024/1024/1024,graph,22,24.1471,15.9378,24.1908,24.1471,
25,8,262144,2048,layered,1024/1024/1024,graph,23,23.1340,15.9059,23.1807,23.1340,
25,8,262144,2048,layered,1024/1024/1024,graph,24,24.3214,15.6632,24.3667,24.3214,
25,8,262144,2048,layered,1024/1024/1024,graph,25,23.4965,15.6314,23.5450,23.4965,
25,8,262144,2048,layered,1024/1024/1024,graph,26,24.2879,15.9378,24.3354,24.2879,
25,8,262144,2048,layered,1024/1024/1024,graph,27,23.5909,15.6314,23.6357,23.5909,
25,8,262144,2048,layered,1024/1024/1024,graph,28,24.5316,16.2124,24.5767,24.5316,
25,8,262144,2048,layered,1024/1024/1024,graph,29,23.7904,15.3568,23.8345,23.7904,
25,8,262144,2048,layered,1024/1024/1024,graph,30,24.3123,16.2124,24.3585,24.3123,
25,8,262144,2048,layered,1024/1024/1024,graph,31,23.7412,15.0822,23.7841,23.7412,
25,8,262144,2048,layered,1024/1024/1024,graph,32,24.5418,16.7615,24.5902,24.5418,
25,8,262144,2048,layered,1024/1024/1024,graph,33,23.5992,14.8076,23.6431,23.5992,
25,8,262144,2048,layered,1024/1024/1024,graph,34,24.2470,16.2124,24.2932,24.2470,
25,8,262144,2048,layered,1024/1024/1024,graph,35,23.9690,15.6314,24.0133,23.9690,
25,8,262144,2048,layered,1024/1024/1024,graph,36,24.2851,16.4869,24.3327,24.2851,
25,8,262144,2048,layered,1024/1024/1024,graph,37,24.1374,15.3568,24.1820,24.1374,
25,8,262144,2048,layered,1024/1024/1024,graph,38,23.9121,15.9378,23.9590,23.9121,
25,8,262144,2048,layered,1024/1024/1024,graph,39,23.9213,15.6314,23.9644,23.9213,
25,8,262144,2048,layered,1024/1024/1024,graph,40,24.0772,15.6632,24.1225,24.0772,
25,8,262144,2048,layered,1024/1024/1024,graph,41,23.6127,15.9059,23.6576,23.6127,
25,8,262144,2048,layered,1024/1024/1024,graph,42,23.9455,15.3886,23.9865,23.9455,
25,8,262144,2048,layered,1024/1024/1024,graph,43,23.5312,15.9059,23.5749,23.5312,
25,8,262144,2048,layered,1024/1024/1024,graph,44,23.6348,15.1140,23.6819,23.6348,
25,8,262144,2048,layered,1024/1024/1024,graph,45,23.4791,16.1805,23.5227,23.4791,
25,8,262144,2048,layered,1024/1024/1024,graph,46,24.1562,15.3886,24.2019,24.1562,
25,8,262144,2048,layered,1024/1024/1024,graph,47,23.5651,15.9059,23.6108,23.5651,
25,8,262144,2048,layered,1024/1024/1024,graph,48,22.9004,16.7297,22.9445,22.9004,
25,8,262144,2048,layered,1024/1024/1024,graph,49,23.5247,15.9059,23.5694,23.5247,
25,8,262144,2048,layered,1024/1024/1024,graph,50,24.2476,15.6632,24.2932,24.2476,
25,8,262144,2048,layered,1024/1024/1024,graph,51,23.6157,15.9059,23.6609,23.6157,
25,8,262144,2048,layered,1024/1024/1024,graph,52,24.1539,16.2124,24.1999,24.1539,
25,8,262144,2048,layered,1024/1024/1024,graph,53,23.5981,15.3568,23.6436,23.5981,
25,8,262144,2048,layered,1024/1024/1024,graph,54,24.1060,15.6632,24.1513,24.1060,
25,8,262144,2048,layered,1024/1024/1024,graph,55,23.5550,15.9059,23.6039,23.5550,
25,8,262144,2048,layered,1024/1024/1024,graph,56,24.0083,15.9378,24.0549,24.0083,
25,8,262144,2048,layered,1024/1024/1024,graph,57,23.5941,15.3568,23.6475,23.5941,
25,8,262144,2048,layered,1024/1024/1024,graph,58,23.8729,15.9378,23.9190,23.8729,
25,8,262144,2048,layered,1024/1024/1024,graph,59,23.6559,15.6314,23.7000,23.6559,
25,8,262144,2048,layered,1024/1024/1024,graph,60,23.8883,15.9378,23.9369,23.8883,
25,8,262144,2048,layered,1024/1024/1024,graph,61,23.2765,15.6314,23.3272,23.2765,
25,8,262144,2048,layered,1024/1024/1024,graph,62,24.4860,15.9378,24.5355,24.4860,
25,8,262144,2048,layered,1024/1024/1024,graph,63,22.9683,15.3568,23.0130,22.9683,
25,8,262144,2048,layered,1024/1024/1024,graph,64,24.3965,15.6632,24.4428,24.3965,
25,8,262144,2048,layered,1024/1024/1024,graph,65,22.8500,15.3568,22.8937,22.8500,
25,8,262144,2048,layered,1024/1024/1024,graph,66,24.2974,15.3886,24.3453,24.2974,
25,8,262144,2048,layered,1024/1024/1024,graph,67,22.6090,15.6314,22.6543,22.6090,
25,8,262144,2048,layered,1024/1024/1024,graph,68,22.7524,16.4551,22.7966,22.7524,
25,8,262144,2048,layered,1024/1024/1024,graph,69,23.0566,15.6314,23.0998,23.0566,
25,8,262144,2048,layered,1024/1024/1024,graph,70,24.3816,15.3886,24.4272,24.3816,
25,8,262144,2048,layered,1024/1024/1024,graph,71,22.6874,15.3568,22.7426,22.6874,
25,8,262144,2048,layered,1024/1024/1024,graph,72,24.1426,15.6632,24.1882,24.1426,
25,8,262144,2048,layered,1024/1024/1024,graph,73,22.8300,15.3568,22.8732,22.8300,
25,8,262144,2048,layered,1024/1024/1024,graph,74,24.3692,15.9378,24.4203,24.3692,
25,8,262144,2048,layered,1024/1024/1024,graph,75,24.3112,14.5648,24.3562,24.3112,
25,8,262144,2048,layered,1024/1024/1024,graph,76,22.5665,16.1805,22.6116,22.5665,
25,8,262144,2048,layered,1024/1024/1024,graph,77,22.9926,15.9059,23.0462,22.9926,
25,8,262144,2048,layered,1024/1024/1024,graph,78,24.4175,15.6632,24.4657,24.4175,
25,8,262144,2048,layered,1024/1024/1024,graph,79,23.4661,15.9059,23.5133,23.4661,
25,8,262144,2048,layered,1024/1024/1024,graph,80,24.1756,15.6632,24.2207,24.1756,
25,8,262144,2048,layered,1024/1024/1024,graph,81,23.6305,15.9059,23.6761,23.6305,
25,8,262144,2048,layered,1024/1024/1024,graph,82,24.3994,16.2124,24.4440,24.3994,
25,8,262144,2048,layered,1024/1024/1024,graph,83,23.5373,15.0822,23.5806,23.5373,
25,8,262144,2048,layered,1024/1024/1024,graph,84,22.7220,17.2789,22.7658,22.7220,
25,8,262144,2048,layered,1024/1024/1024,graph,85,23.7464,15.6314,23.7896,23.7464,
25,8,262144,2048,layered,1024/1024/1024,graph,86,24.2712,15.9378,24.3168,24.2712,
25,8,262144,2048,layered,1024/1024/1024,graph,87,22.9195,15.3568,22.9630,22.9195,
25,8,262144,2048,layered,1024/1024/1024,graph,88,24.4375,15.6632,24.4870,24.4375,
25,8,262144,2048,layered,1024/1024/1024,graph,89,22.7454,15.9059,22.7987,22.7454,
25,8,262144,2048,layered,1024/1024/1024,graph,90,24.4495,15.6632,24.4984,24.4495,
25,8,262144,2048,layered,1024/1024/1024,graph,91,23.9947,14.8394,24.0429,23.9947,
25,8,262144,2048,layered,1024/1024/1024,graph,92,22.9841,16.4551,23.0297,22.9841,
25,8,262144,2048,layered,1024/1024/1024,graph,93,23.0860,15.9059,23.1302,23.0860,
25,8,262144,2048,layered,1024/1024/1024,graph,94,24.2572,15.3886,24.3076,24.2572,
25,8,262144,2048,layered,1024/1024/1024,graph,95,23.4056,16.1805,23.4545,23.4056,
25,8,262144,2048,layered,1024/1024/1024,graph,96,24.1536,15.3886,24.2065,24.1536,
25,8,262144,2048,layered,1024/1024/1024,graph,97,23.7403,16.1805,23.7897,23.7403,
25,8,262144,2048,layered,1024/1024/1024,graph,98,24.2092,15.6632,24.2600,24.2092,
25,8,262144,2048,layered,1024/1024/1024,graph,99,24.2580,14.8394,24.3057,24.2580,
25,8,262144,2048,layered,1024/1024/1024,graph,100,23.0507,15.9059,23.0953,23.0507,
25,8,262144,2048,layered,1024/1024/1024,graph,101,23.2142,16.4551,23.2578,23.2142,
25,8,262144,2048,layered,1024/1024/1024,graph,102,24.2832,15.1140,24.3285,24.2832,
25,8,262144,2048,layered,1024/1024/1024,graph,103,24.1714,15.1140,24.2209,24.1714,
25,8,262144,2048,layered,1024/1024/1024,graph,104,23.1071,15.9059,23.1508,23.1071,
25,8,262144,2048,layered,1024/1024/1024,graph,105,23.3045,16.4551,23.3492,23.3045,
25,8,262144,2048,layered,1024/1024/1024,graph,106,23.3182,16.1805,23.3619,23.3182,
25,8,262144,2048,layered,1024/1024/1024,graph,107,24.0862,15.1140,24.1270,24.0862,
25,8,262144,2048,layered,1024/1024/1024,graph,108,23.4727,16.4551,23.5243,23.4727,
25,8,262144,2048,layered,1024/1024/1024,graph,109,24.4007,15.1140,24.4497,24.4007,
25,8,262144,2048,layered,1024/1024/1024,graph,110,23.8349,14.8394,23.8811,23.8349,
25,8,262144,2048,layered,1024/1024/1024,graph,111,23.3748,16.1805,23.4204,23.3748,
25,8,262144,2048,layered,1024/1024/1024,graph,112,23.9262,15.1140,23.9733,23.9262,
25,8,262144,2048,layered,1024/1024/1024,graph,113,23.4301,16.1805,23.4757,23.4301,
25,8,262144,2048,layered,1024/1024/1024,graph,114,23.0056,16.4551,23.0502,23.0056,
25,8,262144,2048,layered,1024/1024/1024,graph,115,23.4589,16.1805,23.5042,23.4589,
25,8,262144,2048,layered,1024/1024/1024,graph,116,23.0015,16.4551,23.0458,23.0015,
25,8,262144,2048,layered,1024/1024/1024,graph,117,24.5531,14.8394,24.6028,24.5531,
25,8,262144,2048,layered,1024/1024/1024,graph,118,22.5916,16.4551,22.6370,22.5916,
25,8,262144,2048,layered,1024/1024/1024,graph,119,23.1979,15.9059,23.2424,23.1979,
25,8,262144,2048,layered,1024/1024/1024,graph,120,24.0047,15.6632,24.0520,24.0047,
25,8,262144,2048,layered,1024/1024/1024,graph,121,23.3617,15.9059,23.4063,23.3617,
25,8,262144,2048,layered,1024/1024/1024,graph,122,24.1001,15.3886,24.1465,24.1001,
25,8,262144,2048,layered,1024/1024/1024,graph,123,23.3039,16.1805,23.3484,23.3039,
25,8,262144,2048,layered,1024/1024/1024,graph,124,22.8547,16.4551,22.8995,22.8547,
25,8,262144,2048,layered,1024/1024/1024,graph,125,24.3410,15.1140,24.3882,24.3410,
25,8,262144,2048,layered,1024/1024/1024,graph,126,23.0382,15.9059,23.0832,23.0382,
25,8,262144,2048,layered,1024/1024/1024,graph,127,23.1120,16.1805,23.1569,23.1120,
25,8,262144,2048,layered,1024/1024/1024,graph,128,24.3789,15.1140,24.4277,24.3789,
25,8,262144,2048,layered,1024/1024/1024,graph,129,24.2453,15.3886,24.2918,24.2453,
25,8,262144,2048,layered,1024/1024/1024,graph,130,23.0483,15.6314,23.1014,23.0483,
25,8,262144,2048,layered,1024/1024/1024,graph,131,22.8934,16.4551,22.9392,22.8934,
25,8,262144,2048,layered,1024/1024/1024,graph,132,23.1181,15.6314,23.1630,23.1181,
25,8,262144,2048,layered,1024/1024/1024,graph,133,24.1206,15.6632,24.1687,24.1206,
25,8,262144,2048,layered,1024/1024/1024,graph,134,23.1830,15.6314,23.2273,23.1830,
25,8,262144,2048,layered,1024/1024/1024,graph,135,24.2458,15.6632,24.2917,24.2458,
25,8,262144,2048,layered,1024/1024/1024,graph,136,24.1148,14.5648,24.1620,24.1148,
25,8,262144,2048,layered,1024/1024/1024,graph,137,23.2491,16.4551,23.2932,23.2491,
25,8,262144,2048,layered,1024/1024/1024,graph,138,23.2700,15.9059,23.3153,23.2700,
25,8,262144,2048,layered,1024/1024/1024,graph,139,22.8620,16.4551,22.9075,22.8620,
25,8,262144,2048,layered,1024/1024/1024,graph,140,23.2501,15.9059,23.2957,23.2501,
25,8,262144,2048,layered,1024/1024/1024,graph,141,24.0657,15.3886,24.1165,24.0657,
25,8,262144,2048,layered,1024/1024/1024,graph,142,23.4104,16.1805,23.4560,23.4104,
25,8,262144,2048,layered,1024/1024/1024,graph,143,23.9396,15.3886,23.9907,23.9396,
25,8,262144,2048,layered,1024/1024/1024,graph,144,23.5271,15.6314,23.5728,23.5271,
25,8,262144,2048,layered,1024/1024/1024,graph,145,23.9282,15.9378,23.9782,23.9282,
25,8,262144,2048,layered,1024/1024/1024,graph,146,23.2998,15.3568,23.3461,23.2998,
25,8,262144,2048,layered,1024/1024/1024,graph,147,23.9294,15.9378,23.9760,23.9294,
25,8,262144,2048,layered,1024/1024/1024,graph,148,23.5920,15.6314,23.6377,23.5920,
25,8,262144,2048,layered,1024/1024/1024,graph,149,23.8063,15.6632,23.8534,23.8063,
25,8,262144,2048,layered,1024/1024/1024,graph,150,23.5757,16.1805,23.6208,23.5757,
25,8,262144,2048,layered,1024/1024/1024,graph,151,24.1716,15.3886,24.2164,24.1716,
25,8,262144,2048,layered,1024/1024/1024,graph,152,23.2059,16.1805,23.2505,23.2059,
25,8,262144,2048,layered,1024/1024/1024,graph,153,23.9106,15.3886,23.9566,23.9106,
25,8,262144,2048,layered,1024/1024/1024,graph,154,23.4993,15.9059,23.5455,23.4993,
25,8,262144,2048,layered,1024/1024/1024,graph,155,22.7159,16.7297,22.7612,22.7159,
25,8,262144,2048,layered,1024/1024/1024,graph,156,24.3620,14.5648,24.4098,24.3620,
25,8,262144,2048,layered,1024/1024/1024,graph,157,24.0851,15.6632,24.1311,24.0851,
25,8,262144,2048,layered,1024/1024/1024,graph,158,23.5601,16.1805,23.6138,23.5601,
25,8,262144,2048,layered,1024/1024/1024,graph,159,24.0973,15.6632,24.1438,24.0973,
25,8,262144,2048,layered,1024/1024/1024,graph,160,23.9575,15.6314,24.0011,23.9575,
25,8,262144,2048,layered,1024/1024/1024,graph,161,24.3130,15.9378,24.3608,24.3130,
25,8,262144,2048,layered,1024/1024/1024,graph,162,23.2304,15.3568,23.2763,23.2304,
25,8,262144,2048,layered,1024/1024/1024,graph,163,24.3508,15.9378,24.3958,24.3508,
25,8,262144,2048,layered,1024/1024/1024,graph,164,24.2861,14.5648,24.3320,24.2861,
25,8,262144,2048,layered,1024/1024/1024,graph,165,23.1818,16.1805,23.2301,23.1818,
25,8,262144,2048,layered,1024/1024/1024,graph,166,23.0314,16.1805,23.0788,23.0314,
25,8,262144,2048,layered,1024/1024/1024,graph,167,22.9354,15.9059,22.9845,22.9354,
25,8,262144,2048,layered,1024/1024/1024,graph,168,22.8227,16.1805,22.8700,22.8227,
25,8,262144,2048,layered,1024/1024/1024,graph,169,24.2708,14.8394,24.3178,24.2708,
25,8,262144,2048,layered,1024/1024/1024,graph,170,22.7992,16.1805,22.8503,22.7992,
25,8,262144,2048,layered,1024/1024/1024,graph,171,22.7259,15.6314,22.7752,22.7259,
25,8,262144,2048,layered,1024/1024/1024,graph,172,23.7664,15.3886,23.8175,23.7664,
25,8,262144,2048,layered,1024/1024/1024,graph,173,22.5208,15.3568,22.5758,22.5208,
25,8,262144,2048,layered,1024/1024/1024,graph,174,24.1328,15.3886,24.1812,24.1328,
25,8,262144,2048,layered,1024/1024/1024,graph,175,22.5930,15.6314,22.6395,22.5930,
25,8,262144,2048,layered,1024/1024/1024,graph,176,23.8519,15.6632,23.9002,23.8519,
25,8,262144,2048,layered,1024/1024/1024,graph,177,23.2103,15.6314,23.2558,23.2103,
25,8,262144,2048,layered,1024/1024/1024,graph,178,23.9723,15.9378,24.0197,23.9723,
25,8,262144,2048,layered,1024/1024/1024,graph,179,23.8066,15.9059,23.8524,23.8066,
25,8,262144,2048,layered,1024/1024/1024,graph,180,24.1063,16.2124,24.1521,24.1063,
25,8,262144,2048,layered,1024/1024/1024,graph,181,23.8203,15.3568,23.8650,23.8203,
25,8,262144,2048,layered,1024/1024/1024,graph,182,23.9279,15.9378,23.9751,23.9279,
25,8,262144,2048,layered,1024/1024/1024,graph,183,24.0357,15.9059,24.0795,24.0357,
25,8,262144,2048,layered,1024/1024/1024,graph,184,24.2354,15.9378,24.2827,24.2354,
25,8,262144,2048,layered,1024/1024/1024,graph,185,23.7690,15.6314,23.8142,23.7690,
25,8,262144,2048,layered,1024/1024/1024,graph,186,23.9184,15.9378,23.9648,23.9184,
25,8,262144,2048,layered,1024/1024/1024,graph,187,23.9035,15.9059,23.9601,23.9035,
25,8,262144,2048,layered,1024/1024/1024,graph,188,24.0988,16.2124,24.1448,24.0988,
25,8,262144,2048,layered,1024/1024/1024,graph,189,23.5556,15.0822,23.5989,23.5556,
25,8,262144,2048,layered,1024/1024/1024,graph,190,24.3522,16.4869,24.4000,24.3522,
25,8,262144,2048,layered,1024/1024/1024,graph,191,23.5776,15.0822,23.6227,23.5776,
25,8,262144,2048,layered,1024/1024/1024,graph,192,24.2866,16.2124,24.3336,24.2866,
25,8,262144,2048,layered,1024/1024/1024,graph,193,23.7461,15.3568,23.7907,23.7461,
25,8,262144,2048,layered,1024/1024/1024,graph,194,24.3381,15.9378,24.3847,24.3381,
25,8,262144,2048,layered,1024/1024/1024,graph,195,23.1734,15.6314,23.2480,23.1734,
25,8,262144,2048,layered,1024/1024/1024,graph,196,24.0286,15.6632,24.0771,24.0286,
25,8,262144,2048,layered,1024/1024/1024,graph,197,23.3380,15.9059,23.3852,23.3380,
25,8,262144,2048,layered,1024/1024/1024,graph,198,24.3737,15.6632,24.4199,24.3737,
25,8,262144,2048,layered,1024/1024/1024,graph,199,22.8524,15.6314,22.8977,22.8524,
25,8,262144,2048,layered,512/512/512,graph,0,24.3844,16.8252,24.4333,24.3844,
25,8,262144,2048,layered,512/512/512,graph,1,23.8565,16.5188,23.9033,23.8565,
25,8,262144,2048,layered,512/512/512,graph,2,24.0847,16.8252,24.1300,24.0847,
25,8,262144,2048,layered,512/512/512,graph,3,23.6706,17.0679,23.7161,23.6706,
25,8,262144,2048,layered,512/512/512,graph,4,24.4790,17.0998,24.5239,24.4790,
25,8,262144,2048,layered,512/512/512,graph,5,24.0749,17.0679,24.1204,24.0749,
25,8,262144,2048,layered,512/512/512,graph,6,23.9545,18.1663,23.9985,23.9545,
25,8,262144,2048,layered,512/512/512,graph,7,24.0167,17.3425,24.0606,24.0167,
25,8,262144,2048,layered,512/512/512,graph,8,24.2917,17.3744,24.3411,24.2917,
25,8,262144,2048,layered,512/512/512,graph,9,24.2484,16.7934,24.2987,24.2484,
25,8,262144,2048,layered,512/512/512,graph,10,24.2077,17.3744,24.2560,24.2077,
25,8,262144,2048,layered,512/512/512,graph,11,24.0379,16.5188,24.0846,24.0379,
25,8,262144,2048,layered,512/512/512,graph,12,24.1809,17.3744,24.2289,24.1809,
25,8,262144,2048,layered,512/512/512,graph,13,24.2536,16.5188,24.2992,24.2536,
25,8,262144,2048,layered,512/512/512,graph,14,23.9465,18.4409,23.9925,23.9465,
25,8,262144,2048,layered,512/512/512,graph,15,24.0501,16.7934,24.0999,24.0501,
25,8,262144,2048,layered,512/512/512,graph,16,24.1775,17.6490,24.2274,24.1775,
25,8,262144,2048,layered,512/512/512,graph,17,24.4684,16.2442,24.5138,24.4684,
25,8,262144,2048,layered,512/512/512,graph,18,24.0841,18.1981,24.1317,24.0841,
25,8,262144,2048,layered,512/512/512,graph,19,24.2338,16.2442,24.2795,24.2338,
25,8,262144,2048,layered,512/512/512,graph,20,24.0055,17.9235,24.0547,24.0055,
25,8,262144,2048,layered,512/512/512,graph,21,24.3835,16.2442,24.4276,24.3835,
25,8,262144,2048,layered,512/512/512,graph,22,24.2128,17.6490,24.2593,24.2128,
25,8,262144,2048,layered,512/512/512,graph,23,24.2630,17.3425,24.3099,24.2630,
25,8,262144,2048,layered,512/512/512,graph,24,24.2290,17.3744,24.2754,24.2290,
25,8,262144,2048,layered,512/512/512,graph,25,23.9578,16.7615,24.0274,23.9578,
25,8,262144,2048,layered,512/512/512,graph,26,24.2068,17.3744,24.2539,24.2068,
25,8,262144,2048,layered,512/512/512,graph,27,23.9159,17.6171,23.9664,23.9159,
25,8,262144,2048,layered,512/512/512,graph,28,24.2142,17.3744,24.2623,24.2142,
25,8,262144,2048,layered,512/512/512,graph,29,24.2073,16.2442,24.2527,24.2073,
25,8,262144,2048,layered,512/512/512,graph,30,24.2064,17.9235,24.2531,24.2064,
25,8,262144,2048,layered,512/512/512,graph,31,23.8982,16.5188,23.9444,23.8982,
25,8,262144,2048,layered,512/512/512,graph,32,24.0691,17.6490,24.1167,24.0691,
25,8,262144,2048,layered,512/512/512,graph,33,24.0202,16.7934,24.0673,24.0202,
25,8,262144,2048,layered,512/512/512,graph,34,24.2508,17.9235,24.2984,24.2508,
25,8,262144,2048,layered,512/512/512,graph,35,23.8603,16.4869,23.9080,23.8603,
25,8,262144,2048,layered,512/512/512,graph,36,24.0691,17.6490,24.1180,24.0691,
25,8,262144,2048,layered,512/512/512,graph,37,24.2002,17.0679,24.2498,24.2002,
25,8,262144,2048,layered,512/512/512,graph,38,24.2872,17.6490,24.3399,24.2872,
25,8,262144,2048,layered,512/512/512,graph,39,24.0638,16.7934,24.1122,24.0638,
25,8,262144,2048,layered,512/512/512,graph,40,23.7760,17.6490,23.8300,23.7760,
25,8,262144,2048,layered,512/512/512,graph,41,24.0713,16.2124,24.1160,24.0713,
25,8,262144,2048,layered,512/512/512,graph,42,23.9982,18.4727,24.0401,23.9982,
25,8,262144,2048,layered,512/512/512,graph,43,24.2020,15.9696,24.2525,24.2020,
25,8,262144,2048,layered,512/512/512,graph,44,23.9926,17.9235,24.0479,23.9926,
25,8,262144,2048,layered,512/512/512,graph,45,23.9193,16.2442,23.9705,23.9193,
25,8,262144,2048,layered,512/512/512,graph,46,23.9407,17.9235,23.9904,23.9407,
25,8,262144,2048,layered,512/512/512,graph,47,23.5548,16.7615,23.6015,23.5548,
25,8,262144,2048,layered,512/512/512,graph,48,24.2364,17.3744,24.2826,24.2364,
25,8,262144,2048,layered,512/512/512,graph,49,23.9491,17.3425,23.9981,23.9491,
25,8,262144,2048,layered,512/512/512,graph,50,23.9720,17.3425,24.0239,23.9720,
25,8,262144,2048,layered,512/512/512,graph,51,23.9339,17.0679,23.9898,23.9339,
25,8,262144,2048,layered,512/512/512,graph,52,23.8182,17.6171,23.8692,23.8182,
25,8,262144,2048,layered,512/512/512,graph,53,23.7043,16.7934,23.7518,23.7043,
25,8,262144,2048,layered,512/512/512,graph,54,24.1861,17.0998,24.2356,24.1861,
25,8,262144,2048,layered,512/512/512,graph,55,23.7854,16.7934,23.8309,23.7854,
25,8,262144,2048,layered,512/512/512,graph,56,23.9684,17.6171,24.0128,23.9684,
25,8,262144,2048,layered,512/512/512,graph,57,23.6462,16.7934,23.6932,23.6462,
25,8,262144,2048,layered,512/512/512,graph,58,24.0563,17.3744,24.1123,24.0563,
25,8,262144,2048,layered,512/512/512,graph,59,23.8186,16.5188,23.8707,23.8186,
25,8,262144,2048,layered,512/512/512,graph,60,24.1545,17.0998,24.2094,24.1545,
25,8,262144,2048,layered,512/512/512,graph,61,23.9718,17.0679,24.0232,23.9718,
25,8,262144,2048,layered,512/512/512,graph,62,24.0381,17.0998,24.0891,24.0381,
25,8,262144,2048,layered,512/512/512,graph,63,24.1315,16.7934,24.1800,24.1315,
25,8,262144,2048,layered,512/512/512,graph,64,23.8404,18.1663,23.8889,23.8404,
25,8,262144,2048,layered,512/512/512,graph,65,24.1107,17.0679,24.1588,24.1107,
25,8,262144,2048,layered,512/512/512,graph,66,23.8587,16.8252,23.9060,23.8587,
25,8,262144,2048,layered,512/512/512,graph,67,24.1066,16.7934,24.1533,24.1066,
25,8,262144,2048,layered,512/512/512,graph,68,23.6659,17.3425,23.7110,23.6659,
25,8,262144,2048,layered,512/512/512,graph,69,23.9780,17.3425,24.0246,23.9780,
25,8,262144,2048,layered,512/512/512,graph,70,23.6804,16.5506,23.7269,23.6804,
25,8,262144,2048,layered,512/512/512,graph,71,24.2876,16.5188,24.3322,24.2876,
25,8,262144,2048,layered,512/512/512,graph,72,23.1046,17.6171,23.1503,23.1046,
25,8,262144,2048,layered,512/512/512,graph,73,24.1859,17.0679,24.2311,24.1859,
25,8,262144,2048,layered,512/512/512,graph,74,23.8147,16.5506,23.8656,23.8147,
25,8,262144,2048,layered,512/512/512,graph,75,23.8368,16.5188,23.8874,23.8368,
25,8,262144,2048,layered,512/512/512,graph,76,23.0795,17.6171,23.1272,23.0795,
25,8,262144,2048,layered,512/512/512,graph,77,24.0989,17.0679,24.1509,24.0989,
25,8,262144,2048,layered,512/512/512,graph,78,24.1642,17.3744,24.2177,24.1642,
25,8,262144,2048,layered,512/512/512,graph,79,23.8112,16.5188,23.8601,23.8112,
25,8,262144,2048,layered,512/512/512,graph,80,24.1228,17.0998,24.1710,24.1228,
25,8,262144,2048,layered,512/512/512,graph,81,23.6476,16.5188,23.6930,23.6476,
25,8,262144,2048,layered,512/512/512,graph,82,23.9849,16.8252,24.0291,23.9849,
25,8,262144,2048,layered,512/512/512,graph,83,23.7212,16.7934,23.7719,23.7212,
25,8,262144,2048,layered,512/512/512,graph,84,23.8491,17.6171,23.8946,23.8491,
25,8,262144,2048,layered,512/512/512,graph,85,23.6882,16.7934,23.7330,23.6882,
25,8,262144,2048,layered,512/512/512,graph,86,23.8083,17.3425,23.8533,23.8083,
25,8,262144,2048,layered,512/512/512,graph,87,23.5577,17.0679,23.6033,23.5577,
25,8,262144,2048,layered,512/512/512,graph,88,24.2632,16.8252,24.3088,24.2632,
25,8,262144,2048,layered,512/512/512,graph,89,23.9506,16.5188,23.9943,23.9506,
25,8,262144,2048,layered,512/512/512,graph,90,24.0952,16.8252,24.1440,24.0952,
25,8,262144,2048,layered,512/512/512,graph,91,24.0270,17.0679,24.0745,24.0270,
25,8,262144,2048,layered,512/512/512,graph,92,23.7962,17.6171,23.8422,23.7962,
25,8,262144,2048,layered,512/512/512,graph,93,24.0222,17.0679,24.0693,24.0222,
25,8,262144,2048,layered,512/512/512,graph,94,23.6822,17.3425,23.7269,23.6822,
25,8,262144,2048,layered,512/512/512,graph,95,23.8645,17.0679,23.9091,23.8645,
25,8,262144,2048,layered,512/512/512,graph,96,24.1335,16.5506,24.1784,24.1335,
25,8,262144,2048,layered,512/512/512,graph,97,23.9029,17.0679,23.9547,23.9029,
25,8,262144,2048,layered,512/512/512,graph,98,24.1331,17.0998,24.1822,24.1331,
25,8,262144,2048,layered,512/512/512,graph,99,24.1624,17.0679,24.2096,24.1624,
25,8,262144,2048,layered,512/512/512,graph,100,23.6857,17.8917,23.7318,23.6857,
25,8,262144,2048,layered,512/512/512,graph,101,24.3021,17.3425,24.3460,24.3021,
25,8,262144,2048,layered,512/512/512,graph,102,24.0668,17.8917,24.1122,24.0668,
25,8,262144,2048,layered,512/512/512,graph,103,24.2060,17.3425,24.2506,24.2060,
25,8,262144,2048,layered,512/512/512,graph,104,24.2163,16.5506,24.2634,24.2163,
25,8,262144,2048,layered,512/512/512,graph,105,23.8861,17.3425,23.9342,23.8861,
25,8,262144,2048,layered,512/512/512,graph,106,24.3844,16.5506,24.4304,24.3844,
25,8,262144,2048,layered,512/512/512,graph,107,24.1265,17.3425,24.1693,24.1265,
25,8,262144,2048,layered,512/512/512,graph,108,24.0173,17.6171,24.0642,24.0173,
25,8,262144,2048,layered,512/512/512,graph,109,23.9257,16.5506,23.9731,23.9257,
25,8,262144,2048,layered,512/512/512,graph,110,23.1975,17.8599,23.2432,23.1975,
25,8,262144,2048,layered,512/512/512,graph,111,23.6099,17.8917,23.6533,23.6099,
25,8,262144,2048,layered,512/512/512,graph,112,24.2266,17.3425,24.2715,24.2266,
25,8,262144,2048,layered,512/512/512,graph,113,23.9811,16.8252,24.0264,23.9811,
25,8,262144,2048,layered,512/512/512,graph,114,24.2246,16.0014,24.2714,24.2246,
25,8,262144,2048,layered,512/512/512,graph,115,24.0496,17.6171,24.0963,24.0496,
25,8,262144,2048,layered,512/512/512,graph,116,24.1174,17.3425,24.1631,24.1174,
25,8,262144,2048,layered,512/512/512,graph,117,24.3493,16.2760,24.3946,24.3493,
25,8,262144,2048,layered,512/512/512,graph,118,22.3382,18.1345,22.3825,22.3382,
25,8,262144,2048,layered,512/512/512,graph,119,24.0944,17.3425,24.1392,24.0944,
25,8,262144,2048,layered,512/512/512,graph,120,24.1370,16.8252,24.1860,24.1370,
25,8,262144,2048,layered,512/512/512,graph,121,24.2540,17.3425,24.2989,24.2540,
25,8,262144,2048,layered,512/512/512,graph,122,24.1768,16.5506,24.2229,24.1768,
25,8,262144,2048,layered,512/512/512,graph,123,23.8681,17.6171,23.9134,23.8681,
25,8,262144,2048,layered,512/512/512,graph,124,23.9003,17.3425,23.9435,23.9003,
25,8,262144,2048,layered,512/512/512,graph,125,24.3193,16.2760,24.3651,24.3193,
25,8,262144,2048,layered,512/512/512,graph,126,23.7857,18.1663,23.8291,23.7857,
25,8,262144,2048,layered,512/512/512,graph,127,24.0459,17.6171,24.0898,24.0459,
25,8,262144,2048,layered,512/512/512,graph,128,24.0658,16.5506,24.1132,24.0658,
25,8,262144,2048,layered,512/512/512,graph,129,24.3012,17.6171,24.3454,24.3012,
25,8,262144,2048,layered,512/512/512,graph,130,24.1224,16.8252,24.1651,24.1224,
25,8,262144,2048,layered,512/512/512,graph,131,24.1098,16.7934,24.1519,24.1098,
25,8,262144,2048,layered,512/512/512,graph,132,24.1245,17.8917,24.1688,24.1245,
25,8,262144,2048,layered,512/512/512,graph,133,24.0234,16.2760,24.0701,24.0234,
25,8,262144,2048,layered,512/512/512,graph,134,23.2628,18.1345,23.3069,23.2628,
25,8,262144,2048,layered,512/512/512,graph,135,23.9114,17.8917,23.9585,23.9114,
25,8,262144,2048,layered,512/512/512,graph,136,24.1268,17.0679,24.1701,24.1268,
25,8,262144,2048,layered,512/512/512,graph,137,23.8959,17.3425,23.9395,23.8959,
25,8,262144,2048,layered,512/512/512,graph,138,24.0671,16.2760,24.1128,24.0671,
25,8,262144,2048,layered,512/512/512,graph,139,23.7779,18.1663,23.8225,23.7779,
25,8,262144,2048,layered,512/512/512,graph,140,24.1735,16.5188,24.2158,24.1735,
25,8,262144,2048,layered,512/512/512,graph,141,24.3442,16.8252,24.4289,24.3442,
25,8,262144,2048,layered,512/512/512,graph,142,24.0417,17.6171,24.0862,24.0417,
25,8,262144,2048,layered,512/512/512,graph,143,24.0418,17.6171,24.0870,24.0418,
25,8,262144,2048,layered,512/512/512,graph,144,23.9336,17.0679,23.9778,23.9336,
25,8,262144,2048,layered,512/512/512,graph,145,24.0236,17.8917,24.0687,24.0236,
25,8,262144,2048,layered,512/512/512,graph,146,23.9399,16.2760,23.9862,23.9399,
25,8,262144,2048,layered,512/512/512,graph,147,24.4300,17.8917,24.4747,24.4300,
25,8,262144,2048,layered,512/512/512,graph,148,23.6812,17.0679,23.7294,23.6812,
25,8,262144,2048,layered,512/512/512,graph,149,23.8390,16.5506,23.8940,23.8390,
25,8,262144,2048,layered,512/512/512,graph,150,23.9897,17.6171,24.0368,23.9897,
25,8,262144,2048,layered,512/512/512,graph,151,24.1426,16.5506,24.1892,24.1426,
25,8,262144,2048,layered,512/512/512,graph,152,23.6420,16.7934,23.6866,23.6420,
25,8,262144,2048,layered,512/512/512,graph,153,24.2030,16.5506,24.2494,24.2030,
25,8,262144,2048,layered,512/512/512,graph,154,23.7369,17.0679,23.7815,23.7369,
25,8,262144,2048,layered,512/512/512,graph,155,22.2996,17.8599,22.3440,22.2996,
25,8,262144,2048,layered,512/512/512,graph,156,23.9948,17.0679,24.0379,23.9948,
25,8,262144,2048,layered,512/512/512,graph,157,23.6212,17.6171,23.6653,23.6212,
25,8,262144,2048,layered,512/512/512,graph,158,24.1499,17.3425,24.1933,24.1499,
25,8,262144,2048,layered,512/512/512,graph,159,24.0329,16.5506,24.0784,24.0329,
25,8,262144,2048,layered,512/512/512,graph,160,24.1519,17.0679,24.1960,24.1519,
25,8,262144,2048,layered,512/512/512,graph,161,23.7543,17.6171,23.8040,23.7543,
25,8,262144,2048,layered,512/512/512,graph,162,23.8583,17.3425,23.9052,23.8583,
25,8,262144,2048,layered,512/512/512,graph,163,23.7358,17.6171,23.7810,23.7358,
25,8,262144,2048,layered,512/512/512,graph,164,24.0452,17.0679,24.0907,24.0452,
25,8,262144,2048,layered,512/512/512,graph,165,23.6228,17.3425,23.6666,23.6228,
25,8,262144,2048,layered,512/512/512,graph,166,23.9596,17.0679,24.0174,23.9596,
25,8,262144,2048,layered,512/512/512,graph,167,24.1316,17.0998,24.1791,24.1316,
25,8,262144,2048,layered,512/512/512,graph,168,23.9692,16.5188,24.0148,23.9692,
25,8,262144,2048,layered,512/512/512,graph,169,24.0706,17.0998,24.1154,24.0706,
25,8,262144,2048,layered,512/512/512,graph,170,23.7851,16.2442,23.8281,23.7851,
25,8,262144,2048,layered,512/512/512,graph,171,24.0751,16.8252,24.1194,24.0751,
25,8,262144,2048,layered,512/512/512,graph,172,23.7260,16.5188,23.7691,23.7260,
25,8,262144,2048,layered,512/512/512,graph,173,23.2988,17.8917,23.3433,23.2988,
25,8,262144,2048,layered,512/512/512,graph,174,24.1050,16.7934,24.1495,24.1050,
25,8,262144,2048,layered,512/512/512,graph,175,24.1977,16.8252,24.2421,24.1977,
25,8,262144,2048,layered,512/512/512,graph,176,23.8209,17.0679,23.8652,23.8209,
25,8,262144,2048,layered,512/512/512,graph,177,24.2317,17.3744,24.2830,24.2317,
25,8,262144,2048,layered,512/512/512,graph,178,23.7617,16.2442,23.8086,23.7617,
25,8,262144,2048,layered,512/512/512,graph,179,23.9251,17.0998,23.9698,23.9251,
25,8,262144,2048,layered,512/512/512,graph,180,23.7850,16.5188,23.8287,23.7850,
25,8,262144,2048,layered,512/512/512,graph,181,23.7133,17.8917,23.7571,23.7133,
25,8,262144,2048,layered,512/512/512,graph,182,23.9606,16.5188,24.0047,23.9606,
25,8,262144,2048,layered,512/512/512,graph,183,24.2002,17.3744,24.2456,24.2002,
25,8,262144,2048,layered,512/512/512,graph,184,24.0300,16.2442,24.0784,24.0300,
25,8,262144,2048,layered,512/512/512,graph,185,23.9647,17.3744,24.0168,23.9647,
25,8,262144,2048,layered,512/512/512,graph,186,22.9637,17.0361,23.0077,22.9637,
25,8,262144,2048,layered,512/512/512,graph,187,24.0502,17.0998,24.0954,24.0502,
25,8,262144,2048,layered,512/512/512,graph,188,23.8582,16.5188,23.9065,23.8582,
25,8,262144,2048,layered,512/512/512,graph,189,23.5972,18.1663,23.6482,23.5972,
25,8,262144,2048,layered,512/512/512,graph,190,24.1777,16.5188,24.2233,24.1777,
25,8,262144,2048,layered,512/512/512,graph,191,23.8299,17.3744,23.8772,23.8299,
25,8,262144,2048,layered,512/512/512,graph,192,24.0593,16.2442,24.1046,24.0593,
25,8,262144,2048,layered,512/512/512,graph,193,23.9328,17.6490,23.9800,23.9328,
25,8,262144,2048,layered,512/512/512,graph,194,22.9948,16.7615,23.0391,22.9948,
25,8,262144,2048,layered,512/512/512,graph,195,23.7868,17.6490,23.8307,23.7868,
25,8,262144,2048,layered,512/512/512,graph,196,24.1931,16.5188,24.2370,24.1931,
25,8,262144,2048,layered,512/512/512,graph,197,23.7747,18.1663,23.8234,23.7747,
25,8,262144,2048,layered,512/512/512,graph,198,23.8980,16.5188,23.9453,23.8980,
25,8,262144,2048,layered,512/512/512,graph,199,24.0436,17.0998,24.0919,24.0436,
25,8,262144,2048,layered,2048/2048/2048,graph,0,21.2100,15.0503,21.3353,21.2100,
25,8,262144,2048,layered,2048/2048/2048,graph,1,21.2492,15.0503,21.2953,21.2492,
25,8,262144,2048,layered,2048/2048/2048,graph,2,21.6573,15.0503,21.7065,21.6573,
25,8,262144,2048,layered,2048/2048/2048,graph,3,21.6566,15.0503,21.7025,21.6566,
25,8,262144,2048,layered,2048/2048/2048,graph,4,21.6607,15.0503,21.7060,21.6607,
25,8,262144,2048,layered,2048/2048/2048,graph,5,21.6771,15.0503,21.7268,21.6771,
25,8,262144,2048,layered,2048/2048/2048,graph,6,21.6631,15.0503,21.7164,21.6631,
25,8,262144,2048,layered,2048/2048/2048,graph,7,21.6598,15.0503,21.7121,21.6598,
25,8,262144,2048,layered,2048/2048/2048,graph,8,21.6680,15.0503,21.7153,21.6680,
25,8,262144,2048,layered,2048/2048/2048,graph,9,21.7352,15.0503,21.7892,21.7352,
25,8,262144,2048,layered,2048/2048/2048,graph,10,21.7549,15.0503,21.8031,21.7549,
25,8,262144,2048,layered,2048/2048/2048,graph,11,21.8163,15.0503,21.8618,21.8163,
25,8,262144,2048,layered,2048/2048/2048,graph,12,21.8018,15.0503,21.8476,21.8018,
25,8,262144,2048,layered,2048/2048/2048,graph,13,21.9066,15.0503,21.9537,21.9066,
25,8,262144,2048,layered,2048/2048/2048,graph,14,21.8827,15.0503,21.9272,21.8827,
25,8,262144,2048,layered,2048/2048/2048,graph,15,21.9003,15.0503,21.9453,21.9003,
25,8,262144,2048,layered,2048/2048/2048,graph,16,21.9034,15.0503,21.9485,21.9034,
25,8,262144,2048,layered,2048/2048/2048,graph,17,21.9112,15.0503,21.9569,21.9112,
25,8,262144,2048,layered,2048/2048/2048,graph,18,21.9078,15.0503,21.9554,21.9078,
25,8,262144,2048,layered,2048/2048/2048,graph,19,21.8411,15.0503,21.8882,21.8411,
25,8,262144,2048,layered,2048/2048/2048,graph,20,21.8653,15.0503,21.9191,21.8653,
25,8,262144,2048,layered,2048/2048/2048,graph,21,21.7778,15.0503,21.8226,21.7778,
25,8,262144,2048,layered,2048/2048/2048,graph,22,21.7509,15.0503,21.7985,21.7509,
25,8,262144,2048,layered,2048/2048/2048,graph,23,21.6994,15.0503,21.7452,21.6994,
25,8,262144,2048,layered,2048/2048/2048,graph,24,21.6724,15.0503,21.7230,21.6724,
25,8,262144,2048,layered,2048/2048/2048,graph,25,21.6807,15.0503,21.7295,21.6807,
25,8,262144,2048,layered,2048/2048/2048,graph,26,21.6569,15.0503,21.7038,21.6569,
25,8,262144,2048,layered,2048/2048/2048,graph,27,21.6744,15.0503,21.7210,21.6744,
25,8,262144,2048,layered,2048/2048/2048,graph,28,21.6612,15.0503,21.7076,21.6612,
25,8,262144,2048,layered,2048/2048/2048,graph,29,21.7519,15.0503,21.7985,21.7519,
25,8,262144,2048,layered,2048/2048/2048,graph,30,21.7201,15.0503,21.7669,21.7201,
25,8,262144,2048,layered,2048/2048/2048,graph,31,21.8001,15.0503,21.8456,21.8001,
25,8,262144,2048,layered,2048/2048/2048,graph,32,21.8052,15.0503,21.8509,21.8052,
25,8,262144,2048,layered,2048/2048/2048,graph,33,21.8694,15.0503,21.9139,21.8694,
25,8,262144,2048,layered,2048/2048/2048,graph,34,21.8331,15.0503,21.8775,21.8331,
25,8,262144,2048,layered,2048/2048/2048,graph,35,21.8899,15.0503,21.9349,21.8899,
25,8,262144,2048,layered,2048/2048/2048,graph,36,21.9140,15.0503,21.9650,21.9140,
25,8,262144,2048,layered,2048/2048/2048,graph,37,21.9677,15.0503,22.0214,21.9677,
25,8,262144,2048,layered,2048/2048/2048,graph,38,21.9381,15.0503,21.9857,21.9381,
25,8,262144,2048,layered,2048/2048/2048,graph,39,22.0021,15.0503,22.0519,22.0021,
25,8,262144,2048,layered,2048/2048/2048,graph,40,21.9745,15.0503,22.0205,21.9745,
25,8,262144,2048,layered,2048/2048/2048,graph,41,21.9967,15.0503,22.0434,21.9967,
25,8,262144,2048,layered,2048/2048/2048,graph,42,21.9918,15.0503,22.0371,21.9918,
25,8,262144,2048,layered,2048/2048/2048,graph,43,21.9726,15.0503,22.0280,21.9726,
25,8,262144,2048,layered,2048/2048/2048,graph,44,21.9592,15.0503,22.0090,21.9592,
25,8,262144,2048,layered,2048/2048/2048,graph,45,21.9465,15.0503,21.9925,21.9465,
25,8,262144,2048,layered,2048/2048/2048,graph,46,21.8950,15.0503,21.9458,21.8950,
25,8,262144,2048,layered,2048/2048/2048,graph,47,21.8468,15.0503,21.8983,21.8468,
25,8,262144,2048,layered,2048/2048/2048,graph,48,21.8919,15.0503,21.9409,21.8919,
25,8,262144,2048,layered,2048/2048/2048,graph,49,21.8285,15.0503,21.8748,21.8285,
25,8,262144,2048,layered,2048/2048/2048,graph,50,21.8180,15.0503,21.8635,21.8180,
25,8,262144,2048,layered,2048/2048/2048,graph,51,21.7477,15.0503,21.7938,21.7477,
25,8,262144,2048,layered,2048/2048/2048,graph,52,21.7380,15.0503,21.7834,21.7380,
25,8,262144,2048,layered,2048/2048/2048,graph,53,21.7592,15.0503,21.8039,21.7592,
25,8,262144,2048,layered,2048/2048/2048,graph,54,21.7264,15.0503,21.7719,21.7264,
25,8,262144,2048,layered,2048/2048/2048,graph,55,21.7817,15.0503,21.8265,21.7817,
25,8,262144,2048,layered,2048/2048/2048,graph,56,21.7824,15.0503,21.8281,21.7824,
25,8,262144,2048,layered,2048/2048/2048,graph,57,21.7972,15.0503,21.8419,21.7972,
25,8,262144,2048,layered,2048/2048/2048,graph,58,21.8065,15.0503,21.8531,21.8065,
25,8,262144,2048,layered,2048/2048/2048,graph,59,21.8381,15.0503,21.8848,21.8381,
25,8,262144,2048,layered,2048/2048/2048,graph,60,21.8347,15.0503,21.8798,21.8347,
25,8,262144,2048,layered,2048/2048/2048,graph,61,21.8309,15.0503,21.8759,21.8309,
25,8,262144,2048,layered,2048/2048/2048,graph,62,21.8448,15.0503,21.8909,21.8448,
25,8,262144,2048,layered,2048/2048/2048,graph,63,21.7682,15.0503,21.8129,21.7682,
25,8,262144,2048,layered,2048/2048/2048,graph,64,21.7558,15.0503,21.8006,21.7558,
25,8,262144,2048,layered,2048/2048/2048,graph,65,21.7386,15.0503,21.7837,21.7386,
25,8,262144,2048,layered,2048/2048/2048,graph,66,21.7402,15.0503,21.7863,21.7402,
25,8,262144,2048,layered,2048/2048/2048,graph,67,21.7055,15.0503,21.7508,21.7055,
25,8,262144,2048,layered,2048/2048/2048,graph,68,21.7304,15.0503,21.7768,21.7304,
25,8,262144,2048,layered,2048/2048/2048,graph,69,21.6858,15.0503,21.7360,21.6858,
25,8,262144,2048,layered,2048/2048/2048,graph,70,21.6244,15.0503,21.6728,21.6244,
25,8,262144,2048,layered,2048/2048/2048,graph,71,21.6959,15.0503,21.7434,21.6959,
25,8,262144,2048,layered,2048/2048/2048,graph,72,21.4348,14.7758,21.4799,21.4348,
25,8,262144,2048,layered,2048/2048/2048,graph,73,21.0412,14.7758,21.0872,21.0412,
25,8,262144,2048,layered,2048/2048/2048,graph,74,20.7484,14.5012,20.7949,20.7484,
25,8,262144,2048,layered,2048/2048/2048,graph,75,20.4157,14.5012,20.4614,20.4157,
25,8,262144,2048,layered,2048/2048/2048,graph,76,20.1045,14.2266,20.1514,20.1045,
25,8,262144,2048,layered,2048/2048/2048,graph,77,19.7143,14.2266,19.7599,19.7143,
25,8,262144,2048,layered,2048/2048/2048,graph,78,19.6900,14.2266,19.7351,19.6900,
25,8,262144,2048,layered,2048/2048/2048,graph,79,19.7225,14.2266,19.7677,19.7225,
25,8,262144,2048,layered,2048/2048/2048,graph,80,19.9723,14.5012,20.0185,19.9723,
25,8,262144,2048,layered,2048/2048/2048,graph,81,20.4031,14.5012,20.4484,20.4031,
25,8,262144,2048,layered,2048/2048/2048,graph,82,20.6509,14.7758,20.6956,20.6509,
25,8,262144,2048,layered,2048/2048/2048,graph,83,21.1684,14.7758,21.2134,21.1684,
25,8,262144,2048,layered,2048/2048/2048,graph,84,21.4834,15.0503,21.5281,21.4834,
25,8,262144,2048,layered,2048/2048/2048,graph,85,21.9218,15.0503,21.9666,21.9218,
25,8,262144,2048,layered,2048/2048/2048,graph,86,21.9010,15.0503,21.9498,21.9010,
25,8,262144,2048,layered,2048/2048/2048,graph,87,21.9598,15.0503,22.0054,21.9598,
25,8,262144,2048,layered,2048/2048/2048,graph,88,22.0170,15.0503,22.0621,22.0170,
25,8,262144,2048,layered,2048/2048/2048,graph,89,22.0011,15.0503,22.0478,22.0011,
25,8,262144,2048,layered,2048/2048/2048,graph,90,21.9634,15.0503,22.0100,21.9634,
25,8,262144,2048,layered,2048/2048/2048,graph,91,21.9120,15.0503,21.9578,21.9120,
25,8,262144,2048,layered,2048/2048/2048,graph,92,21.8879,15.0503,21.9328,21.8879,
25,8,262144,2048,layered,2048/2048/2048,graph,93,21.8115,15.0503,21.8578,21.8115,
25,8,262144,2048,layered,2048/2048/2048,graph,94,21.8413,15.0503,21.8935,21.8413,
25,8,262144,2048,layered,2048/2048/2048,graph,95,21.7475,15.0503,21.8013,21.7475,
25,8,262144,2048,layered,2048/2048/2048,graph,96,21.7337,15.0503,21.7800,21.7337,
25,8,262144,2048,layered,2048/2048/2048,graph,97,21.6422,15.0503,21.6874,21.6422,
25,8,262144,2048,layered,2048/2048/2048,graph,98,21.6475,15.0503,21.6929,21.6475,
25,8,262144,2048,layered,2048/2048/2048,graph,99,21.6356,15.0503,21.6809,21.6356,
25,8,262144,2048,layered,2048/2048/2048,graph,100,21.6541,15.0503,21.7002,21.6541,
25,8,262144,2048,layered,2048/2048/2048,graph,101,21.6636,15.0503,21.7094,21.6636,
25,8,262144,2048,layered,2048/2048/2048,graph,102,21.6575,15.0503,21.7025,21.6575,
25,8,262144,2048,layered,2048/2048/2048,graph,103,21.7092,15.0503,21.7560,21.7092,
25,8,262144,2048,layered,2048/2048/2048,graph,104,21.6843,15.0503,21.7296,21.6843,
25,8,262144,2048,layered,2048/2048/2048,graph,105,21.7362,15.0503,21.7815,21.7362,
25,8,262144,2048,layered,2048/2048/2048,graph,106,21.7362,15.0503,21.7803,21.7362,
25,8,262144,2048,layered,2048/2048/2048,graph,107,21.8212,15.0503,21.8635,21.8212,
25,8,262144,2048,layered,2048/2048/2048,graph,108,21.8029,15.0503,21.8482,21.8029,
25,8,262144,2048,layered,2048/2048/2048,graph,109,21.9262,15.0503,21.9716,21.9262,
25,8,262144,2048,layered,2048/2048/2048,graph,110,21.8908,15.0503,21.9518,21.8908,
25,8,262144,2048,layered,2048/2048/2048,graph,111,21.9025,15.0503,21.9474,21.9025,
25,8,262144,2048,layered,2048/2048/2048,graph,112,21.9155,15.0503,21.9605,21.9155,
25,8,262144,2048,layered,2048/2048/2048,graph,113,21.9109,15.0503,21.9569,21.9109,
25,8,262144,2048,layered,2048/2048/2048,graph,114,21.9136,15.0503,21.9640,21.9136,
25,8,262144,2048,layered,2048/2048/2048,graph,115,21.8177,15.0503,21.8628,21.8177,
25,8,262144,2048,layered,2048/2048/2048,graph,116,21.8409,15.0503,21.8863,21.8409,
25,8,262144,2048,layered,2048/2048/2048,graph,117,21.7526,15.0503,21.7980,21.7526,
25,8,262144,2048,layered,2048/2048/2048,graph,118,21.7201,15.0503,21.7665,21.7201,
25,8,262144,2048,layered,2048/2048/2048,graph,119,21.7070,15.0503,21.7516,21.7070,
25,8,262144,2048,layered,2048/2048/2048,graph,120,21.7038,15.0503,21.7561,21.7038,
25,8,262144,2048,layered,2048/2048/2048,graph,121,21.6482,15.0503,21.6999,21.6482,
25,8,262144,2048,layered,2048/2048/2048,graph,122,21.6414,15.0503,21.6911,21.6414,
25,8,262144,2048,layered,2048/2048/2048,graph,123,21.6925,15.0503,21.7408,21.6925,
25,8,262144,2048,layered,2048/2048/2048,graph,124,21.6602,15.0503,21.7083,21.6602,
25,8,262144,2048,layered,2048/2048/2048,graph,125,21.7295,15.0503,21.7771,21.7295,
25,8,262144,2048,layered,2048/2048/2048,graph,126,21.7452,15.0503,21.7907,21.7452,
25,8,262144,2048,layered,2048/2048/2048,graph,127,21.7706,15.0503,21.8212,21.7706,
25,8,262144,2048,layered,2048/2048/2048,graph,128,21.8075,15.0503,21.8608,21.8075,
25,8,262144,2048,layered,2048/2048/2048,graph,129,21.8242,15.0503,21.8768,21.8242,
25,8,262144,2048,layered,2048/2048/2048,graph,130,21.8266,15.0503,21.9047,21.8266,
25,8,262144,2048,layered,2048/2048/2048,graph,131,21.8976,15.0503,21.9455,21.8976,
25,8,262144,2048,layered,2048/2048/2048,graph,132,21.8767,15.0503,21.9236,21.8767,
25,8,262144,2048,layered,2048/2048/2048,graph,133,21.9453,15.0503,21.9903,21.9453,
25,8,262144,2048,layered,2048/2048/2048,graph,134,21.9418,15.0503,21.9880,21.9418,
25,8,262144,2048,layered,2048/2048/2048,graph,135,22.0076,15.0503,22.0563,22.0076,
25,8,262144,2048,layered,2048/2048/2048,graph,136,21.9829,15.0503,22.0313,21.9829,
25,8,262144,2048,layered,2048/2048/2048,graph,137,22.0341,15.0503,22.0835,22.0341,
25,8,262144,2048,layered,2048/2048/2048,graph,138,21.9926,15.0503,22.0425,21.9926,
25,8,262144,2048,layered,2048/2048/2048,graph,139,21.9636,15.0503,22.0101,21.9636,
25,8,262144,2048,layered,2048/2048/2048,graph,140,22.0010,15.0503,22.0488,22.0010,
25,8,262144,2048,layered,2048/2048/2048,graph,141,21.9201,15.0503,21.9659,21.9201,
25,8,262144,2048,layered,2048/2048/2048,graph,142,21.8992,15.0503,21.9438,21.8992,
25,8,262144,2048,layered,2048/2048/2048,graph,143,21.8582,15.0503,21.9037,21.8582,
25,8,262144,2048,layered,2048/2048/2048,graph,144,21.8963,15.0503,21.9414,21.8963,
25,8,262144,2048,layered,2048/2048/2048,graph,145,21.8154,15.0503,21.8608,21.8154,
25,8,262144,2048,layered,2048/2048/2048,graph,146,21.7939,15.0503,21.8404,21.7939,
25,8,262144,2048,layered,2048/2048/2048,graph,147,21.7538,15.0503,21.8003,21.7538,
25,8,262144,2048,layered,2048/2048/2048,graph,148,21.7402,15.0503,21.7851,21.7402,
25,8,262144,2048,layered,2048/2048/2048,graph,149,21.7555,15.0503,21.8006,21.7555,
25,8,262144,2048,layered,2048/2048/2048,graph,150,21.7444,15.0503,21.7907,21.7444,
25,8,262144,2048,layered,2048/2048/2048,graph,151,21.7803,15.0503,21.8274,21.7803,
25,8,262144,2048,layered,2048/2048/2048,graph,152,21.7605,15.0503,21.8136,21.7605,
25,8,262144,2048,layered,2048/2048/2048,graph,153,21.8278,15.0503,21.8771,21.8278,
25,8,262144,2048,layered,2048/2048/2048,graph,154,21.7982,15.0503,21.8473,21.7982,
25,8,262144,2048,layered,2048/2048/2048,graph,155,21.8531,15.0503,21.9002,21.8531,
25,8,262144,2048,layered,2048/2048/2048,graph,156,21.8402,15.0503,21.8872,21.8402,
25,8,262144,2048,layered,2048/2048/2048,graph,157,21.8407,15.0503,21.8850,21.8407,
25,8,262144,2048,layered,2048/2048/2048,graph,158,21.8209,15.0503,21.8672,21.8209,
25,8,262144,2048,layered,2048/2048/2048,graph,159,21.7993,15.0503,21.8452,21.7993,
25,8,262144,2048,layered,2048/2048/2048,graph,160,21.7508,15.0503,21.7964,21.7508,
25,8,262144,2048,layered,2048/2048/2048,graph,161,21.7717,15.0503,21.8164,21.7717,
25,8,262144,2048,layered,2048/2048/2048,graph,162,21.7284,15.0503,21.7733,21.7284,
25,8,262144,2048,layered,2048/2048/2048,graph,163,21.6961,15.0503,21.7430,21.6961,
25,8,262144,2048,layered,2048/2048/2048,graph,164,21.6946,15.0503,21.7447,21.6946,
25,8,262144,2048,layered,2048/2048/2048,graph,165,21.6720,15.0503,21.7193,21.6720,
25,8,262144,2048,layered,2048/2048/2048,graph,166,21.6515,15.0503,21.6974,21.6515,
25,8,262144,2048,layered,2048/2048/2048,graph,167,21.6787,15.0503,21.7244,21.6787,
25,8,262144,2048,layered,2048/2048/2048,graph,168,21.4484,14.7758,21.4938,21.4484,
25,8,262144,2048,layered,2048/2048/2048,graph,169,21.0303,14.7758,21.0765,21.0303,
25,8,262144,2048,layered,2048/2048/2048,graph,170,20.8078,14.5012,20.8571,20.8078,
25,8,262144,2048,layered,2048/2048/2048,graph,171,20.3904,14.5012,20.4407,20.3904,
25,8,262144,2048,layered,2048/2048/2048,graph,172,20.1172,14.2266,20.1620,20.1172,
25,8,262144,2048,layered,2048/2048/2048,graph,173,19.7451,14.2266,19.7912,19.7451,
25,8,262144,2048,layered,2048/2048/2048,graph,174,19.7848,14.2266,19.8303,19.7848,
25,8,262144,2048,layered,2048/2048/2048,graph,175,19.7818,14.2266,19.8263,19.7818,
25,8,262144,2048,layered,2048/2048/2048,graph,176,19.9577,14.5012,20.0074,19.9577,
25,8,262144,2048,layered,2048/2048/2048,graph,177,20.4189,14.5012,20.4653,20.4189,
25,8,262144,2048,layered,2048/2048/2048,graph,178,20.6522,14.7758,20.6987,20.6522,
25,8,262144,2048,layered,2048/2048/2048,graph,179,21.1636,14.7758,21.2124,21.1636,
25,8,262144,2048,layered,2048/2048/2048,graph,180,21.4033,15.0503,21.4476,21.4033,
25,8,262144,2048,layered,2048/2048/2048,graph,181,21.9363,15.0503,21.9809,21.9363,
25,8,262144,2048,layered,2048/2048/2048,graph,182,21.9165,15.0503,21.9628,21.9165,
25,8,262144,2048,layered,2048/2048/2048,graph,183,21.9605,15.0503,22.0060,21.9605,
25,8,262144,2048,layered,2048/2048/2048,graph,184,21.9630,15.0503,22.0137,21.9630,
25,8,262144,2048,layered,2048/2048/2048,graph,185,21.9698,15.0503,22.0161,21.9698,
25,8,262144,2048,layered,2048/2048/2048,graph,186,21.9645,15.0503,22.0109,21.9645,
25,8,262144,2048,layered,2048/2048/2048,graph,187,21.9276,15.0503,21.9726,21.9276,
25,8,262144,2048,layered,2048/2048/2048,graph,188,21.9139,15.0503,21.9596,21.9139,
25,8,262144,2048,layered,2048/2048/2048,graph,189,21.8108,15.0503,21.8603,21.8108,
25,8,262144,2048,layered,2048/2048/2048,graph,190,21.8030,15.0503,21.8555,21.8030,
25,8,262144,2048,layered,2048/2048/2048,graph,191,21.7633,15.0503,21.8129,21.7633,
25,8,262144,2048,layered,2048/2048/2048,graph,192,21.7450,15.0503,21.7932,21.7450,
25,8,262144,2048,layered,2048/2048/2048,graph,193,21.6689,15.0503,21.7154,21.6689,
25,8,262144,2048,layered,2048/2048/2048,graph,194,21.6657,15.0503,21.7120,21.6657,
25,8,262144,2048,layered,2048/2048/2048,graph,195,21.6281,15.0503,21.6728,21.6281,
25,8,262144,2048,layered,2048/2048/2048,graph,196,21.6401,15.0503,21.6915,21.6401,
25,8,262144,2048,layered,2048/2048/2048,graph,197,21.6796,15.0503,21.7247,21.6796,
25,8,262144,2048,layered,2048/2048/2048,graph,198,21.6442,15.0503,21.6898,21.6442,
25,8,262144,2048,layered,2048/2048/2048,graph,199,21.6726,15.0503,21.7181,21.6726,
25,8,262144,2048,layered,256/256/256,graph,0,23.3105,19.0537,23.3586,23.3105,
25,8,262144,2048,layered,256/256/256,graph,1,23.3758,20.1839,23.4208,23.3758,
25,8,262144,2048,layered,256/256/256,graph,2,23.2469,19.3283,23.2906,23.2469,
25,8,262144,2048,layered,256/256/256,graph,3,23.6725,19.6666,23.7161,23.6725,
25,8,262144,2048,layered,256/256/256,graph,4,23.9257,18.5364,23.9686,23.9257,
25,8,262144,2048,layered,256/256/256,graph,5,23.4008,19.9412,23.4457,23.4008,
25,8,262144,2048,layered,256/256/256,graph,6,23.2267,18.7791,23.2700,23.2267,
25,8,262144,2048,layered,256/256/256,graph,7,23.6740,19.6666,23.7179,23.6740,
25,8,262144,2048,layered,256/256/256,graph,8,23.8154,18.2618,23.8584,23.8154,
25,8,262144,2048,layered,256/256/256,graph,9,23.1528,20.1839,23.1952,23.1528,
25,8,262144,2048,layered,256/256/256,graph,10,22.4900,19.2965,22.5342,22.4900,
25,8,262144,2048,layered,256/256/256,graph,11,23.6292,20.4585,23.6720,23.6292,
25,8,262144,2048,layered,256/256/256,graph,12,23.5892,18.8110,23.6351,23.5892,
25,8,262144,2048,layered,256/256/256,graph,13,23.6567,19.3920,23.7000,23.6567,
25,8,262144,2048,layered,256/256/256,graph,14,23.0396,18.5046,23.0849,23.0396,
25,8,262144,2048,layered,256/256/256,graph,15,23.4492,19.9412,23.5071,23.4492,
25,8,262144,2048,layered,256/256/256,graph,16,23.7496,18.0190,23.7978,23.7496,
25,8,262144,2048,layered,256/256/256,graph,17,23.4699,19.3601,23.5150,23.4699,
25,8,262144,2048,layered,256/256/256,graph,18,21.8971,19.5711,21.9435,21.8971,
25,8,262144,2048,layered,256/256/256,graph,19,22.6764,19.8775,22.7196,22.6764,
25,8,262144,2048,layered,256/256/256,graph,20,23.6760,19.3601,23.7203,23.6760,
25,8,262144,2048,layered,256/256/256,graph,21,23.7195,19.6347,23.7620,23.7195,
25,8,262144,2048,layered,256/256/256,graph,22,23.6985,19.3601,23.7426,23.6985,
25,8,262144,2048,layered,256/256/256,graph,23,23.6569,19.1174,23.7018,23.6569,
25,8,262144,2048,layered,256/256/256,graph,24,23.4303,18.5364,23.4727,23.4303,
25,8,262144,2048,layered,256/256/256,graph,25,23.9117,19.1174,23.9633,23.9117,
25,8,262144,2048,layered,256/256/256,graph,26,22.7742,19.0537,22.8207,22.7742,
25,8,262144,2048,layered,256/256/256,graph,27,22.7527,20.4267,22.7998,22.7527,
25,8,262144,2048,layered,256/256/256,graph,28,23.1905,19.0537,23.2359,23.1905,
25,8,262144,2048,layered,256/256/256,graph,29,23.4598,20.1839,23.5110,23.4598,
25,8,262144,2048,layered,256/256/256,graph,30,23.7243,18.8110,23.7708,23.7243,
25,8,262144,2048,layered,256/256/256,graph,31,23.6843,19.6666,23.7310,23.6843,
25,8,262144,2048,layered,256/256/256,graph,32,23.8504,18.5364,23.8961,23.8504,
25,8,262144,2048,layered,256/256/256,graph,33,23.4778,19.3920,23.5215,23.4778,
25,8,262144,2048,layered,256/256/256,graph,34,23.0706,18.7791,23.1161,23.0706,
25,8,262144,2048,layered,256/256/256,graph,35,22.5517,20.4267,22.5957,22.5517,
25,8,262144,2048,layered,256/256/256,graph,36,23.3890,19.3283,23.4320,23.3890,
25,8,262144,2048,layered,256/256/256,graph,37,23.5256,19.6666,23.5696,23.5256,
25,8,262144,2048,layered,256/256/256,graph,38,23.2453,18.7791,23.2884,23.2453,
25,8,262144,2048,layered,256/256/256,graph,39,23.7062,19.3920,23.7501,23.7062,
25,8,262144,2048,layered,256/256/256,graph,40,23.3782,19.0856,23.4221,23.3782,
25,8,262144,2048,layered,256/256/256,graph,41,23.8665,19.3920,23.9111,23.8665,
25,8,262144,2048,layered,256/256/256,graph,42,23.7654,18.5364,23.8068,23.7654,
25,8,262144,2048,layered,256/256/256,graph,43,23.3292,20.1839,23.3732,23.3292,
25,8,262144,2048,layered,256/256/256,graph,44,22.4643,19.2965,22.5077,22.4643,
25,8,262144,2048,layered,256/256/256,graph,45,23.8315,19.9412,23.8757,23.8315,
25,8,262144,2048,layered,256/256/256,graph,46,23.3714,19.0537,23.4239,23.3714,
25,8,262144,2048,layered,256/256/256,graph,47,23.6795,19.6666,23.7256,23.6795,
25,8,262144,2048,layered,256/256/256,graph,48,23.8079,18.5364,23.8515,23.8079,
25,8,262144,2048,layered,256/256/256,graph,49,23.5698,19.6666,23.6154,23.5698,
25,8,262144,2048,layered,256/256/256,graph,50,23.6898,18.8110,23.7337,23.6898,
25,8,262144,2048,layered,256/256/256,graph,51,22.7205,20.4267,22.7642,22.7205,
25,8,262144,2048,layered,256/256/256,graph,52,22.4776,19.2965,22.5264,22.4776,
25,8,262144,2048,layered,256/256/256,graph,53,23.7121,19.3920,23.7655,23.7121,
25,8,262144,2048,layered,256/256/256,graph,54,22.9315,18.7791,22.9829,22.9315,
25,8,262144,2048,layered,256/256/256,graph,55,23.6722,19.6666,23.7230,23.6722,
25,8,262144,2048,layered,256/256/256,graph,56,23.9028,18.5364,23.9495,23.9028,
25,8,262144,2048,layered,256/256/256,graph,57,23.7604,19.9412,23.8074,23.7604,
25,8,262144,2048,layered,256/256/256,graph,58,23.6444,18.5364,23.6941,23.6444,
25,8,262144,2048,layered,256/256/256,graph,59,22.2512,20.1521,22.2980,22.2512,
25,8,262144,2048,layered,256/256/256,graph,60,22.9940,19.0537,23.0377,22.9940,
25,8,262144,2048,layered,256/256/256,graph,61,23.5517,19.3920,23.5955,23.5517,
25,8,262144,2048,layered,256/256/256,graph,62,23.0994,19.3283,23.1444,23.0994,
25,8,262144,2048,layered,256/256/256,graph,63,23.6532,19.1174,23.6976,23.6532,
25,8,262144,2048,layered,256/256/256,graph,64,23.1199,19.3283,23.1641,23.1199,
25,8,262144,2048,layered,256/256/256,graph,65,23.7626,19.1174,23.8100,23.7626,
25,8,262144,2048,layered,256/256/256,graph,66,23.5005,18.8110,23.5439,23.5005,
25,8,262144,2048,layered,256/256/256,graph,67,22.9044,20.1521,22.9491,22.9044,
25,8,262144,2048,layered,256/256/256,graph,68,23.0308,19.6029,23.0738,23.0308,
25,8,262144,2048,layered,256/256/256,graph,69,23.6758,19.1174,23.7216,23.6758,
25,8,262144,2048,layered,256/256/256,graph,70,23.1682,19.3283,23.2112,23.1682,
25,8,262144,2048,layered,256/256/256,graph,71,23.8296,18.8428,23.8819,23.8296,
25,8,262144,2048,layered,256/256/256,graph,72,23.6243,19.6347,23.6679,23.6243,
25,8,262144,2048,layered,256/256/256,graph,73,23.6420,19.9093,23.6860,23.6420,
25,8,262144,2048,layered,256/256/256,graph,74,24.1247,18.8428,24.1685,24.1247,
25,8,262144,2048,layered,256/256/256,graph,75,22.7936,19.8775,22.8370,22.7936,
25,8,262144,2048,layered,256/256/256,graph,76,23.1681,19.8775,23.2117,23.1681,
25,8,262144,2048,layered,256/256/256,graph,77,23.7193,19.3920,23.7636,23.7193,
25,8,262144,2048,layered,256/256/256,graph,78,23.4380,19.0537,23.4813,23.4380,
25,8,262144,2048,layered,256/256/256,graph,79,23.6234,19.3920,23.6694,23.6234,
25,8,262144,2048,layered,256/256/256,graph,80,23.4660,18.8110,23.5092,23.4660,
25,8,262144,2048,layered,256/256/256,graph,81,23.3807,19.6347,23.4253,23.3807,
25,8,262144,2048,layered,256/256/256,graph,82,23.3329,19.3601,23.3785,23.3329,
25,8,262144,2048,layered,256/256/256,graph,83,23.6622,19.3601,23.7055,23.6622,
25,8,262144,2048,layered,256/256/256,graph,84,22.8401,19.8775,22.8851,22.8401,
25,8,262144,2048,layered,256/256/256,graph,85,23.9308,19.1174,23.9806,23.9308,
25,8,262144,2048,layered,256/256/256,graph,86,23.0657,19.6029,23.1088,23.0657,
25,8,262144,2048,layered,256/256/256,graph,87,23.7586,19.3920,23.8023,23.7586,
25,8,262144,2048,layered,256/256/256,graph,88,23.6624,19.0856,23.7062,23.6624,
25,8,262144,2048,layered,256/256/256,graph,89,23.4561,19.9093,23.5009,23.4561,
25,8,262144,2048,layered,256/256/256,graph,90,23.5888,18.8110,23.6330,23.5888,
25,8,262144,2048,layered,256/256/256,graph,91,23.7950,19.6666,23.8402,23.7950,
25,8,262144,2048,layered,256/256/256,graph,92,23.1654,18.7791,23.2082,23.1654,
25,8,262144,2048,layered,256/256/256,graph,93,23.6254,19.9412,23.6713,23.6254,
25,8,262144,2048,layered,256/256/256,graph,94,22.4555,19.0219,22.4984,22.4555,
25,8,262144,2048,layered,256/256/256,graph,95,23.7319,19.9412,23.7788,23.7319,
25,8,262144,2048,layered,256/256/256,graph,96,22.8995,18.5046,22.9414,22.8995,
25,8,262144,2048,layered,256/256/256,graph,97,23.1631,20.1839,23.2070,23.1631,
25,8,262144,2048,layered,256/256/256,graph,98,23.8257,18.2618,23.8686,23.8257,
25,8,262144,2048,layered,256/256/256,graph,99,23.8140,20.2157,23.8585,23.8140,
25,8,262144,2048,layered,256/256/256,graph,100,23.4160,18.7791,23.4593,23.4160,
25,8,262144,2048,layered,256/256/256,graph,101,23.5492,19.9412,23.5933,23.5492,
25,8,262144,2048,layered,256/256/256,graph,102,22.7301,19.0219,22.7784,22.7301,
25,8,262144,2048,layered,256/256/256,graph,103,23.4745,19.9412,23.5208,23.4745,
25,8,262144,2048,layered,256/256/256,graph,104,23.3276,18.7791,23.3743,23.3276,
25,8,262144,2048,layered,256/256/256,graph,105,23.3576,20.4585,23.4027,23.3576,
25,8,262144,2048,layered,256/256/256,graph,106,23.4604,18.2618,23.5064,23.4604,
25,8,262144,2048,layered,256/256/256,graph,107,23.8836,19.9730,23.9262,23.8836,
25,8,262144,2048,layered,256/256/256,graph,108,22.5399,17.9235,22.5922,22.5399,
25,8,262144,2048,layered,256/256/256,graph,109,23.6945,20.7649,23.7425,23.6945,
25,8,262144,2048,layered,256/256/256,graph,110,22.3304,17.9235,22.3755,22.3304,
25,8,262144,2048,layered,256/256/256,graph,111,23.5762,21.0395,23.6319,23.5762,
25,8,262144,2048,layered,256/256/256,graph,112,23.5674,17.9554,23.6119,23.5674,
25,8,262144,2048,layered,256/256/256,graph,113,23.8063,21.0395,23.8503,23.8063,
25,8,262144,2048,layered,256/256/256,graph,114,23.7493,18.2300,23.7937,23.7493,
25,8,262144,2048,layered,256/256/256,graph,115,23.6589,19.6984,23.7031,23.6589,
25,8,262144,2048,layered,256/256/256,graph,116,22.9347,18.4727,22.9780,22.9347,
25,8,262144,2048,layered,256/256/256,graph,117,23.5036,19.9730,23.5514,23.5036,
25,8,262144,2048,layered,256/256/256,graph,118,22.0752,18.4409,22.1229,22.0752,
25,8,262144,2048,layered,256/256/256,graph,119,23.5997,20.7649,23.6455,23.5997,
25,8,262144,2048,layered,256/256/256,graph,120,23.7296,17.4380,23.7787,23.7296,
25,8,262144,2048,layered,256/256/256,graph,121,23.5220,20.7649,23.5672,23.5220,
25,8,262144,2048,layered,256/256/256,graph,122,23.1809,17.6808,23.2268,23.1809,
25,8,262144,2048,layered,256/256/256,graph,123,23.9307,20.2476,23.9847,23.9307,
25,8,262144,2048,layered,256/256/256,graph,124,22.3331,17.9235,22.3830,22.3331,
25,8,262144,2048,layered,256/256/256,graph,125,23.4529,20.7649,23.5018,23.4529,
25,8,262144,2048,layered,256/256/256,graph,126,21.1796,18.4091,21.2270,21.1796,
25,8,262144,2048,layered,256/256/256,graph,127,23.6413,20.7649,23.6897,23.6413,
25,8,262144,2048,layered,256/256/256,graph,128,23.7921,17.7126,23.8411,23.7921,
25,8,262144,2048,layered,256/256/256,graph,129,23.6292,20.2476,23.6768,23.6292,
25,8,262144,2048,layered,256/256/256,graph,130,22.6131,17.3744,22.6584,22.6131,
25,8,262144,2048,layered,256/256/256,graph,131,23.5635,20.5222,23.6087,23.5635,
25,8,262144,2048,layered,256/256/256,graph,132,22.6590,17.3744,22.7095,22.6590,
25,8,262144,2048,layered,256/256/256,graph,133,22.9476,21.0395,22.9962,22.9476,
25,8,262144,2048,layered,256/256/256,graph,134,21.2866,18.1345,21.3328,21.2866,
25,8,262144,2048,layered,256/256/256,graph,135,23.3729,21.0395,23.4192,23.3729,
25,8,262144,2048,layered,256/256/256,graph,136,23.4481,17.6808,23.5112,23.4481,
25,8,262144,2048,layered,256/256/256,graph,137,23.6072,19.6984,23.6545,23.6072,
25,8,262144,2048,layered,256/256/256,graph,138,22.2317,17.9235,22.2769,22.2317,
25,8,262144,2048,layered,256/256/256,graph,139,24.0920,20.2476,24.1357,24.0920,
25,8,262144,2048,layered,256/256/256,graph,140,23.5415,17.6808,23.5846,23.5415,
25,8,262144,2048,layered,256/256/256,graph,141,23.6558,21.0395,23.7012,23.6558,
25,8,262144,2048,layered,256/256/256,graph,142,22.2157,18.4409,22.2599,22.2157,
25,8,262144,2048,layered,256/256/256,graph,143,23.6797,21.3141,23.7253,23.6797,
25,8,262144,2048,layered,256/256/256,graph,144,23.2548,18.1981,23.2985,23.2548,
25,8,262144,2048,layered,256/256/256,graph,145,23.4009,21.0395,23.4462,23.4009,
25,8,262144,2048,layered,256/256/256,graph,146,23.7393,17.9554,23.7828,23.7393,
25,8,262144,2048,layered,256/256/256,graph,147,23.6015,19.6984,23.6470,23.6015,
25,8,262144,2048,layered,256/256/256,graph,148,23.7204,17.1634,23.7649,23.7204,
25,8,262144,2048,layered,256/256/256,graph,149,23.6270,20.7649,23.6726,23.6270,
25,8,262144,2048,layered,256/256/256,graph,150,21.9385,18.4409,21.9824,21.9385,
25,8,262144,2048,layered,256/256/256,graph,151,23.8101,20.4903,23.8631,23.8101,
25,8,262144,2048,layered,256/256/256,graph,152,23.4964,17.9872,23.5409,23.4964,
25,8,262144,2048,layered,256/256/256,graph,153,23.7208,20.4903,23.7646,23.7208,
25,8,262144,2048,layered,256/256/256,graph,154,22.7660,18.7473,22.8131,22.7660,
25,8,262144,2048,layered,256/256/256,graph,155,23.9211,19.6984,23.9652,23.9211,
25,8,262144,2048,layered,256/256/256,graph,156,23.3765,18.5046,23.4223,23.3765,
25,8,262144,2048,layered,256/256/256,graph,157,23.7969,20.7649,23.8442,23.7969,
25,8,262144,2048,layered,256/256/256,graph,158,22.9284,18.7473,22.9738,22.9284,
25,8,262144,2048,layered,256/256/256,graph,159,23.3918,19.9412,23.4358,23.3918,
25,8,262144,2048,layered,256/256/256,graph,160,23.6888,18.5364,23.7346,23.6888,
25,8,262144,2048,layered,256/256/256,graph,161,23.6941,20.2157,23.7389,23.6941,
25,8,262144,2048,layered,256/256/256,graph,162,22.6110,18.4727,22.6557,22.6110,
25,8,262144,2048,layered,256/256/256,graph,163,23.6341,19.6984,23.6793,23.6341,
25,8,262144,2048,layered,256/256/256,graph,164,23.2921,17.9554,23.3373,23.2921,
25,8,262144,2048,layered,256/256/256,graph,165,23.1742,21.0077,23.2185,23.1742,
25,8,262144,2048,layered,256/256/256,graph,166,22.5509,18.4727,22.5958,22.5509,
25,8,262144,2048,layered,256/256/256,graph,167,23.8871,20.7649,23.9312,23.8871,
25,8,262144,2048,layered,256/256/256,graph,168,23.9313,17.9872,23.9761,23.9313,
25,8,262144,2048,layered,256/256/256,graph,169,23.7125,20.4903,23.7560,23.7125,
25,8,262144,2048,layered,256/256/256,graph,170,22.0139,18.9901,22.0624,22.0139,
25,8,262144,2048,layered,256/256/256,graph,171,23.6249,19.4238,23.6697,23.6249,
25,8,262144,2048,layered,256/256/256,graph,172,24.1686,17.9872,24.2094,24.1686,
25,8,262144,2048,layered,256/256/256,graph,173,23.0299,20.7331,23.0759,23.0299,
25,8,262144,2048,layered,256/256/256,graph,174,23.3118,18.7791,23.3565,23.3118,
25,8,262144,2048,layered,256/256/256,graph,175,23.6822,19.9412,23.7272,23.6822,
25,8,262144,2048,layered,256/256/256,graph,176,23.6996,17.9872,23.7442,23.6996,
25,8,262144,2048,layered,256/256/256,graph,177,23.5480,20.2157,23.5926,23.5480,
25,8,262144,2048,layered,256/256/256,graph,178,21.9611,18.9901,22.0061,21.9611,
25,8,262144,2048,layered,256/256/256,graph,179,23.9354,18.8746,23.9859,23.9354,
25,8,262144,2048,layered,256/256/256,graph,180,23.4568,19.0856,23.5022,23.4568,
25,8,262144,2048,layered,256/256/256,graph,181,22.9573,20.1521,23.0030,22.9573,
25,8,262144,2048,layered,256/256/256,graph,182,23.6500,19.0856,23.6958,23.6500,
25,8,262144,2048,layered,256/256/256,graph,183,23.6498,20.1839,23.6948,23.6498,
25,8,262144,2048,layered,256/256/256,graph,184,23.9022,18.5682,23.9503,23.9022,
25,8,262144,2048,layered,256/256/256,graph,185,22.8775,19.8775,22.9228,22.8775,
25,8,262144,2048,layered,256/256/256,graph,186,22.8480,20.1203,22.8949,22.8480,
25,8,262144,2048,layered,256/256/256,graph,187,23.3967,18.3254,23.4444,23.3967,
25,8,262144,2048,layered,256/256/256,graph,188,23.6465,19.3283,23.6906,23.6465,
25,8,262144,2048,layered,256/256/256,graph,189,23.6983,19.9412,23.7440,23.6983,
25,8,262144,2048,layered,256/256/256,graph,190,23.7870,18.8110,23.8316,23.7870,
25,8,262144,2048,layered,256/256/256,graph,191,23.8018,19.6666,23.8478,23.8018,
25,8,262144,2048,layered,256/256/256,graph,192,23.4841,17.7444,23.5336,23.4841,
25,8,262144,2048,layered,256/256/256,graph,193,22.0675,20.1203,22.1227,22.0675,
25,8,262144,2048,layered,256/256/256,graph,194,21.3459,19.8138,21.3930,21.3459,
25,8,262144,2048,layered,256/256/256,graph,195,23.9124,18.3254,23.9581,23.9124,
25,8,262144,2048,layered,256/256/256,graph,196,24.0233,19.0856,24.0679,24.0233,
25,8,262144,2048,layered,256/256/256,graph,197,23.6944,19.9093,23.7453,23.6944,
25,8,262144,2048,layered,256/256/256,graph,198,23.0122,19.6029,23.0596,23.0122,
25,8,262144,2048,layered,256/256/256,graph,199,23.6462,20.1839,23.6932,23.6462,
25,8,262144,2048,layered,1536/1536/1536,graph,0,21.0282,15.0503,21.0778,21.0282,
25,8,262144,2048,layered,1536/1536/1536,graph,1,20.8358,15.0503,20.8819,20.8358,
25,8,262144,2048,layered,1536/1536/1536,graph,2,21.1000,15.0503,21.1450,21.1000,
25,8,262144,2048,layered,1536/1536/1536,graph,3,20.9026,15.0503,20.9481,20.9026,
25,8,262144,2048,layered,1536/1536/1536,graph,4,21.1140,15.0503,21.1584,21.1140,
25,8,262144,2048,layered,1536/1536/1536,graph,5,20.9352,15.0503,20.9801,20.9352,
25,8,262144,2048,layered,1536/1536/1536,graph,6,21.1732,15.0503,21.2190,21.1732,
25,8,262144,2048,layered,1536/1536/1536,graph,7,21.0033,15.0503,21.0476,21.0033,
25,8,262144,2048,layered,1536/1536/1536,graph,8,21.2076,15.0503,21.2524,21.2076,
25,8,262144,2048,layered,1536/1536/1536,graph,9,21.0488,15.0503,21.0937,21.0488,
25,8,262144,2048,layered,1536/1536/1536,graph,10,21.2908,15.0503,21.3362,21.2908,
25,8,262144,2048,layered,1536/1536/1536,graph,11,21.0213,15.0503,21.0663,21.0213,
25,8,262144,2048,layered,1536/1536/1536,graph,12,21.2964,15.0503,21.3427,21.2964,
25,8,262144,2048,layered,1536/1536/1536,graph,13,21.0428,15.0503,21.0925,21.0428,
25,8,262144,2048,layered,1536/1536/1536,graph,14,21.2784,15.0503,21.3218,21.2784,
25,8,262144,2048,layered,1536/1536/1536,graph,15,20.9477,15.0503,20.9935,20.9477,
25,8,262144,2048,layered,1536/1536/1536,graph,16,21.1496,15.0503,21.1947,21.1496,
25,8,262144,2048,layered,1536/1536/1536,graph,17,20.8503,15.0503,20.8951,20.8503,
25,8,262144,2048,layered,1536/1536/1536,graph,18,21.1359,15.0503,21.1802,21.1359,
25,8,262144,2048,layered,1536/1536/1536,graph,19,20.8178,15.0503,20.8628,20.8178,
25,8,262144,2048,layered,1536/1536/1536,graph,20,21.0918,15.0503,21.1383,21.0918,
25,8,262144,2048,layered,1536/1536/1536,graph,21,20.8146,15.0503,20.8586,20.8146,
25,8,262144,2048,layered,1536/1536/1536,graph,22,21.1109,15.0503,21.1557,21.1109,
25,8,262144,2048,layered,1536/1536/1536,graph,23,20.8663,15.0503,20.9107,20.8663,
25,8,262144,2048,layered,1536/1536/1536,graph,24,21.1449,15.0503,21.1896,21.1449,
25,8,262144,2048,layered,1536/1536/1536,graph,25,20.9100,15.0503,20.9545,20.9100,
25,8,262144,2048,layered,1536/1536/1536,graph,26,21.1988,15.0503,21.2435,21.1988,
25,8,262144,2048,layered,1536/1536/1536,graph,27,20.8702,15.0503,20.9215,20.8702,
25,8,262144,2048,layered,1536/1536/1536,graph,28,21.2227,15.0503,21.2696,21.2227,
25,8,262144,2048,layered,1536/1536/1536,graph,29,20.9424,15.0503,20.9905,20.9424,
25,8,262144,2048,layered,1536/1536/1536,graph,30,21.2096,15.0503,21.2548,21.2096,
25,8,262144,2048,layered,1536/1536/1536,graph,31,21.0142,15.0503,21.0596,21.0142,
25,8,262144,2048,layered,1536/1536/1536,graph,32,21.3326,15.0503,21.3775,21.3326,
25,8,262144,2048,layered,1536/1536/1536,graph,33,21.0651,15.0503,21.1096,21.0651,
25,8,262144,2048,layered,1536/1536/1536,graph,34,21.4395,15.0503,21.4833,21.4395,
25,8,262144,2048,layered,1536/1536/1536,graph,35,21.0618,15.0503,21.1058,21.0618,
25,8,262144,2048,layered,1536/1536/1536,graph,36,21.4078,15.0503,21.4519,21.4078,
25,8,262144,2048,layered,1536/1536/1536,graph,37,21.0370,15.0503,21.0812,21.0370,
25,8,262144,2048,layered,1536/1536/1536,graph,38,21.3580,15.0503,21.4142,21.3580,
25,8,262144,2048,layered,1536/1536/1536,graph,39,20.9392,15.0503,20.9886,20.9392,
25,8,262144,2048,layered,1536/1536/1536,graph,40,21.2573,15.0503,21.3080,21.2573,
25,8,262144,2048,layered,1536/1536/1536,graph,41,20.8868,15.0503,20.9329,20.8868,
25,8,262144,2048,layered,1536/1536/1536,graph,42,21.1683,15.0503,21.2155,21.1683,
25,8,262144,2048,layered,1536/1536/1536,graph,43,20.7684,15.0503,20.8165,20.7684,
25,8,262144,2048,layered,1536/1536/1536,graph,44,21.1792,15.0503,21.2252,21.1792,
25,8,262144,2048,layered,1536/1536/1536,graph,45,21.1702,15.0503,21.2152,21.1702,
25,8,262144,2048,layered,1536/1536/1536,graph,46,21.1765,15.0503,21.2224,21.1765,
25,8,262144,2048,layered,1536/1536/1536,graph,47,21.1474,15.0503,21.1933,21.1474,
25,8,262144,2048,layered,1536/1536/1536,graph,48,21.1260,15.0503,21.1717,21.1260,
25,8,262144,2048,layered,1536/1536/1536,graph,49,21.2133,15.0503,21.2589,21.2133,
25,8,262144,2048,layered,1536/1536/1536,graph,50,21.1856,15.0503,21.2312,21.1856,
25,8,262144,2048,layered,1536/1536/1536,graph,51,21.1891,15.0503,21.2331,21.1891,
25,8,262144,2048,layered,1536/1536/1536,graph,52,21.2431,15.0503,21.2874,21.2431,
25,8,262144,2048,layered,1536/1536/1536,graph,53,21.2350,15.0503,21.2793,21.2350,
25,8,262144,2048,layered,1536/1536/1536,graph,54,21.2140,15.0503,21.2602,21.2140,
25,8,262144,2048,layered,1536/1536/1536,graph,55,21.2412,15.0503,21.2859,21.2412,
25,8,262144,2048,layered,1536/1536/1536,graph,56,21.2012,15.0503,21.2548,21.2012,
25,8,262144,2048,layered,1536/1536/1536,graph,57,21.1641,15.0503,21.2394,21.1641,
25,8,262144,2048,layered,1536/1536/1536,graph,58,21.2017,15.0503,21.2526,21.2017,
25,8,262144,2048,layered,1536/1536/1536,graph,59,21.1456,15.0503,21.1941,21.1456,
25,8,262144,2048,layered,1536/1536/1536,graph,60,21.1244,15.0503,21.1714,21.1244,
25,8,262144,2048,layered,1536/1536/1536,graph,61,21.1150,15.0503,21.1618,21.1150,
25,8,262144,2048,layered,1536/1536/1536,graph,62,21.1492,15.0503,21.1951,21.1492,
25,8,262144,2048,layered,1536/1536/1536,graph,63,21.0876,15.0503,21.1378,21.0876,
25,8,262144,2048,layered,1536/1536/1536,graph,64,21.0278,15.0503,21.0726,21.0278,
25,8,262144,2048,layered,1536/1536/1536,graph,65,21.1122,15.0503,21.1567,21.1122,
25,8,262144,2048,layered,1536/1536/1536,graph,66,20.9281,14.7758,20.9755,20.9281,
25,8,262144,2048,layered,1536/1536/1536,graph,67,20.5744,14.7758,20.6205,20.5744,
25,8,262144,2048,layered,1536/1536/1536,graph,68,20.3970,14.5012,20.4472,20.3970,
25,8,262144,2048,layered,1536/1536/1536,graph,69,20.1066,14.5012,20.1518,20.1066,
25,8,262144,2048,layered,1536/1536/1536,graph,70,19.8580,14.2266,19.9016,19.8580,
25,8,262144,2048,layered,1536/1536/1536,graph,71,23.5490,13.4346,23.5985,23.5490,
25,8,262144,2048,layered,1536/1536/1536,graph,72,19.8694,14.2266,19.9134,19.8694,
25,8,262144,2048,layered,1536/1536/1536,graph,73,19.6717,14.5012,19.7312,19.6717,
25,8,262144,2048,layered,1536/1536/1536,graph,74,20.0342,14.5012,20.0825,20.0342,
25,8,262144,2048,layered,1536/1536/1536,graph,75,20.2162,14.7758,20.2631,20.2162,
25,8,262144,2048,layered,1536/1536/1536,graph,76,20.6531,14.7758,20.6991,20.6531,
25,8,262144,2048,layered,1536/1536/1536,graph,77,20.8385,15.0503,20.8841,20.8385,
25,8,262144,2048,layered,1536/1536/1536,graph,78,21.3359,15.0503,21.3795,21.3359,
25,8,262144,2048,layered,1536/1536/1536,graph,79,21.3143,15.0503,21.3586,21.3143,
25,8,262144,2048,layered,1536/1536/1536,graph,80,21.4006,15.0503,21.4471,21.4006,
25,8,262144,2048,layered,1536/1536/1536,graph,81,21.4126,15.0503,21.4567,21.4126,
25,8,262144,2048,layered,1536/1536/1536,graph,82,21.3843,15.0503,21.4290,21.3843,
25,8,262144,2048,layered,1536/1536/1536,graph,83,21.3770,15.0503,21.4236,21.3770,
25,8,262144,2048,layered,1536/1536/1536,graph,84,21.3607,15.0503,21.4062,21.3607,
25,8,262144,2048,layered,1536/1536/1536,graph,85,21.3120,15.0503,21.3562,21.3120,
25,8,262144,2048,layered,1536/1536/1536,graph,86,21.2394,15.0503,21.2841,21.2394,
25,8,262144,2048,layered,1536/1536/1536,graph,87,21.2236,15.0503,21.2691,21.2236,
25,8,262144,2048,layered,1536/1536/1536,graph,88,21.1500,15.0503,21.1939,21.1500,
25,8,262144,2048,layered,1536/1536/1536,graph,89,21.1768,15.0503,21.2230,21.1768,
25,8,262144,2048,layered,1536/1536/1536,graph,90,21.0556,15.0503,21.1012,21.0556,
25,8,262144,2048,layered,1536/1536/1536,graph,91,21.0731,15.0503,21.1182,21.0731,
25,8,262144,2048,layered,1536/1536/1536,graph,92,21.0555,15.0503,21.1054,21.0555,
25,8,262144,2048,layered,1536/1536/1536,graph,93,21.0774,15.0503,21.1258,21.0774,
25,8,262144,2048,layered,1536/1536/1536,graph,94,21.0857,15.0503,21.1325,21.0857,
25,8,262144,2048,layered,1536/1536/1536,graph,95,21.0081,15.0503,21.0539,21.0081,
25,8,262144,2048,layered,1536/1536/1536,graph,96,21.1010,15.0503,21.1467,21.1010,
25,8,262144,2048,layered,1536/1536/1536,graph,97,21.0674,15.0503,21.1133,21.0674,
25,8,262144,2048,layered,1536/1536/1536,graph,98,21.1182,15.0503,21.1628,21.1182,
25,8,262144,2048,layered,1536/1536/1536,graph,99,21.0951,15.0503,21.1397,21.0951,
25,8,262144,2048,layered,1536/1536/1536,graph,100,21.1785,15.0503,21.2230,21.1785,
25,8,262144,2048,layered,1536/1536/1536,graph,101,21.1465,15.0503,21.1913,21.1465,
25,8,262144,2048,layered,1536/1536/1536,graph,102,21.2360,15.0503,21.2810,21.2360,
25,8,262144,2048,layered,1536/1536/1536,graph,103,21.2035,15.0503,21.2477,21.2035,
25,8,262144,2048,layered,1536/1536/1536,graph,104,21.3472,15.0503,21.3920,21.3472,
25,8,262144,2048,layered,1536/1536/1536,graph,105,21.2783,15.0503,21.3224,21.2783,
25,8,262144,2048,layered,1536/1536/1536,graph,106,21.2862,15.0503,21.3305,21.2862,
25,8,262144,2048,layered,1536/1536/1536,graph,107,21.2809,15.0503,21.3219,21.2809,
25,8,262144,2048,layered,1536/1536/1536,graph,108,21.2770,15.0503,21.3212,21.2770,
25,8,262144,2048,layered,1536/1536/1536,graph,109,21.2477,15.0503,21.2914,21.2477,
25,8,262144,2048,layered,1536/1536/1536,graph,110,21.1918,15.0503,21.2405,21.1918,
25,8,262144,2048,layered,1536/1536/1536,graph,111,21.1331,15.0503,21.1762,21.1331,
25,8,262144,2048,layered,1536/1536/1536,graph,112,21.1509,15.0503,21.1959,21.1509,
25,8,262144,2048,layered,1536/1536/1536,graph,113,21.0819,15.0503,21.1253,21.0819,
25,8,262144,2048,layered,1536/1536/1536,graph,114,21.0648,15.0503,21.1085,21.0648,
25,8,262144,2048,layered,1536/1536/1536,graph,115,21.1456,15.0503,21.1906,21.1456,
25,8,262144,2048,layered,1536/1536/1536,graph,116,21.1510,15.0503,23.1737,21.1510,
25,8,262144,2048,layered,1536/1536/1536,graph,117,21.0903,15.0503,21.1344,21.0903,
25,8,262144,2048,layered,1536/1536/1536,graph,118,21.1354,15.0503,21.1859,21.1354,
25,8,262144,2048,layered,1536/1536/1536,graph,119,21.0911,15.0503,21.1341,21.0911,
25,8,262144,2048,layered,1536/1536/1536,graph,120,21.2180,15.0503,21.2633,21.2180,
25,8,262144,2048,layered,1536/1536/1536,graph,121,21.1244,15.0503,21.1678,21.1244,
25,8,262144,2048,layered,1536/1536/1536,graph,122,21.2151,15.0503,21.2594,21.2151,
25,8,262144,2048,layered,1536/1536/1536,graph,123,21.1569,15.0503,21.2013,21.1569,
25,8,262144,2048,layered,1536/1536/1536,graph,124,21.2791,15.0503,21.3427,21.2791,
25,8,262144,2048,layered,1536/1536/1536,graph,125,21.1841,15.0503,21.2304,21.1841,
25,8,262144,2048,layered,1536/1536/1536,graph,126,21.2777,15.0503,21.3232,21.2777,
25,8,262144,2048,layered,1536/1536/1536,graph,127,21.2390,15.0503,21.2839,21.2390,
25,8,262144,2048,layered,1536/1536/1536,graph,128,21.3993,15.0503,21.4456,21.3993,
25,8,262144,2048,layered,1536/1536/1536,graph,129,21.3133,15.0503,21.3641,21.3133,
25,8,262144,2048,layered,1536/1536/1536,graph,130,21.3651,15.0503,21.4495,21.3651,
25,8,262144,2048,layered,1536/1536/1536,graph,131,21.2667,15.0503,21.3166,21.2667,
25,8,262144,2048,layered,1536/1536/1536,graph,132,21.3835,15.0503,21.4328,21.3835,
25,8,262144,2048,layered,1536/1536/1536,graph,133,21.3176,15.0503,21.3645,21.3176,
25,8,262144,2048,layered,1536/1536/1536,graph,134,21.2529,15.0503,21.3039,21.2529,
25,8,262144,2048,layered,1536/1536/1536,graph,135,21.2271,15.0503,21.2784,21.2271,
25,8,262144,2048,layered,1536/1536/1536,graph,136,21.2259,15.0503,21.2734,21.2259,
25,8,262144,2048,layered,1536/1536/1536,graph,137,21.1821,15.0503,21.2282,21.1821,
25,8,262144,2048,layered,1536/1536/1536,graph,138,21.1517,15.0503,21.1964,21.1517,
25,8,262144,2048,layered,1536/1536/1536,graph,139,21.1060,15.0503,21.1561,21.1060,
25,8,262144,2048,layered,1536/1536/1536,graph,140,21.1703,15.0503,21.2181,21.1703,
25,8,262144,2048,layered,1536/1536/1536,graph,141,21.0681,15.0503,21.1138,21.0681,
25,8,262144,2048,layered,1536/1536/1536,graph,142,21.1090,15.0503,21.1538,21.1090,
25,8,262144,2048,layered,1536/1536/1536,graph,143,21.0790,15.0503,21.1222,21.0790,
25,8,262144,2048,layered,1536/1536/1536,graph,144,21.1964,15.0503,21.2397,21.1964,
25,8,262144,2048,layered,1536/1536/1536,graph,145,21.1067,15.0503,21.1518,21.1067,
25,8,262144,2048,layered,1536/1536/1536,graph,146,21.1839,15.0503,21.2273,21.1839,
25,8,262144,2048,layered,1536/1536/1536,graph,147,21.1000,15.0503,21.1469,21.1000,
25,8,262144,2048,layered,1536/1536/1536,graph,148,21.2098,15.0503,21.2579,21.2098,
25,8,262144,2048,layered,1536/1536/1536,graph,149,21.1326,15.0503,21.1791,21.1326,
25,8,262144,2048,layered,1536/1536/1536,graph,150,21.2181,15.0503,21.2632,21.2181,
25,8,262144,2048,layered,1536/1536/1536,graph,151,21.0912,15.0503,21.1359,21.0912,
25,8,262144,2048,layered,1536/1536/1536,graph,152,21.2006,15.0503,21.2445,21.2006,
25,8,262144,2048,layered,1536/1536/1536,graph,153,21.1140,15.0503,21.1580,21.1140,
25,8,262144,2048,layered,1536/1536/1536,graph,154,21.1553,15.0503,21.1994,21.1553,
25,8,262144,2048,layered,1536/1536/1536,graph,155,21.0433,15.0503,21.0963,21.0433,
25,8,262144,2048,layered,1536/1536/1536,graph,156,21.1558,15.0503,21.2005,21.1558,
25,8,262144,2048,layered,1536/1536/1536,graph,157,21.0282,15.0503,21.0726,21.0282,
25,8,262144,2048,layered,1536/1536/1536,graph,158,21.1532,15.0503,21.1988,21.1532,
25,8,262144,2048,layered,1536/1536/1536,graph,159,21.0364,15.0503,21.0803,21.0364,
25,8,262144,2048,layered,1536/1536/1536,graph,160,21.1262,15.0503,21.1887,21.1262,
25,8,262144,2048,layered,1536/1536/1536,graph,161,20.8899,14.7758,20.9342,20.8899,
25,8,262144,2048,layered,1536/1536/1536,graph,162,20.6257,14.7758,20.6699,20.6257,
25,8,262144,2048,layered,1536/1536/1536,graph,163,20.2916,14.5012,20.3363,20.2916,
25,8,262144,2048,layered,1536/1536/1536,graph,164,20.0565,14.5012,20.1001,20.0565,
25,8,262144,2048,layered,1536/1536/1536,graph,165,19.8040,14.2266,19.8474,19.8040,
25,8,262144,2048,layered,1536/1536/1536,graph,166,23.4339,13.4346,23.4806,23.4339,
25,8,262144,2048,layered,1536/1536/1536,graph,167,19.8760,14.2266,19.9198,19.8760,
25,8,262144,2048,layered,1536/1536/1536,graph,168,19.7166,14.5012,19.7607,19.7166,
25,8,262144,2048,layered,1536/1536/1536,graph,169,20.0646,14.5012,20.1075,20.0646,
25,8,262144,2048,layered,1536/1536/1536,graph,170,20.2526,14.7758,20.2959,20.2526,
25,8,262144,2048,layered,1536/1536/1536,graph,171,20.6894,14.7758,20.7319,20.6894,
25,8,262144,2048,layered,1536/1536/1536,graph,172,20.8870,15.0503,20.9279,20.8870,
25,8,262144,2048,layered,1536/1536/1536,graph,173,21.2876,15.0503,21.3300,21.2876,
25,8,262144,2048,layered,1536/1536/1536,graph,174,21.3584,15.0503,21.4030,21.3584,
25,8,262144,2048,layered,1536/1536/1536,graph,175,21.3625,15.0503,21.4124,21.3625,
25,8,262144,2048,layered,1536/1536/1536,graph,176,21.3657,15.0503,21.4094,21.3657,
25,8,262144,2048,layered,1536/1536/1536,graph,177,21.3618,15.0503,21.4141,21.3618,
25,8,262144,2048,layered,1536/1536/1536,graph,178,21.3943,15.0503,21.4396,21.3943,
25,8,262144,2048,layered,1536/1536/1536,graph,179,21.3111,15.0503,21.3547,21.3111,
25,8,262144,2048,layered,1536/1536/1536,graph,180,21.3662,15.0503,21.4109,21.3662,
25,8,262144,2048,layered,1536/1536/1536,graph,181,21.2037,15.0503,21.2474,21.2037,
25,8,262144,2048,layered,1536/1536/1536,graph,182,21.2163,15.0503,21.2608,21.2163,
25,8,262144,2048,layered,1536/1536/1536,graph,183,21.1970,15.0503,21.2417,21.1970,
25,8,262144,2048,layered,1536/1536/1536,graph,184,21.1783,15.0503,21.2236,21.1783,
25,8,262144,2048,layered,1536/1536/1536,graph,185,21.0771,15.0503,21.1212,21.0771,
25,8,262144,2048,layered,1536/1536/1536,graph,186,21.0223,15.0503,21.0669,21.0223,
25,8,262144,2048,layered,1536/1536/1536,graph,187,21.1007,15.0503,21.1441,21.1007,
25,8,262144,2048,layered,1536/1536/1536,graph,188,21.0773,15.0503,21.1208,21.0773,
25,8,262144,2048,layered,1536/1536/1536,graph,189,21.0353,15.0503,21.0789,21.0353,
25,8,262144,2048,layered,1536/1536/1536,graph,190,21.0580,15.0503,21.1015,21.0580,
25,8,262144,2048,layered,1536/1536/1536,graph,191,21.0737,15.0503,21.1170,21.0737,
25,8,262144,2048,layered,1536/1536/1536,graph,192,21.0837,15.0503,21.1275,21.0837,
25,8,262144,2048,layered,1536/1536/1536,graph,193,21.1485,15.0503,21.1953,21.1485,
25,8,262144,2048,layered,1536/1536/1536,graph,194,21.0947,15.0503,21.1420,21.0947,
25,8,262144,2048,layered,1536/1536/1536,graph,195,21.1615,15.0503,21.2044,21.1615,
25,8,262144,2048,layered,1536/1536/1536,graph,196,21.1205,15.0503,21.1654,21.1205,
25,8,262144,2048,layered,1536/1536/1536,graph,197,21.2009,15.0503,21.2446,21.2009,
25,8,262144,2048,layered,1536/1536/1536,graph,198,21.2034,15.0503,21.2501,21.2034,
25,8,262144,2048,layered,1536/1536/1536,graph,199,21.2833,15.0503,21.3487,21.2833,
25,8,262144,2048,hyprefill,512/2048/2048,graph,0,23.8645,14.9349,23.9497,23.8645,
25,8,262144,2048,hyprefill,512/2048/2048,graph,1,23.8282,14.3857,23.8974,23.8282,
25,8,262144,2048,hyprefill,512/2048/2048,graph,2,24.0345,15.4841,24.0989,24.0345,
25,8,262144,2048,hyprefill,512/2048/2048,graph,3,24.0540,14.9031,24.1023,24.0540,
25,8,262144,2048,hyprefill,512/2048/2048,graph,4,23.8249,14.9031,23.8707,23.8249,
25,8,262144,2048,hyprefill,512/2048/2048,graph,5,24.0166,15.1776,24.0625,24.0166,
25,8,262144,2048,hyprefill,512/2048/2048,graph,6,23.8849,14.9349,23.9312,23.8849,
25,8,262144,2048,hyprefill,512/2048/2048,graph,7,23.9342,14.9349,23.9816,23.9342,
25,8,262144,2048,hyprefill,512/2048/2048,graph,8,23.9227,14.3857,23.9677,23.9227,
25,8,262144,2048,hyprefill,512/2048/2048,graph,9,24.1862,15.2095,24.2342,24.1862,
25,8,262144,2048,hyprefill,512/2048/2048,graph,10,24.0639,14.3857,24.1105,24.0639,
25,8,262144,2048,hyprefill,512/2048/2048,graph,11,23.7956,14.6603,23.8414,23.7956,
25,8,262144,2048,hyprefill,512/2048/2048,graph,12,24.0895,14.3857,24.1353,24.0895,
25,8,262144,2048,hyprefill,512/2048/2048,graph,13,24.3673,15.2095,24.4134,24.3673,
25,8,262144,2048,hyprefill,512/2048/2048,graph,14,24.1344,15.1776,24.1917,24.1344,
25,8,262144,2048,hyprefill,512/2048/2048,graph,15,24.0236,14.9349,24.0768,24.0236,
25,8,262144,2048,hyprefill,512/2048/2048,graph,16,23.9440,14.9031,23.9932,23.9440,
25,8,262144,2048,hyprefill,512/2048/2048,graph,17,23.9979,15.4841,24.0479,23.9979,
25,8,262144,2048,hyprefill,512/2048/2048,graph,18,23.9054,14.3539,23.9519,23.9054,
25,8,262144,2048,hyprefill,512/2048/2048,graph,19,23.9992,14.9349,24.0534,23.9992,
25,8,262144,2048,hyprefill,512/2048/2048,graph,20,24.0964,15.1776,24.1435,24.0964,
25,8,262144,2048,hyprefill,512/2048/2048,graph,21,23.9361,14.9349,23.9901,23.9361,
25,8,262144,2048,hyprefill,512/2048/2048,graph,22,24.1490,14.6603,24.1990,24.1490,
25,8,262144,2048,hyprefill,512/2048/2048,graph,23,23.9688,14.9349,24.0180,23.9688,
25,8,262144,2048,hyprefill,512/2048/2048,graph,24,24.0747,14.9349,24.1258,24.0747,
25,8,262144,2048,hyprefill,512/2048/2048,graph,25,23.9216,14.9031,23.9678,23.9216,
25,8,262144,2048,hyprefill,512/2048/2048,graph,26,23.9735,15.1776,24.0201,23.9735,
25,8,262144,2048,hyprefill,512/2048/2048,graph,27,23.7953,14.9031,23.8406,23.7953,
25,8,262144,2048,hyprefill,512/2048/2048,graph,28,23.9349,15.2095,23.9814,23.9349,
25,8,262144,2048,hyprefill,512/2048/2048,graph,29,24.1164,14.6603,24.1639,24.1164,
25,8,262144,2048,hyprefill,512/2048/2048,graph,30,24.3204,14.6603,24.3671,24.3204,
25,8,262144,2048,hyprefill,512/2048/2048,graph,31,24.2559,14.6603,24.3014,24.2559,
25,8,262144,2048,hyprefill,512/2048/2048,graph,32,24.1129,14.9349,24.1604,24.1129,
25,8,262144,2048,hyprefill,512/2048/2048,graph,33,23.9342,14.3857,23.9806,23.9342,
25,8,262144,2048,hyprefill,512/2048/2048,graph,34,23.9752,14.3857,24.0274,23.9752,
25,8,262144,2048,hyprefill,512/2048/2048,graph,35,23.9236,15.2095,23.9708,23.9236,
25,8,262144,2048,hyprefill,512/2048/2048,graph,36,23.6068,15.1776,23.6536,23.6068,
25,8,262144,2048,hyprefill,512/2048/2048,graph,37,23.6684,15.1776,23.7146,23.6684,
25,8,262144,2048,hyprefill,512/2048/2048,graph,38,23.9775,14.9031,24.0236,23.9775,
25,8,262144,2048,hyprefill,512/2048/2048,graph,39,23.5302,15.4522,23.5768,23.5302,
25,8,262144,2048,hyprefill,512/2048/2048,graph,40,24.0173,14.9349,24.0680,24.0173,
25,8,262144,2048,hyprefill,512/2048/2048,graph,41,23.8374,14.1111,23.8948,23.8374,
25,8,262144,2048,hyprefill,512/2048/2048,graph,42,24.0437,15.2095,24.0884,24.0437,
25,8,262144,2048,hyprefill,512/2048/2048,graph,43,24.0957,14.6285,24.1410,24.0957,
25,8,262144,2048,hyprefill,512/2048/2048,graph,44,23.9557,15.2095,24.0027,23.9557,
25,8,262144,2048,hyprefill,512/2048/2048,graph,45,23.7689,14.6285,23.8156,23.7689,
25,8,262144,2048,hyprefill,512/2048/2048,graph,46,24.1870,15.4841,24.2346,24.1870,
25,8,262144,2048,hyprefill,512/2048/2048,graph,47,23.9586,14.9031,24.0137,23.9586,
25,8,262144,2048,hyprefill,512/2048/2048,graph,48,24.1360,15.2095,24.1863,24.1360,
25,8,262144,2048,hyprefill,512/2048/2048,graph,49,23.9129,14.6285,23.9594,23.9129,
25,8,262144,2048,hyprefill,512/2048/2048,graph,50,23.6953,15.1776,23.7450,23.6953,
25,8,262144,2048,hyprefill,512/2048/2048,graph,51,23.7550,14.9349,23.8039,23.7550,
25,8,262144,2048,hyprefill,512/2048/2048,graph,52,24.1275,14.1111,24.1808,24.1275,
25,8,262144,2048,hyprefill,512/2048/2048,graph,53,24.0818,15.2095,24.1297,24.0818,
25,8,262144,2048,hyprefill,512/2048/2048,graph,54,23.8381,14.3539,23.8851,23.8381,
25,8,262144,2048,hyprefill,512/2048/2048,graph,55,23.6667,15.4841,23.7145,23.6667,
25,8,262144,2048,hyprefill,512/2048/2048,graph,56,23.8179,14.3539,23.8641,23.8179,
25,8,262144,2048,hyprefill,512/2048/2048,graph,57,23.8202,15.2095,23.8673,23.8202,
25,8,262144,2048,hyprefill,512/2048/2048,graph,58,23.5751,14.6285,23.6186,23.5751,
25,8,262144,2048,hyprefill,512/2048/2048,graph,59,23.6702,15.1776,23.7143,23.6702,
25,8,262144,2048,hyprefill,512/2048/2048,graph,60,23.9879,15.1776,24.0385,23.9879,
25,8,262144,2048,hyprefill,512/2048/2048,graph,61,23.8116,14.9031,23.8565,23.8116,
25,8,262144,2048,hyprefill,512/2048/2048,graph,62,23.8826,15.2095,23.9292,23.8826,
25,8,262144,2048,hyprefill,512/2048/2048,graph,63,23.8915,14.1111,23.9371,23.8915,
25,8,262144,2048,hyprefill,512/2048/2048,graph,64,23.9031,15.2095,23.9508,23.9031,
25,8,262144,2048,hyprefill,512/2048/2048,graph,65,24.1775,14.3539,24.2209,24.1775,
25,8,262144,2048,hyprefill,512/2048/2048,graph,66,23.7543,15.4841,23.8024,23.7543,
25,8,262144,2048,hyprefill,512/2048/2048,graph,67,24.1569,14.3539,24.2030,24.1569,
25,8,262144,2048,hyprefill,512/2048/2048,graph,68,23.9439,14.6603,23.9898,23.9439,
25,8,262144,2048,hyprefill,512/2048/2048,graph,69,23.9266,14.9349,23.9748,23.9266,
25,8,262144,2048,hyprefill,512/2048/2048,graph,70,23.9779,14.6603,24.0259,23.9779,
25,8,262144,2048,hyprefill,512/2048/2048,graph,71,23.7740,14.6603,23.8211,23.7740,
25,8,262144,2048,hyprefill,512/2048/2048,graph,72,23.9705,14.6285,24.0167,23.9705,
25,8,262144,2048,hyprefill,512/2048/2048,graph,73,23.7983,15.2095,23.8446,23.7983,
25,8,262144,2048,hyprefill,512/2048/2048,graph,74,23.6555,14.6285,23.7116,23.6555,
25,8,262144,2048,hyprefill,512/2048/2048,graph,75,23.6480,14.9349,23.6966,23.6480,
25,8,262144,2048,hyprefill,512/2048/2048,graph,76,23.5627,14.6285,23.6107,23.5627,
25,8,262144,2048,hyprefill,512/2048/2048,graph,77,23.9519,15.2095,23.9971,23.9519,
25,8,262144,2048,hyprefill,512/2048/2048,graph,78,23.5347,14.6285,23.5821,23.5347,
25,8,262144,2048,hyprefill,512/2048/2048,graph,79,23.6801,14.9349,23.7261,23.6801,
25,8,262144,2048,hyprefill,512/2048/2048,graph,80,23.8433,14.1111,23.8922,23.8433,
25,8,262144,2048,hyprefill,512/2048/2048,graph,81,24.3103,14.9349,24.3556,24.3103,
25,8,262144,2048,hyprefill,512/2048/2048,graph,82,23.9891,14.9349,24.0370,23.9891,
25,8,262144,2048,hyprefill,512/2048/2048,graph,83,24.1788,14.3539,24.2228,24.1788,
25,8,262144,2048,hyprefill,512/2048/2048,graph,84,23.7064,15.7268,23.7516,23.7064,
25,8,262144,2048,hyprefill,512/2048/2048,graph,85,23.6892,14.9031,23.7336,23.6892,
25,8,262144,2048,hyprefill,512/2048/2048,graph,86,23.8039,15.2095,23.8547,23.8039,
25,8,262144,2048,hyprefill,512/2048/2048,graph,87,23.6038,14.6285,23.6481,23.6038,
25,8,262144,2048,hyprefill,512/2048/2048,graph,88,23.4517,15.4522,23.5007,23.4517,
25,8,262144,2048,hyprefill,512/2048/2048,graph,89,23.9048,14.9031,23.9500,23.9048,
25,8,262144,2048,hyprefill,512/2048/2048,graph,90,23.9834,14.1111,24.0367,23.9834,
25,8,262144,2048,hyprefill,512/2048/2048,graph,91,23.5629,14.9349,23.6086,23.5629,
25,8,262144,2048,hyprefill,512/2048/2048,graph,92,23.8587,14.3857,23.9029,23.8587,
25,8,262144,2048,hyprefill,512/2048/2048,graph,93,23.7149,14.6603,23.7613,23.7149,
25,8,262144,2048,hyprefill,512/2048/2048,graph,94,23.6257,14.6285,23.6707,23.6257,
25,8,262144,2048,hyprefill,512/2048/2048,graph,95,23.5239,15.4522,23.5683,23.5239,
25,8,262144,2048,hyprefill,512/2048/2048,graph,96,23.5833,15.1776,23.6295,23.5833,
25,8,262144,2048,hyprefill,512/2048/2048,graph,97,23.6088,14.9349,23.6544,23.6088,
25,8,262144,2048,hyprefill,512/2048/2048,graph,98,23.8134,14.3539,23.8585,23.8134,
25,8,262144,2048,hyprefill,512/2048/2048,graph,99,23.7697,15.7268,23.8147,23.7697,
25,8,262144,2048,hyprefill,512/2048/2048,graph,100,23.2275,15.1458,23.2727,23.2275,
25,8,262144,2048,hyprefill,512/2048/2048,graph,101,23.7577,14.6603,23.8036,23.7577,
25,8,262144,2048,hyprefill,512/2048/2048,graph,102,23.9870,14.3857,24.0323,23.9870,
25,8,262144,2048,hyprefill,512/2048/2048,graph,103,23.7554,14.6603,23.7998,23.7554,
25,8,262144,2048,hyprefill,512/2048/2048,graph,104,23.9984,14.6921,24.0443,23.9984,
25,8,262144,2048,hyprefill,512/2048/2048,graph,105,24.0791,14.0793,24.1259,24.0791,
25,8,262144,2048,hyprefill,512/2048/2048,graph,106,23.3555,15.7268,23.4002,23.3555,
25,8,262144,2048,hyprefill,512/2048/2048,graph,107,23.6243,14.6285,23.6677,23.6243,
25,8,262144,2048,hyprefill,512/2048/2048,graph,108,23.7752,15.4841,23.8275,23.7752,
25,8,262144,2048,hyprefill,512/2048/2048,graph,109,23.9470,14.0793,23.9947,23.9470,
25,8,262144,2048,hyprefill,512/2048/2048,graph,110,22.3474,16.2442,22.3966,22.3474,
25,8,262144,2048,hyprefill,512/2048/2048,graph,111,22.1579,14.8394,22.2035,22.1579,
25,8,262144,2048,hyprefill,512/2048/2048,graph,112,23.8484,15.2095,23.8956,23.8484,
25,8,262144,2048,hyprefill,512/2048/2048,graph,113,23.8613,14.1429,23.9093,23.8613,
25,8,262144,2048,hyprefill,512/2048/2048,graph,114,23.9918,14.1429,24.0514,23.9918,
25,8,262144,2048,hyprefill,512/2048/2048,graph,115,23.9792,14.1429,24.0308,23.9792,
25,8,262144,2048,hyprefill,512/2048/2048,graph,116,23.9488,14.0793,23.9950,23.9488,
25,8,262144,2048,hyprefill,512/2048/2048,graph,117,22.5129,15.9696,22.5589,22.5129,
25,8,262144,2048,hyprefill,512/2048/2048,graph,118,23.6812,14.3539,23.7260,23.6812,
25,8,262144,2048,hyprefill,512/2048/2048,graph,119,23.9336,15.7586,23.9803,23.9336,
25,8,262144,2048,hyprefill,512/2048/2048,graph,120,24.1869,14.3539,24.2313,24.1869,
25,8,262144,2048,hyprefill,512/2048/2048,graph,121,21.7653,16.2442,21.8128,21.7653,
25,8,262144,2048,hyprefill,512/2048/2048,graph,122,21.1772,14.8076,21.2223,21.1772,
25,8,262144,2048,hyprefill,512/2048/2048,graph,123,23.8698,14.9349,23.9162,23.8698,
25,8,262144,2048,hyprefill,512/2048/2048,graph,124,23.7851,14.1111,23.8308,23.7851,
25,8,262144,2048,hyprefill,512/2048/2048,graph,125,23.9067,14.6921,23.9541,23.9067,
25,8,262144,2048,hyprefill,512/2048/2048,graph,126,23.9800,14.1429,24.0270,23.9800,
25,8,262144,2048,hyprefill,512/2048/2048,graph,127,23.9318,14.9031,23.9792,23.9318,
25,8,262144,2048,hyprefill,512/2048/2048,graph,128,23.9045,14.9031,23.9481,23.9045,
25,8,262144,2048,hyprefill,512/2048/2048,graph,129,24.0122,14.9349,24.0625,24.0122,
25,8,262144,2048,hyprefill,512/2048/2048,graph,130,23.9025,14.6603,23.9528,23.9025,
25,8,262144,2048,hyprefill,512/2048/2048,graph,131,23.8991,14.9349,23.9530,23.8991,
25,8,262144,2048,hyprefill,512/2048/2048,graph,132,23.7473,15.1776,23.7985,23.7473,
25,8,262144,2048,hyprefill,512/2048/2048,graph,133,21.9429,15.1140,21.9945,21.9429,
25,8,262144,2048,hyprefill,512/2048/2048,graph,134,23.5921,15.1776,23.6407,23.5921,
25,8,262144,2048,hyprefill,512/2048/2048,graph,135,23.8962,14.9349,23.9412,23.8962,
25,8,262144,2048,hyprefill,512/2048/2048,graph,136,23.9554,14.3857,24.0007,23.9554,
25,8,262144,2048,hyprefill,512/2048/2048,graph,137,24.0192,14.4175,24.0659,24.0192,
25,8,262144,2048,hyprefill,512/2048/2048,graph,138,23.9374,14.3857,23.9837,23.9374,
25,8,262144,2048,hyprefill,512/2048/2048,graph,139,23.4404,15.4522,23.4851,23.4404,
25,8,262144,2048,hyprefill,512/2048/2048,graph,140,23.9561,14.6285,24.0017,23.9561,
25,8,262144,2048,hyprefill,512/2048/2048,graph,141,23.7463,15.2095,23.8018,23.7463,
25,8,262144,2048,hyprefill,512/2048/2048,graph,142,24.1511,14.6603,24.2000,24.1511,
25,8,262144,2048,hyprefill,512/2048/2048,graph,143,24.0168,15.4841,24.0659,24.0168,
25,8,262144,2048,hyprefill,512/2048/2048,graph,144,22.1982,14.8394,22.2450,22.1982,
25,8,262144,2048,hyprefill,512/2048/2048,graph,145,22.6064,15.6950,22.6533,22.6064,
25,8,262144,2048,hyprefill,512/2048/2048,graph,146,23.7788,14.9031,23.8250,23.7788,
25,8,262144,2048,hyprefill,512/2048/2048,graph,147,23.7607,14.9349,23.8055,23.7607,
25,8,262144,2048,hyprefill,512/2048/2048,graph,148,23.6914,14.4175,23.7378,23.6914,
25,8,262144,2048,hyprefill,512/2048/2048,graph,149,24.1041,14.1111,24.1505,24.1041,
25,8,262144,2048,hyprefill,512/2048/2048,graph,150,23.7412,15.1776,23.7843,23.7412,
25,8,262144,2048,hyprefill,512/2048/2048,graph,151,23.9876,14.6603,24.0343,23.9876,
25,8,262144,2048,hyprefill,512/2048/2048,graph,152,24.1959,14.4175,24.2413,24.1959,
25,8,262144,2048,hyprefill,512/2048/2048,graph,153,24.0072,14.3857,24.0500,24.0072,
25,8,262144,2048,hyprefill,512/2048/2048,graph,154,23.7776,15.2095,23.8250,23.7776,
25,8,262144,2048,hyprefill,512/2048/2048,graph,155,23.4358,14.8712,23.4788,23.4358,
25,8,262144,2048,hyprefill,512/2048/2048,graph,156,22.5683,15.6950,22.6153,22.5683,
25,8,262144,2048,hyprefill,512/2048/2048,graph,157,23.7907,14.9031,23.8350,23.7907,
25,8,262144,2048,hyprefill,512/2048/2048,graph,158,23.6758,15.2095,23.7250,23.6758,
25,8,262144,2048,hyprefill,512/2048/2048,graph,159,23.9348,14.3857,23.9841,23.9348,
25,8,262144,2048,hyprefill,512/2048/2048,graph,160,23.7311,14.6603,23.7787,23.7311,
25,8,262144,2048,hyprefill,512/2048/2048,graph,161,24.1910,14.6603,24.2398,24.1910,
25,8,262144,2048,hyprefill,512/2048/2048,graph,162,23.9314,14.3857,23.9788,23.9314,
25,8,262144,2048,hyprefill,512/2048/2048,graph,163,23.8716,14.9349,23.9191,23.8716,
25,8,262144,2048,hyprefill,512/2048/2048,graph,164,23.8946,14.9349,23.9409,23.8946,
25,8,262144,2048,hyprefill,512/2048/2048,graph,165,24.0452,14.9349,24.0904,24.0452,
25,8,262144,2048,hyprefill,512/2048/2048,graph,166,24.0267,14.9031,24.0709,24.0267,
25,8,262144,2048,hyprefill,512/2048/2048,graph,167,23.9136,15.4522,23.9596,23.9136,
25,8,262144,2048,hyprefill,512/2048/2048,graph,168,23.8431,14.9031,23.8870,23.8431,
25,8,262144,2048,hyprefill,512/2048/2048,graph,169,23.3910,15.4522,23.4364,23.3910,
25,8,262144,2048,hyprefill,512/2048/2048,graph,170,23.6310,14.6603,23.6781,23.6310,
25,8,262144,2048,hyprefill,512/2048/2048,graph,171,23.8795,14.9031,23.9267,23.8795,
25,8,262144,2048,hyprefill,512/2048/2048,graph,172,23.8922,15.4522,23.9374,23.8922,
25,8,262144,2048,hyprefill,512/2048/2048,graph,173,24.0321,14.6603,24.0804,24.0321,
25,8,262144,2048,hyprefill,512/2048/2048,graph,174,23.8775,14.9349,23.9249,23.8775,
25,8,262144,2048,hyprefill,512/2048/2048,graph,175,23.9820,14.3857,24.0363,23.9820,
25,8,262144,2048,hyprefill,512/2048/2048,graph,176,23.5317,14.9349,23.5781,23.5317,
25,8,262144,2048,hyprefill,512/2048/2048,graph,177,24.0533,14.9031,24.0982,24.0533,
25,8,262144,2048,hyprefill,512/2048/2048,graph,178,23.4393,15.1776,23.4844,23.4393,
25,8,262144,2048,hyprefill,512/2048/2048,graph,179,23.8904,14.9349,23.9365,23.8904,
25,8,262144,2048,hyprefill,512/2048/2048,graph,180,23.8090,14.6603,23.8636,23.8090,
25,8,262144,2048,hyprefill,512/2048/2048,graph,181,23.7066,14.6603,23.7595,23.7066,
25,8,262144,2048,hyprefill,512/2048/2048,graph,182,23.6169,14.6285,23.6669,23.6169,
25,8,262144,2048,hyprefill,512/2048/2048,graph,183,23.7441,15.4522,23.7952,23.7441,
25,8,262144,2048,hyprefill,512/2048/2048,graph,184,23.9531,14.9349,24.0011,23.9531,
25,8,262144,2048,hyprefill,512/2048/2048,graph,185,23.8366,14.3857,23.8824,23.8366,
25,8,262144,2048,hyprefill,512/2048/2048,graph,186,23.5400,14.9349,23.5876,23.5400,
25,8,262144,2048,hyprefill,512/2048/2048,graph,187,23.8113,14.3857,23.8569,23.8113,
25,8,262144,2048,hyprefill,512/2048/2048,graph,188,23.7234,15.1776,23.7689,23.7234,
25,8,262144,2048,hyprefill,512/2048/2048,graph,189,23.9972,15.1776,24.0445,23.9972,
25,8,262144,2048,hyprefill,512/2048/2048,graph,190,23.8307,14.9349,23.8762,23.8307,
25,8,262144,2048,hyprefill,512/2048/2048,graph,191,23.7991,14.6285,23.8426,23.7991,
25,8,262144,2048,hyprefill,512/2048/2048,graph,192,23.6000,14.3857,23.6524,23.6000,
25,8,262144,2048,hyprefill,512/2048/2048,graph,193,23.5341,14.9349,23.5839,23.5341,
25,8,262144,2048,hyprefill,512/2048/2048,graph,194,23.7042,14.9031,23.7483,23.7042,
25,8,262144,2048,hyprefill,512/2048/2048,graph,195,23.8368,14.9349,23.8801,23.8368,
25,8,262144,2048,hyprefill,512/2048/2048,graph,196,23.7096,14.6285,23.7550,23.7096,
25,8,262144,2048,hyprefill,512/2048/2048,graph,197,23.7919,15.2095,23.8385,23.7919,
25,8,262144,2048,hyprefill,512/2048/2048,graph,198,23.7388,14.6285,23.7854,23.7388,
25,8,262144,2048,hyprefill,512/2048/2048,graph,199,24.1868,14.6603,24.2339,24.1868,
25,8,262144,2048,hyprefill,1024/2048/2048,graph,0,23.0412,15.3568,23.0873,23.0412,
25,8,262144,2048,hyprefill,1024/2048/2048,graph,1,22.9056,15.0822,22.9536,22.9056,
25,8,262144,2048,hyprefill,1024/2048/2048,graph,2,23.9743,14.8394,24.0226,23.9743,
25,8,262144,2048,hyprefill,1024/2048/2048,graph,3,24.0156,14.5648,24.0736,24.0156,
25,8,262144,2048,hyprefill,1024/2048/2048,graph,4,24.3431,14.5648,24.3925,24.3431,
25,8,262144,2048,hyprefill,1024/2048/2048,graph,5,24.0794,14.5648,24.1267,24.0794,
25,8,262144,2048,hyprefill,1024/2048/2048,graph,6,24.2482,14.5648,24.2954,24.2482,
25,8,262144,2048,hyprefill,1024/2048/2048,graph,7,24.2603,14.5648,24.3073,24.2603,
25,8,262144,2048,hyprefill,1024/2048/2048,graph,8,22.2652,15.0822,22.3194,22.2652,
25,8,262144,2048,hyprefill,1024/2048/2048,graph,9,23.8070,15.1140,23.8577,23.8070,
25,8,262144,2048,hyprefill,1024/2048/2048,graph,10,23.6919,14.8076,23.7383,23.6919,
25,8,262144,2048,hyprefill,1024/2048/2048,graph,11,23.7731,15.6632,23.8286,23.7731,
25,8,262144,2048,hyprefill,1024/2048/2048,graph,12,24.3273,14.0156,24.3743,24.3273,
25,8,262144,2048,hyprefill,1024/2048/2048,graph,13,24.0500,14.8394,24.0967,24.0500,
25,8,262144,2048,hyprefill,1024/2048/2048,graph,14,24.4215,14.5648,24.4685,24.4215,
25,8,262144,2048,hyprefill,1024/2048/2048,graph,15,24.1445,14.5648,24.1919,24.1445,
25,8,262144,2048,hyprefill,1024/2048/2048,graph,16,24.2255,15.1140,24.2738,24.2255,
25,8,262144,2048,hyprefill,1024/2048/2048,graph,17,24.1117,14.5648,24.1586,24.1117,
25,8,262144,2048,hyprefill,1024/2048/2048,graph,18,23.9863,15.1140,24.0346,23.9863,
25,8,262144,2048,hyprefill,1024/2048/2048,graph,19,23.7096,14.5330,23.7540,23.7096,
25,8,262144,2048,hyprefill,1024/2048/2048,graph,20,23.6979,15.3886,23.7444,23.6979,
25,8,262144,2048,hyprefill,1024/2048/2048,graph,21,24.2323,14.0156,24.2778,24.2323,
25,8,262144,2048,hyprefill,1024/2048/2048,graph,22,24.1211,14.8394,24.1675,24.1211,
25,8,262144,2048,hyprefill,1024/2048/2048,graph,23,23.8361,14.8394,23.8867,23.8361,
25,8,262144,2048,hyprefill,1024/2048/2048,graph,24,23.9940,14.2902,24.0411,23.9940,
25,8,262144,2048,hyprefill,1024/2048/2048,graph,25,24.0846,14.8394,24.1303,24.0846,
25,8,262144,2048,hyprefill,1024/2048/2048,graph,26,22.6393,14.8076,22.6900,22.6393,
25,8,262144,2048,hyprefill,1024/2048/2048,graph,27,22.6288,15.9059,22.6753,22.6288,
25,8,262144,2048,hyprefill,1024/2048/2048,graph,28,23.2427,14.8076,23.2884,23.2427,
25,8,262144,2048,hyprefill,1024/2048/2048,graph,29,23.7836,15.1140,23.8313,23.7836,
25,8,262144,2048,hyprefill,1024/2048/2048,graph,30,23.8645,14.0156,23.9117,23.8645,
25,8,262144,2048,hyprefill,1024/2048/2048,graph,31,23.8465,14.5648,23.8977,23.8465,
25,8,262144,2048,hyprefill,1024/2048/2048,graph,32,23.7762,14.5648,23.8229,23.7762,
25,8,262144,2048,hyprefill,1024/2048/2048,graph,33,23.9494,14.2902,23.9965,23.9494,
25,8,262144,2048,hyprefill,1024/2048/2048,graph,34,23.5181,14.8394,23.5665,23.5181,
25,8,262144,2048,hyprefill,1024/2048/2048,graph,35,24.2294,14.5648,24.2780,24.2294,
25,8,262144,2048,hyprefill,1024/2048/2048,graph,36,24.1684,15.3886,24.2152,24.1684,
25,8,262144,2048,hyprefill,1024/2048/2048,graph,37,24.2557,14.5330,24.2997,24.2557,
25,8,262144,2048,hyprefill,1024/2048/2048,graph,38,23.7642,15.6632,23.8117,23.7642,
25,8,262144,2048,hyprefill,1024/2048/2048,graph,39,24.0679,14.2902,24.1150,24.0679,
25,8,262144,2048,hyprefill,1024/2048/2048,graph,40,23.6992,14.5648,23.7458,23.6992,
25,8,262144,2048,hyprefill,1024/2048/2048,graph,41,23.9667,14.2902,24.0132,23.9667,
25,8,262144,2048,hyprefill,1024/2048/2048,graph,42,24.0180,14.5648,24.0604,24.0180,
25,8,262144,2048,hyprefill,1024/2048/2048,graph,43,24.0329,14.8394,24.0791,24.0329,
25,8,262144,2048,hyprefill,1024/2048/2048,graph,44,22.2749,14.8076,22.3200,22.2749,
25,8,262144,2048,hyprefill,1024/2048/2048,graph,45,24.3113,14.8394,24.3676,24.3113,
25,8,262144,2048,hyprefill,1024/2048/2048,graph,46,24.3937,14.2902,24.4395,24.3937,
25,8,262144,2048,hyprefill,1024/2048/2048,graph,47,23.7466,15.1140,23.7940,23.7466,
25,8,262144,2048,hyprefill,1024/2048/2048,graph,48,23.2354,14.8076,23.2804,23.2354,
25,8,262144,2048,hyprefill,1024/2048/2048,graph,49,23.6603,15.1140,23.7091,23.6603,
25,8,262144,2048,hyprefill,1024/2048/2048,graph,50,23.7931,14.2902,23.8467,23.7931,
25,8,262144,2048,hyprefill,1024/2048/2048,graph,51,23.7214,14.5648,23.7687,23.7214,
25,8,262144,2048,hyprefill,1024/2048/2048,graph,52,24.0136,14.5648,24.0620,24.0136,
25,8,262144,2048,hyprefill,1024/2048/2048,graph,53,23.9638,14.8394,24.0115,23.9638,
25,8,262144,2048,hyprefill,1024/2048/2048,graph,54,24.1775,14.2902,24.2248,24.1775,
25,8,262144,2048,hyprefill,1024/2048/2048,graph,55,23.5233,14.8394,23.5708,23.5233,
25,8,262144,2048,hyprefill,1024/2048/2048,graph,56,23.9367,14.8394,23.9837,23.9367,
25,8,262144,2048,hyprefill,1024/2048/2048,graph,57,22.1081,14.5330,22.1535,22.1081,
25,8,262144,2048,hyprefill,1024/2048/2048,graph,58,23.8893,15.3886,23.9351,23.8893,
25,8,262144,2048,hyprefill,1024/2048/2048,graph,59,23.9013,14.2902,23.9485,23.9013,
25,8,262144,2048,hyprefill,1024/2048/2048,graph,60,23.7188,14.5648,23.7646,23.7188,
25,8,262144,2048,hyprefill,1024/2048/2048,graph,61,23.6606,14.5648,23.7179,23.6606,
25,8,262144,2048,hyprefill,1024/2048/2048,graph,62,24.0094,14.2902,24.0577,24.0094,
25,8,262144,2048,hyprefill,1024/2048/2048,graph,63,24.2703,15.1140,24.3188,24.2703,
25,8,262144,2048,hyprefill,1024/2048/2048,graph,64,24.1127,13.4665,24.1583,24.1127,
25,8,262144,2048,hyprefill,1024/2048/2048,graph,65,23.4833,15.6632,23.5588,23.4833,
25,8,262144,2048,hyprefill,1024/2048/2048,graph,66,22.7926,14.2584,22.8382,22.7926,
25,8,262144,2048,hyprefill,1024/2048/2048,graph,67,23.5742,15.3886,23.6209,23.5742,
25,8,262144,2048,hyprefill,1024/2048/2048,graph,68,22.6141,14.5330,22.6595,22.6141,
25,8,262144,2048,hyprefill,1024/2048/2048,graph,69,23.9589,15.3886,24.0062,23.9589,
25,8,262144,2048,hyprefill,1024/2048/2048,graph,70,23.0035,14.2584,23.0486,23.0035,
25,8,262144,2048,hyprefill,1024/2048/2048,graph,71,23.3807,15.3886,23.4294,23.3807,
25,8,262144,2048,hyprefill,1024/2048/2048,graph,72,24.2515,14.0156,24.2981,24.2515,
25,8,262144,2048,hyprefill,1024/2048/2048,graph,73,24.2535,15.1140,24.3012,24.2535,
25,8,262144,2048,hyprefill,1024/2048/2048,graph,74,24.2092,14.5648,24.2548,24.2092,
25,8,262144,2048,hyprefill,1024/2048/2048,graph,75,24.0006,14.8394,24.0487,24.0006,
25,8,262144,2048,hyprefill,1024/2048/2048,graph,76,22.1783,15.0822,22.2231,22.1783,
25,8,262144,2048,hyprefill,1024/2048/2048,graph,77,24.0476,14.5648,24.0942,24.0476,
25,8,262144,2048,hyprefill,1024/2048/2048,graph,78,23.6746,15.1140,23.7214,23.6746,
25,8,262144,2048,hyprefill,1024/2048/2048,graph,79,23.0200,14.5330,23.0642,23.0200,
25,8,262144,2048,hyprefill,1024/2048/2048,graph,80,24.0171,15.3886,24.0652,24.0171,
25,8,262144,2048,hyprefill,1024/2048/2048,graph,81,22.8776,14.5330,22.9221,22.8776,
25,8,262144,2048,hyprefill,1024/2048/2048,graph,82,23.8131,15.1140,23.8672,23.8131,
25,8,262144,2048,hyprefill,1024/2048/2048,graph,83,24.0271,14.0156,24.0733,24.0271,
25,8,262144,2048,hyprefill,1024/2048/2048,graph,84,24.1109,15.3886,24.1564,24.1109,
25,8,262144,2048,hyprefill,1024/2048/2048,graph,85,24.4581,14.2902,24.5052,24.4581,
25,8,262144,2048,hyprefill,1024/2048/2048,graph,86,23.9143,14.8394,23.9607,23.9143,
25,8,262144,2048,hyprefill,1024/2048/2048,graph,87,24.1543,14.8394,24.2192,24.1543,
25,8,262144,2048,hyprefill,1024/2048/2048,graph,88,24.2000,14.2902,24.2473,24.2000,
25,8,262144,2048,hyprefill,1024/2048/2048,graph,89,24.1033,15.3886,24.1505,24.1033,
25,8,262144,2048,hyprefill,1024/2048/2048,graph,90,23.0080,14.5330,23.0578,23.0080,
25,8,262144,2048,hyprefill,1024/2048/2048,graph,91,23.8805,15.3886,23.9277,23.8805,
25,8,262144,2048,hyprefill,1024/2048/2048,graph,92,23.9028,14.2902,23.9500,23.9028,
25,8,262144,2048,hyprefill,1024/2048/2048,graph,93,24.2663,14.5648,24.3138,24.2663,
25,8,262144,2048,hyprefill,1024/2048/2048,graph,94,24.2930,15.1140,24.3405,24.2930,
25,8,262144,2048,hyprefill,1024/2048/2048,graph,95,24.3964,14.2902,24.4423,24.3964,
25,8,262144,2048,hyprefill,1024/2048/2048,graph,96,22.2647,15.6314,22.3117,22.2647,
25,8,262144,2048,hyprefill,1024/2048/2048,graph,97,23.2140,14.8076,23.2583,23.2140,
25,8,262144,2048,hyprefill,1024/2048/2048,graph,98,23.9231,15.3886,23.9708,23.9231,
25,8,262144,2048,hyprefill,1024/2048/2048,graph,99,22.5206,14.5330,22.5660,22.5206,
25,8,262144,2048,hyprefill,1024/2048/2048,graph,100,24.0640,15.3886,24.1113,24.0640,
25,8,262144,2048,hyprefill,1024/2048/2048,graph,101,24.4018,13.7410,24.4463,24.4018,
25,8,262144,2048,hyprefill,1024/2048/2048,graph,102,23.8004,15.1140,23.8463,23.8004,
25,8,262144,2048,hyprefill,1024/2048/2048,graph,103,24.0825,14.5648,24.1302,24.0825,
25,8,262144,2048,hyprefill,1024/2048/2048,graph,104,24.3721,14.5648,24.4175,24.3721,
25,8,262144,2048,hyprefill,1024/2048/2048,graph,105,24.2353,15.1140,24.2817,24.2353,
25,8,262144,2048,hyprefill,1024/2048/2048,graph,106,23.2192,14.8076,23.2729,23.2192,
25,8,262144,2048,hyprefill,1024/2048/2048,graph,107,22.8364,16.1805,22.8810,22.8364,
25,8,262144,2048,hyprefill,1024/2048/2048,graph,108,23.6568,15.0822,23.7034,23.6568,
25,8,262144,2048,hyprefill,1024/2048/2048,graph,109,23.4885,15.1140,23.5371,23.4885,
25,8,262144,2048,hyprefill,1024/2048/2048,graph,110,23.9136,14.0156,23.9608,23.9136,
25,8,262144,2048,hyprefill,1024/2048/2048,graph,111,24.2476,15.1140,24.2961,24.2476,
25,8,262144,2048,hyprefill,1024/2048/2048,graph,112,24.1153,14.5648,24.1647,24.1153,
25,8,262144,2048,hyprefill,1024/2048/2048,graph,113,24.5701,14.2902,24.6226,24.5701,
25,8,262144,2048,hyprefill,1024/2048/2048,graph,114,24.0692,14.8394,24.1206,24.0692,
25,8,262144,2048,hyprefill,1024/2048/2048,graph,115,24.3623,14.2902,24.4146,24.3623,
25,8,262144,2048,hyprefill,1024/2048/2048,graph,116,23.8346,15.1140,23.8841,23.8346,
25,8,262144,2048,hyprefill,1024/2048/2048,graph,117,23.2968,14.8076,23.3440,23.2968,
25,8,262144,2048,hyprefill,1024/2048/2048,graph,118,23.9225,15.3886,23.9723,23.9225,
25,8,262144,2048,hyprefill,1024/2048/2048,graph,119,23.0803,14.5330,23.1271,23.0803,
25,8,262144,2048,hyprefill,1024/2048/2048,graph,120,24.0762,15.3886,24.1236,24.0762,
25,8,262144,2048,hyprefill,1024/2048/2048,graph,121,24.1809,14.5648,24.2297,24.1809,
25,8,262144,2048,hyprefill,1024/2048/2048,graph,122,24.3571,14.5648,24.4031,24.3571,
25,8,262144,2048,hyprefill,1024/2048/2048,graph,123,24.1838,14.5648,24.2348,24.1838,
25,8,262144,2048,hyprefill,1024/2048/2048,graph,124,24.3044,14.5648,24.3564,24.3044,
25,8,262144,2048,hyprefill,1024/2048/2048,graph,125,24.2037,14.8394,24.2559,24.2037,
25,8,262144,2048,hyprefill,1024/2048/2048,graph,126,22.7933,14.5330,22.8421,22.7933,
25,8,262144,2048,hyprefill,1024/2048/2048,graph,127,23.8051,15.6632,23.8542,23.8051,
25,8,262144,2048,hyprefill,1024/2048/2048,graph,128,23.4330,14.2584,23.4787,23.4330,
25,8,262144,2048,hyprefill,1024/2048/2048,graph,129,23.7250,15.6632,23.7732,23.7250,
25,8,262144,2048,hyprefill,1024/2048/2048,graph,130,24.3201,14.0156,24.3652,24.3201,
25,8,262144,2048,hyprefill,1024/2048/2048,graph,131,23.8397,14.8394,23.8855,23.8397,
25,8,262144,2048,hyprefill,1024/2048/2048,graph,132,23.9838,14.5648,24.0393,23.9838,
25,8,262144,2048,hyprefill,1024/2048/2048,graph,133,23.8730,14.2902,23.9197,23.8730,
25,8,262144,2048,hyprefill,1024/2048/2048,graph,134,24.3396,15.1140,24.3883,24.3396,
25,8,262144,2048,hyprefill,1024/2048/2048,graph,135,21.8877,14.5330,21.9347,21.8877,
25,8,262144,2048,hyprefill,1024/2048/2048,graph,136,23.7800,15.1140,23.8275,23.7800,
25,8,262144,2048,hyprefill,1024/2048/2048,graph,137,23.9659,14.5648,24.0177,23.9659,
25,8,262144,2048,hyprefill,1024/2048/2048,graph,138,23.6441,14.5648,23.6933,23.6441,
25,8,262144,2048,hyprefill,1024/2048/2048,graph,139,23.7142,14.2902,23.7599,23.7142,
25,8,262144,2048,hyprefill,1024/2048/2048,graph,140,23.7945,14.8394,23.8420,23.7945,
25,8,262144,2048,hyprefill,1024/2048/2048,graph,141,23.5922,14.5648,23.6377,23.5922,
25,8,262144,2048,hyprefill,1024/2048/2048,graph,142,23.6936,14.2902,23.7401,23.6936,
25,8,262144,2048,hyprefill,1024/2048/2048,graph,143,24.0334,14.8394,24.0772,24.0334,
25,8,262144,2048,hyprefill,1024/2048/2048,graph,144,22.2924,15.0822,22.3380,22.2924,
25,8,262144,2048,hyprefill,1024/2048/2048,graph,145,22.6576,15.6314,22.7018,22.6576,
25,8,262144,2048,hyprefill,1024/2048/2048,graph,146,23.7934,14.2902,23.8487,23.7934,
25,8,262144,2048,hyprefill,1024/2048/2048,graph,147,23.9853,14.8394,24.0390,23.9853,
25,8,262144,2048,hyprefill,1024/2048/2048,graph,148,23.6086,14.5648,23.6580,23.6086,
25,8,262144,2048,hyprefill,1024/2048/2048,graph,149,23.9753,14.2902,24.0233,23.9753,
25,8,262144,2048,hyprefill,1024/2048/2048,graph,150,23.9030,14.8394,23.9490,23.9030,
25,8,262144,2048,hyprefill,1024/2048/2048,graph,151,24.2128,14.2902,24.2613,24.2128,
25,8,262144,2048,hyprefill,1024/2048/2048,graph,152,24.1199,15.3886,24.1644,24.1199,
25,8,262144,2048,hyprefill,1024/2048/2048,graph,153,22.8306,14.5330,22.8749,22.8306,
25,8,262144,2048,hyprefill,1024/2048/2048,graph,154,23.9319,15.3886,23.9772,23.9319,
25,8,262144,2048,hyprefill,1024/2048/2048,graph,155,23.9961,14.5648,24.0420,23.9961,
25,8,262144,2048,hyprefill,1024/2048/2048,graph,156,23.0934,15.0822,23.1368,23.0934,
25,8,262144,2048,hyprefill,1024/2048/2048,graph,157,23.8199,15.3886,23.8671,23.8199,
25,8,262144,2048,hyprefill,1024/2048/2048,graph,158,23.8665,14.2902,23.9120,23.8665,
25,8,262144,2048,hyprefill,1024/2048/2048,graph,159,23.6742,14.5648,23.7199,23.6742,
25,8,262144,2048,hyprefill,1024/2048/2048,graph,160,23.7966,14.5648,23.8428,23.7966,
25,8,262144,2048,hyprefill,1024/2048/2048,graph,161,24.0239,14.2902,24.0678,24.0239,
25,8,262144,2048,hyprefill,1024/2048/2048,graph,162,23.7335,14.8394,23.7799,23.7335,
25,8,262144,2048,hyprefill,1024/2048/2048,graph,163,24.2614,14.5648,24.3061,24.2614,
25,8,262144,2048,hyprefill,1024/2048/2048,graph,164,24.3506,14.2902,24.3934,24.3506,
25,8,262144,2048,hyprefill,1024/2048/2048,graph,165,23.5124,15.1140,23.5583,23.5124,
25,8,262144,2048,hyprefill,1024/2048/2048,graph,166,23.8814,14.2902,23.9259,23.8814,
25,8,262144,2048,hyprefill,1024/2048/2048,graph,167,23.7892,14.8394,23.8342,23.7892,
25,8,262144,2048,hyprefill,1024/2048/2048,graph,168,22.3333,14.5330,22.3767,22.3333,
25,8,262144,2048,hyprefill,1024/2048/2048,graph,169,23.4188,15.3886,23.4651,23.4188,
25,8,262144,2048,hyprefill,1024/2048/2048,graph,170,24.0595,14.0156,24.1037,24.0595,
25,8,262144,2048,hyprefill,1024/2048/2048,graph,171,23.9505,14.8394,23.9939,23.9505,
25,8,262144,2048,hyprefill,1024/2048/2048,graph,172,24.0151,14.5648,24.0561,24.0151,
25,8,262144,2048,hyprefill,1024/2048/2048,graph,173,24.0406,14.8394,24.0844,24.0406,
25,8,262144,2048,hyprefill,1024/2048/2048,graph,174,23.8650,14.8394,23.9108,23.8650,
25,8,262144,2048,hyprefill,1024/2048/2048,graph,175,23.9648,14.2902,24.0111,23.9648,
25,8,262144,2048,hyprefill,1024/2048/2048,graph,176,21.4055,15.3568,21.4501,21.4055,
25,8,262144,2048,hyprefill,1024/2048/2048,graph,177,22.6116,14.8076,22.6572,22.6116,
25,8,262144,2048,hyprefill,1024/2048/2048,graph,178,23.7489,15.1140,23.7994,23.7489,
25,8,262144,2048,hyprefill,1024/2048/2048,graph,179,23.7052,14.2902,23.7505,23.7052,
25,8,262144,2048,hyprefill,1024/2048/2048,graph,180,24.1309,14.8394,24.1760,24.1309,
25,8,262144,2048,hyprefill,1024/2048/2048,graph,181,23.9825,14.5648,24.0276,23.9825,
25,8,262144,2048,hyprefill,1024/2048/2048,graph,182,24.1785,14.5648,24.2231,24.1785,
25,8,262144,2048,hyprefill,1024/2048/2048,graph,183,24.1518,15.1140,24.1962,24.1518,
25,8,262144,2048,hyprefill,1024/2048/2048,graph,184,24.0171,14.2902,24.0621,24.0171,
25,8,262144,2048,hyprefill,1024/2048/2048,graph,185,22.4370,15.3568,22.4815,22.4370,
25,8,262144,2048,hyprefill,1024/2048/2048,graph,186,22.5137,15.3568,22.5594,22.5137,
25,8,262144,2048,hyprefill,1024/2048/2048,graph,187,23.9594,14.8394,24.0028,23.9594,
25,8,262144,2048,hyprefill,1024/2048/2048,graph,188,23.8625,14.5648,23.9443,23.8625,
25,8,262144,2048,hyprefill,1024/2048/2048,graph,189,24.0112,14.5648,24.0555,24.0112,
25,8,262144,2048,hyprefill,1024/2048/2048,graph,190,23.9428,14.8394,23.9886,23.9428,
25,8,262144,2048,hyprefill,1024/2048/2048,graph,191,23.9824,14.0156,24.0291,23.9824,
25,8,262144,2048,hyprefill,1024/2048/2048,graph,192,24.1016,15.1140,24.1454,24.1016,
25,8,262144,2048,hyprefill,1024/2048/2048,graph,193,24.0527,14.2902,24.0972,24.0527,
25,8,262144,2048,hyprefill,1024/2048/2048,graph,194,23.7639,15.1140,23.8106,23.7639,
25,8,262144,2048,hyprefill,1024/2048/2048,graph,195,22.9988,14.8076,23.0424,22.9988,
25,8,262144,2048,hyprefill,1024/2048/2048,graph,196,23.6691,15.1140,23.7169,23.6691,
25,8,262144,2048,hyprefill,1024/2048/2048,graph,197,23.8488,14.2902,23.8969,23.8488,
25,8,262144,2048,hyprefill,1024/2048/2048,graph,198,23.9282,14.8394,23.9819,23.9282,
25,8,262144,2048,hyprefill,1024/2048/2048,graph,199,23.8667,14.2902,23.9161,23.8667,
25,8,262144,2048,hyprefill,1024/1536/1536,graph,0,24.0877,15.6632,24.1539,24.0877,
25,8,262144,2048,hyprefill,1024/1536/1536,graph,1,24.2154,14.8394,24.2618,24.2154,
25,8,262144,2048,hyprefill,1024/1536/1536,graph,2,24.1506,14.8394,24.1961,24.1506,
25,8,262144,2048,hyprefill,1024/1536/1536,graph,3,24.2189,14.8394,24.2644,24.2189,
25,8,262144,2048,hyprefill,1024/1536/1536,graph,4,22.5919,15.0822,22.6386,22.5919,
25,8,262144,2048,hyprefill,1024/1536/1536,graph,5,24.1272,15.1140,24.1724,24.1272,
25,8,262144,2048,hyprefill,1024/1536/1536,graph,6,23.8243,14.2902,23.8738,23.8243,
25,8,262144,2048,hyprefill,1024/1536/1536,graph,7,24.2033,15.6632,24.2517,24.2033,
25,8,262144,2048,hyprefill,1024/1536/1536,graph,8,23.0078,14.8076,23.0520,23.0078,
25,8,262144,2048,hyprefill,1024/1536/1536,graph,9,24.1348,15.6632,24.1827,24.1348,
25,8,262144,2048,hyprefill,1024/1536/1536,graph,10,24.4327,14.5648,24.4800,24.4327,
25,8,262144,2048,hyprefill,1024/1536/1536,graph,11,22.7840,15.6314,22.8285,22.7840,
25,8,262144,2048,hyprefill,1024/1536/1536,graph,12,24.1617,14.8394,24.2068,24.1617,
25,8,262144,2048,hyprefill,1024/1536/1536,graph,13,23.0993,15.6314,23.1426,23.0993,
25,8,262144,2048,hyprefill,1024/1536/1536,graph,14,24.4009,15.1140,24.4475,24.4009,
25,8,262144,2048,hyprefill,1024/1536/1536,graph,15,24.2340,14.8394,24.2846,24.2340,
25,8,262144,2048,hyprefill,1024/1536/1536,graph,16,24.2033,15.3886,24.2510,24.2033,
25,8,262144,2048,hyprefill,1024/1536/1536,graph,17,24.2043,14.8394,24.2524,24.2043,
25,8,262144,2048,hyprefill,1024/1536/1536,graph,18,23.1556,15.3568,23.1990,23.1556,
25,8,262144,2048,hyprefill,1024/1536/1536,graph,19,23.2646,16.1805,23.3105,23.2646,
25,8,262144,2048,hyprefill,1024/1536/1536,graph,20,24.3336,15.1140,24.3792,24.3336,
25,8,262144,2048,hyprefill,1024/1536/1536,graph,21,24.3831,15.1140,24.4335,24.3831,
25,8,262144,2048,hyprefill,1024/1536/1536,graph,22,23.3660,15.3568,23.4091,23.3660,
25,8,262144,2048,hyprefill,1024/1536/1536,graph,23,24.0298,15.1140,24.0751,24.0298,
25,8,262144,2048,hyprefill,1024/1536/1536,graph,24,24.2373,14.5648,24.2848,24.2373,
25,8,262144,2048,hyprefill,1024/1536/1536,graph,25,24.2283,14.8394,24.2808,24.2283,
25,8,262144,2048,hyprefill,1024/1536/1536,graph,26,24.0475,14.8394,24.0925,24.0475,
25,8,262144,2048,hyprefill,1024/1536/1536,graph,27,24.3974,15.3886,24.4501,24.3974,
25,8,262144,2048,hyprefill,1024/1536/1536,graph,28,22.5693,14.8076,22.6195,22.5693,
25,8,262144,2048,hyprefill,1024/1536/1536,graph,29,23.9891,15.6632,24.0417,23.9891,
25,8,262144,2048,hyprefill,1024/1536/1536,graph,30,24.2234,14.5648,24.2697,24.2234,
25,8,262144,2048,hyprefill,1024/1536/1536,graph,31,22.4740,15.3568,22.5185,22.4740,
25,8,262144,2048,hyprefill,1024/1536/1536,graph,32,22.5637,15.9059,22.6084,22.5637,
25,8,262144,2048,hyprefill,1024/1536/1536,graph,33,23.0309,15.6314,23.0811,23.0309,
25,8,262144,2048,hyprefill,1024/1536/1536,graph,34,23.9370,15.1140,23.9864,23.9370,
25,8,262144,2048,hyprefill,1024/1536/1536,graph,35,24.2297,14.2902,24.2763,24.2297,
25,8,262144,2048,hyprefill,1024/1536/1536,graph,36,24.2230,14.8394,24.2688,24.2230,
25,8,262144,2048,hyprefill,1024/1536/1536,graph,37,24.3875,14.5648,24.4337,24.3875,
25,8,262144,2048,hyprefill,1024/1536/1536,graph,38,23.9585,15.1140,24.0090,23.9585,
25,8,262144,2048,hyprefill,1024/1536/1536,graph,39,24.1835,14.8394,24.2295,24.1835,
25,8,262144,2048,hyprefill,1024/1536/1536,graph,40,23.8772,15.1140,23.9362,23.8772,
25,8,262144,2048,hyprefill,1024/1536/1536,graph,41,22.5293,15.0822,22.5769,22.5293,
25,8,262144,2048,hyprefill,1024/1536/1536,graph,42,21.8513,15.9059,21.8929,21.8513,
25,8,262144,2048,hyprefill,1024/1536/1536,graph,43,23.0333,15.3568,23.0789,23.0333,
25,8,262144,2048,hyprefill,1024/1536/1536,graph,44,23.9742,15.3886,24.0406,23.9742,
25,8,262144,2048,hyprefill,1024/1536/1536,graph,45,24.1042,14.8394,24.1529,24.1042,
25,8,262144,2048,hyprefill,1024/1536/1536,graph,46,23.9498,14.8394,24.0058,23.9498,
25,8,262144,2048,hyprefill,1024/1536/1536,graph,47,24.2049,14.8394,24.2539,24.2049,
25,8,262144,2048,hyprefill,1024/1536/1536,graph,48,24.0840,14.8394,24.1300,24.0840,
25,8,262144,2048,hyprefill,1024/1536/1536,graph,49,24.4426,14.5648,24.4885,24.4426,
25,8,262144,2048,hyprefill,1024/1536/1536,graph,50,23.7389,15.1140,23.7870,23.7389,
25,8,262144,2048,hyprefill,1024/1536/1536,graph,51,24.1598,14.8394,24.2076,24.1598,
25,8,262144,2048,hyprefill,1024/1536/1536,graph,52,22.8987,15.3568,22.9488,22.8987,
25,8,262144,2048,hyprefill,1024/1536/1536,graph,53,24.3441,15.1140,24.3910,24.3441,
25,8,262144,2048,hyprefill,1024/1536/1536,graph,54,23.9549,14.8394,23.9996,23.9549,
25,8,262144,2048,hyprefill,1024/1536/1536,graph,55,24.2272,15.3886,24.2739,24.2272,
25,8,262144,2048,hyprefill,1024/1536/1536,graph,56,22.5344,14.8076,22.5797,22.5344,
25,8,262144,2048,hyprefill,1024/1536/1536,graph,57,24.0169,15.6632,24.0651,24.0169,
25,8,262144,2048,hyprefill,1024/1536/1536,graph,58,23.9581,14.2902,24.0065,23.9581,
25,8,262144,2048,hyprefill,1024/1536/1536,graph,59,24.2071,15.1140,24.2575,24.2071,
25,8,262144,2048,hyprefill,1024/1536/1536,graph,60,21.9054,14.8076,21.9511,21.9054,
25,8,262144,2048,hyprefill,1024/1536/1536,graph,61,24.2546,15.3886,24.3013,24.2546,
25,8,262144,2048,hyprefill,1024/1536/1536,graph,62,23.9677,14.5648,24.0121,23.9677,
25,8,262144,2048,hyprefill,1024/1536/1536,graph,63,24.2297,14.8394,24.2741,24.2297,
25,8,262144,2048,hyprefill,1024/1536/1536,graph,64,23.9156,15.3886,23.9628,23.9156,
25,8,262144,2048,hyprefill,1024/1536/1536,graph,65,22.2468,15.0822,22.3793,22.2468,
25,8,262144,2048,hyprefill,1024/1536/1536,graph,66,23.9955,15.1140,24.0436,23.9955,
25,8,262144,2048,hyprefill,1024/1536/1536,graph,67,24.4116,15.1140,24.4588,24.4116,
25,8,262144,2048,hyprefill,1024/1536/1536,graph,68,23.9624,14.8394,24.0125,23.9624,
25,8,262144,2048,hyprefill,1024/1536/1536,graph,69,24.4406,14.5648,24.4878,24.4406,
25,8,262144,2048,hyprefill,1024/1536/1536,graph,70,22.2296,15.9059,22.2762,22.2296,
25,8,262144,2048,hyprefill,1024/1536/1536,graph,71,24.2809,14.8394,24.3275,24.2809,
25,8,262144,2048,hyprefill,1024/1536/1536,graph,72,23.8516,14.8394,23.8985,23.8516,
25,8,262144,2048,hyprefill,1024/1536/1536,graph,73,22.8667,15.6314,22.9103,22.8667,
25,8,262144,2048,hyprefill,1024/1536/1536,graph,74,22.4648,15.9059,22.5108,22.4648,
25,8,262144,2048,hyprefill,1024/1536/1536,graph,75,23.2666,15.6314,23.3118,23.2666,
25,8,262144,2048,hyprefill,1024/1536/1536,graph,76,24.0219,15.1140,24.0679,24.0219,
25,8,262144,2048,hyprefill,1024/1536/1536,graph,77,24.3638,14.2902,24.4079,24.3638,
25,8,262144,2048,hyprefill,1024/1536/1536,graph,78,23.9977,15.3886,24.0448,23.9977,
25,8,262144,2048,hyprefill,1024/1536/1536,graph,79,24.2403,14.5648,24.2846,24.2403,
25,8,262144,2048,hyprefill,1024/1536/1536,graph,80,24.0221,14.5648,24.0673,24.0221,
25,8,262144,2048,hyprefill,1024/1536/1536,graph,81,23.9478,14.8394,23.9939,23.9478,
25,8,262144,2048,hyprefill,1024/1536/1536,graph,82,22.4347,15.3568,22.4870,22.4347,
25,8,262144,2048,hyprefill,1024/1536/1536,graph,83,22.7655,16.1805,22.8122,22.7655,
25,8,262144,2048,hyprefill,1024/1536/1536,graph,84,23.1668,15.3568,23.2112,23.1668,
25,8,262144,2048,hyprefill,1024/1536/1536,graph,85,24.3673,15.6632,24.4180,24.3673,
25,8,262144,2048,hyprefill,1024/1536/1536,graph,86,24.5792,14.5648,24.6256,24.5792,
25,8,262144,2048,hyprefill,1024/1536/1536,graph,87,24.4756,15.1140,24.5215,24.4756,
25,8,262144,2048,hyprefill,1024/1536/1536,graph,88,24.4636,14.8394,24.5100,24.4636,
25,8,262144,2048,hyprefill,1024/1536/1536,graph,89,24.3212,15.1140,24.3671,24.3212,
25,8,262144,2048,hyprefill,1024/1536/1536,graph,90,24.3669,14.8394,24.4130,24.3669,
25,8,262144,2048,hyprefill,1024/1536/1536,graph,91,22.3289,15.3568,22.3821,22.3289,
25,8,262144,2048,hyprefill,1024/1536/1536,graph,92,22.7912,15.9059,22.8396,22.7912,
25,8,262144,2048,hyprefill,1024/1536/1536,graph,93,22.7902,15.6314,22.8367,22.7902,
25,8,262144,2048,hyprefill,1024/1536/1536,graph,94,24.0588,14.8394,24.1061,24.0588,
25,8,262144,2048,hyprefill,1024/1536/1536,graph,95,24.0777,15.3886,24.1238,24.0777,
25,8,262144,2048,hyprefill,1024/1536/1536,graph,96,24.4252,14.8394,24.4719,24.4252,
25,8,262144,2048,hyprefill,1024/1536/1536,graph,97,24.2800,15.1140,24.3253,24.2800,
25,8,262144,2048,hyprefill,1024/1536/1536,graph,98,24.2186,14.5648,24.2653,24.2186,
25,8,262144,2048,hyprefill,1024/1536/1536,graph,99,24.2272,15.3886,24.2744,24.2272,
25,8,262144,2048,hyprefill,1024/1536/1536,graph,100,24.4118,14.8394,24.4575,24.4118,
25,8,262144,2048,hyprefill,1024/1536/1536,graph,101,23.1194,15.3568,23.1678,23.1194,
25,8,262144,2048,hyprefill,1024/1536/1536,graph,102,22.8872,15.9059,22.9322,22.8872,
25,8,262144,2048,hyprefill,1024/1536/1536,graph,103,24.1500,14.8394,24.1928,24.1500,
25,8,262144,2048,hyprefill,1024/1536/1536,graph,104,24.2776,14.8394,24.3223,24.2776,
25,8,262144,2048,hyprefill,1024/1536/1536,graph,105,24.1731,14.8394,24.2185,24.1731,
25,8,262144,2048,hyprefill,1024/1536/1536,graph,106,24.1369,15.1140,24.1890,24.1369,
25,8,262144,2048,hyprefill,1024/1536/1536,graph,107,23.8382,14.5648,23.8817,23.8382,
25,8,262144,2048,hyprefill,1024/1536/1536,graph,108,22.2757,15.0822,22.3224,22.2757,
25,8,262144,2048,hyprefill,1024/1536/1536,graph,109,24.0523,15.3886,24.1000,24.0523,
25,8,262144,2048,hyprefill,1024/1536/1536,graph,110,23.0204,15.0822,23.0649,23.0204,
25,8,262144,2048,hyprefill,1024/1536/1536,graph,111,22.8102,15.9059,22.8537,22.8102,
25,8,262144,2048,hyprefill,1024/1536/1536,graph,112,24.2437,14.8394,24.2900,24.2437,
25,8,262144,2048,hyprefill,1024/1536/1536,graph,113,24.1957,15.1140,24.2405,24.1957,
25,8,262144,2048,hyprefill,1024/1536/1536,graph,114,24.2846,14.2902,24.3299,24.2846,
25,8,262144,2048,hyprefill,1024/1536/1536,graph,115,24.1117,15.3886,24.1582,24.1117,
25,8,262144,2048,hyprefill,1024/1536/1536,graph,116,22.5473,15.0822,22.5919,22.5473,
25,8,262144,2048,hyprefill,1024/1536/1536,graph,117,24.2181,15.1140,24.2661,24.2181,
25,8,262144,2048,hyprefill,1024/1536/1536,graph,118,24.2627,14.8394,24.3066,24.2627,
25,8,262144,2048,hyprefill,1024/1536/1536,graph,119,24.1995,15.1140,24.2454,24.1995,
25,8,262144,2048,hyprefill,1024/1536/1536,graph,120,23.3114,15.9059,23.3562,23.3114,
25,8,262144,2048,hyprefill,1024/1536/1536,graph,121,23.7793,15.1140,23.8256,23.7793,
25,8,262144,2048,hyprefill,1024/1536/1536,graph,122,24.1557,14.8394,24.1996,24.1557,
25,8,262144,2048,hyprefill,1024/1536/1536,graph,123,23.9978,14.8394,24.0445,23.9978,
25,8,262144,2048,hyprefill,1024/1536/1536,graph,124,24.0500,14.5648,24.0984,24.0500,
25,8,262144,2048,hyprefill,1024/1536/1536,graph,125,24.1309,14.8394,24.1796,24.1309,
25,8,262144,2048,hyprefill,1024/1536/1536,graph,126,24.1967,14.8394,24.2439,24.1967,
25,8,262144,2048,hyprefill,1024/1536/1536,graph,127,24.2392,15.1140,24.2836,24.2392,
25,8,262144,2048,hyprefill,1024/1536/1536,graph,128,22.8959,15.6314,22.9394,22.8959,
25,8,262144,2048,hyprefill,1024/1536/1536,graph,129,20.3478,16.4233,20.4029,20.3478,
25,8,262144,2048,hyprefill,1024/1536/1536,graph,130,24.0396,14.8394,24.0875,24.0396,
25,8,262144,2048,hyprefill,1024/1536/1536,graph,131,23.9797,14.8394,24.0263,23.9797,
25,8,262144,2048,hyprefill,1024/1536/1536,graph,132,23.9969,14.5648,24.0450,23.9969,
25,8,262144,2048,hyprefill,1024/1536/1536,graph,133,23.9458,14.8394,23.9907,23.9458,
25,8,262144,2048,hyprefill,1024/1536/1536,graph,134,24.2040,15.1140,24.2498,24.2040,
25,8,262144,2048,hyprefill,1024/1536/1536,graph,135,24.3410,14.5648,24.3861,24.3410,
25,8,262144,2048,hyprefill,1024/1536/1536,graph,136,24.4897,15.1140,24.5345,24.4897,
25,8,262144,2048,hyprefill,1024/1536/1536,graph,137,24.2402,14.8394,24.2893,24.2402,
25,8,262144,2048,hyprefill,1024/1536/1536,graph,138,23.1405,16.1805,23.1866,23.1405,
25,8,262144,2048,hyprefill,1024/1536/1536,graph,139,23.4682,15.6314,23.5141,23.4682,
25,8,262144,2048,hyprefill,1024/1536/1536,graph,140,22.7448,16.1805,22.7890,22.7448,
25,8,262144,2048,hyprefill,1024/1536/1536,graph,141,23.7297,14.5648,23.7753,23.7297,
25,8,262144,2048,hyprefill,1024/1536/1536,graph,142,24.4678,14.2902,24.5143,24.4678,
25,8,262144,2048,hyprefill,1024/1536/1536,graph,143,24.1368,16.2124,24.1880,24.1368,
25,8,262144,2048,hyprefill,1024/1536/1536,graph,144,24.2989,14.0156,24.3438,24.2989,
25,8,262144,2048,hyprefill,1024/1536/1536,graph,145,23.9220,15.1140,23.9648,23.9220,
25,8,262144,2048,hyprefill,1024/1536/1536,graph,146,24.3782,14.5648,24.4235,24.3782,
25,8,262144,2048,hyprefill,1024/1536/1536,graph,147,23.8634,15.3886,23.9112,23.8634,
25,8,262144,2048,hyprefill,1024/1536/1536,graph,148,24.4970,14.8394,24.5424,24.4970,
25,8,262144,2048,hyprefill,1024/1536/1536,graph,149,22.3029,15.6314,22.3495,22.3029,
25,8,262144,2048,hyprefill,1024/1536/1536,graph,150,22.9023,15.6314,22.9542,22.9023,
25,8,262144,2048,hyprefill,1024/1536/1536,graph,151,22.5238,15.6314,22.5701,22.5238,
25,8,262144,2048,hyprefill,1024/1536/1536,graph,152,22.7080,15.9059,22.7544,22.7080,
25,8,262144,2048,hyprefill,1024/1536/1536,graph,153,23.7233,14.2902,23.7709,23.7233,
25,8,262144,2048,hyprefill,1024/1536/1536,graph,154,24.1808,14.8394,24.2262,24.1808,
25,8,262144,2048,hyprefill,1024/1536/1536,graph,155,24.1413,15.1140,24.1924,24.1413,
25,8,262144,2048,hyprefill,1024/1536/1536,graph,156,24.4463,14.5648,24.4967,24.4463,
25,8,262144,2048,hyprefill,1024/1536/1536,graph,157,24.1262,14.5648,24.1741,24.1262,
25,8,262144,2048,hyprefill,1024/1536/1536,graph,158,24.2147,15.3886,24.2620,24.2147,
25,8,262144,2048,hyprefill,1024/1536/1536,graph,159,22.7924,15.3568,22.8365,22.7924,
25,8,262144,2048,hyprefill,1024/1536/1536,graph,160,22.5125,15.6314,22.5574,22.5125,
25,8,262144,2048,hyprefill,1024/1536/1536,graph,161,22.6784,15.6314,22.7218,22.6784,
25,8,262144,2048,hyprefill,1024/1536/1536,graph,162,24.2291,14.8394,24.2757,24.2291,
25,8,262144,2048,hyprefill,1024/1536/1536,graph,163,24.4021,15.1140,24.4456,24.4021,
25,8,262144,2048,hyprefill,1024/1536/1536,graph,164,24.5430,15.1140,24.5886,24.5430,
25,8,262144,2048,hyprefill,1024/1536/1536,graph,165,24.5023,14.5648,24.5471,24.5023,
25,8,262144,2048,hyprefill,1024/1536/1536,graph,166,24.3614,15.3886,24.4057,24.3614,
25,8,262144,2048,hyprefill,1024/1536/1536,graph,167,24.2599,14.8394,24.3039,24.2599,
25,8,262144,2048,hyprefill,1024/1536/1536,graph,168,22.7764,15.3568,22.8197,22.7764,
25,8,262144,2048,hyprefill,1024/1536/1536,graph,169,22.7524,15.9059,22.7976,22.7524,
25,8,262144,2048,hyprefill,1024/1536/1536,graph,170,23.1999,15.9059,23.2437,23.1999,
25,8,262144,2048,hyprefill,1024/1536/1536,graph,171,24.1020,14.8394,24.1532,24.1020,
25,8,262144,2048,hyprefill,1024/1536/1536,graph,172,23.8846,14.5648,23.9265,23.8846,
25,8,262144,2048,hyprefill,1024/1536/1536,graph,173,24.0425,15.1140,24.0881,24.0425,
25,8,262144,2048,hyprefill,1024/1536/1536,graph,174,24.3101,14.5648,24.3558,24.3101,
25,8,262144,2048,hyprefill,1024/1536/1536,graph,175,24.5004,15.1140,24.5438,24.5004,
25,8,262144,2048,hyprefill,1024/1536/1536,graph,176,24.3144,15.1140,24.3613,24.3144,
25,8,262144,2048,hyprefill,1024/1536/1536,graph,177,22.1204,15.3568,22.1638,22.1204,
25,8,262144,2048,hyprefill,1024/1536/1536,graph,178,23.8260,14.5648,23.8706,23.8260,
25,8,262144,2048,hyprefill,1024/1536/1536,graph,179,24.0873,15.1140,24.1344,24.0873,
25,8,262144,2048,hyprefill,1024/1536/1536,graph,180,23.0943,15.3568,23.1380,23.0943,
25,8,262144,2048,hyprefill,1024/1536/1536,graph,181,23.9557,15.1140,24.0025,23.9557,
25,8,262144,2048,hyprefill,1024/1536/1536,graph,182,24.1384,14.8394,24.1838,24.1384,
25,8,262144,2048,hyprefill,1024/1536/1536,graph,183,24.3484,15.1140,24.3948,24.3484,
25,8,262144,2048,hyprefill,1024/1536/1536,graph,184,24.1617,15.1140,24.2057,24.1617,
25,8,262144,2048,hyprefill,1024/1536/1536,graph,185,24.3771,14.5648,24.4245,24.3771,
25,8,262144,2048,hyprefill,1024/1536/1536,graph,186,24.1255,15.3886,24.1712,24.1255,
25,8,262144,2048,hyprefill,1024/1536/1536,graph,187,24.4429,14.5648,24.4848,24.4429,
25,8,262144,2048,hyprefill,1024/1536/1536,graph,188,22.8364,15.9059,22.8815,22.8364,
25,8,262144,2048,hyprefill,1024/1536/1536,graph,189,23.7859,15.9059,23.8349,23.7859,
25,8,262144,2048,hyprefill,1024/1536/1536,graph,190,23.9853,15.3886,24.0380,23.9853,
25,8,262144,2048,hyprefill,1024/1536/1536,graph,191,22.6934,15.0822,22.7402,22.6934,
25,8,262144,2048,hyprefill,1024/1536/1536,graph,192,23.9859,14.8394,24.0328,23.9859,
25,8,262144,2048,hyprefill,1024/1536/1536,graph,193,24.1722,15.1140,24.2174,24.1722,
25,8,262144,2048,hyprefill,1024/1536/1536,graph,194,24.3014,14.5648,24.3473,24.3014,
25,8,262144,2048,hyprefill,1024/1536/1536,graph,195,24.3986,15.1140,24.4413,24.3986,
25,8,262144,2048,hyprefill,1024/1536/1536,graph,196,24.2679,15.1140,24.3197,24.2679,
25,8,262144,2048,hyprefill,1024/1536/1536,graph,197,24.3875,15.1140,24.4358,24.3875,
25,8,262144,2048,hyprefill,1024/1536/1536,graph,198,23.2120,15.6314,23.2557,23.2120,
25,8,262144,2048,hyprefill,1024/1536/1536,graph,199,22.8200,15.9059,22.8683,22.8200,
25,8,262144,2048,hyprefill,512/1536/1536,graph,0,23.8584,15.1776,23.9041,23.8584,
25,8,262144,2048,hyprefill,512/1536/1536,graph,1,24.0977,15.4841,24.1428,24.0977,
25,8,262144,2048,hyprefill,512/1536/1536,graph,2,24.1098,14.9031,24.1538,24.1098,
25,8,262144,2048,hyprefill,512/1536/1536,graph,3,23.9507,15.4841,24.0023,23.9507,
25,8,262144,2048,hyprefill,512/1536/1536,graph,4,23.7659,14.9031,23.8111,23.7659,
25,8,262144,2048,hyprefill,512/1536/1536,graph,5,23.9106,15.2095,23.9574,23.9106,
25,8,262144,2048,hyprefill,512/1536/1536,graph,6,23.9352,14.3857,23.9821,23.9352,
25,8,262144,2048,hyprefill,512/1536/1536,graph,7,24.1284,15.2095,24.1719,24.1284,
25,8,262144,2048,hyprefill,512/1536/1536,graph,8,23.7342,14.9031,23.7806,23.7342,
25,8,262144,2048,hyprefill,512/1536/1536,graph,9,23.8641,15.7268,23.9079,23.8641,
25,8,262144,2048,hyprefill,512/1536/1536,graph,10,23.7472,15.7268,23.7912,23.7472,
25,8,262144,2048,hyprefill,512/1536/1536,graph,11,23.7644,14.6603,23.8111,23.7644,
25,8,262144,2048,hyprefill,512/1536/1536,graph,12,23.6198,15.4522,23.6655,23.6198,
25,8,262144,2048,hyprefill,512/1536/1536,graph,13,23.8218,15.7268,23.8704,23.8218,
25,8,262144,2048,hyprefill,512/1536/1536,graph,14,23.6510,15.1776,23.6994,23.6510,
25,8,262144,2048,hyprefill,512/1536/1536,graph,15,23.9486,14.9349,23.9957,23.9486,
25,8,262144,2048,hyprefill,512/1536/1536,graph,16,23.8909,14.3857,23.9370,23.8909,
25,8,262144,2048,hyprefill,512/1536/1536,graph,17,24.0807,15.4841,24.1313,24.0807,
25,8,262144,2048,hyprefill,512/1536/1536,graph,18,23.0374,14.5966,23.0823,23.0374,
25,8,262144,2048,hyprefill,512/1536/1536,graph,19,23.5019,16.2760,23.5472,23.5019,
25,8,262144,2048,hyprefill,512/1536/1536,graph,20,24.0959,15.1776,24.1507,24.0959,
25,8,262144,2048,hyprefill,512/1536/1536,graph,21,23.9933,15.4841,24.0428,23.9933,
25,8,262144,2048,hyprefill,512/1536/1536,graph,22,24.2013,14.3539,24.2461,24.2013,
25,8,262144,2048,hyprefill,512/1536/1536,graph,23,23.0688,16.2760,23.1165,23.0688,
25,8,262144,2048,hyprefill,512/1536/1536,graph,24,21.9142,15.1140,21.9599,21.9142,
25,8,262144,2048,hyprefill,512/1536/1536,graph,25,23.9931,15.2095,24.0393,23.9931,
25,8,262144,2048,hyprefill,512/1536/1536,graph,26,23.8251,14.6603,23.8704,23.8251,
25,8,262144,2048,hyprefill,512/1536/1536,graph,27,23.8892,14.9349,23.9341,23.8892,
25,8,262144,2048,hyprefill,512/1536/1536,graph,28,23.8609,14.9031,23.9070,23.8609,
25,8,262144,2048,hyprefill,512/1536/1536,graph,29,23.6888,16.0014,23.7385,23.6888,
25,8,262144,2048,hyprefill,512/1536/1536,graph,30,24.1769,14.3857,24.2250,24.1769,
25,8,262144,2048,hyprefill,512/1536/1536,graph,31,23.9240,14.9349,23.9780,23.9240,
25,8,262144,2048,hyprefill,512/1536/1536,graph,32,24.2291,14.9349,24.2804,24.2291,
25,8,262144,2048,hyprefill,512/1536/1536,graph,33,23.6018,15.4522,23.6476,23.6018,
25,8,262144,2048,hyprefill,512/1536/1536,graph,34,21.2193,15.6632,21.2664,21.2193,
25,8,262144,2048,hyprefill,512/1536/1536,graph,35,23.8679,14.9031,23.9121,23.8679,
25,8,262144,2048,hyprefill,512/1536/1536,graph,36,24.2865,15.4841,24.3311,24.2865,
25,8,262144,2048,hyprefill,512/1536/1536,graph,37,24.0514,15.2095,24.0991,24.0514,
25,8,262144,2048,hyprefill,512/1536/1536,graph,38,24.1357,14.6285,24.1848,24.1357,
25,8,262144,2048,hyprefill,512/1536/1536,graph,39,22.8335,16.0014,22.8811,22.8335,
25,8,262144,2048,hyprefill,512/1536/1536,graph,40,24.1901,14.3857,24.2361,24.1901,
25,8,262144,2048,hyprefill,512/1536/1536,graph,41,23.8097,15.4841,23.8593,23.8097,
25,8,262144,2048,hyprefill,512/1536/1536,graph,42,23.9479,14.3857,23.9902,23.9479,
25,8,262144,2048,hyprefill,512/1536/1536,graph,43,22.9932,15.4522,23.0457,22.9932,
25,8,262144,2048,hyprefill,512/1536/1536,graph,44,21.4984,15.6632,21.5466,21.4984,
25,8,262144,2048,hyprefill,512/1536/1536,graph,45,23.7178,15.4522,23.7637,23.7178,
25,8,262144,2048,hyprefill,512/1536/1536,graph,46,24.1988,15.4522,24.2439,24.1988,
25,8,262144,2048,hyprefill,512/1536/1536,graph,47,24.0616,14.9349,24.1117,24.0616,
25,8,262144,2048,hyprefill,512/1536/1536,graph,48,24.0745,15.4522,24.1188,24.0745,
25,8,262144,2048,hyprefill,512/1536/1536,graph,49,23.4857,15.4522,23.5292,23.4857,
25,8,262144,2048,hyprefill,512/1536/1536,graph,50,24.3745,14.3857,24.4195,24.3745,
25,8,262144,2048,hyprefill,512/1536/1536,graph,51,23.9301,15.7586,23.9765,23.9301,
25,8,262144,2048,hyprefill,512/1536/1536,graph,52,24.3709,14.6603,24.4153,24.3709,
25,8,262144,2048,hyprefill,512/1536/1536,graph,53,23.7951,15.4522,23.8395,23.7951,
25,8,262144,2048,hyprefill,512/1536/1536,graph,54,22.4718,15.9696,22.5187,22.4718,
25,8,262144,2048,hyprefill,512/1536/1536,graph,55,24.2215,15.1776,24.2668,24.2215,
25,8,262144,2048,hyprefill,512/1536/1536,graph,56,23.2226,15.9696,23.2676,23.2226,
25,8,262144,2048,hyprefill,512/1536/1536,graph,57,24.1808,15.2095,24.2330,24.1808,
25,8,262144,2048,hyprefill,512/1536/1536,graph,58,24.1791,14.9349,24.2254,24.1791,
25,8,262144,2048,hyprefill,512/1536/1536,graph,59,24.1794,15.2095,24.2265,24.1794,
25,8,262144,2048,hyprefill,512/1536/1536,graph,60,24.3003,14.1111,24.3457,24.3003,
25,8,262144,2048,hyprefill,512/1536/1536,graph,61,23.9969,15.7586,24.0455,23.9969,
25,8,262144,2048,hyprefill,512/1536/1536,graph,62,24.2363,14.6603,24.2909,24.2363,
25,8,262144,2048,hyprefill,512/1536/1536,graph,63,24.2534,15.1776,24.3011,24.2534,
25,8,262144,2048,hyprefill,512/1536/1536,graph,64,24.3701,16.0014,24.4176,24.3701,
25,8,262144,2048,hyprefill,512/1536/1536,graph,65,24.0045,15.4522,24.0521,24.0045,
25,8,262144,2048,hyprefill,512/1536/1536,graph,66,23.9266,15.4522,23.9720,23.9266,
25,8,262144,2048,hyprefill,512/1536/1536,graph,67,24.2319,14.3857,24.2775,24.2319,
25,8,262144,2048,hyprefill,512/1536/1536,graph,68,24.3548,15.7586,24.4017,24.3548,
25,8,262144,2048,hyprefill,512/1536/1536,graph,69,24.5193,15.2095,24.5659,24.5193,
25,8,262144,2048,hyprefill,512/1536/1536,graph,70,24.1042,14.3857,24.1530,24.1042,
25,8,262144,2048,hyprefill,512/1536/1536,graph,71,24.0868,15.4522,24.1302,24.0868,
25,8,262144,2048,hyprefill,512/1536/1536,graph,72,24.0874,14.9349,24.1349,24.0874,
25,8,262144,2048,hyprefill,512/1536/1536,graph,73,24.3751,15.4522,24.4196,24.3751,
25,8,262144,2048,hyprefill,512/1536/1536,graph,74,24.3218,16.0014,24.3658,24.3218,
25,8,262144,2048,hyprefill,512/1536/1536,graph,75,24.1313,14.9031,24.1764,24.1313,
25,8,262144,2048,hyprefill,512/1536/1536,graph,76,23.9291,16.5506,23.9751,23.9291,
25,8,262144,2048,hyprefill,512/1536/1536,graph,77,24.3073,14.6603,24.3541,24.3073,
25,8,262144,2048,hyprefill,512/1536/1536,graph,78,24.0356,15.2095,24.0817,24.0356,
25,8,262144,2048,hyprefill,512/1536/1536,graph,79,24.4917,15.2095,24.5438,24.4917,
25,8,262144,2048,hyprefill,512/1536/1536,graph,80,23.9794,14.6603,24.0257,23.9794,
25,8,262144,2048,hyprefill,512/1536/1536,graph,81,24.4761,15.2095,24.5278,24.4761,
25,8,262144,2048,hyprefill,512/1536/1536,graph,82,24.0811,14.9349,24.1306,24.0811,
25,8,262144,2048,hyprefill,512/1536/1536,graph,83,24.2943,15.4522,24.3420,24.2943,
25,8,262144,2048,hyprefill,512/1536/1536,graph,84,23.6461,15.7268,23.6969,23.6461,
25,8,262144,2048,hyprefill,512/1536/1536,graph,85,23.8548,15.4522,23.9041,23.8548,
25,8,262144,2048,hyprefill,512/1536/1536,graph,86,23.8572,15.7268,23.9036,23.8572,
25,8,262144,2048,hyprefill,512/1536/1536,graph,87,24.0492,15.1776,24.0951,24.0492,
25,8,262144,2048,hyprefill,512/1536/1536,graph,88,24.1991,15.7586,24.2468,24.1991,
25,8,262144,2048,hyprefill,512/1536/1536,graph,89,24.5426,14.6603,24.5888,24.5426,
25,8,262144,2048,hyprefill,512/1536/1536,graph,90,24.3148,14.9349,24.3607,24.3148,
25,8,262144,2048,hyprefill,512/1536/1536,graph,91,24.1673,15.4841,24.2131,24.1673,
25,8,262144,2048,hyprefill,512/1536/1536,graph,92,23.9896,14.6603,24.0357,23.9896,
25,8,262144,2048,hyprefill,512/1536/1536,graph,93,24.4385,14.9031,24.4824,24.4385,
25,8,262144,2048,hyprefill,512/1536/1536,graph,94,24.4412,16.0014,24.4865,24.4412,
25,8,262144,2048,hyprefill,512/1536/1536,graph,95,24.1624,15.1776,24.2068,24.1624,
25,8,262144,2048,hyprefill,512/1536/1536,graph,96,24.1412,15.7268,24.1848,24.1412,
25,8,262144,2048,hyprefill,512/1536/1536,graph,97,24.3162,14.9349,24.3627,24.3162,
25,8,262144,2048,hyprefill,512/1536/1536,graph,98,24.1828,14.9349,24.2292,24.1828,
25,8,262144,2048,hyprefill,512/1536/1536,graph,99,24.1755,16.0014,24.2211,24.1755,
25,8,262144,2048,hyprefill,512/1536/1536,graph,100,24.3544,14.3539,24.3982,24.3544,
25,8,262144,2048,hyprefill,512/1536/1536,graph,101,24.0868,15.7586,24.1331,24.0868,
25,8,262144,2048,hyprefill,512/1536/1536,graph,102,24.0874,14.6603,24.1404,24.0874,
25,8,262144,2048,hyprefill,512/1536/1536,graph,103,23.9329,15.4522,23.9774,23.9329,
25,8,262144,2048,hyprefill,512/1536/1536,graph,104,24.2571,15.7268,24.3029,24.2571,
25,8,262144,2048,hyprefill,512/1536/1536,graph,105,24.0223,14.9349,24.0689,24.0223,
25,8,262144,2048,hyprefill,512/1536/1536,graph,106,24.1451,15.4522,24.1910,24.1451,
25,8,262144,2048,hyprefill,512/1536/1536,graph,107,23.6712,15.1776,23.7149,23.6712,
25,8,262144,2048,hyprefill,512/1536/1536,graph,108,24.0972,15.2095,24.1426,24.0972,
25,8,262144,2048,hyprefill,512/1536/1536,graph,109,24.0126,15.2095,24.0605,24.0126,
25,8,262144,2048,hyprefill,512/1536/1536,graph,110,24.4051,14.0793,24.4489,24.4051,
25,8,262144,2048,hyprefill,512/1536/1536,graph,111,23.7825,16.0332,23.8281,23.7825,
25,8,262144,2048,hyprefill,512/1536/1536,graph,112,24.1816,14.3857,24.2291,24.1816,
25,8,262144,2048,hyprefill,512/1536/1536,graph,113,24.0499,15.1776,24.0944,24.0499,
25,8,262144,2048,hyprefill,512/1536/1536,graph,114,23.9942,16.0014,24.0417,23.9942,
25,8,262144,2048,hyprefill,512/1536/1536,graph,115,23.6767,15.4522,23.7202,23.6767,
25,8,262144,2048,hyprefill,512/1536/1536,graph,116,23.0271,15.9696,23.0733,23.0271,
25,8,262144,2048,hyprefill,512/1536/1536,graph,117,23.8781,14.6603,23.9257,23.8781,
25,8,262144,2048,hyprefill,512/1536/1536,graph,118,24.2671,14.9349,24.3135,24.2671,
25,8,262144,2048,hyprefill,512/1536/1536,graph,119,23.7433,15.4841,23.7919,23.7433,
25,8,262144,2048,hyprefill,512/1536/1536,graph,120,23.9377,14.3539,23.9822,23.9377,
25,8,262144,2048,hyprefill,512/1536/1536,graph,121,23.7260,15.4841,23.7703,23.7260,
25,8,262144,2048,hyprefill,512/1536/1536,graph,122,24.0354,14.6603,24.0813,24.0354,
25,8,262144,2048,hyprefill,512/1536/1536,graph,123,23.7777,14.9349,23.8231,23.7777,
25,8,262144,2048,hyprefill,512/1536/1536,graph,124,23.8318,15.1776,23.8760,23.8318,
25,8,262144,2048,hyprefill,512/1536/1536,graph,125,23.3008,15.4522,23.3465,23.3008,
25,8,262144,2048,hyprefill,512/1536/1536,graph,126,21.6154,15.9378,21.6597,21.6154,
25,8,262144,2048,hyprefill,512/1536/1536,graph,127,24.2228,15.1776,24.2727,24.2228,
25,8,262144,2048,hyprefill,512/1536/1536,graph,128,24.2099,15.7586,24.2572,24.2099,
25,8,262144,2048,hyprefill,512/1536/1536,graph,129,24.0838,15.2095,24.1348,24.0838,
25,8,262144,2048,hyprefill,512/1536/1536,graph,130,23.8052,14.3539,23.8495,23.8052,
25,8,262144,2048,hyprefill,512/1536/1536,graph,131,24.1396,16.0014,24.1837,24.1396,
25,8,262144,2048,hyprefill,512/1536/1536,graph,132,23.9756,14.1111,24.0280,23.9756,
25,8,262144,2048,hyprefill,512/1536/1536,graph,133,24.0113,14.9349,24.0597,24.0113,
25,8,262144,2048,hyprefill,512/1536/1536,graph,134,23.6930,14.6603,23.7402,23.6930,
25,8,262144,2048,hyprefill,512/1536/1536,graph,135,24.3463,15.4841,24.3938,24.3463,
25,8,262144,2048,hyprefill,512/1536/1536,graph,136,21.8907,15.1140,21.9343,21.8907,
25,8,262144,2048,hyprefill,512/1536/1536,graph,137,24.0195,15.2095,24.0674,24.0195,
25,8,262144,2048,hyprefill,512/1536/1536,graph,138,23.7394,15.4522,23.7893,23.7394,
25,8,262144,2048,hyprefill,512/1536/1536,graph,139,23.7003,15.2095,23.7490,23.7003,
25,8,262144,2048,hyprefill,512/1536/1536,graph,140,23.9507,14.0793,24.0047,23.9507,
25,8,262144,2048,hyprefill,512/1536/1536,graph,141,23.1240,16.8252,23.1715,23.1240,
25,8,262144,2048,hyprefill,512/1536/1536,graph,142,23.9219,14.6285,23.9663,23.9219,
25,8,262144,2048,hyprefill,512/1536/1536,graph,143,24.1429,15.2095,24.1887,24.1429,
25,8,262144,2048,hyprefill,512/1536/1536,graph,144,23.7865,14.6603,23.8307,23.7865,
25,8,262144,2048,hyprefill,512/1536/1536,graph,145,24.0594,14.9349,24.1038,24.0594,
25,8,262144,2048,hyprefill,512/1536/1536,graph,146,21.5424,15.1140,21.5859,21.5424,
25,8,262144,2048,hyprefill,512/1536/1536,graph,147,24.3070,14.9349,24.3528,24.3070,
25,8,262144,2048,hyprefill,512/1536/1536,graph,148,23.7465,15.4841,23.7916,23.7465,
25,8,262144,2048,hyprefill,512/1536/1536,graph,149,23.9848,14.9349,24.0289,23.9848,
25,8,262144,2048,hyprefill,512/1536/1536,graph,150,22.6588,14.5966,22.7025,22.6588,
25,8,262144,2048,hyprefill,512/1536/1536,graph,151,21.9585,16.5188,22.0033,21.9585,
25,8,262144,2048,hyprefill,512/1536/1536,graph,152,23.8227,14.6285,23.8662,23.8227,
25,8,262144,2048,hyprefill,512/1536/1536,graph,153,24.0047,14.9349,24.0532,24.0047,
25,8,262144,2048,hyprefill,512/1536/1536,graph,154,23.8836,14.6603,23.9291,23.8836,
25,8,262144,2048,hyprefill,512/1536/1536,graph,155,24.1335,15.4841,24.1849,24.1335,
25,8,262144,2048,hyprefill,512/1536/1536,graph,156,22.5576,14.8712,22.6053,22.5576,
25,8,262144,2048,hyprefill,512/1536/1536,graph,157,24.1534,15.2095,24.2020,24.1534,
25,8,262144,2048,hyprefill,512/1536/1536,graph,158,23.6578,14.9349,23.7031,23.6578,
25,8,262144,2048,hyprefill,512/1536/1536,graph,159,23.9308,14.9349,23.9770,23.9308,
25,8,262144,2048,hyprefill,512/1536/1536,graph,160,22.0778,14.8712,22.1223,22.0778,
25,8,262144,2048,hyprefill,512/1536/1536,graph,161,22.0775,15.9696,22.1222,22.0775,
25,8,262144,2048,hyprefill,512/1536/1536,graph,162,23.5020,15.1776,23.5522,23.5020,
25,8,262144,2048,hyprefill,512/1536/1536,graph,163,23.8323,15.7268,23.8810,23.8323,
25,8,262144,2048,hyprefill,512/1536/1536,graph,164,23.8120,14.6603,23.8584,23.8120,
25,8,262144,2048,hyprefill,512/1536/1536,graph,165,24.4627,15.4841,24.5081,24.4627,
25,8,262144,2048,hyprefill,512/1536/1536,graph,166,23.7112,14.9031,23.7564,23.7112,
25,8,262144,2048,hyprefill,512/1536/1536,graph,167,24.2174,14.6603,24.2631,24.2174,
25,8,262144,2048,hyprefill,512/1536/1536,graph,168,23.6651,14.3857,23.7143,23.6651,
25,8,262144,2048,hyprefill,512/1536/1536,graph,169,24.0092,16.0332,24.0576,24.0092,
25,8,262144,2048,hyprefill,512/1536/1536,graph,170,23.3289,14.5966,23.3734,23.3289,
25,8,262144,2048,hyprefill,512/1536/1536,graph,171,22.5005,16.5188,22.5455,22.5005,
25,8,262144,2048,hyprefill,512/1536/1536,graph,172,24.1295,15.1776,24.1699,24.1295,
25,8,262144,2048,hyprefill,512/1536/1536,graph,173,24.2489,15.7586,24.2930,24.2489,
25,8,262144,2048,hyprefill,512/1536/1536,graph,174,24.3443,14.3539,24.3891,24.3443,
25,8,262144,2048,hyprefill,512/1536/1536,graph,175,24.2774,15.7586,24.3234,24.2774,
25,8,262144,2048,hyprefill,512/1536/1536,graph,176,24.1600,15.1776,24.2025,24.1600,
25,8,262144,2048,hyprefill,512/1536/1536,graph,177,24.1430,15.2095,24.1871,24.1430,
25,8,262144,2048,hyprefill,512/1536/1536,graph,178,24.3023,14.3857,24.3478,24.3023,
25,8,262144,2048,hyprefill,512/1536/1536,graph,179,24.2030,15.7586,24.2471,24.2030,
25,8,262144,2048,hyprefill,512/1536/1536,graph,180,22.9792,14.8712,23.0235,22.9792,
25,8,262144,2048,hyprefill,512/1536/1536,graph,181,24.0557,16.2760,24.0987,24.0557,
25,8,262144,2048,hyprefill,512/1536/1536,graph,182,24.3336,15.1776,24.3772,24.3336,
25,8,262144,2048,hyprefill,512/1536/1536,graph,183,24.1404,15.7586,24.1856,24.1404,
25,8,262144,2048,hyprefill,512/1536/1536,graph,184,24.4088,14.6285,24.4539,24.4088,
25,8,262144,2048,hyprefill,512/1536/1536,graph,185,23.9276,15.4841,23.9732,23.9276,
25,8,262144,2048,hyprefill,512/1536/1536,graph,186,24.2706,15.1776,24.3138,24.2706,
25,8,262144,2048,hyprefill,512/1536/1536,graph,187,24.0273,15.2095,24.0776,24.0273,
25,8,262144,2048,hyprefill,512/1536/1536,graph,188,24.4220,14.6603,24.4691,24.4220,
25,8,262144,2048,hyprefill,512/1536/1536,graph,189,23.9702,15.4841,24.0173,23.9702,
25,8,262144,2048,hyprefill,512/1536/1536,graph,190,24.1735,14.3539,24.2194,24.1735,
25,8,262144,2048,hyprefill,512/1536/1536,graph,191,23.3747,16.2760,23.4188,23.3747,
25,8,262144,2048,hyprefill,512/1536/1536,graph,192,24.3293,14.9031,24.3739,24.3293,
25,8,262144,2048,hyprefill,512/1536/1536,graph,193,23.8204,15.4841,23.8674,23.8204,
25,8,262144,2048,hyprefill,512/1536/1536,graph,194,24.4558,15.1776,24.5005,24.4558,
25,8,262144,2048,hyprefill,512/1536/1536,graph,195,23.9938,15.2095,24.0371,23.9938,
25,8,262144,2048,hyprefill,512/1536/1536,graph,196,24.3214,15.4522,24.3658,24.3214,
25,8,262144,2048,hyprefill,512/1536/1536,graph,197,23.9449,14.9349,23.9903,23.9449,
25,8,262144,2048,hyprefill,512/1536/1536,graph,198,24.3444,15.4522,24.3904,24.3444,
25,8,262144,2048,hyprefill,512/1536/1536,graph,199,24.0706,15.4841,24.1154,24.0706,
25,8,262144,2048,hyprefill,256/2048/2048,graph,0,23.1499,15.1258,23.1957,23.1499,
25,8,262144,2048,hyprefill,256/2048/2048,graph,1,23.3896,14.5448,23.4354,23.3896,
25,8,262144,2048,hyprefill,256/2048/2048,graph,2,23.5433,15.0622,23.5881,23.5433,
25,8,262144,2048,hyprefill,256/2048/2048,graph,3,23.4510,15.6432,23.4985,23.4510,
25,8,262144,2048,hyprefill,256/2048/2048,graph,4,23.3406,14.5448,23.3851,23.3406,
25,8,262144,2048,hyprefill,256/2048/2048,graph,5,23.5912,15.3686,23.6384,23.5912,
25,8,262144,2048,hyprefill,256/2048/2048,graph,6,23.6318,14.8194,23.6786,23.6318,
25,8,262144,2048,hyprefill,256/2048/2048,graph,7,23.4733,15.0622,23.5209,23.4733,
25,8,262144,2048,hyprefill,256/2048/2048,graph,8,23.3327,14.7876,23.3809,23.3327,
25,8,262144,2048,hyprefill,256/2048/2048,graph,9,23.3164,14.8512,23.3620,23.3164,
25,8,262144,2048,hyprefill,256/2048/2048,graph,10,23.2270,14.7876,23.2954,23.2270,
25,8,262144,2048,hyprefill,256/2048/2048,graph,11,23.3246,15.3368,23.3695,23.3246,
25,8,262144,2048,hyprefill,256/2048/2048,graph,12,23.4673,15.0622,23.5142,23.4673,
25,8,262144,2048,hyprefill,256/2048/2048,graph,13,23.4406,15.3686,23.4870,23.4406,
25,8,262144,2048,hyprefill,256/2048/2048,graph,14,23.7404,14.5448,23.7874,23.7404,
25,8,262144,2048,hyprefill,256/2048/2048,graph,15,23.3970,14.8512,23.4550,23.3970,
25,8,262144,2048,hyprefill,256/2048/2048,graph,16,23.2802,14.5448,23.3348,23.2802,
25,8,262144,2048,hyprefill,256/2048/2048,graph,17,23.2437,14.7876,23.2915,23.2437,
25,8,262144,2048,hyprefill,256/2048/2048,graph,18,23.4748,15.6432,23.5237,23.4748,
25,8,262144,2048,hyprefill,256/2048/2048,graph,19,23.5141,14.5448,23.5621,23.5141,
25,8,262144,2048,hyprefill,256/2048/2048,graph,20,23.3948,15.0940,23.4432,23.3948,
25,8,262144,2048,hyprefill,256/2048/2048,graph,21,23.3410,14.2702,23.3885,23.3410,
25,8,262144,2048,hyprefill,256/2048/2048,graph,22,23.4982,16.1924,23.5462,23.4982,
25,8,262144,2048,hyprefill,256/2048/2048,graph,23,23.8460,14.2384,23.8897,23.8460,
25,8,262144,2048,hyprefill,256/2048/2048,graph,24,23.5251,15.4004,23.5754,23.5251,
25,8,262144,2048,hyprefill,256/2048/2048,graph,25,23.6359,14.5130,23.6815,23.6359,
25,8,262144,2048,hyprefill,256/2048/2048,graph,26,23.0258,15.8860,23.0722,23.0258,
25,8,262144,2048,hyprefill,256/2048/2048,graph,27,23.3998,14.2384,23.4443,23.3998,
25,8,262144,2048,hyprefill,256/2048/2048,graph,28,23.2348,15.3686,23.2839,23.2348,
25,8,262144,2048,hyprefill,256/2048/2048,graph,29,23.3863,14.2702,23.4340,23.3863,
25,8,262144,2048,hyprefill,256/2048/2048,graph,30,23.5681,15.4004,23.6170,23.5681,
25,8,262144,2048,hyprefill,256/2048/2048,graph,31,23.6054,14.5448,23.6504,23.6054,
25,8,262144,2048,hyprefill,256/2048/2048,graph,32,23.3716,15.0622,23.4183,23.3716,
25,8,262144,2048,hyprefill,256/2048/2048,graph,33,23.4465,15.0940,23.4968,23.4465,
25,8,262144,2048,hyprefill,256/2048/2048,graph,34,23.1808,14.5448,23.2258,23.1808,
25,8,262144,2048,hyprefill,256/2048/2048,graph,35,23.1411,14.8194,23.1850,23.1411,
25,8,262144,2048,hyprefill,256/2048/2048,graph,36,23.3026,14.5448,23.3487,23.3026,
25,8,262144,2048,hyprefill,256/2048/2048,graph,37,23.3453,15.0940,23.3900,23.3453,
25,8,262144,2048,hyprefill,256/2048/2048,graph,38,23.6496,14.7876,23.6958,23.6496,
25,8,262144,2048,hyprefill,256/2048/2048,graph,39,23.5147,15.4004,23.5616,23.5147,
25,8,262144,2048,hyprefill,256/2048/2048,graph,40,23.7399,14.7876,23.7862,23.7399,
25,8,262144,2048,hyprefill,256/2048/2048,graph,41,23.4256,15.3368,23.4705,23.4256,
25,8,262144,2048,hyprefill,256/2048/2048,graph,42,23.3226,15.0622,23.3646,23.3226,
25,8,262144,2048,hyprefill,256/2048/2048,graph,43,23.2915,14.8194,23.3372,23.2915,
25,8,262144,2048,hyprefill,256/2048/2048,graph,44,23.2736,14.5448,23.3205,23.2736,
25,8,262144,2048,hyprefill,256/2048/2048,graph,45,23.3702,14.8512,23.4217,23.3702,
25,8,262144,2048,hyprefill,256/2048/2048,graph,46,23.4060,15.0940,23.4566,23.4060,
25,8,262144,2048,hyprefill,256/2048/2048,graph,47,23.6006,14.7876,23.6469,23.6006,
25,8,262144,2048,hyprefill,256/2048/2048,graph,48,23.5035,15.3686,23.5501,23.5035,
25,8,262144,2048,hyprefill,256/2048/2048,graph,49,23.5846,14.8194,23.6324,23.5846,
25,8,262144,2048,hyprefill,256/2048/2048,graph,50,23.5766,15.3686,23.6237,23.5766,
25,8,262144,2048,hyprefill,256/2048/2048,graph,51,23.1969,13.9956,23.2497,23.1969,
25,8,262144,2048,hyprefill,256/2048/2048,graph,52,23.3929,15.0940,23.4399,23.3929,
25,8,262144,2048,hyprefill,256/2048/2048,graph,53,23.7437,14.7876,23.7918,23.7437,
25,8,262144,2048,hyprefill,256/2048/2048,graph,54,23.4165,15.6750,23.4659,23.4165,
25,8,262144,2048,hyprefill,256/2048/2048,graph,55,23.2101,14.2384,23.2561,23.2101,
25,8,262144,2048,hyprefill,256/2048/2048,graph,56,23.4722,15.6432,23.5201,23.4722,
25,8,262144,2048,hyprefill,256/2048/2048,graph,57,23.4975,15.0622,23.5443,23.4975,
25,8,262144,2048,hyprefill,256/2048/2048,graph,58,23.5718,15.3686,23.6180,23.5718,
25,8,262144,2048,hyprefill,256/2048/2048,graph,59,23.5084,14.2702,23.5554,23.5084,
25,8,262144,2048,hyprefill,256/2048/2048,graph,60,23.4009,14.8512,23.4485,23.4009,
25,8,262144,2048,hyprefill,256/2048/2048,graph,61,23.5534,14.8194,23.5983,23.5534,
25,8,262144,2048,hyprefill,256/2048/2048,graph,62,23.5693,15.0622,23.6153,23.5693,
25,8,262144,2048,hyprefill,256/2048/2048,graph,63,23.5023,15.6432,23.5503,23.5023,
25,8,262144,2048,hyprefill,256/2048/2048,graph,64,23.2380,14.7876,23.2842,23.2380,
25,8,262144,2048,hyprefill,256/2048/2048,graph,65,23.3229,15.6750,23.3682,23.3229,
25,8,262144,2048,hyprefill,256/2048/2048,graph,66,23.6671,13.9638,23.7154,23.6671,
25,8,262144,2048,hyprefill,256/2048/2048,graph,67,23.3506,15.3686,23.4129,23.3506,
25,8,262144,2048,hyprefill,256/2048/2048,graph,68,23.5526,14.4812,23.6013,23.5526,
25,8,262144,2048,hyprefill,256/2048/2048,graph,69,23.5596,15.9496,23.6082,23.5596,
25,8,262144,2048,hyprefill,256/2048/2048,graph,70,23.6155,14.5448,23.6640,23.6155,
25,8,262144,2048,hyprefill,256/2048/2048,graph,71,23.6587,15.6432,23.7044,23.6587,
25,8,262144,2048,hyprefill,256/2048/2048,graph,72,23.5004,14.5130,23.5565,23.5004,
25,8,262144,2048,hyprefill,256/2048/2048,graph,73,23.5351,15.6432,23.5865,23.5351,
25,8,262144,2048,hyprefill,256/2048/2048,graph,74,23.6066,14.2702,23.6584,23.6066,
25,8,262144,2048,hyprefill,256/2048/2048,graph,75,23.2116,14.8194,23.2586,23.2116,
25,8,262144,2048,hyprefill,256/2048/2048,graph,76,23.2426,14.8194,23.2905,23.2426,
25,8,262144,2048,hyprefill,256/2048/2048,graph,77,23.1297,15.0304,23.1766,23.1297,
25,8,262144,2048,hyprefill,256/2048/2048,graph,78,23.5366,15.8860,23.5823,23.5366,
25,8,262144,2048,hyprefill,256/2048/2048,graph,79,23.6315,14.5448,23.6794,23.6315,
25,8,262144,2048,hyprefill,256/2048/2048,graph,80,23.4061,15.1258,23.4519,23.4061,
25,8,262144,2048,hyprefill,256/2048/2048,graph,81,23.7588,14.2702,23.8057,23.7588,
25,8,262144,2048,hyprefill,256/2048/2048,graph,82,23.6897,15.6432,23.7429,23.6897,
25,8,262144,2048,hyprefill,256/2048/2048,graph,83,23.4445,14.4812,23.4914,23.4445,
25,8,262144,2048,hyprefill,256/2048/2048,graph,84,23.1981,15.4004,23.2441,23.1981,
25,8,262144,2048,hyprefill,256/2048/2048,graph,85,23.3387,13.9956,23.3841,23.3387,
25,8,262144,2048,hyprefill,256/2048/2048,graph,86,23.1042,15.6432,23.1518,23.1042,
25,8,262144,2048,hyprefill,256/2048/2048,graph,87,23.4413,14.7558,23.4852,23.4413,
25,8,262144,2048,hyprefill,256/2048/2048,graph,88,23.4025,15.6432,23.4495,23.4025,
25,8,262144,2048,hyprefill,256/2048/2048,graph,89,23.7567,14.5448,23.8033,23.7567,
25,8,262144,2048,hyprefill,256/2048/2048,graph,90,23.7703,15.1258,23.8166,23.7703,
25,8,262144,2048,hyprefill,256/2048/2048,graph,91,23.7457,14.8194,23.7925,23.7457,
25,8,262144,2048,hyprefill,256/2048/2048,graph,92,23.4037,15.3049,23.4512,23.4037,
25,8,262144,2048,hyprefill,256/2048/2048,graph,93,23.3424,15.3368,23.3862,23.3424,
25,8,262144,2048,hyprefill,256/2048/2048,graph,94,23.4434,14.5448,23.4891,23.4434,
25,8,262144,2048,hyprefill,256/2048/2048,graph,95,23.1692,14.8512,23.2160,23.1692,
25,8,262144,2048,hyprefill,256/2048/2048,graph,96,23.5611,14.2702,23.6087,23.5611,
25,8,262144,2048,hyprefill,256/2048/2048,graph,97,23.5393,15.6432,23.5863,23.5393,
25,8,262144,2048,hyprefill,256/2048/2048,graph,98,23.8200,14.5130,23.8669,23.8200,
25,8,262144,2048,hyprefill,256/2048/2048,graph,99,23.6845,15.4004,23.7300,23.6845,
25,8,262144,2048,hyprefill,256/2048/2048,graph,100,23.4628,14.2702,23.5098,23.4628,
25,8,262144,2048,hyprefill,256/2048/2048,graph,101,23.2747,15.9178,23.3211,23.2747,
25,8,262144,2048,hyprefill,256/2048/2048,graph,102,23.3864,14.2066,23.4313,23.3864,
25,8,262144,2048,hyprefill,256/2048/2048,graph,103,23.2750,15.3686,23.3210,23.2750,
25,8,262144,2048,hyprefill,256/2048/2048,graph,104,23.5954,14.2702,23.6428,23.5954,
25,8,262144,2048,hyprefill,256/2048/2048,graph,105,23.6196,15.4004,23.6669,23.6196,
25,8,262144,2048,hyprefill,256/2048/2048,graph,106,23.6921,14.5448,23.7432,23.6921,
25,8,262144,2048,hyprefill,256/2048/2048,graph,107,23.8369,15.3368,23.8795,23.8369,
25,8,262144,2048,hyprefill,256/2048/2048,graph,108,23.7756,15.8860,23.8224,23.7756,
25,8,262144,2048,hyprefill,256/2048/2048,graph,109,23.4504,14.5448,23.4982,23.4504,
25,8,262144,2048,hyprefill,256/2048/2048,graph,110,23.2381,15.1258,23.2897,23.2381,
25,8,262144,2048,hyprefill,256/2048/2048,graph,111,23.5047,13.9638,23.5522,23.5047,
25,8,262144,2048,hyprefill,256/2048/2048,graph,112,23.5913,15.0940,23.6383,23.5913,
25,8,262144,2048,hyprefill,256/2048/2048,graph,113,23.4910,15.0622,23.5394,23.4910,
25,8,262144,2048,hyprefill,256/2048/2048,graph,114,23.5546,15.4004,23.6026,23.5546,
25,8,262144,2048,hyprefill,256/2048/2048,graph,115,23.5773,14.8194,23.6245,23.5773,
25,8,262144,2048,hyprefill,256/2048/2048,graph,116,23.5836,15.4004,23.6304,23.5836,
25,8,262144,2048,hyprefill,256/2048/2048,graph,117,23.7148,14.7876,23.7692,23.7148,
25,8,262144,2048,hyprefill,256/2048/2048,graph,118,23.3171,15.3686,23.3644,23.3171,
25,8,262144,2048,hyprefill,256/2048/2048,graph,119,23.3922,14.2702,23.4392,23.3922,
25,8,262144,2048,hyprefill,256/2048/2048,graph,120,23.5668,15.0940,23.6119,23.5668,
25,8,262144,2048,hyprefill,256/2048/2048,graph,121,23.5775,14.8194,23.6269,23.5775,
25,8,262144,2048,hyprefill,256/2048/2048,graph,122,23.7748,15.0622,23.8217,23.7748,
25,8,262144,2048,hyprefill,256/2048/2048,graph,123,23.3699,15.3368,23.4166,23.3699,
25,8,262144,2048,hyprefill,256/2048/2048,graph,124,23.4789,14.8194,23.5240,23.4789,
25,8,262144,2048,hyprefill,256/2048/2048,graph,125,23.6116,15.4004,23.6827,23.6116,
25,8,262144,2048,hyprefill,256/2048/2048,graph,126,23.7761,14.2702,23.8227,23.7761,
25,8,262144,2048,hyprefill,256/2048/2048,graph,127,23.3346,15.1258,23.3818,23.3346,
25,8,262144,2048,hyprefill,256/2048/2048,graph,128,23.4453,14.2702,23.4937,23.4453,
25,8,262144,2048,hyprefill,256/2048/2048,graph,129,23.6657,15.4004,23.7184,23.6657,
25,8,262144,2048,hyprefill,256/2048/2048,graph,130,23.3667,14.5448,23.4148,23.3667,
25,8,262144,2048,hyprefill,256/2048/2048,graph,131,23.4030,15.0940,23.4488,23.4030,
25,8,262144,2048,hyprefill,256/2048/2048,graph,132,23.4888,15.0622,23.5406,23.4888,
25,8,262144,2048,hyprefill,256/2048/2048,graph,133,23.6340,14.8194,23.6795,23.6340,
25,8,262144,2048,hyprefill,256/2048/2048,graph,134,23.6216,14.8194,23.6693,23.6216,
25,8,262144,2048,hyprefill,256/2048/2048,graph,135,23.4629,15.0940,23.5156,23.4629,
25,8,262144,2048,hyprefill,256/2048/2048,graph,136,23.3233,15.0940,23.3708,23.3233,
25,8,262144,2048,hyprefill,256/2048/2048,graph,137,23.5901,15.0622,23.6356,23.5901,
25,8,262144,2048,hyprefill,256/2048/2048,graph,138,23.4396,15.6432,23.4865,23.4396,
25,8,262144,2048,hyprefill,256/2048/2048,graph,139,23.3412,14.5448,23.3876,23.3412,
25,8,262144,2048,hyprefill,256/2048/2048,graph,140,23.3345,15.0940,23.3782,23.3345,
25,8,262144,2048,hyprefill,256/2048/2048,graph,141,23.7526,14.5448,23.7997,23.7526,
25,8,262144,2048,hyprefill,256/2048/2048,graph,142,23.4502,15.0940,23.4935,23.4502,
25,8,262144,2048,hyprefill,256/2048/2048,graph,143,23.3487,14.5130,23.3950,23.3487,
25,8,262144,2048,hyprefill,256/2048/2048,graph,144,23.4034,14.8512,23.4491,23.4034,
25,8,262144,2048,hyprefill,256/2048/2048,graph,145,23.5931,15.3686,23.6423,23.5931,
25,8,262144,2048,hyprefill,256/2048/2048,graph,146,23.3015,14.8194,23.3510,23.3015,
25,8,262144,2048,hyprefill,256/2048/2048,graph,147,23.4461,14.8194,23.4933,23.4461,
25,8,262144,2048,hyprefill,256/2048/2048,graph,148,23.4078,15.0940,23.4584,23.4078,
25,8,262144,2048,hyprefill,256/2048/2048,graph,149,23.7249,14.5766,23.7799,23.7249,
25,8,262144,2048,hyprefill,256/2048/2048,graph,150,23.4683,15.0940,23.5149,23.4683,
25,8,262144,2048,hyprefill,256/2048/2048,graph,151,23.4253,14.8194,23.4698,23.4253,
25,8,262144,2048,hyprefill,256/2048/2048,graph,152,23.3183,14.7876,23.3658,23.3183,
25,8,262144,2048,hyprefill,256/2048/2048,graph,153,23.3762,15.6432,23.4234,23.3762,
25,8,262144,2048,hyprefill,256/2048/2048,graph,154,23.2821,14.5448,23.3292,23.2821,
25,8,262144,2048,hyprefill,256/2048/2048,graph,155,23.4059,15.0940,23.4497,23.4059,
25,8,262144,2048,hyprefill,256/2048/2048,graph,156,23.4774,14.2702,23.5254,23.4774,
25,8,262144,2048,hyprefill,256/2048/2048,graph,157,23.6986,15.3686,23.7480,23.6986,
25,8,262144,2048,hyprefill,256/2048/2048,graph,158,23.6107,15.0622,23.6602,23.6107,
25,8,262144,2048,hyprefill,256/2048/2048,graph,159,23.6020,15.0940,23.6498,23.6020,
25,8,262144,2048,hyprefill,256/2048/2048,graph,160,23.4616,14.8194,23.5077,23.4616,
25,8,262144,2048,hyprefill,256/2048/2048,graph,161,23.4223,14.8194,23.4688,23.4223,
25,8,262144,2048,hyprefill,256/2048/2048,graph,162,23.2988,15.3686,23.3458,23.2988,
25,8,262144,2048,hyprefill,256/2048/2048,graph,163,23.6058,14.2702,23.6504,23.6058,
25,8,262144,2048,hyprefill,256/2048/2048,graph,164,23.4676,14.8512,23.5206,23.4676,
25,8,262144,2048,hyprefill,256/2048/2048,graph,165,23.8998,14.5448,23.9456,23.8998,
25,8,262144,2048,hyprefill,256/2048/2048,graph,166,23.6100,15.4004,23.6566,23.6100,
25,8,262144,2048,hyprefill,256/2048/2048,graph,167,23.5865,14.5130,23.6306,23.5865,
25,8,262144,2048,hyprefill,256/2048/2048,graph,168,23.3974,15.3686,26.7295,23.3974,
25,8,262144,2048,hyprefill,256/2048/2048,graph,169,23.4923,14.8194,23.5394,23.4923,
25,8,262144,2048,hyprefill,256/2048/2048,graph,170,23.1396,14.8194,23.1866,23.1396,
25,8,262144,2048,hyprefill,256/2048/2048,graph,171,23.3240,14.5448,23.3728,23.3240,
25,8,262144,2048,hyprefill,256/2048/2048,graph,172,23.5537,14.8194,23.6016,23.5537,
25,8,262144,2048,hyprefill,256/2048/2048,graph,173,23.4200,15.3368,23.4713,23.4200,
25,8,262144,2048,hyprefill,256/2048/2048,graph,174,23.4901,14.8194,23.5392,23.4901,
25,8,262144,2048,hyprefill,256/2048/2048,graph,175,23.5402,15.4004,23.5928,23.5402,
25,8,262144,2048,hyprefill,256/2048/2048,graph,176,23.6055,14.5130,23.6527,23.6055,
25,8,262144,2048,hyprefill,256/2048/2048,graph,177,23.2589,15.3686,23.3068,23.2589,
25,8,262144,2048,hyprefill,256/2048/2048,graph,178,23.4801,14.5448,23.5290,23.4801,
25,8,262144,2048,hyprefill,256/2048/2048,graph,179,23.3468,14.5448,23.3917,23.3468,
25,8,262144,2048,hyprefill,256/2048/2048,graph,180,23.5224,14.8194,23.5690,23.5224,
25,8,262144,2048,hyprefill,256/2048/2048,graph,181,23.4923,14.8512,23.5445,23.4923,
25,8,262144,2048,hyprefill,256/2048/2048,graph,182,23.4277,15.0622,23.4787,23.4277,
25,8,262144,2048,hyprefill,256/2048/2048,graph,183,23.5297,14.8194,23.5880,23.5297,
25,8,262144,2048,hyprefill,256/2048/2048,graph,184,23.4415,14.8512,23.4917,23.4415,
25,8,262144,2048,hyprefill,256/2048/2048,graph,185,23.6415,15.6114,23.6891,23.6415,
25,8,262144,2048,hyprefill,256/2048/2048,graph,186,23.2983,14.5448,23.3468,23.2983,
25,8,262144,2048,hyprefill,256/2048/2048,graph,187,23.3740,14.5448,23.4210,23.3740,
25,8,262144,2048,hyprefill,256/2048/2048,graph,188,23.5224,15.0622,23.5721,23.5224,
25,8,262144,2048,hyprefill,256/2048/2048,graph,189,23.7093,15.0940,23.7597,23.7093,
25,8,262144,2048,hyprefill,256/2048/2048,graph,190,23.6672,15.4004,23.7160,23.6672,
25,8,262144,2048,hyprefill,256/2048/2048,graph,191,23.4307,14.5130,23.4773,23.4307,
25,8,262144,2048,hyprefill,256/2048/2048,graph,192,23.3634,15.0940,23.4078,23.3634,
25,8,262144,2048,hyprefill,256/2048/2048,graph,193,23.6088,14.5766,23.6576,23.6088,
25,8,262144,2048,hyprefill,256/2048/2048,graph,194,23.4014,14.5448,23.4534,23.4014,
25,8,262144,2048,hyprefill,256/2048/2048,graph,195,23.2750,15.0940,23.3374,23.2750,
25,8,262144,2048,hyprefill,256/2048/2048,graph,196,23.5412,14.8512,23.5882,23.5412,
25,8,262144,2048,hyprefill,256/2048/2048,graph,197,23.4251,15.0622,23.4814,23.4251,
25,8,262144,2048,hyprefill,256/2048/2048,graph,198,23.7104,14.8194,23.7560,23.7104,
25,8,262144,2048,hyprefill,256/2048/2048,graph,199,23.4762,14.8512,23.5244,23.4762,
25,8,262144,2048,hyprefill,1024/1024/1024,graph,0,24.2303,15.9378,24.2766,24.2303,
25,8,262144,2048,hyprefill,1024/1024/1024,graph,1,23.2751,15.6314,23.3192,23.2751,
25,8,262144,2048,hyprefill,1024/1024/1024,graph,2,24.1338,15.9378,24.1790,24.1338,
25,8,262144,2048,hyprefill,1024/1024/1024,graph,3,23.2331,15.3568,23.2768,23.2331,
25,8,262144,2048,hyprefill,1024/1024/1024,graph,4,24.2786,16.2124,24.3327,24.2786,
25,8,262144,2048,hyprefill,1024/1024/1024,graph,5,23.3540,15.3568,23.4001,23.3540,
25,8,262144,2048,hyprefill,1024/1024/1024,graph,6,24.2348,15.9378,24.2877,24.2348,
25,8,262144,2048,hyprefill,1024/1024/1024,graph,7,23.5578,15.3568,23.6019,23.5578,
25,8,262144,2048,hyprefill,1024/1024/1024,graph,8,24.3332,16.2124,24.3794,24.3332,
25,8,262144,2048,hyprefill,1024/1024/1024,graph,9,23.5669,15.3568,23.6181,23.5669,
25,8,262144,2048,hyprefill,1024/1024/1024,graph,10,24.1503,15.9378,24.1955,24.1503,
25,8,262144,2048,hyprefill,1024/1024/1024,graph,11,23.7428,15.6314,23.7856,23.7428,
25,8,262144,2048,hyprefill,1024/1024/1024,graph,12,24.2683,16.2124,24.3143,24.2683,
25,8,262144,2048,hyprefill,1024/1024/1024,graph,13,23.5262,15.3568,23.5702,23.5262,
25,8,262144,2048,hyprefill,1024/1024/1024,graph,14,23.9223,15.6632,23.9686,23.9223,
25,8,262144,2048,hyprefill,1024/1024/1024,graph,15,23.2681,15.6314,23.3171,23.2681,
25,8,262144,2048,hyprefill,1024/1024/1024,graph,16,23.9252,16.2124,23.9742,23.9252,
25,8,262144,2048,hyprefill,1024/1024/1024,graph,17,23.3970,14.8076,23.4431,23.3970,
25,8,262144,2048,hyprefill,1024/1024/1024,graph,18,24.0627,16.4869,24.1219,24.0627,
25,8,262144,2048,hyprefill,1024/1024/1024,graph,19,23.6202,15.0822,23.6651,23.6202,
25,8,262144,2048,hyprefill,1024/1024/1024,graph,20,24.0776,16.7615,24.1244,24.0776,
25,8,262144,2048,hyprefill,1024/1024/1024,graph,21,23.7191,15.0822,23.7705,23.7191,
25,8,262144,2048,hyprefill,1024/1024/1024,graph,22,23.8695,15.9378,23.9136,23.8695,
25,8,262144,2048,hyprefill,1024/1024/1024,graph,23,23.3276,15.9059,23.3984,23.3276,
25,8,262144,2048,hyprefill,1024/1024/1024,graph,24,23.8884,15.6632,23.9338,23.8884,
25,8,262144,2048,hyprefill,1024/1024/1024,graph,25,23.8376,15.6314,23.8811,23.8376,
25,8,262144,2048,hyprefill,1024/1024/1024,graph,26,23.9386,15.9378,23.9852,23.9386,
25,8,262144,2048,hyprefill,1024/1024/1024,graph,27,23.9440,15.6314,23.9880,23.9440,
25,8,262144,2048,hyprefill,1024/1024/1024,graph,28,24.1298,16.2124,24.1770,24.1298,
25,8,262144,2048,hyprefill,1024/1024/1024,graph,29,23.7786,15.3568,23.8231,23.7786,
25,8,262144,2048,hyprefill,1024/1024/1024,graph,30,23.9650,16.2124,24.0109,23.9650,
25,8,262144,2048,hyprefill,1024/1024/1024,graph,31,23.6846,15.0822,23.7297,23.6846,
25,8,262144,2048,hyprefill,1024/1024/1024,graph,32,24.1396,16.7615,24.1865,24.1396,
25,8,262144,2048,hyprefill,1024/1024/1024,graph,33,23.5484,14.8076,23.5915,23.5484,
25,8,262144,2048,hyprefill,1024/1024/1024,graph,34,24.1920,16.2124,24.2398,24.1920,
25,8,262144,2048,hyprefill,1024/1024/1024,graph,35,23.8877,15.6314,23.9323,23.8877,
25,8,262144,2048,hyprefill,1024/1024/1024,graph,36,24.3500,16.4869,24.3995,24.3500,
25,8,262144,2048,hyprefill,1024/1024/1024,graph,37,24.0481,15.3568,24.0966,24.0481,
25,8,262144,2048,hyprefill,1024/1024/1024,graph,38,23.9410,15.9378,23.9901,23.9410,
25,8,262144,2048,hyprefill,1024/1024/1024,graph,39,23.8001,15.6314,23.8502,23.8001,
25,8,262144,2048,hyprefill,1024/1024/1024,graph,40,24.0921,15.6632,24.1400,24.0921,
25,8,262144,2048,hyprefill,1024/1024/1024,graph,41,23.5019,15.9059,23.5466,23.5019,
25,8,262144,2048,hyprefill,1024/1024/1024,graph,42,23.9910,15.3886,24.0337,23.9910,
25,8,262144,2048,hyprefill,1024/1024/1024,graph,43,23.3536,15.9059,23.3981,23.3536,
25,8,262144,2048,hyprefill,1024/1024/1024,graph,44,23.7188,15.1140,23.7649,23.7188,
25,8,262144,2048,hyprefill,1024/1024/1024,graph,45,23.2526,16.1805,23.2983,23.2526,
25,8,262144,2048,hyprefill,1024/1024/1024,graph,46,24.2322,15.3886,24.2841,24.2322,
25,8,262144,2048,hyprefill,1024/1024/1024,graph,47,23.3039,15.9059,23.3496,23.3039,
25,8,262144,2048,hyprefill,1024/1024/1024,graph,48,23.1149,16.7297,23.1607,23.1149,
25,8,262144,2048,hyprefill,1024/1024/1024,graph,49,23.3169,15.9059,23.3629,23.3169,
25,8,262144,2048,hyprefill,1024/1024/1024,graph,50,24.3773,15.6632,24.4235,24.3773,
25,8,262144,2048,hyprefill,1024/1024/1024,graph,51,23.4034,15.9059,23.4558,23.4034,
25,8,262144,2048,hyprefill,1024/1024/1024,graph,52,24.4517,16.2124,24.4983,24.4517,
25,8,262144,2048,hyprefill,1024/1024/1024,graph,53,23.3138,15.3568,23.3588,23.3138,
25,8,262144,2048,hyprefill,1024/1024/1024,graph,54,24.2940,15.6632,24.3395,24.2940,
25,8,262144,2048,hyprefill,1024/1024/1024,graph,55,23.2053,15.9059,23.2480,23.2053,
25,8,262144,2048,hyprefill,1024/1024/1024,graph,56,24.2489,15.9378,24.2951,24.2489,
25,8,262144,2048,hyprefill,1024/1024/1024,graph,57,23.1587,15.3568,23.2008,23.1587,
25,8,262144,2048,hyprefill,1024/1024/1024,graph,58,24.1459,15.9378,24.1918,24.1459,
25,8,262144,2048,hyprefill,1024/1024/1024,graph,59,23.2668,15.6314,23.3109,23.2668,
25,8,262144,2048,hyprefill,1024/1024/1024,graph,60,24.2262,15.9378,24.2727,24.2262,
25,8,262144,2048,hyprefill,1024/1024/1024,graph,61,22.9258,15.6314,22.9691,22.9258,
25,8,262144,2048,hyprefill,1024/1024/1024,graph,62,24.4651,15.9378,24.5105,24.4651,
25,8,262144,2048,hyprefill,1024/1024/1024,graph,63,22.5661,15.3568,22.6115,22.5661,
25,8,262144,2048,hyprefill,1024/1024/1024,graph,64,24.4345,15.6632,24.4813,24.4345,
25,8,262144,2048,hyprefill,1024/1024/1024,graph,65,22.8105,15.3568,22.8555,22.8105,
25,8,262144,2048,hyprefill,1024/1024/1024,graph,66,24.2843,15.3886,24.3292,24.2843,
25,8,262144,2048,hyprefill,1024/1024/1024,graph,67,22.6074,15.6314,22.6502,22.6074,
25,8,262144,2048,hyprefill,1024/1024/1024,graph,68,22.7273,16.4551,22.7711,22.7273,
25,8,262144,2048,hyprefill,1024/1024/1024,graph,69,23.0782,15.6314,23.1215,23.0782,
25,8,262144,2048,hyprefill,1024/1024/1024,graph,70,24.3874,15.3886,24.4329,24.3874,
25,8,262144,2048,hyprefill,1024/1024/1024,graph,71,22.7562,15.3568,22.8000,22.7562,
25,8,262144,2048,hyprefill,1024/1024/1024,graph,72,24.0742,15.6632,24.1196,24.0742,
25,8,262144,2048,hyprefill,1024/1024/1024,graph,73,22.8992,15.3568,22.9419,22.8992,
25,8,262144,2048,hyprefill,1024/1024/1024,graph,74,24.2061,15.9378,24.2537,24.2061,
25,8,262144,2048,hyprefill,1024/1024/1024,graph,75,24.3509,14.5648,24.3958,24.3509,
25,8,262144,2048,hyprefill,1024/1024/1024,graph,76,22.4524,16.1805,22.4953,22.4524,
25,8,262144,2048,hyprefill,1024/1024/1024,graph,77,23.1004,15.9059,23.1461,23.1004,
25,8,262144,2048,hyprefill,1024/1024/1024,graph,78,24.2839,15.6632,24.3282,24.2839,
25,8,262144,2048,hyprefill,1024/1024/1024,graph,79,23.5287,15.9059,23.5729,23.5287,
25,8,262144,2048,hyprefill,1024/1024/1024,graph,80,24.0289,15.6632,24.0733,24.0289,
25,8,262144,2048,hyprefill,1024/1024/1024,graph,81,23.8490,15.9059,23.8923,23.8490,
25,8,262144,2048,hyprefill,1024/1024/1024,graph,82,24.2099,16.2124,24.2570,24.2099,
25,8,262144,2048,hyprefill,1024/1024/1024,graph,83,23.7632,15.0822,23.8059,23.7632,
25,8,262144,2048,hyprefill,1024/1024/1024,graph,84,22.5253,17.2789,22.5700,22.5253,
25,8,262144,2048,hyprefill,1024/1024/1024,graph,85,23.9759,15.6314,24.0206,23.9759,
25,8,262144,2048,hyprefill,1024/1024/1024,graph,86,23.9957,15.9378,24.0419,23.9957,
25,8,262144,2048,hyprefill,1024/1024/1024,graph,87,23.2484,15.3568,23.2929,23.2484,
25,8,262144,2048,hyprefill,1024/1024/1024,graph,88,24.2113,15.6632,24.2571,24.2113,
25,8,262144,2048,hyprefill,1024/1024/1024,graph,89,22.9827,15.9059,23.0280,22.9827,
25,8,262144,2048,hyprefill,1024/1024/1024,graph,90,24.1972,15.6632,24.2449,24.1972,
25,8,262144,2048,hyprefill,1024/1024/1024,graph,91,24.4234,14.8394,24.4695,24.4234,
25,8,262144,2048,hyprefill,1024/1024/1024,graph,92,22.8399,16.4551,22.8854,22.8399,
25,8,262144,2048,hyprefill,1024/1024/1024,graph,93,23.4491,15.9059,23.4924,23.4491,
25,8,262144,2048,hyprefill,1024/1024/1024,graph,94,23.9575,15.3886,24.0100,23.9575,
25,8,262144,2048,hyprefill,1024/1024/1024,graph,95,23.4934,16.1805,23.5377,23.4934,
25,8,262144,2048,hyprefill,1024/1024/1024,graph,96,23.8762,15.3886,23.9238,23.8762,
25,8,262144,2048,hyprefill,1024/1024/1024,graph,97,23.7531,16.1805,23.7977,23.7531,
25,8,262144,2048,hyprefill,1024/1024/1024,graph,98,23.8386,15.6632,23.8899,23.8386,
25,8,262144,2048,hyprefill,1024/1024/1024,graph,99,24.3403,14.8394,24.3875,24.3403,
25,8,262144,2048,hyprefill,1024/1024/1024,graph,100,23.2389,15.9059,23.2829,23.2389,
25,8,262144,2048,hyprefill,1024/1024/1024,graph,101,23.3307,16.4551,23.3736,23.3307,
25,8,262144,2048,hyprefill,1024/1024/1024,graph,102,24.3321,15.1140,24.3787,24.3321,
25,8,262144,2048,hyprefill,1024/1024/1024,graph,103,24.1761,15.1140,24.2230,24.1761,
25,8,262144,2048,hyprefill,1024/1024/1024,graph,104,23.1407,15.9059,23.1847,23.1407,
25,8,262144,2048,hyprefill,1024/1024/1024,graph,105,23.1968,16.4551,23.2481,23.1968,
25,8,262144,2048,hyprefill,1024/1024/1024,graph,106,23.3501,16.1805,23.3940,23.3501,
25,8,262144,2048,hyprefill,1024/1024/1024,graph,107,23.9685,15.1140,24.0284,23.9685,
25,8,262144,2048,hyprefill,1024/1024/1024,graph,108,23.6804,16.4551,23.7277,23.6804,
25,8,262144,2048,hyprefill,1024/1024/1024,graph,109,24.3945,15.1140,24.4392,24.3945,
25,8,262144,2048,hyprefill,1024/1024/1024,graph,110,24.0042,14.8394,24.0494,24.0042,
25,8,262144,2048,hyprefill,1024/1024/1024,graph,111,23.3274,16.1805,23.3698,23.3274,
25,8,262144,2048,hyprefill,1024/1024/1024,graph,112,24.0978,15.1140,24.1442,24.0978,
25,8,262144,2048,hyprefill,1024/1024/1024,graph,113,23.2756,16.1805,23.3182,23.2756,
25,8,262144,2048,hyprefill,1024/1024/1024,graph,114,23.1852,16.4551,23.2280,23.1852,
25,8,262144,2048,hyprefill,1024/1024/1024,graph,115,23.3225,16.1805,23.3668,23.3225,
25,8,262144,2048,hyprefill,1024/1024/1024,graph,116,23.2292,16.4551,23.2726,23.2292,
25,8,262144,2048,hyprefill,1024/1024/1024,graph,117,24.3205,14.8394,24.3665,24.3205,
25,8,262144,2048,hyprefill,1024/1024/1024,graph,118,22.8741,16.4551,22.9179,22.8741,
25,8,262144,2048,hyprefill,1024/1024/1024,graph,119,22.9499,15.9059,22.9946,22.9499,
25,8,262144,2048,hyprefill,1024/1024/1024,graph,120,24.2720,15.6632,24.3184,24.2720,
25,8,262144,2048,hyprefill,1024/1024/1024,graph,121,23.0471,15.9059,23.0921,23.0471,
25,8,262144,2048,hyprefill,1024/1024/1024,graph,122,24.4234,15.3886,24.4692,24.4234,
25,8,262144,2048,hyprefill,1024/1024/1024,graph,123,23.0938,16.1805,23.1390,23.0938,
25,8,262144,2048,hyprefill,1024/1024/1024,graph,124,23.2481,16.4551,23.2915,23.2481,
25,8,262144,2048,hyprefill,1024/1024/1024,graph,125,24.0058,15.1140,24.0512,24.0058,
25,8,262144,2048,hyprefill,1024/1024/1024,graph,126,22.9847,15.9059,23.0288,22.9847,
25,8,262144,2048,hyprefill,1024/1024/1024,graph,127,22.7592,16.1805,22.8044,22.7592,
25,8,262144,2048,hyprefill,1024/1024/1024,graph,128,24.4036,15.1140,24.4487,24.4036,
25,8,262144,2048,hyprefill,1024/1024/1024,graph,129,24.3008,15.3886,24.3475,24.3008,
25,8,262144,2048,hyprefill,1024/1024/1024,graph,130,23.0724,15.6314,23.1181,23.0724,
25,8,262144,2048,hyprefill,1024/1024/1024,graph,131,22.8916,16.4551,22.9366,22.8916,
25,8,262144,2048,hyprefill,1024/1024/1024,graph,132,23.1280,15.6314,23.1717,23.1280,
25,8,262144,2048,hyprefill,1024/1024/1024,graph,133,24.1329,15.6632,24.1798,24.1329,
25,8,262144,2048,hyprefill,1024/1024/1024,graph,134,23.0389,15.6314,23.0823,23.0389,
25,8,262144,2048,hyprefill,1024/1024/1024,graph,135,24.2972,15.6632,24.3700,24.2972,
25,8,262144,2048,hyprefill,1024/1024/1024,graph,136,24.1109,14.5648,24.1578,24.1109,
25,8,262144,2048,hyprefill,1024/1024/1024,graph,137,23.3505,16.4551,23.3940,23.3505,
25,8,262144,2048,hyprefill,1024/1024/1024,graph,138,23.2205,15.9059,23.2643,23.2205,
25,8,262144,2048,hyprefill,1024/1024/1024,graph,139,22.9671,16.4551,23.0098,22.9671,
25,8,262144,2048,hyprefill,1024/1024/1024,graph,140,23.1147,15.9059,23.1593,23.1147,
25,8,262144,2048,hyprefill,1024/1024/1024,graph,141,24.2024,15.3886,24.2483,24.2024,
25,8,262144,2048,hyprefill,1024/1024/1024,graph,142,23.2453,16.1805,23.2898,23.2453,
25,8,262144,2048,hyprefill,1024/1024/1024,graph,143,24.1439,15.3886,24.1885,24.1439,
25,8,262144,2048,hyprefill,1024/1024/1024,graph,144,23.3841,15.6314,23.4352,23.3841,
25,8,262144,2048,hyprefill,1024/1024/1024,graph,145,24.1897,15.9378,24.2360,24.1897,
25,8,262144,2048,hyprefill,1024/1024/1024,graph,146,23.1478,15.3568,23.1911,23.1478,
25,8,262144,2048,hyprefill,1024/1024/1024,graph,147,24.2253,15.9378,24.2711,24.2253,
25,8,262144,2048,hyprefill,1024/1024/1024,graph,148,23.4568,15.6314,23.5015,23.4568,
25,8,262144,2048,hyprefill,1024/1024/1024,graph,149,24.0395,15.6632,24.0846,24.0395,
25,8,262144,2048,hyprefill,1024/1024/1024,graph,150,23.3777,16.1805,23.4224,23.3777,
25,8,262144,2048,hyprefill,1024/1024/1024,graph,151,24.5412,15.3886,24.5847,24.5412,
25,8,262144,2048,hyprefill,1024/1024/1024,graph,152,23.0146,16.1805,23.0592,23.0146,
25,8,262144,2048,hyprefill,1024/1024/1024,graph,153,24.2895,15.3886,24.3361,24.2895,
25,8,262144,2048,hyprefill,1024/1024/1024,graph,154,23.2915,15.9059,23.3335,23.2915,
25,8,262144,2048,hyprefill,1024/1024/1024,graph,155,23.1226,16.7297,23.1672,23.1226,
25,8,262144,2048,hyprefill,1024/1024/1024,graph,156,24.0044,14.5648,24.0499,24.0044,
25,8,262144,2048,hyprefill,1024/1024/1024,graph,157,24.4596,15.6632,24.5057,24.4596,
25,8,262144,2048,hyprefill,1024/1024/1024,graph,158,23.2011,16.1805,23.2442,23.2011,
25,8,262144,2048,hyprefill,1024/1024/1024,graph,159,24.1503,15.6632,24.1953,24.1503,
25,8,262144,2048,hyprefill,1024/1024/1024,graph,160,23.6081,15.6314,23.6529,23.6081,
25,8,262144,2048,hyprefill,1024/1024/1024,graph,161,24.3275,15.9378,24.3731,24.3275,
25,8,262144,2048,hyprefill,1024/1024/1024,graph,162,22.8289,15.3568,22.8727,22.8289,
25,8,262144,2048,hyprefill,1024/1024/1024,graph,163,24.3901,15.9378,24.4351,24.3901,
25,8,262144,2048,hyprefill,1024/1024/1024,graph,164,24.3131,14.5648,24.3587,24.3131,
25,8,262144,2048,hyprefill,1024/1024/1024,graph,165,23.1352,16.1805,23.1795,23.1352,
25,8,262144,2048,hyprefill,1024/1024/1024,graph,166,23.1024,16.1805,23.1495,23.1024,
25,8,262144,2048,hyprefill,1024/1024/1024,graph,167,22.9392,15.9059,22.9827,22.9392,
25,8,262144,2048,hyprefill,1024/1024/1024,graph,168,22.9052,16.1805,22.9486,22.9052,
25,8,262144,2048,hyprefill,1024/1024/1024,graph,169,24.3044,14.8394,24.3504,24.3044,
25,8,262144,2048,hyprefill,1024/1024/1024,graph,170,22.8909,16.1805,22.9340,22.8909,
25,8,262144,2048,hyprefill,1024/1024/1024,graph,171,22.6934,15.6314,22.7370,22.6934,
25,8,262144,2048,hyprefill,1024/1024/1024,graph,172,23.9154,15.3886,23.9563,23.9154,
25,8,262144,2048,hyprefill,1024/1024/1024,graph,173,22.4234,15.3568,22.4664,22.4234,
25,8,262144,2048,hyprefill,1024/1024/1024,graph,174,24.3072,15.3886,24.3506,24.3072,
25,8,262144,2048,hyprefill,1024/1024/1024,graph,175,22.4852,15.6314,22.5286,22.4852,
25,8,262144,2048,hyprefill,1024/1024/1024,graph,176,24.0433,15.6632,24.0880,24.0433,
25,8,262144,2048,hyprefill,1024/1024/1024,graph,177,23.1274,15.6314,23.1772,23.1274,
25,8,262144,2048,hyprefill,1024/1024/1024,graph,178,24.1456,15.9378,24.1907,24.1456,
25,8,262144,2048,hyprefill,1024/1024/1024,graph,179,23.6535,15.9059,23.7003,23.6535,
25,8,262144,2048,hyprefill,1024/1024/1024,graph,180,24.3409,16.2124,24.3866,24.3409,
25,8,262144,2048,hyprefill,1024/1024/1024,graph,181,23.6111,15.3568,23.6544,23.6111,
25,8,262144,2048,hyprefill,1024/1024/1024,graph,182,24.1674,15.9378,24.2124,24.1674,
25,8,262144,2048,hyprefill,1024/1024/1024,graph,183,23.7948,15.9059,23.8386,23.7948,
25,8,262144,2048,hyprefill,1024/1024/1024,graph,184,24.5480,15.9378,24.5941,24.5480,
25,8,262144,2048,hyprefill,1024/1024/1024,graph,185,23.5733,15.6314,23.6172,23.5733,
25,8,262144,2048,hyprefill,1024/1024/1024,graph,186,24.2124,15.9378,24.2580,24.2124,
25,8,262144,2048,hyprefill,1024/1024/1024,graph,187,23.5824,15.9059,23.6266,23.5824,
25,8,262144,2048,hyprefill,1024/1024/1024,graph,188,24.5244,16.2124,24.5724,24.5244,
25,8,262144,2048,hyprefill,1024/1024/1024,graph,189,23.2741,15.0822,23.3216,23.2741,
25,8,262144,2048,hyprefill,1024/1024/1024,graph,190,24.3461,16.4869,24.3966,24.3461,
25,8,262144,2048,hyprefill,1024/1024/1024,graph,191,23.3128,15.0822,23.3596,23.3128,
25,8,262144,2048,hyprefill,1024/1024/1024,graph,192,24.2272,16.2124,24.2792,24.2272,
25,8,262144,2048,hyprefill,1024/1024/1024,graph,193,23.4939,15.3568,23.5493,23.4939,
25,8,262144,2048,hyprefill,1024/1024/1024,graph,194,24.2900,15.9378,24.3359,24.2900,
25,8,262144,2048,hyprefill,1024/1024/1024,graph,195,22.8252,15.6314,22.8685,22.8252,
25,8,262144,2048,hyprefill,1024/1024/1024,graph,196,24.0292,15.6632,24.0755,24.0292,
25,8,262144,2048,hyprefill,1024/1024/1024,graph,197,23.3900,15.9059,23.4345,23.3900,
25,8,262144,2048,hyprefill,1024/1024/1024,graph,198,24.3918,15.6632,24.4368,24.3918,
25,8,262144,2048,hyprefill,1024/1024/1024,graph,199,22.8732,15.6314,22.9173,22.8732,
25,8,262144,2048,hyprefill,512/512/512,graph,0,24.3543,16.8252,24.4008,24.3543,
25,8,262144,2048,hyprefill,512/512/512,graph,1,23.9940,16.5188,24.0415,23.9940,
25,8,262144,2048,hyprefill,512/512/512,graph,2,23.9855,16.8252,24.0323,23.9855,
25,8,262144,2048,hyprefill,512/512/512,graph,3,23.7954,17.0679,23.8456,23.7954,
25,8,262144,2048,hyprefill,512/512/512,graph,4,24.2654,17.0998,24.3142,24.2654,
25,8,262144,2048,hyprefill,512/512/512,graph,5,24.2479,17.0679,24.2984,24.2479,
25,8,262144,2048,hyprefill,512/512/512,graph,6,23.7443,18.1663,23.7890,23.7443,
25,8,262144,2048,hyprefill,512/512/512,graph,7,24.3335,17.3425,24.3794,24.3335,
25,8,262144,2048,hyprefill,512/512/512,graph,8,23.9937,17.3744,24.0386,23.9937,
25,8,262144,2048,hyprefill,512/512/512,graph,9,24.1460,16.7934,24.1922,24.1460,
25,8,262144,2048,hyprefill,512/512/512,graph,10,23.9032,17.3744,23.9497,23.9032,
25,8,262144,2048,hyprefill,512/512/512,graph,11,24.1340,16.5188,24.1796,24.1340,
25,8,262144,2048,hyprefill,512/512/512,graph,12,24.2388,17.3744,24.2847,24.2388,
25,8,262144,2048,hyprefill,512/512/512,graph,13,24.2737,16.5188,24.3182,24.2737,
25,8,262144,2048,hyprefill,512/512/512,graph,14,24.0570,18.4409,24.1011,24.0570,
25,8,262144,2048,hyprefill,512/512/512,graph,15,24.0221,16.7934,24.0671,24.0221,
25,8,262144,2048,hyprefill,512/512/512,graph,16,24.3523,17.6490,24.4000,24.3523,
25,8,262144,2048,hyprefill,512/512/512,graph,17,24.2456,16.2442,24.2898,24.2456,
25,8,262144,2048,hyprefill,512/512/512,graph,18,24.4014,18.1981,24.4789,24.4014,
25,8,262144,2048,hyprefill,512/512/512,graph,19,24.0755,16.2442,24.1208,24.0755,
25,8,262144,2048,hyprefill,512/512/512,graph,20,24.3133,17.9235,24.3624,24.3133,
25,8,262144,2048,hyprefill,512/512/512,graph,21,24.0459,16.2442,24.0914,24.0459,
25,8,262144,2048,hyprefill,512/512/512,graph,22,24.1722,17.6490,24.2191,24.1722,
25,8,262144,2048,hyprefill,512/512/512,graph,23,23.8762,17.3425,23.9226,23.8762,
25,8,262144,2048,hyprefill,512/512/512,graph,24,24.2334,17.3744,24.2850,24.2334,
25,8,262144,2048,hyprefill,512/512/512,graph,25,23.9563,16.7615,24.0004,23.9563,
25,8,262144,2048,hyprefill,512/512/512,graph,26,24.1658,17.3744,24.2324,24.1658,
25,8,262144,2048,hyprefill,512/512/512,graph,27,24.0015,17.6171,24.0499,24.0015,
25,8,262144,2048,hyprefill,512/512/512,graph,28,24.1497,17.3744,24.1972,24.1497,
25,8,262144,2048,hyprefill,512/512/512,graph,29,24.3218,16.2442,24.3682,24.3218,
25,8,262144,2048,hyprefill,512/512/512,graph,30,24.0291,17.9235,24.0764,24.0291,
25,8,262144,2048,hyprefill,512/512/512,graph,31,24.1424,16.5188,24.1880,24.1424,
25,8,262144,2048,hyprefill,512/512/512,graph,32,23.9149,17.6490,23.9622,23.9149,
25,8,262144,2048,hyprefill,512/512/512,graph,33,24.3958,16.7934,24.4418,24.3958,
25,8,262144,2048,hyprefill,512/512/512,graph,34,23.9262,17.9235,23.9737,23.9262,
25,8,262144,2048,hyprefill,512/512/512,graph,35,23.8678,16.4869,23.9124,23.8678,
25,8,262144,2048,hyprefill,512/512/512,graph,36,23.7644,17.6490,23.8122,23.7644,
25,8,262144,2048,hyprefill,512/512/512,graph,37,24.2876,17.0679,24.3446,24.2876,
25,8,262144,2048,hyprefill,512/512/512,graph,38,24.3723,17.6490,24.4200,24.3723,
25,8,262144,2048,hyprefill,512/512/512,graph,39,24.1196,16.7934,24.1646,24.1196,
25,8,262144,2048,hyprefill,512/512/512,graph,40,23.8983,17.6490,23.9456,23.8983,
25,8,262144,2048,hyprefill,512/512/512,graph,41,24.0968,16.2124,24.1413,24.0968,
25,8,262144,2048,hyprefill,512/512/512,graph,42,24.1940,18.4727,24.2353,24.1940,
25,8,262144,2048,hyprefill,512/512/512,graph,43,24.0292,15.9696,24.0751,24.0292,
25,8,262144,2048,hyprefill,512/512/512,graph,44,24.2511,17.9235,24.2977,24.2511,
25,8,262144,2048,hyprefill,512/512/512,graph,45,23.7636,16.2442,23.8104,23.7636,
25,8,262144,2048,hyprefill,512/512/512,graph,46,24.3261,17.9235,24.3728,24.3261,
25,8,262144,2048,hyprefill,512/512/512,graph,47,22.7874,16.7615,22.9100,22.7874,
25,8,262144,2048,hyprefill,512/512/512,graph,48,23.7582,17.3744,23.8037,23.7582,
25,8,262144,2048,hyprefill,512/512/512,graph,49,23.6345,17.3425,23.6816,23.6345,
25,8,262144,2048,hyprefill,512/512/512,graph,50,24.0502,17.3425,24.0939,24.0502,
25,8,262144,2048,hyprefill,512/512/512,graph,51,23.9984,17.0679,24.0444,23.9984,
25,8,262144,2048,hyprefill,512/512/512,graph,52,23.8162,17.6171,23.8607,23.8162,
25,8,262144,2048,hyprefill,512/512/512,graph,53,23.9009,16.7934,23.9469,23.9009,
25,8,262144,2048,hyprefill,512/512/512,graph,54,24.1699,17.0998,24.2161,24.1699,
25,8,262144,2048,hyprefill,512/512/512,graph,55,23.8909,16.7934,23.9367,23.8909,
25,8,262144,2048,hyprefill,512/512/512,graph,56,23.8475,17.6171,23.8924,23.8475,
25,8,262144,2048,hyprefill,512/512/512,graph,57,23.8799,16.7934,23.9243,23.8799,
25,8,262144,2048,hyprefill,512/512/512,graph,58,23.8711,17.3744,23.9174,23.8711,
25,8,262144,2048,hyprefill,512/512/512,graph,59,24.2069,16.5188,24.2512,24.2069,
25,8,262144,2048,hyprefill,512/512/512,graph,60,23.8100,17.0998,23.8564,23.8100,
25,8,262144,2048,hyprefill,512/512/512,graph,61,23.9932,17.0679,24.0384,23.9932,
25,8,262144,2048,hyprefill,512/512/512,graph,62,23.7350,17.0998,23.7802,23.7350,
25,8,262144,2048,hyprefill,512/512/512,graph,63,24.2176,16.7934,24.2626,24.2176,
25,8,262144,2048,hyprefill,512/512/512,graph,64,23.9823,18.1663,24.0263,23.9823,
25,8,262144,2048,hyprefill,512/512/512,graph,65,24.0999,17.0679,24.1432,24.0999,
25,8,262144,2048,hyprefill,512/512/512,graph,66,23.9642,16.8252,24.0112,23.9642,
25,8,262144,2048,hyprefill,512/512/512,graph,67,24.0594,16.7934,24.1096,24.0594,
25,8,262144,2048,hyprefill,512/512/512,graph,68,23.8406,17.3425,23.8855,23.8406,
25,8,262144,2048,hyprefill,512/512/512,graph,69,23.8358,17.3425,23.8810,23.8358,
25,8,262144,2048,hyprefill,512/512/512,graph,70,23.8970,16.5506,23.9439,23.8970,
25,8,262144,2048,hyprefill,512/512/512,graph,71,24.1319,16.5188,24.1770,24.1319,
25,8,262144,2048,hyprefill,512/512/512,graph,72,23.4924,17.6171,23.5369,23.4924,
25,8,262144,2048,hyprefill,512/512/512,graph,73,23.8828,17.0679,23.9267,23.8828,
25,8,262144,2048,hyprefill,512/512/512,graph,74,23.8796,16.5506,23.9253,23.8796,
25,8,262144,2048,hyprefill,512/512/512,graph,75,23.5957,16.5188,23.6401,23.5957,
25,8,262144,2048,hyprefill,512/512/512,graph,76,23.1922,17.6171,23.2381,23.1922,
25,8,262144,2048,hyprefill,512/512/512,graph,77,23.7621,17.0679,23.8063,23.7621,
25,8,262144,2048,hyprefill,512/512/512,graph,78,24.2141,17.3744,24.2606,24.2141,
25,8,262144,2048,hyprefill,512/512/512,graph,79,23.9026,16.5188,23.9530,23.9026,
25,8,262144,2048,hyprefill,512/512/512,graph,80,24.1141,17.0998,24.1596,24.1141,
25,8,262144,2048,hyprefill,512/512/512,graph,81,23.8385,16.5188,23.8828,23.8385,
25,8,262144,2048,hyprefill,512/512/512,graph,82,23.9572,16.8252,24.0031,23.9572,
25,8,262144,2048,hyprefill,512/512/512,graph,83,24.0037,16.7934,24.0488,24.0037,
25,8,262144,2048,hyprefill,512/512/512,graph,84,23.7538,17.6171,23.7982,23.7538,
25,8,262144,2048,hyprefill,512/512/512,graph,85,23.9787,16.7934,24.0238,23.9787,
25,8,262144,2048,hyprefill,512/512/512,graph,86,23.6645,17.3425,23.7161,23.6645,
25,8,262144,2048,hyprefill,512/512/512,graph,87,23.9855,17.0679,24.0306,23.9855,
25,8,262144,2048,hyprefill,512/512/512,graph,88,23.9626,16.8252,24.0088,23.9626,
25,8,262144,2048,hyprefill,512/512/512,graph,89,24.0404,16.5188,24.0851,24.0404,
25,8,262144,2048,hyprefill,512/512/512,graph,90,23.8277,16.8252,23.8787,23.8277,
25,8,262144,2048,hyprefill,512/512/512,graph,91,24.1288,17.0679,24.1736,24.1288,
25,8,262144,2048,hyprefill,512/512/512,graph,92,24.0421,17.6171,24.0861,24.0421,
25,8,262144,2048,hyprefill,512/512/512,graph,93,24.0824,17.0679,24.1314,24.0824,
25,8,262144,2048,hyprefill,512/512/512,graph,94,23.8429,17.3425,23.8890,23.8429,
25,8,262144,2048,hyprefill,512/512/512,graph,95,23.7474,17.0679,23.7930,23.7474,
25,8,262144,2048,hyprefill,512/512/512,graph,96,24.3169,16.5506,24.3608,24.3169,
25,8,262144,2048,hyprefill,512/512/512,graph,97,23.8303,17.0679,23.8755,23.8303,
25,8,262144,2048,hyprefill,512/512/512,graph,98,24.4038,17.0998,24.4483,24.4038,
25,8,262144,2048,hyprefill,512/512/512,graph,99,23.9285,17.0679,23.9731,23.9285,
25,8,262144,2048,hyprefill,512/512/512,graph,100,24.1192,17.8917,24.1636,24.1192,
25,8,262144,2048,hyprefill,512/512/512,graph,101,24.1050,17.3425,24.1500,24.1050,
25,8,262144,2048,hyprefill,512/512/512,graph,102,24.0302,17.8917,24.0759,24.0302,
25,8,262144,2048,hyprefill,512/512/512,graph,103,23.9039,17.3425,23.9468,23.9039,
25,8,262144,2048,hyprefill,512/512/512,graph,104,24.2915,16.5506,24.3385,24.2915,
25,8,262144,2048,hyprefill,512/512/512,graph,105,23.9892,17.3425,24.0341,23.9892,
25,8,262144,2048,hyprefill,512/512/512,graph,106,24.3937,16.5506,24.4397,24.3937,
25,8,262144,2048,hyprefill,512/512/512,graph,107,24.2644,17.3425,24.3066,24.2644,
25,8,262144,2048,hyprefill,512/512/512,graph,108,23.9039,17.6171,23.9500,23.9039,
25,8,262144,2048,hyprefill,512/512/512,graph,109,24.1635,16.5506,24.2098,24.1635,
25,8,262144,2048,hyprefill,512/512/512,graph,110,23.0871,17.8599,23.1328,23.0871,
25,8,262144,2048,hyprefill,512/512/512,graph,111,23.9143,17.8917,23.9582,23.9143,
25,8,262144,2048,hyprefill,512/512/512,graph,112,23.9811,17.3425,24.0278,23.9811,
25,8,262144,2048,hyprefill,512/512/512,graph,113,24.3833,16.8252,24.4289,24.3833,
25,8,262144,2048,hyprefill,512/512/512,graph,114,23.9684,16.0014,24.0160,23.9684,
25,8,262144,2048,hyprefill,512/512/512,graph,115,24.1619,17.6171,24.2065,24.1619,
25,8,262144,2048,hyprefill,512/512/512,graph,116,23.8447,17.3425,23.8897,23.8447,
25,8,262144,2048,hyprefill,512/512/512,graph,117,24.4134,16.2760,24.4603,24.4134,
25,8,262144,2048,hyprefill,512/512/512,graph,118,22.4840,18.1345,22.5285,22.4840,
25,8,262144,2048,hyprefill,512/512/512,graph,119,24.0889,17.3425,24.1349,24.0889,
25,8,262144,2048,hyprefill,512/512/512,graph,120,24.2236,16.8252,24.2711,24.2236,
25,8,262144,2048,hyprefill,512/512/512,graph,121,24.1551,17.3425,24.2009,24.1551,
25,8,262144,2048,hyprefill,512/512/512,graph,122,24.4226,16.5506,24.4695,24.4226,
25,8,262144,2048,hyprefill,512/512/512,graph,123,23.8040,17.6171,23.8501,23.8040,
25,8,262144,2048,hyprefill,512/512/512,graph,124,24.2539,17.3425,24.2971,24.2539,
25,8,262144,2048,hyprefill,512/512/512,graph,125,24.0257,16.2760,24.0723,24.0257,
25,8,262144,2048,hyprefill,512/512/512,graph,126,24.1121,18.1663,24.2049,24.1121,
25,8,262144,2048,hyprefill,512/512/512,graph,127,23.8642,17.6171,23.9092,23.8642,
25,8,262144,2048,hyprefill,512/512/512,graph,128,24.1249,16.5506,24.1712,24.1249,
25,8,262144,2048,hyprefill,512/512/512,graph,129,23.9270,17.6171,23.9725,23.9270,
25,8,262144,2048,hyprefill,512/512/512,graph,130,24.1333,16.8252,24.1764,24.1333,
25,8,262144,2048,hyprefill,512/512/512,graph,131,24.1445,16.7934,24.1889,24.1445,
25,8,262144,2048,hyprefill,512/512/512,graph,132,24.0626,17.8917,24.1077,24.0626,
25,8,262144,2048,hyprefill,512/512/512,graph,133,24.1772,16.2760,24.2231,24.1772,
25,8,262144,2048,hyprefill,512/512/512,graph,134,23.2402,18.1345,23.2841,23.2402,
25,8,262144,2048,hyprefill,512/512/512,graph,135,24.1023,17.8917,24.1487,24.1023,
25,8,262144,2048,hyprefill,512/512/512,graph,136,24.0006,17.0679,24.0471,24.0006,
25,8,262144,2048,hyprefill,512/512/512,graph,137,24.2205,17.3425,24.2645,24.2205,
25,8,262144,2048,hyprefill,512/512/512,graph,138,23.8967,16.2760,23.9435,23.8967,
25,8,262144,2048,hyprefill,512/512/512,graph,139,24.1761,18.1663,24.2214,24.1761,
25,8,262144,2048,hyprefill,512/512/512,graph,140,23.8932,16.5188,23.9386,23.8932,
25,8,262144,2048,hyprefill,512/512/512,graph,141,24.3290,16.8252,24.3745,24.3290,
25,8,262144,2048,hyprefill,512/512/512,graph,142,23.7871,17.6171,23.8317,23.7871,
25,8,262144,2048,hyprefill,512/512/512,graph,143,24.1007,17.6171,24.1479,24.1007,
25,8,262144,2048,hyprefill,512/512/512,graph,144,23.9748,17.0679,24.0209,23.9748,
25,8,262144,2048,hyprefill,512/512/512,graph,145,24.0792,17.8917,24.1273,24.0792,
25,8,262144,2048,hyprefill,512/512/512,graph,146,24.0411,16.2760,24.0873,24.0411,
25,8,262144,2048,hyprefill,512/512/512,graph,147,24.3396,17.8917,24.3843,24.3396,
25,8,262144,2048,hyprefill,512/512/512,graph,148,23.8764,17.0679,23.9227,23.8764,
25,8,262144,2048,hyprefill,512/512/512,graph,149,23.8072,16.5506,23.8541,23.8072,
25,8,262144,2048,hyprefill,512/512/512,graph,150,24.3050,17.6171,24.3574,24.3050,
25,8,262144,2048,hyprefill,512/512/512,graph,151,23.9362,16.5506,23.9829,23.9362,
25,8,262144,2048,hyprefill,512/512/512,graph,152,23.9966,16.7934,24.0426,23.9966,
25,8,262144,2048,hyprefill,512/512/512,graph,153,23.9929,16.5506,24.0392,23.9929,
25,8,262144,2048,hyprefill,512/512/512,graph,154,23.7876,17.0679,23.8315,23.7876,
25,8,262144,2048,hyprefill,512/512/512,graph,155,22.0464,17.8599,22.0914,22.0464,
25,8,262144,2048,hyprefill,512/512/512,graph,156,24.1304,17.0679,24.1737,24.1304,
25,8,262144,2048,hyprefill,512/512/512,graph,157,23.7371,17.6171,23.7829,23.7371,
25,8,262144,2048,hyprefill,512/512/512,graph,158,24.2092,17.3425,24.2539,24.2092,
25,8,262144,2048,hyprefill,512/512/512,graph,159,24.1634,16.5506,24.2100,24.1634,
25,8,262144,2048,hyprefill,512/512/512,graph,160,24.0443,17.0679,24.0899,24.0443,
25,8,262144,2048,hyprefill,512/512/512,graph,161,23.9991,17.6171,24.0434,23.9991,
25,8,262144,2048,hyprefill,512/512/512,graph,162,23.8122,17.3425,23.8583,23.8122,
25,8,262144,2048,hyprefill,512/512/512,graph,163,23.9272,17.6171,23.9712,23.9272,
25,8,262144,2048,hyprefill,512/512/512,graph,164,23.8674,17.0679,23.9129,23.8674,
25,8,262144,2048,hyprefill,512/512/512,graph,165,24.0690,17.3425,24.1128,24.0690,
25,8,262144,2048,hyprefill,512/512/512,graph,166,23.7204,17.0679,23.7742,23.7204,
25,8,262144,2048,hyprefill,512/512/512,graph,167,24.1054,17.0998,24.1536,24.1054,
25,8,262144,2048,hyprefill,512/512/512,graph,168,23.6923,16.5188,23.7385,23.6923,
25,8,262144,2048,hyprefill,512/512/512,graph,169,24.1802,17.0998,24.2260,24.1802,
25,8,262144,2048,hyprefill,512/512/512,graph,170,23.9274,16.2442,23.9708,23.9274,
25,8,262144,2048,hyprefill,512/512/512,graph,171,24.1267,16.8252,24.1730,24.1267,
25,8,262144,2048,hyprefill,512/512/512,graph,172,23.7896,16.5188,23.8309,23.7896,
25,8,262144,2048,hyprefill,512/512/512,graph,173,23.2908,17.8917,23.3373,23.2908,
25,8,262144,2048,hyprefill,512/512/512,graph,174,24.2117,16.7934,24.2552,24.2117,
25,8,262144,2048,hyprefill,512/512/512,graph,175,24.0591,16.8252,24.1044,24.0591,
25,8,262144,2048,hyprefill,512/512/512,graph,176,24.0764,17.0679,24.1204,24.0764,
25,8,262144,2048,hyprefill,512/512/512,graph,177,24.0883,17.3744,24.1331,24.0883,
25,8,262144,2048,hyprefill,512/512/512,graph,178,24.0885,16.2442,24.1324,24.0885,
25,8,262144,2048,hyprefill,512/512/512,graph,179,23.6415,17.0998,23.6858,23.6415,
25,8,262144,2048,hyprefill,512/512/512,graph,180,24.1025,16.5188,24.1557,24.1025,
25,8,262144,2048,hyprefill,512/512/512,graph,181,23.4760,17.8917,23.5207,23.4760,
25,8,262144,2048,hyprefill,512/512/512,graph,182,24.0215,16.5188,24.0665,24.0215,
25,8,262144,2048,hyprefill,512/512/512,graph,183,23.8313,17.3744,23.8810,23.8313,
25,8,262144,2048,hyprefill,512/512/512,graph,184,23.9875,16.2442,24.0329,23.9875,
25,8,262144,2048,hyprefill,512/512/512,graph,185,24.0359,17.3744,24.0821,24.0359,
25,8,262144,2048,hyprefill,512/512/512,graph,186,22.9232,17.0361,22.9680,22.9232,
25,8,262144,2048,hyprefill,512/512/512,graph,187,24.1732,17.0998,24.2183,24.1732,
25,8,262144,2048,hyprefill,512/512/512,graph,188,23.7912,16.5188,23.8400,23.7912,
25,8,262144,2048,hyprefill,512/512/512,graph,189,23.7698,18.1663,23.8135,23.7698,
25,8,262144,2048,hyprefill,512/512/512,graph,190,24.0400,16.5188,24.0846,24.0400,
25,8,262144,2048,hyprefill,512/512/512,graph,191,24.1480,17.3744,24.1923,24.1480,
25,8,262144,2048,hyprefill,512/512/512,graph,192,23.8562,16.2442,23.8998,23.8562,
25,8,262144,2048,hyprefill,512/512/512,graph,193,24.2373,17.6490,24.2832,24.2373,
25,8,262144,2048,hyprefill,512/512/512,graph,194,22.6605,16.7615,22.7071,22.6605,
25,8,262144,2048,hyprefill,512/512/512,graph,195,24.2288,17.6490,24.2727,24.2288,
25,8,262144,2048,hyprefill,512/512/512,graph,196,23.8906,16.5188,23.9341,23.8906,
25,8,262144,2048,hyprefill,512/512/512,graph,197,23.7414,18.1663,23.7876,23.7414,
25,8,262144,2048,hyprefill,512/512/512,graph,198,23.9132,16.5188,23.9573,23.9132,
25,8,262144,2048,hyprefill,512/512/512,graph,199,24.1192,17.0998,24.1654,24.1192,
25,8,262144,2048,hyprefill,2048/2048/2048,graph,0,21.6626,15.0503,21.7088,21.6626,
25,8,262144,2048,hyprefill,2048/2048/2048,graph,1,21.6895,15.0503,21.7361,21.6895,
25,8,262144,2048,hyprefill,2048/2048/2048,graph,2,21.7082,15.0503,21.7550,21.7082,
25,8,262144,2048,hyprefill,2048/2048/2048,graph,3,21.6408,15.0503,21.6863,21.6408,
25,8,262144,2048,hyprefill,2048/2048/2048,graph,4,21.6159,15.0503,21.6625,21.6159,
25,8,262144,2048,hyprefill,2048/2048/2048,graph,5,21.6633,15.0503,21.7091,21.6633,
25,8,262144,2048,hyprefill,2048/2048/2048,graph,6,21.6548,15.0503,21.7026,21.6548,
25,8,262144,2048,hyprefill,2048/2048/2048,graph,7,21.6825,15.0503,21.7277,21.6825,
25,8,262144,2048,hyprefill,2048/2048/2048,graph,8,21.7117,15.0503,21.7577,21.7117,
25,8,262144,2048,hyprefill,2048/2048/2048,graph,9,21.7336,15.0503,21.7791,21.7336,
25,8,262144,2048,hyprefill,2048/2048/2048,graph,10,21.7131,15.0503,21.7587,21.7131,
25,8,262144,2048,hyprefill,2048/2048/2048,graph,11,21.8332,15.0503,21.8797,21.8332,
25,8,262144,2048,hyprefill,2048/2048/2048,graph,12,21.8119,15.0503,21.8566,21.8119,
25,8,262144,2048,hyprefill,2048/2048/2048,graph,13,21.8964,15.0503,21.9414,21.8964,
25,8,262144,2048,hyprefill,2048/2048/2048,graph,14,21.8999,15.0503,21.9447,21.8999,
25,8,262144,2048,hyprefill,2048/2048/2048,graph,15,21.9085,15.0503,21.9552,21.9085,
25,8,262144,2048,hyprefill,2048/2048/2048,graph,16,21.8969,15.0503,21.9428,21.8969,
25,8,262144,2048,hyprefill,2048/2048/2048,graph,17,21.9376,15.0503,21.9830,21.9376,
25,8,262144,2048,hyprefill,2048/2048/2048,graph,18,21.9078,15.0503,21.9530,21.9078,
25,8,262144,2048,hyprefill,2048/2048/2048,graph,19,21.8291,15.0503,21.8759,21.8291,
25,8,262144,2048,hyprefill,2048/2048/2048,graph,20,21.8687,15.0503,21.9370,21.8687,
25,8,262144,2048,hyprefill,2048/2048/2048,graph,21,21.7662,15.0503,21.8111,21.7662,
25,8,262144,2048,hyprefill,2048/2048/2048,graph,22,21.7426,15.0503,21.7887,21.7426,
25,8,262144,2048,hyprefill,2048/2048/2048,graph,23,21.6816,15.0503,21.7269,21.6816,
25,8,262144,2048,hyprefill,2048/2048/2048,graph,24,21.7057,15.0503,21.7516,21.7057,
25,8,262144,2048,hyprefill,2048/2048/2048,graph,25,21.6430,15.0503,21.6884,21.6430,
25,8,262144,2048,hyprefill,2048/2048/2048,graph,26,21.6290,15.0503,21.6738,21.6290,
25,8,262144,2048,hyprefill,2048/2048/2048,graph,27,21.6836,15.0503,21.7288,21.6836,
25,8,262144,2048,hyprefill,2048/2048/2048,graph,28,21.6858,15.0503,21.7308,21.6858,
25,8,262144,2048,hyprefill,2048/2048/2048,graph,29,21.7145,15.0503,21.7606,21.7145,
25,8,262144,2048,hyprefill,2048/2048/2048,graph,30,21.7561,15.0503,21.8010,21.7561,
25,8,262144,2048,hyprefill,2048/2048/2048,graph,31,21.8261,15.0503,21.8708,21.8261,
25,8,262144,2048,hyprefill,2048/2048/2048,graph,32,21.7902,15.0503,21.8380,21.7902,
25,8,262144,2048,hyprefill,2048/2048/2048,graph,33,21.8566,15.0503,21.9080,21.8566,
25,8,262144,2048,hyprefill,2048/2048/2048,graph,34,21.8355,15.0503,21.8801,21.8355,
25,8,262144,2048,hyprefill,2048/2048/2048,graph,35,21.8927,15.0503,21.9383,21.8927,
25,8,262144,2048,hyprefill,2048/2048/2048,graph,36,21.9014,15.0503,21.9471,21.9014,
25,8,262144,2048,hyprefill,2048/2048/2048,graph,37,21.9893,15.0503,22.0354,21.9893,
25,8,262144,2048,hyprefill,2048/2048/2048,graph,38,21.9598,15.0503,22.0051,21.9598,
25,8,262144,2048,hyprefill,2048/2048/2048,graph,39,21.9742,15.0503,22.0272,21.9742,
25,8,262144,2048,hyprefill,2048/2048/2048,graph,40,21.9840,15.0503,22.0294,21.9840,
25,8,262144,2048,hyprefill,2048/2048/2048,graph,41,21.9820,15.0503,22.0279,21.9820,
25,8,262144,2048,hyprefill,2048/2048/2048,graph,42,21.9717,15.0503,22.0153,21.9717,
25,8,262144,2048,hyprefill,2048/2048/2048,graph,43,21.9809,15.0503,22.0258,21.9809,
25,8,262144,2048,hyprefill,2048/2048/2048,graph,44,21.9886,15.0503,22.0333,21.9886,
25,8,262144,2048,hyprefill,2048/2048/2048,graph,45,21.9145,15.0503,21.9596,21.9145,
25,8,262144,2048,hyprefill,2048/2048/2048,graph,46,21.8948,15.0503,21.9413,21.8948,
25,8,262144,2048,hyprefill,2048/2048/2048,graph,47,21.8738,15.0503,21.9194,21.8738,
25,8,262144,2048,hyprefill,2048/2048/2048,graph,48,21.8876,15.0503,21.9329,21.8876,
25,8,262144,2048,hyprefill,2048/2048/2048,graph,49,21.8002,15.0503,21.8456,21.8002,
25,8,262144,2048,hyprefill,2048/2048/2048,graph,50,21.8099,15.0503,21.8546,21.8099,
25,8,262144,2048,hyprefill,2048/2048/2048,graph,51,21.7317,15.0503,21.7822,21.7317,
25,8,262144,2048,hyprefill,2048/2048/2048,graph,52,21.7258,15.0503,21.7718,21.7258,
25,8,262144,2048,hyprefill,2048/2048/2048,graph,53,21.7548,15.0503,21.8046,21.7548,
25,8,262144,2048,hyprefill,2048/2048/2048,graph,54,21.7540,15.0503,21.8005,21.7540,
25,8,262144,2048,hyprefill,2048/2048/2048,graph,55,21.7742,15.0503,21.8186,21.7742,
25,8,262144,2048,hyprefill,2048/2048/2048,graph,56,21.7516,15.0503,21.7977,21.7516,
25,8,262144,2048,hyprefill,2048/2048/2048,graph,57,21.7999,15.0503,21.8453,21.7999,
25,8,262144,2048,hyprefill,2048/2048/2048,graph,58,21.7987,15.0503,21.8443,21.7987,
25,8,262144,2048,hyprefill,2048/2048/2048,graph,59,21.8397,15.0503,21.8851,21.8397,
25,8,262144,2048,hyprefill,2048/2048/2048,graph,60,21.8390,15.0503,21.8857,21.8390,
25,8,262144,2048,hyprefill,2048/2048/2048,graph,61,21.8663,15.0503,21.9178,21.8663,
25,8,262144,2048,hyprefill,2048/2048/2048,graph,62,21.8344,15.0503,21.8801,21.8344,
25,8,262144,2048,hyprefill,2048/2048/2048,graph,63,21.7639,15.0503,21.8105,21.7639,
25,8,262144,2048,hyprefill,2048/2048/2048,graph,64,21.8119,15.0503,21.8586,21.8119,
25,8,262144,2048,hyprefill,2048/2048/2048,graph,65,21.7094,15.0503,21.7586,21.7094,
25,8,262144,2048,hyprefill,2048/2048/2048,graph,66,21.7436,15.0503,21.7896,21.7436,
25,8,262144,2048,hyprefill,2048/2048/2048,graph,67,21.7019,15.0503,21.7485,21.7019,
25,8,262144,2048,hyprefill,2048/2048/2048,graph,68,21.6846,15.0503,21.7301,21.6846,
25,8,262144,2048,hyprefill,2048/2048/2048,graph,69,21.6726,15.0503,21.7175,21.6726,
25,8,262144,2048,hyprefill,2048/2048/2048,graph,70,21.6498,15.0503,21.6952,21.6498,
25,8,262144,2048,hyprefill,2048/2048/2048,graph,71,21.6812,15.0503,21.7268,21.6812,
25,8,262144,2048,hyprefill,2048/2048/2048,graph,72,21.4497,14.7758,21.4946,21.4497,
25,8,262144,2048,hyprefill,2048/2048/2048,graph,73,21.0221,14.7758,21.0685,21.0221,
25,8,262144,2048,hyprefill,2048/2048/2048,graph,74,20.7656,14.5012,20.8106,20.7656,
25,8,262144,2048,hyprefill,2048/2048/2048,graph,75,20.4027,14.5012,20.4478,20.4027,
25,8,262144,2048,hyprefill,2048/2048/2048,graph,76,20.1151,14.2266,20.1609,20.1151,
25,8,262144,2048,hyprefill,2048/2048/2048,graph,77,19.7223,14.2266,19.7679,19.7223,
25,8,262144,2048,hyprefill,2048/2048/2048,graph,78,19.7025,14.2266,19.7488,19.7025,
25,8,262144,2048,hyprefill,2048/2048/2048,graph,79,19.7019,14.2266,19.7483,19.7019,
25,8,262144,2048,hyprefill,2048/2048/2048,graph,80,19.9751,14.5012,20.0208,19.9751,
25,8,262144,2048,hyprefill,2048/2048/2048,graph,81,20.4051,14.5012,20.4512,20.4051,
25,8,262144,2048,hyprefill,2048/2048/2048,graph,82,20.6596,14.7758,20.7056,20.6596,
25,8,262144,2048,hyprefill,2048/2048/2048,graph,83,21.1316,14.7758,21.1790,21.1316,
25,8,262144,2048,hyprefill,2048/2048/2048,graph,84,21.4325,15.0503,21.4794,21.4325,
25,8,262144,2048,hyprefill,2048/2048/2048,graph,85,21.9238,15.0503,21.9689,21.9238,
25,8,262144,2048,hyprefill,2048/2048/2048,graph,86,21.9252,15.0503,21.9750,21.9252,
25,8,262144,2048,hyprefill,2048/2048/2048,graph,87,21.9731,15.0503,22.0203,21.9731,
25,8,262144,2048,hyprefill,2048/2048/2048,graph,88,21.9657,15.0503,22.0176,21.9657,
25,8,262144,2048,hyprefill,2048/2048/2048,graph,89,21.9729,15.0503,22.0199,21.9729,
25,8,262144,2048,hyprefill,2048/2048/2048,graph,90,21.9714,15.0503,22.0184,21.9714,
25,8,262144,2048,hyprefill,2048/2048/2048,graph,91,21.9244,15.0503,21.9711,21.9244,
25,8,262144,2048,hyprefill,2048/2048/2048,graph,92,21.8895,15.0503,21.9358,21.8895,
25,8,262144,2048,hyprefill,2048/2048/2048,graph,93,21.8391,15.0503,21.8858,21.8391,
25,8,262144,2048,hyprefill,2048/2048/2048,graph,94,21.8261,15.0503,21.9023,21.8261,
25,8,262144,2048,hyprefill,2048/2048/2048,graph,95,21.7742,15.0503,21.8205,21.7742,
25,8,262144,2048,hyprefill,2048/2048/2048,graph,96,21.7171,15.0503,21.7652,21.7171,
25,8,262144,2048,hyprefill,2048/2048/2048,graph,97,21.6632,15.0503,21.7121,21.6632,
25,8,262144,2048,hyprefill,2048/2048/2048,graph,98,21.6501,15.0503,21.7015,21.6501,
25,8,262144,2048,hyprefill,2048/2048/2048,graph,99,21.6202,15.0503,21.6660,21.6202,
25,8,262144,2048,hyprefill,2048/2048/2048,graph,100,21.6475,15.0503,21.6935,21.6475,
25,8,262144,2048,hyprefill,2048/2048/2048,graph,101,21.6445,15.0503,21.6909,21.6445,
25,8,262144,2048,hyprefill,2048/2048/2048,graph,102,21.6745,15.0503,21.7213,21.6745,
25,8,262144,2048,hyprefill,2048/2048/2048,graph,103,21.7064,15.0503,21.7503,21.7064,
25,8,262144,2048,hyprefill,2048/2048/2048,graph,104,21.6796,15.0503,21.7254,21.6796,
25,8,262144,2048,hyprefill,2048/2048/2048,graph,105,21.7652,15.0503,21.8127,21.7652,
25,8,262144,2048,hyprefill,2048/2048/2048,graph,106,21.7348,15.0503,21.7800,21.7348,
25,8,262144,2048,hyprefill,2048/2048/2048,graph,107,21.8324,15.0503,21.8753,21.8324,
25,8,262144,2048,hyprefill,2048/2048/2048,graph,108,21.8264,15.0503,21.8716,21.8264,
25,8,262144,2048,hyprefill,2048/2048/2048,graph,109,21.9113,15.0503,21.9565,21.9113,
25,8,262144,2048,hyprefill,2048/2048/2048,graph,110,21.8875,15.0503,21.9330,21.8875,
25,8,262144,2048,hyprefill,2048/2048/2048,graph,111,21.9236,15.0503,21.9702,21.9236,
25,8,262144,2048,hyprefill,2048/2048/2048,graph,112,21.9082,15.0503,21.9569,21.9082,
25,8,262144,2048,hyprefill,2048/2048/2048,graph,113,21.9141,15.0503,21.9632,21.9141,
25,8,262144,2048,hyprefill,2048/2048/2048,graph,114,21.9121,15.0503,21.9576,21.9121,
25,8,262144,2048,hyprefill,2048/2048/2048,graph,115,21.8303,15.0503,21.8765,21.8303,
25,8,262144,2048,hyprefill,2048/2048/2048,graph,116,21.8244,15.0503,21.8698,21.8244,
25,8,262144,2048,hyprefill,2048/2048/2048,graph,117,21.7908,15.0503,21.8362,21.7908,
25,8,262144,2048,hyprefill,2048/2048/2048,graph,118,21.7519,15.0503,21.7981,21.7519,
25,8,262144,2048,hyprefill,2048/2048/2048,graph,119,21.6897,15.0503,21.7351,21.6897,
25,8,262144,2048,hyprefill,2048/2048/2048,graph,120,21.6746,15.0503,21.7196,21.6746,
25,8,262144,2048,hyprefill,2048/2048/2048,graph,121,21.6600,15.0503,21.7052,21.6600,
25,8,262144,2048,hyprefill,2048/2048/2048,graph,122,21.6484,15.0503,21.6941,21.6484,
25,8,262144,2048,hyprefill,2048/2048/2048,graph,123,21.6543,15.0503,21.6996,21.6543,
25,8,262144,2048,hyprefill,2048/2048/2048,graph,124,21.6630,15.0503,21.7088,21.6630,
25,8,262144,2048,hyprefill,2048/2048/2048,graph,125,21.7261,15.0503,21.7719,21.7261,
25,8,262144,2048,hyprefill,2048/2048/2048,graph,126,21.7355,15.0503,21.7810,21.7355,
25,8,262144,2048,hyprefill,2048/2048/2048,graph,127,21.7893,15.0503,21.8361,21.7893,
25,8,262144,2048,hyprefill,2048/2048/2048,graph,128,21.7978,15.0503,21.8446,21.7978,
25,8,262144,2048,hyprefill,2048/2048/2048,graph,129,21.8121,15.0503,21.8571,21.8121,
25,8,262144,2048,hyprefill,2048/2048/2048,graph,130,21.8459,15.0503,21.8926,21.8459,
25,8,262144,2048,hyprefill,2048/2048/2048,graph,131,21.8947,15.0503,21.9392,21.8947,
25,8,262144,2048,hyprefill,2048/2048/2048,graph,132,21.8887,15.0503,21.9338,21.8887,
25,8,262144,2048,hyprefill,2048/2048/2048,graph,133,21.9549,15.0503,22.0000,21.9549,
25,8,262144,2048,hyprefill,2048/2048/2048,graph,134,21.9603,15.0503,22.0066,21.9603,
25,8,262144,2048,hyprefill,2048/2048/2048,graph,135,21.9725,15.0503,22.0172,21.9725,
25,8,262144,2048,hyprefill,2048/2048/2048,graph,136,21.9647,15.0503,22.0092,21.9647,
25,8,262144,2048,hyprefill,2048/2048/2048,graph,137,22.0099,15.0503,22.0592,22.0099,
25,8,262144,2048,hyprefill,2048/2048/2048,graph,138,21.9907,15.0503,22.0421,21.9907,
25,8,262144,2048,hyprefill,2048/2048/2048,graph,139,21.9680,15.0503,22.0120,21.9680,
25,8,262144,2048,hyprefill,2048/2048/2048,graph,140,21.9842,15.0503,22.0290,21.9842,
25,8,262144,2048,hyprefill,2048/2048/2048,graph,141,21.8988,15.0503,21.9432,21.8988,
25,8,262144,2048,hyprefill,2048/2048/2048,graph,142,21.8992,15.0503,21.9450,21.8992,
25,8,262144,2048,hyprefill,2048/2048/2048,graph,143,21.9065,15.0503,21.9554,21.9065,
25,8,262144,2048,hyprefill,2048/2048/2048,graph,144,21.8653,15.0503,21.9099,21.8653,
25,8,262144,2048,hyprefill,2048/2048/2048,graph,145,21.7954,15.0503,21.8398,21.7954,
25,8,262144,2048,hyprefill,2048/2048/2048,graph,146,21.7896,15.0503,21.8353,21.7896,
25,8,262144,2048,hyprefill,2048/2048/2048,graph,147,21.7194,15.0503,21.7635,21.7194,
25,8,262144,2048,hyprefill,2048/2048/2048,graph,148,21.7629,15.0503,21.8081,21.7629,
25,8,262144,2048,hyprefill,2048/2048/2048,graph,149,21.7727,15.0503,21.8183,21.7727,
25,8,262144,2048,hyprefill,2048/2048/2048,graph,150,21.7346,15.0503,21.7799,21.7346,
25,8,262144,2048,hyprefill,2048/2048/2048,graph,151,21.7555,15.0503,21.8046,21.7555,
25,8,262144,2048,hyprefill,2048/2048/2048,graph,152,21.7509,15.0503,21.7951,21.7509,
25,8,262144,2048,hyprefill,2048/2048/2048,graph,153,21.8124,15.0503,21.8573,21.8124,
25,8,262144,2048,hyprefill,2048/2048/2048,graph,154,21.7952,15.0503,21.8399,21.7952,
25,8,262144,2048,hyprefill,2048/2048/2048,graph,155,21.8354,15.0503,21.8812,21.8354,
25,8,262144,2048,hyprefill,2048/2048/2048,graph,156,21.8585,15.0503,21.9036,21.8585,
25,8,262144,2048,hyprefill,2048/2048/2048,graph,157,21.8348,15.0503,21.8792,21.8348,
25,8,262144,2048,hyprefill,2048/2048/2048,graph,158,21.8308,15.0503,21.8749,21.8308,
25,8,262144,2048,hyprefill,2048/2048/2048,graph,159,21.7797,15.0503,21.8249,21.7797,
25,8,262144,2048,hyprefill,2048/2048/2048,graph,160,21.7728,15.0503,21.8180,21.7728,
25,8,262144,2048,hyprefill,2048/2048/2048,graph,161,21.7243,15.0503,21.7700,21.7243,
25,8,262144,2048,hyprefill,2048/2048/2048,graph,162,21.7474,15.0503,21.7919,21.7474,
25,8,262144,2048,hyprefill,2048/2048/2048,graph,163,21.7181,15.0503,21.7635,21.7181,
25,8,262144,2048,hyprefill,2048/2048/2048,graph,164,21.6710,15.0503,21.7146,21.6710,
25,8,262144,2048,hyprefill,2048/2048/2048,graph,165,21.6697,15.0503,21.7149,21.6697,
25,8,262144,2048,hyprefill,2048/2048/2048,graph,166,21.6565,15.0503,21.7018,21.6565,
25,8,262144,2048,hyprefill,2048/2048/2048,graph,167,21.6856,15.0503,21.7297,21.6856,
25,8,262144,2048,hyprefill,2048/2048/2048,graph,168,21.4255,14.7758,21.4779,21.4255,
25,8,262144,2048,hyprefill,2048/2048/2048,graph,169,21.0269,14.7758,21.0724,21.0269,
25,8,262144,2048,hyprefill,2048/2048/2048,graph,170,20.7755,14.5012,20.8203,20.7755,
25,8,262144,2048,hyprefill,2048/2048/2048,graph,171,20.3879,14.5012,20.4332,20.3879,
25,8,262144,2048,hyprefill,2048/2048/2048,graph,172,20.1151,14.2266,20.1572,20.1151,
25,8,262144,2048,hyprefill,2048/2048/2048,graph,173,19.7292,14.2266,19.7748,19.7292,
25,8,262144,2048,hyprefill,2048/2048/2048,graph,174,19.7307,14.2266,19.7763,19.7307,
25,8,262144,2048,hyprefill,2048/2048/2048,graph,175,19.7019,14.2266,19.7474,19.7019,
25,8,262144,2048,hyprefill,2048/2048/2048,graph,176,19.9548,14.5012,20.0006,19.9548,
25,8,262144,2048,hyprefill,2048/2048/2048,graph,177,20.4528,14.5012,20.4981,20.4528,
25,8,262144,2048,hyprefill,2048/2048/2048,graph,178,20.6821,14.7758,20.7263,20.6821,
25,8,262144,2048,hyprefill,2048/2048/2048,graph,179,21.1655,14.7758,21.2112,21.1655,
25,8,262144,2048,hyprefill,2048/2048/2048,graph,180,21.4095,15.0503,21.4638,21.4095,
25,8,262144,2048,hyprefill,2048/2048/2048,graph,181,21.9086,15.0503,21.9527,21.9086,
25,8,262144,2048,hyprefill,2048/2048/2048,graph,182,21.9162,15.0503,21.9605,21.9162,
25,8,262144,2048,hyprefill,2048/2048/2048,graph,183,21.9886,15.0503,22.0328,21.9886,
25,8,262144,2048,hyprefill,2048/2048/2048,graph,184,21.9698,15.0503,22.0292,21.9698,
25,8,262144,2048,hyprefill,2048/2048/2048,graph,185,21.9666,15.0503,22.0168,21.9666,
25,8,262144,2048,hyprefill,2048/2048/2048,graph,186,22.0235,15.0503,22.0697,22.0235,
25,8,262144,2048,hyprefill,2048/2048/2048,graph,187,21.9082,15.0503,21.9548,21.9082,
25,8,262144,2048,hyprefill,2048/2048/2048,graph,188,21.8986,15.0503,21.9437,21.8986,
25,8,262144,2048,hyprefill,2048/2048/2048,graph,189,21.8005,15.0503,21.8469,21.8005,
25,8,262144,2048,hyprefill,2048/2048/2048,graph,190,21.8054,15.0503,21.8505,21.8054,
25,8,262144,2048,hyprefill,2048/2048/2048,graph,191,21.7514,15.0503,21.7962,21.7514,
25,8,262144,2048,hyprefill,2048/2048/2048,graph,192,21.7396,15.0503,21.7840,21.7396,
25,8,262144,2048,hyprefill,2048/2048/2048,graph,193,21.6881,15.0503,21.7332,21.6881,
25,8,262144,2048,hyprefill,2048/2048/2048,graph,194,21.6791,15.0503,21.7261,21.6791,
25,8,262144,2048,hyprefill,2048/2048/2048,graph,195,21.6479,15.0503,21.6934,21.6479,
25,8,262144,2048,hyprefill,2048/2048/2048,graph,196,21.6175,15.0503,21.6634,21.6175,
25,8,262144,2048,hyprefill,2048/2048/2048,graph,197,21.6742,15.0503,21.7205,21.6742,
25,8,262144,2048,hyprefill,2048/2048/2048,graph,198,21.6519,15.0503,21.6972,21.6519,
25,8,262144,2048,hyprefill,2048/2048/2048,graph,199,21.6801,15.0503,21.7272,21.6801,
25,8,262144,2048,hyprefill,256/256/256,graph,0,23.3160,19.0537,23.3693,23.3160,
25,8,262144,2048,hyprefill,256/256/256,graph,1,23.3713,20.1839,23.4162,23.3713,
25,8,262144,2048,hyprefill,256/256/256,graph,2,23.2209,19.3283,23.2646,23.2209,
25,8,262144,2048,hyprefill,256/256/256,graph,3,23.6271,19.6666,23.6732,23.6271,
25,8,262144,2048,hyprefill,256/256/256,graph,4,23.9003,18.5364,23.9451,23.9003,
25,8,262144,2048,hyprefill,256/256/256,graph,5,23.3904,19.9412,23.4378,23.3904,
25,8,262144,2048,hyprefill,256/256/256,graph,6,23.1884,18.7791,23.2346,23.1884,
25,8,262144,2048,hyprefill,256/256/256,graph,7,23.6634,19.6666,23.7083,23.6634,
25,8,262144,2048,hyprefill,256/256/256,graph,8,23.7674,18.2618,23.8124,23.7674,
25,8,262144,2048,hyprefill,256/256/256,graph,9,23.0978,20.1839,23.1421,23.0978,
25,8,262144,2048,hyprefill,256/256/256,graph,10,22.4433,19.2965,22.4891,22.4433,
25,8,262144,2048,hyprefill,256/256/256,graph,11,23.6559,20.4585,23.7005,23.6559,
25,8,262144,2048,hyprefill,256/256/256,graph,12,23.5763,18.8110,23.6214,23.5763,
25,8,262144,2048,hyprefill,256/256/256,graph,13,23.6069,19.3920,23.6519,23.6069,
25,8,262144,2048,hyprefill,256/256/256,graph,14,23.0293,18.5046,23.0743,23.0293,
25,8,262144,2048,hyprefill,256/256/256,graph,15,23.4520,19.9412,23.4976,23.4520,
25,8,262144,2048,hyprefill,256/256/256,graph,16,23.7271,18.0190,23.7758,23.7271,
25,8,262144,2048,hyprefill,256/256/256,graph,17,23.4354,19.3601,23.4803,23.4354,
25,8,262144,2048,hyprefill,256/256/256,graph,18,21.9039,19.5711,21.9499,21.9039,
25,8,262144,2048,hyprefill,256/256/256,graph,19,22.6635,19.8775,22.7069,22.6635,
25,8,262144,2048,hyprefill,256/256/256,graph,20,23.6380,19.3601,23.6857,23.6380,
25,8,262144,2048,hyprefill,256/256/256,graph,21,23.7132,19.6347,23.7570,23.7132,
25,8,262144,2048,hyprefill,256/256/256,graph,22,23.6845,19.3601,23.7300,23.6845,
25,8,262144,2048,hyprefill,256/256/256,graph,23,23.6400,19.1174,23.6845,23.6400,
25,8,262144,2048,hyprefill,256/256/256,graph,24,23.4035,18.5364,23.4506,23.4035,
25,8,262144,2048,hyprefill,256/256/256,graph,25,23.8713,19.1174,23.9167,23.8713,
25,8,262144,2048,hyprefill,256/256/256,graph,26,22.7519,19.0537,22.7966,22.7519,
25,8,262144,2048,hyprefill,256/256/256,graph,27,22.7772,20.4267,22.8253,22.7772,
25,8,262144,2048,hyprefill,256/256/256,graph,28,23.2290,19.0537,23.2801,23.2290,
25,8,262144,2048,hyprefill,256/256/256,graph,29,23.4876,20.1839,23.5330,23.4876,
25,8,262144,2048,hyprefill,256/256/256,graph,30,23.7748,18.8110,23.8217,23.7748,
25,8,262144,2048,hyprefill,256/256/256,graph,31,23.6636,19.6666,23.7104,23.6636,
25,8,262144,2048,hyprefill,256/256/256,graph,32,23.8433,18.5364,23.9156,23.8433,
25,8,262144,2048,hyprefill,256/256/256,graph,33,23.4711,19.3920,23.5199,23.4711,
25,8,262144,2048,hyprefill,256/256/256,graph,34,23.0818,18.7791,23.1278,23.0818,
25,8,262144,2048,hyprefill,256/256/256,graph,35,22.5574,20.4267,22.6048,22.5574,
25,8,262144,2048,hyprefill,256/256/256,graph,36,23.3345,19.3283,23.3794,23.3345,
25,8,262144,2048,hyprefill,256/256/256,graph,37,23.5438,19.6666,23.5896,23.5438,
25,8,262144,2048,hyprefill,256/256/256,graph,38,23.2376,18.7791,23.2831,23.2376,
25,8,262144,2048,hyprefill,256/256/256,graph,39,23.6425,19.3920,23.6889,23.6425,
25,8,262144,2048,hyprefill,256/256/256,graph,40,23.3847,19.0856,23.4306,23.3847,
25,8,262144,2048,hyprefill,256/256/256,graph,41,23.8789,19.3920,23.9248,23.8789,
25,8,262144,2048,hyprefill,256/256/256,graph,42,23.7401,18.5364,23.7817,23.7401,
25,8,262144,2048,hyprefill,256/256/256,graph,43,23.3563,20.1839,23.4015,23.3563,
25,8,262144,2048,hyprefill,256/256/256,graph,44,22.4497,19.2965,22.4966,22.4497,
25,8,262144,2048,hyprefill,256/256/256,graph,45,23.7993,19.9412,23.8453,23.7993,
25,8,262144,2048,hyprefill,256/256/256,graph,46,23.3737,19.0537,23.4175,23.3737,
25,8,262144,2048,hyprefill,256/256/256,graph,47,23.6848,19.6666,23.7295,23.6848,
25,8,262144,2048,hyprefill,256/256/256,graph,48,23.8325,18.5364,23.8761,23.8325,
25,8,262144,2048,hyprefill,256/256/256,graph,49,23.5728,19.6666,23.6179,23.5728,
25,8,262144,2048,hyprefill,256/256/256,graph,50,23.6749,18.8110,23.7193,23.6749,
25,8,262144,2048,hyprefill,256/256/256,graph,51,22.7337,20.4267,22.7775,22.7337,
25,8,262144,2048,hyprefill,256/256/256,graph,52,22.4997,19.2965,22.5437,22.4997,
25,8,262144,2048,hyprefill,256/256/256,graph,53,23.7062,19.3920,23.7514,23.7062,
25,8,262144,2048,hyprefill,256/256/256,graph,54,22.8781,18.7791,22.9294,22.8781,
25,8,262144,2048,hyprefill,256/256/256,graph,55,23.7096,19.6666,23.7557,23.7096,
25,8,262144,2048,hyprefill,256/256/256,graph,56,23.9230,18.5364,23.9674,23.9230,
25,8,262144,2048,hyprefill,256/256/256,graph,57,23.7965,19.9412,23.8412,23.7965,
25,8,262144,2048,hyprefill,256/256/256,graph,58,23.6814,18.5364,23.7264,23.6814,
25,8,262144,2048,hyprefill,256/256/256,graph,59,22.2691,20.1521,22.3184,22.2691,
25,8,262144,2048,hyprefill,256/256/256,graph,60,23.1011,19.0537,23.1479,23.1011,
25,8,262144,2048,hyprefill,256/256/256,graph,61,23.5404,19.3920,23.5855,23.5404,
25,8,262144,2048,hyprefill,256/256/256,graph,62,22.9468,19.3283,22.9931,22.9468,
25,8,262144,2048,hyprefill,256/256/256,graph,63,23.6334,19.1174,23.6792,23.6334,
25,8,262144,2048,hyprefill,256/256/256,graph,64,23.0508,19.3283,23.0966,23.0508,
25,8,262144,2048,hyprefill,256/256/256,graph,65,23.7700,19.1174,23.8152,23.7700,
25,8,262144,2048,hyprefill,256/256/256,graph,66,23.5330,18.8110,23.5787,23.5330,
25,8,262144,2048,hyprefill,256/256/256,graph,67,22.8908,20.1521,22.9366,22.8908,
25,8,262144,2048,hyprefill,256/256/256,graph,68,23.0459,19.6029,23.0905,23.0459,
25,8,262144,2048,hyprefill,256/256/256,graph,69,23.6784,19.1174,23.7240,23.6784,
25,8,262144,2048,hyprefill,256/256/256,graph,70,23.1174,19.3283,23.1615,23.1174,
25,8,262144,2048,hyprefill,256/256/256,graph,71,23.7987,18.8428,23.8532,23.7987,
25,8,262144,2048,hyprefill,256/256/256,graph,72,23.6261,19.6347,23.6704,23.6261,
25,8,262144,2048,hyprefill,256/256/256,graph,73,23.6614,19.9093,23.7072,23.6614,
25,8,262144,2048,hyprefill,256/256/256,graph,74,24.1672,18.8428,24.2122,24.1672,
25,8,262144,2048,hyprefill,256/256/256,graph,75,22.8250,19.8775,22.8695,22.8250,
25,8,262144,2048,hyprefill,256/256/256,graph,76,23.1704,19.8775,23.2154,23.1704,
25,8,262144,2048,hyprefill,256/256/256,graph,77,23.7420,19.3920,23.7863,23.7420,
25,8,262144,2048,hyprefill,256/256/256,graph,78,23.4502,19.0537,23.4947,23.4502,
25,8,262144,2048,hyprefill,256/256/256,graph,79,23.6062,19.3920,23.6526,23.6062,
25,8,262144,2048,hyprefill,256/256/256,graph,80,23.4700,18.8110,23.5145,23.4700,
25,8,262144,2048,hyprefill,256/256/256,graph,81,23.5409,19.6347,23.5863,23.5409,
25,8,262144,2048,hyprefill,256/256/256,graph,82,23.3264,19.3601,23.3707,23.3264,
25,8,262144,2048,hyprefill,256/256/256,graph,83,23.5577,19.3601,23.6026,23.5577,
25,8,262144,2048,hyprefill,256/256/256,graph,84,22.8018,19.8775,22.8466,22.8018,
25,8,262144,2048,hyprefill,256/256/256,graph,85,23.9145,19.1174,23.9628,23.9145,
25,8,262144,2048,hyprefill,256/256/256,graph,86,23.0900,19.6029,23.1393,23.0900,
25,8,262144,2048,hyprefill,256/256/256,graph,87,23.7081,19.3920,23.7570,23.7081,
25,8,262144,2048,hyprefill,256/256/256,graph,88,23.7406,19.0856,23.7883,23.7406,
25,8,262144,2048,hyprefill,256/256/256,graph,89,23.4573,19.9093,23.5021,23.4573,
25,8,262144,2048,hyprefill,256/256/256,graph,90,23.5442,18.8110,23.5913,23.5442,
25,8,262144,2048,hyprefill,256/256/256,graph,91,23.7720,19.6666,23.8192,23.7720,
25,8,262144,2048,hyprefill,256/256/256,graph,92,23.1630,18.7791,23.2062,23.1630,
25,8,262144,2048,hyprefill,256/256/256,graph,93,23.6180,19.9412,23.6655,23.6180,
25,8,262144,2048,hyprefill,256/256/256,graph,94,22.3985,19.0219,22.4415,22.3985,
25,8,262144,2048,hyprefill,256/256/256,graph,95,23.7436,19.9412,23.7914,23.7436,
25,8,262144,2048,hyprefill,256/256/256,graph,96,22.8835,18.5046,22.9293,22.8835,
25,8,262144,2048,hyprefill,256/256/256,graph,97,23.1619,20.1839,23.2136,23.1619,
25,8,262144,2048,hyprefill,256/256/256,graph,98,23.7824,18.2618,23.8298,23.7824,
25,8,262144,2048,hyprefill,256/256/256,graph,99,23.8169,20.2157,23.8710,23.8169,
25,8,262144,2048,hyprefill,256/256/256,graph,100,23.4290,18.7791,23.4794,23.4290,
25,8,262144,2048,hyprefill,256/256/256,graph,101,23.5607,19.9412,23.6107,23.5607,
25,8,262144,2048,hyprefill,256/256/256,graph,102,22.7235,19.0219,22.7688,22.7235,
25,8,262144,2048,hyprefill,256/256/256,graph,103,23.4860,19.9412,23.5326,23.4860,
25,8,262144,2048,hyprefill,256/256/256,graph,104,23.3627,18.7791,23.4093,23.3627,
25,8,262144,2048,hyprefill,256/256/256,graph,105,23.3273,20.4585,23.3713,23.3273,
25,8,262144,2048,hyprefill,256/256/256,graph,106,23.5117,18.2618,23.5576,23.5117,
25,8,262144,2048,hyprefill,256/256/256,graph,107,23.8676,19.9730,23.9167,23.8676,
25,8,262144,2048,hyprefill,256/256/256,graph,108,22.5052,17.9235,22.5505,22.5052,
25,8,262144,2048,hyprefill,256/256/256,graph,109,23.5959,20.7649,23.6439,23.5959,
25,8,262144,2048,hyprefill,256/256/256,graph,110,22.3228,17.9235,22.3660,22.3228,
25,8,262144,2048,hyprefill,256/256/256,graph,111,23.7045,21.0395,23.7499,23.7045,
25,8,262144,2048,hyprefill,256/256/256,graph,112,23.5949,17.9554,23.6400,23.5949,
25,8,262144,2048,hyprefill,256/256/256,graph,113,23.7789,21.0395,23.8262,23.7789,
25,8,262144,2048,hyprefill,256/256/256,graph,114,23.7078,18.2300,23.7544,23.7078,
25,8,262144,2048,hyprefill,256/256/256,graph,115,23.6997,19.6984,23.7468,23.6997,
25,8,262144,2048,hyprefill,256/256/256,graph,116,22.7844,18.4727,22.8301,22.7844,
25,8,262144,2048,hyprefill,256/256/256,graph,117,23.5298,19.9730,23.5756,23.5298,
25,8,262144,2048,hyprefill,256/256/256,graph,118,22.2097,18.4409,22.2548,22.2097,
25,8,262144,2048,hyprefill,256/256/256,graph,119,23.7767,20.7649,23.8240,23.7767,
25,8,262144,2048,hyprefill,256/256/256,graph,120,23.8002,17.4380,23.8457,23.8002,
25,8,262144,2048,hyprefill,256/256/256,graph,121,23.5662,20.7649,23.6196,23.5662,
25,8,262144,2048,hyprefill,256/256/256,graph,122,23.2092,17.6808,23.2617,23.2092,
25,8,262144,2048,hyprefill,256/256/256,graph,123,24.0067,20.2476,24.0633,24.0067,
25,8,262144,2048,hyprefill,256/256/256,graph,124,22.3502,17.9235,22.3999,22.3502,
25,8,262144,2048,hyprefill,256/256/256,graph,125,23.4930,20.7649,23.5400,23.4930,
25,8,262144,2048,hyprefill,256/256/256,graph,126,21.2031,18.4091,21.2492,21.2031,
25,8,262144,2048,hyprefill,256/256/256,graph,127,23.6536,20.7649,23.6999,23.6536,
25,8,262144,2048,hyprefill,256/256/256,graph,128,23.7961,17.7126,23.8413,23.7961,
25,8,262144,2048,hyprefill,256/256/256,graph,129,23.6336,20.2476,23.6815,23.6336,
25,8,262144,2048,hyprefill,256/256/256,graph,130,22.6575,17.3744,22.7054,22.6575,
25,8,262144,2048,hyprefill,256/256/256,graph,131,23.5543,20.5222,23.6012,23.5543,
25,8,262144,2048,hyprefill,256/256/256,graph,132,22.6170,17.3744,22.6625,22.6170,
25,8,262144,2048,hyprefill,256/256/256,graph,133,22.9598,21.0395,23.0060,22.9598,
25,8,262144,2048,hyprefill,256/256/256,graph,134,21.2651,18.1345,21.3096,21.2651,
25,8,262144,2048,hyprefill,256/256/256,graph,135,23.3810,21.0395,23.4283,23.3810,
25,8,262144,2048,hyprefill,256/256/256,graph,136,23.4645,17.6808,23.5102,23.4645,
25,8,262144,2048,hyprefill,256/256/256,graph,137,23.6376,19.6984,23.6846,23.6376,
25,8,262144,2048,hyprefill,256/256/256,graph,138,22.2797,17.9235,22.3253,22.2797,
25,8,262144,2048,hyprefill,256/256/256,graph,139,24.0716,20.2476,24.1185,24.0716,
25,8,262144,2048,hyprefill,256/256/256,graph,140,23.5021,17.6808,23.5488,23.5021,
25,8,262144,2048,hyprefill,256/256/256,graph,141,23.6530,21.0395,23.6995,23.6530,
25,8,262144,2048,hyprefill,256/256/256,graph,142,22.2034,18.4409,22.2484,22.2034,
25,8,262144,2048,hyprefill,256/256/256,graph,143,23.6393,21.3141,23.6845,23.6393,
25,8,262144,2048,hyprefill,256/256/256,graph,144,23.0612,18.1981,23.1061,23.0612,
25,8,262144,2048,hyprefill,256/256/256,graph,145,23.4127,21.0395,23.4579,23.4127,
25,8,262144,2048,hyprefill,256/256/256,graph,146,23.8239,17.9554,23.8677,23.8239,
25,8,262144,2048,hyprefill,256/256/256,graph,147,23.5577,19.6984,23.6043,23.5577,
25,8,262144,2048,hyprefill,256/256/256,graph,148,23.7142,17.1634,23.7668,23.7142,
25,8,262144,2048,hyprefill,256/256/256,graph,149,23.5984,20.7649,23.6516,23.5984,
25,8,262144,2048,hyprefill,256/256/256,graph,150,21.9564,18.4409,22.0069,21.9564,
25,8,262144,2048,hyprefill,256/256/256,graph,151,23.7876,20.4903,23.8394,23.7876,
25,8,262144,2048,hyprefill,256/256/256,graph,152,23.4966,17.9872,23.5434,23.4966,
25,8,262144,2048,hyprefill,256/256/256,graph,153,23.6866,20.4903,23.7311,23.6866,
25,8,262144,2048,hyprefill,256/256/256,graph,154,22.7842,18.7473,22.8325,22.7842,
25,8,262144,2048,hyprefill,256/256/256,graph,155,23.9076,19.6984,23.9543,23.9076,
25,8,262144,2048,hyprefill,256/256/256,graph,156,23.3801,18.5046,23.4251,23.3801,
25,8,262144,2048,hyprefill,256/256/256,graph,157,23.8031,20.7649,23.8468,23.8031,
25,8,262144,2048,hyprefill,256/256/256,graph,158,22.9630,18.7473,23.0071,22.9630,
25,8,262144,2048,hyprefill,256/256/256,graph,159,23.4036,19.9412,23.4493,23.4036,
25,8,262144,2048,hyprefill,256/256/256,graph,160,23.7148,18.5364,23.7604,23.7148,
25,8,262144,2048,hyprefill,256/256/256,graph,161,23.6765,20.2157,23.7224,23.6765,
25,8,262144,2048,hyprefill,256/256/256,graph,162,22.6052,18.4727,22.6489,22.6052,
25,8,262144,2048,hyprefill,256/256/256,graph,163,23.6415,19.6984,23.6883,23.6415,
25,8,262144,2048,hyprefill,256/256/256,graph,164,23.2728,17.9554,23.3172,23.2728,
25,8,262144,2048,hyprefill,256/256/256,graph,165,23.1892,21.0077,23.2342,23.1892,
25,8,262144,2048,hyprefill,256/256/256,graph,166,22.5734,18.4727,22.6178,22.5734,
25,8,262144,2048,hyprefill,256/256/256,graph,167,23.8930,20.7649,23.9362,23.8930,
25,8,262144,2048,hyprefill,256/256/256,graph,168,23.9564,17.9872,24.0014,23.9564,
25,8,262144,2048,hyprefill,256/256/256,graph,169,23.7439,20.4903,23.7875,23.7439,
25,8,262144,2048,hyprefill,256/256/256,graph,170,22.0284,18.9901,22.0737,22.0284,
25,8,262144,2048,hyprefill,256/256/256,graph,171,23.6306,19.4238,23.6750,23.6306,
25,8,262144,2048,hyprefill,256/256/256,graph,172,24.1597,17.9872,24.2016,24.1597,
25,8,262144,2048,hyprefill,256/256/256,graph,173,23.0645,20.7331,23.1103,23.0645,
25,8,262144,2048,hyprefill,256/256/256,graph,174,23.3079,18.7791,23.3574,23.3079,
25,8,262144,2048,hyprefill,256/256/256,graph,175,23.6399,19.9412,23.6903,23.6399,
25,8,262144,2048,hyprefill,256/256/256,graph,176,23.7150,17.9872,23.7594,23.7150,
25,8,262144,2048,hyprefill,256/256/256,graph,177,23.5610,20.2157,23.6056,23.5610,
25,8,262144,2048,hyprefill,256/256/256,graph,178,21.9248,18.9901,21.9674,21.9248,
25,8,262144,2048,hyprefill,256/256/256,graph,179,23.7593,18.8746,23.8045,23.7593,
25,8,262144,2048,hyprefill,256/256/256,graph,180,23.4704,19.0856,23.5164,23.4704,
25,8,262144,2048,hyprefill,256/256/256,graph,181,23.0805,20.1521,23.1239,23.0805,
25,8,262144,2048,hyprefill,256/256/256,graph,182,23.6674,19.0856,23.7134,23.6674,
25,8,262144,2048,hyprefill,256/256/256,graph,183,23.7062,20.1839,23.7512,23.7062,
25,8,262144,2048,hyprefill,256/256/256,graph,184,23.9142,18.5682,23.9619,23.9142,
25,8,262144,2048,hyprefill,256/256/256,graph,185,22.9135,19.8775,22.9580,22.9135,
25,8,262144,2048,hyprefill,256/256/256,graph,186,22.8316,20.1203,22.8781,22.8316,
25,8,262144,2048,hyprefill,256/256/256,graph,187,23.4052,18.3254,23.4509,23.4052,
25,8,262144,2048,hyprefill,256/256/256,graph,188,23.6877,19.3283,23.7323,23.6877,
25,8,262144,2048,hyprefill,256/256/256,graph,189,23.7659,19.9412,23.8109,23.7659,
25,8,262144,2048,hyprefill,256/256/256,graph,190,23.7868,18.8110,23.8319,23.7868,
25,8,262144,2048,hyprefill,256/256/256,graph,191,23.8231,19.6666,23.8678,23.8231,
25,8,262144,2048,hyprefill,256/256/256,graph,192,23.4880,17.7444,23.5344,23.4880,
25,8,262144,2048,hyprefill,256/256/256,graph,193,22.0515,20.1203,22.0961,22.0515,
25,8,262144,2048,hyprefill,256/256/256,graph,194,21.3891,19.8138,21.4338,21.3891,
25,8,262144,2048,hyprefill,256/256/256,graph,195,23.9428,18.3254,23.9859,23.9428,
25,8,262144,2048,hyprefill,256/256/256,graph,196,23.9948,19.0856,24.0437,23.9948,
25,8,262144,2048,hyprefill,256/256/256,graph,197,23.7333,19.9093,23.7774,23.7333,
25,8,262144,2048,hyprefill,256/256/256,graph,198,23.0177,19.6029,23.0628,23.0177,
25,8,262144,2048,hyprefill,256/256/256,graph,199,23.6757,20.1839,23.7199,23.6757,
25,8,262144,2048,hyprefill,1536/1536/1536,graph,0,21.0496,15.0503,21.0956,21.0496,
25,8,262144,2048,hyprefill,1536/1536/1536,graph,1,20.8398,15.0503,20.8839,20.8398,
25,8,262144,2048,hyprefill,1536/1536/1536,graph,2,21.0688,15.0503,21.1123,21.0688,
25,8,262144,2048,hyprefill,1536/1536/1536,graph,3,20.8828,15.0503,20.9275,20.8828,
25,8,262144,2048,hyprefill,1536/1536/1536,graph,4,21.1060,15.0503,21.1508,21.1060,
25,8,262144,2048,hyprefill,1536/1536/1536,graph,5,20.9296,15.0503,20.9758,20.9296,
25,8,262144,2048,hyprefill,1536/1536/1536,graph,6,21.1616,15.0503,21.2067,21.1616,
25,8,262144,2048,hyprefill,1536/1536/1536,graph,7,21.0052,15.0503,21.0490,21.0052,
25,8,262144,2048,hyprefill,1536/1536/1536,graph,8,21.2176,15.0503,21.2939,21.2176,
25,8,262144,2048,hyprefill,1536/1536/1536,graph,9,21.0324,15.0503,21.0799,21.0324,
25,8,262144,2048,hyprefill,1536/1536/1536,graph,10,21.2439,15.0503,21.2896,21.2439,
25,8,262144,2048,hyprefill,1536/1536/1536,graph,11,21.0620,15.0503,21.1066,21.0620,
25,8,262144,2048,hyprefill,1536/1536/1536,graph,12,21.3251,15.0503,21.3692,21.3251,
25,8,262144,2048,hyprefill,1536/1536/1536,graph,13,21.0388,15.0503,21.0834,21.0388,
25,8,262144,2048,hyprefill,1536/1536/1536,graph,14,21.2481,15.0503,21.2981,21.2481,
25,8,262144,2048,hyprefill,1536/1536/1536,graph,15,20.9301,15.0503,20.9761,20.9301,
25,8,262144,2048,hyprefill,1536/1536/1536,graph,16,21.1515,15.0503,21.1988,21.1515,
25,8,262144,2048,hyprefill,1536/1536/1536,graph,17,20.8826,15.0503,20.9299,20.8826,
25,8,262144,2048,hyprefill,1536/1536/1536,graph,18,21.0898,15.0503,21.1353,21.0898,
25,8,262144,2048,hyprefill,1536/1536/1536,graph,19,20.7966,15.0503,20.8426,20.7966,
25,8,262144,2048,hyprefill,1536/1536/1536,graph,20,21.0810,15.0503,21.1382,21.0810,
25,8,262144,2048,hyprefill,1536/1536/1536,graph,21,20.8388,15.0503,20.8927,20.8388,
25,8,262144,2048,hyprefill,1536/1536/1536,graph,22,21.0854,15.0503,21.1368,21.0854,
25,8,262144,2048,hyprefill,1536/1536/1536,graph,23,20.8895,15.0503,20.9424,20.8895,
25,8,262144,2048,hyprefill,1536/1536/1536,graph,24,21.1552,15.0503,21.2021,21.1552,
25,8,262144,2048,hyprefill,1536/1536/1536,graph,25,20.9101,15.0503,20.9556,20.9101,
25,8,262144,2048,hyprefill,1536/1536/1536,graph,26,21.1768,15.0503,21.2226,21.1768,
25,8,262144,2048,hyprefill,1536/1536/1536,graph,27,20.9113,15.0503,20.9581,20.9113,
25,8,262144,2048,hyprefill,1536/1536/1536,graph,28,21.2088,15.0503,21.2543,21.2088,
25,8,262144,2048,hyprefill,1536/1536/1536,graph,29,20.9585,15.0503,21.0047,20.9585,
25,8,262144,2048,hyprefill,1536/1536/1536,graph,30,21.2513,15.0503,21.2962,21.2513,
25,8,262144,2048,hyprefill,1536/1536/1536,graph,31,21.0159,15.0503,21.0609,21.0159,
25,8,262144,2048,hyprefill,1536/1536/1536,graph,32,21.3282,15.0503,21.3727,21.3282,
25,8,262144,2048,hyprefill,1536/1536/1536,graph,33,21.0966,15.0503,21.1411,21.0966,
25,8,262144,2048,hyprefill,1536/1536/1536,graph,34,21.4037,15.0503,21.4512,21.4037,
25,8,262144,2048,hyprefill,1536/1536/1536,graph,35,21.0172,15.0503,21.0615,21.0172,
25,8,262144,2048,hyprefill,1536/1536/1536,graph,36,21.4128,15.0503,21.4578,21.4128,
25,8,262144,2048,hyprefill,1536/1536/1536,graph,37,21.0327,15.0503,21.0790,21.0327,
25,8,262144,2048,hyprefill,1536/1536/1536,graph,38,21.3906,15.0503,21.4371,21.3906,
25,8,262144,2048,hyprefill,1536/1536/1536,graph,39,21.0069,15.0503,21.0507,21.0069,
25,8,262144,2048,hyprefill,1536/1536/1536,graph,40,21.3176,15.0503,21.3625,21.3176,
25,8,262144,2048,hyprefill,1536/1536/1536,graph,41,20.8477,15.0503,20.8933,20.8477,
25,8,262144,2048,hyprefill,1536/1536/1536,graph,42,21.2697,15.0503,21.3137,21.2697,
25,8,262144,2048,hyprefill,1536/1536/1536,graph,43,20.8372,15.0503,20.8837,20.8372,
25,8,262144,2048,hyprefill,1536/1536/1536,graph,44,21.1965,15.0503,21.2440,21.1965,
25,8,262144,2048,hyprefill,1536/1536/1536,graph,45,21.1995,15.0503,21.2436,21.1995,
25,8,262144,2048,hyprefill,1536/1536/1536,graph,46,21.1954,15.0503,21.2414,21.1954,
25,8,262144,2048,hyprefill,1536/1536/1536,graph,47,21.1634,15.0503,21.2078,21.1634,
25,8,262144,2048,hyprefill,1536/1536/1536,graph,48,21.1354,15.0503,21.1816,21.1354,
25,8,262144,2048,hyprefill,1536/1536/1536,graph,49,21.1696,15.0503,21.2158,21.1696,
25,8,262144,2048,hyprefill,1536/1536/1536,graph,50,21.1879,15.0503,21.2336,21.1879,
25,8,262144,2048,hyprefill,1536/1536/1536,graph,51,21.2006,15.0503,21.2472,21.2006,
25,8,262144,2048,hyprefill,1536/1536/1536,graph,52,21.1738,15.0503,21.2211,21.1738,
25,8,262144,2048,hyprefill,1536/1536/1536,graph,53,21.2483,15.0503,21.2932,21.2483,
25,8,262144,2048,hyprefill,1536/1536/1536,graph,54,21.2025,15.0503,21.2484,21.2025,
25,8,262144,2048,hyprefill,1536/1536/1536,graph,55,21.2281,15.0503,21.2754,21.2281,
25,8,262144,2048,hyprefill,1536/1536/1536,graph,56,21.2802,15.0503,21.3264,21.2802,
25,8,262144,2048,hyprefill,1536/1536/1536,graph,57,21.1618,15.0503,21.2081,21.1618,
25,8,262144,2048,hyprefill,1536/1536/1536,graph,58,21.1347,15.0503,21.1792,21.1347,
25,8,262144,2048,hyprefill,1536/1536/1536,graph,59,21.1806,15.0503,21.2259,21.1806,
25,8,262144,2048,hyprefill,1536/1536/1536,graph,60,21.1303,15.0503,21.1743,21.1303,
25,8,262144,2048,hyprefill,1536/1536/1536,graph,61,21.1836,15.0503,21.2318,21.1836,
25,8,262144,2048,hyprefill,1536/1536/1536,graph,62,21.1588,15.0503,21.2113,21.1588,
25,8,262144,2048,hyprefill,1536/1536/1536,graph,63,21.0925,15.0503,21.1407,21.0925,
25,8,262144,2048,hyprefill,1536/1536/1536,graph,64,21.0553,15.0503,21.1027,21.0553,
25,8,262144,2048,hyprefill,1536/1536/1536,graph,65,21.1387,15.0503,21.1841,21.1387,
25,8,262144,2048,hyprefill,1536/1536/1536,graph,66,20.9205,14.7758,20.9667,20.9205,
25,8,262144,2048,hyprefill,1536/1536/1536,graph,67,20.5717,14.7758,20.6208,20.5717,
25,8,262144,2048,hyprefill,1536/1536/1536,graph,68,20.3740,14.5012,20.4203,20.3740,
25,8,262144,2048,hyprefill,1536/1536/1536,graph,69,20.0875,14.5012,20.1370,20.0875,
25,8,262144,2048,hyprefill,1536/1536/1536,graph,70,19.8364,14.2266,19.8829,19.8364,
25,8,262144,2048,hyprefill,1536/1536/1536,graph,71,23.4847,13.4346,23.5353,23.4847,
25,8,262144,2048,hyprefill,1536/1536/1536,graph,72,19.8710,14.2266,19.9173,19.8710,
25,8,262144,2048,hyprefill,1536/1536/1536,graph,73,19.7312,14.5012,19.7769,19.7312,
25,8,262144,2048,hyprefill,1536/1536/1536,graph,74,20.0505,14.5012,20.0953,20.0505,
25,8,262144,2048,hyprefill,1536/1536/1536,graph,75,20.2505,14.7758,20.2951,20.2505,
25,8,262144,2048,hyprefill,1536/1536/1536,graph,76,20.6928,14.7758,20.7491,20.6928,
25,8,262144,2048,hyprefill,1536/1536/1536,graph,77,20.8898,15.0503,20.9487,20.8898,
25,8,262144,2048,hyprefill,1536/1536/1536,graph,78,21.3468,15.0503,21.3956,21.3468,
25,8,262144,2048,hyprefill,1536/1536/1536,graph,79,21.3283,15.0503,21.3761,21.3283,
25,8,262144,2048,hyprefill,1536/1536/1536,graph,80,21.4222,15.0503,21.4681,21.4222,
25,8,262144,2048,hyprefill,1536/1536/1536,graph,81,21.4101,15.0503,21.4567,21.4101,
25,8,262144,2048,hyprefill,1536/1536/1536,graph,82,21.4186,15.0503,21.4687,21.4186,
25,8,262144,2048,hyprefill,1536/1536/1536,graph,83,21.3995,15.0503,21.4571,21.3995,
25,8,262144,2048,hyprefill,1536/1536/1536,graph,84,21.3306,15.0503,21.3779,21.3306,
25,8,262144,2048,hyprefill,1536/1536/1536,graph,85,21.3181,15.0503,21.3648,21.3181,
25,8,262144,2048,hyprefill,1536/1536/1536,graph,86,21.2100,15.0503,21.2541,21.2100,
25,8,262144,2048,hyprefill,1536/1536/1536,graph,87,21.2640,15.0503,21.3094,21.2640,
25,8,262144,2048,hyprefill,1536/1536/1536,graph,88,21.1448,15.0503,21.1940,21.1448,
25,8,262144,2048,hyprefill,1536/1536/1536,graph,89,21.1681,15.0503,21.2174,21.1681,
25,8,262144,2048,hyprefill,1536/1536/1536,graph,90,21.0906,15.0503,21.1404,21.0906,
25,8,262144,2048,hyprefill,1536/1536/1536,graph,91,21.0739,15.0503,21.1202,21.0739,
25,8,262144,2048,hyprefill,1536/1536/1536,graph,92,21.0305,15.0503,21.0769,21.0305,
25,8,262144,2048,hyprefill,1536/1536/1536,graph,93,21.1413,15.0503,21.1881,21.1413,
25,8,262144,2048,hyprefill,1536/1536/1536,graph,94,21.0368,15.0503,21.0849,21.0368,
25,8,262144,2048,hyprefill,1536/1536/1536,graph,95,21.0201,15.0503,21.0652,21.0201,
25,8,262144,2048,hyprefill,1536/1536/1536,graph,96,21.1018,15.0503,21.1511,21.1018,
25,8,262144,2048,hyprefill,1536/1536/1536,graph,97,21.0893,15.0503,21.1396,21.0893,
25,8,262144,2048,hyprefill,1536/1536/1536,graph,98,21.0946,15.0503,21.1415,21.0946,
25,8,262144,2048,hyprefill,1536/1536/1536,graph,99,21.3075,15.0503,21.3537,21.3075,
25,8,262144,2048,hyprefill,1536/1536/1536,graph,100,21.1959,15.0503,21.2410,21.1959,
25,8,262144,2048,hyprefill,1536/1536/1536,graph,101,21.1351,15.0503,21.1815,21.1351,
25,8,262144,2048,hyprefill,1536/1536/1536,graph,102,21.2366,15.0503,21.2829,21.2366,
25,8,262144,2048,hyprefill,1536/1536/1536,graph,103,21.2129,15.0503,21.2577,21.2129,
25,8,262144,2048,hyprefill,1536/1536/1536,graph,104,21.2631,15.0503,21.3135,21.2631,
25,8,262144,2048,hyprefill,1536/1536/1536,graph,105,21.2790,15.0503,21.3274,21.2790,
25,8,262144,2048,hyprefill,1536/1536/1536,graph,106,21.3415,15.0503,21.3886,21.3415,
25,8,262144,2048,hyprefill,1536/1536/1536,graph,107,21.2891,15.0503,21.3323,21.2891,
25,8,262144,2048,hyprefill,1536/1536/1536,graph,108,21.2348,15.0503,21.2794,21.2348,
25,8,262144,2048,hyprefill,1536/1536/1536,graph,109,21.2552,15.0503,21.3006,21.2552,
25,8,262144,2048,hyprefill,1536/1536/1536,graph,110,21.1675,15.0503,21.2393,21.1675,
25,8,262144,2048,hyprefill,1536/1536/1536,graph,111,21.1262,15.0503,21.1706,21.1262,
25,8,262144,2048,hyprefill,1536/1536/1536,graph,112,21.1311,15.0503,21.1771,21.1311,
25,8,262144,2048,hyprefill,1536/1536/1536,graph,113,21.1082,15.0503,21.1535,21.1082,
25,8,262144,2048,hyprefill,1536/1536/1536,graph,114,21.0720,15.0503,21.1179,21.0720,
25,8,262144,2048,hyprefill,1536/1536/1536,graph,115,21.0287,15.0503,21.0750,21.0287,
25,8,262144,2048,hyprefill,1536/1536/1536,graph,116,21.1318,15.0503,21.1756,21.1318,
25,8,262144,2048,hyprefill,1536/1536/1536,graph,117,21.1152,15.0503,21.1586,21.1152,
25,8,262144,2048,hyprefill,1536/1536/1536,graph,118,21.1276,15.0503,21.1721,21.1276,
25,8,262144,2048,hyprefill,1536/1536/1536,graph,119,21.1005,15.0503,21.1451,21.1005,
25,8,262144,2048,hyprefill,1536/1536/1536,graph,120,21.2168,15.0503,21.2607,21.2168,
25,8,262144,2048,hyprefill,1536/1536/1536,graph,121,21.2055,15.0503,21.2498,21.2055,
25,8,262144,2048,hyprefill,1536/1536/1536,graph,122,21.2124,15.0503,21.2577,21.2124,
25,8,262144,2048,hyprefill,1536/1536/1536,graph,123,21.1998,15.0503,21.2440,21.1998,
25,8,262144,2048,hyprefill,1536/1536/1536,graph,124,21.3226,15.0503,21.3667,21.3226,
25,8,262144,2048,hyprefill,1536/1536/1536,graph,125,21.2617,15.0503,21.3072,21.2617,
25,8,262144,2048,hyprefill,1536/1536/1536,graph,126,21.4117,15.0503,21.4557,21.4117,
25,8,262144,2048,hyprefill,1536/1536/1536,graph,127,21.2977,15.0503,21.3427,21.2977,
25,8,262144,2048,hyprefill,1536/1536/1536,graph,128,21.4593,15.0503,21.5051,21.4593,
25,8,262144,2048,hyprefill,1536/1536/1536,graph,129,21.3324,15.0503,21.3791,21.3324,
25,8,262144,2048,hyprefill,1536/1536/1536,graph,130,21.4057,15.0503,21.4500,21.4057,
25,8,262144,2048,hyprefill,1536/1536/1536,graph,131,21.2904,15.0503,21.3347,21.2904,
25,8,262144,2048,hyprefill,1536/1536/1536,graph,132,21.3674,15.0503,21.4128,21.3674,
25,8,262144,2048,hyprefill,1536/1536/1536,graph,133,21.3614,15.0503,21.4085,21.3614,
25,8,262144,2048,hyprefill,1536/1536/1536,graph,134,21.2645,15.0503,21.3103,21.2645,
25,8,262144,2048,hyprefill,1536/1536/1536,graph,135,21.1826,15.0503,21.2293,21.1826,
25,8,262144,2048,hyprefill,1536/1536/1536,graph,136,21.2073,15.0503,21.2527,21.2073,
25,8,262144,2048,hyprefill,1536/1536/1536,graph,137,21.1797,15.0503,21.2229,21.1797,
25,8,262144,2048,hyprefill,1536/1536/1536,graph,138,21.1963,15.0503,21.2477,21.1963,
25,8,262144,2048,hyprefill,1536/1536/1536,graph,139,21.1210,15.0503,21.1672,21.1210,
25,8,262144,2048,hyprefill,1536/1536/1536,graph,140,21.1738,15.0503,21.2185,21.1738,
25,8,262144,2048,hyprefill,1536/1536/1536,graph,141,21.1189,15.0503,21.1644,21.1189,
25,8,262144,2048,hyprefill,1536/1536/1536,graph,142,21.1300,15.0503,21.1762,21.1300,
25,8,262144,2048,hyprefill,1536/1536/1536,graph,143,21.0444,15.0503,21.0906,21.0444,
25,8,262144,2048,hyprefill,1536/1536/1536,graph,144,21.1679,15.0503,21.2127,21.1679,
25,8,262144,2048,hyprefill,1536/1536/1536,graph,145,21.1113,15.0503,21.1568,21.1113,
25,8,262144,2048,hyprefill,1536/1536/1536,graph,146,21.1798,15.0503,21.2256,21.1798,
25,8,262144,2048,hyprefill,1536/1536/1536,graph,147,21.0988,15.0503,21.1422,21.0988,
25,8,262144,2048,hyprefill,1536/1536/1536,graph,148,21.2587,15.0503,21.3027,21.2587,
25,8,262144,2048,hyprefill,1536/1536/1536,graph,149,21.1558,15.0503,21.2028,21.1558,
25,8,262144,2048,hyprefill,1536/1536/1536,graph,150,21.2394,15.0503,21.2832,21.2394,
25,8,262144,2048,hyprefill,1536/1536/1536,graph,151,21.1107,15.0503,21.1548,21.1107,
25,8,262144,2048,hyprefill,1536/1536/1536,graph,152,21.1940,15.0503,21.2395,21.1940,
25,8,262144,2048,hyprefill,1536/1536/1536,graph,153,21.1433,15.0503,21.1897,21.1433,
25,8,262144,2048,hyprefill,1536/1536/1536,graph,154,21.1438,15.0503,21.1887,21.1438,
25,8,262144,2048,hyprefill,1536/1536/1536,graph,155,21.0515,15.0503,21.0961,21.0515,
25,8,262144,2048,hyprefill,1536/1536/1536,graph,156,21.1725,15.0503,21.2175,21.1725,
25,8,262144,2048,hyprefill,1536/1536/1536,graph,157,21.0797,15.0503,21.1247,21.0797,
25,8,262144,2048,hyprefill,1536/1536/1536,graph,158,21.1368,15.0503,21.1834,21.1368,
25,8,262144,2048,hyprefill,1536/1536/1536,graph,159,21.0100,15.0503,21.0561,21.0100,
25,8,262144,2048,hyprefill,1536/1536/1536,graph,160,21.1251,15.0503,21.1734,21.1251,
25,8,262144,2048,hyprefill,1536/1536/1536,graph,161,20.8544,14.7758,20.9006,20.8544,
25,8,262144,2048,hyprefill,1536/1536/1536,graph,162,20.5950,14.7758,20.6403,20.5950,
25,8,262144,2048,hyprefill,1536/1536/1536,graph,163,20.2795,14.5012,20.3251,20.2795,
25,8,262144,2048,hyprefill,1536/1536/1536,graph,164,20.0763,14.5012,20.1208,20.0763,
25,8,262144,2048,hyprefill,1536/1536/1536,graph,165,19.7912,14.2266,19.8361,19.7912,
25,8,262144,2048,hyprefill,1536/1536/1536,graph,166,23.4949,13.4346,23.5499,23.4949,
25,8,262144,2048,hyprefill,1536/1536/1536,graph,167,19.8933,14.2266,19.9451,19.8933,
25,8,262144,2048,hyprefill,1536/1536/1536,graph,168,19.8254,14.5012,19.8726,19.8254,
25,8,262144,2048,hyprefill,1536/1536/1536,graph,169,20.0627,14.5012,20.1072,20.0627,
25,8,262144,2048,hyprefill,1536/1536/1536,graph,170,20.2720,14.7758,20.3173,20.2720,
25,8,262144,2048,hyprefill,1536/1536/1536,graph,171,20.6944,14.7758,20.7397,20.6944,
25,8,262144,2048,hyprefill,1536/1536/1536,graph,172,20.9347,15.0503,20.9812,20.9347,
25,8,262144,2048,hyprefill,1536/1536/1536,graph,173,21.3379,15.0503,21.3851,21.3379,
25,8,262144,2048,hyprefill,1536/1536/1536,graph,174,21.3374,15.0503,21.3833,21.3374,
25,8,262144,2048,hyprefill,1536/1536/1536,graph,175,21.3667,15.0503,21.4180,21.3667,
25,8,262144,2048,hyprefill,1536/1536/1536,graph,176,21.4475,15.0503,21.4951,21.4475,
25,8,262144,2048,hyprefill,1536/1536/1536,graph,177,21.3956,15.0503,21.4505,21.3956,
25,8,262144,2048,hyprefill,1536/1536/1536,graph,178,21.3897,15.0503,21.4376,21.3897,
25,8,262144,2048,hyprefill,1536/1536/1536,graph,179,21.3430,15.0503,21.3890,21.3430,
25,8,262144,2048,hyprefill,1536/1536/1536,graph,180,21.3619,15.0503,21.4063,21.3619,
25,8,262144,2048,hyprefill,1536/1536/1536,graph,181,21.2583,15.0503,21.3050,21.2583,
25,8,262144,2048,hyprefill,1536/1536/1536,graph,182,21.1915,15.0503,21.2498,21.1915,
25,8,262144,2048,hyprefill,1536/1536/1536,graph,183,21.2370,15.0503,21.2865,21.2370,
25,8,262144,2048,hyprefill,1536/1536/1536,graph,184,21.1794,15.0503,21.2315,21.1794,
25,8,262144,2048,hyprefill,1536/1536/1536,graph,185,21.0708,15.0503,21.1198,21.0708,
25,8,262144,2048,hyprefill,1536/1536/1536,graph,186,21.0744,15.0503,21.1202,21.0744,
25,8,262144,2048,hyprefill,1536/1536/1536,graph,187,21.1113,15.0503,21.1559,21.1113,
25,8,262144,2048,hyprefill,1536/1536/1536,graph,188,21.0679,15.0503,21.1209,21.0679,
25,8,262144,2048,hyprefill,1536/1536/1536,graph,189,21.0976,15.0503,21.1456,21.0976,
25,8,262144,2048,hyprefill,1536/1536/1536,graph,190,21.0544,15.0503,21.0995,21.0544,
25,8,262144,2048,hyprefill,1536/1536/1536,graph,191,21.0860,15.0503,21.1315,21.0860,
25,8,262144,2048,hyprefill,1536/1536/1536,graph,192,21.0533,15.0503,21.0982,21.0533,
25,8,262144,2048,hyprefill,1536/1536/1536,graph,193,21.2093,15.0503,21.2549,21.2093,
25,8,262144,2048,hyprefill,1536/1536/1536,graph,194,21.1099,15.0503,21.1538,21.1099,
25,8,262144,2048,hyprefill,1536/1536/1536,graph,195,21.1687,15.0503,21.2130,21.1687,
25,8,262144,2048,hyprefill,1536/1536/1536,graph,196,21.1549,15.0503,21.1986,21.1549,
25,8,262144,2048,hyprefill,1536/1536/1536,graph,197,21.2631,15.0503,21.3077,21.2631,
25,8,262144,2048,hyprefill,1536/1536/1536,graph,198,21.2395,15.0503,21.2979,21.2395,
25,8,262144,2048,hyprefill,1536/1536/1536,graph,199,21.3149,15.0503,21.3601,21.3149,
25,8,262144,8192,layered,1024/1024/1024,graph,0,23.5142,15.9059,23.5625,23.5142,
25,8,262144,8192,layered,1024/1024/1024,graph,1,24.3548,15.3886,24.4036,24.3548,
25,8,262144,8192,layered,1024/1024/1024,graph,2,22.8505,15.6314,22.8945,22.8505,
25,8,262144,8192,layered,1024/1024/1024,graph,3,24.3516,15.3886,24.3987,24.3516,
25,8,262144,8192,layered,1024/1024/1024,graph,4,22.7981,15.6314,22.8435,22.7981,
25,8,262144,8192,layered,1024/1024/1024,graph,5,22.7880,16.1805,22.8321,22.7880,
25,8,262144,8192,layered,1024/1024/1024,graph,6,24.4460,15.1140,24.4931,24.4460,
25,8,262144,8192,layered,1024/1024/1024,graph,7,23.0708,16.4551,23.1157,23.0708,
25,8,262144,8192,layered,1024/1024/1024,graph,8,23.2995,16.1805,23.3447,23.2995,
25,8,262144,8192,layered,1024/1024/1024,graph,9,22.9803,16.1805,23.0242,22.9803,
25,8,262144,8192,layered,1024/1024/1024,graph,10,24.5294,15.3886,24.5754,24.5294,
25,8,262144,8192,layered,1024/1024/1024,graph,11,24.0869,15.1140,24.1380,24.0869,
25,8,262144,8192,layered,1024/1024/1024,graph,12,23.3160,15.9059,23.3613,23.3160,
25,8,262144,8192,layered,1024/1024/1024,graph,13,23.1181,16.1805,23.1645,23.1181,
25,8,262144,8192,layered,1024/1024/1024,graph,14,23.1617,16.1805,23.2075,23.1617,
25,8,262144,8192,layered,1024/1024/1024,graph,15,22.8668,16.1805,22.9154,22.8668,
25,8,262144,8192,layered,1024/1024/1024,graph,16,24.4050,15.1140,24.4526,24.4050,
25,8,262144,8192,layered,1024/1024/1024,graph,17,22.8278,16.1805,22.8725,22.8278,
25,8,262144,8192,layered,1024/1024/1024,graph,18,23.2071,16.1805,23.2534,23.2071,
25,8,262144,8192,layered,1024/1024/1024,graph,19,24.0497,15.1140,24.0983,24.0497,
25,8,262144,8192,layered,1024/1024/1024,graph,20,22.8435,15.9059,22.8876,22.8435,
25,8,262144,8192,layered,1024/1024/1024,graph,21,23.9978,15.1140,24.0453,23.9978,
25,8,262144,8192,layered,1024/1024/1024,graph,22,22.8618,15.9059,22.9068,22.8618,
25,8,262144,8192,layered,1024/1024/1024,graph,23,24.0219,15.1140,24.0759,24.0219,
25,8,262144,8192,layered,1024/1024/1024,graph,24,24.2756,15.1140,24.3305,24.2756,
25,8,262144,8192,layered,1024/1024/1024,graph,25,23.1833,16.1805,23.2307,23.1833,
25,8,262144,8192,layered,1024/1024/1024,graph,26,23.3462,16.4551,23.3911,23.3462,
25,8,262144,8192,layered,1024/1024/1024,graph,27,23.4424,16.1805,23.4872,23.4424,
25,8,262144,8192,layered,1024/1024/1024,graph,28,23.2997,16.1805,23.3456,23.2997,
25,8,262144,8192,layered,1024/1024/1024,graph,29,24.3503,14.8394,24.4026,24.3503,
25,8,262144,8192,layered,1024/1024/1024,graph,30,22.9814,16.1805,23.0290,22.9814,
25,8,262144,8192,layered,1024/1024/1024,graph,31,23.1249,15.9059,23.1717,23.1249,
25,8,262144,8192,layered,1024/1024/1024,graph,32,24.4115,15.1140,24.4588,24.4115,
25,8,262144,8192,layered,1024/1024/1024,graph,33,22.7654,15.9059,22.8117,22.7654,
25,8,262144,8192,layered,1024/1024/1024,graph,34,22.4649,15.9059,22.5110,22.4649,
25,8,262144,8192,layered,1024/1024/1024,graph,35,24.3744,15.1140,24.4288,24.3744,
25,8,262144,8192,layered,1024/1024/1024,graph,36,23.0140,16.1805,23.0628,23.0140,
25,8,262144,8192,layered,1024/1024/1024,graph,37,24.3218,15.1140,24.3722,24.3218,
25,8,262144,8192,layered,1024/1024/1024,graph,38,23.1826,15.9059,23.2287,23.1826,
25,8,262144,8192,layered,1024/1024/1024,graph,39,22.9389,16.4551,22.9849,22.9389,
25,8,262144,8192,layered,1024/1024/1024,graph,40,24.0316,14.5648,24.0793,24.0316,
25,8,262144,8192,layered,1024/1024/1024,graph,41,23.1051,16.4551,23.1521,23.1051,
25,8,262144,8192,layered,1024/1024/1024,graph,42,23.1481,15.9059,23.1907,23.1481,
25,8,262144,8192,layered,1024/1024/1024,graph,43,24.5095,15.3886,24.5565,24.5095,
25,8,262144,8192,layered,1024/1024/1024,graph,44,23.1942,16.1805,23.2397,23.1942,
25,8,262144,8192,layered,1024/1024/1024,graph,45,24.5074,15.6632,24.5573,24.5074,
25,8,262144,8192,layered,1024/1024/1024,graph,46,23.1962,15.6314,23.2402,23.1962,
25,8,262144,8192,layered,1024/1024/1024,graph,47,23.1722,16.7297,23.2190,23.1722,
25,8,262144,8192,layered,1024/1024/1024,graph,48,24.3001,14.8394,24.3477,24.3001,
25,8,262144,8192,layered,1024/1024/1024,graph,49,23.4720,16.7297,23.5160,23.4720,
25,8,262144,8192,layered,1024/1024/1024,graph,50,23.3267,15.9059,23.3699,23.3267,
25,8,262144,8192,layered,1024/1024/1024,graph,51,24.5020,15.6632,24.5520,24.5020,
25,8,262144,8192,layered,1024/1024/1024,graph,52,23.5515,16.1805,23.6037,23.5515,
25,8,262144,8192,layered,1024/1024/1024,graph,53,24.1294,15.1140,24.1829,24.1294,
25,8,262144,8192,layered,1024/1024/1024,graph,54,24.2763,15.1140,24.3251,24.2763,
25,8,262144,8192,layered,1024/1024/1024,graph,55,23.3772,15.9059,23.4240,23.3772,
25,8,262144,8192,layered,1024/1024/1024,graph,56,23.9099,15.1140,23.9578,23.9099,
25,8,262144,8192,layered,1024/1024/1024,graph,57,23.0502,16.1805,23.0955,23.0502,
25,8,262144,8192,layered,1024/1024/1024,graph,58,22.7207,16.1805,22.7665,22.7207,
25,8,262144,8192,layered,1024/1024/1024,graph,59,24.4349,15.1140,24.4902,24.4349,
25,8,262144,8192,layered,1024/1024/1024,graph,60,23.1532,16.1805,23.2031,23.1532,
25,8,262144,8192,layered,1024/1024/1024,graph,61,24.3239,15.1140,24.3739,24.3239,
25,8,262144,8192,layered,1024/1024/1024,graph,62,24.3316,14.8394,24.3790,24.3316,
25,8,262144,8192,layered,1024/1024/1024,graph,63,22.8818,16.4551,22.9285,22.8818,
25,8,262144,8192,layered,1024/1024/1024,graph,64,24.4424,15.1140,24.4899,24.4424,
25,8,262144,8192,layered,1024/1024/1024,graph,65,22.8146,15.9059,22.8789,22.8146,
25,8,262144,8192,layered,1024/1024/1024,graph,66,23.1904,16.1805,23.2380,23.1904,
25,8,262144,8192,layered,1024/1024/1024,graph,67,24.1914,15.3886,24.2395,24.1914,
25,8,262144,8192,layered,1024/1024/1024,graph,68,23.4113,15.9059,23.4562,23.4113,
25,8,262144,8192,layered,1024/1024/1024,graph,69,24.3611,15.3886,24.4082,24.3611,
25,8,262144,8192,layered,1024/1024/1024,graph,70,24.1763,14.5648,24.2281,24.1763,
25,8,262144,8192,layered,1024/1024/1024,graph,71,23.2591,16.4551,23.3033,23.2591,
25,8,262144,8192,layered,1024/1024/1024,graph,72,24.2066,14.8394,24.2538,24.2066,
25,8,262144,8192,layered,1024/1024/1024,graph,73,23.0742,16.1805,23.1202,23.0742,
25,8,262144,8192,layered,1024/1024/1024,graph,74,23.2233,16.4551,23.2697,23.2233,
25,8,262144,8192,layered,1024/1024/1024,graph,75,24.3343,15.3886,24.3791,24.3343,
25,8,262144,8192,layered,1024/1024/1024,graph,76,23.5755,15.9059,23.6198,23.5755,
25,8,262144,8192,layered,1024/1024/1024,graph,77,24.0805,15.1140,24.1270,24.0805,
25,8,262144,8192,layered,1024/1024/1024,graph,78,24.3152,14.8394,24.3668,24.3152,
25,8,262144,8192,layered,1024/1024/1024,graph,79,23.4403,17.0043,23.4865,23.4403,
25,8,262144,8192,layered,1024/1024/1024,graph,80,24.5135,15.1140,24.5599,24.5135,
25,8,262144,8192,layered,1024/1024/1024,graph,81,23.5343,16.1805,23.5787,23.5343,
25,8,262144,8192,layered,1024/1024/1024,graph,82,23.8059,16.7297,23.8515,23.8059,
25,8,262144,8192,layered,1024/1024/1024,graph,83,24.1545,15.3886,24.2049,24.1545,
25,8,262144,8192,layered,1024/1024/1024,graph,84,24.0004,15.9059,24.0496,24.0004,
25,8,262144,8192,layered,1024/1024/1024,graph,85,24.0768,15.3886,24.1263,24.0768,
25,8,262144,8192,layered,1024/1024/1024,graph,86,24.4127,14.8394,24.4594,24.4127,
25,8,262144,8192,layered,1024/1024/1024,graph,87,22.9768,16.4551,23.0237,22.9768,
25,8,262144,8192,layered,1024/1024/1024,graph,88,23.7890,16.1805,23.8341,23.7890,
25,8,262144,8192,layered,1024/1024/1024,graph,89,22.9802,16.7297,23.0240,22.9802,
25,8,262144,8192,layered,1024/1024/1024,graph,90,23.8871,16.1805,23.9322,23.8871,
25,8,262144,8192,layered,1024/1024/1024,graph,91,22.9270,16.4551,22.9717,22.9270,
25,8,262144,8192,layered,1024/1024/1024,graph,92,23.6568,16.1805,23.7009,23.6568,
25,8,262144,8192,layered,1024/1024/1024,graph,93,24.4211,15.3886,24.4724,24.4211,
25,8,262144,8192,layered,1024/1024/1024,graph,94,24.5064,15.1140,24.5539,24.5064,
25,8,262144,8192,layered,1024/1024/1024,graph,95,22.7561,15.6314,22.8046,22.7561,
25,8,262144,8192,layered,1024/1024/1024,graph,96,23.1073,16.1805,23.1560,23.1073,
25,8,262144,8192,layered,1024/1024/1024,graph,97,24.4086,15.1140,24.4590,24.4086,
25,8,262144,8192,layered,1024/1024/1024,graph,98,23.1208,16.1805,23.1662,23.1208,
25,8,262144,8192,layered,1024/1024/1024,graph,99,23.2542,16.1805,23.3003,23.2542,
25,8,262144,8192,layered,1024/1024/1024,graph,100,24.1888,15.1140,24.2366,24.1888,
25,8,262144,8192,layered,1024/1024/1024,graph,101,24.1522,14.8394,24.2034,24.1522,
25,8,262144,8192,layered,1024/1024/1024,graph,102,24.0643,15.1140,24.1165,24.0643,
25,8,262144,8192,layered,1024/1024/1024,graph,103,23.0026,15.9059,23.0495,23.0026,
25,8,262144,8192,layered,1024/1024/1024,graph,104,23.5308,16.4551,23.5756,23.5308,
25,8,262144,8192,layered,1024/1024/1024,graph,105,23.3628,16.4551,23.4074,23.3628,
25,8,262144,8192,layered,1024/1024/1024,graph,106,23.7184,16.7297,23.7631,23.7184,
25,8,262144,8192,layered,1024/1024/1024,graph,107,23.7308,16.4551,23.7822,23.7308,
25,8,262144,8192,layered,1024/1024/1024,graph,108,24.2121,14.8394,24.2590,24.2121,
25,8,262144,8192,layered,1024/1024/1024,graph,109,24.4056,14.8394,24.4516,24.4056,
25,8,262144,8192,layered,1024/1024/1024,graph,110,23.9874,14.8394,24.0352,23.9874,
25,8,262144,8192,layered,1024/1024/1024,graph,111,22.9514,16.7297,22.9956,22.9514,
25,8,262144,8192,layered,1024/1024/1024,graph,112,23.8087,16.1805,23.8535,23.8087,
25,8,262144,8192,layered,1024/1024/1024,graph,113,24.3626,15.1140,24.4087,24.3626,
25,8,262144,8192,layered,1024/1024/1024,graph,114,23.4899,17.0043,23.5340,23.4899,
25,8,262144,8192,layered,1024/1024/1024,graph,115,23.9179,15.9059,23.9620,23.9179,
25,8,262144,8192,layered,1024/1024/1024,graph,116,24.1383,15.3886,24.1850,24.1383,
25,8,262144,8192,layered,1024/1024/1024,graph,117,24.5381,15.3886,24.5851,24.5381,
25,8,262144,8192,layered,1024/1024/1024,graph,118,24.1420,14.8394,24.1883,24.1420,
25,8,262144,8192,layered,1024/1024/1024,graph,119,23.2938,15.9059,23.3377,23.2938,
25,8,262144,8192,layered,1024/1024/1024,graph,120,24.1406,15.1140,24.1872,24.1406,
25,8,262144,8192,layered,1024/1024/1024,graph,121,23.4430,16.4551,23.4917,23.4430,
25,8,262144,8192,layered,1024/1024/1024,graph,122,20.2460,16.6979,20.2930,20.2460,
25,8,262144,8192,layered,1024/1024/1024,graph,123,23.6484,16.4551,23.6955,23.6484,
25,8,262144,8192,layered,1024/1024/1024,graph,124,24.1247,15.1140,24.1739,24.1247,
25,8,262144,8192,layered,1024/1024/1024,graph,125,24.3407,14.8394,24.3892,24.3407,
25,8,262144,8192,layered,1024/1024/1024,graph,126,24.1914,15.1140,24.2390,24.1914,
25,8,262144,8192,layered,1024/1024/1024,graph,127,23.6591,15.9059,23.7139,23.6591,
25,8,262144,8192,layered,1024/1024/1024,graph,128,24.1737,15.1140,24.2320,24.1737,
25,8,262144,8192,layered,1024/1024/1024,graph,129,23.2282,16.1805,23.2777,23.2282,
25,8,262144,8192,layered,1024/1024/1024,graph,130,23.1901,16.4551,23.2469,23.1901,
25,8,262144,8192,layered,1024/1024/1024,graph,131,23.5468,16.4551,23.5928,23.5468,
25,8,262144,8192,layered,1024/1024/1024,graph,132,24.2577,15.3886,24.3055,24.2577,
25,8,262144,8192,layered,1024/1024/1024,graph,133,24.5203,14.8394,24.5672,24.5203,
25,8,262144,8192,layered,1024/1024/1024,graph,134,23.6959,16.4551,23.7405,23.6959,
25,8,262144,8192,layered,1024/1024/1024,graph,135,24.4748,15.1140,24.5209,24.4748,
25,8,262144,8192,layered,1024/1024/1024,graph,136,24.5120,14.8394,24.5592,24.5120,
25,8,262144,8192,layered,1024/1024/1024,graph,137,22.8773,16.4551,22.9239,22.8773,
25,8,262144,8192,layered,1024/1024/1024,graph,138,23.5589,16.1805,23.6046,23.5589,
25,8,262144,8192,layered,1024/1024/1024,graph,139,23.0950,16.4551,23.1387,23.0950,
25,8,262144,8192,layered,1024/1024/1024,graph,140,24.4463,14.8394,24.4941,24.4463,
25,8,262144,8192,layered,1024/1024/1024,graph,141,23.0163,16.1805,23.0608,23.0163,
25,8,262144,8192,layered,1024/1024/1024,graph,142,23.0887,16.1805,23.1324,23.0887,
25,8,262144,8192,layered,1024/1024/1024,graph,143,24.0593,15.3886,24.1060,24.0593,
25,8,262144,8192,layered,1024/1024/1024,graph,144,24.4143,14.8394,24.4622,24.4143,
25,8,262144,8192,layered,1024/1024/1024,graph,145,22.9350,15.9059,22.9807,22.9350,
25,8,262144,8192,layered,1024/1024/1024,graph,146,23.1345,16.4551,23.1792,23.1345,
25,8,262144,8192,layered,1024/1024/1024,graph,147,23.2332,16.1805,23.2802,23.2332,
25,8,262144,8192,layered,1024/1024/1024,graph,148,24.0896,15.1140,24.1378,24.0896,
25,8,262144,8192,layered,1024/1024/1024,graph,149,24.2003,15.1140,24.2472,24.2003,
25,8,262144,8192,layered,1024/1024/1024,graph,150,23.6539,16.4551,23.6986,23.6539,
25,8,262144,8192,layered,1024/1024/1024,graph,151,24.2316,14.8394,24.2763,24.2316,
25,8,262144,8192,layered,1024/1024/1024,graph,152,24.1482,14.8394,24.1945,24.1482,
25,8,262144,8192,layered,1024/1024/1024,graph,153,22.8411,16.7297,22.8860,22.8411,
25,8,262144,8192,layered,1024/1024/1024,graph,154,23.7317,15.9059,23.7766,23.7317,
25,8,262144,8192,layered,1024/1024/1024,graph,155,22.7331,16.7297,22.7786,22.7331,
25,8,262144,8192,layered,1024/1024/1024,graph,156,24.4438,14.8394,24.4899,24.4438,
25,8,262144,8192,layered,1024/1024/1024,graph,157,23.1423,16.1805,23.1881,23.1423,
25,8,262144,8192,layered,1024/1024/1024,graph,158,23.2266,16.1805,23.2719,23.2266,
25,8,262144,8192,layered,1024/1024/1024,graph,159,23.3967,15.1140,23.4459,23.3967,
25,8,262144,8192,layered,1024/1024/1024,graph,160,23.4751,15.3568,23.5234,23.4751,
25,8,262144,8192,layered,1024/1024/1024,graph,161,24.3886,15.9378,24.4357,24.3886,
25,8,262144,8192,layered,1024/1024/1024,graph,162,23.3980,15.3568,23.4442,23.3980,
25,8,262144,8192,layered,1024/1024/1024,graph,163,24.2322,15.9378,24.2798,24.2322,
25,8,262144,8192,layered,1024/1024/1024,graph,164,23.3444,15.3568,23.3934,23.3444,
25,8,262144,8192,layered,1024/1024/1024,graph,165,24.3264,16.2124,24.3747,24.3264,
25,8,262144,8192,layered,1024/1024/1024,graph,166,23.5140,15.3568,23.5624,23.5140,
25,8,262144,8192,layered,1024/1024/1024,graph,167,24.2770,15.9378,24.3250,24.2770,
25,8,262144,8192,layered,1024/1024/1024,graph,168,23.1649,15.6314,23.2107,23.1649,
25,8,262144,8192,layered,1024/1024/1024,graph,169,24.1782,15.9378,24.2259,24.1782,
25,8,262144,8192,layered,1024/1024/1024,graph,170,23.4031,15.0822,23.4470,23.4031,
25,8,262144,8192,layered,1024/1024/1024,graph,171,24.5752,15.9378,24.6227,24.5752,
25,8,262144,8192,layered,1024/1024/1024,graph,172,23.2294,15.6314,23.2705,23.2294,
25,8,262144,8192,layered,1024/1024/1024,graph,173,24.2223,16.2124,24.2694,24.2223,
25,8,262144,8192,layered,1024/1024/1024,graph,174,23.5628,15.0822,23.6062,23.5628,
25,8,262144,8192,layered,1024/1024/1024,graph,175,24.2659,16.2124,24.3140,24.2659,
25,8,262144,8192,layered,1024/1024/1024,graph,176,23.7036,15.3568,23.7491,23.7036,
25,8,262144,8192,layered,1024/1024/1024,graph,177,24.4769,16.7615,24.5249,24.4769,
25,8,262144,8192,layered,1024/1024/1024,graph,178,23.3364,14.8076,23.3814,23.3364,
25,8,262144,8192,layered,1024/1024/1024,graph,179,24.3390,16.2124,24.3865,24.3390,
25,8,262144,8192,layered,1024/1024/1024,graph,180,20.9348,15.8741,20.9807,20.9348,
25,8,262144,8192,layered,1024/1024/1024,graph,181,24.5599,16.2124,24.6066,24.5599,
25,8,262144,8192,layered,1024/1024/1024,graph,182,23.3111,15.3568,23.3559,23.3111,
25,8,262144,8192,layered,1024/1024/1024,graph,183,24.3937,16.2124,24.4407,24.3937,
25,8,262144,8192,layered,1024/1024/1024,graph,184,23.3928,15.3568,23.4371,23.3928,
25,8,262144,8192,layered,1024/1024/1024,graph,185,23.9980,15.9378,24.0464,23.9980,
25,8,262144,8192,layered,1024/1024/1024,graph,186,23.0504,14.8076,23.0949,23.0504,
25,8,262144,8192,layered,1024/1024/1024,graph,187,24.2462,16.2124,24.2938,24.2462,
25,8,262144,8192,layered,1024/1024/1024,graph,188,23.3465,15.3568,23.3920,23.3465,
25,8,262144,8192,layered,1024/1024/1024,graph,189,24.2786,15.9378,24.3267,24.2786,
25,8,262144,8192,layered,1024/1024/1024,graph,190,22.8458,15.3568,22.8911,22.8458,
25,8,262144,8192,layered,1024/1024/1024,graph,191,24.1741,16.2124,24.2203,24.1741,
25,8,262144,8192,layered,1024/1024/1024,graph,192,23.9837,15.3568,24.0295,23.9837,
25,8,262144,8192,layered,1024/1024/1024,graph,193,24.4956,16.2124,24.5415,24.4956,
25,8,262144,8192,layered,1024/1024/1024,graph,194,23.6718,15.6314,23.7178,23.6718,
25,8,262144,8192,layered,1024/1024/1024,graph,195,24.1128,16.2124,24.1937,24.1128,
25,8,262144,8192,layered,1024/1024/1024,graph,196,23.9160,15.3568,23.9605,23.9160,
25,8,262144,8192,layered,1024/1024/1024,graph,197,24.2092,15.9378,24.2549,24.2092,
25,8,262144,8192,layered,1024/1024/1024,graph,198,23.8304,15.6314,23.8752,23.8304,
25,8,262144,8192,layered,1024/1024/1024,graph,199,24.3504,16.2124,24.3985,24.3504,
25,8,262144,8192,layered,512/512/512,graph,0,23.8375,16.7934,23.8887,23.8375,
25,8,262144,8192,layered,512/512/512,graph,1,23.4354,17.3425,23.4818,23.4354,
25,8,262144,8192,layered,512/512/512,graph,2,23.6473,16.7934,23.6933,23.6473,
25,8,262144,8192,layered,512/512/512,graph,3,23.0843,17.0679,23.1313,23.0843,
25,8,262144,8192,layered,512/512/512,graph,4,23.9168,16.5506,23.9694,23.9168,
25,8,262144,8192,layered,512/512/512,graph,5,23.3977,16.7934,23.4445,23.3977,
25,8,262144,8192,layered,512/512/512,graph,6,23.7401,17.6171,23.8045,23.7401,
25,8,262144,8192,layered,512/512/512,graph,7,23.7008,17.0679,23.7468,23.7008,
25,8,262144,8192,layered,512/512/512,graph,8,23.7894,17.6171,23.8342,23.7894,
25,8,262144,8192,layered,512/512/512,graph,9,23.3357,16.7934,23.3809,23.3357,
25,8,262144,8192,layered,512/512/512,graph,10,23.9781,17.6171,24.0278,23.9781,
25,8,262144,8192,layered,512/512/512,graph,11,24.1247,17.3425,24.1746,24.1247,
25,8,262144,8192,layered,512/512/512,graph,12,23.9169,16.5506,23.9666,23.9169,
25,8,262144,8192,layered,512/512/512,graph,13,23.9955,16.7934,24.0406,23.9955,
25,8,262144,8192,layered,512/512/512,graph,14,23.8440,17.8917,23.8915,23.8440,
25,8,262144,8192,layered,512/512/512,graph,15,23.8376,16.7934,23.8871,23.8376,
25,8,262144,8192,layered,512/512/512,graph,16,23.5960,18.1663,23.6520,23.5960,
25,8,262144,8192,layered,512/512/512,graph,17,23.8317,16.5188,23.8828,23.8317,
25,8,262144,8192,layered,512/512/512,graph,18,23.7115,17.6171,23.7590,23.7115,
25,8,262144,8192,layered,512/512/512,graph,19,23.9545,17.3425,24.0015,23.9545,
25,8,262144,8192,layered,512/512/512,graph,20,23.6404,16.2760,23.6893,23.6404,
25,8,262144,8192,layered,512/512/512,graph,21,23.7927,17.0679,23.8468,23.7927,
25,8,262144,8192,layered,512/512/512,graph,22,23.6298,17.8917,23.6820,23.6298,
25,8,262144,8192,layered,512/512/512,graph,23,23.9877,16.5188,24.0405,23.9877,
25,8,262144,8192,layered,512/512/512,graph,24,23.9203,18.1663,23.9680,23.9203,
25,8,262144,8192,layered,512/512/512,graph,25,24.0204,16.5188,24.0748,24.0204,
25,8,262144,8192,layered,512/512/512,graph,26,23.7077,18.1663,23.7615,23.7077,
25,8,262144,8192,layered,512/512/512,graph,27,23.9999,17.3425,24.0483,23.9999,
25,8,262144,8192,layered,512/512/512,graph,28,23.8731,16.5506,23.9208,23.8731,
25,8,262144,8192,layered,512/512/512,graph,29,23.8546,16.5188,23.8992,23.8546,
25,8,262144,8192,layered,512/512/512,graph,30,23.8420,18.1663,23.8875,23.8420,
25,8,262144,8192,layered,512/512/512,graph,31,23.7846,16.5188,23.8316,23.7846,
25,8,262144,8192,layered,512/512/512,graph,32,23.7372,18.1663,23.7827,23.7372,
25,8,262144,8192,layered,512/512/512,graph,33,23.7644,16.7934,23.8111,23.7644,
25,8,262144,8192,layered,512/512/512,graph,34,23.9037,17.8917,23.9607,23.9037,
25,8,262144,8192,layered,512/512/512,graph,35,23.6456,16.7934,23.6999,23.6456,
25,8,262144,8192,layered,512/512/512,graph,36,23.9671,16.2760,24.0218,23.9671,
25,8,262144,8192,layered,512/512/512,graph,37,23.9242,17.3425,23.9751,23.9242,
25,8,262144,8192,layered,512/512/512,graph,38,23.8300,17.8917,23.8801,23.8300,
25,8,262144,8192,layered,512/512/512,graph,39,23.9491,17.0679,24.0002,23.9491,
25,8,262144,8192,layered,512/512/512,graph,40,23.7236,17.8917,23.7702,23.7236,
25,8,262144,8192,layered,512/512/512,graph,41,23.9737,16.7934,24.0215,23.9737,
25,8,262144,8192,layered,512/512/512,graph,42,23.7465,17.3425,23.7879,23.7465,
25,8,262144,8192,layered,512/512/512,graph,43,23.9137,17.3425,23.9619,23.9137,
25,8,262144,8192,layered,512/512/512,graph,44,23.6963,16.5506,23.7426,23.6963,
25,8,262144,8192,layered,512/512/512,graph,45,24.1994,16.7934,24.2473,24.1994,
25,8,262144,8192,layered,512/512/512,graph,46,23.4277,17.8917,23.4791,23.4277,
25,8,262144,8192,layered,512/512/512,graph,47,23.9028,17.0679,23.9578,23.9028,
25,8,262144,8192,layered,512/512/512,graph,48,23.6432,17.8917,23.6908,23.6432,
25,8,262144,8192,layered,512/512/512,graph,49,24.0329,17.3425,24.0816,24.0329,
25,8,262144,8192,layered,512/512/512,graph,50,23.6955,16.8252,23.7462,23.6955,
25,8,262144,8192,layered,512/512/512,graph,51,23.8787,17.0679,23.9323,23.8787,
25,8,262144,8192,layered,512/512/512,graph,52,23.9613,16.8252,24.0114,23.9613,
25,8,262144,8192,layered,512/512/512,graph,53,23.9410,17.3425,23.9904,23.9410,
25,8,262144,8192,layered,512/512/512,graph,54,23.8484,17.3425,23.8938,23.8484,
25,8,262144,8192,layered,512/512/512,graph,55,23.7721,16.7934,23.8167,23.7721,
25,8,262144,8192,layered,512/512/512,graph,56,23.4617,17.8917,23.5085,23.4617,
25,8,262144,8192,layered,512/512/512,graph,57,23.8554,16.5188,23.8996,23.8554,
25,8,262144,8192,layered,512/512/512,graph,58,24.0321,16.5506,24.0789,24.0321,
25,8,262144,8192,layered,512/512/512,graph,59,23.8536,15.7268,23.9050,23.8536,
25,8,262144,8192,layered,512/512/512,graph,60,23.2881,17.0679,23.3363,23.2881,
25,8,262144,8192,layered,512/512/512,graph,61,23.4527,17.0679,23.5005,23.4527,
25,8,262144,8192,layered,512/512/512,graph,62,23.6036,17.0679,23.6481,23.6036,
25,8,262144,8192,layered,512/512/512,graph,63,23.3461,17.3425,23.3923,23.3461,
25,8,262144,8192,layered,512/512/512,graph,64,23.9629,17.6171,24.0110,23.9629,
25,8,262144,8192,layered,512/512/512,graph,65,23.7688,17.6171,23.8169,23.7688,
25,8,262144,8192,layered,512/512/512,graph,66,24.1020,17.0679,24.1482,24.1020,
25,8,262144,8192,layered,512/512/512,graph,67,23.8892,17.6171,23.9354,23.8892,
25,8,262144,8192,layered,512/512/512,graph,68,23.8164,17.3425,23.8611,23.8164,
25,8,262144,8192,layered,512/512/512,graph,69,23.7502,17.0679,23.7944,23.7502,
25,8,262144,8192,layered,512/512/512,graph,70,23.5789,17.0679,23.6244,23.5789,
25,8,262144,8192,layered,512/512/512,graph,71,23.9044,16.2760,23.9520,23.9044,
25,8,262144,8192,layered,512/512/512,graph,72,23.6057,16.5188,23.6498,23.6057,
25,8,262144,8192,layered,512/512/512,graph,73,23.7890,16.8252,23.8393,23.7890,
25,8,262144,8192,layered,512/512/512,graph,74,23.3965,16.2442,23.4424,23.3965,
25,8,262144,8192,layered,512/512/512,graph,75,23.1155,17.3425,23.1695,23.1155,
25,8,262144,8192,layered,512/512/512,graph,76,23.4404,16.7934,23.4861,23.4404,
25,8,262144,8192,layered,512/512/512,graph,77,23.3743,17.3425,23.4193,23.3743,
25,8,262144,8192,layered,512/512/512,graph,78,23.8330,16.7934,23.8776,23.8330,
25,8,262144,8192,layered,512/512/512,graph,79,23.8726,16.5506,23.9207,23.8726,
25,8,262144,8192,layered,512/512/512,graph,80,23.7107,16.5188,23.7598,23.7107,
25,8,262144,8192,layered,512/512/512,graph,81,23.9012,16.5506,23.9477,23.9012,
25,8,262144,8192,layered,512/512/512,graph,82,23.8254,16.5188,23.8701,23.8254,
25,8,262144,8192,layered,512/512/512,graph,83,23.4919,17.3425,23.5367,23.4919,
25,8,262144,8192,layered,512/512/512,graph,84,23.8838,16.7934,23.9311,23.8838,
25,8,262144,8192,layered,512/512/512,graph,85,23.8364,17.6171,23.8806,23.8364,
25,8,262144,8192,layered,512/512/512,graph,86,23.9176,17.0679,23.9614,23.9176,
25,8,262144,8192,layered,512/512/512,graph,87,23.6500,17.3425,23.6935,23.6500,
25,8,262144,8192,layered,512/512/512,graph,88,23.8923,17.0679,23.9369,23.8923,
25,8,262144,8192,layered,512/512/512,graph,89,23.5839,16.7934,23.6274,23.5839,
25,8,262144,8192,layered,512/512/512,graph,90,23.8116,17.3425,23.8572,23.8116,
25,8,262144,8192,layered,512/512/512,graph,91,23.3213,17.3425,23.3662,23.3213,
25,8,262144,8192,layered,512/512/512,graph,92,23.8653,16.7934,23.9090,23.8653,
25,8,262144,8192,layered,512/512/512,graph,93,23.7549,17.3425,23.7994,23.7549,
25,8,262144,8192,layered,512/512/512,graph,94,23.7994,16.7934,23.8444,23.7994,
25,8,262144,8192,layered,512/512/512,graph,95,23.5865,17.6171,23.6311,23.5865,
25,8,262144,8192,layered,512/512/512,graph,96,23.8393,16.7934,23.8842,23.8393,
25,8,262144,8192,layered,512/512/512,graph,97,23.5589,17.6171,23.6037,23.5589,
25,8,262144,8192,layered,512/512/512,graph,98,23.7718,16.7934,23.8219,23.7718,
25,8,262144,8192,layered,512/512/512,graph,99,23.8350,17.6171,23.8791,23.8350,
25,8,262144,8192,layered,512/512/512,graph,100,23.4954,17.0679,23.5483,23.4954,
25,8,262144,8192,layered,512/512/512,graph,101,23.7469,17.3425,23.7899,23.7469,
25,8,262144,8192,layered,512/512/512,graph,102,23.3992,17.3425,23.4447,23.3992,
25,8,262144,8192,layered,512/512/512,graph,103,23.8526,17.0679,23.8957,23.8526,
25,8,262144,8192,layered,512/512/512,graph,104,23.2415,17.3425,23.2883,23.2415,
25,8,262144,8192,layered,512/512/512,graph,105,24.1009,17.3425,24.1442,24.1009,
25,8,262144,8192,layered,512/512/512,graph,106,23.9361,17.3425,23.9902,23.9361,
25,8,262144,8192,layered,512/512/512,graph,107,24.0225,17.3425,24.0682,24.0225,
25,8,262144,8192,layered,512/512/512,graph,108,23.9779,17.3425,24.0239,23.9779,
25,8,262144,8192,layered,512/512/512,graph,109,23.8965,16.7934,23.9421,23.8965,
25,8,262144,8192,layered,512/512/512,graph,110,23.7236,17.3425,23.7678,23.7236,
25,8,262144,8192,layered,512/512/512,graph,111,23.7326,17.0679,23.7780,23.7326,
25,8,262144,8192,layered,512/512/512,graph,112,23.7964,17.6171,23.8493,23.7964,
25,8,262144,8192,layered,512/512/512,graph,113,23.6550,17.0679,23.7056,23.6550,
25,8,262144,8192,layered,512/512/512,graph,114,23.8769,17.0679,23.9247,23.8769,
25,8,262144,8192,layered,512/512/512,graph,115,23.5725,17.6171,23.6187,23.5725,
25,8,262144,8192,layered,512/512/512,graph,116,23.7892,17.0679,23.8331,23.7892,
25,8,262144,8192,layered,512/512/512,graph,117,23.1252,17.0679,23.1743,23.1252,
25,8,262144,8192,layered,512/512/512,graph,118,23.9116,17.3425,23.9567,23.9116,
25,8,262144,8192,layered,512/512/512,graph,119,23.8689,17.0679,23.9146,23.8689,
25,8,262144,8192,layered,512/512/512,graph,120,23.8481,17.6171,23.8934,23.8481,
25,8,262144,8192,layered,512/512/512,graph,121,24.1080,17.3425,24.1517,24.1080,
25,8,262144,8192,layered,512/512/512,graph,122,23.7651,17.6171,23.8105,23.7651,
25,8,262144,8192,layered,512/512/512,graph,123,24.0097,17.0679,24.0531,24.0097,
25,8,262144,8192,layered,512/512/512,graph,124,23.7027,17.6171,23.7485,23.7027,
25,8,262144,8192,layered,512/512/512,graph,125,23.9791,16.7934,24.0234,23.9791,
25,8,262144,8192,layered,512/512/512,graph,126,23.6788,17.6171,23.7238,23.6788,
25,8,262144,8192,layered,512/512/512,graph,127,23.9671,17.3425,24.0121,23.9671,
25,8,262144,8192,layered,512/512/512,graph,128,23.7332,17.3425,23.7786,23.7332,
25,8,262144,8192,layered,512/512/512,graph,129,23.9650,17.6171,24.0126,23.9650,
25,8,262144,8192,layered,512/512/512,graph,130,23.5926,16.7934,23.7132,23.5926,
25,8,262144,8192,layered,512/512/512,graph,131,23.8431,17.3425,23.8923,23.8431,
25,8,262144,8192,layered,512/512/512,graph,132,24.0589,17.0679,24.1042,24.0589,
25,8,262144,8192,layered,512/512/512,graph,133,23.9672,17.3425,24.0128,23.9672,
25,8,262144,8192,layered,512/512/512,graph,134,23.9876,17.3425,24.0403,23.9876,
25,8,262144,8192,layered,512/512/512,graph,135,23.9720,17.3425,24.0210,23.9720,
25,8,262144,8192,layered,512/512/512,graph,136,23.9508,17.3425,23.9991,23.9508,
25,8,262144,8192,layered,512/512/512,graph,137,23.6661,17.3425,23.7145,23.6661,
25,8,262144,8192,layered,512/512/512,graph,138,23.9667,17.0679,24.0136,23.9667,
25,8,262144,8192,layered,512/512/512,graph,139,23.5622,17.3425,23.6100,23.5622,
25,8,262144,8192,layered,512/512/512,graph,140,23.9213,17.0679,23.9655,23.9213,
25,8,262144,8192,layered,512/512/512,graph,141,23.7424,17.6171,23.7873,23.7424,
25,8,262144,8192,layered,512/512/512,graph,142,23.9396,17.6171,23.9855,23.9396,
25,8,262144,8192,layered,512/512/512,graph,143,23.4774,17.0679,23.5235,23.4774,
25,8,262144,8192,layered,512/512/512,graph,144,23.5712,17.0679,23.6171,23.5712,
25,8,262144,8192,layered,512/512/512,graph,145,23.5381,17.0679,23.5838,23.5381,
25,8,262144,8192,layered,512/512/512,graph,146,23.4801,17.0679,23.5250,23.4801,
25,8,262144,8192,layered,512/512/512,graph,147,23.6263,17.3425,23.6724,23.6263,
25,8,262144,8192,layered,512/512/512,graph,148,23.7949,17.0679,23.8399,23.7949,
25,8,262144,8192,layered,512/512/512,graph,149,23.9623,17.3425,24.0062,23.9623,
25,8,262144,8192,layered,512/512/512,graph,150,23.6805,17.0679,23.7255,23.6805,
25,8,262144,8192,layered,512/512/512,graph,151,24.0140,17.3425,24.0588,24.0140,
25,8,262144,8192,layered,512/512/512,graph,152,23.7466,17.3425,23.7905,23.7466,
25,8,262144,8192,layered,512/512/512,graph,153,23.9765,17.0679,24.0219,23.9765,
25,8,262144,8192,layered,512/512/512,graph,154,23.5079,17.3425,23.5523,23.5079,
25,8,262144,8192,layered,512/512/512,graph,155,23.9406,16.7934,23.9841,23.9406,
25,8,262144,8192,layered,512/512/512,graph,156,23.5976,16.8252,23.6432,23.5976,
25,8,262144,8192,layered,512/512/512,graph,157,23.8688,16.7934,23.9129,23.8688,
25,8,262144,8192,layered,512/512/512,graph,158,23.8065,17.3425,23.8511,23.8065,
25,8,262144,8192,layered,512/512/512,graph,159,23.7652,17.3425,23.8100,23.7652,
25,8,262144,8192,layered,512/512/512,graph,160,23.8376,17.3425,23.8831,23.8376,
25,8,262144,8192,layered,512/512/512,graph,161,23.8774,17.3425,23.9246,23.8774,
25,8,262144,8192,layered,512/512/512,graph,162,24.0429,17.6171,24.0863,24.0429,
25,8,262144,8192,layered,512/512/512,graph,163,23.9562,17.0679,24.0003,23.9562,
25,8,262144,8192,layered,512/512/512,graph,164,24.0627,17.0998,24.1085,24.0627,
25,8,262144,8192,layered,512/512/512,graph,165,23.7039,15.9696,23.7528,23.7039,
25,8,262144,8192,layered,512/512/512,graph,166,23.7984,17.0998,23.8436,23.7984,
25,8,262144,8192,layered,512/512/512,graph,167,23.5370,16.2442,23.5816,23.5370,
25,8,262144,8192,layered,512/512/512,graph,168,23.9452,17.3744,23.9913,23.9452,
25,8,262144,8192,layered,512/512/512,graph,169,22.2282,16.2124,22.2716,22.2282,
25,8,262144,8192,layered,512/512/512,graph,170,23.8180,17.0998,23.8627,23.8180,
25,8,262144,8192,layered,512/512/512,graph,171,23.4322,16.2442,23.4772,23.4322,
25,8,262144,8192,layered,512/512/512,graph,172,23.7844,17.0998,23.8281,23.7844,
25,8,262144,8192,layered,512/512/512,graph,173,23.9831,15.9696,24.0277,23.9831,
25,8,262144,8192,layered,512/512/512,graph,174,24.0622,17.0998,24.1053,24.0622,
25,8,262144,8192,layered,512/512/512,graph,175,23.9539,16.2442,23.9979,23.9539,
25,8,262144,8192,layered,512/512/512,graph,176,23.9322,16.8252,23.9793,23.9322,
25,8,262144,8192,layered,512/512/512,graph,177,22.8050,17.0361,22.8495,22.8050,
25,8,262144,8192,layered,512/512/512,graph,178,23.6153,17.3425,23.6607,23.6153,
25,8,262144,8192,layered,512/512/512,graph,179,23.8223,16.7934,23.8687,23.8223,
25,8,262144,8192,layered,512/512/512,graph,180,23.8699,17.6171,23.9252,23.8699,
25,8,262144,8192,layered,512/512/512,graph,181,24.0065,17.3425,24.0552,24.0065,
25,8,262144,8192,layered,512/512/512,graph,182,23.6962,17.0679,23.7423,23.6962,
25,8,262144,8192,layered,512/512/512,graph,183,23.7024,17.3425,23.7497,23.7024,
25,8,262144,8192,layered,512/512/512,graph,184,23.6780,17.0679,23.7282,23.6780,
25,8,262144,8192,layered,512/512/512,graph,185,23.6655,17.3425,23.7106,23.6655,
25,8,262144,8192,layered,512/512/512,graph,186,23.4150,17.3425,23.4666,23.4150,
25,8,262144,8192,layered,512/512/512,graph,187,23.7200,17.0679,23.7645,23.7200,
25,8,262144,8192,layered,512/512/512,graph,188,23.8535,17.3425,23.8972,23.8535,
25,8,262144,8192,layered,512/512/512,graph,189,23.6898,17.0679,23.7342,23.6898,
25,8,262144,8192,layered,512/512/512,graph,190,23.5743,17.0679,23.6269,23.5743,
25,8,262144,8192,layered,512/512/512,graph,191,23.6134,17.6171,23.6609,23.6134,
25,8,262144,8192,layered,512/512/512,graph,192,23.9349,16.7934,23.9807,23.9349,
25,8,262144,8192,layered,512/512/512,graph,193,23.4125,17.6171,23.4583,23.4125,
25,8,262144,8192,layered,512/512/512,graph,194,23.7171,17.0679,23.7633,23.7171,
25,8,262144,8192,layered,512/512/512,graph,195,23.5553,17.3425,23.6012,23.5553,
25,8,262144,8192,layered,512/512/512,graph,196,23.7244,17.0679,23.7710,23.7244,
25,8,262144,8192,layered,512/512/512,graph,197,23.3950,17.3425,23.4415,23.3950,
25,8,262144,8192,layered,512/512/512,graph,198,23.9127,17.3425,23.9595,23.9127,
25,8,262144,8192,layered,512/512/512,graph,199,23.7480,17.6171,23.7924,23.7480,
25,8,262144,8192,layered,2048/2048/2048,graph,0,21.7735,15.0503,21.8190,21.7735,
25,8,262144,8192,layered,2048/2048/2048,graph,1,21.8262,15.0503,21.8713,21.8262,
25,8,262144,8192,layered,2048/2048/2048,graph,2,21.6616,15.0503,21.7072,21.6616,
25,8,262144,8192,layered,2048/2048/2048,graph,3,21.6786,15.0503,21.7253,21.6786,
25,8,262144,8192,layered,2048/2048/2048,graph,4,21.7488,15.0503,21.7941,21.7488,
25,8,262144,8192,layered,2048/2048/2048,graph,5,21.8100,15.0503,21.8564,21.8100,
25,8,262144,8192,layered,2048/2048/2048,graph,6,21.6486,15.0503,21.6958,21.6486,
25,8,262144,8192,layered,2048/2048/2048,graph,7,21.7504,15.0503,21.7970,21.7504,
25,8,262144,8192,layered,2048/2048/2048,graph,8,21.7668,15.0503,21.8128,21.7668,
25,8,262144,8192,layered,2048/2048/2048,graph,9,21.8539,15.0503,21.8993,21.8539,
25,8,262144,8192,layered,2048/2048/2048,graph,10,21.7471,15.0503,21.7925,21.7471,
25,8,262144,8192,layered,2048/2048/2048,graph,11,21.8576,15.0503,21.9041,21.8576,
25,8,262144,8192,layered,2048/2048/2048,graph,12,21.8940,15.0503,21.9406,21.8940,
25,8,262144,8192,layered,2048/2048/2048,graph,13,22.0213,15.0503,22.0667,22.0213,
25,8,262144,8192,layered,2048/2048/2048,graph,14,21.9307,15.0503,21.9802,21.9307,
25,8,262144,8192,layered,2048/2048/2048,graph,15,21.9294,15.0503,21.9855,21.9294,
25,8,262144,8192,layered,2048/2048/2048,graph,16,21.9967,15.0503,22.0466,21.9967,
25,8,262144,8192,layered,2048/2048/2048,graph,17,22.0451,15.0503,22.0928,22.0451,
25,8,262144,8192,layered,2048/2048/2048,graph,18,21.9092,15.0503,21.9563,21.9092,
25,8,262144,8192,layered,2048/2048/2048,graph,19,21.8985,15.0503,21.9452,21.8985,
25,8,262144,8192,layered,2048/2048/2048,graph,20,21.9019,15.0503,21.9486,21.9019,
25,8,262144,8192,layered,2048/2048/2048,graph,21,21.8619,15.0503,21.9127,21.8619,
25,8,262144,8192,layered,2048/2048/2048,graph,22,21.7678,15.0503,21.8178,21.7678,
25,8,262144,8192,layered,2048/2048/2048,graph,23,21.7099,15.0503,21.7579,21.7099,
25,8,262144,8192,layered,2048/2048/2048,graph,24,21.7549,15.0503,21.8029,21.7549,
25,8,262144,8192,layered,2048/2048/2048,graph,25,21.7875,15.0503,21.8364,21.7875,
25,8,262144,8192,layered,2048/2048/2048,graph,26,21.6074,15.0503,21.6597,21.6074,
25,8,262144,8192,layered,2048/2048/2048,graph,27,21.7028,15.0503,21.7540,21.7028,
25,8,262144,8192,layered,2048/2048/2048,graph,28,21.7666,15.0503,21.8152,21.7666,
25,8,262144,8192,layered,2048/2048/2048,graph,29,21.8611,15.0503,21.9075,21.8611,
25,8,262144,8192,layered,2048/2048/2048,graph,30,21.7240,15.0503,21.7719,21.7240,
25,8,262144,8192,layered,2048/2048/2048,graph,31,21.8698,15.0503,21.9152,21.8698,
25,8,262144,8192,layered,2048/2048/2048,graph,32,21.8838,15.0503,21.9338,21.8838,
25,8,262144,8192,layered,2048/2048/2048,graph,33,21.9556,15.0503,22.0037,21.9556,
25,8,262144,8192,layered,2048/2048/2048,graph,34,21.8670,15.0503,21.9144,21.8670,
25,8,262144,8192,layered,2048/2048/2048,graph,35,21.9719,15.0503,22.0180,21.9719,
25,8,262144,8192,layered,2048/2048/2048,graph,36,21.9863,15.0503,22.0340,21.9863,
25,8,262144,8192,layered,2048/2048/2048,graph,37,22.1010,15.0503,22.1476,22.1010,
25,8,262144,8192,layered,2048/2048/2048,graph,38,21.9703,15.0503,22.0177,21.9703,
25,8,262144,8192,layered,2048/2048/2048,graph,39,22.0154,15.0503,22.0727,22.0154,
25,8,262144,8192,layered,2048/2048/2048,graph,40,22.0887,15.0503,22.1398,22.0887,
25,8,262144,8192,layered,2048/2048/2048,graph,41,22.0893,15.0503,22.1398,22.0893,
25,8,262144,8192,layered,2048/2048/2048,graph,42,21.9948,15.0503,22.0400,21.9948,
25,8,262144,8192,layered,2048/2048/2048,graph,43,22.0300,15.0503,22.0751,22.0300,
25,8,262144,8192,layered,2048/2048/2048,graph,44,22.0669,15.0503,22.1145,22.0669,
25,8,262144,8192,layered,2048/2048/2048,graph,45,22.0295,15.0503,22.0746,22.0295,
25,8,262144,8192,layered,2048/2048/2048,graph,46,21.9427,15.0503,21.9907,21.9427,
25,8,262144,8192,layered,2048/2048/2048,graph,47,21.9261,15.0503,21.9727,21.9261,
25,8,262144,8192,layered,2048/2048/2048,graph,48,21.9328,15.0503,21.9791,21.9328,
25,8,262144,8192,layered,2048/2048/2048,graph,49,21.9578,15.0503,22.0047,21.9578,
25,8,262144,8192,layered,2048/2048/2048,graph,50,21.8022,15.0503,21.8486,21.8022,
25,8,262144,8192,layered,2048/2048/2048,graph,51,21.7938,15.0503,21.8447,21.7938,
25,8,262144,8192,layered,2048/2048/2048,graph,52,21.8252,15.0503,21.8744,21.8252,
25,8,262144,8192,layered,2048/2048/2048,graph,53,21.8892,15.0503,21.9383,21.8892,
25,8,262144,8192,layered,2048/2048/2048,graph,54,21.7455,15.0503,21.7921,21.7455,
25,8,262144,8192,layered,2048/2048/2048,graph,55,21.8074,15.0503,21.8549,21.8074,
25,8,262144,8192,layered,2048/2048/2048,graph,56,21.8574,15.0503,21.9048,21.8574,
25,8,262144,8192,layered,2048/2048/2048,graph,57,21.9175,15.0503,21.9760,21.9175,
25,8,262144,8192,layered,2048/2048/2048,graph,58,21.8135,15.0503,21.8660,21.8135,
25,8,262144,8192,layered,2048/2048/2048,graph,59,21.8977,15.0503,21.9468,21.8977,
25,8,262144,8192,layered,2048/2048/2048,graph,60,21.9222,15.0503,21.9681,21.9222,
25,8,262144,8192,layered,2048/2048/2048,graph,61,21.9911,15.0503,22.0385,21.9911,
25,8,262144,8192,layered,2048/2048/2048,graph,62,21.8266,15.0503,21.8845,21.8266,
25,8,262144,8192,layered,2048/2048/2048,graph,63,21.8379,15.0503,21.8884,21.8379,
25,8,262144,8192,layered,2048/2048/2048,graph,64,21.8758,15.0503,21.9286,21.8758,
25,8,262144,8192,layered,2048/2048/2048,graph,65,21.8683,15.0503,21.9149,21.8683,
25,8,262144,8192,layered,2048/2048/2048,graph,66,21.7116,15.0503,21.7569,21.7116,
25,8,262144,8192,layered,2048/2048/2048,graph,67,21.7413,15.0503,21.7897,21.7413,
25,8,262144,8192,layered,2048/2048/2048,graph,68,21.7798,15.0503,21.8268,21.7798,
25,8,262144,8192,layered,2048/2048/2048,graph,69,21.7864,15.0503,21.8342,21.7864,
25,8,262144,8192,layered,2048/2048/2048,graph,70,21.6754,15.0503,21.7251,21.6754,
25,8,262144,8192,layered,2048/2048/2048,graph,71,21.7387,15.0503,21.7877,21.7387,
25,8,262144,8192,layered,2048/2048/2048,graph,72,21.6041,14.7758,21.6515,21.6041,
25,8,262144,8192,layered,2048/2048/2048,graph,73,21.2674,14.7758,21.3139,21.2674,
25,8,262144,8192,layered,2048/2048/2048,graph,74,20.7560,14.5012,20.8017,20.7560,
25,8,262144,8192,layered,2048/2048/2048,graph,75,20.4109,14.5012,20.4599,20.4109,
25,8,262144,8192,layered,2048/2048/2048,graph,76,20.2377,14.2266,20.2911,20.2377,
25,8,262144,8192,layered,2048/2048/2048,graph,77,19.8563,14.2266,19.9038,19.8563,
25,8,262144,8192,layered,2048/2048/2048,graph,78,19.7001,14.2266,19.7465,19.7001,
25,8,262144,8192,layered,2048/2048/2048,graph,79,19.7298,14.2266,19.7747,19.7298,
25,8,262144,8192,layered,2048/2048/2048,graph,80,20.0556,14.5012,20.0999,20.0556,
25,8,262144,8192,layered,2048/2048/2048,graph,81,20.5335,14.5012,20.5798,20.5335,
25,8,262144,8192,layered,2048/2048/2048,graph,82,20.6694,14.7758,20.7143,20.6694,
25,8,262144,8192,layered,2048/2048/2048,graph,83,21.1880,14.7758,21.2326,21.1880,
25,8,262144,8192,layered,2048/2048/2048,graph,84,21.4813,15.0503,21.5338,21.4813,
25,8,262144,8192,layered,2048/2048/2048,graph,85,22.0520,15.0503,22.0989,22.0520,
25,8,262144,8192,layered,2048/2048/2048,graph,86,21.9202,15.0503,21.9643,21.9202,
25,8,262144,8192,layered,2048/2048/2048,graph,87,22.0116,15.0503,22.0565,22.0116,
25,8,262144,8192,layered,2048/2048/2048,graph,88,22.0528,15.0503,22.0992,22.0528,
25,8,262144,8192,layered,2048/2048/2048,graph,89,22.1461,15.0503,22.1916,22.1461,
25,8,262144,8192,layered,2048/2048/2048,graph,90,21.9960,15.0503,22.0416,21.9960,
25,8,262144,8192,layered,2048/2048/2048,graph,91,21.9561,15.0503,22.0195,21.9561,
25,8,262144,8192,layered,2048/2048/2048,graph,92,21.9562,15.0503,22.0032,21.9562,
25,8,262144,8192,layered,2048/2048/2048,graph,93,21.9595,15.0503,22.0058,21.9595,
25,8,262144,8192,layered,2048/2048/2048,graph,94,21.8099,15.0503,21.8610,21.8099,
25,8,262144,8192,layered,2048/2048/2048,graph,95,21.7937,15.0503,21.8406,21.7937,
25,8,262144,8192,layered,2048/2048/2048,graph,96,21.8340,15.0503,21.8818,21.8340,
25,8,262144,8192,layered,2048/2048/2048,graph,97,21.7901,15.0503,21.8370,21.7901,
25,8,262144,8192,layered,2048/2048/2048,graph,98,21.6436,15.0503,21.6893,21.6436,
25,8,262144,8192,layered,2048/2048/2048,graph,99,21.6913,15.0503,21.7437,21.6913,
25,8,262144,8192,layered,2048/2048/2048,graph,100,21.7271,15.0503,21.7776,21.7271,
25,8,262144,8192,layered,2048/2048/2048,graph,101,21.8141,15.0503,21.8606,21.8141,
25,8,262144,8192,layered,2048/2048/2048,graph,102,21.6401,15.0503,21.6875,21.6401,
25,8,262144,8192,layered,2048/2048/2048,graph,103,21.7569,15.0503,21.8044,21.7569,
25,8,262144,8192,layered,2048/2048/2048,graph,104,21.7693,15.0503,21.8153,21.7693,
25,8,262144,8192,layered,2048/2048/2048,graph,105,21.8655,15.0503,21.9112,21.8655,
25,8,262144,8192,layered,2048/2048/2048,graph,106,21.7396,15.0503,21.7845,21.7396,
25,8,262144,8192,layered,2048/2048/2048,graph,107,21.8987,15.0503,21.9409,21.8987,
25,8,262144,8192,layered,2048/2048/2048,graph,108,21.9263,15.0503,21.9723,21.9263,
25,8,262144,8192,layered,2048/2048/2048,graph,109,22.0190,15.0503,22.0650,22.0190,
25,8,262144,8192,layered,2048/2048/2048,graph,110,21.9052,15.0503,21.9510,21.9052,
25,8,262144,8192,layered,2048/2048/2048,graph,111,21.9379,15.0503,21.9847,21.9379,
25,8,262144,8192,layered,2048/2048/2048,graph,112,21.9790,15.0503,22.0246,21.9790,
25,8,262144,8192,layered,2048/2048/2048,graph,113,22.0295,15.0503,22.0753,22.0295,
25,8,262144,8192,layered,2048/2048/2048,graph,114,21.9472,15.0503,21.9930,21.9472,
25,8,262144,8192,layered,2048/2048/2048,graph,115,21.8660,15.0503,21.9114,21.8660,
25,8,262144,8192,layered,2048/2048/2048,graph,116,21.9078,15.0503,21.9569,21.9078,
25,8,262144,8192,layered,2048/2048/2048,graph,117,21.8744,15.0503,21.9202,21.8744,
25,8,262144,8192,layered,2048/2048/2048,graph,118,21.7557,15.0503,21.8024,21.7557,
25,8,262144,8192,layered,2048/2048/2048,graph,119,21.7162,15.0503,21.7619,21.7162,
25,8,262144,8192,layered,2048/2048/2048,graph,120,21.7587,15.0503,21.8042,21.7587,
25,8,262144,8192,layered,2048/2048/2048,graph,121,21.7984,15.0503,21.8454,21.7984,
25,8,262144,8192,layered,2048/2048/2048,graph,122,21.6493,15.0503,21.6940,21.6493,
25,8,262144,8192,layered,2048/2048/2048,graph,123,21.7104,15.0503,21.7561,21.7104,
25,8,262144,8192,layered,2048/2048/2048,graph,124,21.7176,15.0503,21.7649,21.7176,
25,8,262144,8192,layered,2048/2048/2048,graph,125,21.8831,15.0503,21.9298,21.8831,
25,8,262144,8192,layered,2048/2048/2048,graph,126,21.7208,15.0503,21.7675,21.7208,
25,8,262144,8192,layered,2048/2048/2048,graph,127,21.8473,15.0503,21.8929,21.8473,
25,8,262144,8192,layered,2048/2048/2048,graph,128,21.9062,15.0503,21.9516,21.9062,
25,8,262144,8192,layered,2048/2048/2048,graph,129,21.9694,15.0503,22.0148,21.9694,
25,8,262144,8192,layered,2048/2048/2048,graph,130,21.8255,15.0503,21.8705,21.8255,
25,8,262144,8192,layered,2048/2048/2048,graph,131,21.9187,15.0503,21.9641,21.9187,
25,8,262144,8192,layered,2048/2048/2048,graph,132,21.9604,15.0503,22.0079,21.9604,
25,8,262144,8192,layered,2048/2048/2048,graph,133,22.1024,15.0503,22.1530,22.1024,
25,8,262144,8192,layered,2048/2048/2048,graph,134,21.9740,15.0503,22.0230,21.9740,
25,8,262144,8192,layered,2048/2048/2048,graph,135,22.0249,15.0503,22.0734,22.0249,
25,8,262144,8192,layered,2048/2048/2048,graph,136,22.0567,15.0503,22.1033,22.0567,
25,8,262144,8192,layered,2048/2048/2048,graph,137,22.1182,15.0503,22.1635,22.1182,
25,8,262144,8192,layered,2048/2048/2048,graph,138,21.9862,15.0503,22.0322,21.9862,
25,8,262144,8192,layered,2048/2048/2048,graph,139,22.0327,15.0503,22.0790,22.0327,
25,8,262144,8192,layered,2048/2048/2048,graph,140,22.0772,15.0503,22.1221,22.0772,
25,8,262144,8192,layered,2048/2048/2048,graph,141,22.0497,15.0503,22.0949,22.0497,
25,8,262144,8192,layered,2048/2048/2048,graph,142,21.8986,15.0503,21.9446,21.8986,
25,8,262144,8192,layered,2048/2048/2048,graph,143,21.9052,15.0503,21.9512,21.9052,
25,8,262144,8192,layered,2048/2048/2048,graph,144,21.9442,15.0503,21.9902,21.9442,
25,8,262144,8192,layered,2048/2048/2048,graph,145,21.9333,15.0503,21.9782,21.9333,
25,8,262144,8192,layered,2048/2048/2048,graph,146,21.8097,15.0503,21.8547,21.8097,
25,8,262144,8192,layered,2048/2048/2048,graph,147,21.7845,15.0503,21.8306,21.7845,
25,8,262144,8192,layered,2048/2048/2048,graph,148,21.7932,15.0503,21.8391,21.7932,
25,8,262144,8192,layered,2048/2048/2048,graph,149,21.8712,15.0503,21.9172,21.8712,
25,8,262144,8192,layered,2048/2048/2048,graph,150,21.7733,15.0503,21.8189,21.7733,
25,8,262144,8192,layered,2048/2048/2048,graph,151,21.7744,15.0503,21.8203,21.7744,
25,8,262144,8192,layered,2048/2048/2048,graph,152,21.8345,15.0503,21.8809,21.8345,
25,8,262144,8192,layered,2048/2048/2048,graph,153,21.9601,15.0503,22.0061,21.9601,
25,8,262144,8192,layered,2048/2048/2048,graph,154,21.8062,15.0503,21.8516,21.8062,
25,8,262144,8192,layered,2048/2048/2048,graph,155,21.8867,15.0503,21.9331,21.8867,
25,8,262144,8192,layered,2048/2048/2048,graph,156,21.9196,15.0503,21.9657,21.9196,
25,8,262144,8192,layered,2048/2048/2048,graph,157,21.9616,15.0503,22.0088,21.9616,
25,8,262144,8192,layered,2048/2048/2048,graph,158,21.8054,15.0503,21.8511,21.8054,
25,8,262144,8192,layered,2048/2048/2048,graph,159,21.8843,15.0503,21.9295,21.8843,
25,8,262144,8192,layered,2048/2048/2048,graph,160,21.9401,15.0503,21.9867,21.9401,
25,8,262144,8192,layered,2048/2048/2048,graph,161,21.8669,15.0503,21.9132,21.8669,
25,8,262144,8192,layered,2048/2048/2048,graph,162,21.7461,15.0503,21.7915,21.7461,
25,8,262144,8192,layered,2048/2048/2048,graph,163,21.7490,15.0503,21.7940,21.7490,
25,8,262144,8192,layered,2048/2048/2048,graph,164,21.7652,15.0503,21.8106,21.7652,
25,8,262144,8192,layered,2048/2048/2048,graph,165,21.7817,15.0503,21.8281,21.7817,
25,8,262144,8192,layered,2048/2048/2048,graph,166,21.6502,15.0503,21.6958,21.6502,
25,8,262144,8192,layered,2048/2048/2048,graph,167,21.7332,15.0503,21.7786,21.7332,
25,8,262144,8192,layered,2048/2048/2048,graph,168,21.5122,14.7758,21.5580,21.5122,
25,8,262144,8192,layered,2048/2048/2048,graph,169,21.1675,14.7758,21.2136,21.1675,
25,8,262144,8192,layered,2048/2048/2048,graph,170,20.7888,14.5012,20.8338,20.7888,
25,8,262144,8192,layered,2048/2048/2048,graph,171,20.4143,14.5012,20.4654,20.4143,
25,8,262144,8192,layered,2048/2048/2048,graph,172,20.1964,14.2266,20.2461,20.1964,
25,8,262144,8192,layered,2048/2048/2048,graph,173,19.8780,14.2266,19.9273,19.8780,
25,8,262144,8192,layered,2048/2048/2048,graph,174,19.7155,14.2266,19.7637,19.7155,
25,8,262144,8192,layered,2048/2048/2048,graph,175,19.7445,14.2266,19.7921,19.7445,
25,8,262144,8192,layered,2048/2048/2048,graph,176,20.0756,14.5012,20.1320,20.0756,
25,8,262144,8192,layered,2048/2048/2048,graph,177,20.5449,14.5012,20.5927,20.5449,
25,8,262144,8192,layered,2048/2048/2048,graph,178,20.6682,14.7758,20.7146,20.6682,
25,8,262144,8192,layered,2048/2048/2048,graph,179,21.2098,14.7758,21.2562,21.2098,
25,8,262144,8192,layered,2048/2048/2048,graph,180,21.4862,15.0503,21.5327,21.4862,
25,8,262144,8192,layered,2048/2048/2048,graph,181,22.0236,15.0503,22.0689,22.0236,
25,8,262144,8192,layered,2048/2048/2048,graph,182,21.9145,15.0503,21.9597,21.9145,
25,8,262144,8192,layered,2048/2048/2048,graph,183,22.0324,15.0503,22.0781,22.0324,
25,8,262144,8192,layered,2048/2048/2048,graph,184,22.0422,15.0503,22.0923,22.0422,
25,8,262144,8192,layered,2048/2048/2048,graph,185,22.0984,15.0503,22.1470,22.0984,
25,8,262144,8192,layered,2048/2048/2048,graph,186,21.9804,15.0503,22.0291,21.9804,
25,8,262144,8192,layered,2048/2048/2048,graph,187,21.9374,15.0503,21.9829,21.9374,
25,8,262144,8192,layered,2048/2048/2048,graph,188,21.9761,15.0503,22.0220,21.9761,
25,8,262144,8192,layered,2048/2048/2048,graph,189,21.9467,15.0503,21.9993,21.9467,
25,8,262144,8192,layered,2048/2048/2048,graph,190,21.8093,15.0503,21.8556,21.8093,
25,8,262144,8192,layered,2048/2048/2048,graph,191,21.7763,15.0503,21.8228,21.7763,
25,8,262144,8192,layered,2048/2048/2048,graph,192,21.8335,15.0503,21.8796,21.8335,
25,8,262144,8192,layered,2048/2048/2048,graph,193,21.7857,15.0503,21.8314,21.7857,
25,8,262144,8192,layered,2048/2048/2048,graph,194,21.6509,15.0503,21.6966,21.6509,
25,8,262144,8192,layered,2048/2048/2048,graph,195,21.6683,15.0503,21.7193,21.6683,
25,8,262144,8192,layered,2048/2048/2048,graph,196,21.7165,15.0503,21.7644,21.7165,
25,8,262144,8192,layered,2048/2048/2048,graph,197,21.8237,15.0503,21.8741,21.8237,
25,8,262144,8192,layered,2048/2048/2048,graph,198,21.6737,15.0503,21.7210,21.6737,
25,8,262144,8192,layered,2048/2048/2048,graph,199,21.7282,15.0503,21.7756,21.7282,
25,8,262144,8192,layered,256/256/256,graph,0,23.5925,19.6347,23.6406,23.5925,
25,8,262144,8192,layered,256/256/256,graph,1,23.0629,19.3283,23.1098,23.0629,
25,8,262144,8192,layered,256/256/256,graph,2,23.6651,19.6347,23.7157,23.6651,
25,8,262144,8192,layered,256/256/256,graph,3,23.5969,19.0856,23.6435,23.5969,
25,8,262144,8192,layered,256/256/256,graph,4,23.6677,19.1174,23.7142,23.6677,
25,8,262144,8192,layered,256/256/256,graph,5,22.6372,18.7791,22.6865,22.6372,
25,8,262144,8192,layered,256/256/256,graph,6,23.6005,19.6347,23.6463,23.6005,
25,8,262144,8192,layered,256/256/256,graph,7,23.5005,19.0856,23.5507,23.5005,
25,8,262144,8192,layered,256/256/256,graph,8,23.5086,19.3601,23.5553,23.5086,
25,8,262144,8192,layered,256/256/256,graph,9,22.8740,19.3283,22.9199,22.8740,
25,8,262144,8192,layered,256/256/256,graph,10,23.5586,19.6347,23.6035,23.5586,
25,8,262144,8192,layered,256/256/256,graph,11,23.7615,18.0190,23.8058,23.7615,
25,8,262144,8192,layered,256/256/256,graph,12,23.1364,19.6347,23.1816,23.1364,
25,8,262144,8192,layered,256/256/256,graph,13,22.3926,19.5711,22.4373,22.3926,
25,8,262144,8192,layered,256/256/256,graph,14,23.6115,19.3601,23.6568,23.6115,
25,8,262144,8192,layered,256/256/256,graph,15,23.7417,19.0856,23.7864,23.7417,
25,8,262144,8192,layered,256/256/256,graph,16,23.5478,19.1174,23.5927,23.5478,
25,8,262144,8192,layered,256/256/256,graph,17,22.2275,19.0219,22.2709,22.2275,
25,8,262144,8192,layered,256/256/256,graph,18,23.4594,19.9093,23.5045,23.4594,
25,8,262144,8192,layered,256/256/256,graph,19,23.5165,18.2936,23.5630,23.5165,
25,8,262144,8192,layered,256/256/256,graph,20,23.4386,19.3601,23.4906,23.4386,
25,8,262144,8192,layered,256/256/256,graph,21,22.5062,19.2965,22.5511,22.5062,
25,8,262144,8192,layered,256/256/256,graph,22,23.4705,19.1174,23.5162,23.4705,
25,8,262144,8192,layered,256/256/256,graph,23,23.5515,18.8110,23.5978,23.5515,
25,8,262144,8192,layered,256/256/256,graph,24,23.4899,19.1174,23.5346,23.4899,
25,8,262144,8192,layered,256/256/256,graph,25,22.2316,19.0219,22.2773,22.2316,
25,8,262144,8192,layered,256/256/256,graph,26,22.8761,19.6347,22.9205,22.8761,
25,8,262144,8192,layered,256/256/256,graph,27,23.7626,18.0190,23.8072,23.7626,
25,8,262144,8192,layered,256/256/256,graph,28,22.5229,19.6029,22.5734,22.5229,
25,8,262144,8192,layered,256/256/256,graph,29,22.2025,19.0219,22.2552,22.2025,
25,8,262144,8192,layered,256/256/256,graph,30,23.2150,19.6347,23.2669,23.2150,
25,8,262144,8192,layered,256/256/256,graph,31,23.4630,18.2618,23.5105,23.4630,
25,8,262144,8192,layered,256/256/256,graph,32,23.6223,19.1174,23.6687,23.6223,
25,8,262144,8192,layered,256/256/256,graph,33,22.0376,19.0219,22.0855,22.0376,
25,8,262144,8192,layered,256/256/256,graph,34,23.5864,19.3920,23.6465,23.5864,
25,8,262144,8192,layered,256/256/256,graph,35,23.7155,17.9872,23.7640,23.7155,
25,8,262144,8192,layered,256/256/256,graph,36,22.4060,20.1521,22.4531,22.4060,
25,8,262144,8192,layered,256/256/256,graph,37,22.1535,18.7473,22.1986,22.1535,
25,8,262144,8192,layered,256/256/256,graph,38,23.0020,20.1839,23.0513,23.0020,
25,8,262144,8192,layered,256/256/256,graph,39,23.6190,18.2618,23.6705,23.6190,
25,8,262144,8192,layered,256/256/256,graph,40,23.4863,19.3920,23.5450,23.4863,
25,8,262144,8192,layered,256/256/256,graph,41,22.2676,18.7473,22.3150,22.2676,
25,8,262144,8192,layered,256/256/256,graph,42,23.6306,19.6666,23.6738,23.6306,
25,8,262144,8192,layered,256/256/256,graph,43,23.3333,18.2618,23.3814,23.3333,
25,8,262144,8192,layered,256/256/256,graph,44,23.0889,20.1839,23.1340,23.0889,
25,8,262144,8192,layered,256/256/256,graph,45,22.3442,18.7473,22.3892,22.3442,
25,8,262144,8192,layered,256/256/256,graph,46,23.1773,20.4585,23.2219,23.1773,
25,8,262144,8192,layered,256/256/256,graph,47,23.0068,18.5046,23.0517,23.0068,
25,8,262144,8192,layered,256/256/256,graph,48,23.8759,19.9412,23.9214,23.8759,
25,8,262144,8192,layered,256/256/256,graph,49,23.3052,18.5046,23.3492,23.3052,
25,8,262144,8192,layered,256/256/256,graph,50,23.4877,19.6666,23.5319,23.4877,
25,8,262144,8192,layered,256/256/256,graph,51,23.8074,17.7126,23.8512,23.8074,
25,8,262144,8192,layered,256/256/256,graph,52,23.4764,20.2157,23.5197,23.4764,
25,8,262144,8192,layered,256/256/256,graph,53,22.1103,18.9901,22.1578,22.1103,
25,8,262144,8192,layered,256/256/256,graph,54,23.3629,20.2157,23.4065,23.3629,
25,8,262144,8192,layered,256/256/256,graph,55,23.3676,18.2300,23.4125,23.3676,
25,8,262144,8192,layered,256/256/256,graph,56,23.6512,20.2157,23.6966,23.6512,
25,8,262144,8192,layered,256/256/256,graph,57,22.8999,18.7473,22.9505,22.8999,
25,8,262144,8192,layered,256/256/256,graph,58,23.5814,20.4903,23.6268,23.5814,
25,8,262144,8192,layered,256/256/256,graph,59,23.4516,17.9872,23.4953,23.4516,
25,8,262144,8192,layered,256/256/256,graph,60,23.7732,19.9412,23.8185,23.7732,
25,8,262144,8192,layered,256/256/256,graph,61,22.3988,18.7473,22.4427,22.3988,
25,8,262144,8192,layered,256/256/256,graph,62,23.6975,20.2157,23.7421,23.6975,
25,8,262144,8192,layered,256/256/256,graph,63,23.6608,18.5046,23.7047,23.6608,
25,8,262144,8192,layered,256/256/256,graph,64,23.5879,19.9412,23.6327,23.5879,
25,8,262144,8192,layered,256/256/256,graph,65,23.6490,19.0537,23.6908,23.6490,
25,8,262144,8192,layered,256/256/256,graph,66,23.3972,20.4585,23.4410,23.3972,
25,8,262144,8192,layered,256/256/256,graph,67,23.9334,18.5364,23.9788,23.9334,
25,8,262144,8192,layered,256/256/256,graph,68,23.2528,19.6666,23.3036,23.2528,
25,8,262144,8192,layered,256/256/256,graph,69,23.3828,18.7791,23.4269,23.3828,
25,8,262144,8192,layered,256/256/256,graph,70,23.6688,19.6666,23.7195,23.6688,
25,8,262144,8192,layered,256/256/256,graph,71,23.6522,18.5364,23.6994,23.6522,
25,8,262144,8192,layered,256/256/256,graph,72,23.4821,20.4585,23.5275,23.4821,
25,8,262144,8192,layered,256/256/256,graph,73,23.4856,19.6029,23.5318,23.4856,
25,8,262144,8192,layered,256/256/256,graph,74,23.5867,19.3920,23.6321,23.5867,
25,8,262144,8192,layered,256/256/256,graph,75,23.3770,18.7791,23.4241,23.3770,
25,8,262144,8192,layered,256/256/256,graph,76,23.6116,20.4585,23.6655,23.6116,
25,8,262144,8192,layered,256/256/256,graph,77,23.5356,19.0856,23.5880,23.5356,
25,8,262144,8192,layered,256/256/256,graph,78,23.1275,19.3920,23.2536,23.1275,
25,8,262144,8192,layered,256/256/256,graph,79,23.3943,18.2618,23.4454,23.3943,
25,8,262144,8192,layered,256/256/256,graph,80,23.5617,20.1839,23.6133,23.5617,
25,8,262144,8192,layered,256/256/256,graph,81,23.5572,19.6029,23.6044,23.5572,
25,8,262144,8192,layered,256/256/256,graph,82,23.4202,19.1174,23.4661,23.4202,
25,8,262144,8192,layered,256/256/256,graph,83,23.5941,18.8110,23.6399,23.5941,
25,8,262144,8192,layered,256/256/256,graph,84,23.5806,19.9093,23.6265,23.5806,
25,8,262144,8192,layered,256/256/256,graph,85,23.5356,19.0856,23.5827,23.5356,
25,8,262144,8192,layered,256/256/256,graph,86,23.7638,19.3601,23.8076,23.7638,
25,8,262144,8192,layered,256/256/256,graph,87,23.2687,19.0856,23.3157,23.2687,
25,8,262144,8192,layered,256/256/256,graph,88,23.7419,19.6347,23.7854,23.7419,
25,8,262144,8192,layered,256/256/256,graph,89,22.7666,19.3283,22.8110,22.7666,
25,8,262144,8192,layered,256/256/256,graph,90,23.7735,19.1174,23.8179,23.7735,
25,8,262144,8192,layered,256/256/256,graph,91,23.5746,18.8110,23.6202,23.5746,
25,8,262144,8192,layered,256/256/256,graph,92,23.4897,19.6347,23.5326,23.4897,
25,8,262144,8192,layered,256/256/256,graph,93,23.5381,19.3601,23.5943,23.5381,
25,8,262144,8192,layered,256/256/256,graph,94,23.6015,18.8428,23.6551,23.6015,
25,8,262144,8192,layered,256/256/256,graph,95,23.7230,19.0856,23.7730,23.7230,
25,8,262144,8192,layered,256/256/256,graph,96,23.2032,19.6347,23.2569,23.2032,
25,8,262144,8192,layered,256/256/256,graph,97,23.2637,19.3283,23.3139,23.2637,
25,8,262144,8192,layered,256/256/256,graph,98,23.5548,19.6347,23.6040,23.5548,
25,8,262144,8192,layered,256/256/256,graph,99,23.5418,18.8110,23.5877,23.5418,
25,8,262144,8192,layered,256/256/256,graph,100,23.5812,19.3601,23.6265,23.5812,
25,8,262144,8192,layered,256/256/256,graph,101,23.3957,18.8110,23.4463,23.3957,
25,8,262144,8192,layered,256/256/256,graph,102,23.4081,19.3601,23.4520,23.4081,
25,8,262144,8192,layered,256/256/256,graph,103,23.0836,19.3601,23.1291,23.0836,
25,8,262144,8192,layered,256/256/256,graph,104,23.4055,19.0856,23.4631,23.4055,
25,8,262144,8192,layered,256/256/256,graph,105,22.5976,19.3283,22.6428,22.5976,
25,8,262144,8192,layered,256/256/256,graph,106,23.2526,19.3601,23.2970,23.2526,
25,8,262144,8192,layered,256/256/256,graph,107,23.4803,19.0856,23.5227,23.4803,
25,8,262144,8192,layered,256/256/256,graph,108,23.2757,19.3601,23.3206,23.2757,
25,8,262144,8192,layered,256/256/256,graph,109,23.8104,19.3601,23.8542,23.8104,
25,8,262144,8192,layered,256/256/256,graph,110,23.3523,19.3601,23.3973,23.3523,
25,8,262144,8192,layered,256/256/256,graph,111,22.9494,19.6029,22.9964,22.9494,
25,8,262144,8192,layered,256/256/256,graph,112,23.4278,19.3601,23.4727,23.4278,
25,8,262144,8192,layered,256/256/256,graph,113,23.5740,19.0856,23.6183,23.5740,
25,8,262144,8192,layered,256/256/256,graph,114,23.4974,19.3601,23.5426,23.4974,
25,8,262144,8192,layered,256/256/256,graph,115,23.5155,18.5682,23.5600,23.5155,
25,8,262144,8192,layered,256/256/256,graph,116,23.0723,19.3283,23.1169,23.0723,
25,8,262144,8192,layered,256/256/256,graph,117,23.1840,19.3601,23.2345,23.1840,
25,8,262144,8192,layered,256/256/256,graph,118,23.4180,19.3601,23.4620,23.4180,
25,8,262144,8192,layered,256/256/256,graph,119,22.4173,20.1203,22.4615,22.4173,
25,8,262144,8192,layered,256/256/256,graph,120,23.5787,19.6347,23.6245,23.5787,
25,8,262144,8192,layered,256/256/256,graph,121,23.5695,19.0856,23.6141,23.5695,
25,8,262144,8192,layered,256/256/256,graph,122,23.3846,19.3601,23.4300,23.3846,
25,8,262144,8192,layered,256/256/256,graph,123,23.5984,18.8110,23.6426,23.5984,
25,8,262144,8192,layered,256/256/256,graph,124,23.1017,19.3601,23.1469,23.1017,
25,8,262144,8192,layered,256/256/256,graph,125,23.5640,19.0856,23.6085,23.5640,
25,8,262144,8192,layered,256/256/256,graph,126,23.6491,18.8428,23.7034,23.6491,
25,8,262144,8192,layered,256/256/256,graph,127,22.3167,19.2965,22.3645,22.3167,
25,8,262144,8192,layered,256/256/256,graph,128,23.1174,19.6347,23.1667,23.1174,
25,8,262144,8192,layered,256/256/256,graph,129,23.5578,19.3601,23.6047,23.5578,
25,8,262144,8192,layered,256/256/256,graph,130,23.7192,19.6347,23.7658,23.7192,
25,8,262144,8192,layered,256/256/256,graph,131,23.4903,19.0856,23.5396,23.4903,
25,8,262144,8192,layered,256/256/256,graph,132,23.4760,19.6347,23.5222,23.4760,
25,8,262144,8192,layered,256/256/256,graph,133,23.5800,19.0856,23.6250,23.5800,
25,8,262144,8192,layered,256/256/256,graph,134,23.6930,19.1174,23.7389,23.6930,
25,8,262144,8192,layered,256/256/256,graph,135,23.2978,19.3283,23.3430,23.2978,
25,8,262144,8192,layered,256/256/256,graph,136,23.4855,18.8428,23.5331,23.4855,
25,8,262144,8192,layered,256/256/256,graph,137,23.0202,19.6029,23.0665,23.0202,
25,8,262144,8192,layered,256/256/256,graph,138,23.0435,20.1521,23.0916,23.0435,
25,8,262144,8192,layered,256/256/256,graph,139,23.7190,19.3601,23.7662,23.7190,
25,8,262144,8192,layered,256/256/256,graph,140,23.5281,19.6347,23.5785,23.5281,
25,8,262144,8192,layered,256/256/256,graph,141,23.7383,18.8110,23.7834,23.7383,
25,8,262144,8192,layered,256/256/256,graph,142,23.5207,19.3920,23.5720,23.5207,
25,8,262144,8192,layered,256/256/256,graph,143,23.3708,18.5364,23.4207,23.3708,
25,8,262144,8192,layered,256/256/256,graph,144,23.5605,19.1174,23.6093,23.5605,
25,8,262144,8192,layered,256/256/256,graph,145,22.0754,18.7473,22.1249,22.0754,
25,8,262144,8192,layered,256/256/256,graph,146,23.6327,20.1839,23.6788,23.6327,
25,8,262144,8192,layered,256/256/256,graph,147,23.6196,18.5364,23.6646,23.6196,
25,8,262144,8192,layered,256/256/256,graph,148,22.8552,20.4267,22.9085,22.8552,
25,8,262144,8192,layered,256/256/256,graph,149,23.7244,18.5364,23.7731,23.7244,
25,8,262144,8192,layered,256/256/256,graph,150,23.4797,19.9412,23.5298,23.4797,
25,8,262144,8192,layered,256/256/256,graph,151,22.7821,18.7473,22.8377,22.7821,
25,8,262144,8192,layered,256/256/256,graph,152,23.3787,18.6000,23.4305,23.3787,
25,8,262144,8192,layered,256/256/256,graph,153,23.0620,19.6029,23.1101,23.0620,
25,8,262144,8192,layered,256/256/256,graph,154,22.6707,20.1521,22.7186,22.6707,
25,8,262144,8192,layered,256/256/256,graph,155,23.6367,19.3601,23.6912,23.6367,
25,8,262144,8192,layered,256/256/256,graph,156,23.4382,19.6347,23.4892,23.4382,
25,8,262144,8192,layered,256/256/256,graph,157,23.4232,19.0856,23.4706,23.4232,
25,8,262144,8192,layered,256/256/256,graph,158,23.5244,19.6347,23.5704,23.5244,
25,8,262144,8192,layered,256/256/256,graph,159,23.1324,19.0856,23.1797,23.1324,
25,8,262144,8192,layered,256/256/256,graph,160,23.7024,18.3254,23.7494,23.7024,
25,8,262144,8192,layered,256/256/256,graph,161,23.0981,18.2300,23.1424,23.0981,
25,8,262144,8192,layered,256/256/256,graph,162,22.6237,20.7013,22.6733,22.6237,
25,8,262144,8192,layered,256/256/256,graph,163,23.2043,18.7791,23.2539,23.2043,
25,8,262144,8192,layered,256/256/256,graph,164,22.6572,20.7013,22.7038,22.6572,
25,8,262144,8192,layered,256/256/256,graph,165,23.6217,17.9872,23.6684,23.6217,
25,8,262144,8192,layered,256/256/256,graph,166,23.3222,19.6666,23.3691,23.3222,
25,8,262144,8192,layered,256/256/256,graph,167,22.0201,19.2647,22.0654,22.0201,
25,8,262144,8192,layered,256/256/256,graph,168,23.4597,18.6000,23.5068,23.4597,
25,8,262144,8192,layered,256/256/256,graph,169,23.5334,18.5364,23.5794,23.5334,
25,8,262144,8192,layered,256/256/256,graph,170,23.6001,19.6347,23.6446,23.6001,
25,8,262144,8192,layered,256/256/256,graph,171,23.6134,18.8110,23.6590,23.6134,
25,8,262144,8192,layered,256/256/256,graph,172,23.0031,20.4267,23.0451,23.0031,
25,8,262144,8192,layered,256/256/256,graph,173,23.1990,19.3283,23.2486,23.1990,
25,8,262144,8192,layered,256/256/256,graph,174,23.7047,19.9412,23.7508,23.7047,
25,8,262144,8192,layered,256/256/256,graph,175,23.3057,18.5046,23.3521,23.3057,
25,8,262144,8192,layered,256/256/256,graph,176,23.4892,19.3920,23.5340,23.4892,
25,8,262144,8192,layered,256/256/256,graph,177,23.6327,18.8110,23.6780,23.6327,
25,8,262144,8192,layered,256/256/256,graph,178,23.5977,19.9412,23.6437,23.5977,
25,8,262144,8192,layered,256/256/256,graph,179,23.4643,18.5046,23.5090,23.4643,
25,8,262144,8192,layered,256/256/256,graph,180,23.2367,20.4585,23.2857,23.2367,
25,8,262144,8192,layered,256/256/256,graph,181,23.5514,18.7791,23.5951,23.5514,
25,8,262144,8192,layered,256/256/256,graph,182,23.6692,19.9412,23.7143,23.6692,
25,8,262144,8192,layered,256/256/256,graph,183,23.6323,18.2618,23.6761,23.6323,
25,8,262144,8192,layered,256/256/256,graph,184,23.4971,19.3920,23.5429,23.4971,
25,8,262144,8192,layered,256/256/256,graph,185,22.9630,18.2300,23.0087,22.9630,
25,8,262144,8192,layered,256/256/256,graph,186,23.7301,19.6666,23.7815,23.7301,
25,8,262144,8192,layered,256/256/256,graph,187,22.4183,19.0219,22.4653,22.4183,
25,8,262144,8192,layered,256/256/256,graph,188,23.7879,20.4585,23.8345,23.7879,
25,8,262144,8192,layered,256/256/256,graph,189,23.4344,18.7791,23.4798,23.4344,
25,8,262144,8192,layered,256/256/256,graph,190,23.5754,19.3920,23.6213,23.5754,
25,8,262144,8192,layered,256/256/256,graph,191,23.6112,18.8110,23.6568,23.6112,
25,8,262144,8192,layered,256/256/256,graph,192,23.5518,20.1839,23.6002,23.5518,
25,8,262144,8192,layered,256/256/256,graph,193,23.5108,18.2618,23.5613,23.5108,
25,8,262144,8192,layered,256/256/256,graph,194,23.4621,19.6666,23.5057,23.4621,
25,8,262144,8192,layered,256/256/256,graph,195,22.3539,18.7473,22.4020,22.3539,
25,8,262144,8192,layered,256/256/256,graph,196,23.1216,20.1839,23.1686,23.1216,
25,8,262144,8192,layered,256/256/256,graph,197,23.1561,18.5046,23.2001,23.1561,
25,8,262144,8192,layered,256/256/256,graph,198,23.7495,19.9412,23.7942,23.7495,
25,8,262144,8192,layered,256/256/256,graph,199,23.3565,18.2618,23.4015,23.3565,
25,8,262144,8192,layered,1536/1536/1536,graph,0,21.1088,15.0503,21.1561,21.1088,
25,8,262144,8192,layered,1536/1536/1536,graph,1,20.9315,15.0503,20.9775,20.9315,
25,8,262144,8192,layered,1536/1536/1536,graph,2,21.2295,15.0503,21.2728,21.2295,
25,8,262144,8192,layered,1536/1536/1536,graph,3,20.9967,15.0503,21.0396,20.9967,
25,8,262144,8192,layered,1536/1536/1536,graph,4,21.0416,15.0503,21.0866,21.0416,
25,8,262144,8192,layered,1536/1536/1536,graph,5,20.8916,15.0503,20.9405,20.8916,
25,8,262144,8192,layered,1536/1536/1536,graph,6,21.1208,15.0503,21.1734,21.1208,
25,8,262144,8192,layered,1536/1536/1536,graph,7,20.8655,15.0503,20.9119,20.8655,
25,8,262144,8192,layered,1536/1536/1536,graph,8,21.1267,15.0503,21.1801,21.1267,
25,8,262144,8192,layered,1536/1536/1536,graph,9,20.9858,15.0503,21.0339,20.9858,
25,8,262144,8192,layered,1536/1536/1536,graph,10,21.2120,15.0503,21.2582,21.2120,
25,8,262144,8192,layered,1536/1536/1536,graph,11,21.0801,15.0503,21.1262,21.0801,
25,8,262144,8192,layered,1536/1536/1536,graph,12,21.1538,15.0503,21.2061,21.1538,
25,8,262144,8192,layered,1536/1536/1536,graph,13,21.0727,15.0503,21.1167,21.0727,
25,8,262144,8192,layered,1536/1536/1536,graph,14,21.2615,15.0503,21.3065,21.2615,
25,8,262144,8192,layered,1536/1536/1536,graph,15,21.0283,15.0503,21.0728,21.0283,
25,8,262144,8192,layered,1536/1536/1536,graph,16,21.2848,15.0503,21.3294,21.2848,
25,8,262144,8192,layered,1536/1536/1536,graph,17,21.1759,15.0503,21.2194,21.1759,
25,8,262144,8192,layered,1536/1536/1536,graph,18,21.4129,15.0503,21.4606,21.4129,
25,8,262144,8192,layered,1536/1536/1536,graph,19,21.1460,15.0503,21.2081,21.1460,
25,8,262144,8192,layered,1536/1536/1536,graph,20,21.2218,15.0503,21.2805,21.2218,
25,8,262144,8192,layered,1536/1536/1536,graph,21,21.0097,15.0503,21.0635,21.0097,
25,8,262144,8192,layered,1536/1536/1536,graph,22,21.1193,15.0503,21.1704,21.1193,
25,8,262144,8192,layered,1536/1536/1536,graph,23,20.9146,15.0503,20.9615,20.9146,
25,8,262144,8192,layered,1536/1536/1536,graph,24,21.1315,15.0503,21.1767,21.1315,
25,8,262144,8192,layered,1536/1536/1536,graph,25,20.8645,15.0503,20.9095,20.8645,
25,8,262144,8192,layered,1536/1536/1536,graph,26,21.1522,15.0503,21.1973,21.1522,
25,8,262144,8192,layered,1536/1536/1536,graph,27,20.9512,15.0503,20.9954,20.9512,
25,8,262144,8192,layered,1536/1536/1536,graph,28,21.0601,15.0503,21.1052,21.0601,
25,8,262144,8192,layered,1536/1536/1536,graph,29,20.9278,15.0503,20.9764,20.9278,
25,8,262144,8192,layered,1536/1536/1536,graph,30,21.1351,15.0503,21.1838,21.1351,
25,8,262144,8192,layered,1536/1536/1536,graph,31,20.8687,15.0503,20.9162,20.8687,
25,8,262144,8192,layered,1536/1536/1536,graph,32,21.1964,15.0503,21.2424,21.1964,
25,8,262144,8192,layered,1536/1536/1536,graph,33,20.9841,15.0503,21.0298,20.9841,
25,8,262144,8192,layered,1536/1536/1536,graph,34,21.3265,15.0503,21.3703,21.3265,
25,8,262144,8192,layered,1536/1536/1536,graph,35,21.0845,15.0503,21.1291,21.0845,
25,8,262144,8192,layered,1536/1536/1536,graph,36,21.2183,15.0503,21.2627,21.2183,
25,8,262144,8192,layered,1536/1536/1536,graph,37,21.0893,15.0503,21.1354,21.0893,
25,8,262144,8192,layered,1536/1536/1536,graph,38,21.3230,15.0503,21.3722,21.3230,
25,8,262144,8192,layered,1536/1536/1536,graph,39,21.0306,15.0503,21.0759,21.0306,
25,8,262144,8192,layered,1536/1536/1536,graph,40,21.3909,15.0503,21.4365,21.3909,
25,8,262144,8192,layered,1536/1536/1536,graph,41,21.0870,15.0503,21.1315,21.0870,
25,8,262144,8192,layered,1536/1536/1536,graph,42,21.5049,15.0503,21.5472,21.5049,
25,8,262144,8192,layered,1536/1536/1536,graph,43,21.1772,15.0503,21.2212,21.1772,
25,8,262144,8192,layered,1536/1536/1536,graph,44,21.3808,15.0503,21.4256,21.3808,
25,8,262144,8192,layered,1536/1536/1536,graph,45,20.9611,15.0503,21.0051,20.9611,
25,8,262144,8192,layered,1536/1536/1536,graph,46,21.3091,15.0503,21.3549,21.3091,
25,8,262144,8192,layered,1536/1536/1536,graph,47,21.2540,15.0503,21.3049,21.2540,
25,8,262144,8192,layered,1536/1536/1536,graph,48,21.2432,15.0503,21.2910,21.2432,
25,8,262144,8192,layered,1536/1536/1536,graph,49,21.2100,15.0503,21.2562,21.2100,
25,8,262144,8192,layered,1536/1536/1536,graph,50,21.2877,15.0503,21.3376,21.2877,
25,8,262144,8192,layered,1536/1536/1536,graph,51,21.2519,15.0503,21.2966,21.2519,
25,8,262144,8192,layered,1536/1536/1536,graph,52,21.1425,15.0503,21.1874,21.1425,
25,8,262144,8192,layered,1536/1536/1536,graph,53,21.1727,15.0503,21.2178,21.1727,
25,8,262144,8192,layered,1536/1536/1536,graph,54,21.1344,15.0503,21.1796,21.1344,
25,8,262144,8192,layered,1536/1536/1536,graph,55,21.1943,15.0503,21.2386,21.1943,
25,8,262144,8192,layered,1536/1536/1536,graph,56,21.2216,15.0503,21.2666,21.2216,
25,8,262144,8192,layered,1536/1536/1536,graph,57,21.2369,15.0503,21.2833,21.2369,
25,8,262144,8192,layered,1536/1536/1536,graph,58,21.3098,15.0503,21.3589,21.3098,
25,8,262144,8192,layered,1536/1536/1536,graph,59,21.3791,15.0503,21.4318,21.3791,
25,8,262144,8192,layered,1536/1536/1536,graph,60,21.1892,15.0503,21.2410,21.1892,
25,8,262144,8192,layered,1536/1536/1536,graph,61,21.2367,15.0503,21.2819,21.2367,
25,8,262144,8192,layered,1536/1536/1536,graph,62,21.1890,15.0503,21.2354,21.1890,
25,8,262144,8192,layered,1536/1536/1536,graph,63,21.1845,15.0503,21.2351,21.1845,
25,8,262144,8192,layered,1536/1536/1536,graph,64,21.2381,15.0503,21.2854,21.2381,
25,8,262144,8192,layered,1536/1536/1536,graph,65,21.1875,15.0503,21.2573,21.1875,
25,8,262144,8192,layered,1536/1536/1536,graph,66,21.2163,15.0503,21.2616,21.2163,
25,8,262144,8192,layered,1536/1536/1536,graph,67,21.2426,15.0503,21.2868,21.2426,
25,8,262144,8192,layered,1536/1536/1536,graph,68,21.1373,15.0503,21.1824,21.1373,
25,8,262144,8192,layered,1536/1536/1536,graph,69,21.1606,15.0503,21.2063,21.1606,
25,8,262144,8192,layered,1536/1536/1536,graph,70,21.0521,15.0503,21.0964,21.0521,
25,8,262144,8192,layered,1536/1536/1536,graph,71,21.1306,15.0503,21.1744,21.1306,
25,8,262144,8192,layered,1536/1536/1536,graph,72,20.9345,14.7758,20.9791,20.9345,
25,8,262144,8192,layered,1536/1536/1536,graph,73,20.6902,14.7758,20.7355,20.6902,
25,8,262144,8192,layered,1536/1536/1536,graph,74,20.5049,14.5012,20.5492,20.5049,
25,8,262144,8192,layered,1536/1536/1536,graph,75,20.2289,14.5012,20.2737,20.2289,
25,8,262144,8192,layered,1536/1536/1536,graph,76,19.8347,14.2266,19.8787,19.8347,
25,8,262144,8192,layered,1536/1536/1536,graph,77,19.5838,14.2266,19.6282,19.5838,
25,8,262144,8192,layered,1536/1536/1536,graph,78,19.6224,14.2266,19.6666,19.6224,
25,8,262144,8192,layered,1536/1536/1536,graph,79,19.5930,14.2266,19.6377,19.5930,
25,8,262144,8192,layered,1536/1536/1536,graph,80,19.8637,14.5012,19.9071,19.8637,
25,8,262144,8192,layered,1536/1536/1536,graph,81,20.1100,14.5012,20.1544,20.1100,
25,8,262144,8192,layered,1536/1536/1536,graph,82,20.2899,14.7758,20.3336,20.2899,
25,8,262144,8192,layered,1536/1536/1536,graph,83,20.7449,14.7758,20.7886,20.7449,
25,8,262144,8192,layered,1536/1536/1536,graph,84,20.9792,15.0503,21.0236,20.9792,
25,8,262144,8192,layered,1536/1536/1536,graph,85,21.4657,15.0503,21.5096,21.4657,
25,8,262144,8192,layered,1536/1536/1536,graph,86,21.3918,15.0503,21.4351,21.3918,
25,8,262144,8192,layered,1536/1536/1536,graph,87,21.4997,15.0503,21.5445,21.4997,
25,8,262144,8192,layered,1536/1536/1536,graph,88,21.5448,15.0503,21.5891,21.5448,
25,8,262144,8192,layered,1536/1536/1536,graph,89,21.3602,15.0503,21.4051,21.3602,
25,8,262144,8192,layered,1536/1536/1536,graph,90,21.4410,15.0503,21.4851,21.4410,
25,8,262144,8192,layered,1536/1536/1536,graph,91,21.4061,15.0503,21.4501,21.4061,
25,8,262144,8192,layered,1536/1536/1536,graph,92,21.4461,15.0503,21.4910,21.4461,
25,8,262144,8192,layered,1536/1536/1536,graph,93,21.3789,15.0503,21.4232,21.3789,
25,8,262144,8192,layered,1536/1536/1536,graph,94,21.3023,15.0503,21.3472,21.3023,
25,8,262144,8192,layered,1536/1536/1536,graph,95,21.2316,15.0503,21.2765,21.2316,
25,8,262144,8192,layered,1536/1536/1536,graph,96,21.2938,15.0503,21.3377,21.2938,
25,8,262144,8192,layered,1536/1536/1536,graph,97,21.0556,15.0503,21.1008,21.0556,
25,8,262144,8192,layered,1536/1536/1536,graph,98,21.1345,15.0503,21.1784,21.1345,
25,8,262144,8192,layered,1536/1536/1536,graph,99,21.1381,15.0503,21.1832,21.1381,
25,8,262144,8192,layered,1536/1536/1536,graph,100,21.1693,15.0503,21.2145,21.1693,
25,8,262144,8192,layered,1536/1536/1536,graph,101,21.1874,15.0503,21.2314,21.1874,
25,8,262144,8192,layered,1536/1536/1536,graph,102,21.1358,15.0503,21.1803,21.1358,
25,8,262144,8192,layered,1536/1536/1536,graph,103,21.2399,15.0503,21.2847,21.2399,
25,8,262144,8192,layered,1536/1536/1536,graph,104,21.2045,15.0503,21.2481,21.2045,
25,8,262144,8192,layered,1536/1536/1536,graph,105,21.1114,15.0503,21.1613,21.1114,
25,8,262144,8192,layered,1536/1536/1536,graph,106,21.1857,15.0503,21.2297,21.1857,
25,8,262144,8192,layered,1536/1536/1536,graph,107,21.2381,15.0503,21.2792,21.2381,
25,8,262144,8192,layered,1536/1536/1536,graph,108,21.2647,15.0503,21.3092,21.2647,
25,8,262144,8192,layered,1536/1536/1536,graph,109,21.4069,15.0503,21.4509,21.4069,
25,8,262144,8192,layered,1536/1536/1536,graph,110,21.2911,15.0503,21.3348,21.2911,
25,8,262144,8192,layered,1536/1536/1536,graph,111,21.3434,15.0503,21.3877,21.3434,
25,8,262144,8192,layered,1536/1536/1536,graph,112,21.3889,15.0503,21.4336,21.3889,
25,8,262144,8192,layered,1536/1536/1536,graph,113,21.3136,15.0503,21.3577,21.3136,
25,8,262144,8192,layered,1536/1536/1536,graph,114,21.3212,15.0503,21.3651,21.3212,
25,8,262144,8192,layered,1536/1536/1536,graph,115,21.3235,15.0503,21.3692,21.3235,
25,8,262144,8192,layered,1536/1536/1536,graph,116,21.3204,15.0503,21.3653,21.3204,
25,8,262144,8192,layered,1536/1536/1536,graph,117,21.2790,15.0503,21.3240,21.2790,
25,8,262144,8192,layered,1536/1536/1536,graph,118,21.2593,15.0503,21.3030,21.2593,
25,8,262144,8192,layered,1536/1536/1536,graph,119,21.1987,15.0503,21.2445,21.1987,
25,8,262144,8192,layered,1536/1536/1536,graph,120,21.2350,15.0503,21.2792,21.2350,
25,8,262144,8192,layered,1536/1536/1536,graph,121,21.0763,15.0503,21.1211,21.0763,
25,8,262144,8192,layered,1536/1536/1536,graph,122,21.0961,15.0503,21.1402,21.0961,
25,8,262144,8192,layered,1536/1536/1536,graph,123,21.1075,15.0503,21.1539,21.1075,
25,8,262144,8192,layered,1536/1536/1536,graph,124,21.1857,15.0503,21.2314,21.1857,
25,8,262144,8192,layered,1536/1536/1536,graph,125,21.2844,15.0503,21.3293,21.2844,
25,8,262144,8192,layered,1536/1536/1536,graph,126,21.1908,15.0503,21.2423,21.1908,
25,8,262144,8192,layered,1536/1536/1536,graph,127,21.3003,15.0503,21.3451,21.3003,
25,8,262144,8192,layered,1536/1536/1536,graph,128,21.3070,15.0503,21.3511,21.3070,
25,8,262144,8192,layered,1536/1536/1536,graph,129,21.2012,15.0503,21.2454,21.2012,
25,8,262144,8192,layered,1536/1536/1536,graph,130,21.1550,15.0503,21.1983,21.1550,
25,8,262144,8192,layered,1536/1536/1536,graph,131,21.2636,15.0503,21.3079,21.2636,
25,8,262144,8192,layered,1536/1536/1536,graph,132,21.2799,15.0503,21.3238,21.2799,
25,8,262144,8192,layered,1536/1536/1536,graph,133,21.4635,15.0503,21.5080,21.4635,
25,8,262144,8192,layered,1536/1536/1536,graph,134,21.3287,15.0503,21.3740,21.3287,
25,8,262144,8192,layered,1536/1536/1536,graph,135,21.5213,15.0503,21.5668,21.5213,
25,8,262144,8192,layered,1536/1536/1536,graph,136,21.4545,15.0503,21.5058,21.4545,
25,8,262144,8192,layered,1536/1536/1536,graph,137,21.3948,15.0503,21.4405,21.3948,
25,8,262144,8192,layered,1536/1536/1536,graph,138,21.3559,15.0503,22.1897,21.3559,
25,8,262144,8192,layered,1536/1536/1536,graph,139,21.4484,15.0503,21.4980,21.4484,
25,8,262144,8192,layered,1536/1536/1536,graph,140,21.4179,15.0503,21.4661,21.4179,
25,8,262144,8192,layered,1536/1536/1536,graph,141,21.4024,15.0503,21.4469,21.4024,
25,8,262144,8192,layered,1536/1536/1536,graph,142,21.2832,15.0503,21.3280,21.2832,
25,8,262144,8192,layered,1536/1536/1536,graph,143,21.3598,15.0503,21.4046,21.3598,
25,8,262144,8192,layered,1536/1536/1536,graph,144,21.2635,15.0503,21.3087,21.2635,
25,8,262144,8192,layered,1536/1536/1536,graph,145,21.1710,15.0503,21.2155,21.1710,
25,8,262144,8192,layered,1536/1536/1536,graph,146,21.1396,15.0503,21.1858,21.1396,
25,8,262144,8192,layered,1536/1536/1536,graph,147,21.1666,15.0503,21.2116,21.1666,
25,8,262144,8192,layered,1536/1536/1536,graph,148,21.1822,15.0503,21.2275,21.1822,
25,8,262144,8192,layered,1536/1536/1536,graph,149,21.2795,15.0503,21.3239,21.2795,
25,8,262144,8192,layered,1536/1536/1536,graph,150,21.1531,15.0503,21.1976,21.1531,
25,8,262144,8192,layered,1536/1536/1536,graph,151,21.2637,15.0503,21.3085,21.2637,
25,8,262144,8192,layered,1536/1536/1536,graph,152,21.1736,15.0503,21.2200,21.1736,
25,8,262144,8192,layered,1536/1536/1536,graph,153,21.1468,15.0503,21.1933,21.1468,
25,8,262144,8192,layered,1536/1536/1536,graph,154,21.1369,15.0503,21.1830,21.1369,
25,8,262144,8192,layered,1536/1536/1536,graph,155,21.2167,15.0503,21.2611,21.2167,
25,8,262144,8192,layered,1536/1536/1536,graph,156,21.2260,15.0503,21.2704,21.2260,
25,8,262144,8192,layered,1536/1536/1536,graph,157,21.3780,15.0503,21.4228,21.3780,
25,8,262144,8192,layered,1536/1536/1536,graph,158,21.2560,15.0503,21.3002,21.2560,
25,8,262144,8192,layered,1536/1536/1536,graph,159,21.2987,15.0503,21.3486,21.2987,
25,8,262144,8192,layered,1536/1536/1536,graph,160,21.2274,15.0503,21.2716,21.2274,
25,8,262144,8192,layered,1536/1536/1536,graph,161,21.1862,15.0503,21.2300,21.1862,
25,8,262144,8192,layered,1536/1536/1536,graph,162,21.1125,15.0503,21.1566,21.1125,
25,8,262144,8192,layered,1536/1536/1536,graph,163,21.1909,15.0503,21.2447,21.1909,
25,8,262144,8192,layered,1536/1536/1536,graph,164,21.1356,15.0503,21.1905,21.1356,
25,8,262144,8192,layered,1536/1536/1536,graph,165,21.2473,15.0503,21.2947,21.2473,
25,8,262144,8192,layered,1536/1536/1536,graph,166,21.1063,15.0503,21.1523,21.1063,
25,8,262144,8192,layered,1536/1536/1536,graph,167,21.2097,15.0503,21.2548,21.2097,
25,8,262144,8192,layered,1536/1536/1536,graph,168,20.9561,14.7758,21.0205,20.9561,
25,8,262144,8192,layered,1536/1536/1536,graph,169,20.5682,14.7758,20.6146,20.5682,
25,8,262144,8192,layered,1536/1536/1536,graph,170,20.3505,14.5012,20.4043,20.3505,
25,8,262144,8192,layered,1536/1536/1536,graph,171,20.1577,14.5012,20.2066,20.1577,
25,8,262144,8192,layered,1536/1536/1536,graph,172,19.8762,14.2266,19.9243,19.8762,
25,8,262144,8192,layered,1536/1536/1536,graph,173,19.6679,14.2266,19.7132,19.6679,
25,8,262144,8192,layered,1536/1536/1536,graph,174,19.4837,14.2266,19.5279,19.4837,
25,8,262144,8192,layered,1536/1536/1536,graph,175,19.4892,14.2266,19.5329,19.4892,
25,8,262144,8192,layered,1536/1536/1536,graph,176,19.7563,14.5012,19.8105,19.7563,
25,8,262144,8192,layered,1536/1536/1536,graph,177,20.1162,14.5012,20.1642,20.1162,
25,8,262144,8192,layered,1536/1536/1536,graph,178,20.3099,14.7758,20.3552,20.3099,
25,8,262144,8192,layered,1536/1536/1536,graph,179,20.7440,14.7758,20.7897,20.7440,
25,8,262144,8192,layered,1536/1536/1536,graph,180,20.8471,15.0503,20.8916,20.8471,
25,8,262144,8192,layered,1536/1536/1536,graph,181,21.3319,15.0503,21.3769,21.3319,
25,8,262144,8192,layered,1536/1536/1536,graph,182,21.2884,15.0503,21.3315,21.2884,
25,8,262144,8192,layered,1536/1536/1536,graph,183,21.4337,15.0503,21.4777,21.4337,
25,8,262144,8192,layered,1536/1536/1536,graph,184,21.3899,15.0503,21.4342,21.3899,
25,8,262144,8192,layered,1536/1536/1536,graph,185,21.4621,15.0503,21.5055,21.4621,
25,8,262144,8192,layered,1536/1536/1536,graph,186,21.4877,15.0503,21.5326,21.4877,
25,8,262144,8192,layered,1536/1536/1536,graph,187,21.4502,15.0503,21.4945,21.4502,
25,8,262144,8192,layered,1536/1536/1536,graph,188,21.2692,15.0503,21.3142,21.2692,
25,8,262144,8192,layered,1536/1536/1536,graph,189,21.2522,15.0503,21.2970,21.2522,
25,8,262144,8192,layered,1536/1536/1536,graph,190,21.1785,15.0503,21.2232,21.1785,
25,8,262144,8192,layered,1536/1536/1536,graph,191,21.1673,15.0503,21.2121,21.1673,
25,8,262144,8192,layered,1536/1536/1536,graph,192,21.1398,15.0503,21.1830,21.1398,
25,8,262144,8192,layered,1536/1536/1536,graph,193,21.1455,15.0503,21.1895,21.1455,
25,8,262144,8192,layered,1536/1536/1536,graph,194,21.1435,15.0503,21.1882,21.1435,
25,8,262144,8192,layered,1536/1536/1536,graph,195,21.1764,15.0503,21.2274,21.1764,
25,8,262144,8192,layered,1536/1536/1536,graph,196,21.0096,15.0503,21.0534,21.0096,
25,8,262144,8192,layered,1536/1536/1536,graph,197,21.0884,15.0503,21.1338,21.0884,
25,8,262144,8192,layered,1536/1536/1536,graph,198,21.0747,15.0503,21.1194,21.0747,
25,8,262144,8192,layered,1536/1536/1536,graph,199,21.0955,15.0503,21.1408,21.0955,
25,8,262144,8192,hyprefill,1024/4096/4096,graph,0,24.1025,14.2902,24.1762,24.1025,
25,8,262144,8192,hyprefill,1024/4096/4096,graph,1,23.9822,14.2902,24.0283,23.9822,
25,8,262144,8192,hyprefill,1024/4096/4096,graph,2,23.9815,14.2902,24.0433,23.9815,
25,8,262144,8192,hyprefill,1024/4096/4096,graph,3,24.1262,14.2902,24.1763,24.1262,
25,8,262144,8192,hyprefill,1024/4096/4096,graph,4,23.9139,13.7410,23.9609,23.9139,
25,8,262144,8192,hyprefill,1024/4096/4096,graph,5,24.0379,14.2902,24.0860,24.0379,
25,8,262144,8192,hyprefill,1024/4096/4096,graph,6,22.8188,14.5330,22.8674,22.8188,
25,8,262144,8192,hyprefill,1024/4096/4096,graph,7,23.9635,14.2902,24.0110,23.9635,
25,8,262144,8192,hyprefill,1024/4096/4096,graph,8,24.0252,13.7410,24.0721,24.0252,
25,8,262144,8192,hyprefill,1024/4096/4096,graph,9,24.0349,14.8394,24.0832,24.0349,
25,8,262144,8192,hyprefill,1024/4096/4096,graph,10,24.3876,14.0156,24.4342,24.3876,
25,8,262144,8192,hyprefill,1024/4096/4096,graph,11,24.0098,14.2902,24.0595,24.0098,
25,8,262144,8192,hyprefill,1024/4096/4096,graph,12,24.1252,14.2902,24.1833,24.1252,
25,8,262144,8192,hyprefill,1024/4096/4096,graph,13,24.4398,14.0156,24.4921,24.4398,
25,8,262144,8192,hyprefill,1024/4096/4096,graph,14,24.2832,14.2902,24.3317,24.2832,
25,8,262144,8192,hyprefill,1024/4096/4096,graph,15,23.9413,13.7410,23.9911,23.9413,
25,8,262144,8192,hyprefill,1024/4096/4096,graph,16,24.2273,14.2902,24.2741,24.2273,
25,8,262144,8192,hyprefill,1024/4096/4096,graph,17,22.7699,14.5330,22.8154,22.7699,
25,8,262144,8192,hyprefill,1024/4096/4096,graph,18,23.7465,14.5648,23.7934,23.7465,
25,8,262144,8192,hyprefill,1024/4096/4096,graph,19,24.0014,13.7410,24.0488,24.0014,
25,8,262144,8192,hyprefill,1024/4096/4096,graph,20,24.0851,14.2902,24.1315,24.0851,
25,8,262144,8192,hyprefill,1024/4096/4096,graph,21,23.9328,14.2902,23.9800,23.9328,
25,8,262144,8192,hyprefill,1024/4096/4096,graph,22,24.1797,14.2902,24.2425,24.1797,
25,8,262144,8192,hyprefill,1024/4096/4096,graph,23,24.2248,14.2902,24.2845,24.2248,
25,8,262144,8192,hyprefill,1024/4096/4096,graph,24,24.2216,14.2902,24.2728,24.2216,
25,8,262144,8192,hyprefill,1024/4096/4096,graph,25,24.2994,14.2902,24.3484,24.2994,
25,8,262144,8192,hyprefill,1024/4096/4096,graph,26,24.0065,13.7410,24.0549,24.0065,
25,8,262144,8192,hyprefill,1024/4096/4096,graph,27,23.9731,14.5648,24.0228,23.9731,
25,8,262144,8192,hyprefill,1024/4096/4096,graph,28,23.3355,14.2584,23.3902,23.3355,
25,8,262144,8192,hyprefill,1024/4096/4096,graph,29,23.6364,14.5648,23.6880,23.6364,
25,8,262144,8192,hyprefill,1024/4096/4096,graph,30,24.0196,13.7410,24.0686,24.0196,
25,8,262144,8192,hyprefill,1024/4096/4096,graph,31,24.2282,14.2902,24.2777,24.2282,
25,8,262144,8192,hyprefill,1024/4096/4096,graph,32,23.9911,14.2902,24.0392,23.9911,
25,8,262144,8192,hyprefill,1024/4096/4096,graph,33,24.1658,14.2902,24.2126,24.1658,
25,8,262144,8192,hyprefill,1024/4096/4096,graph,34,23.7046,14.0156,23.7532,23.7046,
25,8,262144,8192,hyprefill,1024/4096/4096,graph,35,23.9046,14.0156,23.9519,23.9046,
25,8,262144,8192,hyprefill,1024/4096/4096,graph,36,24.2215,14.2902,24.2671,24.2215,
25,8,262144,8192,hyprefill,1024/4096/4096,graph,37,24.0308,13.7410,24.0786,24.0308,
25,8,262144,8192,hyprefill,1024/4096/4096,graph,38,23.6720,14.5648,23.7196,23.6720,
25,8,262144,8192,hyprefill,1024/4096/4096,graph,39,23.5201,14.2584,23.5653,23.5201,
25,8,262144,8192,hyprefill,1024/4096/4096,graph,40,23.6543,14.5648,23.7044,23.6543,
25,8,262144,8192,hyprefill,1024/4096/4096,graph,41,24.0475,13.7410,24.0992,24.0475,
25,8,262144,8192,hyprefill,1024/4096/4096,graph,42,23.8452,14.5648,23.8917,23.8452,
25,8,262144,8192,hyprefill,1024/4096/4096,graph,43,23.8015,14.0156,23.8517,23.8015,
25,8,262144,8192,hyprefill,1024/4096/4096,graph,44,23.7346,14.0156,23.7827,23.7346,
25,8,262144,8192,hyprefill,1024/4096/4096,graph,45,24.0925,14.2902,24.1408,24.0925,
25,8,262144,8192,hyprefill,1024/4096/4096,graph,46,24.1723,14.2902,24.2201,24.1723,
25,8,262144,8192,hyprefill,1024/4096/4096,graph,47,24.1977,14.2902,24.2727,24.1977,
25,8,262144,8192,hyprefill,1024/4096/4096,graph,48,23.9181,13.7410,23.9758,23.9181,
25,8,262144,8192,hyprefill,1024/4096/4096,graph,49,23.6023,14.5648,23.6521,23.6023,
25,8,262144,8192,hyprefill,1024/4096/4096,graph,50,23.2928,14.2584,23.3395,23.2928,
25,8,262144,8192,hyprefill,1024/4096/4096,graph,51,23.6939,14.5648,23.7423,23.6939,
25,8,262144,8192,hyprefill,1024/4096/4096,graph,52,23.9298,13.7410,23.9795,23.9298,
25,8,262144,8192,hyprefill,1024/4096/4096,graph,53,24.1208,14.2902,24.1727,24.1208,
25,8,262144,8192,hyprefill,1024/4096/4096,graph,54,23.7962,14.2902,23.8476,23.7962,
25,8,262144,8192,hyprefill,1024/4096/4096,graph,55,24.1418,14.2902,24.1932,24.1418,
25,8,262144,8192,hyprefill,1024/4096/4096,graph,56,24.0472,13.7410,24.0947,24.0472,
25,8,262144,8192,hyprefill,1024/4096/4096,graph,57,24.3190,14.2902,24.3650,24.3190,
25,8,262144,8192,hyprefill,1024/4096/4096,graph,58,23.8700,14.2902,23.9175,23.8700,
25,8,262144,8192,hyprefill,1024/4096/4096,graph,59,23.9873,13.7410,24.0400,23.9873,
25,8,262144,8192,hyprefill,1024/4096/4096,graph,60,23.9187,14.2902,23.9702,23.9187,
25,8,262144,8192,hyprefill,1024/4096/4096,graph,61,23.8320,14.0156,23.8809,23.8320,
25,8,262144,8192,hyprefill,1024/4096/4096,graph,62,23.9194,14.2902,23.9660,23.9194,
25,8,262144,8192,hyprefill,1024/4096/4096,graph,63,23.9001,14.2902,23.9467,23.9001,
25,8,262144,8192,hyprefill,1024/4096/4096,graph,64,23.9948,13.7410,24.0474,23.9948,
25,8,262144,8192,hyprefill,1024/4096/4096,graph,65,23.7051,14.5648,23.7521,23.7051,
25,8,262144,8192,hyprefill,1024/4096/4096,graph,66,23.4792,14.0156,23.5259,23.4792,
25,8,262144,8192,hyprefill,1024/4096/4096,graph,67,23.7348,14.0156,23.7861,23.7348,
25,8,262144,8192,hyprefill,1024/4096/4096,graph,68,23.4322,14.0156,23.4798,23.4322,
25,8,262144,8192,hyprefill,1024/4096/4096,graph,69,23.6392,14.5648,23.6842,23.6392,
25,8,262144,8192,hyprefill,1024/4096/4096,graph,70,23.8721,14.2902,23.9194,23.8721,
25,8,262144,8192,hyprefill,1024/4096/4096,graph,71,23.9665,14.2902,24.0118,23.9665,
25,8,262144,8192,hyprefill,1024/4096/4096,graph,72,23.7790,13.7410,23.8269,23.7790,
25,8,262144,8192,hyprefill,1024/4096/4096,graph,73,24.0078,14.2902,24.0516,24.0078,
25,8,262144,8192,hyprefill,1024/4096/4096,graph,74,23.8272,14.2902,23.8730,23.8272,
25,8,262144,8192,hyprefill,1024/4096/4096,graph,75,23.5313,14.0156,23.5771,23.5313,
25,8,262144,8192,hyprefill,1024/4096/4096,graph,76,23.8191,13.7410,23.8645,23.8191,
25,8,262144,8192,hyprefill,1024/4096/4096,graph,77,23.9552,14.2902,24.0000,23.9552,
25,8,262144,8192,hyprefill,1024/4096/4096,graph,78,23.9460,14.2902,23.9933,23.9460,
25,8,262144,8192,hyprefill,1024/4096/4096,graph,79,23.8171,13.7410,23.8625,23.8171,
25,8,262144,8192,hyprefill,1024/4096/4096,graph,80,23.8973,14.2902,23.9429,23.8973,
25,8,262144,8192,hyprefill,1024/4096/4096,graph,81,23.9865,14.2902,24.0304,23.9865,
25,8,262144,8192,hyprefill,1024/4096/4096,graph,82,23.9238,14.2902,23.9710,23.9238,
25,8,262144,8192,hyprefill,1024/4096/4096,graph,83,23.8916,14.2902,23.9369,23.8916,
25,8,262144,8192,hyprefill,1024/4096/4096,graph,84,23.8843,13.7410,23.9301,23.8843,
25,8,262144,8192,hyprefill,1024/4096/4096,graph,85,23.9596,14.2902,24.0040,23.9596,
25,8,262144,8192,hyprefill,1024/4096/4096,graph,86,23.8631,14.2902,23.9082,23.8631,
25,8,262144,8192,hyprefill,1024/4096/4096,graph,87,24.0148,14.2902,24.0604,24.0148,
25,8,262144,8192,hyprefill,1024/4096/4096,graph,88,24.0559,14.2902,24.1022,24.0559,
25,8,262144,8192,hyprefill,1024/4096/4096,graph,89,23.9807,14.2902,24.0247,23.9807,
25,8,262144,8192,hyprefill,1024/4096/4096,graph,90,23.9353,14.2902,23.9822,23.9353,
25,8,262144,8192,hyprefill,1024/4096/4096,graph,91,23.7408,13.7410,23.7856,23.7408,
25,8,262144,8192,hyprefill,1024/4096/4096,graph,92,23.7234,14.5648,23.7700,23.7234,
25,8,262144,8192,hyprefill,1024/4096/4096,graph,93,23.1806,14.2584,23.2257,23.1806,
25,8,262144,8192,hyprefill,1024/4096/4096,graph,94,24.0137,14.8394,24.0602,24.0137,
25,8,262144,8192,hyprefill,1024/4096/4096,graph,95,24.2146,14.0156,24.2631,24.2146,
25,8,262144,8192,hyprefill,1024/4096/4096,graph,96,23.9028,14.2902,23.9480,23.9028,
25,8,262144,8192,hyprefill,1024/4096/4096,graph,97,23.8919,14.2902,23.9389,23.8919,
25,8,262144,8192,hyprefill,1024/4096/4096,graph,98,23.9685,14.2902,24.0141,23.9685,
25,8,262144,8192,hyprefill,1024/4096/4096,graph,99,24.2527,14.0156,24.2970,24.2527,
25,8,262144,8192,hyprefill,1024/4096/4096,graph,100,23.9216,14.2902,23.9686,23.9216,
25,8,262144,8192,hyprefill,1024/4096/4096,graph,101,23.9730,14.2902,24.0196,23.9730,
25,8,262144,8192,hyprefill,1024/4096/4096,graph,102,24.3297,14.0156,24.3756,24.3297,
25,8,262144,8192,hyprefill,1024/4096/4096,graph,103,23.9400,14.2902,23.9864,23.9400,
25,8,262144,8192,hyprefill,1024/4096/4096,graph,104,22.8597,14.5330,22.9071,22.8597,
25,8,262144,8192,hyprefill,1024/4096/4096,graph,105,23.9241,14.2902,23.9722,23.9241,
25,8,262144,8192,hyprefill,1024/4096/4096,graph,106,23.8438,13.7410,23.8910,23.8438,
25,8,262144,8192,hyprefill,1024/4096/4096,graph,107,23.9269,14.8394,23.9690,23.9269,
25,8,262144,8192,hyprefill,1024/4096/4096,graph,108,24.0620,14.2902,24.1109,24.0620,
25,8,262144,8192,hyprefill,1024/4096/4096,graph,109,23.9794,14.2902,24.0338,23.9794,
25,8,262144,8192,hyprefill,1024/4096/4096,graph,110,24.0109,14.2902,24.0716,24.0109,
25,8,262144,8192,hyprefill,1024/4096/4096,graph,111,24.0105,14.2902,24.0633,24.0105,
25,8,262144,8192,hyprefill,1024/4096/4096,graph,112,23.8569,14.5648,23.9083,23.8569,
25,8,262144,8192,hyprefill,1024/4096/4096,graph,113,24.1844,14.0156,24.2451,24.1844,
25,8,262144,8192,hyprefill,1024/4096/4096,graph,114,24.0947,14.2902,24.1472,24.0947,
25,8,262144,8192,hyprefill,1024/4096/4096,graph,115,22.7049,14.5330,22.7542,22.7049,
25,8,262144,8192,hyprefill,1024/4096/4096,graph,116,24.1131,14.2902,24.1599,24.1131,
25,8,262144,8192,hyprefill,1024/4096/4096,graph,117,23.7661,13.7410,23.8222,23.7661,
25,8,262144,8192,hyprefill,1024/4096/4096,graph,118,23.6208,14.5648,23.6749,23.6208,
25,8,262144,8192,hyprefill,1024/4096/4096,graph,119,23.9235,14.2902,23.9737,23.9235,
25,8,262144,8192,hyprefill,1024/4096/4096,graph,120,24.0285,14.2902,24.0796,24.0285,
25,8,262144,8192,hyprefill,1024/4096/4096,graph,121,23.9660,14.2902,24.0188,23.9660,
25,8,262144,8192,hyprefill,1024/4096/4096,graph,122,24.1544,14.2902,24.2056,24.1544,
25,8,262144,8192,hyprefill,1024/4096/4096,graph,123,24.0298,14.2902,24.0838,24.0298,
25,8,262144,8192,hyprefill,1024/4096/4096,graph,124,23.9081,13.7410,23.9566,23.9081,
25,8,262144,8192,hyprefill,1024/4096/4096,graph,125,23.6727,14.5648,23.7266,23.6727,
25,8,262144,8192,hyprefill,1024/4096/4096,graph,126,23.2820,14.2584,23.3300,23.2820,
25,8,262144,8192,hyprefill,1024/4096/4096,graph,127,23.5870,14.5648,23.6352,23.5870,
25,8,262144,8192,hyprefill,1024/4096/4096,graph,128,23.9135,13.7410,23.9635,23.9135,
25,8,262144,8192,hyprefill,1024/4096/4096,graph,129,23.9322,14.2902,23.9806,23.9322,
25,8,262144,8192,hyprefill,1024/4096/4096,graph,130,24.0581,14.2902,24.1059,24.0581,
25,8,262144,8192,hyprefill,1024/4096/4096,graph,131,24.0607,14.2902,24.1080,24.0607,
25,8,262144,8192,hyprefill,1024/4096/4096,graph,132,23.9929,14.2902,24.0411,23.9929,
25,8,262144,8192,hyprefill,1024/4096/4096,graph,133,24.0603,14.2902,24.1085,24.0603,
25,8,262144,8192,hyprefill,1024/4096/4096,graph,134,24.1861,14.2902,24.2332,24.1861,
25,8,262144,8192,hyprefill,1024/4096/4096,graph,135,23.9540,13.7410,24.0011,23.9540,
25,8,262144,8192,hyprefill,1024/4096/4096,graph,136,24.1031,14.2902,24.1506,24.1031,
25,8,262144,8192,hyprefill,1024/4096/4096,graph,137,22.8343,14.5330,22.8935,22.8343,
25,8,262144,8192,hyprefill,1024/4096/4096,graph,138,24.0068,14.2902,24.0571,24.0068,
25,8,262144,8192,hyprefill,1024/4096/4096,graph,139,23.9534,13.7410,24.0014,23.9534,
25,8,262144,8192,hyprefill,1024/4096/4096,graph,140,24.0063,14.8394,24.0538,24.0063,
25,8,262144,8192,hyprefill,1024/4096/4096,graph,141,24.4293,14.0156,24.4770,24.4293,
25,8,262144,8192,hyprefill,1024/4096/4096,graph,142,23.9502,14.2902,23.9989,23.9502,
25,8,262144,8192,hyprefill,1024/4096/4096,graph,143,24.0772,14.2902,24.1252,24.0772,
25,8,262144,8192,hyprefill,1024/4096/4096,graph,144,24.4585,14.0156,24.5061,24.4585,
25,8,262144,8192,hyprefill,1024/4096/4096,graph,145,24.3572,14.2902,24.4036,24.3572,
25,8,262144,8192,hyprefill,1024/4096/4096,graph,146,24.0361,13.7410,24.0835,24.0361,
25,8,262144,8192,hyprefill,1024/4096/4096,graph,147,24.3460,14.2902,24.3924,24.3460,
25,8,262144,8192,hyprefill,1024/4096/4096,graph,148,22.7742,14.5330,22.8199,22.7742,
25,8,262144,8192,hyprefill,1024/4096/4096,graph,149,23.6774,14.5648,23.7258,23.6774,
25,8,262144,8192,hyprefill,1024/4096/4096,graph,150,24.0541,13.7410,24.1022,24.0541,
25,8,262144,8192,hyprefill,1024/4096/4096,graph,151,24.0661,14.2902,24.1183,24.0661,
25,8,262144,8192,hyprefill,1024/4096/4096,graph,152,23.9267,14.2902,23.9794,23.9267,
25,8,262144,8192,hyprefill,1024/4096/4096,graph,153,24.1748,14.2902,24.2242,24.1748,
25,8,262144,8192,hyprefill,1024/4096/4096,graph,154,24.1584,14.2902,24.2060,24.1584,
25,8,262144,8192,hyprefill,1024/4096/4096,graph,155,24.1674,14.2902,24.2147,24.1674,
25,8,262144,8192,hyprefill,1024/4096/4096,graph,156,24.2934,14.2902,24.3391,24.2934,
25,8,262144,8192,hyprefill,1024/4096/4096,graph,157,24.0644,13.7410,24.1154,24.0644,
25,8,262144,8192,hyprefill,1024/4096/4096,graph,158,23.9932,14.5648,24.0540,23.9932,
25,8,262144,8192,hyprefill,1024/4096/4096,graph,159,23.3508,14.2584,23.4047,23.3508,
25,8,262144,8192,hyprefill,1024/4096/4096,graph,160,23.6716,14.5648,23.7236,23.6716,
25,8,262144,8192,hyprefill,1024/4096/4096,graph,161,24.0482,13.7410,24.0970,24.0482,
25,8,262144,8192,hyprefill,1024/4096/4096,graph,162,24.2991,14.2902,24.3461,24.2991,
25,8,262144,8192,hyprefill,1024/4096/4096,graph,163,24.0734,14.2902,24.1210,24.0734,
25,8,262144,8192,hyprefill,1024/4096/4096,graph,164,24.2457,14.2902,24.2946,24.2457,
25,8,262144,8192,hyprefill,1024/4096/4096,graph,165,23.7240,14.0156,23.7708,23.7240,
25,8,262144,8192,hyprefill,1024/4096/4096,graph,166,23.8399,14.0156,23.8873,23.8399,
25,8,262144,8192,hyprefill,1024/4096/4096,graph,167,24.2004,14.2902,24.2460,24.2004,
25,8,262144,8192,hyprefill,1024/4096/4096,graph,168,24.0941,13.7410,24.1421,24.0941,
25,8,262144,8192,hyprefill,1024/4096/4096,graph,169,23.6696,14.5648,23.7206,23.6696,
25,8,262144,8192,hyprefill,1024/4096/4096,graph,170,23.4592,14.2584,23.5062,23.4592,
25,8,262144,8192,hyprefill,1024/4096/4096,graph,171,23.6175,14.5648,23.6658,23.6175,
25,8,262144,8192,hyprefill,1024/4096/4096,graph,172,24.1437,13.7410,24.1976,24.1437,
25,8,262144,8192,hyprefill,1024/4096/4096,graph,173,23.8868,14.5648,23.9407,23.8868,
25,8,262144,8192,hyprefill,1024/4096/4096,graph,174,23.7160,14.0156,23.7648,23.7160,
25,8,262144,8192,hyprefill,1024/4096/4096,graph,175,23.6816,14.0156,23.7398,23.6816,
25,8,262144,8192,hyprefill,1024/4096/4096,graph,176,24.1861,14.2902,24.2406,24.1861,
25,8,262144,8192,hyprefill,1024/4096/4096,graph,177,24.2401,14.2902,24.2910,24.2401,
25,8,262144,8192,hyprefill,1024/4096/4096,graph,178,24.3025,14.2902,24.3583,24.3025,
25,8,262144,8192,hyprefill,1024/4096/4096,graph,179,23.9684,13.7410,24.0204,23.9684,
25,8,262144,8192,hyprefill,1024/4096/4096,graph,180,23.6088,14.5648,23.6612,23.6088,
25,8,262144,8192,hyprefill,1024/4096/4096,graph,181,23.2886,14.2584,23.3421,23.2886,
25,8,262144,8192,hyprefill,1024/4096/4096,graph,182,23.7184,14.5648,23.7750,23.7184,
25,8,262144,8192,hyprefill,1024/4096/4096,graph,183,23.9379,13.7410,23.9865,23.9379,
25,8,262144,8192,hyprefill,1024/4096/4096,graph,184,24.0901,14.2902,24.1445,24.0901,
25,8,262144,8192,hyprefill,1024/4096/4096,graph,185,23.7981,14.2902,23.8493,23.7981,
25,8,262144,8192,hyprefill,1024/4096/4096,graph,186,24.1407,14.2902,24.1906,24.1407,
25,8,262144,8192,hyprefill,1024/4096/4096,graph,187,24.0208,13.7410,24.0691,24.0208,
25,8,262144,8192,hyprefill,1024/4096/4096,graph,188,24.2297,14.2902,24.2769,24.2297,
25,8,262144,8192,hyprefill,1024/4096/4096,graph,189,23.8748,14.2902,23.9207,23.8748,
25,8,262144,8192,hyprefill,1024/4096/4096,graph,190,24.0326,13.7410,24.0792,24.0326,
25,8,262144,8192,hyprefill,1024/4096/4096,graph,191,23.8860,14.2902,23.9410,23.8860,
25,8,262144,8192,hyprefill,1024/4096/4096,graph,192,23.8540,14.0156,23.9033,23.8540,
25,8,262144,8192,hyprefill,1024/4096/4096,graph,193,24.0333,14.2902,24.0849,24.0333,
25,8,262144,8192,hyprefill,1024/4096/4096,graph,194,23.9622,14.2902,24.0155,23.9622,
25,8,262144,8192,hyprefill,1024/4096/4096,graph,195,24.0921,13.7410,24.1394,24.0921,
25,8,262144,8192,hyprefill,1024/4096/4096,graph,196,23.5906,14.5648,23.6382,23.5906,
25,8,262144,8192,hyprefill,1024/4096/4096,graph,197,23.5193,14.0156,23.5649,23.5193,
25,8,262144,8192,hyprefill,1024/4096/4096,graph,198,23.7345,14.0156,23.7823,23.7345,
25,8,262144,8192,hyprefill,1024/4096/4096,graph,199,23.4382,14.0156,23.4848,23.4382,
25,8,262144,8192,hyprefill,1024/3072/3072,graph,0,23.5766,14.5648,23.6247,23.5766,
25,8,262144,8192,hyprefill,1024/3072/3072,graph,1,22.1938,14.5330,22.2396,22.1938,
25,8,262144,8192,hyprefill,1024/3072/3072,graph,2,24.0338,14.2902,24.0857,24.0338,
25,8,262144,8192,hyprefill,1024/3072/3072,graph,3,23.8957,14.8394,23.9446,23.8957,
25,8,262144,8192,hyprefill,1024/3072/3072,graph,4,24.3199,14.0156,24.3673,24.3199,
25,8,262144,8192,hyprefill,1024/3072/3072,graph,5,23.9508,14.2902,23.9976,23.9508,
25,8,262144,8192,hyprefill,1024/3072/3072,graph,6,23.9215,14.8394,23.9697,23.9215,
25,8,262144,8192,hyprefill,1024/3072/3072,graph,7,24.2349,14.0156,24.2908,24.2349,
25,8,262144,8192,hyprefill,1024/3072/3072,graph,8,23.9681,14.2902,24.0162,23.9681,
25,8,262144,8192,hyprefill,1024/3072/3072,graph,9,24.0141,14.0156,24.0617,24.0141,
25,8,262144,8192,hyprefill,1024/3072/3072,graph,10,23.7678,14.8394,23.8146,23.7678,
25,8,262144,8192,hyprefill,1024/3072/3072,graph,11,22.9284,14.2584,22.9742,22.9284,
25,8,262144,8192,hyprefill,1024/3072/3072,graph,12,24.0306,14.8394,24.0768,24.0306,
25,8,262144,8192,hyprefill,1024/3072/3072,graph,13,24.2437,14.0156,24.2878,24.2437,
25,8,262144,8192,hyprefill,1024/3072/3072,graph,14,23.9080,14.2902,23.9625,23.9080,
25,8,262144,8192,hyprefill,1024/3072/3072,graph,15,22.2740,14.5330,22.3208,22.2740,
25,8,262144,8192,hyprefill,1024/3072/3072,graph,16,23.4685,14.5648,23.5180,23.4685,
25,8,262144,8192,hyprefill,1024/3072/3072,graph,17,23.7102,14.2902,23.7577,23.7102,
25,8,262144,8192,hyprefill,1024/3072/3072,graph,18,23.9723,14.2902,24.0159,23.9723,
25,8,262144,8192,hyprefill,1024/3072/3072,graph,19,23.9733,14.0156,24.0201,23.9733,
25,8,262144,8192,hyprefill,1024/3072/3072,graph,20,23.9049,14.8394,23.9521,23.9049,
25,8,262144,8192,hyprefill,1024/3072/3072,graph,21,21.9216,14.2584,21.9694,21.9216,
25,8,262144,8192,hyprefill,1024/3072/3072,graph,22,23.8486,14.8394,23.8953,23.8486,
25,8,262144,8192,hyprefill,1024/3072/3072,graph,23,23.9118,14.2902,23.9566,23.9118,
25,8,262144,8192,hyprefill,1024/3072/3072,graph,24,24.0917,14.0156,24.1364,24.0917,
25,8,262144,8192,hyprefill,1024/3072/3072,graph,25,23.6080,14.2902,23.6550,23.6080,
25,8,262144,8192,hyprefill,1024/3072/3072,graph,26,23.7918,14.8394,23.8399,23.7918,
25,8,262144,8192,hyprefill,1024/3072/3072,graph,27,22.7554,13.9838,22.8005,22.7554,
25,8,262144,8192,hyprefill,1024/3072/3072,graph,28,23.7152,15.1140,23.7629,23.7152,
25,8,262144,8192,hyprefill,1024/3072/3072,graph,29,24.1443,14.0156,24.1938,24.1443,
25,8,262144,8192,hyprefill,1024/3072/3072,graph,30,24.1093,14.5648,24.1530,24.1093,
25,8,262144,8192,hyprefill,1024/3072/3072,graph,31,23.7531,14.2902,23.7978,23.7531,
25,8,262144,8192,hyprefill,1024/3072/3072,graph,32,23.8965,14.2902,23.9414,23.8965,
25,8,262144,8192,hyprefill,1024/3072/3072,graph,33,23.8787,14.2902,23.9238,23.8787,
25,8,262144,8192,hyprefill,1024/3072/3072,graph,34,23.8978,14.2902,23.9426,23.8978,
25,8,262144,8192,hyprefill,1024/3072/3072,graph,35,23.9789,14.0156,24.0246,23.9789,
25,8,262144,8192,hyprefill,1024/3072/3072,graph,36,23.9786,14.8394,24.0237,23.9786,
25,8,262144,8192,hyprefill,1024/3072/3072,graph,37,22.3884,14.5330,22.4331,22.3884,
25,8,262144,8192,hyprefill,1024/3072/3072,graph,38,22.6118,14.8076,22.6567,22.6118,
25,8,262144,8192,hyprefill,1024/3072/3072,graph,39,23.9925,14.5648,24.0391,23.9925,
25,8,262144,8192,hyprefill,1024/3072/3072,graph,40,24.1141,14.5648,24.1585,24.1141,
25,8,262144,8192,hyprefill,1024/3072/3072,graph,41,24.0181,14.0156,24.0629,24.0181,
25,8,262144,8192,hyprefill,1024/3072/3072,graph,42,24.2017,14.5648,24.2433,24.2017,
25,8,262144,8192,hyprefill,1024/3072/3072,graph,43,23.7892,14.2902,23.8348,23.7892,
25,8,262144,8192,hyprefill,1024/3072/3072,graph,44,24.1987,14.0156,24.2440,24.1987,
25,8,262144,8192,hyprefill,1024/3072/3072,graph,45,24.0284,14.5648,24.0796,24.0284,
25,8,262144,8192,hyprefill,1024/3072/3072,graph,46,24.1070,14.5648,24.1522,24.1070,
25,8,262144,8192,hyprefill,1024/3072/3072,graph,47,24.1003,14.5648,24.1479,24.1003,
25,8,262144,8192,hyprefill,1024/3072/3072,graph,48,23.6625,14.5330,23.7063,23.6625,
25,8,262144,8192,hyprefill,1024/3072/3072,graph,49,22.5948,15.3568,22.6401,22.5948,
25,8,262144,8192,hyprefill,1024/3072/3072,graph,50,23.7324,14.2902,23.7796,23.7324,
25,8,262144,8192,hyprefill,1024/3072/3072,graph,51,24.0136,14.0156,24.0594,24.0136,
25,8,262144,8192,hyprefill,1024/3072/3072,graph,52,23.8536,14.2902,23.9009,23.8536,
25,8,262144,8192,hyprefill,1024/3072/3072,graph,53,24.1638,14.5648,24.2095,24.1638,
25,8,262144,8192,hyprefill,1024/3072/3072,graph,54,24.1499,14.5648,24.1983,24.1499,
25,8,262144,8192,hyprefill,1024/3072/3072,graph,55,24.0873,14.0156,24.1330,24.0873,
25,8,262144,8192,hyprefill,1024/3072/3072,graph,56,23.8346,14.2902,23.8785,23.8346,
25,8,262144,8192,hyprefill,1024/3072/3072,graph,57,23.7685,14.2902,23.8152,23.7685,
25,8,262144,8192,hyprefill,1024/3072/3072,graph,58,23.2483,14.8076,23.2954,23.2483,
25,8,262144,8192,hyprefill,1024/3072/3072,graph,59,24.1995,14.5648,24.2459,24.1995,
25,8,262144,8192,hyprefill,1024/3072/3072,graph,60,23.9680,14.5648,24.0143,23.9680,
25,8,262144,8192,hyprefill,1024/3072/3072,graph,61,23.9470,14.2902,23.9931,23.9470,
25,8,262144,8192,hyprefill,1024/3072/3072,graph,62,24.0904,14.0156,24.1378,24.0904,
25,8,262144,8192,hyprefill,1024/3072/3072,graph,63,23.9534,14.8394,24.0010,23.9534,
25,8,262144,8192,hyprefill,1024/3072/3072,graph,64,23.2710,14.2584,23.3194,23.2710,
25,8,262144,8192,hyprefill,1024/3072/3072,graph,65,23.9704,14.8394,24.0430,23.9704,
25,8,262144,8192,hyprefill,1024/3072/3072,graph,66,23.8762,14.2902,23.9221,23.8762,
25,8,262144,8192,hyprefill,1024/3072/3072,graph,67,24.1328,14.5648,24.1792,24.1328,
25,8,262144,8192,hyprefill,1024/3072/3072,graph,68,22.9953,14.5330,23.0397,22.9953,
25,8,262144,8192,hyprefill,1024/3072/3072,graph,69,23.8338,14.8394,23.8795,23.8338,
25,8,262144,8192,hyprefill,1024/3072/3072,graph,70,24.0109,14.0156,24.0578,24.0109,
25,8,262144,8192,hyprefill,1024/3072/3072,graph,71,23.7962,14.2902,23.8420,23.7962,
25,8,262144,8192,hyprefill,1024/3072/3072,graph,72,23.6845,14.2902,23.7309,23.6845,
25,8,262144,8192,hyprefill,1024/3072/3072,graph,73,23.8957,14.8394,23.9429,23.8957,
25,8,262144,8192,hyprefill,1024/3072/3072,graph,74,24.2234,14.0156,24.2688,24.2234,
25,8,262144,8192,hyprefill,1024/3072/3072,graph,75,23.9545,14.2902,24.0004,23.9545,
25,8,262144,8192,hyprefill,1024/3072/3072,graph,76,24.0002,14.2902,24.0466,24.0002,
25,8,262144,8192,hyprefill,1024/3072/3072,graph,77,23.7545,14.2902,23.8077,23.7545,
25,8,262144,8192,hyprefill,1024/3072/3072,graph,78,24.2183,14.5648,24.2695,24.2183,
25,8,262144,8192,hyprefill,1024/3072/3072,graph,79,23.8133,14.2902,23.8634,23.8133,
25,8,262144,8192,hyprefill,1024/3072/3072,graph,80,24.0956,14.5648,24.1427,24.0956,
25,8,262144,8192,hyprefill,1024/3072/3072,graph,81,24.1800,14.5648,24.2283,24.1800,
25,8,262144,8192,hyprefill,1024/3072/3072,graph,82,24.1794,14.5648,24.2259,24.1794,
25,8,262144,8192,hyprefill,1024/3072/3072,graph,83,23.8980,14.2902,23.9464,23.8980,
25,8,262144,8192,hyprefill,1024/3072/3072,graph,84,23.9605,14.2902,24.0076,23.9605,
25,8,262144,8192,hyprefill,1024/3072/3072,graph,85,24.0469,14.0156,24.0943,24.0469,
25,8,262144,8192,hyprefill,1024/3072/3072,graph,86,23.9657,14.8394,24.0119,23.9657,
25,8,262144,8192,hyprefill,1024/3072/3072,graph,87,24.0391,13.7410,24.0853,24.0391,
25,8,262144,8192,hyprefill,1024/3072/3072,graph,88,23.8669,14.8394,23.9132,23.8669,
25,8,262144,8192,hyprefill,1024/3072/3072,graph,89,24.0420,14.2902,24.0891,24.0420,
25,8,262144,8192,hyprefill,1024/3072/3072,graph,90,23.7375,14.2902,23.7842,23.7375,
25,8,262144,8192,hyprefill,1024/3072/3072,graph,91,23.9218,14.2902,23.9681,23.9218,
25,8,262144,8192,hyprefill,1024/3072/3072,graph,92,23.9369,14.2902,23.9843,23.9369,
25,8,262144,8192,hyprefill,1024/3072/3072,graph,93,22.7159,14.8076,22.7609,22.7159,
25,8,262144,8192,hyprefill,1024/3072/3072,graph,94,22.6671,14.8076,22.7229,22.6671,
25,8,262144,8192,hyprefill,1024/3072/3072,graph,95,23.7478,14.2902,23.7949,23.7478,
25,8,262144,8192,hyprefill,1024/3072/3072,graph,96,23.9181,14.8394,23.9642,23.9181,
25,8,262144,8192,hyprefill,1024/3072/3072,graph,97,23.9690,13.7410,24.0182,23.9690,
25,8,262144,8192,hyprefill,1024/3072/3072,graph,98,23.9565,14.8394,24.0063,23.9565,
25,8,262144,8192,hyprefill,1024/3072/3072,graph,99,24.0310,14.2902,24.0830,24.0310,
25,8,262144,8192,hyprefill,1024/3072/3072,graph,100,24.0268,14.2902,24.0805,24.0268,
25,8,262144,8192,hyprefill,1024/3072/3072,graph,101,24.0196,14.2902,24.0684,24.0196,
25,8,262144,8192,hyprefill,1024/3072/3072,graph,102,23.8884,14.2902,23.9353,23.8884,
25,8,262144,8192,hyprefill,1024/3072/3072,graph,103,24.0133,14.2902,24.0609,24.0133,
25,8,262144,8192,hyprefill,1024/3072/3072,graph,104,24.0448,14.2902,24.1015,24.0448,
25,8,262144,8192,hyprefill,1024/3072/3072,graph,105,24.0416,14.0156,24.0952,24.0416,
25,8,262144,8192,hyprefill,1024/3072/3072,graph,106,23.8818,14.8394,23.9307,23.8818,
25,8,262144,8192,hyprefill,1024/3072/3072,graph,107,24.4934,13.7410,24.5355,24.4934,
25,8,262144,8192,hyprefill,1024/3072/3072,graph,108,23.9966,14.8394,24.0439,23.9966,
25,8,262144,8192,hyprefill,1024/3072/3072,graph,109,24.4647,14.5648,24.5120,24.4647,
25,8,262144,8192,hyprefill,1024/3072/3072,graph,110,23.8599,14.2902,23.9070,23.8599,
25,8,262144,8192,hyprefill,1024/3072/3072,graph,111,23.8812,14.2902,23.9276,23.8812,
25,8,262144,8192,hyprefill,1024/3072/3072,graph,112,24.1096,14.2902,24.1567,24.1096,
25,8,262144,8192,hyprefill,1024/3072/3072,graph,113,24.0178,14.2902,24.0635,24.0178,
25,8,262144,8192,hyprefill,1024/3072/3072,graph,114,24.0587,14.2902,24.1048,24.0587,
25,8,262144,8192,hyprefill,1024/3072/3072,graph,115,23.7358,14.2902,23.7830,23.7358,
25,8,262144,8192,hyprefill,1024/3072/3072,graph,116,23.6960,14.5648,23.7420,23.6960,
25,8,262144,8192,hyprefill,1024/3072/3072,graph,117,23.9639,14.0156,24.0107,23.9639,
25,8,262144,8192,hyprefill,1024/3072/3072,graph,118,24.2240,14.5648,24.2694,24.2240,
25,8,262144,8192,hyprefill,1024/3072/3072,graph,119,24.1324,14.5648,24.1798,24.1324,
25,8,262144,8192,hyprefill,1024/3072/3072,graph,120,23.7419,14.2902,23.7882,23.7419,
25,8,262144,8192,hyprefill,1024/3072/3072,graph,121,23.1217,14.5330,23.1669,23.1217,
25,8,262144,8192,hyprefill,1024/3072/3072,graph,122,23.8989,14.8394,23.9460,23.8989,
25,8,262144,8192,hyprefill,1024/3072/3072,graph,123,24.1126,14.2902,24.1601,24.1126,
25,8,262144,8192,hyprefill,1024/3072/3072,graph,124,24.1688,14.0156,24.2154,24.1688,
25,8,262144,8192,hyprefill,1024/3072/3072,graph,125,23.5419,14.5648,23.5886,23.5419,
25,8,262144,8192,hyprefill,1024/3072/3072,graph,126,23.8252,14.5648,23.8717,23.8252,
25,8,262144,8192,hyprefill,1024/3072/3072,graph,127,23.9853,13.7410,24.0329,23.9853,
25,8,262144,8192,hyprefill,1024/3072/3072,graph,128,23.7892,14.8394,23.8359,23.7892,
25,8,262144,8192,hyprefill,1024/3072/3072,graph,129,24.0271,14.2902,24.0739,24.0271,
25,8,262144,8192,hyprefill,1024/3072/3072,graph,130,23.9449,14.2902,23.9902,23.9449,
25,8,262144,8192,hyprefill,1024/3072/3072,graph,131,23.6342,14.5648,23.6807,23.6342,
25,8,262144,8192,hyprefill,1024/3072/3072,graph,132,24.0005,14.2902,24.0464,24.0005,
25,8,262144,8192,hyprefill,1024/3072/3072,graph,133,23.6036,14.5648,23.6512,23.6036,
25,8,262144,8192,hyprefill,1024/3072/3072,graph,134,24.1346,14.0156,24.1816,24.1346,
25,8,262144,8192,hyprefill,1024/3072/3072,graph,135,23.6260,14.5648,23.6732,23.6260,
25,8,262144,8192,hyprefill,1024/3072/3072,graph,136,22.0204,14.2584,22.0651,22.0204,
25,8,262144,8192,hyprefill,1024/3072/3072,graph,137,24.1421,14.5648,24.1884,24.1421,
25,8,262144,8192,hyprefill,1024/3072/3072,graph,138,23.9136,14.0156,23.9593,23.9136,
25,8,262144,8192,hyprefill,1024/3072/3072,graph,139,23.9072,14.8394,23.9522,23.9072,
25,8,262144,8192,hyprefill,1024/3072/3072,graph,140,24.0102,14.0156,24.0587,24.0102,
25,8,262144,8192,hyprefill,1024/3072/3072,graph,141,23.9365,14.8394,23.9844,23.9365,
25,8,262144,8192,hyprefill,1024/3072/3072,graph,142,24.4157,14.0156,24.4604,24.4157,
25,8,262144,8192,hyprefill,1024/3072/3072,graph,143,24.0012,14.2902,24.0542,24.0012,
25,8,262144,8192,hyprefill,1024/3072/3072,graph,144,23.9086,14.5648,23.9591,23.9086,
25,8,262144,8192,hyprefill,1024/3072/3072,graph,145,24.1018,14.0156,24.1488,24.1018,
25,8,262144,8192,hyprefill,1024/3072/3072,graph,146,22.0949,14.8076,22.1412,22.0949,
25,8,262144,8192,hyprefill,1024/3072/3072,graph,147,23.6695,14.2902,23.7169,23.6695,
25,8,262144,8192,hyprefill,1024/3072/3072,graph,148,23.8038,14.2902,23.8481,23.8038,
25,8,262144,8192,hyprefill,1024/3072/3072,graph,149,23.8309,14.2902,23.8771,23.8309,
25,8,262144,8192,hyprefill,1024/3072/3072,graph,150,23.8693,14.2902,23.9191,23.8693,
25,8,262144,8192,hyprefill,1024/3072/3072,graph,151,22.3561,14.5330,22.4303,22.3561,
25,8,262144,8192,hyprefill,1024/3072/3072,graph,152,24.0953,14.5648,24.1460,24.0953,
25,8,262144,8192,hyprefill,1024/3072/3072,graph,153,24.2198,14.0156,24.2649,24.2198,
25,8,262144,8192,hyprefill,1024/3072/3072,graph,154,23.8290,14.8394,23.8779,23.8290,
25,8,262144,8192,hyprefill,1024/3072/3072,graph,155,23.3992,14.5330,23.4448,23.3992,
25,8,262144,8192,hyprefill,1024/3072/3072,graph,156,19.9622,15.5995,20.0077,19.9622,
25,8,262144,8192,hyprefill,1024/3072/3072,graph,157,23.6076,14.2584,23.6540,23.6076,
25,8,262144,8192,hyprefill,1024/3072/3072,graph,158,23.6164,15.1140,23.6701,23.6164,
25,8,262144,8192,hyprefill,1024/3072/3072,graph,159,23.7564,13.7410,23.8047,23.7564,
25,8,262144,8192,hyprefill,1024/3072/3072,graph,160,23.7614,14.2902,23.8105,23.7614,
25,8,262144,8192,hyprefill,1024/3072/3072,graph,161,23.7958,14.2902,23.8487,23.7958,
25,8,262144,8192,hyprefill,1024/3072/3072,graph,162,24.1248,14.0156,24.1749,24.1248,
25,8,262144,8192,hyprefill,1024/3072/3072,graph,163,23.9648,14.2902,24.0139,23.9648,
25,8,262144,8192,hyprefill,1024/3072/3072,graph,164,24.1353,14.5648,24.1890,24.1353,
25,8,262144,8192,hyprefill,1024/3072/3072,graph,165,23.9593,14.0156,24.0112,23.9593,
25,8,262144,8192,hyprefill,1024/3072/3072,graph,166,22.7367,15.3568,22.7830,22.7367,
25,8,262144,8192,hyprefill,1024/3072/3072,graph,167,23.9436,14.0156,23.9939,23.9436,
25,8,262144,8192,hyprefill,1024/3072/3072,graph,168,23.9339,14.8394,23.9913,23.9339,
25,8,262144,8192,hyprefill,1024/3072/3072,graph,169,22.5044,14.2584,22.5529,22.5044,
25,8,262144,8192,hyprefill,1024/3072/3072,graph,170,23.6004,14.5648,23.6509,23.6004,
25,8,262144,8192,hyprefill,1024/3072/3072,graph,171,23.4589,15.0822,23.5044,23.4589,
25,8,262144,8192,hyprefill,1024/3072/3072,graph,172,23.7543,14.2902,23.7964,23.7543,
25,8,262144,8192,hyprefill,1024/3072/3072,graph,173,23.6448,14.0156,23.6951,23.6448,
25,8,262144,8192,hyprefill,1024/3072/3072,graph,174,23.7868,14.2902,23.8326,23.7868,
25,8,262144,8192,hyprefill,1024/3072/3072,graph,175,24.0948,14.5648,24.1424,24.0948,
25,8,262144,8192,hyprefill,1024/3072/3072,graph,176,24.1188,14.2902,24.1633,24.1188,
25,8,262144,8192,hyprefill,1024/3072/3072,graph,177,24.0624,14.0156,24.1084,24.0624,
25,8,262144,8192,hyprefill,1024/3072/3072,graph,178,23.9181,14.2902,23.9639,23.9181,
25,8,262144,8192,hyprefill,1024/3072/3072,graph,179,23.8599,14.8394,23.9104,23.8599,
25,8,262144,8192,hyprefill,1024/3072/3072,graph,180,24.2045,14.0156,24.2503,24.2045,
25,8,262144,8192,hyprefill,1024/3072/3072,graph,181,23.9989,14.8394,24.0460,23.9989,
25,8,262144,8192,hyprefill,1024/3072/3072,graph,182,24.0305,14.0156,24.0764,24.0305,
25,8,262144,8192,hyprefill,1024/3072/3072,graph,183,23.9319,14.8394,23.9797,23.9319,
25,8,262144,8192,hyprefill,1024/3072/3072,graph,184,24.0244,14.5648,24.0726,24.0244,
25,8,262144,8192,hyprefill,1024/3072/3072,graph,185,24.0857,14.0156,24.1317,24.0857,
25,8,262144,8192,hyprefill,1024/3072/3072,graph,186,23.9987,14.8394,24.0455,23.9987,
25,8,262144,8192,hyprefill,1024/3072/3072,graph,187,24.1462,14.0156,24.1943,24.1462,
25,8,262144,8192,hyprefill,1024/3072/3072,graph,188,24.0836,14.5648,24.1313,24.0836,
25,8,262144,8192,hyprefill,1024/3072/3072,graph,189,24.2069,14.5648,24.2534,24.2069,
25,8,262144,8192,hyprefill,1024/3072/3072,graph,190,24.1881,14.0156,24.2337,24.1881,
25,8,262144,8192,hyprefill,1024/3072/3072,graph,191,24.1467,15.1140,24.1938,24.1467,
25,8,262144,8192,hyprefill,1024/3072/3072,graph,192,24.1323,14.0156,24.1792,24.1323,
25,8,262144,8192,hyprefill,1024/3072/3072,graph,193,24.1242,14.8394,24.1701,24.1242,
25,8,262144,8192,hyprefill,1024/3072/3072,graph,194,23.7997,14.2902,23.8475,23.7997,
25,8,262144,8192,hyprefill,1024/3072/3072,graph,195,24.1475,14.0156,24.2082,24.1475,
25,8,262144,8192,hyprefill,1024/3072/3072,graph,196,23.9641,14.8394,24.0123,23.9641,
25,8,262144,8192,hyprefill,1024/3072/3072,graph,197,23.5667,14.0156,23.6178,23.5667,
25,8,262144,8192,hyprefill,1024/3072/3072,graph,198,23.9765,14.2902,24.0245,23.9765,
25,8,262144,8192,hyprefill,1024/3072/3072,graph,199,23.9604,14.2902,24.0064,23.9604,
25,8,262144,8192,hyprefill,1024/8192/8192,graph,0,23.8116,13.7410,23.8642,23.8116,
25,8,262144,8192,hyprefill,1024/8192/8192,graph,1,23.5076,14.0156,23.5623,23.5076,
25,8,262144,8192,hyprefill,1024/8192/8192,graph,2,23.9220,13.7410,23.9718,23.9220,
25,8,262144,8192,hyprefill,1024/8192/8192,graph,3,23.9413,13.7410,23.9912,23.9413,
25,8,262144,8192,hyprefill,1024/8192/8192,graph,4,23.4710,14.0156,23.5191,23.4710,
25,8,262144,8192,hyprefill,1024/8192/8192,graph,5,24.2570,13.4665,24.3100,24.2570,
25,8,262144,8192,hyprefill,1024/8192/8192,graph,6,23.4679,14.0156,23.5234,23.4679,
25,8,262144,8192,hyprefill,1024/8192/8192,graph,7,23.8596,13.7410,23.9137,23.8596,
25,8,262144,8192,hyprefill,1024/8192/8192,graph,8,23.6148,14.2584,23.6633,23.6148,
25,8,262144,8192,hyprefill,1024/8192/8192,graph,9,23.8645,14.2584,23.9272,23.8645,
25,8,262144,8192,hyprefill,1024/8192/8192,graph,10,23.9100,13.4983,23.9614,23.9100,
25,8,262144,8192,hyprefill,1024/8192/8192,graph,11,23.6756,13.7410,23.7341,23.6756,
25,8,262144,8192,hyprefill,1024/8192/8192,graph,12,23.4188,14.0156,23.4806,23.4188,
25,8,262144,8192,hyprefill,1024/8192/8192,graph,13,23.1562,13.7092,23.2087,23.1562,
25,8,262144,8192,hyprefill,1024/8192/8192,graph,14,23.4320,14.0156,23.4855,23.4320,
25,8,262144,8192,hyprefill,1024/8192/8192,graph,15,23.8718,13.7410,23.9227,23.8718,
25,8,262144,8192,hyprefill,1024/8192/8192,graph,16,23.5084,14.0156,23.5581,23.5084,
25,8,262144,8192,hyprefill,1024/8192/8192,graph,17,23.9288,13.7410,23.9780,23.9288,
25,8,262144,8192,hyprefill,1024/8192/8192,graph,18,23.9428,13.7410,23.9909,23.9428,
25,8,262144,8192,hyprefill,1024/8192/8192,graph,19,24.1755,14.2902,24.2229,24.1755,
25,8,262144,8192,hyprefill,1024/8192/8192,graph,20,23.7628,13.7410,23.8108,23.7628,
25,8,262144,8192,hyprefill,1024/8192/8192,graph,21,23.5571,14.0156,23.6043,23.5571,
25,8,262144,8192,hyprefill,1024/8192/8192,graph,22,23.1617,13.7092,23.2097,23.1617,
25,8,262144,8192,hyprefill,1024/8192/8192,graph,23,23.7690,14.5648,23.8162,23.7690,
25,8,262144,8192,hyprefill,1024/8192/8192,graph,24,23.6044,13.4346,23.6522,23.6044,
25,8,262144,8192,hyprefill,1024/8192/8192,graph,25,23.8903,13.4983,23.9418,23.8903,
25,8,262144,8192,hyprefill,1024/8192/8192,graph,26,23.3928,14.0156,23.4403,23.3928,
25,8,262144,8192,hyprefill,1024/8192/8192,graph,27,23.9170,13.7410,23.9658,23.9170,
25,8,262144,8192,hyprefill,1024/8192/8192,graph,28,23.9136,13.7410,23.9627,23.9136,
25,8,262144,8192,hyprefill,1024/8192/8192,graph,29,24.2208,14.2902,24.2683,24.2208,
25,8,262144,8192,hyprefill,1024/8192/8192,graph,30,24.2299,13.4665,24.2768,24.2299,
25,8,262144,8192,hyprefill,1024/8192/8192,graph,31,24.2345,14.2902,24.2828,24.2345,
25,8,262144,8192,hyprefill,1024/8192/8192,graph,32,23.9310,13.7410,23.9813,23.9310,
25,8,262144,8192,hyprefill,1024/8192/8192,graph,33,23.9152,13.7410,23.9638,23.9152,
25,8,262144,8192,hyprefill,1024/8192/8192,graph,34,23.9230,13.7410,23.9704,23.9230,
25,8,262144,8192,hyprefill,1024/8192/8192,graph,35,24.2233,13.4665,24.2698,24.2233,
25,8,262144,8192,hyprefill,1024/8192/8192,graph,36,24.2269,14.2902,24.2830,24.2269,
25,8,262144,8192,hyprefill,1024/8192/8192,graph,37,23.9205,13.7410,23.9692,23.9205,
25,8,262144,8192,hyprefill,1024/8192/8192,graph,38,23.8867,13.7410,23.9372,23.8867,
25,8,262144,8192,hyprefill,1024/8192/8192,graph,39,23.9130,13.7410,23.9668,23.9130,
25,8,262144,8192,hyprefill,1024/8192/8192,graph,40,24.2450,14.2902,24.2965,24.2450,
25,8,262144,8192,hyprefill,1024/8192/8192,graph,41,23.9228,13.7410,23.9725,23.9228,
25,8,262144,8192,hyprefill,1024/8192/8192,graph,42,23.4763,14.0156,23.5194,23.4763,
25,8,262144,8192,hyprefill,1024/8192/8192,graph,43,24.1502,13.9838,24.1993,24.1502,
25,8,262144,8192,hyprefill,1024/8192/8192,graph,44,23.6631,14.2584,23.7158,23.6631,
25,8,262144,8192,hyprefill,1024/8192/8192,graph,45,24.0451,13.9838,24.0982,24.0451,
25,8,262144,8192,hyprefill,1024/8192/8192,graph,46,23.4324,14.0156,23.4798,23.4324,
25,8,262144,8192,hyprefill,1024/8192/8192,graph,47,23.7932,13.7410,23.8418,23.7932,
25,8,262144,8192,hyprefill,1024/8192/8192,graph,48,23.7637,13.7410,23.8123,23.7637,
25,8,262144,8192,hyprefill,1024/8192/8192,graph,49,23.3511,14.0156,23.4009,23.3511,
25,8,262144,8192,hyprefill,1024/8192/8192,graph,50,23.0588,13.4665,23.1068,23.0588,
25,8,262144,8192,hyprefill,1024/8192/8192,graph,51,23.3624,14.0156,23.4105,23.3624,
25,8,262144,8192,hyprefill,1024/8192/8192,graph,52,23.4808,14.0156,23.5303,23.4808,
25,8,262144,8192,hyprefill,1024/8192/8192,graph,53,24.0424,13.7410,24.0963,24.0424,
25,8,262144,8192,hyprefill,1024/8192/8192,graph,54,23.9647,13.7410,24.0161,23.9647,
25,8,262144,8192,hyprefill,1024/8192/8192,graph,55,23.9032,13.7410,23.9577,23.9032,
25,8,262144,8192,hyprefill,1024/8192/8192,graph,56,23.9086,13.7410,23.9609,23.9086,
25,8,262144,8192,hyprefill,1024/8192/8192,graph,57,24.2356,14.2902,24.2860,24.2356,
25,8,262144,8192,hyprefill,1024/8192/8192,graph,58,23.9936,13.9838,24.0432,23.9936,
25,8,262144,8192,hyprefill,1024/8192/8192,graph,59,23.6170,14.2584,23.6662,23.6170,
25,8,262144,8192,hyprefill,1024/8192/8192,graph,60,23.9579,13.9838,24.0182,23.9579,
25,8,262144,8192,hyprefill,1024/8192/8192,graph,61,23.7977,14.5648,23.8521,23.7977,
25,8,262144,8192,hyprefill,1024/8192/8192,graph,62,23.7239,13.4346,23.7728,23.7239,
25,8,262144,8192,hyprefill,1024/8192/8192,graph,63,24.1610,14.2902,24.2122,24.1610,
25,8,262144,8192,hyprefill,1024/8192/8192,graph,64,23.9801,13.9838,24.0283,23.9801,
25,8,262144,8192,hyprefill,1024/8192/8192,graph,65,23.3715,14.0156,23.4252,23.3715,
25,8,262144,8192,hyprefill,1024/8192/8192,graph,66,23.9482,13.7410,23.9972,23.9482,
25,8,262144,8192,hyprefill,1024/8192/8192,graph,67,23.9155,13.7410,23.9632,23.9155,
25,8,262144,8192,hyprefill,1024/8192/8192,graph,68,23.8163,13.7410,23.8648,23.8163,
25,8,262144,8192,hyprefill,1024/8192/8192,graph,69,24.2325,14.2902,24.2883,24.2325,
25,8,262144,8192,hyprefill,1024/8192/8192,graph,70,23.8980,13.7410,23.9464,23.8980,
25,8,262144,8192,hyprefill,1024/8192/8192,graph,71,23.8223,13.7410,23.8706,23.8223,
25,8,262144,8192,hyprefill,1024/8192/8192,graph,72,23.4120,14.0156,23.4703,23.4120,
25,8,262144,8192,hyprefill,1024/8192/8192,graph,73,23.7742,13.7410,23.8265,23.7742,
25,8,262144,8192,hyprefill,1024/8192/8192,graph,74,23.8869,13.7410,23.9364,23.8869,
25,8,262144,8192,hyprefill,1024/8192/8192,graph,75,23.8734,13.7410,23.9217,23.8734,
25,8,262144,8192,hyprefill,1024/8192/8192,graph,76,23.5532,14.0156,23.5998,23.5532,
25,8,262144,8192,hyprefill,1024/8192/8192,graph,77,24.3501,13.4665,24.3992,24.3501,
25,8,262144,8192,hyprefill,1024/8192/8192,graph,78,23.3798,14.0156,23.4347,23.3798,
25,8,262144,8192,hyprefill,1024/8192/8192,graph,79,23.9577,13.7410,24.0120,23.9577,
25,8,262144,8192,hyprefill,1024/8192/8192,graph,80,23.8512,13.7410,23.8998,23.8512,
25,8,262144,8192,hyprefill,1024/8192/8192,graph,81,23.4646,14.0156,23.5131,23.4646,
25,8,262144,8192,hyprefill,1024/8192/8192,graph,82,23.9025,13.7410,23.9498,23.9025,
25,8,262144,8192,hyprefill,1024/8192/8192,graph,83,23.6649,14.2584,23.7140,23.6649,
25,8,262144,8192,hyprefill,1024/8192/8192,graph,84,23.4331,14.0156,23.4823,23.4331,
25,8,262144,8192,hyprefill,1024/8192/8192,graph,85,23.8104,13.7410,23.8577,23.8104,
25,8,262144,8192,hyprefill,1024/8192/8192,graph,86,23.3911,14.0156,23.4382,23.3911,
25,8,262144,8192,hyprefill,1024/8192/8192,graph,87,23.8683,13.7410,23.9170,23.8683,
25,8,262144,8192,hyprefill,1024/8192/8192,graph,88,23.5346,14.0156,23.5892,23.5346,
25,8,262144,8192,hyprefill,1024/8192/8192,graph,89,24.0232,13.7410,24.0751,24.0232,
25,8,262144,8192,hyprefill,1024/8192/8192,graph,90,23.8605,13.7410,23.9124,23.8605,
25,8,262144,8192,hyprefill,1024/8192/8192,graph,91,23.4517,14.0156,23.4999,23.4517,
25,8,262144,8192,hyprefill,1024/8192/8192,graph,92,23.8687,13.7410,23.9170,23.8687,
25,8,262144,8192,hyprefill,1024/8192/8192,graph,93,23.7835,13.7410,23.8360,23.7835,
25,8,262144,8192,hyprefill,1024/8192/8192,graph,94,23.3706,14.0156,23.4180,23.3706,
25,8,262144,8192,hyprefill,1024/8192/8192,graph,95,23.9028,13.7410,23.9601,23.9028,
25,8,262144,8192,hyprefill,1024/8192/8192,graph,96,23.8229,13.7410,23.8726,23.8229,
25,8,262144,8192,hyprefill,1024/8192/8192,graph,97,23.3975,14.0156,23.4469,23.3975,
25,8,262144,8192,hyprefill,1024/8192/8192,graph,98,24.0841,13.7410,24.1330,24.0841,
25,8,262144,8192,hyprefill,1024/8192/8192,graph,99,23.8910,13.7410,23.9404,23.8910,
25,8,262144,8192,hyprefill,1024/8192/8192,graph,100,23.7896,13.7410,23.8391,23.7896,
25,8,262144,8192,hyprefill,1024/8192/8192,graph,101,23.5152,14.2584,23.5623,23.5152,
25,8,262144,8192,hyprefill,1024/8192/8192,graph,102,23.7675,13.7410,23.8240,23.7675,
25,8,262144,8192,hyprefill,1024/8192/8192,graph,103,23.4030,14.0156,23.4533,23.4030,
25,8,262144,8192,hyprefill,1024/8192/8192,graph,104,23.8616,13.7410,23.9106,23.8616,
25,8,262144,8192,hyprefill,1024/8192/8192,graph,105,23.4510,14.0156,23.5098,23.4510,
25,8,262144,8192,hyprefill,1024/8192/8192,graph,106,23.9275,13.7410,23.9753,23.9275,
25,8,262144,8192,hyprefill,1024/8192/8192,graph,107,23.7548,13.7410,23.8014,23.7548,
25,8,262144,8192,hyprefill,1024/8192/8192,graph,108,23.3020,14.0156,23.3514,23.3020,
25,8,262144,8192,hyprefill,1024/8192/8192,graph,109,23.7609,13.7410,23.8093,23.7609,
25,8,262144,8192,hyprefill,1024/8192/8192,graph,110,23.3408,14.0156,23.4015,23.3408,
25,8,262144,8192,hyprefill,1024/8192/8192,graph,111,23.9104,13.7410,23.9713,23.9104,
25,8,262144,8192,hyprefill,1024/8192/8192,graph,112,23.8805,13.7410,23.9325,23.8805,
25,8,262144,8192,hyprefill,1024/8192/8192,graph,113,23.9172,13.7410,23.9685,23.9172,
25,8,262144,8192,hyprefill,1024/8192/8192,graph,114,24.1878,14.2902,24.2395,24.1878,
25,8,262144,8192,hyprefill,1024/8192/8192,graph,115,23.7848,13.7410,23.8351,23.7848,
25,8,262144,8192,hyprefill,1024/8192/8192,graph,116,23.4149,14.0156,23.4702,23.4149,
25,8,262144,8192,hyprefill,1024/8192/8192,graph,117,23.9016,13.7410,23.9618,23.9016,
25,8,262144,8192,hyprefill,1024/8192/8192,graph,118,23.5067,14.0156,23.5635,23.5067,
25,8,262144,8192,hyprefill,1024/8192/8192,graph,119,23.9819,13.7410,24.0332,23.9819,
25,8,262144,8192,hyprefill,1024/8192/8192,graph,120,23.8979,13.7410,23.9480,23.8979,
25,8,262144,8192,hyprefill,1024/8192/8192,graph,121,23.5854,14.0156,23.6396,23.5854,
25,8,262144,8192,hyprefill,1024/8192/8192,graph,122,24.2216,13.4665,24.2726,24.2216,
25,8,262144,8192,hyprefill,1024/8192/8192,graph,123,23.7540,13.7410,23.8029,23.7540,
25,8,262144,8192,hyprefill,1024/8192/8192,graph,124,23.3712,14.0156,23.4238,23.3712,
25,8,262144,8192,hyprefill,1024/8192/8192,graph,125,23.9306,13.7410,23.9784,23.9306,
25,8,262144,8192,hyprefill,1024/8192/8192,graph,126,23.8989,13.7410,23.9475,23.8989,
25,8,262144,8192,hyprefill,1024/8192/8192,graph,127,23.4845,14.0156,23.5348,23.4845,
25,8,262144,8192,hyprefill,1024/8192/8192,graph,128,23.8658,13.7410,23.9138,23.8658,
25,8,262144,8192,hyprefill,1024/8192/8192,graph,129,23.8249,13.7410,23.8707,23.8249,
25,8,262144,8192,hyprefill,1024/8192/8192,graph,130,23.8525,13.7410,23.8990,23.8525,
25,8,262144,8192,hyprefill,1024/8192/8192,graph,131,24.0595,14.2902,24.1079,24.0595,
25,8,262144,8192,hyprefill,1024/8192/8192,graph,132,23.8119,13.7410,23.8597,23.8119,
25,8,262144,8192,hyprefill,1024/8192/8192,graph,133,24.1465,14.2902,24.1947,24.1465,
25,8,262144,8192,hyprefill,1024/8192/8192,graph,134,23.9160,13.7410,23.9631,23.9160,
25,8,262144,8192,hyprefill,1024/8192/8192,graph,135,23.9308,13.7410,23.9794,23.9308,
25,8,262144,8192,hyprefill,1024/8192/8192,graph,136,23.8939,13.7410,23.9490,23.8939,
25,8,262144,8192,hyprefill,1024/8192/8192,graph,137,23.2318,13.7092,23.2846,23.2318,
25,8,262144,8192,hyprefill,1024/8192/8192,graph,138,23.4223,14.0156,23.4707,23.4223,
25,8,262144,8192,hyprefill,1024/8192/8192,graph,139,23.8401,13.7410,23.8893,23.8401,
25,8,262144,8192,hyprefill,1024/8192/8192,graph,140,23.3862,14.0156,23.4330,23.3862,
25,8,262144,8192,hyprefill,1024/8192/8192,graph,141,23.8195,13.7410,23.8700,23.8195,
25,8,262144,8192,hyprefill,1024/8192/8192,graph,142,23.4999,14.0156,23.5467,23.4999,
25,8,262144,8192,hyprefill,1024/8192/8192,graph,143,23.2492,13.7092,23.2962,23.2492,
25,8,262144,8192,hyprefill,1024/8192/8192,graph,144,23.4646,14.0156,23.5119,23.4646,
25,8,262144,8192,hyprefill,1024/8192/8192,graph,145,23.7945,13.7410,23.8428,23.7945,
25,8,262144,8192,hyprefill,1024/8192/8192,graph,146,23.5387,14.0156,23.5865,23.5387,
25,8,262144,8192,hyprefill,1024/8192/8192,graph,147,23.8939,13.7410,23.9424,23.8939,
25,8,262144,8192,hyprefill,1024/8192/8192,graph,148,23.5657,14.0156,23.6174,23.5657,
25,8,262144,8192,hyprefill,1024/8192/8192,graph,149,24.0300,13.7410,24.0872,24.0300,
25,8,262144,8192,hyprefill,1024/8192/8192,graph,150,23.9650,13.7410,24.0137,23.9650,
25,8,262144,8192,hyprefill,1024/8192/8192,graph,151,23.4996,14.0156,23.5489,23.4996,
25,8,262144,8192,hyprefill,1024/8192/8192,graph,152,23.8574,13.7410,23.9061,23.8574,
25,8,262144,8192,hyprefill,1024/8192/8192,graph,153,23.7490,13.7410,23.7956,23.7490,
25,8,262144,8192,hyprefill,1024/8192/8192,graph,154,23.3540,14.0156,23.4014,23.3540,
25,8,262144,8192,hyprefill,1024/8192/8192,graph,155,23.8099,13.7410,23.8624,23.8099,
25,8,262144,8192,hyprefill,1024/8192/8192,graph,156,23.4420,14.0156,23.4892,23.4420,
25,8,262144,8192,hyprefill,1024/8192/8192,graph,157,23.9029,13.7410,23.9515,23.9029,
25,8,262144,8192,hyprefill,1024/8192/8192,graph,158,23.9052,13.7410,23.9535,23.9052,
25,8,262144,8192,hyprefill,1024/8192/8192,graph,159,23.8463,13.7410,23.8935,23.8463,
25,8,262144,8192,hyprefill,1024/8192/8192,graph,160,23.9399,13.7410,23.9895,23.9399,
25,8,262144,8192,hyprefill,1024/8192/8192,graph,161,23.9581,13.7410,24.0059,23.9581,
25,8,262144,8192,hyprefill,1024/8192/8192,graph,162,24.2226,14.2902,24.2713,24.2226,
25,8,262144,8192,hyprefill,1024/8192/8192,graph,163,23.9173,13.7410,23.9652,23.9173,
25,8,262144,8192,hyprefill,1024/8192/8192,graph,164,23.8927,13.7410,23.9413,23.8927,
25,8,262144,8192,hyprefill,1024/8192/8192,graph,165,24.2218,14.2902,24.2709,24.2218,
25,8,262144,8192,hyprefill,1024/8192/8192,graph,166,23.9602,13.7410,24.0073,23.9602,
25,8,262144,8192,hyprefill,1024/8192/8192,graph,167,23.8416,13.7410,23.8914,23.8416,
25,8,262144,8192,hyprefill,1024/8192/8192,graph,168,23.7678,13.7410,23.8157,23.7678,
25,8,262144,8192,hyprefill,1024/8192/8192,graph,169,24.1179,14.2902,24.1658,24.1179,
25,8,262144,8192,hyprefill,1024/8192/8192,graph,170,23.8739,13.7410,23.9267,23.8739,
25,8,262144,8192,hyprefill,1024/8192/8192,graph,171,24.1189,14.2902,24.1688,24.1189,
25,8,262144,8192,hyprefill,1024/8192/8192,graph,172,23.8834,13.7410,23.9257,23.8834,
25,8,262144,8192,hyprefill,1024/8192/8192,graph,173,23.5161,14.0156,23.5638,23.5161,
25,8,262144,8192,hyprefill,1024/8192/8192,graph,174,23.8506,13.7410,23.8987,23.8506,
25,8,262144,8192,hyprefill,1024/8192/8192,graph,175,23.8721,13.7410,23.9200,23.8721,
25,8,262144,8192,hyprefill,1024/8192/8192,graph,176,23.7295,13.7410,23.7780,23.7295,
25,8,262144,8192,hyprefill,1024/8192/8192,graph,177,23.4003,14.0156,23.4486,23.4003,
25,8,262144,8192,hyprefill,1024/8192/8192,graph,178,23.7707,13.7410,23.8176,23.7707,
25,8,262144,8192,hyprefill,1024/8192/8192,graph,179,23.4080,14.0156,23.4575,23.4080,
25,8,262144,8192,hyprefill,1024/8192/8192,graph,180,23.9657,13.7410,24.0167,23.9657,
25,8,262144,8192,hyprefill,1024/8192/8192,graph,181,23.9402,13.7410,23.9882,23.9402,
25,8,262144,8192,hyprefill,1024/8192/8192,graph,182,23.0667,13.4665,23.1252,23.0667,
25,8,262144,8192,hyprefill,1024/8192/8192,graph,183,23.3791,14.0156,23.4302,23.3791,
25,8,262144,8192,hyprefill,1024/8192/8192,graph,184,23.8832,13.7410,23.9325,23.8832,
25,8,262144,8192,hyprefill,1024/8192/8192,graph,185,23.5531,14.0156,23.6026,23.5531,
25,8,262144,8192,hyprefill,1024/8192/8192,graph,186,23.9575,13.9838,24.0050,23.9575,
25,8,262144,8192,hyprefill,1024/8192/8192,graph,187,23.9647,14.8076,24.0123,23.9647,
25,8,262144,8192,hyprefill,1024/8192/8192,graph,188,24.0793,13.9838,24.1253,24.0793,
25,8,262144,8192,hyprefill,1024/8192/8192,graph,189,23.4315,14.0156,23.4801,23.4315,
25,8,262144,8192,hyprefill,1024/8192/8192,graph,190,23.8406,13.7410,23.8901,23.8406,
25,8,262144,8192,hyprefill,1024/8192/8192,graph,191,23.8637,13.7410,23.9115,23.8637,
25,8,262144,8192,hyprefill,1024/8192/8192,graph,192,24.1189,14.2902,24.1681,24.1189,
25,8,262144,8192,hyprefill,1024/8192/8192,graph,193,23.9074,13.7410,23.9606,23.9074,
25,8,262144,8192,hyprefill,1024/8192/8192,graph,194,23.8420,13.7410,23.8918,23.8420,
25,8,262144,8192,hyprefill,1024/8192/8192,graph,195,24.2565,14.2902,24.3201,24.2565,
25,8,262144,8192,hyprefill,1024/8192/8192,graph,196,24.0121,13.7410,24.0595,24.0121,
25,8,262144,8192,hyprefill,1024/8192/8192,graph,197,23.8755,13.7410,23.9232,23.8755,
25,8,262144,8192,hyprefill,1024/8192/8192,graph,198,23.7152,13.7410,23.7631,23.7152,
25,8,262144,8192,hyprefill,1024/8192/8192,graph,199,24.1131,14.2902,24.1625,24.1131,
25,8,262144,8192,hyprefill,512/8192/8192,graph,0,23.2982,13.8683,23.3456,23.2982,
25,8,262144,8192,hyprefill,512/8192/8192,graph,1,23.7694,13.5938,23.8168,23.7694,
25,8,262144,8192,hyprefill,512/8192/8192,graph,2,23.7275,13.5938,23.7782,23.7275,
25,8,262144,8192,hyprefill,512/8192/8192,graph,3,23.3681,13.8683,23.4225,23.3681,
25,8,262144,8192,hyprefill,512/8192/8192,graph,4,23.7784,13.5938,23.8271,23.7784,
25,8,262144,8192,hyprefill,512/8192/8192,graph,5,23.4947,14.1111,23.5437,23.4947,
25,8,262144,8192,hyprefill,512/8192/8192,graph,6,23.6321,13.8047,23.6785,23.6321,
25,8,262144,8192,hyprefill,512/8192/8192,graph,7,23.5237,14.1111,23.5711,23.5237,
25,8,262144,8192,hyprefill,512/8192/8192,graph,8,23.1736,14.0793,23.2208,23.1736,
25,8,262144,8192,hyprefill,512/8192/8192,graph,9,23.7627,13.8047,23.8092,23.7627,
25,8,262144,8192,hyprefill,512/8192/8192,graph,10,23.5129,14.1111,23.5612,23.5129,
25,8,262144,8192,hyprefill,512/8192/8192,graph,11,23.3785,13.7729,23.4242,23.3785,
25,8,262144,8192,hyprefill,512/8192/8192,graph,12,23.4892,14.6285,23.5376,23.4892,
25,8,262144,8192,hyprefill,512/8192/8192,graph,13,23.1399,13.5619,23.1950,23.1399,
25,8,262144,8192,hyprefill,512/8192/8192,graph,14,23.4503,14.1111,23.5004,23.4503,
25,8,262144,8192,hyprefill,512/8192/8192,graph,15,23.4449,13.8047,23.4948,23.4449,
25,8,262144,8192,hyprefill,512/8192/8192,graph,16,23.5924,14.6285,23.6442,23.5924,
25,8,262144,8192,hyprefill,512/8192/8192,graph,17,23.4911,13.8047,23.5400,23.4911,
25,8,262144,8192,hyprefill,512/8192/8192,graph,18,23.4040,14.1111,23.4524,23.4040,
25,8,262144,8192,hyprefill,512/8192/8192,graph,19,23.3781,14.1111,23.4271,23.3781,
25,8,262144,8192,hyprefill,512/8192/8192,graph,20,23.4403,14.1111,23.4890,23.4403,
25,8,262144,8192,hyprefill,512/8192/8192,graph,21,23.4885,14.1111,23.5379,23.4885,
25,8,262144,8192,hyprefill,512/8192/8192,graph,22,23.7983,13.5938,23.8458,23.7983,
25,8,262144,8192,hyprefill,512/8192/8192,graph,23,23.3731,13.8683,23.4286,23.3731,
25,8,262144,8192,hyprefill,512/8192/8192,graph,24,23.7768,13.5938,23.8300,23.7768,
25,8,262144,8192,hyprefill,512/8192/8192,graph,25,23.8901,13.8365,23.9387,23.8901,
25,8,262144,8192,hyprefill,512/8192/8192,graph,26,23.7434,14.1429,23.7922,23.7434,
25,8,262144,8192,hyprefill,512/8192/8192,graph,27,23.4408,13.5938,23.4895,23.4408,
25,8,262144,8192,hyprefill,512/8192/8192,graph,28,23.4969,14.1111,23.5440,23.4969,
25,8,262144,8192,hyprefill,512/8192/8192,graph,29,23.5543,13.8047,23.5996,23.5543,
25,8,262144,8192,hyprefill,512/8192/8192,graph,30,23.5473,14.6285,23.5942,23.5473,
25,8,262144,8192,hyprefill,512/8192/8192,graph,31,23.6522,13.8047,23.6981,23.6522,
25,8,262144,8192,hyprefill,512/8192/8192,graph,32,23.4626,14.1111,23.5104,23.4626,
25,8,262144,8192,hyprefill,512/8192/8192,graph,33,22.7794,13.8365,22.8274,22.7794,
25,8,262144,8192,hyprefill,512/8192/8192,graph,34,23.2399,13.7729,23.2877,23.2399,
25,8,262144,8192,hyprefill,512/8192/8192,graph,35,23.2074,14.0793,23.2539,23.2074,
25,8,262144,8192,hyprefill,512/8192/8192,graph,36,23.1438,13.5619,23.1922,23.1438,
25,8,262144,8192,hyprefill,512/8192/8192,graph,37,23.0581,14.3857,23.1062,23.0581,
25,8,262144,8192,hyprefill,512/8192/8192,graph,38,23.5229,13.8047,23.5716,23.5229,
25,8,262144,8192,hyprefill,512/8192/8192,graph,39,23.5373,14.6285,23.5851,23.5373,
25,8,262144,8192,hyprefill,512/8192/8192,graph,40,22.8941,13.5301,22.9426,22.8941,
25,8,262144,8192,hyprefill,512/8192/8192,graph,41,23.4532,14.1111,23.5008,23.4532,
25,8,262144,8192,hyprefill,512/8192/8192,graph,42,23.8810,13.8365,23.9236,23.8810,
25,8,262144,8192,hyprefill,512/8192/8192,graph,43,23.4999,14.1111,23.5492,23.4999,
25,8,262144,8192,hyprefill,512/8192/8192,graph,44,23.1852,13.5619,23.2325,23.1852,
25,8,262144,8192,hyprefill,512/8192/8192,graph,45,22.9964,13.8683,23.0438,22.9964,
25,8,262144,8192,hyprefill,512/8192/8192,graph,46,23.4841,13.5938,23.5334,23.4841,
25,8,262144,8192,hyprefill,512/8192/8192,graph,47,23.0301,13.8683,23.0800,23.0301,
25,8,262144,8192,hyprefill,512/8192/8192,graph,48,23.2225,13.5619,23.2699,23.2225,
25,8,262144,8192,hyprefill,512/8192/8192,graph,49,23.0397,13.8683,23.0881,23.0397,
25,8,262144,8192,hyprefill,512/8192/8192,graph,50,23.5168,13.5938,23.5646,23.5168,
25,8,262144,8192,hyprefill,512/8192/8192,graph,51,23.4481,14.1111,23.5227,23.4481,
25,8,262144,8192,hyprefill,512/8192/8192,graph,52,23.6136,13.8047,23.6612,23.6136,
25,8,262144,8192,hyprefill,512/8192/8192,graph,53,23.5009,14.6285,23.5481,23.5009,
25,8,262144,8192,hyprefill,512/8192/8192,graph,54,23.1799,14.0793,23.2301,23.1799,
25,8,262144,8192,hyprefill,512/8192/8192,graph,55,22.7690,13.8365,22.8161,22.7690,
25,8,262144,8192,hyprefill,512/8192/8192,graph,56,22.8644,13.8365,22.9129,22.8644,
25,8,262144,8192,hyprefill,512/8192/8192,graph,57,23.2969,13.7729,23.3449,23.2969,
25,8,262144,8192,hyprefill,512/8192/8192,graph,58,23.1970,14.0793,23.2444,23.1970,
25,8,262144,8192,hyprefill,512/8192/8192,graph,59,23.4854,14.1111,23.5328,23.4854,
25,8,262144,8192,hyprefill,512/8192/8192,graph,60,23.4888,14.1111,23.5359,23.4888,
25,8,262144,8192,hyprefill,512/8192/8192,graph,61,23.7483,13.8047,23.8029,23.7483,
25,8,262144,8192,hyprefill,512/8192/8192,graph,62,23.1804,14.0793,23.2355,23.1804,
25,8,262144,8192,hyprefill,512/8192/8192,graph,63,23.2265,14.0793,23.2765,23.2265,
25,8,262144,8192,hyprefill,512/8192/8192,graph,64,23.4885,14.1111,23.5380,23.4885,
25,8,262144,8192,hyprefill,512/8192/8192,graph,65,23.1052,13.5619,23.1570,23.1052,
25,8,262144,8192,hyprefill,512/8192/8192,graph,66,23.4516,14.1111,23.4990,23.4516,
25,8,262144,8192,hyprefill,512/8192/8192,graph,67,23.1651,13.5619,23.2114,23.1651,
25,8,262144,8192,hyprefill,512/8192/8192,graph,68,23.0362,13.8683,23.0845,23.0362,
25,8,262144,8192,hyprefill,512/8192/8192,graph,69,23.5044,13.5938,23.5537,23.5044,
25,8,262144,8192,hyprefill,512/8192/8192,graph,70,23.1517,13.8683,23.2006,23.1517,
25,8,262144,8192,hyprefill,512/8192/8192,graph,71,23.1988,13.5619,23.2459,23.1988,
25,8,262144,8192,hyprefill,512/8192/8192,graph,72,23.0956,13.8683,23.1441,23.0956,
25,8,262144,8192,hyprefill,512/8192/8192,graph,73,23.5158,13.5938,23.5644,23.5158,
25,8,262144,8192,hyprefill,512/8192/8192,graph,74,23.2065,14.0793,23.2553,23.2065,
25,8,262144,8192,hyprefill,512/8192/8192,graph,75,23.1518,14.0793,23.2069,23.1518,
25,8,262144,8192,hyprefill,512/8192/8192,graph,76,23.2195,14.0793,23.2691,23.2195,
25,8,262144,8192,hyprefill,512/8192/8192,graph,77,23.2455,14.0793,23.2945,23.2455,
25,8,262144,8192,hyprefill,512/8192/8192,graph,78,23.7046,13.8047,23.7526,23.7046,
25,8,262144,8192,hyprefill,512/8192/8192,graph,79,23.5614,14.1111,23.6099,23.5614,
25,8,262144,8192,hyprefill,512/8192/8192,graph,80,23.7988,13.8047,23.8516,23.7988,
25,8,262144,8192,hyprefill,512/8192/8192,graph,81,23.6079,13.8047,23.6554,23.6079,
25,8,262144,8192,hyprefill,512/8192/8192,graph,82,23.4321,14.1111,23.4797,23.4321,
25,8,262144,8192,hyprefill,512/8192/8192,graph,83,23.4642,14.1111,23.5111,23.4642,
25,8,262144,8192,hyprefill,512/8192/8192,graph,84,23.4502,13.8047,23.4980,23.4502,
25,8,262144,8192,hyprefill,512/8192/8192,graph,85,23.4912,14.1111,23.5392,23.4912,
25,8,262144,8192,hyprefill,512/8192/8192,graph,86,23.1581,14.0793,23.2046,23.1581,
25,8,262144,8192,hyprefill,512/8192/8192,graph,87,23.4075,14.1111,23.4664,23.4075,
25,8,262144,8192,hyprefill,512/8192/8192,graph,88,23.8130,13.8365,23.8742,23.8130,
25,8,262144,8192,hyprefill,512/8192/8192,graph,89,23.5939,14.1111,23.6452,23.5939,
25,8,262144,8192,hyprefill,512/8192/8192,graph,90,23.2181,13.5619,23.2682,23.2181,
25,8,262144,8192,hyprefill,512/8192/8192,graph,91,23.1122,13.8683,23.1660,23.1122,
25,8,262144,8192,hyprefill,512/8192/8192,graph,92,23.5159,13.5938,23.5645,23.5159,
25,8,262144,8192,hyprefill,512/8192/8192,graph,93,23.1624,13.8683,23.2146,23.1624,
25,8,262144,8192,hyprefill,512/8192/8192,graph,94,23.3077,13.5619,23.3595,23.3077,
25,8,262144,8192,hyprefill,512/8192/8192,graph,95,23.1743,13.8683,23.2239,23.1743,
25,8,262144,8192,hyprefill,512/8192/8192,graph,96,23.6770,13.5938,23.7265,23.6770,
25,8,262144,8192,hyprefill,512/8192/8192,graph,97,23.7416,13.8047,23.7900,23.7416,
25,8,262144,8192,hyprefill,512/8192/8192,graph,98,23.2944,14.0793,23.3447,23.2944,
25,8,262144,8192,hyprefill,512/8192/8192,graph,99,23.2642,14.0793,23.3124,23.2642,
25,8,262144,8192,hyprefill,512/8192/8192,graph,100,23.2925,14.0793,23.3528,23.2925,
25,8,262144,8192,hyprefill,512/8192/8192,graph,101,23.0948,14.0793,23.1463,23.0948,
25,8,262144,8192,hyprefill,512/8192/8192,graph,102,23.1780,14.0793,23.2344,23.1780,
25,8,262144,8192,hyprefill,512/8192/8192,graph,103,23.5630,13.8047,23.6159,23.5630,
25,8,262144,8192,hyprefill,512/8192/8192,graph,104,23.0868,14.0793,23.1358,23.0868,
25,8,262144,8192,hyprefill,512/8192/8192,graph,105,23.4364,14.1111,23.4874,23.4364,
25,8,262144,8192,hyprefill,512/8192/8192,graph,106,23.4222,14.1111,23.4708,23.4222,
25,8,262144,8192,hyprefill,512/8192/8192,graph,107,23.6487,13.8047,23.6915,23.6487,
25,8,262144,8192,hyprefill,512/8192/8192,graph,108,23.5156,14.1111,23.5641,23.5156,
25,8,262144,8192,hyprefill,512/8192/8192,graph,109,23.6426,13.8047,23.6915,23.6426,
25,8,262144,8192,hyprefill,512/8192/8192,graph,110,23.4640,14.1111,23.5135,23.4640,
25,8,262144,8192,hyprefill,512/8192/8192,graph,111,23.1910,13.5619,23.2437,23.1910,
25,8,262144,8192,hyprefill,512/8192/8192,graph,112,23.4504,14.1111,23.5051,23.4504,
25,8,262144,8192,hyprefill,512/8192/8192,graph,113,23.3364,13.5619,23.3944,23.3364,
25,8,262144,8192,hyprefill,512/8192/8192,graph,114,23.1086,13.8683,23.1596,23.1086,
25,8,262144,8192,hyprefill,512/8192/8192,graph,115,23.5878,13.5938,23.6369,23.5878,
25,8,262144,8192,hyprefill,512/8192/8192,graph,116,23.1599,13.8683,23.2076,23.1599,
25,8,262144,8192,hyprefill,512/8192/8192,graph,117,23.3860,13.5619,23.4351,23.3860,
25,8,262144,8192,hyprefill,512/8192/8192,graph,118,23.1426,13.8683,23.1918,23.1426,
25,8,262144,8192,hyprefill,512/8192/8192,graph,119,23.6420,13.5938,23.6904,23.6420,
25,8,262144,8192,hyprefill,512/8192/8192,graph,120,23.0792,14.0793,23.1271,23.0792,
25,8,262144,8192,hyprefill,512/8192/8192,graph,121,23.2328,14.0793,23.2809,23.2328,
25,8,262144,8192,hyprefill,512/8192/8192,graph,122,23.2797,14.0793,23.3286,23.2797,
25,8,262144,8192,hyprefill,512/8192/8192,graph,123,23.3735,14.0793,23.4217,23.3735,
25,8,262144,8192,hyprefill,512/8192/8192,graph,124,23.6575,13.8047,23.7062,23.6575,
25,8,262144,8192,hyprefill,512/8192/8192,graph,125,23.5930,14.1111,23.6413,23.5930,
25,8,262144,8192,hyprefill,512/8192/8192,graph,126,23.4423,13.7729,23.5162,23.4423,
25,8,262144,8192,hyprefill,512/8192/8192,graph,127,24.0080,14.3539,24.0626,24.0080,
25,8,262144,8192,hyprefill,512/8192/8192,graph,128,23.9097,13.8365,23.9611,23.9097,
25,8,262144,8192,hyprefill,512/8192/8192,graph,129,23.5124,14.1111,23.5718,23.5124,
25,8,262144,8192,hyprefill,512/8192/8192,graph,130,23.6761,13.8047,23.7239,23.6761,
25,8,262144,8192,hyprefill,512/8192/8192,graph,131,23.6360,14.1111,23.6854,23.6360,
25,8,262144,8192,hyprefill,512/8192/8192,graph,132,23.7127,13.8047,23.7606,23.7127,
25,8,262144,8192,hyprefill,512/8192/8192,graph,133,23.5557,14.1111,23.6049,23.5557,
25,8,262144,8192,hyprefill,512/8192/8192,graph,134,23.2564,13.5619,23.3075,23.2564,
25,8,262144,8192,hyprefill,512/8192/8192,graph,135,23.5365,14.1111,23.6039,23.5365,
25,8,262144,8192,hyprefill,512/8192/8192,graph,136,23.3097,13.5619,23.3579,23.3097,
25,8,262144,8192,hyprefill,512/8192/8192,graph,137,23.1420,13.8683,23.1906,23.1420,
25,8,262144,8192,hyprefill,512/8192/8192,graph,138,23.6015,13.5938,23.6489,23.6015,
25,8,262144,8192,hyprefill,512/8192/8192,graph,139,23.2474,13.8683,23.2958,23.2474,
25,8,262144,8192,hyprefill,512/8192/8192,graph,140,23.3196,13.5619,23.3664,23.3196,
25,8,262144,8192,hyprefill,512/8192/8192,graph,141,23.2187,13.8683,23.2658,23.2187,
25,8,262144,8192,hyprefill,512/8192/8192,graph,142,23.6674,13.5938,23.7143,23.6674,
25,8,262144,8192,hyprefill,512/8192/8192,graph,143,23.2451,14.0793,23.2928,23.2451,
25,8,262144,8192,hyprefill,512/8192/8192,graph,144,23.6614,14.3220,23.7084,23.6614,
25,8,262144,8192,hyprefill,512/8192/8192,graph,145,23.7416,14.3220,23.7941,23.7416,
25,8,262144,8192,hyprefill,512/8192/8192,graph,146,23.7407,14.3220,23.7874,23.7407,
25,8,262144,8192,hyprefill,512/8192/8192,graph,147,23.6433,13.8047,23.6895,23.6433,
25,8,262144,8192,hyprefill,512/8192/8192,graph,148,23.6169,14.1111,23.6638,23.6169,
25,8,262144,8192,hyprefill,512/8192/8192,graph,149,23.8854,13.8047,23.9332,23.8854,
25,8,262144,8192,hyprefill,512/8192/8192,graph,150,23.1557,14.0793,23.2038,23.1557,
25,8,262144,8192,hyprefill,512/8192/8192,graph,151,23.4595,14.1111,23.5082,23.4595,
25,8,262144,8192,hyprefill,512/8192/8192,graph,152,23.4597,14.1111,23.5081,23.4597,
25,8,262144,8192,hyprefill,512/8192/8192,graph,153,23.6770,13.8047,23.7239,23.6770,
25,8,262144,8192,hyprefill,512/8192/8192,graph,154,23.5813,14.1111,23.6286,23.5813,
25,8,262144,8192,hyprefill,512/8192/8192,graph,155,23.6326,13.8047,23.6813,23.6326,
25,8,262144,8192,hyprefill,512/8192/8192,graph,156,23.4317,14.1111,23.4786,23.4317,
25,8,262144,8192,hyprefill,512/8192/8192,graph,157,23.7972,13.8365,23.8456,23.7972,
25,8,262144,8192,hyprefill,512/8192/8192,graph,158,23.9320,14.1429,23.9844,23.9320,
25,8,262144,8192,hyprefill,512/8192/8192,graph,159,23.2814,13.5619,23.3395,23.2814,
25,8,262144,8192,hyprefill,512/8192/8192,graph,160,23.8009,14.1429,23.8534,23.8009,
25,8,262144,8192,hyprefill,512/8192/8192,graph,161,23.6427,13.5938,23.6935,23.6427,
25,8,262144,8192,hyprefill,512/8192/8192,graph,162,23.2306,13.8683,23.2786,23.2306,
25,8,262144,8192,hyprefill,512/8192/8192,graph,163,23.3886,13.5619,23.4372,23.3886,
25,8,262144,8192,hyprefill,512/8192/8192,graph,164,23.2351,13.8683,23.2829,23.2351,
25,8,262144,8192,hyprefill,512/8192/8192,graph,165,23.7141,13.5938,23.7637,23.7141,
25,8,262144,8192,hyprefill,512/8192/8192,graph,166,23.6628,13.8047,23.7096,23.6628,
25,8,262144,8192,hyprefill,512/8192/8192,graph,167,23.3272,14.0793,23.3743,23.3272,
25,8,262144,8192,hyprefill,512/8192/8192,graph,168,23.2044,14.0793,23.2924,23.2044,
25,8,262144,8192,hyprefill,512/8192/8192,graph,169,23.7044,14.1111,23.7530,23.7044,
25,8,262144,8192,hyprefill,512/8192/8192,graph,170,23.2630,13.5619,23.3118,23.2630,
25,8,262144,8192,hyprefill,512/8192/8192,graph,171,23.5653,14.1111,23.6125,23.5653,
25,8,262144,8192,hyprefill,512/8192/8192,graph,172,23.0776,13.5301,23.1202,23.0776,
25,8,262144,8192,hyprefill,512/8192/8192,graph,173,23.4005,14.1111,23.4477,23.4005,
25,8,262144,8192,hyprefill,512/8192/8192,graph,174,23.4373,14.1111,23.4850,23.4373,
25,8,262144,8192,hyprefill,512/8192/8192,graph,175,23.4616,14.1111,23.5105,23.4616,
25,8,262144,8192,hyprefill,512/8192/8192,graph,176,23.7463,13.8047,23.7949,23.7463,
25,8,262144,8192,hyprefill,512/8192/8192,graph,177,23.7437,14.1111,23.7913,23.7437,
25,8,262144,8192,hyprefill,512/8192/8192,graph,178,23.7066,13.8047,23.7531,23.7066,
25,8,262144,8192,hyprefill,512/8192/8192,graph,179,23.2192,14.0793,23.2657,23.2192,
25,8,262144,8192,hyprefill,512/8192/8192,graph,180,23.5799,13.8047,23.6271,23.5799,
25,8,262144,8192,hyprefill,512/8192/8192,graph,181,23.5125,14.1111,23.5611,23.5125,
25,8,262144,8192,hyprefill,512/8192/8192,graph,182,23.6305,13.8047,23.6827,23.6305,
25,8,262144,8192,hyprefill,512/8192/8192,graph,183,23.4356,14.1111,23.4868,23.4356,
25,8,262144,8192,hyprefill,512/8192/8192,graph,184,23.4971,14.1111,23.5457,23.4971,
25,8,262144,8192,hyprefill,512/8192/8192,graph,185,23.4811,14.1111,23.5330,23.4811,
25,8,262144,8192,hyprefill,512/8192/8192,graph,186,23.4527,13.5619,23.5005,23.4527,
25,8,262144,8192,hyprefill,512/8192/8192,graph,187,23.2585,13.8683,23.3058,23.2585,
25,8,262144,8192,hyprefill,512/8192/8192,graph,188,23.7506,13.5938,23.8009,23.7506,
25,8,262144,8192,hyprefill,512/8192/8192,graph,189,23.5121,13.8047,23.5593,23.5121,
25,8,262144,8192,hyprefill,512/8192/8192,graph,190,23.7415,14.1111,23.7899,23.7415,
25,8,262144,8192,hyprefill,512/8192/8192,graph,191,23.2259,14.0793,23.2737,23.2259,
25,8,262144,8192,hyprefill,512/8192/8192,graph,192,23.6996,14.1111,23.7493,23.6996,
25,8,262144,8192,hyprefill,512/8192/8192,graph,193,23.2964,13.5619,23.3446,23.2964,
25,8,262144,8192,hyprefill,512/8192/8192,graph,194,23.5757,14.1111,23.6248,23.5757,
25,8,262144,8192,hyprefill,512/8192/8192,graph,195,23.6677,13.8047,23.7459,23.6677,
25,8,262144,8192,hyprefill,512/8192/8192,graph,196,23.4650,14.1111,23.5137,23.4650,
25,8,262144,8192,hyprefill,512/8192/8192,graph,197,23.4809,14.1111,23.5428,23.4809,
25,8,262144,8192,hyprefill,512/8192/8192,graph,198,23.4944,14.1111,23.5526,23.4944,
25,8,262144,8192,hyprefill,512/8192/8192,graph,199,23.6076,13.8047,23.6577,23.6076,
25,8,262144,8192,hyprefill,512/4096/4096,graph,0,23.6515,14.1111,23.7006,23.6515,
25,8,262144,8192,hyprefill,512/4096/4096,graph,1,23.4801,14.1111,23.5304,23.4801,
25,8,262144,8192,hyprefill,512/4096/4096,graph,2,23.3293,14.3857,23.3797,23.3293,
25,8,262144,8192,hyprefill,512/4096/4096,graph,3,23.7462,13.5619,23.7934,23.7462,
25,8,262144,8192,hyprefill,512/4096/4096,graph,4,23.3630,14.3857,23.4096,23.3630,
25,8,262144,8192,hyprefill,512/4096/4096,graph,5,23.2240,13.8365,23.2714,23.2240,
25,8,262144,8192,hyprefill,512/4096/4096,graph,6,23.6419,14.1111,23.6885,23.6419,
25,8,262144,8192,hyprefill,512/4096/4096,graph,7,23.5407,14.6285,23.5864,23.5407,
25,8,262144,8192,hyprefill,512/4096/4096,graph,8,23.2564,14.3539,23.3015,23.2564,
25,8,262144,8192,hyprefill,512/4096/4096,graph,9,23.2223,14.8712,23.2674,23.2223,
25,8,262144,8192,hyprefill,512/4096/4096,graph,10,23.2769,14.3539,23.3216,23.2769,
25,8,262144,8192,hyprefill,512/4096/4096,graph,11,23.5559,14.6285,23.6025,23.5559,
25,8,262144,8192,hyprefill,512/4096/4096,graph,12,23.3158,14.3539,23.3605,23.3158,
25,8,262144,8192,hyprefill,512/4096/4096,graph,13,23.7744,13.8365,23.8213,23.7744,
25,8,262144,8192,hyprefill,512/4096/4096,graph,14,23.6758,14.6603,23.7222,23.6758,
25,8,262144,8192,hyprefill,512/4096/4096,graph,15,23.4970,14.1111,23.5435,23.4970,
25,8,262144,8192,hyprefill,512/4096/4096,graph,16,23.6172,14.1111,23.6625,23.6172,
25,8,262144,8192,hyprefill,512/4096/4096,graph,17,23.6597,14.1111,23.7095,23.6597,
25,8,262144,8192,hyprefill,512/4096/4096,graph,18,23.1297,13.8365,23.1769,23.1297,
25,8,262144,8192,hyprefill,512/4096/4096,graph,19,23.3310,14.3857,23.3782,23.3310,
25,8,262144,8192,hyprefill,512/4096/4096,graph,20,23.3520,13.8365,23.3969,23.3520,
25,8,262144,8192,hyprefill,512/4096/4096,graph,21,23.2553,14.3857,23.3017,23.2553,
25,8,262144,8192,hyprefill,512/4096/4096,graph,22,23.4405,14.3857,23.4891,23.4405,
25,8,262144,8192,hyprefill,512/4096/4096,graph,23,23.3197,14.3857,23.3673,23.3197,
25,8,262144,8192,hyprefill,512/4096/4096,graph,24,23.3221,14.3539,23.3696,23.3221,
25,8,262144,8192,hyprefill,512/4096/4096,graph,25,22.9489,14.6285,22.9964,22.9489,
25,8,262144,8192,hyprefill,512/4096/4096,graph,26,23.4614,14.0793,23.5145,23.4614,
25,8,262144,8192,hyprefill,512/4096/4096,graph,27,23.4995,14.6285,23.5470,23.4995,
25,8,262144,8192,hyprefill,512/4096/4096,graph,28,23.6691,14.6285,23.7274,23.6691,
25,8,262144,8192,hyprefill,512/4096/4096,graph,29,23.6660,14.6285,23.7158,23.6660,
25,8,262144,8192,hyprefill,512/4096/4096,graph,30,23.6067,14.6285,23.6557,23.6067,
25,8,262144,8192,hyprefill,512/4096/4096,graph,31,23.6438,14.6285,23.6919,23.6438,
25,8,262144,8192,hyprefill,512/4096/4096,graph,32,23.4373,14.3857,23.4891,23.4373,
25,8,262144,8192,hyprefill,512/4096/4096,graph,33,23.6129,14.1111,23.6674,23.6129,
25,8,262144,8192,hyprefill,512/4096/4096,graph,34,23.2383,13.8365,23.2892,23.2383,
25,8,262144,8192,hyprefill,512/4096/4096,graph,35,23.2152,13.8365,23.2636,23.2152,
25,8,262144,8192,hyprefill,512/4096/4096,graph,36,23.6140,14.1111,23.6638,23.6140,
25,8,262144,8192,hyprefill,512/4096/4096,graph,37,23.3187,14.3857,23.3676,23.3187,
25,8,262144,8192,hyprefill,512/4096/4096,graph,38,23.4245,14.3857,23.4717,23.4245,
25,8,262144,8192,hyprefill,512/4096/4096,graph,39,23.6294,14.0793,23.6743,23.6294,
25,8,262144,8192,hyprefill,512/4096/4096,graph,40,23.4484,14.9031,23.4954,23.4484,
25,8,262144,8192,hyprefill,512/4096/4096,graph,41,23.6017,14.0793,23.6482,23.6017,
25,8,262144,8192,hyprefill,512/4096/4096,graph,42,23.4500,14.3857,23.4976,23.4500,
25,8,262144,8192,hyprefill,512/4096/4096,graph,43,23.8209,13.8047,23.8696,23.8209,
25,8,262144,8192,hyprefill,512/4096/4096,graph,44,23.3443,14.3857,23.4024,23.3443,
25,8,262144,8192,hyprefill,512/4096/4096,graph,45,23.5146,14.6285,23.5665,23.5146,
25,8,262144,8192,hyprefill,512/4096/4096,graph,46,23.7430,14.6285,23.7909,23.7430,
25,8,262144,8192,hyprefill,512/4096/4096,graph,47,23.5386,14.6285,23.5886,23.5386,
25,8,262144,8192,hyprefill,512/4096/4096,graph,48,23.6731,14.1111,23.7190,23.6731,
25,8,262144,8192,hyprefill,512/4096/4096,graph,49,23.6195,14.1111,23.6672,23.6195,
25,8,262144,8192,hyprefill,512/4096/4096,graph,50,23.3870,14.3857,23.4346,23.3870,
25,8,262144,8192,hyprefill,512/4096/4096,graph,51,23.7623,14.1111,23.8099,23.7623,
25,8,262144,8192,hyprefill,512/4096/4096,graph,52,23.4490,14.3857,23.4947,23.4490,
25,8,262144,8192,hyprefill,512/4096/4096,graph,53,23.3668,14.3857,23.4146,23.3668,
25,8,262144,8192,hyprefill,512/4096/4096,graph,54,23.6927,14.0793,23.7545,23.6927,
25,8,262144,8192,hyprefill,512/4096/4096,graph,55,23.3348,14.3857,23.3829,23.3348,
25,8,262144,8192,hyprefill,512/4096/4096,graph,56,23.6561,14.0793,23.7083,23.6561,
25,8,262144,8192,hyprefill,512/4096/4096,graph,57,23.6493,14.1111,23.6989,23.6493,
25,8,262144,8192,hyprefill,512/4096/4096,graph,58,23.5674,14.1111,23.6154,23.5674,
25,8,262144,8192,hyprefill,512/4096/4096,graph,59,23.7681,14.1111,23.8152,23.7681,
25,8,262144,8192,hyprefill,512/4096/4096,graph,60,23.6932,14.1111,23.7409,23.6932,
25,8,262144,8192,hyprefill,512/4096/4096,graph,61,23.7887,14.6603,23.8359,23.7887,
25,8,262144,8192,hyprefill,512/4096/4096,graph,62,23.7236,14.1111,23.7692,23.7236,
25,8,262144,8192,hyprefill,512/4096/4096,graph,63,23.7073,14.1111,23.7530,23.7073,
25,8,262144,8192,hyprefill,512/4096/4096,graph,64,23.6433,14.1111,23.6909,23.6433,
25,8,262144,8192,hyprefill,512/4096/4096,graph,65,23.8175,14.0793,23.8614,23.8175,
25,8,262144,8192,hyprefill,512/4096/4096,graph,66,23.3443,14.9031,23.3915,23.3443,
25,8,262144,8192,hyprefill,512/4096/4096,graph,67,23.7663,14.1111,23.8125,23.7663,
25,8,262144,8192,hyprefill,512/4096/4096,graph,68,23.4163,14.3857,23.4633,23.4163,
25,8,262144,8192,hyprefill,512/4096/4096,graph,69,23.7383,14.1111,23.7852,23.7383,
25,8,262144,8192,hyprefill,512/4096/4096,graph,70,23.4764,14.3857,23.5234,23.4764,
25,8,262144,8192,hyprefill,512/4096/4096,graph,71,23.8982,13.8047,23.9436,23.8982,
25,8,262144,8192,hyprefill,512/4096/4096,graph,72,23.6924,14.6603,23.7402,23.6924,
25,8,262144,8192,hyprefill,512/4096/4096,graph,73,23.8320,14.1111,23.8790,23.8320,
25,8,262144,8192,hyprefill,512/4096/4096,graph,74,23.7551,14.1111,23.8016,23.7551,
25,8,262144,8192,hyprefill,512/4096/4096,graph,75,23.7529,14.6285,23.7987,23.7529,
25,8,262144,8192,hyprefill,512/4096/4096,graph,76,23.4362,14.3539,23.4815,23.4362,
25,8,262144,8192,hyprefill,512/4096/4096,graph,77,23.6454,14.6285,23.6917,23.6454,
25,8,262144,8192,hyprefill,512/4096/4096,graph,78,23.3247,14.3857,23.3716,23.3247,
25,8,262144,8192,hyprefill,512/4096/4096,graph,79,23.4954,13.8365,23.5422,23.4954,
25,8,262144,8192,hyprefill,512/4096/4096,graph,80,23.6312,14.0793,23.6770,23.6312,
25,8,262144,8192,hyprefill,512/4096/4096,graph,81,23.7648,14.1111,23.8120,23.7648,
25,8,262144,8192,hyprefill,512/4096/4096,graph,82,23.6395,14.1111,23.6922,23.6395,
25,8,262144,8192,hyprefill,512/4096/4096,graph,83,23.3452,14.3857,23.3972,23.3452,
25,8,262144,8192,hyprefill,512/4096/4096,graph,84,23.6736,14.1111,23.7215,23.6736,
25,8,262144,8192,hyprefill,512/4096/4096,graph,85,23.4456,14.3857,23.4936,23.4456,
25,8,262144,8192,hyprefill,512/4096/4096,graph,86,23.4856,14.0793,23.5328,23.4856,
25,8,262144,8192,hyprefill,512/4096/4096,graph,87,23.4136,14.3857,23.4611,23.4136,
25,8,262144,8192,hyprefill,512/4096/4096,graph,88,23.7106,14.1111,23.7572,23.7106,
25,8,262144,8192,hyprefill,512/4096/4096,graph,89,23.8602,14.1111,23.9117,23.8602,
25,8,262144,8192,hyprefill,512/4096/4096,graph,90,23.8712,14.1111,23.9179,23.8712,
25,8,262144,8192,hyprefill,512/4096/4096,graph,91,23.4611,14.3857,23.5086,23.4611,
25,8,262144,8192,hyprefill,512/4096/4096,graph,92,23.6837,14.0793,23.7289,23.6837,
25,8,262144,8192,hyprefill,512/4096/4096,graph,93,23.3819,14.3857,23.4290,23.3819,
25,8,262144,8192,hyprefill,512/4096/4096,graph,94,23.4545,13.8365,23.5014,23.4545,
25,8,262144,8192,hyprefill,512/4096/4096,graph,95,23.3076,14.3539,23.3534,23.3076,
25,8,262144,8192,hyprefill,512/4096/4096,graph,96,23.6725,14.1111,23.7194,23.6725,
25,8,262144,8192,hyprefill,512/4096/4096,graph,97,23.7149,14.0793,23.7854,23.7149,
25,8,262144,8192,hyprefill,512/4096/4096,graph,98,23.3749,14.3857,23.4220,23.3749,
25,8,262144,8192,hyprefill,512/4096/4096,graph,99,23.7444,14.6285,23.7908,23.7444,
25,8,262144,8192,hyprefill,512/4096/4096,graph,100,23.3753,14.3857,23.4219,23.3753,
25,8,262144,8192,hyprefill,512/4096/4096,graph,101,23.9099,14.0793,23.9568,23.9099,
25,8,262144,8192,hyprefill,512/4096/4096,graph,102,23.6724,14.1111,23.7195,23.6724,
25,8,262144,8192,hyprefill,512/4096/4096,graph,103,23.4710,14.1111,23.5176,23.4710,
25,8,262144,8192,hyprefill,512/4096/4096,graph,104,23.9089,14.1111,23.9562,23.9089,
25,8,262144,8192,hyprefill,512/4096/4096,graph,105,23.4235,14.3539,23.4760,23.4235,
25,8,262144,8192,hyprefill,512/4096/4096,graph,106,23.5100,14.3857,23.5598,23.5100,
25,8,262144,8192,hyprefill,512/4096/4096,graph,107,23.2248,14.3539,23.2725,23.2248,
25,8,262144,8192,hyprefill,512/4096/4096,graph,108,23.3355,14.3857,23.3816,23.3355,
25,8,262144,8192,hyprefill,512/4096/4096,graph,109,23.5200,13.8365,23.5745,23.5200,
25,8,262144,8192,hyprefill,512/4096/4096,graph,110,23.7320,14.0793,23.7788,23.7320,
25,8,262144,8192,hyprefill,512/4096/4096,graph,111,23.5371,14.6285,23.5864,23.5371,
25,8,262144,8192,hyprefill,512/4096/4096,graph,112,23.2315,14.3539,23.2821,23.2315,
25,8,262144,8192,hyprefill,512/4096/4096,graph,113,23.4169,14.3857,23.4641,23.4169,
25,8,262144,8192,hyprefill,512/4096/4096,graph,114,23.8282,14.0793,23.8727,23.8282,
25,8,262144,8192,hyprefill,512/4096/4096,graph,115,23.3623,14.3857,23.4166,23.3623,
25,8,262144,8192,hyprefill,512/4096/4096,graph,116,23.4153,14.0793,23.4652,23.4153,
25,8,262144,8192,hyprefill,512/4096/4096,graph,117,23.6886,14.1111,23.7364,23.6886,
25,8,262144,8192,hyprefill,512/4096/4096,graph,118,23.7589,14.1111,23.8077,23.7589,
25,8,262144,8192,hyprefill,512/4096/4096,graph,119,23.7010,14.1111,23.7475,23.7010,
25,8,262144,8192,hyprefill,512/4096/4096,graph,120,23.9392,14.1111,23.9862,23.9392,
25,8,262144,8192,hyprefill,512/4096/4096,graph,121,23.5541,14.3857,23.6019,23.5541,
25,8,262144,8192,hyprefill,512/4096/4096,graph,122,23.6498,14.6285,23.6977,23.6498,
25,8,262144,8192,hyprefill,512/4096/4096,graph,123,23.8050,14.1111,23.8576,23.8050,
25,8,262144,8192,hyprefill,512/4096/4096,graph,124,23.5443,13.8365,23.5930,23.5443,
25,8,262144,8192,hyprefill,512/4096/4096,graph,125,23.5291,14.6285,23.5776,23.5291,
25,8,262144,8192,hyprefill,512/4096/4096,graph,126,23.7022,14.6285,23.7559,23.7022,
25,8,262144,8192,hyprefill,512/4096/4096,graph,127,23.4324,13.8365,23.4788,23.4324,
25,8,262144,8192,hyprefill,512/4096/4096,graph,128,23.4388,14.3857,23.4860,23.4388,
25,8,262144,8192,hyprefill,512/4096/4096,graph,129,23.6156,14.1111,23.6635,23.6156,
25,8,262144,8192,hyprefill,512/4096/4096,graph,130,23.5603,14.3857,23.6059,23.5603,
25,8,262144,8192,hyprefill,512/4096/4096,graph,131,23.4765,14.0793,23.5235,23.4765,
25,8,262144,8192,hyprefill,512/4096/4096,graph,132,23.7909,14.1111,23.8362,23.7909,
25,8,262144,8192,hyprefill,512/4096/4096,graph,133,23.5798,14.1111,23.6267,23.5798,
25,8,262144,8192,hyprefill,512/4096/4096,graph,134,23.8514,14.1111,23.8971,23.8514,
25,8,262144,8192,hyprefill,512/4096/4096,graph,135,23.5204,14.1111,23.5676,23.5204,
25,8,262144,8192,hyprefill,512/4096/4096,graph,136,23.5365,14.3857,23.5896,23.5365,
25,8,262144,8192,hyprefill,512/4096/4096,graph,137,23.8214,14.1111,23.8710,23.8214,
25,8,262144,8192,hyprefill,512/4096/4096,graph,138,23.9025,14.1111,23.9469,23.9025,
25,8,262144,8192,hyprefill,512/4096/4096,graph,139,23.6431,14.1111,23.6927,23.6431,
25,8,262144,8192,hyprefill,512/4096/4096,graph,140,23.7738,14.0793,23.8271,23.7738,
25,8,262144,8192,hyprefill,512/4096/4096,graph,141,23.4032,14.3857,23.4501,23.4032,
25,8,262144,8192,hyprefill,512/4096/4096,graph,142,23.2872,14.3539,23.3399,23.2872,
25,8,262144,8192,hyprefill,512/4096/4096,graph,143,23.4769,14.9031,23.5225,23.4769,
25,8,262144,8192,hyprefill,512/4096/4096,graph,144,23.3075,14.3539,23.3655,23.3075,
25,8,262144,8192,hyprefill,512/4096/4096,graph,145,23.2719,14.3857,23.3243,23.2719,
25,8,262144,8192,hyprefill,512/4096/4096,graph,146,23.4622,14.0793,23.5122,23.4622,
25,8,262144,8192,hyprefill,512/4096/4096,graph,147,23.5404,14.1111,23.5875,23.5404,
25,8,262144,8192,hyprefill,512/4096/4096,graph,148,23.6582,14.1111,23.7071,23.6582,
25,8,262144,8192,hyprefill,512/4096/4096,graph,149,23.8738,14.3857,23.9208,23.8738,
25,8,262144,8192,hyprefill,512/4096/4096,graph,150,23.7079,14.1111,23.7535,23.7079,
25,8,262144,8192,hyprefill,512/4096/4096,graph,151,23.9908,14.1429,24.0379,23.9908,
25,8,262144,8192,hyprefill,512/4096/4096,graph,152,23.5137,14.1111,23.5605,23.5137,
25,8,262144,8192,hyprefill,512/4096/4096,graph,153,23.3114,14.3857,23.3571,23.3114,
25,8,262144,8192,hyprefill,512/4096/4096,graph,154,23.6015,14.1111,23.6477,23.6015,
25,8,262144,8192,hyprefill,512/4096/4096,graph,155,23.9244,14.0793,23.9705,23.9244,
25,8,262144,8192,hyprefill,512/4096/4096,graph,156,23.5066,14.9031,23.5520,23.5066,
25,8,262144,8192,hyprefill,512/4096/4096,graph,157,23.4100,14.0793,23.4562,23.4100,
25,8,262144,8192,hyprefill,512/4096/4096,graph,158,22.2862,15.1458,22.3316,22.2862,
25,8,262144,8192,hyprefill,512/4096/4096,graph,159,23.4657,14.5966,23.5106,23.4657,
25,8,262144,8192,hyprefill,512/4096/4096,graph,160,23.3101,14.9031,23.3547,23.3101,
25,8,262144,8192,hyprefill,512/4096/4096,graph,161,23.5071,14.0793,23.5520,23.5071,
25,8,262144,8192,hyprefill,512/4096/4096,graph,162,23.6137,14.1111,23.6601,23.6137,
25,8,262144,8192,hyprefill,512/4096/4096,graph,163,23.6725,14.1111,23.7176,23.6725,
25,8,262144,8192,hyprefill,512/4096/4096,graph,164,23.9123,14.1111,23.9570,23.9123,
25,8,262144,8192,hyprefill,512/4096/4096,graph,165,23.5390,14.1111,23.5856,23.5390,
25,8,262144,8192,hyprefill,512/4096/4096,graph,166,23.4437,14.3857,23.4884,23.4437,
25,8,262144,8192,hyprefill,512/4096/4096,graph,167,23.5147,14.1111,23.5604,23.5147,
25,8,262144,8192,hyprefill,512/4096/4096,graph,168,23.4740,14.3857,23.5201,23.4740,
25,8,262144,8192,hyprefill,512/4096/4096,graph,169,23.3047,14.3857,23.3563,23.3047,
25,8,262144,8192,hyprefill,512/4096/4096,graph,170,23.7868,14.0475,23.8319,23.7868,
25,8,262144,8192,hyprefill,512/4096/4096,graph,171,22.9779,14.6285,23.0232,22.9779,
25,8,262144,8192,hyprefill,512/4096/4096,graph,172,23.3501,14.0793,23.3926,23.3501,
25,8,262144,8192,hyprefill,512/4096/4096,graph,173,22.2124,15.1458,22.2573,22.2124,
25,8,262144,8192,hyprefill,512/4096/4096,graph,174,23.5545,14.5966,23.5998,23.5545,
25,8,262144,8192,hyprefill,512/4096/4096,graph,175,23.3418,14.9031,23.3928,23.3418,
25,8,262144,8192,hyprefill,512/4096/4096,graph,176,23.8428,14.3539,23.8891,23.8428,
25,8,262144,8192,hyprefill,512/4096/4096,graph,177,23.3888,14.3857,23.4352,23.3888,
25,8,262144,8192,hyprefill,512/4096/4096,graph,178,23.6916,14.1111,23.7383,23.6916,
25,8,262144,8192,hyprefill,512/4096/4096,graph,179,23.2874,13.8365,23.3329,23.2874,
25,8,262144,8192,hyprefill,512/4096/4096,graph,180,23.2378,13.8365,23.2821,23.2378,
25,8,262144,8192,hyprefill,512/4096/4096,graph,181,23.3640,14.3857,23.4099,23.3640,
25,8,262144,8192,hyprefill,512/4096/4096,graph,182,23.2025,13.8365,23.2472,23.2025,
25,8,262144,8192,hyprefill,512/4096/4096,graph,183,23.2912,14.3857,23.3391,23.2912,
25,8,262144,8192,hyprefill,512/4096/4096,graph,184,23.4030,14.3857,23.4487,23.4030,
25,8,262144,8192,hyprefill,512/4096/4096,graph,185,23.6388,14.0475,23.6964,23.6388,
25,8,262144,8192,hyprefill,512/4096/4096,graph,186,23.4404,15.4522,23.4873,23.4404,
25,8,262144,8192,hyprefill,512/4096/4096,graph,187,23.7671,13.5301,23.8121,23.7671,
25,8,262144,8192,hyprefill,512/4096/4096,graph,188,22.6710,15.4204,22.7172,22.6710,
25,8,262144,8192,hyprefill,512/4096/4096,graph,189,23.5043,14.5966,23.5495,23.5043,
25,8,262144,8192,hyprefill,512/4096/4096,graph,190,23.3650,14.9031,23.4100,23.3650,
25,8,262144,8192,hyprefill,512/4096/4096,graph,191,23.5993,14.0475,23.6441,23.5993,
25,8,262144,8192,hyprefill,512/4096/4096,graph,192,23.7253,14.6603,23.7728,23.7253,
25,8,262144,8192,hyprefill,512/4096/4096,graph,193,23.7350,14.1111,23.7892,23.7350,
25,8,262144,8192,hyprefill,512/4096/4096,graph,194,23.4999,14.1111,23.5487,23.4999,
25,8,262144,8192,hyprefill,512/4096/4096,graph,195,23.6511,14.1111,23.6975,23.6511,
25,8,262144,8192,hyprefill,512/4096/4096,graph,196,23.2560,13.8683,23.3040,23.2560,
25,8,262144,8192,hyprefill,512/4096/4096,graph,197,23.1856,13.8365,23.2305,23.1856,
25,8,262144,8192,hyprefill,512/4096/4096,graph,198,23.2824,14.3857,23.3301,23.2824,
25,8,262144,8192,hyprefill,512/4096/4096,graph,199,23.0825,14.1111,23.1270,23.0825,
25,8,262144,8192,hyprefill,1024/1024/1024,graph,0,23.4751,15.9059,23.5218,23.4751,
25,8,262144,8192,hyprefill,1024/1024/1024,graph,1,24.3753,15.3886,24.4217,24.3753,
25,8,262144,8192,hyprefill,1024/1024/1024,graph,2,22.8575,15.6314,22.9021,22.8575,
25,8,262144,8192,hyprefill,1024/1024/1024,graph,3,24.3983,15.3886,24.4444,24.3983,
25,8,262144,8192,hyprefill,1024/1024/1024,graph,4,22.7801,15.6314,22.8245,22.7801,
25,8,262144,8192,hyprefill,1024/1024/1024,graph,5,22.8600,16.1805,22.9053,22.8600,
25,8,262144,8192,hyprefill,1024/1024/1024,graph,6,24.3831,15.1140,24.4310,24.3831,
25,8,262144,8192,hyprefill,1024/1024/1024,graph,7,23.1541,16.4551,23.2078,23.1541,
25,8,262144,8192,hyprefill,1024/1024/1024,graph,8,23.2361,16.1805,23.2888,23.2361,
25,8,262144,8192,hyprefill,1024/1024/1024,graph,9,23.0388,16.1805,23.0860,23.0388,
25,8,262144,8192,hyprefill,1024/1024/1024,graph,10,24.3643,15.3886,24.4108,24.3643,
25,8,262144,8192,hyprefill,1024/1024/1024,graph,11,24.4196,15.1140,24.4703,24.4196,
25,8,262144,8192,hyprefill,1024/1024/1024,graph,12,23.1073,15.9059,23.1530,23.1073,
25,8,262144,8192,hyprefill,1024/1024/1024,graph,13,23.1990,16.1805,23.2449,23.1990,
25,8,262144,8192,hyprefill,1024/1024/1024,graph,14,23.0386,16.1805,23.0913,23.0386,
25,8,262144,8192,hyprefill,1024/1024/1024,graph,15,23.1493,16.1805,23.2027,23.1493,
25,8,262144,8192,hyprefill,1024/1024/1024,graph,16,24.2758,15.1140,24.3262,24.2758,
25,8,262144,8192,hyprefill,1024/1024/1024,graph,17,23.0887,16.1805,23.1400,23.0887,
25,8,262144,8192,hyprefill,1024/1024/1024,graph,18,22.9599,16.1805,23.0067,22.9599,
25,8,262144,8192,hyprefill,1024/1024/1024,graph,19,24.3447,15.1140,24.3920,24.3447,
25,8,262144,8192,hyprefill,1024/1024/1024,graph,20,22.6262,15.9059,22.6724,22.6262,
25,8,262144,8192,hyprefill,1024/1024/1024,graph,21,24.2995,15.1140,24.3492,24.2995,
25,8,262144,8192,hyprefill,1024/1024/1024,graph,22,22.6167,15.9059,22.6642,22.6167,
25,8,262144,8192,hyprefill,1024/1024/1024,graph,23,24.3273,15.1140,24.3768,24.3273,
25,8,262144,8192,hyprefill,1024/1024/1024,graph,24,24.0285,15.1140,24.0747,24.0285,
25,8,262144,8192,hyprefill,1024/1024/1024,graph,25,23.4336,16.1805,23.4822,23.4336,
25,8,262144,8192,hyprefill,1024/1024/1024,graph,26,23.0663,16.4551,23.1105,23.0663,
25,8,262144,8192,hyprefill,1024/1024/1024,graph,27,23.4854,16.1805,23.5304,23.4854,
25,8,262144,8192,hyprefill,1024/1024/1024,graph,28,22.9716,16.1805,23.0151,22.9716,
25,8,262144,8192,hyprefill,1024/1024/1024,graph,29,24.3464,14.8394,24.3926,24.3464,
25,8,262144,8192,hyprefill,1024/1024/1024,graph,30,22.6360,16.1805,22.6879,22.6360,
25,8,262144,8192,hyprefill,1024/1024/1024,graph,31,23.1499,15.9059,23.1960,23.1499,
25,8,262144,8192,hyprefill,1024/1024/1024,graph,32,24.4908,15.1140,24.5395,24.4908,
25,8,262144,8192,hyprefill,1024/1024/1024,graph,33,22.8197,15.9059,22.8749,22.8197,
25,8,262144,8192,hyprefill,1024/1024/1024,graph,34,22.4815,15.9059,22.5301,22.4815,
25,8,262144,8192,hyprefill,1024/1024/1024,graph,35,24.2965,15.1140,24.3445,24.2965,
25,8,262144,8192,hyprefill,1024/1024/1024,graph,36,23.0511,16.1805,23.0976,23.0511,
25,8,262144,8192,hyprefill,1024/1024/1024,graph,37,24.2918,15.1140,24.3385,24.2918,
25,8,262144,8192,hyprefill,1024/1024/1024,graph,38,23.3462,15.9059,23.3911,23.3462,
25,8,262144,8192,hyprefill,1024/1024/1024,graph,39,22.9836,16.4551,23.0286,22.9836,
25,8,262144,8192,hyprefill,1024/1024/1024,graph,40,24.1324,14.5648,24.1795,24.1324,
25,8,262144,8192,hyprefill,1024/1024/1024,graph,41,23.0310,16.4551,23.0754,23.0310,
25,8,262144,8192,hyprefill,1024/1024/1024,graph,42,23.2245,15.9059,23.2662,23.2245,
25,8,262144,8192,hyprefill,1024/1024/1024,graph,43,24.3422,15.3886,24.3887,24.3422,
25,8,262144,8192,hyprefill,1024/1024/1024,graph,44,23.3436,16.1805,23.3878,23.3436,
25,8,262144,8192,hyprefill,1024/1024/1024,graph,45,24.3722,15.6632,24.4180,24.3722,
25,8,262144,8192,hyprefill,1024/1024/1024,graph,46,23.4582,15.6314,23.5024,23.4582,
25,8,262144,8192,hyprefill,1024/1024/1024,graph,47,23.0337,16.7297,23.0842,23.0337,
25,8,262144,8192,hyprefill,1024/1024/1024,graph,48,24.5409,14.8394,24.5947,24.5409,
25,8,262144,8192,hyprefill,1024/1024/1024,graph,49,23.2726,16.7297,23.3177,23.2726,
25,8,262144,8192,hyprefill,1024/1024/1024,graph,50,23.5347,15.9059,23.5808,23.5347,
25,8,262144,8192,hyprefill,1024/1024/1024,graph,51,24.2523,15.6632,24.2981,24.2523,
25,8,262144,8192,hyprefill,1024/1024/1024,graph,52,23.9551,16.1805,24.0001,23.9551,
25,8,262144,8192,hyprefill,1024/1024/1024,graph,53,23.8604,15.1140,23.9156,23.8604,
25,8,262144,8192,hyprefill,1024/1024/1024,graph,54,24.5394,15.1140,24.5846,24.5394,
25,8,262144,8192,hyprefill,1024/1024/1024,graph,55,23.0966,15.9059,23.1418,23.0966,
25,8,262144,8192,hyprefill,1024/1024/1024,graph,56,24.2621,15.1140,24.3094,24.2621,
25,8,262144,8192,hyprefill,1024/1024/1024,graph,57,22.7716,16.1805,22.8216,22.7716,
25,8,262144,8192,hyprefill,1024/1024/1024,graph,58,23.0204,16.1805,23.0715,23.0204,
25,8,262144,8192,hyprefill,1024/1024/1024,graph,59,24.0782,15.1140,24.1271,24.0782,
25,8,262144,8192,hyprefill,1024/1024/1024,graph,60,23.1550,16.1805,23.2009,23.1550,
25,8,262144,8192,hyprefill,1024/1024/1024,graph,61,23.9984,15.1140,24.0463,23.9984,
25,8,262144,8192,hyprefill,1024/1024/1024,graph,62,24.4015,14.8394,24.4538,24.4015,
25,8,262144,8192,hyprefill,1024/1024/1024,graph,63,22.5989,16.4551,22.6477,22.5989,
25,8,262144,8192,hyprefill,1024/1024/1024,graph,64,24.4587,15.1140,24.5070,24.4587,
25,8,262144,8192,hyprefill,1024/1024/1024,graph,65,22.9552,15.9059,23.0020,22.9552,
25,8,262144,8192,hyprefill,1024/1024/1024,graph,66,23.2531,16.1805,23.3000,23.2531,
25,8,262144,8192,hyprefill,1024/1024/1024,graph,67,24.2400,15.3886,24.2871,24.2400,
25,8,262144,8192,hyprefill,1024/1024/1024,graph,68,23.4152,15.9059,23.4605,23.4152,
25,8,262144,8192,hyprefill,1024/1024/1024,graph,69,24.4001,15.3886,24.4464,24.4001,
25,8,262144,8192,hyprefill,1024/1024/1024,graph,70,24.1547,14.5648,24.2082,24.1547,
25,8,262144,8192,hyprefill,1024/1024/1024,graph,71,23.3465,16.4551,23.3904,23.3465,
25,8,262144,8192,hyprefill,1024/1024/1024,graph,72,24.1629,14.8394,24.2107,24.1629,
25,8,262144,8192,hyprefill,1024/1024/1024,graph,73,23.1440,16.1805,23.1894,23.1440,
25,8,262144,8192,hyprefill,1024/1024/1024,graph,74,23.1763,16.4551,23.2280,23.1763,
25,8,262144,8192,hyprefill,1024/1024/1024,graph,75,24.4597,15.3886,24.5057,24.4597,
25,8,262144,8192,hyprefill,1024/1024/1024,graph,76,23.4705,15.9059,23.5155,23.4705,
25,8,262144,8192,hyprefill,1024/1024/1024,graph,77,24.2213,15.1140,24.2682,24.2213,
25,8,262144,8192,hyprefill,1024/1024/1024,graph,78,24.2421,14.8394,24.2888,24.2421,
25,8,262144,8192,hyprefill,1024/1024/1024,graph,79,23.6261,17.0043,23.6707,23.6261,
25,8,262144,8192,hyprefill,1024/1024/1024,graph,80,24.3564,15.1140,24.4025,24.3564,
25,8,262144,8192,hyprefill,1024/1024/1024,graph,81,23.7942,16.1805,23.8388,23.7942,
25,8,262144,8192,hyprefill,1024/1024/1024,graph,82,23.6540,16.7297,23.6985,23.6540,
25,8,262144,8192,hyprefill,1024/1024/1024,graph,83,24.3936,15.3886,24.4399,24.3936,
25,8,262144,8192,hyprefill,1024/1024/1024,graph,84,23.7924,15.9059,23.8374,23.7924,
25,8,262144,8192,hyprefill,1024/1024/1024,graph,85,24.2736,15.3886,24.3194,24.2736,
25,8,262144,8192,hyprefill,1024/1024/1024,graph,86,24.1804,14.8394,24.2257,24.1804,
25,8,262144,8192,hyprefill,1024/1024/1024,graph,87,23.2678,16.4551,23.3134,23.2678,
25,8,262144,8192,hyprefill,1024/1024/1024,graph,88,23.4819,16.1805,23.5264,23.4819,
25,8,262144,8192,hyprefill,1024/1024/1024,graph,89,23.2763,16.7297,23.3213,23.2763,
25,8,262144,8192,hyprefill,1024/1024/1024,graph,90,23.5903,16.1805,23.6344,23.5903,
25,8,262144,8192,hyprefill,1024/1024/1024,graph,91,23.2808,16.4551,23.3250,23.2808,
25,8,262144,8192,hyprefill,1024/1024/1024,graph,92,23.2138,16.1805,23.2598,23.2138,
25,8,262144,8192,hyprefill,1024/1024/1024,graph,93,24.3479,15.3886,24.3962,24.3479,
25,8,262144,8192,hyprefill,1024/1024/1024,graph,94,24.0633,15.1140,24.1106,24.0633,
25,8,262144,8192,hyprefill,1024/1024/1024,graph,95,22.7820,15.6314,22.8361,22.7820,
25,8,262144,8192,hyprefill,1024/1024/1024,graph,96,23.1007,16.1805,23.1563,23.1007,
25,8,262144,8192,hyprefill,1024/1024/1024,graph,97,24.3905,15.1140,24.4379,24.3905,
25,8,262144,8192,hyprefill,1024/1024/1024,graph,98,23.1626,16.1805,23.2078,23.1626,
25,8,262144,8192,hyprefill,1024/1024/1024,graph,99,23.3238,16.1805,23.3695,23.3238,
25,8,262144,8192,hyprefill,1024/1024/1024,graph,100,24.2518,15.1140,24.2989,24.2518,
25,8,262144,8192,hyprefill,1024/1024/1024,graph,101,24.1253,14.8394,24.1725,24.1253,
25,8,262144,8192,hyprefill,1024/1024/1024,graph,102,24.1154,15.1140,24.1622,24.1154,
25,8,262144,8192,hyprefill,1024/1024/1024,graph,103,22.9289,15.9059,22.9728,22.9289,
25,8,262144,8192,hyprefill,1024/1024/1024,graph,104,23.5556,16.4551,23.5994,23.5556,
25,8,262144,8192,hyprefill,1024/1024/1024,graph,105,23.3540,16.4551,23.3978,23.3540,
25,8,262144,8192,hyprefill,1024/1024/1024,graph,106,23.7963,16.7297,23.8466,23.7963,
25,8,262144,8192,hyprefill,1024/1024/1024,graph,107,23.6114,16.4551,23.7459,23.6114,
25,8,262144,8192,hyprefill,1024/1024/1024,graph,108,24.2969,14.8394,24.3453,24.2969,
25,8,262144,8192,hyprefill,1024/1024/1024,graph,109,24.1736,14.8394,24.2205,24.1736,
25,8,262144,8192,hyprefill,1024/1024/1024,graph,110,24.1325,14.8394,24.1801,24.1325,
25,8,262144,8192,hyprefill,1024/1024/1024,graph,111,22.8146,16.7297,22.8601,22.8146,
25,8,262144,8192,hyprefill,1024/1024/1024,graph,112,23.9668,16.1805,24.0107,23.9668,
25,8,262144,8192,hyprefill,1024/1024/1024,graph,113,24.1513,15.1140,24.1988,24.1513,
25,8,262144,8192,hyprefill,1024/1024/1024,graph,114,23.7311,17.0043,23.7768,23.7311,
25,8,262144,8192,hyprefill,1024/1024/1024,graph,115,23.6547,15.9059,23.7000,23.6547,
25,8,262144,8192,hyprefill,1024/1024/1024,graph,116,24.3281,15.3886,24.3738,24.3281,
25,8,262144,8192,hyprefill,1024/1024/1024,graph,117,24.1446,15.3886,24.1918,24.1446,
25,8,262144,8192,hyprefill,1024/1024/1024,graph,118,24.3820,14.8394,24.4288,24.3820,
25,8,262144,8192,hyprefill,1024/1024/1024,graph,119,23.0367,15.9059,23.0810,23.0367,
25,8,262144,8192,hyprefill,1024/1024/1024,graph,120,24.4155,15.1140,24.4618,24.4155,
25,8,262144,8192,hyprefill,1024/1024/1024,graph,121,23.1255,16.4551,23.1699,23.1255,
25,8,262144,8192,hyprefill,1024/1024/1024,graph,122,20.6350,16.6979,20.6803,20.6350,
25,8,262144,8192,hyprefill,1024/1024/1024,graph,123,23.3184,16.4551,23.3621,23.3184,
25,8,262144,8192,hyprefill,1024/1024/1024,graph,124,24.4093,15.1140,24.4559,24.4093,
25,8,262144,8192,hyprefill,1024/1024/1024,graph,125,23.9415,14.8394,23.9878,23.9415,
25,8,262144,8192,hyprefill,1024/1024/1024,graph,126,24.2283,15.1140,24.2758,24.2283,
25,8,262144,8192,hyprefill,1024/1024/1024,graph,127,23.2276,15.9059,23.2726,23.2276,
25,8,262144,8192,hyprefill,1024/1024/1024,graph,128,24.1595,15.1140,24.2060,24.1595,
25,8,262144,8192,hyprefill,1024/1024/1024,graph,129,22.8781,16.1805,22.9224,22.8781,
25,8,262144,8192,hyprefill,1024/1024/1024,graph,130,23.2346,16.4551,23.2790,23.2346,
25,8,262144,8192,hyprefill,1024/1024/1024,graph,131,23.6236,16.4551,23.6682,23.6236,
25,8,262144,8192,hyprefill,1024/1024/1024,graph,132,24.2484,15.3886,24.2956,24.2484,
25,8,262144,8192,hyprefill,1024/1024/1024,graph,133,24.5656,14.8394,24.6115,24.5656,
25,8,262144,8192,hyprefill,1024/1024/1024,graph,134,23.6917,16.4551,23.7361,23.6917,
25,8,262144,8192,hyprefill,1024/1024/1024,graph,135,24.5013,15.1140,24.5485,24.5013,
25,8,262144,8192,hyprefill,1024/1024/1024,graph,136,24.5134,14.8394,24.5597,24.5134,
25,8,262144,8192,hyprefill,1024/1024/1024,graph,137,22.9796,16.4551,23.0298,22.9796,
25,8,262144,8192,hyprefill,1024/1024/1024,graph,138,23.5067,16.1805,23.5513,23.5067,
25,8,262144,8192,hyprefill,1024/1024/1024,graph,139,23.2030,16.4551,23.2475,23.2030,
25,8,262144,8192,hyprefill,1024/1024/1024,graph,140,24.3534,14.8394,24.4003,24.3534,
25,8,262144,8192,hyprefill,1024/1024/1024,graph,141,23.1504,16.1805,23.1953,23.1504,
25,8,262144,8192,hyprefill,1024/1024/1024,graph,142,22.9540,16.1805,22.9985,22.9540,
25,8,262144,8192,hyprefill,1024/1024/1024,graph,143,24.1865,15.3886,24.2346,24.1865,
25,8,262144,8192,hyprefill,1024/1024/1024,graph,144,24.1865,14.8394,24.2341,24.1865,
25,8,262144,8192,hyprefill,1024/1024/1024,graph,145,23.0460,15.9059,23.0979,23.0460,
25,8,262144,8192,hyprefill,1024/1024/1024,graph,146,22.9628,16.4551,23.0107,22.9628,
25,8,262144,8192,hyprefill,1024/1024/1024,graph,147,23.4379,16.1805,23.4838,23.4379,
25,8,262144,8192,hyprefill,1024/1024/1024,graph,148,23.8487,15.1140,23.8960,23.8487,
25,8,262144,8192,hyprefill,1024/1024/1024,graph,149,24.3988,15.1140,24.4460,24.3988,
25,8,262144,8192,hyprefill,1024/1024/1024,graph,150,23.4752,16.4551,23.5195,23.4752,
25,8,262144,8192,hyprefill,1024/1024/1024,graph,151,24.5598,14.8394,24.6079,24.5598,
25,8,262144,8192,hyprefill,1024/1024/1024,graph,152,23.8618,14.8394,23.9070,23.8618,
25,8,262144,8192,hyprefill,1024/1024/1024,graph,153,23.1218,16.7297,23.1662,23.1218,
25,8,262144,8192,hyprefill,1024/1024/1024,graph,154,23.4977,15.9059,23.5417,23.4977,
25,8,262144,8192,hyprefill,1024/1024/1024,graph,155,23.0578,16.7297,23.1023,23.0578,
25,8,262144,8192,hyprefill,1024/1024/1024,graph,156,24.0975,14.8394,24.1435,24.0975,
25,8,262144,8192,hyprefill,1024/1024/1024,graph,157,23.4530,16.1805,23.4975,23.4530,
25,8,262144,8192,hyprefill,1024/1024/1024,graph,158,22.9409,16.1805,22.9858,22.9409,
25,8,262144,8192,hyprefill,1024/1024/1024,graph,159,23.7619,15.1140,23.8094,23.7619,
25,8,262144,8192,hyprefill,1024/1024/1024,graph,160,23.0861,15.3568,23.1313,23.0861,
25,8,262144,8192,hyprefill,1024/1024/1024,graph,161,24.4263,15.9378,24.4731,24.4263,
25,8,262144,8192,hyprefill,1024/1024/1024,graph,162,23.0941,15.3568,23.1385,23.0941,
25,8,262144,8192,hyprefill,1024/1024/1024,graph,163,24.3023,15.9378,24.3531,24.3023,
25,8,262144,8192,hyprefill,1024/1024/1024,graph,164,23.3376,15.3568,23.3829,23.3376,
25,8,262144,8192,hyprefill,1024/1024/1024,graph,165,24.3308,16.2124,24.3790,24.3308,
25,8,262144,8192,hyprefill,1024/1024/1024,graph,166,23.5091,15.3568,23.5543,23.5091,
25,8,262144,8192,hyprefill,1024/1024/1024,graph,167,24.2240,15.9378,24.2697,24.2240,
25,8,262144,8192,hyprefill,1024/1024/1024,graph,168,23.1649,15.6314,23.2120,23.1649,
25,8,262144,8192,hyprefill,1024/1024/1024,graph,169,24.1302,15.9378,24.1766,24.1302,
25,8,262144,8192,hyprefill,1024/1024/1024,graph,170,23.3690,15.0822,23.4143,23.3690,
25,8,262144,8192,hyprefill,1024/1024/1024,graph,171,24.4203,15.9378,24.4708,24.4203,
25,8,262144,8192,hyprefill,1024/1024/1024,graph,172,23.3469,15.6314,23.3917,23.3469,
25,8,262144,8192,hyprefill,1024/1024/1024,graph,173,24.1734,16.2124,24.2258,24.1734,
25,8,262144,8192,hyprefill,1024/1024/1024,graph,174,23.6264,15.0822,23.6751,23.6264,
25,8,262144,8192,hyprefill,1024/1024/1024,graph,175,24.0848,16.2124,24.1360,24.0848,
25,8,262144,8192,hyprefill,1024/1024/1024,graph,176,23.8133,15.3568,23.8595,23.8133,
25,8,262144,8192,hyprefill,1024/1024/1024,graph,177,24.3244,16.7615,24.3717,24.3244,
25,8,262144,8192,hyprefill,1024/1024/1024,graph,178,23.4539,14.8076,23.4987,23.4539,
25,8,262144,8192,hyprefill,1024/1024/1024,graph,179,24.0633,16.2124,24.1101,24.0633,
25,8,262144,8192,hyprefill,1024/1024/1024,graph,180,21.2052,15.8741,21.2512,21.2052,
25,8,262144,8192,hyprefill,1024/1024/1024,graph,181,24.3675,16.2124,24.4117,24.3675,
25,8,262144,8192,hyprefill,1024/1024/1024,graph,182,23.5701,15.3568,23.6167,23.5701,
25,8,262144,8192,hyprefill,1024/1024/1024,graph,183,24.1892,16.2124,24.2357,24.1892,
25,8,262144,8192,hyprefill,1024/1024/1024,graph,184,23.6736,15.3568,23.7183,23.6736,
25,8,262144,8192,hyprefill,1024/1024/1024,graph,185,23.7850,15.9378,23.8314,23.7850,
25,8,262144,8192,hyprefill,1024/1024/1024,graph,186,23.3400,14.8076,23.3843,23.3400,
25,8,262144,8192,hyprefill,1024/1024/1024,graph,187,23.9942,16.2124,24.0411,23.9942,
25,8,262144,8192,hyprefill,1024/1024/1024,graph,188,23.7239,15.3568,23.7684,23.7239,
25,8,262144,8192,hyprefill,1024/1024/1024,graph,189,24.0193,15.9378,24.0651,24.0193,
25,8,262144,8192,hyprefill,1024/1024/1024,graph,190,23.1898,15.3568,23.2343,23.1898,
25,8,262144,8192,hyprefill,1024/1024/1024,graph,191,23.8484,16.2124,23.8958,23.8484,
25,8,262144,8192,hyprefill,1024/1024/1024,graph,192,24.0042,15.3568,24.0496,24.0042,
25,8,262144,8192,hyprefill,1024/1024/1024,graph,193,24.1188,16.2124,24.1646,24.1188,
25,8,262144,8192,hyprefill,1024/1024/1024,graph,194,23.6578,15.6314,23.7033,23.6578,
25,8,262144,8192,hyprefill,1024/1024/1024,graph,195,23.8089,16.2124,23.8541,23.8089,
25,8,262144,8192,hyprefill,1024/1024/1024,graph,196,23.9511,15.3568,23.9963,23.9511,
25,8,262144,8192,hyprefill,1024/1024/1024,graph,197,23.8851,15.9378,23.9304,23.8851,
25,8,262144,8192,hyprefill,1024/1024/1024,graph,198,23.8092,15.6314,23.8539,23.8092,
25,8,262144,8192,hyprefill,1024/1024/1024,graph,199,24.3934,16.2124,24.4403,24.3934,
25,8,262144,8192,hyprefill,512/512/512,graph,0,23.7935,16.7934,23.8379,23.7935,
25,8,262144,8192,hyprefill,512/512/512,graph,1,23.4789,17.3425,23.5235,23.4789,
25,8,262144,8192,hyprefill,512/512/512,graph,2,23.6376,16.7934,23.6811,23.6376,
25,8,262144,8192,hyprefill,512/512/512,graph,3,23.2147,17.0679,23.2606,23.2147,
25,8,262144,8192,hyprefill,512/512/512,graph,4,23.7820,16.5506,23.8298,23.7820,
25,8,262144,8192,hyprefill,512/512/512,graph,5,23.6152,16.7934,23.6599,23.6152,
25,8,262144,8192,hyprefill,512/512/512,graph,6,23.5669,17.6171,23.6118,23.5669,
25,8,262144,8192,hyprefill,512/512/512,graph,7,23.9858,17.0679,24.0300,23.9858,
25,8,262144,8192,hyprefill,512/512/512,graph,8,23.5149,17.6171,23.5605,23.5149,
25,8,262144,8192,hyprefill,512/512/512,graph,9,23.6764,16.7934,23.7208,23.6764,
25,8,262144,8192,hyprefill,512/512/512,graph,10,23.7025,17.6171,23.7463,23.7025,
25,8,262144,8192,hyprefill,512/512/512,graph,11,24.2664,17.3425,24.3114,24.2664,
25,8,262144,8192,hyprefill,512/512/512,graph,12,24.0007,16.5506,24.0475,24.0007,
25,8,262144,8192,hyprefill,512/512/512,graph,13,24.0459,16.7934,24.1086,24.0459,
25,8,262144,8192,hyprefill,512/512/512,graph,14,23.8909,17.8917,23.9450,23.8909,
25,8,262144,8192,hyprefill,512/512/512,graph,15,23.8189,16.7934,23.8665,23.8189,
25,8,262144,8192,hyprefill,512/512/512,graph,16,23.7222,18.1663,23.7717,23.7222,
25,8,262144,8192,hyprefill,512/512/512,graph,17,23.7060,16.5188,23.7504,23.7060,
25,8,262144,8192,hyprefill,512/512/512,graph,18,23.8558,17.6171,23.9017,23.8558,
25,8,262144,8192,hyprefill,512/512/512,graph,19,23.7869,17.3425,23.8420,23.7869,
25,8,262144,8192,hyprefill,512/512/512,graph,20,23.9500,16.2760,24.0002,23.9500,
25,8,262144,8192,hyprefill,512/512/512,graph,21,23.5652,17.0679,23.6130,23.5652,
25,8,262144,8192,hyprefill,512/512/512,graph,22,23.8434,17.8917,23.8958,23.8434,
25,8,262144,8192,hyprefill,512/512/512,graph,23,23.6227,16.5188,23.6697,23.6227,
25,8,262144,8192,hyprefill,512/512/512,graph,24,23.9074,18.1663,23.9523,23.9074,
25,8,262144,8192,hyprefill,512/512/512,graph,25,24.0122,16.5188,24.0659,24.0122,
25,8,262144,8192,hyprefill,512/512/512,graph,26,23.7515,18.1663,23.7976,23.7515,
25,8,262144,8192,hyprefill,512/512/512,graph,27,24.0661,17.3425,24.1127,24.0661,
25,8,262144,8192,hyprefill,512/512/512,graph,28,23.8733,16.5506,23.9206,23.8733,
25,8,262144,8192,hyprefill,512/512/512,graph,29,23.9547,16.5188,23.9994,23.9547,
25,8,262144,8192,hyprefill,512/512/512,graph,30,23.7803,18.1663,23.8260,23.7803,
25,8,262144,8192,hyprefill,512/512/512,graph,31,23.9775,16.5188,24.0240,23.9775,
25,8,262144,8192,hyprefill,512/512/512,graph,32,23.5057,18.1663,23.5504,23.5057,
25,8,262144,8192,hyprefill,512/512/512,graph,33,24.0817,16.7934,24.1291,24.0817,
25,8,262144,8192,hyprefill,512/512/512,graph,34,23.6441,17.8917,23.6901,23.6441,
25,8,262144,8192,hyprefill,512/512/512,graph,35,24.2987,16.7934,24.4106,24.2987,
25,8,262144,8192,hyprefill,512/512/512,graph,36,23.6439,16.2760,23.6908,23.6439,
25,8,262144,8192,hyprefill,512/512/512,graph,37,24.0324,17.3425,24.0821,24.0324,
25,8,262144,8192,hyprefill,512/512/512,graph,38,23.9124,17.8917,23.9614,23.9124,
25,8,262144,8192,hyprefill,512/512/512,graph,39,23.9756,17.0679,24.0224,23.9756,
25,8,262144,8192,hyprefill,512/512/512,graph,40,23.7692,17.8917,23.8433,23.7692,
25,8,262144,8192,hyprefill,512/512/512,graph,41,23.9011,16.7934,23.9483,23.9011,
25,8,262144,8192,hyprefill,512/512/512,graph,42,23.8806,17.3425,23.9225,23.8806,
25,8,262144,8192,hyprefill,512/512/512,graph,43,23.7992,17.3425,23.8460,23.7992,
25,8,262144,8192,hyprefill,512/512/512,graph,44,23.9547,16.5506,24.0021,23.9547,
25,8,262144,8192,hyprefill,512/512/512,graph,45,23.9754,16.7934,24.0220,23.9754,
25,8,262144,8192,hyprefill,512/512/512,graph,46,23.7071,17.8917,23.7537,23.7071,
25,8,262144,8192,hyprefill,512/512/512,graph,47,23.6737,17.0679,23.7201,23.6737,
25,8,262144,8192,hyprefill,512/512/512,graph,48,24.0061,17.8917,24.0511,24.0061,
25,8,262144,8192,hyprefill,512/512/512,graph,49,23.6637,17.3425,23.7112,23.6637,
25,8,262144,8192,hyprefill,512/512/512,graph,50,23.7447,16.8252,23.7916,23.7447,
25,8,262144,8192,hyprefill,512/512/512,graph,51,23.8744,17.0679,23.9225,23.8744,
25,8,262144,8192,hyprefill,512/512/512,graph,52,23.9750,16.8252,24.0213,23.9750,
25,8,262144,8192,hyprefill,512/512/512,graph,53,23.9651,17.3425,24.0108,23.9651,
25,8,262144,8192,hyprefill,512/512/512,graph,54,23.8609,17.3425,23.9065,23.8609,
25,8,262144,8192,hyprefill,512/512/512,graph,55,23.8918,16.7934,23.9363,23.8918,
25,8,262144,8192,hyprefill,512/512/512,graph,56,23.4005,17.8917,23.4518,23.4005,
25,8,262144,8192,hyprefill,512/512/512,graph,57,23.9797,16.5188,24.0240,23.9797,
25,8,262144,8192,hyprefill,512/512/512,graph,58,23.7901,16.5506,23.8367,23.7901,
25,8,262144,8192,hyprefill,512/512/512,graph,59,24.1445,15.7268,24.1912,24.1445,
25,8,262144,8192,hyprefill,512/512/512,graph,60,23.0761,17.0679,23.1212,23.0761,
25,8,262144,8192,hyprefill,512/512/512,graph,61,23.7332,17.0679,23.7795,23.7332,
25,8,262144,8192,hyprefill,512/512/512,graph,62,23.3533,17.0679,23.3968,23.3533,
25,8,262144,8192,hyprefill,512/512/512,graph,63,23.7985,17.3425,23.8441,23.7985,
25,8,262144,8192,hyprefill,512/512/512,graph,64,23.6276,17.6171,23.6720,23.6276,
25,8,262144,8192,hyprefill,512/512/512,graph,65,23.7468,17.6171,23.8051,23.7468,
25,8,262144,8192,hyprefill,512/512/512,graph,66,24.0801,17.0679,24.1248,24.0801,
25,8,262144,8192,hyprefill,512/512/512,graph,67,23.9297,17.6171,23.9743,23.9297,
25,8,262144,8192,hyprefill,512/512/512,graph,68,23.9172,17.3425,23.9614,23.9172,
25,8,262144,8192,hyprefill,512/512/512,graph,69,23.7029,17.0679,23.7473,23.7029,
25,8,262144,8192,hyprefill,512/512/512,graph,70,23.7629,17.0679,23.8078,23.7629,
25,8,262144,8192,hyprefill,512/512/512,graph,71,23.7813,16.2760,23.8288,23.7813,
25,8,262144,8192,hyprefill,512/512/512,graph,72,23.9135,16.5188,23.9565,23.9135,
25,8,262144,8192,hyprefill,512/512/512,graph,73,23.6650,16.8252,23.7119,23.6650,
25,8,262144,8192,hyprefill,512/512/512,graph,74,23.6841,16.2442,23.7285,23.6841,
25,8,262144,8192,hyprefill,512/512/512,graph,75,22.8537,17.3425,22.9051,22.8537,
25,8,262144,8192,hyprefill,512/512/512,graph,76,23.8337,16.7934,23.8806,23.8337,
25,8,262144,8192,hyprefill,512/512/512,graph,77,23.1176,17.3425,23.1639,23.1176,
25,8,262144,8192,hyprefill,512/512/512,graph,78,23.8110,16.7934,23.8561,23.8110,
25,8,262144,8192,hyprefill,512/512/512,graph,79,23.4956,16.5506,23.5398,23.4956,
25,8,262144,8192,hyprefill,512/512/512,graph,80,23.7460,16.5188,23.7913,23.7460,
25,8,262144,8192,hyprefill,512/512/512,graph,81,23.9255,16.5506,23.9717,23.9255,
25,8,262144,8192,hyprefill,512/512/512,graph,82,23.8715,16.5188,23.9154,23.8715,
25,8,262144,8192,hyprefill,512/512/512,graph,83,23.6295,17.3425,23.6741,23.6295,
25,8,262144,8192,hyprefill,512/512/512,graph,84,23.9106,16.7934,23.9549,23.9106,
25,8,262144,8192,hyprefill,512/512/512,graph,85,23.9673,17.6171,24.0115,23.9673,
25,8,262144,8192,hyprefill,512/512/512,graph,86,23.7854,17.0679,23.8288,23.7854,
25,8,262144,8192,hyprefill,512/512/512,graph,87,23.8399,17.3425,23.8856,23.8399,
25,8,262144,8192,hyprefill,512/512/512,graph,88,23.7528,17.0679,23.7977,23.7528,
25,8,262144,8192,hyprefill,512/512/512,graph,89,23.9589,16.7934,24.0059,23.9589,
25,8,262144,8192,hyprefill,512/512/512,graph,90,23.5258,17.3425,23.5711,23.5258,
25,8,262144,8192,hyprefill,512/512/512,graph,91,23.6820,17.3425,23.7266,23.6820,
25,8,262144,8192,hyprefill,512/512/512,graph,92,23.6542,16.7934,23.7003,23.6542,
25,8,262144,8192,hyprefill,512/512/512,graph,93,23.8671,17.3425,23.9132,23.8671,
25,8,262144,8192,hyprefill,512/512/512,graph,94,23.5075,16.7934,23.5530,23.5075,
25,8,262144,8192,hyprefill,512/512/512,graph,95,23.5702,17.6171,23.6178,23.5702,
25,8,262144,8192,hyprefill,512/512/512,graph,96,23.8610,16.7934,23.9099,23.8610,
25,8,262144,8192,hyprefill,512/512/512,graph,97,23.5151,17.6171,23.5624,23.5151,
25,8,262144,8192,hyprefill,512/512/512,graph,98,23.8500,16.7934,23.8993,23.8500,
25,8,262144,8192,hyprefill,512/512/512,graph,99,23.7060,17.6171,23.7546,23.7060,
25,8,262144,8192,hyprefill,512/512/512,graph,100,23.6197,17.0679,23.6749,23.6197,
25,8,262144,8192,hyprefill,512/512/512,graph,101,23.4753,17.3425,23.5210,23.4753,
25,8,262144,8192,hyprefill,512/512/512,graph,102,23.7212,17.3425,23.7686,23.7212,
25,8,262144,8192,hyprefill,512/512/512,graph,103,23.6372,17.0679,23.6872,23.6372,
25,8,262144,8192,hyprefill,512/512/512,graph,104,23.5685,17.3425,23.6155,23.5685,
25,8,262144,8192,hyprefill,512/512/512,graph,105,23.7619,17.3425,23.8066,23.7619,
25,8,262144,8192,hyprefill,512/512/512,graph,106,23.9608,17.3425,24.0067,23.9608,
25,8,262144,8192,hyprefill,512/512/512,graph,107,23.6444,17.3425,23.6862,23.6444,
25,8,262144,8192,hyprefill,512/512/512,graph,108,24.0054,17.3425,24.0498,24.0054,
25,8,262144,8192,hyprefill,512/512/512,graph,109,23.9569,16.7934,24.0022,23.9569,
25,8,262144,8192,hyprefill,512/512/512,graph,110,23.7670,17.3425,23.8120,23.7670,
25,8,262144,8192,hyprefill,512/512/512,graph,111,23.8960,17.0679,23.9419,23.8960,
25,8,262144,8192,hyprefill,512/512/512,graph,112,23.7593,17.6171,23.8354,23.7593,
25,8,262144,8192,hyprefill,512/512/512,graph,113,23.8007,17.0679,23.8462,23.8007,
25,8,262144,8192,hyprefill,512/512/512,graph,114,23.7535,17.0679,23.8011,23.7535,
25,8,262144,8192,hyprefill,512/512/512,graph,115,23.9185,17.6171,23.9718,23.9185,
25,8,262144,8192,hyprefill,512/512/512,graph,116,23.6114,17.0679,23.6571,23.6114,
25,8,262144,8192,hyprefill,512/512/512,graph,117,23.4018,17.0679,23.4477,23.4018,
25,8,262144,8192,hyprefill,512/512/512,graph,118,23.5788,17.3425,23.6253,23.5788,
25,8,262144,8192,hyprefill,512/512/512,graph,119,23.8944,17.0679,23.9407,23.8944,
25,8,262144,8192,hyprefill,512/512/512,graph,120,23.5373,17.6171,23.5830,23.5373,
25,8,262144,8192,hyprefill,512/512/512,graph,121,24.1148,17.3425,24.1589,24.1148,
25,8,262144,8192,hyprefill,512/512/512,graph,122,23.8156,17.6171,23.8623,23.8156,
25,8,262144,8192,hyprefill,512/512/512,graph,123,23.9780,17.0679,24.0219,23.9780,
25,8,262144,8192,hyprefill,512/512/512,graph,124,23.8252,17.6171,23.8706,23.8252,
25,8,262144,8192,hyprefill,512/512/512,graph,125,23.8846,16.7934,23.9291,23.8846,
25,8,262144,8192,hyprefill,512/512/512,graph,126,23.8698,17.6171,23.9178,23.8698,
25,8,262144,8192,hyprefill,512/512/512,graph,127,23.8116,17.3425,23.8576,23.8116,
25,8,262144,8192,hyprefill,512/512/512,graph,128,24.0540,17.3425,24.0991,24.0540,
25,8,262144,8192,hyprefill,512/512/512,graph,129,23.6874,17.6171,23.7342,23.6874,
25,8,262144,8192,hyprefill,512/512/512,graph,130,23.8344,16.7934,23.8799,23.8344,
25,8,262144,8192,hyprefill,512/512/512,graph,131,23.5516,17.3425,23.6027,23.5516,
25,8,262144,8192,hyprefill,512/512/512,graph,132,24.1240,17.0679,24.1686,24.1240,
25,8,262144,8192,hyprefill,512/512/512,graph,133,23.6473,17.3425,23.6989,23.6473,
25,8,262144,8192,hyprefill,512/512/512,graph,134,23.9826,17.3425,24.0280,23.9826,
25,8,262144,8192,hyprefill,512/512/512,graph,135,24.0122,17.3425,24.0570,24.0122,
25,8,262144,8192,hyprefill,512/512/512,graph,136,23.9580,17.3425,24.0028,23.9580,
25,8,262144,8192,hyprefill,512/512/512,graph,137,23.7990,17.3425,23.8443,23.7990,
25,8,262144,8192,hyprefill,512/512/512,graph,138,23.9497,17.0679,23.9949,23.9497,
25,8,262144,8192,hyprefill,512/512/512,graph,139,23.7050,17.3425,23.7521,23.7050,
25,8,262144,8192,hyprefill,512/512/512,graph,140,23.7170,17.0679,23.7618,23.7170,
25,8,262144,8192,hyprefill,512/512/512,graph,141,24.0204,17.6171,24.0660,24.0204,
25,8,262144,8192,hyprefill,512/512/512,graph,142,23.7853,17.6171,23.8306,23.7853,
25,8,262144,8192,hyprefill,512/512/512,graph,143,23.8718,17.0679,23.9200,23.8718,
25,8,262144,8192,hyprefill,512/512/512,graph,144,23.2875,17.0679,23.3326,23.2875,
25,8,262144,8192,hyprefill,512/512/512,graph,145,23.5968,17.0679,23.6421,23.5968,
25,8,262144,8192,hyprefill,512/512/512,graph,146,23.2023,17.0679,23.2468,23.2023,
25,8,262144,8192,hyprefill,512/512/512,graph,147,23.7134,17.3425,23.7659,23.7134,
25,8,262144,8192,hyprefill,512/512/512,graph,148,23.7907,17.0679,23.8396,23.7907,
25,8,262144,8192,hyprefill,512/512/512,graph,149,23.9351,17.3425,23.9820,23.9351,
25,8,262144,8192,hyprefill,512/512/512,graph,150,23.7687,17.0679,23.8149,23.7687,
25,8,262144,8192,hyprefill,512/512/512,graph,151,23.9752,17.3425,24.0195,23.9752,
25,8,262144,8192,hyprefill,512/512/512,graph,152,23.9260,17.3425,23.9698,23.9260,
25,8,262144,8192,hyprefill,512/512/512,graph,153,23.8273,17.0679,23.8720,23.8273,
25,8,262144,8192,hyprefill,512/512/512,graph,154,23.8551,17.3425,23.8994,23.8551,
25,8,262144,8192,hyprefill,512/512/512,graph,155,23.7724,16.7934,23.8177,23.7724,
25,8,262144,8192,hyprefill,512/512/512,graph,156,23.9071,16.8252,23.9527,23.9071,
25,8,262144,8192,hyprefill,512/512/512,graph,157,23.5997,16.7934,23.6443,23.5997,
25,8,262144,8192,hyprefill,512/512/512,graph,158,23.8282,17.3425,23.8718,23.8282,
25,8,262144,8192,hyprefill,512/512/512,graph,159,23.4286,17.3425,23.4739,23.4286,
25,8,262144,8192,hyprefill,512/512/512,graph,160,23.7999,17.3425,23.8438,23.7999,
25,8,262144,8192,hyprefill,512/512/512,graph,161,23.9113,17.3425,23.9572,23.9113,
25,8,262144,8192,hyprefill,512/512/512,graph,162,24.0435,17.6171,24.0903,24.0435,
25,8,262144,8192,hyprefill,512/512/512,graph,163,24.0645,17.0679,24.1102,24.0645,
25,8,262144,8192,hyprefill,512/512/512,graph,164,23.9412,17.0998,23.9868,23.9412,
25,8,262144,8192,hyprefill,512/512/512,graph,165,23.9028,15.9696,23.9460,23.9028,
25,8,262144,8192,hyprefill,512/512/512,graph,166,23.7309,17.0998,23.7764,23.7309,
25,8,262144,8192,hyprefill,512/512/512,graph,167,23.7711,16.2442,23.8152,23.7711,
25,8,262144,8192,hyprefill,512/512/512,graph,168,23.7459,17.3744,23.7924,23.7459,
25,8,262144,8192,hyprefill,512/512/512,graph,169,22.6139,16.2124,22.6586,22.6139,
25,8,262144,8192,hyprefill,512/512/512,graph,170,23.6050,17.0998,23.6508,23.6050,
25,8,262144,8192,hyprefill,512/512/512,graph,171,23.7424,16.2442,23.7867,23.7424,
25,8,262144,8192,hyprefill,512/512/512,graph,172,23.5008,17.0998,23.5426,23.5008,
25,8,262144,8192,hyprefill,512/512/512,graph,173,24.0633,15.9696,24.1070,24.0633,
25,8,262144,8192,hyprefill,512/512/512,graph,174,23.7065,17.0998,23.7508,23.7065,
25,8,262144,8192,hyprefill,512/512/512,graph,175,23.9529,16.2442,23.9976,23.9529,
25,8,262144,8192,hyprefill,512/512/512,graph,176,24.0013,16.8252,24.0448,24.0013,
25,8,262144,8192,hyprefill,512/512/512,graph,177,22.7498,17.0361,22.7941,22.7498,
25,8,262144,8192,hyprefill,512/512/512,graph,178,23.7053,17.3425,23.7498,23.7053,
25,8,262144,8192,hyprefill,512/512/512,graph,179,23.7796,16.7934,23.8237,23.7796,
25,8,262144,8192,hyprefill,512/512/512,graph,180,24.0051,17.6171,24.0494,24.0051,
25,8,262144,8192,hyprefill,512/512/512,graph,181,23.8507,17.3425,23.8976,23.8507,
25,8,262144,8192,hyprefill,512/512/512,graph,182,23.9907,17.0679,24.0338,23.9907,
25,8,262144,8192,hyprefill,512/512/512,graph,183,23.5665,17.3425,23.6120,23.5665,
25,8,262144,8192,hyprefill,512/512/512,graph,184,23.9746,17.0679,24.0195,23.9746,
25,8,262144,8192,hyprefill,512/512/512,graph,185,23.3342,17.3425,23.3789,23.3342,
25,8,262144,8192,hyprefill,512/512/512,graph,186,23.7876,17.3425,23.8322,23.7876,
25,8,262144,8192,hyprefill,512/512/512,graph,187,23.4748,17.0679,23.5200,23.4748,
25,8,262144,8192,hyprefill,512/512/512,graph,188,23.9089,17.3425,23.9548,23.9089,
25,8,262144,8192,hyprefill,512/512/512,graph,189,23.7396,17.0679,23.7842,23.7396,
25,8,262144,8192,hyprefill,512/512/512,graph,190,23.5870,17.0679,23.6354,23.5870,
25,8,262144,8192,hyprefill,512/512/512,graph,191,23.7103,17.6171,23.7612,23.7103,
25,8,262144,8192,hyprefill,512/512/512,graph,192,23.9147,16.7934,23.9584,23.9147,
25,8,262144,8192,hyprefill,512/512/512,graph,193,23.5708,17.6171,23.6151,23.5708,
25,8,262144,8192,hyprefill,512/512/512,graph,194,23.5855,17.0679,23.6317,23.5855,
25,8,262144,8192,hyprefill,512/512/512,graph,195,23.7367,17.3425,23.7803,23.7367,
25,8,262144,8192,hyprefill,512/512/512,graph,196,23.5878,17.0679,23.6321,23.5878,
25,8,262144,8192,hyprefill,512/512/512,graph,197,23.7212,17.3425,23.7648,23.7212,
25,8,262144,8192,hyprefill,512/512/512,graph,198,23.6442,17.3425,23.6909,23.6442,
25,8,262144,8192,hyprefill,512/512/512,graph,199,24.1060,17.6171,24.1493,24.1060,
25,8,262144,8192,hyprefill,2048/2048/2048,graph,0,21.7368,15.0503,21.7832,21.7368,
25,8,262144,8192,hyprefill,2048/2048/2048,graph,1,21.7957,15.0503,21.8413,21.7957,
25,8,262144,8192,hyprefill,2048/2048/2048,graph,2,21.6357,15.0503,21.6817,21.6357,
25,8,262144,8192,hyprefill,2048/2048/2048,graph,3,21.6901,15.0503,21.7349,21.6901,
25,8,262144,8192,hyprefill,2048/2048/2048,graph,4,21.7202,15.0503,21.7657,21.7202,
25,8,262144,8192,hyprefill,2048/2048/2048,graph,5,21.7748,15.0503,21.8216,21.7748,
25,8,262144,8192,hyprefill,2048/2048/2048,graph,6,21.6448,15.0503,21.6901,21.6448,
25,8,262144,8192,hyprefill,2048/2048/2048,graph,7,21.7284,15.0503,21.7736,21.7284,
25,8,262144,8192,hyprefill,2048/2048/2048,graph,8,21.7885,15.0503,21.8335,21.7885,
25,8,262144,8192,hyprefill,2048/2048/2048,graph,9,21.8775,15.0503,21.9234,21.8775,
25,8,262144,8192,hyprefill,2048/2048/2048,graph,10,21.7224,15.0503,21.7751,21.7224,
25,8,262144,8192,hyprefill,2048/2048/2048,graph,11,21.8509,15.0503,21.8972,21.8509,
25,8,262144,8192,hyprefill,2048/2048/2048,graph,12,21.9011,15.0503,21.9481,21.9011,
25,8,262144,8192,hyprefill,2048/2048/2048,graph,13,22.0303,15.0503,22.0796,22.0303,
25,8,262144,8192,hyprefill,2048/2048/2048,graph,14,21.9172,15.0503,21.9650,21.9172,
25,8,262144,8192,hyprefill,2048/2048/2048,graph,15,21.9796,15.0503,22.0267,21.9796,
25,8,262144,8192,hyprefill,2048/2048/2048,graph,16,22.0038,15.0503,22.0491,22.0038,
25,8,262144,8192,hyprefill,2048/2048/2048,graph,17,22.0453,15.0503,22.0901,22.0453,
25,8,262144,8192,hyprefill,2048/2048/2048,graph,18,21.9160,15.0503,21.9623,21.9160,
25,8,262144,8192,hyprefill,2048/2048/2048,graph,19,21.8837,15.0503,21.9376,21.8837,
25,8,262144,8192,hyprefill,2048/2048/2048,graph,20,21.9136,15.0503,21.9625,21.9136,
25,8,262144,8192,hyprefill,2048/2048/2048,graph,21,21.9179,15.0503,21.9635,21.9179,
25,8,262144,8192,hyprefill,2048/2048/2048,graph,22,21.7286,15.0503,21.7747,21.7286,
25,8,262144,8192,hyprefill,2048/2048/2048,graph,23,21.7225,15.0503,21.7701,21.7225,
25,8,262144,8192,hyprefill,2048/2048/2048,graph,24,21.7707,15.0503,21.8237,21.7707,
25,8,262144,8192,hyprefill,2048/2048/2048,graph,25,21.7807,15.0503,21.8294,21.7807,
25,8,262144,8192,hyprefill,2048/2048/2048,graph,26,21.6383,15.0503,21.6864,21.6383,
25,8,262144,8192,hyprefill,2048/2048/2048,graph,27,21.7033,15.0503,21.7498,21.7033,
25,8,262144,8192,hyprefill,2048/2048/2048,graph,28,21.7770,15.0503,21.8230,21.7770,
25,8,262144,8192,hyprefill,2048/2048/2048,graph,29,21.8606,15.0503,21.9061,21.8606,
25,8,262144,8192,hyprefill,2048/2048/2048,graph,30,21.7457,15.0503,21.7961,21.7457,
25,8,262144,8192,hyprefill,2048/2048/2048,graph,31,21.8412,15.0503,21.8868,21.8412,
25,8,262144,8192,hyprefill,2048/2048/2048,graph,32,21.9128,15.0503,21.9582,21.9128,
25,8,262144,8192,hyprefill,2048/2048/2048,graph,33,21.9279,15.0503,21.9744,21.9279,
25,8,262144,8192,hyprefill,2048/2048/2048,graph,34,21.8479,15.0503,21.8932,21.8479,
25,8,262144,8192,hyprefill,2048/2048/2048,graph,35,21.9590,15.0503,22.0037,21.9590,
25,8,262144,8192,hyprefill,2048/2048/2048,graph,36,22.0013,15.0503,22.0475,22.0013,
25,8,262144,8192,hyprefill,2048/2048/2048,graph,37,22.1144,15.0503,22.1610,22.1144,
25,8,262144,8192,hyprefill,2048/2048/2048,graph,38,21.9567,15.0503,22.0032,21.9567,
25,8,262144,8192,hyprefill,2048/2048/2048,graph,39,22.0425,15.0503,22.0876,22.0425,
25,8,262144,8192,hyprefill,2048/2048/2048,graph,40,22.0588,15.0503,22.1053,22.0588,
25,8,262144,8192,hyprefill,2048/2048/2048,graph,41,22.1153,15.0503,22.1609,22.1153,
25,8,262144,8192,hyprefill,2048/2048/2048,graph,42,21.9806,15.0503,22.0228,21.9806,
25,8,262144,8192,hyprefill,2048/2048/2048,graph,43,22.0444,15.0503,22.0902,22.0444,
25,8,262144,8192,hyprefill,2048/2048/2048,graph,44,22.0530,15.0503,22.1045,22.0530,
25,8,262144,8192,hyprefill,2048/2048/2048,graph,45,22.0364,15.0503,22.0824,22.0364,
25,8,262144,8192,hyprefill,2048/2048/2048,graph,46,21.9436,15.0503,21.9893,21.9436,
25,8,262144,8192,hyprefill,2048/2048/2048,graph,47,21.9164,15.0503,21.9623,21.9164,
25,8,262144,8192,hyprefill,2048/2048/2048,graph,48,21.9367,15.0503,21.9812,21.9367,
25,8,262144,8192,hyprefill,2048/2048/2048,graph,49,21.9714,15.0503,22.0194,21.9714,
25,8,262144,8192,hyprefill,2048/2048/2048,graph,50,21.8037,15.0503,21.8493,21.8037,
25,8,262144,8192,hyprefill,2048/2048/2048,graph,51,21.7684,15.0503,21.8139,21.7684,
25,8,262144,8192,hyprefill,2048/2048/2048,graph,52,21.8152,15.0503,21.8614,21.8152,
25,8,262144,8192,hyprefill,2048/2048/2048,graph,53,21.8820,15.0503,21.9275,21.8820,
25,8,262144,8192,hyprefill,2048/2048/2048,graph,54,21.7423,15.0503,21.7879,21.7423,
25,8,262144,8192,hyprefill,2048/2048/2048,graph,55,21.8132,15.0503,21.8582,21.8132,
25,8,262144,8192,hyprefill,2048/2048/2048,graph,56,21.8468,15.0503,21.8934,21.8468,
25,8,262144,8192,hyprefill,2048/2048/2048,graph,57,21.9509,15.0503,21.9968,21.9509,
25,8,262144,8192,hyprefill,2048/2048/2048,graph,58,21.8202,15.0503,21.8654,21.8202,
25,8,262144,8192,hyprefill,2048/2048/2048,graph,59,21.8748,15.0503,21.9201,21.8748,
25,8,262144,8192,hyprefill,2048/2048/2048,graph,60,21.9148,15.0503,21.9610,21.9148,
25,8,262144,8192,hyprefill,2048/2048/2048,graph,61,21.9841,15.0503,22.0290,21.9841,
25,8,262144,8192,hyprefill,2048/2048/2048,graph,62,21.8333,15.0503,21.8785,21.8333,
25,8,262144,8192,hyprefill,2048/2048/2048,graph,63,21.8041,15.0503,21.8492,21.8041,
25,8,262144,8192,hyprefill,2048/2048/2048,graph,64,21.8932,15.0503,21.9380,21.8932,
25,8,262144,8192,hyprefill,2048/2048/2048,graph,65,21.8976,15.0503,21.9439,21.8976,
25,8,262144,8192,hyprefill,2048/2048/2048,graph,66,21.7653,15.0503,21.8113,21.7653,
25,8,262144,8192,hyprefill,2048/2048/2048,graph,67,21.7331,15.0503,21.7788,21.7331,
25,8,262144,8192,hyprefill,2048/2048/2048,graph,68,21.7894,15.0503,21.8362,21.7894,
25,8,262144,8192,hyprefill,2048/2048/2048,graph,69,21.8064,15.0503,21.8527,21.8064,
25,8,262144,8192,hyprefill,2048/2048/2048,graph,70,21.6479,15.0503,21.6938,21.6479,
25,8,262144,8192,hyprefill,2048/2048/2048,graph,71,21.7358,15.0503,21.7818,21.7358,
25,8,262144,8192,hyprefill,2048/2048/2048,graph,72,21.5199,14.7758,21.5706,21.5199,
25,8,262144,8192,hyprefill,2048/2048/2048,graph,73,21.1585,14.7758,21.2048,21.1585,
25,8,262144,8192,hyprefill,2048/2048/2048,graph,74,20.7908,14.5012,20.8361,20.7908,
25,8,262144,8192,hyprefill,2048/2048/2048,graph,75,20.4319,14.5012,20.4768,20.4319,
25,8,262144,8192,hyprefill,2048/2048/2048,graph,76,20.2261,14.2266,20.2720,20.2261,
25,8,262144,8192,hyprefill,2048/2048/2048,graph,77,19.8686,14.2266,19.9190,19.8686,
25,8,262144,8192,hyprefill,2048/2048/2048,graph,78,19.7064,14.2266,19.7520,19.7064,
25,8,262144,8192,hyprefill,2048/2048/2048,graph,79,19.7660,14.2266,19.8114,19.7660,
25,8,262144,8192,hyprefill,2048/2048/2048,graph,80,20.0533,14.5012,20.0991,20.0533,
25,8,262144,8192,hyprefill,2048/2048/2048,graph,81,20.5330,14.5012,20.5771,20.5330,
25,8,262144,8192,hyprefill,2048/2048/2048,graph,82,20.6580,14.7758,20.7025,20.6580,
25,8,262144,8192,hyprefill,2048/2048/2048,graph,83,21.2307,14.7758,21.2771,21.2307,
25,8,262144,8192,hyprefill,2048/2048/2048,graph,84,21.4997,15.0503,21.5448,21.4997,
25,8,262144,8192,hyprefill,2048/2048/2048,graph,85,22.0362,15.0503,22.0815,22.0362,
25,8,262144,8192,hyprefill,2048/2048/2048,graph,86,21.9048,15.0503,21.9507,21.9048,
25,8,262144,8192,hyprefill,2048/2048/2048,graph,87,22.0429,15.0503,22.0885,22.0429,
25,8,262144,8192,hyprefill,2048/2048/2048,graph,88,22.0545,15.0503,22.0998,22.0545,
25,8,262144,8192,hyprefill,2048/2048/2048,graph,89,22.1188,15.0503,22.1645,22.1188,
25,8,262144,8192,hyprefill,2048/2048/2048,graph,90,21.9864,15.0503,22.0324,21.9864,
25,8,262144,8192,hyprefill,2048/2048/2048,graph,91,21.9818,15.0503,22.0314,21.9818,
25,8,262144,8192,hyprefill,2048/2048/2048,graph,92,22.0048,15.0503,22.0598,22.0048,
25,8,262144,8192,hyprefill,2048/2048/2048,graph,93,21.9394,15.0503,21.9855,21.9394,
25,8,262144,8192,hyprefill,2048/2048/2048,graph,94,21.8331,15.0503,21.8789,21.8331,
25,8,262144,8192,hyprefill,2048/2048/2048,graph,95,21.7996,15.0503,21.8444,21.7996,
25,8,262144,8192,hyprefill,2048/2048/2048,graph,96,21.8105,15.0503,21.8559,21.8105,
25,8,262144,8192,hyprefill,2048/2048/2048,graph,97,21.8263,15.0503,21.8713,21.8263,
25,8,262144,8192,hyprefill,2048/2048/2048,graph,98,21.6825,15.0503,21.7296,21.6825,
25,8,262144,8192,hyprefill,2048/2048/2048,graph,99,21.6952,15.0503,21.7401,21.6952,
25,8,262144,8192,hyprefill,2048/2048/2048,graph,100,21.7181,15.0503,21.7633,21.7181,
25,8,262144,8192,hyprefill,2048/2048/2048,graph,101,21.8519,15.0503,21.8976,21.8519,
25,8,262144,8192,hyprefill,2048/2048/2048,graph,102,21.6497,15.0503,21.6949,21.6497,
25,8,262144,8192,hyprefill,2048/2048/2048,graph,103,21.7403,15.0503,21.7858,21.7403,
25,8,262144,8192,hyprefill,2048/2048/2048,graph,104,21.7869,15.0503,21.8332,21.7869,
25,8,262144,8192,hyprefill,2048/2048/2048,graph,105,21.8661,15.0503,21.9111,21.8661,
25,8,262144,8192,hyprefill,2048/2048/2048,graph,106,21.7373,15.0503,21.7840,21.7373,
25,8,262144,8192,hyprefill,2048/2048/2048,graph,107,21.8799,15.0503,21.9230,21.8799,
25,8,262144,8192,hyprefill,2048/2048/2048,graph,108,21.9084,15.0503,21.9540,21.9084,
25,8,262144,8192,hyprefill,2048/2048/2048,graph,109,22.0236,15.0503,22.0696,22.0236,
25,8,262144,8192,hyprefill,2048/2048/2048,graph,110,21.9214,15.0503,21.9671,21.9214,
25,8,262144,8192,hyprefill,2048/2048/2048,graph,111,21.9594,15.0503,22.0055,21.9594,
25,8,262144,8192,hyprefill,2048/2048/2048,graph,112,21.9776,15.0503,22.0300,21.9776,
25,8,262144,8192,hyprefill,2048/2048/2048,graph,113,22.0308,15.0503,22.0790,22.0308,
25,8,262144,8192,hyprefill,2048/2048/2048,graph,114,21.9416,15.0503,21.9895,21.9416,
25,8,262144,8192,hyprefill,2048/2048/2048,graph,115,21.8716,15.0503,21.9189,21.8716,
25,8,262144,8192,hyprefill,2048/2048/2048,graph,116,21.9160,15.0503,21.9617,21.9160,
25,8,262144,8192,hyprefill,2048/2048/2048,graph,117,21.9020,15.0503,21.9478,21.9020,
25,8,262144,8192,hyprefill,2048/2048/2048,graph,118,21.7649,15.0503,21.8101,21.7649,
25,8,262144,8192,hyprefill,2048/2048/2048,graph,119,21.7212,15.0503,21.7673,21.7212,
25,8,262144,8192,hyprefill,2048/2048/2048,graph,120,21.7584,15.0503,21.8040,21.7584,
25,8,262144,8192,hyprefill,2048/2048/2048,graph,121,21.7964,15.0503,21.8428,21.7964,
25,8,262144,8192,hyprefill,2048/2048/2048,graph,122,21.6286,15.0503,21.6746,21.6286,
25,8,262144,8192,hyprefill,2048/2048/2048,graph,123,21.6919,15.0503,21.7373,21.6919,
25,8,262144,8192,hyprefill,2048/2048/2048,graph,124,21.7480,15.0503,21.7969,21.7480,
25,8,262144,8192,hyprefill,2048/2048/2048,graph,125,21.8992,15.0503,21.9449,21.8992,
25,8,262144,8192,hyprefill,2048/2048/2048,graph,126,21.7092,15.0503,21.7561,21.7092,
25,8,262144,8192,hyprefill,2048/2048/2048,graph,127,21.8337,15.0503,21.8820,21.8337,
25,8,262144,8192,hyprefill,2048/2048/2048,graph,128,21.8727,15.0503,21.9171,21.8727,
25,8,262144,8192,hyprefill,2048/2048/2048,graph,129,21.9694,15.0503,22.0149,21.9694,
25,8,262144,8192,hyprefill,2048/2048/2048,graph,130,21.8474,15.0503,21.8963,21.8474,
25,8,262144,8192,hyprefill,2048/2048/2048,graph,131,21.9236,15.0503,21.9699,21.9236,
25,8,262144,8192,hyprefill,2048/2048/2048,graph,132,21.9665,15.0503,22.0112,21.9665,
25,8,262144,8192,hyprefill,2048/2048/2048,graph,133,22.1158,15.0503,22.1672,22.1158,
25,8,262144,8192,hyprefill,2048/2048/2048,graph,134,21.9668,15.0503,22.0121,21.9668,
25,8,262144,8192,hyprefill,2048/2048/2048,graph,135,22.0221,15.0503,22.0761,22.0221,
25,8,262144,8192,hyprefill,2048/2048/2048,graph,136,22.0528,15.0503,22.1013,22.0528,
25,8,262144,8192,hyprefill,2048/2048/2048,graph,137,22.1055,15.0503,22.1622,22.1055,
25,8,262144,8192,hyprefill,2048/2048/2048,graph,138,22.0204,15.0503,22.0678,22.0204,
25,8,262144,8192,hyprefill,2048/2048/2048,graph,139,22.0247,15.0503,22.0704,22.0247,
25,8,262144,8192,hyprefill,2048/2048/2048,graph,140,22.0581,15.0503,22.1036,22.0581,
25,8,262144,8192,hyprefill,2048/2048/2048,graph,141,22.0483,15.0503,22.0933,22.0483,
25,8,262144,8192,hyprefill,2048/2048/2048,graph,142,21.8818,15.0503,21.9290,21.8818,
25,8,262144,8192,hyprefill,2048/2048/2048,graph,143,21.8641,15.0503,21.9089,21.8641,
25,8,262144,8192,hyprefill,2048/2048/2048,graph,144,21.9672,15.0503,22.0131,21.9672,
25,8,262144,8192,hyprefill,2048/2048/2048,graph,145,21.9468,15.0503,21.9914,21.9468,
25,8,262144,8192,hyprefill,2048/2048/2048,graph,146,21.8165,15.0503,21.8626,21.8165,
25,8,262144,8192,hyprefill,2048/2048/2048,graph,147,21.7718,15.0503,21.8248,21.7718,
25,8,262144,8192,hyprefill,2048/2048/2048,graph,148,21.8137,15.0503,21.8631,21.8137,
25,8,262144,8192,hyprefill,2048/2048/2048,graph,149,21.8419,15.0503,21.8900,21.8419,
25,8,262144,8192,hyprefill,2048/2048/2048,graph,150,21.7242,15.0503,21.7699,21.7242,
25,8,262144,8192,hyprefill,2048/2048/2048,graph,151,21.8254,15.0503,21.8712,21.8254,
25,8,262144,8192,hyprefill,2048/2048/2048,graph,152,21.8516,15.0503,21.9613,21.8516,
25,8,262144,8192,hyprefill,2048/2048/2048,graph,153,21.9185,15.0503,21.9656,21.9185,
25,8,262144,8192,hyprefill,2048/2048/2048,graph,154,21.7892,15.0503,21.8350,21.7892,
25,8,262144,8192,hyprefill,2048/2048/2048,graph,155,21.9125,15.0503,21.9639,21.9125,
25,8,262144,8192,hyprefill,2048/2048/2048,graph,156,21.9668,15.0503,22.0164,21.9668,
25,8,262144,8192,hyprefill,2048/2048/2048,graph,157,21.9497,15.0503,21.9960,21.9497,
25,8,262144,8192,hyprefill,2048/2048/2048,graph,158,21.8364,15.0503,21.8828,21.8364,
25,8,262144,8192,hyprefill,2048/2048/2048,graph,159,21.8176,15.0503,21.8631,21.8176,
25,8,262144,8192,hyprefill,2048/2048/2048,graph,160,21.8628,15.0503,21.9079,21.8628,
25,8,262144,8192,hyprefill,2048/2048/2048,graph,161,21.8572,15.0503,21.9032,21.8572,
25,8,262144,8192,hyprefill,2048/2048/2048,graph,162,21.7361,15.0503,21.7813,21.7361,
25,8,262144,8192,hyprefill,2048/2048/2048,graph,163,21.7468,15.0503,21.7929,21.7468,
25,8,262144,8192,hyprefill,2048/2048/2048,graph,164,21.7671,15.0503,21.8124,21.7671,
25,8,262144,8192,hyprefill,2048/2048/2048,graph,165,21.8235,15.0503,21.8694,21.8235,
25,8,262144,8192,hyprefill,2048/2048/2048,graph,166,21.6595,15.0503,21.7390,21.6595,
25,8,262144,8192,hyprefill,2048/2048/2048,graph,167,21.7384,15.0503,21.7837,21.7384,
25,8,262144,8192,hyprefill,2048/2048/2048,graph,168,21.5470,14.7758,21.5928,21.5470,
25,8,262144,8192,hyprefill,2048/2048/2048,graph,169,21.1789,14.7758,21.2241,21.1789,
25,8,262144,8192,hyprefill,2048/2048/2048,graph,170,20.7993,14.5012,20.8450,20.7993,
25,8,262144,8192,hyprefill,2048/2048/2048,graph,171,20.4152,14.5012,20.4611,20.4152,
25,8,262144,8192,hyprefill,2048/2048/2048,graph,172,20.2142,14.2266,20.2564,20.2142,
25,8,262144,8192,hyprefill,2048/2048/2048,graph,173,19.8631,14.2266,19.9087,19.8631,
25,8,262144,8192,hyprefill,2048/2048/2048,graph,174,19.7405,14.2266,19.7852,19.7405,
25,8,262144,8192,hyprefill,2048/2048/2048,graph,175,19.8233,14.2266,19.8678,19.8233,
25,8,262144,8192,hyprefill,2048/2048/2048,graph,176,20.0616,14.5012,20.1067,20.0616,
25,8,262144,8192,hyprefill,2048/2048/2048,graph,177,20.5380,14.5012,20.5826,20.5380,
25,8,262144,8192,hyprefill,2048/2048/2048,graph,178,20.6588,14.7758,20.7035,20.6588,
25,8,262144,8192,hyprefill,2048/2048/2048,graph,179,21.1810,14.7758,21.2260,21.1810,
25,8,262144,8192,hyprefill,2048/2048/2048,graph,180,21.4995,15.0503,21.5449,21.4995,
25,8,262144,8192,hyprefill,2048/2048/2048,graph,181,22.0543,15.0503,22.1056,22.0543,
25,8,262144,8192,hyprefill,2048/2048/2048,graph,182,21.9724,15.0503,22.0199,21.9724,
25,8,262144,8192,hyprefill,2048/2048/2048,graph,183,22.0106,15.0503,22.0611,22.0106,
25,8,262144,8192,hyprefill,2048/2048/2048,graph,184,22.0636,15.0503,22.1155,22.0636,
25,8,262144,8192,hyprefill,2048/2048/2048,graph,185,22.1020,15.0503,22.1495,22.1020,
25,8,262144,8192,hyprefill,2048/2048/2048,graph,186,21.9697,15.0503,22.0180,21.9697,
25,8,262144,8192,hyprefill,2048/2048/2048,graph,187,21.9668,15.0503,22.0434,21.9668,
25,8,262144,8192,hyprefill,2048/2048/2048,graph,188,21.9901,15.0503,22.0376,21.9901,
25,8,262144,8192,hyprefill,2048/2048/2048,graph,189,21.9266,15.0503,21.9780,21.9266,
25,8,262144,8192,hyprefill,2048/2048/2048,graph,190,21.8418,15.0503,21.8924,21.8418,
25,8,262144,8192,hyprefill,2048/2048/2048,graph,191,21.8158,15.0503,21.8648,21.8158,
25,8,262144,8192,hyprefill,2048/2048/2048,graph,192,21.8282,15.0503,21.8740,21.8282,
25,8,262144,8192,hyprefill,2048/2048/2048,graph,193,21.7977,15.0503,21.8434,21.7977,
25,8,262144,8192,hyprefill,2048/2048/2048,graph,194,21.6541,15.0503,21.6997,21.6541,
25,8,262144,8192,hyprefill,2048/2048/2048,graph,195,21.6787,15.0503,21.7244,21.6787,
25,8,262144,8192,hyprefill,2048/2048/2048,graph,196,21.6976,15.0503,21.7432,21.6976,
25,8,262144,8192,hyprefill,2048/2048/2048,graph,197,21.7848,15.0503,21.8327,21.7848,
25,8,262144,8192,hyprefill,2048/2048/2048,graph,198,21.6519,15.0503,21.6986,21.6519,
25,8,262144,8192,hyprefill,2048/2048/2048,graph,199,21.7246,15.0503,21.7706,21.7246,
25,8,262144,8192,hyprefill,256/256/256,graph,0,23.6180,19.6347,23.6709,23.6180,
25,8,262144,8192,hyprefill,256/256/256,graph,1,23.1091,19.3283,23.1534,23.1091,
25,8,262144,8192,hyprefill,256/256/256,graph,2,23.6860,19.6347,23.7347,23.6860,
25,8,262144,8192,hyprefill,256/256/256,graph,3,23.6197,19.0856,23.6675,23.6197,
25,8,262144,8192,hyprefill,256/256/256,graph,4,23.7191,19.1174,23.7679,23.7191,
25,8,262144,8192,hyprefill,256/256/256,graph,5,22.6406,18.7791,22.6856,22.6406,
25,8,262144,8192,hyprefill,256/256/256,graph,6,23.5943,19.6347,23.6413,23.5943,
25,8,262144,8192,hyprefill,256/256/256,graph,7,23.5157,19.0856,23.5599,23.5157,
25,8,262144,8192,hyprefill,256/256/256,graph,8,23.5301,19.3601,23.5750,23.5301,
25,8,262144,8192,hyprefill,256/256/256,graph,9,22.8868,19.3283,22.9318,22.8868,
25,8,262144,8192,hyprefill,256/256/256,graph,10,23.5776,19.6347,23.6248,23.5776,
25,8,262144,8192,hyprefill,256/256/256,graph,11,23.7244,18.0190,23.7688,23.7244,
25,8,262144,8192,hyprefill,256/256/256,graph,12,23.1626,19.6347,23.2067,23.1626,
25,8,262144,8192,hyprefill,256/256/256,graph,13,22.3356,19.5711,22.3856,22.3356,
25,8,262144,8192,hyprefill,256/256/256,graph,14,23.5763,19.3601,23.6202,23.5763,
25,8,262144,8192,hyprefill,256/256/256,graph,15,23.7470,19.0856,23.7905,23.7470,
25,8,262144,8192,hyprefill,256/256/256,graph,16,23.5831,19.1174,23.6288,23.5831,
25,8,262144,8192,hyprefill,256/256/256,graph,17,22.2385,19.0219,22.2824,22.2385,
25,8,262144,8192,hyprefill,256/256/256,graph,18,23.6187,19.9093,23.6686,23.6187,
25,8,262144,8192,hyprefill,256/256/256,graph,19,23.4747,18.2936,23.5285,23.4747,
25,8,262144,8192,hyprefill,256/256/256,graph,20,23.3488,19.3601,23.3948,23.3488,
25,8,262144,8192,hyprefill,256/256/256,graph,21,22.0639,19.2965,22.1079,22.0639,
25,8,262144,8192,hyprefill,256/256/256,graph,22,23.4879,19.1174,23.5335,23.4879,
25,8,262144,8192,hyprefill,256/256/256,graph,23,23.5717,18.8110,23.6336,23.5717,
25,8,262144,8192,hyprefill,256/256/256,graph,24,23.5256,19.1174,23.5703,23.5256,
25,8,262144,8192,hyprefill,256/256/256,graph,25,22.2789,19.0219,22.3234,22.2789,
25,8,262144,8192,hyprefill,256/256/256,graph,26,22.9358,19.6347,22.9810,22.9358,
25,8,262144,8192,hyprefill,256/256/256,graph,27,23.7728,18.0190,23.8177,23.7728,
25,8,262144,8192,hyprefill,256/256/256,graph,28,22.0895,19.6029,22.1345,22.0895,
25,8,262144,8192,hyprefill,256/256/256,graph,29,22.2278,19.0219,22.2740,22.2278,
25,8,262144,8192,hyprefill,256/256/256,graph,30,23.2330,19.6347,23.2781,23.2330,
25,8,262144,8192,hyprefill,256/256/256,graph,31,23.5883,18.2618,23.6323,23.5883,
25,8,262144,8192,hyprefill,256/256/256,graph,32,23.6282,19.1174,23.6774,23.6282,
25,8,262144,8192,hyprefill,256/256/256,graph,33,22.0865,19.0219,22.1311,22.0865,
25,8,262144,8192,hyprefill,256/256/256,graph,34,23.6058,19.3920,23.6505,23.6058,
25,8,262144,8192,hyprefill,256/256/256,graph,35,23.3065,17.9872,23.3504,23.3065,
25,8,262144,8192,hyprefill,256/256/256,graph,36,22.4435,20.1521,22.4887,22.4435,
25,8,262144,8192,hyprefill,256/256/256,graph,37,22.1995,18.7473,22.2427,22.1995,
25,8,262144,8192,hyprefill,256/256/256,graph,38,23.1461,20.1839,23.1918,23.1461,
25,8,262144,8192,hyprefill,256/256/256,graph,39,23.6645,18.2618,23.7088,23.6645,
25,8,262144,8192,hyprefill,256/256/256,graph,40,23.5986,19.3920,23.6428,23.5986,
25,8,262144,8192,hyprefill,256/256/256,graph,41,22.3253,18.7473,22.3699,22.3253,
25,8,262144,8192,hyprefill,256/256/256,graph,42,23.2901,19.6666,23.3323,23.2901,
25,8,262144,8192,hyprefill,256/256/256,graph,43,23.3436,18.2618,23.3888,23.3436,
25,8,262144,8192,hyprefill,256/256/256,graph,44,23.1271,20.1839,23.1721,23.1271,
25,8,262144,8192,hyprefill,256/256/256,graph,45,22.4909,18.7473,22.5348,22.4909,
25,8,262144,8192,hyprefill,256/256/256,graph,46,23.2087,20.4585,23.2626,23.2087,
25,8,262144,8192,hyprefill,256/256/256,graph,47,23.1344,18.5046,23.1776,23.1344,
25,8,262144,8192,hyprefill,256/256/256,graph,48,23.9118,19.9412,23.9572,23.9118,
25,8,262144,8192,hyprefill,256/256/256,graph,49,23.1363,18.5046,23.1810,23.1363,
25,8,262144,8192,hyprefill,256/256/256,graph,50,23.5090,19.6666,23.5537,23.5090,
25,8,262144,8192,hyprefill,256/256/256,graph,51,23.8340,17.7126,23.8793,23.8340,
25,8,262144,8192,hyprefill,256/256/256,graph,52,23.5956,20.2157,23.6393,23.5956,
25,8,262144,8192,hyprefill,256/256/256,graph,53,22.1292,18.9901,22.1741,22.1292,
25,8,262144,8192,hyprefill,256/256/256,graph,54,23.5286,20.2157,23.5727,23.5286,
25,8,262144,8192,hyprefill,256/256/256,graph,55,23.2588,18.2300,23.3024,23.2588,
25,8,262144,8192,hyprefill,256/256/256,graph,56,23.3244,20.2157,23.3711,23.3244,
25,8,262144,8192,hyprefill,256/256/256,graph,57,23.0333,18.7473,23.0778,23.0333,
25,8,262144,8192,hyprefill,256/256/256,graph,58,23.7278,20.4903,23.7741,23.7278,
25,8,262144,8192,hyprefill,256/256/256,graph,59,23.5887,17.9872,23.6397,23.5887,
25,8,262144,8192,hyprefill,256/256/256,graph,60,23.6631,19.9412,23.7094,23.6631,
25,8,262144,8192,hyprefill,256/256/256,graph,61,22.5428,18.7473,22.5980,22.5428,
25,8,262144,8192,hyprefill,256/256/256,graph,62,23.8336,20.2157,23.8839,23.8336,
25,8,262144,8192,hyprefill,256/256/256,graph,63,23.4336,18.5046,23.4817,23.4336,
25,8,262144,8192,hyprefill,256/256/256,graph,64,23.5587,19.9412,23.6060,23.5587,
25,8,262144,8192,hyprefill,256/256/256,graph,65,23.6327,19.0537,23.6772,23.6327,
25,8,262144,8192,hyprefill,256/256/256,graph,66,23.5215,20.4585,23.5663,23.5215,
25,8,262144,8192,hyprefill,256/256/256,graph,67,23.7942,18.5364,23.8391,23.7942,
25,8,262144,8192,hyprefill,256/256/256,graph,68,23.4338,19.6666,23.4803,23.4338,
25,8,262144,8192,hyprefill,256/256/256,graph,69,23.4250,18.7791,23.4756,23.4250,
25,8,262144,8192,hyprefill,256/256/256,graph,70,23.4669,19.6666,23.5158,23.4669,
25,8,262144,8192,hyprefill,256/256/256,graph,71,23.7868,18.5364,23.8326,23.7868,
25,8,262144,8192,hyprefill,256/256/256,graph,72,23.4730,20.4585,23.5178,23.4730,
25,8,262144,8192,hyprefill,256/256/256,graph,73,23.6265,19.6029,23.6723,23.6265,
25,8,262144,8192,hyprefill,256/256/256,graph,74,23.4886,19.3920,23.5338,23.4886,
25,8,262144,8192,hyprefill,256/256/256,graph,75,23.5703,18.7791,23.6149,23.5703,
25,8,262144,8192,hyprefill,256/256/256,graph,76,23.6357,20.4585,23.6803,23.6357,
25,8,262144,8192,hyprefill,256/256/256,graph,77,23.3578,19.0856,23.4031,23.3578,
25,8,262144,8192,hyprefill,256/256/256,graph,78,23.8261,19.3920,23.8713,23.8261,
25,8,262144,8192,hyprefill,256/256/256,graph,79,23.7753,18.2618,23.8215,23.7753,
25,8,262144,8192,hyprefill,256/256/256,graph,80,23.7456,20.1839,23.7891,23.7456,
25,8,262144,8192,hyprefill,256/256/256,graph,81,23.4320,19.6029,23.4812,23.4320,
25,8,262144,8192,hyprefill,256/256/256,graph,82,23.5933,19.1174,23.6386,23.5933,
25,8,262144,8192,hyprefill,256/256/256,graph,83,23.8061,18.8110,23.8758,23.8061,
25,8,262144,8192,hyprefill,256/256/256,graph,84,23.2892,19.9093,23.3332,23.2892,
25,8,262144,8192,hyprefill,256/256/256,graph,85,23.5696,19.0856,23.6154,23.5696,
25,8,262144,8192,hyprefill,256/256/256,graph,86,23.7543,19.3601,23.7983,23.7543,
25,8,262144,8192,hyprefill,256/256/256,graph,87,23.4175,19.0856,23.4656,23.4175,
25,8,262144,8192,hyprefill,256/256/256,graph,88,23.6665,19.6347,23.7109,23.6665,
25,8,262144,8192,hyprefill,256/256/256,graph,89,22.8903,19.3283,22.9420,22.8903,
25,8,262144,8192,hyprefill,256/256/256,graph,90,23.8854,19.1174,23.9297,23.8854,
25,8,262144,8192,hyprefill,256/256/256,graph,91,23.2585,18.8110,23.3026,23.2585,
25,8,262144,8192,hyprefill,256/256/256,graph,92,23.5106,19.6347,23.5549,23.5106,
25,8,262144,8192,hyprefill,256/256/256,graph,93,23.5642,19.3601,23.6086,23.5642,
25,8,262144,8192,hyprefill,256/256/256,graph,94,23.7397,18.8428,23.7836,23.7397,
25,8,262144,8192,hyprefill,256/256/256,graph,95,23.6234,19.0856,23.6711,23.6234,
25,8,262144,8192,hyprefill,256/256/256,graph,96,23.3912,19.6347,23.4387,23.3912,
25,8,262144,8192,hyprefill,256/256/256,graph,97,23.3006,19.3283,23.3448,23.3006,
25,8,262144,8192,hyprefill,256/256/256,graph,98,23.3140,19.6347,23.3601,23.3140,
25,8,262144,8192,hyprefill,256/256/256,graph,99,23.6879,18.8110,23.7326,23.6879,
25,8,262144,8192,hyprefill,256/256/256,graph,100,23.5805,19.3601,23.6260,23.5805,
25,8,262144,8192,hyprefill,256/256/256,graph,101,23.4943,18.8110,23.5383,23.4943,
25,8,262144,8192,hyprefill,256/256/256,graph,102,23.2852,19.3601,23.3291,23.2852,
25,8,262144,8192,hyprefill,256/256/256,graph,103,23.2256,19.3601,23.2715,23.2256,
25,8,262144,8192,hyprefill,256/256/256,graph,104,23.5093,19.0856,23.5534,23.5093,
25,8,262144,8192,hyprefill,256/256/256,graph,105,22.3202,19.3283,22.3652,22.3202,
25,8,262144,8192,hyprefill,256/256/256,graph,106,23.2148,19.3601,23.2676,23.2148,
25,8,262144,8192,hyprefill,256/256/256,graph,107,23.4945,19.0856,23.5356,23.4945,
25,8,262144,8192,hyprefill,256/256/256,graph,108,23.3476,19.3601,23.3924,23.3476,
25,8,262144,8192,hyprefill,256/256/256,graph,109,23.6772,19.3601,23.7212,23.6772,
25,8,262144,8192,hyprefill,256/256/256,graph,110,23.5063,19.3601,23.5506,23.5063,
25,8,262144,8192,hyprefill,256/256/256,graph,111,23.0507,19.6029,23.0948,23.0507,
25,8,262144,8192,hyprefill,256/256/256,graph,112,23.1774,19.3601,23.2219,23.1774,
25,8,262144,8192,hyprefill,256/256/256,graph,113,23.5606,19.0856,23.6045,23.5606,
25,8,262144,8192,hyprefill,256/256/256,graph,114,23.4962,19.3601,23.5418,23.4962,
25,8,262144,8192,hyprefill,256/256/256,graph,115,23.6770,18.5682,23.7224,23.6770,
25,8,262144,8192,hyprefill,256/256/256,graph,116,22.9988,19.3283,23.0434,22.9988,
25,8,262144,8192,hyprefill,256/256/256,graph,117,23.3492,19.3601,23.3934,23.3492,
25,8,262144,8192,hyprefill,256/256/256,graph,118,23.4412,19.3601,23.4858,23.4412,
25,8,262144,8192,hyprefill,256/256/256,graph,119,22.2142,20.1203,22.2581,22.2142,
25,8,262144,8192,hyprefill,256/256/256,graph,120,23.6944,19.6347,23.7386,23.6944,
25,8,262144,8192,hyprefill,256/256/256,graph,121,23.5404,19.0856,23.5844,23.5404,
25,8,262144,8192,hyprefill,256/256/256,graph,122,23.4844,19.3601,23.5296,23.4844,
25,8,262144,8192,hyprefill,256/256/256,graph,123,23.4830,18.8110,23.5266,23.4830,
25,8,262144,8192,hyprefill,256/256/256,graph,124,23.2590,19.3601,23.3044,23.2590,
25,8,262144,8192,hyprefill,256/256/256,graph,125,23.7069,19.0856,23.7514,23.7069,
25,8,262144,8192,hyprefill,256/256/256,graph,126,23.4524,18.8428,23.4998,23.4524,
25,8,262144,8192,hyprefill,256/256/256,graph,127,22.3750,19.2965,22.4194,22.3750,
25,8,262144,8192,hyprefill,256/256/256,graph,128,23.1644,19.6347,23.2095,23.1644,
25,8,262144,8192,hyprefill,256/256/256,graph,129,23.6137,19.3601,23.6583,23.6137,
25,8,262144,8192,hyprefill,256/256/256,graph,130,23.5815,19.6347,23.6253,23.5815,
25,8,262144,8192,hyprefill,256/256/256,graph,131,23.6297,19.0856,23.6982,23.6297,
25,8,262144,8192,hyprefill,256/256/256,graph,132,23.6774,19.6347,23.7211,23.6774,
25,8,262144,8192,hyprefill,256/256/256,graph,133,23.3768,19.0856,23.4253,23.3768,
25,8,262144,8192,hyprefill,256/256/256,graph,134,23.7162,19.1174,23.7632,23.7162,
25,8,262144,8192,hyprefill,256/256/256,graph,135,23.3164,19.3283,23.3613,23.3164,
25,8,262144,8192,hyprefill,256/256/256,graph,136,23.5576,18.8428,23.6046,23.5576,
25,8,262144,8192,hyprefill,256/256/256,graph,137,23.0306,19.6029,23.0754,23.0306,
25,8,262144,8192,hyprefill,256/256/256,graph,138,23.1210,20.1521,23.1665,23.1210,
25,8,262144,8192,hyprefill,256/256/256,graph,139,23.7669,19.3601,23.8147,23.7669,
25,8,262144,8192,hyprefill,256/256/256,graph,140,23.3079,19.6347,23.3530,23.3079,
25,8,262144,8192,hyprefill,256/256/256,graph,141,23.7749,18.8110,23.8195,23.7749,
25,8,262144,8192,hyprefill,256/256/256,graph,142,23.5428,19.3920,23.5896,23.5428,
25,8,262144,8192,hyprefill,256/256/256,graph,143,23.4884,18.5364,23.5323,23.4884,
25,8,262144,8192,hyprefill,256/256/256,graph,144,23.6044,19.1174,23.6517,23.6044,
25,8,262144,8192,hyprefill,256/256/256,graph,145,22.2026,18.7473,22.2464,22.2026,
25,8,262144,8192,hyprefill,256/256/256,graph,146,23.7135,20.1839,23.7592,23.7135,
25,8,262144,8192,hyprefill,256/256/256,graph,147,23.3075,18.5364,23.3518,23.3075,
25,8,262144,8192,hyprefill,256/256/256,graph,148,22.8584,20.4267,22.9043,22.8584,
25,8,262144,8192,hyprefill,256/256/256,graph,149,23.7229,18.5364,23.7729,23.7229,
25,8,262144,8192,hyprefill,256/256/256,graph,150,23.5956,19.9412,23.6423,23.5956,
25,8,262144,8192,hyprefill,256/256/256,graph,151,22.6952,18.7473,22.7385,22.6952,
25,8,262144,8192,hyprefill,256/256/256,graph,152,23.5104,18.6000,23.5599,23.5104,
25,8,262144,8192,hyprefill,256/256/256,graph,153,23.1383,19.6029,23.1831,23.1383,
25,8,262144,8192,hyprefill,256/256/256,graph,154,22.7981,20.1521,22.8416,22.7981,
25,8,262144,8192,hyprefill,256/256/256,graph,155,23.7665,19.3601,23.8132,23.7665,
25,8,262144,8192,hyprefill,256/256/256,graph,156,23.4815,19.6347,23.5260,23.4815,
25,8,262144,8192,hyprefill,256/256/256,graph,157,23.5247,19.0856,23.5762,23.5247,
25,8,262144,8192,hyprefill,256/256/256,graph,158,23.5661,19.6347,23.6095,23.5661,
25,8,262144,8192,hyprefill,256/256/256,graph,159,23.2593,19.0856,23.3060,23.2593,
25,8,262144,8192,hyprefill,256/256/256,graph,160,23.7517,18.3254,23.8000,23.7517,
25,8,262144,8192,hyprefill,256/256/256,graph,161,22.7479,18.2300,22.7920,22.7479,
25,8,262144,8192,hyprefill,256/256/256,graph,162,22.5429,20.7013,22.5876,22.5429,
25,8,262144,8192,hyprefill,256/256/256,graph,163,23.2525,18.7791,23.2981,23.2525,
25,8,262144,8192,hyprefill,256/256/256,graph,164,22.7688,20.7013,22.8142,22.7688,
25,8,262144,8192,hyprefill,256/256/256,graph,165,23.5197,17.9872,23.5726,23.5197,
25,8,262144,8192,hyprefill,256/256/256,graph,166,23.4300,19.6666,23.4798,23.4300,
25,8,262144,8192,hyprefill,256/256/256,graph,167,21.9809,19.2647,22.0275,21.9809,
25,8,262144,8192,hyprefill,256/256/256,graph,168,23.2447,18.6000,23.2918,23.2447,
25,8,262144,8192,hyprefill,256/256/256,graph,169,23.6515,18.5364,23.6973,23.6515,
25,8,262144,8192,hyprefill,256/256/256,graph,170,23.7408,19.6347,23.7859,23.7408,
25,8,262144,8192,hyprefill,256/256/256,graph,171,23.7760,18.8110,23.8204,23.7760,
25,8,262144,8192,hyprefill,256/256/256,graph,172,23.0152,20.4267,23.0576,23.0152,
25,8,262144,8192,hyprefill,256/256/256,graph,173,23.2687,19.3283,23.3143,23.2687,
25,8,262144,8192,hyprefill,256/256/256,graph,174,23.7203,19.9412,23.7696,23.7203,
25,8,262144,8192,hyprefill,256/256/256,graph,175,23.0610,18.5046,23.1067,23.0610,
25,8,262144,8192,hyprefill,256/256/256,graph,176,23.4366,19.3920,23.4839,23.4366,
25,8,262144,8192,hyprefill,256/256/256,graph,177,23.6107,18.8110,23.6557,23.6107,
25,8,262144,8192,hyprefill,256/256/256,graph,178,23.6701,19.9412,23.7154,23.6701,
25,8,262144,8192,hyprefill,256/256/256,graph,179,23.3547,18.5046,23.3992,23.3547,
25,8,262144,8192,hyprefill,256/256/256,graph,180,23.3815,20.4585,23.4274,23.3815,
25,8,262144,8192,hyprefill,256/256/256,graph,181,23.5335,18.7791,23.5825,23.5335,
25,8,262144,8192,hyprefill,256/256/256,graph,182,23.4243,19.9412,23.4705,23.4243,
25,8,262144,8192,hyprefill,256/256/256,graph,183,23.7452,18.2618,23.7896,23.7452,
25,8,262144,8192,hyprefill,256/256/256,graph,184,23.4813,19.3920,23.5263,23.4813,
25,8,262144,8192,hyprefill,256/256/256,graph,185,23.0318,18.2300,23.0764,23.0318,
25,8,262144,8192,hyprefill,256/256/256,graph,186,23.7288,19.6666,23.7759,23.7288,
25,8,262144,8192,hyprefill,256/256/256,graph,187,22.5121,19.0219,22.5901,22.5121,
25,8,262144,8192,hyprefill,256/256/256,graph,188,23.5859,20.4585,23.6362,23.5859,
25,8,262144,8192,hyprefill,256/256/256,graph,189,23.2782,18.7791,23.3251,23.2782,
25,8,262144,8192,hyprefill,256/256/256,graph,190,23.7157,19.3920,23.7616,23.7157,
25,8,262144,8192,hyprefill,256/256/256,graph,191,23.6147,18.8110,23.6602,23.6147,
25,8,262144,8192,hyprefill,256/256/256,graph,192,23.6291,20.1839,23.6737,23.6291,
25,8,262144,8192,hyprefill,256/256/256,graph,193,23.5230,18.2618,23.5672,23.5230,
25,8,262144,8192,hyprefill,256/256/256,graph,194,23.5759,19.6666,23.6199,23.5759,
25,8,262144,8192,hyprefill,256/256/256,graph,195,22.2648,18.7473,22.3099,22.2648,
25,8,262144,8192,hyprefill,256/256/256,graph,196,22.7782,20.1839,22.8229,22.7782,
25,8,262144,8192,hyprefill,256/256/256,graph,197,23.1690,18.5046,23.2130,23.1690,
25,8,262144,8192,hyprefill,256/256/256,graph,198,23.7582,19.9412,23.8027,23.7582,
25,8,262144,8192,hyprefill,256/256/256,graph,199,23.5052,18.2618,23.5549,23.5052,
25,8,262144,8192,hyprefill,1536/1536/1536,graph,0,21.1253,15.0503,21.1708,21.1253,
25,8,262144,8192,hyprefill,1536/1536/1536,graph,1,21.0466,15.0503,21.0914,21.0466,
25,8,262144,8192,hyprefill,1536/1536/1536,graph,2,21.1746,15.0503,21.2185,21.1746,
25,8,262144,8192,hyprefill,1536/1536/1536,graph,3,21.1327,15.0503,21.1770,21.1327,
25,8,262144,8192,hyprefill,1536/1536/1536,graph,4,21.0493,15.0503,21.0997,21.0493,
25,8,262144,8192,hyprefill,1536/1536/1536,graph,5,21.0172,15.0503,21.0616,21.0172,
25,8,262144,8192,hyprefill,1536/1536/1536,graph,6,21.0568,15.0503,21.1011,21.0568,
25,8,262144,8192,hyprefill,1536/1536/1536,graph,7,21.0397,15.0503,21.0854,21.0397,
25,8,262144,8192,hyprefill,1536/1536/1536,graph,8,21.1491,15.0503,21.1936,21.1491,
25,8,262144,8192,hyprefill,1536/1536/1536,graph,9,21.1122,15.0503,21.1575,21.1122,
25,8,262144,8192,hyprefill,1536/1536/1536,graph,10,21.2179,15.0503,21.2617,21.2179,
25,8,262144,8192,hyprefill,1536/1536/1536,graph,11,21.2268,15.0503,21.2838,21.2268,
25,8,262144,8192,hyprefill,1536/1536/1536,graph,12,21.2037,15.0503,21.2528,21.2037,
25,8,262144,8192,hyprefill,1536/1536/1536,graph,13,21.1520,15.0503,21.1982,21.1520,
25,8,262144,8192,hyprefill,1536/1536/1536,graph,14,21.2052,15.0503,21.2518,21.2052,
25,8,262144,8192,hyprefill,1536/1536/1536,graph,15,21.2017,15.0503,21.2487,21.2017,
25,8,262144,8192,hyprefill,1536/1536/1536,graph,16,21.3140,15.0503,21.3605,21.3140,
25,8,262144,8192,hyprefill,1536/1536/1536,graph,17,21.2387,15.0503,21.2828,21.2387,
25,8,262144,8192,hyprefill,1536/1536/1536,graph,18,21.3948,15.0503,21.4453,21.3948,
25,8,262144,8192,hyprefill,1536/1536/1536,graph,19,21.2716,15.0503,21.3195,21.2716,
25,8,262144,8192,hyprefill,1536/1536/1536,graph,20,21.2612,15.0503,21.3062,21.2612,
25,8,262144,8192,hyprefill,1536/1536/1536,graph,21,21.0489,15.0503,21.0932,21.0489,
25,8,262144,8192,hyprefill,1536/1536/1536,graph,22,21.1532,15.0503,21.1978,21.1532,
25,8,262144,8192,hyprefill,1536/1536/1536,graph,23,20.9465,15.0503,20.9916,20.9465,
25,8,262144,8192,hyprefill,1536/1536/1536,graph,24,21.1833,15.0503,21.2291,21.1833,
25,8,262144,8192,hyprefill,1536/1536/1536,graph,25,21.0290,15.0503,21.0747,21.0290,
25,8,262144,8192,hyprefill,1536/1536/1536,graph,26,21.2020,15.0503,21.2480,21.2020,
25,8,262144,8192,hyprefill,1536/1536/1536,graph,27,21.0852,15.0503,21.1297,21.0852,
25,8,262144,8192,hyprefill,1536/1536/1536,graph,28,21.1188,15.0503,21.1638,21.1188,
25,8,262144,8192,hyprefill,1536/1536/1536,graph,29,21.0037,15.0503,21.0479,21.0037,
25,8,262144,8192,hyprefill,1536/1536/1536,graph,30,21.1116,15.0503,21.1555,21.1116,
25,8,262144,8192,hyprefill,1536/1536/1536,graph,31,21.0165,15.0503,21.0610,21.0165,
25,8,262144,8192,hyprefill,1536/1536/1536,graph,32,21.2623,15.0503,21.3076,21.2623,
25,8,262144,8192,hyprefill,1536/1536/1536,graph,33,21.1559,15.0503,21.2025,21.1559,
25,8,262144,8192,hyprefill,1536/1536/1536,graph,34,21.3164,15.0503,21.3624,21.3164,
25,8,262144,8192,hyprefill,1536/1536/1536,graph,35,21.2182,15.0503,21.2643,21.2182,
25,8,262144,8192,hyprefill,1536/1536/1536,graph,36,21.2878,15.0503,21.3322,21.2878,
25,8,262144,8192,hyprefill,1536/1536/1536,graph,37,21.2074,15.0503,21.2521,21.2074,
25,8,262144,8192,hyprefill,1536/1536/1536,graph,38,21.2921,15.0503,21.3361,21.2921,
25,8,262144,8192,hyprefill,1536/1536/1536,graph,39,21.1728,15.0503,21.2172,21.1728,
25,8,262144,8192,hyprefill,1536/1536/1536,graph,40,21.4721,15.0503,21.5165,21.4721,
25,8,262144,8192,hyprefill,1536/1536/1536,graph,41,21.2466,15.0503,21.2987,21.2466,
25,8,262144,8192,hyprefill,1536/1536/1536,graph,42,21.4332,15.0503,21.4793,21.4332,
25,8,262144,8192,hyprefill,1536/1536/1536,graph,43,21.2995,15.0503,21.3485,21.2995,
25,8,262144,8192,hyprefill,1536/1536/1536,graph,44,21.3871,15.0503,21.4337,21.3871,
25,8,262144,8192,hyprefill,1536/1536/1536,graph,45,21.0393,15.0503,21.0866,21.0393,
25,8,262144,8192,hyprefill,1536/1536/1536,graph,46,21.2630,15.0503,21.3073,21.2630,
25,8,262144,8192,hyprefill,1536/1536/1536,graph,47,20.9931,15.0503,21.0380,20.9931,
25,8,262144,8192,hyprefill,1536/1536/1536,graph,48,21.2541,15.0503,21.2988,21.2541,
25,8,262144,8192,hyprefill,1536/1536/1536,graph,49,21.0663,15.0503,21.1141,21.0663,
25,8,262144,8192,hyprefill,1536/1536/1536,graph,50,21.3500,15.0503,21.3943,21.3500,
25,8,262144,8192,hyprefill,1536/1536/1536,graph,51,21.0302,15.0503,21.0749,21.0302,
25,8,262144,8192,hyprefill,1536/1536/1536,graph,52,21.1849,15.0503,21.2306,21.1849,
25,8,262144,8192,hyprefill,1536/1536/1536,graph,53,20.9356,15.0503,20.9849,20.9356,
25,8,262144,8192,hyprefill,1536/1536/1536,graph,54,21.1084,15.0503,21.1626,21.1084,
25,8,262144,8192,hyprefill,1536/1536/1536,graph,55,20.9150,15.0503,20.9624,20.9150,
25,8,262144,8192,hyprefill,1536/1536/1536,graph,56,21.2204,15.0503,21.2722,21.2204,
25,8,262144,8192,hyprefill,1536/1536/1536,graph,57,20.9908,15.0503,21.0408,20.9908,
25,8,262144,8192,hyprefill,1536/1536/1536,graph,58,21.2706,15.0503,21.3184,21.2706,
25,8,262144,8192,hyprefill,1536/1536/1536,graph,59,21.0837,15.0503,21.1285,21.0837,
25,8,262144,8192,hyprefill,1536/1536/1536,graph,60,21.2428,15.0503,21.2875,21.2428,
25,8,262144,8192,hyprefill,1536/1536/1536,graph,61,20.9917,15.0503,21.0401,20.9917,
25,8,262144,8192,hyprefill,1536/1536/1536,graph,62,21.2092,15.0503,21.2550,21.2092,
25,8,262144,8192,hyprefill,1536/1536/1536,graph,63,20.9098,15.0503,20.9600,20.9098,
25,8,262144,8192,hyprefill,1536/1536/1536,graph,64,21.2447,15.0503,21.2961,21.2447,
25,8,262144,8192,hyprefill,1536/1536/1536,graph,65,20.9399,15.0503,20.9836,20.9399,
25,8,262144,8192,hyprefill,1536/1536/1536,graph,66,21.2288,15.0503,21.2735,21.2288,
25,8,262144,8192,hyprefill,1536/1536/1536,graph,67,20.9979,15.0503,21.0425,20.9979,
25,8,262144,8192,hyprefill,1536/1536/1536,graph,68,21.2072,15.0503,21.2515,21.2072,
25,8,262144,8192,hyprefill,1536/1536/1536,graph,69,20.8572,15.0503,20.9018,20.8572,
25,8,262144,8192,hyprefill,1536/1536/1536,graph,70,21.1180,15.0503,21.1643,21.1180,
25,8,262144,8192,hyprefill,1536/1536/1536,graph,71,20.8724,15.0503,20.9165,20.8724,
25,8,262144,8192,hyprefill,1536/1536/1536,graph,72,20.9797,14.7758,21.0250,20.9797,
25,8,262144,8192,hyprefill,1536/1536/1536,graph,73,20.3944,14.7758,20.4399,20.3944,
25,8,262144,8192,hyprefill,1536/1536/1536,graph,74,20.5453,14.5012,20.5894,20.5453,
25,8,262144,8192,hyprefill,1536/1536/1536,graph,75,19.9231,14.5012,19.9672,19.9231,
25,8,262144,8192,hyprefill,1536/1536/1536,graph,76,19.8870,14.2266,19.9314,19.8870,
25,8,262144,8192,hyprefill,1536/1536/1536,graph,77,19.3035,14.2266,19.3490,19.3035,
25,8,262144,8192,hyprefill,1536/1536/1536,graph,78,19.6052,14.2266,19.6501,19.6052,
25,8,262144,8192,hyprefill,1536/1536/1536,graph,79,19.3548,14.2266,19.4004,19.3548,
25,8,262144,8192,hyprefill,1536/1536/1536,graph,80,19.8636,14.5012,19.9087,19.8636,
25,8,262144,8192,hyprefill,1536/1536/1536,graph,81,19.8158,14.5012,19.8595,19.8158,
25,8,262144,8192,hyprefill,1536/1536/1536,graph,82,20.3033,14.7758,20.3477,20.3033,
25,8,262144,8192,hyprefill,1536/1536/1536,graph,83,20.4911,14.7758,20.5353,20.4911,
25,8,262144,8192,hyprefill,1536/1536/1536,graph,84,20.9987,15.0503,21.0421,20.9987,
25,8,262144,8192,hyprefill,1536/1536/1536,graph,85,21.1857,15.0503,21.2294,21.1857,
25,8,262144,8192,hyprefill,1536/1536/1536,graph,86,21.3634,15.0503,21.4073,21.3634,
25,8,262144,8192,hyprefill,1536/1536/1536,graph,87,21.2380,15.0503,21.2837,21.2380,
25,8,262144,8192,hyprefill,1536/1536/1536,graph,88,21.5497,15.0503,21.5945,21.5497,
25,8,262144,8192,hyprefill,1536/1536/1536,graph,89,21.1256,15.0503,21.1765,21.1256,
25,8,262144,8192,hyprefill,1536/1536/1536,graph,90,21.4482,15.0503,21.4962,21.4482,
25,8,262144,8192,hyprefill,1536/1536/1536,graph,91,21.1477,15.0503,21.1952,21.1477,
25,8,262144,8192,hyprefill,1536/1536/1536,graph,92,21.4051,15.0503,21.4513,21.4051,
25,8,262144,8192,hyprefill,1536/1536/1536,graph,93,21.1168,15.0503,21.1624,21.1168,
25,8,262144,8192,hyprefill,1536/1536/1536,graph,94,21.2652,15.0503,21.3196,21.2652,
25,8,262144,8192,hyprefill,1536/1536/1536,graph,95,21.0095,15.0503,21.0581,21.0095,
25,8,262144,8192,hyprefill,1536/1536/1536,graph,96,21.2695,15.0503,21.3148,21.2695,
25,8,262144,8192,hyprefill,1536/1536/1536,graph,97,20.7708,15.0503,20.8168,20.7708,
25,8,262144,8192,hyprefill,1536/1536/1536,graph,98,21.0271,15.0503,21.0718,21.0271,
25,8,262144,8192,hyprefill,1536/1536/1536,graph,99,20.8361,15.0503,20.8818,20.8361,
25,8,262144,8192,hyprefill,1536/1536/1536,graph,100,21.1658,15.0503,21.2100,21.1658,
25,8,262144,8192,hyprefill,1536/1536/1536,graph,101,20.8997,15.0503,20.9442,20.8997,
25,8,262144,8192,hyprefill,1536/1536/1536,graph,102,21.1293,15.0503,21.1743,21.1293,
25,8,262144,8192,hyprefill,1536/1536/1536,graph,103,20.9053,15.0503,20.9512,20.9053,
25,8,262144,8192,hyprefill,1536/1536/1536,graph,104,21.2376,15.0503,21.2834,21.2376,
25,8,262144,8192,hyprefill,1536/1536/1536,graph,105,20.8514,15.0503,20.8970,20.8514,
25,8,262144,8192,hyprefill,1536/1536/1536,graph,106,21.1460,15.0503,21.1923,21.1460,
25,8,262144,8192,hyprefill,1536/1536/1536,graph,107,20.9266,15.0503,20.9677,20.9266,
25,8,262144,8192,hyprefill,1536/1536/1536,graph,108,21.2868,15.0503,21.3317,21.2868,
25,8,262144,8192,hyprefill,1536/1536/1536,graph,109,21.0436,15.0503,21.0875,21.0436,
25,8,262144,8192,hyprefill,1536/1536/1536,graph,110,21.3258,15.0503,21.3706,21.3258,
25,8,262144,8192,hyprefill,1536/1536/1536,graph,111,21.0964,15.0503,21.1419,21.0964,
25,8,262144,8192,hyprefill,1536/1536/1536,graph,112,21.5017,15.0503,21.5464,21.5017,
25,8,262144,8192,hyprefill,1536/1536/1536,graph,113,20.9831,15.0503,21.0274,20.9831,
25,8,262144,8192,hyprefill,1536/1536/1536,graph,114,21.2782,15.0503,21.3226,21.2782,
25,8,262144,8192,hyprefill,1536/1536/1536,graph,115,21.0268,15.0503,21.0899,21.0268,
25,8,262144,8192,hyprefill,1536/1536/1536,graph,116,21.3711,15.0503,21.4153,21.3711,
25,8,262144,8192,hyprefill,1536/1536/1536,graph,117,20.9719,15.0503,21.0163,20.9719,
25,8,262144,8192,hyprefill,1536/1536/1536,graph,118,21.2078,15.0503,21.2543,21.2078,
25,8,262144,8192,hyprefill,1536/1536/1536,graph,119,20.8866,15.0503,20.9316,20.8866,
25,8,262144,8192,hyprefill,1536/1536/1536,graph,120,21.2712,15.0503,21.3171,21.2712,
25,8,262144,8192,hyprefill,1536/1536/1536,graph,121,20.7229,15.0503,20.7669,20.7229,
25,8,262144,8192,hyprefill,1536/1536/1536,graph,122,21.1192,15.0503,21.1629,21.1192,
25,8,262144,8192,hyprefill,1536/1536/1536,graph,123,20.8347,15.0503,20.8790,20.8347,
25,8,262144,8192,hyprefill,1536/1536/1536,graph,124,21.2137,15.0503,21.2611,21.2137,
25,8,262144,8192,hyprefill,1536/1536/1536,graph,125,20.9191,15.0503,20.9642,20.9191,
25,8,262144,8192,hyprefill,1536/1536/1536,graph,126,21.1867,15.0503,21.2308,21.1867,
25,8,262144,8192,hyprefill,1536/1536/1536,graph,127,20.9592,15.0503,21.0043,20.9592,
25,8,262144,8192,hyprefill,1536/1536/1536,graph,128,21.3466,15.0503,21.3910,21.3466,
25,8,262144,8192,hyprefill,1536/1536/1536,graph,129,20.8295,15.0503,20.8737,20.8295,
25,8,262144,8192,hyprefill,1536/1536/1536,graph,130,21.2329,15.0503,21.2767,21.2329,
25,8,262144,8192,hyprefill,1536/1536/1536,graph,131,20.9883,15.0503,21.0330,20.9883,
25,8,262144,8192,hyprefill,1536/1536/1536,graph,132,21.3505,15.0503,21.3952,21.3505,
25,8,262144,8192,hyprefill,1536/1536/1536,graph,133,21.0733,15.0503,21.1200,21.0733,
25,8,262144,8192,hyprefill,1536/1536/1536,graph,134,21.4089,15.0503,21.4555,21.4089,
25,8,262144,8192,hyprefill,1536/1536/1536,graph,135,21.1308,15.0503,21.1743,21.1308,
25,8,262144,8192,hyprefill,1536/1536/1536,graph,136,21.5200,15.0503,21.5641,21.5200,
25,8,262144,8192,hyprefill,1536/1536/1536,graph,137,21.0031,15.0503,21.0466,21.0031,
25,8,262144,8192,hyprefill,1536/1536/1536,graph,138,21.4186,15.0503,21.4625,21.4186,
25,8,262144,8192,hyprefill,1536/1536/1536,graph,139,21.3934,15.0503,21.4371,21.3934,
25,8,262144,8192,hyprefill,1536/1536/1536,graph,140,21.4594,15.0503,21.5046,21.4594,
25,8,262144,8192,hyprefill,1536/1536/1536,graph,141,21.4325,15.0503,21.4777,21.4325,
25,8,262144,8192,hyprefill,1536/1536/1536,graph,142,21.3767,15.0503,21.4205,21.3767,
25,8,262144,8192,hyprefill,1536/1536/1536,graph,143,21.3193,15.0503,21.3637,21.3193,
25,8,262144,8192,hyprefill,1536/1536/1536,graph,144,21.3609,15.0503,21.4066,21.3609,
25,8,262144,8192,hyprefill,1536/1536/1536,graph,145,21.2324,15.0503,21.2766,21.2324,
25,8,262144,8192,hyprefill,1536/1536/1536,graph,146,21.2407,15.0503,21.2912,21.2407,
25,8,262144,8192,hyprefill,1536/1536/1536,graph,147,21.1480,15.0503,21.1957,21.1480,
25,8,262144,8192,hyprefill,1536/1536/1536,graph,148,21.1840,15.0503,21.2301,21.1840,
25,8,262144,8192,hyprefill,1536/1536/1536,graph,149,21.2574,15.0503,21.3036,21.2574,
25,8,262144,8192,hyprefill,1536/1536/1536,graph,150,21.1837,15.0503,21.2290,21.1837,
25,8,262144,8192,hyprefill,1536/1536/1536,graph,151,21.2420,15.0503,21.2883,21.2420,
25,8,262144,8192,hyprefill,1536/1536/1536,graph,152,21.3181,15.0503,21.3706,21.3181,
25,8,262144,8192,hyprefill,1536/1536/1536,graph,153,21.1223,15.0503,21.1691,21.1223,
25,8,262144,8192,hyprefill,1536/1536/1536,graph,154,21.1573,15.0503,21.2029,21.1573,
25,8,262144,8192,hyprefill,1536/1536/1536,graph,155,21.3020,15.0503,21.3460,21.3020,
25,8,262144,8192,hyprefill,1536/1536/1536,graph,156,21.2673,15.0503,21.3123,21.2673,
25,8,262144,8192,hyprefill,1536/1536/1536,graph,157,21.3568,15.0503,21.4007,21.3568,
25,8,262144,8192,hyprefill,1536/1536/1536,graph,158,21.2990,15.0503,21.3434,21.2990,
25,8,262144,8192,hyprefill,1536/1536/1536,graph,159,21.2651,15.0503,21.3088,21.2651,
25,8,262144,8192,hyprefill,1536/1536/1536,graph,160,21.3192,15.0503,21.3632,21.3192,
25,8,262144,8192,hyprefill,1536/1536/1536,graph,161,21.1576,15.0503,21.2017,21.1576,
25,8,262144,8192,hyprefill,1536/1536/1536,graph,162,21.1732,15.0503,21.2182,21.1732,
25,8,262144,8192,hyprefill,1536/1536/1536,graph,163,21.1770,15.0503,21.2209,21.1770,
25,8,262144,8192,hyprefill,1536/1536/1536,graph,164,21.1924,15.0503,21.2365,21.1924,
25,8,262144,8192,hyprefill,1536/1536/1536,graph,165,21.2083,15.0503,21.2547,21.2083,
25,8,262144,8192,hyprefill,1536/1536/1536,graph,166,21.1156,15.0503,21.1603,21.1156,
25,8,262144,8192,hyprefill,1536/1536/1536,graph,167,21.2121,15.0503,21.2562,21.2121,
25,8,262144,8192,hyprefill,1536/1536/1536,graph,168,21.0890,14.7758,21.1411,21.0890,
25,8,262144,8192,hyprefill,1536/1536/1536,graph,169,20.5306,14.7758,20.5764,20.5306,
25,8,262144,8192,hyprefill,1536/1536/1536,graph,170,20.3872,14.5012,20.4328,20.3872,
25,8,262144,8192,hyprefill,1536/1536/1536,graph,171,20.0611,14.5012,20.1060,20.0611,
25,8,262144,8192,hyprefill,1536/1536/1536,graph,172,19.8899,14.2266,19.9331,19.8899,
25,8,262144,8192,hyprefill,1536/1536/1536,graph,173,19.6894,14.2266,19.7399,19.6894,
25,8,262144,8192,hyprefill,1536/1536/1536,graph,174,19.5363,14.2266,19.5806,19.5363,
25,8,262144,8192,hyprefill,1536/1536/1536,graph,175,19.5224,14.2266,19.5656,19.5224,
25,8,262144,8192,hyprefill,1536/1536/1536,graph,176,19.7751,14.5012,19.8203,19.7751,
25,8,262144,8192,hyprefill,1536/1536/1536,graph,177,20.1985,14.5012,20.2429,20.1985,
25,8,262144,8192,hyprefill,1536/1536/1536,graph,178,20.3907,14.7758,20.4354,20.3907,
25,8,262144,8192,hyprefill,1536/1536/1536,graph,179,20.8155,14.7758,20.8597,20.8155,
25,8,262144,8192,hyprefill,1536/1536/1536,graph,180,20.9190,15.0503,20.9617,20.9190,
25,8,262144,8192,hyprefill,1536/1536/1536,graph,181,21.3517,15.0503,21.3960,21.3517,
25,8,262144,8192,hyprefill,1536/1536/1536,graph,182,21.3148,15.0503,21.3650,21.3148,
25,8,262144,8192,hyprefill,1536/1536/1536,graph,183,21.3807,15.0503,21.4263,21.3807,
25,8,262144,8192,hyprefill,1536/1536/1536,graph,184,21.4386,15.0503,21.4833,21.4386,
25,8,262144,8192,hyprefill,1536/1536/1536,graph,185,21.4584,15.0503,21.5030,21.4584,
25,8,262144,8192,hyprefill,1536/1536/1536,graph,186,21.5164,15.0503,21.5608,21.5164,
25,8,262144,8192,hyprefill,1536/1536/1536,graph,187,21.4679,15.0503,21.5121,21.4679,
25,8,262144,8192,hyprefill,1536/1536/1536,graph,188,21.3219,15.0503,21.3658,21.3219,
25,8,262144,8192,hyprefill,1536/1536/1536,graph,189,21.2456,15.0503,21.2958,21.2456,
25,8,262144,8192,hyprefill,1536/1536/1536,graph,190,21.2023,15.0503,21.2492,21.2023,
25,8,262144,8192,hyprefill,1536/1536/1536,graph,191,21.1433,15.0503,21.1972,21.1433,
25,8,262144,8192,hyprefill,1536/1536/1536,graph,192,21.1914,15.0503,21.2392,21.1914,
25,8,262144,8192,hyprefill,1536/1536/1536,graph,193,21.1517,15.0503,21.2075,21.1517,
25,8,262144,8192,hyprefill,1536/1536/1536,graph,194,21.1433,15.0503,21.1925,21.1433,
25,8,262144,8192,hyprefill,1536/1536/1536,graph,195,21.1610,15.0503,21.2077,21.1610,
25,8,262144,8192,hyprefill,1536/1536/1536,graph,196,21.0586,15.0503,21.1029,21.0586,
25,8,262144,8192,hyprefill,1536/1536/1536,graph,197,21.1060,15.0503,21.1559,21.1060,
25,8,262144,8192,hyprefill,1536/1536/1536,graph,198,21.0537,15.0503,21.0989,21.0537,
25,8,262144,8192,hyprefill,1536/1536/1536,graph,199,21.1386,15.0503,21.1833,21.1386,
