B,D,t,delta,policy,n,mode,iter,gpu_ms,cpu_model_ms,wall_ms,iter_ms,tokens_done
50,32,524288,2048,layered,256/256/256,graph,0,47.4630,15.0503,47.5248,47.4630,
50,32,524288,2048,layered,256/256/256,graph,1,47.1568,15.0503,47.2136,47.1568,
50,32,524288,2048,layered,256/256/256,graph,2,47.3139,15.0503,47.3636,47.3139,
50,32,524288,2048,layered,256/256/256,graph,3,47.3586,15.0503,47.4077,47.3586,
50,32,524288,2048,layered,256/256/256,graph,4,47.0885,14.7758,47.1580,47.0885,
50,32,524288,2048,layered,256/256/256,graph,5,47.2744,15.0503,47.3229,47.2744,
50,32,524288,2048,layered,256/256/256,graph,6,47.7935,13.7092,47.8396,47.7935,
50,32,524288,2048,layered,256/256/256,graph,7,47.3993,15.0503,47.4513,47.3993,
50,32,524288,2048,layered,256/256/256,graph,8,47.4435,14.7758,47.5094,47.4435,
50,32,524288,2048,layered,256/256/256,graph,9,47.0002,15.0503,47.0529,47.0002,
50,32,524288,2048,layered,256/256/256,graph,10,47.2852,15.0503,47.3346,47.2852,
50,32,524288,2048,layered,256/256/256,graph,11,47.3941,15.0503,47.4509,47.3941,
50,32,524288,2048,layered,256/256/256,graph,12,47.1389,15.0503,47.1924,47.1389,
50,32,524288,2048,layered,256/256/256,graph,13,47.1439,14.5012,47.1918,47.1439,
50,32,524288,2048,layered,256/256/256,graph,14,46.8840,15.0503,46.9360,46.8840,
50,32,524288,2048,layered,256/256/256,graph,15,47.8330,14.2584,47.8807,47.8330,
50,32,524288,2048,layered,256/256/256,graph,16,47.3591,14.5012,47.4174,47.3591,
50,32,524288,2048,layered,256/256/256,graph,17,46.7574,15.3249,46.8222,46.7574,
50,32,524288,2048,layered,256/256/256,graph,18,47.3956,14.7758,47.4558,47.3956,
50,32,524288,2048,layered,256/256/256,graph,19,47.3380,15.3249,47.3897,47.3380,
50,32,524288,2048,layered,256/256/256,graph,20,47.4264,15.0503,47.4745,47.4264,
50,32,524288,2048,layered,256/256/256,graph,21,47.1497,15.3249,47.1959,47.1497,
50,32,524288,2048,layered,256/256/256,graph,22,47.4406,15.0503,47.4897,47.4406,
50,32,524288,2048,layered,256/256/256,graph,23,47.5326,14.2584,47.5837,47.5326,
50,32,524288,2048,layered,256/256/256,graph,24,47.2216,14.2266,47.2760,47.2216,
50,32,524288,2048,layered,256/256/256,graph,25,46.9072,15.5995,46.9725,46.9072,
50,32,524288,2048,layered,256/256/256,graph,26,47.4761,14.7758,47.5277,47.4761,
50,32,524288,2048,layered,256/256/256,graph,27,47.6172,14.8076,47.6667,47.6172,
50,32,524288,2048,layered,256/256/256,graph,28,47.1769,14.5012,47.2248,47.1769,
50,32,524288,2048,layered,256/256/256,graph,29,47.2061,15.3249,47.2634,47.2061,
50,32,524288,2048,layered,256/256/256,graph,30,47.3090,14.7758,47.3658,47.3090,
50,32,524288,2048,layered,256/256/256,graph,31,47.2138,15.0503,47.2595,47.2138,
50,32,524288,2048,layered,256/256/256,graph,32,46.9484,15.0503,47.0140,46.9484,
50,32,524288,2048,layered,256/256/256,graph,33,47.8232,14.5330,47.8716,47.8232,
50,32,524288,2048,layered,256/256/256,graph,34,47.2390,14.2266,47.2852,47.2390,
50,32,524288,2048,layered,256/256/256,graph,35,47.2492,15.3249,47.2962,47.2492,
50,32,524288,2048,layered,256/256/256,graph,36,47.5736,15.0503,47.6220,47.5736,
50,32,524288,2048,layered,256/256/256,graph,37,47.4008,15.3249,47.4539,47.4008,
50,32,524288,2048,layered,256/256/256,graph,38,48.2178,14.8076,48.2828,48.2178,
50,32,524288,2048,layered,256/256/256,graph,39,47.3393,14.7758,47.3868,47.3393,
50,32,524288,2048,layered,256/256/256,graph,40,47.6869,15.3249,47.7329,47.6869,
50,32,524288,2048,layered,256/256/256,graph,41,47.3352,14.7758,47.3862,47.3352,
50,32,524288,2048,layered,256/256/256,graph,42,47.1754,15.3249,47.2183,47.1754,
50,32,524288,2048,layered,256/256/256,graph,43,46.9222,14.5012,46.9710,46.9222,
50,32,524288,2048,layered,256/256/256,graph,44,46.9629,14.7758,47.0103,46.9629,
50,32,524288,2048,layered,256/256/256,graph,45,47.5903,14.7758,47.6711,47.5903,
50,32,524288,2048,layered,256/256/256,graph,46,47.6372,14.2584,47.6941,47.6372,
50,32,524288,2048,layered,256/256/256,graph,47,47.6401,15.0503,47.6936,47.6401,
50,32,524288,2048,layered,256/256/256,graph,48,47.2172,15.3249,47.2689,47.2172,
50,32,524288,2048,layered,256/256/256,graph,49,47.6541,15.0503,47.7104,47.6541,
50,32,524288,2048,layered,256/256/256,graph,50,47.5367,15.3249,47.5849,47.5367,
50,32,524288,2048,layered,256/256/256,graph,51,47.4512,15.0503,47.5005,47.4512,
50,32,524288,2048,layered,256/256/256,graph,52,46.8010,15.3249,46.8589,46.8010,
50,32,524288,2048,layered,256/256/256,graph,53,47.6907,14.7758,47.7526,47.6907,
50,32,524288,2048,layered,256/256/256,graph,54,46.7931,15.0503,46.8429,46.7931,
50,32,524288,2048,layered,256/256/256,graph,55,47.2127,14.7758,47.2622,47.2127,
50,32,524288,2048,layered,256/256/256,graph,56,47.8292,14.8076,47.8797,47.8292,
50,32,524288,2048,layered,256/256/256,graph,57,47.0988,14.2266,47.1459,47.0988,
50,32,524288,2048,layered,256/256/256,graph,58,46.7082,15.3249,46.7650,46.7082,
50,32,524288,2048,layered,256/256/256,graph,59,47.7265,15.0503,47.7766,47.7265,
50,32,524288,2048,layered,256/256/256,graph,60,46.9893,15.3249,47.0361,46.9893,
50,32,524288,2048,layered,256/256/256,graph,61,47.3480,15.0503,47.3957,47.3480,
50,32,524288,2048,layered,256/256/256,graph,62,47.1760,15.3249,47.2277,47.1760,
50,32,524288,2048,layered,256/256/256,graph,63,47.9859,15.0503,48.0383,47.9859,
50,32,524288,2048,layered,256/256/256,graph,64,47.3061,15.0503,47.3598,47.3061,
50,32,524288,2048,layered,256/256/256,graph,65,47.5984,15.0503,47.6495,47.5984,
50,32,524288,2048,layered,256/256/256,graph,66,47.6570,15.0503,47.7118,47.6570,
50,32,524288,2048,layered,256/256/256,graph,67,47.4579,15.0503,47.5153,47.4579,
50,32,524288,2048,layered,256/256/256,graph,68,48.3715,14.2584,48.4341,48.3715,
50,32,524288,2048,layered,256/256/256,graph,69,47.6835,15.0503,47.7454,47.6835,
50,32,524288,2048,layered,256/256/256,graph,70,46.9498,15.0503,47.0014,46.9498,
50,32,524288,2048,layered,256/256/256,graph,71,46.9956,14.5012,47.0534,46.9956,
50,32,524288,2048,layered,256/256/256,graph,72,47.0441,15.3249,47.0998,47.0441,
50,32,524288,2048,layered,256/256/256,graph,73,47.2720,15.0503,47.3202,47.2720,
50,32,524288,2048,layered,256/256/256,graph,74,47.3445,15.3249,47.3903,47.3445,
50,32,524288,2048,layered,256/256/256,graph,75,47.5585,15.0503,47.6047,47.5585,
50,32,524288,2048,layered,256/256/256,graph,76,46.9918,15.0503,47.0405,46.9918,
50,32,524288,2048,layered,256/256/256,graph,77,47.2389,15.0503,47.2853,47.2389,
50,32,524288,2048,layered,256/256/256,graph,78,47.3033,15.0503,47.3653,47.3033,
50,32,524288,2048,layered,256/256/256,graph,79,47.7907,14.2584,47.8444,47.7907,
50,32,524288,2048,layered,256/256/256,graph,80,47.0511,14.7758,47.0993,47.0511,
50,32,524288,2048,layered,256/256/256,graph,81,47.0209,15.3249,47.0664,47.0209,
50,32,524288,2048,layered,256/256/256,graph,82,47.2639,14.5012,47.3099,47.2639,
50,32,524288,2048,layered,256/256/256,graph,83,47.1506,15.3249,47.1992,47.1506,
50,32,524288,2048,layered,256/256/256,graph,84,47.1827,14.5012,47.2341,47.1827,
50,32,524288,2048,layered,256/256/256,graph,85,46.9985,15.3249,47.0519,46.9985,
50,32,524288,2048,layered,256/256/256,graph,86,47.3158,14.7758,47.3697,47.3158,
50,32,524288,2048,layered,256/256/256,graph,87,47.7046,14.2584,47.7664,47.7046,
50,32,524288,2048,layered,256/256/256,graph,88,47.2043,14.7758,47.2513,47.2043,
50,32,524288,2048,layered,256/256/256,graph,89,46.9400,15.3249,46.9891,46.9400,
50,32,524288,2048,layered,256/256/256,graph,90,47.2508,14.5012,47.2989,47.2508,
50,32,524288,2048,layered,256/256/256,graph,91,46.8116,15.0503,46.8623,46.8116,
50,32,524288,2048,layered,256/256/256,graph,92,46.8546,15.0503,46.9001,46.8546,
50,32,524288,2048,layered,256/256/256,graph,93,47.2410,14.7758,47.2843,47.2410,
50,32,524288,2048,layered,256/256/256,graph,94,47.0355,14.7758,47.0813,47.0355,
50,32,524288,2048,layered,256/256/256,graph,95,47.7590,14.2584,47.8082,47.7590,
50,32,524288,2048,layered,256/256/256,graph,96,47.4717,14.5012,47.5248,47.4717,
50,32,524288,2048,layered,256/256/256,graph,97,46.5754,15.3249,46.6235,46.5754,
50,32,524288,2048,layered,256/256/256,graph,98,47.3129,14.7758,47.3618,47.3129,
50,32,524288,2048,layered,256/256/256,graph,99,46.6587,15.3249,46.7234,46.6587,
50,32,524288,2048,layered,256/256/256,graph,100,47.3323,14.7758,47.3907,47.3323,
50,32,524288,2048,layered,256/256/256,graph,101,47.3464,15.3249,47.4000,47.3464,
50,32,524288,2048,layered,256/256/256,graph,102,47.1596,14.5012,47.2102,47.1596,
50,32,524288,2048,layered,256/256/256,graph,103,48.0519,13.9838,48.1012,48.0519,
50,32,524288,2048,layered,256/256/256,graph,104,47.4417,14.5012,47.4909,47.4417,
50,32,524288,2048,layered,256/256/256,graph,105,46.8759,15.0503,46.9244,46.8759,
50,32,524288,2048,layered,256/256/256,graph,106,47.1836,14.7758,47.2415,47.1836,
50,32,524288,2048,layered,256/256/256,graph,107,47.2649,15.0503,47.3236,47.2649,
50,32,524288,2048,layered,256/256/256,graph,108,47.1235,15.0503,47.1729,47.1235,
50,32,524288,2048,layered,256/256/256,graph,109,47.2794,15.0503,47.3279,47.2794,
50,32,524288,2048,layered,256/256/256,graph,110,47.3471,15.0503,47.3949,47.3471,
50,32,524288,2048,layered,256/256/256,graph,111,46.9498,14.7758,47.0033,46.9498,
50,32,524288,2048,layered,256/256/256,graph,112,48.0151,14.5330,48.0671,48.0151,
50,32,524288,2048,layered,256/256/256,graph,113,47.3267,14.5012,47.3795,47.3267,
50,32,524288,2048,layered,256/256/256,graph,114,47.2359,15.3249,47.2925,47.2359,
50,32,524288,2048,layered,256/256/256,graph,115,47.5989,14.7758,47.6510,47.5989,
50,32,524288,2048,layered,256/256/256,graph,116,46.9509,15.3249,46.9996,46.9509,
50,32,524288,2048,layered,256/256/256,graph,117,47.4017,15.0503,47.4488,47.4017,
50,32,524288,2048,layered,256/256/256,graph,118,47.1533,15.3249,47.2029,47.1533,
50,32,524288,2048,layered,256/256/256,graph,119,47.2394,15.0503,47.2938,47.2394,
50,32,524288,2048,layered,256/256/256,graph,120,47.2102,15.0503,47.2573,47.2102,
50,32,524288,2048,layered,256/256/256,graph,121,48.9047,13.7092,48.9522,48.9047,
50,32,524288,2048,layered,256/256/256,graph,122,47.0148,15.3249,47.0632,47.0148,
50,32,524288,2048,layered,256/256/256,graph,123,47.0026,14.5012,47.0512,47.0026,
50,32,524288,2048,layered,256/256/256,graph,124,46.8923,15.0503,46.9378,46.8923,
50,32,524288,2048,layered,256/256/256,graph,125,47.1779,15.0503,47.2263,47.1779,
50,32,524288,2048,layered,256/256/256,graph,126,48.3735,14.2584,48.4235,48.3735,
50,32,524288,2048,layered,256/256/256,graph,127,46.9375,15.3249,46.9841,46.9375,
50,32,524288,2048,layered,256/256/256,graph,128,47.0888,14.7758,47.1338,47.0888,
50,32,524288,2048,layered,256/256/256,graph,129,47.3332,15.0503,47.3865,47.3332,
50,32,524288,2048,layered,256/256/256,graph,130,47.5654,14.2584,47.6141,47.5654,
50,32,524288,2048,layered,256/256/256,graph,131,47.6151,14.5012,47.6631,47.6151,
50,32,524288,2048,layered,256/256/256,graph,132,46.6849,15.8741,46.7335,46.6849,
50,32,524288,2048,layered,256/256/256,graph,133,47.5083,14.5012,47.5588,47.5083,
50,32,524288,2048,layered,256/256/256,graph,134,46.9254,15.5995,46.9771,46.9254,
50,32,524288,2048,layered,256/256/256,graph,135,47.4901,14.7758,47.5500,47.4901,
50,32,524288,2048,layered,256/256/256,graph,136,46.7698,15.0503,46.8220,46.7698,
50,32,524288,2048,layered,256/256/256,graph,137,47.3266,14.7758,47.3758,47.3266,
50,32,524288,2048,layered,256/256/256,graph,138,46.5896,14.7758,46.6390,46.5896,
50,32,524288,2048,layered,256/256/256,graph,139,46.8697,15.0503,46.9166,46.8697,
50,32,524288,2048,layered,256/256/256,graph,140,47.0516,15.0503,47.0985,47.0516,
50,32,524288,2048,layered,256/256/256,graph,141,47.3510,15.0503,47.3947,47.3510,
50,32,524288,2048,layered,256/256/256,graph,142,47.0136,14.7758,47.0583,47.0136,
50,32,524288,2048,layered,256/256/256,graph,143,47.6844,14.5012,47.7364,47.6844,
50,32,524288,2048,layered,256/256/256,graph,144,47.1474,15.0503,47.1968,47.1474,
50,32,524288,2048,layered,256/256/256,graph,145,47.3652,15.0503,47.4150,47.3652,
50,32,524288,2048,layered,256/256/256,graph,146,47.2896,15.0503,47.3360,47.2896,
50,32,524288,2048,layered,256/256/256,graph,147,47.2953,15.0503,47.3386,47.2953,
50,32,524288,2048,layered,256/256/256,graph,148,47.5134,15.0503,47.5629,47.5134,
50,32,524288,2048,layered,256/256/256,graph,149,48.0880,14.2584,48.1414,48.0880,
50,32,524288,2048,layered,256/256/256,graph,150,47.4789,15.0503,47.5303,47.4789,
50,32,524288,2048,layered,256/256/256,graph,151,47.3131,15.3249,47.3598,47.3131,
50,32,524288,2048,layered,256/256/256,graph,152,47.1476,14.7758,47.1921,47.1476,
50,32,524288,2048,layered,256/256/256,graph,153,48.6418,15.0822,48.6933,48.6418,
50,32,524288,2048,layered,256/256/256,graph,154,47.1979,14.2266,47.2452,47.1979,
50,32,524288,2048,layered,256/256/256,graph,155,47.0680,15.5995,47.1140,47.0680,
50,32,524288,2048,layered,256/256/256,graph,156,47.4746,14.7758,47.5292,47.4746,
50,32,524288,2048,layered,256/256/256,graph,157,47.0020,15.3249,47.0562,47.0020,
50,32,524288,2048,layered,256/256/256,graph,158,47.4109,15.0503,47.4666,47.4109,
50,32,524288,2048,layered,256/256/256,graph,159,47.3276,15.3249,47.3792,47.3276,
50,32,524288,2048,layered,256/256/256,graph,160,47.4041,15.0503,47.4556,47.4041,
50,32,524288,2048,layered,256/256/256,graph,161,46.9423,14.7758,46.9905,46.9423,
50,32,524288,2048,layered,256/256/256,graph,162,47.1466,15.0503,47.1940,47.1466,
50,32,524288,2048,layered,256/256/256,graph,163,46.9077,14.7758,46.9534,46.9077,
50,32,524288,2048,layered,256/256/256,graph,164,47.3154,15.0503,47.3607,47.3154,
50,32,524288,2048,layered,256/256/256,graph,165,47.2982,15.0503,47.3500,47.2982,
50,32,524288,2048,layered,256/256/256,graph,166,47.0876,14.7758,47.1381,47.0876,
50,32,524288,2048,layered,256/256/256,graph,167,47.0284,15.0503,47.0742,47.0284,
50,32,524288,2048,layered,256/256/256,graph,168,47.1943,14.7758,47.2451,47.1943,
50,32,524288,2048,layered,256/256/256,graph,169,46.8491,15.0503,46.9000,46.8491,
50,32,524288,2048,layered,256/256/256,graph,170,47.1103,14.7758,47.1661,47.1103,
50,32,524288,2048,layered,256/256/256,graph,171,47.8813,14.2584,47.9319,47.8813,
50,32,524288,2048,layered,256/256/256,graph,172,47.2345,14.7758,47.2826,47.2345,
50,32,524288,2048,layered,256/256/256,graph,173,46.8876,15.3249,46.9466,46.8876,
50,32,524288,2048,layered,256/256/256,graph,174,47.1468,14.7758,47.1952,47.1468,
50,32,524288,2048,layered,256/256/256,graph,175,46.7620,15.3249,46.8060,46.7620,
50,32,524288,2048,layered,256/256/256,graph,176,47.1834,15.0503,47.2348,47.1834,
50,32,524288,2048,layered,256/256/256,graph,177,47.3108,15.0503,47.3648,47.3108,
50,32,524288,2048,layered,256/256/256,graph,178,47.1302,15.0503,47.1820,47.1302,
50,32,524288,2048,layered,256/256/256,graph,179,47.0556,14.5012,47.1075,47.0556,
50,32,524288,2048,layered,256/256/256,graph,180,47.3641,15.0503,47.4399,47.3641,
50,32,524288,2048,layered,256/256/256,graph,181,48.5316,13.9838,48.5802,48.5316,
50,32,524288,2048,layered,256/256/256,graph,182,46.8411,15.0503,46.8872,46.8411,
50,32,524288,2048,layered,256/256/256,graph,183,47.3309,14.7758,47.3790,47.3309,
50,32,524288,2048,layered,256/256/256,graph,184,47.1974,15.0503,47.2492,47.1974,
50,32,524288,2048,layered,256/256/256,graph,185,47.2551,15.3249,47.3063,47.2551,
50,32,524288,2048,layered,256/256/256,graph,186,47.4374,14.7758,47.5118,47.4374,
50,32,524288,2048,layered,256/256/256,graph,187,47.0067,15.3249,47.0573,47.0067,
50,32,524288,2048,layered,256/256/256,graph,188,47.0472,14.5012,47.0961,47.0472,
50,32,524288,2048,layered,256/256/256,graph,189,48.1988,13.9838,48.2477,48.1988,
50,32,524288,2048,layered,256/256/256,graph,190,47.3560,14.7758,47.4112,47.3560,
50,32,524288,2048,layered,256/256/256,graph,191,47.1488,14.5012,47.2193,47.1488,
50,32,524288,2048,layered,256/256/256,graph,192,46.8988,14.7758,46.9626,46.8988,
50,32,524288,2048,layered,256/256/256,graph,193,47.3744,15.3249,47.4232,47.3744,
50,32,524288,2048,layered,256/256/256,graph,194,47.2030,15.0503,47.2503,47.2030,
50,32,524288,2048,layered,256/256/256,graph,195,47.2466,15.3249,47.3036,47.2466,
50,32,524288,2048,layered,256/256/256,graph,196,47.1917,15.0503,47.2386,47.1917,
50,32,524288,2048,layered,256/256/256,graph,197,47.1275,14.7758,47.1745,47.1275,
50,32,524288,2048,layered,256/256/256,graph,198,47.3520,14.7758,47.4035,47.3520,
50,32,524288,2048,layered,256/256/256,graph,199,47.0694,14.7758,47.1199,47.0694,
50,32,524288,2048,layered,512/512/512,graph,0,45.2284,14.1947,45.2785,45.2284,
50,32,524288,2048,layered,512/512/512,graph,1,45.5486,14.1947,45.5766,45.5486,
50,32,524288,2048,layered,512/512/512,graph,2,47.4709,14.1947,47.4897,47.4709,
50,32,524288,2048,layered,512/512/512,graph,3,47.6876,14.1947,47.7208,47.6876,
50,32,524288,2048,layered,512/512/512,graph,4,47.5299,14.1947,47.5479,47.5299,
50,32,524288,2048,layered,512/512/512,graph,5,47.5215,14.1947,47.5453,47.5215,
50,32,524288,2048,layered,512/512/512,graph,6,47.5690,14.1947,47.5888,47.5690,
50,32,524288,2048,layered,512/512/512,graph,7,47.4497,14.1947,47.4794,47.4497,
50,32,524288,2048,layered,512/512/512,graph,8,47.8436,14.1947,47.8621,47.8436,
50,32,524288,2048,layered,512/512/512,graph,9,47.7674,14.1947,47.7872,47.7674,
50,32,524288,2048,layered,512/512/512,graph,10,47.4187,14.1947,47.4373,47.4187,
50,32,524288,2048,layered,512/512/512,graph,11,47.6154,14.1947,47.6367,47.6154,
50,32,524288,2048,layered,512/512/512,graph,12,47.5818,14.1947,47.6043,47.5818,
50,32,524288,2048,layered,512/512/512,graph,13,47.6037,14.1947,47.6255,47.6037,
50,32,524288,2048,layered,512/512/512,graph,14,47.3668,14.1947,47.3869,47.3668,
50,32,524288,2048,layered,512/512/512,graph,15,47.3959,14.1947,47.4238,47.3959,
50,32,524288,2048,layered,512/512/512,graph,16,48.3524,14.1947,48.3693,48.3524,
50,32,524288,2048,layered,512/512/512,graph,17,49.5101,14.1947,49.5310,49.5101,
50,32,524288,2048,layered,512/512/512,graph,18,55.4862,14.1947,55.5060,55.4862,
50,32,524288,2048,layered,512/512/512,graph,19,53.3504,14.1947,53.3682,53.3504,
50,32,524288,2048,layered,512/512/512,graph,20,49.5596,14.1947,49.5767,49.5596,
50,32,524288,2048,layered,512/512/512,graph,21,48.3079,14.1947,48.3248,48.3079,
50,32,524288,2048,layered,512/512/512,graph,22,47.8377,14.1947,47.8556,47.8377,
50,32,524288,2048,layered,512/512/512,graph,23,47.4478,14.1947,47.4654,47.4478,
50,32,524288,2048,layered,512/512/512,graph,24,47.4387,14.1947,47.4578,47.4387,
50,32,524288,2048,layered,512/512/512,graph,25,47.1649,14.1947,47.1846,47.1649,
50,32,524288,2048,layered,512/512/512,graph,26,47.9523,14.1947,47.9731,47.9523,
50,32,524288,2048,layered,512/512/512,graph,27,48.6199,14.1947,48.6389,48.6199,
50,32,524288,2048,layered,512/512/512,graph,28,48.1077,14.1947,48.1277,48.1077,
50,32,524288,2048,layered,512/512/512,graph,29,47.1468,14.1947,47.1686,47.1468,
50,32,524288,2048,layered,512/512/512,graph,30,47.2671,14.1947,47.2879,47.2671,
50,32,524288,2048,layered,512/512/512,graph,31,47.5191,14.1947,47.5426,47.5191,
50,32,524288,2048,layered,512/512/512,graph,32,47.6660,14.1947,47.6854,47.6660,
50,32,524288,2048,layered,512/512/512,graph,33,47.1355,14.1947,47.1525,47.1355,
50,32,524288,2048,layered,512/512/512,graph,34,47.3684,14.1947,47.3846,47.3684,
50,32,524288,2048,layered,512/512/512,graph,35,47.7302,14.1947,47.7452,47.7302,
50,32,524288,2048,layered,512/512/512,graph,36,49.1873,14.1947,49.2032,49.1873,
50,32,524288,2048,layered,512/512/512,graph,37,51.2437,14.1947,51.2597,51.2437,
50,32,524288,2048,layered,512/512/512,graph,38,52.0116,14.1947,52.0268,52.0116,
50,32,524288,2048,layered,512/512/512,graph,39,50.6189,14.1947,50.6355,50.6189,
50,32,524288,2048,layered,512/512/512,graph,40,50.0307,14.1947,50.0473,50.0307,
50,32,524288,2048,layered,512/512/512,graph,41,49.7026,14.1947,49.7189,49.7026,
50,32,524288,2048,layered,512/512/512,graph,42,49.3300,14.1947,49.3473,49.3300,
50,32,524288,2048,layered,512/512/512,graph,43,48.3310,14.1947,48.3499,48.3310,
50,32,524288,2048,layered,512/512/512,graph,44,47.8078,14.1947,47.8286,47.8078,
50,32,524288,2048,layered,512/512/512,graph,45,47.3560,14.1947,47.3737,47.3560,
50,32,524288,2048,layered,512/512/512,graph,46,47.9348,14.1947,47.9528,47.9348,
50,32,524288,2048,layered,512/512/512,graph,47,48.3932,14.1947,48.4341,48.3932,
50,32,524288,2048,layered,512/512/512,graph,48,47.7882,14.1947,47.8568,47.7882,
50,32,524288,2048,layered,512/512/512,graph,49,47.2962,14.1947,47.3475,47.2962,
50,32,524288,2048,layered,512/512/512,graph,50,47.2909,14.1947,47.3319,47.2909,
50,32,524288,2048,layered,512/512/512,graph,51,48.0067,14.1947,48.0246,48.0067,
50,32,524288,2048,layered,512/512/512,graph,52,48.4703,14.1947,48.4921,48.4703,
50,32,524288,2048,layered,512/512/512,graph,53,47.7301,14.1947,47.7516,47.7301,
50,32,524288,2048,layered,512/512/512,graph,54,47.5851,14.1947,47.6064,47.5851,
50,32,524288,2048,layered,512/512/512,graph,55,48.5541,14.1947,48.5726,48.5541,
50,32,524288,2048,layered,512/512/512,graph,56,49.3693,14.1947,49.3874,49.3693,
50,32,524288,2048,layered,512/512/512,graph,57,49.5375,14.1947,49.5557,49.5375,
50,32,524288,2048,layered,512/512/512,graph,58,49.5842,14.1947,49.6011,49.5842,
50,32,524288,2048,layered,512/512/512,graph,59,49.6037,14.1947,49.6215,49.6037,
50,32,524288,2048,layered,512/512/512,graph,60,49.8741,14.1947,49.8916,49.8741,
50,32,524288,2048,layered,512/512/512,graph,61,49.6901,14.1947,49.7075,49.6901,
50,32,524288,2048,layered,512/512/512,graph,62,48.6467,14.1947,48.6646,48.6467,
50,32,524288,2048,layered,512/512/512,graph,63,48.3661,14.1947,48.3833,48.3661,
50,32,524288,2048,layered,512/512/512,graph,64,48.6714,14.1947,48.6894,48.6714,
50,32,524288,2048,layered,512/512/512,graph,65,48.4936,14.1947,48.5122,48.4936,
50,32,524288,2048,layered,512/512/512,graph,66,48.1373,14.1947,48.1554,48.1373,
50,32,524288,2048,layered,512/512/512,graph,67,47.9520,14.1947,47.9722,47.9520,
50,32,524288,2048,layered,512/512/512,graph,68,47.6135,14.1947,47.6417,47.6135,
50,32,524288,2048,layered,512/512/512,graph,69,47.5942,14.1947,47.6134,47.5942,
50,32,524288,2048,layered,512/512/512,graph,70,47.6244,14.1947,47.6533,47.6244,
50,32,524288,2048,layered,512/512/512,graph,71,48.0925,14.1947,48.1124,48.0925,
50,32,524288,2048,layered,512/512/512,graph,72,47.8871,14.1947,47.9054,47.8871,
50,32,524288,2048,layered,512/512/512,graph,73,47.9634,14.1947,47.9846,47.9634,
50,32,524288,2048,layered,512/512/512,graph,74,48.2354,14.1947,48.2588,48.2354,
50,32,524288,2048,layered,512/512/512,graph,75,48.5170,14.1947,48.5393,48.5170,
50,32,524288,2048,layered,512/512/512,graph,76,48.7045,14.1947,48.7217,48.7045,
50,32,524288,2048,layered,512/512/512,graph,77,48.7143,14.1947,48.7336,48.7143,
50,32,524288,2048,layered,512/512/512,graph,78,49.3531,14.1947,49.3730,49.3531,
50,32,524288,2048,layered,512/512/512,graph,79,50.0903,14.1947,50.1137,50.0903,
50,32,524288,2048,layered,512/512/512,graph,80,50.0088,14.1947,50.0279,50.0088,
50,32,524288,2048,layered,512/512/512,graph,81,49.6348,14.1947,49.6583,49.6348,
50,32,524288,2048,layered,512/512/512,graph,82,49.0163,14.1947,49.0346,49.0163,
50,32,524288,2048,layered,512/512/512,graph,83,49.1225,14.1947,49.1401,49.1225,
50,32,524288,2048,layered,512/512/512,graph,84,48.5357,14.1947,48.5519,48.5357,
50,32,524288,2048,layered,512/512/512,graph,85,48.6341,14.1947,48.6506,48.6341,
50,32,524288,2048,layered,512/512/512,graph,86,48.2849,14.1947,48.3022,48.2849,
50,32,524288,2048,layered,512/512/512,graph,87,47.8954,14.1947,47.9106,47.8954,
50,32,524288,2048,layered,512/512/512,graph,88,48.0815,14.1947,48.0986,48.0815,
50,32,524288,2048,layered,512/512/512,graph,89,48.1324,14.1947,48.1508,48.1324,
50,32,524288,2048,layered,512/512/512,graph,90,47.9007,14.1947,47.9225,47.9007,
50,32,524288,2048,layered,512/512/512,graph,91,47.5204,14.1947,47.5426,47.5204,
50,32,524288,2048,layered,512/512/512,graph,92,47.9939,14.1947,48.0115,47.9939,
50,32,524288,2048,layered,512/512/512,graph,93,48.4127,14.1947,48.4301,48.4127,
50,32,524288,2048,layered,512/512/512,graph,94,47.8972,14.1947,47.9153,47.8972,
50,32,524288,2048,layered,512/512/512,graph,95,47.9827,14.1947,48.0016,47.9827,
50,32,524288,2048,layered,512/512/512,graph,96,48.3347,14.1947,48.3521,48.3347,
50,32,524288,2048,layered,512/512/512,graph,97,48.6759,14.1947,48.6925,48.6759,
50,32,524288,2048,layered,512/512/512,graph,98,48.8117,14.1947,48.8294,48.8117,
50,32,524288,2048,layered,512/512/512,graph,99,50.0193,14.1947,50.0387,50.0193,
50,32,524288,2048,layered,512/512/512,graph,100,49.3290,14.1947,49.3517,49.3290,
50,32,524288,2048,layered,512/512/512,graph,101,49.2316,14.1947,49.2481,49.2316,
50,32,524288,2048,layered,512/512/512,graph,102,49.5012,14.1947,49.5186,49.5012,
50,32,524288,2048,layered,512/512/512,graph,103,48.8307,14.1947,48.8503,48.8307,
50,32,524288,2048,layered,512/512/512,graph,104,48.3285,14.1947,48.3511,48.3285,
50,32,524288,2048,layered,512/512/512,graph,105,48.6007,14.1947,48.6216,48.6007,
50,32,524288,2048,layered,512/512/512,graph,106,48.6449,14.1947,48.6761,48.6449,
50,32,524288,2048,layered,512/512/512,graph,107,48.5062,14.1947,48.5508,48.5062,
50,32,524288,2048,layered,512/512/512,graph,108,48.4903,14.1947,48.5077,48.4903,
50,32,524288,2048,layered,512/512/512,graph,109,47.7297,14.1947,47.7467,47.7297,
50,32,524288,2048,layered,512/512/512,graph,110,47.8929,14.1947,47.9176,47.8929,
50,32,524288,2048,layered,512/512/512,graph,111,47.6675,14.1947,47.6852,47.6675,
50,32,524288,2048,layered,512/512/512,graph,112,48.2899,14.1947,48.3080,48.2899,
50,32,524288,2048,layered,512/512/512,graph,113,48.1245,14.1947,48.1415,48.1245,
50,32,524288,2048,layered,512/512/512,graph,114,47.7920,14.1947,47.8084,47.7920,
50,32,524288,2048,layered,512/512/512,graph,115,48.1548,14.1947,48.1712,48.1548,
50,32,524288,2048,layered,512/512/512,graph,116,48.4984,14.1947,48.5157,48.4984,
50,32,524288,2048,layered,512/512/512,graph,117,48.6325,14.1947,48.6842,48.6325,
50,32,524288,2048,layered,512/512/512,graph,118,49.4210,14.1947,49.4798,49.4210,
50,32,524288,2048,layered,512/512/512,graph,119,49.2433,14.1947,49.2623,49.2433,
50,32,524288,2048,layered,512/512/512,graph,120,48.7726,14.1947,48.7920,48.7726,
50,32,524288,2048,layered,512/512/512,graph,121,48.6618,14.1947,48.6814,48.6618,
50,32,524288,2048,layered,512/512/512,graph,122,49.1961,14.1947,49.2138,49.1961,
50,32,524288,2048,layered,512/512/512,graph,123,48.8594,14.1947,48.8747,48.8594,
50,32,524288,2048,layered,512/512/512,graph,124,48.6503,14.1947,48.6669,48.6503,
50,32,524288,2048,layered,512/512/512,graph,125,48.4732,14.1947,48.4895,48.4732,
50,32,524288,2048,layered,512/512/512,graph,126,48.2386,14.1947,48.2546,48.2386,
50,32,524288,2048,layered,512/512/512,graph,127,48.3405,14.1947,48.3572,48.3405,
50,32,524288,2048,layered,512/512/512,graph,128,48.1219,14.1947,48.1392,48.1219,
50,32,524288,2048,layered,512/512/512,graph,129,47.7380,14.1947,47.7550,47.7380,
50,32,524288,2048,layered,512/512/512,graph,130,47.2605,14.1947,47.2776,47.2605,
50,32,524288,2048,layered,512/512/512,graph,131,47.6197,14.1947,47.6361,47.6197,
50,32,524288,2048,layered,512/512/512,graph,132,48.0539,14.1947,48.0714,48.0539,
50,32,524288,2048,layered,512/512/512,graph,133,47.7930,14.1947,47.8100,47.7930,
50,32,524288,2048,layered,512/512/512,graph,134,47.6585,14.1947,47.6764,47.6585,
50,32,524288,2048,layered,512/512/512,graph,135,48.2913,14.1947,48.3112,48.2913,
50,32,524288,2048,layered,512/512/512,graph,136,48.5160,14.1947,48.5376,48.5160,
50,32,524288,2048,layered,512/512/512,graph,137,48.6477,14.1947,48.6657,48.6477,
50,32,524288,2048,layered,512/512/512,graph,138,48.8097,14.1947,48.8267,48.8097,
50,32,524288,2048,layered,512/512/512,graph,139,49.6996,14.1947,49.7197,49.6996,
50,32,524288,2048,layered,512/512/512,graph,140,48.8731,14.1947,48.8890,48.8731,
50,32,524288,2048,layered,512/512/512,graph,141,48.7889,14.1947,48.8047,48.7889,
50,32,524288,2048,layered,512/512/512,graph,142,49.5547,14.1947,49.5710,49.5547,
50,32,524288,2048,layered,512/512/512,graph,143,49.1186,14.1947,49.1354,49.1186,
50,32,524288,2048,layered,512/512/512,graph,144,48.6175,14.1947,48.6342,48.6175,
50,32,524288,2048,layered,512/512/512,graph,145,48.2020,14.1947,48.2185,48.2020,
50,32,524288,2048,layered,512/512/512,graph,146,48.6393,14.1947,48.6563,48.6393,
50,32,524288,2048,layered,512/512/512,graph,147,48.8132,14.1947,48.8295,48.8132,
50,32,524288,2048,layered,512/512/512,graph,148,48.9354,14.1947,48.9541,48.9354,
50,32,524288,2048,layered,512/512/512,graph,149,48.2511,14.1947,48.2697,48.2511,
50,32,524288,2048,layered,512/512/512,graph,150,47.8891,14.1947,47.9076,47.8891,
50,32,524288,2048,layered,512/512/512,graph,151,48.0701,14.1947,48.0884,48.0701,
50,32,524288,2048,layered,512/512/512,graph,152,48.0091,14.1947,48.0270,48.0091,
50,32,524288,2048,layered,512/512/512,graph,153,47.9238,14.1947,47.9449,47.9238,
50,32,524288,2048,layered,512/512/512,graph,154,48.3768,14.1947,48.3938,48.3768,
50,32,524288,2048,layered,512/512/512,graph,155,48.0809,14.1947,48.0973,48.0809,
50,32,524288,2048,layered,512/512/512,graph,156,48.1061,14.1947,48.1249,48.1061,
50,32,524288,2048,layered,512/512/512,graph,157,48.0750,14.1947,48.0922,48.0750,
50,32,524288,2048,layered,512/512/512,graph,158,48.9811,14.1947,48.9972,48.9811,
50,32,524288,2048,layered,512/512/512,graph,159,48.6853,14.1947,48.7025,48.6853,
50,32,524288,2048,layered,512/512/512,graph,160,48.7441,14.1947,48.7608,48.7441,
50,32,524288,2048,layered,512/512/512,graph,161,49.0389,14.1947,49.0552,49.0389,
50,32,524288,2048,layered,512/512/512,graph,162,49.0002,14.1947,49.0165,49.0002,
50,32,524288,2048,layered,512/512/512,graph,163,49.2781,14.1947,49.2948,49.2781,
50,32,524288,2048,layered,512/512/512,graph,164,48.6924,14.1947,48.7108,48.6924,
50,32,524288,2048,layered,512/512/512,graph,165,48.5537,14.1947,48.5755,48.5537,
50,32,524288,2048,layered,512/512/512,graph,166,48.3284,14.1947,48.3524,48.3284,
50,32,524288,2048,layered,512/512/512,graph,167,48.3223,14.1947,48.3491,48.3223,
50,32,524288,2048,layered,512/512/512,graph,168,47.9031,14.1947,47.9280,47.9031,
50,32,524288,2048,layered,512/512/512,graph,169,47.6584,14.1947,47.6771,47.6584,
50,32,524288,2048,layered,512/512/512,graph,170,48.6139,14.1947,48.6332,48.6139,
50,32,524288,2048,layered,512/512/512,graph,171,48.7305,14.1947,48.7494,48.7305,
50,32,524288,2048,layered,512/512/512,graph,172,48.5569,14.1947,48.5735,48.5569,
50,32,524288,2048,layered,512/512/512,graph,173,48.6683,14.1947,48.6851,48.6683,
50,32,524288,2048,layered,512/512/512,graph,174,48.6760,14.1947,48.6914,48.6760,
50,32,524288,2048,layered,512/512/512,graph,175,47.7990,14.1947,47.8153,47.7990,
50,32,524288,2048,layered,512/512/512,graph,176,48.0680,14.1947,48.0837,48.0680,
50,32,524288,2048,layered,512/512/512,graph,177,48.3792,14.1947,48.3960,48.3792,
50,32,524288,2048,layered,512/512/512,graph,178,48.5770,14.1947,48.5935,48.5770,
50,32,524288,2048,layered,512/512/512,graph,179,48.7879,14.1947,48.8039,48.7879,
50,32,524288,2048,layered,512/512/512,graph,180,48.5905,14.1947,48.6072,48.5905,
50,32,524288,2048,layered,512/512/512,graph,181,49.0164,14.1947,49.0326,49.0164,
50,32,524288,2048,layered,512/512/512,graph,182,48.9559,14.1947,48.9719,48.9559,
50,32,524288,2048,layered,512/512/512,graph,183,48.8813,14.1947,48.8970,48.8813,
50,32,524288,2048,layered,512/512/512,graph,184,49.0315,14.1947,49.0474,49.0315,
50,32,524288,2048,layered,512/512/512,graph,185,49.3413,14.1947,49.3583,49.3413,
50,32,524288,2048,layered,512/512/512,graph,186,48.8827,14.1947,48.9049,48.8827,
50,32,524288,2048,layered,512/512/512,graph,187,48.2923,14.1947,48.3130,48.2923,
50,32,524288,2048,layered,512/512/512,graph,188,47.8994,14.1947,47.9177,47.8994,
50,32,524288,2048,layered,512/512/512,graph,189,48.0464,14.1947,48.0622,48.0464,
50,32,524288,2048,layered,512/512/512,graph,190,48.5173,14.1947,48.5355,48.5173,
50,32,524288,2048,layered,512/512/512,graph,191,48.1948,14.1947,48.2119,48.1948,
50,32,524288,2048,layered,512/512/512,graph,192,48.3432,14.1947,48.3595,48.3432,
50,32,524288,2048,layered,512/512/512,graph,193,48.6725,14.1947,48.6893,48.6725,
50,32,524288,2048,layered,512/512/512,graph,194,48.4928,14.1947,48.5097,48.4928,
50,32,524288,2048,layered,512/512/512,graph,195,48.1688,14.1947,48.1885,48.1688,
50,32,524288,2048,layered,512/512/512,graph,196,48.1075,14.1947,48.1269,48.1075,
50,32,524288,2048,layered,512/512/512,graph,197,48.3913,14.1947,48.4108,48.3913,
50,32,524288,2048,layered,512/512/512,graph,198,48.4492,14.1947,48.4688,48.4492,
50,32,524288,2048,layered,512/512/512,graph,199,48.4689,14.1947,48.4883,48.4689,
50,32,524288,2048,hyprefill,256/2048/2048,graph,0,47.1678,13.4346,47.2202,47.1678,
50,32,524288,2048,hyprefill,256/2048/2048,graph,1,48.1343,13.4346,48.1569,48.1343,
50,32,524288,2048,hyprefill,256/2048/2048,graph,2,50.4084,13.4346,50.4262,50.4084,
50,32,524288,2048,hyprefill,256/2048/2048,graph,3,49.9555,13.4346,49.9754,49.9555,
50,32,524288,2048,hyprefill,256/2048/2048,graph,4,46.8378,13.9520,46.8854,46.8378,
50,32,524288,2048,hyprefill,256/2048/2048,graph,5,46.8589,14.2266,46.9205,46.8589,
50,32,524288,2048,hyprefill,256/2048/2048,graph,6,47.1533,13.9520,47.2080,47.1533,
50,32,524288,2048,hyprefill,256/2048/2048,graph,7,47.5639,14.5012,47.6207,47.5639,
50,32,524288,2048,hyprefill,256/2048/2048,graph,8,47.2608,13.6774,47.3147,47.2608,
50,32,524288,2048,hyprefill,256/2048/2048,graph,9,47.4257,14.2266,47.4731,47.4257,
50,32,524288,2048,hyprefill,256/2048/2048,graph,10,47.7080,14.2266,47.7556,47.7080,
50,32,524288,2048,hyprefill,256/2048/2048,graph,11,48.3938,13.6774,48.4480,48.3938,
50,32,524288,2048,hyprefill,256/2048/2048,graph,12,47.0622,14.2266,47.1161,47.0622,
50,32,524288,2048,hyprefill,256/2048/2048,graph,13,47.3012,13.6774,47.3542,47.3012,
50,32,524288,2048,hyprefill,256/2048/2048,graph,14,47.1473,14.2266,47.2019,47.1473,
50,32,524288,2048,hyprefill,256/2048/2048,graph,15,47.1931,13.4028,47.2451,47.1931,
50,32,524288,2048,hyprefill,256/2048/2048,graph,16,46.1615,14.2266,46.2106,46.1615,
50,32,524288,2048,hyprefill,256/2048/2048,graph,17,48.6168,13.4028,48.6393,48.6168,
50,32,524288,2048,hyprefill,256/2048/2048,graph,18,49.1931,14.2266,49.2139,49.1931,
50,32,524288,2048,hyprefill,256/2048/2048,graph,19,47.7608,13.4346,47.8069,47.7608,
50,32,524288,2048,hyprefill,256/2048/2048,graph,20,47.1623,13.7092,47.2084,47.1623,
50,32,524288,2048,hyprefill,256/2048/2048,graph,21,47.9152,13.4346,47.9774,47.9152,
50,32,524288,2048,hyprefill,256/2048/2048,graph,22,47.1530,13.7092,47.2052,47.1530,
50,32,524288,2048,hyprefill,256/2048/2048,graph,23,47.8167,13.4346,47.8627,47.8167,
50,32,524288,2048,hyprefill,256/2048/2048,graph,24,47.3736,13.7092,47.4186,47.3736,
50,32,524288,2048,hyprefill,256/2048/2048,graph,25,48.4675,13.7092,48.5136,48.4675,
50,32,524288,2048,hyprefill,256/2048/2048,graph,26,47.4724,13.9838,47.5202,47.4724,
50,32,524288,2048,hyprefill,256/2048/2048,graph,27,47.3013,13.6774,47.3469,47.3013,
50,32,524288,2048,hyprefill,256/2048/2048,graph,28,47.1460,14.2266,47.2012,47.1460,
50,32,524288,2048,hyprefill,256/2048/2048,graph,29,46.9819,14.2266,47.0634,46.9819,
50,32,524288,2048,hyprefill,256/2048/2048,graph,30,47.4234,13.9520,47.4833,47.4234,
50,32,524288,2048,hyprefill,256/2048/2048,graph,31,47.2367,13.9520,47.2857,47.2367,
50,32,524288,2048,hyprefill,256/2048/2048,graph,32,47.5815,13.9838,47.6335,47.5815,
50,32,524288,2048,hyprefill,256/2048/2048,graph,33,48.0251,13.4346,48.0793,48.0251,
50,32,524288,2048,hyprefill,256/2048/2048,graph,34,47.8071,13.4346,47.8576,47.8071,
50,32,524288,2048,hyprefill,256/2048/2048,graph,35,48.3363,13.4346,48.4178,48.3363,
50,32,524288,2048,hyprefill,256/2048/2048,graph,36,47.4952,13.4346,47.5584,47.4952,
50,32,524288,2048,hyprefill,256/2048/2048,graph,37,47.3466,13.7092,47.4352,47.3466,
50,32,524288,2048,hyprefill,256/2048/2048,graph,38,48.8037,13.4346,48.8744,48.8037,
50,32,524288,2048,hyprefill,256/2048/2048,graph,39,50.3665,13.7092,50.4169,50.3665,
50,32,524288,2048,hyprefill,256/2048/2048,graph,40,48.1408,13.4346,48.1947,48.1408,
50,32,524288,2048,hyprefill,256/2048/2048,graph,41,47.8654,13.9838,47.9247,47.8654,
50,32,524288,2048,hyprefill,256/2048/2048,graph,42,47.9430,13.6774,47.9908,47.9430,
50,32,524288,2048,hyprefill,256/2048/2048,graph,43,47.6280,13.9838,47.6778,47.6280,
50,32,524288,2048,hyprefill,256/2048/2048,graph,44,47.4379,13.9520,47.4867,47.4379,
50,32,524288,2048,hyprefill,256/2048/2048,graph,45,47.9823,13.9838,48.0309,47.9823,
50,32,524288,2048,hyprefill,256/2048/2048,graph,46,48.3058,13.9520,48.3544,48.3058,
50,32,524288,2048,hyprefill,256/2048/2048,graph,47,46.9075,14.2266,46.9660,46.9075,
50,32,524288,2048,hyprefill,256/2048/2048,graph,48,47.1980,14.2266,47.2584,47.1980,
50,32,524288,2048,hyprefill,256/2048/2048,graph,49,48.9172,13.4346,48.9725,48.9172,
50,32,524288,2048,hyprefill,256/2048/2048,graph,50,47.4423,13.7092,47.4975,47.4423,
50,32,524288,2048,hyprefill,256/2048/2048,graph,51,47.6031,13.7092,47.6608,47.6031,
50,32,524288,2048,hyprefill,256/2048/2048,graph,52,48.5357,13.7092,48.5663,48.5357,
50,32,524288,2048,hyprefill,256/2048/2048,graph,53,49.5012,13.7092,49.5193,49.5012,
50,32,524288,2048,hyprefill,256/2048/2048,graph,54,50.5467,13.7092,50.5651,50.5467,
50,32,524288,2048,hyprefill,256/2048/2048,graph,55,48.3716,13.4028,48.4217,48.3716,
50,32,524288,2048,hyprefill,256/2048/2048,graph,56,47.0169,14.7758,47.0720,47.0169,
50,32,524288,2048,hyprefill,256/2048/2048,graph,57,47.8652,13.4028,47.9193,47.8652,
50,32,524288,2048,hyprefill,256/2048/2048,graph,58,47.9151,14.5012,47.9621,47.9151,
50,32,524288,2048,hyprefill,256/2048/2048,graph,59,47.8426,13.9520,47.8884,47.8426,
50,32,524288,2048,hyprefill,256/2048/2048,graph,60,47.2982,14.5012,47.3457,47.2982,
50,32,524288,2048,hyprefill,256/2048/2048,graph,61,47.9272,13.6774,47.9723,47.9272,
50,32,524288,2048,hyprefill,256/2048/2048,graph,62,48.4894,13.7092,48.5321,48.4894,
50,32,524288,2048,hyprefill,256/2048/2048,graph,63,47.5142,13.9520,47.5613,47.5142,
50,32,524288,2048,hyprefill,256/2048/2048,graph,64,47.2664,13.7092,47.3137,47.2664,
50,32,524288,2048,hyprefill,256/2048/2048,graph,65,47.9461,13.4346,47.9957,47.9461,
50,32,524288,2048,hyprefill,256/2048/2048,graph,66,48.4814,13.4346,48.5402,48.4814,
50,32,524288,2048,hyprefill,256/2048/2048,graph,67,47.7935,13.7092,47.8437,47.7935,
50,32,524288,2048,hyprefill,256/2048/2048,graph,68,48.0057,13.7092,48.0571,48.0057,
50,32,524288,2048,hyprefill,256/2048/2048,graph,69,47.9612,13.4346,48.0065,47.9612,
50,32,524288,2048,hyprefill,256/2048/2048,graph,70,47.2630,14.2266,47.3096,47.2630,
50,32,524288,2048,hyprefill,256/2048/2048,graph,71,47.3230,13.9520,47.3769,47.3230,
50,32,524288,2048,hyprefill,256/2048/2048,graph,72,47.0808,13.9520,47.1480,47.0808,
50,32,524288,2048,hyprefill,256/2048/2048,graph,73,47.2015,14.2266,47.2582,47.2015,
50,32,524288,2048,hyprefill,256/2048/2048,graph,74,47.0325,13.6774,47.0903,47.0325,
50,32,524288,2048,hyprefill,256/2048/2048,graph,75,47.0361,13.9520,47.0841,47.0361,
50,32,524288,2048,hyprefill,256/2048/2048,graph,76,47.2449,13.6774,47.2940,47.2449,
50,32,524288,2048,hyprefill,256/2048/2048,graph,77,46.8609,14.2266,46.9083,46.8609,
50,32,524288,2048,hyprefill,256/2048/2048,graph,78,47.4131,13.9520,47.4726,47.4131,
50,32,524288,2048,hyprefill,256/2048/2048,graph,79,47.2218,13.4346,47.3101,47.2218,
50,32,524288,2048,hyprefill,256/2048/2048,graph,80,46.6723,13.9520,46.7445,46.6723,
50,32,524288,2048,hyprefill,256/2048/2048,graph,81,46.9049,13.9520,46.9590,46.9049,
50,32,524288,2048,hyprefill,256/2048/2048,graph,82,47.0633,13.9520,47.1152,47.0633,
50,32,524288,2048,hyprefill,256/2048/2048,graph,83,47.3665,13.4346,47.4135,47.3665,
50,32,524288,2048,hyprefill,256/2048/2048,graph,84,47.0803,13.6774,47.1571,47.0803,
50,32,524288,2048,hyprefill,256/2048/2048,graph,85,46.2631,13.9520,46.3189,46.2631,
50,32,524288,2048,hyprefill,256/2048/2048,graph,86,46.4110,13.6774,46.4652,46.4110,
50,32,524288,2048,hyprefill,256/2048/2048,graph,87,47.8101,13.4346,47.8642,47.8101,
50,32,524288,2048,hyprefill,256/2048/2048,graph,88,47.7591,13.7092,47.8059,47.7591,
50,32,524288,2048,hyprefill,256/2048/2048,graph,89,47.6793,13.4346,47.7270,47.6793,
50,32,524288,2048,hyprefill,256/2048/2048,graph,90,47.8811,13.7092,47.9347,47.8811,
50,32,524288,2048,hyprefill,256/2048/2048,graph,91,47.6486,13.4346,47.7006,47.6486,
50,32,524288,2048,hyprefill,256/2048/2048,graph,92,47.1394,14.5012,47.1844,47.1394,
50,32,524288,2048,hyprefill,256/2048/2048,graph,93,47.6919,14.2266,47.7477,47.6919,
50,32,524288,2048,hyprefill,256/2048/2048,graph,94,47.0604,13.6774,47.1134,47.0604,
50,32,524288,2048,hyprefill,256/2048/2048,graph,95,46.9659,13.9520,47.0158,46.9659,
50,32,524288,2048,hyprefill,256/2048/2048,graph,96,46.8821,13.6774,46.9274,46.8821,
50,32,524288,2048,hyprefill,256/2048/2048,graph,97,47.2988,14.2266,47.3488,47.2988,
50,32,524288,2048,hyprefill,256/2048/2048,graph,98,47.1480,13.9520,47.1990,47.1480,
50,32,524288,2048,hyprefill,256/2048/2048,graph,99,47.0919,13.7092,47.1387,47.0919,
50,32,524288,2048,hyprefill,256/2048/2048,graph,100,48.1092,13.4346,48.1590,48.1092,
50,32,524288,2048,hyprefill,256/2048/2048,graph,101,47.8265,13.4346,47.8796,47.8265,
50,32,524288,2048,hyprefill,256/2048/2048,graph,102,48.2004,13.4346,48.2474,48.2004,
50,32,524288,2048,hyprefill,256/2048/2048,graph,103,47.2569,13.7092,47.3029,47.2569,
50,32,524288,2048,hyprefill,256/2048/2048,graph,104,47.3896,13.7092,47.4360,47.3896,
50,32,524288,2048,hyprefill,256/2048/2048,graph,105,49.0749,13.7092,49.1006,49.0749,
50,32,524288,2048,hyprefill,256/2048/2048,graph,106,49.9027,13.7092,49.9258,49.9027,
50,32,524288,2048,hyprefill,256/2048/2048,graph,107,48.0380,13.4028,48.0896,48.0380,
50,32,524288,2048,hyprefill,256/2048/2048,graph,108,46.8334,14.5012,46.8957,46.8334,
50,32,524288,2048,hyprefill,256/2048/2048,graph,109,46.9176,13.6774,46.9686,46.9176,
50,32,524288,2048,hyprefill,256/2048/2048,graph,110,46.7270,13.9520,46.7770,46.7270,
50,32,524288,2048,hyprefill,256/2048/2048,graph,111,46.9970,13.9520,47.0480,46.9970,
50,32,524288,2048,hyprefill,256/2048/2048,graph,112,47.6154,13.6774,47.6609,47.6154,
50,32,524288,2048,hyprefill,256/2048/2048,graph,113,47.0894,14.2266,47.1438,47.0894,
50,32,524288,2048,hyprefill,256/2048/2048,graph,114,47.4002,13.9520,47.4559,47.4002,
50,32,524288,2048,hyprefill,256/2048/2048,graph,115,47.0116,14.2266,47.0646,47.0116,
50,32,524288,2048,hyprefill,256/2048/2048,graph,116,47.3132,13.9520,47.3633,47.3132,
50,32,524288,2048,hyprefill,256/2048/2048,graph,117,47.2419,13.7092,47.2903,47.2419,
50,32,524288,2048,hyprefill,256/2048/2048,graph,118,47.7845,13.4346,47.8349,47.7845,
50,32,524288,2048,hyprefill,256/2048/2048,graph,119,48.3014,13.4346,48.3573,48.3014,
50,32,524288,2048,hyprefill,256/2048/2048,graph,120,48.0708,13.7092,48.1194,48.0708,
50,32,524288,2048,hyprefill,256/2048/2048,graph,121,47.5728,13.7092,47.6187,47.5728,
50,32,524288,2048,hyprefill,256/2048/2048,graph,122,49.0920,13.7092,49.1440,49.0920,
50,32,524288,2048,hyprefill,256/2048/2048,graph,123,48.9518,13.7092,48.9979,48.9518,
50,32,524288,2048,hyprefill,256/2048/2048,graph,124,48.5755,14.2584,48.6277,48.5755,
50,32,524288,2048,hyprefill,256/2048/2048,graph,125,47.9303,13.6774,47.9809,47.9303,
50,32,524288,2048,hyprefill,256/2048/2048,graph,126,46.8815,14.5012,46.9286,46.8815,
50,32,524288,2048,hyprefill,256/2048/2048,graph,127,47.8508,13.6774,47.9058,47.8508,
50,32,524288,2048,hyprefill,256/2048/2048,graph,128,47.4089,14.5012,47.4618,47.4089,
50,32,524288,2048,hyprefill,256/2048/2048,graph,129,47.4417,13.6774,47.4888,47.4417,
50,32,524288,2048,hyprefill,256/2048/2048,graph,130,46.6271,14.2266,46.6722,46.6271,
50,32,524288,2048,hyprefill,256/2048/2048,graph,131,47.2526,13.9520,47.3021,47.2526,
50,32,524288,2048,hyprefill,256/2048/2048,graph,132,46.6416,13.6774,46.6904,46.6416,
50,32,524288,2048,hyprefill,256/2048/2048,graph,133,46.7882,14.2266,46.8365,46.7882,
50,32,524288,2048,hyprefill,256/2048/2048,graph,134,46.7290,13.6774,46.7887,46.7290,
50,32,524288,2048,hyprefill,256/2048/2048,graph,135,46.3527,13.6774,46.4066,46.3527,
50,32,524288,2048,hyprefill,256/2048/2048,graph,136,46.3643,13.9520,46.4201,46.3643,
50,32,524288,2048,hyprefill,256/2048/2048,graph,137,47.8281,13.6774,47.8859,47.8281,
50,32,524288,2048,hyprefill,256/2048/2048,graph,138,47.6017,13.7092,47.6695,47.6017,
50,32,524288,2048,hyprefill,256/2048/2048,graph,139,47.1205,13.9520,47.1709,47.1205,
50,32,524288,2048,hyprefill,256/2048/2048,graph,140,47.3843,14.5012,47.4379,47.3843,
50,32,524288,2048,hyprefill,256/2048/2048,graph,141,47.3605,13.6774,47.4117,47.3605,
50,32,524288,2048,hyprefill,256/2048/2048,graph,142,47.3420,14.5012,47.3887,47.3420,
50,32,524288,2048,hyprefill,256/2048/2048,graph,143,47.4680,13.6774,47.5280,47.4680,
50,32,524288,2048,hyprefill,256/2048/2048,graph,144,46.5914,14.2266,46.6400,46.5914,
50,32,524288,2048,hyprefill,256/2048/2048,graph,145,47.4823,13.4346,47.5304,47.4823,
50,32,524288,2048,hyprefill,256/2048/2048,graph,146,46.9528,13.6774,46.9999,46.9528,
50,32,524288,2048,hyprefill,256/2048/2048,graph,147,47.3330,13.7092,47.3873,47.3330,
50,32,524288,2048,hyprefill,256/2048/2048,graph,148,47.7314,13.4346,47.7843,47.7314,
50,32,524288,2048,hyprefill,256/2048/2048,graph,149,47.2442,13.7092,47.2916,47.2442,
50,32,524288,2048,hyprefill,256/2048/2048,graph,150,47.5530,13.4346,47.6002,47.5530,
50,32,524288,2048,hyprefill,256/2048/2048,graph,151,48.0547,13.7092,48.1017,48.0547,
50,32,524288,2048,hyprefill,256/2048/2048,graph,152,47.6522,13.9520,47.6983,47.6522,
50,32,524288,2048,hyprefill,256/2048/2048,graph,153,48.1102,13.4346,48.1610,48.1102,
50,32,524288,2048,hyprefill,256/2048/2048,graph,154,47.5811,14.2584,47.6297,47.5811,
50,32,524288,2048,hyprefill,256/2048/2048,graph,155,47.5288,13.4346,47.5766,47.5288,
50,32,524288,2048,hyprefill,256/2048/2048,graph,156,47.3123,13.7092,47.3585,47.3123,
50,32,524288,2048,hyprefill,256/2048/2048,graph,157,47.6964,13.6774,47.7417,47.6964,
50,32,524288,2048,hyprefill,256/2048/2048,graph,158,46.8026,14.5012,46.8583,46.8026,
50,32,524288,2048,hyprefill,256/2048/2048,graph,159,47.9182,13.9520,47.9668,47.9182,
50,32,524288,2048,hyprefill,256/2048/2048,graph,160,47.0159,14.5012,47.0645,47.0159,
50,32,524288,2048,hyprefill,256/2048/2048,graph,161,47.0321,13.6774,47.0811,47.0321,
50,32,524288,2048,hyprefill,256/2048/2048,graph,162,48.1046,14.2266,48.1506,48.1046,
50,32,524288,2048,hyprefill,256/2048/2048,graph,163,47.4901,14.2266,47.5430,47.4901,
50,32,524288,2048,hyprefill,256/2048/2048,graph,164,47.7502,14.5012,47.8077,47.7502,
50,32,524288,2048,hyprefill,256/2048/2048,graph,165,47.4953,13.6774,47.5457,47.4953,
50,32,524288,2048,hyprefill,256/2048/2048,graph,166,47.3203,14.2266,47.3720,47.3203,
50,32,524288,2048,hyprefill,256/2048/2048,graph,167,47.4590,13.6774,47.5100,47.4590,
50,32,524288,2048,hyprefill,256/2048/2048,graph,168,46.4712,13.9520,46.5170,46.4712,
50,32,524288,2048,hyprefill,256/2048/2048,graph,169,46.9870,13.9520,47.0349,46.9870,
50,32,524288,2048,hyprefill,256/2048/2048,graph,170,46.7754,13.9520,46.8233,46.7754,
50,32,524288,2048,hyprefill,256/2048/2048,graph,171,46.8846,13.9520,46.9355,46.8846,
50,32,524288,2048,hyprefill,256/2048/2048,graph,172,46.9830,14.2266,47.0313,46.9830,
50,32,524288,2048,hyprefill,256/2048/2048,graph,173,47.2983,13.4346,47.3553,47.2983,
50,32,524288,2048,hyprefill,256/2048/2048,graph,174,47.3383,13.9520,47.3893,47.3383,
50,32,524288,2048,hyprefill,256/2048/2048,graph,175,49.6514,13.4346,49.6723,49.6514,
50,32,524288,2048,hyprefill,256/2048/2048,graph,176,46.9102,13.6774,46.9578,46.9102,
50,32,524288,2048,hyprefill,256/2048/2048,graph,177,46.9146,13.9520,46.9627,46.9146,
50,32,524288,2048,hyprefill,256/2048/2048,graph,178,46.7078,13.9520,46.7600,46.7078,
50,32,524288,2048,hyprefill,256/2048/2048,graph,179,47.6245,13.9520,47.6750,47.6245,
50,32,524288,2048,hyprefill,256/2048/2048,graph,180,46.8837,14.2266,46.9327,46.8837,
50,32,524288,2048,hyprefill,256/2048/2048,graph,181,47.3537,13.9520,47.4017,47.3537,
50,32,524288,2048,hyprefill,256/2048/2048,graph,182,47.3379,14.2266,47.3894,47.3379,
50,32,524288,2048,hyprefill,256/2048/2048,graph,183,47.2811,13.7092,47.3299,47.2811,
50,32,524288,2048,hyprefill,256/2048/2048,graph,184,47.4638,13.4346,47.5100,47.4638,
50,32,524288,2048,hyprefill,256/2048/2048,graph,185,49.5207,13.4346,49.5436,49.5207,
50,32,524288,2048,hyprefill,256/2048/2048,graph,186,49.7032,13.4346,49.7255,49.7032,
50,32,524288,2048,hyprefill,256/2048/2048,graph,187,46.9465,13.4028,47.0002,46.9465,
50,32,524288,2048,hyprefill,256/2048/2048,graph,188,46.5747,14.2266,46.6396,46.5747,
50,32,524288,2048,hyprefill,256/2048/2048,graph,189,47.4794,13.4028,47.5398,47.4794,
50,32,524288,2048,hyprefill,256/2048/2048,graph,190,46.1382,14.2266,46.1881,46.1382,
50,32,524288,2048,hyprefill,256/2048/2048,graph,191,48.2904,13.4346,48.3414,48.2904,
50,32,524288,2048,hyprefill,256/2048/2048,graph,192,48.5260,13.7092,48.5814,48.5260,
50,32,524288,2048,hyprefill,256/2048/2048,graph,193,48.0155,13.7092,48.0637,48.0155,
50,32,524288,2048,hyprefill,256/2048/2048,graph,194,47.7220,13.9838,47.7768,47.7220,
50,32,524288,2048,hyprefill,256/2048/2048,graph,195,48.0422,13.6774,48.1083,48.0422,
50,32,524288,2048,hyprefill,256/2048/2048,graph,196,47.0447,14.5012,47.0999,47.0447,
50,32,524288,2048,hyprefill,256/2048/2048,graph,197,47.8326,13.6774,47.8832,47.8326,
50,32,524288,2048,hyprefill,256/2048/2048,graph,198,46.7570,14.5012,46.8043,46.7570,
50,32,524288,2048,hyprefill,256/2048/2048,graph,199,46.8956,13.6774,46.9441,46.8956,
50,32,524288,2048,hyprefill,256/1536/1536,graph,0,47.2463,14.2266,47.2970,47.2463,
50,32,524288,2048,hyprefill,256/1536/1536,graph,1,47.5457,14.2266,47.5990,47.5457,
50,32,524288,2048,hyprefill,256/1536/1536,graph,2,47.2113,14.2266,47.2651,47.2113,
50,32,524288,2048,hyprefill,256/1536/1536,graph,3,47.6212,14.2266,47.6700,47.6212,
50,32,524288,2048,hyprefill,256/1536/1536,graph,4,47.5706,13.4346,47.6174,47.5706,
50,32,524288,2048,hyprefill,256/1536/1536,graph,5,47.9364,13.9838,47.9831,47.9364,
50,32,524288,2048,hyprefill,256/1536/1536,graph,6,47.6630,13.7092,47.7137,47.6630,
50,32,524288,2048,hyprefill,256/1536/1536,graph,7,47.3751,13.7092,47.4237,47.3751,
50,32,524288,2048,hyprefill,256/1536/1536,graph,8,47.3792,13.4346,47.4540,47.3792,
50,32,524288,2048,hyprefill,256/1536/1536,graph,9,47.5952,13.7092,47.6569,47.5952,
50,32,524288,2048,hyprefill,256/1536/1536,graph,10,47.7213,13.4346,47.7741,47.7213,
50,32,524288,2048,hyprefill,256/1536/1536,graph,11,48.0028,13.4346,48.0519,48.0028,
50,32,524288,2048,hyprefill,256/1536/1536,graph,12,47.1744,13.9520,47.2230,47.1744,
50,32,524288,2048,hyprefill,256/1536/1536,graph,13,47.0684,14.2266,47.1144,47.0684,
50,32,524288,2048,hyprefill,256/1536/1536,graph,14,47.4005,13.9520,47.4525,47.4005,
50,32,524288,2048,hyprefill,256/1536/1536,graph,15,47.2832,14.5012,47.3293,47.2832,
50,32,524288,2048,hyprefill,256/1536/1536,graph,16,46.7632,13.4028,46.8179,46.7632,
50,32,524288,2048,hyprefill,256/1536/1536,graph,17,47.2198,14.7758,47.2695,47.2198,
50,32,524288,2048,hyprefill,256/1536/1536,graph,18,48.1746,13.6774,48.2217,48.1746,
50,32,524288,2048,hyprefill,256/1536/1536,graph,19,47.9008,13.9838,47.9467,47.9008,
50,32,524288,2048,hyprefill,256/1536/1536,graph,20,47.5697,13.9520,47.6156,47.5697,
50,32,524288,2048,hyprefill,256/1536/1536,graph,21,46.9982,14.2266,47.0468,46.9982,
50,32,524288,2048,hyprefill,256/1536/1536,graph,22,47.0460,14.2266,47.0957,47.0460,
50,32,524288,2048,hyprefill,256/1536/1536,graph,23,47.1785,13.6774,47.2369,47.1785,
50,32,524288,2048,hyprefill,256/1536/1536,graph,24,46.7992,13.9520,46.8550,46.7992,
50,32,524288,2048,hyprefill,256/1536/1536,graph,25,47.5669,13.7092,47.6163,47.5669,
50,32,524288,2048,hyprefill,256/1536/1536,graph,26,48.2108,13.7092,48.2584,48.2108,
50,32,524288,2048,hyprefill,256/1536/1536,graph,27,48.5728,13.4346,48.6201,48.5728,
50,32,524288,2048,hyprefill,256/1536/1536,graph,28,47.8215,13.9838,47.8684,47.8215,
50,32,524288,2048,hyprefill,256/1536/1536,graph,29,47.9701,13.9838,48.0272,47.9701,
50,32,524288,2048,hyprefill,256/1536/1536,graph,30,48.6364,13.7092,48.6967,48.6364,
50,32,524288,2048,hyprefill,256/1536/1536,graph,31,47.0808,13.4028,47.1376,47.0808,
50,32,524288,2048,hyprefill,256/1536/1536,graph,32,47.2992,15.0503,47.3461,47.2992,
50,32,524288,2048,hyprefill,256/1536/1536,graph,33,47.4099,13.4028,47.4571,47.4099,
50,32,524288,2048,hyprefill,256/1536/1536,graph,34,47.5265,14.7758,47.5711,47.5265,
50,32,524288,2048,hyprefill,256/1536/1536,graph,35,47.4418,13.9520,47.4874,47.4418,
50,32,524288,2048,hyprefill,256/1536/1536,graph,36,47.3920,14.7758,47.4426,47.3920,
50,32,524288,2048,hyprefill,256/1536/1536,graph,37,47.9345,13.9520,48.0083,47.9345,
50,32,524288,2048,hyprefill,256/1536/1536,graph,38,47.4632,13.7092,47.5234,47.4632,
50,32,524288,2048,hyprefill,256/1536/1536,graph,39,47.1788,13.4346,47.2270,47.1788,
50,32,524288,2048,hyprefill,256/1536/1536,graph,40,47.8388,13.7092,47.8869,47.8388,
50,32,524288,2048,hyprefill,256/1536/1536,graph,41,47.7202,13.4346,47.7683,47.7202,
50,32,524288,2048,hyprefill,256/1536/1536,graph,42,47.8656,13.4346,47.9117,47.8656,
50,32,524288,2048,hyprefill,256/1536/1536,graph,43,48.0690,13.4346,48.1231,48.0690,
50,32,524288,2048,hyprefill,256/1536/1536,graph,44,47.3685,13.7092,47.4284,47.3685,
50,32,524288,2048,hyprefill,256/1536/1536,graph,45,47.4220,13.6774,47.4743,47.4220,
50,32,524288,2048,hyprefill,256/1536/1536,graph,46,46.9934,14.7758,47.0397,46.9934,
50,32,524288,2048,hyprefill,256/1536/1536,graph,47,48.0628,13.9520,48.1088,48.0628,
50,32,524288,2048,hyprefill,256/1536/1536,graph,48,47.4400,14.7758,47.4897,47.4400,
50,32,524288,2048,hyprefill,256/1536/1536,graph,49,48.0956,13.9520,48.1464,48.0956,
50,32,524288,2048,hyprefill,256/1536/1536,graph,50,47.8922,14.7758,47.9397,47.8922,
50,32,524288,2048,hyprefill,256/1536/1536,graph,51,47.3284,13.6774,47.3725,47.3284,
50,32,524288,2048,hyprefill,256/1536/1536,graph,52,47.4083,13.7092,47.4595,47.4083,
50,32,524288,2048,hyprefill,256/1536/1536,graph,53,47.6049,13.4346,47.6516,47.6049,
50,32,524288,2048,hyprefill,256/1536/1536,graph,54,47.9036,13.7092,47.9510,47.9036,
50,32,524288,2048,hyprefill,256/1536/1536,graph,55,47.6269,13.4346,47.6741,47.6269,
50,32,524288,2048,hyprefill,256/1536/1536,graph,56,47.6768,13.7092,47.7221,47.6768,
50,32,524288,2048,hyprefill,256/1536/1536,graph,57,47.6073,13.4346,47.6526,47.6073,
50,32,524288,2048,hyprefill,256/1536/1536,graph,58,47.8608,13.9520,47.9145,47.8608,
50,32,524288,2048,hyprefill,256/1536/1536,graph,59,47.6772,14.7758,47.7261,47.6772,
50,32,524288,2048,hyprefill,256/1536/1536,graph,60,47.6747,13.9520,47.7205,47.6747,
50,32,524288,2048,hyprefill,256/1536/1536,graph,61,47.8878,14.7758,47.9346,47.8878,
50,32,524288,2048,hyprefill,256/1536/1536,graph,62,48.1413,13.9520,48.2058,48.1413,
50,32,524288,2048,hyprefill,256/1536/1536,graph,63,47.6420,14.7758,47.6897,47.6420,
50,32,524288,2048,hyprefill,256/1536/1536,graph,64,47.5940,13.6774,47.6485,47.5940,
50,32,524288,2048,hyprefill,256/1536/1536,graph,65,47.4337,13.7092,47.4864,47.4337,
50,32,524288,2048,hyprefill,256/1536/1536,graph,66,47.2502,13.4346,47.3001,47.2502,
50,32,524288,2048,hyprefill,256/1536/1536,graph,67,47.8835,13.7092,47.9283,47.8835,
50,32,524288,2048,hyprefill,256/1536/1536,graph,68,47.9973,13.7092,48.0556,47.9973,
50,32,524288,2048,hyprefill,256/1536/1536,graph,69,48.0433,13.7092,48.0898,48.0433,
50,32,524288,2048,hyprefill,256/1536/1536,graph,70,48.6154,13.4346,48.6666,48.6154,
50,32,524288,2048,hyprefill,256/1536/1536,graph,71,46.9684,13.9520,47.0295,46.9684,
50,32,524288,2048,hyprefill,256/1536/1536,graph,72,47.1311,14.5012,47.1823,47.1311,
50,32,524288,2048,hyprefill,256/1536/1536,graph,73,47.8004,14.2266,47.8508,47.8004,
50,32,524288,2048,hyprefill,256/1536/1536,graph,74,47.8710,14.5012,47.9248,47.8710,
50,32,524288,2048,hyprefill,256/1536/1536,graph,75,47.6736,13.9520,47.7239,47.6736,
50,32,524288,2048,hyprefill,256/1536/1536,graph,76,47.5955,14.5012,47.6454,47.5955,
50,32,524288,2048,hyprefill,256/1536/1536,graph,77,47.2790,13.4028,47.3356,47.2790,
50,32,524288,2048,hyprefill,256/1536/1536,graph,78,46.7130,14.5012,46.7614,46.7130,
50,32,524288,2048,hyprefill,256/1536/1536,graph,79,47.3394,13.9520,47.3862,47.3394,
50,32,524288,2048,hyprefill,256/1536/1536,graph,80,47.0196,14.2266,47.0666,47.0196,
50,32,524288,2048,hyprefill,256/1536/1536,graph,81,47.0164,13.9520,47.0685,47.0164,
50,32,524288,2048,hyprefill,256/1536/1536,graph,82,47.0471,13.6774,47.0986,47.0471,
50,32,524288,2048,hyprefill,256/1536/1536,graph,83,46.9706,13.9520,47.0196,46.9706,
50,32,524288,2048,hyprefill,256/1536/1536,graph,84,47.8274,13.4346,47.8793,47.8274,
50,32,524288,2048,hyprefill,256/1536/1536,graph,85,47.2587,13.7092,47.3191,47.2587,
50,32,524288,2048,hyprefill,256/1536/1536,graph,86,47.9383,13.7092,47.9951,47.9383,
50,32,524288,2048,hyprefill,256/1536/1536,graph,87,48.1708,13.7092,48.2177,48.1708,
50,32,524288,2048,hyprefill,256/1536/1536,graph,88,47.8529,13.7092,47.8986,47.8529,
50,32,524288,2048,hyprefill,256/1536/1536,graph,89,47.5539,13.9838,47.5991,47.5539,
50,32,524288,2048,hyprefill,256/1536/1536,graph,90,47.6690,13.6774,47.7160,47.6690,
50,32,524288,2048,hyprefill,256/1536/1536,graph,91,47.1574,14.5012,47.2097,47.1574,
50,32,524288,2048,hyprefill,256/1536/1536,graph,92,47.3223,13.6774,47.3720,47.3223,
50,32,524288,2048,hyprefill,256/1536/1536,graph,93,47.1825,14.5012,47.2384,47.1825,
50,32,524288,2048,hyprefill,256/1536/1536,graph,94,47.1598,13.9520,47.2101,47.1598,
50,32,524288,2048,hyprefill,256/1536/1536,graph,95,47.4756,14.7758,47.5287,47.4756,
50,32,524288,2048,hyprefill,256/1536/1536,graph,96,47.9377,13.6774,47.9973,47.9377,
50,32,524288,2048,hyprefill,256/1536/1536,graph,97,48.2465,13.4346,48.3064,48.2465,
50,32,524288,2048,hyprefill,256/1536/1536,graph,98,47.5604,13.7092,47.6152,47.5604,
50,32,524288,2048,hyprefill,256/1536/1536,graph,99,47.8200,13.7092,47.8713,47.8200,
50,32,524288,2048,hyprefill,256/1536/1536,graph,100,47.6759,13.4346,47.7247,47.6759,
50,32,524288,2048,hyprefill,256/1536/1536,graph,101,48.2966,13.7092,48.3203,48.2966,
50,32,524288,2048,hyprefill,256/1536/1536,graph,102,47.4642,13.7092,47.5122,47.4642,
50,32,524288,2048,hyprefill,256/1536/1536,graph,103,47.4440,13.6774,47.4934,47.4440,
50,32,524288,2048,hyprefill,256/1536/1536,graph,104,47.1890,14.2266,47.2407,47.1890,
50,32,524288,2048,hyprefill,256/1536/1536,graph,105,47.5081,13.9520,47.5762,47.5081,
50,32,524288,2048,hyprefill,256/1536/1536,graph,106,46.9958,14.2266,47.0466,46.9958,
50,32,524288,2048,hyprefill,256/1536/1536,graph,107,46.9963,13.9520,47.0502,46.9963,
50,32,524288,2048,hyprefill,256/1536/1536,graph,108,47.0068,14.2266,47.0649,47.0068,
50,32,524288,2048,hyprefill,256/1536/1536,graph,109,47.4564,13.9520,47.5114,47.4564,
50,32,524288,2048,hyprefill,256/1536/1536,graph,110,48.3228,13.7092,48.3777,48.3228,
50,32,524288,2048,hyprefill,256/1536/1536,graph,111,47.8707,13.4346,47.9179,47.8707,
50,32,524288,2048,hyprefill,256/1536/1536,graph,112,47.4873,13.7092,47.5351,47.4873,
50,32,524288,2048,hyprefill,256/1536/1536,graph,113,48.4663,13.4346,48.5175,48.4663,
50,32,524288,2048,hyprefill,256/1536/1536,graph,114,47.4782,13.9838,47.5313,47.4782,
50,32,524288,2048,hyprefill,256/1536/1536,graph,115,47.9599,13.7092,48.0151,47.9599,
50,32,524288,2048,hyprefill,256/1536/1536,graph,116,47.3807,13.9520,47.4290,47.3807,
50,32,524288,2048,hyprefill,256/1536/1536,graph,117,47.3949,14.5012,47.4414,47.3949,
50,32,524288,2048,hyprefill,256/1536/1536,graph,118,47.2920,13.9520,47.3381,47.2920,
50,32,524288,2048,hyprefill,256/1536/1536,graph,119,47.5050,14.7758,47.5500,47.5050,
50,32,524288,2048,hyprefill,256/1536/1536,graph,120,47.7934,13.9520,47.8485,47.7934,
50,32,524288,2048,hyprefill,256/1536/1536,graph,121,47.5348,13.9838,47.5818,47.5348,
50,32,524288,2048,hyprefill,256/1536/1536,graph,122,48.0961,13.9520,48.1416,48.0961,
50,32,524288,2048,hyprefill,256/1536/1536,graph,123,47.1342,13.4346,47.1879,47.1342,
50,32,524288,2048,hyprefill,256/1536/1536,graph,124,47.1953,13.9520,47.2454,47.1953,
50,32,524288,2048,hyprefill,256/1536/1536,graph,125,47.1272,13.9520,47.1762,47.1272,
50,32,524288,2048,hyprefill,256/1536/1536,graph,126,47.6334,14.2266,47.6892,47.6334,
50,32,524288,2048,hyprefill,256/1536/1536,graph,127,47.0782,13.9520,47.1269,47.0782,
50,32,524288,2048,hyprefill,256/1536/1536,graph,128,46.8713,14.5012,46.9190,46.8713,
50,32,524288,2048,hyprefill,256/1536/1536,graph,129,47.6682,13.6774,47.7165,47.6682,
50,32,524288,2048,hyprefill,256/1536/1536,graph,130,47.6926,14.2584,47.7478,47.6926,
50,32,524288,2048,hyprefill,256/1536/1536,graph,131,47.9028,13.4346,47.9745,47.9028,
50,32,524288,2048,hyprefill,256/1536/1536,graph,132,48.4100,13.9838,48.4607,48.4100,
50,32,524288,2048,hyprefill,256/1536/1536,graph,133,48.0449,13.9838,48.0921,48.0449,
50,32,524288,2048,hyprefill,256/1536/1536,graph,134,47.7633,13.7092,47.8291,47.7633,
50,32,524288,2048,hyprefill,256/1536/1536,graph,135,48.3806,13.9838,48.4333,48.3806,
50,32,524288,2048,hyprefill,256/1536/1536,graph,136,47.0230,13.6774,47.0717,47.0230,
50,32,524288,2048,hyprefill,256/1536/1536,graph,137,46.6428,14.5012,46.7060,46.6428,
50,32,524288,2048,hyprefill,256/1536/1536,graph,138,47.5014,13.9520,47.5518,47.5014,
50,32,524288,2048,hyprefill,256/1536/1536,graph,139,47.1747,14.7758,47.2205,47.1747,
50,32,524288,2048,hyprefill,256/1536/1536,graph,140,47.4622,13.9520,47.5132,47.4622,
50,32,524288,2048,hyprefill,256/1536/1536,graph,141,47.4746,13.9838,47.5222,47.4746,
50,32,524288,2048,hyprefill,256/1536/1536,graph,142,48.1036,13.4346,48.1584,48.1036,
50,32,524288,2048,hyprefill,256/1536/1536,graph,143,48.3732,13.4346,48.4201,48.3732,
50,32,524288,2048,hyprefill,256/1536/1536,graph,144,49.6676,13.4346,49.6887,49.6676,
50,32,524288,2048,hyprefill,256/1536/1536,graph,145,47.5577,13.7092,47.6025,47.5577,
50,32,524288,2048,hyprefill,256/1536/1536,graph,146,47.7090,13.4346,47.7670,47.7090,
50,32,524288,2048,hyprefill,256/1536/1536,graph,147,47.7923,13.4346,47.8462,47.7923,
50,32,524288,2048,hyprefill,256/1536/1536,graph,148,48.1624,13.9838,48.2119,48.1624,
50,32,524288,2048,hyprefill,256/1536/1536,graph,149,47.1305,13.4028,47.1852,47.1305,
50,32,524288,2048,hyprefill,256/1536/1536,graph,150,47.1846,14.7758,47.2309,47.1846,
50,32,524288,2048,hyprefill,256/1536/1536,graph,151,47.2670,13.9520,47.3130,47.2670,
50,32,524288,2048,hyprefill,256/1536/1536,graph,152,47.2788,14.5012,47.3230,47.2788,
50,32,524288,2048,hyprefill,256/1536/1536,graph,153,47.2258,13.6774,47.2760,47.2258,
50,32,524288,2048,hyprefill,256/1536/1536,graph,154,47.5655,14.5012,47.6237,47.5655,
50,32,524288,2048,hyprefill,256/1536/1536,graph,155,47.7308,14.2266,47.7780,47.7308,
50,32,524288,2048,hyprefill,256/1536/1536,graph,156,47.6897,13.7092,47.7338,47.6897,
50,32,524288,2048,hyprefill,256/1536/1536,graph,157,47.3624,13.7092,47.4066,47.3624,
50,32,524288,2048,hyprefill,256/1536/1536,graph,158,47.3528,13.7092,47.3973,47.3528,
50,32,524288,2048,hyprefill,256/1536/1536,graph,159,48.6440,13.7092,48.6666,48.6440,
50,32,524288,2048,hyprefill,256/1536/1536,graph,160,48.4044,13.7092,48.4483,48.4044,
50,32,524288,2048,hyprefill,256/1536/1536,graph,161,48.0580,13.9838,48.1056,48.0580,
50,32,524288,2048,hyprefill,256/1536/1536,graph,162,47.5020,13.6774,47.5493,47.5020,
50,32,524288,2048,hyprefill,256/1536/1536,graph,163,47.5455,15.0503,47.5913,47.5455,
50,32,524288,2048,hyprefill,256/1536/1536,graph,164,48.5561,14.2266,48.6115,48.5561,
50,32,524288,2048,hyprefill,256/1536/1536,graph,165,48.6825,14.2584,48.7402,48.6825,
50,32,524288,2048,hyprefill,256/1536/1536,graph,166,47.8774,13.6774,47.9369,47.8774,
50,32,524288,2048,hyprefill,256/1536/1536,graph,167,46.7661,14.5012,46.8133,46.7661,
50,32,524288,2048,hyprefill,256/1536/1536,graph,168,47.2280,13.4028,47.2750,47.2280,
50,32,524288,2048,hyprefill,256/1536/1536,graph,169,47.1978,13.7092,47.2588,47.1978,
50,32,524288,2048,hyprefill,256/1536/1536,graph,170,46.9131,14.2266,46.9689,46.9131,
50,32,524288,2048,hyprefill,256/1536/1536,graph,171,47.0816,13.9520,47.1285,47.0816,
50,32,524288,2048,hyprefill,256/1536/1536,graph,172,47.1059,13.9520,47.1531,47.1059,
50,32,524288,2048,hyprefill,256/1536/1536,graph,173,47.7127,13.4346,47.7590,47.7127,
50,32,524288,2048,hyprefill,256/1536/1536,graph,174,47.8126,13.7092,47.8611,47.8126,
50,32,524288,2048,hyprefill,256/1536/1536,graph,175,47.5015,14.2266,47.5505,47.5015,
50,32,524288,2048,hyprefill,256/1536/1536,graph,176,47.3996,14.2266,47.4535,47.3996,
50,32,524288,2048,hyprefill,256/1536/1536,graph,177,47.7411,14.2266,47.7876,47.7411,
50,32,524288,2048,hyprefill,256/1536/1536,graph,178,47.6571,13.7092,47.7120,47.6571,
50,32,524288,2048,hyprefill,256/1536/1536,graph,179,48.1673,13.6774,48.2185,48.1673,
50,32,524288,2048,hyprefill,256/1536/1536,graph,180,47.4286,13.7092,47.4814,47.4286,
50,32,524288,2048,hyprefill,256/1536/1536,graph,181,47.1199,14.2266,47.1648,47.1199,
50,32,524288,2048,hyprefill,256/1536/1536,graph,182,47.3760,14.5012,47.4374,47.3760,
50,32,524288,2048,hyprefill,256/1536/1536,graph,183,47.4212,13.6774,47.4745,47.4212,
50,32,524288,2048,hyprefill,256/1536/1536,graph,184,46.8984,14.5012,46.9453,46.8984,
50,32,524288,2048,hyprefill,256/1536/1536,graph,185,47.5186,14.2266,47.5744,47.5186,
50,32,524288,2048,hyprefill,256/1536/1536,graph,186,48.0656,13.4346,48.1278,48.0656,
50,32,524288,2048,hyprefill,256/1536/1536,graph,187,47.7068,13.7092,47.7588,47.7068,
50,32,524288,2048,hyprefill,256/1536/1536,graph,188,48.0821,13.4346,48.1285,48.0821,
50,32,524288,2048,hyprefill,256/1536/1536,graph,189,48.0676,13.7092,48.1124,48.0676,
50,32,524288,2048,hyprefill,256/1536/1536,graph,190,48.4006,13.7092,48.4547,48.4006,
50,32,524288,2048,hyprefill,256/1536/1536,graph,191,47.7413,13.7092,47.8038,47.7413,
50,32,524288,2048,hyprefill,256/1536/1536,graph,192,47.1979,13.6774,47.2574,47.1979,
50,32,524288,2048,hyprefill,256/1536/1536,graph,193,47.4683,14.7758,47.5201,47.4683,
50,32,524288,2048,hyprefill,256/1536/1536,graph,194,47.5837,13.9520,47.6303,47.5837,
50,32,524288,2048,hyprefill,256/1536/1536,graph,195,47.7950,14.7758,47.8413,47.7950,
50,32,524288,2048,hyprefill,256/1536/1536,graph,196,46.9210,13.4028,46.9652,46.9210,
50,32,524288,2048,hyprefill,256/1536/1536,graph,197,47.1903,14.7758,47.2399,47.1903,
50,32,524288,2048,hyprefill,256/1536/1536,graph,198,47.8607,13.9520,47.9112,47.8607,
50,32,524288,2048,hyprefill,256/1536/1536,graph,199,47.6874,13.9838,47.7334,47.6874,
50,32,524288,2048,hyprefill,256/1024/1024,graph,0,47.1564,14.7758,47.2043,47.1564,
50,32,524288,2048,hyprefill,256/1024/1024,graph,1,47.5354,13.9520,47.5882,47.5354,
50,32,524288,2048,hyprefill,256/1024/1024,graph,2,47.5294,14.7758,47.5783,47.5294,
50,32,524288,2048,hyprefill,256/1024/1024,graph,3,47.8663,13.9520,47.9168,47.8663,
50,32,524288,2048,hyprefill,256/1024/1024,graph,4,48.2765,13.4346,48.3326,48.2765,
50,32,524288,2048,hyprefill,256/1024/1024,graph,5,48.0085,13.4346,48.0540,48.0085,
50,32,524288,2048,hyprefill,256/1024/1024,graph,6,47.6770,13.9838,47.7217,47.6770,
50,32,524288,2048,hyprefill,256/1024/1024,graph,7,48.3287,13.4346,48.3751,48.3287,
50,32,524288,2048,hyprefill,256/1024/1024,graph,8,47.4440,14.2266,47.4942,47.4440,
50,32,524288,2048,hyprefill,256/1024/1024,graph,9,47.4928,14.7758,47.5540,47.4928,
50,32,524288,2048,hyprefill,256/1024/1024,graph,10,48.0780,14.7758,48.1273,48.0780,
50,32,524288,2048,hyprefill,256/1024/1024,graph,11,48.7479,13.7092,48.7936,48.7479,
50,32,524288,2048,hyprefill,256/1024/1024,graph,12,47.6932,13.7092,47.7496,47.6932,
50,32,524288,2048,hyprefill,256/1024/1024,graph,13,47.1754,14.2266,47.2264,47.1754,
50,32,524288,2048,hyprefill,256/1024/1024,graph,14,47.2047,14.5012,47.2507,47.2047,
50,32,524288,2048,hyprefill,256/1024/1024,graph,15,47.8791,13.4346,47.9296,47.8791,
50,32,524288,2048,hyprefill,256/1024/1024,graph,16,48.8398,13.4346,48.8901,48.8398,
50,32,524288,2048,hyprefill,256/1024/1024,graph,17,48.3130,13.9838,48.3647,48.3130,
50,32,524288,2048,hyprefill,256/1024/1024,graph,18,48.1684,13.7092,48.2140,48.1684,
50,32,524288,2048,hyprefill,256/1024/1024,graph,19,47.5307,14.2266,47.5765,47.5307,
50,32,524288,2048,hyprefill,256/1024/1024,graph,20,47.8016,14.5012,47.8558,47.8016,
50,32,524288,2048,hyprefill,256/1024/1024,graph,21,47.8480,14.5012,47.8946,47.8480,
50,32,524288,2048,hyprefill,256/1024/1024,graph,22,47.6396,14.5012,47.6860,47.6396,
50,32,524288,2048,hyprefill,256/1024/1024,graph,23,47.1621,14.5012,47.2121,47.1621,
50,32,524288,2048,hyprefill,256/1024/1024,graph,24,47.4465,14.2266,47.4937,47.4465,
50,32,524288,2048,hyprefill,256/1024/1024,graph,25,47.6298,14.5012,47.6760,47.6298,
50,32,524288,2048,hyprefill,256/1024/1024,graph,26,46.9784,13.4346,47.0319,46.9784,
50,32,524288,2048,hyprefill,256/1024/1024,graph,27,48.3523,13.4346,48.4011,48.3523,
50,32,524288,2048,hyprefill,256/1024/1024,graph,28,48.2911,13.4346,48.3384,48.2911,
50,32,524288,2048,hyprefill,256/1024/1024,graph,29,47.6530,13.7092,47.7121,47.6530,
50,32,524288,2048,hyprefill,256/1024/1024,graph,30,47.5796,13.4346,47.6371,47.5796,
50,32,524288,2048,hyprefill,256/1024/1024,graph,31,47.4187,13.7092,47.4648,47.4187,
50,32,524288,2048,hyprefill,256/1024/1024,graph,32,47.6287,13.9520,47.6862,47.6287,
50,32,524288,2048,hyprefill,256/1024/1024,graph,33,47.4959,15.0503,47.5476,47.4959,
50,32,524288,2048,hyprefill,256/1024/1024,graph,34,47.0854,13.6774,47.1333,47.0854,
50,32,524288,2048,hyprefill,256/1024/1024,graph,35,47.1307,14.7758,47.1800,47.1307,
50,32,524288,2048,hyprefill,256/1024/1024,graph,36,47.0923,13.6774,47.1712,47.0923,
50,32,524288,2048,hyprefill,256/1024/1024,graph,37,47.0504,14.5012,47.0992,47.0504,
50,32,524288,2048,hyprefill,256/1024/1024,graph,38,47.7663,14.5012,47.8124,47.7663,
50,32,524288,2048,hyprefill,256/1024/1024,graph,39,48.3056,13.4346,48.3653,48.3056,
50,32,524288,2048,hyprefill,256/1024/1024,graph,40,47.4708,14.2584,47.5176,47.4708,
50,32,524288,2048,hyprefill,256/1024/1024,graph,41,48.1236,13.7092,48.1741,48.1236,
50,32,524288,2048,hyprefill,256/1024/1024,graph,42,47.4987,13.9838,47.5535,47.4987,
50,32,524288,2048,hyprefill,256/1024/1024,graph,43,47.6765,13.4346,47.7257,47.6765,
50,32,524288,2048,hyprefill,256/1024/1024,graph,44,48.0872,13.9838,48.1314,48.0872,
50,32,524288,2048,hyprefill,256/1024/1024,graph,45,47.7864,13.6774,47.8375,47.7864,
50,32,524288,2048,hyprefill,256/1024/1024,graph,46,47.6221,15.3249,47.6719,47.6221,
50,32,524288,2048,hyprefill,256/1024/1024,graph,47,47.9050,13.4028,47.9515,47.9050,
50,32,524288,2048,hyprefill,256/1024/1024,graph,48,47.0832,15.0503,47.1315,47.0832,
50,32,524288,2048,hyprefill,256/1024/1024,graph,49,47.8159,13.9520,47.8721,47.8159,
50,32,524288,2048,hyprefill,256/1024/1024,graph,50,47.5446,14.2584,47.5974,47.5446,
50,32,524288,2048,hyprefill,256/1024/1024,graph,51,47.9473,13.7092,47.9935,47.9473,
50,32,524288,2048,hyprefill,256/1024/1024,graph,52,47.4571,13.4346,47.5108,47.4571,
50,32,524288,2048,hyprefill,256/1024/1024,graph,53,47.5121,13.9838,47.5621,47.5121,
50,32,524288,2048,hyprefill,256/1024/1024,graph,54,47.9053,13.4028,47.9569,47.9053,
50,32,524288,2048,hyprefill,256/1024/1024,graph,55,47.4343,13.9838,47.4887,47.4343,
50,32,524288,2048,hyprefill,256/1024/1024,graph,56,47.6087,14.2266,47.6743,47.6087,
50,32,524288,2048,hyprefill,256/1024/1024,graph,57,47.9820,14.2584,48.0319,47.9820,
50,32,524288,2048,hyprefill,256/1024/1024,graph,58,47.5964,14.2266,47.6444,47.5964,
50,32,524288,2048,hyprefill,256/1024/1024,graph,59,47.2636,14.2266,47.3141,47.2636,
50,32,524288,2048,hyprefill,256/1024/1024,graph,60,47.1352,14.2266,47.1912,47.1352,
50,32,524288,2048,hyprefill,256/1024/1024,graph,61,47.2208,13.9520,47.2699,47.2208,
50,32,524288,2048,hyprefill,256/1024/1024,graph,62,46.5412,14.2266,46.6019,46.5412,
50,32,524288,2048,hyprefill,256/1024/1024,graph,63,48.1857,13.4346,48.2305,48.1857,
50,32,524288,2048,hyprefill,256/1024/1024,graph,64,47.8130,13.9838,47.8597,47.8130,
50,32,524288,2048,hyprefill,256/1024/1024,graph,65,48.0554,13.7092,48.1046,48.0554,
50,32,524288,2048,hyprefill,256/1024/1024,graph,66,48.0093,14.2584,48.0600,48.0093,
50,32,524288,2048,hyprefill,256/1024/1024,graph,67,47.2373,13.6774,47.2901,47.2373,
50,32,524288,2048,hyprefill,256/1024/1024,graph,68,48.0003,14.5330,48.0488,48.0003,
50,32,524288,2048,hyprefill,256/1024/1024,graph,69,47.5723,13.9520,47.6290,47.5723,
50,32,524288,2048,hyprefill,256/1024/1024,graph,70,47.3082,13.9838,47.3616,47.3082,
50,32,524288,2048,hyprefill,256/1024/1024,graph,71,47.2822,13.9520,47.3279,47.2822,
50,32,524288,2048,hyprefill,256/1024/1024,graph,72,46.9794,15.0503,47.0245,46.9794,
50,32,524288,2048,hyprefill,256/1024/1024,graph,73,47.9127,14.2266,47.9611,47.9127,
50,32,524288,2048,hyprefill,256/1024/1024,graph,74,47.4162,14.2266,47.4696,47.4162,
50,32,524288,2048,hyprefill,256/1024/1024,graph,75,47.1923,14.2266,47.2441,47.1923,
50,32,524288,2048,hyprefill,256/1024/1024,graph,76,46.8395,14.2266,46.8883,46.8395,
50,32,524288,2048,hyprefill,256/1024/1024,graph,77,47.0687,14.2266,47.1240,47.0687,
50,32,524288,2048,hyprefill,256/1024/1024,graph,78,47.1118,13.4346,47.1728,47.1118,
50,32,524288,2048,hyprefill,256/1024/1024,graph,79,47.5315,13.9838,47.5806,47.5315,
50,32,524288,2048,hyprefill,256/1024/1024,graph,80,48.1316,13.9520,48.1790,48.1316,
50,32,524288,2048,hyprefill,256/1024/1024,graph,81,47.6888,14.7758,47.7483,47.6888,
50,32,524288,2048,hyprefill,256/1024/1024,graph,82,47.3503,13.9520,47.4032,47.3503,
50,32,524288,2048,hyprefill,256/1024/1024,graph,83,47.3853,14.7758,47.4399,47.3853,
50,32,524288,2048,hyprefill,256/1024/1024,graph,84,47.5308,13.9520,47.5794,47.5308,
50,32,524288,2048,hyprefill,256/1024/1024,graph,85,47.2997,14.5012,47.3480,47.2997,
50,32,524288,2048,hyprefill,256/1024/1024,graph,86,47.0033,14.2266,47.0502,47.0033,
50,32,524288,2048,hyprefill,256/1024/1024,graph,87,47.4135,13.9838,47.4633,47.4135,
50,32,524288,2048,hyprefill,256/1024/1024,graph,88,47.7715,13.4346,47.8235,47.7715,
50,32,524288,2048,hyprefill,256/1024/1024,graph,89,47.5511,13.4346,47.5991,47.5511,
50,32,524288,2048,hyprefill,256/1024/1024,graph,90,48.3602,13.9838,48.4164,48.3602,
50,32,524288,2048,hyprefill,256/1024/1024,graph,91,48.6238,13.7092,48.6714,48.6238,
50,32,524288,2048,hyprefill,256/1024/1024,graph,92,47.3530,13.4346,47.3997,47.3530,
50,32,524288,2048,hyprefill,256/1024/1024,graph,93,47.2399,14.7758,47.2863,47.2399,
50,32,524288,2048,hyprefill,256/1024/1024,graph,94,47.2207,13.9520,47.2871,47.2207,
50,32,524288,2048,hyprefill,256/1024/1024,graph,95,46.9853,14.7758,47.0418,46.9853,
50,32,524288,2048,hyprefill,256/1024/1024,graph,96,47.2743,14.5012,47.3311,47.2743,
50,32,524288,2048,hyprefill,256/1024/1024,graph,97,47.3080,13.9520,47.3592,47.3080,
50,32,524288,2048,hyprefill,256/1024/1024,graph,98,47.3456,14.7758,47.3945,47.3456,
50,32,524288,2048,hyprefill,256/1024/1024,graph,99,47.6110,13.7092,47.6565,47.6110,
50,32,524288,2048,hyprefill,256/1024/1024,graph,100,47.6190,13.4346,47.6704,47.6190,
50,32,524288,2048,hyprefill,256/1024/1024,graph,101,47.2086,14.2266,47.2715,47.2086,
50,32,524288,2048,hyprefill,256/1024/1024,graph,102,47.0524,14.5012,47.1052,47.0524,
50,32,524288,2048,hyprefill,256/1024/1024,graph,103,48.1721,13.4346,48.2549,48.1721,
50,32,524288,2048,hyprefill,256/1024/1024,graph,104,46.6816,14.2266,46.7375,46.6816,
50,32,524288,2048,hyprefill,256/1024/1024,graph,105,47.2025,14.5012,47.2577,47.2025,
50,32,524288,2048,hyprefill,256/1024/1024,graph,106,47.4122,14.5012,47.4600,47.4122,
50,32,524288,2048,hyprefill,256/1024/1024,graph,107,47.5308,14.2266,47.5811,47.5308,
50,32,524288,2048,hyprefill,256/1024/1024,graph,108,47.3668,13.7092,47.4238,47.3668,
50,32,524288,2048,hyprefill,256/1024/1024,graph,109,47.9938,13.7092,48.0472,47.9938,
50,32,524288,2048,hyprefill,256/1024/1024,graph,110,47.6598,14.5012,47.7101,47.6598,
50,32,524288,2048,hyprefill,256/1024/1024,graph,111,47.3477,14.2266,47.3940,47.3477,
50,32,524288,2048,hyprefill,256/1024/1024,graph,112,46.7332,14.2266,46.7786,46.7332,
50,32,524288,2048,hyprefill,256/1024/1024,graph,113,47.0864,14.5012,47.1323,47.0864,
50,32,524288,2048,hyprefill,256/1024/1024,graph,114,46.5719,13.4028,46.6341,46.5719,
50,32,524288,2048,hyprefill,256/1024/1024,graph,115,47.6477,13.7092,47.6985,47.6477,
50,32,524288,2048,hyprefill,256/1024/1024,graph,116,46.9089,14.5012,46.9539,46.9089,
50,32,524288,2048,hyprefill,256/1024/1024,graph,117,48.2263,13.9838,48.2711,48.2263,
50,32,524288,2048,hyprefill,256/1024/1024,graph,118,47.9037,13.9838,47.9521,47.9037,
50,32,524288,2048,hyprefill,256/1024/1024,graph,119,47.7935,13.9520,47.8551,47.7935,
50,32,524288,2048,hyprefill,256/1024/1024,graph,120,46.9655,14.7758,47.0199,46.9655,
50,32,524288,2048,hyprefill,256/1024/1024,graph,121,47.0511,13.9520,47.0995,47.0511,
50,32,524288,2048,hyprefill,256/1024/1024,graph,122,47.1733,14.5012,47.2299,47.1733,
50,32,524288,2048,hyprefill,256/1024/1024,graph,123,47.4232,13.4346,47.4749,47.4232,
50,32,524288,2048,hyprefill,256/1024/1024,graph,124,47.3772,14.2584,47.4378,47.3772,
50,32,524288,2048,hyprefill,256/1024/1024,graph,125,47.6209,13.4346,47.6699,47.6209,
50,32,524288,2048,hyprefill,256/1024/1024,graph,126,49.4416,13.4346,49.4645,49.4416,
50,32,524288,2048,hyprefill,256/1024/1024,graph,127,47.0391,14.2266,47.0924,47.0391,
50,32,524288,2048,hyprefill,256/1024/1024,graph,128,47.9504,14.5012,48.0039,47.9504,
50,32,524288,2048,hyprefill,256/1024/1024,graph,129,47.1680,13.4346,47.2192,47.1680,
50,32,524288,2048,hyprefill,256/1024/1024,graph,130,47.4981,14.5012,47.5447,47.4981,
50,32,524288,2048,hyprefill,256/1024/1024,graph,131,47.1452,14.5012,47.2078,47.1452,
50,32,524288,2048,hyprefill,256/1024/1024,graph,132,47.5809,14.5012,47.6286,47.5809,
50,32,524288,2048,hyprefill,256/1024/1024,graph,133,46.7367,14.2266,46.7846,46.7367,
50,32,524288,2048,hyprefill,256/1024/1024,graph,134,47.5183,13.9520,47.5774,47.5183,
50,32,524288,2048,hyprefill,256/1024/1024,graph,135,47.3474,14.7758,47.3939,47.3474,
50,32,524288,2048,hyprefill,256/1024/1024,graph,136,47.4713,14.5012,47.5175,47.4713,
50,32,524288,2048,hyprefill,256/1024/1024,graph,137,47.3239,13.9838,47.3708,47.3239,
50,32,524288,2048,hyprefill,256/1024/1024,graph,138,48.0670,13.7092,48.1186,48.0670,
50,32,524288,2048,hyprefill,256/1024/1024,graph,139,48.0886,14.2584,48.1350,48.0886,
50,32,524288,2048,hyprefill,256/1024/1024,graph,140,48.9309,13.4346,48.9884,48.9309,
50,32,524288,2048,hyprefill,256/1024/1024,graph,141,47.8541,13.9838,47.9074,47.8541,
50,32,524288,2048,hyprefill,256/1024/1024,graph,142,47.7713,13.9838,47.8231,47.7713,
50,32,524288,2048,hyprefill,256/1024/1024,graph,143,47.7929,13.7092,47.8491,47.7929,
50,32,524288,2048,hyprefill,256/1024/1024,graph,144,47.2748,13.9520,47.3256,47.2748,
50,32,524288,2048,hyprefill,256/1024/1024,graph,145,46.8834,13.9520,46.9295,46.8834,
50,32,524288,2048,hyprefill,256/1024/1024,graph,146,47.1832,14.5012,47.2393,47.1832,
50,32,524288,2048,hyprefill,256/1024/1024,graph,147,47.0487,14.5012,47.1062,47.0487,
50,32,524288,2048,hyprefill,256/1024/1024,graph,148,47.1476,13.9520,47.1989,47.1476,
50,32,524288,2048,hyprefill,256/1024/1024,graph,149,47.0464,14.5012,47.0989,47.0464,
50,32,524288,2048,hyprefill,256/1024/1024,graph,150,47.6683,14.5012,47.7198,47.6683,
50,32,524288,2048,hyprefill,256/1024/1024,graph,151,47.1340,14.2266,47.1858,47.1340,
50,32,524288,2048,hyprefill,256/1024/1024,graph,152,47.8961,13.9838,47.9429,47.8961,
50,32,524288,2048,hyprefill,256/1024/1024,graph,153,47.5085,13.6774,47.5654,47.5085,
50,32,524288,2048,hyprefill,256/1024/1024,graph,154,47.6405,14.2584,47.6893,47.6405,
50,32,524288,2048,hyprefill,256/1024/1024,graph,155,47.8479,13.4346,47.9018,47.8479,
50,32,524288,2048,hyprefill,256/1024/1024,graph,156,48.6355,13.7092,48.6928,48.6355,
50,32,524288,2048,hyprefill,256/1024/1024,graph,157,47.4571,14.2266,47.5143,47.4571,
50,32,524288,2048,hyprefill,256/1024/1024,graph,158,47.2677,14.5012,47.3129,47.2677,
50,32,524288,2048,hyprefill,256/1024/1024,graph,159,47.1784,14.2266,47.2443,47.1784,
50,32,524288,2048,hyprefill,256/1024/1024,graph,160,47.6241,13.4346,47.6735,47.6241,
50,32,524288,2048,hyprefill,256/1024/1024,graph,161,47.4493,14.5012,47.4988,47.4493,
50,32,524288,2048,hyprefill,256/1024/1024,graph,162,47.3899,14.5012,47.4437,47.3899,
50,32,524288,2048,hyprefill,256/1024/1024,graph,163,47.4181,14.5012,47.4683,47.4181,
50,32,524288,2048,hyprefill,256/1024/1024,graph,164,47.4580,14.5012,47.5049,47.4580,
50,32,524288,2048,hyprefill,256/1024/1024,graph,165,47.3715,14.2266,47.4292,47.3715,
50,32,524288,2048,hyprefill,256/1024/1024,graph,166,47.4866,14.5012,47.5390,47.4866,
50,32,524288,2048,hyprefill,256/1024/1024,graph,167,47.4455,14.2266,47.4930,47.4455,
50,32,524288,2048,hyprefill,256/1024/1024,graph,168,47.4924,14.2266,47.5376,47.4924,
50,32,524288,2048,hyprefill,256/1024/1024,graph,169,47.5153,13.7092,47.5645,47.5153,
50,32,524288,2048,hyprefill,256/1024/1024,graph,170,47.7644,14.2266,47.8184,47.7644,
50,32,524288,2048,hyprefill,256/1024/1024,graph,171,47.7744,13.7092,47.8345,47.7744,
50,32,524288,2048,hyprefill,256/1024/1024,graph,172,47.1097,14.2266,47.1592,47.1097,
50,32,524288,2048,hyprefill,256/1024/1024,graph,173,47.3657,14.7758,47.4127,47.3657,
50,32,524288,2048,hyprefill,256/1024/1024,graph,174,47.5886,14.2266,47.6383,47.5886,
50,32,524288,2048,hyprefill,256/1024/1024,graph,175,47.3175,14.5012,47.3635,47.3175,
50,32,524288,2048,hyprefill,256/1024/1024,graph,176,47.2558,13.9520,47.3016,47.2558,
50,32,524288,2048,hyprefill,256/1024/1024,graph,177,47.2880,14.2266,47.3331,47.2880,
50,32,524288,2048,hyprefill,256/1024/1024,graph,178,47.1359,14.5012,47.1929,47.1359,
50,32,524288,2048,hyprefill,256/1024/1024,graph,179,47.6448,13.7092,47.7014,47.6448,
50,32,524288,2048,hyprefill,256/1024/1024,graph,180,47.5419,13.7092,47.5918,47.5419,
50,32,524288,2048,hyprefill,256/1024/1024,graph,181,47.8280,13.9520,47.8758,47.8280,
50,32,524288,2048,hyprefill,256/1024/1024,graph,182,47.0013,14.2266,47.0511,47.0013,
50,32,524288,2048,hyprefill,256/1024/1024,graph,183,47.2330,14.2266,47.2848,47.2330,
50,32,524288,2048,hyprefill,256/1024/1024,graph,184,46.6433,13.9520,46.7041,46.6433,
50,32,524288,2048,hyprefill,256/1024/1024,graph,185,46.9404,13.9520,46.9995,46.9404,
50,32,524288,2048,hyprefill,256/1024/1024,graph,186,47.5412,13.7092,47.5902,47.5412,
50,32,524288,2048,hyprefill,256/1024/1024,graph,187,47.9175,14.2266,47.9626,47.9175,
50,32,524288,2048,hyprefill,256/1024/1024,graph,188,47.6688,13.9838,47.7137,47.6688,
50,32,524288,2048,hyprefill,256/1024/1024,graph,189,47.6974,13.9838,47.7414,47.6974,
50,32,524288,2048,hyprefill,256/1024/1024,graph,190,47.6046,13.9520,47.6504,47.6046,
50,32,524288,2048,hyprefill,256/1024/1024,graph,191,47.2346,14.7758,47.2967,47.2346,
50,32,524288,2048,hyprefill,256/1024/1024,graph,192,47.3376,14.2266,47.3870,47.3376,
50,32,524288,2048,hyprefill,256/1024/1024,graph,193,47.3557,14.2266,47.4082,47.3557,
50,32,524288,2048,hyprefill,256/1024/1024,graph,194,47.7772,13.4346,47.8244,47.7772,
50,32,524288,2048,hyprefill,256/1024/1024,graph,195,47.8396,14.2584,47.8900,47.8396,
50,32,524288,2048,hyprefill,256/1024/1024,graph,196,47.9387,13.4346,48.0155,47.9387,
50,32,524288,2048,hyprefill,256/1024/1024,graph,197,47.8687,13.4346,47.9261,47.8687,
50,32,524288,2048,hyprefill,256/1024/1024,graph,198,47.2667,14.2266,47.3153,47.2667,
50,32,524288,2048,hyprefill,256/1024/1024,graph,199,47.1136,14.5012,47.1594,47.1136,
50,32,524288,2048,hyprefill,256/768/768,graph,0,47.3950,13.9520,47.4581,47.3950,
50,32,524288,2048,hyprefill,256/768/768,graph,1,47.8817,14.5330,47.9367,47.8817,
50,32,524288,2048,hyprefill,256/768/768,graph,2,47.8141,14.2266,47.8714,47.8141,
50,32,524288,2048,hyprefill,256/768/768,graph,3,47.6344,15.0503,47.6811,47.6344,
50,32,524288,2048,hyprefill,256/768/768,graph,4,47.0698,13.9520,47.1154,47.0698,
50,32,524288,2048,hyprefill,256/768/768,graph,5,47.2280,14.7758,47.2726,47.2280,
50,32,524288,2048,hyprefill,256/768/768,graph,6,47.1449,13.9520,47.1903,47.1449,
50,32,524288,2048,hyprefill,256/768/768,graph,7,47.8624,14.2584,47.9112,47.8624,
50,32,524288,2048,hyprefill,256/768/768,graph,8,47.2468,13.7092,47.2916,47.2468,
50,32,524288,2048,hyprefill,256/768/768,graph,9,47.9142,13.9838,47.9606,47.9142,
50,32,524288,2048,hyprefill,256/768/768,graph,10,48.3096,13.9838,48.3543,48.3096,
50,32,524288,2048,hyprefill,256/768/768,graph,11,47.6873,13.9838,47.7335,47.6873,
50,32,524288,2048,hyprefill,256/768/768,graph,12,47.5619,13.9838,47.6089,47.5619,
50,32,524288,2048,hyprefill,256/768/768,graph,13,47.7097,13.7092,47.7640,47.7097,
50,32,524288,2048,hyprefill,256/768/768,graph,14,47.4402,13.6774,47.5005,47.4402,
50,32,524288,2048,hyprefill,256/768/768,graph,15,46.8125,15.0503,46.8688,46.8125,
50,32,524288,2048,hyprefill,256/768/768,graph,16,47.4644,13.9520,47.5115,47.4644,
50,32,524288,2048,hyprefill,256/768/768,graph,17,47.0918,14.5012,47.1394,47.0918,
50,32,524288,2048,hyprefill,256/768/768,graph,18,46.8787,14.2266,46.9381,46.8787,
50,32,524288,2048,hyprefill,256/768/768,graph,19,46.9301,14.5012,46.9821,46.9301,
50,32,524288,2048,hyprefill,256/768/768,graph,20,47.7568,14.2266,47.8049,47.7568,
50,32,524288,2048,hyprefill,256/768/768,graph,21,48.1530,13.7092,48.2054,48.1530,
50,32,524288,2048,hyprefill,256/768/768,graph,22,47.5815,13.7092,47.6300,47.5815,
50,32,524288,2048,hyprefill,256/768/768,graph,23,47.9070,13.9838,47.9579,47.9070,
50,32,524288,2048,hyprefill,256/768/768,graph,24,46.5508,14.2266,46.5968,46.5508,
50,32,524288,2048,hyprefill,256/768/768,graph,25,47.3008,14.7758,47.3498,47.3008,
50,32,524288,2048,hyprefill,256/768/768,graph,26,47.3299,14.2266,47.3763,47.3299,
50,32,524288,2048,hyprefill,256/768/768,graph,27,47.2881,14.7758,47.3352,47.2881,
50,32,524288,2048,hyprefill,256/768/768,graph,28,47.5990,13.4346,47.6721,47.5990,
50,32,524288,2048,hyprefill,256/768/768,graph,29,47.3749,14.2584,47.4241,47.3749,
50,32,524288,2048,hyprefill,256/768/768,graph,30,47.9139,14.2266,47.9598,47.9139,
50,32,524288,2048,hyprefill,256/768/768,graph,31,47.5076,14.7758,47.5576,47.5076,
50,32,524288,2048,hyprefill,256/768/768,graph,32,47.1980,14.2266,47.2482,47.1980,
50,32,524288,2048,hyprefill,256/768/768,graph,33,47.9119,13.4346,47.9997,47.9119,
50,32,524288,2048,hyprefill,256/768/768,graph,34,47.0709,14.7758,47.1294,47.0709,
50,32,524288,2048,hyprefill,256/768/768,graph,35,47.5031,14.5012,47.5568,47.5031,
50,32,524288,2048,hyprefill,256/768/768,graph,36,47.2721,14.5012,47.3189,47.2721,
50,32,524288,2048,hyprefill,256/768/768,graph,37,47.8164,14.7758,47.8630,47.8164,
50,32,524288,2048,hyprefill,256/768/768,graph,38,47.6123,14.2266,47.6594,47.6123,
50,32,524288,2048,hyprefill,256/768/768,graph,39,47.1548,14.7758,47.2084,47.1548,
50,32,524288,2048,hyprefill,256/768/768,graph,40,47.0625,14.2266,47.1424,47.0625,
50,32,524288,2048,hyprefill,256/768/768,graph,41,46.8536,14.2266,46.9084,46.8536,
50,32,524288,2048,hyprefill,256/768/768,graph,42,47.2814,14.2266,47.3326,47.2814,
50,32,524288,2048,hyprefill,256/768/768,graph,43,46.7673,14.2266,46.8138,46.7673,
50,32,524288,2048,hyprefill,256/768/768,graph,44,47.3028,14.2266,47.3512,47.3028,
50,32,524288,2048,hyprefill,256/768/768,graph,45,46.7606,14.5012,46.8157,46.7606,
50,32,524288,2048,hyprefill,256/768/768,graph,46,47.0594,14.5012,47.1173,47.0594,
50,32,524288,2048,hyprefill,256/768/768,graph,47,48.0720,14.5012,48.1252,48.0720,
50,32,524288,2048,hyprefill,256/768/768,graph,48,47.2984,14.5012,47.3464,47.2984,
50,32,524288,2048,hyprefill,256/768/768,graph,49,47.2798,14.7758,47.3279,47.2798,
50,32,524288,2048,hyprefill,256/768/768,graph,50,47.3620,14.5012,47.4126,47.3620,
50,32,524288,2048,hyprefill,256/768/768,graph,51,47.3593,14.5012,47.4079,47.3593,
50,32,524288,2048,hyprefill,256/768/768,graph,52,47.0449,14.5012,47.1015,47.0449,
50,32,524288,2048,hyprefill,256/768/768,graph,53,47.3994,14.2266,47.4562,47.3994,
50,32,524288,2048,hyprefill,256/768/768,graph,54,47.5230,14.5012,47.5770,47.5230,
50,32,524288,2048,hyprefill,256/768/768,graph,55,48.2510,13.9838,48.2962,48.2510,
50,32,524288,2048,hyprefill,256/768/768,graph,56,48.5057,14.2584,48.5507,48.5057,
50,32,524288,2048,hyprefill,256/768/768,graph,57,47.2603,14.2266,47.3047,47.2603,
50,32,524288,2048,hyprefill,256/768/768,graph,58,46.9140,14.2266,46.9619,46.9140,
50,32,524288,2048,hyprefill,256/768/768,graph,59,47.0914,14.5012,47.1480,47.0914,
50,32,524288,2048,hyprefill,256/768/768,graph,60,47.1829,14.5012,47.2383,47.1829,
50,32,524288,2048,hyprefill,256/768/768,graph,61,47.3890,14.2266,47.4380,47.3890,
50,32,524288,2048,hyprefill,256/768/768,graph,62,46.8717,14.7758,46.9215,46.8717,
50,32,524288,2048,hyprefill,256/768/768,graph,63,47.6610,14.5012,47.7109,47.6610,
50,32,524288,2048,hyprefill,256/768/768,graph,64,46.9899,14.2266,47.0483,46.9899,
50,32,524288,2048,hyprefill,256/768/768,graph,65,46.9715,14.5012,47.0840,46.9715,
50,32,524288,2048,hyprefill,256/768/768,graph,66,46.8064,14.2266,46.8533,46.8064,
50,32,524288,2048,hyprefill,256/768/768,graph,67,47.4248,14.5012,47.4731,47.4248,
50,32,524288,2048,hyprefill,256/768/768,graph,68,47.1312,13.7092,47.1776,47.1312,
50,32,524288,2048,hyprefill,256/768/768,graph,69,47.6281,13.7092,47.6799,47.6281,
50,32,524288,2048,hyprefill,256/768/768,graph,70,47.3327,14.5012,47.3841,47.3327,
50,32,524288,2048,hyprefill,256/768/768,graph,71,47.4387,14.5012,47.4914,47.4387,
50,32,524288,2048,hyprefill,256/768/768,graph,72,47.3200,14.7758,47.3745,47.3200,
50,32,524288,2048,hyprefill,256/768/768,graph,73,47.8804,14.5012,47.9298,47.8804,
50,32,524288,2048,hyprefill,256/768/768,graph,74,47.4403,14.5012,47.4884,47.4403,
50,32,524288,2048,hyprefill,256/768/768,graph,75,47.3105,14.7758,47.3589,47.3105,
50,32,524288,2048,hyprefill,256/768/768,graph,76,47.8687,14.5012,47.9130,47.8687,
50,32,524288,2048,hyprefill,256/768/768,graph,77,47.5239,14.5012,47.5701,47.5239,
50,32,524288,2048,hyprefill,256/768/768,graph,78,48.0148,13.7092,48.0755,48.0148,
50,32,524288,2048,hyprefill,256/768/768,graph,79,47.7446,13.9838,47.7948,47.7446,
50,32,524288,2048,hyprefill,256/768/768,graph,80,47.3953,14.2266,47.4430,47.3953,
50,32,524288,2048,hyprefill,256/768/768,graph,81,47.6878,14.5012,47.7395,47.6878,
50,32,524288,2048,hyprefill,256/768/768,graph,82,47.1258,14.7758,47.1795,47.1258,
50,32,524288,2048,hyprefill,256/768/768,graph,83,47.6452,14.5012,47.6967,47.6452,
50,32,524288,2048,hyprefill,256/768/768,graph,84,47.2932,14.5012,47.3492,47.2932,
50,32,524288,2048,hyprefill,256/768/768,graph,85,47.6833,14.7758,47.7296,47.6833,
50,32,524288,2048,hyprefill,256/768/768,graph,86,47.3462,14.5012,47.3921,47.3462,
50,32,524288,2048,hyprefill,256/768/768,graph,87,47.6170,14.5012,47.6657,47.6170,
50,32,524288,2048,hyprefill,256/768/768,graph,88,46.9184,14.5012,46.9655,46.9184,
50,32,524288,2048,hyprefill,256/768/768,graph,89,47.0455,14.2266,47.0956,47.0455,
50,32,524288,2048,hyprefill,256/768/768,graph,90,47.1866,14.2266,47.2364,47.1866,
50,32,524288,2048,hyprefill,256/768/768,graph,91,47.5622,14.2266,47.6196,47.5622,
50,32,524288,2048,hyprefill,256/768/768,graph,92,47.4908,13.9838,47.5387,47.4908,
50,32,524288,2048,hyprefill,256/768/768,graph,93,48.0286,14.2266,48.0806,48.0286,
50,32,524288,2048,hyprefill,256/768/768,graph,94,47.0723,14.5012,47.1264,47.0723,
50,32,524288,2048,hyprefill,256/768/768,graph,95,46.7853,13.9520,46.8391,46.7853,
50,32,524288,2048,hyprefill,256/768/768,graph,96,47.2191,14.2266,47.2731,47.2191,
50,32,524288,2048,hyprefill,256/768/768,graph,97,47.2638,14.2266,47.3183,47.2638,
50,32,524288,2048,hyprefill,256/768/768,graph,98,47.1892,14.5012,47.2350,47.1892,
50,32,524288,2048,hyprefill,256/768/768,graph,99,46.9348,14.5012,46.9802,46.9348,
50,32,524288,2048,hyprefill,256/768/768,graph,100,47.4817,13.7092,47.5313,47.4817,
50,32,524288,2048,hyprefill,256/768/768,graph,101,47.3470,14.5012,47.3979,47.3470,
50,32,524288,2048,hyprefill,256/768/768,graph,102,47.0788,14.5012,47.1231,47.0788,
50,32,524288,2048,hyprefill,256/768/768,graph,103,46.9738,14.5012,47.0250,46.9738,
50,32,524288,2048,hyprefill,256/768/768,graph,104,47.1247,14.2266,47.1758,47.1247,
50,32,524288,2048,hyprefill,256/768/768,graph,105,47.1943,13.7092,47.2449,47.1943,
50,32,524288,2048,hyprefill,256/768/768,graph,106,47.7159,13.7092,47.7646,47.7159,
50,32,524288,2048,hyprefill,256/768/768,graph,107,47.8176,13.9520,47.8678,47.8176,
50,32,524288,2048,hyprefill,256/768/768,graph,108,46.7809,14.2266,46.8307,46.7809,
50,32,524288,2048,hyprefill,256/768/768,graph,109,46.7776,14.5012,46.8282,46.7776,
50,32,524288,2048,hyprefill,256/768/768,graph,110,47.3666,14.2266,47.4139,47.3666,
50,32,524288,2048,hyprefill,256/768/768,graph,111,47.0018,14.7758,47.0535,47.0018,
50,32,524288,2048,hyprefill,256/768/768,graph,112,47.3205,14.2266,47.3838,47.3205,
50,32,524288,2048,hyprefill,256/768/768,graph,113,47.2450,14.7758,47.2953,47.2450,
50,32,524288,2048,hyprefill,256/768/768,graph,114,47.4000,14.5012,47.4456,47.4000,
50,32,524288,2048,hyprefill,256/768/768,graph,115,47.2615,14.5012,47.3230,47.2615,
50,32,524288,2048,hyprefill,256/768/768,graph,116,47.3721,14.5012,47.4236,47.3721,
50,32,524288,2048,hyprefill,256/768/768,graph,117,47.2594,14.2266,47.3035,47.2594,
50,32,524288,2048,hyprefill,256/768/768,graph,118,47.1222,14.5012,47.1795,47.1222,
50,32,524288,2048,hyprefill,256/768/768,graph,119,47.7094,14.5012,47.7629,47.7094,
50,32,524288,2048,hyprefill,256/768/768,graph,120,47.7138,13.7092,47.7609,47.7138,
50,32,524288,2048,hyprefill,256/768/768,graph,121,46.8786,14.2266,46.9282,46.8786,
50,32,524288,2048,hyprefill,256/768/768,graph,122,47.0602,14.5012,47.1120,47.0602,
50,32,524288,2048,hyprefill,256/768/768,graph,123,47.5277,14.5012,47.5735,47.5277,
50,32,524288,2048,hyprefill,256/768/768,graph,124,47.6393,14.7758,47.6913,47.6393,
50,32,524288,2048,hyprefill,256/768/768,graph,125,47.0282,14.2266,47.0867,47.0282,
50,32,524288,2048,hyprefill,256/768/768,graph,126,47.1774,14.7758,47.2285,47.1774,
50,32,524288,2048,hyprefill,256/768/768,graph,127,47.1980,14.2266,47.2458,47.1980,
50,32,524288,2048,hyprefill,256/768/768,graph,128,47.0719,14.5012,47.1324,47.0719,
50,32,524288,2048,hyprefill,256/768/768,graph,129,47.1118,14.7758,47.1744,47.1118,
50,32,524288,2048,hyprefill,256/768/768,graph,130,47.1941,13.9520,47.2418,47.1941,
50,32,524288,2048,hyprefill,256/768/768,graph,131,47.2730,13.7092,47.3175,47.2730,
50,32,524288,2048,hyprefill,256/768/768,graph,132,47.5895,14.2266,47.6356,47.5895,
50,32,524288,2048,hyprefill,256/768/768,graph,133,47.0435,14.7758,47.0904,47.0435,
50,32,524288,2048,hyprefill,256/768/768,graph,134,47.4106,14.2266,47.4756,47.4106,
50,32,524288,2048,hyprefill,256/768/768,graph,135,47.5679,13.7092,47.6224,47.5679,
50,32,524288,2048,hyprefill,256/768/768,graph,136,46.7598,14.2266,46.8071,46.7598,
50,32,524288,2048,hyprefill,256/768/768,graph,137,46.7588,14.7758,46.8042,46.7588,
50,32,524288,2048,hyprefill,256/768/768,graph,138,47.2575,14.2266,47.3045,47.2575,
50,32,524288,2048,hyprefill,256/768/768,graph,139,46.5271,14.5012,46.5921,46.5271,
50,32,524288,2048,hyprefill,256/768/768,graph,140,46.8648,14.2266,46.9158,46.8648,
50,32,524288,2048,hyprefill,256/768/768,graph,141,47.0267,14.5012,47.0727,47.0267,
50,32,524288,2048,hyprefill,256/768/768,graph,142,47.4907,14.2266,47.5413,47.4907,
50,32,524288,2048,hyprefill,256/768/768,graph,143,47.1303,14.7758,47.1742,47.1303,
50,32,524288,2048,hyprefill,256/768/768,graph,144,47.6660,14.5012,47.7121,47.6660,
50,32,524288,2048,hyprefill,256/768/768,graph,145,47.9736,13.9838,48.0359,47.9736,
50,32,524288,2048,hyprefill,256/768/768,graph,146,47.3504,14.2266,47.4003,47.3504,
50,32,524288,2048,hyprefill,256/768/768,graph,147,46.9348,14.7758,46.9805,46.9348,
50,32,524288,2048,hyprefill,256/768/768,graph,148,47.5962,13.9520,47.6404,47.5962,
50,32,524288,2048,hyprefill,256/768/768,graph,149,47.5476,14.7758,47.5911,47.5476,
50,32,524288,2048,hyprefill,256/768/768,graph,150,48.2436,13.7092,48.2906,48.2436,
50,32,524288,2048,hyprefill,256/768/768,graph,151,48.2153,14.2584,48.2648,48.2153,
50,32,524288,2048,hyprefill,256/768/768,graph,152,46.8829,13.6774,46.9363,46.8829,
50,32,524288,2048,hyprefill,256/768/768,graph,153,46.8184,14.7758,46.8653,46.8184,
50,32,524288,2048,hyprefill,256/768/768,graph,154,48.4305,14.5012,48.4768,48.4305,
50,32,524288,2048,hyprefill,256/768/768,graph,155,47.3805,13.7092,47.4268,47.3805,
50,32,524288,2048,hyprefill,256/768/768,graph,156,47.2435,14.2266,47.2968,47.2435,
50,32,524288,2048,hyprefill,256/768/768,graph,157,47.5227,15.0503,47.5717,47.5227,
50,32,524288,2048,hyprefill,256/768/768,graph,158,47.5782,13.9520,47.6276,47.5782,
50,32,524288,2048,hyprefill,256/768/768,graph,159,47.2817,15.0503,47.3268,47.2817,
50,32,524288,2048,hyprefill,256/768/768,graph,160,47.6090,13.9520,47.6553,47.6090,
50,32,524288,2048,hyprefill,256/768/768,graph,161,47.9599,14.2584,48.0119,47.9599,
50,32,524288,2048,hyprefill,256/768/768,graph,162,47.6945,13.9520,47.7422,47.6945,
50,32,524288,2048,hyprefill,256/768/768,graph,163,48.2172,14.2584,48.2638,48.2172,
50,32,524288,2048,hyprefill,256/768/768,graph,164,48.4991,14.2266,48.5548,48.4991,
50,32,524288,2048,hyprefill,256/768/768,graph,165,47.0283,14.5012,47.0776,47.0283,
50,32,524288,2048,hyprefill,256/768/768,graph,166,46.7329,14.2266,46.7928,46.7329,
50,32,524288,2048,hyprefill,256/768/768,graph,167,47.0291,14.5012,47.0784,47.0291,
50,32,524288,2048,hyprefill,256/768/768,graph,168,48.1156,14.2266,48.1710,48.1156,
50,32,524288,2048,hyprefill,256/768/768,graph,169,47.9929,14.5330,48.0432,47.9929,
50,32,524288,2048,hyprefill,256/768/768,graph,170,48.2149,13.7092,48.2614,48.2149,
50,32,524288,2048,hyprefill,256/768/768,graph,171,47.1307,14.2266,47.1879,47.1307,
50,32,524288,2048,hyprefill,256/768/768,graph,172,47.7189,14.2266,47.7644,47.7189,
50,32,524288,2048,hyprefill,256/768/768,graph,173,47.7143,15.0503,47.7643,47.7143,
50,32,524288,2048,hyprefill,256/768/768,graph,174,47.1356,14.2266,47.1899,47.1356,
50,32,524288,2048,hyprefill,256/768/768,graph,175,47.4573,14.5012,47.5029,47.4573,
50,32,524288,2048,hyprefill,256/768/768,graph,176,47.3487,14.5012,47.3948,47.3487,
50,32,524288,2048,hyprefill,256/768/768,graph,177,47.0927,14.2266,47.1527,47.0927,
50,32,524288,2048,hyprefill,256/768/768,graph,178,46.8288,14.5012,46.8838,46.8288,
50,32,524288,2048,hyprefill,256/768/768,graph,179,47.0635,13.4346,47.1107,47.0635,
50,32,524288,2048,hyprefill,256/768/768,graph,180,48.8206,13.4346,48.8423,48.8206,
50,32,524288,2048,hyprefill,256/768/768,graph,181,47.0242,14.2266,47.0706,47.0242,
50,32,524288,2048,hyprefill,256/768/768,graph,182,47.7407,14.7758,47.7875,47.7407,
50,32,524288,2048,hyprefill,256/768/768,graph,183,47.3321,14.5012,47.3809,47.3321,
50,32,524288,2048,hyprefill,256/768/768,graph,184,48.5176,13.9838,48.5726,48.5176,
50,32,524288,2048,hyprefill,256/768/768,graph,185,47.2519,14.2266,47.3091,47.2519,
50,32,524288,2048,hyprefill,256/768/768,graph,186,46.7908,14.7758,46.8409,46.7908,
50,32,524288,2048,hyprefill,256/768/768,graph,187,47.5514,14.5012,47.5979,47.5514,
50,32,524288,2048,hyprefill,256/768/768,graph,188,47.5261,14.5012,47.5727,47.5261,
50,32,524288,2048,hyprefill,256/768/768,graph,189,47.7565,13.4346,47.8196,47.7565,
50,32,524288,2048,hyprefill,256/768/768,graph,190,48.6759,14.5330,48.7292,48.6759,
50,32,524288,2048,hyprefill,256/768/768,graph,191,47.1780,13.9520,47.2265,47.1780,
50,32,524288,2048,hyprefill,256/768/768,graph,192,47.5390,13.9838,47.5854,47.5390,
50,32,524288,2048,hyprefill,256/768/768,graph,193,47.5268,14.5012,47.5715,47.5268,
50,32,524288,2048,hyprefill,256/768/768,graph,194,47.7618,13.7092,47.8064,47.7618,
50,32,524288,2048,hyprefill,256/768/768,graph,195,47.3574,14.7758,47.4182,47.3574,
50,32,524288,2048,hyprefill,256/768/768,graph,196,47.6392,14.2266,47.6845,47.6392,
50,32,524288,2048,hyprefill,256/768/768,graph,197,47.1741,14.5012,47.2180,47.1741,
50,32,524288,2048,hyprefill,256/768/768,graph,198,47.4759,14.2266,47.5209,47.4759,
50,32,524288,2048,hyprefill,256/768/768,graph,199,47.7839,13.7092,47.8368,47.7839,
50,32,524288,2048,hyprefill,256/512/512,graph,0,47.2326,14.5012,47.2839,47.2326,
50,32,524288,2048,hyprefill,256/512/512,graph,1,47.1371,14.7758,47.1846,47.1371,
50,32,524288,2048,hyprefill,256/512/512,graph,2,47.3321,13.9520,47.3765,47.3321,
50,32,524288,2048,hyprefill,256/512/512,graph,3,47.9513,13.7092,47.9968,47.9513,
50,32,524288,2048,hyprefill,256/512/512,graph,4,47.8714,13.7092,47.9254,47.8714,
50,32,524288,2048,hyprefill,256/512/512,graph,5,47.2738,14.5012,47.3272,47.2738,
50,32,524288,2048,hyprefill,256/512/512,graph,6,48.4192,14.5330,48.4662,48.4192,
50,32,524288,2048,hyprefill,256/512/512,graph,7,47.9613,13.4346,48.0071,47.9613,
50,32,524288,2048,hyprefill,256/512/512,graph,8,47.2647,14.7758,47.3105,47.2647,
50,32,524288,2048,hyprefill,256/512/512,graph,9,47.0641,13.9520,47.1083,47.0641,
50,32,524288,2048,hyprefill,256/512/512,graph,10,47.1608,15.3249,47.2149,47.1608,
50,32,524288,2048,hyprefill,256/512/512,graph,11,47.6374,14.2266,47.6860,47.6374,
50,32,524288,2048,hyprefill,256/512/512,graph,12,47.5016,13.7092,47.5485,47.5016,
50,32,524288,2048,hyprefill,256/512/512,graph,13,47.2413,13.4346,47.2915,47.2413,
50,32,524288,2048,hyprefill,256/512/512,graph,14,47.1330,14.5012,47.1830,47.1330,
50,32,524288,2048,hyprefill,256/512/512,graph,15,47.8468,14.7758,47.8930,47.8468,
50,32,524288,2048,hyprefill,256/512/512,graph,16,48.3780,14.2584,48.4265,48.3780,
50,32,524288,2048,hyprefill,256/512/512,graph,17,47.4622,14.2584,47.5158,47.4622,
50,32,524288,2048,hyprefill,256/512/512,graph,18,48.0535,13.4346,48.1078,48.0535,
50,32,524288,2048,hyprefill,256/512/512,graph,19,47.1906,14.7758,47.2372,47.1906,
50,32,524288,2048,hyprefill,256/512/512,graph,20,47.4807,14.5012,47.5263,47.4807,
50,32,524288,2048,hyprefill,256/512/512,graph,21,48.1115,14.2584,48.1564,48.1115,
50,32,524288,2048,hyprefill,256/512/512,graph,22,48.6358,13.9838,48.6880,48.6358,
50,32,524288,2048,hyprefill,256/512/512,graph,23,47.5982,14.5012,47.6482,47.5982,
50,32,524288,2048,hyprefill,256/512/512,graph,24,47.5868,15.0503,47.6372,47.5868,
50,32,524288,2048,hyprefill,256/512/512,graph,25,47.3833,13.9520,47.4327,47.3833,
50,32,524288,2048,hyprefill,256/512/512,graph,26,47.5100,13.9838,47.5553,47.5100,
50,32,524288,2048,hyprefill,256/512/512,graph,27,47.4624,14.2266,47.5092,47.4624,
50,32,524288,2048,hyprefill,256/512/512,graph,28,47.2274,14.7758,47.2798,47.2274,
50,32,524288,2048,hyprefill,256/512/512,graph,29,47.3515,14.7758,47.3993,47.3515,
50,32,524288,2048,hyprefill,256/512/512,graph,30,47.1256,13.9520,47.1722,47.1256,
50,32,524288,2048,hyprefill,256/512/512,graph,31,46.8486,14.7758,46.8930,46.8486,
50,32,524288,2048,hyprefill,256/512/512,graph,32,47.8450,14.2266,47.8941,47.8450,
50,32,524288,2048,hyprefill,256/512/512,graph,33,47.6424,14.8076,47.6958,47.6424,
50,32,524288,2048,hyprefill,256/512/512,graph,34,48.8047,13.4346,48.8588,48.8047,
50,32,524288,2048,hyprefill,256/512/512,graph,35,47.3956,13.9838,47.4455,47.3956,
50,32,524288,2048,hyprefill,256/512/512,graph,36,47.5065,13.9520,47.5612,47.5065,
50,32,524288,2048,hyprefill,256/512/512,graph,37,47.0785,15.0503,47.1298,47.0785,
50,32,524288,2048,hyprefill,256/512/512,graph,38,47.6983,14.5012,47.7548,47.6983,
50,32,524288,2048,hyprefill,256/512/512,graph,39,46.9357,14.7758,46.9843,46.9357,
50,32,524288,2048,hyprefill,256/512/512,graph,40,47.2120,14.5012,47.2667,47.2120,
50,32,524288,2048,hyprefill,256/512/512,graph,41,48.2813,13.9838,48.3292,48.2813,
50,32,524288,2048,hyprefill,256/512/512,graph,42,48.1512,13.7092,48.1969,48.1512,
50,32,524288,2048,hyprefill,256/512/512,graph,43,47.5681,14.5012,47.6226,47.5681,
50,32,524288,2048,hyprefill,256/512/512,graph,44,47.8700,14.2584,47.9228,47.8700,
50,32,524288,2048,hyprefill,256/512/512,graph,45,47.6888,14.2266,47.7392,47.6888,
50,32,524288,2048,hyprefill,256/512/512,graph,46,47.4553,15.0503,47.5041,47.4553,
50,32,524288,2048,hyprefill,256/512/512,graph,47,47.8538,14.5012,47.8998,47.8538,
50,32,524288,2048,hyprefill,256/512/512,graph,48,47.1795,14.5012,47.2256,47.1795,
50,32,524288,2048,hyprefill,256/512/512,graph,49,47.6875,14.2266,47.7325,47.6875,
50,32,524288,2048,hyprefill,256/512/512,graph,50,47.0003,14.5012,47.0591,47.0003,
50,32,524288,2048,hyprefill,256/512/512,graph,51,47.7551,14.2584,47.8076,47.7551,
50,32,524288,2048,hyprefill,256/512/512,graph,52,48.8280,13.4346,48.8737,48.8280,
50,32,524288,2048,hyprefill,256/512/512,graph,53,47.8581,14.2584,47.9182,47.8581,
50,32,524288,2048,hyprefill,256/512/512,graph,54,48.0475,13.9520,48.0993,48.0475,
50,32,524288,2048,hyprefill,256/512/512,graph,55,47.2350,15.0503,47.2869,47.2350,
50,32,524288,2048,hyprefill,256/512/512,graph,56,47.7132,14.7758,47.7640,47.7132,
50,32,524288,2048,hyprefill,256/512/512,graph,57,47.7614,15.0503,47.8102,47.7614,
50,32,524288,2048,hyprefill,256/512/512,graph,58,47.4596,13.9520,47.5083,47.4596,
50,32,524288,2048,hyprefill,256/512/512,graph,59,47.4719,14.7758,47.5210,47.4719,
50,32,524288,2048,hyprefill,256/512/512,graph,60,46.8881,13.6774,46.9431,46.8881,
50,32,524288,2048,hyprefill,256/512/512,graph,61,46.9638,14.7758,47.0306,46.9638,
50,32,524288,2048,hyprefill,256/512/512,graph,62,47.7662,13.7092,47.8156,47.7662,
50,32,524288,2048,hyprefill,256/512/512,graph,63,48.6456,13.4346,48.6942,48.6456,
50,32,524288,2048,hyprefill,256/512/512,graph,64,48.4212,14.8076,48.4727,48.4212,
50,32,524288,2048,hyprefill,256/512/512,graph,65,47.5972,14.2266,47.6679,47.5972,
50,32,524288,2048,hyprefill,256/512/512,graph,66,47.3484,15.0503,47.4013,47.3484,
50,32,524288,2048,hyprefill,256/512/512,graph,67,47.7365,14.5012,47.7839,47.7365,
50,32,524288,2048,hyprefill,256/512/512,graph,68,47.0543,14.5012,47.1037,47.0543,
50,32,524288,2048,hyprefill,256/512/512,graph,69,47.6821,15.0503,47.7285,47.6821,
50,32,524288,2048,hyprefill,256/512/512,graph,70,47.4296,13.9520,47.4789,47.4296,
50,32,524288,2048,hyprefill,256/512/512,graph,71,47.0140,14.5012,47.0675,47.0140,
50,32,524288,2048,hyprefill,256/512/512,graph,72,47.4574,14.2266,47.5082,47.4574,
50,32,524288,2048,hyprefill,256/512/512,graph,73,47.4889,13.9838,47.5356,47.4889,
50,32,524288,2048,hyprefill,256/512/512,graph,74,47.3718,13.9520,47.4182,47.3718,
50,32,524288,2048,hyprefill,256/512/512,graph,75,48.2039,14.8076,48.2506,48.2039,
50,32,524288,2048,hyprefill,256/512/512,graph,76,48.2714,13.9838,48.3187,48.2714,
50,32,524288,2048,hyprefill,256/512/512,graph,77,47.5483,14.5012,47.6012,47.5483,
50,32,524288,2048,hyprefill,256/512/512,graph,78,47.3400,14.7758,47.3889,47.3400,
50,32,524288,2048,hyprefill,256/512/512,graph,79,47.1456,13.9520,47.1920,47.1456,
50,32,524288,2048,hyprefill,256/512/512,graph,80,46.9871,15.3249,47.0362,46.9871,
50,32,524288,2048,hyprefill,256/512/512,graph,81,47.5472,13.9520,47.6008,47.5472,
50,32,524288,2048,hyprefill,256/512/512,graph,82,47.4661,13.4346,47.5153,47.4661,
50,32,524288,2048,hyprefill,256/512/512,graph,83,47.2605,14.5012,47.3237,47.2605,
50,32,524288,2048,hyprefill,256/512/512,graph,84,47.3278,14.5012,47.3762,47.3278,
50,32,524288,2048,hyprefill,256/512/512,graph,85,47.4340,14.5012,47.4803,47.4340,
50,32,524288,2048,hyprefill,256/512/512,graph,86,47.5303,14.7758,47.5792,47.5303,
50,32,524288,2048,hyprefill,256/512/512,graph,87,47.8138,13.9520,47.8632,47.8138,
50,32,524288,2048,hyprefill,256/512/512,graph,88,46.6056,15.0503,46.6529,46.6056,
50,32,524288,2048,hyprefill,256/512/512,graph,89,47.7340,14.5012,47.7797,47.7340,
50,32,524288,2048,hyprefill,256/512/512,graph,90,47.3269,15.0503,47.3799,47.3269,
50,32,524288,2048,hyprefill,256/512/512,graph,91,47.3150,13.4346,47.3676,47.3150,
50,32,524288,2048,hyprefill,256/512/512,graph,92,48.0834,13.4346,48.1325,48.0834,
50,32,524288,2048,hyprefill,256/512/512,graph,93,47.2625,14.5012,47.3110,47.2625,
50,32,524288,2048,hyprefill,256/512/512,graph,94,47.0369,14.2266,47.0973,47.0369,
50,32,524288,2048,hyprefill,256/512/512,graph,95,48.3120,13.9838,48.3587,48.3120,
50,32,524288,2048,hyprefill,256/512/512,graph,96,47.4631,14.5012,47.5114,47.4631,
50,32,524288,2048,hyprefill,256/512/512,graph,97,47.0911,14.5012,47.1519,47.0911,
50,32,524288,2048,hyprefill,256/512/512,graph,98,47.3453,15.0503,47.3918,47.3453,
50,32,524288,2048,hyprefill,256/512/512,graph,99,47.3601,13.9520,47.4072,47.3601,
50,32,524288,2048,hyprefill,256/512/512,graph,100,46.7902,14.5012,46.8358,46.7902,
50,32,524288,2048,hyprefill,256/512/512,graph,101,47.2524,14.5012,47.3175,47.2524,
50,32,524288,2048,hyprefill,256/512/512,graph,102,47.1808,14.7758,47.2255,47.1808,
50,32,524288,2048,hyprefill,256/512/512,graph,103,48.2468,13.9838,48.2917,48.2468,
50,32,524288,2048,hyprefill,256/512/512,graph,104,47.8774,13.9838,47.9233,47.8774,
50,32,524288,2048,hyprefill,256/512/512,graph,105,47.7142,14.2266,47.7634,47.7142,
50,32,524288,2048,hyprefill,256/512/512,graph,106,47.1273,14.7758,47.1840,47.1273,
50,32,524288,2048,hyprefill,256/512/512,graph,107,47.8112,15.0503,47.8567,47.8112,
50,32,524288,2048,hyprefill,256/512/512,graph,108,47.5122,14.2266,47.5711,47.5122,
50,32,524288,2048,hyprefill,256/512/512,graph,109,47.3604,15.0503,47.4166,47.3604,
50,32,524288,2048,hyprefill,256/512/512,graph,110,47.3257,14.2266,47.3708,47.3257,
50,32,524288,2048,hyprefill,256/512/512,graph,111,47.7857,14.7758,47.8303,47.7857,
50,32,524288,2048,hyprefill,256/512/512,graph,112,48.0196,13.7092,48.0705,48.0196,
50,32,524288,2048,hyprefill,256/512/512,graph,113,46.9775,13.9520,47.0289,46.9775,
50,32,524288,2048,hyprefill,256/512/512,graph,114,46.9071,14.5012,46.9528,46.9071,
50,32,524288,2048,hyprefill,256/512/512,graph,115,47.7224,13.4346,47.7826,47.7224,
50,32,524288,2048,hyprefill,256/512/512,graph,116,47.5263,14.2584,47.5829,47.5263,
50,32,524288,2048,hyprefill,256/512/512,graph,117,47.1401,13.6774,47.1901,47.1401,
50,32,524288,2048,hyprefill,256/512/512,graph,118,47.1960,15.3249,47.2480,47.1960,
50,32,524288,2048,hyprefill,256/512/512,graph,119,47.3445,13.9520,47.3988,47.3445,
50,32,524288,2048,hyprefill,256/512/512,graph,120,46.8602,15.3249,46.9093,46.8602,
50,32,524288,2048,hyprefill,256/512/512,graph,121,47.7247,14.2266,47.7723,47.7247,
50,32,524288,2048,hyprefill,256/512/512,graph,122,47.8511,14.5330,47.9112,47.8511,
50,32,524288,2048,hyprefill,256/512/512,graph,123,48.2793,13.7092,48.3303,48.2793,
50,32,524288,2048,hyprefill,256/512/512,graph,124,47.2266,13.9520,47.2881,47.2266,
50,32,524288,2048,hyprefill,256/512/512,graph,125,47.3912,13.9838,47.4398,47.3912,
50,32,524288,2048,hyprefill,256/512/512,graph,126,47.2614,14.2266,47.3167,47.2614,
50,32,524288,2048,hyprefill,256/512/512,graph,127,47.3014,14.7758,47.3462,47.3014,
50,32,524288,2048,hyprefill,256/512/512,graph,128,47.4360,14.5012,47.4877,47.4360,
50,32,524288,2048,hyprefill,256/512/512,graph,129,48.0506,14.7758,48.1004,48.0506,
50,32,524288,2048,hyprefill,256/512/512,graph,130,47.4883,14.7758,47.5484,47.4883,
50,32,524288,2048,hyprefill,256/512/512,graph,131,47.3137,14.5012,47.3591,47.3137,
50,32,524288,2048,hyprefill,256/512/512,graph,132,47.5397,14.7758,47.5896,47.5397,
50,32,524288,2048,hyprefill,256/512/512,graph,133,47.6419,13.9520,47.6980,47.6419,
50,32,524288,2048,hyprefill,256/512/512,graph,134,47.0663,14.7758,47.1168,47.0663,
50,32,524288,2048,hyprefill,256/512/512,graph,135,48.0418,14.2266,48.0932,48.0418,
50,32,524288,2048,hyprefill,256/512/512,graph,136,47.1864,15.0503,47.2326,47.1864,
50,32,524288,2048,hyprefill,256/512/512,graph,137,47.9083,14.2266,47.9565,47.9083,
50,32,524288,2048,hyprefill,256/512/512,graph,138,47.7696,14.5330,47.8202,47.7696,
50,32,524288,2048,hyprefill,256/512/512,graph,139,47.7098,13.9520,47.7567,47.7098,
50,32,524288,2048,hyprefill,256/512/512,graph,140,47.7208,15.0503,47.7711,47.7208,
50,32,524288,2048,hyprefill,256/512/512,graph,141,47.9015,14.5012,47.9636,47.9015,
50,32,524288,2048,hyprefill,256/512/512,graph,142,47.3213,14.7758,47.3724,47.3213,
50,32,524288,2048,hyprefill,256/512/512,graph,143,47.3979,14.5012,47.4621,47.3979,
50,32,524288,2048,hyprefill,256/512/512,graph,144,47.8565,14.5012,47.9057,47.8565,
50,32,524288,2048,hyprefill,256/512/512,graph,145,47.6840,14.2584,47.7307,47.6840,
50,32,524288,2048,hyprefill,256/512/512,graph,146,47.6304,13.6774,47.6772,47.6304,
50,32,524288,2048,hyprefill,256/512/512,graph,147,48.2782,14.5330,48.3436,48.2782,
50,32,524288,2048,hyprefill,256/512/512,graph,148,47.9289,14.2266,47.9853,47.9289,
50,32,524288,2048,hyprefill,256/512/512,graph,149,47.1358,14.7758,47.1819,47.1358,
50,32,524288,2048,hyprefill,256/512/512,graph,150,47.6189,14.5012,47.6690,47.6189,
50,32,524288,2048,hyprefill,256/512/512,graph,151,47.0886,15.0503,47.1338,47.0886,
50,32,524288,2048,hyprefill,256/512/512,graph,152,47.4512,14.5012,47.4958,47.4512,
50,32,524288,2048,hyprefill,256/512/512,graph,153,47.4816,13.7092,47.5287,47.4816,
50,32,524288,2048,hyprefill,256/512/512,graph,154,47.9917,13.9838,48.0395,47.9917,
50,32,524288,2048,hyprefill,256/512/512,graph,155,47.3959,13.6774,47.4410,47.3959,
50,32,524288,2048,hyprefill,256/512/512,graph,156,47.5400,14.2584,47.5848,47.5400,
50,32,524288,2048,hyprefill,256/512/512,graph,157,47.0458,14.5012,47.0953,47.0458,
50,32,524288,2048,hyprefill,256/512/512,graph,158,47.4688,14.7758,47.5186,47.4688,
50,32,524288,2048,hyprefill,256/512/512,graph,159,47.1290,14.7758,47.1789,47.1290,
50,32,524288,2048,hyprefill,256/512/512,graph,160,47.1283,14.5012,47.1827,47.1283,
50,32,524288,2048,hyprefill,256/512/512,graph,161,47.0782,14.7758,47.1358,47.0782,
50,32,524288,2048,hyprefill,256/512/512,graph,162,48.2414,13.7092,48.2930,48.2414,
50,32,524288,2048,hyprefill,256/512/512,graph,163,47.8531,13.9838,47.9041,47.8531,
50,32,524288,2048,hyprefill,256/512/512,graph,164,47.5597,14.2266,47.6174,47.5597,
50,32,524288,2048,hyprefill,256/512/512,graph,165,46.9163,15.0503,46.9729,46.9163,
50,32,524288,2048,hyprefill,256/512/512,graph,166,47.2322,13.9520,47.2799,47.2322,
50,32,524288,2048,hyprefill,256/512/512,graph,167,47.6051,13.9838,47.6601,47.6051,
50,32,524288,2048,hyprefill,256/512/512,graph,168,47.1036,14.2266,47.1517,47.1036,
50,32,524288,2048,hyprefill,256/512/512,graph,169,46.8503,15.0503,46.9005,46.8503,
50,32,524288,2048,hyprefill,256/512/512,graph,170,48.3484,14.2266,48.4015,48.3484,
50,32,524288,2048,hyprefill,256/512/512,graph,171,47.1836,14.5012,47.2331,47.1836,
50,32,524288,2048,hyprefill,256/512/512,graph,172,47.2921,15.0503,47.3358,47.2921,
50,32,524288,2048,hyprefill,256/512/512,graph,173,47.4359,14.2266,47.4953,47.4359,
50,32,524288,2048,hyprefill,256/512/512,graph,174,47.2811,15.0503,47.3294,47.2811,
50,32,524288,2048,hyprefill,256/512/512,graph,175,47.1488,14.2266,47.2016,47.1488,
50,32,524288,2048,hyprefill,256/512/512,graph,176,47.7704,13.7092,47.8182,47.7704,
50,32,524288,2048,hyprefill,256/512/512,graph,177,47.4724,13.9838,47.5186,47.4724,
50,32,524288,2048,hyprefill,256/512/512,graph,178,47.5720,14.5012,47.6180,47.5720,
50,32,524288,2048,hyprefill,256/512/512,graph,179,47.6911,14.5012,47.7373,47.6911,
50,32,524288,2048,hyprefill,256/512/512,graph,180,47.1271,14.5012,47.1749,47.1271,
50,32,524288,2048,hyprefill,256/512/512,graph,181,46.6511,14.2266,46.7069,46.6511,
50,32,524288,2048,hyprefill,256/512/512,graph,182,47.8802,14.2584,47.9273,47.8802,
50,32,524288,2048,hyprefill,256/512/512,graph,183,47.6715,14.2266,47.7175,47.6715,
50,32,524288,2048,hyprefill,256/512/512,graph,184,47.5334,14.7758,47.5913,47.5334,
50,32,524288,2048,hyprefill,256/512/512,graph,185,49.2757,13.9838,49.3285,49.2757,
50,32,524288,2048,hyprefill,256/512/512,graph,186,47.5679,13.7092,47.6143,47.5679,
50,32,524288,2048,hyprefill,256/512/512,graph,187,47.7008,13.9520,47.7477,47.7008,
50,32,524288,2048,hyprefill,256/512/512,graph,188,47.2560,15.3249,47.3083,47.2560,
50,32,524288,2048,hyprefill,256/512/512,graph,189,47.3378,14.2266,47.3859,47.3378,
50,32,524288,2048,hyprefill,256/512/512,graph,190,47.2535,15.0503,47.3033,47.2535,
50,32,524288,2048,hyprefill,256/512/512,graph,191,47.7148,14.2266,47.7613,47.7148,
50,32,524288,2048,hyprefill,256/512/512,graph,192,47.7117,13.9838,47.7568,47.7117,
50,32,524288,2048,hyprefill,256/512/512,graph,193,48.0695,13.9838,48.1288,48.0695,
50,32,524288,2048,hyprefill,256/512/512,graph,194,47.0409,13.6774,47.1020,47.0409,
50,32,524288,2048,hyprefill,256/512/512,graph,195,46.6351,14.5012,46.6861,46.6351,
50,32,524288,2048,hyprefill,256/512/512,graph,196,47.7680,13.7092,47.8166,47.7680,
50,32,524288,2048,hyprefill,256/512/512,graph,197,47.8964,13.7092,47.9453,47.8964,
50,32,524288,2048,hyprefill,256/512/512,graph,198,47.2496,13.9520,47.2975,47.2496,
50,32,524288,2048,hyprefill,256/512/512,graph,199,47.1512,15.3249,47.2042,47.1512,
50,32,524288,2048,hyprefill,256/256/256,graph,0,46.9369,15.0503,46.9867,46.9369,
50,32,524288,2048,hyprefill,256/256/256,graph,1,47.2422,15.0503,47.2879,47.2422,
50,32,524288,2048,hyprefill,256/256/256,graph,2,47.0981,15.0503,47.1439,47.0981,
50,32,524288,2048,hyprefill,256/256/256,graph,3,47.1791,15.0503,47.2350,47.1791,
50,32,524288,2048,hyprefill,256/256/256,graph,4,47.6504,14.7758,47.7084,47.6504,
50,32,524288,2048,hyprefill,256/256/256,graph,5,47.0910,15.0503,47.1423,47.0910,
50,32,524288,2048,hyprefill,256/256/256,graph,6,47.8492,13.7092,47.8945,47.8492,
50,32,524288,2048,hyprefill,256/256/256,graph,7,47.3828,15.0503,47.4308,47.3828,
50,32,524288,2048,hyprefill,256/256/256,graph,8,47.0679,14.7758,47.1183,47.0679,
50,32,524288,2048,hyprefill,256/256/256,graph,9,47.1200,15.0503,47.1762,47.1200,
50,32,524288,2048,hyprefill,256/256/256,graph,10,47.0962,15.0503,47.1613,47.0962,
50,32,524288,2048,hyprefill,256/256/256,graph,11,47.3839,15.0503,47.4421,47.3839,
50,32,524288,2048,hyprefill,256/256/256,graph,12,47.2606,15.0503,47.3102,47.2606,
50,32,524288,2048,hyprefill,256/256/256,graph,13,47.0500,14.5012,47.0972,47.0500,
50,32,524288,2048,hyprefill,256/256/256,graph,14,46.8140,15.0503,46.8606,46.8140,
50,32,524288,2048,hyprefill,256/256/256,graph,15,48.5213,14.2584,48.5667,48.5213,
50,32,524288,2048,hyprefill,256/256/256,graph,16,47.4051,14.5012,47.4907,47.4051,
50,32,524288,2048,hyprefill,256/256/256,graph,17,47.3197,15.3249,47.3711,47.3197,
50,32,524288,2048,hyprefill,256/256/256,graph,18,47.2583,14.7758,47.3040,47.2583,
50,32,524288,2048,hyprefill,256/256/256,graph,19,47.4347,15.3249,47.4869,47.4347,
50,32,524288,2048,hyprefill,256/256/256,graph,20,47.0961,15.0503,47.1415,47.0961,
50,32,524288,2048,hyprefill,256/256/256,graph,21,47.3768,15.3249,47.4245,47.3768,
50,32,524288,2048,hyprefill,256/256/256,graph,22,47.0725,15.0503,47.1163,47.0725,
50,32,524288,2048,hyprefill,256/256/256,graph,23,47.8997,14.2584,47.9616,47.8997,
50,32,524288,2048,hyprefill,256/256/256,graph,24,47.1225,14.2266,47.1772,47.1225,
50,32,524288,2048,hyprefill,256/256/256,graph,25,47.1475,15.5995,47.1937,47.1475,
50,32,524288,2048,hyprefill,256/256/256,graph,26,46.8113,14.7758,46.8584,46.8113,
50,32,524288,2048,hyprefill,256/256/256,graph,27,48.2176,14.8076,48.2659,48.2176,
50,32,524288,2048,hyprefill,256/256/256,graph,28,46.9468,14.5012,46.9963,46.9468,
50,32,524288,2048,hyprefill,256/256/256,graph,29,47.2596,15.3249,47.3083,47.2596,
50,32,524288,2048,hyprefill,256/256/256,graph,30,46.9279,14.7758,46.9792,46.9279,
50,32,524288,2048,hyprefill,256/256/256,graph,31,47.1570,15.0503,47.2023,47.1570,
50,32,524288,2048,hyprefill,256/256/256,graph,32,47.2750,15.0503,47.3196,47.2750,
50,32,524288,2048,hyprefill,256/256/256,graph,33,48.2550,14.5330,48.3097,48.2550,
50,32,524288,2048,hyprefill,256/256/256,graph,34,47.2171,14.2266,47.2636,47.2171,
50,32,524288,2048,hyprefill,256/256/256,graph,35,47.0700,15.3249,47.1149,47.0700,
50,32,524288,2048,hyprefill,256/256/256,graph,36,47.7705,15.0503,47.8149,47.7705,
50,32,524288,2048,hyprefill,256/256/256,graph,37,47.2339,15.3249,47.2843,47.2339,
50,32,524288,2048,hyprefill,256/256/256,graph,38,48.6424,14.8076,48.6949,48.6424,
50,32,524288,2048,hyprefill,256/256/256,graph,39,47.1198,14.7758,47.1731,47.1198,
50,32,524288,2048,hyprefill,256/256/256,graph,40,47.5047,15.3249,47.5520,47.5047,
50,32,524288,2048,hyprefill,256/256/256,graph,41,47.3097,14.7758,47.3601,47.3097,
50,32,524288,2048,hyprefill,256/256/256,graph,42,47.4479,15.3249,47.5002,47.4479,
50,32,524288,2048,hyprefill,256/256/256,graph,43,46.7151,14.5012,46.7666,46.7151,
50,32,524288,2048,hyprefill,256/256/256,graph,44,47.1181,14.7758,47.1754,47.1181,
50,32,524288,2048,hyprefill,256/256/256,graph,45,47.1444,14.7758,47.1955,47.1444,
50,32,524288,2048,hyprefill,256/256/256,graph,46,47.7381,14.2584,47.7854,47.7381,
50,32,524288,2048,hyprefill,256/256/256,graph,47,47.2188,15.0503,47.2711,47.2188,
50,32,524288,2048,hyprefill,256/256/256,graph,48,47.3417,15.3249,47.3939,47.3417,
50,32,524288,2048,hyprefill,256/256/256,graph,49,47.4573,15.0503,47.5210,47.4573,
50,32,524288,2048,hyprefill,256/256/256,graph,50,47.6042,15.3249,47.6554,47.6042,
50,32,524288,2048,hyprefill,256/256/256,graph,51,47.0751,15.0503,47.1259,47.0751,
50,32,524288,2048,hyprefill,256/256/256,graph,52,47.2436,15.3249,47.2886,47.2436,
50,32,524288,2048,hyprefill,256/256/256,graph,53,47.3556,14.7758,47.4165,47.3556,
50,32,524288,2048,hyprefill,256/256/256,graph,54,47.2092,15.0503,47.2613,47.2092,
50,32,524288,2048,hyprefill,256/256/256,graph,55,46.8851,14.7758,46.9692,46.8851,
50,32,524288,2048,hyprefill,256/256/256,graph,56,48.4722,14.8076,48.5278,48.4722,
50,32,524288,2048,hyprefill,256/256/256,graph,57,46.7964,14.2266,46.8592,46.7964,
50,32,524288,2048,hyprefill,256/256/256,graph,58,47.2878,15.3249,47.3394,47.2878,
50,32,524288,2048,hyprefill,256/256/256,graph,59,47.2593,15.0503,47.3082,47.2593,
50,32,524288,2048,hyprefill,256/256/256,graph,60,47.3448,15.3249,47.3940,47.3448,
50,32,524288,2048,hyprefill,256/256/256,graph,61,47.3517,15.0503,47.4122,47.3517,
50,32,524288,2048,hyprefill,256/256/256,graph,62,47.5032,15.3249,47.5622,47.5032,
50,32,524288,2048,hyprefill,256/256/256,graph,63,47.1126,15.0503,47.1725,47.1126,
50,32,524288,2048,hyprefill,256/256/256,graph,64,47.3568,15.0503,47.4035,47.3568,
50,32,524288,2048,hyprefill,256/256/256,graph,65,46.9156,15.0503,46.9658,46.9156,
50,32,524288,2048,hyprefill,256/256/256,graph,66,47.4729,15.0503,47.5239,47.4729,
50,32,524288,2048,hyprefill,256/256/256,graph,67,47.4316,15.0503,47.4825,47.4316,
50,32,524288,2048,hyprefill,256/256/256,graph,68,48.2611,14.2584,48.3136,48.2611,
50,32,524288,2048,hyprefill,256/256/256,graph,69,47.3832,15.0503,47.4337,47.3832,
50,32,524288,2048,hyprefill,256/256/256,graph,70,46.8782,15.0503,46.9249,46.8782,
50,32,524288,2048,hyprefill,256/256/256,graph,71,47.2165,14.5012,47.2630,47.2165,
50,32,524288,2048,hyprefill,256/256/256,graph,72,47.2783,15.3249,47.3268,47.2783,
50,32,524288,2048,hyprefill,256/256/256,graph,73,47.3599,15.0503,47.4172,47.3599,
50,32,524288,2048,hyprefill,256/256/256,graph,74,47.1733,15.3249,47.2241,47.1733,
50,32,524288,2048,hyprefill,256/256/256,graph,75,47.5668,15.0503,47.6130,47.5668,
50,32,524288,2048,hyprefill,256/256/256,graph,76,47.0218,15.0503,47.0673,47.0218,
50,32,524288,2048,hyprefill,256/256/256,graph,77,47.2281,15.0503,47.2739,47.2281,
50,32,524288,2048,hyprefill,256/256/256,graph,78,47.1899,15.0503,47.2363,47.1899,
50,32,524288,2048,hyprefill,256/256/256,graph,79,48.0710,14.2584,48.1157,48.0710,
50,32,524288,2048,hyprefill,256/256/256,graph,80,47.2540,14.7758,47.3062,47.2540,
50,32,524288,2048,hyprefill,256/256/256,graph,81,47.2731,15.3249,47.3240,47.2731,
50,32,524288,2048,hyprefill,256/256/256,graph,82,47.4823,14.5012,47.5341,47.4823,
50,32,524288,2048,hyprefill,256/256/256,graph,83,47.4522,15.3249,47.5029,47.4522,
50,32,524288,2048,hyprefill,256/256/256,graph,84,47.0838,14.5012,47.1326,47.0838,
50,32,524288,2048,hyprefill,256/256/256,graph,85,46.9713,15.3249,47.0209,46.9713,
50,32,524288,2048,hyprefill,256/256/256,graph,86,47.8107,14.7758,47.8646,47.8107,
50,32,524288,2048,hyprefill,256/256/256,graph,87,48.1340,14.2584,48.1872,48.1340,
50,32,524288,2048,hyprefill,256/256/256,graph,88,47.1437,14.7758,47.2012,47.1437,
50,32,524288,2048,hyprefill,256/256/256,graph,89,47.1571,15.3249,47.2049,47.1571,
50,32,524288,2048,hyprefill,256/256/256,graph,90,46.9150,14.5012,46.9686,46.9150,
50,32,524288,2048,hyprefill,256/256/256,graph,91,46.9764,15.0503,47.0229,46.9764,
50,32,524288,2048,hyprefill,256/256/256,graph,92,46.6162,15.0503,46.6678,46.6162,
50,32,524288,2048,hyprefill,256/256/256,graph,93,47.3162,14.7758,47.3694,47.3162,
50,32,524288,2048,hyprefill,256/256/256,graph,94,46.7763,14.7758,46.8456,46.7763,
50,32,524288,2048,hyprefill,256/256/256,graph,95,47.8030,14.2584,47.8634,47.8030,
50,32,524288,2048,hyprefill,256/256/256,graph,96,47.1280,14.5012,47.1800,47.1280,
50,32,524288,2048,hyprefill,256/256/256,graph,97,46.9701,15.3249,47.0183,46.9701,
50,32,524288,2048,hyprefill,256/256/256,graph,98,47.0271,14.7758,47.0793,47.0271,
50,32,524288,2048,hyprefill,256/256/256,graph,99,47.0421,15.3249,47.0970,47.0421,
50,32,524288,2048,hyprefill,256/256/256,graph,100,46.8934,14.7758,46.9589,46.8934,
50,32,524288,2048,hyprefill,256/256/256,graph,101,47.1564,15.3249,47.2024,47.1564,
50,32,524288,2048,hyprefill,256/256/256,graph,102,47.0941,14.5012,47.1505,47.0941,
50,32,524288,2048,hyprefill,256/256/256,graph,103,47.7323,13.9838,47.7826,47.7323,
50,32,524288,2048,hyprefill,256/256/256,graph,104,47.4655,14.5012,47.5185,47.4655,
50,32,524288,2048,hyprefill,256/256/256,graph,105,47.2298,15.0503,47.2826,47.2298,
50,32,524288,2048,hyprefill,256/256/256,graph,106,47.3408,14.7758,47.3912,47.3408,
50,32,524288,2048,hyprefill,256/256/256,graph,107,47.0316,15.0503,47.0744,47.0316,
50,32,524288,2048,hyprefill,256/256/256,graph,108,47.2230,15.0503,47.2762,47.2230,
50,32,524288,2048,hyprefill,256/256/256,graph,109,47.0109,15.0503,47.0601,47.0109,
50,32,524288,2048,hyprefill,256/256/256,graph,110,47.6606,15.0503,47.7083,47.6606,
50,32,524288,2048,hyprefill,256/256/256,graph,111,46.8697,14.7758,46.9225,46.8697,
50,32,524288,2048,hyprefill,256/256/256,graph,112,48.5550,14.5330,48.6104,48.5550,
50,32,524288,2048,hyprefill,256/256/256,graph,113,47.4600,14.5012,47.5102,47.4600,
50,32,524288,2048,hyprefill,256/256/256,graph,114,47.2331,15.3249,47.2814,47.2331,
50,32,524288,2048,hyprefill,256/256/256,graph,115,47.2037,14.7758,47.2496,47.2037,
50,32,524288,2048,hyprefill,256/256/256,graph,116,47.0213,15.3249,47.0702,47.0213,
50,32,524288,2048,hyprefill,256/256/256,graph,117,47.2949,15.0503,47.3527,47.2949,
50,32,524288,2048,hyprefill,256/256/256,graph,118,47.6839,15.3249,47.7432,47.6839,
50,32,524288,2048,hyprefill,256/256/256,graph,119,47.2331,15.0503,47.2897,47.2331,
50,32,524288,2048,hyprefill,256/256/256,graph,120,47.3930,15.0503,47.4459,47.3930,
50,32,524288,2048,hyprefill,256/256/256,graph,121,47.8638,13.7092,47.9152,47.8638,
50,32,524288,2048,hyprefill,256/256/256,graph,122,47.2580,15.3249,47.3079,47.2580,
50,32,524288,2048,hyprefill,256/256/256,graph,123,46.7616,14.5012,46.8188,46.7616,
50,32,524288,2048,hyprefill,256/256/256,graph,124,47.1401,15.0503,47.1905,47.1401,
50,32,524288,2048,hyprefill,256/256/256,graph,125,46.8946,15.0503,46.9445,46.8946,
50,32,524288,2048,hyprefill,256/256/256,graph,126,48.2670,14.2584,48.3272,48.2670,
50,32,524288,2048,hyprefill,256/256/256,graph,127,46.7757,15.3249,46.8271,46.7757,
50,32,524288,2048,hyprefill,256/256/256,graph,128,47.3392,14.7758,47.3889,47.3392,
50,32,524288,2048,hyprefill,256/256/256,graph,129,46.8793,15.0503,46.9272,46.8793,
50,32,524288,2048,hyprefill,256/256/256,graph,130,48.1996,14.2584,48.2515,48.1996,
50,32,524288,2048,hyprefill,256/256/256,graph,131,47.3851,14.5012,47.4332,47.3851,
50,32,524288,2048,hyprefill,256/256/256,graph,132,46.9856,15.8741,47.0382,46.9856,
50,32,524288,2048,hyprefill,256/256/256,graph,133,47.2154,14.5012,47.3008,47.2154,
50,32,524288,2048,hyprefill,256/256/256,graph,134,47.2598,15.5995,47.3177,47.2598,
50,32,524288,2048,hyprefill,256/256/256,graph,135,47.0589,14.7758,47.1277,47.0589,
50,32,524288,2048,hyprefill,256/256/256,graph,136,47.3460,15.0503,47.3939,47.3460,
50,32,524288,2048,hyprefill,256/256/256,graph,137,46.8788,14.7758,46.9266,46.8788,
50,32,524288,2048,hyprefill,256/256/256,graph,138,46.9430,14.7758,46.9917,46.9430,
50,32,524288,2048,hyprefill,256/256/256,graph,139,46.5593,15.0503,46.6068,46.5593,
50,32,524288,2048,hyprefill,256/256/256,graph,140,47.6023,15.0503,47.6586,47.6023,
50,32,524288,2048,hyprefill,256/256/256,graph,141,47.2220,15.0503,47.2743,47.2220,
50,32,524288,2048,hyprefill,256/256/256,graph,142,46.9156,14.7758,46.9634,46.9156,
50,32,524288,2048,hyprefill,256/256/256,graph,143,47.1206,14.5012,47.1664,47.1206,
50,32,524288,2048,hyprefill,256/256/256,graph,144,46.9501,15.0503,47.0050,46.9501,
50,32,524288,2048,hyprefill,256/256/256,graph,145,47.3108,15.0503,47.3616,47.3108,
50,32,524288,2048,hyprefill,256/256/256,graph,146,47.6512,15.0503,47.6980,47.6512,
50,32,524288,2048,hyprefill,256/256/256,graph,147,47.1427,15.0503,47.1886,47.1427,
50,32,524288,2048,hyprefill,256/256/256,graph,148,47.4056,15.0503,47.4549,47.4056,
50,32,524288,2048,hyprefill,256/256/256,graph,149,47.8764,14.2584,47.9293,47.8764,
50,32,524288,2048,hyprefill,256/256/256,graph,150,47.2475,15.0503,47.3010,47.2475,
50,32,524288,2048,hyprefill,256/256/256,graph,151,47.3928,15.3249,47.4450,47.3928,
50,32,524288,2048,hyprefill,256/256/256,graph,152,47.3711,14.7758,47.4208,47.3711,
50,32,524288,2048,hyprefill,256/256/256,graph,153,48.1224,15.0822,48.1729,48.1224,
50,32,524288,2048,hyprefill,256/256/256,graph,154,47.3010,14.2266,47.3461,47.3010,
50,32,524288,2048,hyprefill,256/256/256,graph,155,47.4006,15.5995,47.4522,47.4006,
50,32,524288,2048,hyprefill,256/256/256,graph,156,47.4431,14.7758,47.4945,47.4431,
50,32,524288,2048,hyprefill,256/256/256,graph,157,47.4288,15.3249,47.4857,47.4288,
50,32,524288,2048,hyprefill,256/256/256,graph,158,47.0059,15.0503,47.0658,47.0059,
50,32,524288,2048,hyprefill,256/256/256,graph,159,47.7022,15.3249,47.7513,47.7022,
50,32,524288,2048,hyprefill,256/256/256,graph,160,46.9924,15.0503,47.0437,46.9924,
50,32,524288,2048,hyprefill,256/256/256,graph,161,47.3029,14.7758,47.3543,47.3029,
50,32,524288,2048,hyprefill,256/256/256,graph,162,46.9819,15.0503,47.0332,46.9819,
50,32,524288,2048,hyprefill,256/256/256,graph,163,47.1825,14.7758,47.2290,47.1825,
50,32,524288,2048,hyprefill,256/256/256,graph,164,46.7756,15.0503,46.8288,46.7756,
50,32,524288,2048,hyprefill,256/256/256,graph,165,47.7024,15.0503,47.7573,47.7024,
50,32,524288,2048,hyprefill,256/256/256,graph,166,47.2419,14.7758,47.2893,47.2419,
50,32,524288,2048,hyprefill,256/256/256,graph,167,47.3535,15.0503,47.4078,47.3535,
50,32,524288,2048,hyprefill,256/256/256,graph,168,47.0201,14.7758,47.0722,47.0201,
50,32,524288,2048,hyprefill,256/256/256,graph,169,47.1950,15.0503,47.2465,47.1950,
50,32,524288,2048,hyprefill,256/256/256,graph,170,46.8093,14.7758,46.8573,46.8093,
50,32,524288,2048,hyprefill,256/256/256,graph,171,47.9184,14.2584,47.9774,47.9184,
50,32,524288,2048,hyprefill,256/256/256,graph,172,46.8479,14.7758,46.8935,46.8479,
50,32,524288,2048,hyprefill,256/256/256,graph,173,47.1596,15.3249,47.2050,47.1596,
50,32,524288,2048,hyprefill,256/256/256,graph,174,46.9948,14.7758,47.0443,46.9948,
50,32,524288,2048,hyprefill,256/256/256,graph,175,47.3984,15.3249,47.4489,47.3984,
50,32,524288,2048,hyprefill,256/256/256,graph,176,46.9884,15.0503,47.0356,46.9884,
50,32,524288,2048,hyprefill,256/256/256,graph,177,47.3721,15.0503,47.4442,47.3721,
50,32,524288,2048,hyprefill,256/256/256,graph,178,47.1292,15.0503,47.1844,47.1292,
50,32,524288,2048,hyprefill,256/256/256,graph,179,47.0865,14.5012,47.1511,47.0865,
50,32,524288,2048,hyprefill,256/256/256,graph,180,46.8989,15.0503,46.9530,46.8989,
50,32,524288,2048,hyprefill,256/256/256,graph,181,48.8293,13.9838,48.8794,48.8293,
50,32,524288,2048,hyprefill,256/256/256,graph,182,47.3053,15.0503,47.3529,47.3053,
50,32,524288,2048,hyprefill,256/256/256,graph,183,47.3518,14.7758,47.4081,47.3518,
50,32,524288,2048,hyprefill,256/256/256,graph,184,46.9228,15.0503,46.9777,46.9228,
50,32,524288,2048,hyprefill,256/256/256,graph,185,47.0149,15.3249,47.0621,47.0149,
50,32,524288,2048,hyprefill,256/256/256,graph,186,47.2545,14.7758,47.3066,47.2545,
50,32,524288,2048,hyprefill,256/256/256,graph,187,47.2473,15.3249,47.2916,47.2473,
50,32,524288,2048,hyprefill,256/256/256,graph,188,47.2251,14.5012,47.2792,47.2251,
50,32,524288,2048,hyprefill,256/256/256,graph,189,47.6256,13.9838,47.6728,47.6256,
50,32,524288,2048,hyprefill,256/256/256,graph,190,47.0504,14.7758,49.3631,47.0504,
50,32,524288,2048,hyprefill,256/256/256,graph,191,46.8467,14.5012,46.9001,46.8467,
50,32,524288,2048,hyprefill,256/256/256,graph,192,47.1707,14.7758,47.2185,47.1707,
50,32,524288,2048,hyprefill,256/256/256,graph,193,46.9639,15.3249,47.0113,46.9639,
50,32,524288,2048,hyprefill,256/256/256,graph,194,47.3230,15.0503,47.3789,47.3230,
50,32,524288,2048,hyprefill,256/256/256,graph,195,47.0019,15.3249,47.0488,47.0019,
50,32,524288,2048,hyprefill,256/256/256,graph,196,47.3129,15.0503,47.3592,47.3129,
50,32,524288,2048,hyprefill,256/256/256,graph,197,46.9737,14.7758,47.0203,46.9737,
50,32,524288,2048,hyprefill,256/256/256,graph,198,47.3560,14.7758,47.4120,47.3560,
50,32,524288,2048,hyprefill,256/256/256,graph,199,47.0001,14.7758,47.0613,47.0001,
50,32,524288,2048,hyprefill,512/512/512,graph,0,45.4694,14.1947,45.5239,45.4694,
50,32,524288,2048,hyprefill,512/512/512,graph,1,46.3164,14.1947,46.3443,46.3164,
50,32,524288,2048,hyprefill,512/512/512,graph,2,47.8804,14.1947,47.9067,47.8804,
50,32,524288,2048,hyprefill,512/512/512,graph,3,47.5330,14.1947,47.5562,47.5330,
50,32,524288,2048,hyprefill,512/512/512,graph,4,47.3556,14.1947,47.3740,47.3556,
50,32,524288,2048,hyprefill,512/512/512,graph,5,47.3793,14.1947,47.3990,47.3793,
50,32,524288,2048,hyprefill,512/512/512,graph,6,47.4495,14.1947,47.4706,47.4495,
50,32,524288,2048,hyprefill,512/512/512,graph,7,47.5675,14.1947,47.5875,47.5675,
50,32,524288,2048,hyprefill,512/512/512,graph,8,47.6145,14.1947,47.6345,47.6145,
50,32,524288,2048,hyprefill,512/512/512,graph,9,48.3153,14.1947,48.3378,48.3153,
50,32,524288,2048,hyprefill,512/512/512,graph,10,47.7414,14.1947,47.7604,47.7414,
50,32,524288,2048,hyprefill,512/512/512,graph,11,47.6517,14.1947,47.6719,47.6517,
50,32,524288,2048,hyprefill,512/512/512,graph,12,48.0315,14.1947,48.0540,48.0315,
50,32,524288,2048,hyprefill,512/512/512,graph,13,47.7638,14.1947,47.7826,47.7638,
50,32,524288,2048,hyprefill,512/512/512,graph,14,47.5409,14.1947,47.5621,47.5409,
50,32,524288,2048,hyprefill,512/512/512,graph,15,47.6404,14.1947,47.6747,47.6404,
50,32,524288,2048,hyprefill,512/512/512,graph,16,48.4924,14.1947,48.5622,48.4924,
50,32,524288,2048,hyprefill,512/512/512,graph,17,50.6972,14.1947,50.7704,50.6972,
50,32,524288,2048,hyprefill,512/512/512,graph,18,55.2498,14.1947,55.2906,55.2498,
50,32,524288,2048,hyprefill,512/512/512,graph,19,52.6383,14.1947,52.6580,52.6383,
50,32,524288,2048,hyprefill,512/512/512,graph,20,50.2146,14.1947,50.2347,50.2146,
50,32,524288,2048,hyprefill,512/512/512,graph,21,48.6584,14.1947,48.6767,48.6584,
50,32,524288,2048,hyprefill,512/512/512,graph,22,47.6069,14.1947,47.6238,47.6069,
50,32,524288,2048,hyprefill,512/512/512,graph,23,47.8002,14.1947,47.8206,47.8002,
50,32,524288,2048,hyprefill,512/512/512,graph,24,47.6030,14.1947,47.6331,47.6030,
50,32,524288,2048,hyprefill,512/512/512,graph,25,48.0451,14.1947,48.0628,48.0451,
50,32,524288,2048,hyprefill,512/512/512,graph,26,47.7264,14.1947,47.7450,47.7264,
50,32,524288,2048,hyprefill,512/512/512,graph,27,47.4263,14.1947,47.4444,47.4263,
50,32,524288,2048,hyprefill,512/512/512,graph,28,47.8827,14.1947,47.9009,47.8827,
50,32,524288,2048,hyprefill,512/512/512,graph,29,48.0420,14.1947,48.0593,48.0420,
50,32,524288,2048,hyprefill,512/512/512,graph,30,47.9240,14.1947,47.9416,47.9240,
50,32,524288,2048,hyprefill,512/512/512,graph,31,47.9507,14.1947,47.9681,47.9507,
50,32,524288,2048,hyprefill,512/512/512,graph,32,48.0924,14.1947,48.1096,48.0924,
50,32,524288,2048,hyprefill,512/512/512,graph,33,48.0440,14.1947,48.0612,48.0440,
50,32,524288,2048,hyprefill,512/512/512,graph,34,47.9294,14.1947,47.9471,47.9294,
50,32,524288,2048,hyprefill,512/512/512,graph,35,48.1653,14.1947,48.1821,48.1653,
50,32,524288,2048,hyprefill,512/512/512,graph,36,49.5116,14.1947,49.5292,49.5116,
50,32,524288,2048,hyprefill,512/512/512,graph,37,49.7891,14.1947,49.8087,49.7891,
50,32,524288,2048,hyprefill,512/512/512,graph,38,50.5926,14.1947,50.6148,50.5926,
50,32,524288,2048,hyprefill,512/512/512,graph,39,50.4910,14.1947,50.5136,50.4910,
50,32,524288,2048,hyprefill,512/512/512,graph,40,49.6745,14.1947,49.6945,49.6745,
50,32,524288,2048,hyprefill,512/512/512,graph,41,49.1829,14.1947,49.2023,49.1829,
50,32,524288,2048,hyprefill,512/512/512,graph,42,48.5871,14.1947,48.6042,48.5871,
50,32,524288,2048,hyprefill,512/512/512,graph,43,48.4780,14.1947,48.4947,48.4780,
50,32,524288,2048,hyprefill,512/512/512,graph,44,48.2772,14.1947,48.2950,48.2772,
50,32,524288,2048,hyprefill,512/512/512,graph,45,48.1107,14.1947,48.1275,48.1107,
50,32,524288,2048,hyprefill,512/512/512,graph,46,48.1033,14.1947,48.1203,48.1033,
50,32,524288,2048,hyprefill,512/512/512,graph,47,47.8609,14.1947,47.8775,47.8609,
50,32,524288,2048,hyprefill,512/512/512,graph,48,47.2889,14.1947,47.3054,47.2889,
50,32,524288,2048,hyprefill,512/512/512,graph,49,47.5862,14.1947,47.6038,47.5862,
50,32,524288,2048,hyprefill,512/512/512,graph,50,47.6131,14.1947,47.6399,47.6131,
50,32,524288,2048,hyprefill,512/512/512,graph,51,48.0320,14.1947,48.0566,48.0320,
50,32,524288,2048,hyprefill,512/512/512,graph,52,48.3679,14.1947,48.3885,48.3679,
50,32,524288,2048,hyprefill,512/512/512,graph,53,47.7083,14.1947,47.7260,47.7083,
50,32,524288,2048,hyprefill,512/512/512,graph,54,47.8993,14.1947,47.9155,47.8993,
50,32,524288,2048,hyprefill,512/512/512,graph,55,48.4810,14.1947,48.4980,48.4810,
50,32,524288,2048,hyprefill,512/512/512,graph,56,49.1587,14.1947,49.1770,49.1587,
50,32,524288,2048,hyprefill,512/512/512,graph,57,49.6606,14.1947,49.6779,49.6606,
50,32,524288,2048,hyprefill,512/512/512,graph,58,50.1179,14.1947,50.1349,50.1179,
50,32,524288,2048,hyprefill,512/512/512,graph,59,49.2180,14.1947,49.2351,49.2180,
50,32,524288,2048,hyprefill,512/512/512,graph,60,49.6503,14.1947,49.6730,49.6503,
50,32,524288,2048,hyprefill,512/512/512,graph,61,49.4962,14.1947,49.5182,49.4962,
50,32,524288,2048,hyprefill,512/512/512,graph,62,49.3183,14.1947,49.3373,49.3183,
50,32,524288,2048,hyprefill,512/512/512,graph,63,48.7683,14.1947,48.7872,48.7683,
50,32,524288,2048,hyprefill,512/512/512,graph,64,48.5676,14.1947,48.5918,48.5676,
50,32,524288,2048,hyprefill,512/512/512,graph,65,48.2467,14.1947,48.2800,48.2467,
50,32,524288,2048,hyprefill,512/512/512,graph,66,48.0614,14.1947,48.0790,48.0614,
50,32,524288,2048,hyprefill,512/512/512,graph,67,47.8574,14.1947,47.8753,47.8574,
50,32,524288,2048,hyprefill,512/512/512,graph,68,47.9160,14.1947,47.9340,47.9160,
50,32,524288,2048,hyprefill,512/512/512,graph,69,47.1827,14.1947,47.1993,47.1827,
50,32,524288,2048,hyprefill,512/512/512,graph,70,47.8217,14.1947,47.8389,47.8217,
50,32,524288,2048,hyprefill,512/512/512,graph,71,48.3143,14.1947,48.3321,48.3143,
50,32,524288,2048,hyprefill,512/512/512,graph,72,48.3247,14.1947,48.3440,48.3247,
50,32,524288,2048,hyprefill,512/512/512,graph,73,47.5925,14.1947,47.6092,47.5925,
50,32,524288,2048,hyprefill,512/512/512,graph,74,47.3817,14.1947,47.4041,47.3817,
50,32,524288,2048,hyprefill,512/512/512,graph,75,48.8731,14.1947,48.8919,48.8731,
50,32,524288,2048,hyprefill,512/512/512,graph,76,48.9791,14.1947,48.9990,48.9791,
50,32,524288,2048,hyprefill,512/512/512,graph,77,48.8016,14.1947,48.8408,48.8016,
50,32,524288,2048,hyprefill,512/512/512,graph,78,48.9336,14.1947,48.9937,48.9336,
50,32,524288,2048,hyprefill,512/512/512,graph,79,49.4710,14.1947,49.5133,49.4710,
50,32,524288,2048,hyprefill,512/512/512,graph,80,49.4055,14.1947,49.4273,49.4055,
50,32,524288,2048,hyprefill,512/512/512,graph,81,49.0473,14.1947,49.0739,49.0473,
50,32,524288,2048,hyprefill,512/512/512,graph,82,49.1651,14.1947,49.1859,49.1651,
50,32,524288,2048,hyprefill,512/512/512,graph,83,49.2059,14.1947,49.2293,49.2059,
50,32,524288,2048,hyprefill,512/512/512,graph,84,48.7374,14.1947,48.7545,48.7374,
50,32,524288,2048,hyprefill,512/512/512,graph,85,48.8049,14.1947,48.8219,48.8049,
50,32,524288,2048,hyprefill,512/512/512,graph,86,48.5209,14.1947,48.5397,48.5209,
50,32,524288,2048,hyprefill,512/512/512,graph,87,48.5013,14.1947,48.5252,48.5013,
50,32,524288,2048,hyprefill,512/512/512,graph,88,47.9643,14.1947,47.9874,47.9643,
50,32,524288,2048,hyprefill,512/512/512,graph,89,47.3260,14.1947,47.3457,47.3260,
50,32,524288,2048,hyprefill,512/512/512,graph,90,47.6479,14.1947,47.6664,47.6479,
50,32,524288,2048,hyprefill,512/512/512,graph,91,48.4603,14.1947,48.4779,48.4603,
50,32,524288,2048,hyprefill,512/512/512,graph,92,47.9255,14.1947,47.9421,47.9255,
50,32,524288,2048,hyprefill,512/512/512,graph,93,48.0340,14.1947,48.0517,48.0340,
50,32,524288,2048,hyprefill,512/512/512,graph,94,48.2167,14.1947,48.2343,48.2167,
50,32,524288,2048,hyprefill,512/512/512,graph,95,48.1104,14.1947,48.1294,48.1104,
50,32,524288,2048,hyprefill,512/512/512,graph,96,48.6458,14.1947,48.6623,48.6458,
50,32,524288,2048,hyprefill,512/512/512,graph,97,48.8024,14.1947,48.8188,48.8024,
50,32,524288,2048,hyprefill,512/512/512,graph,98,48.7983,14.1947,48.8152,48.7983,
50,32,524288,2048,hyprefill,512/512/512,graph,99,49.7294,14.1947,49.7460,49.7294,
50,32,524288,2048,hyprefill,512/512/512,graph,100,49.0518,14.1947,49.0686,49.0518,
50,32,524288,2048,hyprefill,512/512/512,graph,101,48.9416,14.1947,48.9593,48.9416,
50,32,524288,2048,hyprefill,512/512/512,graph,102,49.2887,14.1947,49.3065,49.2887,
50,32,524288,2048,hyprefill,512/512/512,graph,103,49.4511,14.1947,49.4722,49.4511,
50,32,524288,2048,hyprefill,512/512/512,graph,104,48.2401,14.1947,48.2640,48.2401,
50,32,524288,2048,hyprefill,512/512/512,graph,105,48.4321,14.1947,48.4553,48.4321,
50,32,524288,2048,hyprefill,512/512/512,graph,106,48.7399,14.1947,48.7591,48.7399,
50,32,524288,2048,hyprefill,512/512/512,graph,107,48.6847,14.1947,48.7032,48.6847,
50,32,524288,2048,hyprefill,512/512/512,graph,108,48.4541,14.1947,48.4724,48.4541,
50,32,524288,2048,hyprefill,512/512/512,graph,109,48.0816,14.1947,48.0987,48.0816,
50,32,524288,2048,hyprefill,512/512/512,graph,110,48.4334,14.1947,48.4545,48.4334,
50,32,524288,2048,hyprefill,512/512/512,graph,111,47.9928,14.1947,48.0387,47.9928,
50,32,524288,2048,hyprefill,512/512/512,graph,112,47.6116,14.1947,47.6759,47.6116,
50,32,524288,2048,hyprefill,512/512/512,graph,113,47.7391,14.1947,47.7956,47.7391,
50,32,524288,2048,hyprefill,512/512/512,graph,114,48.3906,14.1947,48.4558,48.3906,
50,32,524288,2048,hyprefill,512/512/512,graph,115,48.4237,14.1947,48.5049,48.4237,
50,32,524288,2048,hyprefill,512/512/512,graph,116,47.6901,14.1947,47.7543,47.6901,
50,32,524288,2048,hyprefill,512/512/512,graph,117,48.2680,14.1947,48.2878,48.2680,
50,32,524288,2048,hyprefill,512/512/512,graph,118,49.1293,14.1947,49.1481,49.1293,
50,32,524288,2048,hyprefill,512/512/512,graph,119,48.9598,14.1947,48.9761,48.9598,
50,32,524288,2048,hyprefill,512/512/512,graph,120,49.1648,14.1947,49.1826,49.1648,
50,32,524288,2048,hyprefill,512/512/512,graph,121,48.8897,14.1947,48.9077,48.8897,
50,32,524288,2048,hyprefill,512/512/512,graph,122,49.0739,14.1947,49.0911,49.0739,
50,32,524288,2048,hyprefill,512/512/512,graph,123,48.9399,14.1947,48.9568,48.9399,
50,32,524288,2048,hyprefill,512/512/512,graph,124,49.1086,14.1947,49.1257,49.1086,
50,32,524288,2048,hyprefill,512/512/512,graph,125,48.5079,14.1947,48.5252,48.5079,
50,32,524288,2048,hyprefill,512/512/512,graph,126,48.4159,14.1947,48.4317,48.4159,
50,32,524288,2048,hyprefill,512/512/512,graph,127,48.4627,14.1947,48.4787,48.4627,
50,32,524288,2048,hyprefill,512/512/512,graph,128,48.6508,14.1947,48.6689,48.6508,
50,32,524288,2048,hyprefill,512/512/512,graph,129,48.8113,14.1947,48.8294,48.8113,
50,32,524288,2048,hyprefill,512/512/512,graph,130,48.6291,14.1947,48.6567,48.6291,
50,32,524288,2048,hyprefill,512/512/512,graph,131,48.1916,14.1947,48.2105,48.1916,
50,32,524288,2048,hyprefill,512/512/512,graph,132,47.3839,14.1947,47.4025,47.3839,
50,32,524288,2048,hyprefill,512/512/512,graph,133,48.0533,14.1947,48.0732,48.0533,
50,32,524288,2048,hyprefill,512/512/512,graph,134,48.4091,14.1947,48.4270,48.4091,
50,32,524288,2048,hyprefill,512/512/512,graph,135,47.9739,14.1947,47.9901,47.9739,
50,32,524288,2048,hyprefill,512/512/512,graph,136,48.0427,14.1947,48.0576,48.0427,
50,32,524288,2048,hyprefill,512/512/512,graph,137,48.1969,14.1947,48.2140,48.1969,
50,32,524288,2048,hyprefill,512/512/512,graph,138,48.4322,14.1947,48.4484,48.4322,
50,32,524288,2048,hyprefill,512/512/512,graph,139,48.8638,14.1947,48.8800,48.8638,
50,32,524288,2048,hyprefill,512/512/512,graph,140,49.2700,14.1947,49.2867,49.2700,
50,32,524288,2048,hyprefill,512/512/512,graph,141,49.4099,14.1947,49.4278,49.4099,
50,32,524288,2048,hyprefill,512/512/512,graph,142,48.6302,14.1947,48.6477,48.6302,
50,32,524288,2048,hyprefill,512/512/512,graph,143,48.8281,14.1947,48.8437,48.8281,
50,32,524288,2048,hyprefill,512/512/512,graph,144,48.8985,14.1947,48.9147,48.8985,
50,32,524288,2048,hyprefill,512/512/512,graph,145,48.9522,14.1947,48.9680,48.9522,
50,32,524288,2048,hyprefill,512/512/512,graph,146,48.6023,14.1947,48.6169,48.6023,
50,32,524288,2048,hyprefill,512/512/512,graph,147,48.4660,14.1947,48.4812,48.4660,
50,32,524288,2048,hyprefill,512/512/512,graph,148,48.4659,14.1947,48.4830,48.4659,
50,32,524288,2048,hyprefill,512/512/512,graph,149,48.6514,14.1947,48.6702,48.6514,
50,32,524288,2048,hyprefill,512/512/512,graph,150,48.7059,14.1947,48.7203,48.7059,
50,32,524288,2048,hyprefill,512/512/512,graph,151,48.4624,14.1947,48.4794,48.4624,
50,32,524288,2048,hyprefill,512/512/512,graph,152,48.1117,14.1947,48.1354,48.1117,
50,32,524288,2048,hyprefill,512/512/512,graph,153,47.7016,14.1947,47.7491,47.7016,
50,32,524288,2048,hyprefill,512/512/512,graph,154,47.7874,14.1947,47.8114,47.7874,
50,32,524288,2048,hyprefill,512/512/512,graph,155,48.5948,14.1947,48.6139,48.5948,
50,32,524288,2048,hyprefill,512/512/512,graph,156,48.4100,14.1947,48.4296,48.4100,
50,32,524288,2048,hyprefill,512/512/512,graph,157,48.0807,14.1947,48.0993,48.0807,
50,32,524288,2048,hyprefill,512/512/512,graph,158,48.1595,14.1947,48.1758,48.1595,
50,32,524288,2048,hyprefill,512/512/512,graph,159,48.5531,14.1947,48.5769,48.5531,
50,32,524288,2048,hyprefill,512/512/512,graph,160,48.9984,14.1947,49.0151,48.9984,
50,32,524288,2048,hyprefill,512/512/512,graph,161,49.4503,14.1947,49.4671,49.4503,
50,32,524288,2048,hyprefill,512/512/512,graph,162,48.9893,14.1947,49.0076,48.9893,
50,32,524288,2048,hyprefill,512/512/512,graph,163,48.5327,14.1947,48.5500,48.5327,
50,32,524288,2048,hyprefill,512/512/512,graph,164,48.3553,14.1947,48.3732,48.3553,
50,32,524288,2048,hyprefill,512/512/512,graph,165,49.2561,14.1947,49.2751,49.2561,
50,32,524288,2048,hyprefill,512/512/512,graph,166,48.9088,14.1947,48.9266,48.9088,
50,32,524288,2048,hyprefill,512/512/512,graph,167,48.1656,14.1947,48.1840,48.1656,
50,32,524288,2048,hyprefill,512/512/512,graph,168,48.2412,14.1947,48.2583,48.2412,
50,32,524288,2048,hyprefill,512/512/512,graph,169,48.3858,14.1947,48.4026,48.3858,
50,32,524288,2048,hyprefill,512/512/512,graph,170,48.2874,14.1947,48.3040,48.2874,
50,32,524288,2048,hyprefill,512/512/512,graph,171,48.5671,14.1947,48.5834,48.5671,
50,32,524288,2048,hyprefill,512/512/512,graph,172,48.1533,14.1947,48.1681,48.1533,
50,32,524288,2048,hyprefill,512/512/512,graph,173,48.0934,14.1947,48.1098,48.0934,
50,32,524288,2048,hyprefill,512/512/512,graph,174,48.5198,14.1947,48.5370,48.5198,
50,32,524288,2048,hyprefill,512/512/512,graph,175,48.5338,14.1947,48.5511,48.5338,
50,32,524288,2048,hyprefill,512/512/512,graph,176,48.4610,14.1947,48.4789,48.4610,
50,32,524288,2048,hyprefill,512/512/512,graph,177,48.4672,14.1947,48.4879,48.4672,
50,32,524288,2048,hyprefill,512/512/512,graph,178,48.3556,14.1947,48.3745,48.3556,
50,32,524288,2048,hyprefill,512/512/512,graph,179,47.9112,14.1947,47.9306,47.9112,
50,32,524288,2048,hyprefill,512/512/512,graph,180,48.2320,14.1947,48.2493,48.2320,
50,32,524288,2048,hyprefill,512/512/512,graph,181,48.6252,14.1947,48.6417,48.6252,
50,32,524288,2048,hyprefill,512/512/512,graph,182,48.8462,14.1947,48.8629,48.8462,
50,32,524288,2048,hyprefill,512/512/512,graph,183,48.7405,14.1947,48.7571,48.7405,
50,32,524288,2048,hyprefill,512/512/512,graph,184,48.9357,14.1947,48.9525,48.9357,
50,32,524288,2048,hyprefill,512/512/512,graph,185,48.6702,14.1947,48.6871,48.6702,
50,32,524288,2048,hyprefill,512/512/512,graph,186,48.4930,14.1947,48.5093,48.4930,
50,32,524288,2048,hyprefill,512/512/512,graph,187,48.6618,14.1947,48.6786,48.6618,
50,32,524288,2048,hyprefill,512/512/512,graph,188,49.0104,14.1947,49.0278,49.0104,
50,32,524288,2048,hyprefill,512/512/512,graph,189,48.9936,14.1947,49.0102,48.9936,
50,32,524288,2048,hyprefill,512/512/512,graph,190,48.4456,14.1947,48.4601,48.4456,
50,32,524288,2048,hyprefill,512/512/512,graph,191,48.4209,14.1947,48.4547,48.4209,
50,32,524288,2048,hyprefill,512/512/512,graph,192,48.0244,14.1947,48.0978,48.0244,
50,32,524288,2048,hyprefill,512/512/512,graph,193,47.9511,14.1947,48.0163,47.9511,
50,32,524288,2048,hyprefill,512/512/512,graph,194,48.6294,14.1947,48.6781,48.6294,
50,32,524288,2048,hyprefill,512/512/512,graph,195,48.7904,14.1947,48.8111,48.7904,
50,32,524288,2048,hyprefill,512/512/512,graph,196,48.9313,14.1947,48.9524,48.9313,
50,32,524288,2048,hyprefill,512/512/512,graph,197,48.9245,14.1947,48.9431,48.9245,
50,32,524288,2048,hyprefill,512/512/512,graph,198,48.5422,14.1947,48.5614,48.5422,
50,32,524288,2048,hyprefill,512/512/512,graph,199,48.4922,14.1947,48.5112,48.4922,
100,32,524288,2048,chunked,256/256/256,graph,0,72.2512,23.6381,72.3112,72.2512,
100,32,524288,2048,chunked,256/256/256,graph,1,76.4400,23.6381,76.4782,76.4400,
100,32,524288,2048,chunked,256/256/256,graph,2,75.7135,23.6381,75.9513,75.7135,
100,32,524288,2048,chunked,256/256/256,graph,3,77.3229,23.6381,77.5911,77.3229,
100,32,524288,2048,chunked,256/256/256,graph,4,76.1742,23.6381,76.3378,76.1742,
100,32,524288,2048,chunked,256/256/256,graph,5,76.6830,23.6381,76.7317,76.6830,
100,32,524288,2048,chunked,256/256/256,graph,6,76.3758,23.6381,76.3947,76.3758,
100,32,524288,2048,chunked,256/256/256,graph,7,76.8569,23.6381,76.8753,76.8569,
100,32,524288,2048,chunked,256/256/256,graph,8,76.5403,23.6381,76.5597,76.5403,
100,32,524288,2048,chunked,256/256/256,graph,9,77.5914,23.6381,77.6111,77.5914,
100,32,524288,2048,chunked,256/256/256,graph,10,77.9668,23.6381,77.9871,77.9668,
100,32,524288,2048,chunked,256/256/256,graph,11,86.6647,23.6381,86.6845,86.6647,
100,32,524288,2048,chunked,256/256/256,graph,12,81.2843,23.6381,81.3034,81.2843,
100,32,524288,2048,chunked,256/256/256,graph,13,78.2922,23.6381,78.3102,78.2922,
100,32,524288,2048,chunked,256/256/256,graph,14,76.6359,23.6381,76.6542,76.6359,
100,32,524288,2048,chunked,256/256/256,graph,15,77.3385,23.6381,77.3573,77.3385,
100,32,524288,2048,chunked,256/256/256,graph,16,76.7261,23.6381,76.7445,76.7261,
100,32,524288,2048,chunked,256/256/256,graph,17,77.0272,23.6381,77.0459,77.0272,
100,32,524288,2048,chunked,256/256/256,graph,18,76.1807,23.6381,76.2014,76.1807,
100,32,524288,2048,chunked,256/256/256,graph,19,76.8134,23.6381,76.8326,76.8134,
100,32,524288,2048,chunked,256/256/256,graph,20,76.1640,23.6381,76.1820,76.1640,
100,32,524288,2048,chunked,256/256/256,graph,21,78.3583,23.6381,78.3762,78.3583,
100,32,524288,2048,chunked,256/256/256,graph,22,79.4408,23.6381,79.4605,79.4408,
100,32,524288,2048,chunked,256/256/256,graph,23,81.8881,23.6381,81.9091,81.8881,
100,32,524288,2048,chunked,256/256/256,graph,24,82.0904,23.6381,82.1109,82.0904,
100,32,524288,2048,chunked,256/256/256,graph,25,79.6823,23.6381,79.7090,79.6823,
100,32,524288,2048,chunked,256/256/256,graph,26,77.8518,23.6381,77.8798,77.8518,
100,32,524288,2048,chunked,256/256/256,graph,27,78.9817,23.6381,78.9993,78.9817,
100,32,524288,2048,chunked,256/256/256,graph,28,78.3140,23.6381,78.3308,78.3140,
100,32,524288,2048,chunked,256/256/256,graph,29,76.5737,23.6381,76.5903,76.5737,
100,32,524288,2048,chunked,256/256/256,graph,30,77.5286,23.6381,77.5451,77.5286,
100,32,524288,2048,chunked,256/256/256,graph,31,76.2742,23.6381,76.2918,76.2742,
100,32,524288,2048,chunked,256/256/256,graph,32,77.5537,23.6381,77.5751,77.5537,
100,32,524288,2048,chunked,256/256/256,graph,33,77.4627,23.6381,77.4826,77.4627,
100,32,524288,2048,chunked,256/256/256,graph,34,76.9628,23.6381,76.9823,76.9628,
100,32,524288,2048,chunked,256/256/256,graph,35,79.3654,23.6381,79.3827,79.3654,
100,32,524288,2048,chunked,256/256/256,graph,36,81.2664,23.6381,81.2843,81.2664,
100,32,524288,2048,chunked,256/256/256,graph,37,81.0428,23.6381,81.0643,81.0428,
100,32,524288,2048,chunked,256/256/256,graph,38,79.0668,23.6381,79.0943,79.0668,
100,32,524288,2048,chunked,256/256/256,graph,39,78.0832,23.6381,78.1038,78.0832,
100,32,524288,2048,chunked,256/256/256,graph,40,79.4677,23.6381,79.4860,79.4677,
100,32,524288,2048,chunked,256/256/256,graph,41,78.8616,23.6381,78.8780,78.8616,
100,32,524288,2048,chunked,256/256/256,graph,42,77.3940,23.6381,77.4109,77.3940,
100,32,524288,2048,chunked,256/256/256,graph,43,76.4781,23.6381,76.4949,76.4781,
100,32,524288,2048,chunked,256/256/256,graph,44,77.5086,23.6381,77.5247,77.5086,
100,32,524288,2048,chunked,256/256/256,graph,45,76.4344,23.6381,76.4511,76.4344,
100,32,524288,2048,chunked,256/256/256,graph,46,79.4590,23.6381,79.4766,79.4590,
100,32,524288,2048,chunked,256/256/256,graph,47,80.5515,23.6381,80.5692,80.5515,
100,32,524288,2048,chunked,256/256/256,graph,48,80.5316,23.6381,80.5485,80.5316,
100,32,524288,2048,chunked,256/256/256,graph,49,80.3094,23.6381,80.3288,80.3094,
100,32,524288,2048,chunked,256/256/256,graph,50,80.2761,23.6381,80.3107,80.2761,
100,32,524288,2048,chunked,256/256/256,graph,51,78.3333,23.6381,78.3833,78.3333,
100,32,524288,2048,chunked,256/256/256,graph,52,78.8885,23.6381,78.9074,78.8885,
100,32,524288,2048,chunked,256/256/256,graph,53,79.0939,23.6381,79.1158,79.0939,
100,32,524288,2048,chunked,256/256/256,graph,54,77.3085,23.6381,77.3285,77.3085,
100,32,524288,2048,chunked,256/256/256,graph,55,77.1845,23.6381,77.2023,77.1845,
100,32,524288,2048,chunked,256/256/256,graph,56,78.4622,23.6381,78.4799,78.4622,
100,32,524288,2048,chunked,256/256/256,graph,57,76.5525,23.6381,76.5707,76.5525,
100,32,524288,2048,chunked,256/256/256,graph,58,76.9246,23.6381,76.9434,76.9246,
100,32,524288,2048,chunked,256/256/256,graph,59,77.8143,23.6381,77.8311,77.8143,
100,32,524288,2048,chunked,256/256/256,graph,60,77.6743,23.6381,77.6920,77.6743,
100,32,524288,2048,chunked,256/256/256,graph,61,79.3854,23.6381,79.4039,79.3854,
100,32,524288,2048,chunked,256/256/256,graph,62,80.5506,23.6381,80.5692,80.5506,
100,32,524288,2048,chunked,256/256/256,graph,63,80.1662,23.6381,80.1854,80.1662,
100,32,524288,2048,chunked,256/256/256,graph,64,78.8932,23.6381,78.9119,78.8932,
100,32,524288,2048,chunked,256/256/256,graph,65,79.8785,23.6381,79.9016,79.8785,
100,32,524288,2048,chunked,256/256/256,graph,66,78.0537,23.6381,78.0762,78.0537,
100,32,524288,2048,chunked,256/256/256,graph,67,76.7242,23.6381,76.7418,76.7242,
100,32,524288,2048,chunked,256/256/256,graph,68,77.7377,23.6381,77.7535,77.7377,
100,32,524288,2048,chunked,256/256/256,graph,69,78.4085,23.6381,78.4259,78.4085,
100,32,524288,2048,chunked,256/256/256,graph,70,76.6773,23.6381,76.6948,76.6773,
100,32,524288,2048,chunked,256/256/256,graph,71,78.1216,23.6381,78.1383,78.1216,
100,32,524288,2048,chunked,256/256/256,graph,72,78.9665,23.6381,78.9846,78.9665,
100,32,524288,2048,chunked,256/256/256,graph,73,80.3088,23.6381,80.3270,80.3088,
100,32,524288,2048,chunked,256/256/256,graph,74,79.5259,23.6381,79.5453,79.5259,
100,32,524288,2048,chunked,256/256/256,graph,75,79.0653,23.6381,79.0925,79.0653,
100,32,524288,2048,chunked,256/256/256,graph,76,77.8303,23.6381,77.8693,77.8303,
100,32,524288,2048,chunked,256/256/256,graph,77,77.2944,23.6381,77.3144,77.2944,
100,32,524288,2048,chunked,256/256/256,graph,78,80.2510,23.6381,80.2725,80.2510,
100,32,524288,2048,chunked,256/256/256,graph,79,79.2721,23.6381,79.2931,79.2721,
100,32,524288,2048,chunked,256/256/256,graph,80,78.5245,23.6381,78.5434,78.5245,
100,32,524288,2048,chunked,256/256/256,graph,81,76.3314,23.6381,76.3497,76.3314,
100,32,524288,2048,chunked,256/256/256,graph,82,77.2692,23.6381,77.2887,77.2692,
100,32,524288,2048,chunked,256/256/256,graph,83,77.0886,23.6381,77.1063,77.0886,
100,32,524288,2048,chunked,256/256/256,graph,84,78.0601,23.6381,78.0778,78.0601,
100,32,524288,2048,chunked,256/256/256,graph,85,79.3906,23.6381,79.4075,79.3906,
100,32,524288,2048,chunked,256/256/256,graph,86,80.7434,23.6381,80.7614,80.7434,
100,32,524288,2048,chunked,256/256/256,graph,87,79.1975,23.6381,79.2157,79.1975,
100,32,524288,2048,chunked,256/256/256,graph,88,79.0639,23.6381,79.0838,79.0639,
100,32,524288,2048,chunked,256/256/256,graph,89,80.3331,23.6381,80.3553,80.3331,
100,32,524288,2048,chunked,256/256/256,graph,90,79.1101,23.6381,79.1282,79.1101,
100,32,524288,2048,chunked,256/256/256,graph,91,78.6445,23.6381,78.6640,78.6445,
100,32,524288,2048,chunked,256/256/256,graph,92,78.4649,23.6381,78.4836,78.4649,
100,32,524288,2048,chunked,256/256/256,graph,93,77.6603,23.6381,77.6806,77.6603,
100,32,524288,2048,chunked,256/256/256,graph,94,77.5475,23.6381,77.5664,77.5475,
100,32,524288,2048,chunked,256/256/256,graph,95,76.6792,23.6381,76.6973,76.6792,
100,32,524288,2048,chunked,256/256/256,graph,96,77.1420,23.6381,77.1616,77.1420,
100,32,524288,2048,chunked,256/256/256,graph,97,78.9860,23.6381,79.0094,78.9860,
100,32,524288,2048,chunked,256/256/256,graph,98,79.0276,23.6381,79.0463,79.0276,
100,32,524288,2048,chunked,256/256/256,graph,99,80.1303,23.6381,80.1491,80.1303,
100,32,524288,2048,chunked,256/256/256,graph,100,78.4836,23.6381,78.5075,78.4836,
100,32,524288,2048,chunked,256/256/256,graph,101,80.1899,23.6381,80.2101,80.1899,
100,32,524288,2048,chunked,256/256/256,graph,102,77.6004,23.6381,77.6194,77.6004,
100,32,524288,2048,chunked,256/256/256,graph,103,78.8661,23.6381,78.8845,78.8661,
100,32,524288,2048,chunked,256/256/256,graph,104,79.4326,23.6381,79.4492,79.4326,
100,32,524288,2048,chunked,256/256/256,graph,105,78.0841,23.6381,78.1016,78.0841,
100,32,524288,2048,chunked,256/256/256,graph,106,77.3623,23.6381,77.3799,77.3623,
100,32,524288,2048,chunked,256/256/256,graph,107,77.7555,23.6381,77.7956,77.7555,
100,32,524288,2048,chunked,256/256/256,graph,108,77.2985,23.6381,77.3736,77.2985,
100,32,524288,2048,chunked,256/256/256,graph,109,76.6438,23.6381,76.7169,76.6438,
100,32,524288,2048,chunked,256/256/256,graph,110,78.2820,23.6381,78.3370,78.2820,
100,32,524288,2048,chunked,256/256/256,graph,111,80.8309,23.6381,80.8506,80.8309,
100,32,524288,2048,chunked,256/256/256,graph,112,79.1789,23.6381,79.1970,79.1789,
100,32,524288,2048,chunked,256/256/256,graph,113,78.4020,23.6381,78.4199,78.4020,
100,32,524288,2048,chunked,256/256/256,graph,114,77.6493,23.6381,77.6671,77.6493,
100,32,524288,2048,chunked,256/256/256,graph,115,78.0908,23.6381,78.1080,78.0908,
100,32,524288,2048,chunked,256/256/256,graph,116,78.2073,23.6381,78.2253,78.2073,
100,32,524288,2048,chunked,256/256/256,graph,117,77.7219,23.6381,77.7384,77.7219,
100,32,524288,2048,chunked,256/256/256,graph,118,77.7527,23.6381,77.7723,77.7527,
100,32,524288,2048,chunked,256/256/256,graph,119,78.4365,23.6381,78.4570,78.4365,
100,32,524288,2048,chunked,256/256/256,graph,120,78.1946,23.6381,78.2134,78.1946,
100,32,524288,2048,chunked,256/256/256,graph,121,77.0222,23.6381,77.0408,77.0222,
100,32,524288,2048,chunked,256/256/256,graph,122,78.4859,23.6381,78.5036,78.4859,
100,32,524288,2048,chunked,256/256/256,graph,123,78.0192,23.6381,78.0638,78.0192,
100,32,524288,2048,chunked,256/256/256,graph,124,78.0837,23.6381,78.1376,78.0837,
100,32,524288,2048,chunked,256/256/256,graph,125,77.8683,23.6381,77.8856,77.8683,
100,32,524288,2048,chunked,256/256/256,graph,126,79.1531,23.6381,79.1713,79.1531,
100,32,524288,2048,chunked,256/256/256,graph,127,79.6151,23.6381,79.6331,79.6151,
100,32,524288,2048,chunked,256/256/256,graph,128,78.9058,23.6381,78.9244,78.9058,
100,32,524288,2048,chunked,256/256/256,graph,129,80.1602,23.6381,80.1777,80.1602,
100,32,524288,2048,chunked,256/256/256,graph,130,79.2340,23.6381,79.2521,79.2340,
100,32,524288,2048,chunked,256/256/256,graph,131,77.2819,23.6381,77.3001,77.2819,
100,32,524288,2048,chunked,256/256/256,graph,132,77.5147,23.6381,77.5310,77.5147,
100,32,524288,2048,chunked,256/256/256,graph,133,77.9126,23.6381,77.9294,77.9126,
100,32,524288,2048,chunked,256/256/256,graph,134,79.4491,23.6381,79.4681,79.4491,
100,32,524288,2048,chunked,256/256/256,graph,135,77.0457,23.6381,77.0672,77.0457,
100,32,524288,2048,chunked,256/256/256,graph,136,79.0233,23.6381,79.0432,79.0233,
100,32,524288,2048,chunked,256/256/256,graph,137,80.0760,23.6381,80.0966,80.0760,
100,32,524288,2048,chunked,256/256/256,graph,138,79.3817,23.6381,79.4025,79.3817,
100,32,524288,2048,chunked,256/256/256,graph,139,80.5590,23.6381,80.5762,80.5590,
100,32,524288,2048,chunked,256/256/256,graph,140,79.1696,23.6381,79.1855,79.1696,
100,32,524288,2048,chunked,256/256/256,graph,141,79.6754,23.6381,79.6918,79.6754,
100,32,524288,2048,chunked,256/256/256,graph,142,78.5913,23.6381,78.6099,78.5913,
100,32,524288,2048,chunked,256/256/256,graph,143,77.4808,23.6381,77.4980,77.4808,
100,32,524288,2048,chunked,256/256/256,graph,144,77.0857,23.6381,77.1031,77.0857,
100,32,524288,2048,chunked,256/256/256,graph,145,77.5693,23.6381,77.5857,77.5693,
100,32,524288,2048,chunked,256/256/256,graph,146,77.4862,23.6381,77.5038,77.4862,
100,32,524288,2048,chunked,256/256/256,graph,147,77.3771,23.6381,77.3982,77.3771,
100,32,524288,2048,chunked,256/256/256,graph,148,79.0422,23.6381,79.0632,79.0422,
100,32,524288,2048,chunked,256/256/256,graph,149,77.6738,23.6381,77.6956,77.6738,
100,32,524288,2048,chunked,256/256/256,graph,150,78.6637,23.6381,78.6834,78.6637,
100,32,524288,2048,chunked,256/256/256,graph,151,78.0714,23.6381,78.0937,78.0714,
100,32,524288,2048,chunked,256/256/256,graph,152,77.5978,23.6381,77.6174,77.5978,
100,32,524288,2048,chunked,256/256/256,graph,153,78.6381,23.6381,78.6563,78.6381,
100,32,524288,2048,chunked,256/256/256,graph,154,77.9424,23.6381,77.9610,77.9424,
100,32,524288,2048,chunked,256/256/256,graph,155,79.4875,23.6381,79.5051,79.4875,
100,32,524288,2048,chunked,256/256/256,graph,156,77.8596,23.6381,77.8786,77.8596,
100,32,524288,2048,chunked,256/256/256,graph,157,77.6801,23.6381,77.6979,77.6801,
100,32,524288,2048,chunked,256/256/256,graph,158,76.9384,23.6381,76.9564,76.9384,
100,32,524288,2048,chunked,256/256/256,graph,159,78.1672,23.6381,78.1856,78.1672,
100,32,524288,2048,chunked,256/256/256,graph,160,77.0177,23.6381,77.0350,77.0177,
100,32,524288,2048,chunked,256/256/256,graph,161,78.0028,23.6381,78.0198,78.0028,
100,32,524288,2048,chunked,256/256/256,graph,162,78.9188,23.6381,78.9360,78.9188,
100,32,524288,2048,chunked,256/256/256,graph,163,79.1684,23.6381,79.1916,79.1684,
100,32,524288,2048,chunked,256/256/256,graph,164,78.7952,23.6381,78.8139,78.7952,
100,32,524288,2048,chunked,256/256/256,graph,165,77.4868,23.6381,77.5062,77.4868,
100,32,524288,2048,chunked,256/256/256,graph,166,78.7225,23.6381,78.7404,78.7225,
100,32,524288,2048,chunked,256/256/256,graph,167,79.1131,23.6381,79.1314,79.1131,
100,32,524288,2048,chunked,256/256/256,graph,168,79.1154,23.6381,79.1329,79.1154,
100,32,524288,2048,chunked,256/256/256,graph,169,77.8929,23.6381,77.9123,77.8929,
100,32,524288,2048,chunked,256/256/256,graph,170,76.2734,23.6381,76.2974,76.2734,
100,32,524288,2048,chunked,256/256/256,graph,171,78.1092,23.6381,78.1360,78.1092,
100,32,524288,2048,chunked,256/256/256,graph,172,76.4846,23.6381,76.5117,76.4846,
100,32,524288,2048,chunked,256/256/256,graph,173,77.5549,23.6381,77.5721,77.5549,
100,32,524288,2048,chunked,256/256/256,graph,174,77.1299,23.6381,77.1471,77.1299,
100,32,524288,2048,chunked,256/256/256,graph,175,77.5188,23.6381,77.5402,77.5188,
100,32,524288,2048,chunked,256/256/256,graph,176,78.6135,23.6381,78.6331,78.6135,
100,32,524288,2048,chunked,256/256/256,graph,177,77.7421,23.6381,77.7610,77.7421,
100,32,524288,2048,chunked,256/256/256,graph,178,77.6130,23.6381,77.6348,77.6130,
100,32,524288,2048,chunked,256/256/256,graph,179,77.9797,23.6381,78.0005,77.9797,
100,32,524288,2048,chunked,256/256/256,graph,180,79.0207,23.6381,79.0397,79.0207,
100,32,524288,2048,chunked,256/256/256,graph,181,77.8829,23.6381,77.9013,77.8829,
100,32,524288,2048,chunked,256/256/256,graph,182,77.9791,23.6381,78.0000,77.9791,
100,32,524288,2048,chunked,256/256/256,graph,183,78.9284,23.6381,78.9469,78.9284,
100,32,524288,2048,chunked,256/256/256,graph,184,79.0677,23.6381,79.0879,79.0677,
100,32,524288,2048,chunked,256/256/256,graph,185,78.9987,23.6381,79.0199,78.9987,
100,32,524288,2048,chunked,256/256/256,graph,186,77.2188,23.6381,77.2379,77.2188,
100,32,524288,2048,chunked,256/256/256,graph,187,77.9287,23.6381,77.9461,77.9287,
100,32,524288,2048,chunked,256/256/256,graph,188,78.8956,23.6381,78.9129,78.8956,
100,32,524288,2048,chunked,256/256/256,graph,189,79.0961,23.6381,79.1145,79.0961,
100,32,524288,2048,chunked,256/256/256,graph,190,78.6321,23.6381,78.6524,78.6321,
100,32,524288,2048,chunked,256/256/256,graph,191,77.3565,23.6381,77.3766,77.3565,
100,32,524288,2048,chunked,256/256/256,graph,192,78.3609,23.6381,78.3850,78.3609,
100,32,524288,2048,chunked,256/256/256,graph,193,78.7355,23.6381,78.7570,78.7355,
100,32,524288,2048,chunked,256/256/256,graph,194,78.7032,23.6381,78.7240,78.7032,
100,32,524288,2048,chunked,256/256/256,graph,195,77.1921,23.6381,77.2293,77.1921,
100,32,524288,2048,chunked,256/256/256,graph,196,77.8685,23.6381,77.9104,77.8685,
100,32,524288,2048,chunked,256/256/256,graph,197,80.1166,23.6381,80.1395,80.1166,
100,32,524288,2048,chunked,256/256/256,graph,198,79.4118,23.6381,79.4335,79.4118,
100,32,524288,2048,chunked,256/256/256,graph,199,79.0156,23.6381,79.0370,79.0156,
100,32,524288,2048,layered,1024/1024/1024,graph,0,91.8379,18.5046,91.8916,91.8379,
100,32,524288,2048,layered,1024/1024/1024,graph,1,92.1735,18.5046,92.2377,92.1735,
100,32,524288,2048,layered,1024/1024/1024,graph,2,89.7309,18.5046,89.7864,89.7309,
100,32,524288,2048,layered,1024/1024/1024,graph,3,90.4286,18.5046,90.4839,90.4286,
100,32,524288,2048,layered,1024/1024/1024,graph,4,91.1679,18.5046,91.2199,91.1679,
100,32,524288,2048,layered,1024/1024/1024,graph,5,91.4588,18.5046,91.5124,91.4588,
100,32,524288,2048,layered,1024/1024/1024,graph,6,92.4253,18.5046,92.4749,92.4253,
100,32,524288,2048,layered,1024/1024/1024,graph,7,91.4287,18.5046,91.4854,91.4287,
100,32,524288,2048,layered,1024/1024/1024,graph,8,89.9744,18.5046,90.0263,89.9744,
100,32,524288,2048,layered,1024/1024/1024,graph,9,90.1341,18.5046,90.1847,90.1341,
100,32,524288,2048,layered,1024/1024/1024,graph,10,90.1841,18.5046,90.2362,90.1841,
100,32,524288,2048,layered,1024/1024/1024,graph,11,92.5024,18.5046,92.5676,92.5024,
100,32,524288,2048,layered,1024/1024/1024,graph,12,89.6012,18.5046,89.6559,89.6012,
100,32,524288,2048,layered,1024/1024/1024,graph,13,90.3119,18.5046,90.3634,90.3119,
100,32,524288,2048,layered,1024/1024/1024,graph,14,91.2338,18.5046,91.2839,91.2338,
100,32,524288,2048,layered,1024/1024/1024,graph,15,93.0740,18.5046,93.1309,93.0740,
100,32,524288,2048,layered,1024/1024/1024,graph,16,91.8963,18.5046,91.9466,91.8963,
100,32,524288,2048,layered,1024/1024/1024,graph,17,92.6053,18.5046,92.6530,92.6053,
100,32,524288,2048,layered,1024/1024/1024,graph,18,90.8913,18.5046,90.9782,90.8913,
100,32,524288,2048,layered,1024/1024/1024,graph,19,92.1965,18.5046,92.2529,92.1965,
100,32,524288,2048,layered,1024/1024/1024,graph,20,92.9005,18.5046,92.9519,92.9005,
100,32,524288,2048,layered,1024/1024/1024,graph,21,92.6419,18.5046,92.6929,92.6419,
100,32,524288,2048,layered,1024/1024/1024,graph,22,92.3520,18.5046,92.4030,92.3520,
100,32,524288,2048,layered,1024/1024/1024,graph,23,93.1717,18.5046,93.2378,93.1717,
100,32,524288,2048,layered,1024/1024/1024,graph,24,92.9092,18.7791,92.9631,92.9092,
100,32,524288,2048,layered,1024/1024/1024,graph,25,93.6258,18.7791,93.6782,93.6258,
100,32,524288,2048,layered,1024/1024/1024,graph,26,92.9389,19.0537,92.9905,92.9389,
100,32,524288,2048,layered,1024/1024/1024,graph,27,93.9328,19.0537,94.0244,93.9328,
100,32,524288,2048,layered,1024/1024/1024,graph,28,94.7723,19.3283,94.8357,94.7723,
100,32,524288,2048,layered,1024/1024/1024,graph,29,91.7501,19.3283,91.7990,91.7501,
100,32,524288,2048,layered,1024/1024/1024,graph,30,94.3638,19.3283,94.4135,94.3638,
100,32,524288,2048,layered,1024/1024/1024,graph,31,91.7733,19.3283,91.8251,91.7733,
100,32,524288,2048,layered,1024/1024/1024,graph,32,90.8984,19.3283,90.9534,90.8984,
100,32,524288,2048,layered,1024/1024/1024,graph,33,93.6364,19.3283,93.7229,93.6364,
100,32,524288,2048,layered,1024/1024/1024,graph,34,92.9119,19.3283,92.9841,92.9119,
100,32,524288,2048,layered,1024/1024/1024,graph,35,93.1987,19.3283,93.2587,93.1987,
100,32,524288,2048,layered,1024/1024/1024,graph,36,92.3425,19.3283,92.3971,92.3425,
100,32,524288,2048,layered,1024/1024/1024,graph,37,91.6600,19.3283,91.7065,91.6600,
100,32,524288,2048,layered,1024/1024/1024,graph,38,92.1681,19.3283,92.2460,92.1681,
100,32,524288,2048,layered,1024/1024/1024,graph,39,93.3489,19.3283,93.4030,93.3489,
100,32,524288,2048,layered,1024/1024/1024,graph,40,95.0948,19.3283,95.1500,95.0948,
100,32,524288,2048,layered,1024/1024/1024,graph,41,95.0425,19.3283,95.0951,95.0425,
100,32,524288,2048,layered,1024/1024/1024,graph,42,92.6730,19.3283,92.7286,92.6730,
100,32,524288,2048,layered,1024/1024/1024,graph,43,93.5771,19.3283,93.6262,93.5771,
100,32,524288,2048,layered,1024/1024/1024,graph,44,93.9554,19.3283,94.0050,93.9554,
100,32,524288,2048,layered,1024/1024/1024,graph,45,93.3833,19.3283,93.4357,93.3833,
100,32,524288,2048,layered,1024/1024/1024,graph,46,95.0254,19.3283,95.0932,95.0254,
100,32,524288,2048,layered,1024/1024/1024,graph,47,93.3857,19.3283,93.4392,93.3857,
100,32,524288,2048,layered,1024/1024/1024,graph,48,92.3728,19.3283,92.4297,92.3728,
100,32,524288,2048,layered,1024/1024/1024,graph,49,92.9439,19.3283,93.0116,92.9439,
100,32,524288,2048,layered,1024/1024/1024,graph,50,94.4453,19.3283,94.5026,94.4453,
100,32,524288,2048,layered,1024/1024/1024,graph,51,94.8234,19.3283,94.8746,94.8234,
100,32,524288,2048,layered,1024/1024/1024,graph,52,93.4844,19.3283,93.5399,93.4844,
100,32,524288,2048,layered,1024/1024/1024,graph,53,93.6026,19.3283,93.6539,93.6026,
100,32,524288,2048,layered,1024/1024/1024,graph,54,91.2054,19.3283,91.2600,91.2054,
100,32,524288,2048,layered,1024/1024/1024,graph,55,94.2164,19.3283,94.2647,94.2164,
100,32,524288,2048,layered,1024/1024/1024,graph,56,92.3901,19.3283,92.4403,92.3901,
100,32,524288,2048,layered,1024/1024/1024,graph,57,93.8341,19.3283,93.8823,93.8341,
100,32,524288,2048,layered,1024/1024/1024,graph,58,93.1503,19.3283,93.1981,93.1503,
100,32,524288,2048,layered,1024/1024/1024,graph,59,93.9399,19.3283,93.9937,93.9399,
100,32,524288,2048,layered,1024/1024/1024,graph,60,94.0688,19.3283,94.1263,94.0688,
100,32,524288,2048,layered,1024/1024/1024,graph,61,91.4900,19.3283,91.5391,91.4900,
100,32,524288,2048,layered,1024/1024/1024,graph,62,92.4537,19.0537,92.5015,92.4537,
100,32,524288,2048,layered,1024/1024/1024,graph,63,92.9557,19.0537,93.0049,92.9557,
100,32,524288,2048,layered,1024/1024/1024,graph,64,91.7849,19.0537,91.8365,91.7849,
100,32,524288,2048,layered,1024/1024/1024,graph,65,92.5663,19.0537,92.6206,92.5663,
100,32,524288,2048,layered,1024/1024/1024,graph,66,90.4104,19.0537,90.4571,90.4104,
100,32,524288,2048,layered,1024/1024/1024,graph,67,94.7658,19.3283,94.8276,94.7658,
100,32,524288,2048,layered,1024/1024/1024,graph,68,92.9602,19.0537,93.0076,92.9602,
100,32,524288,2048,layered,1024/1024/1024,graph,69,93.6300,19.0537,93.6836,93.6300,
100,32,524288,2048,layered,1024/1024/1024,graph,70,92.7855,19.0537,92.8332,92.7855,
100,32,524288,2048,layered,1024/1024/1024,graph,71,92.3880,18.7791,92.4396,92.3880,
100,32,524288,2048,layered,1024/1024/1024,graph,72,91.8891,19.0537,91.9431,91.8891,
100,32,524288,2048,layered,1024/1024/1024,graph,73,91.4838,18.7791,91.5304,91.4838,
100,32,524288,2048,layered,1024/1024/1024,graph,74,92.7000,18.7791,92.7553,92.7000,
100,32,524288,2048,layered,1024/1024/1024,graph,75,92.8956,18.7791,92.9445,92.8956,
100,32,524288,2048,layered,1024/1024/1024,graph,76,92.5700,18.5046,92.6242,92.5700,
100,32,524288,2048,layered,1024/1024/1024,graph,77,91.7956,18.5046,91.8499,91.7956,
100,32,524288,2048,layered,1024/1024/1024,graph,78,89.4001,18.2300,89.4530,89.4001,
100,32,524288,2048,layered,1024/1024/1024,graph,79,91.5539,18.5046,91.6042,91.5539,
100,32,524288,2048,layered,1024/1024/1024,graph,80,91.3080,18.2300,91.3810,91.3080,
100,32,524288,2048,layered,1024/1024/1024,graph,81,92.8908,18.5046,92.9452,92.8908,
100,32,524288,2048,layered,1024/1024/1024,graph,82,91.0311,18.2300,91.0867,91.0311,
100,32,524288,2048,layered,1024/1024/1024,graph,83,89.0592,18.5046,89.1083,89.0592,
100,32,524288,2048,layered,1024/1024/1024,graph,84,90.7525,18.2300,90.8048,90.7525,
100,32,524288,2048,layered,1024/1024/1024,graph,85,91.3839,18.5046,91.4377,91.3839,
100,32,524288,2048,layered,1024/1024/1024,graph,86,91.6266,18.5046,91.6790,91.6266,
100,32,524288,2048,layered,1024/1024/1024,graph,87,91.0309,18.5046,91.0804,91.0309,
100,32,524288,2048,layered,1024/1024/1024,graph,88,91.2318,18.5046,91.2800,91.2318,
100,32,524288,2048,layered,1024/1024/1024,graph,89,90.2244,18.5046,90.2796,90.2244,
100,32,524288,2048,layered,1024/1024/1024,graph,90,92.5372,18.5046,92.5906,92.5372,
100,32,524288,2048,layered,1024/1024/1024,graph,91,90.8046,18.5046,90.8523,90.8046,
100,32,524288,2048,layered,1024/1024/1024,graph,92,90.2181,18.5046,90.2691,90.2181,
100,32,524288,2048,layered,1024/1024/1024,graph,93,91.0435,18.5046,91.0976,91.0435,
100,32,524288,2048,layered,1024/1024/1024,graph,94,90.5149,18.5046,90.5609,90.5149,
100,32,524288,2048,layered,1024/1024/1024,graph,95,90.1010,18.5046,90.1504,90.1010,
100,32,524288,2048,layered,1024/1024/1024,graph,96,92.2421,18.5046,92.2917,92.2421,
100,32,524288,2048,layered,1024/1024/1024,graph,97,92.0707,18.5046,92.1203,92.0707,
100,32,524288,2048,layered,1024/1024/1024,graph,98,91.3293,18.5046,91.3841,91.3293,
100,32,524288,2048,layered,1024/1024/1024,graph,99,91.8325,18.5046,91.8812,91.8325,
100,32,524288,2048,layered,1024/1024/1024,graph,100,90.8396,18.5046,90.8945,90.8396,
100,32,524288,2048,layered,1024/1024/1024,graph,101,90.4401,18.5046,90.4956,90.4401,
100,32,524288,2048,layered,1024/1024/1024,graph,102,90.1409,18.5046,90.1964,90.1409,
100,32,524288,2048,layered,1024/1024/1024,graph,103,91.0682,18.5046,91.1227,91.0682,
100,32,524288,2048,layered,1024/1024/1024,graph,104,91.6608,18.5046,91.7158,91.6608,
100,32,524288,2048,layered,1024/1024/1024,graph,105,91.6722,18.5046,91.7303,91.6722,
100,32,524288,2048,layered,1024/1024/1024,graph,106,90.1521,18.5046,90.2019,90.1521,
100,32,524288,2048,layered,1024/1024/1024,graph,107,90.6316,18.5046,90.6831,90.6316,
100,32,524288,2048,layered,1024/1024/1024,graph,108,93.3695,18.5046,93.4262,93.3695,
100,32,524288,2048,layered,1024/1024/1024,graph,109,92.8756,18.5046,92.9285,92.8756,
100,32,524288,2048,layered,1024/1024/1024,graph,110,91.9360,18.5046,91.9891,91.9360,
100,32,524288,2048,layered,1024/1024/1024,graph,111,93.3513,18.5046,93.4095,93.3513,
100,32,524288,2048,layered,1024/1024/1024,graph,112,89.9298,18.5046,89.9812,89.9298,
100,32,524288,2048,layered,1024/1024/1024,graph,113,90.2196,18.5046,90.2713,90.2196,
100,32,524288,2048,layered,1024/1024/1024,graph,114,90.8483,18.5046,90.8993,90.8483,
100,32,524288,2048,layered,1024/1024/1024,graph,115,92.1333,18.5046,92.1837,92.1333,
100,32,524288,2048,layered,1024/1024/1024,graph,116,92.1676,18.5046,92.2248,92.1676,
100,32,524288,2048,layered,1024/1024/1024,graph,117,92.8871,18.5046,92.9419,92.8871,
100,32,524288,2048,layered,1024/1024/1024,graph,118,90.8027,18.5046,90.8582,90.8027,
100,32,524288,2048,layered,1024/1024/1024,graph,119,92.9126,18.5046,92.9600,92.9126,
100,32,524288,2048,layered,1024/1024/1024,graph,120,93.1746,18.7791,93.2301,93.1746,
100,32,524288,2048,layered,1024/1024/1024,graph,121,93.5685,18.7791,93.6175,93.5685,
100,32,524288,2048,layered,1024/1024/1024,graph,122,93.4451,19.0537,93.4998,93.4451,
100,32,524288,2048,layered,1024/1024/1024,graph,123,93.8266,19.0537,93.8826,93.8266,
100,32,524288,2048,layered,1024/1024/1024,graph,124,92.7887,19.3283,92.8471,92.7887,
100,32,524288,2048,layered,1024/1024/1024,graph,125,90.8879,19.3283,90.9408,90.8879,
100,32,524288,2048,layered,1024/1024/1024,graph,126,91.3852,19.3283,91.4400,91.3852,
100,32,524288,2048,layered,1024/1024/1024,graph,127,93.9156,19.3283,93.9658,93.9156,
100,32,524288,2048,layered,1024/1024/1024,graph,128,93.1372,19.3283,93.1915,93.1372,
100,32,524288,2048,layered,1024/1024/1024,graph,129,92.7791,19.3283,92.8272,92.7791,
100,32,524288,2048,layered,1024/1024/1024,graph,130,93.7266,19.3283,93.7776,93.7266,
100,32,524288,2048,layered,1024/1024/1024,graph,131,94.0674,19.3283,94.1132,94.0674,
100,32,524288,2048,layered,1024/1024/1024,graph,132,95.2877,19.3283,95.3382,95.2877,
100,32,524288,2048,layered,1024/1024/1024,graph,133,93.9267,19.3283,93.9751,93.9267,
100,32,524288,2048,layered,1024/1024/1024,graph,134,94.5739,19.3283,94.6193,94.5739,
100,32,524288,2048,layered,1024/1024/1024,graph,135,94.3229,19.3283,94.3777,94.3229,
100,32,524288,2048,layered,1024/1024/1024,graph,136,93.7189,19.3283,93.7734,93.7189,
100,32,524288,2048,layered,1024/1024/1024,graph,137,93.7615,19.3283,93.8147,93.7615,
100,32,524288,2048,layered,1024/1024/1024,graph,138,93.7790,19.3283,93.8262,93.7790,
100,32,524288,2048,layered,1024/1024/1024,graph,139,93.6852,19.3283,93.7319,93.6852,
100,32,524288,2048,layered,1024/1024/1024,graph,140,95.3081,19.3283,95.3822,95.3081,
100,32,524288,2048,layered,1024/1024/1024,graph,141,92.8403,19.3283,92.8914,92.8403,
100,32,524288,2048,layered,1024/1024/1024,graph,142,93.2754,19.3283,93.3285,93.2754,
100,32,524288,2048,layered,1024/1024/1024,graph,143,92.9339,19.3283,92.9934,92.9339,
100,32,524288,2048,layered,1024/1024/1024,graph,144,93.7347,19.3283,93.7847,93.7347,
100,32,524288,2048,layered,1024/1024/1024,graph,145,92.9256,19.3283,92.9812,92.9256,
100,32,524288,2048,layered,1024/1024/1024,graph,146,94.8217,19.3283,94.8788,94.8217,
100,32,524288,2048,layered,1024/1024/1024,graph,147,94.1754,19.3283,94.2342,94.1754,
100,32,524288,2048,layered,1024/1024/1024,graph,148,91.6892,19.3283,91.7374,91.6892,
100,32,524288,2048,layered,1024/1024/1024,graph,149,93.2827,19.3283,93.3404,93.2827,
100,32,524288,2048,layered,1024/1024/1024,graph,150,92.2007,19.3283,92.2522,92.2007,
100,32,524288,2048,layered,1024/1024/1024,graph,151,91.5345,19.3283,91.5815,91.5345,
100,32,524288,2048,layered,1024/1024/1024,graph,152,94.5400,19.3283,94.5995,94.5400,
100,32,524288,2048,layered,1024/1024/1024,graph,153,93.4925,19.3283,93.5434,93.4925,
100,32,524288,2048,layered,1024/1024/1024,graph,154,92.8242,19.3283,92.8811,92.8242,
100,32,524288,2048,layered,1024/1024/1024,graph,155,93.2306,19.3283,93.2812,93.2306,
100,32,524288,2048,layered,1024/1024/1024,graph,156,91.5797,19.3283,91.6305,91.5797,
100,32,524288,2048,layered,1024/1024/1024,graph,157,94.3465,19.3283,94.3961,94.3465,
100,32,524288,2048,layered,1024/1024/1024,graph,158,93.2143,19.0537,93.2657,93.2143,
100,32,524288,2048,layered,1024/1024/1024,graph,159,92.6079,19.0537,92.6624,92.6079,
100,32,524288,2048,layered,1024/1024/1024,graph,160,92.6675,19.0537,92.7141,92.6675,
100,32,524288,2048,layered,1024/1024/1024,graph,161,93.2630,19.0537,93.3251,93.2630,
100,32,524288,2048,layered,1024/1024/1024,graph,162,91.3301,19.0537,91.3785,91.3301,
100,32,524288,2048,layered,1024/1024/1024,graph,163,92.5066,19.3283,92.5527,92.5066,
100,32,524288,2048,layered,1024/1024/1024,graph,164,90.7984,19.0537,90.8577,90.7984,
100,32,524288,2048,layered,1024/1024/1024,graph,165,93.0509,19.0537,93.1144,93.0509,
100,32,524288,2048,layered,1024/1024/1024,graph,166,92.8187,19.0537,92.8731,92.8187,
100,32,524288,2048,layered,1024/1024/1024,graph,167,92.8671,18.7791,92.9230,92.8671,
100,32,524288,2048,layered,1024/1024/1024,graph,168,92.2096,19.0537,92.2619,92.2096,
100,32,524288,2048,layered,1024/1024/1024,graph,169,93.0107,18.7791,93.0651,93.0107,
100,32,524288,2048,layered,1024/1024/1024,graph,170,91.8799,18.7791,91.9282,91.8799,
100,32,524288,2048,layered,1024/1024/1024,graph,171,91.1440,18.7791,91.2011,91.1440,
100,32,524288,2048,layered,1024/1024/1024,graph,172,93.2392,18.5046,93.2855,93.2392,
100,32,524288,2048,layered,1024/1024/1024,graph,173,90.3365,18.5046,90.3890,90.3365,
100,32,524288,2048,layered,1024/1024/1024,graph,174,91.6183,18.2300,91.6691,91.6183,
100,32,524288,2048,layered,1024/1024/1024,graph,175,91.0919,18.5046,91.1433,91.0919,
100,32,524288,2048,layered,1024/1024/1024,graph,176,89.1204,18.2300,89.1669,89.1204,
100,32,524288,2048,layered,1024/1024/1024,graph,177,91.9125,18.5046,91.9712,91.9125,
100,32,524288,2048,layered,1024/1024/1024,graph,178,90.5962,18.2300,90.6529,90.5962,
100,32,524288,2048,layered,1024/1024/1024,graph,179,89.8199,18.5046,89.8733,89.8199,
100,32,524288,2048,layered,1024/1024/1024,graph,180,91.7822,18.2300,91.8323,91.7822,
100,32,524288,2048,layered,1024/1024/1024,graph,181,91.8056,18.5046,91.8558,91.8056,
100,32,524288,2048,layered,1024/1024/1024,graph,182,90.4980,18.5046,90.5544,90.4980,
100,32,524288,2048,layered,1024/1024/1024,graph,183,91.0109,18.5046,91.0607,91.0109,
100,32,524288,2048,layered,1024/1024/1024,graph,184,91.6744,18.5046,91.7346,91.6744,
100,32,524288,2048,layered,1024/1024/1024,graph,185,90.9995,18.5046,91.0522,90.9995,
100,32,524288,2048,layered,1024/1024/1024,graph,186,90.0634,18.5046,90.1134,90.0634,
100,32,524288,2048,layered,1024/1024/1024,graph,187,91.3257,18.5046,91.3794,91.3257,
100,32,524288,2048,layered,1024/1024/1024,graph,188,89.7476,18.5046,89.8009,89.7476,
100,32,524288,2048,layered,1024/1024/1024,graph,189,91.3227,18.5046,91.3716,91.3227,
100,32,524288,2048,layered,1024/1024/1024,graph,190,91.5491,18.5046,91.6021,91.5491,
100,32,524288,2048,layered,1024/1024/1024,graph,191,91.5290,18.5046,91.5828,91.5290,
100,32,524288,2048,layered,1024/1024/1024,graph,192,90.3816,18.5046,90.4311,90.3816,
100,32,524288,2048,layered,1024/1024/1024,graph,193,92.2276,18.5046,92.2778,92.2276,
100,32,524288,2048,layered,1024/1024/1024,graph,194,91.8736,18.5046,91.9269,91.8736,
100,32,524288,2048,layered,1024/1024/1024,graph,195,91.1673,18.5046,91.2157,91.1673,
100,32,524288,2048,layered,1024/1024/1024,graph,196,90.4351,18.5046,90.4979,90.4351,
100,32,524288,2048,layered,1024/1024/1024,graph,197,91.6796,18.5046,91.7345,91.6796,
100,32,524288,2048,layered,1024/1024/1024,graph,198,90.4033,18.5046,90.4604,90.4033,
100,32,524288,2048,layered,1024/1024/1024,graph,199,89.6460,18.5046,89.7037,89.6460,
100,32,524288,2048,layered,2048/2048/2048,graph,0,86.5107,16.2124,86.5717,86.5107,
100,32,524288,2048,layered,2048/2048/2048,graph,1,90.5172,16.2124,90.5697,90.5172,
100,32,524288,2048,layered,2048/2048/2048,graph,2,85.8717,16.4869,85.9207,85.8717,
100,32,524288,2048,layered,2048/2048/2048,graph,3,89.5679,16.4869,89.6189,89.5679,
100,32,524288,2048,layered,2048/2048/2048,graph,4,91.2612,16.7615,91.3084,91.2612,
100,32,524288,2048,layered,2048/2048/2048,graph,5,89.9001,16.7615,89.9638,89.9001,
100,32,524288,2048,layered,2048/2048/2048,graph,6,88.5723,16.7615,88.6247,88.5723,
100,32,524288,2048,layered,2048/2048/2048,graph,7,91.6224,16.7615,91.6688,91.6224,
100,32,524288,2048,layered,2048/2048/2048,graph,8,88.6129,16.7615,88.6640,88.6129,
100,32,524288,2048,layered,2048/2048/2048,graph,9,90.7158,16.7615,90.7793,90.7158,
100,32,524288,2048,layered,2048/2048/2048,graph,10,90.1916,16.7615,90.2436,90.1916,
100,32,524288,2048,layered,2048/2048/2048,graph,11,91.0721,16.7615,91.1277,91.0721,
100,32,524288,2048,layered,2048/2048/2048,graph,12,89.2020,16.7615,89.2576,89.2020,
100,32,524288,2048,layered,2048/2048/2048,graph,13,89.5496,16.7615,89.6050,89.5496,
100,32,524288,2048,layered,2048/2048/2048,graph,14,91.4453,16.7615,91.4940,91.4453,
100,32,524288,2048,layered,2048/2048/2048,graph,15,89.2923,16.7615,89.3394,89.2923,
100,32,524288,2048,layered,2048/2048/2048,graph,16,89.4307,16.7615,89.4807,89.4307,
100,32,524288,2048,layered,2048/2048/2048,graph,17,91.2377,16.7615,91.3009,91.2377,
100,32,524288,2048,layered,2048/2048/2048,graph,18,89.0521,16.7615,89.1056,89.0521,
100,32,524288,2048,layered,2048/2048/2048,graph,19,88.4837,16.7615,88.5327,88.4837,
100,32,524288,2048,layered,2048/2048/2048,graph,20,88.7275,16.7615,88.7763,88.7275,
100,32,524288,2048,layered,2048/2048/2048,graph,21,91.7250,16.7615,91.7831,91.7250,
100,32,524288,2048,layered,2048/2048/2048,graph,22,89.5488,16.7615,89.5986,89.5488,
100,32,524288,2048,layered,2048/2048/2048,graph,23,89.9544,16.7615,90.0023,89.9544,
100,32,524288,2048,layered,2048/2048/2048,graph,24,90.5934,16.7615,90.6438,90.5934,
100,32,524288,2048,layered,2048/2048/2048,graph,25,87.2221,16.7615,87.2839,87.2221,
100,32,524288,2048,layered,2048/2048/2048,graph,26,88.1673,16.7615,88.2198,88.1673,
100,32,524288,2048,layered,2048/2048/2048,graph,27,90.0076,16.7615,90.0593,90.0076,
100,32,524288,2048,layered,2048/2048/2048,graph,28,88.1330,16.7615,88.1849,88.1330,
100,32,524288,2048,layered,2048/2048/2048,graph,29,87.9212,16.7615,87.9766,87.9212,
100,32,524288,2048,layered,2048/2048/2048,graph,30,90.1978,16.7615,90.2533,90.1978,
100,32,524288,2048,layered,2048/2048/2048,graph,31,89.4097,16.7615,89.4596,89.4097,
100,32,524288,2048,layered,2048/2048/2048,graph,32,89.2890,16.7615,89.3432,89.2890,
100,32,524288,2048,layered,2048/2048/2048,graph,33,89.1740,16.7615,89.2298,89.1740,
100,32,524288,2048,layered,2048/2048/2048,graph,34,89.3509,16.7615,89.4040,89.3509,
100,32,524288,2048,layered,2048/2048/2048,graph,35,90.0986,16.7615,90.1516,90.0986,
100,32,524288,2048,layered,2048/2048/2048,graph,36,88.8388,16.7615,88.8889,88.8388,
100,32,524288,2048,layered,2048/2048/2048,graph,37,90.9748,16.7615,91.0283,90.9748,
100,32,524288,2048,layered,2048/2048/2048,graph,38,89.8780,16.7615,89.9279,89.8780,
100,32,524288,2048,layered,2048/2048/2048,graph,39,89.8792,16.7615,89.9300,89.8792,
100,32,524288,2048,layered,2048/2048/2048,graph,40,89.2288,16.7615,89.2787,89.2288,
100,32,524288,2048,layered,2048/2048/2048,graph,41,89.2171,16.7615,89.2785,89.2171,
100,32,524288,2048,layered,2048/2048/2048,graph,42,88.1476,16.7615,88.2003,88.1476,
100,32,524288,2048,layered,2048/2048/2048,graph,43,88.1616,16.7615,88.2089,88.1616,
100,32,524288,2048,layered,2048/2048/2048,graph,44,89.2761,16.7615,89.3229,89.2761,
100,32,524288,2048,layered,2048/2048/2048,graph,45,89.6636,16.7615,89.7240,89.6636,
100,32,524288,2048,layered,2048/2048/2048,graph,46,88.3752,16.7615,88.4284,88.3752,
100,32,524288,2048,layered,2048/2048/2048,graph,47,88.8416,16.7615,88.8892,88.8416,
100,32,524288,2048,layered,2048/2048/2048,graph,48,87.9142,16.7615,87.9625,87.9142,
100,32,524288,2048,layered,2048/2048/2048,graph,49,86.9757,16.7615,87.0217,86.9757,
100,32,524288,2048,layered,2048/2048/2048,graph,50,89.2071,16.7615,89.2624,89.2071,
100,32,524288,2048,layered,2048/2048/2048,graph,51,89.4547,16.7615,89.5029,89.4547,
100,32,524288,2048,layered,2048/2048/2048,graph,52,87.7120,16.7615,87.7573,87.7120,
100,32,524288,2048,layered,2048/2048/2048,graph,53,88.5726,16.7615,88.6288,88.5726,
100,32,524288,2048,layered,2048/2048/2048,graph,54,88.4601,16.7615,88.5095,88.4601,
100,32,524288,2048,layered,2048/2048/2048,graph,55,88.8405,16.7615,88.8930,88.8405,
100,32,524288,2048,layered,2048/2048/2048,graph,56,89.1740,16.7615,89.2294,89.1740,
100,32,524288,2048,layered,2048/2048/2048,graph,57,86.2919,16.7615,86.3406,86.2919,
100,32,524288,2048,layered,2048/2048/2048,graph,58,86.9951,16.7615,87.0496,86.9951,
100,32,524288,2048,layered,2048/2048/2048,graph,59,87.7824,16.7615,87.8340,87.7824,
100,32,524288,2048,layered,2048/2048/2048,graph,60,88.3896,16.7615,88.4434,88.3896,
100,32,524288,2048,layered,2048/2048/2048,graph,61,87.7009,16.7615,87.7718,87.7009,
100,32,524288,2048,layered,2048/2048/2048,graph,62,87.0410,16.7615,87.0929,87.0410,
100,32,524288,2048,layered,2048/2048/2048,graph,63,87.2774,16.7615,87.3245,87.2774,
100,32,524288,2048,layered,2048/2048/2048,graph,64,87.2311,16.7615,87.2845,87.2311,
100,32,524288,2048,layered,2048/2048/2048,graph,65,89.8716,16.7615,89.9233,89.8716,
100,32,524288,2048,layered,2048/2048/2048,graph,66,87.9436,16.7615,87.9933,87.9436,
100,32,524288,2048,layered,2048/2048/2048,graph,67,87.5491,16.7615,87.6278,87.5491,
100,32,524288,2048,layered,2048/2048/2048,graph,68,88.7677,16.7615,88.8306,88.7677,
100,32,524288,2048,layered,2048/2048/2048,graph,69,86.7683,16.7615,86.8218,86.7683,
100,32,524288,2048,layered,2048/2048/2048,graph,70,88.8534,16.7615,88.8999,88.8534,
100,32,524288,2048,layered,2048/2048/2048,graph,71,87.5905,16.7615,87.6455,87.5905,
100,32,524288,2048,layered,2048/2048/2048,graph,72,87.2858,16.4869,87.3357,87.2858,
100,32,524288,2048,layered,2048/2048/2048,graph,73,86.2978,16.4869,86.3485,86.2978,
100,32,524288,2048,layered,2048/2048/2048,graph,74,86.8960,16.2124,86.9535,86.8960,
100,32,524288,2048,layered,2048/2048/2048,graph,75,87.0306,16.2124,87.0877,87.0306,
100,32,524288,2048,layered,2048/2048/2048,graph,76,86.2985,15.9378,86.3509,86.2985,
100,32,524288,2048,layered,2048/2048/2048,graph,77,86.2936,15.9378,86.3501,86.2936,
100,32,524288,2048,layered,2048/2048/2048,graph,78,86.5716,15.9378,86.6262,86.5716,
100,32,524288,2048,layered,2048/2048/2048,graph,79,85.1159,15.9378,85.1698,85.1159,
100,32,524288,2048,layered,2048/2048/2048,graph,80,86.8492,15.9378,86.9088,86.8492,
100,32,524288,2048,layered,2048/2048/2048,graph,81,85.1471,15.9378,85.2051,85.1471,
100,32,524288,2048,layered,2048/2048/2048,graph,82,85.7298,15.9378,85.7867,85.7298,
100,32,524288,2048,layered,2048/2048/2048,graph,83,84.9682,15.9378,85.0266,84.9682,
100,32,524288,2048,layered,2048/2048/2048,graph,84,86.0778,15.9378,86.1256,86.0778,
100,32,524288,2048,layered,2048/2048/2048,graph,85,85.5172,15.9378,85.5627,85.5172,
100,32,524288,2048,layered,2048/2048/2048,graph,86,88.3366,15.9378,88.3915,88.3366,
100,32,524288,2048,layered,2048/2048/2048,graph,87,86.7189,15.9378,86.7738,86.7189,
100,32,524288,2048,layered,2048/2048/2048,graph,88,87.7541,15.9378,87.8039,87.7541,
100,32,524288,2048,layered,2048/2048/2048,graph,89,87.7564,15.9378,87.8034,87.7564,
100,32,524288,2048,layered,2048/2048/2048,graph,90,87.9569,15.9378,88.0134,87.9569,
100,32,524288,2048,layered,2048/2048/2048,graph,91,87.6778,15.9378,87.7423,87.6778,
100,32,524288,2048,layered,2048/2048/2048,graph,92,86.3850,15.9378,86.4388,86.3850,
100,32,524288,2048,layered,2048/2048/2048,graph,93,85.5663,15.9378,85.6128,85.5663,
100,32,524288,2048,layered,2048/2048/2048,graph,94,86.4259,15.9378,86.4788,86.4259,
100,32,524288,2048,layered,2048/2048/2048,graph,95,86.0312,15.9378,86.0787,86.0312,
100,32,524288,2048,layered,2048/2048/2048,graph,96,85.9765,16.2124,86.0278,85.9765,
100,32,524288,2048,layered,2048/2048/2048,graph,97,90.2782,16.2124,90.3320,90.2782,
100,32,524288,2048,layered,2048/2048/2048,graph,98,89.1655,16.4869,89.2154,89.1655,
100,32,524288,2048,layered,2048/2048/2048,graph,99,88.9159,16.4869,88.9734,88.9159,
100,32,524288,2048,layered,2048/2048/2048,graph,100,88.1185,16.7615,88.1678,88.1185,
100,32,524288,2048,layered,2048/2048/2048,graph,101,86.5640,16.7615,86.6282,86.5640,
100,32,524288,2048,layered,2048/2048/2048,graph,102,90.4323,16.7615,90.4972,90.4323,
100,32,524288,2048,layered,2048/2048/2048,graph,103,90.3532,16.7615,90.4080,90.3532,
100,32,524288,2048,layered,2048/2048/2048,graph,104,88.4577,16.7615,88.5089,88.4577,
100,32,524288,2048,layered,2048/2048/2048,graph,105,89.6116,16.7615,89.6730,89.6116,
100,32,524288,2048,layered,2048/2048/2048,graph,106,91.8908,16.7615,91.9571,91.8908,
100,32,524288,2048,layered,2048/2048/2048,graph,107,88.9296,16.7615,88.9805,88.9296,
100,32,524288,2048,layered,2048/2048/2048,graph,108,86.8314,16.7615,86.8911,86.8314,
100,32,524288,2048,layered,2048/2048/2048,graph,109,87.7381,16.7615,87.7908,87.7381,
100,32,524288,2048,layered,2048/2048/2048,graph,110,91.3980,16.7615,91.4510,91.3980,
100,32,524288,2048,layered,2048/2048/2048,graph,111,89.6404,16.7615,89.6879,89.6404,
100,32,524288,2048,layered,2048/2048/2048,graph,112,89.7049,16.7615,89.7672,89.7049,
100,32,524288,2048,layered,2048/2048/2048,graph,113,91.4475,16.7615,91.5000,91.4475,
100,32,524288,2048,layered,2048/2048/2048,graph,114,89.6043,16.7615,89.6516,89.6043,
100,32,524288,2048,layered,2048/2048/2048,graph,115,89.5181,16.7615,89.5766,89.5181,
100,32,524288,2048,layered,2048/2048/2048,graph,116,89.8501,16.7615,89.8995,89.8501,
100,32,524288,2048,layered,2048/2048/2048,graph,117,89.5867,16.7615,89.6474,89.5867,
100,32,524288,2048,layered,2048/2048/2048,graph,118,87.2418,16.7615,87.2967,87.2418,
100,32,524288,2048,layered,2048/2048/2048,graph,119,87.7360,16.7615,87.7883,87.7360,
100,32,524288,2048,layered,2048/2048/2048,graph,120,88.9576,16.7615,89.0053,88.9576,
100,32,524288,2048,layered,2048/2048/2048,graph,121,89.5368,16.7615,89.5893,89.5368,
100,32,524288,2048,layered,2048/2048/2048,graph,122,89.5420,16.7615,89.6004,89.5420,
100,32,524288,2048,layered,2048/2048/2048,graph,123,86.3078,16.7615,86.3610,86.3078,
100,32,524288,2048,layered,2048/2048/2048,graph,124,89.4373,16.7615,89.4852,89.4373,
100,32,524288,2048,layered,2048/2048/2048,graph,125,89.8399,16.7615,89.8877,89.8399,
100,32,524288,2048,layered,2048/2048/2048,graph,126,88.1045,16.7615,88.1585,88.1045,
100,32,524288,2048,layered,2048/2048/2048,graph,127,87.9880,16.7615,88.0388,87.9880,
100,32,524288,2048,layered,2048/2048/2048,graph,128,91.4536,16.7615,91.5071,91.4536,
100,32,524288,2048,layered,2048/2048/2048,graph,129,87.4067,16.7615,87.4635,87.4067,
100,32,524288,2048,layered,2048/2048/2048,graph,130,90.8727,16.7615,90.9247,90.8727,
100,32,524288,2048,layered,2048/2048/2048,graph,131,89.9262,16.7615,89.9788,89.9262,
100,32,524288,2048,layered,2048/2048/2048,graph,132,87.6353,16.7615,87.6864,87.6353,
100,32,524288,2048,layered,2048/2048/2048,graph,133,89.8994,16.7615,89.9519,89.8994,
100,32,524288,2048,layered,2048/2048/2048,graph,134,89.2389,16.7615,89.2943,89.2389,
100,32,524288,2048,layered,2048/2048/2048,graph,135,88.6201,16.7615,88.6764,88.6201,
100,32,524288,2048,layered,2048/2048/2048,graph,136,89.1776,16.7615,89.2384,89.1776,
100,32,524288,2048,layered,2048/2048/2048,graph,137,87.9333,16.7615,87.9876,87.9333,
100,32,524288,2048,layered,2048/2048/2048,graph,138,87.3144,16.7615,87.3734,87.3144,
100,32,524288,2048,layered,2048/2048/2048,graph,139,88.7347,16.7615,88.7837,88.7347,
100,32,524288,2048,layered,2048/2048/2048,graph,140,90.0700,16.7615,90.1172,90.0700,
100,32,524288,2048,layered,2048/2048/2048,graph,141,90.5371,16.7615,90.5939,90.5371,
100,32,524288,2048,layered,2048/2048/2048,graph,142,88.0530,16.7615,88.1024,88.0530,
100,32,524288,2048,layered,2048/2048/2048,graph,143,89.9029,16.7615,89.9503,89.9029,
100,32,524288,2048,layered,2048/2048/2048,graph,144,89.9307,16.7615,89.9836,89.9307,
100,32,524288,2048,layered,2048/2048/2048,graph,145,88.4500,16.7615,88.5049,88.4500,
100,32,524288,2048,layered,2048/2048/2048,graph,146,88.7077,16.7615,88.7659,88.7077,
100,32,524288,2048,layered,2048/2048/2048,graph,147,89.7718,16.7615,89.8276,89.7718,
100,32,524288,2048,layered,2048/2048/2048,graph,148,90.7894,16.7615,90.8441,90.7894,
100,32,524288,2048,layered,2048/2048/2048,graph,149,89.2772,16.7615,89.3311,89.2772,
100,32,524288,2048,layered,2048/2048/2048,graph,150,88.9295,16.7615,88.9827,88.9295,
100,32,524288,2048,layered,2048/2048/2048,graph,151,88.5787,16.7615,88.6435,88.5787,
100,32,524288,2048,layered,2048/2048/2048,graph,152,89.5345,16.7615,89.5930,89.5345,
100,32,524288,2048,layered,2048/2048/2048,graph,153,88.3554,16.7615,88.4167,88.3554,
100,32,524288,2048,layered,2048/2048/2048,graph,154,88.1177,16.7615,88.1675,88.1177,
100,32,524288,2048,layered,2048/2048/2048,graph,155,88.9644,16.7615,89.0139,88.9644,
100,32,524288,2048,layered,2048/2048/2048,graph,156,89.1297,16.7615,89.1997,89.1297,
100,32,524288,2048,layered,2048/2048/2048,graph,157,89.5718,16.7615,89.6268,89.5718,
100,32,524288,2048,layered,2048/2048/2048,graph,158,86.9347,16.7615,86.9873,86.9347,
100,32,524288,2048,layered,2048/2048/2048,graph,159,88.4796,16.7615,88.5291,88.4796,
100,32,524288,2048,layered,2048/2048/2048,graph,160,87.8273,16.7615,87.8794,87.8273,
100,32,524288,2048,layered,2048/2048/2048,graph,161,87.4221,16.7615,87.4826,87.4221,
100,32,524288,2048,layered,2048/2048/2048,graph,162,88.9595,16.7615,89.0095,88.9595,
100,32,524288,2048,layered,2048/2048/2048,graph,163,87.8806,16.7615,87.9394,87.8806,
100,32,524288,2048,layered,2048/2048/2048,graph,164,90.0388,16.7615,90.0933,90.0388,
100,32,524288,2048,layered,2048/2048/2048,graph,165,89.2875,16.7615,89.3405,89.2875,
100,32,524288,2048,layered,2048/2048/2048,graph,166,88.6313,16.7615,88.6803,88.6313,
100,32,524288,2048,layered,2048/2048/2048,graph,167,87.4129,16.7615,87.4616,87.4129,
100,32,524288,2048,layered,2048/2048/2048,graph,168,87.9677,16.4869,88.0175,87.9677,
100,32,524288,2048,layered,2048/2048/2048,graph,169,87.3336,16.4869,87.3986,87.3336,
100,32,524288,2048,layered,2048/2048/2048,graph,170,85.9734,16.2124,86.0272,85.9734,
100,32,524288,2048,layered,2048/2048/2048,graph,171,86.4106,16.2124,86.4610,86.4106,
100,32,524288,2048,layered,2048/2048/2048,graph,172,87.4411,15.9378,87.4901,87.4411,
100,32,524288,2048,layered,2048/2048/2048,graph,173,85.5322,15.9378,85.5898,85.5322,
100,32,524288,2048,layered,2048/2048/2048,graph,174,86.0260,15.9378,86.0890,86.0260,
100,32,524288,2048,layered,2048/2048/2048,graph,175,86.5828,15.9378,86.6381,86.5828,
100,32,524288,2048,layered,2048/2048/2048,graph,176,86.4113,15.9378,86.4617,86.4113,
100,32,524288,2048,layered,2048/2048/2048,graph,177,85.6663,15.9378,85.7198,85.6663,
100,32,524288,2048,layered,2048/2048/2048,graph,178,84.7878,15.9378,84.8526,84.7878,
100,32,524288,2048,layered,2048/2048/2048,graph,179,85.2163,15.9378,85.2681,85.2163,
100,32,524288,2048,layered,2048/2048/2048,graph,180,86.2898,15.9378,86.3440,86.2898,
100,32,524288,2048,layered,2048/2048/2048,graph,181,86.4241,15.9378,86.4781,86.4241,
100,32,524288,2048,layered,2048/2048/2048,graph,182,89.1900,15.9378,89.2415,89.1900,
100,32,524288,2048,layered,2048/2048/2048,graph,183,84.7396,15.9378,84.7889,84.7396,
100,32,524288,2048,layered,2048/2048/2048,graph,184,87.9490,15.9378,88.0081,87.9490,
100,32,524288,2048,layered,2048/2048/2048,graph,185,87.5175,15.9378,87.5746,87.5175,
100,32,524288,2048,layered,2048/2048/2048,graph,186,87.1581,15.9378,87.2120,87.1581,
100,32,524288,2048,layered,2048/2048/2048,graph,187,88.4172,15.9378,88.4681,88.4172,
100,32,524288,2048,layered,2048/2048/2048,graph,188,85.9283,15.9378,85.9865,85.9283,
100,32,524288,2048,layered,2048/2048/2048,graph,189,87.7652,15.9378,87.8284,87.7652,
100,32,524288,2048,layered,2048/2048/2048,graph,190,88.0810,15.9378,88.1319,88.0810,
100,32,524288,2048,layered,2048/2048/2048,graph,191,87.2430,15.9378,87.2990,87.2430,
100,32,524288,2048,layered,2048/2048/2048,graph,192,86.9303,16.2124,86.9826,86.9303,
100,32,524288,2048,layered,2048/2048/2048,graph,193,87.8268,16.2124,87.8859,87.8268,
100,32,524288,2048,layered,2048/2048/2048,graph,194,89.5942,16.4869,89.6439,89.5942,
100,32,524288,2048,layered,2048/2048/2048,graph,195,90.5709,16.4869,90.6291,90.5709,
100,32,524288,2048,layered,2048/2048/2048,graph,196,89.6640,16.7615,89.7129,89.6640,
100,32,524288,2048,layered,2048/2048/2048,graph,197,89.8656,16.7615,89.9299,89.8656,
100,32,524288,2048,layered,2048/2048/2048,graph,198,90.2835,16.7615,90.3300,90.2835,
100,32,524288,2048,layered,2048/2048/2048,graph,199,87.9198,16.7615,87.9790,87.9198,
100,32,524288,2048,layered,512/512/512,graph,0,93.9677,22.7825,94.0517,93.9677,
100,32,524288,2048,layered,512/512/512,graph,1,94.3502,22.7825,94.4061,94.3502,
100,32,524288,2048,layered,512/512/512,graph,2,91.9427,22.7825,91.9928,91.9427,
100,32,524288,2048,layered,512/512/512,graph,3,93.3795,22.7825,93.4289,93.3795,
100,32,524288,2048,layered,512/512/512,graph,4,94.0024,22.7825,94.0505,94.0024,
100,32,524288,2048,layered,512/512/512,graph,5,92.8456,22.7825,92.8952,92.8456,
100,32,524288,2048,layered,512/512/512,graph,6,91.4533,22.7825,91.4993,91.4533,
100,32,524288,2048,layered,512/512/512,graph,7,93.4295,23.0571,93.4842,93.4295,
100,32,524288,2048,layered,512/512/512,graph,8,91.8487,22.7825,91.9077,91.8487,
100,32,524288,2048,layered,512/512/512,graph,9,91.9968,23.0571,92.0495,91.9968,
100,32,524288,2048,layered,512/512/512,graph,10,92.2082,22.7825,92.2563,92.2082,
100,32,524288,2048,layered,512/512/512,graph,11,91.2549,23.0571,91.3040,91.2549,
100,32,524288,2048,layered,512/512/512,graph,12,94.5800,22.7825,94.6277,94.5800,
100,32,524288,2048,layered,512/512/512,graph,13,93.1380,22.7825,93.1872,93.1380,
100,32,524288,2048,layered,512/512/512,graph,14,91.6304,22.7825,91.6870,91.6304,
100,32,524288,2048,layered,512/512/512,graph,15,92.0532,22.7825,92.1092,92.0532,
100,32,524288,2048,layered,512/512/512,graph,16,92.9306,22.7825,92.9820,92.9306,
100,32,524288,2048,layered,512/512/512,graph,17,92.6378,22.7825,92.6913,92.6378,
100,32,524288,2048,layered,512/512/512,graph,18,93.0215,22.7825,93.0709,93.0215,
100,32,524288,2048,layered,512/512/512,graph,19,93.6377,22.7825,93.6960,93.6377,
100,32,524288,2048,layered,512/512/512,graph,20,92.3270,22.7825,92.4259,92.3270,
100,32,524288,2048,layered,512/512/512,graph,21,93.9046,22.7825,93.9636,93.9046,
100,32,524288,2048,layered,512/512/512,graph,22,92.8321,22.7825,92.8826,92.8321,
100,32,524288,2048,layered,512/512/512,graph,23,93.2635,22.7825,93.3538,93.2635,
100,32,524288,2048,layered,512/512/512,graph,24,91.0183,22.7825,91.0893,91.0183,
100,32,524288,2048,layered,512/512/512,graph,25,93.0531,22.7825,93.1068,93.0531,
100,32,524288,2048,layered,512/512/512,graph,26,92.3071,22.7825,92.3717,92.3071,
100,32,524288,2048,layered,512/512/512,graph,27,93.3524,22.7825,93.4141,93.3524,
100,32,524288,2048,layered,512/512/512,graph,28,93.2054,22.7825,93.2570,93.2054,
100,32,524288,2048,layered,512/512/512,graph,29,93.0796,22.7825,93.1370,93.0796,
100,32,524288,2048,layered,512/512/512,graph,30,93.6585,22.7825,93.7174,93.6585,
100,32,524288,2048,layered,512/512/512,graph,31,92.4436,22.7825,92.4964,92.4436,
100,32,524288,2048,layered,512/512/512,graph,32,92.9155,22.7825,92.9716,92.9155,
100,32,524288,2048,layered,512/512/512,graph,33,91.8348,22.7825,91.8930,91.8348,
100,32,524288,2048,layered,512/512/512,graph,34,91.4547,22.7825,91.5099,91.4547,
100,32,524288,2048,layered,512/512/512,graph,35,91.6817,22.7825,91.7318,91.6817,
100,32,524288,2048,layered,512/512/512,graph,36,92.8503,22.7825,92.9027,92.8503,
100,32,524288,2048,layered,512/512/512,graph,37,91.8494,22.7825,91.9025,91.8494,
100,32,524288,2048,layered,512/512/512,graph,38,91.1536,22.7825,91.2045,91.1536,
100,32,524288,2048,layered,512/512/512,graph,39,93.9548,22.7825,94.0162,93.9548,
100,32,524288,2048,layered,512/512/512,graph,40,92.8592,22.7825,92.9418,92.8592,
100,32,524288,2048,layered,512/512/512,graph,41,93.0774,22.7825,93.1335,93.0774,
100,32,524288,2048,layered,512/512/512,graph,42,91.8320,22.7825,91.8808,91.8320,
100,32,524288,2048,layered,512/512/512,graph,43,91.7751,22.7825,91.8283,91.7751,
100,32,524288,2048,layered,512/512/512,graph,44,91.7203,22.7825,91.7683,91.7203,
100,32,524288,2048,layered,512/512/512,graph,45,91.5255,22.7825,91.5752,91.5255,
100,32,524288,2048,layered,512/512/512,graph,46,93.8236,22.7825,93.8750,93.8236,
100,32,524288,2048,layered,512/512/512,graph,47,91.8659,22.7825,91.9273,91.8659,
100,32,524288,2048,layered,512/512/512,graph,48,91.8892,22.7825,91.9393,91.8892,
100,32,524288,2048,layered,512/512/512,graph,49,93.1898,22.7825,93.2386,93.1898,
100,32,524288,2048,layered,512/512/512,graph,50,92.5035,22.7825,92.5553,92.5035,
100,32,524288,2048,layered,512/512/512,graph,51,91.8303,22.7825,91.8860,91.8303,
100,32,524288,2048,layered,512/512/512,graph,52,91.1476,22.7825,91.1987,91.1476,
100,32,524288,2048,layered,512/512/512,graph,53,91.7312,22.7825,91.7852,91.7312,
100,32,524288,2048,layered,512/512/512,graph,54,91.7959,22.7825,91.8515,91.7959,
100,32,524288,2048,layered,512/512/512,graph,55,92.8426,22.7825,92.9015,92.8426,
100,32,524288,2048,layered,512/512/512,graph,56,91.9814,22.7825,92.0383,91.9814,
100,32,524288,2048,layered,512/512/512,graph,57,93.7834,22.7825,93.8374,93.7834,
100,32,524288,2048,layered,512/512/512,graph,58,93.4185,22.7825,93.4707,93.4185,
100,32,524288,2048,layered,512/512/512,graph,59,93.0742,22.7825,93.1352,93.0742,
100,32,524288,2048,layered,512/512/512,graph,60,90.9368,22.7825,90.9899,90.9368,
100,32,524288,2048,layered,512/512/512,graph,61,92.4975,22.7825,92.5487,92.4975,
100,32,524288,2048,layered,512/512/512,graph,62,91.8590,22.7825,91.9164,91.8590,
100,32,524288,2048,layered,512/512/512,graph,63,93.1268,22.7825,93.1783,93.1268,
100,32,524288,2048,layered,512/512/512,graph,64,91.2189,23.0571,91.2783,91.2189,
100,32,524288,2048,layered,512/512/512,graph,65,91.9889,23.0571,92.0564,91.9889,
100,32,524288,2048,layered,512/512/512,graph,66,92.0908,23.3317,92.1493,92.0908,
100,32,524288,2048,layered,512/512/512,graph,67,92.6578,23.3317,92.7166,92.6578,
100,32,524288,2048,layered,512/512/512,graph,68,92.6267,23.6063,92.6832,92.6267,
100,32,524288,2048,layered,512/512/512,graph,69,95.2398,23.6063,95.3021,95.2398,
100,32,524288,2048,layered,512/512/512,graph,70,93.3542,23.3317,93.4133,93.3542,
100,32,524288,2048,layered,512/512/512,graph,71,93.4738,23.3317,93.5304,93.4738,
100,32,524288,2048,layered,512/512/512,graph,72,93.8549,23.0571,93.9079,93.8549,
100,32,524288,2048,layered,512/512/512,graph,73,93.8772,23.0571,93.9336,93.8772,
100,32,524288,2048,layered,512/512/512,graph,74,91.3383,22.7825,91.4019,91.3383,
100,32,524288,2048,layered,512/512/512,graph,75,93.6474,22.7825,93.7092,93.6474,
100,32,524288,2048,layered,512/512/512,graph,76,94.1467,22.7825,94.1988,94.1467,
100,32,524288,2048,layered,512/512/512,graph,77,92.2294,22.7825,92.2905,92.2294,
100,32,524288,2048,layered,512/512/512,graph,78,93.0239,22.7825,93.0754,93.0239,
100,32,524288,2048,layered,512/512/512,graph,79,92.1631,22.7825,92.2108,92.1631,
100,32,524288,2048,layered,512/512/512,graph,80,92.5379,22.7825,92.6053,92.5379,
100,32,524288,2048,layered,512/512/512,graph,81,92.2005,22.7825,92.2612,92.2005,
100,32,524288,2048,layered,512/512/512,graph,82,91.5747,22.7825,91.6288,91.5747,
100,32,524288,2048,layered,512/512/512,graph,83,91.5244,22.7825,91.5752,91.5244,
100,32,524288,2048,layered,512/512/512,graph,84,92.7474,22.7825,92.8041,92.7474,
100,32,524288,2048,layered,512/512/512,graph,85,94.4011,22.7825,94.4564,94.4011,
100,32,524288,2048,layered,512/512/512,graph,86,90.9900,23.0571,91.0463,90.9900,
100,32,524288,2048,layered,512/512/512,graph,87,91.1211,22.7825,91.2496,91.1211,
100,32,524288,2048,layered,512/512/512,graph,88,91.2309,23.0571,91.3050,91.2309,
100,32,524288,2048,layered,512/512/512,graph,89,92.8327,22.7825,92.8954,92.8327,
100,32,524288,2048,layered,512/512/512,graph,90,92.9641,23.0571,93.0278,92.9641,
100,32,524288,2048,layered,512/512/512,graph,91,93.4966,22.7825,93.5765,93.4966,
100,32,524288,2048,layered,512/512/512,graph,92,92.4286,22.7825,92.4879,92.4286,
100,32,524288,2048,layered,512/512/512,graph,93,91.2307,22.7825,91.2872,91.2307,
100,32,524288,2048,layered,512/512/512,graph,94,92.4022,22.7825,92.4569,92.4022,
100,32,524288,2048,layered,512/512/512,graph,95,91.9315,22.7825,91.9830,91.9315,
100,32,524288,2048,layered,512/512/512,graph,96,91.0244,22.7825,91.0815,91.0244,
100,32,524288,2048,layered,512/512/512,graph,97,92.3176,22.7825,92.3792,92.3176,
100,32,524288,2048,layered,512/512/512,graph,98,92.2427,22.7825,92.2930,92.2427,
100,32,524288,2048,layered,512/512/512,graph,99,93.1957,22.7825,93.2455,93.1957,
100,32,524288,2048,layered,512/512/512,graph,100,92.3433,22.7825,92.3987,92.3433,
100,32,524288,2048,layered,512/512/512,graph,101,91.1487,22.7825,91.2030,91.1487,
100,32,524288,2048,layered,512/512/512,graph,102,92.5148,22.7825,92.5708,92.5148,
100,32,524288,2048,layered,512/512/512,graph,103,91.8511,23.0571,91.9027,91.8511,
100,32,524288,2048,layered,512/512/512,graph,104,91.5659,22.7825,91.6141,91.5659,
100,32,524288,2048,layered,512/512/512,graph,105,93.3405,23.0571,93.3918,93.3405,
100,32,524288,2048,layered,512/512/512,graph,106,94.6841,22.7825,94.7537,94.6841,
100,32,524288,2048,layered,512/512/512,graph,107,93.2205,23.0571,93.2728,93.2205,
100,32,524288,2048,layered,512/512/512,graph,108,93.7387,22.7825,93.7932,93.7387,
100,32,524288,2048,layered,512/512/512,graph,109,92.3606,22.7825,92.4271,92.3606,
100,32,524288,2048,layered,512/512/512,graph,110,91.5779,22.7825,91.6346,91.5779,
100,32,524288,2048,layered,512/512/512,graph,111,92.0111,22.7825,92.0630,92.0111,
100,32,524288,2048,layered,512/512/512,graph,112,93.5685,22.7825,93.6271,93.5685,
100,32,524288,2048,layered,512/512/512,graph,113,92.3056,22.7825,92.3591,92.3056,
100,32,524288,2048,layered,512/512/512,graph,114,93.6111,22.7825,93.6779,93.6111,
100,32,524288,2048,layered,512/512/512,graph,115,93.7812,22.7825,93.8390,93.7812,
100,32,524288,2048,layered,512/512/512,graph,116,92.7235,22.7825,92.7828,92.7235,
100,32,524288,2048,layered,512/512/512,graph,117,93.8680,22.7825,93.9196,93.8680,
100,32,524288,2048,layered,512/512/512,graph,118,91.3300,22.7825,91.3855,91.3300,
100,32,524288,2048,layered,512/512/512,graph,119,91.5800,22.7825,91.6314,91.5800,
100,32,524288,2048,layered,512/512/512,graph,120,93.1268,22.7825,93.1872,93.1268,
100,32,524288,2048,layered,512/512/512,graph,121,91.7795,22.7825,91.8499,91.7795,
100,32,524288,2048,layered,512/512/512,graph,122,91.3711,22.7825,91.4281,91.3711,
100,32,524288,2048,layered,512/512/512,graph,123,92.7380,22.7825,92.7907,92.7380,
100,32,524288,2048,layered,512/512/512,graph,124,91.1510,22.7825,91.2020,91.1510,
100,32,524288,2048,layered,512/512/512,graph,125,92.9929,22.7825,93.0437,92.9929,
100,32,524288,2048,layered,512/512/512,graph,126,91.2306,22.7825,91.2833,91.2306,
100,32,524288,2048,layered,512/512/512,graph,127,94.1107,22.7825,94.1651,94.1107,
100,32,524288,2048,layered,512/512/512,graph,128,93.7759,22.7825,93.8366,93.7759,
100,32,524288,2048,layered,512/512/512,graph,129,93.6520,22.7825,93.7170,93.6520,
100,32,524288,2048,layered,512/512/512,graph,130,91.3317,22.7825,91.3859,91.3317,
100,32,524288,2048,layered,512/512/512,graph,131,93.0005,22.7825,93.0498,93.0005,
100,32,524288,2048,layered,512/512/512,graph,132,92.7448,22.7825,92.8018,92.7448,
100,32,524288,2048,layered,512/512/512,graph,133,91.8875,22.7825,91.9493,91.8875,
100,32,524288,2048,layered,512/512/512,graph,134,93.5292,22.7825,93.5849,93.5292,
100,32,524288,2048,layered,512/512/512,graph,135,93.4937,22.7825,93.5447,93.4937,
100,32,524288,2048,layered,512/512/512,graph,136,92.6857,22.7825,92.7466,92.6857,
100,32,524288,2048,layered,512/512/512,graph,137,93.1995,22.7825,93.2827,93.1995,
100,32,524288,2048,layered,512/512/512,graph,138,92.8638,22.7825,92.9197,92.8638,
100,32,524288,2048,layered,512/512/512,graph,139,92.2165,22.7825,92.2861,92.2165,
100,32,524288,2048,layered,512/512/512,graph,140,93.1736,22.7825,93.2379,93.1736,
100,32,524288,2048,layered,512/512/512,graph,141,94.0049,22.7825,94.0688,94.0049,
100,32,524288,2048,layered,512/512/512,graph,142,94.0781,22.7825,94.1284,94.0781,
100,32,524288,2048,layered,512/512/512,graph,143,93.6408,22.7825,93.6925,93.6408,
100,32,524288,2048,layered,512/512/512,graph,144,93.3821,22.7825,93.4423,93.3821,
100,32,524288,2048,layered,512/512/512,graph,145,93.5617,22.7825,93.6133,93.5617,
100,32,524288,2048,layered,512/512/512,graph,146,93.1986,22.7825,93.2471,93.1986,
100,32,524288,2048,layered,512/512/512,graph,147,92.4303,22.7825,92.4853,92.4303,
100,32,524288,2048,layered,512/512/512,graph,148,92.3018,22.7825,92.3540,92.3018,
100,32,524288,2048,layered,512/512/512,graph,149,92.7838,22.7825,92.8318,92.7838,
100,32,524288,2048,layered,512/512/512,graph,150,93.3252,22.7825,93.3732,93.3252,
100,32,524288,2048,layered,512/512/512,graph,151,93.0728,22.7825,93.1292,93.0728,
100,32,524288,2048,layered,512/512/512,graph,152,92.9768,22.7825,93.0356,92.9768,
100,32,524288,2048,layered,512/512/512,graph,153,92.3963,22.7825,92.4497,92.3963,
100,32,524288,2048,layered,512/512/512,graph,154,92.7317,22.7825,92.7888,92.7317,
100,32,524288,2048,layered,512/512/512,graph,155,91.3380,22.7825,91.3937,91.3380,
100,32,524288,2048,layered,512/512/512,graph,156,93.1388,22.7825,93.1877,93.1388,
100,32,524288,2048,layered,512/512/512,graph,157,93.8004,22.7825,93.8650,93.8004,
100,32,524288,2048,layered,512/512/512,graph,158,92.6257,22.7825,92.6803,92.6257,
100,32,524288,2048,layered,512/512/512,graph,159,92.8347,22.7825,92.8816,92.8347,
100,32,524288,2048,layered,512/512/512,graph,160,92.4141,23.0571,92.4651,92.4141,
100,32,524288,2048,layered,512/512/512,graph,161,94.4220,23.0571,94.4782,94.4220,
100,32,524288,2048,layered,512/512/512,graph,162,93.8446,23.3317,93.8988,93.8446,
100,32,524288,2048,layered,512/512/512,graph,163,94.2808,23.3317,94.3348,94.2808,
100,32,524288,2048,layered,512/512/512,graph,164,93.0736,23.6063,93.1268,93.0736,
100,32,524288,2048,layered,512/512/512,graph,165,92.4001,23.6063,92.4476,92.4001,
100,32,524288,2048,layered,512/512/512,graph,166,93.4044,23.3317,93.4599,93.4044,
100,32,524288,2048,layered,512/512/512,graph,167,92.5258,23.3317,92.5845,92.5258,
100,32,524288,2048,layered,512/512/512,graph,168,93.2861,23.0571,93.3400,93.2861,
100,32,524288,2048,layered,512/512/512,graph,169,92.6267,23.0571,92.6815,92.6267,
100,32,524288,2048,layered,512/512/512,graph,170,92.4737,22.7825,92.5290,92.4737,
100,32,524288,2048,layered,512/512/512,graph,171,91.2494,22.7825,91.3040,91.2494,
100,32,524288,2048,layered,512/512/512,graph,172,93.9916,22.7825,94.0406,93.9916,
100,32,524288,2048,layered,512/512/512,graph,173,92.8362,22.7825,92.8884,92.8362,
100,32,524288,2048,layered,512/512/512,graph,174,91.6671,22.7825,91.7231,91.6671,
100,32,524288,2048,layered,512/512/512,graph,175,93.2104,22.7825,93.2724,93.2104,
100,32,524288,2048,layered,512/512/512,graph,176,93.4070,22.7825,93.4633,93.4070,
100,32,524288,2048,layered,512/512/512,graph,177,92.3123,22.7825,92.3845,92.3123,
100,32,524288,2048,layered,512/512/512,graph,178,91.6539,22.7825,91.7332,91.6539,
100,32,524288,2048,layered,512/512/512,graph,179,92.3949,22.7825,92.4505,92.3949,
100,32,524288,2048,layered,512/512/512,graph,180,92.2713,22.7825,92.3214,92.2713,
100,32,524288,2048,layered,512/512/512,graph,181,91.9125,22.7825,91.9659,91.9125,
100,32,524288,2048,layered,512/512/512,graph,182,92.0704,23.0571,92.1219,92.0704,
100,32,524288,2048,layered,512/512/512,graph,183,92.1208,22.7825,92.1800,92.1208,
100,32,524288,2048,layered,512/512/512,graph,184,93.9327,23.0571,93.9869,93.9327,
100,32,524288,2048,layered,512/512/512,graph,185,93.4565,22.7825,93.5147,93.4565,
100,32,524288,2048,layered,512/512/512,graph,186,91.5405,23.0571,91.5988,91.5405,
100,32,524288,2048,layered,512/512/512,graph,187,93.8596,22.7825,93.9171,93.8596,
100,32,524288,2048,layered,512/512/512,graph,188,91.2701,22.7825,91.3192,91.2701,
100,32,524288,2048,layered,512/512/512,graph,189,93.9324,22.7825,93.9855,93.9324,
100,32,524288,2048,layered,512/512/512,graph,190,92.3886,22.7825,92.4347,92.3886,
100,32,524288,2048,layered,512/512/512,graph,191,92.0721,22.7825,92.1390,92.0721,
100,32,524288,2048,layered,512/512/512,graph,192,91.6320,22.7825,91.6897,91.6320,
100,32,524288,2048,layered,512/512/512,graph,193,93.2182,22.7825,93.2670,93.2182,
100,32,524288,2048,layered,512/512/512,graph,194,93.7274,22.7825,93.7811,93.7274,
100,32,524288,2048,layered,512/512/512,graph,195,93.8093,22.7825,93.8571,93.8093,
100,32,524288,2048,layered,512/512/512,graph,196,92.5250,22.7825,92.5806,92.5250,
100,32,524288,2048,layered,512/512/512,graph,197,92.9005,22.7825,92.9606,92.9005,
100,32,524288,2048,layered,512/512/512,graph,198,92.7786,22.7825,92.8347,92.7786,
100,32,524288,2048,layered,512/512/512,graph,199,93.3406,23.0571,93.3951,93.3406,
100,32,524288,2048,layered,1536/1536/1536,graph,0,84.8764,16.2124,84.9290,84.8764,
100,32,524288,2048,layered,1536/1536/1536,graph,1,84.3578,16.2124,84.4050,84.3578,
100,32,524288,2048,layered,1536/1536/1536,graph,2,85.4592,16.4869,85.5056,85.4592,
100,32,524288,2048,layered,1536/1536/1536,graph,3,84.7790,16.4869,84.8348,84.7790,
100,32,524288,2048,layered,1536/1536/1536,graph,4,87.3698,16.7615,87.4181,87.3698,
100,32,524288,2048,layered,1536/1536/1536,graph,5,86.9341,16.7615,86.9883,86.9341,
100,32,524288,2048,layered,1536/1536/1536,graph,6,86.7291,16.7615,86.7816,86.7291,
100,32,524288,2048,layered,1536/1536/1536,graph,7,86.3748,16.7615,86.4224,86.3748,
100,32,524288,2048,layered,1536/1536/1536,graph,8,88.3939,16.7615,88.4521,88.3939,
100,32,524288,2048,layered,1536/1536/1536,graph,9,87.4123,16.7615,87.4660,87.4123,
100,32,524288,2048,layered,1536/1536/1536,graph,10,87.7673,16.7615,87.8502,87.7673,
100,32,524288,2048,layered,1536/1536/1536,graph,11,86.4558,16.7615,86.5229,86.4558,
100,32,524288,2048,layered,1536/1536/1536,graph,12,85.5341,16.7615,85.5863,85.5341,
100,32,524288,2048,layered,1536/1536/1536,graph,13,87.4328,16.7615,87.4894,87.4328,
100,32,524288,2048,layered,1536/1536/1536,graph,14,86.5086,16.7615,86.5545,86.5086,
100,32,524288,2048,layered,1536/1536/1536,graph,15,86.6978,16.7615,86.7456,86.6978,
100,32,524288,2048,layered,1536/1536/1536,graph,16,87.2266,16.7615,87.2842,87.2266,
100,32,524288,2048,layered,1536/1536/1536,graph,17,86.9717,16.7615,87.0356,86.9717,
100,32,524288,2048,layered,1536/1536/1536,graph,18,87.3295,16.7615,87.3960,87.3295,
100,32,524288,2048,layered,1536/1536/1536,graph,19,87.1141,16.7615,87.1646,87.1141,
100,32,524288,2048,layered,1536/1536/1536,graph,20,87.2046,16.7615,87.2562,87.2046,
100,32,524288,2048,layered,1536/1536/1536,graph,21,86.4373,16.7615,86.4938,86.4373,
100,32,524288,2048,layered,1536/1536/1536,graph,22,85.9316,16.7615,85.9779,85.9316,
100,32,524288,2048,layered,1536/1536/1536,graph,23,87.8815,16.7615,87.9385,87.8815,
100,32,524288,2048,layered,1536/1536/1536,graph,24,86.7059,16.7615,86.7599,86.7059,
100,32,524288,2048,layered,1536/1536/1536,graph,25,86.9788,16.7615,87.0256,86.9788,
100,32,524288,2048,layered,1536/1536/1536,graph,26,89.0691,16.7615,89.1196,89.0691,
100,32,524288,2048,layered,1536/1536/1536,graph,27,87.8370,16.7615,87.8858,87.8370,
100,32,524288,2048,layered,1536/1536/1536,graph,28,87.6340,16.7615,87.6874,87.6340,
100,32,524288,2048,layered,1536/1536/1536,graph,29,86.1318,16.7615,86.1761,86.1318,
100,32,524288,2048,layered,1536/1536/1536,graph,30,88.4315,16.7615,88.4765,88.4315,
100,32,524288,2048,layered,1536/1536/1536,graph,31,88.1117,16.7615,88.1633,88.1117,
100,32,524288,2048,layered,1536/1536/1536,graph,32,86.6934,16.7615,86.7407,86.6934,
100,32,524288,2048,layered,1536/1536/1536,graph,33,87.1642,16.7615,87.2148,87.1642,
100,32,524288,2048,layered,1536/1536/1536,graph,34,87.6553,16.7615,87.7071,87.6553,
100,32,524288,2048,layered,1536/1536/1536,graph,35,87.9964,16.7615,88.0477,87.9964,
100,32,524288,2048,layered,1536/1536/1536,graph,36,86.3092,16.7615,86.3630,86.3092,
100,32,524288,2048,layered,1536/1536/1536,graph,37,87.9600,16.7615,88.0146,87.9600,
100,32,524288,2048,layered,1536/1536/1536,graph,38,87.6016,16.7615,87.6550,87.6016,
100,32,524288,2048,layered,1536/1536/1536,graph,39,87.4259,16.7615,87.4914,87.4259,
100,32,524288,2048,layered,1536/1536/1536,graph,40,85.5326,16.7615,85.5821,85.5326,
100,32,524288,2048,layered,1536/1536/1536,graph,41,89.1790,16.7615,89.2245,89.1790,
100,32,524288,2048,layered,1536/1536/1536,graph,42,86.5651,16.7615,86.6159,86.5651,
100,32,524288,2048,layered,1536/1536/1536,graph,43,87.8769,16.7615,87.9256,87.8769,
100,32,524288,2048,layered,1536/1536/1536,graph,44,87.4923,16.7615,87.5406,87.4923,
100,32,524288,2048,layered,1536/1536/1536,graph,45,88.7089,16.7615,88.7619,88.7089,
100,32,524288,2048,layered,1536/1536/1536,graph,46,86.4613,16.7615,86.5104,86.4613,
100,32,524288,2048,layered,1536/1536/1536,graph,47,87.1828,16.7615,87.2297,87.1828,
100,32,524288,2048,layered,1536/1536/1536,graph,48,87.4809,16.7615,87.5300,87.4809,
100,32,524288,2048,layered,1536/1536/1536,graph,49,87.1751,16.7615,87.2263,87.1751,
100,32,524288,2048,layered,1536/1536/1536,graph,50,89.4140,16.7615,89.4744,89.4140,
100,32,524288,2048,layered,1536/1536/1536,graph,51,86.9305,16.7615,86.9841,86.9305,
100,32,524288,2048,layered,1536/1536/1536,graph,52,88.9425,16.7615,88.9900,88.9425,
100,32,524288,2048,layered,1536/1536/1536,graph,53,88.2606,16.7615,88.3095,88.2606,
100,32,524288,2048,layered,1536/1536/1536,graph,54,86.6284,16.7615,86.6827,86.6284,
100,32,524288,2048,layered,1536/1536/1536,graph,55,87.0884,16.7615,87.1486,87.0884,
100,32,524288,2048,layered,1536/1536/1536,graph,56,86.2827,16.7615,86.3343,86.2827,
100,32,524288,2048,layered,1536/1536/1536,graph,57,86.8266,16.7615,86.8755,86.8266,
100,32,524288,2048,layered,1536/1536/1536,graph,58,88.1675,16.7615,88.2335,88.1675,
100,32,524288,2048,layered,1536/1536/1536,graph,59,87.8836,16.7615,87.9364,87.8836,
100,32,524288,2048,layered,1536/1536/1536,graph,60,86.4095,16.7615,86.4666,86.4095,
100,32,524288,2048,layered,1536/1536/1536,graph,61,86.9251,16.7615,86.9775,86.9251,
100,32,524288,2048,layered,1536/1536/1536,graph,62,88.3818,16.7615,88.4290,88.3818,
100,32,524288,2048,layered,1536/1536/1536,graph,63,87.0162,16.7615,87.0648,87.0162,
100,32,524288,2048,layered,1536/1536/1536,graph,64,86.5917,16.7615,86.6460,86.5917,
100,32,524288,2048,layered,1536/1536/1536,graph,65,87.1623,16.7615,87.2103,87.1623,
100,32,524288,2048,layered,1536/1536/1536,graph,66,88.6367,16.7615,88.6993,88.6367,
100,32,524288,2048,layered,1536/1536/1536,graph,67,88.2658,16.7615,88.3415,88.2658,
100,32,524288,2048,layered,1536/1536/1536,graph,68,86.2156,16.7615,86.2977,86.2156,
100,32,524288,2048,layered,1536/1536/1536,graph,69,87.5433,16.7615,87.5951,87.5433,
100,32,524288,2048,layered,1536/1536/1536,graph,70,86.8159,16.7615,86.8620,86.8159,
100,32,524288,2048,layered,1536/1536/1536,graph,71,87.2466,16.7615,87.2976,87.2466,
100,32,524288,2048,layered,1536/1536/1536,graph,72,86.5146,16.4869,86.5698,86.5146,
100,32,524288,2048,layered,1536/1536/1536,graph,73,86.5228,16.4869,86.5695,86.5228,
100,32,524288,2048,layered,1536/1536/1536,graph,74,85.3811,16.2124,85.4307,85.3811,
100,32,524288,2048,layered,1536/1536/1536,graph,75,86.4673,16.2124,86.5133,86.4673,
100,32,524288,2048,layered,1536/1536/1536,graph,76,85.9411,15.9378,85.9965,85.9411,
100,32,524288,2048,layered,1536/1536/1536,graph,77,85.0639,15.9378,85.1129,85.0639,
100,32,524288,2048,layered,1536/1536/1536,graph,78,85.5875,15.9378,85.6348,85.5875,
100,32,524288,2048,layered,1536/1536/1536,graph,79,85.1404,15.9378,85.1924,85.1404,
100,32,524288,2048,layered,1536/1536/1536,graph,80,85.3130,15.9378,85.3685,85.3130,
100,32,524288,2048,layered,1536/1536/1536,graph,81,85.3929,15.9378,85.4503,85.3929,
100,32,524288,2048,layered,1536/1536/1536,graph,82,86.2091,15.9378,86.2652,86.2091,
100,32,524288,2048,layered,1536/1536/1536,graph,83,85.3365,15.9378,85.3930,85.3365,
100,32,524288,2048,layered,1536/1536/1536,graph,84,84.7754,15.9378,84.8335,84.7754,
100,32,524288,2048,layered,1536/1536/1536,graph,85,84.2075,15.9378,84.2649,84.2075,
100,32,524288,2048,layered,1536/1536/1536,graph,86,85.1597,15.9378,85.2175,85.1597,
100,32,524288,2048,layered,1536/1536/1536,graph,87,86.2485,15.9378,86.3034,86.2485,
100,32,524288,2048,layered,1536/1536/1536,graph,88,84.5526,15.9378,84.6035,84.5526,
100,32,524288,2048,layered,1536/1536/1536,graph,89,86.0554,15.9378,86.1033,86.0554,
100,32,524288,2048,layered,1536/1536/1536,graph,90,84.7974,15.9378,84.8549,84.7974,
100,32,524288,2048,layered,1536/1536/1536,graph,91,85.1755,15.9378,85.2389,85.1755,
100,32,524288,2048,layered,1536/1536/1536,graph,92,84.5628,15.9378,84.6244,84.5628,
100,32,524288,2048,layered,1536/1536/1536,graph,93,85.3895,15.9378,85.4384,85.3895,
100,32,524288,2048,layered,1536/1536/1536,graph,94,85.1469,15.9378,85.1969,85.1469,
100,32,524288,2048,layered,1536/1536/1536,graph,95,84.5160,15.9378,84.5771,84.5160,
100,32,524288,2048,layered,1536/1536/1536,graph,96,84.9765,16.2124,85.0325,84.9765,
100,32,524288,2048,layered,1536/1536/1536,graph,97,85.0424,16.2124,85.1054,85.0424,
100,32,524288,2048,layered,1536/1536/1536,graph,98,87.3474,16.4869,87.4016,87.3474,
100,32,524288,2048,layered,1536/1536/1536,graph,99,87.4699,16.4869,87.5220,87.4699,
100,32,524288,2048,layered,1536/1536/1536,graph,100,87.8454,16.7615,87.9060,87.8454,
100,32,524288,2048,layered,1536/1536/1536,graph,101,86.2477,16.7615,86.3073,86.2477,
100,32,524288,2048,layered,1536/1536/1536,graph,102,88.0666,16.7615,88.1174,88.0666,
100,32,524288,2048,layered,1536/1536/1536,graph,103,86.9688,16.7615,87.0273,86.9688,
100,32,524288,2048,layered,1536/1536/1536,graph,104,86.7872,16.7615,86.8439,86.7872,
100,32,524288,2048,layered,1536/1536/1536,graph,105,86.0619,16.7615,86.1131,86.0619,
100,32,524288,2048,layered,1536/1536/1536,graph,106,86.1834,16.7615,86.2334,86.1834,
100,32,524288,2048,layered,1536/1536/1536,graph,107,87.7223,16.7615,87.7668,87.7223,
100,32,524288,2048,layered,1536/1536/1536,graph,108,86.2061,16.7615,86.2525,86.2061,
100,32,524288,2048,layered,1536/1536/1536,graph,109,86.9980,16.7615,87.0458,86.9980,
100,32,524288,2048,layered,1536/1536/1536,graph,110,86.6824,16.7615,86.7273,86.6824,
100,32,524288,2048,layered,1536/1536/1536,graph,111,87.5843,16.7615,87.6461,87.5843,
100,32,524288,2048,layered,1536/1536/1536,graph,112,87.9165,16.7615,87.9642,87.9165,
100,32,524288,2048,layered,1536/1536/1536,graph,113,85.8140,16.7615,85.8623,85.8140,
100,32,524288,2048,layered,1536/1536/1536,graph,114,85.5980,16.7615,85.6504,85.5980,
100,32,524288,2048,layered,1536/1536/1536,graph,115,87.0974,16.7615,87.1528,87.0974,
100,32,524288,2048,layered,1536/1536/1536,graph,116,86.7846,16.7615,86.8466,86.7846,
100,32,524288,2048,layered,1536/1536/1536,graph,117,88.0345,16.7615,88.0843,88.0345,
100,32,524288,2048,layered,1536/1536/1536,graph,118,85.7224,16.7615,85.7734,85.7224,
100,32,524288,2048,layered,1536/1536/1536,graph,119,86.4477,16.7615,86.5057,86.4477,
100,32,524288,2048,layered,1536/1536/1536,graph,120,85.6165,16.7615,85.6725,85.6165,
100,32,524288,2048,layered,1536/1536/1536,graph,121,86.6349,16.7615,86.6884,86.6349,
100,32,524288,2048,layered,1536/1536/1536,graph,122,87.6369,16.7615,87.6879,87.6369,
100,32,524288,2048,layered,1536/1536/1536,graph,123,88.0005,16.7615,88.0509,88.0005,
100,32,524288,2048,layered,1536/1536/1536,graph,124,87.6013,16.7615,87.6698,87.6013,
100,32,524288,2048,layered,1536/1536/1536,graph,125,86.6861,16.7615,86.7522,86.6861,
100,32,524288,2048,layered,1536/1536/1536,graph,126,86.6096,16.7615,86.6621,86.6096,
100,32,524288,2048,layered,1536/1536/1536,graph,127,88.7940,16.7615,88.8466,88.7940,
100,32,524288,2048,layered,1536/1536/1536,graph,128,86.9759,16.7615,87.0586,86.9759,
100,32,524288,2048,layered,1536/1536/1536,graph,129,87.3938,16.7615,87.4479,87.3938,
100,32,524288,2048,layered,1536/1536/1536,graph,130,87.0480,16.7615,87.1051,87.0480,
100,32,524288,2048,layered,1536/1536/1536,graph,131,87.7447,16.7615,87.7920,87.7447,
100,32,524288,2048,layered,1536/1536/1536,graph,132,87.6788,16.7615,87.7288,87.6788,
100,32,524288,2048,layered,1536/1536/1536,graph,133,87.8455,16.7615,87.9077,87.8455,
100,32,524288,2048,layered,1536/1536/1536,graph,134,87.5802,16.7615,87.6297,87.5802,
100,32,524288,2048,layered,1536/1536/1536,graph,135,87.2096,16.7615,87.2662,87.2096,
100,32,524288,2048,layered,1536/1536/1536,graph,136,88.4735,16.7615,88.5220,88.4735,
100,32,524288,2048,layered,1536/1536/1536,graph,137,89.0797,16.7615,89.1267,89.0797,
100,32,524288,2048,layered,1536/1536/1536,graph,138,86.8765,16.7615,86.9271,86.8765,
100,32,524288,2048,layered,1536/1536/1536,graph,139,87.1763,16.7615,87.2261,87.1763,
100,32,524288,2048,layered,1536/1536/1536,graph,140,87.5101,16.7615,87.5693,87.5101,
100,32,524288,2048,layered,1536/1536/1536,graph,141,87.9908,16.7615,88.0438,87.9908,
100,32,524288,2048,layered,1536/1536/1536,graph,142,88.4371,16.7615,88.4924,88.4371,
100,32,524288,2048,layered,1536/1536/1536,graph,143,86.9748,16.7615,87.0361,86.9748,
100,32,524288,2048,layered,1536/1536/1536,graph,144,85.9203,16.7615,85.9787,85.9203,
100,32,524288,2048,layered,1536/1536/1536,graph,145,88.5588,16.7615,88.6104,88.5588,
100,32,524288,2048,layered,1536/1536/1536,graph,146,86.2748,16.7615,86.3264,86.2748,
100,32,524288,2048,layered,1536/1536/1536,graph,147,88.6987,16.7615,88.7511,88.6987,
100,32,524288,2048,layered,1536/1536/1536,graph,148,88.3856,16.7615,88.4427,88.3856,
100,32,524288,2048,layered,1536/1536/1536,graph,149,86.6352,16.7615,86.6837,86.6352,
100,32,524288,2048,layered,1536/1536/1536,graph,150,87.7175,16.7615,87.7701,87.7175,
100,32,524288,2048,layered,1536/1536/1536,graph,151,86.7810,16.7615,86.8326,86.7810,
100,32,524288,2048,layered,1536/1536/1536,graph,152,87.2622,16.7615,87.3121,87.2622,
100,32,524288,2048,layered,1536/1536/1536,graph,153,87.4544,16.7615,87.5002,87.4544,
100,32,524288,2048,layered,1536/1536/1536,graph,154,88.6880,16.7615,88.7342,88.6880,
100,32,524288,2048,layered,1536/1536/1536,graph,155,85.7256,16.7615,85.7756,85.7256,
100,32,524288,2048,layered,1536/1536/1536,graph,156,88.2060,16.7615,88.2616,88.2060,
100,32,524288,2048,layered,1536/1536/1536,graph,157,86.2230,16.7615,86.2721,86.2230,
100,32,524288,2048,layered,1536/1536/1536,graph,158,86.6990,16.7615,86.7454,86.6990,
100,32,524288,2048,layered,1536/1536/1536,graph,159,87.8222,16.7615,87.8686,87.8222,
100,32,524288,2048,layered,1536/1536/1536,graph,160,88.5467,16.7615,88.5966,88.5467,
100,32,524288,2048,layered,1536/1536/1536,graph,161,86.8985,16.7615,86.9570,86.8985,
100,32,524288,2048,layered,1536/1536/1536,graph,162,88.0483,16.7615,88.0994,88.0483,
100,32,524288,2048,layered,1536/1536/1536,graph,163,87.2597,16.7615,87.3047,87.2597,
100,32,524288,2048,layered,1536/1536/1536,graph,164,87.5329,16.7615,87.5789,87.5329,
100,32,524288,2048,layered,1536/1536/1536,graph,165,87.3366,16.7615,87.3877,87.3366,
100,32,524288,2048,layered,1536/1536/1536,graph,166,86.9761,16.7615,87.0336,86.9761,
100,32,524288,2048,layered,1536/1536/1536,graph,167,86.2927,16.7615,86.3415,86.2927,
100,32,524288,2048,layered,1536/1536/1536,graph,168,87.9438,16.4869,87.9904,87.9438,
100,32,524288,2048,layered,1536/1536/1536,graph,169,86.3939,16.4869,86.4404,86.3939,
100,32,524288,2048,layered,1536/1536/1536,graph,170,86.1904,16.2124,86.2358,86.1904,
100,32,524288,2048,layered,1536/1536/1536,graph,171,86.0958,16.2124,86.1499,86.0958,
100,32,524288,2048,layered,1536/1536/1536,graph,172,85.3408,15.9378,85.3976,85.3408,
100,32,524288,2048,layered,1536/1536/1536,graph,173,86.6069,15.9378,86.6645,86.6069,
100,32,524288,2048,layered,1536/1536/1536,graph,174,86.0208,15.9378,86.0689,86.0208,
100,32,524288,2048,layered,1536/1536/1536,graph,175,86.3380,15.9378,86.3876,86.3380,
100,32,524288,2048,layered,1536/1536/1536,graph,176,86.1015,15.9378,86.1597,86.1015,
100,32,524288,2048,layered,1536/1536/1536,graph,177,85.1215,15.9378,85.1800,85.1215,
100,32,524288,2048,layered,1536/1536/1536,graph,178,84.0566,15.9378,84.1105,84.0566,
100,32,524288,2048,layered,1536/1536/1536,graph,179,85.3315,15.9378,85.3805,85.3315,
100,32,524288,2048,layered,1536/1536/1536,graph,180,84.9011,15.9378,84.9507,84.9011,
100,32,524288,2048,layered,1536/1536/1536,graph,181,85.5952,15.9378,85.6505,85.5952,
100,32,524288,2048,layered,1536/1536/1536,graph,182,85.8516,15.9378,85.9104,85.8516,
100,32,524288,2048,layered,1536/1536/1536,graph,183,85.9277,15.9378,85.9777,85.9277,
100,32,524288,2048,layered,1536/1536/1536,graph,184,85.5924,15.9378,85.6552,85.5924,
100,32,524288,2048,layered,1536/1536/1536,graph,185,85.6805,15.9378,85.7266,85.6805,
100,32,524288,2048,layered,1536/1536/1536,graph,186,85.8840,15.9378,85.9335,85.8840,
100,32,524288,2048,layered,1536/1536/1536,graph,187,85.1243,15.9378,85.1904,85.1243,
100,32,524288,2048,layered,1536/1536/1536,graph,188,85.6211,15.9378,85.6732,85.6211,
100,32,524288,2048,layered,1536/1536/1536,graph,189,85.0020,15.9378,85.0536,85.0020,
100,32,524288,2048,layered,1536/1536/1536,graph,190,84.8285,15.9378,84.8758,84.8285,
100,32,524288,2048,layered,1536/1536/1536,graph,191,87.0875,15.9378,87.1511,87.0875,
100,32,524288,2048,layered,1536/1536/1536,graph,192,85.5986,16.2124,85.6671,85.5986,
100,32,524288,2048,layered,1536/1536/1536,graph,193,84.9012,16.2124,84.9503,84.9012,
100,32,524288,2048,layered,1536/1536/1536,graph,194,85.4088,16.4869,85.4564,85.4088,
100,32,524288,2048,layered,1536/1536/1536,graph,195,85.3312,16.4869,85.3815,85.3312,
100,32,524288,2048,layered,1536/1536/1536,graph,196,85.6784,16.7615,85.7393,85.6784,
100,32,524288,2048,layered,1536/1536/1536,graph,197,86.0692,16.7615,86.1266,86.0692,
100,32,524288,2048,layered,1536/1536/1536,graph,198,85.3960,16.7615,85.4444,85.3960,
100,32,524288,2048,layered,1536/1536/1536,graph,199,85.8638,16.7615,85.9103,85.8638,
100,32,524288,2048,layered,768/768/768,graph,0,82.1294,17.8917,82.1818,82.1294,
100,32,524288,2048,layered,768/768/768,graph,1,91.0943,17.9235,91.1494,91.0943,
100,32,524288,2048,layered,768/768/768,graph,2,90.3171,17.9235,90.3677,90.3171,
100,32,524288,2048,layered,768/768/768,graph,3,96.9968,17.4062,97.0564,96.9968,
100,32,524288,2048,layered,768/768/768,graph,4,95.7000,16.0332,95.7540,95.7000,
100,32,524288,2048,layered,768/768/768,graph,5,81.3774,18.7155,81.4226,81.3774,
100,32,524288,2048,layered,768/768/768,graph,6,88.5685,17.0998,88.6189,88.5685,
100,32,524288,2048,layered,768/768/768,graph,7,89.0310,18.1981,89.0849,89.0310,
100,32,524288,2048,layered,768/768/768,graph,8,74.7695,17.5853,74.8427,74.7695,
100,32,524288,2048,layered,768/768/768,graph,9,95.6106,17.6808,95.6620,95.6106,
100,32,524288,2048,layered,768/768/768,graph,10,82.4462,17.3425,82.5041,82.4462,
100,32,524288,2048,layered,768/768/768,graph,11,95.3864,17.1316,95.4350,95.3864,
100,32,524288,2048,layered,768/768/768,graph,12,95.6916,17.1316,95.7475,95.6916,
100,32,524288,2048,layered,768/768/768,graph,13,81.0010,17.8917,81.0528,81.0010,
100,32,524288,2048,layered,768/768/768,graph,14,88.5902,17.3744,88.6420,88.5902,
100,32,524288,2048,layered,768/768/768,graph,15,89.2406,18.1981,89.2983,89.2406,
100,32,524288,2048,layered,768/768/768,graph,16,81.7319,17.6171,81.7853,81.7319,
100,32,524288,2048,layered,768/768/768,graph,17,96.1483,17.6808,96.2100,96.1483,
100,32,524288,2048,layered,768/768/768,graph,18,81.5424,17.6171,81.6007,81.5424,
100,32,524288,2048,layered,768/768/768,graph,19,89.1342,18.1981,89.1878,89.1342,
100,32,524288,2048,layered,768/768/768,graph,20,95.7714,16.5824,95.8340,95.7714,
100,32,524288,2048,layered,768/768/768,graph,21,88.7902,18.1981,88.8393,88.7902,
100,32,524288,2048,layered,768/768/768,graph,22,88.8272,17.9235,88.8757,88.8272,
100,32,524288,2048,layered,768/768/768,graph,23,90.4102,18.4727,90.4600,90.4102,
100,32,524288,2048,layered,768/768/768,graph,24,82.2060,18.4409,82.2599,82.2060,
100,32,524288,2048,layered,768/768/768,graph,25,95.7518,17.4062,95.8038,95.7518,
100,32,524288,2048,layered,768/768/768,graph,26,89.4906,17.9235,89.5397,89.4906,
100,32,524288,2048,layered,768/768/768,graph,27,89.8143,18.4727,89.8636,89.8143,
100,32,524288,2048,layered,768/768/768,graph,28,95.7065,16.5824,95.7783,95.7065,
100,32,524288,2048,layered,768/768/768,graph,29,89.5366,17.9235,89.6239,89.5366,
100,32,524288,2048,layered,768/768/768,graph,30,97.5087,17.9554,97.5657,97.5087,
100,32,524288,2048,layered,768/768/768,graph,31,89.6783,18.1981,89.7271,89.6783,
100,32,524288,2048,layered,768/768/768,graph,32,89.5837,18.7473,89.6319,89.5837,
100,32,524288,2048,layered,768/768/768,graph,33,89.1025,17.9235,89.1545,89.1025,
100,32,524288,2048,layered,768/768/768,graph,34,89.6802,19.0219,89.7278,89.6802,
100,32,524288,2048,layered,768/768/768,graph,35,90.2192,18.1981,90.2676,90.2192,
100,32,524288,2048,layered,768/768/768,graph,36,95.5949,17.6808,95.6831,95.5949,
100,32,524288,2048,layered,768/768/768,graph,37,91.0397,17.9235,91.0939,91.0397,
100,32,524288,2048,layered,768/768/768,graph,38,95.1478,17.9554,95.1986,95.1478,
100,32,524288,2048,layered,768/768/768,graph,39,83.3956,18.4409,83.4466,83.3956,
100,32,524288,2048,layered,768/768/768,graph,40,96.7851,18.5046,96.8533,96.7851,
100,32,524288,2048,layered,768/768/768,graph,41,97.4879,16.8570,97.5391,97.4879,
100,32,524288,2048,layered,768/768/768,graph,42,90.1839,19.2965,90.2316,90.1839,
100,32,524288,2048,layered,768/768/768,graph,43,91.2228,17.9235,91.2718,91.2228,
100,32,524288,2048,layered,768/768/768,graph,44,95.8548,18.2300,95.9041,95.8548,
100,32,524288,2048,layered,768/768/768,graph,45,89.6761,17.6490,89.7345,89.6761,
100,32,524288,2048,layered,768/768/768,graph,46,95.4084,17.6808,95.4596,95.4084,
100,32,524288,2048,layered,768/768/768,graph,47,75.1746,18.9583,75.2329,75.1746,
100,32,524288,2048,layered,768/768/768,graph,48,95.6691,17.6808,95.7210,95.6691,
100,32,524288,2048,layered,768/768/768,graph,49,95.5650,16.5824,95.6270,95.5650,
100,32,524288,2048,layered,768/768/768,graph,50,90.2737,18.4727,90.3267,90.2737,
100,32,524288,2048,layered,768/768/768,graph,51,90.1413,19.0219,90.1932,90.1413,
100,32,524288,2048,layered,768/768/768,graph,52,89.8166,18.4727,89.8679,89.8166,
100,32,524288,2048,layered,768/768/768,graph,53,95.4132,16.8570,95.4924,95.4132,
100,32,524288,2048,layered,768/768/768,graph,54,90.6361,19.2965,90.6912,90.6361,
100,32,524288,2048,layered,768/768/768,graph,55,76.0052,18.9583,76.0559,76.0052,
100,32,524288,2048,layered,768/768/768,graph,56,96.9965,17.9554,97.0445,96.9965,
100,32,524288,2048,layered,768/768/768,graph,57,96.5972,17.1316,96.6634,96.5972,
100,32,524288,2048,layered,768/768/768,graph,58,90.5822,18.7473,90.6404,90.5822,
100,32,524288,2048,layered,768/768/768,graph,59,90.4404,18.4727,90.4903,90.4404,
100,32,524288,2048,layered,768/768/768,graph,60,90.8173,18.7473,90.8718,90.8173,
100,32,524288,2048,layered,768/768/768,graph,61,95.4847,16.5824,95.5419,95.4847,
100,32,524288,2048,layered,768/768/768,graph,62,89.2120,19.0219,89.2673,89.2120,
100,32,524288,2048,layered,768/768/768,graph,63,83.0213,18.1663,83.0905,83.0213,
100,32,524288,2048,layered,768/768/768,graph,64,91.3811,19.0219,91.4348,91.3811,
100,32,524288,2048,layered,768/768/768,graph,65,96.4235,17.1316,96.4865,96.4235,
100,32,524288,2048,layered,768/768/768,graph,66,95.6519,17.9554,95.7422,95.6519,
100,32,524288,2048,layered,768/768/768,graph,67,90.2933,18.1981,90.3787,90.2933,
100,32,524288,2048,layered,768/768/768,graph,68,89.6006,18.7473,89.6488,89.6006,
100,32,524288,2048,layered,768/768/768,graph,69,90.9623,18.1981,91.0212,90.9623,
100,32,524288,2048,layered,768/768/768,graph,70,89.9070,18.7473,89.9611,89.9070,
100,32,524288,2048,layered,768/768/768,graph,71,89.7826,18.4727,89.8457,89.7826,
100,32,524288,2048,layered,768/768/768,graph,72,90.4904,18.4727,90.5416,90.4904,
100,32,524288,2048,layered,768/768/768,graph,73,90.3767,18.1981,90.4248,90.3767,
100,32,524288,2048,layered,768/768/768,graph,74,95.9387,17.6808,95.9932,95.9387,
100,32,524288,2048,layered,768/768/768,graph,75,90.4956,18.1981,90.5504,90.4956,
100,32,524288,2048,layered,768/768/768,graph,76,96.7224,17.9554,96.7770,96.7224,
100,32,524288,2048,layered,768/768/768,graph,77,90.1599,17.6490,90.2104,90.1599,
100,32,524288,2048,layered,768/768/768,graph,78,90.3429,19.2965,90.3970,90.3429,
100,32,524288,2048,layered,768/768/768,graph,79,90.1200,18.1981,90.1792,90.1200,
100,32,524288,2048,layered,768/768/768,graph,80,97.4377,17.9554,97.4874,97.4377,
100,32,524288,2048,layered,768/768/768,graph,81,92.2615,18.1981,92.3087,92.2615,
100,32,524288,2048,layered,768/768/768,graph,82,95.1689,17.1316,95.2237,95.1689,
100,32,524288,2048,layered,768/768/768,graph,83,91.0928,18.7473,91.1469,91.0928,
100,32,524288,2048,layered,768/768/768,graph,84,91.2064,18.1981,91.2650,91.2064,
100,32,524288,2048,layered,768/768/768,graph,85,89.6717,18.1981,89.7263,89.6717,
100,32,524288,2048,layered,768/768/768,graph,86,90.7297,18.1981,90.7804,90.7297,
100,32,524288,2048,layered,768/768/768,graph,87,89.3274,18.1981,89.3804,89.3274,
100,32,524288,2048,layered,768/768/768,graph,88,89.7534,18.1981,89.8073,89.7534,
100,32,524288,2048,layered,768/768/768,graph,89,90.1829,17.9235,90.2408,90.1829,
100,32,524288,2048,layered,768/768/768,graph,90,96.2876,17.4062,96.3362,96.2876,
100,32,524288,2048,layered,768/768/768,graph,91,89.3902,17.9235,89.4481,89.3902,
100,32,524288,2048,layered,768/768/768,graph,92,89.1240,18.7473,89.1788,89.1240,
100,32,524288,2048,layered,768/768/768,graph,93,90.2980,18.1981,90.3526,90.2980,
100,32,524288,2048,layered,768/768/768,graph,94,90.8575,18.4727,90.9136,90.8575,
100,32,524288,2048,layered,768/768/768,graph,95,89.3946,17.9235,89.4525,89.3946,
100,32,524288,2048,layered,768/768/768,graph,96,96.3920,17.6808,96.4537,96.3920,
100,32,524288,2048,layered,768/768/768,graph,97,90.1775,17.9235,90.2300,90.1775,
100,32,524288,2048,layered,768/768/768,graph,98,96.9472,17.1316,96.9962,96.9472,
100,32,524288,2048,layered,768/768/768,graph,99,89.8379,17.9235,89.8860,89.8379,
100,32,524288,2048,layered,768/768/768,graph,100,89.9810,18.1981,90.0387,89.9810,
100,32,524288,2048,layered,768/768/768,graph,101,89.8714,18.1981,89.9313,89.8714,
100,32,524288,2048,layered,768/768/768,graph,102,90.4810,18.4727,90.5583,90.4810,
100,32,524288,2048,layered,768/768/768,graph,103,90.5892,17.9235,90.6390,90.5892,
100,32,524288,2048,layered,768/768/768,graph,104,96.2370,17.4062,96.2878,96.2370,
100,32,524288,2048,layered,768/768/768,graph,105,90.6814,17.9235,90.7386,90.6814,
100,32,524288,2048,layered,768/768/768,graph,106,90.7448,18.1981,90.8040,90.7448,
100,32,524288,2048,layered,768/768/768,graph,107,96.3774,17.4062,96.4271,96.3774,
100,32,524288,2048,layered,768/768/768,graph,108,96.0208,17.1316,96.0789,96.0208,
100,32,524288,2048,layered,768/768/768,graph,109,89.3216,17.9235,89.3804,89.3216,
100,32,524288,2048,layered,768/768/768,graph,110,90.2588,18.1981,90.3089,90.2588,
100,32,524288,2048,layered,768/768/768,graph,111,90.0865,18.4727,90.1367,90.0865,
100,32,524288,2048,layered,768/768/768,graph,112,90.2583,17.9235,90.3081,90.2583,
100,32,524288,2048,layered,768/768/768,graph,113,89.5403,18.4727,89.5969,89.5403,
100,32,524288,2048,layered,768/768/768,graph,114,90.6995,17.9235,90.7548,90.6995,
100,32,524288,2048,layered,768/768/768,graph,115,94.8390,17.1316,94.8905,94.8390,
100,32,524288,2048,layered,768/768/768,graph,116,90.2152,17.3744,90.2671,90.2152,
100,32,524288,2048,layered,768/768/768,graph,117,95.5651,17.4062,95.6164,95.5651,
100,32,524288,2048,layered,768/768/768,graph,118,82.2119,17.8917,82.2737,82.2119,
100,32,524288,2048,layered,768/768/768,graph,119,89.3058,18.4727,89.3616,89.3058,
100,32,524288,2048,layered,768/768/768,graph,120,89.1186,17.3744,89.1704,89.1186,
100,32,524288,2048,layered,768/768/768,graph,121,89.1053,18.7473,89.1572,89.1053,
100,32,524288,2048,layered,768/768/768,graph,122,89.9088,17.3744,89.9594,89.9088,
100,32,524288,2048,layered,768/768/768,graph,123,96.2820,17.6808,96.3404,96.2820,
100,32,524288,2048,layered,768/768/768,graph,124,89.1674,17.3744,89.2183,89.1674,
100,32,524288,2048,layered,768/768/768,graph,125,96.0571,17.6808,96.1083,96.0571,
100,32,524288,2048,layered,768/768/768,graph,126,82.0219,18.1663,82.0763,82.0219,
100,32,524288,2048,layered,768/768/768,graph,127,90.9444,18.4727,90.9951,90.9444,
100,32,524288,2048,layered,768/768/768,graph,128,89.1662,18.1981,89.2148,89.1662,
100,32,524288,2048,layered,768/768/768,graph,129,91.0900,18.7473,91.1394,91.0900,
100,32,524288,2048,layered,768/768/768,graph,130,90.2270,18.1981,90.2824,90.2270,
100,32,524288,2048,layered,768/768/768,graph,131,95.1787,17.4062,95.2454,95.1787,
100,32,524288,2048,layered,768/768/768,graph,132,91.2943,17.9235,91.3451,91.2943,
100,32,524288,2048,layered,768/768/768,graph,133,95.6884,17.6808,95.7401,95.6884,
100,32,524288,2048,layered,768/768/768,graph,134,90.5121,18.1981,90.5724,90.5121,
100,32,524288,2048,layered,768/768/768,graph,135,89.3189,18.7473,89.3747,89.3189,
100,32,524288,2048,layered,768/768/768,graph,136,89.8446,18.4727,89.9017,89.8446,
100,32,524288,2048,layered,768/768/768,graph,137,90.7698,18.7473,90.8232,90.7698,
100,32,524288,2048,layered,768/768/768,graph,138,90.0508,18.4727,90.1077,90.0508,
100,32,524288,2048,layered,768/768/768,graph,139,90.4513,18.7473,90.5008,90.4513,
100,32,524288,2048,layered,768/768/768,graph,140,90.6075,18.1981,90.6634,90.6075,
100,32,524288,2048,layered,768/768/768,graph,141,96.8890,18.2300,96.9448,96.8890,
100,32,524288,2048,layered,768/768/768,graph,142,89.7193,17.9235,89.7711,89.7193,
100,32,524288,2048,layered,768/768/768,graph,143,89.9542,18.7473,90.0039,89.9542,
100,32,524288,2048,layered,768/768/768,graph,144,90.3307,17.9235,90.3838,90.3307,
100,32,524288,2048,layered,768/768/768,graph,145,97.1377,18.2300,97.1917,97.1377,
100,32,524288,2048,layered,768/768/768,graph,146,89.6600,18.1981,89.7095,89.6600,
100,32,524288,2048,layered,768/768/768,graph,147,91.0761,18.7473,91.1260,91.0761,
100,32,524288,2048,layered,768/768/768,graph,148,90.8341,18.1981,90.8830,90.8341,
100,32,524288,2048,layered,768/768/768,graph,149,96.3773,17.9554,96.4281,96.3773,
100,32,524288,2048,layered,768/768/768,graph,150,96.6960,17.6808,96.7466,96.6960,
100,32,524288,2048,layered,768/768/768,graph,151,90.8512,18.4727,90.8979,90.8512,
100,32,524288,2048,layered,768/768/768,graph,152,90.0719,18.1981,90.1175,90.0719,
100,32,524288,2048,layered,768/768/768,graph,153,96.5079,17.6808,96.5643,96.5079,
100,32,524288,2048,layered,768/768/768,graph,154,89.4459,17.9235,89.5042,89.4459,
100,32,524288,2048,layered,768/768/768,graph,155,89.7989,18.7473,89.8479,89.7989,
100,32,524288,2048,layered,768/768/768,graph,156,91.8643,18.7473,91.9139,91.8643,
100,32,524288,2048,layered,768/768/768,graph,157,96.8700,17.1316,96.9225,96.8700,
100,32,524288,2048,layered,768/768/768,graph,158,90.4760,18.7473,90.5304,90.4760,
100,32,524288,2048,layered,768/768/768,graph,159,91.0315,19.0219,91.0922,91.0315,
100,32,524288,2048,layered,768/768/768,graph,160,95.9147,17.4062,95.9669,95.9147,
100,32,524288,2048,layered,768/768/768,graph,161,91.5450,18.4727,91.5944,91.5450,
100,32,524288,2048,layered,768/768/768,graph,162,90.0676,19.0219,90.1237,90.0676,
100,32,524288,2048,layered,768/768/768,graph,163,90.6784,18.4727,90.7370,90.6784,
100,32,524288,2048,layered,768/768/768,graph,164,89.9879,19.2965,90.0483,89.9879,
100,32,524288,2048,layered,768/768/768,graph,165,96.5525,17.1316,96.6037,96.5525,
100,32,524288,2048,layered,768/768/768,graph,166,90.6864,18.4727,90.7346,90.6864,
100,32,524288,2048,layered,768/768/768,graph,167,90.0801,19.0219,90.1292,90.0801,
100,32,524288,2048,layered,768/768/768,graph,168,95.9749,17.4062,96.0324,95.9749,
100,32,524288,2048,layered,768/768/768,graph,169,91.1287,18.1981,91.1833,91.1287,
100,32,524288,2048,layered,768/768/768,graph,170,90.1093,18.4727,90.1590,90.1093,
100,32,524288,2048,layered,768/768/768,graph,171,90.1759,18.4727,90.2227,90.1759,
100,32,524288,2048,layered,768/768/768,graph,172,98.5323,17.6808,98.5758,98.5323,
100,32,524288,2048,layered,768/768/768,graph,173,96.1924,17.1316,96.2475,96.1924,
100,32,524288,2048,layered,768/768/768,graph,174,90.5106,18.4727,90.5782,90.5106,
100,32,524288,2048,layered,768/768/768,graph,175,90.4202,18.7473,90.4707,90.4202,
100,32,524288,2048,layered,768/768/768,graph,176,96.4233,17.6808,96.4782,96.4233,
100,32,524288,2048,layered,768/768/768,graph,177,90.6001,18.1981,90.6510,90.6001,
100,32,524288,2048,layered,768/768/768,graph,178,89.5723,18.7473,89.6214,89.5723,
100,32,524288,2048,layered,768/768/768,graph,179,90.4122,18.7473,90.4658,90.4122,
100,32,524288,2048,layered,768/768/768,graph,180,90.5811,18.7473,90.6313,90.5811,
100,32,524288,2048,layered,768/768/768,graph,181,95.7554,16.3078,95.8026,95.7554,
100,32,524288,2048,layered,768/768/768,graph,182,90.6006,18.7473,90.6521,90.6006,
100,32,524288,2048,layered,768/768/768,graph,183,89.6925,18.1981,89.7447,89.6925,
100,32,524288,2048,layered,768/768/768,graph,184,97.2217,17.9554,97.2698,97.2217,
100,32,524288,2048,layered,768/768/768,graph,185,90.1232,17.9235,90.1796,90.1232,
100,32,524288,2048,layered,768/768/768,graph,186,89.6973,18.1981,89.7493,89.6973,
100,32,524288,2048,layered,768/768/768,graph,187,90.4478,18.4727,90.4981,90.4478,
100,32,524288,2048,layered,768/768/768,graph,188,90.2734,18.4727,90.3314,90.2734,
100,32,524288,2048,layered,768/768/768,graph,189,94.9680,16.3078,95.0219,94.9680,
100,32,524288,2048,layered,768/768/768,graph,190,95.8464,17.9554,95.9009,95.8464,
100,32,524288,2048,layered,768/768/768,graph,191,83.1640,18.1663,83.2212,83.1640,
100,32,524288,2048,layered,768/768/768,graph,192,95.3893,16.8570,95.4393,95.3893,
100,32,524288,2048,layered,768/768/768,graph,193,90.0434,18.1981,90.0962,90.0434,
100,32,524288,2048,layered,768/768/768,graph,194,97.0916,17.6808,97.1452,97.0916,
100,32,524288,2048,layered,768/768/768,graph,195,81.9130,18.1663,81.9632,81.9130,
100,32,524288,2048,layered,768/768/768,graph,196,83.0958,18.9901,83.1553,83.0958,
100,32,524288,2048,layered,768/768/768,graph,197,96.0617,16.5824,96.1131,96.0617,
100,32,524288,2048,layered,768/768/768,graph,198,96.5737,17.6808,96.6205,96.5737,
100,32,524288,2048,layered,768/768/768,graph,199,89.3192,17.6490,89.4002,89.3192,
100,32,524288,2048,hyprefill,512/1536/1536,graph,0,93.5219,17.5971,93.5776,93.5219,
100,32,524288,2048,hyprefill,512/1536/1536,graph,1,92.1664,17.5971,92.2131,92.1664,
100,32,524288,2048,hyprefill,512/1536/1536,graph,2,90.3623,17.5971,90.4156,90.3623,
100,32,524288,2048,hyprefill,512/1536/1536,graph,3,96.4277,17.5971,96.4782,96.4277,
100,32,524288,2048,hyprefill,512/1536/1536,graph,4,96.9126,17.5971,96.9386,96.9126,
100,32,524288,2048,hyprefill,512/1536/1536,graph,5,96.8628,17.5971,96.8864,96.8628,
100,32,524288,2048,hyprefill,512/1536/1536,graph,6,97.8784,17.5971,97.9003,97.8784,
100,32,524288,2048,hyprefill,512/1536/1536,graph,7,97.1960,17.5971,97.2180,97.1960,
100,32,524288,2048,hyprefill,512/1536/1536,graph,8,97.0050,17.5971,97.0352,97.0050,
100,32,524288,2048,hyprefill,512/1536/1536,graph,9,97.5918,17.5971,97.6228,97.5918,
100,32,524288,2048,hyprefill,512/1536/1536,graph,10,102.2195,17.5971,102.2484,102.2195,
100,32,524288,2048,hyprefill,512/1536/1536,graph,11,109.0787,17.5971,109.1062,109.0787,
100,32,524288,2048,hyprefill,512/1536/1536,graph,12,98.3227,17.5971,98.3447,98.3227,
100,32,524288,2048,hyprefill,512/1536/1536,graph,13,97.2296,17.5971,97.2473,97.2296,
100,32,524288,2048,hyprefill,512/1536/1536,graph,14,97.3427,17.5971,97.3626,97.3427,
100,32,524288,2048,hyprefill,512/1536/1536,graph,15,95.9188,17.5971,95.9467,95.9188,
100,32,524288,2048,hyprefill,512/1536/1536,graph,16,97.0336,17.5971,97.0660,97.0336,
100,32,524288,2048,hyprefill,512/1536/1536,graph,17,97.3364,17.5971,97.3593,97.3364,
100,32,524288,2048,hyprefill,512/1536/1536,graph,18,96.9824,17.5971,97.0045,96.9824,
100,32,524288,2048,hyprefill,512/1536/1536,graph,19,97.2030,17.5971,97.2359,97.2030,
100,32,524288,2048,hyprefill,512/1536/1536,graph,20,105.0862,17.5971,105.1236,105.0862,
100,32,524288,2048,hyprefill,512/1536/1536,graph,21,104.7354,17.5971,104.7684,104.7354,
100,32,524288,2048,hyprefill,512/1536/1536,graph,22,100.8717,17.5971,100.8963,100.8717,
100,32,524288,2048,hyprefill,512/1536/1536,graph,23,98.2359,17.5971,98.2558,98.2359,
100,32,524288,2048,hyprefill,512/1536/1536,graph,24,97.5381,17.5971,97.5580,97.5381,
100,32,524288,2048,hyprefill,512/1536/1536,graph,25,96.9704,17.5971,96.9890,96.9704,
100,32,524288,2048,hyprefill,512/1536/1536,graph,26,96.9564,17.5971,96.9745,96.9564,
100,32,524288,2048,hyprefill,512/1536/1536,graph,27,97.4580,17.5971,97.4806,97.4580,
100,32,524288,2048,hyprefill,512/1536/1536,graph,28,97.1725,17.5971,97.2049,97.1725,
100,32,524288,2048,hyprefill,512/1536/1536,graph,29,99.5755,17.5971,99.6211,99.5755,
100,32,524288,2048,hyprefill,512/1536/1536,graph,30,101.9417,17.5971,101.9800,101.9417,
100,32,524288,2048,hyprefill,512/1536/1536,graph,31,102.2170,17.5971,102.2389,102.2170,
100,32,524288,2048,hyprefill,512/1536/1536,graph,32,99.6212,17.5971,99.6463,99.6212,
100,32,524288,2048,hyprefill,512/1536/1536,graph,33,98.9272,17.5971,98.9642,98.9272,
100,32,524288,2048,hyprefill,512/1536/1536,graph,34,97.0317,17.5971,97.0660,97.0317,
100,32,524288,2048,hyprefill,512/1536/1536,graph,35,97.6787,17.5971,97.7012,97.6787,
100,32,524288,2048,hyprefill,512/1536/1536,graph,36,97.6749,17.5971,97.6959,97.6749,
100,32,524288,2048,hyprefill,512/1536/1536,graph,37,97.1916,17.5971,97.2125,97.1916,
100,32,524288,2048,hyprefill,512/1536/1536,graph,38,98.4511,17.5971,98.4717,98.4511,
100,32,524288,2048,hyprefill,512/1536/1536,graph,39,100.8916,17.5971,100.9103,100.8916,
100,32,524288,2048,hyprefill,512/1536/1536,graph,40,101.1654,17.5971,101.1830,101.1654,
100,32,524288,2048,hyprefill,512/1536/1536,graph,41,102.0178,17.5971,102.0378,102.0178,
100,32,524288,2048,hyprefill,512/1536/1536,graph,42,100.5735,17.5971,100.5932,100.5735,
100,32,524288,2048,hyprefill,512/1536/1536,graph,43,98.4297,17.5971,98.4508,98.4297,
100,32,524288,2048,hyprefill,512/1536/1536,graph,44,97.3629,17.5971,97.3877,97.3629,
100,32,524288,2048,hyprefill,512/1536/1536,graph,45,99.0472,17.5971,99.0904,99.0472,
100,32,524288,2048,hyprefill,512/1536/1536,graph,46,97.5290,17.5971,97.5611,97.5290,
100,32,524288,2048,hyprefill,512/1536/1536,graph,47,97.6894,17.5971,97.7093,97.6894,
100,32,524288,2048,hyprefill,512/1536/1536,graph,48,97.8202,17.5971,97.8519,97.8202,
100,32,524288,2048,hyprefill,512/1536/1536,graph,49,99.2210,17.5971,99.2551,99.2210,
100,32,524288,2048,hyprefill,512/1536/1536,graph,50,101.1190,17.5971,101.1384,101.1190,
100,32,524288,2048,hyprefill,512/1536/1536,graph,51,100.3234,17.5971,100.3441,100.3234,
100,32,524288,2048,hyprefill,512/1536/1536,graph,52,98.9479,17.5971,98.9740,98.9479,
100,32,524288,2048,hyprefill,512/1536/1536,graph,53,98.1634,17.5971,98.1970,98.1634,
100,32,524288,2048,hyprefill,512/1536/1536,graph,54,99.9421,17.5971,99.9661,99.9421,
100,32,524288,2048,hyprefill,512/1536/1536,graph,55,97.7913,17.5971,97.8250,97.7913,
100,32,524288,2048,hyprefill,512/1536/1536,graph,56,98.1110,17.5971,98.1404,98.1110,
100,32,524288,2048,hyprefill,512/1536/1536,graph,57,97.5290,17.5971,97.5675,97.5290,
100,32,524288,2048,hyprefill,512/1536/1536,graph,58,98.0808,17.5971,98.1115,98.0808,
100,32,524288,2048,hyprefill,512/1536/1536,graph,59,98.7361,17.5971,98.7637,98.7361,
100,32,524288,2048,hyprefill,512/1536/1536,graph,60,101.1353,17.5971,101.1678,101.1353,
100,32,524288,2048,hyprefill,512/1536/1536,graph,61,100.5474,17.5971,100.5675,100.5474,
100,32,524288,2048,hyprefill,512/1536/1536,graph,62,99.8834,17.5971,99.9085,99.8834,
100,32,524288,2048,hyprefill,512/1536/1536,graph,63,98.4660,17.5971,98.5107,98.4660,
100,32,524288,2048,hyprefill,512/1536/1536,graph,64,100.3381,17.5971,100.3583,100.3381,
100,32,524288,2048,hyprefill,512/1536/1536,graph,65,97.6936,17.5971,97.7231,97.6936,
100,32,524288,2048,hyprefill,512/1536/1536,graph,66,97.9682,17.5971,98.0059,97.9682,
100,32,524288,2048,hyprefill,512/1536/1536,graph,67,97.6870,17.5971,97.7152,97.6870,
100,32,524288,2048,hyprefill,512/1536/1536,graph,68,98.4576,17.5971,98.4954,98.4576,
100,32,524288,2048,hyprefill,512/1536/1536,graph,69,100.8420,17.5971,100.8683,100.8420,
100,32,524288,2048,hyprefill,512/1536/1536,graph,70,100.2864,17.5971,100.3333,100.2864,
100,32,524288,2048,hyprefill,512/1536/1536,graph,71,99.9279,17.5971,99.9723,99.9279,
100,32,524288,2048,hyprefill,512/1536/1536,graph,72,100.1531,17.5971,100.1823,100.1531,
100,32,524288,2048,hyprefill,512/1536/1536,graph,73,99.8546,17.5971,99.8808,99.8546,
100,32,524288,2048,hyprefill,512/1536/1536,graph,74,98.6256,17.5971,98.6610,98.6256,
100,32,524288,2048,hyprefill,512/1536/1536,graph,75,99.2991,17.5971,99.3220,99.2991,
100,32,524288,2048,hyprefill,512/1536/1536,graph,76,98.1917,17.5971,98.2147,98.1917,
100,32,524288,2048,hyprefill,512/1536/1536,graph,77,98.5886,17.5971,98.6100,98.5886,
100,32,524288,2048,hyprefill,512/1536/1536,graph,78,99.6126,17.5971,99.6329,99.6126,
100,32,524288,2048,hyprefill,512/1536/1536,graph,79,99.3033,17.5971,99.3293,99.3033,
100,32,524288,2048,hyprefill,512/1536/1536,graph,80,99.6364,17.5971,99.6546,99.6364,
100,32,524288,2048,hyprefill,512/1536/1536,graph,81,101.2714,17.5971,101.2891,101.2714,
100,32,524288,2048,hyprefill,512/1536/1536,graph,82,98.8956,17.5971,98.9205,98.8956,
100,32,524288,2048,hyprefill,512/1536/1536,graph,83,101.2973,17.5971,101.3413,101.2973,
100,32,524288,2048,hyprefill,512/1536/1536,graph,84,97.8346,17.5971,97.8801,97.8346,
100,32,524288,2048,hyprefill,512/1536/1536,graph,85,98.7032,17.5971,98.7435,98.7032,
100,32,524288,2048,hyprefill,512/1536/1536,graph,86,99.0798,17.5971,99.1068,99.0798,
100,32,524288,2048,hyprefill,512/1536/1536,graph,87,98.7685,17.5971,98.7977,98.7685,
100,32,524288,2048,hyprefill,512/1536/1536,graph,88,98.7782,17.5971,98.8200,98.7782,
100,32,524288,2048,hyprefill,512/1536/1536,graph,89,99.5093,17.5971,99.5307,99.5093,
100,32,524288,2048,hyprefill,512/1536/1536,graph,90,100.7327,17.5971,100.7498,100.7327,
100,32,524288,2048,hyprefill,512/1536/1536,graph,91,100.7963,17.5971,100.8152,100.7963,
100,32,524288,2048,hyprefill,512/1536/1536,graph,92,99.4703,17.5971,99.4986,99.4703,
100,32,524288,2048,hyprefill,512/1536/1536,graph,93,100.8657,17.5971,100.9009,100.8657,
100,32,524288,2048,hyprefill,512/1536/1536,graph,94,99.2306,17.5971,99.2527,99.2306,
100,32,524288,2048,hyprefill,512/1536/1536,graph,95,98.7949,17.5971,98.8199,98.7949,
100,32,524288,2048,hyprefill,512/1536/1536,graph,96,98.9416,17.5971,98.9628,98.9416,
100,32,524288,2048,hyprefill,512/1536/1536,graph,97,98.2795,17.5971,98.3083,98.2795,
100,32,524288,2048,hyprefill,512/1536/1536,graph,98,98.5897,17.5971,98.6222,98.5897,
100,32,524288,2048,hyprefill,512/1536/1536,graph,99,100.3183,17.5971,100.3366,100.3183,
100,32,524288,2048,hyprefill,512/1536/1536,graph,100,99.3160,17.5971,99.3367,99.3160,
100,32,524288,2048,hyprefill,512/1536/1536,graph,101,99.1314,17.5971,99.1513,99.1314,
100,32,524288,2048,hyprefill,512/1536/1536,graph,102,100.1682,17.5971,100.1877,100.1682,
100,32,524288,2048,hyprefill,512/1536/1536,graph,103,99.8325,17.5971,99.8508,99.8325,
100,32,524288,2048,hyprefill,512/1536/1536,graph,104,99.4331,17.5971,99.4555,99.4331,
100,32,524288,2048,hyprefill,512/1536/1536,graph,105,99.6807,17.5971,99.7127,99.6807,
100,32,524288,2048,hyprefill,512/1536/1536,graph,106,98.0868,17.5971,98.1044,98.0868,
100,32,524288,2048,hyprefill,512/1536/1536,graph,107,98.4519,17.5971,98.4966,98.4519,
100,32,524288,2048,hyprefill,512/1536/1536,graph,108,99.6860,17.5971,99.7494,99.6860,
100,32,524288,2048,hyprefill,512/1536/1536,graph,109,98.3609,17.5971,98.3856,98.3609,
100,32,524288,2048,hyprefill,512/1536/1536,graph,110,99.0504,17.5971,99.0738,99.0504,
100,32,524288,2048,hyprefill,512/1536/1536,graph,111,98.9505,17.5971,98.9722,98.9505,
100,32,524288,2048,hyprefill,512/1536/1536,graph,112,100.8288,17.5971,100.8517,100.8288,
100,32,524288,2048,hyprefill,512/1536/1536,graph,113,98.8027,17.5971,98.8291,98.8027,
100,32,524288,2048,hyprefill,512/1536/1536,graph,114,98.1388,17.5971,98.1586,98.1388,
100,32,524288,2048,hyprefill,512/1536/1536,graph,115,99.2816,17.5971,99.3058,99.2816,
100,32,524288,2048,hyprefill,512/1536/1536,graph,116,99.3313,17.5971,99.3728,99.3313,
100,32,524288,2048,hyprefill,512/1536/1536,graph,117,100.5367,17.5971,100.5765,100.5367,
100,32,524288,2048,hyprefill,512/1536/1536,graph,118,97.8232,17.5971,97.8434,97.8232,
100,32,524288,2048,hyprefill,512/1536/1536,graph,119,99.6528,17.5971,99.6741,99.6528,
100,32,524288,2048,hyprefill,512/1536/1536,graph,120,99.8347,17.5971,99.8537,99.8347,
100,32,524288,2048,hyprefill,512/1536/1536,graph,121,99.7960,17.5971,99.8159,99.7960,
100,32,524288,2048,hyprefill,512/1536/1536,graph,122,98.2272,17.5971,98.2514,98.2272,
100,32,524288,2048,hyprefill,512/1536/1536,graph,123,99.6489,17.5971,99.6801,99.6489,
100,32,524288,2048,hyprefill,512/1536/1536,graph,124,99.3333,17.5971,99.3517,99.3333,
100,32,524288,2048,hyprefill,512/1536/1536,graph,125,99.6241,17.5971,99.6502,99.6241,
100,32,524288,2048,hyprefill,512/1536/1536,graph,126,98.6530,17.5971,98.7036,98.6530,
100,32,524288,2048,hyprefill,512/1536/1536,graph,127,98.7343,17.5971,98.7788,98.7343,
100,32,524288,2048,hyprefill,512/1536/1536,graph,128,98.3482,17.5971,98.3717,98.3482,
100,32,524288,2048,hyprefill,512/1536/1536,graph,129,99.5437,17.5971,99.5665,99.5437,
100,32,524288,2048,hyprefill,512/1536/1536,graph,130,100.3758,17.5971,100.4008,100.3758,
100,32,524288,2048,hyprefill,512/1536/1536,graph,131,100.7882,17.5971,100.8245,100.7882,
100,32,524288,2048,hyprefill,512/1536/1536,graph,132,99.5037,17.5971,99.5332,99.5037,
100,32,524288,2048,hyprefill,512/1536/1536,graph,133,99.4660,17.5971,99.4881,99.4660,
100,32,524288,2048,hyprefill,512/1536/1536,graph,134,99.5460,17.5971,99.5679,99.5460,
100,32,524288,2048,hyprefill,512/1536/1536,graph,135,98.3562,17.5971,98.3751,98.3562,
100,32,524288,2048,hyprefill,512/1536/1536,graph,136,100.1469,17.5971,100.1657,100.1469,
100,32,524288,2048,hyprefill,512/1536/1536,graph,137,100.3547,17.5971,100.3803,100.3547,
100,32,524288,2048,hyprefill,512/1536/1536,graph,138,99.7532,17.5971,99.7857,99.7532,
100,32,524288,2048,hyprefill,512/1536/1536,graph,139,98.4285,17.5971,98.4594,98.4285,
100,32,524288,2048,hyprefill,512/1536/1536,graph,140,98.8887,17.5971,98.9226,98.8887,
100,32,524288,2048,hyprefill,512/1536/1536,graph,141,100.8274,17.5971,100.8522,100.8274,
100,32,524288,2048,hyprefill,512/1536/1536,graph,142,99.9920,17.5971,100.0140,99.9920,
100,32,524288,2048,hyprefill,512/1536/1536,graph,143,99.6458,17.5971,99.6688,99.6458,
100,32,524288,2048,hyprefill,512/1536/1536,graph,144,98.0337,17.5971,98.0611,98.0337,
100,32,524288,2048,hyprefill,512/1536/1536,graph,145,97.9822,17.5971,98.0463,97.9822,
100,32,524288,2048,hyprefill,512/1536/1536,graph,146,99.2688,17.5971,99.3380,99.2688,
100,32,524288,2048,hyprefill,512/1536/1536,graph,147,99.0361,17.5971,99.0572,99.0361,
100,32,524288,2048,hyprefill,512/1536/1536,graph,148,99.9212,17.5971,99.9415,99.9212,
100,32,524288,2048,hyprefill,512/1536/1536,graph,149,99.0405,17.5971,99.0602,99.0405,
100,32,524288,2048,hyprefill,512/1536/1536,graph,150,100.3507,17.5971,100.3782,100.3507,
100,32,524288,2048,hyprefill,512/1536/1536,graph,151,99.8511,17.5971,99.8893,99.8511,
100,32,524288,2048,hyprefill,512/1536/1536,graph,152,98.1739,17.5971,98.1951,98.1739,
100,32,524288,2048,hyprefill,512/1536/1536,graph,153,99.5120,17.5971,99.5341,99.5120,
100,32,524288,2048,hyprefill,512/1536/1536,graph,154,98.4110,17.5971,98.4332,98.4110,
100,32,524288,2048,hyprefill,512/1536/1536,graph,155,99.0547,17.5971,99.0757,99.0547,
100,32,524288,2048,hyprefill,512/1536/1536,graph,156,98.3031,17.5971,98.3333,98.3031,
100,32,524288,2048,hyprefill,512/1536/1536,graph,157,98.9548,17.5971,98.9957,98.9548,
100,32,524288,2048,hyprefill,512/1536/1536,graph,158,100.5136,17.5971,100.5397,100.5136,
100,32,524288,2048,hyprefill,512/1536/1536,graph,159,98.0748,17.5971,98.0980,98.0748,
100,32,524288,2048,hyprefill,512/1536/1536,graph,160,99.8498,17.5971,99.8743,99.8498,
100,32,524288,2048,hyprefill,512/1536/1536,graph,161,99.9439,17.5971,99.9682,99.9439,
100,32,524288,2048,hyprefill,512/1536/1536,graph,162,99.4079,17.5971,99.4303,99.4079,
100,32,524288,2048,hyprefill,512/1536/1536,graph,163,99.4080,17.5971,99.4304,99.4080,
100,32,524288,2048,hyprefill,512/1536/1536,graph,164,99.3952,17.5971,99.4225,99.3952,
100,32,524288,2048,hyprefill,512/1536/1536,graph,165,100.1568,17.5971,100.1767,100.1568,
100,32,524288,2048,hyprefill,512/1536/1536,graph,166,98.6461,17.5971,98.6735,98.6461,
100,32,524288,2048,hyprefill,512/1536/1536,graph,167,99.9870,17.5971,100.0261,99.9870,
100,32,524288,2048,hyprefill,512/1536/1536,graph,168,100.7963,17.5971,100.8176,100.7963,
100,32,524288,2048,hyprefill,512/1536/1536,graph,169,98.6186,17.5971,98.6367,98.6186,
100,32,524288,2048,hyprefill,512/1536/1536,graph,170,99.1850,17.5971,99.2033,99.1850,
100,32,524288,2048,hyprefill,512/1536/1536,graph,171,100.1199,17.5971,100.1380,100.1199,
100,32,524288,2048,hyprefill,512/1536/1536,graph,172,99.0410,17.5971,99.0640,99.0410,
100,32,524288,2048,hyprefill,512/1536/1536,graph,173,99.3903,17.5971,99.4229,99.3903,
100,32,524288,2048,hyprefill,512/1536/1536,graph,174,99.8676,17.5971,99.8936,99.8676,
100,32,524288,2048,hyprefill,512/1536/1536,graph,175,99.4837,17.5971,99.5022,99.4837,
100,32,524288,2048,hyprefill,512/1536/1536,graph,176,99.1900,17.5971,99.2179,99.1900,
100,32,524288,2048,hyprefill,512/1536/1536,graph,177,98.9116,17.5971,98.9519,98.9116,
100,32,524288,2048,hyprefill,512/1536/1536,graph,178,98.5506,17.5971,98.5705,98.5506,
100,32,524288,2048,hyprefill,512/1536/1536,graph,179,98.9035,17.5971,98.9316,98.9035,
100,32,524288,2048,hyprefill,512/1536/1536,graph,180,101.0395,17.5971,101.0750,101.0395,
100,32,524288,2048,hyprefill,512/1536/1536,graph,181,100.0698,17.5971,100.0934,100.0698,
100,32,524288,2048,hyprefill,512/1536/1536,graph,182,98.6384,17.5971,98.6614,98.6384,
100,32,524288,2048,hyprefill,512/1536/1536,graph,183,100.5771,17.5971,100.6083,100.5771,
100,32,524288,2048,hyprefill,512/1536/1536,graph,184,98.7685,17.5971,98.7917,98.7685,
100,32,524288,2048,hyprefill,512/1536/1536,graph,185,98.4640,17.5971,98.4907,98.4640,
100,32,524288,2048,hyprefill,512/1536/1536,graph,186,99.6515,17.5971,99.6730,99.6515,
100,32,524288,2048,hyprefill,512/1536/1536,graph,187,99.5015,17.5971,99.5231,99.5015,
100,32,524288,2048,hyprefill,512/1536/1536,graph,188,98.6352,17.5971,98.6541,98.6352,
100,32,524288,2048,hyprefill,512/1536/1536,graph,189,99.9208,17.5971,99.9393,99.9208,
100,32,524288,2048,hyprefill,512/1536/1536,graph,190,100.1653,17.5971,100.1826,100.1653,
100,32,524288,2048,hyprefill,512/1536/1536,graph,191,97.7504,17.5971,97.7685,97.7504,
100,32,524288,2048,hyprefill,512/1536/1536,graph,192,98.2241,17.5971,98.2407,98.2241,
100,32,524288,2048,hyprefill,512/1536/1536,graph,193,99.6045,17.5971,99.6204,99.6045,
100,32,524288,2048,hyprefill,512/1536/1536,graph,194,98.0276,17.5971,98.0498,98.0276,
100,32,524288,2048,hyprefill,512/1536/1536,graph,195,100.0083,17.5971,100.0412,100.0083,
100,32,524288,2048,hyprefill,512/1536/1536,graph,196,100.6237,17.5971,100.6449,100.6237,
100,32,524288,2048,hyprefill,512/1536/1536,graph,197,97.8572,17.5971,97.8777,97.8572,
100,32,524288,2048,hyprefill,512/1536/1536,graph,198,99.2713,17.5971,99.2885,99.2713,
100,32,524288,2048,hyprefill,512/1536/1536,graph,199,100.4040,17.5971,100.4221,100.4040,
100,32,524288,2048,hyprefill,512/768/768,graph,0,94.7760,20.6176,94.8292,94.7760,
100,32,524288,2048,hyprefill,512/768/768,graph,1,91.8872,20.3430,91.9418,91.8872,
100,32,524288,2048,hyprefill,512/768/768,graph,2,94.8253,20.6176,94.8749,94.8253,
100,32,524288,2048,hyprefill,512/768/768,graph,3,92.6893,20.0684,92.7364,92.6893,
100,32,524288,2048,hyprefill,512/768/768,graph,4,90.1010,20.6176,90.1526,90.1010,
100,32,524288,2048,hyprefill,512/768/768,graph,5,93.9736,20.3430,94.0284,93.9736,
100,32,524288,2048,hyprefill,512/768/768,graph,6,94.5647,20.6176,94.6253,94.5647,
100,32,524288,2048,hyprefill,512/768/768,graph,7,91.9877,20.3430,92.0382,91.9877,
100,32,524288,2048,hyprefill,512/768/768,graph,8,94.3234,20.6176,94.3726,94.3234,
100,32,524288,2048,hyprefill,512/768/768,graph,9,93.6448,20.6176,93.6984,93.6448,
100,32,524288,2048,hyprefill,512/768/768,graph,10,91.9672,20.6176,92.0265,91.9672,
100,32,524288,2048,hyprefill,512/768/768,graph,11,94.4843,20.3430,94.5375,94.4843,
100,32,524288,2048,hyprefill,512/768/768,graph,12,99.4346,20.6176,99.4597,99.4346,
100,32,524288,2048,hyprefill,512/768/768,graph,13,97.2391,20.3430,97.2598,97.2391,
100,32,524288,2048,hyprefill,512/768/768,graph,14,99.4939,20.6176,99.5147,99.4939,
100,32,524288,2048,hyprefill,512/768/768,graph,15,99.4150,20.0684,99.4345,99.4150,
100,32,524288,2048,hyprefill,512/768/768,graph,16,96.3566,20.6176,96.3790,96.3566,
100,32,524288,2048,hyprefill,512/768/768,graph,17,100.4465,20.3430,100.4913,100.4465,
100,32,524288,2048,hyprefill,512/768/768,graph,18,99.9253,20.6176,99.9987,99.9253,
100,32,524288,2048,hyprefill,512/768/768,graph,19,101.1918,20.3430,101.2772,101.1918,
100,32,524288,2048,hyprefill,512/768/768,graph,20,113.3476,20.6176,113.4112,113.3476,
100,32,524288,2048,hyprefill,512/768/768,graph,21,102.8287,20.6176,102.8745,102.8287,
100,32,524288,2048,hyprefill,512/768/768,graph,22,98.6496,20.6176,98.6725,98.6496,
100,32,524288,2048,hyprefill,512/768/768,graph,23,100.4954,20.3430,100.5162,100.4954,
100,32,524288,2048,hyprefill,512/768/768,graph,24,100.0530,20.6176,100.0763,100.0530,
100,32,524288,2048,hyprefill,512/768/768,graph,25,97.2852,20.3430,97.3063,97.2852,
100,32,524288,2048,hyprefill,512/768/768,graph,26,99.8078,20.6176,99.8277,99.8078,
100,32,524288,2048,hyprefill,512/768/768,graph,27,99.8909,20.0684,99.9133,99.8909,
100,32,524288,2048,hyprefill,512/768/768,graph,28,97.7427,20.6176,97.7727,97.7427,
100,32,524288,2048,hyprefill,512/768/768,graph,29,105.8938,20.3430,105.9276,105.8938,
100,32,524288,2048,hyprefill,512/768/768,graph,30,106.8948,20.6176,106.9186,106.8948,
100,32,524288,2048,hyprefill,512/768/768,graph,31,100.2774,20.3430,100.2975,100.2774,
100,32,524288,2048,hyprefill,512/768/768,graph,32,102.6159,20.6176,102.6470,102.6159,
100,32,524288,2048,hyprefill,512/768/768,graph,33,101.7064,20.6176,101.7462,101.7064,
100,32,524288,2048,hyprefill,512/768/768,graph,34,97.0492,20.6176,97.0677,97.0492,
100,32,524288,2048,hyprefill,512/768/768,graph,35,99.1825,20.3430,99.2211,99.1825,
100,32,524288,2048,hyprefill,512/768/768,graph,36,99.7779,20.6176,99.8368,99.7779,
100,32,524288,2048,hyprefill,512/768/768,graph,37,97.2674,20.3430,97.2864,97.2674,
100,32,524288,2048,hyprefill,512/768/768,graph,38,102.2973,20.6176,102.3176,102.2973,
100,32,524288,2048,hyprefill,512/768/768,graph,39,105.9733,20.0684,105.9921,105.9733,
100,32,524288,2048,hyprefill,512/768/768,graph,40,100.7371,20.6176,100.7633,100.7371,
100,32,524288,2048,hyprefill,512/768/768,graph,41,103.2555,20.3430,103.2895,103.2555,
100,32,524288,2048,hyprefill,512/768/768,graph,42,102.8985,20.6176,102.9286,102.8985,
100,32,524288,2048,hyprefill,512/768/768,graph,43,97.6114,20.3430,97.6521,97.6114,
100,32,524288,2048,hyprefill,512/768/768,graph,44,101.0712,20.6176,101.0989,101.0712,
100,32,524288,2048,hyprefill,512/768/768,graph,45,100.2871,20.6176,100.3164,100.2871,
100,32,524288,2048,hyprefill,512/768/768,graph,46,96.5692,20.6176,96.5908,96.5692,
100,32,524288,2048,hyprefill,512/768/768,graph,47,101.9111,20.3430,101.9305,101.9111,
100,32,524288,2048,hyprefill,512/768/768,graph,48,103.2479,20.6176,103.2681,103.2479,
100,32,524288,2048,hyprefill,512/768/768,graph,49,101.5824,20.3430,101.6032,101.5824,
100,32,524288,2048,hyprefill,512/768/768,graph,50,103.3588,20.6176,103.3798,103.3588,
100,32,524288,2048,hyprefill,512/768/768,graph,51,103.5372,20.0684,103.5658,103.5372,
100,32,524288,2048,hyprefill,512/768/768,graph,52,99.0076,20.6176,99.0472,99.0076,
100,32,524288,2048,hyprefill,512/768/768,graph,53,100.5840,20.3430,100.6111,100.5840,
100,32,524288,2048,hyprefill,512/768/768,graph,54,100.7064,20.6176,100.7451,100.7064,
100,32,524288,2048,hyprefill,512/768/768,graph,55,97.1614,20.3430,97.1838,97.1614,
100,32,524288,2048,hyprefill,512/768/768,graph,56,100.0533,20.6176,100.0767,100.0533,
100,32,524288,2048,hyprefill,512/768/768,graph,57,102.1418,20.6176,102.1681,102.1418,
100,32,524288,2048,hyprefill,512/768/768,graph,58,99.4350,20.6176,99.4544,99.4350,
100,32,524288,2048,hyprefill,512/768/768,graph,59,103.0909,20.3430,103.1140,103.0909,
100,32,524288,2048,hyprefill,512/768/768,graph,60,103.2050,20.6176,103.2270,103.2050,
100,32,524288,2048,hyprefill,512/768/768,graph,61,101.1930,20.3430,101.2201,101.1930,
100,32,524288,2048,hyprefill,512/768/768,graph,62,102.6893,20.6176,102.7233,102.6893,
100,32,524288,2048,hyprefill,512/768/768,graph,63,102.1108,20.0684,102.1329,102.1108,
100,32,524288,2048,hyprefill,512/768/768,graph,64,96.4828,20.6176,96.5059,96.4828,
100,32,524288,2048,hyprefill,512/768/768,graph,65,100.2979,20.3430,100.3202,100.2979,
100,32,524288,2048,hyprefill,512/768/768,graph,66,101.4636,20.6176,101.4933,101.4636,
100,32,524288,2048,hyprefill,512/768/768,graph,67,98.3116,20.3430,98.3329,98.3116,
100,32,524288,2048,hyprefill,512/768/768,graph,68,101.5358,20.6176,101.5602,101.5358,
100,32,524288,2048,hyprefill,512/768/768,graph,69,103.3471,20.6176,103.3705,103.3471,
100,32,524288,2048,hyprefill,512/768/768,graph,70,100.8705,20.6176,100.8897,100.8705,
100,32,524288,2048,hyprefill,512/768/768,graph,71,102.6361,20.3430,102.6546,102.6361,
100,32,524288,2048,hyprefill,512/768/768,graph,72,102.7735,20.6176,102.8232,102.7735,
100,32,524288,2048,hyprefill,512/768/768,graph,73,100.6152,20.3430,100.6875,100.6152,
100,32,524288,2048,hyprefill,512/768/768,graph,74,99.7439,20.6176,99.7634,99.7439,
100,32,524288,2048,hyprefill,512/768/768,graph,75,99.8247,20.0684,99.8428,99.8247,
100,32,524288,2048,hyprefill,512/768/768,graph,76,96.7209,20.6176,96.7380,96.7209,
100,32,524288,2048,hyprefill,512/768/768,graph,77,102.5676,20.3430,102.5862,102.5676,
100,32,524288,2048,hyprefill,512/768/768,graph,78,101.9463,20.6176,101.9641,101.9463,
100,32,524288,2048,hyprefill,512/768/768,graph,79,100.0842,20.3430,100.1048,100.0842,
100,32,524288,2048,hyprefill,512/768/768,graph,80,102.8223,20.6176,102.8515,102.8223,
100,32,524288,2048,hyprefill,512/768/768,graph,81,102.9626,20.6176,102.9808,102.9626,
100,32,524288,2048,hyprefill,512/768/768,graph,82,98.9112,20.6176,98.9346,98.9112,
100,32,524288,2048,hyprefill,512/768/768,graph,83,102.5104,20.3430,102.5318,102.5104,
100,32,524288,2048,hyprefill,512/768/768,graph,84,100.3598,20.6176,100.3802,100.3598,
100,32,524288,2048,hyprefill,512/768/768,graph,85,97.8979,20.3430,97.9254,97.8979,
100,32,524288,2048,hyprefill,512/768/768,graph,86,99.5167,20.6176,99.5529,99.5167,
100,32,524288,2048,hyprefill,512/768/768,graph,87,101.2940,20.0684,101.3200,101.2940,
100,32,524288,2048,hyprefill,512/768/768,graph,88,99.7050,20.6176,99.7389,99.7050,
100,32,524288,2048,hyprefill,512/768/768,graph,89,102.8541,20.3430,102.8821,102.8541,
100,32,524288,2048,hyprefill,512/768/768,graph,90,101.7620,20.6176,101.7816,101.7620,
100,32,524288,2048,hyprefill,512/768/768,graph,91,99.1367,20.3430,99.1594,99.1367,
100,32,524288,2048,hyprefill,512/768/768,graph,92,101.4532,20.6176,101.4750,101.4532,
100,32,524288,2048,hyprefill,512/768/768,graph,93,102.6336,20.6176,102.6528,102.6336,
100,32,524288,2048,hyprefill,512/768/768,graph,94,99.7596,20.6176,99.7773,99.7596,
100,32,524288,2048,hyprefill,512/768/768,graph,95,101.0004,20.3430,101.0244,101.0004,
100,32,524288,2048,hyprefill,512/768/768,graph,96,101.0634,20.6176,101.0968,101.0634,
100,32,524288,2048,hyprefill,512/768/768,graph,97,100.1628,20.3430,100.1895,100.1628,
100,32,524288,2048,hyprefill,512/768/768,graph,98,101.5241,20.6176,101.5557,101.5241,
100,32,524288,2048,hyprefill,512/768/768,graph,99,102.4705,20.0684,102.4925,102.4705,
100,32,524288,2048,hyprefill,512/768/768,graph,100,99.7843,20.6176,99.8083,99.7843,
100,32,524288,2048,hyprefill,512/768/768,graph,101,102.0998,20.3430,102.1201,102.0998,
100,32,524288,2048,hyprefill,512/768/768,graph,102,102.6071,20.6176,102.6285,102.6071,
100,32,524288,2048,hyprefill,512/768/768,graph,103,98.5421,20.3430,98.5618,98.5421,
100,32,524288,2048,hyprefill,512/768/768,graph,104,102.5883,20.6176,102.6070,102.5883,
100,32,524288,2048,hyprefill,512/768/768,graph,105,100.3439,20.6176,100.3631,100.3439,
100,32,524288,2048,hyprefill,512/768/768,graph,106,98.7953,20.6176,98.8192,98.7953,
100,32,524288,2048,hyprefill,512/768/768,graph,107,102.6284,20.3430,102.6670,102.6284,
100,32,524288,2048,hyprefill,512/768/768,graph,108,101.4967,20.6176,101.5278,101.4967,
100,32,524288,2048,hyprefill,512/768/768,graph,109,99.8325,20.3430,99.8752,99.8325,
100,32,524288,2048,hyprefill,512/768/768,graph,110,102.2580,20.6176,102.2805,102.2580,
100,32,524288,2048,hyprefill,512/768/768,graph,111,101.2088,20.0684,101.2303,101.2088,
100,32,524288,2048,hyprefill,512/768/768,graph,112,99.0353,20.6176,99.0532,99.0353,
100,32,524288,2048,hyprefill,512/768/768,graph,113,101.5771,20.3430,101.5941,101.5771,
100,32,524288,2048,hyprefill,512/768/768,graph,114,100.9904,20.6176,101.0094,100.9904,
100,32,524288,2048,hyprefill,512/768/768,graph,115,98.7603,20.3430,98.7812,98.7603,
100,32,524288,2048,hyprefill,512/768/768,graph,116,100.4796,20.6176,100.4991,100.4796,
100,32,524288,2048,hyprefill,512/768/768,graph,117,101.9987,20.6176,102.0169,101.9987,
100,32,524288,2048,hyprefill,512/768/768,graph,118,99.3759,20.6176,99.4102,99.3759,
100,32,524288,2048,hyprefill,512/768/768,graph,119,102.5964,20.3430,102.6330,102.5964,
100,32,524288,2048,hyprefill,512/768/768,graph,120,102.0736,20.6176,102.0930,102.0736,
100,32,524288,2048,hyprefill,512/768/768,graph,121,100.4313,20.3430,100.4496,100.4313,
100,32,524288,2048,hyprefill,512/768/768,graph,122,100.6532,20.6176,100.6716,100.6532,
100,32,524288,2048,hyprefill,512/768/768,graph,123,101.2421,20.0684,101.2604,101.2421,
100,32,524288,2048,hyprefill,512/768/768,graph,124,99.1121,20.6176,99.1291,99.1121,
100,32,524288,2048,hyprefill,512/768/768,graph,125,101.5524,20.3430,101.5697,101.5524,
100,32,524288,2048,hyprefill,512/768/768,graph,126,102.9209,20.6176,102.9387,102.9209,
100,32,524288,2048,hyprefill,512/768/768,graph,127,98.4993,20.3430,98.5291,98.4993,
100,32,524288,2048,hyprefill,512/768/768,graph,128,102.6934,20.6176,102.7392,102.6934,
100,32,524288,2048,hyprefill,512/768/768,graph,129,100.9113,20.6176,100.9458,100.9113,
100,32,524288,2048,hyprefill,512/768/768,graph,130,99.1460,20.6176,99.1828,99.1460,
100,32,524288,2048,hyprefill,512/768/768,graph,131,102.3675,20.3430,102.3899,102.3675,
100,32,524288,2048,hyprefill,512/768/768,graph,132,101.4292,20.6176,101.4474,101.4292,
100,32,524288,2048,hyprefill,512/768/768,graph,133,99.0260,20.3430,99.0448,99.0260,
100,32,524288,2048,hyprefill,512/768/768,graph,134,101.5776,20.6176,101.5954,101.5776,
100,32,524288,2048,hyprefill,512/768/768,graph,135,102.2807,20.0684,102.2980,102.2807,
100,32,524288,2048,hyprefill,512/768/768,graph,136,98.3850,20.6176,98.4027,98.3850,
100,32,524288,2048,hyprefill,512/768/768,graph,137,103.2662,20.3430,103.2831,103.2662,
100,32,524288,2048,hyprefill,512/768/768,graph,138,101.1391,20.6176,101.1559,101.1391,
100,32,524288,2048,hyprefill,512/768/768,graph,139,98.0550,20.3430,98.0769,98.0550,
100,32,524288,2048,hyprefill,512/768/768,graph,140,102.3048,20.6176,102.3385,102.3048,
100,32,524288,2048,hyprefill,512/768/768,graph,141,101.6460,20.6176,101.6745,101.6460,
100,32,524288,2048,hyprefill,512/768/768,graph,142,98.0874,20.6176,98.1235,98.0874,
100,32,524288,2048,hyprefill,512/768/768,graph,143,100.5669,20.3430,100.5907,100.5669,
100,32,524288,2048,hyprefill,512/768/768,graph,144,102.3914,20.6176,102.4166,102.3914,
100,32,524288,2048,hyprefill,512/768/768,graph,145,98.2373,20.3430,98.2702,98.2373,
100,32,524288,2048,hyprefill,512/768/768,graph,146,101.7667,20.6176,101.7952,101.7667,
100,32,524288,2048,hyprefill,512/768/768,graph,147,102.4739,20.0684,102.5061,102.4739,
100,32,524288,2048,hyprefill,512/768/768,graph,148,98.2410,20.6176,98.2615,98.2410,
100,32,524288,2048,hyprefill,512/768/768,graph,149,102.4435,20.3430,102.4644,102.4435,
100,32,524288,2048,hyprefill,512/768/768,graph,150,102.9046,20.6176,102.9289,102.9046,
100,32,524288,2048,hyprefill,512/768/768,graph,151,100.5247,20.3430,100.5562,100.5247,
100,32,524288,2048,hyprefill,512/768/768,graph,152,100.9546,20.6176,100.9772,100.9546,
100,32,524288,2048,hyprefill,512/768/768,graph,153,100.4271,20.6176,100.4533,100.4271,
100,32,524288,2048,hyprefill,512/768/768,graph,154,99.5728,20.6176,99.6022,99.5728,
100,32,524288,2048,hyprefill,512/768/768,graph,155,101.4413,20.3430,101.4611,101.4413,
100,32,524288,2048,hyprefill,512/768/768,graph,156,103.2506,20.6176,103.2719,103.2506,
100,32,524288,2048,hyprefill,512/768/768,graph,157,97.8526,20.3430,97.8702,97.8526,
100,32,524288,2048,hyprefill,512/768/768,graph,158,102.5375,20.6176,102.5554,102.5375,
100,32,524288,2048,hyprefill,512/768/768,graph,159,101.8726,20.0684,101.8898,101.8726,
100,32,524288,2048,hyprefill,512/768/768,graph,160,97.4229,20.6176,97.4402,97.4229,
100,32,524288,2048,hyprefill,512/768/768,graph,161,103.0547,20.3430,103.0786,103.0547,
100,32,524288,2048,hyprefill,512/768/768,graph,162,101.8875,20.6176,101.9242,101.8875,
100,32,524288,2048,hyprefill,512/768/768,graph,163,99.4187,20.3430,99.4463,99.4187,
100,32,524288,2048,hyprefill,512/768/768,graph,164,101.0889,20.6176,101.1201,101.0889,
100,32,524288,2048,hyprefill,512/768/768,graph,165,102.3522,20.6176,102.3810,102.3522,
100,32,524288,2048,hyprefill,512/768/768,graph,166,98.3690,20.6176,98.3998,98.3690,
100,32,524288,2048,hyprefill,512/768/768,graph,167,102.7540,20.3430,102.7757,102.7540,
100,32,524288,2048,hyprefill,512/768/768,graph,168,102.8651,20.6176,102.8862,102.8651,
100,32,524288,2048,hyprefill,512/768/768,graph,169,98.4548,20.3430,98.4745,98.4548,
100,32,524288,2048,hyprefill,512/768/768,graph,170,102.1535,20.6176,102.1733,102.1535,
100,32,524288,2048,hyprefill,512/768/768,graph,171,102.2616,20.0684,102.2808,102.2616,
100,32,524288,2048,hyprefill,512/768/768,graph,172,98.6656,20.6176,98.6842,98.6656,
100,32,524288,2048,hyprefill,512/768/768,graph,173,102.0852,20.3430,102.1047,102.0852,
100,32,524288,2048,hyprefill,512/768/768,graph,174,102.1914,20.6176,102.2154,102.1914,
100,32,524288,2048,hyprefill,512/768/768,graph,175,99.0325,20.3430,99.0642,99.0325,
100,32,524288,2048,hyprefill,512/768/768,graph,176,101.1913,20.6176,101.2147,101.1913,
100,32,524288,2048,hyprefill,512/768/768,graph,177,103.4415,20.6176,103.4646,103.4415,
100,32,524288,2048,hyprefill,512/768/768,graph,178,98.5714,20.6176,98.5942,98.5714,
100,32,524288,2048,hyprefill,512/768/768,graph,179,100.9185,20.3430,100.9381,100.9185,
100,32,524288,2048,hyprefill,512/768/768,graph,180,102.9693,20.6176,102.9888,102.9693,
100,32,524288,2048,hyprefill,512/768/768,graph,181,98.1804,20.3430,98.2144,98.1804,
100,32,524288,2048,hyprefill,512/768/768,graph,182,102.6975,20.6176,102.7372,102.6975,
100,32,524288,2048,hyprefill,512/768/768,graph,183,102.2558,20.0684,102.2925,102.2558,
100,32,524288,2048,hyprefill,512/768/768,graph,184,97.6563,20.6176,97.6974,97.6563,
100,32,524288,2048,hyprefill,512/768/768,graph,185,101.0572,20.3430,101.0797,101.0572,
100,32,524288,2048,hyprefill,512/768/768,graph,186,102.5204,20.6176,102.5445,102.5204,
100,32,524288,2048,hyprefill,512/768/768,graph,187,98.9401,20.3430,98.9692,98.9401,
100,32,524288,2048,hyprefill,512/768/768,graph,188,102.0882,20.6176,102.1241,102.0882,
100,32,524288,2048,hyprefill,512/768/768,graph,189,101.4722,20.6176,101.5079,101.4722,
100,32,524288,2048,hyprefill,512/768/768,graph,190,101.1425,20.6176,101.1652,101.1425,
100,32,524288,2048,hyprefill,512/768/768,graph,191,102.9823,20.3430,103.0032,102.9823,
100,32,524288,2048,hyprefill,512/768/768,graph,192,102.1038,20.6176,102.1248,102.1038,
100,32,524288,2048,hyprefill,512/768/768,graph,193,97.9460,20.3430,97.9704,97.9460,
100,32,524288,2048,hyprefill,512/768/768,graph,194,102.0754,20.6176,102.0978,102.0754,
100,32,524288,2048,hyprefill,512/768/768,graph,195,101.1547,20.0684,101.1815,101.1547,
100,32,524288,2048,hyprefill,512/768/768,graph,196,97.7974,20.6176,97.8379,97.7974,
100,32,524288,2048,hyprefill,512/768/768,graph,197,102.1155,20.3430,102.1476,102.1155,
100,32,524288,2048,hyprefill,512/768/768,graph,198,100.1965,20.6176,100.2172,100.1965,
100,32,524288,2048,hyprefill,512/768/768,graph,199,98.8538,20.3430,98.8746,98.8538,
100,32,524288,2048,hyprefill,512/2048/2048,graph,0,92.1981,16.4988,92.2533,92.1981,
100,32,524288,2048,hyprefill,512/2048/2048,graph,1,90.5993,17.0480,90.6478,90.5993,
100,32,524288,2048,hyprefill,512/2048/2048,graph,2,91.2836,16.7734,91.3395,91.2836,
100,32,524288,2048,hyprefill,512/2048/2048,graph,3,91.6384,17.0480,91.6873,91.6384,
100,32,524288,2048,hyprefill,512/2048/2048,graph,4,96.5716,16.4988,96.5976,96.5716,
100,32,524288,2048,hyprefill,512/2048/2048,graph,5,96.6396,17.0480,96.6596,96.6396,
100,32,524288,2048,hyprefill,512/2048/2048,graph,6,98.4848,16.7734,98.5084,98.4848,
100,32,524288,2048,hyprefill,512/2048/2048,graph,7,97.8206,17.0480,97.8478,97.8206,
100,32,524288,2048,hyprefill,512/2048/2048,graph,8,97.0918,16.4988,97.1220,97.0918,
100,32,524288,2048,hyprefill,512/2048/2048,graph,9,101.5710,17.0480,101.5965,101.5710,
100,32,524288,2048,hyprefill,512/2048/2048,graph,10,98.4213,16.7734,98.4490,98.4213,
100,32,524288,2048,hyprefill,512/2048/2048,graph,11,101.3397,17.0480,101.3782,101.3397,
100,32,524288,2048,hyprefill,512/2048/2048,graph,12,105.3520,16.4988,105.4169,105.3520,
100,32,524288,2048,hyprefill,512/2048/2048,graph,13,98.6379,17.0480,98.6790,98.6379,
100,32,524288,2048,hyprefill,512/2048/2048,graph,14,99.3102,16.7734,99.3342,99.3102,
100,32,524288,2048,hyprefill,512/2048/2048,graph,15,98.0950,17.0480,98.1515,98.0950,
100,32,524288,2048,hyprefill,512/2048/2048,graph,16,96.6853,16.4988,96.7080,96.6853,
100,32,524288,2048,hyprefill,512/2048/2048,graph,17,98.0020,17.0480,98.0237,98.0020,
100,32,524288,2048,hyprefill,512/2048/2048,graph,18,98.1975,16.7734,98.2287,98.1975,
100,32,524288,2048,hyprefill,512/2048/2048,graph,19,100.4938,17.0480,100.5424,100.4938,
100,32,524288,2048,hyprefill,512/2048/2048,graph,20,97.5518,16.4988,97.5730,97.5518,
100,32,524288,2048,hyprefill,512/2048/2048,graph,21,102.1710,17.0480,102.1971,102.1710,
100,32,524288,2048,hyprefill,512/2048/2048,graph,22,102.7518,16.7734,102.7867,102.7518,
100,32,524288,2048,hyprefill,512/2048/2048,graph,23,98.4244,17.0480,98.4445,98.4244,
100,32,524288,2048,hyprefill,512/2048/2048,graph,24,99.2222,16.4988,99.2421,99.2222,
100,32,524288,2048,hyprefill,512/2048/2048,graph,25,97.9387,17.0480,97.9555,97.9387,
100,32,524288,2048,hyprefill,512/2048/2048,graph,26,98.4847,16.7734,98.5028,98.4847,
100,32,524288,2048,hyprefill,512/2048/2048,graph,27,98.9259,17.0480,98.9439,98.9259,
100,32,524288,2048,hyprefill,512/2048/2048,graph,28,99.7259,16.4988,99.7435,99.7259,
100,32,524288,2048,hyprefill,512/2048/2048,graph,29,97.7116,17.0480,97.7293,97.7116,
100,32,524288,2048,hyprefill,512/2048/2048,graph,30,100.1329,16.7734,100.1511,100.1329,
100,32,524288,2048,hyprefill,512/2048/2048,graph,31,100.6115,17.0480,100.6324,100.6115,
100,32,524288,2048,hyprefill,512/2048/2048,graph,32,102.1697,16.4988,102.1987,102.1697,
100,32,524288,2048,hyprefill,512/2048/2048,graph,33,99.3360,17.0480,99.3845,99.3360,
100,32,524288,2048,hyprefill,512/2048/2048,graph,34,99.2228,16.7734,99.2461,99.2228,
100,32,524288,2048,hyprefill,512/2048/2048,graph,35,97.8677,17.0480,97.9008,97.8677,
100,32,524288,2048,hyprefill,512/2048/2048,graph,36,97.8007,16.4988,97.8394,97.8007,
100,32,524288,2048,hyprefill,512/2048/2048,graph,37,97.2089,17.0480,97.2308,97.2089,
100,32,524288,2048,hyprefill,512/2048/2048,graph,38,98.8844,16.7734,98.9037,98.8844,
100,32,524288,2048,hyprefill,512/2048/2048,graph,39,99.3603,17.0480,99.3809,99.3603,
100,32,524288,2048,hyprefill,512/2048/2048,graph,40,100.8712,16.4988,100.8945,100.8712,
100,32,524288,2048,hyprefill,512/2048/2048,graph,41,100.1633,17.0480,100.1871,100.1633,
100,32,524288,2048,hyprefill,512/2048/2048,graph,42,100.4585,16.7734,100.4803,100.4585,
100,32,524288,2048,hyprefill,512/2048/2048,graph,43,100.0027,17.0480,100.0235,100.0027,
100,32,524288,2048,hyprefill,512/2048/2048,graph,44,98.9974,16.4988,99.0162,98.9974,
100,32,524288,2048,hyprefill,512/2048/2048,graph,45,97.5399,17.0480,97.5578,97.5399,
100,32,524288,2048,hyprefill,512/2048/2048,graph,46,100.5895,16.7734,100.6148,100.5895,
100,32,524288,2048,hyprefill,512/2048/2048,graph,47,98.2627,17.0480,98.2987,98.2627,
100,32,524288,2048,hyprefill,512/2048/2048,graph,48,97.2274,16.4988,97.2566,97.2274,
100,32,524288,2048,hyprefill,512/2048/2048,graph,49,98.6036,17.0480,98.6661,98.6036,
100,32,524288,2048,hyprefill,512/2048/2048,graph,50,100.5442,16.7734,100.6031,100.5442,
100,32,524288,2048,hyprefill,512/2048/2048,graph,51,100.7289,17.0480,100.7498,100.7289,
100,32,524288,2048,hyprefill,512/2048/2048,graph,52,101.3116,16.4988,101.3302,101.3116,
100,32,524288,2048,hyprefill,512/2048/2048,graph,53,97.9225,17.0480,97.9413,97.9225,
100,32,524288,2048,hyprefill,512/2048/2048,graph,54,100.5794,16.7734,100.6031,100.5794,
100,32,524288,2048,hyprefill,512/2048/2048,graph,55,98.3072,17.0480,98.3510,98.3072,
100,32,524288,2048,hyprefill,512/2048/2048,graph,56,98.9111,16.4988,98.9440,98.9111,
100,32,524288,2048,hyprefill,512/2048/2048,graph,57,99.6475,17.0480,99.6698,99.6475,
100,32,524288,2048,hyprefill,512/2048/2048,graph,58,97.4636,16.7734,97.4838,97.4636,
100,32,524288,2048,hyprefill,512/2048/2048,graph,59,98.9097,17.0480,98.9304,98.9097,
100,32,524288,2048,hyprefill,512/2048/2048,graph,60,98.4316,16.4988,98.4509,98.4316,
100,32,524288,2048,hyprefill,512/2048/2048,graph,61,99.4130,17.0480,99.4322,99.4130,
100,32,524288,2048,hyprefill,512/2048/2048,graph,62,100.9928,16.7734,101.0121,100.9928,
100,32,524288,2048,hyprefill,512/2048/2048,graph,63,100.4765,17.0480,100.5000,100.4765,
100,32,524288,2048,hyprefill,512/2048/2048,graph,64,99.3574,16.4988,99.3837,99.3574,
100,32,524288,2048,hyprefill,512/2048/2048,graph,65,99.6733,17.0480,99.6956,99.6733,
100,32,524288,2048,hyprefill,512/2048/2048,graph,66,98.1537,16.7734,98.1750,98.1537,
100,32,524288,2048,hyprefill,512/2048/2048,graph,67,97.5045,17.0480,97.5266,97.5045,
100,32,524288,2048,hyprefill,512/2048/2048,graph,68,96.6775,16.4988,96.7028,96.6775,
100,32,524288,2048,hyprefill,512/2048/2048,graph,69,97.5944,17.0480,97.6174,97.5944,
100,32,524288,2048,hyprefill,512/2048/2048,graph,70,98.4413,16.7734,98.4657,98.4413,
100,32,524288,2048,hyprefill,512/2048/2048,graph,71,100.5523,17.0480,100.5823,100.5523,
100,32,524288,2048,hyprefill,512/2048/2048,graph,72,100.3698,16.4988,100.4017,100.3698,
100,32,524288,2048,hyprefill,512/2048/2048,graph,73,99.1441,17.0480,99.2001,99.1441,
100,32,524288,2048,hyprefill,512/2048/2048,graph,74,99.8468,16.7734,99.8931,99.8468,
100,32,524288,2048,hyprefill,512/2048/2048,graph,75,98.2569,17.0480,98.2781,98.2569,
100,32,524288,2048,hyprefill,512/2048/2048,graph,76,99.6059,16.4988,99.6273,99.6059,
100,32,524288,2048,hyprefill,512/2048/2048,graph,77,99.4663,17.0480,99.4898,99.4663,
100,32,524288,2048,hyprefill,512/2048/2048,graph,78,97.8955,16.7734,97.9181,97.8955,
100,32,524288,2048,hyprefill,512/2048/2048,graph,79,99.3047,17.0480,99.3265,99.3047,
100,32,524288,2048,hyprefill,512/2048/2048,graph,80,99.0344,16.4988,99.0560,99.0344,
100,32,524288,2048,hyprefill,512/2048/2048,graph,81,100.5411,17.0480,100.5632,100.5411,
100,32,524288,2048,hyprefill,512/2048/2048,graph,82,100.6391,16.7734,100.6668,100.6391,
100,32,524288,2048,hyprefill,512/2048/2048,graph,83,100.6140,17.0480,100.6728,100.6140,
100,32,524288,2048,hyprefill,512/2048/2048,graph,84,99.4797,16.4988,99.5433,99.4797,
100,32,524288,2048,hyprefill,512/2048/2048,graph,85,99.0673,17.0480,99.0950,99.0673,
100,32,524288,2048,hyprefill,512/2048/2048,graph,86,99.6533,16.7734,99.6784,99.6533,
100,32,524288,2048,hyprefill,512/2048/2048,graph,87,99.8694,17.0480,99.8973,99.8694,
100,32,524288,2048,hyprefill,512/2048/2048,graph,88,99.3702,16.4988,99.3997,99.3702,
100,32,524288,2048,hyprefill,512/2048/2048,graph,89,97.8875,17.0480,97.9089,97.8875,
100,32,524288,2048,hyprefill,512/2048/2048,graph,90,99.7123,16.7734,99.7352,99.7123,
100,32,524288,2048,hyprefill,512/2048/2048,graph,91,99.7351,17.0480,99.7573,99.7351,
100,32,524288,2048,hyprefill,512/2048/2048,graph,92,99.6604,16.4988,99.6815,99.6604,
100,32,524288,2048,hyprefill,512/2048/2048,graph,93,99.0781,17.0480,99.0979,99.0781,
100,32,524288,2048,hyprefill,512/2048/2048,graph,94,99.9688,16.7734,99.9907,99.9688,
100,32,524288,2048,hyprefill,512/2048/2048,graph,95,99.7929,17.0480,99.8255,99.7929,
100,32,524288,2048,hyprefill,512/2048/2048,graph,96,99.7817,16.4988,99.8216,99.7817,
100,32,524288,2048,hyprefill,512/2048/2048,graph,97,99.4615,17.0480,99.4846,99.4615,
100,32,524288,2048,hyprefill,512/2048/2048,graph,98,98.4546,16.7734,98.4749,98.4546,
100,32,524288,2048,hyprefill,512/2048/2048,graph,99,97.5631,17.0480,97.5834,97.5631,
100,32,524288,2048,hyprefill,512/2048/2048,graph,100,98.9092,16.4988,98.9275,98.9092,
100,32,524288,2048,hyprefill,512/2048/2048,graph,101,99.7861,17.0480,99.8061,99.7861,
100,32,524288,2048,hyprefill,512/2048/2048,graph,102,98.7747,16.7734,98.8036,98.7747,
100,32,524288,2048,hyprefill,512/2048/2048,graph,103,99.7017,17.0480,99.7417,99.7017,
100,32,524288,2048,hyprefill,512/2048/2048,graph,104,99.8993,16.4988,99.9197,99.8993,
100,32,524288,2048,hyprefill,512/2048/2048,graph,105,98.3532,17.0480,98.3835,98.3532,
100,32,524288,2048,hyprefill,512/2048/2048,graph,106,98.5526,16.7734,98.6066,98.5526,
100,32,524288,2048,hyprefill,512/2048/2048,graph,107,100.7447,17.0480,100.7935,100.7447,
100,32,524288,2048,hyprefill,512/2048/2048,graph,108,98.9508,16.4988,98.9843,98.9508,
100,32,524288,2048,hyprefill,512/2048/2048,graph,109,96.4013,17.0480,96.4266,96.4013,
100,32,524288,2048,hyprefill,512/2048/2048,graph,110,100.3405,16.7734,100.3623,100.3405,
100,32,524288,2048,hyprefill,512/2048/2048,graph,111,99.6210,17.0480,99.6462,99.6210,
100,32,524288,2048,hyprefill,512/2048/2048,graph,112,98.6358,16.4988,98.6590,98.6358,
100,32,524288,2048,hyprefill,512/2048/2048,graph,113,99.5293,17.0480,99.5491,99.5293,
100,32,524288,2048,hyprefill,512/2048/2048,graph,114,100.3638,16.7734,100.3872,100.3638,
100,32,524288,2048,hyprefill,512/2048/2048,graph,115,99.3075,17.0480,99.3275,99.3075,
100,32,524288,2048,hyprefill,512/2048/2048,graph,116,99.0056,16.4988,99.0265,99.0056,
100,32,524288,2048,hyprefill,512/2048/2048,graph,117,100.1641,17.0480,100.1939,100.1641,
100,32,524288,2048,hyprefill,512/2048/2048,graph,118,99.4658,16.7734,99.5024,99.4658,
100,32,524288,2048,hyprefill,512/2048/2048,graph,119,98.5009,17.0480,98.5332,98.5009,
100,32,524288,2048,hyprefill,512/2048/2048,graph,120,100.3977,16.4988,100.4352,100.3977,
100,32,524288,2048,hyprefill,512/2048/2048,graph,121,98.6493,17.0480,98.6712,98.6493,
100,32,524288,2048,hyprefill,512/2048/2048,graph,122,100.3896,16.7734,100.4073,100.3896,
100,32,524288,2048,hyprefill,512/2048/2048,graph,123,99.8984,17.0480,99.9155,99.8984,
100,32,524288,2048,hyprefill,512/2048/2048,graph,124,99.1422,16.4988,99.1605,99.1422,
100,32,524288,2048,hyprefill,512/2048/2048,graph,125,99.2048,17.0480,99.2264,99.2048,
100,32,524288,2048,hyprefill,512/2048/2048,graph,126,99.6455,16.7734,99.6729,99.6455,
100,32,524288,2048,hyprefill,512/2048/2048,graph,127,100.4137,17.0480,100.4311,100.4137,
100,32,524288,2048,hyprefill,512/2048/2048,graph,128,99.3423,16.4988,99.3609,99.3423,
100,32,524288,2048,hyprefill,512/2048/2048,graph,129,97.9625,17.0480,97.9800,97.9625,
100,32,524288,2048,hyprefill,512/2048/2048,graph,130,98.6313,16.7734,98.6548,98.6313,
100,32,524288,2048,hyprefill,512/2048/2048,graph,131,98.5547,17.0480,98.5845,98.5547,
100,32,524288,2048,hyprefill,512/2048/2048,graph,132,99.7094,16.4988,99.7328,99.7094,
100,32,524288,2048,hyprefill,512/2048/2048,graph,133,98.1516,17.0480,98.1729,98.1516,
100,32,524288,2048,hyprefill,512/2048/2048,graph,134,99.4598,16.7734,99.4789,99.4598,
100,32,524288,2048,hyprefill,512/2048/2048,graph,135,99.5660,17.0480,99.5862,99.5660,
100,32,524288,2048,hyprefill,512/2048/2048,graph,136,97.5831,16.4988,97.6018,97.5831,
100,32,524288,2048,hyprefill,512/2048/2048,graph,137,100.1579,17.0480,100.1771,100.1579,
100,32,524288,2048,hyprefill,512/2048/2048,graph,138,100.4022,16.7734,100.4207,100.4022,
100,32,524288,2048,hyprefill,512/2048/2048,graph,139,98.4480,17.0480,98.4664,98.4480,
100,32,524288,2048,hyprefill,512/2048/2048,graph,140,98.7184,16.4988,98.7473,98.7184,
100,32,524288,2048,hyprefill,512/2048/2048,graph,141,99.0953,17.0480,99.1337,99.0953,
100,32,524288,2048,hyprefill,512/2048/2048,graph,142,100.2669,16.7734,100.2876,100.2669,
100,32,524288,2048,hyprefill,512/2048/2048,graph,143,99.4934,17.0480,99.5145,99.4934,
100,32,524288,2048,hyprefill,512/2048/2048,graph,144,100.0401,16.4988,100.0628,100.0401,
100,32,524288,2048,hyprefill,512/2048/2048,graph,145,99.5318,17.0480,99.5581,99.5318,
100,32,524288,2048,hyprefill,512/2048/2048,graph,146,97.7409,16.7734,97.7613,97.7409,
100,32,524288,2048,hyprefill,512/2048/2048,graph,147,97.6693,17.0480,97.6886,97.6693,
100,32,524288,2048,hyprefill,512/2048/2048,graph,148,99.7211,16.4988,99.7408,99.7211,
100,32,524288,2048,hyprefill,512/2048/2048,graph,149,99.0901,17.0480,99.1077,99.0901,
100,32,524288,2048,hyprefill,512/2048/2048,graph,150,99.8169,16.7734,99.8407,99.8169,
100,32,524288,2048,hyprefill,512/2048/2048,graph,151,102.1565,17.0480,102.1874,102.1565,
100,32,524288,2048,hyprefill,512/2048/2048,graph,152,98.5719,16.4988,98.5898,98.5719,
100,32,524288,2048,hyprefill,512/2048/2048,graph,153,99.8985,17.0480,99.9160,99.8985,
100,32,524288,2048,hyprefill,512/2048/2048,graph,154,100.3721,16.7734,100.3954,100.3721,
100,32,524288,2048,hyprefill,512/2048/2048,graph,155,99.6691,17.0480,99.6983,99.6691,
100,32,524288,2048,hyprefill,512/2048/2048,graph,156,100.2784,16.4988,100.2996,100.2784,
100,32,524288,2048,hyprefill,512/2048/2048,graph,157,98.8696,17.0480,98.8878,98.8696,
100,32,524288,2048,hyprefill,512/2048/2048,graph,158,99.2866,16.7734,99.3060,99.2866,
100,32,524288,2048,hyprefill,512/2048/2048,graph,159,98.4490,17.0480,98.4686,98.4490,
100,32,524288,2048,hyprefill,512/2048/2048,graph,160,99.1455,16.4988,99.1635,99.1455,
100,32,524288,2048,hyprefill,512/2048/2048,graph,161,99.4846,17.0480,99.5052,99.4846,
100,32,524288,2048,hyprefill,512/2048/2048,graph,162,100.2433,16.7734,100.2654,100.2433,
100,32,524288,2048,hyprefill,512/2048/2048,graph,163,100.4324,17.0480,100.4615,100.4324,
100,32,524288,2048,hyprefill,512/2048/2048,graph,164,98.0233,16.4988,98.0704,98.0233,
100,32,524288,2048,hyprefill,512/2048/2048,graph,165,100.0642,17.0480,100.0823,100.0642,
100,32,524288,2048,hyprefill,512/2048/2048,graph,166,99.4364,16.7734,99.4621,99.4364,
100,32,524288,2048,hyprefill,512/2048/2048,graph,167,99.7622,17.0480,99.7933,99.7622,
100,32,524288,2048,hyprefill,512/2048/2048,graph,168,98.3992,16.4988,98.4202,98.3992,
100,32,524288,2048,hyprefill,512/2048/2048,graph,169,99.2190,17.0480,99.2384,99.2190,
100,32,524288,2048,hyprefill,512/2048/2048,graph,170,98.7541,16.7734,98.7724,98.7541,
100,32,524288,2048,hyprefill,512/2048/2048,graph,171,98.0525,17.0480,98.0763,98.0525,
100,32,524288,2048,hyprefill,512/2048/2048,graph,172,99.9273,16.4988,99.9571,99.9273,
100,32,524288,2048,hyprefill,512/2048/2048,graph,173,99.0396,17.0480,99.0606,99.0396,
100,32,524288,2048,hyprefill,512/2048/2048,graph,174,99.7349,16.7734,99.7549,99.7349,
100,32,524288,2048,hyprefill,512/2048/2048,graph,175,100.6371,17.0480,100.6559,100.6371,
100,32,524288,2048,hyprefill,512/2048/2048,graph,176,98.8899,16.4988,98.9075,98.8899,
100,32,524288,2048,hyprefill,512/2048/2048,graph,177,98.7170,17.0480,98.7449,98.7170,
100,32,524288,2048,hyprefill,512/2048/2048,graph,178,100.2079,16.7734,100.2428,100.2079,
100,32,524288,2048,hyprefill,512/2048/2048,graph,179,99.2309,17.0480,99.2501,99.2309,
100,32,524288,2048,hyprefill,512/2048/2048,graph,180,99.2472,16.4988,99.2681,99.2472,
100,32,524288,2048,hyprefill,512/2048/2048,graph,181,98.6259,17.0480,98.6466,98.6259,
100,32,524288,2048,hyprefill,512/2048/2048,graph,182,101.4456,16.7734,101.4667,101.4456,
100,32,524288,2048,hyprefill,512/2048/2048,graph,183,99.5047,17.0480,99.5243,99.5047,
100,32,524288,2048,hyprefill,512/2048/2048,graph,184,100.5027,16.4988,100.5268,100.5027,
100,32,524288,2048,hyprefill,512/2048/2048,graph,185,99.3650,17.0480,99.3868,99.3650,
100,32,524288,2048,hyprefill,512/2048/2048,graph,186,97.5970,16.7734,97.6160,97.5970,
100,32,524288,2048,hyprefill,512/2048/2048,graph,187,96.9967,17.0480,97.0147,96.9967,
100,32,524288,2048,hyprefill,512/2048/2048,graph,188,98.2961,16.4988,98.3228,98.2961,
100,32,524288,2048,hyprefill,512/2048/2048,graph,189,100.2973,17.0480,100.3315,100.2973,
100,32,524288,2048,hyprefill,512/2048/2048,graph,190,97.5646,16.7734,97.5925,97.5646,
100,32,524288,2048,hyprefill,512/2048/2048,graph,191,98.2460,17.0480,98.2828,98.2460,
100,32,524288,2048,hyprefill,512/2048/2048,graph,192,99.2174,16.4988,99.2463,99.2174,
100,32,524288,2048,hyprefill,512/2048/2048,graph,193,97.4867,17.0480,97.5183,97.4867,
100,32,524288,2048,hyprefill,512/2048/2048,graph,194,100.8464,16.7734,100.8656,100.8464,
100,32,524288,2048,hyprefill,512/2048/2048,graph,195,99.9581,17.0480,99.9784,99.9581,
100,32,524288,2048,hyprefill,512/2048/2048,graph,196,98.8997,16.4988,98.9184,98.8997,
100,32,524288,2048,hyprefill,512/2048/2048,graph,197,97.5604,17.0480,97.5799,97.5604,
100,32,524288,2048,hyprefill,512/2048/2048,graph,198,99.7705,16.7734,99.7947,99.7705,
100,32,524288,2048,hyprefill,512/2048/2048,graph,199,99.6203,17.0480,99.6531,99.6203,
100,32,524288,2048,hyprefill,512/1024/1024,graph,0,91.8397,18.6955,91.8932,91.8397,
100,32,524288,2048,hyprefill,512/1024/1024,graph,1,93.8145,19.5193,93.8627,93.8145,
100,32,524288,2048,hyprefill,512/1024/1024,graph,2,98.3776,18.6955,98.4031,98.3776,
100,32,524288,2048,hyprefill,512/1024/1024,graph,3,98.3580,19.5193,98.3841,98.3580,
100,32,524288,2048,hyprefill,512/1024/1024,graph,4,98.2683,18.6955,98.3063,98.2683,
100,32,524288,2048,hyprefill,512/1024/1024,graph,5,97.9631,19.5193,97.9859,97.9631,
100,32,524288,2048,hyprefill,512/1024/1024,graph,6,98.9612,18.6955,98.9835,98.9612,
100,32,524288,2048,hyprefill,512/1024/1024,graph,7,98.3240,19.5193,98.3447,98.3240,
100,32,524288,2048,hyprefill,512/1024/1024,graph,8,98.4104,18.6955,98.4386,98.4104,
100,32,524288,2048,hyprefill,512/1024/1024,graph,9,100.8621,19.5193,100.9162,100.8621,
100,32,524288,2048,hyprefill,512/1024/1024,graph,10,109.8331,18.6955,109.8794,109.8331,
100,32,524288,2048,hyprefill,512/1024/1024,graph,11,101.9478,19.5193,101.9969,101.9478,
100,32,524288,2048,hyprefill,512/1024/1024,graph,12,99.8342,18.6955,99.8548,99.8342,
100,32,524288,2048,hyprefill,512/1024/1024,graph,13,98.0326,19.5193,98.0537,98.0326,
100,32,524288,2048,hyprefill,512/1024/1024,graph,14,98.7908,18.6955,98.8101,98.7908,
100,32,524288,2048,hyprefill,512/1024/1024,graph,15,98.4944,19.5193,98.5132,98.4944,
100,32,524288,2048,hyprefill,512/1024/1024,graph,16,98.5096,18.6955,98.5282,98.5096,
100,32,524288,2048,hyprefill,512/1024/1024,graph,17,97.9577,19.5193,97.9759,97.9577,
100,32,524288,2048,hyprefill,512/1024/1024,graph,18,99.2914,18.6955,99.3128,99.2914,
100,32,524288,2048,hyprefill,512/1024/1024,graph,19,105.4340,19.5193,105.4615,105.4340,
100,32,524288,2048,hyprefill,512/1024/1024,graph,20,104.1175,18.6955,104.1608,104.1175,
100,32,524288,2048,hyprefill,512/1024/1024,graph,21,102.7317,19.5193,102.7733,102.7317,
100,32,524288,2048,hyprefill,512/1024/1024,graph,22,100.9031,18.6955,100.9302,100.9031,
100,32,524288,2048,hyprefill,512/1024/1024,graph,23,98.5288,19.5193,98.5976,98.5288,
100,32,524288,2048,hyprefill,512/1024/1024,graph,24,98.7191,18.6955,98.8065,98.7191,
100,32,524288,2048,hyprefill,512/1024/1024,graph,25,98.7003,19.5193,98.7904,98.7003,
100,32,524288,2048,hyprefill,512/1024/1024,graph,26,98.5657,18.6955,98.6417,98.5657,
100,32,524288,2048,hyprefill,512/1024/1024,graph,27,98.5560,19.5193,98.6313,98.5560,
100,32,524288,2048,hyprefill,512/1024/1024,graph,28,100.3817,18.6955,100.4383,100.3817,
100,32,524288,2048,hyprefill,512/1024/1024,graph,29,104.5112,19.5193,104.5339,104.5112,
100,32,524288,2048,hyprefill,512/1024/1024,graph,30,102.4816,18.6955,102.5024,102.4816,
100,32,524288,2048,hyprefill,512/1024/1024,graph,31,101.9074,19.5193,101.9294,101.9074,
100,32,524288,2048,hyprefill,512/1024/1024,graph,32,101.6946,18.6955,101.7146,101.6946,
100,32,524288,2048,hyprefill,512/1024/1024,graph,33,98.9846,19.5193,99.0109,98.9846,
100,32,524288,2048,hyprefill,512/1024/1024,graph,34,98.9266,18.6955,98.9637,98.9266,
100,32,524288,2048,hyprefill,512/1024/1024,graph,35,99.0007,19.5193,99.0227,99.0007,
100,32,524288,2048,hyprefill,512/1024/1024,graph,36,98.9055,18.6955,98.9261,98.9055,
100,32,524288,2048,hyprefill,512/1024/1024,graph,37,98.6547,19.5193,98.6729,98.6547,
100,32,524288,2048,hyprefill,512/1024/1024,graph,38,101.1874,18.6955,101.2050,101.1874,
100,32,524288,2048,hyprefill,512/1024/1024,graph,39,102.0604,19.5193,102.0772,102.0604,
100,32,524288,2048,hyprefill,512/1024/1024,graph,40,102.7579,18.6955,102.7747,102.7579,
100,32,524288,2048,hyprefill,512/1024/1024,graph,41,102.8763,19.5193,102.8998,102.8763,
100,32,524288,2048,hyprefill,512/1024/1024,graph,42,99.6320,18.6955,99.6647,99.6320,
100,32,524288,2048,hyprefill,512/1024/1024,graph,43,100.0950,19.5193,100.1158,100.0950,
100,32,524288,2048,hyprefill,512/1024/1024,graph,44,100.2946,18.6955,100.3206,100.2946,
100,32,524288,2048,hyprefill,512/1024/1024,graph,45,98.7709,19.5193,98.8046,98.7709,
100,32,524288,2048,hyprefill,512/1024/1024,graph,46,98.6544,18.6955,98.6788,98.6544,
100,32,524288,2048,hyprefill,512/1024/1024,graph,47,98.6115,19.5193,98.6430,98.6115,
100,32,524288,2048,hyprefill,512/1024/1024,graph,48,103.1568,18.6955,103.1798,103.1568,
100,32,524288,2048,hyprefill,512/1024/1024,graph,49,102.6108,19.5193,102.6295,102.6108,
100,32,524288,2048,hyprefill,512/1024/1024,graph,50,102.8228,18.6955,102.8663,102.8228,
100,32,524288,2048,hyprefill,512/1024/1024,graph,51,101.3841,19.5193,101.4416,101.3841,
100,32,524288,2048,hyprefill,512/1024/1024,graph,52,100.8734,18.6955,100.8941,100.8734,
100,32,524288,2048,hyprefill,512/1024/1024,graph,53,99.8704,19.5193,99.8918,99.8704,
100,32,524288,2048,hyprefill,512/1024/1024,graph,54,99.1460,18.6955,99.1738,99.1460,
100,32,524288,2048,hyprefill,512/1024/1024,graph,55,99.8201,19.5193,99.8578,99.8201,
100,32,524288,2048,hyprefill,512/1024/1024,graph,56,99.1348,18.6955,99.1540,99.1348,
100,32,524288,2048,hyprefill,512/1024/1024,graph,57,99.2297,19.5193,99.2551,99.2297,
100,32,524288,2048,hyprefill,512/1024/1024,graph,58,101.5961,18.6955,101.6286,101.5961,
100,32,524288,2048,hyprefill,512/1024/1024,graph,59,102.7279,19.5193,102.7536,102.7279,
100,32,524288,2048,hyprefill,512/1024/1024,graph,60,103.4351,18.6955,103.4561,103.4351,
100,32,524288,2048,hyprefill,512/1024/1024,graph,61,101.6806,19.5193,101.7007,101.6806,
100,32,524288,2048,hyprefill,512/1024/1024,graph,62,101.4325,18.6955,101.4525,101.4325,
100,32,524288,2048,hyprefill,512/1024/1024,graph,63,98.6070,19.5193,98.6248,98.6070,
100,32,524288,2048,hyprefill,512/1024/1024,graph,64,99.9227,18.6955,99.9438,99.9227,
100,32,524288,2048,hyprefill,512/1024/1024,graph,65,98.9398,19.5193,98.9616,98.9398,
100,32,524288,2048,hyprefill,512/1024/1024,graph,66,100.9394,18.6955,100.9589,100.9394,
100,32,524288,2048,hyprefill,512/1024/1024,graph,67,100.5391,19.5193,100.5570,100.5391,
100,32,524288,2048,hyprefill,512/1024/1024,graph,68,101.0576,18.6955,101.0748,101.0576,
100,32,524288,2048,hyprefill,512/1024/1024,graph,69,102.1102,19.5193,102.1299,102.1102,
100,32,524288,2048,hyprefill,512/1024/1024,graph,70,102.4175,18.6955,102.4440,102.4175,
100,32,524288,2048,hyprefill,512/1024/1024,graph,71,101.9154,19.5193,101.9469,101.9154,
100,32,524288,2048,hyprefill,512/1024/1024,graph,72,99.3934,18.6955,99.4221,99.3934,
100,32,524288,2048,hyprefill,512/1024/1024,graph,73,98.6050,19.5193,98.6271,98.6050,
100,32,524288,2048,hyprefill,512/1024/1024,graph,74,99.3123,18.6955,99.3308,99.3123,
100,32,524288,2048,hyprefill,512/1024/1024,graph,75,98.5400,19.5193,98.5599,98.5400,
100,32,524288,2048,hyprefill,512/1024/1024,graph,76,100.6963,18.6955,100.7175,100.6963,
100,32,524288,2048,hyprefill,512/1024/1024,graph,77,99.9407,19.5193,99.9596,99.9407,
100,32,524288,2048,hyprefill,512/1024/1024,graph,78,99.8159,18.6955,99.8344,99.8159,
100,32,524288,2048,hyprefill,512/1024/1024,graph,79,102.1170,19.5193,102.1365,102.1170,
100,32,524288,2048,hyprefill,512/1024/1024,graph,80,101.5294,18.6955,101.5485,101.5294,
100,32,524288,2048,hyprefill,512/1024/1024,graph,81,102.2547,19.5193,102.2778,102.2547,
100,32,524288,2048,hyprefill,512/1024/1024,graph,82,100.3899,18.6955,100.4208,100.3899,
100,32,524288,2048,hyprefill,512/1024/1024,graph,83,99.2453,19.5193,99.2679,99.2453,
100,32,524288,2048,hyprefill,512/1024/1024,graph,84,99.7841,18.6955,99.8039,99.7841,
100,32,524288,2048,hyprefill,512/1024/1024,graph,85,101.3545,19.5193,101.3718,101.3545,
100,32,524288,2048,hyprefill,512/1024/1024,graph,86,100.0752,18.6955,100.0946,100.0752,
100,32,524288,2048,hyprefill,512/1024/1024,graph,87,101.7328,19.5193,101.7503,101.7328,
100,32,524288,2048,hyprefill,512/1024/1024,graph,88,99.5304,18.6955,99.5514,99.5304,
100,32,524288,2048,hyprefill,512/1024/1024,graph,89,101.9643,19.5193,101.9852,101.9643,
100,32,524288,2048,hyprefill,512/1024/1024,graph,90,100.9781,18.6955,100.9952,100.9781,
100,32,524288,2048,hyprefill,512/1024/1024,graph,91,101.2350,19.5193,101.2577,101.2350,
100,32,524288,2048,hyprefill,512/1024/1024,graph,92,99.9089,18.6955,99.9419,99.9089,
100,32,524288,2048,hyprefill,512/1024/1024,graph,93,99.5641,19.5193,99.5941,99.5641,
100,32,524288,2048,hyprefill,512/1024/1024,graph,94,98.8513,18.6955,98.8874,98.8513,
100,32,524288,2048,hyprefill,512/1024/1024,graph,95,101.1465,19.5193,101.1679,101.1465,
100,32,524288,2048,hyprefill,512/1024/1024,graph,96,100.8511,18.6955,100.8711,100.8511,
100,32,524288,2048,hyprefill,512/1024/1024,graph,97,100.3866,19.5193,100.4061,100.3866,
100,32,524288,2048,hyprefill,512/1024/1024,graph,98,100.0606,18.6955,100.0778,100.0606,
100,32,524288,2048,hyprefill,512/1024/1024,graph,99,102.0800,19.5193,102.0982,102.0800,
100,32,524288,2048,hyprefill,512/1024/1024,graph,100,101.4771,18.6955,101.4960,101.4771,
100,32,524288,2048,hyprefill,512/1024/1024,graph,101,99.2896,19.5193,99.3079,99.2896,
100,32,524288,2048,hyprefill,512/1024/1024,graph,102,99.8042,18.6955,99.8273,99.8042,
100,32,524288,2048,hyprefill,512/1024/1024,graph,103,100.2098,19.5193,100.2451,100.2098,
100,32,524288,2048,hyprefill,512/1024/1024,graph,104,98.5518,18.6955,98.5814,98.5518,
100,32,524288,2048,hyprefill,512/1024/1024,graph,105,98.9317,19.5193,98.9529,98.9317,
100,32,524288,2048,hyprefill,512/1024/1024,graph,106,101.9954,18.6955,102.0233,101.9954,
100,32,524288,2048,hyprefill,512/1024/1024,graph,107,100.3580,19.5193,100.3869,100.3580,
100,32,524288,2048,hyprefill,512/1024/1024,graph,108,99.7486,18.6955,99.7683,99.7486,
100,32,524288,2048,hyprefill,512/1024/1024,graph,109,101.2085,19.5193,101.2288,101.2085,
100,32,524288,2048,hyprefill,512/1024/1024,graph,110,99.8957,18.6955,99.9171,99.8957,
100,32,524288,2048,hyprefill,512/1024/1024,graph,111,100.3668,19.5193,100.3875,100.3668,
100,32,524288,2048,hyprefill,512/1024/1024,graph,112,99.3929,18.6955,99.4138,99.3929,
100,32,524288,2048,hyprefill,512/1024/1024,graph,113,98.9192,19.5193,98.9391,98.9192,
100,32,524288,2048,hyprefill,512/1024/1024,graph,114,99.5066,18.6955,99.5305,99.5066,
100,32,524288,2048,hyprefill,512/1024/1024,graph,115,99.4109,19.5193,99.4516,99.4109,
100,32,524288,2048,hyprefill,512/1024/1024,graph,116,101.9599,18.6955,101.9951,101.9599,
100,32,524288,2048,hyprefill,512/1024/1024,graph,117,100.1266,19.5193,100.1476,100.1266,
100,32,524288,2048,hyprefill,512/1024/1024,graph,118,99.9004,18.6955,99.9203,99.9004,
100,32,524288,2048,hyprefill,512/1024/1024,graph,119,101.4469,19.5193,101.4648,101.4469,
100,32,524288,2048,hyprefill,512/1024/1024,graph,120,99.3039,18.6955,99.3212,99.3039,
100,32,524288,2048,hyprefill,512/1024/1024,graph,121,99.5131,19.5193,99.5312,99.5131,
100,32,524288,2048,hyprefill,512/1024/1024,graph,122,101.6585,18.6955,101.6769,101.6585,
100,32,524288,2048,hyprefill,512/1024/1024,graph,123,100.5439,19.5193,100.5634,100.5439,
100,32,524288,2048,hyprefill,512/1024/1024,graph,124,99.5572,18.6955,99.5767,99.5572,
100,32,524288,2048,hyprefill,512/1024/1024,graph,125,100.1574,19.5193,100.1816,100.1574,
100,32,524288,2048,hyprefill,512/1024/1024,graph,126,100.4543,18.6955,100.4841,100.4543,
100,32,524288,2048,hyprefill,512/1024/1024,graph,127,99.6284,19.5193,99.6606,99.6284,
100,32,524288,2048,hyprefill,512/1024/1024,graph,128,99.7073,18.6955,99.7319,99.7073,
100,32,524288,2048,hyprefill,512/1024/1024,graph,129,100.5810,19.5193,100.6044,100.5810,
100,32,524288,2048,hyprefill,512/1024/1024,graph,130,101.0253,18.6955,101.0425,101.0253,
100,32,524288,2048,hyprefill,512/1024/1024,graph,131,100.7892,19.5193,100.8095,100.7892,
100,32,524288,2048,hyprefill,512/1024/1024,graph,132,100.9994,18.6955,101.0183,100.9994,
100,32,524288,2048,hyprefill,512/1024/1024,graph,133,100.6026,19.5193,100.6220,100.6026,
100,32,524288,2048,hyprefill,512/1024/1024,graph,134,101.7250,18.6955,101.7443,101.7250,
100,32,524288,2048,hyprefill,512/1024/1024,graph,135,101.5336,19.5193,101.5530,101.5336,
100,32,524288,2048,hyprefill,512/1024/1024,graph,136,99.6509,18.6955,99.6684,99.6509,
100,32,524288,2048,hyprefill,512/1024/1024,graph,137,100.1124,19.5193,100.1339,100.1124,
100,32,524288,2048,hyprefill,512/1024/1024,graph,138,103.0618,18.6955,103.0899,103.0618,
100,32,524288,2048,hyprefill,512/1024/1024,graph,139,100.8004,19.5193,100.8242,100.8004,
100,32,524288,2048,hyprefill,512/1024/1024,graph,140,99.8528,18.6955,99.8798,99.8528,
100,32,524288,2048,hyprefill,512/1024/1024,graph,141,100.1371,19.5193,100.1577,100.1371,
100,32,524288,2048,hyprefill,512/1024/1024,graph,142,101.8258,18.6955,101.8454,101.8258,
100,32,524288,2048,hyprefill,512/1024/1024,graph,143,99.0538,19.5193,99.0723,99.0538,
100,32,524288,2048,hyprefill,512/1024/1024,graph,144,101.2518,18.6955,101.2727,101.2518,
100,32,524288,2048,hyprefill,512/1024/1024,graph,145,101.1810,19.5193,101.2041,101.1810,
100,32,524288,2048,hyprefill,512/1024/1024,graph,146,100.0467,18.6955,100.0657,100.0467,
100,32,524288,2048,hyprefill,512/1024/1024,graph,147,99.3662,19.5193,99.3843,99.3662,
100,32,524288,2048,hyprefill,512/1024/1024,graph,148,101.9193,18.6955,101.9411,101.9193,
100,32,524288,2048,hyprefill,512/1024/1024,graph,149,101.4141,19.5193,101.4443,101.4141,
100,32,524288,2048,hyprefill,512/1024/1024,graph,150,99.9944,18.6955,100.0156,99.9944,
100,32,524288,2048,hyprefill,512/1024/1024,graph,151,100.2231,19.5193,100.2426,100.2231,
100,32,524288,2048,hyprefill,512/1024/1024,graph,152,99.3606,18.6955,99.3787,99.3606,
100,32,524288,2048,hyprefill,512/1024/1024,graph,153,99.4081,19.5193,99.4260,99.4081,
100,32,524288,2048,hyprefill,512/1024/1024,graph,154,101.4180,18.6955,101.4367,101.4180,
100,32,524288,2048,hyprefill,512/1024/1024,graph,155,99.1878,19.5193,99.2063,99.1878,
100,32,524288,2048,hyprefill,512/1024/1024,graph,156,99.3157,18.6955,99.3360,99.3157,
100,32,524288,2048,hyprefill,512/1024/1024,graph,157,100.0707,19.5193,100.0893,100.0707,
100,32,524288,2048,hyprefill,512/1024/1024,graph,158,101.4791,18.6955,101.4983,101.4791,
100,32,524288,2048,hyprefill,512/1024/1024,graph,159,100.7261,19.5193,100.7433,100.7261,
100,32,524288,2048,hyprefill,512/1024/1024,graph,160,101.2037,18.6955,101.2207,101.2037,
100,32,524288,2048,hyprefill,512/1024/1024,graph,161,101.3117,19.5193,101.3339,101.3117,
100,32,524288,2048,hyprefill,512/1024/1024,graph,162,100.3296,18.6955,100.3781,100.3296,
100,32,524288,2048,hyprefill,512/1024/1024,graph,163,100.4842,19.5193,100.5560,100.4842,
100,32,524288,2048,hyprefill,512/1024/1024,graph,164,99.7299,18.6955,99.7570,99.7299,
100,32,524288,2048,hyprefill,512/1024/1024,graph,165,99.7753,19.5193,99.7959,99.7753,
100,32,524288,2048,hyprefill,512/1024/1024,graph,166,99.6373,18.6955,99.6658,99.6373,
100,32,524288,2048,hyprefill,512/1024/1024,graph,167,100.5473,19.5193,100.5862,100.5473,
100,32,524288,2048,hyprefill,512/1024/1024,graph,168,101.7304,18.6955,101.7488,101.7304,
100,32,524288,2048,hyprefill,512/1024/1024,graph,169,100.6356,19.5193,100.6617,100.6356,
100,32,524288,2048,hyprefill,512/1024/1024,graph,170,100.1704,18.6955,100.1895,100.1704,
100,32,524288,2048,hyprefill,512/1024/1024,graph,171,99.6360,19.5193,99.6617,99.6360,
100,32,524288,2048,hyprefill,512/1024/1024,graph,172,101.3221,18.6955,101.3583,101.3221,
100,32,524288,2048,hyprefill,512/1024/1024,graph,173,99.6332,19.5193,99.6530,99.6332,
100,32,524288,2048,hyprefill,512/1024/1024,graph,174,101.1787,18.6955,101.2088,101.1787,
100,32,524288,2048,hyprefill,512/1024/1024,graph,175,99.6097,19.5193,99.6479,99.6097,
100,32,524288,2048,hyprefill,512/1024/1024,graph,176,100.1079,18.6955,100.1336,100.1079,
100,32,524288,2048,hyprefill,512/1024/1024,graph,177,101.2239,19.5193,101.2526,101.2239,
100,32,524288,2048,hyprefill,512/1024/1024,graph,178,101.1187,18.6955,101.1526,101.1187,
100,32,524288,2048,hyprefill,512/1024/1024,graph,179,99.4370,19.5193,99.4597,99.4370,
100,32,524288,2048,hyprefill,512/1024/1024,graph,180,99.9934,18.6955,100.0142,99.9934,
100,32,524288,2048,hyprefill,512/1024/1024,graph,181,100.6905,19.5193,100.7118,100.6905,
100,32,524288,2048,hyprefill,512/1024/1024,graph,182,100.7541,18.6955,100.7779,100.7541,
100,32,524288,2048,hyprefill,512/1024/1024,graph,183,99.9289,19.5193,99.9489,99.9289,
100,32,524288,2048,hyprefill,512/1024/1024,graph,184,101.2249,18.6955,101.2471,101.2249,
100,32,524288,2048,hyprefill,512/1024/1024,graph,185,99.4402,19.5193,99.4613,99.4402,
100,32,524288,2048,hyprefill,512/1024/1024,graph,186,100.5195,18.6955,100.5407,100.5195,
100,32,524288,2048,hyprefill,512/1024/1024,graph,187,101.5609,19.5193,101.5836,101.5609,
100,32,524288,2048,hyprefill,512/1024/1024,graph,188,100.4259,18.6955,100.4470,100.4259,
100,32,524288,2048,hyprefill,512/1024/1024,graph,189,100.6237,19.5193,100.6422,100.6237,
100,32,524288,2048,hyprefill,512/1024/1024,graph,190,99.4997,18.6955,99.5181,99.4997,
100,32,524288,2048,hyprefill,512/1024/1024,graph,191,101.4011,19.5193,101.4188,101.4011,
100,32,524288,2048,hyprefill,512/1024/1024,graph,192,100.0677,18.6955,100.0856,100.0677,
100,32,524288,2048,hyprefill,512/1024/1024,graph,193,99.7529,19.5193,99.7709,99.7529,
100,32,524288,2048,hyprefill,512/1024/1024,graph,194,102.1219,18.6955,102.1410,102.1219,
100,32,524288,2048,hyprefill,512/1024/1024,graph,195,100.3637,19.5193,100.3844,100.3637,
100,32,524288,2048,hyprefill,512/1024/1024,graph,196,101.9769,18.6955,102.0038,101.9769,
100,32,524288,2048,hyprefill,512/1024/1024,graph,197,101.5745,19.5193,101.6071,101.5745,
100,32,524288,2048,hyprefill,512/1024/1024,graph,198,101.9095,18.6955,101.9356,101.9095,
100,32,524288,2048,hyprefill,512/1024/1024,graph,199,99.5868,19.5193,99.6166,99.5868,
100,32,524288,2048,hyprefill,2048/1536/1536,graph,0,90.9245,17.5853,90.9755,90.9245,
100,32,524288,2048,hyprefill,2048/1536/1536,graph,1,89.4260,17.5853,89.4814,89.4260,
100,32,524288,2048,hyprefill,2048/1536/1536,graph,2,89.3392,17.5853,89.3958,89.3392,
100,32,524288,2048,hyprefill,2048/1536/1536,graph,3,91.3340,17.5853,91.3930,91.3340,
100,32,524288,2048,hyprefill,2048/1536/1536,graph,4,89.5766,17.5853,89.6270,89.5766,
100,32,524288,2048,hyprefill,2048/1536/1536,graph,5,89.9521,17.5853,90.0010,89.9521,
100,32,524288,2048,hyprefill,2048/1536/1536,graph,6,90.4897,17.5853,90.5370,90.4897,
100,32,524288,2048,hyprefill,2048/1536/1536,graph,7,88.7365,17.5853,88.7930,88.7365,
100,32,524288,2048,hyprefill,2048/1536/1536,graph,8,88.5668,17.5853,88.6255,88.5668,
100,32,524288,2048,hyprefill,2048/1536/1536,graph,9,89.3524,17.5853,89.4013,89.3524,
100,32,524288,2048,hyprefill,2048/1536/1536,graph,10,88.7920,17.5853,88.8423,88.7920,
100,32,524288,2048,hyprefill,2048/1536/1536,graph,11,90.2837,17.5853,90.3376,90.2837,
100,32,524288,2048,hyprefill,2048/1536/1536,graph,12,91.7082,17.5853,91.7670,91.7082,
100,32,524288,2048,hyprefill,2048/1536/1536,graph,13,91.8962,17.5853,91.9527,91.8962,
100,32,524288,2048,hyprefill,2048/1536/1536,graph,14,91.2587,17.5853,91.3081,91.2587,
100,32,524288,2048,hyprefill,2048/1536/1536,graph,15,89.3108,17.5853,89.3675,89.3108,
100,32,524288,2048,hyprefill,2048/1536/1536,graph,16,88.9724,17.5853,89.0224,88.9724,
100,32,524288,2048,hyprefill,2048/1536/1536,graph,17,88.8935,17.5853,88.9503,88.8935,
100,32,524288,2048,hyprefill,2048/1536/1536,graph,18,88.0613,17.5853,88.1160,88.0613,
100,32,524288,2048,hyprefill,2048/1536/1536,graph,19,91.6102,17.5853,91.6599,91.6102,
100,32,524288,2048,hyprefill,2048/1536/1536,graph,20,89.4664,17.5853,89.5186,89.4664,
100,32,524288,2048,hyprefill,2048/1536/1536,graph,21,89.8671,17.5853,89.9272,89.8671,
100,32,524288,2048,hyprefill,2048/1536/1536,graph,22,89.3241,17.5853,89.3746,89.3241,
100,32,524288,2048,hyprefill,2048/1536/1536,graph,23,89.6442,17.5853,89.6955,89.6442,
100,32,524288,2048,hyprefill,2048/1536/1536,graph,24,89.9900,17.5853,90.0436,89.9900,
100,32,524288,2048,hyprefill,2048/1536/1536,graph,25,90.9256,17.5853,90.9758,90.9256,
100,32,524288,2048,hyprefill,2048/1536/1536,graph,26,89.3887,17.5853,89.4519,89.3887,
100,32,524288,2048,hyprefill,2048/1536/1536,graph,27,90.2530,17.5853,90.3060,90.2530,
100,32,524288,2048,hyprefill,2048/1536/1536,graph,28,90.9168,17.5853,90.9772,90.9168,
100,32,524288,2048,hyprefill,2048/1536/1536,graph,29,89.4498,17.5853,89.5029,89.4498,
100,32,524288,2048,hyprefill,2048/1536/1536,graph,30,88.1875,17.5853,88.2365,88.1875,
100,32,524288,2048,hyprefill,2048/1536/1536,graph,31,91.0795,17.5853,91.1364,91.0795,
100,32,524288,2048,hyprefill,2048/1536/1536,graph,32,89.4489,17.5853,89.4957,89.4489,
100,32,524288,2048,hyprefill,2048/1536/1536,graph,33,89.8809,17.5853,89.9385,89.8809,
100,32,524288,2048,hyprefill,2048/1536/1536,graph,34,90.6136,17.5853,90.6645,90.6136,
100,32,524288,2048,hyprefill,2048/1536/1536,graph,35,90.9419,17.5853,90.9925,90.9419,
100,32,524288,2048,hyprefill,2048/1536/1536,graph,36,90.4600,17.5853,90.5101,90.4600,
100,32,524288,2048,hyprefill,2048/1536/1536,graph,37,88.4958,17.5853,88.5489,88.4958,
100,32,524288,2048,hyprefill,2048/1536/1536,graph,38,88.0680,17.5853,88.1145,88.0680,
100,32,524288,2048,hyprefill,2048/1536/1536,graph,39,87.7512,17.5853,87.8150,87.7512,
100,32,524288,2048,hyprefill,2048/1536/1536,graph,40,89.3881,17.5853,89.4377,89.3881,
100,32,524288,2048,hyprefill,2048/1536/1536,graph,41,88.4450,17.5853,88.4958,88.4450,
100,32,524288,2048,hyprefill,2048/1536/1536,graph,42,87.5992,17.5853,87.6473,87.5992,
100,32,524288,2048,hyprefill,2048/1536/1536,graph,43,89.2305,17.5853,89.2888,89.2305,
100,32,524288,2048,hyprefill,2048/1536/1536,graph,44,89.2796,17.5853,89.3315,89.2796,
100,32,524288,2048,hyprefill,2048/1536/1536,graph,45,88.5048,17.5853,88.5576,88.5048,
100,32,524288,2048,hyprefill,2048/1536/1536,graph,46,87.2600,17.5853,87.3089,87.2600,
100,32,524288,2048,hyprefill,2048/1536/1536,graph,47,87.2636,17.5853,87.3116,87.2636,
100,32,524288,2048,hyprefill,2048/1536/1536,graph,48,89.4076,17.3107,89.4647,89.4076,
100,32,524288,2048,hyprefill,2048/1536/1536,graph,49,87.0218,17.3107,87.0812,87.0218,
100,32,524288,2048,hyprefill,2048/1536/1536,graph,50,88.5457,17.0361,88.6005,88.5457,
100,32,524288,2048,hyprefill,2048/1536/1536,graph,51,86.9305,17.0361,86.9787,86.9305,
100,32,524288,2048,hyprefill,2048/1536/1536,graph,52,86.6885,16.7615,86.7442,86.6885,
100,32,524288,2048,hyprefill,2048/1536/1536,graph,53,88.0653,16.7615,88.1205,88.0653,
100,32,524288,2048,hyprefill,2048/1536/1536,graph,54,86.3472,16.7615,86.3962,86.3472,
100,32,524288,2048,hyprefill,2048/1536/1536,graph,55,85.9083,16.7615,85.9632,85.9083,
100,32,524288,2048,hyprefill,2048/1536/1536,graph,56,87.2603,16.7615,87.3088,87.2603,
100,32,524288,2048,hyprefill,2048/1536/1536,graph,57,86.7647,16.7615,86.8202,86.7647,
100,32,524288,2048,hyprefill,2048/1536/1536,graph,58,87.5007,16.7615,87.5515,87.5007,
100,32,524288,2048,hyprefill,2048/1536/1536,graph,59,86.7543,16.7615,86.8017,86.7543,
100,32,524288,2048,hyprefill,2048/1536/1536,graph,60,86.6898,16.7615,86.7355,86.6898,
100,32,524288,2048,hyprefill,2048/1536/1536,graph,61,86.3892,16.7615,86.4330,86.3892,
100,32,524288,2048,hyprefill,2048/1536/1536,graph,62,87.3810,16.7615,87.4389,87.3810,
100,32,524288,2048,hyprefill,2048/1536/1536,graph,63,85.6913,16.7615,85.7435,85.6913,
100,32,524288,2048,hyprefill,2048/1536/1536,graph,64,87.7630,16.7615,87.8144,87.7630,
100,32,524288,2048,hyprefill,2048/1536/1536,graph,65,86.3199,16.7615,86.3876,86.3199,
100,32,524288,2048,hyprefill,2048/1536/1536,graph,66,86.9917,16.7615,87.0432,86.9917,
100,32,524288,2048,hyprefill,2048/1536/1536,graph,67,86.9241,16.7615,86.9786,86.9241,
100,32,524288,2048,hyprefill,2048/1536/1536,graph,68,89.2512,16.7615,89.3020,89.2512,
100,32,524288,2048,hyprefill,2048/1536/1536,graph,69,88.1182,16.7615,88.1649,88.1182,
100,32,524288,2048,hyprefill,2048/1536/1536,graph,70,89.0564,16.7615,89.1046,89.0564,
100,32,524288,2048,hyprefill,2048/1536/1536,graph,71,85.9921,16.7615,86.0388,85.9921,
100,32,524288,2048,hyprefill,2048/1536/1536,graph,72,87.5104,16.7615,87.5748,87.5104,
100,32,524288,2048,hyprefill,2048/1536/1536,graph,73,89.9256,16.7615,89.9753,89.9256,
100,32,524288,2048,hyprefill,2048/1536/1536,graph,74,86.1757,16.7615,86.2253,86.1757,
100,32,524288,2048,hyprefill,2048/1536/1536,graph,75,89.4001,16.7615,89.4466,89.4001,
100,32,524288,2048,hyprefill,2048/1536/1536,graph,76,85.6843,16.7615,85.7292,85.6843,
100,32,524288,2048,hyprefill,2048/1536/1536,graph,77,89.5030,16.7615,89.5479,89.5030,
100,32,524288,2048,hyprefill,2048/1536/1536,graph,78,89.0781,16.7615,89.1222,89.0781,
100,32,524288,2048,hyprefill,2048/1536/1536,graph,79,90.6571,16.7615,90.7025,90.6571,
100,32,524288,2048,hyprefill,2048/1536/1536,graph,80,88.7067,16.7615,88.7732,88.7067,
100,32,524288,2048,hyprefill,2048/1536/1536,graph,81,85.9918,16.7615,86.0472,85.9918,
100,32,524288,2048,hyprefill,2048/1536/1536,graph,82,89.0848,16.7615,89.1360,89.0848,
100,32,524288,2048,hyprefill,2048/1536/1536,graph,83,88.1813,16.7615,88.2295,88.1813,
100,32,524288,2048,hyprefill,2048/1536/1536,graph,84,89.3541,17.0361,89.4011,89.3541,
100,32,524288,2048,hyprefill,2048/1536/1536,graph,85,90.0161,17.0361,90.0749,90.0161,
100,32,524288,2048,hyprefill,2048/1536/1536,graph,86,88.5530,17.3107,88.6034,88.5530,
100,32,524288,2048,hyprefill,2048/1536/1536,graph,87,88.0666,17.3107,88.1151,88.0666,
100,32,524288,2048,hyprefill,2048/1536/1536,graph,88,89.7326,17.5853,89.7840,89.7326,
100,32,524288,2048,hyprefill,2048/1536/1536,graph,89,88.0929,17.5853,88.1485,88.0929,
100,32,524288,2048,hyprefill,2048/1536/1536,graph,90,89.2889,17.5853,89.3472,89.2889,
100,32,524288,2048,hyprefill,2048/1536/1536,graph,91,89.4977,17.5853,89.5464,89.4977,
100,32,524288,2048,hyprefill,2048/1536/1536,graph,92,88.4061,17.5853,88.4557,88.4061,
100,32,524288,2048,hyprefill,2048/1536/1536,graph,93,92.0772,17.5853,92.1268,92.0772,
100,32,524288,2048,hyprefill,2048/1536/1536,graph,94,91.5278,17.5853,91.5851,91.5278,
100,32,524288,2048,hyprefill,2048/1536/1536,graph,95,87.9985,17.5853,88.0581,87.9985,
100,32,524288,2048,hyprefill,2048/1536/1536,graph,96,90.4868,17.5853,90.5370,90.4868,
100,32,524288,2048,hyprefill,2048/1536/1536,graph,97,90.9669,17.5853,91.0236,90.9669,
100,32,524288,2048,hyprefill,2048/1536/1536,graph,98,92.2648,17.5853,92.3149,92.2648,
100,32,524288,2048,hyprefill,2048/1536/1536,graph,99,91.1262,17.5853,91.1739,91.1262,
100,32,524288,2048,hyprefill,2048/1536/1536,graph,100,91.3705,17.5853,91.4188,91.3705,
100,32,524288,2048,hyprefill,2048/1536/1536,graph,101,88.5374,17.5853,88.5828,88.5374,
100,32,524288,2048,hyprefill,2048/1536/1536,graph,102,90.2842,17.5853,90.3492,90.2842,
100,32,524288,2048,hyprefill,2048/1536/1536,graph,103,89.8275,17.5853,89.8809,89.8275,
100,32,524288,2048,hyprefill,2048/1536/1536,graph,104,89.9844,17.5853,90.0333,89.9844,
100,32,524288,2048,hyprefill,2048/1536/1536,graph,105,90.0557,17.5853,90.1034,90.0557,
100,32,524288,2048,hyprefill,2048/1536/1536,graph,106,90.7504,17.5853,90.8029,90.7504,
100,32,524288,2048,hyprefill,2048/1536/1536,graph,107,89.7498,17.5853,89.7955,89.7498,
100,32,524288,2048,hyprefill,2048/1536/1536,graph,108,89.8253,17.5853,89.8721,89.8253,
100,32,524288,2048,hyprefill,2048/1536/1536,graph,109,88.9631,17.5853,89.0088,88.9631,
100,32,524288,2048,hyprefill,2048/1536/1536,graph,110,90.3448,17.5853,90.4086,90.3448,
100,32,524288,2048,hyprefill,2048/1536/1536,graph,111,87.6110,17.5853,87.6613,87.6110,
100,32,524288,2048,hyprefill,2048/1536/1536,graph,112,90.1698,17.5853,90.2202,90.1698,
100,32,524288,2048,hyprefill,2048/1536/1536,graph,113,87.1845,17.5853,87.2361,87.1845,
100,32,524288,2048,hyprefill,2048/1536/1536,graph,114,91.0106,17.5853,91.0600,91.0106,
100,32,524288,2048,hyprefill,2048/1536/1536,graph,115,88.7303,17.5853,88.7765,88.7303,
100,32,524288,2048,hyprefill,2048/1536/1536,graph,116,91.4905,17.5853,91.5414,91.4905,
100,32,524288,2048,hyprefill,2048/1536/1536,graph,117,89.9823,17.5853,90.0372,89.9823,
100,32,524288,2048,hyprefill,2048/1536/1536,graph,118,89.7813,17.5853,89.8303,89.7813,
100,32,524288,2048,hyprefill,2048/1536/1536,graph,119,90.8900,17.5853,90.9444,90.8900,
100,32,524288,2048,hyprefill,2048/1536/1536,graph,120,91.5319,17.5853,91.5874,91.5319,
100,32,524288,2048,hyprefill,2048/1536/1536,graph,121,87.5275,17.5853,87.5791,87.5275,
100,32,524288,2048,hyprefill,2048/1536/1536,graph,122,90.9858,17.5853,91.0364,90.9858,
100,32,524288,2048,hyprefill,2048/1536/1536,graph,123,90.0224,17.5853,90.0788,90.0224,
100,32,524288,2048,hyprefill,2048/1536/1536,graph,124,89.4813,17.5853,89.5323,89.4813,
100,32,524288,2048,hyprefill,2048/1536/1536,graph,125,89.2387,17.5853,89.2935,89.2387,
100,32,524288,2048,hyprefill,2048/1536/1536,graph,126,88.8508,17.5853,88.9047,88.8508,
100,32,524288,2048,hyprefill,2048/1536/1536,graph,127,89.5540,17.5853,89.6094,89.5540,
100,32,524288,2048,hyprefill,2048/1536/1536,graph,128,89.5196,17.5853,89.5694,89.5196,
100,32,524288,2048,hyprefill,2048/1536/1536,graph,129,89.6812,17.5853,89.7313,89.6812,
100,32,524288,2048,hyprefill,2048/1536/1536,graph,130,89.5054,17.5853,89.5699,89.5054,
100,32,524288,2048,hyprefill,2048/1536/1536,graph,131,89.7839,17.5853,89.8426,89.7839,
100,32,524288,2048,hyprefill,2048/1536/1536,graph,132,87.0690,17.5853,87.1409,87.0690,
100,32,524288,2048,hyprefill,2048/1536/1536,graph,133,89.8852,17.5853,89.9344,89.8852,
100,32,524288,2048,hyprefill,2048/1536/1536,graph,134,91.0167,17.5853,91.0711,91.0167,
100,32,524288,2048,hyprefill,2048/1536/1536,graph,135,88.4750,17.5853,88.5326,88.4750,
100,32,524288,2048,hyprefill,2048/1536/1536,graph,136,88.7796,17.5853,88.8285,88.7796,
100,32,524288,2048,hyprefill,2048/1536/1536,graph,137,88.4609,17.5853,88.5066,88.4609,
100,32,524288,2048,hyprefill,2048/1536/1536,graph,138,90.3716,17.5853,90.4198,90.3716,
100,32,524288,2048,hyprefill,2048/1536/1536,graph,139,88.8838,17.5853,88.9331,88.8838,
100,32,524288,2048,hyprefill,2048/1536/1536,graph,140,90.7926,17.5853,90.8512,90.7926,
100,32,524288,2048,hyprefill,2048/1536/1536,graph,141,88.3637,17.5853,88.4125,88.3637,
100,32,524288,2048,hyprefill,2048/1536/1536,graph,142,87.8967,17.5853,87.9447,87.8967,
100,32,524288,2048,hyprefill,2048/1536/1536,graph,143,89.6151,17.5853,89.6747,89.6151,
100,32,524288,2048,hyprefill,2048/1536/1536,graph,144,88.4254,17.5853,88.5059,88.4254,
100,32,524288,2048,hyprefill,2048/1536/1536,graph,145,88.6141,17.5853,88.7272,88.6141,
100,32,524288,2048,hyprefill,2048/1536/1536,graph,146,88.2345,17.5853,88.2894,88.2345,
100,32,524288,2048,hyprefill,2048/1536/1536,graph,147,88.3198,17.5853,88.3735,88.3198,
100,32,524288,2048,hyprefill,2048/1536/1536,graph,148,90.7267,17.5853,90.7753,90.7267,
100,32,524288,2048,hyprefill,2048/1536/1536,graph,149,88.0461,17.5853,88.0944,88.0461,
100,32,524288,2048,hyprefill,2048/1536/1536,graph,150,88.7668,17.5853,88.8228,88.7668,
100,32,524288,2048,hyprefill,2048/1536/1536,graph,151,89.7819,17.5853,89.8321,89.7819,
100,32,524288,2048,hyprefill,2048/1536/1536,graph,152,88.0589,17.5853,88.1063,88.0589,
100,32,524288,2048,hyprefill,2048/1536/1536,graph,153,88.2482,17.5853,88.2995,88.2482,
100,32,524288,2048,hyprefill,2048/1536/1536,graph,154,87.0852,17.5853,87.1423,87.0852,
100,32,524288,2048,hyprefill,2048/1536/1536,graph,155,89.2201,17.5853,89.2657,89.2201,
100,32,524288,2048,hyprefill,2048/1536/1536,graph,156,87.2545,17.3107,87.3029,87.2545,
100,32,524288,2048,hyprefill,2048/1536/1536,graph,157,87.4977,17.3107,87.5546,87.4977,
100,32,524288,2048,hyprefill,2048/1536/1536,graph,158,88.0972,17.0361,88.1463,88.0972,
100,32,524288,2048,hyprefill,2048/1536/1536,graph,159,87.9150,17.0361,87.9618,87.9150,
100,32,524288,2048,hyprefill,2048/1536/1536,graph,160,87.1851,16.7615,87.2405,87.1851,
100,32,524288,2048,hyprefill,2048/1536/1536,graph,161,86.0709,16.7615,86.1255,86.0709,
100,32,524288,2048,hyprefill,2048/1536/1536,graph,162,88.0787,16.7615,88.1449,88.0787,
100,32,524288,2048,hyprefill,2048/1536/1536,graph,163,85.9911,16.7615,86.0428,85.9911,
100,32,524288,2048,hyprefill,2048/1536/1536,graph,164,85.8424,16.7615,85.8973,85.8424,
100,32,524288,2048,hyprefill,2048/1536/1536,graph,165,86.8791,16.7615,86.9267,86.8791,
100,32,524288,2048,hyprefill,2048/1536/1536,graph,166,87.8116,16.7615,87.8675,87.8116,
100,32,524288,2048,hyprefill,2048/1536/1536,graph,167,86.4592,16.7615,86.5198,86.4592,
100,32,524288,2048,hyprefill,2048/1536/1536,graph,168,87.8004,16.7615,87.8646,87.8004,
100,32,524288,2048,hyprefill,2048/1536/1536,graph,169,86.2078,16.7615,86.2576,86.2078,
100,32,524288,2048,hyprefill,2048/1536/1536,graph,170,86.2469,16.7615,86.2991,86.2469,
100,32,524288,2048,hyprefill,2048/1536/1536,graph,171,88.0076,16.7615,88.0575,88.0076,
100,32,524288,2048,hyprefill,2048/1536/1536,graph,172,88.3013,16.7615,88.3492,88.3013,
100,32,524288,2048,hyprefill,2048/1536/1536,graph,173,89.1833,16.7615,89.2342,89.1833,
100,32,524288,2048,hyprefill,2048/1536/1536,graph,174,86.6766,16.7615,86.7255,86.6766,
100,32,524288,2048,hyprefill,2048/1536/1536,graph,175,87.0389,16.7615,87.0868,87.0389,
100,32,524288,2048,hyprefill,2048/1536/1536,graph,176,87.7244,16.7615,87.7703,87.7244,
100,32,524288,2048,hyprefill,2048/1536/1536,graph,177,88.5200,16.7615,88.5721,88.5200,
100,32,524288,2048,hyprefill,2048/1536/1536,graph,178,87.8957,16.7615,87.9633,87.8957,
100,32,524288,2048,hyprefill,2048/1536/1536,graph,179,86.8435,16.7615,86.8893,86.8435,
100,32,524288,2048,hyprefill,2048/1536/1536,graph,180,88.7304,16.7615,88.7926,88.7304,
100,32,524288,2048,hyprefill,2048/1536/1536,graph,181,90.1241,16.7615,90.1801,90.1241,
100,32,524288,2048,hyprefill,2048/1536/1536,graph,182,86.5692,16.7615,86.6217,86.5692,
100,32,524288,2048,hyprefill,2048/1536/1536,graph,183,87.6307,16.7615,87.6846,87.6307,
100,32,524288,2048,hyprefill,2048/1536/1536,graph,184,86.8177,16.7615,86.8739,86.8177,
100,32,524288,2048,hyprefill,2048/1536/1536,graph,185,89.0126,16.7615,89.0675,89.0126,
100,32,524288,2048,hyprefill,2048/1536/1536,graph,186,88.4728,16.7615,88.5212,88.4728,
100,32,524288,2048,hyprefill,2048/1536/1536,graph,187,88.6956,16.7615,88.7426,88.6956,
100,32,524288,2048,hyprefill,2048/1536/1536,graph,188,86.2050,16.7615,86.2621,86.2050,
100,32,524288,2048,hyprefill,2048/1536/1536,graph,189,86.2581,16.7615,86.3157,86.2581,
100,32,524288,2048,hyprefill,2048/1536/1536,graph,190,87.7723,16.7615,87.8225,87.7723,
100,32,524288,2048,hyprefill,2048/1536/1536,graph,191,90.0447,16.7615,90.0956,90.0447,
100,32,524288,2048,hyprefill,2048/1536/1536,graph,192,90.2668,17.0361,90.3136,90.2668,
100,32,524288,2048,hyprefill,2048/1536/1536,graph,193,89.7439,17.0361,89.8291,89.7439,
100,32,524288,2048,hyprefill,2048/1536/1536,graph,194,90.9140,17.3107,90.9596,90.9140,
100,32,524288,2048,hyprefill,2048/1536/1536,graph,195,89.4791,17.3107,89.5241,89.4791,
100,32,524288,2048,hyprefill,2048/1536/1536,graph,196,89.9799,17.5853,90.0319,89.9799,
100,32,524288,2048,hyprefill,2048/1536/1536,graph,197,89.6590,17.5853,89.7167,89.6590,
100,32,524288,2048,hyprefill,2048/1536/1536,graph,198,88.4649,17.5853,88.5154,88.4649,
100,32,524288,2048,hyprefill,2048/1536/1536,graph,199,89.6256,17.5853,89.6751,89.6256,
100,32,524288,2048,hyprefill,1024/1024/1024,graph,0,90.4791,18.5046,90.5333,90.4791,
100,32,524288,2048,hyprefill,1024/1024/1024,graph,1,91.2169,18.5046,91.2663,91.2169,
100,32,524288,2048,hyprefill,1024/1024/1024,graph,2,91.7266,18.5046,91.7748,91.7266,
100,32,524288,2048,hyprefill,1024/1024/1024,graph,3,90.4403,18.5046,90.4910,90.4403,
100,32,524288,2048,hyprefill,1024/1024/1024,graph,4,91.7891,18.5046,91.8369,91.7891,
100,32,524288,2048,hyprefill,1024/1024/1024,graph,5,92.5111,18.5046,92.5626,92.5111,
100,32,524288,2048,hyprefill,1024/1024/1024,graph,6,89.6229,18.5046,89.6754,89.6229,
100,32,524288,2048,hyprefill,1024/1024/1024,graph,7,90.0070,18.5046,90.0604,90.0070,
100,32,524288,2048,hyprefill,1024/1024/1024,graph,8,91.9051,18.5046,91.9522,91.9051,
100,32,524288,2048,hyprefill,1024/1024/1024,graph,9,90.6876,18.5046,90.7403,90.6876,
100,32,524288,2048,hyprefill,1024/1024/1024,graph,10,92.2282,18.5046,92.2790,92.2282,
100,32,524288,2048,hyprefill,1024/1024/1024,graph,11,93.4509,18.5046,93.5063,93.4509,
100,32,524288,2048,hyprefill,1024/1024/1024,graph,12,93.1065,18.5046,93.1548,93.1065,
100,32,524288,2048,hyprefill,1024/1024/1024,graph,13,92.0952,18.5046,92.1412,92.0952,
100,32,524288,2048,hyprefill,1024/1024/1024,graph,14,92.7319,18.5046,92.7771,92.7319,
100,32,524288,2048,hyprefill,1024/1024/1024,graph,15,92.0303,18.5046,92.0815,92.0303,
100,32,524288,2048,hyprefill,1024/1024/1024,graph,16,91.8339,18.5046,91.8827,91.8339,
100,32,524288,2048,hyprefill,1024/1024/1024,graph,17,89.8751,18.5046,89.9244,89.8751,
100,32,524288,2048,hyprefill,1024/1024/1024,graph,18,93.6034,18.5046,93.6500,93.6034,
100,32,524288,2048,hyprefill,1024/1024/1024,graph,19,92.1176,18.5046,92.1722,92.1176,
100,32,524288,2048,hyprefill,1024/1024/1024,graph,20,92.6840,18.5046,92.7344,92.6840,
100,32,524288,2048,hyprefill,1024/1024/1024,graph,21,91.7050,18.5046,91.7552,91.7050,
100,32,524288,2048,hyprefill,1024/1024/1024,graph,22,90.8049,18.5046,90.8526,90.8049,
100,32,524288,2048,hyprefill,1024/1024/1024,graph,23,91.7360,18.5046,91.7807,91.7360,
100,32,524288,2048,hyprefill,1024/1024/1024,graph,24,91.4766,18.7791,91.5337,91.4766,
100,32,524288,2048,hyprefill,1024/1024/1024,graph,25,92.3342,18.7791,92.3837,92.3342,
100,32,524288,2048,hyprefill,1024/1024/1024,graph,26,93.8508,19.0537,93.9114,93.8508,
100,32,524288,2048,hyprefill,1024/1024/1024,graph,27,91.1947,19.0537,91.2474,91.1947,
100,32,524288,2048,hyprefill,1024/1024/1024,graph,28,93.4719,19.3283,93.5177,93.4719,
100,32,524288,2048,hyprefill,1024/1024/1024,graph,29,93.9947,19.3283,94.0492,93.9947,
100,32,524288,2048,hyprefill,1024/1024/1024,graph,30,93.6283,19.3283,93.6756,93.6283,
100,32,524288,2048,hyprefill,1024/1024/1024,graph,31,94.6743,19.3283,94.7212,94.6743,
100,32,524288,2048,hyprefill,1024/1024/1024,graph,32,94.6482,19.3283,94.6949,94.6482,
100,32,524288,2048,hyprefill,1024/1024/1024,graph,33,93.2683,19.3283,93.3202,93.2683,
100,32,524288,2048,hyprefill,1024/1024/1024,graph,34,92.0086,19.3283,92.0593,92.0086,
100,32,524288,2048,hyprefill,1024/1024/1024,graph,35,93.0918,19.3283,93.1392,93.0918,
100,32,524288,2048,hyprefill,1024/1024/1024,graph,36,94.4883,19.3283,94.5467,94.4883,
100,32,524288,2048,hyprefill,1024/1024/1024,graph,37,91.5349,19.3283,91.5982,91.5349,
100,32,524288,2048,hyprefill,1024/1024/1024,graph,38,94.0166,19.3283,94.0711,94.0166,
100,32,524288,2048,hyprefill,1024/1024/1024,graph,39,94.1108,19.3283,94.1642,94.1108,
100,32,524288,2048,hyprefill,1024/1024/1024,graph,40,94.2205,19.3283,94.2668,94.2205,
100,32,524288,2048,hyprefill,1024/1024/1024,graph,41,93.6108,19.3283,93.6584,93.6108,
100,32,524288,2048,hyprefill,1024/1024/1024,graph,42,92.9626,19.3283,93.0161,92.9626,
100,32,524288,2048,hyprefill,1024/1024/1024,graph,43,92.9639,19.3283,93.0253,92.9639,
100,32,524288,2048,hyprefill,1024/1024/1024,graph,44,92.6752,19.3283,92.7253,92.6752,
100,32,524288,2048,hyprefill,1024/1024/1024,graph,45,94.2228,19.3283,94.2721,94.2228,
100,32,524288,2048,hyprefill,1024/1024/1024,graph,46,92.8957,19.3283,92.9465,92.8957,
100,32,524288,2048,hyprefill,1024/1024/1024,graph,47,94.0881,19.3283,94.1468,94.0881,
100,32,524288,2048,hyprefill,1024/1024/1024,graph,48,94.8157,19.3283,94.8672,94.8157,
100,32,524288,2048,hyprefill,1024/1024/1024,graph,49,94.2621,19.3283,94.3120,94.2621,
100,32,524288,2048,hyprefill,1024/1024/1024,graph,50,94.4052,19.3283,94.4561,94.4052,
100,32,524288,2048,hyprefill,1024/1024/1024,graph,51,93.9652,19.3283,94.0222,93.9652,
100,32,524288,2048,hyprefill,1024/1024/1024,graph,52,93.4695,19.3283,93.5318,93.4695,
100,32,524288,2048,hyprefill,1024/1024/1024,graph,53,93.9302,19.3283,93.9909,93.9302,
100,32,524288,2048,hyprefill,1024/1024/1024,graph,54,93.4556,19.3283,93.5038,93.4556,
100,32,524288,2048,hyprefill,1024/1024/1024,graph,55,91.8434,19.3283,91.8932,91.8434,
100,32,524288,2048,hyprefill,1024/1024/1024,graph,56,94.4937,19.3283,94.5423,94.4937,
100,32,524288,2048,hyprefill,1024/1024/1024,graph,57,93.8362,19.3283,93.8920,93.8362,
100,32,524288,2048,hyprefill,1024/1024/1024,graph,58,93.0756,19.3283,93.1261,93.0756,
100,32,524288,2048,hyprefill,1024/1024/1024,graph,59,94.3880,19.3283,94.4360,94.3880,
100,32,524288,2048,hyprefill,1024/1024/1024,graph,60,93.6048,19.3283,93.6674,93.6048,
100,32,524288,2048,hyprefill,1024/1024/1024,graph,61,93.2857,19.3283,93.3359,93.2857,
100,32,524288,2048,hyprefill,1024/1024/1024,graph,62,93.5415,19.0537,93.5877,93.5415,
100,32,524288,2048,hyprefill,1024/1024/1024,graph,63,91.4636,19.0537,91.5118,91.4636,
100,32,524288,2048,hyprefill,1024/1024/1024,graph,64,92.0767,19.0537,92.1237,92.0767,
100,32,524288,2048,hyprefill,1024/1024/1024,graph,65,93.3278,19.0537,93.3792,93.3278,
100,32,524288,2048,hyprefill,1024/1024/1024,graph,66,91.8345,19.0537,91.8819,91.8345,
100,32,524288,2048,hyprefill,1024/1024/1024,graph,67,92.7602,19.3283,92.8177,92.7602,
100,32,524288,2048,hyprefill,1024/1024/1024,graph,68,91.4846,19.0537,91.5395,91.4846,
100,32,524288,2048,hyprefill,1024/1024/1024,graph,69,90.2732,19.0537,90.3306,90.2732,
100,32,524288,2048,hyprefill,1024/1024/1024,graph,70,92.4971,19.0537,92.5472,92.4971,
100,32,524288,2048,hyprefill,1024/1024/1024,graph,71,92.5003,18.7791,92.5485,92.5003,
100,32,524288,2048,hyprefill,1024/1024/1024,graph,72,91.9843,19.0537,92.0320,91.9843,
100,32,524288,2048,hyprefill,1024/1024/1024,graph,73,91.1264,18.7791,91.1744,91.1264,
100,32,524288,2048,hyprefill,1024/1024/1024,graph,74,91.8640,18.7791,91.9139,91.8640,
100,32,524288,2048,hyprefill,1024/1024/1024,graph,75,92.1187,18.7791,92.1668,92.1187,
100,32,524288,2048,hyprefill,1024/1024/1024,graph,76,91.2460,18.5046,91.2956,91.2460,
100,32,524288,2048,hyprefill,1024/1024/1024,graph,77,90.3104,18.5046,90.3645,90.3104,
100,32,524288,2048,hyprefill,1024/1024/1024,graph,78,89.9743,18.2300,90.0298,89.9743,
100,32,524288,2048,hyprefill,1024/1024/1024,graph,79,91.9532,18.5046,92.0122,91.9532,
100,32,524288,2048,hyprefill,1024/1024/1024,graph,80,90.2253,18.2300,90.2790,90.2253,
100,32,524288,2048,hyprefill,1024/1024/1024,graph,81,89.1582,18.5046,89.2126,89.1582,
100,32,524288,2048,hyprefill,1024/1024/1024,graph,82,91.8075,18.2300,91.8604,91.8075,
100,32,524288,2048,hyprefill,1024/1024/1024,graph,83,91.4991,18.5046,91.5496,91.4991,
100,32,524288,2048,hyprefill,1024/1024/1024,graph,84,91.3027,18.2300,91.3512,91.3027,
100,32,524288,2048,hyprefill,1024/1024/1024,graph,85,90.6127,18.5046,90.6639,90.6127,
100,32,524288,2048,hyprefill,1024/1024/1024,graph,86,89.5797,18.5046,89.6373,89.5797,
100,32,524288,2048,hyprefill,1024/1024/1024,graph,87,90.9949,18.5046,91.0467,90.9949,
100,32,524288,2048,hyprefill,1024/1024/1024,graph,88,89.4669,18.5046,89.5355,89.4669,
100,32,524288,2048,hyprefill,1024/1024/1024,graph,89,90.9413,18.5046,90.9926,90.9413,
100,32,524288,2048,hyprefill,1024/1024/1024,graph,90,91.7434,18.5046,91.7992,91.7434,
100,32,524288,2048,hyprefill,1024/1024/1024,graph,91,90.0461,18.5046,90.0946,90.0461,
100,32,524288,2048,hyprefill,1024/1024/1024,graph,92,90.1102,18.5046,90.1702,90.1102,
100,32,524288,2048,hyprefill,1024/1024/1024,graph,93,90.3535,18.5046,90.4019,90.3535,
100,32,524288,2048,hyprefill,1024/1024/1024,graph,94,90.0707,18.5046,90.1178,90.0707,
100,32,524288,2048,hyprefill,1024/1024/1024,graph,95,92.5485,18.5046,92.5946,92.5485,
100,32,524288,2048,hyprefill,1024/1024/1024,graph,96,92.7434,18.5046,92.7985,92.7434,
100,32,524288,2048,hyprefill,1024/1024/1024,graph,97,91.6384,18.5046,91.6876,91.6384,
100,32,524288,2048,hyprefill,1024/1024/1024,graph,98,89.4764,18.5046,89.5278,89.4764,
100,32,524288,2048,hyprefill,1024/1024/1024,graph,99,92.0275,18.5046,92.0816,92.0275,
100,32,524288,2048,hyprefill,1024/1024/1024,graph,100,91.6773,18.5046,91.7264,91.6773,
100,32,524288,2048,hyprefill,1024/1024/1024,graph,101,90.2306,18.5046,90.2853,90.2306,
100,32,524288,2048,hyprefill,1024/1024/1024,graph,102,92.8693,18.5046,92.9628,92.8693,
100,32,524288,2048,hyprefill,1024/1024/1024,graph,103,92.7448,18.5046,92.7992,92.7448,
100,32,524288,2048,hyprefill,1024/1024/1024,graph,104,92.3729,18.5046,92.4246,92.3729,
100,32,524288,2048,hyprefill,1024/1024/1024,graph,105,92.1117,18.5046,92.1767,92.1117,
100,32,524288,2048,hyprefill,1024/1024/1024,graph,106,90.0918,18.5046,90.1422,90.0918,
100,32,524288,2048,hyprefill,1024/1024/1024,graph,107,92.3841,18.5046,92.4281,92.3841,
100,32,524288,2048,hyprefill,1024/1024/1024,graph,108,92.2668,18.5046,92.3126,92.2668,
100,32,524288,2048,hyprefill,1024/1024/1024,graph,109,93.5631,18.5046,93.6136,93.5631,
100,32,524288,2048,hyprefill,1024/1024/1024,graph,110,92.4924,18.5046,92.5455,92.4924,
100,32,524288,2048,hyprefill,1024/1024/1024,graph,111,93.6546,18.5046,93.7042,93.6546,
100,32,524288,2048,hyprefill,1024/1024/1024,graph,112,92.0082,18.5046,92.0587,92.0082,
100,32,524288,2048,hyprefill,1024/1024/1024,graph,113,92.9044,18.5046,92.9557,92.9044,
100,32,524288,2048,hyprefill,1024/1024/1024,graph,114,93.6295,18.5046,93.6817,93.6295,
100,32,524288,2048,hyprefill,1024/1024/1024,graph,115,93.3562,18.5046,93.4057,93.3562,
100,32,524288,2048,hyprefill,1024/1024/1024,graph,116,89.2668,18.5046,89.3147,89.2668,
100,32,524288,2048,hyprefill,1024/1024/1024,graph,117,91.0841,18.5046,91.1457,91.0841,
100,32,524288,2048,hyprefill,1024/1024/1024,graph,118,91.9458,18.5046,92.0062,91.9458,
100,32,524288,2048,hyprefill,1024/1024/1024,graph,119,93.5881,18.5046,93.6398,93.5881,
100,32,524288,2048,hyprefill,1024/1024/1024,graph,120,91.7521,18.7791,91.8121,91.7521,
100,32,524288,2048,hyprefill,1024/1024/1024,graph,121,93.5974,18.7791,93.6600,93.5974,
100,32,524288,2048,hyprefill,1024/1024/1024,graph,122,91.8715,19.0537,91.9410,91.8715,
100,32,524288,2048,hyprefill,1024/1024/1024,graph,123,92.2853,19.0537,92.3614,92.2853,
100,32,524288,2048,hyprefill,1024/1024/1024,graph,124,94.5318,19.3283,94.5842,94.5318,
100,32,524288,2048,hyprefill,1024/1024/1024,graph,125,93.7615,19.3283,93.8113,93.7615,
100,32,524288,2048,hyprefill,1024/1024/1024,graph,126,93.9839,19.3283,94.0400,93.9839,
100,32,524288,2048,hyprefill,1024/1024/1024,graph,127,95.1309,19.3283,95.1856,95.1309,
100,32,524288,2048,hyprefill,1024/1024/1024,graph,128,95.0525,19.3283,95.1005,95.0525,
100,32,524288,2048,hyprefill,1024/1024/1024,graph,129,92.6367,19.3283,92.6884,92.6367,
100,32,524288,2048,hyprefill,1024/1024/1024,graph,130,94.1962,19.3283,94.2464,94.1962,
100,32,524288,2048,hyprefill,1024/1024/1024,graph,131,93.8504,19.3283,93.9001,93.8504,
100,32,524288,2048,hyprefill,1024/1024/1024,graph,132,94.1941,19.3283,94.2424,94.1941,
100,32,524288,2048,hyprefill,1024/1024/1024,graph,133,94.0703,19.3283,94.1233,94.0703,
100,32,524288,2048,hyprefill,1024/1024/1024,graph,134,93.6519,19.3283,93.7010,93.6519,
100,32,524288,2048,hyprefill,1024/1024/1024,graph,135,93.3131,19.3283,93.3734,93.3131,
100,32,524288,2048,hyprefill,1024/1024/1024,graph,136,92.1462,19.3283,92.1963,92.1462,
100,32,524288,2048,hyprefill,1024/1024/1024,graph,137,94.8834,19.3283,94.9352,94.8834,
100,32,524288,2048,hyprefill,1024/1024/1024,graph,138,91.7933,19.3283,91.8506,91.7933,
100,32,524288,2048,hyprefill,1024/1024/1024,graph,139,92.2470,19.3283,92.3077,92.2470,
100,32,524288,2048,hyprefill,1024/1024/1024,graph,140,93.7948,19.3283,93.8485,93.7948,
100,32,524288,2048,hyprefill,1024/1024/1024,graph,141,92.1833,19.3283,92.2340,92.1833,
100,32,524288,2048,hyprefill,1024/1024/1024,graph,142,92.3872,19.3283,92.4397,92.3872,
100,32,524288,2048,hyprefill,1024/1024/1024,graph,143,93.8954,19.3283,93.9602,93.8954,
100,32,524288,2048,hyprefill,1024/1024/1024,graph,144,92.7563,19.3283,92.8098,92.7563,
100,32,524288,2048,hyprefill,1024/1024/1024,graph,145,94.2178,19.3283,94.2656,94.2178,
100,32,524288,2048,hyprefill,1024/1024/1024,graph,146,93.4244,19.3283,93.4728,93.4244,
100,32,524288,2048,hyprefill,1024/1024/1024,graph,147,94.5339,19.3283,94.5852,94.5339,
100,32,524288,2048,hyprefill,1024/1024/1024,graph,148,94.0112,19.3283,94.0581,94.0112,
100,32,524288,2048,hyprefill,1024/1024/1024,graph,149,93.2543,19.3283,93.2997,93.2543,
100,32,524288,2048,hyprefill,1024/1024/1024,graph,150,93.3251,19.3283,93.3698,93.3251,
100,32,524288,2048,hyprefill,1024/1024/1024,graph,151,92.0552,19.3283,92.1077,92.0552,
100,32,524288,2048,hyprefill,1024/1024/1024,graph,152,93.7718,19.3283,93.8348,93.7718,
100,32,524288,2048,hyprefill,1024/1024/1024,graph,153,91.9156,19.3283,91.9647,91.9156,
100,32,524288,2048,hyprefill,1024/1024/1024,graph,154,91.2086,19.3283,91.2567,91.2086,
100,32,524288,2048,hyprefill,1024/1024/1024,graph,155,94.1098,19.3283,94.1652,94.1098,
100,32,524288,2048,hyprefill,1024/1024/1024,graph,156,92.0980,19.3283,92.1489,92.0980,
100,32,524288,2048,hyprefill,1024/1024/1024,graph,157,94.2020,19.3283,94.2520,94.2020,
100,32,524288,2048,hyprefill,1024/1024/1024,graph,158,91.6642,19.0537,91.7152,91.6642,
100,32,524288,2048,hyprefill,1024/1024/1024,graph,159,91.3000,19.0537,91.3592,91.3000,
100,32,524288,2048,hyprefill,1024/1024/1024,graph,160,94.3670,19.0537,94.4254,94.3670,
100,32,524288,2048,hyprefill,1024/1024/1024,graph,161,90.5111,19.0537,90.5576,90.5111,
100,32,524288,2048,hyprefill,1024/1024/1024,graph,162,92.3178,19.0537,92.3659,92.3178,
100,32,524288,2048,hyprefill,1024/1024/1024,graph,163,91.8586,19.3283,91.9151,91.8586,
100,32,524288,2048,hyprefill,1024/1024/1024,graph,164,90.8774,19.0537,90.9290,90.8774,
100,32,524288,2048,hyprefill,1024/1024/1024,graph,165,94.0440,19.0537,94.0924,94.0440,
100,32,524288,2048,hyprefill,1024/1024/1024,graph,166,92.1266,19.0537,92.1784,92.1266,
100,32,524288,2048,hyprefill,1024/1024/1024,graph,167,90.8098,18.7791,90.8625,90.8098,
100,32,524288,2048,hyprefill,1024/1024/1024,graph,168,90.5050,19.0537,90.5598,90.5050,
100,32,524288,2048,hyprefill,1024/1024/1024,graph,169,92.1740,18.7791,92.2214,92.1740,
100,32,524288,2048,hyprefill,1024/1024/1024,graph,170,90.8876,18.7791,90.9338,90.8876,
100,32,524288,2048,hyprefill,1024/1024/1024,graph,171,91.5069,18.7791,91.5660,91.5069,
100,32,524288,2048,hyprefill,1024/1024/1024,graph,172,91.7835,18.5046,91.8300,91.7835,
100,32,524288,2048,hyprefill,1024/1024/1024,graph,173,90.0277,18.5046,90.0779,90.0277,
100,32,524288,2048,hyprefill,1024/1024/1024,graph,174,90.3949,18.2300,90.4529,90.3949,
100,32,524288,2048,hyprefill,1024/1024/1024,graph,175,91.6731,18.5046,91.7249,91.6731,
100,32,524288,2048,hyprefill,1024/1024/1024,graph,176,91.7297,18.2300,91.7849,91.7297,
100,32,524288,2048,hyprefill,1024/1024/1024,graph,177,91.2247,18.5046,91.2770,91.2247,
100,32,524288,2048,hyprefill,1024/1024/1024,graph,178,90.6706,18.2300,90.7341,90.6706,
100,32,524288,2048,hyprefill,1024/1024/1024,graph,179,91.1891,18.5046,91.2356,91.1891,
100,32,524288,2048,hyprefill,1024/1024/1024,graph,180,92.3317,18.2300,92.3785,92.3317,
100,32,524288,2048,hyprefill,1024/1024/1024,graph,181,90.7906,18.5046,90.8391,90.7906,
100,32,524288,2048,hyprefill,1024/1024/1024,graph,182,90.8186,18.5046,90.8693,90.8186,
100,32,524288,2048,hyprefill,1024/1024/1024,graph,183,91.5315,18.5046,91.5798,91.5315,
100,32,524288,2048,hyprefill,1024/1024/1024,graph,184,90.8920,18.5046,90.9396,90.8920,
100,32,524288,2048,hyprefill,1024/1024/1024,graph,185,90.2065,18.5046,90.2526,90.2065,
100,32,524288,2048,hyprefill,1024/1024/1024,graph,186,90.5050,18.5046,90.5535,90.5050,
100,32,524288,2048,hyprefill,1024/1024/1024,graph,187,90.8579,18.5046,90.9037,90.8579,
100,32,524288,2048,hyprefill,1024/1024/1024,graph,188,91.4381,18.5046,91.4865,91.4381,
100,32,524288,2048,hyprefill,1024/1024/1024,graph,189,91.0506,18.5046,91.1042,91.0506,
100,32,524288,2048,hyprefill,1024/1024/1024,graph,190,90.3832,18.5046,90.4413,90.3832,
100,32,524288,2048,hyprefill,1024/1024/1024,graph,191,91.9753,18.5046,92.0263,91.9753,
100,32,524288,2048,hyprefill,1024/1024/1024,graph,192,90.4086,18.5046,90.4575,90.4086,
100,32,524288,2048,hyprefill,1024/1024/1024,graph,193,92.2354,18.5046,92.2901,92.2354,
100,32,524288,2048,hyprefill,1024/1024/1024,graph,194,91.4304,18.5046,91.4815,91.4304,
100,32,524288,2048,hyprefill,1024/1024/1024,graph,195,89.7156,18.5046,89.7678,89.7156,
100,32,524288,2048,hyprefill,1024/1024/1024,graph,196,93.0226,18.5046,93.0712,93.0226,
100,32,524288,2048,hyprefill,1024/1024/1024,graph,197,90.9684,18.5046,91.0139,90.9684,
100,32,524288,2048,hyprefill,1024/1024/1024,graph,198,92.1488,18.5046,92.2029,92.1488,
100,32,524288,2048,hyprefill,1024/1024/1024,graph,199,90.5259,18.5046,90.5731,90.5259,
100,32,524288,2048,hyprefill,2048/2048/2048,graph,0,87.5784,16.2124,87.6305,87.5784,
100,32,524288,2048,hyprefill,2048/2048/2048,graph,1,84.9084,16.2124,84.9594,84.9084,
100,32,524288,2048,hyprefill,2048/2048/2048,graph,2,85.4944,16.4869,85.5412,85.4944,
100,32,524288,2048,hyprefill,2048/2048/2048,graph,3,90.7500,16.4869,90.8048,90.7500,
100,32,524288,2048,hyprefill,2048/2048/2048,graph,4,88.5510,16.7615,88.6017,88.5510,
100,32,524288,2048,hyprefill,2048/2048/2048,graph,5,90.4631,16.7615,90.5161,90.4631,
100,32,524288,2048,hyprefill,2048/2048/2048,graph,6,92.1073,16.7615,92.1536,92.1073,
100,32,524288,2048,hyprefill,2048/2048/2048,graph,7,89.9180,16.7615,89.9658,89.9180,
100,32,524288,2048,hyprefill,2048/2048/2048,graph,8,90.7181,16.7615,90.7642,90.7181,
100,32,524288,2048,hyprefill,2048/2048/2048,graph,9,89.7162,16.7615,89.7690,89.7162,
100,32,524288,2048,hyprefill,2048/2048/2048,graph,10,87.7780,16.7615,87.8264,87.7780,
100,32,524288,2048,hyprefill,2048/2048/2048,graph,11,90.5705,16.7615,90.6210,90.5705,
100,32,524288,2048,hyprefill,2048/2048/2048,graph,12,88.2075,16.7615,88.2549,88.2075,
100,32,524288,2048,hyprefill,2048/2048/2048,graph,13,87.8860,16.7615,87.9455,87.8860,
100,32,524288,2048,hyprefill,2048/2048/2048,graph,14,90.6285,16.7615,90.6771,90.6285,
100,32,524288,2048,hyprefill,2048/2048/2048,graph,15,90.9282,16.7615,90.9801,90.9282,
100,32,524288,2048,hyprefill,2048/2048/2048,graph,16,90.9217,16.7615,90.9721,90.9217,
100,32,524288,2048,hyprefill,2048/2048/2048,graph,17,91.2624,16.7615,91.3093,91.2624,
100,32,524288,2048,hyprefill,2048/2048/2048,graph,18,90.2614,16.7615,90.3170,90.2614,
100,32,524288,2048,hyprefill,2048/2048/2048,graph,19,88.6777,16.7615,88.7277,88.6777,
100,32,524288,2048,hyprefill,2048/2048/2048,graph,20,89.3851,16.7615,89.4330,89.3851,
100,32,524288,2048,hyprefill,2048/2048/2048,graph,21,87.1593,16.7615,87.2097,87.1593,
100,32,524288,2048,hyprefill,2048/2048/2048,graph,22,90.8954,16.7615,90.9422,90.8954,
100,32,524288,2048,hyprefill,2048/2048/2048,graph,23,88.1276,16.7615,88.1732,88.1276,
100,32,524288,2048,hyprefill,2048/2048/2048,graph,24,89.2614,16.7615,89.3133,89.2614,
100,32,524288,2048,hyprefill,2048/2048/2048,graph,25,90.8168,16.7615,90.8714,90.8168,
100,32,524288,2048,hyprefill,2048/2048/2048,graph,26,90.5966,16.7615,90.6468,90.5966,
100,32,524288,2048,hyprefill,2048/2048/2048,graph,27,91.3724,16.7615,91.4205,91.3724,
100,32,524288,2048,hyprefill,2048/2048/2048,graph,28,87.3596,16.7615,87.4092,87.3596,
100,32,524288,2048,hyprefill,2048/2048/2048,graph,29,91.2885,16.7615,91.3554,91.2885,
100,32,524288,2048,hyprefill,2048/2048/2048,graph,30,90.6540,16.7615,90.7048,90.6540,
100,32,524288,2048,hyprefill,2048/2048/2048,graph,31,88.1878,16.7615,88.2359,88.1878,
100,32,524288,2048,hyprefill,2048/2048/2048,graph,32,90.5434,16.7615,90.5916,90.5434,
100,32,524288,2048,hyprefill,2048/2048/2048,graph,33,89.4976,16.7615,89.5526,89.4976,
100,32,524288,2048,hyprefill,2048/2048/2048,graph,34,89.8929,16.7615,89.9485,89.8929,
100,32,524288,2048,hyprefill,2048/2048/2048,graph,35,88.9530,16.7615,89.0019,88.9530,
100,32,524288,2048,hyprefill,2048/2048/2048,graph,36,89.4609,16.7615,89.5122,89.4609,
100,32,524288,2048,hyprefill,2048/2048/2048,graph,37,89.7854,16.7615,89.8462,89.7854,
100,32,524288,2048,hyprefill,2048/2048/2048,graph,38,90.1185,16.7615,90.1715,90.1185,
100,32,524288,2048,hyprefill,2048/2048/2048,graph,39,87.2540,16.7615,87.3025,87.2540,
100,32,524288,2048,hyprefill,2048/2048/2048,graph,40,90.7859,16.7615,90.8361,90.7859,
100,32,524288,2048,hyprefill,2048/2048/2048,graph,41,89.5806,16.7615,89.6338,89.5806,
100,32,524288,2048,hyprefill,2048/2048/2048,graph,42,89.2040,16.7615,89.2608,89.2040,
100,32,524288,2048,hyprefill,2048/2048/2048,graph,43,89.8167,16.7615,89.8736,89.8167,
100,32,524288,2048,hyprefill,2048/2048/2048,graph,44,89.5146,16.7615,89.5630,89.5146,
100,32,524288,2048,hyprefill,2048/2048/2048,graph,45,87.2720,16.7615,87.3225,87.2720,
100,32,524288,2048,hyprefill,2048/2048/2048,graph,46,90.5688,16.7615,90.6278,90.5688,
100,32,524288,2048,hyprefill,2048/2048/2048,graph,47,89.4129,16.7615,89.4612,89.4129,
100,32,524288,2048,hyprefill,2048/2048/2048,graph,48,91.6806,16.7615,91.7273,91.6806,
100,32,524288,2048,hyprefill,2048/2048/2048,graph,49,88.6666,16.7615,88.7112,88.6666,
100,32,524288,2048,hyprefill,2048/2048/2048,graph,50,87.6034,16.7615,87.6733,87.6034,
100,32,524288,2048,hyprefill,2048/2048/2048,graph,51,90.8750,16.7615,90.9318,90.8750,
100,32,524288,2048,hyprefill,2048/2048/2048,graph,52,89.8764,16.7615,89.9259,89.8764,
100,32,524288,2048,hyprefill,2048/2048/2048,graph,53,90.0623,16.7615,90.1109,90.0623,
100,32,524288,2048,hyprefill,2048/2048/2048,graph,54,87.7372,16.7615,87.7875,87.7372,
100,32,524288,2048,hyprefill,2048/2048/2048,graph,55,88.1323,16.7615,88.1793,88.1323,
100,32,524288,2048,hyprefill,2048/2048/2048,graph,56,87.7214,16.7615,87.7695,87.7214,
100,32,524288,2048,hyprefill,2048/2048/2048,graph,57,88.1769,16.7615,88.2280,88.1769,
100,32,524288,2048,hyprefill,2048/2048/2048,graph,58,89.0678,16.7615,89.1204,89.0678,
100,32,524288,2048,hyprefill,2048/2048/2048,graph,59,89.3318,16.7615,89.3810,89.3318,
100,32,524288,2048,hyprefill,2048/2048/2048,graph,60,88.9537,16.7615,89.0007,88.9537,
100,32,524288,2048,hyprefill,2048/2048/2048,graph,61,87.5341,16.7615,87.5846,87.5341,
100,32,524288,2048,hyprefill,2048/2048/2048,graph,62,89.8410,16.7615,89.8910,89.8410,
100,32,524288,2048,hyprefill,2048/2048/2048,graph,63,87.4144,16.7615,87.4629,87.4144,
100,32,524288,2048,hyprefill,2048/2048/2048,graph,64,89.1814,16.7615,89.2287,89.1814,
100,32,524288,2048,hyprefill,2048/2048/2048,graph,65,90.2486,16.7615,90.3095,90.2486,
100,32,524288,2048,hyprefill,2048/2048/2048,graph,66,87.1414,16.7615,87.1895,87.1414,
100,32,524288,2048,hyprefill,2048/2048/2048,graph,67,87.4143,16.7615,87.4615,87.4143,
100,32,524288,2048,hyprefill,2048/2048/2048,graph,68,89.0383,16.7615,89.0895,89.0383,
100,32,524288,2048,hyprefill,2048/2048/2048,graph,69,88.8602,16.7615,88.9106,88.8602,
100,32,524288,2048,hyprefill,2048/2048/2048,graph,70,87.1147,16.7615,87.1616,87.1147,
100,32,524288,2048,hyprefill,2048/2048/2048,graph,71,88.8566,16.7615,88.9058,88.8566,
100,32,524288,2048,hyprefill,2048/2048/2048,graph,72,87.3500,16.4869,87.4140,87.3500,
100,32,524288,2048,hyprefill,2048/2048/2048,graph,73,88.5426,16.4869,88.6034,88.5426,
100,32,524288,2048,hyprefill,2048/2048/2048,graph,74,88.1402,16.2124,88.1882,88.1402,
100,32,524288,2048,hyprefill,2048/2048/2048,graph,75,86.3211,16.2124,86.3683,86.3211,
100,32,524288,2048,hyprefill,2048/2048/2048,graph,76,85.9596,15.9378,86.0117,85.9596,
100,32,524288,2048,hyprefill,2048/2048/2048,graph,77,87.3385,15.9378,87.3884,87.3385,
100,32,524288,2048,hyprefill,2048/2048/2048,graph,78,86.2791,15.9378,86.3287,86.2791,
100,32,524288,2048,hyprefill,2048/2048/2048,graph,79,85.2911,15.9378,85.3398,85.2911,
100,32,524288,2048,hyprefill,2048/2048/2048,graph,80,85.2490,15.9378,85.3056,85.2490,
100,32,524288,2048,hyprefill,2048/2048/2048,graph,81,84.6673,15.9378,84.7196,84.6673,
100,32,524288,2048,hyprefill,2048/2048/2048,graph,82,84.9425,15.9378,85.0014,84.9425,
100,32,524288,2048,hyprefill,2048/2048/2048,graph,83,85.9226,15.9378,85.9732,85.9226,
100,32,524288,2048,hyprefill,2048/2048/2048,graph,84,86.0822,15.9378,86.1335,86.0822,
100,32,524288,2048,hyprefill,2048/2048/2048,graph,85,86.5721,15.9378,86.6231,86.5721,
100,32,524288,2048,hyprefill,2048/2048/2048,graph,86,84.2991,15.9378,84.3547,84.2991,
100,32,524288,2048,hyprefill,2048/2048/2048,graph,87,88.3776,15.9378,88.4318,88.3776,
100,32,524288,2048,hyprefill,2048/2048/2048,graph,88,86.7793,15.9378,86.9052,86.7793,
100,32,524288,2048,hyprefill,2048/2048/2048,graph,89,85.3835,15.9378,85.4484,85.3835,
100,32,524288,2048,hyprefill,2048/2048/2048,graph,90,88.5157,15.9378,88.5735,88.5157,
100,32,524288,2048,hyprefill,2048/2048/2048,graph,91,86.2066,15.9378,86.2515,86.2066,
100,32,524288,2048,hyprefill,2048/2048/2048,graph,92,88.2099,15.9378,88.2549,88.2099,
100,32,524288,2048,hyprefill,2048/2048/2048,graph,93,87.6132,15.9378,87.6575,87.6132,
100,32,524288,2048,hyprefill,2048/2048/2048,graph,94,88.1567,15.9378,88.2088,88.1567,
100,32,524288,2048,hyprefill,2048/2048/2048,graph,95,89.6959,15.9378,89.7465,89.6959,
100,32,524288,2048,hyprefill,2048/2048/2048,graph,96,89.5506,16.2124,89.5988,89.5506,
100,32,524288,2048,hyprefill,2048/2048/2048,graph,97,89.6551,16.2124,89.7048,89.6551,
100,32,524288,2048,hyprefill,2048/2048/2048,graph,98,87.7452,16.4869,87.7959,87.7452,
100,32,524288,2048,hyprefill,2048/2048/2048,graph,99,87.6814,16.4869,87.7344,87.6814,
100,32,524288,2048,hyprefill,2048/2048/2048,graph,100,90.0859,16.7615,90.1403,90.0859,
100,32,524288,2048,hyprefill,2048/2048/2048,graph,101,88.1554,16.7615,88.2018,88.1554,
100,32,524288,2048,hyprefill,2048/2048/2048,graph,102,92.4969,16.7615,92.5513,92.4969,
100,32,524288,2048,hyprefill,2048/2048/2048,graph,103,89.7609,16.7615,89.8166,89.7609,
100,32,524288,2048,hyprefill,2048/2048/2048,graph,104,91.0466,16.7615,91.1198,91.0466,
100,32,524288,2048,hyprefill,2048/2048/2048,graph,105,87.9045,16.7615,87.9591,87.9045,
100,32,524288,2048,hyprefill,2048/2048/2048,graph,106,91.5017,16.7615,91.5487,91.5017,
100,32,524288,2048,hyprefill,2048/2048/2048,graph,107,91.1983,16.7615,91.2445,91.1983,
100,32,524288,2048,hyprefill,2048/2048/2048,graph,108,91.2249,16.7615,91.2703,91.2249,
100,32,524288,2048,hyprefill,2048/2048/2048,graph,109,88.6608,16.7615,88.7160,88.6608,
100,32,524288,2048,hyprefill,2048/2048/2048,graph,110,89.6804,16.7615,89.7263,89.6804,
100,32,524288,2048,hyprefill,2048/2048/2048,graph,111,86.3501,16.7615,86.4035,86.3501,
100,32,524288,2048,hyprefill,2048/2048/2048,graph,112,89.2139,16.7615,89.2753,89.2139,
100,32,524288,2048,hyprefill,2048/2048/2048,graph,113,91.3719,16.7615,91.4189,91.3719,
100,32,524288,2048,hyprefill,2048/2048/2048,graph,114,89.5783,16.7615,89.6266,89.5783,
100,32,524288,2048,hyprefill,2048/2048/2048,graph,115,90.2860,16.7615,90.3389,90.2860,
100,32,524288,2048,hyprefill,2048/2048/2048,graph,116,89.6460,16.7615,89.7028,89.6460,
100,32,524288,2048,hyprefill,2048/2048/2048,graph,117,92.2512,16.7615,92.3019,92.2512,
100,32,524288,2048,hyprefill,2048/2048/2048,graph,118,91.2461,16.7615,91.3036,91.2461,
100,32,524288,2048,hyprefill,2048/2048/2048,graph,119,90.7584,16.7615,90.8085,90.7584,
100,32,524288,2048,hyprefill,2048/2048/2048,graph,120,90.3564,16.7615,90.4107,90.3564,
100,32,524288,2048,hyprefill,2048/2048/2048,graph,121,89.2303,16.7615,89.2790,89.2303,
100,32,524288,2048,hyprefill,2048/2048/2048,graph,122,91.3679,16.7615,91.4179,91.3679,
100,32,524288,2048,hyprefill,2048/2048/2048,graph,123,87.2507,16.7615,87.2989,87.2507,
100,32,524288,2048,hyprefill,2048/2048/2048,graph,124,91.0173,16.7615,91.0662,91.0173,
100,32,524288,2048,hyprefill,2048/2048/2048,graph,125,90.1325,16.7615,90.1906,90.1325,
100,32,524288,2048,hyprefill,2048/2048/2048,graph,126,87.8216,16.7615,87.8922,87.8216,
100,32,524288,2048,hyprefill,2048/2048/2048,graph,127,90.7888,16.7615,90.8395,90.7888,
100,32,524288,2048,hyprefill,2048/2048/2048,graph,128,90.3737,16.7615,90.4224,90.3737,
100,32,524288,2048,hyprefill,2048/2048/2048,graph,129,91.0301,16.7615,91.0808,91.0301,
100,32,524288,2048,hyprefill,2048/2048/2048,graph,130,89.4338,16.7615,89.4824,89.4338,
100,32,524288,2048,hyprefill,2048/2048/2048,graph,131,91.2057,16.7615,91.2585,91.2057,
100,32,524288,2048,hyprefill,2048/2048/2048,graph,132,90.4746,16.7615,90.5278,90.4746,
100,32,524288,2048,hyprefill,2048/2048/2048,graph,133,90.8400,16.7615,90.8907,90.8400,
100,32,524288,2048,hyprefill,2048/2048/2048,graph,134,90.1232,16.7615,90.1783,90.1232,
100,32,524288,2048,hyprefill,2048/2048/2048,graph,135,88.8171,16.7615,88.8651,88.8171,
100,32,524288,2048,hyprefill,2048/2048/2048,graph,136,90.6742,16.7615,90.7279,90.6742,
100,32,524288,2048,hyprefill,2048/2048/2048,graph,137,88.2458,16.7615,88.2969,88.2458,
100,32,524288,2048,hyprefill,2048/2048/2048,graph,138,91.3483,16.7615,91.3979,91.3483,
100,32,524288,2048,hyprefill,2048/2048/2048,graph,139,90.3453,16.7615,90.4012,90.3453,
100,32,524288,2048,hyprefill,2048/2048/2048,graph,140,87.6893,16.7615,87.7374,87.6893,
100,32,524288,2048,hyprefill,2048/2048/2048,graph,141,88.3989,16.7615,88.4444,88.3989,
100,32,524288,2048,hyprefill,2048/2048/2048,graph,142,88.5326,16.7615,88.5793,88.5326,
100,32,524288,2048,hyprefill,2048/2048/2048,graph,143,89.3422,16.7615,89.4008,89.3422,
100,32,524288,2048,hyprefill,2048/2048/2048,graph,144,88.2814,16.7615,88.3313,88.2814,
100,32,524288,2048,hyprefill,2048/2048/2048,graph,145,87.2264,16.7615,87.2747,87.2264,
100,32,524288,2048,hyprefill,2048/2048/2048,graph,146,90.4199,16.7615,90.4701,90.4199,
100,32,524288,2048,hyprefill,2048/2048/2048,graph,147,90.5128,16.7615,90.5628,90.5128,
100,32,524288,2048,hyprefill,2048/2048/2048,graph,148,88.2453,16.7615,88.2974,88.2453,
100,32,524288,2048,hyprefill,2048/2048/2048,graph,149,89.0147,16.7615,89.0786,89.0147,
100,32,524288,2048,hyprefill,2048/2048/2048,graph,150,87.9883,16.7615,88.0346,87.9883,
100,32,524288,2048,hyprefill,2048/2048/2048,graph,151,89.9209,16.7615,89.9776,89.9209,
100,32,524288,2048,hyprefill,2048/2048/2048,graph,152,88.3064,16.7615,88.3564,88.3064,
100,32,524288,2048,hyprefill,2048/2048/2048,graph,153,87.7657,16.7615,87.8313,87.7657,
100,32,524288,2048,hyprefill,2048/2048/2048,graph,154,88.1851,16.7615,88.2371,88.1851,
100,32,524288,2048,hyprefill,2048/2048/2048,graph,155,89.3068,16.7615,89.3562,89.3068,
100,32,524288,2048,hyprefill,2048/2048/2048,graph,156,87.3732,16.7615,87.4284,87.3732,
100,32,524288,2048,hyprefill,2048/2048/2048,graph,157,89.3662,16.7615,89.4142,89.3662,
100,32,524288,2048,hyprefill,2048/2048/2048,graph,158,88.0912,16.7615,88.1390,88.0912,
100,32,524288,2048,hyprefill,2048/2048/2048,graph,159,88.7967,16.7615,88.8428,88.7967,
100,32,524288,2048,hyprefill,2048/2048/2048,graph,160,89.0636,16.7615,89.1173,89.0636,
100,32,524288,2048,hyprefill,2048/2048/2048,graph,161,90.7960,16.7615,90.8461,90.7960,
100,32,524288,2048,hyprefill,2048/2048/2048,graph,162,87.6226,16.7615,87.6795,87.6226,
100,32,524288,2048,hyprefill,2048/2048/2048,graph,163,87.3190,16.7615,87.3675,87.3190,
100,32,524288,2048,hyprefill,2048/2048/2048,graph,164,88.9025,16.7615,88.9489,88.9025,
100,32,524288,2048,hyprefill,2048/2048/2048,graph,165,87.4776,16.7615,87.5395,87.4776,
100,32,524288,2048,hyprefill,2048/2048/2048,graph,166,89.1985,16.7615,89.2472,89.1985,
100,32,524288,2048,hyprefill,2048/2048/2048,graph,167,86.9241,16.7615,86.9701,86.9241,
100,32,524288,2048,hyprefill,2048/2048/2048,graph,168,87.3902,16.4869,87.4462,87.3902,
100,32,524288,2048,hyprefill,2048/2048/2048,graph,169,87.6048,16.4869,87.6544,87.6048,
100,32,524288,2048,hyprefill,2048/2048/2048,graph,170,86.7574,16.2124,86.8045,86.7574,
100,32,524288,2048,hyprefill,2048/2048/2048,graph,171,85.7108,16.2124,85.7608,85.7108,
100,32,524288,2048,hyprefill,2048/2048/2048,graph,172,85.3816,15.9378,85.4271,85.3816,
100,32,524288,2048,hyprefill,2048/2048/2048,graph,173,85.6505,15.9378,85.6970,85.6505,
100,32,524288,2048,hyprefill,2048/2048/2048,graph,174,84.6796,15.9378,84.7351,84.6796,
100,32,524288,2048,hyprefill,2048/2048/2048,graph,175,87.9968,15.9378,88.0458,87.9968,
100,32,524288,2048,hyprefill,2048/2048/2048,graph,176,85.5313,15.9378,85.5797,85.5313,
100,32,524288,2048,hyprefill,2048/2048/2048,graph,177,86.1909,15.9378,86.2449,86.1909,
100,32,524288,2048,hyprefill,2048/2048/2048,graph,178,85.8504,15.9378,85.9080,85.8504,
100,32,524288,2048,hyprefill,2048/2048/2048,graph,179,85.8009,15.9378,85.8519,85.8009,
100,32,524288,2048,hyprefill,2048/2048/2048,graph,180,86.8043,15.9378,86.8557,86.8043,
100,32,524288,2048,hyprefill,2048/2048/2048,graph,181,85.5507,15.9378,85.5980,85.5507,
100,32,524288,2048,hyprefill,2048/2048/2048,graph,182,88.6720,15.9378,88.7273,88.6720,
100,32,524288,2048,hyprefill,2048/2048/2048,graph,183,86.9461,15.9378,86.9939,86.9461,
100,32,524288,2048,hyprefill,2048/2048/2048,graph,184,88.6001,15.9378,88.6514,88.6001,
100,32,524288,2048,hyprefill,2048/2048/2048,graph,185,87.1483,15.9378,87.1980,87.1483,
100,32,524288,2048,hyprefill,2048/2048/2048,graph,186,86.6021,15.9378,86.6557,86.6021,
100,32,524288,2048,hyprefill,2048/2048/2048,graph,187,85.3810,15.9378,85.4432,85.3810,
100,32,524288,2048,hyprefill,2048/2048/2048,graph,188,84.5909,15.9378,84.6453,84.5909,
100,32,524288,2048,hyprefill,2048/2048/2048,graph,189,88.8339,15.9378,88.8858,88.8339,
100,32,524288,2048,hyprefill,2048/2048/2048,graph,190,85.0420,15.9378,85.0913,85.0420,
100,32,524288,2048,hyprefill,2048/2048/2048,graph,191,85.7554,15.9378,85.8071,85.7554,
100,32,524288,2048,hyprefill,2048/2048/2048,graph,192,88.9804,16.2124,89.0281,88.9804,
100,32,524288,2048,hyprefill,2048/2048/2048,graph,193,87.6726,16.2124,87.7178,87.6726,
100,32,524288,2048,hyprefill,2048/2048/2048,graph,194,88.0158,16.4869,88.0755,88.0158,
100,32,524288,2048,hyprefill,2048/2048/2048,graph,195,85.9317,16.4869,85.9842,85.9317,
100,32,524288,2048,hyprefill,2048/2048/2048,graph,196,90.6813,16.7615,90.7320,90.6813,
100,32,524288,2048,hyprefill,2048/2048/2048,graph,197,89.5050,16.7615,89.5519,89.5050,
100,32,524288,2048,hyprefill,2048/2048/2048,graph,198,89.5286,16.7615,89.5907,89.5286,
100,32,524288,2048,hyprefill,2048/2048/2048,graph,199,89.8903,16.7615,89.9514,89.8903,
100,32,524288,2048,hyprefill,512/512/512,graph,0,93.0920,22.7825,93.1639,93.0920,
100,32,524288,2048,hyprefill,512/512/512,graph,1,92.4848,22.7825,92.5430,92.4848,
100,32,524288,2048,hyprefill,512/512/512,graph,2,93.4839,22.7825,93.5422,93.4839,
100,32,524288,2048,hyprefill,512/512/512,graph,3,93.3576,22.7825,93.4108,93.3576,
100,32,524288,2048,hyprefill,512/512/512,graph,4,93.1684,22.7825,93.2183,93.1684,
100,32,524288,2048,hyprefill,512/512/512,graph,5,93.4091,22.7825,93.4627,93.4091,
100,32,524288,2048,hyprefill,512/512/512,graph,6,92.5846,22.7825,92.6356,92.5846,
100,32,524288,2048,hyprefill,512/512/512,graph,7,93.3165,23.0571,93.3647,93.3165,
100,32,524288,2048,hyprefill,512/512/512,graph,8,92.7236,22.7825,92.7710,92.7236,
100,32,524288,2048,hyprefill,512/512/512,graph,9,93.0631,23.0571,93.1102,93.0631,
100,32,524288,2048,hyprefill,512/512/512,graph,10,93.2989,22.7825,93.3506,93.2989,
100,32,524288,2048,hyprefill,512/512/512,graph,11,92.6137,23.0571,92.6748,92.6137,
100,32,524288,2048,hyprefill,512/512/512,graph,12,91.7741,22.7825,91.8335,91.7741,
100,32,524288,2048,hyprefill,512/512/512,graph,13,94.1871,22.7825,94.2376,94.1871,
100,32,524288,2048,hyprefill,512/512/512,graph,14,93.8167,22.7825,93.8702,93.8167,
100,32,524288,2048,hyprefill,512/512/512,graph,15,92.4549,22.7825,92.5284,92.4549,
100,32,524288,2048,hyprefill,512/512/512,graph,16,92.4309,22.7825,92.4836,92.4309,
100,32,524288,2048,hyprefill,512/512/512,graph,17,91.5654,22.7825,91.6292,91.5654,
100,32,524288,2048,hyprefill,512/512/512,graph,18,93.7377,22.7825,93.7980,93.7377,
100,32,524288,2048,hyprefill,512/512/512,graph,19,92.5988,22.7825,92.6523,92.5988,
100,32,524288,2048,hyprefill,512/512/512,graph,20,92.0607,22.7825,92.1093,92.0607,
100,32,524288,2048,hyprefill,512/512/512,graph,21,93.6139,22.7825,93.6778,93.6139,
100,32,524288,2048,hyprefill,512/512/512,graph,22,93.2506,22.7825,93.3068,93.2506,
100,32,524288,2048,hyprefill,512/512/512,graph,23,91.8118,22.7825,91.8648,91.8118,
100,32,524288,2048,hyprefill,512/512/512,graph,24,92.6121,22.7825,92.6684,92.6121,
100,32,524288,2048,hyprefill,512/512/512,graph,25,92.5413,22.7825,92.5913,92.5413,
100,32,524288,2048,hyprefill,512/512/512,graph,26,94.0461,22.7825,94.1076,94.0461,
100,32,524288,2048,hyprefill,512/512/512,graph,27,93.9724,22.7825,94.0278,93.9724,
100,32,524288,2048,hyprefill,512/512/512,graph,28,91.9920,22.7825,92.0472,91.9920,
100,32,524288,2048,hyprefill,512/512/512,graph,29,93.8051,22.7825,93.8548,93.8051,
100,32,524288,2048,hyprefill,512/512/512,graph,30,92.0589,22.7825,92.1152,92.0589,
100,32,524288,2048,hyprefill,512/512/512,graph,31,93.4731,22.7825,93.5252,93.4731,
100,32,524288,2048,hyprefill,512/512/512,graph,32,92.1299,22.7825,92.1783,92.1299,
100,32,524288,2048,hyprefill,512/512/512,graph,33,92.2550,22.7825,92.3012,92.2550,
100,32,524288,2048,hyprefill,512/512/512,graph,34,94.3463,22.7825,94.4027,94.3463,
100,32,524288,2048,hyprefill,512/512/512,graph,35,93.8412,22.7825,93.8965,93.8412,
100,32,524288,2048,hyprefill,512/512/512,graph,36,93.0192,22.7825,93.0700,93.0192,
100,32,524288,2048,hyprefill,512/512/512,graph,37,93.0388,22.7825,93.0878,93.0388,
100,32,524288,2048,hyprefill,512/512/512,graph,38,92.9773,22.7825,93.0273,92.9773,
100,32,524288,2048,hyprefill,512/512/512,graph,39,92.7840,22.7825,92.8341,92.7840,
100,32,524288,2048,hyprefill,512/512/512,graph,40,93.5543,22.7825,93.6028,93.5543,
100,32,524288,2048,hyprefill,512/512/512,graph,41,93.0235,22.7825,93.0705,93.0235,
100,32,524288,2048,hyprefill,512/512/512,graph,42,93.8431,22.7825,93.8920,93.8431,
100,32,524288,2048,hyprefill,512/512/512,graph,43,93.5893,22.7825,93.6420,93.5893,
100,32,524288,2048,hyprefill,512/512/512,graph,44,93.5501,22.7825,93.5988,93.5501,
100,32,524288,2048,hyprefill,512/512/512,graph,45,92.9738,22.7825,93.0252,92.9738,
100,32,524288,2048,hyprefill,512/512/512,graph,46,91.2530,22.7825,91.3002,91.2530,
100,32,524288,2048,hyprefill,512/512/512,graph,47,91.6573,22.7825,91.7020,91.6573,
100,32,524288,2048,hyprefill,512/512/512,graph,48,92.7947,22.7825,92.8393,92.7947,
100,32,524288,2048,hyprefill,512/512/512,graph,49,93.0383,22.7825,93.0838,93.0383,
100,32,524288,2048,hyprefill,512/512/512,graph,50,92.9434,22.7825,92.9950,92.9434,
100,32,524288,2048,hyprefill,512/512/512,graph,51,92.9846,22.7825,93.0353,92.9846,
100,32,524288,2048,hyprefill,512/512/512,graph,52,93.6654,22.7825,93.7169,93.6654,
100,32,524288,2048,hyprefill,512/512/512,graph,53,92.2930,22.7825,92.3393,92.2930,
100,32,524288,2048,hyprefill,512/512/512,graph,54,92.0071,22.7825,92.0550,92.0071,
100,32,524288,2048,hyprefill,512/512/512,graph,55,92.7539,22.7825,92.8103,92.7539,
100,32,524288,2048,hyprefill,512/512/512,graph,56,93.2287,22.7825,93.2931,93.2287,
100,32,524288,2048,hyprefill,512/512/512,graph,57,93.5544,22.7825,93.6039,93.5544,
100,32,524288,2048,hyprefill,512/512/512,graph,58,91.9634,22.7825,92.0247,91.9634,
100,32,524288,2048,hyprefill,512/512/512,graph,59,93.1873,22.7825,93.2454,93.1873,
100,32,524288,2048,hyprefill,512/512/512,graph,60,92.4898,22.7825,92.5407,92.4898,
100,32,524288,2048,hyprefill,512/512/512,graph,61,92.7336,22.7825,92.7847,92.7336,
100,32,524288,2048,hyprefill,512/512/512,graph,62,91.3909,22.7825,91.4491,91.3909,
100,32,524288,2048,hyprefill,512/512/512,graph,63,91.7170,22.7825,91.7871,91.7170,
100,32,524288,2048,hyprefill,512/512/512,graph,64,92.6694,23.0571,92.7199,92.6694,
100,32,524288,2048,hyprefill,512/512/512,graph,65,94.0668,23.0571,94.1230,94.0668,
100,32,524288,2048,hyprefill,512/512/512,graph,66,92.7899,23.3317,92.8425,92.7899,
100,32,524288,2048,hyprefill,512/512/512,graph,67,92.6234,23.3317,92.6754,92.6234,
100,32,524288,2048,hyprefill,512/512/512,graph,68,93.6048,23.6063,93.6564,93.6048,
100,32,524288,2048,hyprefill,512/512/512,graph,69,94.6414,23.6063,94.7024,94.6414,
100,32,524288,2048,hyprefill,512/512/512,graph,70,94.5731,23.3317,94.6245,94.5731,
100,32,524288,2048,hyprefill,512/512/512,graph,71,91.9462,23.3317,91.9961,91.9462,
100,32,524288,2048,hyprefill,512/512/512,graph,72,94.2525,23.0571,94.3031,94.2525,
100,32,524288,2048,hyprefill,512/512/512,graph,73,94.5729,23.0571,94.6240,94.5729,
100,32,524288,2048,hyprefill,512/512/512,graph,74,93.3743,22.7825,93.4309,93.3743,
100,32,524288,2048,hyprefill,512/512/512,graph,75,92.5453,22.7825,92.6015,92.5453,
100,32,524288,2048,hyprefill,512/512/512,graph,76,91.6865,22.7825,91.7420,91.6865,
100,32,524288,2048,hyprefill,512/512/512,graph,77,93.9324,22.7825,93.9799,93.9324,
100,32,524288,2048,hyprefill,512/512/512,graph,78,92.1353,22.7825,92.1859,92.1353,
100,32,524288,2048,hyprefill,512/512/512,graph,79,93.2456,22.7825,93.2959,93.2456,
100,32,524288,2048,hyprefill,512/512/512,graph,80,92.4936,22.7825,92.5483,92.4936,
100,32,524288,2048,hyprefill,512/512/512,graph,81,91.9151,22.7825,91.9723,91.9151,
100,32,524288,2048,hyprefill,512/512/512,graph,82,91.5182,22.7825,91.5684,91.5182,
100,32,524288,2048,hyprefill,512/512/512,graph,83,93.3550,22.7825,93.4037,93.3550,
100,32,524288,2048,hyprefill,512/512/512,graph,84,94.2555,22.7825,94.3043,94.2555,
100,32,524288,2048,hyprefill,512/512/512,graph,85,93.3964,22.7825,93.4419,93.3964,
100,32,524288,2048,hyprefill,512/512/512,graph,86,93.1014,23.0571,93.1458,93.1014,
100,32,524288,2048,hyprefill,512/512/512,graph,87,93.7617,22.7825,93.8173,93.7617,
100,32,524288,2048,hyprefill,512/512/512,graph,88,91.5342,23.0571,91.5936,91.5342,
100,32,524288,2048,hyprefill,512/512/512,graph,89,92.0999,22.7825,92.1493,92.0999,
100,32,524288,2048,hyprefill,512/512/512,graph,90,92.3762,23.0571,92.4250,92.3762,
100,32,524288,2048,hyprefill,512/512/512,graph,91,91.5921,22.7825,91.6518,91.5921,
100,32,524288,2048,hyprefill,512/512/512,graph,92,92.8889,22.7825,92.9439,92.8889,
100,32,524288,2048,hyprefill,512/512/512,graph,93,94.1274,22.7825,94.1864,94.1274,
100,32,524288,2048,hyprefill,512/512/512,graph,94,93.5260,22.7825,93.5759,93.5260,
100,32,524288,2048,hyprefill,512/512/512,graph,95,92.8008,22.7825,92.8564,92.8008,
100,32,524288,2048,hyprefill,512/512/512,graph,96,93.0114,22.7825,93.0635,93.0114,
100,32,524288,2048,hyprefill,512/512/512,graph,97,91.8889,22.7825,91.9407,91.8889,
100,32,524288,2048,hyprefill,512/512/512,graph,98,91.2446,22.7825,91.2912,91.2446,
100,32,524288,2048,hyprefill,512/512/512,graph,99,93.4392,22.7825,93.4900,93.4392,
100,32,524288,2048,hyprefill,512/512/512,graph,100,93.7924,22.7825,93.8471,93.7924,
100,32,524288,2048,hyprefill,512/512/512,graph,101,93.6420,22.7825,93.6916,93.6420,
100,32,524288,2048,hyprefill,512/512/512,graph,102,93.0794,22.7825,93.1299,93.0794,
100,32,524288,2048,hyprefill,512/512/512,graph,103,91.1874,23.0571,91.2407,91.1874,
100,32,524288,2048,hyprefill,512/512/512,graph,104,93.9463,22.7825,93.9981,93.9463,
100,32,524288,2048,hyprefill,512/512/512,graph,105,92.4891,23.0571,92.5394,92.4891,
100,32,524288,2048,hyprefill,512/512/512,graph,106,91.8361,22.7825,91.8906,91.8361,
100,32,524288,2048,hyprefill,512/512/512,graph,107,92.4181,23.0571,92.4719,92.4181,
100,32,524288,2048,hyprefill,512/512/512,graph,108,92.7994,22.7825,92.8564,92.7994,
100,32,524288,2048,hyprefill,512/512/512,graph,109,92.2740,22.7825,92.3296,92.2740,
100,32,524288,2048,hyprefill,512/512/512,graph,110,92.5986,22.7825,92.6518,92.5986,
100,32,524288,2048,hyprefill,512/512/512,graph,111,93.2260,22.7825,93.3067,93.2260,
100,32,524288,2048,hyprefill,512/512/512,graph,112,93.5980,22.7825,93.6582,93.5980,
100,32,524288,2048,hyprefill,512/512/512,graph,113,90.9944,22.7825,91.0457,90.9944,
100,32,524288,2048,hyprefill,512/512/512,graph,114,94.0181,22.7825,94.0775,94.0181,
100,32,524288,2048,hyprefill,512/512/512,graph,115,92.8370,22.7825,92.8887,92.8370,
100,32,524288,2048,hyprefill,512/512/512,graph,116,93.6092,22.7825,93.6681,93.6092,
100,32,524288,2048,hyprefill,512/512/512,graph,117,93.8290,22.7825,93.8837,93.8290,
100,32,524288,2048,hyprefill,512/512/512,graph,118,91.8599,22.7825,91.9141,91.8599,
100,32,524288,2048,hyprefill,512/512/512,graph,119,92.1603,22.7825,92.2217,92.1603,
100,32,524288,2048,hyprefill,512/512/512,graph,120,92.8979,22.7825,92.9480,92.8979,
100,32,524288,2048,hyprefill,512/512/512,graph,121,93.4419,22.7825,93.5016,93.4419,
100,32,524288,2048,hyprefill,512/512/512,graph,122,91.6033,22.7825,91.6493,91.6033,
100,32,524288,2048,hyprefill,512/512/512,graph,123,91.2603,22.7825,91.3050,91.2603,
100,32,524288,2048,hyprefill,512/512/512,graph,124,93.7254,22.7825,93.7765,93.7254,
100,32,524288,2048,hyprefill,512/512/512,graph,125,92.1077,22.7825,92.1653,92.1077,
100,32,524288,2048,hyprefill,512/512/512,graph,126,92.5320,22.7825,92.5892,92.5320,
100,32,524288,2048,hyprefill,512/512/512,graph,127,92.7021,22.7825,92.7534,92.7021,
100,32,524288,2048,hyprefill,512/512/512,graph,128,92.1675,22.7825,92.2171,92.1675,
100,32,524288,2048,hyprefill,512/512/512,graph,129,92.3350,22.7825,92.3907,92.3350,
100,32,524288,2048,hyprefill,512/512/512,graph,130,91.0468,22.7825,91.1006,91.0468,
100,32,524288,2048,hyprefill,512/512/512,graph,131,91.9627,22.7825,92.0114,91.9627,
100,32,524288,2048,hyprefill,512/512/512,graph,132,91.9511,22.7825,92.0221,91.9511,
100,32,524288,2048,hyprefill,512/512/512,graph,133,93.3666,22.7825,93.4256,93.3666,
100,32,524288,2048,hyprefill,512/512/512,graph,134,91.7038,22.7825,91.7543,91.7038,
100,32,524288,2048,hyprefill,512/512/512,graph,135,93.4224,22.7825,93.4713,93.4224,
100,32,524288,2048,hyprefill,512/512/512,graph,136,92.6414,22.7825,92.6985,92.6414,
100,32,524288,2048,hyprefill,512/512/512,graph,137,91.6069,22.7825,91.6566,91.6069,
100,32,524288,2048,hyprefill,512/512/512,graph,138,91.5349,22.7825,91.5842,91.5349,
100,32,524288,2048,hyprefill,512/512/512,graph,139,93.1650,22.7825,93.2265,93.1650,
100,32,524288,2048,hyprefill,512/512/512,graph,140,92.2723,22.7825,92.3256,92.2723,
100,32,524288,2048,hyprefill,512/512/512,graph,141,93.3906,22.7825,93.4407,93.3906,
100,32,524288,2048,hyprefill,512/512/512,graph,142,93.8914,22.7825,93.9544,93.8914,
100,32,524288,2048,hyprefill,512/512/512,graph,143,92.9863,22.7825,93.0444,92.9863,
100,32,524288,2048,hyprefill,512/512/512,graph,144,93.2425,22.7825,93.3007,93.2425,
100,32,524288,2048,hyprefill,512/512/512,graph,145,93.3433,22.7825,93.3956,93.3433,
100,32,524288,2048,hyprefill,512/512/512,graph,146,92.8524,22.7825,92.9020,92.8524,
100,32,524288,2048,hyprefill,512/512/512,graph,147,93.7724,22.7825,93.8223,93.7724,
100,32,524288,2048,hyprefill,512/512/512,graph,148,91.9794,22.7825,92.0354,91.9794,
100,32,524288,2048,hyprefill,512/512/512,graph,149,93.2064,22.7825,93.2598,93.2064,
100,32,524288,2048,hyprefill,512/512/512,graph,150,92.3435,22.7825,92.3937,92.3435,
100,32,524288,2048,hyprefill,512/512/512,graph,151,91.1388,22.7825,91.1901,91.1388,
100,32,524288,2048,hyprefill,512/512/512,graph,152,92.3650,22.7825,92.4245,92.3650,
100,32,524288,2048,hyprefill,512/512/512,graph,153,92.9279,22.7825,92.9786,92.9279,
100,32,524288,2048,hyprefill,512/512/512,graph,154,92.4268,22.7825,92.4787,92.4268,
100,32,524288,2048,hyprefill,512/512/512,graph,155,94.0634,22.7825,94.1169,94.0634,
100,32,524288,2048,hyprefill,512/512/512,graph,156,93.4527,22.7825,93.5056,93.4527,
100,32,524288,2048,hyprefill,512/512/512,graph,157,92.8389,22.7825,92.8883,92.8389,
100,32,524288,2048,hyprefill,512/512/512,graph,158,93.5678,22.7825,93.6160,93.5678,
100,32,524288,2048,hyprefill,512/512/512,graph,159,93.1703,22.7825,93.2203,93.1703,
100,32,524288,2048,hyprefill,512/512/512,graph,160,93.6534,23.0571,93.7120,93.6534,
100,32,524288,2048,hyprefill,512/512/512,graph,161,93.2445,23.0571,93.3002,93.2445,
100,32,524288,2048,hyprefill,512/512/512,graph,162,93.5374,23.3317,93.5905,93.5374,
100,32,524288,2048,hyprefill,512/512/512,graph,163,92.8050,23.3317,92.8518,92.8050,
100,32,524288,2048,hyprefill,512/512/512,graph,164,92.7396,23.6063,92.8000,92.7396,
100,32,524288,2048,hyprefill,512/512/512,graph,165,93.9704,23.6063,94.0201,93.9704,
100,32,524288,2048,hyprefill,512/512/512,graph,166,93.0086,23.3317,93.0589,93.0086,
100,32,524288,2048,hyprefill,512/512/512,graph,167,93.0512,23.3317,93.1003,93.0512,
100,32,524288,2048,hyprefill,512/512/512,graph,168,92.9227,23.0571,92.9982,92.9227,
100,32,524288,2048,hyprefill,512/512/512,graph,169,93.4662,23.0571,93.5208,93.4662,
100,32,524288,2048,hyprefill,512/512/512,graph,170,92.7925,22.7825,92.8491,92.7925,
100,32,524288,2048,hyprefill,512/512/512,graph,171,93.0842,22.7825,93.1432,93.0842,
100,32,524288,2048,hyprefill,512/512/512,graph,172,92.0647,22.7825,92.1178,92.0647,
100,32,524288,2048,hyprefill,512/512/512,graph,173,92.7625,22.7825,92.8233,92.7625,
100,32,524288,2048,hyprefill,512/512/512,graph,174,92.1190,22.7825,92.1704,92.1190,
100,32,524288,2048,hyprefill,512/512/512,graph,175,93.0380,22.7825,93.0894,93.0380,
100,32,524288,2048,hyprefill,512/512/512,graph,176,92.3537,22.7825,92.4061,92.3537,
100,32,524288,2048,hyprefill,512/512/512,graph,177,91.7101,22.7825,91.7601,91.7101,
100,32,524288,2048,hyprefill,512/512/512,graph,178,92.1040,22.7825,92.1716,92.1040,
100,32,524288,2048,hyprefill,512/512/512,graph,179,93.0509,22.7825,93.1001,93.0509,
100,32,524288,2048,hyprefill,512/512/512,graph,180,93.6862,22.7825,93.7381,93.6862,
100,32,524288,2048,hyprefill,512/512/512,graph,181,94.3442,22.7825,94.3981,94.3442,
100,32,524288,2048,hyprefill,512/512/512,graph,182,93.3004,23.0571,93.3517,93.3004,
100,32,524288,2048,hyprefill,512/512/512,graph,183,93.7281,22.7825,93.7794,93.7281,
100,32,524288,2048,hyprefill,512/512/512,graph,184,93.4864,23.0571,93.5430,93.4864,
100,32,524288,2048,hyprefill,512/512/512,graph,185,93.7893,22.7825,93.8433,93.7893,
100,32,524288,2048,hyprefill,512/512/512,graph,186,92.7268,23.0571,92.7763,92.7268,
100,32,524288,2048,hyprefill,512/512/512,graph,187,93.3483,22.7825,93.3969,93.3483,
100,32,524288,2048,hyprefill,512/512/512,graph,188,93.4681,22.7825,93.5276,93.4681,
100,32,524288,2048,hyprefill,512/512/512,graph,189,93.5428,22.7825,93.6033,93.5428,
100,32,524288,2048,hyprefill,512/512/512,graph,190,92.8501,22.7825,92.9005,92.8501,
100,32,524288,2048,hyprefill,512/512/512,graph,191,92.8664,22.7825,92.9207,92.8664,
100,32,524288,2048,hyprefill,512/512/512,graph,192,93.1909,22.7825,93.2423,93.1909,
100,32,524288,2048,hyprefill,512/512/512,graph,193,92.2977,22.7825,92.3488,92.2977,
100,32,524288,2048,hyprefill,512/512/512,graph,194,91.4308,22.7825,91.4817,91.4308,
100,32,524288,2048,hyprefill,512/512/512,graph,195,92.8003,22.7825,92.8486,92.8003,
100,32,524288,2048,hyprefill,512/512/512,graph,196,91.4746,22.7825,91.5238,91.4746,
100,32,524288,2048,hyprefill,512/512/512,graph,197,94.0949,22.7825,94.1417,94.0949,
100,32,524288,2048,hyprefill,512/512/512,graph,198,91.9319,22.7825,91.9818,91.9319,
100,32,524288,2048,hyprefill,512/512/512,graph,199,92.1151,23.0571,92.1626,92.1151,
100,32,524288,2048,hyprefill,1536/1536/1536,graph,0,85.7170,16.2124,85.7721,85.7170,
100,32,524288,2048,hyprefill,1536/1536/1536,graph,1,85.8593,16.2124,85.9128,85.8593,
100,32,524288,2048,hyprefill,1536/1536/1536,graph,2,85.8325,16.4869,85.8839,85.8325,
100,32,524288,2048,hyprefill,1536/1536/1536,graph,3,85.2779,16.4869,85.3254,85.2779,
100,32,524288,2048,hyprefill,1536/1536/1536,graph,4,85.1842,16.7615,85.2372,85.1842,
100,32,524288,2048,hyprefill,1536/1536/1536,graph,5,86.2744,16.7615,86.3291,86.2744,
100,32,524288,2048,hyprefill,1536/1536/1536,graph,6,87.6246,16.7615,87.6765,87.6246,
100,32,524288,2048,hyprefill,1536/1536/1536,graph,7,86.7178,16.7615,86.7653,86.7178,
100,32,524288,2048,hyprefill,1536/1536/1536,graph,8,86.6528,16.7615,86.7026,86.6528,
100,32,524288,2048,hyprefill,1536/1536/1536,graph,9,87.2399,16.7615,87.2929,87.2399,
100,32,524288,2048,hyprefill,1536/1536/1536,graph,10,86.3362,16.7615,86.3916,86.3362,
100,32,524288,2048,hyprefill,1536/1536/1536,graph,11,87.5162,16.7615,87.5683,87.5162,
100,32,524288,2048,hyprefill,1536/1536/1536,graph,12,86.9667,16.7615,87.0134,86.9667,
100,32,524288,2048,hyprefill,1536/1536/1536,graph,13,86.0706,16.7615,86.1194,86.0706,
100,32,524288,2048,hyprefill,1536/1536/1536,graph,14,86.3436,16.7615,86.4020,86.3436,
100,32,524288,2048,hyprefill,1536/1536/1536,graph,15,87.9212,16.7615,87.9707,87.9212,
100,32,524288,2048,hyprefill,1536/1536/1536,graph,16,86.3483,16.7615,86.3938,86.3483,
100,32,524288,2048,hyprefill,1536/1536/1536,graph,17,87.0282,16.7615,87.0891,87.0282,
100,32,524288,2048,hyprefill,1536/1536/1536,graph,18,87.7378,16.7615,87.8129,87.7378,
100,32,524288,2048,hyprefill,1536/1536/1536,graph,19,87.0440,16.7615,87.0977,87.0440,
100,32,524288,2048,hyprefill,1536/1536/1536,graph,20,85.9902,16.7615,86.0385,85.9902,
100,32,524288,2048,hyprefill,1536/1536/1536,graph,21,88.0729,16.7615,88.1183,88.0729,
100,32,524288,2048,hyprefill,1536/1536/1536,graph,22,85.8599,16.7615,85.9111,85.8599,
100,32,524288,2048,hyprefill,1536/1536/1536,graph,23,87.1000,16.7615,87.1464,87.1000,
100,32,524288,2048,hyprefill,1536/1536/1536,graph,24,87.2094,16.7615,87.2584,87.2094,
100,32,524288,2048,hyprefill,1536/1536/1536,graph,25,88.4812,16.7615,88.5268,88.4812,
100,32,524288,2048,hyprefill,1536/1536/1536,graph,26,88.3042,16.7615,88.3781,88.3042,
100,32,524288,2048,hyprefill,1536/1536/1536,graph,27,87.6902,16.7615,87.7485,87.6902,
100,32,524288,2048,hyprefill,1536/1536/1536,graph,28,87.1499,16.7615,87.1967,87.1499,
100,32,524288,2048,hyprefill,1536/1536/1536,graph,29,88.6396,16.7615,88.6885,88.6396,
100,32,524288,2048,hyprefill,1536/1536/1536,graph,30,86.2046,16.7615,86.2532,86.2046,
100,32,524288,2048,hyprefill,1536/1536/1536,graph,31,88.1537,16.7615,88.2025,88.1537,
100,32,524288,2048,hyprefill,1536/1536/1536,graph,32,88.6825,16.7615,88.7321,88.6825,
100,32,524288,2048,hyprefill,1536/1536/1536,graph,33,86.5906,16.7615,86.6421,86.5906,
100,32,524288,2048,hyprefill,1536/1536/1536,graph,34,87.2065,16.7615,87.2562,87.2065,
100,32,524288,2048,hyprefill,1536/1536/1536,graph,35,85.9212,16.7615,85.9796,85.9212,
100,32,524288,2048,hyprefill,1536/1536/1536,graph,36,86.3565,16.7615,86.4260,86.3565,
100,32,524288,2048,hyprefill,1536/1536/1536,graph,37,88.2487,16.7615,88.3003,88.2487,
100,32,524288,2048,hyprefill,1536/1536/1536,graph,38,87.8615,16.7615,87.9103,87.8615,
100,32,524288,2048,hyprefill,1536/1536/1536,graph,39,87.6132,16.7615,87.6767,87.6132,
100,32,524288,2048,hyprefill,1536/1536/1536,graph,40,86.6164,16.7615,86.6731,86.6164,
100,32,524288,2048,hyprefill,1536/1536/1536,graph,41,87.9870,16.7615,88.0390,87.9870,
100,32,524288,2048,hyprefill,1536/1536/1536,graph,42,86.5566,16.7615,86.6017,86.5566,
100,32,524288,2048,hyprefill,1536/1536/1536,graph,43,86.8958,16.7615,86.9554,86.8958,
100,32,524288,2048,hyprefill,1536/1536/1536,graph,44,86.7995,16.7615,86.8537,86.7995,
100,32,524288,2048,hyprefill,1536/1536/1536,graph,45,87.8333,16.7615,87.8862,87.8333,
100,32,524288,2048,hyprefill,1536/1536/1536,graph,46,88.1474,16.7615,88.1968,88.1474,
100,32,524288,2048,hyprefill,1536/1536/1536,graph,47,88.0829,16.7615,88.1514,88.0829,
100,32,524288,2048,hyprefill,1536/1536/1536,graph,48,87.3187,16.7615,87.3872,87.3187,
100,32,524288,2048,hyprefill,1536/1536/1536,graph,49,89.3137,16.7615,89.3635,89.3137,
100,32,524288,2048,hyprefill,1536/1536/1536,graph,50,88.4483,16.7615,88.5020,88.4483,
100,32,524288,2048,hyprefill,1536/1536/1536,graph,51,86.8083,16.7615,86.8612,86.8083,
100,32,524288,2048,hyprefill,1536/1536/1536,graph,52,86.7536,16.7615,86.8058,86.7536,
100,32,524288,2048,hyprefill,1536/1536/1536,graph,53,88.6534,16.7615,88.7023,88.6534,
100,32,524288,2048,hyprefill,1536/1536/1536,graph,54,86.9342,16.7615,86.9894,86.9342,
100,32,524288,2048,hyprefill,1536/1536/1536,graph,55,86.8790,16.7615,86.9387,86.8790,
100,32,524288,2048,hyprefill,1536/1536/1536,graph,56,87.5977,16.7615,87.6519,87.5977,
100,32,524288,2048,hyprefill,1536/1536/1536,graph,57,86.2899,16.7615,86.3388,86.2899,
100,32,524288,2048,hyprefill,1536/1536/1536,graph,58,85.9989,16.7615,86.0535,85.9989,
100,32,524288,2048,hyprefill,1536/1536/1536,graph,59,86.1468,16.7615,86.2155,86.1468,
100,32,524288,2048,hyprefill,1536/1536/1536,graph,60,86.1191,16.7615,86.1720,86.1191,
100,32,524288,2048,hyprefill,1536/1536/1536,graph,61,88.7177,16.7615,88.7648,88.7177,
100,32,524288,2048,hyprefill,1536/1536/1536,graph,62,87.4490,16.7615,87.5176,87.4490,
100,32,524288,2048,hyprefill,1536/1536/1536,graph,63,85.3507,16.7615,85.4043,85.3507,
100,32,524288,2048,hyprefill,1536/1536/1536,graph,64,87.5876,16.7615,87.6354,87.5876,
100,32,524288,2048,hyprefill,1536/1536/1536,graph,65,88.2468,16.7615,88.2940,88.2468,
100,32,524288,2048,hyprefill,1536/1536/1536,graph,66,88.1296,16.7615,88.1746,88.1296,
100,32,524288,2048,hyprefill,1536/1536/1536,graph,67,87.2899,16.7615,87.3512,87.2899,
100,32,524288,2048,hyprefill,1536/1536/1536,graph,68,87.8376,16.7615,87.8855,87.8376,
100,32,524288,2048,hyprefill,1536/1536/1536,graph,69,87.7473,16.7615,87.7967,87.7473,
100,32,524288,2048,hyprefill,1536/1536/1536,graph,70,87.9222,16.7615,87.9794,87.9222,
100,32,524288,2048,hyprefill,1536/1536/1536,graph,71,87.0079,16.7615,87.0779,87.0079,
100,32,524288,2048,hyprefill,1536/1536/1536,graph,72,87.4390,16.4869,87.4884,87.4390,
100,32,524288,2048,hyprefill,1536/1536/1536,graph,73,86.2898,16.4869,86.3357,86.2898,
100,32,524288,2048,hyprefill,1536/1536/1536,graph,74,86.7348,16.2124,86.7837,86.7348,
100,32,524288,2048,hyprefill,1536/1536/1536,graph,75,87.1082,16.2124,87.1625,87.1082,
100,32,524288,2048,hyprefill,1536/1536/1536,graph,76,85.9720,15.9378,86.0203,85.9720,
100,32,524288,2048,hyprefill,1536/1536/1536,graph,77,85.9256,15.9378,85.9769,85.9256,
100,32,524288,2048,hyprefill,1536/1536/1536,graph,78,85.1523,15.9378,85.1980,85.1523,
100,32,524288,2048,hyprefill,1536/1536/1536,graph,79,84.3221,15.9378,84.3738,84.3221,
100,32,524288,2048,hyprefill,1536/1536/1536,graph,80,84.8091,15.9378,84.8587,84.8091,
100,32,524288,2048,hyprefill,1536/1536/1536,graph,81,84.6381,15.9378,84.6873,84.6381,
100,32,524288,2048,hyprefill,1536/1536/1536,graph,82,85.9617,15.9378,86.0136,85.9617,
100,32,524288,2048,hyprefill,1536/1536/1536,graph,83,85.0902,15.9378,85.1505,85.0902,
100,32,524288,2048,hyprefill,1536/1536/1536,graph,84,84.4584,15.9378,84.5188,84.4584,
100,32,524288,2048,hyprefill,1536/1536/1536,graph,85,85.5498,15.9378,85.6041,85.5498,
100,32,524288,2048,hyprefill,1536/1536/1536,graph,86,84.4494,15.9378,84.5003,84.4494,
100,32,524288,2048,hyprefill,1536/1536/1536,graph,87,85.1747,15.9378,85.2280,85.1747,
100,32,524288,2048,hyprefill,1536/1536/1536,graph,88,85.1570,15.9378,85.2105,85.1570,
100,32,524288,2048,hyprefill,1536/1536/1536,graph,89,84.8321,15.9378,84.8828,84.8321,
100,32,524288,2048,hyprefill,1536/1536/1536,graph,90,85.7154,15.9378,85.7689,85.7154,
100,32,524288,2048,hyprefill,1536/1536/1536,graph,91,85.3712,15.9378,85.4223,85.3712,
100,32,524288,2048,hyprefill,1536/1536/1536,graph,92,85.3401,15.9378,85.3864,85.3401,
100,32,524288,2048,hyprefill,1536/1536/1536,graph,93,85.0945,15.9378,85.1429,85.0945,
100,32,524288,2048,hyprefill,1536/1536/1536,graph,94,84.6468,15.9378,84.6932,84.6468,
100,32,524288,2048,hyprefill,1536/1536/1536,graph,95,85.2293,15.9378,85.2784,85.2293,
100,32,524288,2048,hyprefill,1536/1536/1536,graph,96,86.6859,16.2124,86.7326,86.6859,
100,32,524288,2048,hyprefill,1536/1536/1536,graph,97,87.4212,16.2124,87.4698,87.4212,
100,32,524288,2048,hyprefill,1536/1536/1536,graph,98,84.8397,16.4869,84.8895,84.8397,
100,32,524288,2048,hyprefill,1536/1536/1536,graph,99,87.5528,16.4869,87.6056,87.5528,
100,32,524288,2048,hyprefill,1536/1536/1536,graph,100,86.5132,16.7615,86.5630,86.5132,
100,32,524288,2048,hyprefill,1536/1536/1536,graph,101,87.8266,16.7615,87.8777,87.8266,
100,32,524288,2048,hyprefill,1536/1536/1536,graph,102,86.6496,16.7615,86.7011,86.6496,
100,32,524288,2048,hyprefill,1536/1536/1536,graph,103,86.9528,16.7615,87.0033,86.9528,
100,32,524288,2048,hyprefill,1536/1536/1536,graph,104,87.1430,16.7615,87.1944,87.1430,
100,32,524288,2048,hyprefill,1536/1536/1536,graph,105,86.3428,16.7615,86.3925,86.3428,
100,32,524288,2048,hyprefill,1536/1536/1536,graph,106,86.5508,16.7615,86.5971,86.5508,
100,32,524288,2048,hyprefill,1536/1536/1536,graph,107,86.8773,16.7615,86.9268,86.8773,
100,32,524288,2048,hyprefill,1536/1536/1536,graph,108,85.9547,16.7615,86.0053,85.9547,
100,32,524288,2048,hyprefill,1536/1536/1536,graph,109,87.7776,16.7615,87.8357,87.7776,
100,32,524288,2048,hyprefill,1536/1536/1536,graph,110,85.6344,16.7615,85.6858,85.6344,
100,32,524288,2048,hyprefill,1536/1536/1536,graph,111,87.7820,16.7615,87.8325,87.7820,
100,32,524288,2048,hyprefill,1536/1536/1536,graph,112,86.1544,16.7615,86.2050,86.1544,
100,32,524288,2048,hyprefill,1536/1536/1536,graph,113,86.2893,16.7615,86.3455,86.2893,
100,32,524288,2048,hyprefill,1536/1536/1536,graph,114,88.2540,16.7615,88.3062,88.2540,
100,32,524288,2048,hyprefill,1536/1536/1536,graph,115,86.9267,16.7615,86.9780,86.9267,
100,32,524288,2048,hyprefill,1536/1536/1536,graph,116,86.0281,16.7615,86.0848,86.0281,
100,32,524288,2048,hyprefill,1536/1536/1536,graph,117,85.9085,16.7615,85.9606,85.9085,
100,32,524288,2048,hyprefill,1536/1536/1536,graph,118,86.2349,16.7615,86.2877,86.2349,
100,32,524288,2048,hyprefill,1536/1536/1536,graph,119,87.7894,16.7615,87.8382,87.7894,
100,32,524288,2048,hyprefill,1536/1536/1536,graph,120,87.4114,16.7615,87.4573,87.4114,
100,32,524288,2048,hyprefill,1536/1536/1536,graph,121,86.0510,16.7615,86.0976,86.0510,
100,32,524288,2048,hyprefill,1536/1536/1536,graph,122,85.8739,16.7615,85.9222,85.8739,
100,32,524288,2048,hyprefill,1536/1536/1536,graph,123,86.0832,16.7615,86.1531,86.0832,
100,32,524288,2048,hyprefill,1536/1536/1536,graph,124,86.6223,16.7615,86.7080,86.6223,
100,32,524288,2048,hyprefill,1536/1536/1536,graph,125,88.9227,16.7615,88.9770,88.9227,
100,32,524288,2048,hyprefill,1536/1536/1536,graph,126,88.5411,16.7615,88.5897,88.5411,
100,32,524288,2048,hyprefill,1536/1536/1536,graph,127,88.2614,16.7615,88.3089,88.2614,
100,32,524288,2048,hyprefill,1536/1536/1536,graph,128,87.8997,16.7615,87.9534,87.8997,
100,32,524288,2048,hyprefill,1536/1536/1536,graph,129,88.1588,16.7615,88.2119,88.1588,
100,32,524288,2048,hyprefill,1536/1536/1536,graph,130,87.7903,16.7615,87.8438,87.7903,
100,32,524288,2048,hyprefill,1536/1536/1536,graph,131,86.9243,16.7615,86.9777,86.9243,
100,32,524288,2048,hyprefill,1536/1536/1536,graph,132,86.6287,16.7615,86.7089,86.6287,
100,32,524288,2048,hyprefill,1536/1536/1536,graph,133,87.0188,16.7615,87.0707,87.0188,
100,32,524288,2048,hyprefill,1536/1536/1536,graph,134,87.1888,16.7615,87.2354,87.1888,
100,32,524288,2048,hyprefill,1536/1536/1536,graph,135,86.9548,16.7615,87.0138,86.9548,
100,32,524288,2048,hyprefill,1536/1536/1536,graph,136,86.1695,16.7615,86.2309,86.1695,
100,32,524288,2048,hyprefill,1536/1536/1536,graph,137,86.9232,16.7615,86.9728,86.9232,
100,32,524288,2048,hyprefill,1536/1536/1536,graph,138,87.0379,16.7615,87.0877,87.0379,
100,32,524288,2048,hyprefill,1536/1536/1536,graph,139,86.4382,16.7615,86.5004,86.4382,
100,32,524288,2048,hyprefill,1536/1536/1536,graph,140,89.3932,16.7615,89.4668,89.3932,
100,32,524288,2048,hyprefill,1536/1536/1536,graph,141,88.7689,16.7615,88.8240,88.7689,
100,32,524288,2048,hyprefill,1536/1536/1536,graph,142,86.6188,16.7615,86.6673,86.6188,
100,32,524288,2048,hyprefill,1536/1536/1536,graph,143,86.3777,16.7615,86.4302,86.3777,
100,32,524288,2048,hyprefill,1536/1536/1536,graph,144,87.9266,16.7615,87.9836,87.9266,
100,32,524288,2048,hyprefill,1536/1536/1536,graph,145,87.3399,16.7615,87.3944,87.3399,
100,32,524288,2048,hyprefill,1536/1536/1536,graph,146,86.6091,16.7615,86.6564,86.6091,
100,32,524288,2048,hyprefill,1536/1536/1536,graph,147,86.5570,16.7615,86.6104,86.5570,
100,32,524288,2048,hyprefill,1536/1536/1536,graph,148,87.6349,16.7615,87.6845,87.6349,
100,32,524288,2048,hyprefill,1536/1536/1536,graph,149,89.2518,16.7615,89.2998,89.2518,
100,32,524288,2048,hyprefill,1536/1536/1536,graph,150,87.7499,16.7615,87.8047,87.7499,
100,32,524288,2048,hyprefill,1536/1536/1536,graph,151,89.1084,16.7615,89.1541,89.1084,
100,32,524288,2048,hyprefill,1536/1536/1536,graph,152,88.2137,16.7615,88.2701,88.2137,
100,32,524288,2048,hyprefill,1536/1536/1536,graph,153,85.7731,16.7615,85.8281,85.7731,
100,32,524288,2048,hyprefill,1536/1536/1536,graph,154,86.5170,16.7615,86.5662,86.5170,
100,32,524288,2048,hyprefill,1536/1536/1536,graph,155,88.8980,16.7615,88.9542,88.8980,
100,32,524288,2048,hyprefill,1536/1536/1536,graph,156,86.7571,16.7615,86.8063,86.7571,
100,32,524288,2048,hyprefill,1536/1536/1536,graph,157,88.1556,16.7615,88.2125,88.1556,
100,32,524288,2048,hyprefill,1536/1536/1536,graph,158,88.7307,16.7615,88.7868,88.7307,
100,32,524288,2048,hyprefill,1536/1536/1536,graph,159,86.7881,16.7615,86.8462,86.7881,
100,32,524288,2048,hyprefill,1536/1536/1536,graph,160,85.3850,16.7615,85.4358,85.3850,
100,32,524288,2048,hyprefill,1536/1536/1536,graph,161,86.7901,16.7615,86.8370,86.7901,
100,32,524288,2048,hyprefill,1536/1536/1536,graph,162,86.1764,16.7615,86.2291,86.1764,
100,32,524288,2048,hyprefill,1536/1536/1536,graph,163,86.5195,16.7615,86.5888,86.5195,
100,32,524288,2048,hyprefill,1536/1536/1536,graph,164,87.1889,16.7615,87.2486,87.1889,
100,32,524288,2048,hyprefill,1536/1536/1536,graph,165,86.3555,16.7615,86.4031,86.3555,
100,32,524288,2048,hyprefill,1536/1536/1536,graph,166,86.2133,16.7615,86.2591,86.2133,
100,32,524288,2048,hyprefill,1536/1536/1536,graph,167,87.5767,16.7615,87.6326,87.5767,
100,32,524288,2048,hyprefill,1536/1536/1536,graph,168,87.3804,16.4869,87.4323,87.3804,
100,32,524288,2048,hyprefill,1536/1536/1536,graph,169,86.8382,16.4869,86.9002,86.8382,
100,32,524288,2048,hyprefill,1536/1536/1536,graph,170,86.3604,16.2124,86.4115,86.3604,
100,32,524288,2048,hyprefill,1536/1536/1536,graph,171,86.1837,16.2124,86.2308,86.1837,
100,32,524288,2048,hyprefill,1536/1536/1536,graph,172,86.0906,15.9378,86.1389,86.0906,
100,32,524288,2048,hyprefill,1536/1536/1536,graph,173,86.1159,15.9378,86.1696,86.1159,
100,32,524288,2048,hyprefill,1536/1536/1536,graph,174,85.3728,15.9378,85.4205,85.3728,
100,32,524288,2048,hyprefill,1536/1536/1536,graph,175,85.1756,15.9378,85.2341,85.1756,
100,32,524288,2048,hyprefill,1536/1536/1536,graph,176,84.7007,15.9378,84.7548,84.7007,
100,32,524288,2048,hyprefill,1536/1536/1536,graph,177,85.5054,15.9378,85.5512,85.5054,
100,32,524288,2048,hyprefill,1536/1536/1536,graph,178,85.6232,15.9378,85.6761,85.6232,
100,32,524288,2048,hyprefill,1536/1536/1536,graph,179,84.5312,15.9378,84.5835,84.5312,
100,32,524288,2048,hyprefill,1536/1536/1536,graph,180,86.0163,15.9378,86.0648,86.0163,
100,32,524288,2048,hyprefill,1536/1536/1536,graph,181,85.1180,15.9378,85.1736,85.1180,
100,32,524288,2048,hyprefill,1536/1536/1536,graph,182,85.4338,15.9378,85.4832,85.4338,
100,32,524288,2048,hyprefill,1536/1536/1536,graph,183,84.5853,15.9378,84.6317,84.5853,
100,32,524288,2048,hyprefill,1536/1536/1536,graph,184,85.1977,15.9378,85.2505,85.1977,
100,32,524288,2048,hyprefill,1536/1536/1536,graph,185,84.7132,15.9378,84.7660,84.7132,
100,32,524288,2048,hyprefill,1536/1536/1536,graph,186,85.7235,15.9378,85.7966,85.7235,
100,32,524288,2048,hyprefill,1536/1536/1536,graph,187,85.4572,15.9378,85.5115,85.4572,
100,32,524288,2048,hyprefill,1536/1536/1536,graph,188,84.8988,15.9378,84.9530,84.8988,
100,32,524288,2048,hyprefill,1536/1536/1536,graph,189,85.9435,15.9378,85.9949,85.9435,
100,32,524288,2048,hyprefill,1536/1536/1536,graph,190,84.2400,15.9378,84.2894,84.2400,
100,32,524288,2048,hyprefill,1536/1536/1536,graph,191,85.6602,15.9378,85.7134,85.6602,
100,32,524288,2048,hyprefill,1536/1536/1536,graph,192,84.4443,16.2124,84.4937,84.4443,
100,32,524288,2048,hyprefill,1536/1536/1536,graph,193,85.0010,16.2124,85.0477,85.0010,
100,32,524288,2048,hyprefill,1536/1536/1536,graph,194,85.1441,16.4869,85.2086,85.1441,
100,32,524288,2048,hyprefill,1536/1536/1536,graph,195,86.4889,16.4869,86.5495,86.4889,
100,32,524288,2048,hyprefill,1536/1536/1536,graph,196,86.1718,16.7615,86.2294,86.1718,
100,32,524288,2048,hyprefill,1536/1536/1536,graph,197,88.0422,16.7615,88.0969,88.0422,
100,32,524288,2048,hyprefill,1536/1536/1536,graph,198,86.1476,16.7615,86.2038,86.1476,
100,32,524288,2048,hyprefill,1536/1536/1536,graph,199,86.8461,16.7615,86.9057,86.8461,
100,32,524288,2048,hyprefill,768/768/768,graph,0,83.4503,17.8917,83.5057,83.4503,
100,32,524288,2048,hyprefill,768/768/768,graph,1,90.4602,17.9235,90.5088,90.4602,
100,32,524288,2048,hyprefill,768/768/768,graph,2,89.6580,17.9235,89.7119,89.6580,
100,32,524288,2048,hyprefill,768/768/768,graph,3,95.8999,17.4062,95.9635,95.8999,
100,32,524288,2048,hyprefill,768/768/768,graph,4,96.4464,16.0332,96.5016,96.4464,
100,32,524288,2048,hyprefill,768/768/768,graph,5,82.0847,18.7155,82.1357,82.0847,
100,32,524288,2048,hyprefill,768/768/768,graph,6,89.2429,17.0998,89.2922,89.2429,
100,32,524288,2048,hyprefill,768/768/768,graph,7,88.8484,18.1981,88.9102,88.8484,
100,32,524288,2048,hyprefill,768/768/768,graph,8,73.8860,17.5853,73.9417,73.8860,
100,32,524288,2048,hyprefill,768/768/768,graph,9,96.6379,17.6808,96.6897,96.6379,
100,32,524288,2048,hyprefill,768/768/768,graph,10,82.1052,17.3425,82.1554,82.1052,
100,32,524288,2048,hyprefill,768/768/768,graph,11,96.8818,17.1316,96.9324,96.8818,
100,32,524288,2048,hyprefill,768/768/768,graph,12,95.8499,17.1316,95.8979,95.8499,
100,32,524288,2048,hyprefill,768/768/768,graph,13,81.3269,17.8917,81.3789,81.3269,
100,32,524288,2048,hyprefill,768/768/768,graph,14,88.5702,17.3744,88.6279,88.5702,
100,32,524288,2048,hyprefill,768/768/768,graph,15,89.3482,18.1981,89.4262,89.3482,
100,32,524288,2048,hyprefill,768/768/768,graph,16,81.9898,17.6171,82.0400,81.9898,
100,32,524288,2048,hyprefill,768/768/768,graph,17,95.6447,17.6808,95.6938,95.6447,
100,32,524288,2048,hyprefill,768/768/768,graph,18,81.8416,17.6171,81.8977,81.8416,
100,32,524288,2048,hyprefill,768/768/768,graph,19,90.1624,18.1981,90.2157,90.1624,
100,32,524288,2048,hyprefill,768/768/768,graph,20,96.9259,16.5824,96.9762,96.9259,
100,32,524288,2048,hyprefill,768/768/768,graph,21,88.8552,18.1981,88.9050,88.8552,
100,32,524288,2048,hyprefill,768/768/768,graph,22,89.4088,17.9235,89.4648,89.4088,
100,32,524288,2048,hyprefill,768/768/768,graph,23,89.4139,18.4727,89.4652,89.4139,
100,32,524288,2048,hyprefill,768/768/768,graph,24,82.4315,18.4409,82.4785,82.4315,
100,32,524288,2048,hyprefill,768/768/768,graph,25,96.3399,17.4062,96.3867,96.3399,
100,32,524288,2048,hyprefill,768/768/768,graph,26,90.5559,17.9235,90.6140,90.5559,
100,32,524288,2048,hyprefill,768/768/768,graph,27,91.3260,18.4727,91.3778,91.3260,
100,32,524288,2048,hyprefill,768/768/768,graph,28,95.7814,16.5824,95.8342,95.7814,
100,32,524288,2048,hyprefill,768/768/768,graph,29,91.1859,17.9235,91.2333,91.1859,
100,32,524288,2048,hyprefill,768/768/768,graph,30,95.7730,17.9554,95.8256,95.7730,
100,32,524288,2048,hyprefill,768/768/768,graph,31,89.7595,18.1981,89.8079,89.7595,
100,32,524288,2048,hyprefill,768/768/768,graph,32,89.3219,18.7473,89.3765,89.3219,
100,32,524288,2048,hyprefill,768/768/768,graph,33,89.3227,17.9235,89.3742,89.3227,
100,32,524288,2048,hyprefill,768/768/768,graph,34,89.7409,19.0219,89.7907,89.7409,
100,32,524288,2048,hyprefill,768/768/768,graph,35,89.7295,18.1981,89.7799,89.7295,
100,32,524288,2048,hyprefill,768/768/768,graph,36,95.6193,17.6808,95.6821,95.6193,
100,32,524288,2048,hyprefill,768/768/768,graph,37,89.9939,17.9235,90.0463,89.9939,
100,32,524288,2048,hyprefill,768/768/768,graph,38,95.1915,17.9554,95.2458,95.1915,
100,32,524288,2048,hyprefill,768/768/768,graph,39,82.7445,18.4409,82.8080,82.7445,
100,32,524288,2048,hyprefill,768/768/768,graph,40,96.5080,18.5046,96.5640,96.5080,
100,32,524288,2048,hyprefill,768/768/768,graph,41,96.5186,16.8570,96.5760,96.5186,
100,32,524288,2048,hyprefill,768/768/768,graph,42,89.7956,19.2965,89.8467,89.7956,
100,32,524288,2048,hyprefill,768/768/768,graph,43,90.9814,17.9235,91.0716,90.9814,
100,32,524288,2048,hyprefill,768/768/768,graph,44,96.1279,18.2300,96.1850,96.1279,
100,32,524288,2048,hyprefill,768/768/768,graph,45,90.0038,17.6490,90.0662,90.0038,
100,32,524288,2048,hyprefill,768/768/768,graph,46,94.5810,17.6808,94.6279,94.5810,
100,32,524288,2048,hyprefill,768/768/768,graph,47,76.1875,18.9583,76.2419,76.1875,
100,32,524288,2048,hyprefill,768/768/768,graph,48,95.8076,17.6808,95.8614,95.8076,
100,32,524288,2048,hyprefill,768/768/768,graph,49,95.5504,16.5824,95.6068,95.5504,
100,32,524288,2048,hyprefill,768/768/768,graph,50,90.8784,18.4727,90.9370,90.8784,
100,32,524288,2048,hyprefill,768/768/768,graph,51,90.8484,19.0219,90.9005,90.8484,
100,32,524288,2048,hyprefill,768/768/768,graph,52,91.0985,18.4727,91.1469,91.0985,
100,32,524288,2048,hyprefill,768/768/768,graph,53,96.2162,16.8570,96.2671,96.2162,
100,32,524288,2048,hyprefill,768/768/768,graph,54,90.4844,19.2965,90.5325,90.4844,
100,32,524288,2048,hyprefill,768/768/768,graph,55,75.4031,18.9583,75.4517,75.4031,
100,32,524288,2048,hyprefill,768/768/768,graph,56,95.7959,17.9554,95.8552,95.7959,
100,32,524288,2048,hyprefill,768/768/768,graph,57,96.0959,17.1316,96.1579,96.0959,
100,32,524288,2048,hyprefill,768/768/768,graph,58,90.9510,18.7473,91.0022,90.9510,
100,32,524288,2048,hyprefill,768/768/768,graph,59,90.4001,18.4727,90.4516,90.4001,
100,32,524288,2048,hyprefill,768/768/768,graph,60,89.7831,18.7473,89.8469,89.7831,
100,32,524288,2048,hyprefill,768/768/768,graph,61,95.9477,16.5824,96.0059,95.9477,
100,32,524288,2048,hyprefill,768/768/768,graph,62,91.1626,19.0219,91.2119,91.1626,
100,32,524288,2048,hyprefill,768/768/768,graph,63,82.9341,18.1663,82.9896,82.9341,
100,32,524288,2048,hyprefill,768/768/768,graph,64,89.5377,19.0219,89.5993,89.5377,
100,32,524288,2048,hyprefill,768/768/768,graph,65,97.1246,17.1316,97.1838,97.1246,
100,32,524288,2048,hyprefill,768/768/768,graph,66,95.8200,17.9554,95.8737,95.8200,
100,32,524288,2048,hyprefill,768/768/768,graph,67,91.2578,18.1981,91.3213,91.2578,
100,32,524288,2048,hyprefill,768/768/768,graph,68,89.9856,18.7473,90.0380,89.9856,
100,32,524288,2048,hyprefill,768/768/768,graph,69,89.8978,18.1981,89.9552,89.8978,
100,32,524288,2048,hyprefill,768/768/768,graph,70,90.7049,18.7473,90.7882,90.7049,
100,32,524288,2048,hyprefill,768/768/768,graph,71,90.7284,18.4727,90.7809,90.7284,
100,32,524288,2048,hyprefill,768/768/768,graph,72,90.4868,18.4727,90.5407,90.4868,
100,32,524288,2048,hyprefill,768/768/768,graph,73,90.0631,18.1981,90.1234,90.0631,
100,32,524288,2048,hyprefill,768/768/768,graph,74,96.1264,17.6808,96.1785,96.1264,
100,32,524288,2048,hyprefill,768/768/768,graph,75,90.1155,18.1981,90.1631,90.1155,
100,32,524288,2048,hyprefill,768/768/768,graph,76,96.4657,17.9554,96.5130,96.4657,
100,32,524288,2048,hyprefill,768/768/768,graph,77,91.9576,17.6490,92.0129,91.9576,
100,32,524288,2048,hyprefill,768/768/768,graph,78,90.1697,19.2965,90.2262,90.1697,
100,32,524288,2048,hyprefill,768/768/768,graph,79,90.8875,18.1981,90.9448,90.8875,
100,32,524288,2048,hyprefill,768/768/768,graph,80,95.6575,17.9554,95.7174,95.6575,
100,32,524288,2048,hyprefill,768/768/768,graph,81,90.7661,18.1981,90.8187,90.7661,
100,32,524288,2048,hyprefill,768/768/768,graph,82,95.1934,17.1316,95.2508,95.1934,
100,32,524288,2048,hyprefill,768/768/768,graph,83,89.5540,18.7473,89.6113,89.5540,
100,32,524288,2048,hyprefill,768/768/768,graph,84,91.6561,18.1981,91.7099,91.6561,
100,32,524288,2048,hyprefill,768/768/768,graph,85,90.6359,18.1981,90.6917,90.6359,
100,32,524288,2048,hyprefill,768/768/768,graph,86,89.8839,18.1981,89.9386,89.8839,
100,32,524288,2048,hyprefill,768/768/768,graph,87,89.8916,18.1981,89.9478,89.8916,
100,32,524288,2048,hyprefill,768/768/768,graph,88,89.4070,18.1981,89.4668,89.4070,
100,32,524288,2048,hyprefill,768/768/768,graph,89,89.4616,17.9235,89.5177,89.4616,
100,32,524288,2048,hyprefill,768/768/768,graph,90,97.7641,17.4062,97.8159,97.7641,
100,32,524288,2048,hyprefill,768/768/768,graph,91,89.4260,17.9235,89.4796,89.4260,
100,32,524288,2048,hyprefill,768/768/768,graph,92,89.7256,18.7473,89.7812,89.7256,
100,32,524288,2048,hyprefill,768/768/768,graph,93,90.7397,18.1981,90.7902,90.7397,
100,32,524288,2048,hyprefill,768/768/768,graph,94,90.6927,18.4727,90.7420,90.6927,
100,32,524288,2048,hyprefill,768/768/768,graph,95,90.4046,17.9235,90.4535,90.4046,
100,32,524288,2048,hyprefill,768/768/768,graph,96,95.7999,17.6808,95.8501,95.7999,
100,32,524288,2048,hyprefill,768/768/768,graph,97,89.8956,17.9235,89.9528,89.8956,
100,32,524288,2048,hyprefill,768/768/768,graph,98,96.2660,17.1316,96.3157,96.2660,
100,32,524288,2048,hyprefill,768/768/768,graph,99,89.6242,17.9235,89.6749,89.6242,
100,32,524288,2048,hyprefill,768/768/768,graph,100,89.2279,18.1981,89.2858,89.2279,
100,32,524288,2048,hyprefill,768/768/768,graph,101,89.5287,18.1981,89.5854,89.5287,
100,32,524288,2048,hyprefill,768/768/768,graph,102,89.9306,18.4727,89.9824,89.9306,
100,32,524288,2048,hyprefill,768/768/768,graph,103,90.2795,17.9235,90.3287,90.2795,
100,32,524288,2048,hyprefill,768/768/768,graph,104,96.4212,17.4062,96.4711,96.4212,
100,32,524288,2048,hyprefill,768/768/768,graph,105,90.2401,17.9235,90.2976,90.2401,
100,32,524288,2048,hyprefill,768/768/768,graph,106,90.9052,18.1981,90.9571,90.9052,
100,32,524288,2048,hyprefill,768/768/768,graph,107,97.9823,17.4062,98.0289,97.9823,
100,32,524288,2048,hyprefill,768/768/768,graph,108,95.1136,17.1316,95.1598,95.1136,
100,32,524288,2048,hyprefill,768/768/768,graph,109,89.8744,17.9235,89.9230,89.8744,
100,32,524288,2048,hyprefill,768/768/768,graph,110,89.9436,18.1981,89.9981,89.9436,
100,32,524288,2048,hyprefill,768/768/768,graph,111,89.8620,18.4727,89.9313,89.8620,
100,32,524288,2048,hyprefill,768/768/768,graph,112,89.9745,17.9235,90.0245,89.9745,
100,32,524288,2048,hyprefill,768/768/768,graph,113,90.9527,18.4727,91.0035,90.9527,
100,32,524288,2048,hyprefill,768/768/768,graph,114,89.6068,17.9235,89.6564,89.6068,
100,32,524288,2048,hyprefill,768/768/768,graph,115,95.3139,17.1316,95.3792,95.3139,
100,32,524288,2048,hyprefill,768/768/768,graph,116,89.4847,17.3744,89.5366,89.4847,
100,32,524288,2048,hyprefill,768/768/768,graph,117,95.8281,17.4062,95.8782,95.8281,
100,32,524288,2048,hyprefill,768/768/768,graph,118,82.4653,17.8917,82.5218,82.4653,
100,32,524288,2048,hyprefill,768/768/768,graph,119,89.6052,18.4727,89.6572,89.6052,
100,32,524288,2048,hyprefill,768/768/768,graph,120,89.3908,17.3744,89.4504,89.3908,
100,32,524288,2048,hyprefill,768/768/768,graph,121,89.4004,18.7473,89.4589,89.4004,
100,32,524288,2048,hyprefill,768/768/768,graph,122,91.7546,17.3744,91.8081,91.7546,
100,32,524288,2048,hyprefill,768/768/768,graph,123,95.3387,17.6808,95.3945,95.3387,
100,32,524288,2048,hyprefill,768/768/768,graph,124,90.1578,17.3744,90.2136,90.1578,
100,32,524288,2048,hyprefill,768/768/768,graph,125,95.2488,17.6808,95.3065,95.2488,
100,32,524288,2048,hyprefill,768/768/768,graph,126,82.6869,18.1663,82.7407,82.6869,
100,32,524288,2048,hyprefill,768/768/768,graph,127,89.8954,18.4727,89.9490,89.8954,
100,32,524288,2048,hyprefill,768/768/768,graph,128,89.0834,18.1981,89.1421,89.0834,
100,32,524288,2048,hyprefill,768/768/768,graph,129,89.6122,18.7473,89.6638,89.6122,
100,32,524288,2048,hyprefill,768/768/768,graph,130,90.1361,18.1981,90.1897,90.1361,
100,32,524288,2048,hyprefill,768/768/768,graph,131,96.2443,17.4062,96.2942,96.2443,
100,32,524288,2048,hyprefill,768/768/768,graph,132,89.6615,17.9235,89.7116,89.6615,
100,32,524288,2048,hyprefill,768/768/768,graph,133,95.6251,17.6808,95.6823,95.6251,
100,32,524288,2048,hyprefill,768/768/768,graph,134,89.7267,18.1981,89.7828,89.7267,
100,32,524288,2048,hyprefill,768/768/768,graph,135,90.7261,18.7473,90.7763,90.7261,
100,32,524288,2048,hyprefill,768/768/768,graph,136,89.6974,18.4727,89.7468,89.6974,
100,32,524288,2048,hyprefill,768/768/768,graph,137,89.7262,18.7473,89.7797,89.7262,
100,32,524288,2048,hyprefill,768/768/768,graph,138,90.0708,18.4727,90.1281,90.0708,
100,32,524288,2048,hyprefill,768/768/768,graph,139,90.9304,18.7473,90.9819,90.9304,
100,32,524288,2048,hyprefill,768/768/768,graph,140,90.4098,18.1981,90.4696,90.4098,
100,32,524288,2048,hyprefill,768/768/768,graph,141,96.1602,18.2300,96.2202,96.1602,
100,32,524288,2048,hyprefill,768/768/768,graph,142,89.7089,17.9235,89.7665,89.7089,
100,32,524288,2048,hyprefill,768/768/768,graph,143,90.5137,18.7473,90.5701,90.5137,
100,32,524288,2048,hyprefill,768/768/768,graph,144,90.1197,17.9235,90.1784,90.1197,
100,32,524288,2048,hyprefill,768/768/768,graph,145,96.0832,18.2300,96.1385,96.0832,
100,32,524288,2048,hyprefill,768/768/768,graph,146,89.7434,18.1981,89.7926,89.7434,
100,32,524288,2048,hyprefill,768/768/768,graph,147,89.7060,18.7473,89.7624,89.7060,
100,32,524288,2048,hyprefill,768/768/768,graph,148,89.4568,18.1981,89.5166,89.4568,
100,32,524288,2048,hyprefill,768/768/768,graph,149,96.8290,17.9554,96.8781,96.8290,
100,32,524288,2048,hyprefill,768/768/768,graph,150,96.4966,17.6808,96.5476,96.4966,
100,32,524288,2048,hyprefill,768/768/768,graph,151,91.0405,18.4727,91.0889,91.0405,
100,32,524288,2048,hyprefill,768/768/768,graph,152,90.1812,18.1981,90.2315,90.1812,
100,32,524288,2048,hyprefill,768/768/768,graph,153,96.7797,17.6808,96.8332,96.7797,
100,32,524288,2048,hyprefill,768/768/768,graph,154,89.8269,17.9235,89.8770,89.8269,
100,32,524288,2048,hyprefill,768/768/768,graph,155,89.5200,18.7473,89.5769,89.5200,
100,32,524288,2048,hyprefill,768/768/768,graph,156,92.2887,18.7473,92.3387,92.2887,
100,32,524288,2048,hyprefill,768/768/768,graph,157,96.7397,17.1316,96.7935,96.7397,
100,32,524288,2048,hyprefill,768/768/768,graph,158,90.5977,18.7473,90.6529,90.5977,
100,32,524288,2048,hyprefill,768/768/768,graph,159,90.2225,19.0219,90.2782,90.2225,
100,32,524288,2048,hyprefill,768/768/768,graph,160,96.3381,17.4062,96.3982,96.3381,
100,32,524288,2048,hyprefill,768/768/768,graph,161,91.2705,18.4727,91.3253,91.2705,
100,32,524288,2048,hyprefill,768/768/768,graph,162,89.7359,19.0219,89.7945,89.7359,
100,32,524288,2048,hyprefill,768/768/768,graph,163,91.5022,18.4727,91.5553,91.5022,
100,32,524288,2048,hyprefill,768/768/768,graph,164,90.7170,19.2965,90.7703,90.7170,
100,32,524288,2048,hyprefill,768/768/768,graph,165,95.9407,17.1316,95.9983,95.9407,
100,32,524288,2048,hyprefill,768/768/768,graph,166,90.2581,18.4727,90.3176,90.2581,
100,32,524288,2048,hyprefill,768/768/768,graph,167,90.4453,19.0219,90.4976,90.4453,
100,32,524288,2048,hyprefill,768/768/768,graph,168,97.5334,17.4062,97.5815,97.5334,
100,32,524288,2048,hyprefill,768/768/768,graph,169,90.9882,18.1981,91.0399,90.9882,
100,32,524288,2048,hyprefill,768/768/768,graph,170,89.8794,18.4727,89.9358,89.8794,
100,32,524288,2048,hyprefill,768/768/768,graph,171,89.2190,18.4727,89.2713,89.2190,
100,32,524288,2048,hyprefill,768/768/768,graph,172,98.6394,17.6808,98.6910,98.6394,
100,32,524288,2048,hyprefill,768/768/768,graph,173,95.9143,17.1316,95.9606,95.9143,
100,32,524288,2048,hyprefill,768/768/768,graph,174,91.3335,18.4727,91.3856,91.3335,
100,32,524288,2048,hyprefill,768/768/768,graph,175,91.1237,18.7473,91.1750,91.1237,
100,32,524288,2048,hyprefill,768/768/768,graph,176,97.3340,17.6808,97.3831,97.3340,
100,32,524288,2048,hyprefill,768/768/768,graph,177,89.7333,18.1981,89.7873,89.7333,
100,32,524288,2048,hyprefill,768/768/768,graph,178,89.9695,18.7473,90.0235,89.9695,
100,32,524288,2048,hyprefill,768/768/768,graph,179,90.4203,18.7473,90.4686,90.4203,
100,32,524288,2048,hyprefill,768/768/768,graph,180,90.6360,18.7473,90.6912,90.6360,
100,32,524288,2048,hyprefill,768/768/768,graph,181,95.4441,16.3078,95.5023,95.4441,
100,32,524288,2048,hyprefill,768/768/768,graph,182,89.3707,18.7473,89.4203,89.3707,
100,32,524288,2048,hyprefill,768/768/768,graph,183,90.3604,18.1981,90.4130,90.3604,
100,32,524288,2048,hyprefill,768/768/768,graph,184,97.0667,17.9554,97.1286,97.0667,
100,32,524288,2048,hyprefill,768/768/768,graph,185,90.4866,17.9235,90.5428,90.4866,
100,32,524288,2048,hyprefill,768/768/768,graph,186,90.0237,18.1981,90.0746,90.0237,
100,32,524288,2048,hyprefill,768/768/768,graph,187,89.7864,18.4727,89.8449,89.7864,
100,32,524288,2048,hyprefill,768/768/768,graph,188,90.4799,18.4727,90.5325,90.4799,
100,32,524288,2048,hyprefill,768/768/768,graph,189,96.0422,16.3078,96.0940,96.0422,
100,32,524288,2048,hyprefill,768/768/768,graph,190,97.2131,17.9554,97.2686,97.2131,
100,32,524288,2048,hyprefill,768/768/768,graph,191,82.2144,18.1663,82.2652,82.2144,
100,32,524288,2048,hyprefill,768/768/768,graph,192,95.2856,16.8570,95.3362,95.2856,
100,32,524288,2048,hyprefill,768/768/768,graph,193,90.4868,18.1981,90.5379,90.4868,
100,32,524288,2048,hyprefill,768/768/768,graph,194,95.8604,17.6808,95.9128,95.8604,
100,32,524288,2048,hyprefill,768/768/768,graph,195,83.0063,18.1663,83.0574,83.0063,
100,32,524288,2048,hyprefill,768/768/768,graph,196,83.0427,18.9901,83.0894,83.0427,
100,32,524288,2048,hyprefill,768/768/768,graph,197,96.1774,16.5824,96.2363,96.1774,
100,32,524288,2048,hyprefill,768/768/768,graph,198,95.9188,17.6808,95.9697,95.9188,
100,32,524288,2048,hyprefill,768/768/768,graph,199,89.9864,17.6490,90.0384,89.9864,
50,32,524288,8192,layered,256/256/256,graph,0,47.3812,15.3249,47.4313,47.3812,
50,32,524288,8192,layered,256/256/256,graph,1,47.4383,15.0503,47.4890,47.4383,
50,32,524288,8192,layered,256/256/256,graph,2,47.3750,14.7758,47.4250,47.3750,
50,32,524288,8192,layered,256/256/256,graph,3,47.1877,14.7758,47.2364,47.1877,
50,32,524288,8192,layered,256/256/256,graph,4,48.0310,14.5330,48.0835,48.0310,
50,32,524288,8192,layered,256/256/256,graph,5,47.4073,14.7758,47.4605,47.4073,
50,32,524288,8192,layered,256/256/256,graph,6,47.2389,15.0503,47.2865,47.2389,
50,32,524288,8192,layered,256/256/256,graph,7,47.0205,15.0503,47.0721,47.0205,
50,32,524288,8192,layered,256/256/256,graph,8,47.3113,15.3249,47.3632,47.3113,
50,32,524288,8192,layered,256/256/256,graph,9,47.5644,15.0503,47.6158,47.5644,
50,32,524288,8192,layered,256/256/256,graph,10,47.3484,15.3249,47.4032,47.3484,
50,32,524288,8192,layered,256/256/256,graph,11,47.3403,15.0503,47.3908,47.3403,
50,32,524288,8192,layered,256/256/256,graph,12,47.2592,14.7758,47.3111,47.2592,
50,32,524288,8192,layered,256/256/256,graph,13,47.0528,14.7758,47.0995,47.0528,
50,32,524288,8192,layered,256/256/256,graph,14,47.2694,15.0503,47.3204,47.2694,
50,32,524288,8192,layered,256/256/256,graph,15,47.7831,14.7758,47.8333,47.7831,
50,32,524288,8192,layered,256/256/256,graph,16,47.0892,15.0503,47.1365,47.0892,
50,32,524288,8192,layered,256/256/256,graph,17,47.3565,15.0503,47.4051,47.3565,
50,32,524288,8192,layered,256/256/256,graph,18,47.6868,15.0503,47.7326,47.6868,
50,32,524288,8192,layered,256/256/256,graph,19,46.9331,14.7758,46.9820,46.9331,
50,32,524288,8192,layered,256/256/256,graph,20,47.2508,14.7758,47.3075,47.2508,
50,32,524288,8192,layered,256/256/256,graph,21,46.8984,15.0503,46.9476,46.8984,
50,32,524288,8192,layered,256/256/256,graph,22,47.3059,14.7758,47.3539,47.3059,
50,32,524288,8192,layered,256/256/256,graph,23,46.7080,14.7758,46.7581,46.7080,
50,32,524288,8192,layered,256/256/256,graph,24,47.0134,15.0503,47.0694,47.0134,
50,32,524288,8192,layered,256/256/256,graph,25,47.1598,14.7758,47.2323,47.1598,
50,32,524288,8192,layered,256/256/256,graph,26,47.3693,15.0503,47.4212,47.3693,
50,32,524288,8192,layered,256/256/256,graph,27,46.9678,14.7758,47.0171,46.9678,
50,32,524288,8192,layered,256/256/256,graph,28,47.5009,15.0503,47.5478,47.5009,
50,32,524288,8192,layered,256/256/256,graph,29,46.9131,15.0503,46.9590,46.9131,
50,32,524288,8192,layered,256/256/256,graph,30,47.5483,15.0503,47.6028,47.5483,
50,32,524288,8192,layered,256/256/256,graph,31,47.2290,15.0503,47.2794,47.2290,
50,32,524288,8192,layered,256/256/256,graph,32,47.3942,14.7758,47.4416,47.3942,
50,32,524288,8192,layered,256/256/256,graph,33,47.3733,15.0503,47.4323,47.3733,
50,32,524288,8192,layered,256/256/256,graph,34,47.5646,14.7758,47.6156,47.5646,
50,32,524288,8192,layered,256/256/256,graph,35,47.3234,15.0503,47.3735,47.3234,
50,32,524288,8192,layered,256/256/256,graph,36,47.4211,14.7758,47.4720,47.4211,
50,32,524288,8192,layered,256/256/256,graph,37,48.2784,14.8076,48.3262,48.2784,
50,32,524288,8192,layered,256/256/256,graph,38,47.4336,14.5012,47.4913,47.4336,
50,32,524288,8192,layered,256/256/256,graph,39,47.4449,15.3249,47.5045,47.4449,
50,32,524288,8192,layered,256/256/256,graph,40,47.4582,15.0503,47.5114,47.4582,
50,32,524288,8192,layered,256/256/256,graph,41,47.5590,15.3249,47.6315,47.5590,
50,32,524288,8192,layered,256/256/256,graph,42,47.5113,15.0503,47.5587,47.5113,
50,32,524288,8192,layered,256/256/256,graph,43,47.5869,15.3249,47.6423,47.5869,
50,32,524288,8192,layered,256/256/256,graph,44,48.0651,15.0503,48.1261,48.0651,
50,32,524288,8192,layered,256/256/256,graph,45,47.3190,14.7758,47.3681,47.3190,
50,32,524288,8192,layered,256/256/256,graph,46,47.1472,14.7758,47.2038,47.1472,
50,32,524288,8192,layered,256/256/256,graph,47,47.0800,15.0503,47.1299,47.0800,
50,32,524288,8192,layered,256/256/256,graph,48,47.1093,14.7758,47.1626,47.1093,
50,32,524288,8192,layered,256/256/256,graph,49,47.1307,14.7758,47.1850,47.1307,
50,32,524288,8192,layered,256/256/256,graph,50,47.0467,14.7758,47.0968,47.0467,
50,32,524288,8192,layered,256/256/256,graph,51,46.9575,14.5012,47.0079,46.9575,
50,32,524288,8192,layered,256/256/256,graph,52,46.8560,14.7758,46.9255,46.8560,
50,32,524288,8192,layered,256/256/256,graph,53,47.2073,14.5012,47.2693,47.2073,
50,32,524288,8192,layered,256/256/256,graph,54,47.9540,14.5330,48.0054,47.9540,
50,32,524288,8192,layered,256/256/256,graph,55,47.1116,14.2266,47.1626,47.1116,
50,32,524288,8192,layered,256/256/256,graph,56,46.6995,15.3249,46.7505,46.6995,
50,32,524288,8192,layered,256/256/256,graph,57,47.6128,15.0503,47.6697,47.6128,
50,32,524288,8192,layered,256/256/256,graph,58,47.1558,15.3249,47.2126,47.1558,
50,32,524288,8192,layered,256/256/256,graph,59,47.5483,15.0503,47.6092,47.5483,
50,32,524288,8192,layered,256/256/256,graph,60,47.0390,15.0503,47.0914,47.0390,
50,32,524288,8192,layered,256/256/256,graph,61,47.6072,15.0503,47.6570,47.6072,
50,32,524288,8192,layered,256/256/256,graph,62,46.7876,14.5012,46.8416,46.7876,
50,32,524288,8192,layered,256/256/256,graph,63,47.4910,14.7758,47.5490,47.4910,
50,32,524288,8192,layered,256/256/256,graph,64,46.7831,14.7758,46.8329,46.7831,
50,32,524288,8192,layered,256/256/256,graph,65,47.2085,14.7758,47.2599,47.2085,
50,32,524288,8192,layered,256/256/256,graph,66,47.3683,15.0503,47.4171,47.3683,
50,32,524288,8192,layered,256/256/256,graph,67,47.4882,15.0503,47.5371,47.4882,
50,32,524288,8192,layered,256/256/256,graph,68,47.4127,15.0503,47.4604,47.4127,
50,32,524288,8192,layered,256/256/256,graph,69,47.4356,15.0503,47.4823,47.4356,
50,32,524288,8192,layered,256/256/256,graph,70,47.4537,14.7758,47.5007,47.4537,
50,32,524288,8192,layered,256/256/256,graph,71,48.5032,14.2584,48.5551,48.5032,
50,32,524288,8192,layered,256/256/256,graph,72,47.3517,14.5012,47.4047,47.3517,
50,32,524288,8192,layered,256/256/256,graph,73,47.3010,15.3249,47.3491,47.3010,
50,32,524288,8192,layered,256/256/256,graph,74,47.2252,14.5012,47.2806,47.2252,
50,32,524288,8192,layered,256/256/256,graph,75,46.9089,15.3249,46.9581,46.9089,
50,32,524288,8192,layered,256/256/256,graph,76,47.4168,14.7758,47.4728,47.4168,
50,32,524288,8192,layered,256/256/256,graph,77,46.8961,15.0503,46.9510,46.8961,
50,32,524288,8192,layered,256/256/256,graph,78,48.0693,15.0503,48.1214,48.0693,
50,32,524288,8192,layered,256/256/256,graph,79,47.1708,14.7758,47.2199,47.1708,
50,32,524288,8192,layered,256/256/256,graph,80,48.1068,14.5330,48.1543,48.1068,
50,32,524288,8192,layered,256/256/256,graph,81,48.2516,13.9838,48.3027,48.2516,
50,32,524288,8192,layered,256/256/256,graph,82,48.4749,14.8076,48.5284,48.4749,
50,32,524288,8192,layered,256/256/256,graph,83,47.7062,14.7758,47.7537,47.7062,
50,32,524288,8192,layered,256/256/256,graph,84,47.6681,15.3249,47.7154,47.6681,
50,32,524288,8192,layered,256/256/256,graph,85,47.4975,15.0503,47.5435,47.4975,
50,32,524288,8192,layered,256/256/256,graph,86,47.5753,15.5995,47.6202,47.5753,
50,32,524288,8192,layered,256/256/256,graph,87,48.0454,15.3249,48.0973,48.0454,
50,32,524288,8192,layered,256/256/256,graph,88,47.4510,14.5012,47.4981,47.4510,
50,32,524288,8192,layered,256/256/256,graph,89,46.8982,14.7758,46.9454,46.8982,
50,32,524288,8192,layered,256/256/256,graph,90,47.1635,14.5012,47.2297,47.1635,
50,32,524288,8192,layered,256/256/256,graph,91,47.1338,14.7758,47.1942,47.1338,
50,32,524288,8192,layered,256/256/256,graph,92,47.2221,14.7758,47.2694,47.2221,
50,32,524288,8192,layered,256/256/256,graph,93,48.0846,14.5330,48.1337,48.0846,
50,32,524288,8192,layered,256/256/256,graph,94,47.0557,14.7758,47.1091,47.0557,
50,32,524288,8192,layered,256/256/256,graph,95,46.8740,15.3249,46.9246,46.8740,
50,32,524288,8192,layered,256/256/256,graph,96,47.4393,14.7758,47.4866,47.4393,
50,32,524288,8192,layered,256/256/256,graph,97,47.2787,15.3249,47.3289,47.2787,
50,32,524288,8192,layered,256/256/256,graph,98,47.3499,15.0503,47.3976,47.3499,
50,32,524288,8192,layered,256/256/256,graph,99,48.2698,15.0822,48.3163,48.2698,
50,32,524288,8192,layered,256/256/256,graph,100,49.1993,14.2584,49.2632,49.1993,
50,32,524288,8192,layered,256/256/256,graph,101,46.8376,14.7758,46.8918,46.8376,
50,32,524288,8192,layered,256/256/256,graph,102,47.3188,15.3249,47.3680,47.3188,
50,32,524288,8192,layered,256/256/256,graph,103,47.2128,15.0503,47.2608,47.2128,
50,32,524288,8192,layered,256/256/256,graph,104,47.6222,15.3249,47.6673,47.6222,
50,32,524288,8192,layered,256/256/256,graph,105,47.8703,15.0503,47.9178,47.8703,
50,32,524288,8192,layered,256/256/256,graph,106,47.5416,15.3249,47.5976,47.5416,
50,32,524288,8192,layered,256/256/256,graph,107,47.4342,14.2266,47.4862,47.4342,
50,32,524288,8192,layered,256/256/256,graph,108,47.3360,15.0503,47.3913,47.3360,
50,32,524288,8192,layered,256/256/256,graph,109,47.5492,14.7758,47.6043,47.5492,
50,32,524288,8192,layered,256/256/256,graph,110,46.9724,15.0503,47.0242,46.9724,
50,32,524288,8192,layered,256/256/256,graph,111,47.5309,15.0503,47.5835,47.5309,
50,32,524288,8192,layered,256/256/256,graph,112,47.6564,15.0503,47.7086,47.6564,
50,32,524288,8192,layered,256/256/256,graph,113,47.1751,15.0503,47.2259,47.1751,
50,32,524288,8192,layered,256/256/256,graph,114,47.2765,15.0503,47.3278,47.2765,
50,32,524288,8192,layered,256/256/256,graph,115,47.3665,15.0503,47.4159,47.3665,
50,32,524288,8192,layered,256/256/256,graph,116,47.8724,15.0503,47.9284,47.8724,
50,32,524288,8192,layered,256/256/256,graph,117,47.8924,15.0503,47.9439,47.8924,
50,32,524288,8192,layered,256/256/256,graph,118,47.2254,15.0503,47.2753,47.2254,
50,32,524288,8192,layered,256/256/256,graph,119,47.3349,15.0503,47.3820,47.3349,
50,32,524288,8192,layered,256/256/256,graph,120,47.1160,14.7758,47.1686,47.1160,
50,32,524288,8192,layered,256/256/256,graph,121,47.3133,15.0503,47.3649,47.3133,
50,32,524288,8192,layered,256/256/256,graph,122,47.4045,14.7758,47.4693,47.4045,
50,32,524288,8192,layered,256/256/256,graph,123,47.2795,15.0503,47.3304,47.2795,
50,32,524288,8192,layered,256/256/256,graph,124,47.3076,14.7758,47.3559,47.3076,
50,32,524288,8192,layered,256/256/256,graph,125,47.4809,15.0503,47.5276,47.4809,
50,32,524288,8192,layered,256/256/256,graph,126,47.3562,15.0503,47.4008,47.3562,
50,32,524288,8192,layered,256/256/256,graph,127,48.2674,14.2584,48.3128,48.2674,
50,32,524288,8192,layered,256/256/256,graph,128,47.4356,15.0503,47.5122,47.4356,
50,32,524288,8192,layered,256/256/256,graph,129,47.6409,15.3249,47.6951,47.6409,
50,32,524288,8192,layered,256/256/256,graph,130,47.3120,15.0503,47.3678,47.3120,
50,32,524288,8192,layered,256/256/256,graph,131,47.7798,15.3249,47.8385,47.7798,
50,32,524288,8192,layered,256/256/256,graph,132,47.2348,15.0503,47.2921,47.2348,
50,32,524288,8192,layered,256/256/256,graph,133,47.5648,15.3249,47.6159,47.5648,
50,32,524288,8192,layered,256/256/256,graph,134,47.7914,15.0503,47.8428,47.7914,
50,32,524288,8192,layered,256/256/256,graph,135,48.0757,15.0503,48.1269,48.0757,
50,32,524288,8192,layered,256/256/256,graph,136,48.0568,14.2584,48.1037,48.0568,
50,32,524288,8192,layered,256/256/256,graph,137,48.0756,13.9838,48.1237,48.0756,
50,32,524288,8192,layered,256/256/256,graph,138,46.8179,15.0503,46.8791,46.8179,
50,32,524288,8192,layered,256/256/256,graph,139,47.6330,15.3249,47.6858,47.6330,
50,32,524288,8192,layered,256/256/256,graph,140,47.7110,15.0503,47.7596,47.7110,
50,32,524288,8192,layered,256/256/256,graph,141,48.0936,15.3249,48.1415,48.0936,
50,32,524288,8192,layered,256/256/256,graph,142,47.2606,15.0503,47.3159,47.2606,
50,32,524288,8192,layered,256/256/256,graph,143,47.5850,15.3249,47.6397,47.5850,
50,32,524288,8192,layered,256/256/256,graph,144,47.4411,15.0503,47.4902,47.4411,
50,32,524288,8192,layered,256/256/256,graph,145,48.0396,13.9838,48.0884,48.0396,
50,32,524288,8192,layered,256/256/256,graph,146,47.2115,14.7758,47.2620,47.2115,
50,32,524288,8192,layered,256/256/256,graph,147,46.9176,14.7758,46.9749,46.9176,
50,32,524288,8192,layered,256/256/256,graph,148,47.4706,14.7758,47.5287,47.4706,
50,32,524288,8192,layered,256/256/256,graph,149,47.6378,14.7758,47.6903,47.6378,
50,32,524288,8192,layered,256/256/256,graph,150,47.3529,14.7758,47.4016,47.3529,
50,32,524288,8192,layered,256/256/256,graph,151,47.1364,15.0503,47.1837,47.1364,
50,32,524288,8192,layered,256/256/256,graph,152,47.3655,14.7758,47.4220,47.3655,
50,32,524288,8192,layered,256/256/256,graph,153,47.0432,15.0503,47.1026,47.0432,
50,32,524288,8192,layered,256/256/256,graph,154,47.4550,15.0503,47.5141,47.4550,
50,32,524288,8192,layered,256/256/256,graph,155,47.9967,14.2584,48.0501,47.9967,
50,32,524288,8192,layered,256/256/256,graph,156,47.4863,15.0503,47.5342,47.4863,
50,32,524288,8192,layered,256/256/256,graph,157,46.9718,15.3249,47.0250,46.9718,
50,32,524288,8192,layered,256/256/256,graph,158,47.5482,14.7758,47.5995,47.5482,
50,32,524288,8192,layered,256/256/256,graph,159,47.3039,15.3249,47.3542,47.3039,
50,32,524288,8192,layered,256/256/256,graph,160,47.6811,14.7758,47.7294,47.6811,
50,32,524288,8192,layered,256/256/256,graph,161,47.1027,15.3249,47.1502,47.1027,
50,32,524288,8192,layered,256/256/256,graph,162,47.4530,15.0503,47.5052,47.4530,
50,32,524288,8192,layered,256/256/256,graph,163,48.0060,14.2584,48.0666,48.0060,
50,32,524288,8192,layered,256/256/256,graph,164,47.5343,15.0503,47.5952,47.5343,
50,32,524288,8192,layered,256/256/256,graph,165,47.4906,15.0503,47.5381,47.4906,
50,32,524288,8192,layered,256/256/256,graph,166,47.2635,14.7758,47.3304,47.2635,
50,32,524288,8192,layered,256/256/256,graph,167,46.9891,15.0503,47.0365,46.9891,
50,32,524288,8192,layered,256/256/256,graph,168,47.7137,14.7758,47.7600,47.7137,
50,32,524288,8192,layered,256/256/256,graph,169,47.4236,15.0503,47.4691,47.4236,
50,32,524288,8192,layered,256/256/256,graph,170,47.1859,14.7758,47.2339,47.1859,
50,32,524288,8192,layered,256/256/256,graph,171,46.7700,15.0503,46.8246,46.7700,
50,32,524288,8192,layered,256/256/256,graph,172,47.3377,15.0503,47.3884,47.3377,
50,32,524288,8192,layered,256/256/256,graph,173,46.8663,14.7758,46.9131,46.8663,
50,32,524288,8192,layered,256/256/256,graph,174,47.0812,14.7758,47.1271,47.0812,
50,32,524288,8192,layered,256/256/256,graph,175,47.1929,15.0503,47.2390,47.1929,
50,32,524288,8192,layered,256/256/256,graph,176,47.7902,15.0503,47.8672,47.7902,
50,32,524288,8192,layered,256/256/256,graph,177,46.9142,14.7758,46.9652,46.9142,
50,32,524288,8192,layered,256/256/256,graph,178,47.5068,15.0503,47.5557,47.5068,
50,32,524288,8192,layered,256/256/256,graph,179,47.4767,14.7758,47.5243,47.4767,
50,32,524288,8192,layered,256/256/256,graph,180,46.9792,15.0503,47.0264,46.9792,
50,32,524288,8192,layered,256/256/256,graph,181,47.3436,15.0503,47.3993,47.3436,
50,32,524288,8192,layered,256/256/256,graph,182,47.2471,15.0503,47.2967,47.2471,
50,32,524288,8192,layered,256/256/256,graph,183,47.1823,14.7758,47.2303,47.1823,
50,32,524288,8192,layered,256/256/256,graph,184,47.3052,15.0503,47.3504,47.3052,
50,32,524288,8192,layered,256/256/256,graph,185,47.3264,14.7758,47.3713,47.3264,
50,32,524288,8192,layered,256/256/256,graph,186,47.7073,15.0503,47.7577,47.7073,
50,32,524288,8192,layered,256/256/256,graph,187,47.2885,14.5012,47.3391,47.2885,
50,32,524288,8192,layered,256/256/256,graph,188,47.0971,15.0503,47.1601,47.0971,
50,32,524288,8192,layered,256/256/256,graph,189,47.4186,15.0503,47.4652,47.4186,
50,32,524288,8192,layered,256/256/256,graph,190,47.2906,14.7758,47.3368,47.2906,
50,32,524288,8192,layered,256/256/256,graph,191,47.4886,15.0503,47.5349,47.4886,
50,32,524288,8192,layered,256/256/256,graph,192,47.1995,15.0503,47.2473,47.1995,
50,32,524288,8192,layered,256/256/256,graph,193,47.6221,15.0503,47.6872,47.6221,
50,32,524288,8192,layered,256/256/256,graph,194,47.3824,15.0503,47.4342,47.3824,
50,32,524288,8192,layered,256/256/256,graph,195,47.3909,15.0503,47.4362,47.3909,
50,32,524288,8192,layered,256/256/256,graph,196,47.3422,15.0503,47.3871,47.3422,
50,32,524288,8192,layered,256/256/256,graph,197,47.4540,15.0503,47.4981,47.4540,
50,32,524288,8192,layered,256/256/256,graph,198,47.0927,15.0503,47.1409,47.0927,
50,32,524288,8192,layered,256/256/256,graph,199,47.3629,14.7758,47.4114,47.3629,
50,32,524288,8192,layered,512/512/512,graph,0,45.3609,14.1947,45.4123,45.3609,
50,32,524288,8192,layered,512/512/512,graph,1,46.1715,14.1947,46.1951,46.1715,
50,32,524288,8192,layered,512/512/512,graph,2,47.0889,14.1947,47.1070,47.0889,
50,32,524288,8192,layered,512/512/512,graph,3,47.6113,14.1947,47.6304,47.6113,
50,32,524288,8192,layered,512/512/512,graph,4,47.6207,14.1947,47.6382,47.6207,
50,32,524288,8192,layered,512/512/512,graph,5,47.7315,14.1947,47.7754,47.7315,
50,32,524288,8192,layered,512/512/512,graph,6,47.9519,14.1947,47.9726,47.9519,
50,32,524288,8192,layered,512/512/512,graph,7,47.9356,14.1947,47.9745,47.9356,
50,32,524288,8192,layered,512/512/512,graph,8,47.5994,14.1947,47.6223,47.5994,
50,32,524288,8192,layered,512/512/512,graph,9,47.6411,14.1947,47.6624,47.6411,
50,32,524288,8192,layered,512/512/512,graph,10,47.9123,14.1947,47.9369,47.9123,
50,32,524288,8192,layered,512/512/512,graph,11,48.3981,14.1947,48.4215,48.3981,
50,32,524288,8192,layered,512/512/512,graph,12,47.9802,14.1947,48.0276,47.9802,
50,32,524288,8192,layered,512/512/512,graph,13,47.7001,14.1947,47.7510,47.7001,
50,32,524288,8192,layered,512/512/512,graph,14,48.0936,14.1947,48.1407,48.0936,
50,32,524288,8192,layered,512/512/512,graph,15,48.1230,14.1947,48.1689,48.1230,
50,32,524288,8192,layered,512/512/512,graph,16,48.1027,14.1947,48.1336,48.1027,
50,32,524288,8192,layered,512/512/512,graph,17,51.5176,14.1947,51.5463,51.5176,
50,32,524288,8192,layered,512/512/512,graph,18,55.2007,14.1947,55.2226,55.2007,
50,32,524288,8192,layered,512/512/512,graph,19,52.0856,14.1947,52.1057,52.0856,
50,32,524288,8192,layered,512/512/512,graph,20,49.7121,14.1947,49.7388,49.7121,
50,32,524288,8192,layered,512/512/512,graph,21,49.0873,14.1947,49.1067,49.0873,
50,32,524288,8192,layered,512/512/512,graph,22,48.2719,14.1947,48.2894,48.2719,
50,32,524288,8192,layered,512/512/512,graph,23,47.2880,14.1947,47.3094,47.2880,
50,32,524288,8192,layered,512/512/512,graph,24,47.6306,14.1947,47.6521,47.6306,
50,32,524288,8192,layered,512/512/512,graph,25,48.0137,14.1947,48.0342,48.0137,
50,32,524288,8192,layered,512/512/512,graph,26,47.6906,14.1947,47.7152,47.6906,
50,32,524288,8192,layered,512/512/512,graph,27,47.5760,14.1947,47.5967,47.5760,
50,32,524288,8192,layered,512/512/512,graph,28,47.4944,14.1947,47.5204,47.4944,
50,32,524288,8192,layered,512/512/512,graph,29,47.5749,14.1947,47.5967,47.5749,
50,32,524288,8192,layered,512/512/512,graph,30,48.3857,14.1947,48.4118,48.3857,
50,32,524288,8192,layered,512/512/512,graph,31,48.1476,14.1947,48.1685,48.1476,
50,32,524288,8192,layered,512/512/512,graph,32,47.6685,14.1947,47.6985,47.6685,
50,32,524288,8192,layered,512/512/512,graph,33,48.0953,14.1947,48.1302,48.0953,
50,32,524288,8192,layered,512/512/512,graph,34,47.8105,14.1947,47.8273,47.8105,
50,32,524288,8192,layered,512/512/512,graph,35,48.4002,14.1947,48.4171,48.4002,
50,32,524288,8192,layered,512/512/512,graph,36,49.5379,14.1947,49.5555,49.5379,
50,32,524288,8192,layered,512/512/512,graph,37,50.8224,14.1947,50.8400,50.8224,
50,32,524288,8192,layered,512/512/512,graph,38,50.9462,14.1947,50.9685,50.9462,
50,32,524288,8192,layered,512/512/512,graph,39,50.5238,14.1947,50.5422,50.5238,
50,32,524288,8192,layered,512/512/512,graph,40,50.6414,14.1947,50.6604,50.6414,
50,32,524288,8192,layered,512/512/512,graph,41,49.0908,14.1947,49.1115,49.0908,
50,32,524288,8192,layered,512/512/512,graph,42,48.6563,14.1947,48.6898,48.6563,
50,32,524288,8192,layered,512/512/512,graph,43,48.6154,14.1947,48.6766,48.6154,
50,32,524288,8192,layered,512/512/512,graph,44,48.8108,14.1947,48.8716,48.8108,
50,32,524288,8192,layered,512/512/512,graph,45,48.5210,14.1947,48.5897,48.5210,
50,32,524288,8192,layered,512/512/512,graph,46,48.0795,14.1947,48.1339,48.0795,
50,32,524288,8192,layered,512/512/512,graph,47,47.6390,14.1947,47.6594,47.6390,
50,32,524288,8192,layered,512/512/512,graph,48,47.3703,14.1947,47.4009,47.3703,
50,32,524288,8192,layered,512/512/512,graph,49,47.9040,14.1947,47.9713,47.9040,
50,32,524288,8192,layered,512/512/512,graph,50,47.9123,14.1947,47.9835,47.9123,
50,32,524288,8192,layered,512/512/512,graph,51,47.8014,14.1947,47.8484,47.8014,
50,32,524288,8192,layered,512/512/512,graph,52,47.8922,14.1947,47.9480,47.8922,
50,32,524288,8192,layered,512/512/512,graph,53,48.0732,14.1947,48.1240,48.0732,
50,32,524288,8192,layered,512/512/512,graph,54,48.1630,14.1947,48.1822,48.1630,
50,32,524288,8192,layered,512/512/512,graph,55,48.6814,14.1947,48.6982,48.6814,
50,32,524288,8192,layered,512/512/512,graph,56,49.1630,14.1947,49.1800,49.1630,
50,32,524288,8192,layered,512/512/512,graph,57,49.3660,14.1947,49.3834,49.3660,
50,32,524288,8192,layered,512/512/512,graph,58,49.9228,14.1947,49.9413,49.9228,
50,32,524288,8192,layered,512/512/512,graph,59,49.7697,14.1947,49.7891,49.7697,
50,32,524288,8192,layered,512/512/512,graph,60,49.7089,14.1947,49.7310,49.7089,
50,32,524288,8192,layered,512/512/512,graph,61,49.2731,14.1947,49.2936,49.2731,
50,32,524288,8192,layered,512/512/512,graph,62,48.6996,14.1947,48.7193,48.6996,
50,32,524288,8192,layered,512/512/512,graph,63,48.9227,14.1947,48.9394,48.9227,
50,32,524288,8192,layered,512/512/512,graph,64,48.8553,14.1947,48.8728,48.8553,
50,32,524288,8192,layered,512/512/512,graph,65,48.4485,14.1947,48.4651,48.4485,
50,32,524288,8192,layered,512/512/512,graph,66,48.1068,14.1947,48.1219,48.1068,
50,32,524288,8192,layered,512/512/512,graph,67,47.9043,14.1947,47.9243,47.9043,
50,32,524288,8192,layered,512/512/512,graph,68,47.7063,14.1947,47.7250,47.7063,
50,32,524288,8192,layered,512/512/512,graph,69,47.6548,14.1947,47.6736,47.6548,
50,32,524288,8192,layered,512/512/512,graph,70,47.5791,14.1947,47.5957,47.5791,
50,32,524288,8192,layered,512/512/512,graph,71,48.2984,14.1947,48.3272,48.2984,
50,32,524288,8192,layered,512/512/512,graph,72,47.9948,14.1947,48.0429,47.9948,
50,32,524288,8192,layered,512/512/512,graph,73,47.5927,14.1947,47.6107,47.5927,
50,32,524288,8192,layered,512/512/512,graph,74,47.9720,14.1947,47.9930,47.9720,
50,32,524288,8192,layered,512/512/512,graph,75,48.3025,14.1947,48.3216,48.3025,
50,32,524288,8192,layered,512/512/512,graph,76,48.7349,14.1947,48.7528,48.7349,
50,32,524288,8192,layered,512/512/512,graph,77,49.2426,14.1947,49.2608,49.2426,
50,32,524288,8192,layered,512/512/512,graph,78,49.9670,14.1947,49.9849,49.9670,
50,32,524288,8192,layered,512/512/512,graph,79,49.6588,14.1947,49.6775,49.6588,
50,32,524288,8192,layered,512/512/512,graph,80,49.7100,14.1947,49.7290,49.7100,
50,32,524288,8192,layered,512/512/512,graph,81,49.3976,14.1947,49.4164,49.3976,
50,32,524288,8192,layered,512/512/512,graph,82,49.4905,14.1947,49.5085,49.4905,
50,32,524288,8192,layered,512/512/512,graph,83,49.2609,14.1947,49.2780,49.2609,
50,32,524288,8192,layered,512/512/512,graph,84,48.6120,14.1947,48.6308,48.6120,
50,32,524288,8192,layered,512/512/512,graph,85,48.1478,14.1947,48.1671,48.1478,
50,32,524288,8192,layered,512/512/512,graph,86,48.0486,14.1947,48.0681,48.0486,
50,32,524288,8192,layered,512/512/512,graph,87,48.0329,14.1947,48.0522,48.0329,
50,32,524288,8192,layered,512/512/512,graph,88,48.0585,14.1947,48.0835,48.0585,
50,32,524288,8192,layered,512/512/512,graph,89,48.0790,14.1947,48.0991,48.0790,
50,32,524288,8192,layered,512/512/512,graph,90,47.7711,14.1947,47.7925,47.7711,
50,32,524288,8192,layered,512/512/512,graph,91,47.5099,14.1947,47.5363,47.5099,
50,32,524288,8192,layered,512/512/512,graph,92,47.7787,14.1947,47.7984,47.7787,
50,32,524288,8192,layered,512/512/512,graph,93,47.9682,14.1947,47.9852,47.9682,
50,32,524288,8192,layered,512/512/512,graph,94,48.1252,14.1947,48.1424,48.1252,
50,32,524288,8192,layered,512/512/512,graph,95,48.4504,14.1947,48.4688,48.4504,
50,32,524288,8192,layered,512/512/512,graph,96,48.9073,14.1947,48.9250,48.9073,
50,32,524288,8192,layered,512/512/512,graph,97,49.2085,14.1947,49.2255,49.2085,
50,32,524288,8192,layered,512/512/512,graph,98,49.1690,14.1947,49.1855,49.1690,
50,32,524288,8192,layered,512/512/512,graph,99,49.1884,14.1947,49.2049,49.1884,
50,32,524288,8192,layered,512/512/512,graph,100,49.6470,14.1947,49.6636,49.6470,
50,32,524288,8192,layered,512/512/512,graph,101,49.8121,14.1947,49.8281,49.8121,
50,32,524288,8192,layered,512/512/512,graph,102,49.5572,14.1947,49.5730,49.5572,
50,32,524288,8192,layered,512/512/512,graph,103,49.6328,14.1947,49.6496,49.6328,
50,32,524288,8192,layered,512/512/512,graph,104,49.4828,14.1947,49.5020,49.4828,
50,32,524288,8192,layered,512/512/512,graph,105,48.7170,14.1947,48.7411,48.7170,
50,32,524288,8192,layered,512/512/512,graph,106,48.4173,14.1947,48.4479,48.4173,
50,32,524288,8192,layered,512/512/512,graph,107,48.1343,14.1947,48.1540,48.1343,
50,32,524288,8192,layered,512/512/512,graph,108,48.3383,14.1947,48.3627,48.3383,
50,32,524288,8192,layered,512/512/512,graph,109,48.3382,14.1947,48.3582,48.3382,
50,32,524288,8192,layered,512/512/512,graph,110,48.0540,14.1947,48.0759,48.0540,
50,32,524288,8192,layered,512/512/512,graph,111,47.8445,14.1947,47.8622,47.8445,
50,32,524288,8192,layered,512/512/512,graph,112,47.6070,14.1947,47.6264,47.6070,
50,32,524288,8192,layered,512/512/512,graph,113,47.8330,14.1947,47.8527,47.8330,
50,32,524288,8192,layered,512/512/512,graph,114,48.2977,14.1947,48.3143,48.2977,
50,32,524288,8192,layered,512/512/512,graph,115,48.5080,14.1947,48.5248,48.5080,
50,32,524288,8192,layered,512/512/512,graph,116,48.6036,14.1947,48.6224,48.6036,
50,32,524288,8192,layered,512/512/512,graph,117,48.9615,14.1947,48.9811,48.9615,
50,32,524288,8192,layered,512/512/512,graph,118,49.6124,14.1947,49.6333,49.6124,
50,32,524288,8192,layered,512/512/512,graph,119,49.7227,14.1947,49.7423,49.7227,
50,32,524288,8192,layered,512/512/512,graph,120,49.7128,14.1947,49.7314,49.7128,
50,32,524288,8192,layered,512/512/512,graph,121,49.6673,14.1947,49.6853,49.6673,
50,32,524288,8192,layered,512/512/512,graph,122,49.5994,14.1947,49.6176,49.5994,
50,32,524288,8192,layered,512/512/512,graph,123,49.6025,14.1947,49.6223,49.6025,
50,32,524288,8192,layered,512/512/512,graph,124,49.2613,14.1947,49.2798,49.2613,
50,32,524288,8192,layered,512/512/512,graph,125,48.5844,14.1947,48.6021,48.5844,
50,32,524288,8192,layered,512/512/512,graph,126,48.4586,14.1947,48.4753,48.4586,
50,32,524288,8192,layered,512/512/512,graph,127,48.5941,14.1947,48.6155,48.5941,
50,32,524288,8192,layered,512/512/512,graph,128,48.1709,14.1947,48.1870,48.1709,
50,32,524288,8192,layered,512/512/512,graph,129,48.0909,14.1947,48.1086,48.0909,
50,32,524288,8192,layered,512/512/512,graph,130,48.0586,14.1947,48.0805,48.0586,
50,32,524288,8192,layered,512/512/512,graph,131,47.8950,14.1947,47.9145,47.8950,
50,32,524288,8192,layered,512/512/512,graph,132,48.0277,14.1947,48.0475,48.0277,
50,32,524288,8192,layered,512/512/512,graph,133,48.0543,14.1947,48.0775,48.0543,
50,32,524288,8192,layered,512/512/512,graph,134,48.3406,14.1947,48.3600,48.3406,
50,32,524288,8192,layered,512/512/512,graph,135,48.3126,14.1947,48.3372,48.3126,
50,32,524288,8192,layered,512/512/512,graph,136,48.2851,14.1947,48.3127,48.2851,
50,32,524288,8192,layered,512/512/512,graph,137,48.8647,14.1947,48.8859,48.8647,
50,32,524288,8192,layered,512/512/512,graph,138,48.7959,14.1947,48.8134,48.7959,
50,32,524288,8192,layered,512/512/512,graph,139,49.7058,14.1947,49.7276,49.7058,
50,32,524288,8192,layered,512/512/512,graph,140,49.1177,14.1947,49.1373,49.1177,
50,32,524288,8192,layered,512/512/512,graph,141,48.9672,14.1947,48.9867,48.9672,
50,32,524288,8192,layered,512/512/512,graph,142,49.2563,14.1947,49.2742,49.2563,
50,32,524288,8192,layered,512/512/512,graph,143,49.8249,14.1947,49.8456,49.8249,
50,32,524288,8192,layered,512/512/512,graph,144,49.6722,14.1947,49.6935,49.6722,
50,32,524288,8192,layered,512/512/512,graph,145,48.8159,14.1947,48.8435,48.8159,
50,32,524288,8192,layered,512/512/512,graph,146,48.4369,14.1947,48.4556,48.4369,
50,32,524288,8192,layered,512/512/512,graph,147,47.7381,14.1947,47.7566,47.7381,
50,32,524288,8192,layered,512/512/512,graph,148,47.6897,14.1947,47.7063,47.6897,
50,32,524288,8192,layered,512/512/512,graph,149,48.3370,14.1947,48.3542,48.3370,
50,32,524288,8192,layered,512/512/512,graph,150,48.4501,14.1947,48.4668,48.4501,
50,32,524288,8192,layered,512/512/512,graph,151,48.8844,14.1947,48.9010,48.8844,
50,32,524288,8192,layered,512/512/512,graph,152,48.4909,14.1947,48.5088,48.4909,
50,32,524288,8192,layered,512/512/512,graph,153,48.4890,14.1947,48.5081,48.4890,
50,32,524288,8192,layered,512/512/512,graph,154,48.0788,14.1947,48.0983,48.0788,
50,32,524288,8192,layered,512/512/512,graph,155,47.9476,14.1947,47.9660,47.9476,
50,32,524288,8192,layered,512/512/512,graph,156,48.5328,14.1947,48.5509,48.5328,
50,32,524288,8192,layered,512/512/512,graph,157,48.7938,14.1947,48.8119,48.7938,
50,32,524288,8192,layered,512/512/512,graph,158,48.8682,14.1947,48.8858,48.8682,
50,32,524288,8192,layered,512/512/512,graph,159,48.5931,14.1947,48.6107,48.5931,
50,32,524288,8192,layered,512/512/512,graph,160,48.8422,14.1947,48.8602,48.8422,
50,32,524288,8192,layered,512/512/512,graph,161,48.7934,14.1947,48.8104,48.7934,
50,32,524288,8192,layered,512/512/512,graph,162,49.1209,14.1947,49.1387,49.1209,
50,32,524288,8192,layered,512/512/512,graph,163,49.0303,14.1947,49.0516,49.0303,
50,32,524288,8192,layered,512/512/512,graph,164,49.1166,14.1947,49.1349,49.1166,
50,32,524288,8192,layered,512/512/512,graph,165,49.1727,14.1947,49.1938,49.1727,
50,32,524288,8192,layered,512/512/512,graph,166,48.6822,14.1947,48.7003,48.6822,
50,32,524288,8192,layered,512/512/512,graph,167,48.1021,14.1947,48.1198,48.1021,
50,32,524288,8192,layered,512/512/512,graph,168,48.0566,14.1947,48.1015,48.0566,
50,32,524288,8192,layered,512/512/512,graph,169,48.3815,14.1947,48.4707,48.3815,
50,32,524288,8192,layered,512/512/512,graph,170,49.2188,14.1947,49.3008,49.2188,
50,32,524288,8192,layered,512/512/512,graph,171,48.9361,14.1947,48.9906,48.9361,
50,32,524288,8192,layered,512/512/512,graph,172,48.2408,14.1947,48.2625,48.2408,
50,32,524288,8192,layered,512/512/512,graph,173,48.0904,14.1947,48.1095,48.0904,
50,32,524288,8192,layered,512/512/512,graph,174,48.0453,14.1947,48.0632,48.0453,
50,32,524288,8192,layered,512/512/512,graph,175,48.1136,14.1947,48.1302,48.1136,
50,32,524288,8192,layered,512/512/512,graph,176,48.0665,14.1947,48.0845,48.0665,
50,32,524288,8192,layered,512/512/512,graph,177,48.2947,14.1947,48.3129,48.2947,
50,32,524288,8192,layered,512/512/512,graph,178,48.6500,14.1947,48.6668,48.6500,
50,32,524288,8192,layered,512/512/512,graph,179,49.2546,14.1947,49.2725,49.2546,
50,32,524288,8192,layered,512/512/512,graph,180,49.4785,14.1947,49.4974,49.4785,
50,32,524288,8192,layered,512/512/512,graph,181,48.8937,14.1947,48.9124,48.8937,
50,32,524288,8192,layered,512/512/512,graph,182,48.5046,14.1947,48.5244,48.5046,
50,32,524288,8192,layered,512/512/512,graph,183,48.9155,14.1947,48.9346,48.9155,
50,32,524288,8192,layered,512/512/512,graph,184,48.6648,14.1947,48.6850,48.6648,
50,32,524288,8192,layered,512/512/512,graph,185,48.7576,14.1947,48.7750,48.7576,
50,32,524288,8192,layered,512/512/512,graph,186,48.4456,14.1947,48.4648,48.4456,
50,32,524288,8192,layered,512/512/512,graph,187,48.4975,14.1947,48.5438,48.4975,
50,32,524288,8192,layered,512/512/512,graph,188,48.5597,14.1947,48.6197,48.5597,
50,32,524288,8192,layered,512/512/512,graph,189,49.3782,14.1947,49.4017,49.3782,
50,32,524288,8192,layered,512/512/512,graph,190,49.1286,14.1947,49.1779,49.1286,
50,32,524288,8192,layered,512/512/512,graph,191,48.5780,14.1947,48.6500,48.5780,
50,32,524288,8192,layered,512/512/512,graph,192,48.7091,14.1947,48.7593,48.7091,
50,32,524288,8192,layered,512/512/512,graph,193,48.4491,14.1947,48.5071,48.4491,
50,32,524288,8192,layered,512/512/512,graph,194,47.9399,14.1947,47.9631,47.9399,
50,32,524288,8192,layered,512/512/512,graph,195,48.3054,14.1947,48.3268,48.3054,
50,32,524288,8192,layered,512/512/512,graph,196,48.5972,14.1947,48.6145,48.5972,
50,32,524288,8192,layered,512/512/512,graph,197,48.2256,14.1947,48.2416,48.2256,
50,32,524288,8192,layered,512/512/512,graph,198,47.7140,14.1947,47.7316,47.7140,
50,32,524288,8192,layered,512/512/512,graph,199,48.6191,14.1947,48.6356,48.6191,
50,32,524288,8192,hyprefill,512/8192/8192,graph,0,47.2997,13.6456,47.3554,47.2997,
50,32,524288,8192,hyprefill,512/8192/8192,graph,1,46.6860,13.9202,46.7419,46.6860,
50,32,524288,8192,hyprefill,512/8192/8192,graph,2,46.8718,13.6456,46.9335,46.8718,
50,32,524288,8192,hyprefill,512/8192/8192,graph,3,46.5087,13.9202,46.5667,46.5087,
50,32,524288,8192,hyprefill,512/8192/8192,graph,4,47.2498,13.6456,47.2980,47.2498,
50,32,524288,8192,hyprefill,512/8192/8192,graph,5,47.0326,13.9202,47.0845,47.0326,
50,32,524288,8192,hyprefill,512/8192/8192,graph,6,48.5025,13.6456,48.5282,48.5025,
50,32,524288,8192,hyprefill,512/8192/8192,graph,7,48.5833,13.9202,48.6042,48.5833,
50,32,524288,8192,hyprefill,512/8192/8192,graph,8,50.4981,13.6456,50.5260,50.4981,
50,32,524288,8192,hyprefill,512/8192/8192,graph,9,49.6203,13.9202,49.6398,49.6203,
50,32,524288,8192,hyprefill,512/8192/8192,graph,10,49.9136,13.6456,49.9322,49.9136,
50,32,524288,8192,hyprefill,512/8192/8192,graph,11,49.8915,13.9202,49.9105,49.8915,
50,32,524288,8192,hyprefill,512/8192/8192,graph,12,49.7776,13.6456,49.8046,49.7776,
50,32,524288,8192,hyprefill,512/8192/8192,graph,13,49.8120,13.9202,49.8344,49.8120,
50,32,524288,8192,hyprefill,512/8192/8192,graph,14,50.1607,13.6456,50.1826,50.1607,
50,32,524288,8192,hyprefill,512/8192/8192,graph,15,49.5740,13.9202,49.5956,49.5740,
50,32,524288,8192,hyprefill,512/8192/8192,graph,16,49.7879,13.6456,49.8225,49.7879,
50,32,524288,8192,hyprefill,512/8192/8192,graph,17,49.2393,13.9202,49.2851,49.2393,
50,32,524288,8192,hyprefill,512/8192/8192,graph,18,49.9773,13.6456,49.9998,49.9773,
50,32,524288,8192,hyprefill,512/8192/8192,graph,19,49.3206,13.9202,49.3464,49.3206,
50,32,524288,8192,hyprefill,512/8192/8192,graph,20,49.9069,13.6456,49.9299,49.9069,
50,32,524288,8192,hyprefill,512/8192/8192,graph,21,51.1803,13.9202,51.2151,51.1803,
50,32,524288,8192,hyprefill,512/8192/8192,graph,22,58.8580,13.6456,58.9206,58.8580,
50,32,524288,8192,hyprefill,512/8192/8192,graph,23,56.2547,13.9202,56.2733,56.2547,
50,32,524288,8192,hyprefill,512/8192/8192,graph,24,52.9333,13.6456,52.9511,52.9333,
50,32,524288,8192,hyprefill,512/8192/8192,graph,25,51.0116,13.9202,51.0298,51.0116,
50,32,524288,8192,hyprefill,512/8192/8192,graph,26,49.9230,13.6456,49.9419,49.9230,
50,32,524288,8192,hyprefill,512/8192/8192,graph,27,49.7394,13.9202,49.7586,49.7394,
50,32,524288,8192,hyprefill,512/8192/8192,graph,28,50.3055,13.6456,50.3271,50.3055,
50,32,524288,8192,hyprefill,512/8192/8192,graph,29,49.9479,13.9202,49.9664,49.9479,
50,32,524288,8192,hyprefill,512/8192/8192,graph,30,50.2227,13.6456,50.2416,50.2227,
50,32,524288,8192,hyprefill,512/8192/8192,graph,31,49.1301,13.9202,49.1472,49.1301,
50,32,524288,8192,hyprefill,512/8192/8192,graph,32,49.4982,13.6456,49.5153,49.4982,
50,32,524288,8192,hyprefill,512/8192/8192,graph,33,49.3613,13.9202,49.3796,49.3613,
50,32,524288,8192,hyprefill,512/8192/8192,graph,34,49.7392,13.6456,49.7582,49.7392,
50,32,524288,8192,hyprefill,512/8192/8192,graph,35,49.5834,13.9202,49.6050,49.5834,
50,32,524288,8192,hyprefill,512/8192/8192,graph,36,49.6163,13.6456,49.6431,49.6163,
50,32,524288,8192,hyprefill,512/8192/8192,graph,37,49.3854,13.9202,49.4059,49.3854,
50,32,524288,8192,hyprefill,512/8192/8192,graph,38,49.6244,13.6456,49.6442,49.6244,
50,32,524288,8192,hyprefill,512/8192/8192,graph,39,50.3051,13.9202,50.3284,50.3051,
50,32,524288,8192,hyprefill,512/8192/8192,graph,40,52.3991,13.6456,52.4203,52.3991,
50,32,524288,8192,hyprefill,512/8192/8192,graph,41,53.3916,13.9202,53.4116,53.3916,
50,32,524288,8192,hyprefill,512/8192/8192,graph,42,53.0062,13.6456,53.0271,53.0062,
50,32,524288,8192,hyprefill,512/8192/8192,graph,43,52.6830,13.9202,52.7125,52.6830,
50,32,524288,8192,hyprefill,512/8192/8192,graph,44,52.4608,13.6456,52.4945,52.4608,
50,32,524288,8192,hyprefill,512/8192/8192,graph,45,51.1126,13.9202,51.1332,51.1126,
50,32,524288,8192,hyprefill,512/8192/8192,graph,46,50.8912,13.6456,50.9097,50.8912,
50,32,524288,8192,hyprefill,512/8192/8192,graph,47,49.4386,13.9202,49.4590,49.4386,
50,32,524288,8192,hyprefill,512/8192/8192,graph,48,50.3645,13.6456,50.3834,50.3645,
50,32,524288,8192,hyprefill,512/8192/8192,graph,49,49.8268,13.9202,49.8441,49.8268,
50,32,524288,8192,hyprefill,512/8192/8192,graph,50,50.0686,13.6456,50.0877,50.0686,
50,32,524288,8192,hyprefill,512/8192/8192,graph,51,49.1977,13.9202,49.2172,49.1977,
50,32,524288,8192,hyprefill,512/8192/8192,graph,52,50.2324,13.6456,50.2502,50.2324,
50,32,524288,8192,hyprefill,512/8192/8192,graph,53,49.3883,13.9202,49.4056,49.3883,
50,32,524288,8192,hyprefill,512/8192/8192,graph,54,49.8719,13.6456,49.8893,49.8719,
50,32,524288,8192,hyprefill,512/8192/8192,graph,55,49.8585,13.9202,49.8766,49.8585,
50,32,524288,8192,hyprefill,512/8192/8192,graph,56,50.0575,13.6456,50.0747,50.0575,
50,32,524288,8192,hyprefill,512/8192/8192,graph,57,49.5721,13.9202,49.5894,49.5721,
50,32,524288,8192,hyprefill,512/8192/8192,graph,58,51.3452,13.6456,51.3661,51.3452,
50,32,524288,8192,hyprefill,512/8192/8192,graph,59,50.9786,13.9202,51.0009,50.9786,
50,32,524288,8192,hyprefill,512/8192/8192,graph,60,51.1740,13.6456,51.1984,51.1740,
50,32,524288,8192,hyprefill,512/8192/8192,graph,61,52.1075,13.9202,52.1287,52.1075,
50,32,524288,8192,hyprefill,512/8192/8192,graph,62,52.7549,13.6456,52.7779,52.7549,
50,32,524288,8192,hyprefill,512/8192/8192,graph,63,51.9940,13.9202,52.0147,51.9940,
50,32,524288,8192,hyprefill,512/8192/8192,graph,64,51.8117,13.6456,51.8342,51.8117,
50,32,524288,8192,hyprefill,512/8192/8192,graph,65,50.6127,13.9202,50.6367,50.6127,
50,32,524288,8192,hyprefill,512/8192/8192,graph,66,50.9125,13.6456,50.9304,50.9125,
50,32,524288,8192,hyprefill,512/8192/8192,graph,67,50.1844,13.9202,50.2019,50.1844,
50,32,524288,8192,hyprefill,512/8192/8192,graph,68,50.5370,13.6456,50.5535,50.5370,
50,32,524288,8192,hyprefill,512/8192/8192,graph,69,49.7369,13.9202,49.7538,49.7369,
50,32,524288,8192,hyprefill,512/8192/8192,graph,70,49.8323,13.6456,49.8489,49.8323,
50,32,524288,8192,hyprefill,512/8192/8192,graph,71,49.6511,13.9202,49.6738,49.6511,
50,32,524288,8192,hyprefill,512/8192/8192,graph,72,49.5395,13.6456,49.5560,49.5395,
50,32,524288,8192,hyprefill,512/8192/8192,graph,73,49.3974,13.9202,49.4165,49.3974,
50,32,524288,8192,hyprefill,512/8192/8192,graph,74,50.0950,13.6456,50.1168,50.0950,
50,32,524288,8192,hyprefill,512/8192/8192,graph,75,49.4201,13.9202,49.4442,49.4201,
50,32,524288,8192,hyprefill,512/8192/8192,graph,76,49.8907,13.6456,49.9102,49.8907,
50,32,524288,8192,hyprefill,512/8192/8192,graph,77,50.7753,13.9202,50.7947,50.7753,
50,32,524288,8192,hyprefill,512/8192/8192,graph,78,51.4186,13.6456,51.4368,51.4186,
50,32,524288,8192,hyprefill,512/8192/8192,graph,79,52.1608,13.9202,52.1772,52.1608,
50,32,524288,8192,hyprefill,512/8192/8192,graph,80,52.4521,13.6456,52.4800,52.4521,
50,32,524288,8192,hyprefill,512/8192/8192,graph,81,51.2514,13.9202,51.2809,51.2514,
50,32,524288,8192,hyprefill,512/8192/8192,graph,82,52.2011,13.6456,52.2221,52.2011,
50,32,524288,8192,hyprefill,512/8192/8192,graph,83,51.0714,13.9202,51.0968,51.0714,
50,32,524288,8192,hyprefill,512/8192/8192,graph,84,50.9871,13.6456,51.0074,50.9871,
50,32,524288,8192,hyprefill,512/8192/8192,graph,85,50.3573,13.9202,50.3847,50.3573,
50,32,524288,8192,hyprefill,512/8192/8192,graph,86,51.2868,13.6456,51.3064,51.2868,
50,32,524288,8192,hyprefill,512/8192/8192,graph,87,50.4625,13.9202,50.4825,50.4625,
50,32,524288,8192,hyprefill,512/8192/8192,graph,88,50.3118,13.6456,50.3328,50.3118,
50,32,524288,8192,hyprefill,512/8192/8192,graph,89,50.3960,13.9202,50.4132,50.3960,
50,32,524288,8192,hyprefill,512/8192/8192,graph,90,50.9825,13.6456,51.0005,50.9825,
50,32,524288,8192,hyprefill,512/8192/8192,graph,91,49.6970,13.9202,49.7146,49.6970,
50,32,524288,8192,hyprefill,512/8192/8192,graph,92,49.4073,13.6456,49.4252,49.4073,
50,32,524288,8192,hyprefill,512/8192/8192,graph,93,49.5585,13.9202,49.5749,49.5585,
50,32,524288,8192,hyprefill,512/8192/8192,graph,94,50.8596,13.6456,50.8763,50.8596,
50,32,524288,8192,hyprefill,512/8192/8192,graph,95,50.5980,13.9202,50.6149,50.5980,
50,32,524288,8192,hyprefill,512/8192/8192,graph,96,50.8238,13.6456,50.8430,50.8238,
50,32,524288,8192,hyprefill,512/8192/8192,graph,97,50.4773,13.9202,50.4966,50.4773,
50,32,524288,8192,hyprefill,512/8192/8192,graph,98,51.7857,13.6456,51.8022,51.7857,
50,32,524288,8192,hyprefill,512/8192/8192,graph,99,50.9923,13.9202,51.0133,50.9923,
50,32,524288,8192,hyprefill,512/8192/8192,graph,100,50.7498,13.6456,50.7693,50.7498,
50,32,524288,8192,hyprefill,512/8192/8192,graph,101,50.7647,13.9202,50.7813,50.7647,
50,32,524288,8192,hyprefill,512/8192/8192,graph,102,51.2835,13.6456,51.3013,51.2835,
50,32,524288,8192,hyprefill,512/8192/8192,graph,103,50.6626,13.9202,50.6832,50.6626,
50,32,524288,8192,hyprefill,512/8192/8192,graph,104,51.0372,13.6456,51.0593,51.0372,
50,32,524288,8192,hyprefill,512/8192/8192,graph,105,50.4277,13.9202,50.4483,50.4277,
50,32,524288,8192,hyprefill,512/8192/8192,graph,106,50.7492,13.6456,50.7703,50.7492,
50,32,524288,8192,hyprefill,512/8192/8192,graph,107,50.7320,13.9202,50.7496,50.7320,
50,32,524288,8192,hyprefill,512/8192/8192,graph,108,50.8106,13.6456,50.8281,50.8106,
50,32,524288,8192,hyprefill,512/8192/8192,graph,109,49.8099,13.9202,49.8285,49.8099,
50,32,524288,8192,hyprefill,512/8192/8192,graph,110,50.3011,13.6456,50.3190,50.3011,
50,32,524288,8192,hyprefill,512/8192/8192,graph,111,49.3256,13.9202,49.3435,49.3256,
50,32,524288,8192,hyprefill,512/8192/8192,graph,112,50.9555,13.6456,50.9775,50.9555,
50,32,524288,8192,hyprefill,512/8192/8192,graph,113,50.4204,13.9202,50.4395,50.4204,
50,32,524288,8192,hyprefill,512/8192/8192,graph,114,50.1875,13.6456,50.2059,50.1875,
50,32,524288,8192,hyprefill,512/8192/8192,graph,115,50.3611,13.9202,50.3795,50.3611,
50,32,524288,8192,hyprefill,512/8192/8192,graph,116,50.9060,13.6456,50.9257,50.9060,
50,32,524288,8192,hyprefill,512/8192/8192,graph,117,50.6026,13.9202,50.6214,50.6026,
50,32,524288,8192,hyprefill,512/8192/8192,graph,118,52.4410,13.6456,52.4634,52.4410,
50,32,524288,8192,hyprefill,512/8192/8192,graph,119,52.0152,13.9202,52.0483,52.0152,
50,32,524288,8192,hyprefill,512/8192/8192,graph,120,51.8028,13.6456,51.8265,51.8028,
50,32,524288,8192,hyprefill,512/8192/8192,graph,121,50.9384,13.9202,50.9595,50.9384,
50,32,524288,8192,hyprefill,512/8192/8192,graph,122,50.9019,13.6456,50.9214,50.9019,
50,32,524288,8192,hyprefill,512/8192/8192,graph,123,50.2902,13.9202,50.3113,50.2902,
50,32,524288,8192,hyprefill,512/8192/8192,graph,124,51.1036,13.6456,51.1255,51.1036,
50,32,524288,8192,hyprefill,512/8192/8192,graph,125,50.6695,13.9202,50.6880,50.6695,
50,32,524288,8192,hyprefill,512/8192/8192,graph,126,50.6804,13.6456,50.7030,50.6804,
50,32,524288,8192,hyprefill,512/8192/8192,graph,127,50.3216,13.9202,50.3410,50.3216,
50,32,524288,8192,hyprefill,512/8192/8192,graph,128,50.1322,13.6456,50.1507,50.1322,
50,32,524288,8192,hyprefill,512/8192/8192,graph,129,49.4905,13.9202,49.5083,49.4905,
50,32,524288,8192,hyprefill,512/8192/8192,graph,130,50.9036,13.6456,50.9203,50.9036,
50,32,524288,8192,hyprefill,512/8192/8192,graph,131,50.5383,13.9202,50.5544,50.5383,
50,32,524288,8192,hyprefill,512/8192/8192,graph,132,50.8979,13.6456,50.9122,50.8979,
50,32,524288,8192,hyprefill,512/8192/8192,graph,133,50.3815,13.9202,50.3960,50.3815,
50,32,524288,8192,hyprefill,512/8192/8192,graph,134,50.6448,13.6456,50.6600,50.6448,
50,32,524288,8192,hyprefill,512/8192/8192,graph,135,50.2665,13.9202,50.2826,50.2665,
50,32,524288,8192,hyprefill,512/8192/8192,graph,136,50.3896,13.6456,50.4069,50.3896,
50,32,524288,8192,hyprefill,512/8192/8192,graph,137,50.6676,13.9202,50.6867,50.6676,
50,32,524288,8192,hyprefill,512/8192/8192,graph,138,51.4386,13.6456,51.4604,51.4386,
50,32,524288,8192,hyprefill,512/8192/8192,graph,139,50.0548,13.9202,50.0833,50.0548,
50,32,524288,8192,hyprefill,512/8192/8192,graph,140,50.5422,13.6456,50.5599,50.5422,
50,32,524288,8192,hyprefill,512/8192/8192,graph,141,50.4835,13.9202,50.5040,50.4835,
50,32,524288,8192,hyprefill,512/8192/8192,graph,142,50.7767,13.6456,50.8034,50.7767,
50,32,524288,8192,hyprefill,512/8192/8192,graph,143,50.6914,13.9202,50.7146,50.6914,
50,32,524288,8192,hyprefill,512/8192/8192,graph,144,51.9825,13.6456,52.0089,51.9825,
50,32,524288,8192,hyprefill,512/8192/8192,graph,145,51.0912,13.9202,51.1172,51.0912,
50,32,524288,8192,hyprefill,512/8192/8192,graph,146,50.0257,13.6456,50.0468,50.0257,
50,32,524288,8192,hyprefill,512/8192/8192,graph,147,49.8274,13.9202,49.8448,49.8274,
50,32,524288,8192,hyprefill,512/8192/8192,graph,148,50.6211,13.6456,50.6378,50.6211,
50,32,524288,8192,hyprefill,512/8192/8192,graph,149,50.2428,13.9202,50.2620,50.2428,
50,32,524288,8192,hyprefill,512/8192/8192,graph,150,51.8112,13.6456,51.8294,51.8112,
50,32,524288,8192,hyprefill,512/8192/8192,graph,151,50.8979,13.9202,50.9135,50.8979,
50,32,524288,8192,hyprefill,512/8192/8192,graph,152,50.5051,13.6456,50.5197,50.5051,
50,32,524288,8192,hyprefill,512/8192/8192,graph,153,49.9066,13.9202,49.9242,49.9066,
50,32,524288,8192,hyprefill,512/8192/8192,graph,154,50.3259,13.6456,50.3436,50.3259,
50,32,524288,8192,hyprefill,512/8192/8192,graph,155,50.2338,13.9202,50.2507,50.2338,
50,32,524288,8192,hyprefill,512/8192/8192,graph,156,51.0151,13.6456,51.0330,51.0151,
50,32,524288,8192,hyprefill,512/8192/8192,graph,157,50.8707,13.9202,50.8998,50.8707,
50,32,524288,8192,hyprefill,512/8192/8192,graph,158,50.8820,13.6456,50.9267,50.8820,
50,32,524288,8192,hyprefill,512/8192/8192,graph,159,50.6951,13.9202,50.7168,50.6951,
50,32,524288,8192,hyprefill,512/8192/8192,graph,160,51.3083,13.6456,51.3341,51.3083,
50,32,524288,8192,hyprefill,512/8192/8192,graph,161,50.7405,13.9202,50.7592,50.7405,
50,32,524288,8192,hyprefill,512/8192/8192,graph,162,50.9045,13.6456,50.9207,50.9045,
50,32,524288,8192,hyprefill,512/8192/8192,graph,163,50.6266,13.9202,50.6460,50.6266,
50,32,524288,8192,hyprefill,512/8192/8192,graph,164,51.4267,13.6456,51.4442,51.4267,
50,32,524288,8192,hyprefill,512/8192/8192,graph,165,50.1375,13.9202,50.1556,50.1375,
50,32,524288,8192,hyprefill,512/8192/8192,graph,166,50.7820,13.6456,50.8010,50.7820,
50,32,524288,8192,hyprefill,512/8192/8192,graph,167,50.2428,13.9202,50.2602,50.2428,
50,32,524288,8192,hyprefill,512/8192/8192,graph,168,50.9986,13.6456,51.0158,50.9986,
50,32,524288,8192,hyprefill,512/8192/8192,graph,169,50.8250,13.9202,50.8415,50.8250,
50,32,524288,8192,hyprefill,512/8192/8192,graph,170,51.1081,13.6456,51.1246,51.1081,
50,32,524288,8192,hyprefill,512/8192/8192,graph,171,50.5654,13.9202,50.5815,50.5654,
50,32,524288,8192,hyprefill,512/8192/8192,graph,172,51.1367,13.6456,51.1533,51.1367,
50,32,524288,8192,hyprefill,512/8192/8192,graph,173,50.6512,13.9202,50.6695,50.6512,
50,32,524288,8192,hyprefill,512/8192/8192,graph,174,51.8004,13.6456,51.8199,51.8004,
50,32,524288,8192,hyprefill,512/8192/8192,graph,175,50.2610,13.9202,50.2805,50.2610,
50,32,524288,8192,hyprefill,512/8192/8192,graph,176,49.6460,13.6456,49.6688,49.6460,
50,32,524288,8192,hyprefill,512/8192/8192,graph,177,50.4224,13.9202,50.4430,50.4224,
50,32,524288,8192,hyprefill,512/8192/8192,graph,178,49.7974,13.6456,49.8209,49.7974,
50,32,524288,8192,hyprefill,512/8192/8192,graph,179,51.6015,13.9202,51.6273,51.6015,
50,32,524288,8192,hyprefill,512/8192/8192,graph,180,51.6365,13.6456,51.6616,51.6365,
50,32,524288,8192,hyprefill,512/8192/8192,graph,181,50.1418,13.9202,50.1630,50.1418,
50,32,524288,8192,hyprefill,512/8192/8192,graph,182,50.8476,13.6456,50.8721,50.8476,
50,32,524288,8192,hyprefill,512/8192/8192,graph,183,50.7995,13.9202,50.8186,50.7995,
50,32,524288,8192,hyprefill,512/8192/8192,graph,184,51.1031,13.6456,51.1210,51.1031,
50,32,524288,8192,hyprefill,512/8192/8192,graph,185,50.4699,13.9202,50.4889,50.4699,
50,32,524288,8192,hyprefill,512/8192/8192,graph,186,51.1122,13.6456,51.1321,51.1122,
50,32,524288,8192,hyprefill,512/8192/8192,graph,187,50.2566,13.9202,50.2784,50.2566,
50,32,524288,8192,hyprefill,512/8192/8192,graph,188,50.5765,13.6456,50.6023,50.5765,
50,32,524288,8192,hyprefill,512/8192/8192,graph,189,50.5830,13.9202,50.6026,50.5830,
50,32,524288,8192,hyprefill,512/8192/8192,graph,190,50.8052,13.6456,50.8321,50.8052,
50,32,524288,8192,hyprefill,512/8192/8192,graph,191,49.8301,13.9202,49.8509,49.8301,
50,32,524288,8192,hyprefill,512/8192/8192,graph,192,51.1951,13.6456,51.2155,51.1951,
50,32,524288,8192,hyprefill,512/8192/8192,graph,193,50.5533,13.9202,50.5736,50.5533,
50,32,524288,8192,hyprefill,512/8192/8192,graph,194,50.4418,13.6456,50.4768,50.4418,
50,32,524288,8192,hyprefill,512/8192/8192,graph,195,50.0573,13.9202,50.0857,50.0573,
50,32,524288,8192,hyprefill,512/8192/8192,graph,196,50.5433,13.6456,50.5696,50.5433,
50,32,524288,8192,hyprefill,512/8192/8192,graph,197,50.3398,13.9202,50.3648,50.3398,
50,32,524288,8192,hyprefill,512/8192/8192,graph,198,51.5729,13.6456,51.6122,51.5729,
50,32,524288,8192,hyprefill,512/8192/8192,graph,199,51.0968,13.9202,51.1613,51.0968,
50,32,524288,8192,hyprefill,256/8192/8192,graph,0,47.0062,13.9520,47.0827,47.0062,
50,32,524288,8192,hyprefill,256/8192/8192,graph,1,46.8719,13.4028,46.9497,46.8719,
50,32,524288,8192,hyprefill,256/8192/8192,graph,2,46.9511,13.9520,47.0058,46.9511,
50,32,524288,8192,hyprefill,256/8192/8192,graph,3,46.9302,13.4028,46.9860,46.9302,
50,32,524288,8192,hyprefill,256/8192/8192,graph,4,47.2687,13.4346,47.3182,47.2687,
50,32,524288,8192,hyprefill,256/8192/8192,graph,5,49.6714,13.4346,49.6989,49.6714,
50,32,524288,8192,hyprefill,256/8192/8192,graph,6,50.0159,13.4346,50.0446,50.0159,
50,32,524288,8192,hyprefill,256/8192/8192,graph,7,50.0735,13.4346,50.0973,50.0735,
50,32,524288,8192,hyprefill,256/8192/8192,graph,8,50.2190,13.4346,50.2388,50.2190,
50,32,524288,8192,hyprefill,256/8192/8192,graph,9,50.2569,13.4346,50.2789,50.2569,
50,32,524288,8192,hyprefill,256/8192/8192,graph,10,50.3508,13.4346,50.3835,50.3508,
50,32,524288,8192,hyprefill,256/8192/8192,graph,11,50.2443,13.4346,50.3033,50.2443,
50,32,524288,8192,hyprefill,256/8192/8192,graph,12,50.0396,13.4346,50.0603,50.0396,
50,32,524288,8192,hyprefill,256/8192/8192,graph,13,49.8616,13.4346,49.8844,49.8616,
50,32,524288,8192,hyprefill,256/8192/8192,graph,14,50.1809,13.4346,50.2025,50.1809,
50,32,524288,8192,hyprefill,256/8192/8192,graph,15,50.3095,13.4346,50.3284,50.3095,
50,32,524288,8192,hyprefill,256/8192/8192,graph,16,50.6965,13.4346,50.7151,50.6965,
50,32,524288,8192,hyprefill,256/8192/8192,graph,17,50.0588,13.4346,50.0764,50.0588,
50,32,524288,8192,hyprefill,256/8192/8192,graph,18,50.1958,13.4346,50.2140,50.1958,
50,32,524288,8192,hyprefill,256/8192/8192,graph,19,50.2182,13.4346,50.2382,50.2182,
50,32,524288,8192,hyprefill,256/8192/8192,graph,20,50.7233,13.4346,50.7421,50.7233,
50,32,524288,8192,hyprefill,256/8192/8192,graph,21,53.4443,13.4346,53.4724,53.4443,
50,32,524288,8192,hyprefill,256/8192/8192,graph,22,57.5605,13.4346,57.5785,57.5605,
50,32,524288,8192,hyprefill,256/8192/8192,graph,23,54.0712,13.4346,54.0897,54.0712,
50,32,524288,8192,hyprefill,256/8192/8192,graph,24,52.2521,13.4346,52.2713,52.2521,
50,32,524288,8192,hyprefill,256/8192/8192,graph,25,50.6978,13.4346,50.7139,50.6978,
50,32,524288,8192,hyprefill,256/8192/8192,graph,26,50.8391,13.4346,50.8557,50.8391,
50,32,524288,8192,hyprefill,256/8192/8192,graph,27,50.6982,13.4346,50.7212,50.6982,
50,32,524288,8192,hyprefill,256/8192/8192,graph,28,50.5670,13.4346,50.5940,50.5670,
50,32,524288,8192,hyprefill,256/8192/8192,graph,29,50.3047,13.4346,50.3285,50.3047,
50,32,524288,8192,hyprefill,256/8192/8192,graph,30,50.0597,13.4346,50.0793,50.0597,
50,32,524288,8192,hyprefill,256/8192/8192,graph,31,50.2174,13.4346,50.2356,50.2174,
50,32,524288,8192,hyprefill,256/8192/8192,graph,32,47.2302,13.6774,47.2781,47.2302,
50,32,524288,8192,hyprefill,256/8192/8192,graph,33,47.5057,13.6774,47.5749,47.5057,
50,32,524288,8192,hyprefill,256/8192/8192,graph,34,47.4758,13.4346,47.5398,47.4758,
50,32,524288,8192,hyprefill,256/8192/8192,graph,35,49.1911,13.4346,49.2169,49.1911,
50,32,524288,8192,hyprefill,256/8192/8192,graph,36,46.8334,13.4028,46.8881,46.8334,
50,32,524288,8192,hyprefill,256/8192/8192,graph,37,47.0216,13.9520,47.1086,47.0216,
50,32,524288,8192,hyprefill,256/8192/8192,graph,38,46.8320,13.4028,46.8833,46.8320,
50,32,524288,8192,hyprefill,256/8192/8192,graph,39,47.1270,13.9520,47.1789,47.1270,
50,32,524288,8192,hyprefill,256/8192/8192,graph,40,46.7540,13.4028,46.8178,46.7540,
50,32,524288,8192,hyprefill,256/8192/8192,graph,41,46.9139,13.9520,46.9670,46.9139,
50,32,524288,8192,hyprefill,256/8192/8192,graph,42,46.9188,13.4028,46.9684,46.9188,
50,32,524288,8192,hyprefill,256/8192/8192,graph,43,47.6458,13.4346,47.6906,47.6458,
50,32,524288,8192,hyprefill,256/8192/8192,graph,44,48.8772,13.4346,48.8981,48.8772,
50,32,524288,8192,hyprefill,256/8192/8192,graph,45,50.2975,13.4346,50.3163,50.2975,
50,32,524288,8192,hyprefill,256/8192/8192,graph,46,50.5463,13.4346,50.5659,50.5463,
50,32,524288,8192,hyprefill,256/8192/8192,graph,47,50.4676,13.4346,50.4857,50.4676,
50,32,524288,8192,hyprefill,256/8192/8192,graph,48,50.2210,13.4346,50.2395,50.2210,
50,32,524288,8192,hyprefill,256/8192/8192,graph,49,47.7935,13.4346,47.8390,47.7935,
50,32,524288,8192,hyprefill,256/8192/8192,graph,50,48.6592,13.4346,48.6859,48.6592,
50,32,524288,8192,hyprefill,256/8192/8192,graph,51,49.9091,13.4346,49.9325,49.9091,
50,32,524288,8192,hyprefill,256/8192/8192,graph,52,50.5964,13.4346,50.6224,50.5964,
50,32,524288,8192,hyprefill,256/8192/8192,graph,53,50.5620,13.4346,50.5869,50.5620,
50,32,524288,8192,hyprefill,256/8192/8192,graph,54,50.1942,13.4346,50.2168,50.1942,
50,32,524288,8192,hyprefill,256/8192/8192,graph,55,50.2828,13.4346,50.3050,50.2828,
50,32,524288,8192,hyprefill,256/8192/8192,graph,56,50.4925,13.4346,50.5424,50.4925,
50,32,524288,8192,hyprefill,256/8192/8192,graph,57,50.4796,13.4346,50.5420,50.4796,
50,32,524288,8192,hyprefill,256/8192/8192,graph,58,51.3111,13.4346,51.3335,51.3111,
50,32,524288,8192,hyprefill,256/8192/8192,graph,59,50.3142,13.4346,50.3401,50.3142,
50,32,524288,8192,hyprefill,256/8192/8192,graph,60,50.4549,13.4346,50.4761,50.4549,
50,32,524288,8192,hyprefill,256/8192/8192,graph,61,50.4330,13.4346,50.4554,50.4330,
50,32,524288,8192,hyprefill,256/8192/8192,graph,62,50.3723,13.4346,50.3956,50.3723,
50,32,524288,8192,hyprefill,256/8192/8192,graph,63,50.2718,13.4346,50.2946,50.2718,
50,32,524288,8192,hyprefill,256/8192/8192,graph,64,49.6398,13.4346,49.6618,49.6398,
50,32,524288,8192,hyprefill,256/8192/8192,graph,65,51.6058,13.4346,51.6267,51.6058,
50,32,524288,8192,hyprefill,256/8192/8192,graph,66,57.7525,13.4346,57.7735,57.7525,
50,32,524288,8192,hyprefill,256/8192/8192,graph,67,55.3397,13.4346,55.3604,55.3397,
50,32,524288,8192,hyprefill,256/8192/8192,graph,68,52.7586,13.4346,52.7779,52.7586,
50,32,524288,8192,hyprefill,256/8192/8192,graph,69,51.1013,13.4346,51.1215,51.1013,
50,32,524288,8192,hyprefill,256/8192/8192,graph,70,51.1680,13.4346,51.1899,51.1680,
50,32,524288,8192,hyprefill,256/8192/8192,graph,71,50.6147,13.4346,50.6349,50.6147,
50,32,524288,8192,hyprefill,256/8192/8192,graph,72,50.4484,13.4346,50.4673,50.4484,
50,32,524288,8192,hyprefill,256/8192/8192,graph,73,50.4619,13.4346,50.4829,50.4619,
50,32,524288,8192,hyprefill,256/8192/8192,graph,74,50.7161,13.4346,50.7352,50.7161,
50,32,524288,8192,hyprefill,256/8192/8192,graph,75,46.8556,13.4028,46.9232,46.8556,
50,32,524288,8192,hyprefill,256/8192/8192,graph,76,46.8084,13.9520,46.8594,46.8084,
50,32,524288,8192,hyprefill,256/8192/8192,graph,77,46.8826,13.4028,46.9314,46.8826,
50,32,524288,8192,hyprefill,256/8192/8192,graph,78,46.9760,13.9520,47.0289,46.9760,
50,32,524288,8192,hyprefill,256/8192/8192,graph,79,46.9616,13.4028,47.0108,46.9616,
50,32,524288,8192,hyprefill,256/8192/8192,graph,80,46.3541,13.6774,46.4063,46.3541,
50,32,524288,8192,hyprefill,256/8192/8192,graph,81,47.1207,13.4028,47.1671,47.1207,
50,32,524288,8192,hyprefill,256/8192/8192,graph,82,47.2221,13.4346,47.2812,47.2221,
50,32,524288,8192,hyprefill,256/8192/8192,graph,83,50.0674,13.4346,50.0959,50.0674,
50,32,524288,8192,hyprefill,256/8192/8192,graph,84,50.3011,13.4346,50.3296,50.3011,
50,32,524288,8192,hyprefill,256/8192/8192,graph,85,50.3105,13.4346,50.3338,50.3105,
50,32,524288,8192,hyprefill,256/8192/8192,graph,86,50.3207,13.4346,50.3396,50.3207,
50,32,524288,8192,hyprefill,256/8192/8192,graph,87,50.4779,13.4346,50.4979,50.4779,
50,32,524288,8192,hyprefill,256/8192/8192,graph,88,50.1563,13.4346,50.1759,50.1563,
50,32,524288,8192,hyprefill,256/8192/8192,graph,89,46.8009,13.4028,46.8541,46.8009,
50,32,524288,8192,hyprefill,256/8192/8192,graph,90,47.1463,13.9520,47.1998,47.1463,
50,32,524288,8192,hyprefill,256/8192/8192,graph,91,47.1701,13.4028,47.2193,47.1701,
50,32,524288,8192,hyprefill,256/8192/8192,graph,92,47.1040,13.9520,47.1638,47.1040,
50,32,524288,8192,hyprefill,256/8192/8192,graph,93,47.5302,13.4346,47.5925,47.5302,
50,32,524288,8192,hyprefill,256/8192/8192,graph,94,49.5060,13.4346,49.5362,49.5060,
50,32,524288,8192,hyprefill,256/8192/8192,graph,95,49.5385,13.4346,49.5661,49.5385,
50,32,524288,8192,hyprefill,256/8192/8192,graph,96,49.9004,13.4346,49.9270,49.9004,
50,32,524288,8192,hyprefill,256/8192/8192,graph,97,49.9818,13.4346,50.0035,49.9818,
50,32,524288,8192,hyprefill,256/8192/8192,graph,98,46.9357,13.4028,46.9927,46.9357,
50,32,524288,8192,hyprefill,256/8192/8192,graph,99,49.4785,13.4346,49.5102,49.4785,
50,32,524288,8192,hyprefill,256/8192/8192,graph,100,50.3332,13.4346,50.3574,50.3332,
50,32,524288,8192,hyprefill,256/8192/8192,graph,101,50.6566,13.4346,50.6830,50.6566,
50,32,524288,8192,hyprefill,256/8192/8192,graph,102,50.7110,13.4346,50.7311,50.7110,
50,32,524288,8192,hyprefill,256/8192/8192,graph,103,47.3900,13.6774,47.4393,47.3900,
50,32,524288,8192,hyprefill,256/8192/8192,graph,104,47.7414,13.6774,47.7998,47.7414,
50,32,524288,8192,hyprefill,256/8192/8192,graph,105,48.0540,13.6774,48.1175,48.0540,
50,32,524288,8192,hyprefill,256/8192/8192,graph,106,47.6590,13.6774,47.7140,47.6590,
50,32,524288,8192,hyprefill,256/8192/8192,graph,107,47.3860,13.6774,47.4443,47.3860,
50,32,524288,8192,hyprefill,256/8192/8192,graph,108,47.5272,13.6774,47.5772,47.5272,
50,32,524288,8192,hyprefill,256/8192/8192,graph,109,47.4920,13.6774,47.5405,47.4920,
50,32,524288,8192,hyprefill,256/8192/8192,graph,110,48.1639,13.4346,48.2306,48.1639,
50,32,524288,8192,hyprefill,256/8192/8192,graph,111,49.4304,13.4346,49.4681,49.4304,
50,32,524288,8192,hyprefill,256/8192/8192,graph,112,49.8257,13.4346,49.8603,49.8257,
50,32,524288,8192,hyprefill,256/8192/8192,graph,113,50.3083,13.4346,50.3351,50.3083,
50,32,524288,8192,hyprefill,256/8192/8192,graph,114,47.2742,13.6774,47.3263,47.2742,
50,32,524288,8192,hyprefill,256/8192/8192,graph,115,48.0142,13.7092,48.0628,48.0142,
50,32,524288,8192,hyprefill,256/8192/8192,graph,116,47.9427,13.6774,48.0056,47.9427,
50,32,524288,8192,hyprefill,256/8192/8192,graph,117,48.3029,13.7092,48.3541,48.3029,
50,32,524288,8192,hyprefill,256/8192/8192,graph,118,47.4945,13.6774,47.5513,47.4945,
50,32,524288,8192,hyprefill,256/8192/8192,graph,119,48.2681,13.7092,48.3273,48.2681,
50,32,524288,8192,hyprefill,256/8192/8192,graph,120,47.4052,13.6774,47.4573,47.4052,
50,32,524288,8192,hyprefill,256/8192/8192,graph,121,47.2839,13.4346,47.3426,47.2839,
50,32,524288,8192,hyprefill,256/8192/8192,graph,122,48.8100,13.4346,48.8426,48.8100,
50,32,524288,8192,hyprefill,256/8192/8192,graph,123,50.5119,13.4346,50.5366,50.5119,
50,32,524288,8192,hyprefill,256/8192/8192,graph,124,50.3267,13.4346,50.3562,50.3267,
50,32,524288,8192,hyprefill,256/8192/8192,graph,125,50.3105,13.4346,50.3336,50.3105,
50,32,524288,8192,hyprefill,256/8192/8192,graph,126,50.6397,13.4346,50.6620,50.6397,
50,32,524288,8192,hyprefill,256/8192/8192,graph,127,50.3805,13.4346,50.4019,50.3805,
50,32,524288,8192,hyprefill,256/8192/8192,graph,128,50.2573,13.4346,50.2783,50.2573,
50,32,524288,8192,hyprefill,256/8192/8192,graph,129,50.4767,13.4346,50.5104,50.4767,
50,32,524288,8192,hyprefill,256/8192/8192,graph,130,50.6433,13.4346,50.6961,50.6433,
50,32,524288,8192,hyprefill,256/8192/8192,graph,131,49.8693,13.4346,49.9082,49.8693,
50,32,524288,8192,hyprefill,256/8192/8192,graph,132,50.1927,13.4346,50.2119,50.1927,
50,32,524288,8192,hyprefill,256/8192/8192,graph,133,49.9645,13.4346,49.9868,49.9645,
50,32,524288,8192,hyprefill,256/8192/8192,graph,134,50.6060,13.4346,50.6268,50.6060,
50,32,524288,8192,hyprefill,256/8192/8192,graph,135,53.4388,13.4346,53.4603,53.4388,
50,32,524288,8192,hyprefill,256/8192/8192,graph,136,52.8149,13.4346,52.8418,52.8149,
50,32,524288,8192,hyprefill,256/8192/8192,graph,137,52.4820,13.4346,52.5106,52.4820,
50,32,524288,8192,hyprefill,256/8192/8192,graph,138,56.6455,13.4346,56.6703,56.6455,
50,32,524288,8192,hyprefill,256/8192/8192,graph,139,54.2084,13.4346,54.2287,54.2084,
50,32,524288,8192,hyprefill,256/8192/8192,graph,140,51.1835,13.4346,51.2022,51.1835,
50,32,524288,8192,hyprefill,256/8192/8192,graph,141,47.7664,13.7092,47.8158,47.7664,
50,32,524288,8192,hyprefill,256/8192/8192,graph,142,46.6053,13.4028,46.6542,46.6053,
50,32,524288,8192,hyprefill,256/8192/8192,graph,143,47.3183,13.9520,47.3755,47.3183,
50,32,524288,8192,hyprefill,256/8192/8192,graph,144,46.8143,13.4028,46.8751,46.8143,
50,32,524288,8192,hyprefill,256/8192/8192,graph,145,46.9304,13.9520,46.9843,46.9304,
50,32,524288,8192,hyprefill,256/8192/8192,graph,146,47.2373,13.4028,47.2868,47.2373,
50,32,524288,8192,hyprefill,256/8192/8192,graph,147,47.3588,13.6774,47.4074,47.3588,
50,32,524288,8192,hyprefill,256/8192/8192,graph,148,47.0618,13.4028,47.1174,47.0618,
50,32,524288,8192,hyprefill,256/8192/8192,graph,149,47.0771,13.4346,47.1416,47.0771,
50,32,524288,8192,hyprefill,256/8192/8192,graph,150,47.4212,13.4346,47.4529,47.4212,
50,32,524288,8192,hyprefill,256/8192/8192,graph,151,50.2491,13.4346,50.2773,50.2491,
50,32,524288,8192,hyprefill,256/8192/8192,graph,152,50.4592,13.4346,50.4871,50.4592,
50,32,524288,8192,hyprefill,256/8192/8192,graph,153,47.0700,13.4028,47.1271,47.0700,
50,32,524288,8192,hyprefill,256/8192/8192,graph,154,46.2028,13.6774,46.2510,46.2028,
50,32,524288,8192,hyprefill,256/8192/8192,graph,155,46.6903,13.4028,46.7409,46.6903,
50,32,524288,8192,hyprefill,256/8192/8192,graph,156,46.6620,13.6774,46.7111,46.6620,
50,32,524288,8192,hyprefill,256/8192/8192,graph,157,47.6020,13.4028,47.6578,47.6020,
50,32,524288,8192,hyprefill,256/8192/8192,graph,158,46.5296,13.6774,46.5941,46.5296,
50,32,524288,8192,hyprefill,256/8192/8192,graph,159,47.3238,13.4028,47.3775,47.3238,
50,32,524288,8192,hyprefill,256/8192/8192,graph,160,47.2852,13.4346,47.3327,47.2852,
50,32,524288,8192,hyprefill,256/8192/8192,graph,161,49.6050,13.4346,49.6352,49.6050,
50,32,524288,8192,hyprefill,256/8192/8192,graph,162,50.1945,13.4346,50.2147,50.1945,
50,32,524288,8192,hyprefill,256/8192/8192,graph,163,50.4813,13.4346,50.5042,50.4813,
50,32,524288,8192,hyprefill,256/8192/8192,graph,164,49.9792,13.4346,50.0044,49.9792,
50,32,524288,8192,hyprefill,256/8192/8192,graph,165,49.8974,13.4346,49.9204,49.8974,
50,32,524288,8192,hyprefill,256/8192/8192,graph,166,50.1667,13.4346,50.1891,50.1667,
50,32,524288,8192,hyprefill,256/8192/8192,graph,167,50.0682,13.4346,50.0973,50.0682,
50,32,524288,8192,hyprefill,256/8192/8192,graph,168,50.1923,13.4346,50.2165,50.1923,
50,32,524288,8192,hyprefill,256/8192/8192,graph,169,50.3461,13.4346,50.3736,50.3461,
50,32,524288,8192,hyprefill,256/8192/8192,graph,170,49.8877,13.4346,49.9113,49.8877,
50,32,524288,8192,hyprefill,256/8192/8192,graph,171,50.2116,13.4346,50.2325,50.2116,
50,32,524288,8192,hyprefill,256/8192/8192,graph,172,49.4385,13.4346,49.4658,49.4385,
50,32,524288,8192,hyprefill,256/8192/8192,graph,173,50.1202,13.4346,50.1565,50.1202,
50,32,524288,8192,hyprefill,256/8192/8192,graph,174,50.3405,13.4346,50.3771,50.3405,
50,32,524288,8192,hyprefill,256/8192/8192,graph,175,50.0252,13.4346,50.0662,50.0252,
50,32,524288,8192,hyprefill,256/8192/8192,graph,176,49.9644,13.4346,49.9890,49.9644,
50,32,524288,8192,hyprefill,256/8192/8192,graph,177,56.3441,13.4346,56.3663,56.3441,
50,32,524288,8192,hyprefill,256/8192/8192,graph,178,57.4540,13.4346,57.4790,57.4540,
50,32,524288,8192,hyprefill,256/8192/8192,graph,179,53.7887,13.4346,53.8176,53.7887,
50,32,524288,8192,hyprefill,256/8192/8192,graph,180,51.8031,13.4346,51.8414,51.8031,
50,32,524288,8192,hyprefill,256/8192/8192,graph,181,51.7318,13.4346,51.7599,51.7318,
50,32,524288,8192,hyprefill,256/8192/8192,graph,182,50.2313,13.4346,50.2515,50.2313,
50,32,524288,8192,hyprefill,256/8192/8192,graph,183,50.5343,13.4346,50.5545,50.5343,
50,32,524288,8192,hyprefill,256/8192/8192,graph,184,50.3821,13.4346,50.4011,50.3821,
50,32,524288,8192,hyprefill,256/8192/8192,graph,185,50.4777,13.4346,50.4963,50.4777,
50,32,524288,8192,hyprefill,256/8192/8192,graph,186,50.3479,13.4346,50.3671,50.3479,
50,32,524288,8192,hyprefill,256/8192/8192,graph,187,50.8237,13.4346,50.8428,50.8237,
50,32,524288,8192,hyprefill,256/8192/8192,graph,188,50.5286,13.4346,50.5496,50.5286,
50,32,524288,8192,hyprefill,256/8192/8192,graph,189,46.8211,13.4028,46.8878,46.8211,
50,32,524288,8192,hyprefill,256/8192/8192,graph,190,47.2473,13.9520,47.3017,47.2473,
50,32,524288,8192,hyprefill,256/8192/8192,graph,191,47.4773,13.6774,47.5301,47.4773,
50,32,524288,8192,hyprefill,256/8192/8192,graph,192,47.3829,13.4028,47.4335,47.3829,
50,32,524288,8192,hyprefill,256/8192/8192,graph,193,46.3897,13.6774,46.4431,46.3897,
50,32,524288,8192,hyprefill,256/8192/8192,graph,194,46.9672,13.4028,47.0340,46.9672,
50,32,524288,8192,hyprefill,256/8192/8192,graph,195,46.8319,13.6774,46.8825,46.8319,
50,32,524288,8192,hyprefill,256/8192/8192,graph,196,47.0996,13.4028,47.1491,47.0996,
50,32,524288,8192,hyprefill,256/8192/8192,graph,197,46.2549,13.6774,46.3024,46.2549,
50,32,524288,8192,hyprefill,256/8192/8192,graph,198,47.1380,13.4028,47.1881,47.1380,
50,32,524288,8192,hyprefill,256/8192/8192,graph,199,46.2467,13.6774,46.3078,46.2467,
50,32,524288,8192,hyprefill,256/4096/4096,graph,0,47.5071,13.9520,47.5579,47.5071,
50,32,524288,8192,hyprefill,256/4096/4096,graph,1,47.3622,13.9520,47.4108,47.3622,
50,32,524288,8192,hyprefill,256/4096/4096,graph,2,47.2879,13.9520,47.3335,47.2879,
50,32,524288,8192,hyprefill,256/4096/4096,graph,3,47.1840,13.4028,47.2493,47.1840,
50,32,524288,8192,hyprefill,256/4096/4096,graph,4,46.9205,13.6774,46.9956,46.9205,
50,32,524288,8192,hyprefill,256/4096/4096,graph,5,46.6636,13.6774,46.7117,46.6636,
50,32,524288,8192,hyprefill,256/4096/4096,graph,6,47.6348,13.7092,47.6808,47.6348,
50,32,524288,8192,hyprefill,256/4096/4096,graph,7,47.3455,13.7092,47.3721,47.3455,
50,32,524288,8192,hyprefill,256/4096/4096,graph,8,47.3844,13.4346,47.4352,47.3844,
50,32,524288,8192,hyprefill,256/4096/4096,graph,9,49.4286,13.4346,49.4628,49.4286,
50,32,524288,8192,hyprefill,256/4096/4096,graph,10,49.8300,13.4346,49.8575,49.8300,
50,32,524288,8192,hyprefill,256/4096/4096,graph,11,50.0366,13.4346,50.0635,50.0366,
50,32,524288,8192,hyprefill,256/4096/4096,graph,12,50.3535,13.4346,50.3760,50.3535,
50,32,524288,8192,hyprefill,256/4096/4096,graph,13,50.6330,13.4346,50.6558,50.6330,
50,32,524288,8192,hyprefill,256/4096/4096,graph,14,50.1075,13.4346,50.1392,50.1075,
50,32,524288,8192,hyprefill,256/4096/4096,graph,15,50.1692,13.4346,50.1926,50.1692,
50,32,524288,8192,hyprefill,256/4096/4096,graph,16,50.1064,13.4346,50.1278,50.1064,
50,32,524288,8192,hyprefill,256/4096/4096,graph,17,50.5720,13.4346,50.5979,50.5720,
50,32,524288,8192,hyprefill,256/4096/4096,graph,18,50.3586,13.4346,50.3784,50.3586,
50,32,524288,8192,hyprefill,256/4096/4096,graph,19,50.5431,13.4346,50.5596,50.5431,
50,32,524288,8192,hyprefill,256/4096/4096,graph,20,50.4866,13.4346,50.5049,50.4866,
50,32,524288,8192,hyprefill,256/4096/4096,graph,21,47.6481,13.4028,47.7161,47.6481,
50,32,524288,8192,hyprefill,256/4096/4096,graph,22,46.6612,13.9520,46.7262,46.6612,
50,32,524288,8192,hyprefill,256/4096/4096,graph,23,47.1256,13.4028,47.1844,47.1256,
50,32,524288,8192,hyprefill,256/4096/4096,graph,24,46.6867,14.2266,46.7531,46.6867,
50,32,524288,8192,hyprefill,256/4096/4096,graph,25,48.1949,13.4028,48.2824,48.1949,
50,32,524288,8192,hyprefill,256/4096/4096,graph,26,47.0722,14.5012,47.1426,47.0722,
50,32,524288,8192,hyprefill,256/4096/4096,graph,27,48.0298,13.4028,48.0768,48.0298,
50,32,524288,8192,hyprefill,256/4096/4096,graph,28,46.8685,13.9520,46.9214,46.8685,
50,32,524288,8192,hyprefill,256/4096/4096,graph,29,47.1233,13.9520,47.1688,47.1233,
50,32,524288,8192,hyprefill,256/4096/4096,graph,30,46.6965,13.9520,46.7529,46.6965,
50,32,524288,8192,hyprefill,256/4096/4096,graph,31,47.0237,13.9520,47.0866,47.0237,
50,32,524288,8192,hyprefill,256/4096/4096,graph,32,47.8222,13.7092,47.8785,47.8222,
50,32,524288,8192,hyprefill,256/4096/4096,graph,33,47.6873,13.7092,47.7130,47.6873,
50,32,524288,8192,hyprefill,256/4096/4096,graph,34,50.5114,13.7092,50.5313,50.5114,
50,32,524288,8192,hyprefill,256/4096/4096,graph,35,50.6643,13.7092,50.6851,50.6643,
50,32,524288,8192,hyprefill,256/4096/4096,graph,36,50.6819,13.7092,50.7022,50.6819,
50,32,524288,8192,hyprefill,256/4096/4096,graph,37,50.4183,13.7092,50.4386,50.4183,
50,32,524288,8192,hyprefill,256/4096/4096,graph,38,50.5410,13.7092,50.5587,50.5410,
50,32,524288,8192,hyprefill,256/4096/4096,graph,39,47.9758,13.4346,48.0217,47.9758,
50,32,524288,8192,hyprefill,256/4096/4096,graph,40,48.3595,13.4346,48.4081,48.3595,
50,32,524288,8192,hyprefill,256/4096/4096,graph,41,47.3849,13.7092,47.4371,47.3849,
50,32,524288,8192,hyprefill,256/4096/4096,graph,42,47.9164,13.4346,47.9693,47.9164,
50,32,524288,8192,hyprefill,256/4096/4096,graph,43,47.3825,13.7092,47.4345,47.3825,
50,32,524288,8192,hyprefill,256/4096/4096,graph,44,47.9653,13.4346,48.0121,47.9653,
50,32,524288,8192,hyprefill,256/4096/4096,graph,45,47.9987,13.9838,48.0478,47.9987,
50,32,524288,8192,hyprefill,256/4096/4096,graph,46,47.6981,13.4346,47.7562,47.6981,
50,32,524288,8192,hyprefill,256/4096/4096,graph,47,47.9448,13.9838,47.9914,47.9448,
50,32,524288,8192,hyprefill,256/4096/4096,graph,48,47.5026,13.6774,47.5707,47.5026,
50,32,524288,8192,hyprefill,256/4096/4096,graph,49,47.0573,13.9520,47.1100,47.0573,
50,32,524288,8192,hyprefill,256/4096/4096,graph,50,47.4623,13.6774,47.5240,47.4623,
50,32,524288,8192,hyprefill,256/4096/4096,graph,51,46.6129,13.6774,46.6677,46.6129,
50,32,524288,8192,hyprefill,256/4096/4096,graph,52,46.5110,13.6774,46.5674,46.5110,
50,32,524288,8192,hyprefill,256/4096/4096,graph,53,46.9564,13.9520,47.0319,46.9564,
50,32,524288,8192,hyprefill,256/4096/4096,graph,54,46.4594,13.6774,46.5144,46.4594,
50,32,524288,8192,hyprefill,256/4096/4096,graph,55,47.1723,13.4028,47.2452,47.1723,
50,32,524288,8192,hyprefill,256/4096/4096,graph,56,47.3994,13.4346,47.4612,47.3994,
50,32,524288,8192,hyprefill,256/4096/4096,graph,57,46.8115,13.9520,46.8698,46.8115,
50,32,524288,8192,hyprefill,256/4096/4096,graph,58,46.7621,13.9520,46.8264,46.7621,
50,32,524288,8192,hyprefill,256/4096/4096,graph,59,47.0685,13.9520,47.1266,47.0685,
50,32,524288,8192,hyprefill,256/4096/4096,graph,60,47.0093,13.9520,47.0593,47.0093,
50,32,524288,8192,hyprefill,256/4096/4096,graph,61,46.9803,13.4028,47.0307,46.9803,
50,32,524288,8192,hyprefill,256/4096/4096,graph,62,46.8589,13.9520,46.9101,46.8589,
50,32,524288,8192,hyprefill,256/4096/4096,graph,63,47.4729,13.6774,47.5347,47.4729,
50,32,524288,8192,hyprefill,256/4096/4096,graph,64,47.2577,13.7092,47.3029,47.2577,
50,32,524288,8192,hyprefill,256/4096/4096,graph,65,47.7114,13.7092,47.7598,47.7114,
50,32,524288,8192,hyprefill,256/4096/4096,graph,66,48.1702,13.4346,48.2376,48.1702,
50,32,524288,8192,hyprefill,256/4096/4096,graph,67,47.0786,13.4028,47.1347,47.0786,
50,32,524288,8192,hyprefill,256/4096/4096,graph,68,46.5745,14.2266,46.6384,46.5745,
50,32,524288,8192,hyprefill,256/4096/4096,graph,69,47.1142,13.4028,47.1636,47.1142,
50,32,524288,8192,hyprefill,256/4096/4096,graph,70,47.2106,13.6774,47.2665,47.2106,
50,32,524288,8192,hyprefill,256/4096/4096,graph,71,46.5830,13.6774,46.6654,46.5830,
50,32,524288,8192,hyprefill,256/4096/4096,graph,72,46.8711,13.6774,46.9359,46.8711,
50,32,524288,8192,hyprefill,256/4096/4096,graph,73,46.3986,13.6774,46.4574,46.3986,
50,32,524288,8192,hyprefill,256/4096/4096,graph,74,47.6186,13.7092,47.6675,47.6186,
50,32,524288,8192,hyprefill,256/4096/4096,graph,75,49.0151,13.7092,49.0372,49.0151,
50,32,524288,8192,hyprefill,256/4096/4096,graph,76,50.9312,13.7092,50.9518,50.9312,
50,32,524288,8192,hyprefill,256/4096/4096,graph,77,50.5308,13.7092,50.5523,50.5308,
50,32,524288,8192,hyprefill,256/4096/4096,graph,78,50.5262,13.7092,50.5434,50.5262,
50,32,524288,8192,hyprefill,256/4096/4096,graph,79,50.5417,13.7092,50.5620,50.5417,
50,32,524288,8192,hyprefill,256/4096/4096,graph,80,50.7854,13.7092,50.8089,50.7854,
50,32,524288,8192,hyprefill,256/4096/4096,graph,81,50.5839,13.7092,50.6009,50.5839,
50,32,524288,8192,hyprefill,256/4096/4096,graph,82,50.5344,13.7092,50.5523,50.5344,
50,32,524288,8192,hyprefill,256/4096/4096,graph,83,50.6107,13.7092,50.6287,50.6107,
50,32,524288,8192,hyprefill,256/4096/4096,graph,84,50.3756,13.7092,50.3928,50.3756,
50,32,524288,8192,hyprefill,256/4096/4096,graph,85,50.7281,13.7092,50.7466,50.7281,
50,32,524288,8192,hyprefill,256/4096/4096,graph,86,51.1500,13.7092,51.1667,51.1500,
50,32,524288,8192,hyprefill,256/4096/4096,graph,87,47.9606,13.6774,48.0301,47.9606,
50,32,524288,8192,hyprefill,256/4096/4096,graph,88,47.5539,13.9520,47.6181,47.5539,
50,32,524288,8192,hyprefill,256/4096/4096,graph,89,46.8660,13.6774,46.9293,46.8660,
50,32,524288,8192,hyprefill,256/4096/4096,graph,90,46.5234,13.6774,46.5783,46.5234,
50,32,524288,8192,hyprefill,256/4096/4096,graph,91,47.2531,13.4028,47.2995,47.2531,
50,32,524288,8192,hyprefill,256/4096/4096,graph,92,46.9785,14.2266,47.0250,46.9785,
50,32,524288,8192,hyprefill,256/4096/4096,graph,93,47.6905,13.4028,47.7637,47.6905,
50,32,524288,8192,hyprefill,256/4096/4096,graph,94,47.1219,13.4028,47.1832,47.1219,
50,32,524288,8192,hyprefill,256/4096/4096,graph,95,46.2478,13.9520,46.2966,46.2478,
50,32,524288,8192,hyprefill,256/4096/4096,graph,96,47.0835,13.6774,47.1296,47.0835,
50,32,524288,8192,hyprefill,256/4096/4096,graph,97,47.4096,13.4028,47.4769,47.4096,
50,32,524288,8192,hyprefill,256/4096/4096,graph,98,46.4453,13.9520,46.5252,46.4453,
50,32,524288,8192,hyprefill,256/4096/4096,graph,99,47.5126,13.6774,47.5694,47.5126,
50,32,524288,8192,hyprefill,256/4096/4096,graph,100,46.9522,13.6774,47.0056,46.9522,
50,32,524288,8192,hyprefill,256/4096/4096,graph,101,46.7488,13.9520,46.8061,46.7488,
50,32,524288,8192,hyprefill,256/4096/4096,graph,102,47.2497,13.6774,47.3039,47.2497,
50,32,524288,8192,hyprefill,256/4096/4096,graph,103,47.1320,13.6774,47.1953,47.1320,
50,32,524288,8192,hyprefill,256/4096/4096,graph,104,46.7606,13.9520,46.8238,46.7606,
50,32,524288,8192,hyprefill,256/4096/4096,graph,105,47.2894,13.6774,47.3461,47.2894,
50,32,524288,8192,hyprefill,256/4096/4096,graph,106,47.2761,13.4346,47.3357,47.2761,
50,32,524288,8192,hyprefill,256/4096/4096,graph,107,49.9897,13.4346,50.0159,49.9897,
50,32,524288,8192,hyprefill,256/4096/4096,graph,108,50.5858,13.4346,50.6078,50.5858,
50,32,524288,8192,hyprefill,256/4096/4096,graph,109,50.3348,13.4346,50.3516,50.3348,
50,32,524288,8192,hyprefill,256/4096/4096,graph,110,50.4758,13.4346,50.4933,50.4758,
50,32,524288,8192,hyprefill,256/4096/4096,graph,111,50.1978,13.4346,50.2329,50.1978,
50,32,524288,8192,hyprefill,256/4096/4096,graph,112,50.0208,13.4346,50.0956,50.0208,
50,32,524288,8192,hyprefill,256/4096/4096,graph,113,50.4221,13.4346,50.4811,50.4221,
50,32,524288,8192,hyprefill,256/4096/4096,graph,114,49.7334,13.4346,49.7934,49.7334,
50,32,524288,8192,hyprefill,256/4096/4096,graph,115,46.8959,13.6774,46.9481,46.8959,
50,32,524288,8192,hyprefill,256/4096/4096,graph,116,47.3495,14.2266,47.4254,47.3495,
50,32,524288,8192,hyprefill,256/4096/4096,graph,117,47.3563,13.4028,47.4176,47.3563,
50,32,524288,8192,hyprefill,256/4096/4096,graph,118,47.6710,14.2266,47.7239,47.6710,
50,32,524288,8192,hyprefill,256/4096/4096,graph,119,47.5555,13.4028,47.6132,47.5555,
50,32,524288,8192,hyprefill,256/4096/4096,graph,120,47.2947,14.2266,47.3556,47.2947,
50,32,524288,8192,hyprefill,256/4096/4096,graph,121,48.1428,13.4028,48.2409,48.1428,
50,32,524288,8192,hyprefill,256/4096/4096,graph,122,47.4239,14.2266,47.4721,47.4239,
50,32,524288,8192,hyprefill,256/4096/4096,graph,123,47.6034,13.7092,47.6490,47.6034,
50,32,524288,8192,hyprefill,256/4096/4096,graph,124,48.1257,13.4028,48.1853,48.1257,
50,32,524288,8192,hyprefill,256/4096/4096,graph,125,47.2719,13.7092,47.3203,47.2719,
50,32,524288,8192,hyprefill,256/4096/4096,graph,126,47.5551,13.6774,47.6155,47.5551,
50,32,524288,8192,hyprefill,256/4096/4096,graph,127,47.5604,13.7092,47.6260,47.5604,
50,32,524288,8192,hyprefill,256/4096/4096,graph,128,47.3803,13.6774,47.4336,47.3803,
50,32,524288,8192,hyprefill,256/4096/4096,graph,129,47.1892,13.4346,47.2455,47.1892,
50,32,524288,8192,hyprefill,256/4096/4096,graph,130,47.9767,13.4346,48.0013,47.9767,
50,32,524288,8192,hyprefill,256/4096/4096,graph,131,47.6177,13.7092,47.6816,47.6177,
50,32,524288,8192,hyprefill,256/4096/4096,graph,132,49.1937,13.7092,49.2326,49.1937,
50,32,524288,8192,hyprefill,256/4096/4096,graph,133,50.6053,13.7092,50.6331,50.6053,
50,32,524288,8192,hyprefill,256/4096/4096,graph,134,50.8073,13.7092,50.8323,50.8073,
50,32,524288,8192,hyprefill,256/4096/4096,graph,135,50.5062,13.7092,50.5266,50.5062,
50,32,524288,8192,hyprefill,256/4096/4096,graph,136,50.8353,13.7092,50.8551,50.8353,
50,32,524288,8192,hyprefill,256/4096/4096,graph,137,50.6099,13.7092,50.6314,50.6099,
50,32,524288,8192,hyprefill,256/4096/4096,graph,138,47.3621,13.6774,47.4141,47.3621,
50,32,524288,8192,hyprefill,256/4096/4096,graph,139,46.8420,13.9520,46.9163,46.8420,
50,32,524288,8192,hyprefill,256/4096/4096,graph,140,46.9513,13.4028,47.0119,46.9513,
50,32,524288,8192,hyprefill,256/4096/4096,graph,141,46.8590,13.9520,46.9044,46.8590,
50,32,524288,8192,hyprefill,256/4096/4096,graph,142,47.5010,13.4028,47.5623,47.5010,
50,32,524288,8192,hyprefill,256/4096/4096,graph,143,46.5796,14.2266,46.6296,46.5796,
50,32,524288,8192,hyprefill,256/4096/4096,graph,144,47.1555,13.4028,47.2020,47.1555,
50,32,524288,8192,hyprefill,256/4096/4096,graph,145,46.9739,13.4028,47.0186,46.9739,
50,32,524288,8192,hyprefill,256/4096/4096,graph,146,46.4970,14.2266,46.5413,46.4970,
50,32,524288,8192,hyprefill,256/4096/4096,graph,147,47.4858,13.4028,47.5593,47.4858,
50,32,524288,8192,hyprefill,256/4096/4096,graph,148,46.5616,13.6774,46.6140,46.5616,
50,32,524288,8192,hyprefill,256/4096/4096,graph,149,46.4665,13.6774,46.5129,46.4665,
50,32,524288,8192,hyprefill,256/4096/4096,graph,150,46.6913,13.6774,46.7537,46.6913,
50,32,524288,8192,hyprefill,256/4096/4096,graph,151,46.5422,13.6774,46.5873,46.5422,
50,32,524288,8192,hyprefill,256/4096/4096,graph,152,47.4956,13.4346,47.5401,47.4956,
50,32,524288,8192,hyprefill,256/4096/4096,graph,153,49.0178,13.4346,49.0397,49.0178,
50,32,524288,8192,hyprefill,256/4096/4096,graph,154,50.2127,13.4346,50.2367,50.2127,
50,32,524288,8192,hyprefill,256/4096/4096,graph,155,50.4049,13.4346,50.4312,50.4049,
50,32,524288,8192,hyprefill,256/4096/4096,graph,156,50.6874,13.4346,50.7110,50.6874,
50,32,524288,8192,hyprefill,256/4096/4096,graph,157,49.9331,13.4346,49.9537,49.9331,
50,32,524288,8192,hyprefill,256/4096/4096,graph,158,50.1896,13.4346,50.2067,50.1896,
50,32,524288,8192,hyprefill,256/4096/4096,graph,159,50.2166,13.4346,50.2357,50.2166,
50,32,524288,8192,hyprefill,256/4096/4096,graph,160,47.9406,13.4346,47.9841,47.9406,
50,32,524288,8192,hyprefill,256/4096/4096,graph,161,48.7171,13.4346,48.7392,48.7171,
50,32,524288,8192,hyprefill,256/4096/4096,graph,162,50.0354,13.4346,50.0543,50.0354,
50,32,524288,8192,hyprefill,256/4096/4096,graph,163,50.5744,13.4346,50.5913,50.5744,
50,32,524288,8192,hyprefill,256/4096/4096,graph,164,50.2556,13.4346,50.2732,50.2556,
50,32,524288,8192,hyprefill,256/4096/4096,graph,165,49.8524,13.4346,49.8700,49.8524,
50,32,524288,8192,hyprefill,256/4096/4096,graph,166,49.9369,13.4346,49.9543,49.9369,
50,32,524288,8192,hyprefill,256/4096/4096,graph,167,50.4733,13.4346,50.4908,50.4733,
50,32,524288,8192,hyprefill,256/4096/4096,graph,168,47.2273,13.4028,47.2751,47.2273,
50,32,524288,8192,hyprefill,256/4096/4096,graph,169,47.1095,13.9520,47.1584,47.1095,
50,32,524288,8192,hyprefill,256/4096/4096,graph,170,47.2710,13.6774,47.3187,47.2710,
50,32,524288,8192,hyprefill,256/4096/4096,graph,171,46.7992,13.9520,46.8580,46.7992,
50,32,524288,8192,hyprefill,256/4096/4096,graph,172,47.1058,13.6774,47.1652,47.1058,
50,32,524288,8192,hyprefill,256/4096/4096,graph,173,47.0337,13.9520,47.0837,47.0337,
50,32,524288,8192,hyprefill,256/4096/4096,graph,174,47.5781,13.6774,47.6268,47.5781,
50,32,524288,8192,hyprefill,256/4096/4096,graph,175,47.3466,13.6774,47.3971,47.3466,
50,32,524288,8192,hyprefill,256/4096/4096,graph,176,47.4586,13.4346,47.5124,47.4586,
50,32,524288,8192,hyprefill,256/4096/4096,graph,177,48.0981,13.4346,48.1238,48.0981,
50,32,524288,8192,hyprefill,256/4096/4096,graph,178,50.5708,13.4346,50.5957,50.5708,
50,32,524288,8192,hyprefill,256/4096/4096,graph,179,50.4548,13.4346,50.4774,50.4548,
50,32,524288,8192,hyprefill,256/4096/4096,graph,180,50.5906,13.4346,50.6142,50.5906,
50,32,524288,8192,hyprefill,256/4096/4096,graph,181,50.3118,13.4346,50.3315,50.3118,
50,32,524288,8192,hyprefill,256/4096/4096,graph,182,47.9087,13.7092,47.9812,47.9087,
50,32,524288,8192,hyprefill,256/4096/4096,graph,183,47.7719,13.7092,47.8323,47.7719,
50,32,524288,8192,hyprefill,256/4096/4096,graph,184,50.4476,13.7092,50.4667,50.4476,
50,32,524288,8192,hyprefill,256/4096/4096,graph,185,50.6465,13.7092,50.6649,50.6465,
50,32,524288,8192,hyprefill,256/4096/4096,graph,186,50.9620,13.7092,50.9803,50.9620,
50,32,524288,8192,hyprefill,256/4096/4096,graph,187,51.2312,13.7092,51.2512,51.2312,
50,32,524288,8192,hyprefill,256/4096/4096,graph,188,50.3214,13.7092,50.3441,50.3214,
50,32,524288,8192,hyprefill,256/4096/4096,graph,189,50.5889,13.7092,50.6125,50.5889,
50,32,524288,8192,hyprefill,256/4096/4096,graph,190,50.5884,13.7092,50.6081,50.5884,
50,32,524288,8192,hyprefill,256/4096/4096,graph,191,47.5778,13.4028,47.6272,47.5778,
50,32,524288,8192,hyprefill,256/4096/4096,graph,192,46.8265,13.9520,46.8738,46.8265,
50,32,524288,8192,hyprefill,256/4096/4096,graph,193,47.1956,13.6774,47.2496,47.1956,
50,32,524288,8192,hyprefill,256/4096/4096,graph,194,47.1562,14.2266,47.2163,47.1562,
50,32,524288,8192,hyprefill,256/4096/4096,graph,195,47.3810,13.6774,47.4300,47.3810,
50,32,524288,8192,hyprefill,256/4096/4096,graph,196,47.1126,13.6774,47.1613,47.1126,
50,32,524288,8192,hyprefill,256/4096/4096,graph,197,47.2171,14.2266,47.2642,47.2171,
50,32,524288,8192,hyprefill,256/4096/4096,graph,198,47.7124,13.6774,47.7593,47.7124,
50,32,524288,8192,hyprefill,256/4096/4096,graph,199,47.1695,13.4346,47.2179,47.1695,
50,32,524288,8192,hyprefill,256/6144/6144,graph,0,47.6798,13.4346,47.7500,47.6798,
50,32,524288,8192,hyprefill,256/6144/6144,graph,1,47.8321,13.4346,47.8573,47.8321,
50,32,524288,8192,hyprefill,256/6144/6144,graph,2,51.0102,13.4346,51.0284,51.0102,
50,32,524288,8192,hyprefill,256/6144/6144,graph,3,50.5270,13.4346,50.5481,50.5270,
50,32,524288,8192,hyprefill,256/6144/6144,graph,4,50.2278,13.4346,50.2455,50.2278,
50,32,524288,8192,hyprefill,256/6144/6144,graph,5,50.6215,13.4346,50.6389,50.6215,
50,32,524288,8192,hyprefill,256/6144/6144,graph,6,46.5528,13.4028,46.5994,46.5528,
50,32,524288,8192,hyprefill,256/6144/6144,graph,7,46.9182,13.9520,46.9678,46.9182,
50,32,524288,8192,hyprefill,256/6144/6144,graph,8,46.7031,13.4028,46.7522,46.7031,
50,32,524288,8192,hyprefill,256/6144/6144,graph,9,46.7034,13.9520,46.7522,46.7034,
50,32,524288,8192,hyprefill,256/6144/6144,graph,10,46.6706,13.4028,46.7280,46.6706,
50,32,524288,8192,hyprefill,256/6144/6144,graph,11,46.5402,13.9520,46.6000,46.5402,
50,32,524288,8192,hyprefill,256/6144/6144,graph,12,46.8514,13.4028,46.9089,46.8514,
50,32,524288,8192,hyprefill,256/6144/6144,graph,13,47.2040,13.4346,47.2505,47.2040,
50,32,524288,8192,hyprefill,256/6144/6144,graph,14,48.3745,13.4346,48.3961,48.3745,
50,32,524288,8192,hyprefill,256/6144/6144,graph,15,47.3774,13.7092,47.4254,47.3774,
50,32,524288,8192,hyprefill,256/6144/6144,graph,16,50.0956,13.7092,50.1206,50.0956,
50,32,524288,8192,hyprefill,256/6144/6144,graph,17,50.8489,13.7092,50.8707,50.8489,
50,32,524288,8192,hyprefill,256/6144/6144,graph,18,50.9953,13.7092,51.0160,50.9953,
50,32,524288,8192,hyprefill,256/6144/6144,graph,19,50.7543,13.7092,50.7741,50.7543,
50,32,524288,8192,hyprefill,256/6144/6144,graph,20,47.1667,13.4346,47.2212,47.1667,
50,32,524288,8192,hyprefill,256/6144/6144,graph,21,48.8305,13.4346,48.8555,48.8305,
50,32,524288,8192,hyprefill,256/6144/6144,graph,22,49.9203,13.4346,49.9482,49.9203,
50,32,524288,8192,hyprefill,256/6144/6144,graph,23,50.3215,13.4346,50.3477,50.3215,
50,32,524288,8192,hyprefill,256/6144/6144,graph,24,50.3281,13.4346,50.3462,50.3281,
50,32,524288,8192,hyprefill,256/6144/6144,graph,25,50.0510,13.4346,50.0689,50.0510,
50,32,524288,8192,hyprefill,256/6144/6144,graph,26,50.5475,13.4346,50.5660,50.5475,
50,32,524288,8192,hyprefill,256/6144/6144,graph,27,50.0288,13.4346,50.0494,50.0288,
50,32,524288,8192,hyprefill,256/6144/6144,graph,28,50.0149,13.4346,50.0337,50.0149,
50,32,524288,8192,hyprefill,256/6144/6144,graph,29,50.5034,13.4346,50.5222,50.5034,
50,32,524288,8192,hyprefill,256/6144/6144,graph,30,50.4421,13.4346,50.4616,50.4421,
50,32,524288,8192,hyprefill,256/6144/6144,graph,31,50.1224,13.4346,50.1409,50.1224,
50,32,524288,8192,hyprefill,256/6144/6144,graph,32,50.2473,13.4346,50.2633,50.2473,
50,32,524288,8192,hyprefill,256/6144/6144,graph,33,50.3247,13.4346,50.3415,50.3247,
50,32,524288,8192,hyprefill,256/6144/6144,graph,34,50.4557,13.4346,50.4755,50.4557,
50,32,524288,8192,hyprefill,256/6144/6144,graph,35,50.3067,13.4346,50.3263,50.3067,
50,32,524288,8192,hyprefill,256/6144/6144,graph,36,51.0655,13.4346,51.0843,51.0655,
50,32,524288,8192,hyprefill,256/6144/6144,graph,37,46.5952,13.4028,46.6497,46.5952,
50,32,524288,8192,hyprefill,256/6144/6144,graph,38,47.2686,13.6774,47.3202,47.2686,
50,32,524288,8192,hyprefill,256/6144/6144,graph,39,47.2188,13.6774,47.2730,47.2188,
50,32,524288,8192,hyprefill,256/6144/6144,graph,40,47.0910,13.6774,47.1471,47.0910,
50,32,524288,8192,hyprefill,256/6144/6144,graph,41,47.2263,13.6456,47.2828,47.2263,
50,32,524288,8192,hyprefill,256/6144/6144,graph,42,47.4644,14.4693,47.5154,47.4644,
50,32,524288,8192,hyprefill,256/6144/6144,graph,43,47.3354,13.6456,47.3816,47.3354,
50,32,524288,8192,hyprefill,256/6144/6144,graph,44,47.1698,13.6774,47.2170,47.1698,
50,32,524288,8192,hyprefill,256/6144/6144,graph,45,47.5286,13.4346,47.5783,47.5286,
50,32,524288,8192,hyprefill,256/6144/6144,graph,46,49.7795,13.4346,49.8040,49.7795,
50,32,524288,8192,hyprefill,256/6144/6144,graph,47,50.7470,13.4346,50.7710,50.7470,
50,32,524288,8192,hyprefill,256/6144/6144,graph,48,50.8576,13.4346,50.8822,50.8576,
50,32,524288,8192,hyprefill,256/6144/6144,graph,49,49.8911,13.4346,49.9123,49.8911,
50,32,524288,8192,hyprefill,256/6144/6144,graph,50,50.1231,13.4346,50.1447,50.1231,
50,32,524288,8192,hyprefill,256/6144/6144,graph,51,50.1625,13.4346,50.1849,50.1625,
50,32,524288,8192,hyprefill,256/6144/6144,graph,52,50.2812,13.4346,50.3056,50.2812,
50,32,524288,8192,hyprefill,256/6144/6144,graph,53,50.4809,13.4346,50.5048,50.4809,
50,32,524288,8192,hyprefill,256/6144/6144,graph,54,50.3000,13.4346,50.3208,50.3000,
50,32,524288,8192,hyprefill,256/6144/6144,graph,55,50.0557,13.4346,50.0771,50.0557,
50,32,524288,8192,hyprefill,256/6144/6144,graph,56,50.1658,13.4346,50.1845,50.1658,
50,32,524288,8192,hyprefill,256/6144/6144,graph,57,50.1728,13.4346,50.1930,50.1728,
50,32,524288,8192,hyprefill,256/6144/6144,graph,58,50.3289,13.4346,50.3564,50.3289,
50,32,524288,8192,hyprefill,256/6144/6144,graph,59,50.2396,13.4346,50.2728,50.2396,
50,32,524288,8192,hyprefill,256/6144/6144,graph,60,50.2343,13.4346,50.2631,50.2343,
50,32,524288,8192,hyprefill,256/6144/6144,graph,61,51.3542,13.4346,51.3917,51.3542,
50,32,524288,8192,hyprefill,256/6144/6144,graph,62,57.4510,13.4346,57.4783,57.4510,
50,32,524288,8192,hyprefill,256/6144/6144,graph,63,56.6332,13.4346,56.6554,56.6332,
50,32,524288,8192,hyprefill,256/6144/6144,graph,64,52.6083,13.4346,52.6271,52.6083,
50,32,524288,8192,hyprefill,256/6144/6144,graph,65,51.1425,13.4346,51.1627,51.1425,
50,32,524288,8192,hyprefill,256/6144/6144,graph,66,51.3811,13.4346,51.4044,51.3811,
50,32,524288,8192,hyprefill,256/6144/6144,graph,67,50.8261,13.4346,50.8519,50.8261,
50,32,524288,8192,hyprefill,256/6144/6144,graph,68,47.5975,13.4028,47.6580,47.5975,
50,32,524288,8192,hyprefill,256/6144/6144,graph,69,47.3818,13.6774,47.4275,47.3818,
50,32,524288,8192,hyprefill,256/6144/6144,graph,70,47.1171,13.6774,47.1653,47.1171,
50,32,524288,8192,hyprefill,256/6144/6144,graph,71,47.1744,13.6774,47.2249,47.1744,
50,32,524288,8192,hyprefill,256/6144/6144,graph,72,47.6906,13.6774,47.7398,47.6906,
50,32,524288,8192,hyprefill,256/6144/6144,graph,73,47.0194,13.4028,47.0659,47.0194,
50,32,524288,8192,hyprefill,256/6144/6144,graph,74,46.8672,13.9520,46.9168,46.8672,
50,32,524288,8192,hyprefill,256/6144/6144,graph,75,47.5632,13.4028,47.6243,47.5632,
50,32,524288,8192,hyprefill,256/6144/6144,graph,76,47.2420,13.4346,47.2968,47.2420,
50,32,524288,8192,hyprefill,256/6144/6144,graph,77,49.5491,13.4346,49.5745,49.5491,
50,32,524288,8192,hyprefill,256/6144/6144,graph,78,50.0861,13.4346,50.1154,50.0861,
50,32,524288,8192,hyprefill,256/6144/6144,graph,79,50.5367,13.4346,50.5656,50.5367,
50,32,524288,8192,hyprefill,256/6144/6144,graph,80,50.5309,13.4346,50.5528,50.5309,
50,32,524288,8192,hyprefill,256/6144/6144,graph,81,49.9605,13.4346,49.9776,49.9605,
50,32,524288,8192,hyprefill,256/6144/6144,graph,82,50.5457,13.4346,50.5639,50.5457,
50,32,524288,8192,hyprefill,256/6144/6144,graph,83,49.9974,13.4346,50.0152,49.9974,
50,32,524288,8192,hyprefill,256/6144/6144,graph,84,50.1343,13.4346,50.1518,50.1343,
50,32,524288,8192,hyprefill,256/6144/6144,graph,85,50.1193,13.4346,50.1399,50.1193,
50,32,524288,8192,hyprefill,256/6144/6144,graph,86,47.5261,13.4346,47.5766,47.5261,
50,32,524288,8192,hyprefill,256/6144/6144,graph,87,48.7454,13.4346,48.7694,48.7454,
50,32,524288,8192,hyprefill,256/6144/6144,graph,88,50.1218,13.4346,50.1446,50.1218,
50,32,524288,8192,hyprefill,256/6144/6144,graph,89,50.4958,13.4346,50.5209,50.4958,
50,32,524288,8192,hyprefill,256/6144/6144,graph,90,49.9996,13.4346,50.0354,49.9996,
50,32,524288,8192,hyprefill,256/6144/6144,graph,91,51.1379,13.4346,51.1861,51.1379,
50,32,524288,8192,hyprefill,256/6144/6144,graph,92,51.0194,13.4346,51.0497,51.0194,
50,32,524288,8192,hyprefill,256/6144/6144,graph,93,50.4737,13.4346,50.4986,50.4737,
50,32,524288,8192,hyprefill,256/6144/6144,graph,94,50.2809,13.4346,50.3043,50.2809,
50,32,524288,8192,hyprefill,256/6144/6144,graph,95,49.6746,13.4346,49.7081,49.6746,
50,32,524288,8192,hyprefill,256/6144/6144,graph,96,50.0520,13.4346,50.0940,50.0520,
50,32,524288,8192,hyprefill,256/6144/6144,graph,97,50.0883,13.4346,50.1100,50.0883,
50,32,524288,8192,hyprefill,256/6144/6144,graph,98,50.1221,13.4346,50.1533,50.1221,
50,32,524288,8192,hyprefill,256/6144/6144,graph,99,50.2730,13.4346,50.3156,50.2730,
50,32,524288,8192,hyprefill,256/6144/6144,graph,100,47.4107,13.6774,47.4606,47.4107,
50,32,524288,8192,hyprefill,256/6144/6144,graph,101,47.2348,13.6774,47.2874,47.2348,
50,32,524288,8192,hyprefill,256/6144/6144,graph,102,46.9598,13.6774,47.0251,46.9598,
50,32,524288,8192,hyprefill,256/6144/6144,graph,103,47.0176,13.6774,47.0752,47.0176,
50,32,524288,8192,hyprefill,256/6144/6144,graph,104,47.3210,13.6774,47.3826,47.3210,
50,32,524288,8192,hyprefill,256/6144/6144,graph,105,46.9832,13.6774,47.0342,46.9832,
50,32,524288,8192,hyprefill,256/6144/6144,graph,106,47.1692,13.6774,47.2188,47.1692,
50,32,524288,8192,hyprefill,256/6144/6144,graph,107,47.0965,13.4346,47.1454,47.0965,
50,32,524288,8192,hyprefill,256/6144/6144,graph,108,49.2383,13.4346,49.2628,49.2383,
50,32,524288,8192,hyprefill,256/6144/6144,graph,109,50.1343,13.4346,50.1537,50.1343,
50,32,524288,8192,hyprefill,256/6144/6144,graph,110,47.2750,13.4346,47.3357,47.2750,
50,32,524288,8192,hyprefill,256/6144/6144,graph,111,47.2650,13.4028,47.3297,47.2650,
50,32,524288,8192,hyprefill,256/6144/6144,graph,112,46.9621,13.6774,47.0189,46.9621,
50,32,524288,8192,hyprefill,256/6144/6144,graph,113,46.9095,13.6774,46.9618,46.9095,
50,32,524288,8192,hyprefill,256/6144/6144,graph,114,47.0445,13.6774,47.0907,47.0445,
50,32,524288,8192,hyprefill,256/6144/6144,graph,115,47.0283,13.6774,47.0790,47.0283,
50,32,524288,8192,hyprefill,256/6144/6144,graph,116,47.9189,13.6774,47.9875,47.9189,
50,32,524288,8192,hyprefill,256/6144/6144,graph,117,47.2987,13.4028,47.3707,47.2987,
50,32,524288,8192,hyprefill,256/6144/6144,graph,118,47.4451,13.4346,47.4970,47.4451,
50,32,524288,8192,hyprefill,256/6144/6144,graph,119,49.8162,13.4346,49.8442,49.8162,
50,32,524288,8192,hyprefill,256/6144/6144,graph,120,49.8847,13.4346,49.9039,49.8847,
50,32,524288,8192,hyprefill,256/6144/6144,graph,121,47.5284,13.7092,47.5766,47.5284,
50,32,524288,8192,hyprefill,256/6144/6144,graph,122,47.8516,13.7092,47.8972,47.8516,
50,32,524288,8192,hyprefill,256/6144/6144,graph,123,50.1031,13.7092,50.1276,50.1031,
50,32,524288,8192,hyprefill,256/6144/6144,graph,124,51.1128,13.7092,51.1322,51.1128,
50,32,524288,8192,hyprefill,256/6144/6144,graph,125,51.1556,13.7092,51.1758,51.1556,
50,32,524288,8192,hyprefill,256/6144/6144,graph,126,50.9440,13.7092,50.9628,50.9440,
50,32,524288,8192,hyprefill,256/6144/6144,graph,127,50.9359,13.7092,50.9601,50.9359,
50,32,524288,8192,hyprefill,256/6144/6144,graph,128,50.7800,13.7092,50.8018,50.7800,
50,32,524288,8192,hyprefill,256/6144/6144,graph,129,51.1670,13.7092,51.1930,51.1670,
50,32,524288,8192,hyprefill,256/6144/6144,graph,130,50.4624,13.7092,50.4818,50.4624,
50,32,524288,8192,hyprefill,256/6144/6144,graph,131,47.7940,13.4028,47.8458,47.7940,
50,32,524288,8192,hyprefill,256/6144/6144,graph,132,47.7755,13.7092,47.8231,47.7755,
50,32,524288,8192,hyprefill,256/6144/6144,graph,133,47.6542,13.9520,47.6994,47.6542,
50,32,524288,8192,hyprefill,256/6144/6144,graph,134,48.4171,13.7092,48.4613,48.4171,
50,32,524288,8192,hyprefill,256/6144/6144,graph,135,48.1221,13.4028,48.1812,48.1221,
50,32,524288,8192,hyprefill,256/6144/6144,graph,136,47.8281,13.7092,47.8882,47.8281,
50,32,524288,8192,hyprefill,256/6144/6144,graph,137,47.4980,13.4028,47.5534,47.4980,
50,32,524288,8192,hyprefill,256/6144/6144,graph,138,47.2391,13.4346,47.2930,47.2391,
50,32,524288,8192,hyprefill,256/6144/6144,graph,139,48.9992,13.4346,49.0238,48.9992,
50,32,524288,8192,hyprefill,256/6144/6144,graph,140,49.7523,13.4346,49.7720,49.7523,
50,32,524288,8192,hyprefill,256/6144/6144,graph,141,50.5952,13.4346,50.6145,50.5952,
50,32,524288,8192,hyprefill,256/6144/6144,graph,142,47.3605,13.6774,47.4131,47.3605,
50,32,524288,8192,hyprefill,256/6144/6144,graph,143,47.0152,13.6774,47.0701,47.0152,
50,32,524288,8192,hyprefill,256/6144/6144,graph,144,46.8796,13.6774,46.9440,46.8796,
50,32,524288,8192,hyprefill,256/6144/6144,graph,145,47.3561,13.6774,47.4074,47.3561,
50,32,524288,8192,hyprefill,256/6144/6144,graph,146,47.2192,13.6774,47.2665,47.2192,
50,32,524288,8192,hyprefill,256/6144/6144,graph,147,47.0722,13.6774,47.1179,47.0722,
50,32,524288,8192,hyprefill,256/6144/6144,graph,148,47.4278,13.6774,47.4854,47.4278,
50,32,524288,8192,hyprefill,256/6144/6144,graph,149,47.2956,13.4346,47.3708,47.2956,
50,32,524288,8192,hyprefill,256/6144/6144,graph,150,48.6994,13.4346,48.7645,48.6994,
50,32,524288,8192,hyprefill,256/6144/6144,graph,151,50.1688,13.4346,50.2159,50.1688,
50,32,524288,8192,hyprefill,256/6144/6144,graph,152,47.3844,13.4028,47.4598,47.3844,
50,32,524288,8192,hyprefill,256/6144/6144,graph,153,46.6174,13.9520,46.6837,46.6174,
50,32,524288,8192,hyprefill,256/6144/6144,graph,154,47.9230,13.4028,47.9887,47.9230,
50,32,524288,8192,hyprefill,256/6144/6144,graph,155,47.0483,13.6774,47.0996,47.0483,
50,32,524288,8192,hyprefill,256/6144/6144,graph,156,47.4077,13.6774,47.4729,47.4077,
50,32,524288,8192,hyprefill,256/6144/6144,graph,157,47.0241,13.6774,47.0764,47.0241,
50,32,524288,8192,hyprefill,256/6144/6144,graph,158,48.0868,13.4346,48.1377,48.0868,
50,32,524288,8192,hyprefill,256/6144/6144,graph,159,49.0100,13.4346,49.0399,49.0100,
50,32,524288,8192,hyprefill,256/6144/6144,graph,160,50.8060,13.4346,50.8335,50.8060,
50,32,524288,8192,hyprefill,256/6144/6144,graph,161,50.7002,13.4346,50.7258,50.7002,
50,32,524288,8192,hyprefill,256/6144/6144,graph,162,46.6874,13.4028,46.7546,46.6874,
50,32,524288,8192,hyprefill,256/6144/6144,graph,163,46.5961,13.9520,46.6524,46.5961,
50,32,524288,8192,hyprefill,256/6144/6144,graph,164,46.7878,13.4028,46.8366,46.7878,
50,32,524288,8192,hyprefill,256/6144/6144,graph,165,46.5817,13.9520,46.6290,46.5817,
50,32,524288,8192,hyprefill,256/6144/6144,graph,166,46.5820,13.4028,46.6313,46.5820,
50,32,524288,8192,hyprefill,256/6144/6144,graph,167,47.0316,13.9520,47.0864,47.0316,
50,32,524288,8192,hyprefill,256/6144/6144,graph,168,47.0567,13.4028,47.1053,47.0567,
50,32,524288,8192,hyprefill,256/6144/6144,graph,169,47.1446,13.6774,47.2012,47.1446,
50,32,524288,8192,hyprefill,256/6144/6144,graph,170,47.7872,13.4346,47.8363,47.7872,
50,32,524288,8192,hyprefill,256/6144/6144,graph,171,50.2619,13.4346,50.2847,50.2619,
50,32,524288,8192,hyprefill,256/6144/6144,graph,172,50.3424,13.4346,50.3625,50.3424,
50,32,524288,8192,hyprefill,256/6144/6144,graph,173,50.3304,13.4346,50.3485,50.3304,
50,32,524288,8192,hyprefill,256/6144/6144,graph,174,50.3210,13.4346,50.3392,50.3210,
50,32,524288,8192,hyprefill,256/6144/6144,graph,175,50.6953,13.4346,50.7136,50.6953,
50,32,524288,8192,hyprefill,256/6144/6144,graph,176,50.3843,13.4346,50.4035,50.3843,
50,32,524288,8192,hyprefill,256/6144/6144,graph,177,50.5353,13.4346,50.5765,50.5353,
50,32,524288,8192,hyprefill,256/6144/6144,graph,178,49.9887,13.4346,50.0619,49.9887,
50,32,524288,8192,hyprefill,256/6144/6144,graph,179,50.4204,13.4346,50.4973,50.4204,
50,32,524288,8192,hyprefill,256/6144/6144,graph,180,50.2864,13.4346,50.3659,50.2864,
50,32,524288,8192,hyprefill,256/6144/6144,graph,181,50.8973,13.4346,50.9573,50.8973,
50,32,524288,8192,hyprefill,256/6144/6144,graph,182,50.4455,13.4346,50.4680,50.4455,
50,32,524288,8192,hyprefill,256/6144/6144,graph,183,50.0772,13.4346,50.1059,50.0772,
50,32,524288,8192,hyprefill,256/6144/6144,graph,184,52.2484,13.4346,52.2665,52.2484,
50,32,524288,8192,hyprefill,256/6144/6144,graph,185,51.7412,13.4346,51.7605,51.7412,
50,32,524288,8192,hyprefill,256/6144/6144,graph,186,52.2505,13.4346,52.2703,52.2505,
50,32,524288,8192,hyprefill,256/6144/6144,graph,187,55.3385,13.4346,55.3596,55.3385,
50,32,524288,8192,hyprefill,256/6144/6144,graph,188,53.0875,13.4346,53.1243,53.0875,
50,32,524288,8192,hyprefill,256/6144/6144,graph,189,52.3352,13.4346,52.4131,52.3352,
50,32,524288,8192,hyprefill,256/6144/6144,graph,190,51.9804,13.4346,52.0558,51.9804,
50,32,524288,8192,hyprefill,256/6144/6144,graph,191,51.2814,13.4346,51.3546,51.2814,
50,32,524288,8192,hyprefill,256/6144/6144,graph,192,50.5345,13.4346,50.5821,50.5345,
50,32,524288,8192,hyprefill,256/6144/6144,graph,193,47.0726,13.4028,47.1343,47.0726,
50,32,524288,8192,hyprefill,256/6144/6144,graph,194,46.5480,13.9520,46.6083,46.5480,
50,32,524288,8192,hyprefill,256/6144/6144,graph,195,46.4853,13.4028,46.5343,46.4853,
50,32,524288,8192,hyprefill,256/6144/6144,graph,196,46.7247,13.9520,46.7823,46.7247,
50,32,524288,8192,hyprefill,256/6144/6144,graph,197,47.1548,13.4028,47.2066,47.1548,
50,32,524288,8192,hyprefill,256/6144/6144,graph,198,47.1330,13.9520,47.1803,47.1330,
50,32,524288,8192,hyprefill,256/6144/6144,graph,199,46.7153,13.4028,46.7672,46.7153,
50,32,524288,8192,hyprefill,256/2048/2048,graph,0,47.4795,13.9838,47.5421,47.4795,
50,32,524288,8192,hyprefill,256/2048/2048,graph,1,47.7386,13.6774,47.7879,47.7386,
50,32,524288,8192,hyprefill,256/2048/2048,graph,2,48.2105,13.9838,48.2583,48.2105,
50,32,524288,8192,hyprefill,256/2048/2048,graph,3,47.3395,13.9520,47.3857,47.3395,
50,32,524288,8192,hyprefill,256/2048/2048,graph,4,47.7207,13.9838,47.7748,47.7207,
50,32,524288,8192,hyprefill,256/2048/2048,graph,5,48.1530,13.4346,48.2093,48.1530,
50,32,524288,8192,hyprefill,256/2048/2048,graph,6,47.8271,13.7092,47.8748,47.8271,
50,32,524288,8192,hyprefill,256/2048/2048,graph,7,47.3107,14.2266,47.3843,47.3107,
50,32,524288,8192,hyprefill,256/2048/2048,graph,8,47.3802,13.7092,47.4313,47.3802,
50,32,524288,8192,hyprefill,256/2048/2048,graph,9,47.0805,13.4346,47.1276,47.0805,
50,32,524288,8192,hyprefill,256/2048/2048,graph,10,47.8937,13.4346,47.9157,47.8937,
50,32,524288,8192,hyprefill,256/2048/2048,graph,11,50.5141,13.4346,50.5372,50.5141,
50,32,524288,8192,hyprefill,256/2048/2048,graph,12,50.4411,13.4346,50.4695,50.4411,
50,32,524288,8192,hyprefill,256/2048/2048,graph,13,50.2196,13.4346,50.2495,50.2196,
50,32,524288,8192,hyprefill,256/2048/2048,graph,14,46.7206,13.6774,46.7682,46.7206,
50,32,524288,8192,hyprefill,256/2048/2048,graph,15,46.5696,13.9520,46.6150,46.5696,
50,32,524288,8192,hyprefill,256/2048/2048,graph,16,46.7508,14.2266,46.7989,46.7508,
50,32,524288,8192,hyprefill,256/2048/2048,graph,17,47.1311,13.9520,47.1797,47.1311,
50,32,524288,8192,hyprefill,256/2048/2048,graph,18,47.6625,13.9520,47.7115,47.6625,
50,32,524288,8192,hyprefill,256/2048/2048,graph,19,47.2716,13.9520,47.3202,47.2716,
50,32,524288,8192,hyprefill,256/2048/2048,graph,20,47.2253,13.9520,47.2749,47.2253,
50,32,524288,8192,hyprefill,256/2048/2048,graph,21,46.9496,13.9520,47.0040,46.9496,
50,32,524288,8192,hyprefill,256/2048/2048,graph,22,47.0837,13.9520,47.1304,47.0837,
50,32,524288,8192,hyprefill,256/2048/2048,graph,23,47.0632,13.9520,47.1087,47.0632,
50,32,524288,8192,hyprefill,256/2048/2048,graph,24,47.1284,13.4346,47.1736,47.1284,
50,32,524288,8192,hyprefill,256/2048/2048,graph,25,47.9302,13.4346,47.9517,47.9302,
50,32,524288,8192,hyprefill,256/2048/2048,graph,26,46.9637,13.6774,47.0126,46.9637,
50,32,524288,8192,hyprefill,256/2048/2048,graph,27,47.0620,14.2266,47.1177,47.0620,
50,32,524288,8192,hyprefill,256/2048/2048,graph,28,46.9287,13.6774,46.9744,46.9287,
50,32,524288,8192,hyprefill,256/2048/2048,graph,29,46.6692,14.2266,46.7150,46.6692,
50,32,524288,8192,hyprefill,256/2048/2048,graph,30,47.0014,13.9520,47.0458,47.0014,
50,32,524288,8192,hyprefill,256/2048/2048,graph,31,47.4441,14.2266,47.4889,47.4441,
50,32,524288,8192,hyprefill,256/2048/2048,graph,32,47.1955,13.4028,47.2407,47.1955,
50,32,524288,8192,hyprefill,256/2048/2048,graph,33,46.4231,14.2266,46.4775,46.4231,
50,32,524288,8192,hyprefill,256/2048/2048,graph,34,47.4790,13.9520,47.5273,47.4790,
50,32,524288,8192,hyprefill,256/2048/2048,graph,35,47.2177,13.6774,47.2645,47.2177,
50,32,524288,8192,hyprefill,256/2048/2048,graph,36,47.0089,14.2266,47.0534,47.0089,
50,32,524288,8192,hyprefill,256/2048/2048,graph,37,48.0499,13.6774,48.0970,48.0499,
50,32,524288,8192,hyprefill,256/2048/2048,graph,38,47.0495,14.2266,47.0957,47.0495,
50,32,524288,8192,hyprefill,256/2048/2048,graph,39,46.9782,13.6774,47.0244,46.9782,
50,32,524288,8192,hyprefill,256/2048/2048,graph,40,46.6721,13.9520,46.7284,46.6721,
50,32,524288,8192,hyprefill,256/2048/2048,graph,41,47.6668,13.9520,47.7130,47.6668,
50,32,524288,8192,hyprefill,256/2048/2048,graph,42,47.3740,13.4346,47.4197,47.3740,
50,32,524288,8192,hyprefill,256/2048/2048,graph,43,49.5398,13.4346,49.5611,49.5398,
50,32,524288,8192,hyprefill,256/2048/2048,graph,44,49.6648,13.4346,49.6810,49.6648,
50,32,524288,8192,hyprefill,256/2048/2048,graph,45,50.0963,13.4346,50.1138,50.0963,
50,32,524288,8192,hyprefill,256/2048/2048,graph,46,50.2665,13.4346,50.2878,50.2665,
50,32,524288,8192,hyprefill,256/2048/2048,graph,47,47.9327,13.6774,47.9820,47.9327,
50,32,524288,8192,hyprefill,256/2048/2048,graph,48,47.5577,13.7092,47.6042,47.5577,
50,32,524288,8192,hyprefill,256/2048/2048,graph,49,46.7087,14.2266,46.7546,46.7087,
50,32,524288,8192,hyprefill,256/2048/2048,graph,50,47.3169,13.6774,47.3701,47.3169,
50,32,524288,8192,hyprefill,256/2048/2048,graph,51,46.7468,14.2266,46.7944,46.7468,
50,32,524288,8192,hyprefill,256/2048/2048,graph,52,47.1297,13.6774,47.1768,47.1297,
50,32,524288,8192,hyprefill,256/2048/2048,graph,53,47.3411,14.2266,47.4050,47.3411,
50,32,524288,8192,hyprefill,256/2048/2048,graph,54,47.1994,13.6774,47.2579,47.1994,
50,32,524288,8192,hyprefill,256/2048/2048,graph,55,47.2104,14.5012,47.2573,47.2104,
50,32,524288,8192,hyprefill,256/2048/2048,graph,56,47.0183,13.9520,47.0702,47.0183,
50,32,524288,8192,hyprefill,256/2048/2048,graph,57,47.1250,13.4346,47.1777,47.1250,
50,32,524288,8192,hyprefill,256/2048/2048,graph,58,49.1400,13.4346,49.1616,49.1400,
50,32,524288,8192,hyprefill,256/2048/2048,graph,59,49.6401,13.4346,49.6579,49.6401,
50,32,524288,8192,hyprefill,256/2048/2048,graph,60,50.5034,13.4346,50.5208,50.5034,
50,32,524288,8192,hyprefill,256/2048/2048,graph,61,50.2076,13.4346,50.2232,50.2076,
50,32,524288,8192,hyprefill,256/2048/2048,graph,62,47.8044,13.9520,47.8522,47.8044,
50,32,524288,8192,hyprefill,256/2048/2048,graph,63,46.5675,13.9520,46.6276,46.5675,
50,32,524288,8192,hyprefill,256/2048/2048,graph,64,47.1889,14.2266,47.2386,47.1889,
50,32,524288,8192,hyprefill,256/2048/2048,graph,65,47.2194,13.9520,47.2677,47.2194,
50,32,524288,8192,hyprefill,256/2048/2048,graph,66,47.7601,13.9838,47.8180,47.7601,
50,32,524288,8192,hyprefill,256/2048/2048,graph,67,47.8566,13.4346,47.9276,47.8566,
50,32,524288,8192,hyprefill,256/2048/2048,graph,68,47.9347,13.9838,47.9924,47.9347,
50,32,524288,8192,hyprefill,256/2048/2048,graph,69,47.9912,13.4346,48.0729,47.9912,
50,32,524288,8192,hyprefill,256/2048/2048,graph,70,47.5169,13.9838,47.5658,47.5169,
50,32,524288,8192,hyprefill,256/2048/2048,graph,71,48.3473,13.4346,48.3945,48.3473,
50,32,524288,8192,hyprefill,256/2048/2048,graph,72,47.5595,13.7092,47.6119,47.5595,
50,32,524288,8192,hyprefill,256/2048/2048,graph,73,47.9732,13.7092,48.0264,47.9732,
50,32,524288,8192,hyprefill,256/2048/2048,graph,74,47.0957,13.9520,47.1405,47.0957,
50,32,524288,8192,hyprefill,256/2048/2048,graph,75,47.1659,14.5012,47.2112,47.1659,
50,32,524288,8192,hyprefill,256/2048/2048,graph,76,46.9329,13.9520,46.9901,46.9329,
50,32,524288,8192,hyprefill,256/2048/2048,graph,77,47.4400,13.9520,47.4899,47.4400,
50,32,524288,8192,hyprefill,256/2048/2048,graph,78,47.3099,13.4346,47.3644,47.3099,
50,32,524288,8192,hyprefill,256/2048/2048,graph,79,47.2415,13.7092,47.2906,47.2415,
50,32,524288,8192,hyprefill,256/2048/2048,graph,80,47.4310,13.9520,47.5111,47.4310,
50,32,524288,8192,hyprefill,256/2048/2048,graph,81,46.8690,13.9520,46.9155,46.8690,
50,32,524288,8192,hyprefill,256/2048/2048,graph,82,46.7337,13.9520,46.7797,46.7337,
50,32,524288,8192,hyprefill,256/2048/2048,graph,83,47.1821,13.9520,47.2288,47.1821,
50,32,524288,8192,hyprefill,256/2048/2048,graph,84,46.6203,13.9520,46.6757,46.6203,
50,32,524288,8192,hyprefill,256/2048/2048,graph,85,46.6043,13.9520,46.6868,46.6043,
50,32,524288,8192,hyprefill,256/2048/2048,graph,86,46.6907,13.9520,46.7387,46.6907,
50,32,524288,8192,hyprefill,256/2048/2048,graph,87,47.1694,13.4346,47.2159,47.1694,
50,32,524288,8192,hyprefill,256/2048/2048,graph,88,49.0445,13.4346,49.0664,49.0445,
50,32,524288,8192,hyprefill,256/2048/2048,graph,89,50.3523,13.4346,50.3695,50.3523,
50,32,524288,8192,hyprefill,256/2048/2048,graph,90,50.4815,13.4346,50.5014,50.4815,
50,32,524288,8192,hyprefill,256/2048/2048,graph,91,50.3145,13.4346,50.3372,50.3145,
50,32,524288,8192,hyprefill,256/2048/2048,graph,92,50.3967,13.4346,50.4182,50.3967,
50,32,524288,8192,hyprefill,256/2048/2048,graph,93,47.3152,13.4028,47.3955,47.3152,
50,32,524288,8192,hyprefill,256/2048/2048,graph,94,47.1338,13.7092,47.1834,47.1338,
50,32,524288,8192,hyprefill,256/2048/2048,graph,95,46.6394,13.9520,46.6848,46.6394,
50,32,524288,8192,hyprefill,256/2048/2048,graph,96,47.1493,13.9520,47.1942,47.1493,
50,32,524288,8192,hyprefill,256/2048/2048,graph,97,47.1134,13.6774,47.1592,47.1134,
50,32,524288,8192,hyprefill,256/2048/2048,graph,98,47.3756,14.5012,47.4203,47.3756,
50,32,524288,8192,hyprefill,256/2048/2048,graph,99,47.2866,13.6774,47.3333,47.2866,
50,32,524288,8192,hyprefill,256/2048/2048,graph,100,46.8542,14.2266,46.9069,46.8542,
50,32,524288,8192,hyprefill,256/2048/2048,graph,101,46.7675,13.6774,46.8139,46.7675,
50,32,524288,8192,hyprefill,256/2048/2048,graph,102,47.0956,14.2266,47.1401,47.0956,
50,32,524288,8192,hyprefill,256/2048/2048,graph,103,47.2065,13.9520,47.2578,47.2065,
50,32,524288,8192,hyprefill,256/2048/2048,graph,104,47.0775,13.7092,47.1245,47.0775,
50,32,524288,8192,hyprefill,256/2048/2048,graph,105,47.2794,13.7092,47.3399,47.2794,
50,32,524288,8192,hyprefill,256/2048/2048,graph,106,47.7375,13.7092,47.7993,47.7375,
50,32,524288,8192,hyprefill,256/2048/2048,graph,107,50.2265,13.7092,50.2547,50.2265,
50,32,524288,8192,hyprefill,256/2048/2048,graph,108,50.5235,13.7092,50.5431,50.5235,
50,32,524288,8192,hyprefill,256/2048/2048,graph,109,50.4277,13.7092,50.4469,50.4277,
50,32,524288,8192,hyprefill,256/2048/2048,graph,110,47.5780,13.4346,47.6266,47.5780,
50,32,524288,8192,hyprefill,256/2048/2048,graph,111,47.3377,13.7092,47.4007,47.3377,
50,32,524288,8192,hyprefill,256/2048/2048,graph,112,47.2006,13.6774,47.2565,47.2006,
50,32,524288,8192,hyprefill,256/2048/2048,graph,113,46.9405,14.5012,46.9887,46.9405,
50,32,524288,8192,hyprefill,256/2048/2048,graph,114,47.0291,13.4028,47.0921,47.0291,
50,32,524288,8192,hyprefill,256/2048/2048,graph,115,46.8286,14.5012,46.8846,46.8286,
50,32,524288,8192,hyprefill,256/2048/2048,graph,116,46.8027,13.6774,46.8509,46.8027,
50,32,524288,8192,hyprefill,256/2048/2048,graph,117,47.3108,14.2266,47.3560,47.3108,
50,32,524288,8192,hyprefill,256/2048/2048,graph,118,47.4144,13.6774,47.4888,47.4144,
50,32,524288,8192,hyprefill,256/2048/2048,graph,119,47.2548,13.4346,47.3139,47.2548,
50,32,524288,8192,hyprefill,256/2048/2048,graph,120,49.8147,13.4346,49.8388,49.8147,
50,32,524288,8192,hyprefill,256/2048/2048,graph,121,50.3390,13.4346,50.3575,50.3390,
50,32,524288,8192,hyprefill,256/2048/2048,graph,122,50.3374,13.4346,50.3563,50.3374,
50,32,524288,8192,hyprefill,256/2048/2048,graph,123,50.3244,13.4346,50.3463,50.3244,
50,32,524288,8192,hyprefill,256/2048/2048,graph,124,50.3685,13.4346,50.3920,50.3685,
50,32,524288,8192,hyprefill,256/2048/2048,graph,125,47.5070,13.4346,47.5669,47.5070,
50,32,524288,8192,hyprefill,256/2048/2048,graph,126,48.0727,13.7092,48.1480,48.0727,
50,32,524288,8192,hyprefill,256/2048/2048,graph,127,47.4122,13.6774,47.4634,47.4122,
50,32,524288,8192,hyprefill,256/2048/2048,graph,128,46.9266,14.5012,46.9847,46.9266,
50,32,524288,8192,hyprefill,256/2048/2048,graph,129,47.5103,13.9520,47.5652,47.5103,
50,32,524288,8192,hyprefill,256/2048/2048,graph,130,47.5675,14.5012,47.6195,47.5675,
50,32,524288,8192,hyprefill,256/2048/2048,graph,131,47.6030,14.5012,47.6591,47.6030,
50,32,524288,8192,hyprefill,256/2048/2048,graph,132,47.1003,13.9520,47.1488,47.1003,
50,32,524288,8192,hyprefill,256/2048/2048,graph,133,47.2506,13.9520,47.3153,47.2506,
50,32,524288,8192,hyprefill,256/2048/2048,graph,134,47.4863,13.7092,47.5346,47.4863,
50,32,524288,8192,hyprefill,256/2048/2048,graph,135,47.9727,13.4346,48.0224,47.9727,
50,32,524288,8192,hyprefill,256/2048/2048,graph,136,47.9729,13.4346,48.0841,47.9729,
50,32,524288,8192,hyprefill,256/2048/2048,graph,137,47.6645,13.4346,47.7315,47.6645,
50,32,524288,8192,hyprefill,256/2048/2048,graph,138,46.9214,13.7092,46.9712,46.9214,
50,32,524288,8192,hyprefill,256/2048/2048,graph,139,49.8541,13.4346,49.8759,49.8541,
50,32,524288,8192,hyprefill,256/2048/2048,graph,140,47.9817,13.4346,48.0362,47.9817,
50,32,524288,8192,hyprefill,256/2048/2048,graph,141,48.5521,13.9838,48.6004,48.5521,
50,32,524288,8192,hyprefill,256/2048/2048,graph,142,47.9830,13.7092,48.0324,47.9830,
50,32,524288,8192,hyprefill,256/2048/2048,graph,143,47.7726,13.9838,47.8224,47.7726,
50,32,524288,8192,hyprefill,256/2048/2048,graph,144,48.5906,13.4346,48.6445,48.5906,
50,32,524288,8192,hyprefill,256/2048/2048,graph,145,47.6555,14.2584,47.7209,47.6555,
50,32,524288,8192,hyprefill,256/2048/2048,graph,146,48.3431,13.4346,48.4194,48.3431,
50,32,524288,8192,hyprefill,256/2048/2048,graph,147,47.8294,14.2584,47.8835,47.8294,
50,32,524288,8192,hyprefill,256/2048/2048,graph,148,47.7827,13.6774,47.8326,47.7827,
50,32,524288,8192,hyprefill,256/2048/2048,graph,149,47.2132,14.2266,47.2593,47.2132,
50,32,524288,8192,hyprefill,256/2048/2048,graph,150,47.4449,13.9520,47.5027,47.4449,
50,32,524288,8192,hyprefill,256/2048/2048,graph,151,47.0666,13.7092,47.1153,47.0666,
50,32,524288,8192,hyprefill,256/2048/2048,graph,152,47.0912,13.9520,47.1366,47.0912,
50,32,524288,8192,hyprefill,256/2048/2048,graph,153,47.8348,13.7092,47.8832,47.8348,
50,32,524288,8192,hyprefill,256/2048/2048,graph,154,46.9261,13.9520,46.9794,46.9261,
50,32,524288,8192,hyprefill,256/2048/2048,graph,155,47.0928,13.7092,47.1403,47.0928,
50,32,524288,8192,hyprefill,256/2048/2048,graph,156,47.2032,13.7092,47.2538,47.2032,
50,32,524288,8192,hyprefill,256/2048/2048,graph,157,47.3181,13.4028,47.3732,47.3181,
50,32,524288,8192,hyprefill,256/2048/2048,graph,158,46.7544,14.2266,46.8006,46.7544,
50,32,524288,8192,hyprefill,256/2048/2048,graph,159,47.0408,13.4028,47.0861,47.0408,
50,32,524288,8192,hyprefill,256/2048/2048,graph,160,46.8931,14.2266,46.9423,46.8931,
50,32,524288,8192,hyprefill,256/2048/2048,graph,161,46.7632,13.6774,46.8140,46.7632,
50,32,524288,8192,hyprefill,256/2048/2048,graph,162,47.0297,13.9520,47.0813,47.0297,
50,32,524288,8192,hyprefill,256/2048/2048,graph,163,46.9196,13.9520,46.9691,46.9196,
50,32,524288,8192,hyprefill,256/2048/2048,graph,164,47.2745,13.4346,47.3206,47.2745,
50,32,524288,8192,hyprefill,256/2048/2048,graph,165,48.8921,13.4346,48.9129,48.8921,
50,32,524288,8192,hyprefill,256/2048/2048,graph,166,50.7187,13.4346,50.7365,50.7187,
50,32,524288,8192,hyprefill,256/2048/2048,graph,167,50.3390,13.4346,50.3582,50.3390,
50,32,524288,8192,hyprefill,256/2048/2048,graph,168,47.1826,13.6774,47.2321,47.1826,
50,32,524288,8192,hyprefill,256/2048/2048,graph,169,47.2854,13.7092,47.3439,47.2854,
50,32,524288,8192,hyprefill,256/2048/2048,graph,170,47.1652,14.2266,47.2248,47.1652,
50,32,524288,8192,hyprefill,256/2048/2048,graph,171,47.1822,13.7092,47.2401,47.1822,
50,32,524288,8192,hyprefill,256/2048/2048,graph,172,47.2895,13.4028,47.3421,47.2895,
50,32,524288,8192,hyprefill,256/2048/2048,graph,173,47.0852,14.5012,47.1380,47.0852,
50,32,524288,8192,hyprefill,256/2048/2048,graph,174,47.4581,13.9520,47.5047,47.4581,
50,32,524288,8192,hyprefill,256/2048/2048,graph,175,47.8273,14.2266,47.8761,47.8273,
50,32,524288,8192,hyprefill,256/2048/2048,graph,176,47.5769,14.2266,47.6264,47.5769,
50,32,524288,8192,hyprefill,256/2048/2048,graph,177,47.4654,14.2266,47.5119,47.4654,
50,32,524288,8192,hyprefill,256/2048/2048,graph,178,47.5307,14.2266,47.5886,47.5307,
50,32,524288,8192,hyprefill,256/2048/2048,graph,179,47.8716,13.4346,47.9402,47.8716,
50,32,524288,8192,hyprefill,256/2048/2048,graph,180,47.3450,13.7092,47.3975,47.3450,
50,32,524288,8192,hyprefill,256/2048/2048,graph,181,48.1243,13.4346,48.1718,48.1243,
50,32,524288,8192,hyprefill,256/2048/2048,graph,182,47.7097,13.4346,47.7552,47.7097,
50,32,524288,8192,hyprefill,256/2048/2048,graph,183,47.3573,13.9838,47.4250,47.3573,
50,32,524288,8192,hyprefill,256/2048/2048,graph,184,48.0612,13.4346,48.1110,48.0612,
50,32,524288,8192,hyprefill,256/2048/2048,graph,185,48.1550,13.7092,48.2205,48.1550,
50,32,524288,8192,hyprefill,256/2048/2048,graph,186,47.5800,13.7092,47.6412,47.5800,
50,32,524288,8192,hyprefill,256/2048/2048,graph,187,47.6908,13.7092,47.7424,47.6908,
50,32,524288,8192,hyprefill,256/2048/2048,graph,188,47.9167,13.7092,47.9648,47.9167,
50,32,524288,8192,hyprefill,256/2048/2048,graph,189,47.6032,13.7092,47.6478,47.6032,
50,32,524288,8192,hyprefill,256/2048/2048,graph,190,47.9247,13.9520,47.9758,47.9247,
50,32,524288,8192,hyprefill,256/2048/2048,graph,191,47.0841,14.5012,47.1349,47.0841,
50,32,524288,8192,hyprefill,256/2048/2048,graph,192,47.4973,14.2266,47.5444,47.4973,
50,32,524288,8192,hyprefill,256/2048/2048,graph,193,47.3975,14.2266,47.4602,47.3975,
50,32,524288,8192,hyprefill,256/2048/2048,graph,194,47.2522,13.9520,47.3031,47.2522,
50,32,524288,8192,hyprefill,256/2048/2048,graph,195,47.1735,13.4346,47.2197,47.1735,
50,32,524288,8192,hyprefill,256/2048/2048,graph,196,49.5238,13.4346,49.5465,49.5238,
50,32,524288,8192,hyprefill,256/2048/2048,graph,197,50.4430,13.4346,50.4614,50.4430,
50,32,524288,8192,hyprefill,256/2048/2048,graph,198,47.7016,13.7092,47.7481,47.7016,
50,32,524288,8192,hyprefill,256/2048/2048,graph,199,47.5148,13.7092,47.5608,47.5148,
50,32,524288,8192,hyprefill,256/256/256,graph,0,47.2989,15.3249,47.3539,47.2989,
50,32,524288,8192,hyprefill,256/256/256,graph,1,47.7761,15.0503,47.8237,47.7761,
50,32,524288,8192,hyprefill,256/256/256,graph,2,47.0970,14.7758,47.1432,47.0970,
50,32,524288,8192,hyprefill,256/256/256,graph,3,47.1053,14.7758,47.1517,47.1053,
50,32,524288,8192,hyprefill,256/256/256,graph,4,48.3781,14.5330,48.4388,48.3781,
50,32,524288,8192,hyprefill,256/256/256,graph,5,47.4129,14.7758,47.4590,47.4129,
50,32,524288,8192,hyprefill,256/256/256,graph,6,47.1373,15.0503,47.1879,47.1373,
50,32,524288,8192,hyprefill,256/256/256,graph,7,47.1640,15.0503,47.2124,47.1640,
50,32,524288,8192,hyprefill,256/256/256,graph,8,47.7914,15.3249,47.8380,47.7914,
50,32,524288,8192,hyprefill,256/256/256,graph,9,47.7847,15.0503,47.8305,47.7847,
50,32,524288,8192,hyprefill,256/256/256,graph,10,47.7861,15.3249,47.8316,47.7861,
50,32,524288,8192,hyprefill,256/256/256,graph,11,47.6889,15.0503,47.7346,47.6889,
50,32,524288,8192,hyprefill,256/256/256,graph,12,47.5180,14.7758,47.5624,47.5180,
50,32,524288,8192,hyprefill,256/256/256,graph,13,47.4202,14.7758,47.4747,47.4202,
50,32,524288,8192,hyprefill,256/256/256,graph,14,47.1342,15.0503,47.1844,47.1342,
50,32,524288,8192,hyprefill,256/256/256,graph,15,47.6376,14.7758,47.6869,47.6376,
50,32,524288,8192,hyprefill,256/256/256,graph,16,46.8726,15.0503,46.9255,46.8726,
50,32,524288,8192,hyprefill,256/256/256,graph,17,47.4851,15.0503,47.5393,47.4851,
50,32,524288,8192,hyprefill,256/256/256,graph,18,47.6182,15.0503,47.6657,47.6182,
50,32,524288,8192,hyprefill,256/256/256,graph,19,47.5740,14.7758,47.6214,47.5740,
50,32,524288,8192,hyprefill,256/256/256,graph,20,47.1357,14.7758,47.1819,47.1357,
50,32,524288,8192,hyprefill,256/256/256,graph,21,47.1444,15.0503,47.1912,47.1444,
50,32,524288,8192,hyprefill,256/256/256,graph,22,47.2191,14.7758,47.2819,47.2191,
50,32,524288,8192,hyprefill,256/256/256,graph,23,46.9228,14.7758,46.9762,46.9228,
50,32,524288,8192,hyprefill,256/256/256,graph,24,46.9363,15.0503,46.9852,46.9363,
50,32,524288,8192,hyprefill,256/256/256,graph,25,47.2630,14.7758,47.3115,47.2630,
50,32,524288,8192,hyprefill,256/256/256,graph,26,47.1780,15.0503,47.2251,47.1780,
50,32,524288,8192,hyprefill,256/256/256,graph,27,47.1845,14.7758,47.2317,47.1845,
50,32,524288,8192,hyprefill,256/256/256,graph,28,46.9315,15.0503,46.9847,46.9315,
50,32,524288,8192,hyprefill,256/256/256,graph,29,47.3950,15.0503,47.4512,47.3950,
50,32,524288,8192,hyprefill,256/256/256,graph,30,46.9795,15.0503,47.0340,46.9795,
50,32,524288,8192,hyprefill,256/256/256,graph,31,47.3701,15.0503,47.4178,47.3701,
50,32,524288,8192,hyprefill,256/256/256,graph,32,46.7820,14.7758,46.8280,46.7820,
50,32,524288,8192,hyprefill,256/256/256,graph,33,47.3939,15.0503,47.4394,47.3939,
50,32,524288,8192,hyprefill,256/256/256,graph,34,46.9649,14.7758,47.0097,46.9649,
50,32,524288,8192,hyprefill,256/256/256,graph,35,47.4047,15.0503,47.4595,47.4047,
50,32,524288,8192,hyprefill,256/256/256,graph,36,47.4103,14.7758,47.4634,47.4103,
50,32,524288,8192,hyprefill,256/256/256,graph,37,48.2812,14.8076,48.3296,48.2812,
50,32,524288,8192,hyprefill,256/256/256,graph,38,47.1935,14.5012,47.2411,47.1935,
50,32,524288,8192,hyprefill,256/256/256,graph,39,47.4176,15.3249,47.4701,47.4176,
50,32,524288,8192,hyprefill,256/256/256,graph,40,47.3434,15.0503,47.3919,47.3434,
50,32,524288,8192,hyprefill,256/256/256,graph,41,47.4583,15.3249,47.5100,47.4583,
50,32,524288,8192,hyprefill,256/256/256,graph,42,47.5794,15.0503,47.6317,47.5794,
50,32,524288,8192,hyprefill,256/256/256,graph,43,47.4956,15.3249,47.5475,47.4956,
50,32,524288,8192,hyprefill,256/256/256,graph,44,47.5133,15.0503,47.5622,47.5133,
50,32,524288,8192,hyprefill,256/256/256,graph,45,47.0834,14.7758,47.1311,47.0834,
50,32,524288,8192,hyprefill,256/256/256,graph,46,47.2728,14.7758,47.3269,47.2728,
50,32,524288,8192,hyprefill,256/256/256,graph,47,47.0724,15.0503,47.1238,47.0724,
50,32,524288,8192,hyprefill,256/256/256,graph,48,47.4357,14.7758,47.4982,47.4357,
50,32,524288,8192,hyprefill,256/256/256,graph,49,46.8314,14.7758,46.8811,46.8314,
50,32,524288,8192,hyprefill,256/256/256,graph,50,47.0706,14.7758,47.1194,47.0706,
50,32,524288,8192,hyprefill,256/256/256,graph,51,47.1628,14.5012,47.2107,47.1628,
50,32,524288,8192,hyprefill,256/256/256,graph,52,47.4250,14.7758,47.4768,47.4250,
50,32,524288,8192,hyprefill,256/256/256,graph,53,46.7580,14.5012,46.8039,46.7580,
50,32,524288,8192,hyprefill,256/256/256,graph,54,48.6347,14.5330,48.6892,48.6347,
50,32,524288,8192,hyprefill,256/256/256,graph,55,47.8868,14.2266,47.9368,47.8868,
50,32,524288,8192,hyprefill,256/256/256,graph,56,46.9551,15.3249,47.0023,46.9551,
50,32,524288,8192,hyprefill,256/256/256,graph,57,47.2444,15.0503,47.2918,47.2444,
50,32,524288,8192,hyprefill,256/256/256,graph,58,47.3849,15.3249,47.4384,47.3849,
50,32,524288,8192,hyprefill,256/256/256,graph,59,47.7875,15.0503,47.8344,47.7875,
50,32,524288,8192,hyprefill,256/256/256,graph,60,47.2674,15.0503,47.3141,47.2674,
50,32,524288,8192,hyprefill,256/256/256,graph,61,47.2148,15.0503,47.2722,47.2148,
50,32,524288,8192,hyprefill,256/256/256,graph,62,47.2623,14.5012,47.3138,47.2623,
50,32,524288,8192,hyprefill,256/256/256,graph,63,47.2671,14.7758,47.3171,47.2671,
50,32,524288,8192,hyprefill,256/256/256,graph,64,47.2010,14.7758,47.2543,47.2010,
50,32,524288,8192,hyprefill,256/256/256,graph,65,46.9242,14.7758,46.9701,46.9242,
50,32,524288,8192,hyprefill,256/256/256,graph,66,47.1241,15.0503,47.1707,47.1241,
50,32,524288,8192,hyprefill,256/256/256,graph,67,46.9057,15.0503,46.9515,46.9057,
50,32,524288,8192,hyprefill,256/256/256,graph,68,47.4426,15.0503,47.4881,47.4426,
50,32,524288,8192,hyprefill,256/256/256,graph,69,47.5097,15.0503,47.5554,47.5097,
50,32,524288,8192,hyprefill,256/256/256,graph,70,47.7251,14.7758,47.7791,47.7251,
50,32,524288,8192,hyprefill,256/256/256,graph,71,48.4185,14.2584,48.4763,48.4185,
50,32,524288,8192,hyprefill,256/256/256,graph,72,47.2711,14.5012,47.3189,47.2711,
50,32,524288,8192,hyprefill,256/256/256,graph,73,46.6582,15.3249,46.7051,46.6582,
50,32,524288,8192,hyprefill,256/256/256,graph,74,47.4856,14.5012,47.5307,47.4856,
50,32,524288,8192,hyprefill,256/256/256,graph,75,46.8491,15.3249,46.8999,46.8491,
50,32,524288,8192,hyprefill,256/256/256,graph,76,47.3849,14.7758,47.4313,47.3849,
50,32,524288,8192,hyprefill,256/256/256,graph,77,47.0643,15.0503,47.1116,47.0643,
50,32,524288,8192,hyprefill,256/256/256,graph,78,47.5745,15.0503,47.6209,47.5745,
50,32,524288,8192,hyprefill,256/256/256,graph,79,46.9335,14.7758,46.9791,46.9335,
50,32,524288,8192,hyprefill,256/256/256,graph,80,48.1385,14.5330,48.1839,48.1385,
50,32,524288,8192,hyprefill,256/256/256,graph,81,48.2761,13.9838,48.3233,48.2761,
50,32,524288,8192,hyprefill,256/256/256,graph,82,48.3750,14.8076,48.4303,48.3750,
50,32,524288,8192,hyprefill,256/256/256,graph,83,47.2297,14.7758,47.2822,47.2297,
50,32,524288,8192,hyprefill,256/256/256,graph,84,47.3071,15.3249,47.3550,47.3071,
50,32,524288,8192,hyprefill,256/256/256,graph,85,47.7153,15.0503,47.7659,47.7153,
50,32,524288,8192,hyprefill,256/256/256,graph,86,47.2844,15.5995,47.3322,47.2844,
50,32,524288,8192,hyprefill,256/256/256,graph,87,48.2220,15.3249,48.2708,48.2220,
50,32,524288,8192,hyprefill,256/256/256,graph,88,47.1155,14.5012,47.1712,47.1155,
50,32,524288,8192,hyprefill,256/256/256,graph,89,47.2251,14.7758,47.2802,47.2251,
50,32,524288,8192,hyprefill,256/256/256,graph,90,47.2285,14.5012,47.2960,47.2285,
50,32,524288,8192,hyprefill,256/256/256,graph,91,47.1105,14.7758,47.1588,47.1105,
50,32,524288,8192,hyprefill,256/256/256,graph,92,46.9569,14.7758,47.0038,46.9569,
50,32,524288,8192,hyprefill,256/256/256,graph,93,48.6220,14.5330,48.6796,48.6220,
50,32,524288,8192,hyprefill,256/256/256,graph,94,47.2097,14.7758,47.2630,47.2097,
50,32,524288,8192,hyprefill,256/256/256,graph,95,47.5016,15.3249,47.5487,47.5016,
50,32,524288,8192,hyprefill,256/256/256,graph,96,47.2066,14.7758,47.2668,47.2066,
50,32,524288,8192,hyprefill,256/256/256,graph,97,47.2900,15.3249,47.3446,47.2900,
50,32,524288,8192,hyprefill,256/256/256,graph,98,47.7026,15.0503,47.7545,47.7026,
50,32,524288,8192,hyprefill,256/256/256,graph,99,48.5265,15.0822,48.5936,48.5265,
50,32,524288,8192,hyprefill,256/256/256,graph,100,48.5367,14.2584,48.5902,48.5367,
50,32,524288,8192,hyprefill,256/256/256,graph,101,47.3521,14.7758,47.3997,47.3521,
50,32,524288,8192,hyprefill,256/256/256,graph,102,47.2936,15.3249,47.3740,47.2936,
50,32,524288,8192,hyprefill,256/256/256,graph,103,47.8105,15.0503,47.8804,47.8105,
50,32,524288,8192,hyprefill,256/256/256,graph,104,47.2095,15.3249,47.2562,47.2095,
50,32,524288,8192,hyprefill,256/256/256,graph,105,47.5141,15.0503,47.5748,47.5141,
50,32,524288,8192,hyprefill,256/256/256,graph,106,47.4434,15.3249,47.4951,47.4434,
50,32,524288,8192,hyprefill,256/256/256,graph,107,47.1312,14.2266,47.1844,47.1312,
50,32,524288,8192,hyprefill,256/256/256,graph,108,46.9846,15.0503,47.0351,46.9846,
50,32,524288,8192,hyprefill,256/256/256,graph,109,47.3216,14.7758,47.3714,47.3216,
50,32,524288,8192,hyprefill,256/256/256,graph,110,46.7941,15.0503,46.8409,46.7941,
50,32,524288,8192,hyprefill,256/256/256,graph,111,47.3718,15.0503,47.4256,47.3718,
50,32,524288,8192,hyprefill,256/256/256,graph,112,47.3115,15.0503,47.3691,47.3115,
50,32,524288,8192,hyprefill,256/256/256,graph,113,47.2978,15.0503,47.3479,47.2978,
50,32,524288,8192,hyprefill,256/256/256,graph,114,47.0250,15.0503,47.0740,47.0250,
50,32,524288,8192,hyprefill,256/256/256,graph,115,47.4469,15.0503,47.5049,47.4469,
50,32,524288,8192,hyprefill,256/256/256,graph,116,47.4959,15.0503,47.5453,47.4959,
50,32,524288,8192,hyprefill,256/256/256,graph,117,47.3669,15.0503,47.4148,47.3669,
50,32,524288,8192,hyprefill,256/256/256,graph,118,47.4261,15.0503,47.4796,47.4261,
50,32,524288,8192,hyprefill,256/256/256,graph,119,47.1303,15.0503,47.1799,47.1303,
50,32,524288,8192,hyprefill,256/256/256,graph,120,47.3300,14.7758,47.3867,47.3300,
50,32,524288,8192,hyprefill,256/256/256,graph,121,47.8375,15.0503,47.8876,47.8375,
50,32,524288,8192,hyprefill,256/256/256,graph,122,47.1907,14.7758,47.2403,47.1907,
50,32,524288,8192,hyprefill,256/256/256,graph,123,47.3156,15.0503,47.3640,47.3156,
50,32,524288,8192,hyprefill,256/256/256,graph,124,47.3207,14.7758,47.3664,47.3207,
50,32,524288,8192,hyprefill,256/256/256,graph,125,47.5231,15.0503,47.5686,47.5231,
50,32,524288,8192,hyprefill,256/256/256,graph,126,47.5295,15.0503,47.5864,47.5295,
50,32,524288,8192,hyprefill,256/256/256,graph,127,48.0309,14.2584,48.0791,48.0309,
50,32,524288,8192,hyprefill,256/256/256,graph,128,47.5111,15.0503,47.5599,47.5111,
50,32,524288,8192,hyprefill,256/256/256,graph,129,47.3880,15.3249,47.4419,47.3880,
50,32,524288,8192,hyprefill,256/256/256,graph,130,47.3783,15.0503,47.4296,47.3783,
50,32,524288,8192,hyprefill,256/256/256,graph,131,47.5962,15.3249,47.6479,47.5962,
50,32,524288,8192,hyprefill,256/256/256,graph,132,47.5388,15.0503,47.5957,47.5388,
50,32,524288,8192,hyprefill,256/256/256,graph,133,47.2474,15.3249,47.2967,47.2474,
50,32,524288,8192,hyprefill,256/256/256,graph,134,47.5452,15.0503,47.5988,47.5452,
50,32,524288,8192,hyprefill,256/256/256,graph,135,47.6200,15.0503,47.6689,47.6200,
50,32,524288,8192,hyprefill,256/256/256,graph,136,48.6757,14.2584,48.7248,48.6757,
50,32,524288,8192,hyprefill,256/256/256,graph,137,47.6948,13.9838,47.7673,47.6948,
50,32,524288,8192,hyprefill,256/256/256,graph,138,47.2904,15.0503,47.3493,47.2904,
50,32,524288,8192,hyprefill,256/256/256,graph,139,47.5497,15.3249,47.5982,47.5497,
50,32,524288,8192,hyprefill,256/256/256,graph,140,47.3503,15.0503,47.3972,47.3503,
50,32,524288,8192,hyprefill,256/256/256,graph,141,47.2567,15.3249,47.3087,47.2567,
50,32,524288,8192,hyprefill,256/256/256,graph,142,47.2716,15.0503,47.3230,47.2716,
50,32,524288,8192,hyprefill,256/256/256,graph,143,47.0453,15.3249,47.1009,47.0453,
50,32,524288,8192,hyprefill,256/256/256,graph,144,47.5221,15.0503,47.5817,47.5221,
50,32,524288,8192,hyprefill,256/256/256,graph,145,47.7039,13.9838,47.7610,47.7039,
50,32,524288,8192,hyprefill,256/256/256,graph,146,47.3259,14.7758,47.3788,47.3259,
50,32,524288,8192,hyprefill,256/256/256,graph,147,46.6446,14.7758,46.6977,46.6446,
50,32,524288,8192,hyprefill,256/256/256,graph,148,47.2400,14.7758,47.2971,47.2400,
50,32,524288,8192,hyprefill,256/256/256,graph,149,47.0828,14.7758,47.1320,47.0828,
50,32,524288,8192,hyprefill,256/256/256,graph,150,47.2884,14.7758,47.3407,47.2884,
50,32,524288,8192,hyprefill,256/256/256,graph,151,47.6235,15.0503,47.6847,47.6235,
50,32,524288,8192,hyprefill,256/256/256,graph,152,48.0941,14.7758,48.1540,48.0941,
50,32,524288,8192,hyprefill,256/256/256,graph,153,47.1888,15.0503,47.2416,47.1888,
50,32,524288,8192,hyprefill,256/256/256,graph,154,47.3029,15.0503,47.3502,47.3029,
50,32,524288,8192,hyprefill,256/256/256,graph,155,48.0750,14.2584,48.1230,48.0750,
50,32,524288,8192,hyprefill,256/256/256,graph,156,46.7960,15.0503,46.9324,46.7960,
50,32,524288,8192,hyprefill,256/256/256,graph,157,46.8019,15.3249,46.8524,46.8019,
50,32,524288,8192,hyprefill,256/256/256,graph,158,47.2633,14.7758,47.3106,47.2633,
50,32,524288,8192,hyprefill,256/256/256,graph,159,47.2729,15.3249,47.3259,47.2729,
50,32,524288,8192,hyprefill,256/256/256,graph,160,47.4040,14.7758,47.4631,47.4040,
50,32,524288,8192,hyprefill,256/256/256,graph,161,47.4117,15.3249,47.4630,47.4117,
50,32,524288,8192,hyprefill,256/256/256,graph,162,47.3048,15.0503,47.3536,47.3048,
50,32,524288,8192,hyprefill,256/256/256,graph,163,47.9863,14.2584,48.0319,47.9863,
50,32,524288,8192,hyprefill,256/256/256,graph,164,47.3829,15.0503,47.4296,47.3829,
50,32,524288,8192,hyprefill,256/256/256,graph,165,47.2136,15.0503,47.2640,47.2136,
50,32,524288,8192,hyprefill,256/256/256,graph,166,47.1182,14.7758,47.1820,47.1182,
50,32,524288,8192,hyprefill,256/256/256,graph,167,47.5628,15.0503,47.6123,47.5628,
50,32,524288,8192,hyprefill,256/256/256,graph,168,47.3506,14.7758,47.4077,47.3506,
50,32,524288,8192,hyprefill,256/256/256,graph,169,47.2329,15.0503,47.2849,47.2329,
50,32,524288,8192,hyprefill,256/256/256,graph,170,47.2936,14.7758,47.3508,47.2936,
50,32,524288,8192,hyprefill,256/256/256,graph,171,47.2207,15.0503,47.2774,47.2207,
50,32,524288,8192,hyprefill,256/256/256,graph,172,47.1382,15.0503,47.1866,47.1382,
50,32,524288,8192,hyprefill,256/256/256,graph,173,47.0950,14.7758,47.1419,47.0950,
50,32,524288,8192,hyprefill,256/256/256,graph,174,46.9739,14.7758,47.0432,46.9739,
50,32,524288,8192,hyprefill,256/256/256,graph,175,47.3861,15.0503,47.4393,47.3861,
50,32,524288,8192,hyprefill,256/256/256,graph,176,47.1473,15.0503,47.1936,47.1473,
50,32,524288,8192,hyprefill,256/256/256,graph,177,47.2573,14.7758,47.3057,47.2573,
50,32,524288,8192,hyprefill,256/256/256,graph,178,47.2594,15.0503,47.3184,47.2594,
50,32,524288,8192,hyprefill,256/256/256,graph,179,47.5549,14.7758,47.6072,47.5549,
50,32,524288,8192,hyprefill,256/256/256,graph,180,46.7025,15.0503,46.7617,46.7025,
50,32,524288,8192,hyprefill,256/256/256,graph,181,47.3058,15.0503,47.3657,47.3058,
50,32,524288,8192,hyprefill,256/256/256,graph,182,46.9850,15.0503,47.0326,46.9850,
50,32,524288,8192,hyprefill,256/256/256,graph,183,47.6269,14.7758,47.6832,47.6269,
50,32,524288,8192,hyprefill,256/256/256,graph,184,47.2450,15.0503,47.2951,47.2450,
50,32,524288,8192,hyprefill,256/256/256,graph,185,47.5817,14.7758,47.6414,47.5817,
50,32,524288,8192,hyprefill,256/256/256,graph,186,47.4921,15.0503,47.5478,47.4921,
50,32,524288,8192,hyprefill,256/256/256,graph,187,47.1817,14.5012,47.2293,47.1817,
50,32,524288,8192,hyprefill,256/256/256,graph,188,47.1553,15.0503,47.2032,47.1553,
50,32,524288,8192,hyprefill,256/256/256,graph,189,47.1904,15.0503,47.2373,47.1904,
50,32,524288,8192,hyprefill,256/256/256,graph,190,47.0738,14.7758,47.1260,47.0738,
50,32,524288,8192,hyprefill,256/256/256,graph,191,47.4169,15.0503,47.4688,47.4169,
50,32,524288,8192,hyprefill,256/256/256,graph,192,47.2599,15.0503,47.3319,47.2599,
50,32,524288,8192,hyprefill,256/256/256,graph,193,47.4499,15.0503,47.5154,47.4499,
50,32,524288,8192,hyprefill,256/256/256,graph,194,47.2636,15.0503,47.3134,47.2636,
50,32,524288,8192,hyprefill,256/256/256,graph,195,47.6271,15.0503,47.6869,47.6271,
50,32,524288,8192,hyprefill,256/256/256,graph,196,47.3707,15.0503,47.4227,47.3707,
50,32,524288,8192,hyprefill,256/256/256,graph,197,47.4703,15.0503,47.5232,47.4703,
50,32,524288,8192,hyprefill,256/256/256,graph,198,47.2503,15.0503,47.3061,47.2503,
50,32,524288,8192,hyprefill,256/256/256,graph,199,47.1174,14.7758,47.1713,47.1174,
50,32,524288,8192,hyprefill,512/512/512,graph,0,45.1860,14.1947,45.2376,45.1860,
50,32,524288,8192,hyprefill,512/512/512,graph,1,46.4597,14.1947,46.4798,46.4597,
50,32,524288,8192,hyprefill,512/512/512,graph,2,48.4616,14.1947,48.4852,48.4616,
50,32,524288,8192,hyprefill,512/512/512,graph,3,47.7238,14.1947,47.7426,47.7238,
50,32,524288,8192,hyprefill,512/512/512,graph,4,47.7466,14.1947,47.7645,47.7466,
50,32,524288,8192,hyprefill,512/512/512,graph,5,48.0352,14.1947,48.0549,48.0352,
50,32,524288,8192,hyprefill,512/512/512,graph,6,48.3233,14.1947,48.3444,48.3233,
50,32,524288,8192,hyprefill,512/512/512,graph,7,47.9031,14.1947,47.9205,47.9031,
50,32,524288,8192,hyprefill,512/512/512,graph,8,47.8662,14.1947,47.8817,47.8662,
50,32,524288,8192,hyprefill,512/512/512,graph,9,47.7918,14.1947,47.8191,47.7918,
50,32,524288,8192,hyprefill,512/512/512,graph,10,47.5754,14.1947,47.6054,47.5754,
50,32,524288,8192,hyprefill,512/512/512,graph,11,47.5151,14.1947,47.5363,47.5151,
50,32,524288,8192,hyprefill,512/512/512,graph,12,47.9354,14.1947,47.9598,47.9354,
50,32,524288,8192,hyprefill,512/512/512,graph,13,48.0149,14.1947,48.0375,48.0149,
50,32,524288,8192,hyprefill,512/512/512,graph,14,48.1400,14.1947,48.1698,48.1400,
50,32,524288,8192,hyprefill,512/512/512,graph,15,47.5815,14.1947,47.5972,47.5815,
50,32,524288,8192,hyprefill,512/512/512,graph,16,47.9000,14.1947,47.9168,47.9000,
50,32,524288,8192,hyprefill,512/512/512,graph,17,51.4135,14.1947,51.4329,51.4135,
50,32,524288,8192,hyprefill,512/512/512,graph,18,56.1592,14.1947,56.1784,56.1592,
50,32,524288,8192,hyprefill,512/512/512,graph,19,54.4041,14.1947,54.4240,54.4041,
50,32,524288,8192,hyprefill,512/512/512,graph,20,51.1387,14.1947,51.1565,51.1387,
50,32,524288,8192,hyprefill,512/512/512,graph,21,48.7280,14.1947,48.7453,48.7280,
50,32,524288,8192,hyprefill,512/512/512,graph,22,47.8625,14.1947,47.8850,47.8625,
50,32,524288,8192,hyprefill,512/512/512,graph,23,47.0378,14.1947,47.0592,47.0378,
50,32,524288,8192,hyprefill,512/512/512,graph,24,47.4924,14.1947,47.5173,47.4924,
50,32,524288,8192,hyprefill,512/512/512,graph,25,47.6016,14.1947,47.6404,47.6016,
50,32,524288,8192,hyprefill,512/512/512,graph,26,47.8435,14.1947,47.9060,47.8435,
50,32,524288,8192,hyprefill,512/512/512,graph,27,48.1703,14.1947,48.1949,48.1703,
50,32,524288,8192,hyprefill,512/512/512,graph,28,47.7298,14.1947,47.7496,47.7298,
50,32,524288,8192,hyprefill,512/512/512,graph,29,47.6093,14.1947,47.6251,47.6093,
50,32,524288,8192,hyprefill,512/512/512,graph,30,47.6636,14.1947,47.6811,47.6636,
50,32,524288,8192,hyprefill,512/512/512,graph,31,48.2772,14.1947,48.2971,48.2772,
50,32,524288,8192,hyprefill,512/512/512,graph,32,47.8823,14.1947,47.9012,47.8823,
50,32,524288,8192,hyprefill,512/512/512,graph,33,48.1167,14.1947,48.1354,48.1167,
50,32,524288,8192,hyprefill,512/512/512,graph,34,47.6386,14.1947,47.6587,47.6386,
50,32,524288,8192,hyprefill,512/512/512,graph,35,47.7263,14.1947,47.7452,47.7263,
50,32,524288,8192,hyprefill,512/512/512,graph,36,48.3355,14.1947,48.3562,48.3355,
50,32,524288,8192,hyprefill,512/512/512,graph,37,51.0016,14.1947,51.0184,51.0016,
50,32,524288,8192,hyprefill,512/512/512,graph,38,51.0340,14.1947,51.0507,51.0340,
50,32,524288,8192,hyprefill,512/512/512,graph,39,50.8202,14.1947,50.8371,50.8202,
50,32,524288,8192,hyprefill,512/512/512,graph,40,50.3280,14.1947,50.3452,50.3280,
50,32,524288,8192,hyprefill,512/512/512,graph,41,49.6978,14.1947,49.7136,49.6978,
50,32,524288,8192,hyprefill,512/512/512,graph,42,48.9046,14.1947,48.9216,48.9046,
50,32,524288,8192,hyprefill,512/512/512,graph,43,48.1971,14.1947,48.2167,48.1971,
50,32,524288,8192,hyprefill,512/512/512,graph,44,47.6795,14.1947,47.6970,47.6795,
50,32,524288,8192,hyprefill,512/512/512,graph,45,48.2017,14.1947,48.2192,48.2017,
50,32,524288,8192,hyprefill,512/512/512,graph,46,48.3514,14.1947,48.3697,48.3514,
50,32,524288,8192,hyprefill,512/512/512,graph,47,47.5833,14.1947,47.6066,47.5833,
50,32,524288,8192,hyprefill,512/512/512,graph,48,47.3801,14.1947,47.4100,47.3801,
50,32,524288,8192,hyprefill,512/512/512,graph,49,47.5915,14.1947,47.6408,47.5915,
50,32,524288,8192,hyprefill,512/512/512,graph,50,48.1213,14.1947,48.1415,48.1213,
50,32,524288,8192,hyprefill,512/512/512,graph,51,47.6949,14.1947,47.7122,47.6949,
50,32,524288,8192,hyprefill,512/512/512,graph,52,47.6112,14.1947,47.6269,47.6112,
50,32,524288,8192,hyprefill,512/512/512,graph,53,47.5087,14.1947,47.5258,47.5087,
50,32,524288,8192,hyprefill,512/512/512,graph,54,48.3443,14.1947,48.3629,48.3443,
50,32,524288,8192,hyprefill,512/512/512,graph,55,48.3545,14.1947,48.3760,48.3545,
50,32,524288,8192,hyprefill,512/512/512,graph,56,49.2143,14.1947,49.2336,49.2143,
50,32,524288,8192,hyprefill,512/512/512,graph,57,49.1076,14.1947,49.1284,49.1076,
50,32,524288,8192,hyprefill,512/512/512,graph,58,49.5508,14.1947,49.5736,49.5508,
50,32,524288,8192,hyprefill,512/512/512,graph,59,49.7223,14.1947,49.7479,49.7223,
50,32,524288,8192,hyprefill,512/512/512,graph,60,49.5606,14.1947,49.5861,49.5606,
50,32,524288,8192,hyprefill,512/512/512,graph,61,49.2344,14.1947,49.2518,49.2344,
50,32,524288,8192,hyprefill,512/512/512,graph,62,48.7454,14.1947,48.7666,48.7454,
50,32,524288,8192,hyprefill,512/512/512,graph,63,48.1644,14.1947,48.1837,48.1644,
50,32,524288,8192,hyprefill,512/512/512,graph,64,48.3243,14.1947,48.3415,48.3243,
50,32,524288,8192,hyprefill,512/512/512,graph,65,48.1979,14.1947,48.2158,48.1979,
50,32,524288,8192,hyprefill,512/512/512,graph,66,47.8707,14.1947,47.8896,47.8707,
50,32,524288,8192,hyprefill,512/512/512,graph,67,47.8354,14.1947,47.8594,47.8354,
50,32,524288,8192,hyprefill,512/512/512,graph,68,47.2304,14.1947,47.2476,47.2304,
50,32,524288,8192,hyprefill,512/512/512,graph,69,47.9209,14.1947,47.9368,47.9209,
50,32,524288,8192,hyprefill,512/512/512,graph,70,48.1782,14.1947,48.1941,48.1782,
50,32,524288,8192,hyprefill,512/512/512,graph,71,48.1737,14.1947,48.1907,48.1737,
50,32,524288,8192,hyprefill,512/512/512,graph,72,47.3837,14.1947,47.4024,47.3837,
50,32,524288,8192,hyprefill,512/512/512,graph,73,47.2732,14.1947,47.2943,47.2732,
50,32,524288,8192,hyprefill,512/512/512,graph,74,48.0724,14.1947,48.0940,48.0724,
50,32,524288,8192,hyprefill,512/512/512,graph,75,48.3738,14.1947,48.4016,48.3738,
50,32,524288,8192,hyprefill,512/512/512,graph,76,48.4856,14.1947,48.5110,48.4856,
50,32,524288,8192,hyprefill,512/512/512,graph,77,48.6839,14.1947,48.7175,48.6839,
50,32,524288,8192,hyprefill,512/512/512,graph,78,49.0700,14.1947,49.0953,49.0700,
50,32,524288,8192,hyprefill,512/512/512,graph,79,50.1757,14.1947,50.1993,50.1757,
50,32,524288,8192,hyprefill,512/512/512,graph,80,48.7252,14.1947,48.7518,48.7252,
50,32,524288,8192,hyprefill,512/512/512,graph,81,48.7124,14.1947,48.7349,48.7124,
50,32,524288,8192,hyprefill,512/512/512,graph,82,49.4621,14.1947,49.4812,49.4621,
50,32,524288,8192,hyprefill,512/512/512,graph,83,49.1258,14.1947,49.1500,49.1258,
50,32,524288,8192,hyprefill,512/512/512,graph,84,48.6274,14.1947,48.6489,48.6274,
50,32,524288,8192,hyprefill,512/512/512,graph,85,48.3725,14.1947,48.3979,48.3725,
50,32,524288,8192,hyprefill,512/512/512,graph,86,48.1105,14.1947,48.1362,48.1105,
50,32,524288,8192,hyprefill,512/512/512,graph,87,47.9643,14.1947,47.9848,47.9643,
50,32,524288,8192,hyprefill,512/512/512,graph,88,48.1233,14.1947,48.1435,48.1233,
50,32,524288,8192,hyprefill,512/512/512,graph,89,48.4679,14.1947,48.4869,48.4679,
50,32,524288,8192,hyprefill,512/512/512,graph,90,48.2461,14.1947,48.2716,48.2461,
50,32,524288,8192,hyprefill,512/512/512,graph,91,48.0820,14.1947,48.1063,48.0820,
50,32,524288,8192,hyprefill,512/512/512,graph,92,48.0980,14.1947,48.1212,48.0980,
50,32,524288,8192,hyprefill,512/512/512,graph,93,48.0599,14.1947,48.0912,48.0599,
50,32,524288,8192,hyprefill,512/512/512,graph,94,48.1018,14.1947,48.1234,48.1018,
50,32,524288,8192,hyprefill,512/512/512,graph,95,47.9833,14.1947,48.0108,47.9833,
50,32,524288,8192,hyprefill,512/512/512,graph,96,48.3302,14.1947,48.3566,48.3302,
50,32,524288,8192,hyprefill,512/512/512,graph,97,48.8584,14.1947,48.8851,48.8584,
50,32,524288,8192,hyprefill,512/512/512,graph,98,49.8163,14.1947,49.8417,49.8163,
50,32,524288,8192,hyprefill,512/512/512,graph,99,49.2528,14.1947,49.2739,49.2528,
50,32,524288,8192,hyprefill,512/512/512,graph,100,48.7799,14.1947,48.8053,48.7799,
50,32,524288,8192,hyprefill,512/512/512,graph,101,48.5316,14.1947,48.5503,48.5316,
50,32,524288,8192,hyprefill,512/512/512,graph,102,49.0550,14.1947,49.0746,49.0550,
50,32,524288,8192,hyprefill,512/512/512,graph,103,49.6252,14.1947,49.6486,49.6252,
50,32,524288,8192,hyprefill,512/512/512,graph,104,48.9660,14.1947,48.9878,48.9660,
50,32,524288,8192,hyprefill,512/512/512,graph,105,48.5706,14.1947,48.5939,48.5706,
50,32,524288,8192,hyprefill,512/512/512,graph,106,48.3502,14.1947,48.3722,48.3502,
50,32,524288,8192,hyprefill,512/512/512,graph,107,48.2148,14.1947,48.2417,48.2148,
50,32,524288,8192,hyprefill,512/512/512,graph,108,48.2127,14.1947,48.2398,48.2127,
50,32,524288,8192,hyprefill,512/512/512,graph,109,48.6222,14.1947,48.6504,48.6222,
50,32,524288,8192,hyprefill,512/512/512,graph,110,48.1962,14.1947,48.2248,48.1962,
50,32,524288,8192,hyprefill,512/512/512,graph,111,48.1000,14.1947,48.1215,48.1000,
50,32,524288,8192,hyprefill,512/512/512,graph,112,48.3317,14.1947,48.3583,48.3317,
50,32,524288,8192,hyprefill,512/512/512,graph,113,48.0907,14.1947,48.1133,48.0907,
50,32,524288,8192,hyprefill,512/512/512,graph,114,47.7595,14.1947,47.7840,47.7595,
50,32,524288,8192,hyprefill,512/512/512,graph,115,47.6381,14.1947,47.6624,47.6381,
50,32,524288,8192,hyprefill,512/512/512,graph,116,48.2848,14.1947,48.3068,48.2848,
50,32,524288,8192,hyprefill,512/512/512,graph,117,48.7822,14.1947,48.8089,48.7822,
50,32,524288,8192,hyprefill,512/512/512,graph,118,48.7013,14.1947,48.7308,48.7013,
50,32,524288,8192,hyprefill,512/512/512,graph,119,49.2155,14.1947,49.2362,49.2155,
50,32,524288,8192,hyprefill,512/512/512,graph,120,49.2058,14.1947,49.2316,49.2058,
50,32,524288,8192,hyprefill,512/512/512,graph,121,48.8665,14.1947,48.8898,48.8665,
50,32,524288,8192,hyprefill,512/512/512,graph,122,48.5258,14.1947,48.5540,48.5258,
50,32,524288,8192,hyprefill,512/512/512,graph,123,48.7778,14.1947,48.8036,48.7778,
50,32,524288,8192,hyprefill,512/512/512,graph,124,48.7493,14.1947,48.7730,48.7493,
50,32,524288,8192,hyprefill,512/512/512,graph,125,48.4663,14.1947,48.4924,48.4663,
50,32,524288,8192,hyprefill,512/512/512,graph,126,48.8012,14.1947,48.8231,48.8012,
50,32,524288,8192,hyprefill,512/512/512,graph,127,48.5086,14.1947,48.5344,48.5086,
50,32,524288,8192,hyprefill,512/512/512,graph,128,47.9306,14.1947,47.9501,47.9306,
50,32,524288,8192,hyprefill,512/512/512,graph,129,47.3232,14.1947,47.3457,47.3232,
50,32,524288,8192,hyprefill,512/512/512,graph,130,47.8187,14.1947,47.8408,47.8187,
50,32,524288,8192,hyprefill,512/512/512,graph,131,47.9851,14.1947,48.0059,47.9851,
50,32,524288,8192,hyprefill,512/512/512,graph,132,48.2257,14.1947,48.2496,48.2257,
50,32,524288,8192,hyprefill,512/512/512,graph,133,47.6643,14.1947,47.6903,47.6643,
50,32,524288,8192,hyprefill,512/512/512,graph,134,47.4079,14.1947,47.4346,47.4079,
50,32,524288,8192,hyprefill,512/512/512,graph,135,48.1591,14.1947,48.1847,48.1591,
50,32,524288,8192,hyprefill,512/512/512,graph,136,48.5900,14.1947,48.6112,48.5900,
50,32,524288,8192,hyprefill,512/512/512,graph,137,48.3382,14.1947,48.3664,48.3382,
50,32,524288,8192,hyprefill,512/512/512,graph,138,48.4016,14.1947,48.4246,48.4016,
50,32,524288,8192,hyprefill,512/512/512,graph,139,48.7886,14.1947,48.8155,48.7886,
50,32,524288,8192,hyprefill,512/512/512,graph,140,49.7054,14.1947,49.7301,49.7054,
50,32,524288,8192,hyprefill,512/512/512,graph,141,49.3724,14.1947,49.3955,49.3724,
50,32,524288,8192,hyprefill,512/512/512,graph,142,49.0496,14.1947,49.0719,49.0496,
50,32,524288,8192,hyprefill,512/512/512,graph,143,48.7981,14.1947,48.8212,48.7981,
50,32,524288,8192,hyprefill,512/512/512,graph,144,48.4968,14.1947,48.5216,48.4968,
50,32,524288,8192,hyprefill,512/512/512,graph,145,48.4857,14.1947,48.5202,48.4857,
50,32,524288,8192,hyprefill,512/512/512,graph,146,48.4409,14.1947,48.4670,48.4409,
50,32,524288,8192,hyprefill,512/512/512,graph,147,48.6484,14.1947,48.6767,48.6484,
50,32,524288,8192,hyprefill,512/512/512,graph,148,48.5293,14.1947,48.5576,48.5293,
50,32,524288,8192,hyprefill,512/512/512,graph,149,48.4580,14.1947,48.4811,48.4580,
50,32,524288,8192,hyprefill,512/512/512,graph,150,48.6297,14.1947,48.6507,48.6297,
50,32,524288,8192,hyprefill,512/512/512,graph,151,48.6101,14.1947,48.6355,48.6101,
50,32,524288,8192,hyprefill,512/512/512,graph,152,48.1419,14.1947,48.1663,48.1419,
50,32,524288,8192,hyprefill,512/512/512,graph,153,47.7514,14.1947,47.7728,47.7514,
50,32,524288,8192,hyprefill,512/512/512,graph,154,48.0228,14.1947,48.0448,48.0228,
50,32,524288,8192,hyprefill,512/512/512,graph,155,48.4124,14.1947,48.4348,48.4124,
50,32,524288,8192,hyprefill,512/512/512,graph,156,48.3154,14.1947,48.3430,48.3154,
50,32,524288,8192,hyprefill,512/512/512,graph,157,48.0775,14.1947,48.1056,48.0775,
50,32,524288,8192,hyprefill,512/512/512,graph,158,47.7116,14.1947,47.7366,47.7116,
50,32,524288,8192,hyprefill,512/512/512,graph,159,48.1012,14.1947,48.1242,48.1012,
50,32,524288,8192,hyprefill,512/512/512,graph,160,49.0019,14.1947,49.0243,49.0019,
50,32,524288,8192,hyprefill,512/512/512,graph,161,48.8300,14.1947,48.8499,48.8300,
50,32,524288,8192,hyprefill,512/512/512,graph,162,48.8092,14.1947,48.8335,48.8092,
50,32,524288,8192,hyprefill,512/512/512,graph,163,49.0071,14.1947,49.0317,49.0071,
50,32,524288,8192,hyprefill,512/512/512,graph,164,48.6950,14.1947,48.7399,48.6950,
50,32,524288,8192,hyprefill,512/512/512,graph,165,48.4653,14.1947,48.5263,48.4653,
50,32,524288,8192,hyprefill,512/512/512,graph,166,48.8556,14.1947,48.8782,48.8556,
50,32,524288,8192,hyprefill,512/512/512,graph,167,49.1192,14.1947,49.1443,49.1192,
50,32,524288,8192,hyprefill,512/512/512,graph,168,48.2984,14.1947,48.3217,48.2984,
50,32,524288,8192,hyprefill,512/512/512,graph,169,47.7304,14.1947,47.7508,47.7304,
50,32,524288,8192,hyprefill,512/512/512,graph,170,48.1180,14.1947,48.1443,48.1180,
50,32,524288,8192,hyprefill,512/512/512,graph,171,48.0786,14.1947,48.0966,48.0786,
50,32,524288,8192,hyprefill,512/512/512,graph,172,47.9179,14.1947,47.9395,47.9179,
50,32,524288,8192,hyprefill,512/512/512,graph,173,47.2591,14.1947,47.2820,47.2591,
50,32,524288,8192,hyprefill,512/512/512,graph,174,47.5829,14.1947,47.6015,47.5829,
50,32,524288,8192,hyprefill,512/512/512,graph,175,48.5841,14.1947,48.6045,48.5841,
50,32,524288,8192,hyprefill,512/512/512,graph,176,48.7090,14.1947,48.7299,48.7090,
50,32,524288,8192,hyprefill,512/512/512,graph,177,48.0787,14.1947,48.1048,48.0787,
50,32,524288,8192,hyprefill,512/512/512,graph,178,47.7682,14.1947,47.7931,47.7682,
50,32,524288,8192,hyprefill,512/512/512,graph,179,47.7673,14.1947,47.7874,47.7673,
50,32,524288,8192,hyprefill,512/512/512,graph,180,48.3212,14.1947,48.3465,48.3212,
50,32,524288,8192,hyprefill,512/512/512,graph,181,48.7711,14.1947,48.7928,48.7711,
50,32,524288,8192,hyprefill,512/512/512,graph,182,48.9062,14.1947,48.9337,48.9062,
50,32,524288,8192,hyprefill,512/512/512,graph,183,48.8628,14.1947,48.8827,48.8628,
50,32,524288,8192,hyprefill,512/512/512,graph,184,48.6428,14.1947,48.6651,48.6428,
50,32,524288,8192,hyprefill,512/512/512,graph,185,48.3941,14.1947,48.4209,48.3941,
50,32,524288,8192,hyprefill,512/512/512,graph,186,48.2086,14.1947,48.2337,48.2086,
50,32,524288,8192,hyprefill,512/512/512,graph,187,48.6553,14.1947,48.6835,48.6553,
50,32,524288,8192,hyprefill,512/512/512,graph,188,48.5212,14.1947,48.5473,48.5212,
50,32,524288,8192,hyprefill,512/512/512,graph,189,48.4372,14.1947,48.4579,48.4372,
50,32,524288,8192,hyprefill,512/512/512,graph,190,48.7533,14.1947,48.7767,48.7533,
50,32,524288,8192,hyprefill,512/512/512,graph,191,48.7181,14.1947,48.7405,48.7181,
50,32,524288,8192,hyprefill,512/512/512,graph,192,48.5828,14.1947,48.6099,48.5828,
50,32,524288,8192,hyprefill,512/512/512,graph,193,47.7188,14.1947,47.7433,47.7188,
50,32,524288,8192,hyprefill,512/512/512,graph,194,47.7403,14.1947,47.7603,47.7403,
50,32,524288,8192,hyprefill,512/512/512,graph,195,48.2641,14.1947,48.2912,48.2641,
50,32,524288,8192,hyprefill,512/512/512,graph,196,48.7569,14.1947,48.7824,48.7569,
50,32,524288,8192,hyprefill,512/512/512,graph,197,48.8335,14.1947,48.8587,48.8335,
50,32,524288,8192,hyprefill,512/512/512,graph,198,48.9423,14.1947,48.9668,48.9423,
50,32,524288,8192,hyprefill,512/512/512,graph,199,48.5355,14.1947,48.5560,48.5355,
100,32,524288,8192,chunked,256/256/256,graph,0,72.7118,23.6381,72.7643,72.7118,
100,32,524288,8192,chunked,256/256/256,graph,1,76.1694,23.6381,76.1924,76.1694,
100,32,524288,8192,chunked,256/256/256,graph,2,76.9249,23.6381,76.9456,76.9249,
100,32,524288,8192,chunked,256/256/256,graph,3,76.9063,23.6381,76.9287,76.9063,
100,32,524288,8192,chunked,256/256/256,graph,4,77.4303,23.6381,77.4494,77.4303,
100,32,524288,8192,chunked,256/256/256,graph,5,76.8044,23.6381,76.8443,76.8044,
100,32,524288,8192,chunked,256/256/256,graph,6,77.5257,23.6381,77.5461,77.5257,
100,32,524288,8192,chunked,256/256/256,graph,7,78.3140,23.6381,78.3391,78.3140,
100,32,524288,8192,chunked,256/256/256,graph,8,76.0879,23.6381,76.1061,76.0879,
100,32,524288,8192,chunked,256/256/256,graph,9,76.5102,23.6381,76.5320,76.5102,
100,32,524288,8192,chunked,256/256/256,graph,10,77.0167,23.6381,77.0358,77.0167,
100,32,524288,8192,chunked,256/256/256,graph,11,87.9413,23.6381,87.9594,87.9413,
100,32,524288,8192,chunked,256/256/256,graph,12,81.6587,23.6381,81.6858,81.6587,
100,32,524288,8192,chunked,256/256/256,graph,13,76.8249,23.6381,76.8550,76.8249,
100,32,524288,8192,chunked,256/256/256,graph,14,77.6565,23.6381,77.6797,77.6565,
100,32,524288,8192,chunked,256/256/256,graph,15,77.6039,23.6381,77.6251,77.6039,
100,32,524288,8192,chunked,256/256/256,graph,16,76.7394,23.6381,76.7580,76.7394,
100,32,524288,8192,chunked,256/256/256,graph,17,77.4093,23.6381,77.4302,77.4093,
100,32,524288,8192,chunked,256/256/256,graph,18,77.1406,23.6381,77.1593,77.1406,
100,32,524288,8192,chunked,256/256/256,graph,19,78.1475,23.6381,78.1653,78.1475,
100,32,524288,8192,chunked,256/256/256,graph,20,78.8441,23.6381,78.8613,78.8441,
100,32,524288,8192,chunked,256/256/256,graph,21,77.0450,23.6381,77.0630,77.0450,
100,32,524288,8192,chunked,256/256/256,graph,22,78.9150,23.6381,78.9319,78.9150,
100,32,524288,8192,chunked,256/256/256,graph,23,82.9012,23.6381,82.9179,82.9012,
100,32,524288,8192,chunked,256/256/256,graph,24,82.7606,23.6381,82.7789,82.7606,
100,32,524288,8192,chunked,256/256/256,graph,25,81.0089,23.6381,81.0270,81.0089,
100,32,524288,8192,chunked,256/256/256,graph,26,79.2650,23.6381,79.2827,79.2650,
100,32,524288,8192,chunked,256/256/256,graph,27,77.8179,23.6381,77.8362,77.8179,
100,32,524288,8192,chunked,256/256/256,graph,28,76.7204,23.6381,76.7397,76.7204,
100,32,524288,8192,chunked,256/256/256,graph,29,77.9004,23.6381,77.9191,77.9004,
100,32,524288,8192,chunked,256/256/256,graph,30,78.0282,23.6381,78.0484,78.0282,
100,32,524288,8192,chunked,256/256/256,graph,31,76.9322,23.6381,76.9509,76.9322,
100,32,524288,8192,chunked,256/256/256,graph,32,77.2094,23.6381,77.2288,77.2094,
100,32,524288,8192,chunked,256/256/256,graph,33,78.2779,23.6381,78.2977,78.2779,
100,32,524288,8192,chunked,256/256/256,graph,34,79.0116,23.6381,79.0296,79.0116,
100,32,524288,8192,chunked,256/256/256,graph,35,79.4550,23.6381,79.4728,79.4550,
100,32,524288,8192,chunked,256/256/256,graph,36,80.3111,23.6381,80.3400,80.3111,
100,32,524288,8192,chunked,256/256/256,graph,37,80.6695,23.6381,80.7011,80.6695,
100,32,524288,8192,chunked,256/256/256,graph,38,79.3037,23.6381,79.3287,79.3037,
100,32,524288,8192,chunked,256/256/256,graph,39,78.9586,23.6381,78.9795,78.9586,
100,32,524288,8192,chunked,256/256/256,graph,40,78.9004,23.6381,78.9219,78.9004,
100,32,524288,8192,chunked,256/256/256,graph,41,77.6746,23.6381,77.7004,77.6746,
100,32,524288,8192,chunked,256/256/256,graph,42,77.1674,23.6381,77.1872,77.1674,
100,32,524288,8192,chunked,256/256/256,graph,43,77.8233,23.6381,77.8415,77.8233,
100,32,524288,8192,chunked,256/256/256,graph,44,77.9792,23.6381,77.9972,77.9792,
100,32,524288,8192,chunked,256/256/256,graph,45,77.8261,23.6381,77.8453,77.8261,
100,32,524288,8192,chunked,256/256/256,graph,46,78.1478,23.6381,78.1660,78.1478,
100,32,524288,8192,chunked,256/256/256,graph,47,79.8544,23.6381,79.8726,79.8544,
100,32,524288,8192,chunked,256/256/256,graph,48,79.8971,23.6381,79.9160,79.8971,
100,32,524288,8192,chunked,256/256/256,graph,49,78.2410,23.6381,78.2593,78.2410,
100,32,524288,8192,chunked,256/256/256,graph,50,79.8223,23.6381,79.8422,79.8223,
100,32,524288,8192,chunked,256/256/256,graph,51,80.4425,23.6381,80.4610,80.4425,
100,32,524288,8192,chunked,256/256/256,graph,52,78.6593,23.6381,78.6774,78.6593,
100,32,524288,8192,chunked,256/256/256,graph,53,78.0607,23.6381,78.0810,78.0607,
100,32,524288,8192,chunked,256/256/256,graph,54,76.9559,23.6381,76.9733,76.9559,
100,32,524288,8192,chunked,256/256/256,graph,55,78.4655,23.6381,78.4845,78.4655,
100,32,524288,8192,chunked,256/256/256,graph,56,78.1759,23.6381,78.1930,78.1759,
100,32,524288,8192,chunked,256/256/256,graph,57,76.4990,23.6381,76.5182,76.4990,
100,32,524288,8192,chunked,256/256/256,graph,58,78.1342,23.6381,78.1535,78.1342,
100,32,524288,8192,chunked,256/256/256,graph,59,79.6077,23.6381,79.6259,79.6077,
100,32,524288,8192,chunked,256/256/256,graph,60,80.4558,23.6381,80.4736,80.4558,
100,32,524288,8192,chunked,256/256/256,graph,61,80.4451,23.6381,80.4667,80.4451,
100,32,524288,8192,chunked,256/256/256,graph,62,79.8586,23.6381,79.8868,79.8586,
100,32,524288,8192,chunked,256/256/256,graph,63,78.4083,23.6381,78.4272,78.4083,
100,32,524288,8192,chunked,256/256/256,graph,64,81.0526,23.6381,81.0752,81.0526,
100,32,524288,8192,chunked,256/256/256,graph,65,79.5930,23.6381,79.6136,79.5930,
100,32,524288,8192,chunked,256/256/256,graph,66,78.1317,23.6381,78.1513,78.1317,
100,32,524288,8192,chunked,256/256/256,graph,67,77.1169,23.6381,77.1363,77.1169,
100,32,524288,8192,chunked,256/256/256,graph,68,78.0026,23.6381,78.0218,78.0026,
100,32,524288,8192,chunked,256/256/256,graph,69,77.6632,23.6381,77.6802,77.6632,
100,32,524288,8192,chunked,256/256/256,graph,70,77.4284,23.6381,77.4450,77.4284,
100,32,524288,8192,chunked,256/256/256,graph,71,78.3483,23.6381,78.3639,78.3483,
100,32,524288,8192,chunked,256/256/256,graph,72,79.8378,23.6381,79.8538,79.8378,
100,32,524288,8192,chunked,256/256/256,graph,73,80.0599,23.6381,80.0765,80.0599,
100,32,524288,8192,chunked,256/256/256,graph,74,79.9972,23.6381,80.0155,79.9972,
100,32,524288,8192,chunked,256/256/256,graph,75,79.3482,23.6381,79.3649,79.3482,
100,32,524288,8192,chunked,256/256/256,graph,76,79.1631,23.6381,79.1819,79.1631,
100,32,524288,8192,chunked,256/256/256,graph,77,79.9293,23.6381,79.9454,79.9293,
100,32,524288,8192,chunked,256/256/256,graph,78,78.8635,23.6381,78.8804,78.8635,
100,32,524288,8192,chunked,256/256/256,graph,79,77.4650,23.6381,77.4828,77.4650,
100,32,524288,8192,chunked,256/256/256,graph,80,78.2469,23.6381,78.2697,78.2469,
100,32,524288,8192,chunked,256/256/256,graph,81,78.5469,23.6381,78.5709,78.5469,
100,32,524288,8192,chunked,256/256/256,graph,82,78.5408,23.6381,78.5631,78.5408,
100,32,524288,8192,chunked,256/256/256,graph,83,77.4021,23.6381,77.4251,77.4021,
100,32,524288,8192,chunked,256/256/256,graph,84,79.2015,23.6381,79.2270,79.2015,
100,32,524288,8192,chunked,256/256/256,graph,85,79.4351,23.6381,79.4541,79.4351,
100,32,524288,8192,chunked,256/256/256,graph,86,79.6086,23.6381,79.6362,79.6086,
100,32,524288,8192,chunked,256/256/256,graph,87,79.5653,23.6381,79.5898,79.5653,
100,32,524288,8192,chunked,256/256/256,graph,88,79.8998,23.6381,79.9191,79.8998,
100,32,524288,8192,chunked,256/256/256,graph,89,79.6772,23.6381,79.6960,79.6772,
100,32,524288,8192,chunked,256/256/256,graph,90,79.0010,23.6381,79.0191,79.0010,
100,32,524288,8192,chunked,256/256/256,graph,91,78.7453,23.6381,78.7624,78.7453,
100,32,524288,8192,chunked,256/256/256,graph,92,77.2587,23.6381,77.2759,77.2587,
100,32,524288,8192,chunked,256/256/256,graph,93,77.9361,23.6381,77.9557,77.9361,
100,32,524288,8192,chunked,256/256/256,graph,94,78.8565,23.6381,78.8727,78.8565,
100,32,524288,8192,chunked,256/256/256,graph,95,77.3541,23.6381,77.3757,77.3541,
100,32,524288,8192,chunked,256/256/256,graph,96,77.6836,23.6381,77.7015,77.6836,
100,32,524288,8192,chunked,256/256/256,graph,97,79.4094,23.6381,79.4250,79.4094,
100,32,524288,8192,chunked,256/256/256,graph,98,80.3383,23.6381,80.3559,80.3383,
100,32,524288,8192,chunked,256/256/256,graph,99,80.2491,23.6381,80.2669,80.2491,
100,32,524288,8192,chunked,256/256/256,graph,100,79.5699,23.6381,79.5885,79.5699,
100,32,524288,8192,chunked,256/256/256,graph,101,79.8530,23.6381,79.8716,79.8530,
100,32,524288,8192,chunked,256/256/256,graph,102,79.4203,23.6381,79.4384,79.4203,
100,32,524288,8192,chunked,256/256/256,graph,103,79.4942,23.6381,79.5117,79.4942,
100,32,524288,8192,chunked,256/256/256,graph,104,78.9652,23.6381,78.9823,78.9652,
100,32,524288,8192,chunked,256/256/256,graph,105,76.5996,23.6381,76.6157,76.5996,
100,32,524288,8192,chunked,256/256/256,graph,106,77.7726,23.6381,77.7923,77.7726,
100,32,524288,8192,chunked,256/256/256,graph,107,79.5547,23.6381,79.5752,79.5547,
100,32,524288,8192,chunked,256/256/256,graph,108,79.2127,23.6381,79.2318,79.2127,
100,32,524288,8192,chunked,256/256/256,graph,109,78.5836,23.6381,78.6139,78.5836,
100,32,524288,8192,chunked,256/256/256,graph,110,79.0347,23.6381,79.0813,79.0347,
100,32,524288,8192,chunked,256/256/256,graph,111,77.8884,23.6381,77.9050,77.8884,
100,32,524288,8192,chunked,256/256/256,graph,112,79.7224,23.6381,79.7407,79.7224,
100,32,524288,8192,chunked,256/256/256,graph,113,78.9701,23.6381,78.9929,78.9701,
100,32,524288,8192,chunked,256/256/256,graph,114,79.6583,23.6381,79.6751,79.6583,
100,32,524288,8192,chunked,256/256/256,graph,115,78.0051,23.6381,78.0219,78.0051,
100,32,524288,8192,chunked,256/256/256,graph,116,78.1215,23.6381,78.1381,78.1215,
100,32,524288,8192,chunked,256/256/256,graph,117,76.7794,23.6381,76.7962,76.7794,
100,32,524288,8192,chunked,256/256/256,graph,118,78.3361,23.6381,78.3537,78.3361,
100,32,524288,8192,chunked,256/256/256,graph,119,79.2537,23.6381,79.2724,79.2537,
100,32,524288,8192,chunked,256/256/256,graph,120,77.8661,23.6381,77.8847,77.8661,
100,32,524288,8192,chunked,256/256/256,graph,121,77.6244,23.6381,77.6438,77.6244,
100,32,524288,8192,chunked,256/256/256,graph,122,80.5375,23.6381,80.5578,80.5375,
100,32,524288,8192,chunked,256/256/256,graph,123,78.4255,23.6381,78.4431,78.4255,
100,32,524288,8192,chunked,256/256/256,graph,124,79.3015,23.6381,79.3188,79.3015,
100,32,524288,8192,chunked,256/256/256,graph,125,80.1931,23.6381,80.2102,80.1931,
100,32,524288,8192,chunked,256/256/256,graph,126,79.6765,23.6381,79.6952,79.6765,
100,32,524288,8192,chunked,256/256/256,graph,127,79.9685,23.6381,79.9852,79.9685,
100,32,524288,8192,chunked,256/256/256,graph,128,79.0751,23.6381,79.0916,79.0751,
100,32,524288,8192,chunked,256/256/256,graph,129,78.3211,23.6381,78.3384,78.3211,
100,32,524288,8192,chunked,256/256/256,graph,130,77.4319,23.6381,77.4504,77.4319,
100,32,524288,8192,chunked,256/256/256,graph,131,78.5028,23.6381,78.5219,78.5028,
100,32,524288,8192,chunked,256/256/256,graph,132,79.1151,23.6381,79.1370,79.1151,
100,32,524288,8192,chunked,256/256/256,graph,133,78.1044,23.6381,78.1256,78.1044,
100,32,524288,8192,chunked,256/256/256,graph,134,77.7430,23.6381,77.7621,77.7430,
100,32,524288,8192,chunked,256/256/256,graph,135,79.5670,23.6381,79.5844,79.5670,
100,32,524288,8192,chunked,256/256/256,graph,136,78.3421,23.6381,78.3587,78.3421,
100,32,524288,8192,chunked,256/256/256,graph,137,80.3268,23.6381,80.3436,80.3268,
100,32,524288,8192,chunked,256/256/256,graph,138,79.3135,23.6381,79.3303,79.3135,
100,32,524288,8192,chunked,256/256/256,graph,139,78.2831,23.6381,78.2999,78.2831,
100,32,524288,8192,chunked,256/256/256,graph,140,77.2619,23.6381,77.2793,77.2619,
100,32,524288,8192,chunked,256/256/256,graph,141,78.8104,23.6381,78.8278,78.8104,
100,32,524288,8192,chunked,256/256/256,graph,142,78.5685,23.6381,78.5859,78.5685,
100,32,524288,8192,chunked,256/256/256,graph,143,79.0052,23.6381,79.0263,79.0052,
100,32,524288,8192,chunked,256/256/256,graph,144,78.6444,23.6381,78.6656,78.6444,
100,32,524288,8192,chunked,256/256/256,graph,145,77.6229,23.6381,77.6454,77.6229,
100,32,524288,8192,chunked,256/256/256,graph,146,79.3297,23.6381,79.3455,79.3297,
100,32,524288,8192,chunked,256/256/256,graph,147,79.5398,23.6381,79.5554,79.5398,
100,32,524288,8192,chunked,256/256/256,graph,148,79.3828,23.6381,79.3995,79.3828,
100,32,524288,8192,chunked,256/256/256,graph,149,79.8727,23.6381,79.8893,79.8727,
100,32,524288,8192,chunked,256/256/256,graph,150,80.0528,23.6381,80.0692,80.0528,
100,32,524288,8192,chunked,256/256/256,graph,151,78.9636,23.6381,78.9796,78.9636,
100,32,524288,8192,chunked,256/256/256,graph,152,80.3429,23.6381,80.3597,80.3429,
100,32,524288,8192,chunked,256/256/256,graph,153,79.0435,23.6381,79.0590,79.0435,
100,32,524288,8192,chunked,256/256/256,graph,154,78.9302,23.6381,78.9460,78.9302,
100,32,524288,8192,chunked,256/256/256,graph,155,78.3486,23.6381,78.3650,78.3486,
100,32,524288,8192,chunked,256/256/256,graph,156,77.5342,23.6381,77.5508,77.5342,
100,32,524288,8192,chunked,256/256/256,graph,157,78.9320,23.6381,78.9754,78.9320,
100,32,524288,8192,chunked,256/256/256,graph,158,79.9123,23.6381,79.9785,79.9123,
100,32,524288,8192,chunked,256/256/256,graph,159,79.5092,23.6381,79.5276,79.5092,
100,32,524288,8192,chunked,256/256/256,graph,160,79.4566,23.6381,79.4745,79.4566,
100,32,524288,8192,chunked,256/256/256,graph,161,79.3605,23.6381,79.3802,79.3605,
100,32,524288,8192,chunked,256/256/256,graph,162,78.7669,23.6381,78.7868,78.7669,
100,32,524288,8192,chunked,256/256/256,graph,163,77.5932,23.6381,77.6128,77.5932,
100,32,524288,8192,chunked,256/256/256,graph,164,79.4197,23.6381,79.4392,79.4197,
100,32,524288,8192,chunked,256/256/256,graph,165,78.5395,23.6381,78.5587,78.5395,
100,32,524288,8192,chunked,256/256/256,graph,166,77.9323,23.6381,77.9518,77.9323,
100,32,524288,8192,chunked,256/256/256,graph,167,77.5758,23.6381,77.5944,77.5758,
100,32,524288,8192,chunked,256/256/256,graph,168,76.9507,23.6381,76.9684,76.9507,
100,32,524288,8192,chunked,256/256/256,graph,169,78.4232,23.6381,78.4410,78.4232,
100,32,524288,8192,chunked,256/256/256,graph,170,77.4427,23.6381,77.4603,77.4427,
100,32,524288,8192,chunked,256/256/256,graph,171,78.3623,23.6381,78.3851,78.3623,
100,32,524288,8192,chunked,256/256/256,graph,172,79.1144,23.6381,79.1326,79.1144,
100,32,524288,8192,chunked,256/256/256,graph,173,80.7862,23.6381,80.8031,80.7862,
100,32,524288,8192,chunked,256/256/256,graph,174,79.8679,23.6381,79.8854,79.8679,
100,32,524288,8192,chunked,256/256/256,graph,175,78.9341,23.6381,78.9522,78.9341,
100,32,524288,8192,chunked,256/256/256,graph,176,80.5680,23.6381,80.5862,80.5680,
100,32,524288,8192,chunked,256/256/256,graph,177,79.9272,23.6381,79.9457,79.9272,
100,32,524288,8192,chunked,256/256/256,graph,178,79.2831,23.6381,79.3003,79.2831,
100,32,524288,8192,chunked,256/256/256,graph,179,79.2837,23.6381,79.3026,79.2837,
100,32,524288,8192,chunked,256/256/256,graph,180,77.2664,23.6381,77.2864,77.2664,
100,32,524288,8192,chunked,256/256/256,graph,181,77.7711,23.6381,77.7933,77.7711,
100,32,524288,8192,chunked,256/256/256,graph,182,78.1792,23.6381,78.1957,78.1792,
100,32,524288,8192,chunked,256/256/256,graph,183,78.8728,23.6381,78.8914,78.8728,
100,32,524288,8192,chunked,256/256/256,graph,184,77.4769,23.6381,77.5003,77.4769,
100,32,524288,8192,chunked,256/256/256,graph,185,80.1605,23.6381,80.1799,80.1605,
100,32,524288,8192,chunked,256/256/256,graph,186,79.3076,23.6381,79.3254,79.3076,
100,32,524288,8192,chunked,256/256/256,graph,187,79.9080,23.6381,79.9261,79.9080,
100,32,524288,8192,chunked,256/256/256,graph,188,79.5334,23.6381,79.5525,79.5334,
100,32,524288,8192,chunked,256/256/256,graph,189,79.5409,23.6381,79.5592,79.5409,
100,32,524288,8192,chunked,256/256/256,graph,190,79.4589,23.6381,79.4755,79.4589,
100,32,524288,8192,chunked,256/256/256,graph,191,79.3796,23.6381,79.3964,79.3796,
100,32,524288,8192,chunked,256/256/256,graph,192,79.5664,23.6381,79.5823,79.5664,
100,32,524288,8192,chunked,256/256/256,graph,193,79.4249,23.6381,79.4413,79.4249,
100,32,524288,8192,chunked,256/256/256,graph,194,78.5160,23.6381,78.5330,78.5160,
100,32,524288,8192,chunked,256/256/256,graph,195,77.2154,23.6381,77.2325,77.2154,
100,32,524288,8192,chunked,256/256/256,graph,196,78.9057,23.6381,78.9263,78.9057,
100,32,524288,8192,chunked,256/256/256,graph,197,79.4987,23.6381,79.5191,79.4987,
100,32,524288,8192,chunked,256/256/256,graph,198,79.9178,23.6381,79.9359,79.9178,
100,32,524288,8192,chunked,256/256/256,graph,199,79.3770,23.6381,79.3961,79.3770,
100,32,524288,8192,layered,1024/1024/1024,graph,0,90.0314,18.5046,90.0849,90.0314,
100,32,524288,8192,layered,1024/1024/1024,graph,1,91.5112,18.5046,91.5585,91.5112,
100,32,524288,8192,layered,1024/1024/1024,graph,2,91.7446,18.5046,91.7955,91.7446,
100,32,524288,8192,layered,1024/1024/1024,graph,3,91.9442,18.5046,91.9927,91.9442,
100,32,524288,8192,layered,1024/1024/1024,graph,4,92.1802,18.5046,92.2293,92.1802,
100,32,524288,8192,layered,1024/1024/1024,graph,5,90.2939,18.5046,90.3429,90.2939,
100,32,524288,8192,layered,1024/1024/1024,graph,6,90.6028,18.5046,90.6546,90.6028,
100,32,524288,8192,layered,1024/1024/1024,graph,7,92.5507,18.5046,92.6195,92.5507,
100,32,524288,8192,layered,1024/1024/1024,graph,8,90.8157,18.5046,90.8650,90.8157,
100,32,524288,8192,layered,1024/1024/1024,graph,9,92.6732,18.5046,92.7327,92.6732,
100,32,524288,8192,layered,1024/1024/1024,graph,10,92.8016,18.5046,92.8539,92.8016,
100,32,524288,8192,layered,1024/1024/1024,graph,11,90.4247,18.5046,90.5056,90.4247,
100,32,524288,8192,layered,1024/1024/1024,graph,12,90.2620,18.5046,90.3271,90.2620,
100,32,524288,8192,layered,1024/1024/1024,graph,13,90.8573,18.5046,90.9142,90.8573,
100,32,524288,8192,layered,1024/1024/1024,graph,14,91.6568,18.5046,91.7149,91.6568,
100,32,524288,8192,layered,1024/1024/1024,graph,15,92.5471,18.5046,92.5994,92.5471,
100,32,524288,8192,layered,1024/1024/1024,graph,16,92.7671,18.5046,92.8185,92.7671,
100,32,524288,8192,layered,1024/1024/1024,graph,17,94.0197,18.5046,94.0934,94.0197,
100,32,524288,8192,layered,1024/1024/1024,graph,18,90.6820,18.5046,90.7302,90.6820,
100,32,524288,8192,layered,1024/1024/1024,graph,19,92.0719,18.5046,92.1252,92.0719,
100,32,524288,8192,layered,1024/1024/1024,graph,20,91.5402,18.5046,91.5908,91.5402,
100,32,524288,8192,layered,1024/1024/1024,graph,21,91.9161,18.5046,91.9812,91.9161,
100,32,524288,8192,layered,1024/1024/1024,graph,22,92.5740,18.5046,92.6266,92.5740,
100,32,524288,8192,layered,1024/1024/1024,graph,23,93.4325,18.7791,93.4810,93.4325,
100,32,524288,8192,layered,1024/1024/1024,graph,24,91.8627,18.7791,91.9152,91.8627,
100,32,524288,8192,layered,1024/1024/1024,graph,25,92.9052,19.0537,92.9603,92.9052,
100,32,524288,8192,layered,1024/1024/1024,graph,26,92.8996,19.0537,92.9582,92.8996,
100,32,524288,8192,layered,1024/1024/1024,graph,27,92.3008,19.3283,92.3496,92.3008,
100,32,524288,8192,layered,1024/1024/1024,graph,28,91.7994,19.3283,91.8511,91.7994,
100,32,524288,8192,layered,1024/1024/1024,graph,29,92.0052,19.3283,92.0576,92.0052,
100,32,524288,8192,layered,1024/1024/1024,graph,30,93.2494,19.3283,93.3041,93.2494,
100,32,524288,8192,layered,1024/1024/1024,graph,31,93.8949,19.0537,93.9425,93.8949,
100,32,524288,8192,layered,1024/1024/1024,graph,32,94.4814,19.3283,94.5295,94.4814,
100,32,524288,8192,layered,1024/1024/1024,graph,33,95.0141,19.0537,95.0643,95.0141,
100,32,524288,8192,layered,1024/1024/1024,graph,34,94.1782,19.3283,94.2320,94.1782,
100,32,524288,8192,layered,1024/1024/1024,graph,35,94.8761,19.0537,94.9248,94.8761,
100,32,524288,8192,layered,1024/1024/1024,graph,36,91.6052,19.3283,91.6518,91.6052,
100,32,524288,8192,layered,1024/1024/1024,graph,37,93.9886,19.0537,94.0414,93.9886,
100,32,524288,8192,layered,1024/1024/1024,graph,38,92.9295,18.7791,92.9869,92.9295,
100,32,524288,8192,layered,1024/1024/1024,graph,39,91.7794,19.3283,91.8298,91.7794,
100,32,524288,8192,layered,1024/1024/1024,graph,40,93.3614,19.3283,93.4149,93.3614,
100,32,524288,8192,layered,1024/1024/1024,graph,41,94.0309,19.3283,94.0913,94.0309,
100,32,524288,8192,layered,1024/1024/1024,graph,42,94.6960,19.3283,94.7453,94.6960,
100,32,524288,8192,layered,1024/1024/1024,graph,43,93.5406,19.0537,93.5908,93.5406,
100,32,524288,8192,layered,1024/1024/1024,graph,44,92.6210,19.0537,92.6712,92.6210,
100,32,524288,8192,layered,1024/1024/1024,graph,45,94.0018,18.7791,94.0639,94.0018,
100,32,524288,8192,layered,1024/1024/1024,graph,46,92.6325,18.7791,92.6841,92.6325,
100,32,524288,8192,layered,1024/1024/1024,graph,47,92.6747,19.3283,92.7201,92.6747,
100,32,524288,8192,layered,1024/1024/1024,graph,48,93.8497,19.0537,93.9049,93.8497,
100,32,524288,8192,layered,1024/1024/1024,graph,49,91.8502,19.3283,91.9041,91.8502,
100,32,524288,8192,layered,1024/1024/1024,graph,50,91.8337,19.0537,91.9079,91.8337,
100,32,524288,8192,layered,1024/1024/1024,graph,51,91.6639,19.0537,91.7127,91.6639,
100,32,524288,8192,layered,1024/1024/1024,graph,52,94.2857,18.7791,94.3429,94.2857,
100,32,524288,8192,layered,1024/1024/1024,graph,53,91.7784,18.7791,91.8329,91.7784,
100,32,524288,8192,layered,1024/1024/1024,graph,54,91.4845,18.7791,91.5406,91.4845,
100,32,524288,8192,layered,1024/1024/1024,graph,55,93.5329,19.0537,93.5915,93.5329,
100,32,524288,8192,layered,1024/1024/1024,graph,56,93.1033,19.0537,93.1523,93.1033,
100,32,524288,8192,layered,1024/1024/1024,graph,57,92.2908,19.3283,92.3603,92.2908,
100,32,524288,8192,layered,1024/1024/1024,graph,58,92.9777,18.7791,93.0339,92.9777,
100,32,524288,8192,layered,1024/1024/1024,graph,59,92.2125,18.7791,92.2612,92.2125,
100,32,524288,8192,layered,1024/1024/1024,graph,60,93.1449,18.5046,93.1984,93.1449,
100,32,524288,8192,layered,1024/1024/1024,graph,61,93.1023,18.7791,93.1587,93.1023,
100,32,524288,8192,layered,1024/1024/1024,graph,62,93.7439,18.7791,93.8174,93.7439,
100,32,524288,8192,layered,1024/1024/1024,graph,63,93.1340,19.3283,93.1871,93.1340,
100,32,524288,8192,layered,1024/1024/1024,graph,64,92.3589,19.0537,92.4168,92.3589,
100,32,524288,8192,layered,1024/1024/1024,graph,65,91.8347,19.3283,91.8884,91.8347,
100,32,524288,8192,layered,1024/1024/1024,graph,66,92.8649,19.3283,92.9195,92.8649,
100,32,524288,8192,layered,1024/1024/1024,graph,67,94.4849,19.3283,94.5332,94.4849,
100,32,524288,8192,layered,1024/1024/1024,graph,68,93.3763,19.0537,93.4255,93.3763,
100,32,524288,8192,layered,1024/1024/1024,graph,69,91.6179,19.3283,91.6669,91.6179,
100,32,524288,8192,layered,1024/1024/1024,graph,70,91.4476,19.3283,91.5033,91.4476,
100,32,524288,8192,layered,1024/1024/1024,graph,71,92.8433,19.3283,92.8940,92.8433,
100,32,524288,8192,layered,1024/1024/1024,graph,72,91.4940,19.0537,91.5437,91.4940,
100,32,524288,8192,layered,1024/1024/1024,graph,73,93.3143,19.0537,93.3713,93.3143,
100,32,524288,8192,layered,1024/1024/1024,graph,74,92.1149,18.7791,92.1745,92.1149,
100,32,524288,8192,layered,1024/1024/1024,graph,75,92.4031,18.7791,92.4573,92.4031,
100,32,524288,8192,layered,1024/1024/1024,graph,76,91.9708,18.5046,92.0272,91.9708,
100,32,524288,8192,layered,1024/1024/1024,graph,77,92.1171,18.5046,92.1673,92.1171,
100,32,524288,8192,layered,1024/1024/1024,graph,78,89.5617,18.5046,89.6277,89.5617,
100,32,524288,8192,layered,1024/1024/1024,graph,79,91.5476,18.5046,91.5941,91.5476,
100,32,524288,8192,layered,1024/1024/1024,graph,80,90.9173,18.5046,90.9681,90.9173,
100,32,524288,8192,layered,1024/1024/1024,graph,81,91.4343,18.5046,91.4810,91.4343,
100,32,524288,8192,layered,1024/1024/1024,graph,82,90.6802,18.5046,90.7398,90.6802,
100,32,524288,8192,layered,1024/1024/1024,graph,83,89.9440,18.5046,89.9973,89.9440,
100,32,524288,8192,layered,1024/1024/1024,graph,84,92.5850,18.5046,92.6353,92.5850,
100,32,524288,8192,layered,1024/1024/1024,graph,85,91.9986,18.5046,92.0472,91.9986,
100,32,524288,8192,layered,1024/1024/1024,graph,86,90.1472,18.5046,90.1987,90.1472,
100,32,524288,8192,layered,1024/1024/1024,graph,87,90.4329,18.5046,90.4907,90.4329,
100,32,524288,8192,layered,1024/1024/1024,graph,88,90.2218,18.5046,90.2760,90.2218,
100,32,524288,8192,layered,1024/1024/1024,graph,89,91.4475,18.5046,91.4946,91.4475,
100,32,524288,8192,layered,1024/1024/1024,graph,90,91.7221,18.5046,91.7702,91.7221,
100,32,524288,8192,layered,1024/1024/1024,graph,91,90.4747,18.5046,90.5289,90.4747,
100,32,524288,8192,layered,1024/1024/1024,graph,92,91.2978,18.5046,91.3446,91.2978,
100,32,524288,8192,layered,1024/1024/1024,graph,93,91.6848,18.5046,91.7315,91.6848,
100,32,524288,8192,layered,1024/1024/1024,graph,94,90.3256,18.5046,90.3787,90.3256,
100,32,524288,8192,layered,1024/1024/1024,graph,95,91.3904,18.5046,91.4484,91.3904,
100,32,524288,8192,layered,1024/1024/1024,graph,96,92.3580,18.5046,92.4059,92.3580,
100,32,524288,8192,layered,1024/1024/1024,graph,97,91.7403,18.5046,91.7921,91.7403,
100,32,524288,8192,layered,1024/1024/1024,graph,98,91.2892,18.5046,91.3431,91.2892,
100,32,524288,8192,layered,1024/1024/1024,graph,99,92.1777,18.5046,92.2295,92.1777,
100,32,524288,8192,layered,1024/1024/1024,graph,100,92.3357,18.5046,92.3897,92.3357,
100,32,524288,8192,layered,1024/1024/1024,graph,101,90.7419,18.5046,90.7963,90.7419,
100,32,524288,8192,layered,1024/1024/1024,graph,102,91.4204,18.5046,91.4667,91.4204,
100,32,524288,8192,layered,1024/1024/1024,graph,103,92.7884,18.5046,92.8432,92.7884,
100,32,524288,8192,layered,1024/1024/1024,graph,104,91.7382,18.5046,91.7923,91.7382,
100,32,524288,8192,layered,1024/1024/1024,graph,105,91.4722,18.5046,91.5180,91.4722,
100,32,524288,8192,layered,1024/1024/1024,graph,106,91.8768,18.5046,91.9235,91.8768,
100,32,524288,8192,layered,1024/1024/1024,graph,107,92.5742,18.5046,92.6350,92.5742,
100,32,524288,8192,layered,1024/1024/1024,graph,108,90.5470,18.5046,90.5987,90.5470,
100,32,524288,8192,layered,1024/1024/1024,graph,109,91.1460,18.5046,91.1942,91.1460,
100,32,524288,8192,layered,1024/1024/1024,graph,110,90.6764,18.5046,90.7251,90.6764,
100,32,524288,8192,layered,1024/1024/1024,graph,111,92.4893,18.5046,92.5430,92.4893,
100,32,524288,8192,layered,1024/1024/1024,graph,112,92.0710,18.5046,92.1238,92.0710,
100,32,524288,8192,layered,1024/1024/1024,graph,113,91.9733,18.5046,92.0216,91.9733,
100,32,524288,8192,layered,1024/1024/1024,graph,114,92.2621,18.5046,92.3147,92.2621,
100,32,524288,8192,layered,1024/1024/1024,graph,115,91.3817,18.5046,91.4273,91.3817,
100,32,524288,8192,layered,1024/1024/1024,graph,116,92.3793,18.5046,92.4323,92.3793,
100,32,524288,8192,layered,1024/1024/1024,graph,117,93.1610,18.5046,93.2124,93.1610,
100,32,524288,8192,layered,1024/1024/1024,graph,118,92.4767,18.5046,92.5226,92.4767,
100,32,524288,8192,layered,1024/1024/1024,graph,119,92.2264,18.7791,92.2780,92.2264,
100,32,524288,8192,layered,1024/1024/1024,graph,120,92.8166,18.7791,92.8648,92.8166,
100,32,524288,8192,layered,1024/1024/1024,graph,121,92.5876,19.0537,92.6414,92.5876,
100,32,524288,8192,layered,1024/1024/1024,graph,122,91.6387,19.0537,91.7020,91.6387,
100,32,524288,8192,layered,1024/1024/1024,graph,123,95.0964,19.3283,95.1495,95.0964,
100,32,524288,8192,layered,1024/1024/1024,graph,124,94.7296,19.3283,94.7908,94.7296,
100,32,524288,8192,layered,1024/1024/1024,graph,125,93.3661,19.3283,93.4218,93.3661,
100,32,524288,8192,layered,1024/1024/1024,graph,126,94.3158,19.3283,94.3730,94.3158,
100,32,524288,8192,layered,1024/1024/1024,graph,127,93.2964,19.0537,93.3494,93.2964,
100,32,524288,8192,layered,1024/1024/1024,graph,128,94.8034,19.3283,94.8634,94.8034,
100,32,524288,8192,layered,1024/1024/1024,graph,129,94.9866,19.0537,95.0575,94.9866,
100,32,524288,8192,layered,1024/1024/1024,graph,130,94.8239,19.3283,94.9054,94.8239,
100,32,524288,8192,layered,1024/1024/1024,graph,131,93.8676,19.0537,93.9265,93.8676,
100,32,524288,8192,layered,1024/1024/1024,graph,132,95.3871,19.3283,95.4382,95.3871,
100,32,524288,8192,layered,1024/1024/1024,graph,133,92.4212,19.0537,92.4760,92.4212,
100,32,524288,8192,layered,1024/1024/1024,graph,134,91.2123,18.7791,91.2691,91.2123,
100,32,524288,8192,layered,1024/1024/1024,graph,135,94.4787,19.3283,94.5288,94.4787,
100,32,524288,8192,layered,1024/1024/1024,graph,136,92.5461,19.3283,92.5937,92.5461,
100,32,524288,8192,layered,1024/1024/1024,graph,137,93.6138,19.3283,93.6725,93.6138,
100,32,524288,8192,layered,1024/1024/1024,graph,138,92.8228,19.3283,92.8749,92.8228,
100,32,524288,8192,layered,1024/1024/1024,graph,139,94.4823,19.0537,94.5297,94.4823,
100,32,524288,8192,layered,1024/1024/1024,graph,140,92.8218,19.0537,92.8753,92.8218,
100,32,524288,8192,layered,1024/1024/1024,graph,141,92.4668,18.7791,92.5214,92.4668,
100,32,524288,8192,layered,1024/1024/1024,graph,142,93.3858,18.7791,93.4406,93.3858,
100,32,524288,8192,layered,1024/1024/1024,graph,143,93.9187,19.3283,93.9703,93.9187,
100,32,524288,8192,layered,1024/1024/1024,graph,144,91.2932,19.0537,91.3434,91.2932,
100,32,524288,8192,layered,1024/1024/1024,graph,145,91.8540,19.3283,91.9146,91.8540,
100,32,524288,8192,layered,1024/1024/1024,graph,146,92.9429,19.0537,92.9923,92.9429,
100,32,524288,8192,layered,1024/1024/1024,graph,147,92.4036,19.0537,92.4576,92.4036,
100,32,524288,8192,layered,1024/1024/1024,graph,148,91.1563,18.7791,91.2027,91.1563,
100,32,524288,8192,layered,1024/1024/1024,graph,149,92.4608,18.7791,92.5177,92.4608,
100,32,524288,8192,layered,1024/1024/1024,graph,150,92.6953,18.7791,92.7431,92.6953,
100,32,524288,8192,layered,1024/1024/1024,graph,151,92.8943,19.0537,92.9415,92.8943,
100,32,524288,8192,layered,1024/1024/1024,graph,152,94.0895,19.0537,94.1465,94.0895,
100,32,524288,8192,layered,1024/1024/1024,graph,153,93.3461,19.3283,93.4313,93.3461,
100,32,524288,8192,layered,1024/1024/1024,graph,154,90.2543,18.7791,90.3063,90.2543,
100,32,524288,8192,layered,1024/1024/1024,graph,155,91.6525,18.7791,91.7009,91.6525,
100,32,524288,8192,layered,1024/1024/1024,graph,156,91.2180,18.5046,91.2724,91.2180,
100,32,524288,8192,layered,1024/1024/1024,graph,157,91.5082,18.7791,91.5681,91.5082,
100,32,524288,8192,layered,1024/1024/1024,graph,158,92.4775,18.7791,92.5363,92.4775,
100,32,524288,8192,layered,1024/1024/1024,graph,159,92.0257,19.3283,92.0742,92.0257,
100,32,524288,8192,layered,1024/1024/1024,graph,160,93.1025,19.0537,93.1496,93.1025,
100,32,524288,8192,layered,1024/1024/1024,graph,161,94.0581,19.3283,94.1083,94.0581,
100,32,524288,8192,layered,1024/1024/1024,graph,162,94.0680,19.3283,94.1500,94.0680,
100,32,524288,8192,layered,1024/1024/1024,graph,163,91.1523,19.3283,91.2020,91.1523,
100,32,524288,8192,layered,1024/1024/1024,graph,164,94.2974,19.0537,94.3573,94.2974,
100,32,524288,8192,layered,1024/1024/1024,graph,165,93.3351,19.3283,93.3859,93.3351,
100,32,524288,8192,layered,1024/1024/1024,graph,166,91.3237,19.3283,91.3893,91.3237,
100,32,524288,8192,layered,1024/1024/1024,graph,167,92.1753,19.3283,92.2262,92.1753,
100,32,524288,8192,layered,1024/1024/1024,graph,168,91.6439,19.0537,91.6947,91.6439,
100,32,524288,8192,layered,1024/1024/1024,graph,169,92.9693,19.0537,93.0187,92.9693,
100,32,524288,8192,layered,1024/1024/1024,graph,170,93.1828,18.7791,93.2328,93.1828,
100,32,524288,8192,layered,1024/1024/1024,graph,171,92.2504,18.7791,92.2992,92.2504,
100,32,524288,8192,layered,1024/1024/1024,graph,172,93.4854,18.5046,93.5295,93.4854,
100,32,524288,8192,layered,1024/1024/1024,graph,173,91.5844,18.5046,91.6406,91.5844,
100,32,524288,8192,layered,1024/1024/1024,graph,174,91.5409,18.5046,91.5939,91.5409,
100,32,524288,8192,layered,1024/1024/1024,graph,175,89.4463,18.5046,89.4937,89.4463,
100,32,524288,8192,layered,1024/1024/1024,graph,176,91.6698,18.5046,91.7266,91.6698,
100,32,524288,8192,layered,1024/1024/1024,graph,177,91.3469,18.5046,91.4009,91.3469,
100,32,524288,8192,layered,1024/1024/1024,graph,178,90.7249,18.5046,90.7793,90.7249,
100,32,524288,8192,layered,1024/1024/1024,graph,179,90.8739,18.5046,90.9325,90.8739,
100,32,524288,8192,layered,1024/1024/1024,graph,180,91.5332,18.5046,91.5825,91.5332,
100,32,524288,8192,layered,1024/1024/1024,graph,181,90.9424,18.5046,90.9934,90.9424,
100,32,524288,8192,layered,1024/1024/1024,graph,182,90.6469,18.5046,90.6978,90.6469,
100,32,524288,8192,layered,1024/1024/1024,graph,183,91.6678,18.5046,91.7154,91.6678,
100,32,524288,8192,layered,1024/1024/1024,graph,184,91.2112,18.5046,91.2708,91.2112,
100,32,524288,8192,layered,1024/1024/1024,graph,185,91.3138,18.5046,91.3632,91.3138,
100,32,524288,8192,layered,1024/1024/1024,graph,186,91.4034,18.5046,91.4538,91.4034,
100,32,524288,8192,layered,1024/1024/1024,graph,187,90.4752,18.5046,90.5257,90.4752,
100,32,524288,8192,layered,1024/1024/1024,graph,188,90.1436,18.5046,90.1919,90.1436,
100,32,524288,8192,layered,1024/1024/1024,graph,189,92.3006,18.5046,92.3549,92.3006,
100,32,524288,8192,layered,1024/1024/1024,graph,190,90.6095,18.5046,90.6827,90.6095,
100,32,524288,8192,layered,1024/1024/1024,graph,191,92.9519,18.5046,93.0319,92.9519,
100,32,524288,8192,layered,1024/1024/1024,graph,192,91.2812,18.5046,91.3374,91.2812,
100,32,524288,8192,layered,1024/1024/1024,graph,193,91.2953,18.5046,91.3505,91.2953,
100,32,524288,8192,layered,1024/1024/1024,graph,194,91.5795,18.5046,91.6328,91.5795,
100,32,524288,8192,layered,1024/1024/1024,graph,195,92.1262,18.5046,92.1838,92.1262,
100,32,524288,8192,layered,1024/1024/1024,graph,196,92.1814,18.5046,92.2400,92.1814,
100,32,524288,8192,layered,1024/1024/1024,graph,197,93.3419,18.5046,93.3929,93.3419,
100,32,524288,8192,layered,1024/1024/1024,graph,198,89.4958,18.5046,89.5462,89.4958,
100,32,524288,8192,layered,1024/1024/1024,graph,199,92.8205,18.5046,92.8695,92.8205,
100,32,524288,8192,layered,6144/6144/6144,graph,0,93.6628,15.0503,93.7172,93.6628,
100,32,524288,8192,layered,6144/6144/6144,graph,1,93.6871,15.0503,93.7465,93.6871,
100,32,524288,8192,layered,6144/6144/6144,graph,2,94.4904,15.0503,94.5482,94.4904,
100,32,524288,8192,layered,6144/6144/6144,graph,3,91.8038,15.0503,91.8541,91.8038,
100,32,524288,8192,layered,6144/6144/6144,graph,4,89.2179,15.0503,89.2780,89.2179,
100,32,524288,8192,layered,6144/6144/6144,graph,5,94.8177,15.0503,94.8845,94.8177,
100,32,524288,8192,layered,6144/6144/6144,graph,6,92.7920,15.0503,92.8453,92.7920,
100,32,524288,8192,layered,6144/6144/6144,graph,7,91.1597,15.0503,91.2130,91.1597,
100,32,524288,8192,layered,6144/6144/6144,graph,8,88.6830,15.0503,88.7330,88.6830,
100,32,524288,8192,layered,6144/6144/6144,graph,9,93.1783,15.0503,93.2303,93.1783,
100,32,524288,8192,layered,6144/6144/6144,graph,10,91.8186,15.0503,91.8682,91.8186,
100,32,524288,8192,layered,6144/6144/6144,graph,11,93.4524,15.0503,93.5001,93.4524,
100,32,524288,8192,layered,6144/6144/6144,graph,12,89.4972,15.0503,89.5505,89.4972,
100,32,524288,8192,layered,6144/6144/6144,graph,13,93.4691,15.0503,93.5181,93.4691,
100,32,524288,8192,layered,6144/6144/6144,graph,14,91.6454,15.0503,91.7135,91.6454,
100,32,524288,8192,layered,6144/6144/6144,graph,15,93.2593,15.0503,93.3100,93.2593,
100,32,524288,8192,layered,6144/6144/6144,graph,16,88.7067,15.0503,88.7517,88.7067,
100,32,524288,8192,layered,6144/6144/6144,graph,17,90.5794,15.0503,90.6326,90.5794,
100,32,524288,8192,layered,6144/6144/6144,graph,18,91.6418,15.0503,91.6914,91.6418,
100,32,524288,8192,layered,6144/6144/6144,graph,19,89.7729,15.0503,89.8297,89.7729,
100,32,524288,8192,layered,6144/6144/6144,graph,20,93.6523,15.0503,93.7021,93.6523,
100,32,524288,8192,layered,6144/6144/6144,graph,21,91.1024,15.0503,91.1673,91.1024,
100,32,524288,8192,layered,6144/6144/6144,graph,22,90.2226,15.0503,90.2753,90.2226,
100,32,524288,8192,layered,6144/6144/6144,graph,23,93.4473,15.0503,93.4941,93.4473,
100,32,524288,8192,layered,6144/6144/6144,graph,24,89.2634,15.0503,89.3242,89.2634,
100,32,524288,8192,layered,6144/6144/6144,graph,25,93.4443,15.0503,93.4939,93.4443,
100,32,524288,8192,layered,6144/6144/6144,graph,26,92.5993,15.0503,92.6600,92.5993,
100,32,524288,8192,layered,6144/6144/6144,graph,27,92.8411,15.0503,92.8903,92.8411,
100,32,524288,8192,layered,6144/6144/6144,graph,28,92.1859,15.0503,92.2526,92.1859,
100,32,524288,8192,layered,6144/6144/6144,graph,29,92.7979,15.0503,92.8452,92.7979,
100,32,524288,8192,layered,6144/6144/6144,graph,30,92.4201,15.0503,92.4773,92.4201,
100,32,524288,8192,layered,6144/6144/6144,graph,31,91.8062,15.0503,91.8626,91.8062,
100,32,524288,8192,layered,6144/6144/6144,graph,32,88.9452,15.0503,88.9934,88.9452,
100,32,524288,8192,layered,6144/6144/6144,graph,33,93.3582,15.0503,93.4051,93.3582,
100,32,524288,8192,layered,6144/6144/6144,graph,34,92.8777,15.0503,92.9687,92.8777,
100,32,524288,8192,layered,6144/6144/6144,graph,35,89.9611,15.0503,90.0117,89.9611,
100,32,524288,8192,layered,6144/6144/6144,graph,36,88.6812,15.0503,88.7421,88.6812,
100,32,524288,8192,layered,6144/6144/6144,graph,37,92.2380,15.0503,92.3016,92.2380,
100,32,524288,8192,layered,6144/6144/6144,graph,38,90.2207,15.0503,90.2694,90.2207,
100,32,524288,8192,layered,6144/6144/6144,graph,39,92.5164,15.0503,92.6087,92.5164,
100,32,524288,8192,layered,6144/6144/6144,graph,40,89.9774,15.0503,90.0311,89.9774,
100,32,524288,8192,layered,6144/6144/6144,graph,41,88.2547,15.0503,88.3032,88.2547,
100,32,524288,8192,layered,6144/6144/6144,graph,42,88.6047,15.0503,88.6516,88.6047,
100,32,524288,8192,layered,6144/6144/6144,graph,43,92.6030,15.0503,92.6594,92.6030,
100,32,524288,8192,layered,6144/6144/6144,graph,44,88.5139,15.0503,88.5716,88.5139,
100,32,524288,8192,layered,6144/6144/6144,graph,45,91.3164,15.0503,91.3635,91.3164,
100,32,524288,8192,layered,6144/6144/6144,graph,46,88.0828,15.0503,88.1330,88.0828,
100,32,524288,8192,layered,6144/6144/6144,graph,47,91.1514,15.0503,91.2036,91.1514,
100,32,524288,8192,layered,6144/6144/6144,graph,48,89.8941,15.0503,89.9452,89.8941,
100,32,524288,8192,layered,6144/6144/6144,graph,49,89.5799,15.0503,89.6278,89.5799,
100,32,524288,8192,layered,6144/6144/6144,graph,50,92.0176,15.0503,92.0717,92.0176,
100,32,524288,8192,layered,6144/6144/6144,graph,51,91.9863,15.0503,92.0408,91.9863,
100,32,524288,8192,layered,6144/6144/6144,graph,52,89.1044,15.0503,89.1611,89.1044,
100,32,524288,8192,layered,6144/6144/6144,graph,53,88.3906,15.0503,88.4394,88.3906,
100,32,524288,8192,layered,6144/6144/6144,graph,54,88.3933,15.0503,88.4440,88.3933,
100,32,524288,8192,layered,6144/6144/6144,graph,55,90.2642,15.0503,90.3118,90.2642,
100,32,524288,8192,layered,6144/6144/6144,graph,56,90.5065,15.0503,90.5615,90.5065,
100,32,524288,8192,layered,6144/6144/6144,graph,57,89.8108,15.0503,89.8631,89.8108,
100,32,524288,8192,layered,6144/6144/6144,graph,58,90.6854,15.0503,90.7401,90.6854,
100,32,524288,8192,layered,6144/6144/6144,graph,59,91.6657,15.0503,91.7162,91.6657,
100,32,524288,8192,layered,6144/6144/6144,graph,60,90.4058,15.0503,90.4522,90.4058,
100,32,524288,8192,layered,6144/6144/6144,graph,61,91.3445,15.0503,91.4069,91.3445,
100,32,524288,8192,layered,6144/6144/6144,graph,62,89.6060,15.0503,89.6570,89.6060,
100,32,524288,8192,layered,6144/6144/6144,graph,63,88.5168,15.0503,88.5707,88.5168,
100,32,524288,8192,layered,6144/6144/6144,graph,64,89.3157,15.0503,89.3701,89.3157,
100,32,524288,8192,layered,6144/6144/6144,graph,65,90.8162,15.0503,90.8673,90.8162,
100,32,524288,8192,layered,6144/6144/6144,graph,66,88.6998,15.0503,88.7518,88.6998,
100,32,524288,8192,layered,6144/6144/6144,graph,67,89.0029,15.0503,89.0561,89.0029,
100,32,524288,8192,layered,6144/6144/6144,graph,68,90.7231,15.0503,90.7770,90.7231,
100,32,524288,8192,layered,6144/6144/6144,graph,69,89.8684,15.0503,89.9357,89.8684,
100,32,524288,8192,layered,6144/6144/6144,graph,70,89.3867,15.0503,89.4480,89.3867,
100,32,524288,8192,layered,6144/6144/6144,graph,71,89.8881,15.0503,89.9402,89.8881,
100,32,524288,8192,layered,6144/6144/6144,graph,72,88.0951,14.7758,88.1545,88.0951,
100,32,524288,8192,layered,6144/6144/6144,graph,73,88.7035,14.7758,88.7526,88.7035,
100,32,524288,8192,layered,6144/6144/6144,graph,74,85.7099,14.5012,85.7578,85.7099,
100,32,524288,8192,layered,6144/6144/6144,graph,75,85.9234,14.5012,85.9777,85.9234,
100,32,524288,8192,layered,6144/6144/6144,graph,76,86.6667,14.2266,86.7191,86.6667,
100,32,524288,8192,layered,6144/6144/6144,graph,77,85.0340,14.2266,85.0858,85.0340,
100,32,524288,8192,layered,6144/6144/6144,graph,78,89.1203,14.2266,89.1695,89.1203,
100,32,524288,8192,layered,6144/6144/6144,graph,79,87.7178,14.2266,87.7716,87.7178,
100,32,524288,8192,layered,6144/6144/6144,graph,80,85.5221,14.5012,85.5770,85.5221,
100,32,524288,8192,layered,6144/6144/6144,graph,81,88.3427,14.5012,88.4016,88.3427,
100,32,524288,8192,layered,6144/6144/6144,graph,82,91.2788,14.7758,91.3297,91.2788,
100,32,524288,8192,layered,6144/6144/6144,graph,83,92.2595,14.7758,92.3081,92.2595,
100,32,524288,8192,layered,6144/6144/6144,graph,84,87.4794,15.0503,87.5291,87.4794,
100,32,524288,8192,layered,6144/6144/6144,graph,85,91.5363,15.0503,91.5843,91.5363,
100,32,524288,8192,layered,6144/6144/6144,graph,86,89.9370,15.0503,89.9885,89.9370,
100,32,524288,8192,layered,6144/6144/6144,graph,87,94.6991,15.0503,94.7534,94.6991,
100,32,524288,8192,layered,6144/6144/6144,graph,88,94.6948,15.0503,94.7582,94.6948,
100,32,524288,8192,layered,6144/6144/6144,graph,89,93.7125,15.0503,93.7736,93.7125,
100,32,524288,8192,layered,6144/6144/6144,graph,90,94.0055,15.0503,94.0564,94.0055,
100,32,524288,8192,layered,6144/6144/6144,graph,91,93.9290,15.0503,93.9801,93.9290,
100,32,524288,8192,layered,6144/6144/6144,graph,92,90.3781,15.0503,90.4397,90.3781,
100,32,524288,8192,layered,6144/6144/6144,graph,93,93.9310,15.0503,94.0109,93.9310,
100,32,524288,8192,layered,6144/6144/6144,graph,94,92.1082,15.0503,92.1577,92.1082,
100,32,524288,8192,layered,6144/6144/6144,graph,95,94.8154,15.0503,94.8625,94.8154,
100,32,524288,8192,layered,6144/6144/6144,graph,96,93.8998,15.0503,93.9479,93.8998,
100,32,524288,8192,layered,6144/6144/6144,graph,97,89.6068,15.0503,89.6627,89.6068,
100,32,524288,8192,layered,6144/6144/6144,graph,98,93.5182,15.0503,93.5673,93.5182,
100,32,524288,8192,layered,6144/6144/6144,graph,99,92.0147,15.0503,92.0629,92.0147,
100,32,524288,8192,layered,6144/6144/6144,graph,100,93.2284,15.0503,93.2768,93.2284,
100,32,524288,8192,layered,6144/6144/6144,graph,101,93.9474,15.0503,93.9967,93.9474,
100,32,524288,8192,layered,6144/6144/6144,graph,102,93.7095,15.0503,93.7567,93.7095,
100,32,524288,8192,layered,6144/6144/6144,graph,103,93.5309,15.0503,93.5835,93.5309,
100,32,524288,8192,layered,6144/6144/6144,graph,104,88.4130,15.0503,88.4717,88.4130,
100,32,524288,8192,layered,6144/6144/6144,graph,105,90.9695,15.0503,91.0232,90.9695,
100,32,524288,8192,layered,6144/6144/6144,graph,106,88.0085,15.0503,88.0585,88.0085,
100,32,524288,8192,layered,6144/6144/6144,graph,107,93.0200,15.0503,93.0663,93.0200,
100,32,524288,8192,layered,6144/6144/6144,graph,108,93.6717,15.0503,93.7291,93.6717,
100,32,524288,8192,layered,6144/6144/6144,graph,109,91.9602,15.0503,92.0105,91.9602,
100,32,524288,8192,layered,6144/6144/6144,graph,110,91.3662,15.0503,91.4146,91.3662,
100,32,524288,8192,layered,6144/6144/6144,graph,111,93.6251,15.0503,93.6771,93.6251,
100,32,524288,8192,layered,6144/6144/6144,graph,112,93.4606,15.0503,93.5181,93.4606,
100,32,524288,8192,layered,6144/6144/6144,graph,113,93.2445,15.0503,93.2995,93.2445,
100,32,524288,8192,layered,6144/6144/6144,graph,114,92.7206,15.0503,92.7724,92.7206,
100,32,524288,8192,layered,6144/6144/6144,graph,115,89.3037,15.0503,89.3671,89.3037,
100,32,524288,8192,layered,6144/6144/6144,graph,116,94.5839,15.0503,94.6370,94.5839,
100,32,524288,8192,layered,6144/6144/6144,graph,117,92.3001,15.0503,92.3489,92.3001,
100,32,524288,8192,layered,6144/6144/6144,graph,118,91.0694,15.0503,91.1169,91.0694,
100,32,524288,8192,layered,6144/6144/6144,graph,119,90.9504,15.0503,91.0012,90.9504,
100,32,524288,8192,layered,6144/6144/6144,graph,120,92.8318,15.0503,92.8822,92.8318,
100,32,524288,8192,layered,6144/6144/6144,graph,121,93.2778,15.0503,93.3266,93.2778,
100,32,524288,8192,layered,6144/6144/6144,graph,122,89.2794,15.0503,89.3269,89.2794,
100,32,524288,8192,layered,6144/6144/6144,graph,123,94.5706,15.0503,94.6294,94.5706,
100,32,524288,8192,layered,6144/6144/6144,graph,124,92.5204,15.0503,92.5737,92.5204,
100,32,524288,8192,layered,6144/6144/6144,graph,125,91.6096,15.0503,91.6679,91.6096,
100,32,524288,8192,layered,6144/6144/6144,graph,126,88.0717,15.0503,88.1325,88.0717,
100,32,524288,8192,layered,6144/6144/6144,graph,127,92.4956,15.0503,92.5526,92.4956,
100,32,524288,8192,layered,6144/6144/6144,graph,128,90.8996,15.0503,90.9534,90.8996,
100,32,524288,8192,layered,6144/6144/6144,graph,129,90.9105,15.0503,90.9629,90.9105,
100,32,524288,8192,layered,6144/6144/6144,graph,130,89.3482,15.0503,89.4124,89.3482,
100,32,524288,8192,layered,6144/6144/6144,graph,131,93.0573,15.0503,93.1138,93.0573,
100,32,524288,8192,layered,6144/6144/6144,graph,132,88.2221,15.0503,88.2778,88.2221,
100,32,524288,8192,layered,6144/6144/6144,graph,133,91.7021,15.0503,91.7576,91.7021,
100,32,524288,8192,layered,6144/6144/6144,graph,134,90.2859,15.0503,90.3522,90.2859,
100,32,524288,8192,layered,6144/6144/6144,graph,135,89.2880,15.0503,89.3503,89.2880,
100,32,524288,8192,layered,6144/6144/6144,graph,136,92.3860,15.0503,92.4426,92.3860,
100,32,524288,8192,layered,6144/6144/6144,graph,137,90.8837,15.0503,90.9379,90.8837,
100,32,524288,8192,layered,6144/6144/6144,graph,138,90.9544,15.0503,91.0269,90.9544,
100,32,524288,8192,layered,6144/6144/6144,graph,139,90.5499,15.0503,90.6007,90.5499,
100,32,524288,8192,layered,6144/6144/6144,graph,140,92.3219,15.0503,92.3745,92.3219,
100,32,524288,8192,layered,6144/6144/6144,graph,141,92.8655,15.0503,92.9150,92.8655,
100,32,524288,8192,layered,6144/6144/6144,graph,142,90.1407,15.0503,90.1956,90.1407,
100,32,524288,8192,layered,6144/6144/6144,graph,143,91.5909,15.0503,91.6461,91.5909,
100,32,524288,8192,layered,6144/6144/6144,graph,144,92.1391,15.0503,92.1896,92.1391,
100,32,524288,8192,layered,6144/6144/6144,graph,145,88.1441,15.0503,88.1920,88.1441,
100,32,524288,8192,layered,6144/6144/6144,graph,146,91.1969,15.0503,91.2442,91.1969,
100,32,524288,8192,layered,6144/6144/6144,graph,147,91.9198,15.0503,91.9752,91.9198,
100,32,524288,8192,layered,6144/6144/6144,graph,148,92.2392,15.0503,92.2891,92.2392,
100,32,524288,8192,layered,6144/6144/6144,graph,149,89.0364,15.0503,89.0877,89.0364,
100,32,524288,8192,layered,6144/6144/6144,graph,150,88.2213,15.0503,88.2726,88.2213,
100,32,524288,8192,layered,6144/6144/6144,graph,151,90.7260,15.0503,90.7894,90.7260,
100,32,524288,8192,layered,6144/6144/6144,graph,152,89.1393,15.0503,89.2003,89.1393,
100,32,524288,8192,layered,6144/6144/6144,graph,153,88.2423,15.0503,88.2895,88.2423,
100,32,524288,8192,layered,6144/6144/6144,graph,154,90.3590,15.0503,90.4109,90.3590,
100,32,524288,8192,layered,6144/6144/6144,graph,155,90.6884,15.0503,90.7365,90.6884,
100,32,524288,8192,layered,6144/6144/6144,graph,156,92.6884,15.0503,92.7405,92.6884,
100,32,524288,8192,layered,6144/6144/6144,graph,157,90.7752,15.0503,90.8336,90.7752,
100,32,524288,8192,layered,6144/6144/6144,graph,158,89.8049,15.0503,89.8541,89.8049,
100,32,524288,8192,layered,6144/6144/6144,graph,159,88.8789,15.0503,88.9268,88.8789,
100,32,524288,8192,layered,6144/6144/6144,graph,160,90.4185,15.0503,90.4715,90.4185,
100,32,524288,8192,layered,6144/6144/6144,graph,161,88.6745,15.0503,88.7201,88.6745,
100,32,524288,8192,layered,6144/6144/6144,graph,162,90.5870,15.0503,90.6329,90.5870,
100,32,524288,8192,layered,6144/6144/6144,graph,163,91.3160,15.0503,91.3629,91.3160,
100,32,524288,8192,layered,6144/6144/6144,graph,164,88.7577,15.0503,88.8112,88.7577,
100,32,524288,8192,layered,6144/6144/6144,graph,165,89.7221,15.0503,89.7708,89.7221,
100,32,524288,8192,layered,6144/6144/6144,graph,166,87.7422,15.0503,87.7893,87.7422,
100,32,524288,8192,layered,6144/6144/6144,graph,167,90.3446,15.0503,90.3979,90.3446,
100,32,524288,8192,layered,6144/6144/6144,graph,168,89.4379,14.7758,89.4933,89.4379,
100,32,524288,8192,layered,6144/6144/6144,graph,169,87.8453,14.7758,87.8950,87.8453,
100,32,524288,8192,layered,6144/6144/6144,graph,170,85.6847,14.5012,85.7309,85.6847,
100,32,524288,8192,layered,6144/6144/6144,graph,171,85.0607,14.5012,85.1107,85.0607,
100,32,524288,8192,layered,6144/6144/6144,graph,172,86.5542,14.2266,86.6055,86.5542,
100,32,524288,8192,layered,6144/6144/6144,graph,173,83.8795,14.2266,83.9406,83.8795,
100,32,524288,8192,layered,6144/6144/6144,graph,174,84.1725,14.2266,84.2258,84.1725,
100,32,524288,8192,layered,6144/6144/6144,graph,175,83.3269,14.2266,83.3804,83.3269,
100,32,524288,8192,layered,6144/6144/6144,graph,176,88.0320,14.5012,88.0823,88.0320,
100,32,524288,8192,layered,6144/6144/6144,graph,177,88.2147,14.5012,88.2637,88.2147,
100,32,524288,8192,layered,6144/6144/6144,graph,178,90.6619,14.7758,90.7148,90.6619,
100,32,524288,8192,layered,6144/6144/6144,graph,179,92.2748,14.7758,92.3243,92.2748,
100,32,524288,8192,layered,6144/6144/6144,graph,180,89.7868,15.0503,89.8330,89.7868,
100,32,524288,8192,layered,6144/6144/6144,graph,181,88.9734,15.0503,89.0236,88.9734,
100,32,524288,8192,layered,6144/6144/6144,graph,182,94.2076,15.0503,94.2583,94.2076,
100,32,524288,8192,layered,6144/6144/6144,graph,183,91.5764,15.0503,91.6431,91.5764,
100,32,524288,8192,layered,6144/6144/6144,graph,184,94.3114,15.0503,94.3622,94.3114,
100,32,524288,8192,layered,6144/6144/6144,graph,185,91.5594,15.0503,91.6110,91.5594,
100,32,524288,8192,layered,6144/6144/6144,graph,186,87.7201,15.0503,87.7683,87.7201,
100,32,524288,8192,layered,6144/6144/6144,graph,187,89.7713,15.0503,89.8387,89.7713,
100,32,524288,8192,layered,6144/6144/6144,graph,188,91.2226,15.0503,91.2787,91.2226,
100,32,524288,8192,layered,6144/6144/6144,graph,189,88.5928,15.0503,88.6450,88.5928,
100,32,524288,8192,layered,6144/6144/6144,graph,190,93.9130,15.0503,93.9617,93.9130,
100,32,524288,8192,layered,6144/6144/6144,graph,191,92.9683,15.0503,93.0291,92.9683,
100,32,524288,8192,layered,6144/6144/6144,graph,192,92.5873,15.0503,92.6507,92.5873,
100,32,524288,8192,layered,6144/6144/6144,graph,193,90.4131,15.0503,90.4626,90.4131,
100,32,524288,8192,layered,6144/6144/6144,graph,194,93.4108,15.0503,93.4635,93.4108,
100,32,524288,8192,layered,6144/6144/6144,graph,195,89.5462,15.0503,89.6115,89.5462,
100,32,524288,8192,layered,6144/6144/6144,graph,196,90.6055,15.0503,90.6557,90.6055,
100,32,524288,8192,layered,6144/6144/6144,graph,197,94.3720,15.0503,94.4215,94.3720,
100,32,524288,8192,layered,6144/6144/6144,graph,198,92.3519,15.0503,92.3994,92.3519,
100,32,524288,8192,layered,6144/6144/6144,graph,199,89.9894,15.0503,90.0409,89.9894,
100,32,524288,8192,layered,2048/2048/2048,graph,0,86.4773,16.2124,86.5899,86.4773,
100,32,524288,8192,layered,2048/2048/2048,graph,1,89.6064,16.2124,89.6575,89.6064,
100,32,524288,8192,layered,2048/2048/2048,graph,2,87.0229,16.4869,87.0718,87.0229,
100,32,524288,8192,layered,2048/2048/2048,graph,3,89.6579,16.4869,89.7256,89.6579,
100,32,524288,8192,layered,2048/2048/2048,graph,4,88.3842,16.7615,88.4357,88.3842,
100,32,524288,8192,layered,2048/2048/2048,graph,5,90.7602,16.7615,90.8134,90.7602,
100,32,524288,8192,layered,2048/2048/2048,graph,6,90.1479,16.7615,90.1986,90.1479,
100,32,524288,8192,layered,2048/2048/2048,graph,7,88.5322,16.7615,88.5900,88.5322,
100,32,524288,8192,layered,2048/2048/2048,graph,8,89.1272,16.7615,89.1834,89.1272,
100,32,524288,8192,layered,2048/2048/2048,graph,9,91.0324,16.7615,91.0853,91.0324,
100,32,524288,8192,layered,2048/2048/2048,graph,10,88.5165,16.7615,88.5737,88.5165,
100,32,524288,8192,layered,2048/2048/2048,graph,11,89.2833,16.7615,89.3319,89.2833,
100,32,524288,8192,layered,2048/2048/2048,graph,12,91.5680,16.7615,91.6195,91.5680,
100,32,524288,8192,layered,2048/2048/2048,graph,13,90.7062,16.7615,90.7562,90.7062,
100,32,524288,8192,layered,2048/2048/2048,graph,14,88.4908,16.7615,88.5385,88.4908,
100,32,524288,8192,layered,2048/2048/2048,graph,15,91.4630,16.7615,91.5264,91.4630,
100,32,524288,8192,layered,2048/2048/2048,graph,16,90.8404,16.7615,90.8935,90.8404,
100,32,524288,8192,layered,2048/2048/2048,graph,17,92.7372,16.7615,92.7940,92.7372,
100,32,524288,8192,layered,2048/2048/2048,graph,18,89.3951,16.7615,89.4670,89.3951,
100,32,524288,8192,layered,2048/2048/2048,graph,19,89.5188,16.7615,89.5788,89.5188,
100,32,524288,8192,layered,2048/2048/2048,graph,20,90.4119,16.7615,90.4679,90.4119,
100,32,524288,8192,layered,2048/2048/2048,graph,21,91.6177,16.7615,91.6632,91.6177,
100,32,524288,8192,layered,2048/2048/2048,graph,22,86.7708,16.7615,86.8253,86.7708,
100,32,524288,8192,layered,2048/2048/2048,graph,23,90.4753,16.7615,90.5294,90.4753,
100,32,524288,8192,layered,2048/2048/2048,graph,24,89.3624,16.7615,89.4242,89.3624,
100,32,524288,8192,layered,2048/2048/2048,graph,25,89.6622,16.7615,89.7232,89.6622,
100,32,524288,8192,layered,2048/2048/2048,graph,26,87.9920,16.7615,88.0423,87.9920,
100,32,524288,8192,layered,2048/2048/2048,graph,27,90.1942,16.7615,90.2466,90.1942,
100,32,524288,8192,layered,2048/2048/2048,graph,28,90.6164,16.7615,90.6623,90.6164,
100,32,524288,8192,layered,2048/2048/2048,graph,29,91.0455,16.7615,91.0953,91.0455,
100,32,524288,8192,layered,2048/2048/2048,graph,30,88.7117,16.7615,88.7609,88.7117,
100,32,524288,8192,layered,2048/2048/2048,graph,31,90.8517,16.7615,90.9012,90.8517,
100,32,524288,8192,layered,2048/2048/2048,graph,32,90.1891,16.7615,90.2433,90.1891,
100,32,524288,8192,layered,2048/2048/2048,graph,33,88.3618,16.7615,88.4095,88.3618,
100,32,524288,8192,layered,2048/2048/2048,graph,34,90.1686,16.7615,90.2159,90.1686,
100,32,524288,8192,layered,2048/2048/2048,graph,35,88.0468,16.7615,88.1009,88.0468,
100,32,524288,8192,layered,2048/2048/2048,graph,36,90.5204,16.7615,90.5763,90.5204,
100,32,524288,8192,layered,2048/2048/2048,graph,37,88.8996,16.7615,88.9539,88.8996,
100,32,524288,8192,layered,2048/2048/2048,graph,38,89.3984,16.7615,89.4474,89.3984,
100,32,524288,8192,layered,2048/2048/2048,graph,39,88.2679,16.7615,88.3185,88.2679,
100,32,524288,8192,layered,2048/2048/2048,graph,40,87.4560,16.7615,87.5122,87.4560,
100,32,524288,8192,layered,2048/2048/2048,graph,41,90.2072,16.7615,90.2536,90.2072,
100,32,524288,8192,layered,2048/2048/2048,graph,42,88.3262,16.7615,88.3700,88.3262,
100,32,524288,8192,layered,2048/2048/2048,graph,43,87.8426,16.7615,87.8886,87.8426,
100,32,524288,8192,layered,2048/2048/2048,graph,44,90.0033,16.7615,90.0513,90.0033,
100,32,524288,8192,layered,2048/2048/2048,graph,45,90.0891,16.7615,90.1413,90.0891,
100,32,524288,8192,layered,2048/2048/2048,graph,46,87.9524,16.7615,88.0024,87.9524,
100,32,524288,8192,layered,2048/2048/2048,graph,47,90.0717,16.7615,90.1190,90.0717,
100,32,524288,8192,layered,2048/2048/2048,graph,48,90.8440,16.7615,90.8941,90.8440,
100,32,524288,8192,layered,2048/2048/2048,graph,49,88.4527,16.7615,88.5061,88.4527,
100,32,524288,8192,layered,2048/2048/2048,graph,50,88.9579,16.7615,89.0105,88.9579,
100,32,524288,8192,layered,2048/2048/2048,graph,51,90.7541,16.7615,90.8047,90.7541,
100,32,524288,8192,layered,2048/2048/2048,graph,52,87.1666,16.7615,87.2166,87.1666,
100,32,524288,8192,layered,2048/2048/2048,graph,53,89.3410,16.7615,89.3936,89.3410,
100,32,524288,8192,layered,2048/2048/2048,graph,54,89.5127,16.7615,89.5639,89.5127,
100,32,524288,8192,layered,2048/2048/2048,graph,55,88.9059,16.7615,88.9536,88.9059,
100,32,524288,8192,layered,2048/2048/2048,graph,56,88.4918,16.7615,88.5399,88.4918,
100,32,524288,8192,layered,2048/2048/2048,graph,57,87.1635,16.7615,87.2123,87.1635,
100,32,524288,8192,layered,2048/2048/2048,graph,58,87.7164,16.7615,87.7683,87.7164,
100,32,524288,8192,layered,2048/2048/2048,graph,59,89.7410,16.7615,89.7942,89.7410,
100,32,524288,8192,layered,2048/2048/2048,graph,60,88.4832,16.7615,88.5294,88.4832,
100,32,524288,8192,layered,2048/2048/2048,graph,61,89.1651,16.7615,89.2094,89.1651,
100,32,524288,8192,layered,2048/2048/2048,graph,62,89.0313,16.7615,89.0851,89.0313,
100,32,524288,8192,layered,2048/2048/2048,graph,63,90.1530,16.7615,90.2301,90.1530,
100,32,524288,8192,layered,2048/2048/2048,graph,64,88.5882,16.7615,88.6460,88.5882,
100,32,524288,8192,layered,2048/2048/2048,graph,65,87.8263,16.7615,87.8763,87.8263,
100,32,524288,8192,layered,2048/2048/2048,graph,66,88.7206,16.7615,88.7708,88.7206,
100,32,524288,8192,layered,2048/2048/2048,graph,67,88.7634,16.7615,88.8161,88.7634,
100,32,524288,8192,layered,2048/2048/2048,graph,68,89.4865,16.7615,89.5380,89.4865,
100,32,524288,8192,layered,2048/2048/2048,graph,69,90.1727,16.7615,90.2255,90.1727,
100,32,524288,8192,layered,2048/2048/2048,graph,70,87.2791,16.7615,87.3419,87.2791,
100,32,524288,8192,layered,2048/2048/2048,graph,71,89.1274,16.7615,89.1833,89.1274,
100,32,524288,8192,layered,2048/2048/2048,graph,72,87.8453,16.4869,87.8993,87.8453,
100,32,524288,8192,layered,2048/2048/2048,graph,73,87.9666,16.4869,88.0268,87.9666,
100,32,524288,8192,layered,2048/2048/2048,graph,74,87.2745,16.2124,87.3252,87.2745,
100,32,524288,8192,layered,2048/2048/2048,graph,75,85.5636,16.2124,85.6193,85.5636,
100,32,524288,8192,layered,2048/2048/2048,graph,76,87.8759,15.9378,87.9273,87.8759,
100,32,524288,8192,layered,2048/2048/2048,graph,77,85.8862,15.9378,85.9356,85.8862,
100,32,524288,8192,layered,2048/2048/2048,graph,78,84.9528,15.9378,85.0056,84.9528,
100,32,524288,8192,layered,2048/2048/2048,graph,79,86.7566,15.9378,86.8130,86.7566,
100,32,524288,8192,layered,2048/2048/2048,graph,80,85.0278,15.9378,85.0934,85.0278,
100,32,524288,8192,layered,2048/2048/2048,graph,81,86.2990,15.9378,86.3548,86.2990,
100,32,524288,8192,layered,2048/2048/2048,graph,82,86.3455,15.9378,86.3958,86.3455,
100,32,524288,8192,layered,2048/2048/2048,graph,83,86.6263,15.9378,86.6760,86.6263,
100,32,524288,8192,layered,2048/2048/2048,graph,84,85.2561,15.9378,85.3362,85.2561,
100,32,524288,8192,layered,2048/2048/2048,graph,85,86.9437,15.9378,87.0142,86.9437,
100,32,524288,8192,layered,2048/2048/2048,graph,86,87.8296,15.9378,87.8756,87.8296,
100,32,524288,8192,layered,2048/2048/2048,graph,87,85.4534,15.9378,85.4992,85.4534,
100,32,524288,8192,layered,2048/2048/2048,graph,88,85.7926,15.9378,85.8436,85.7926,
100,32,524288,8192,layered,2048/2048/2048,graph,89,88.2145,15.9378,88.2685,88.2145,
100,32,524288,8192,layered,2048/2048/2048,graph,90,86.3624,15.9378,86.4117,86.3624,
100,32,524288,8192,layered,2048/2048/2048,graph,91,88.2147,15.9378,88.2723,88.2147,
100,32,524288,8192,layered,2048/2048/2048,graph,92,87.5783,15.9378,87.6307,87.5783,
100,32,524288,8192,layered,2048/2048/2048,graph,93,86.5611,15.9378,86.6168,86.5611,
100,32,524288,8192,layered,2048/2048/2048,graph,94,88.9404,15.9378,88.9890,88.9404,
100,32,524288,8192,layered,2048/2048/2048,graph,95,87.8485,15.9378,87.9065,87.8485,
100,32,524288,8192,layered,2048/2048/2048,graph,96,88.4558,16.2124,88.5052,88.4558,
100,32,524288,8192,layered,2048/2048/2048,graph,97,88.6809,16.2124,88.7377,88.6809,
100,32,524288,8192,layered,2048/2048/2048,graph,98,86.9290,16.4869,86.9775,86.9290,
100,32,524288,8192,layered,2048/2048/2048,graph,99,86.5380,16.4869,86.5875,86.5380,
100,32,524288,8192,layered,2048/2048/2048,graph,100,89.4438,16.7615,89.5014,89.4438,
100,32,524288,8192,layered,2048/2048/2048,graph,101,89.2293,16.7615,89.2881,89.2293,
100,32,524288,8192,layered,2048/2048/2048,graph,102,89.2822,16.7615,89.3320,89.2822,
100,32,524288,8192,layered,2048/2048/2048,graph,103,89.7622,16.7615,89.8122,89.7622,
100,32,524288,8192,layered,2048/2048/2048,graph,104,91.0901,16.7615,91.1382,91.0901,
100,32,524288,8192,layered,2048/2048/2048,graph,105,89.4347,16.7615,89.4967,89.4347,
100,32,524288,8192,layered,2048/2048/2048,graph,106,88.9825,16.7615,89.0349,88.9825,
100,32,524288,8192,layered,2048/2048/2048,graph,107,91.6532,16.7615,91.7020,91.6532,
100,32,524288,8192,layered,2048/2048/2048,graph,108,90.1228,16.7615,90.1836,90.1228,
100,32,524288,8192,layered,2048/2048/2048,graph,109,90.9791,16.7615,91.0345,90.9791,
100,32,524288,8192,layered,2048/2048/2048,graph,110,88.8759,16.7615,88.9485,88.8759,
100,32,524288,8192,layered,2048/2048/2048,graph,111,89.7271,16.7615,89.8100,89.7271,
100,32,524288,8192,layered,2048/2048/2048,graph,112,89.7769,16.7615,89.8277,89.7769,
100,32,524288,8192,layered,2048/2048/2048,graph,113,86.7983,16.7615,86.8542,86.7983,
100,32,524288,8192,layered,2048/2048/2048,graph,114,89.3828,16.7615,89.4304,89.3828,
100,32,524288,8192,layered,2048/2048/2048,graph,115,88.0524,16.7615,88.1031,88.0524,
100,32,524288,8192,layered,2048/2048/2048,graph,116,92.7795,16.7615,92.8315,92.7795,
100,32,524288,8192,layered,2048/2048/2048,graph,117,90.1434,16.7615,90.2172,90.1434,
100,32,524288,8192,layered,2048/2048/2048,graph,118,86.5595,16.7615,86.6069,86.5595,
100,32,524288,8192,layered,2048/2048/2048,graph,119,88.7538,16.7615,88.8037,88.7538,
100,32,524288,8192,layered,2048/2048/2048,graph,120,88.6023,16.7615,88.6521,88.6023,
100,32,524288,8192,layered,2048/2048/2048,graph,121,89.9081,16.7615,89.9755,89.9081,
100,32,524288,8192,layered,2048/2048/2048,graph,122,90.0244,16.7615,90.0719,90.0244,
100,32,524288,8192,layered,2048/2048/2048,graph,123,90.4343,16.7615,90.4960,90.4343,
100,32,524288,8192,layered,2048/2048/2048,graph,124,89.7301,16.7615,89.7762,89.7301,
100,32,524288,8192,layered,2048/2048/2048,graph,125,91.2087,16.7615,91.2526,91.2087,
100,32,524288,8192,layered,2048/2048/2048,graph,126,91.0587,16.7615,91.1071,91.0587,
100,32,524288,8192,layered,2048/2048/2048,graph,127,89.9415,16.7615,89.9920,89.9415,
100,32,524288,8192,layered,2048/2048/2048,graph,128,86.6209,16.7615,86.6751,86.6209,
100,32,524288,8192,layered,2048/2048/2048,graph,129,90.4657,16.7615,90.5109,90.4657,
100,32,524288,8192,layered,2048/2048/2048,graph,130,90.7482,16.7615,90.7965,90.7482,
100,32,524288,8192,layered,2048/2048/2048,graph,131,89.6606,16.7615,89.7080,89.6606,
100,32,524288,8192,layered,2048/2048/2048,graph,132,90.4599,16.7615,90.5168,90.4599,
100,32,524288,8192,layered,2048/2048/2048,graph,133,91.4490,16.7615,91.5032,91.4490,
100,32,524288,8192,layered,2048/2048/2048,graph,134,89.2912,16.7615,89.3421,89.2912,
100,32,524288,8192,layered,2048/2048/2048,graph,135,89.5157,16.7615,89.5659,89.5157,
100,32,524288,8192,layered,2048/2048/2048,graph,136,88.9548,16.7615,89.0110,88.9548,
100,32,524288,8192,layered,2048/2048/2048,graph,137,89.3138,16.7615,89.3685,89.3138,
100,32,524288,8192,layered,2048/2048/2048,graph,138,87.5282,16.7615,87.5986,87.5282,
100,32,524288,8192,layered,2048/2048/2048,graph,139,90.5571,16.7615,90.6081,90.5571,
100,32,524288,8192,layered,2048/2048/2048,graph,140,90.1833,16.7615,90.2391,90.1833,
100,32,524288,8192,layered,2048/2048/2048,graph,141,90.0015,16.7615,90.0476,90.0015,
100,32,524288,8192,layered,2048/2048/2048,graph,142,86.9619,16.7615,87.0085,86.9619,
100,32,524288,8192,layered,2048/2048/2048,graph,143,88.6898,16.7615,88.7558,88.6898,
100,32,524288,8192,layered,2048/2048/2048,graph,144,87.5375,16.7615,87.5954,87.5375,
100,32,524288,8192,layered,2048/2048/2048,graph,145,88.8149,16.7615,88.8696,88.8149,
100,32,524288,8192,layered,2048/2048/2048,graph,146,88.8873,16.7615,88.9415,88.8873,
100,32,524288,8192,layered,2048/2048/2048,graph,147,89.2860,16.7615,89.3599,89.2860,
100,32,524288,8192,layered,2048/2048/2048,graph,148,87.1585,16.7615,87.2119,87.1585,
100,32,524288,8192,layered,2048/2048/2048,graph,149,88.7751,16.7615,88.8262,88.7751,
100,32,524288,8192,layered,2048/2048/2048,graph,150,88.9266,16.7615,88.9784,88.9266,
100,32,524288,8192,layered,2048/2048/2048,graph,151,89.3764,16.7615,89.4213,89.3764,
100,32,524288,8192,layered,2048/2048/2048,graph,152,87.0500,16.7615,87.1044,87.0500,
100,32,524288,8192,layered,2048/2048/2048,graph,153,90.6036,16.7615,90.6597,90.6036,
100,32,524288,8192,layered,2048/2048/2048,graph,154,89.2870,16.7615,89.3360,89.2870,
100,32,524288,8192,layered,2048/2048/2048,graph,155,88.6477,16.7615,88.6994,88.6477,
100,32,524288,8192,layered,2048/2048/2048,graph,156,88.7274,16.7615,88.7764,88.7274,
100,32,524288,8192,layered,2048/2048/2048,graph,157,88.9119,16.7615,88.9640,88.9119,
100,32,524288,8192,layered,2048/2048/2048,graph,158,88.2229,16.7615,88.2803,88.2229,
100,32,524288,8192,layered,2048/2048/2048,graph,159,87.1051,16.7615,87.1584,87.1051,
100,32,524288,8192,layered,2048/2048/2048,graph,160,88.2471,16.7615,88.2981,88.2471,
100,32,524288,8192,layered,2048/2048/2048,graph,161,88.6940,16.7615,88.7439,88.6940,
100,32,524288,8192,layered,2048/2048/2048,graph,162,89.1982,16.7615,89.2463,89.1982,
100,32,524288,8192,layered,2048/2048/2048,graph,163,87.2547,16.7615,87.3023,87.2547,
100,32,524288,8192,layered,2048/2048/2048,graph,164,88.8616,16.7615,88.9072,88.8616,
100,32,524288,8192,layered,2048/2048/2048,graph,165,88.2212,16.7615,88.2684,88.2212,
100,32,524288,8192,layered,2048/2048/2048,graph,166,87.9847,16.7615,88.0312,87.9847,
100,32,524288,8192,layered,2048/2048/2048,graph,167,88.7080,16.7615,88.7622,88.7080,
100,32,524288,8192,layered,2048/2048/2048,graph,168,87.3167,16.4869,87.3649,87.3167,
100,32,524288,8192,layered,2048/2048/2048,graph,169,88.0986,16.4869,88.1456,88.0986,
100,32,524288,8192,layered,2048/2048/2048,graph,170,86.7058,16.2124,86.7556,86.7058,
100,32,524288,8192,layered,2048/2048/2048,graph,171,87.9061,16.2124,87.9582,87.9061,
100,32,524288,8192,layered,2048/2048/2048,graph,172,85.9569,15.9378,86.0031,85.9569,
100,32,524288,8192,layered,2048/2048/2048,graph,173,86.8073,15.9378,86.8533,86.8073,
100,32,524288,8192,layered,2048/2048/2048,graph,174,85.5639,15.9378,85.6224,85.5639,
100,32,524288,8192,layered,2048/2048/2048,graph,175,85.5902,15.9378,85.6460,85.5902,
100,32,524288,8192,layered,2048/2048/2048,graph,176,86.0603,15.9378,86.1141,86.0603,
100,32,524288,8192,layered,2048/2048/2048,graph,177,86.1179,15.9378,86.1670,86.1179,
100,32,524288,8192,layered,2048/2048/2048,graph,178,85.1295,15.9378,85.1778,85.1295,
100,32,524288,8192,layered,2048/2048/2048,graph,179,86.5240,15.9378,86.5719,86.5240,
100,32,524288,8192,layered,2048/2048/2048,graph,180,85.4517,15.9378,85.5058,85.4517,
100,32,524288,8192,layered,2048/2048/2048,graph,181,86.2176,15.9378,86.2730,86.2176,
100,32,524288,8192,layered,2048/2048/2048,graph,182,86.7891,15.9378,86.8382,86.7891,
100,32,524288,8192,layered,2048/2048/2048,graph,183,88.1293,15.9378,88.1778,88.1293,
100,32,524288,8192,layered,2048/2048/2048,graph,184,87.7940,15.9378,87.8463,87.7940,
100,32,524288,8192,layered,2048/2048/2048,graph,185,86.9429,15.9378,86.9964,86.9429,
100,32,524288,8192,layered,2048/2048/2048,graph,186,84.5556,15.9378,84.6160,84.5556,
100,32,524288,8192,layered,2048/2048/2048,graph,187,86.9421,15.9378,86.9927,86.9421,
100,32,524288,8192,layered,2048/2048/2048,graph,188,84.7110,15.9378,84.7624,84.7110,
100,32,524288,8192,layered,2048/2048/2048,graph,189,88.0026,15.9378,88.0550,88.0026,
100,32,524288,8192,layered,2048/2048/2048,graph,190,88.1710,15.9378,88.2186,88.1710,
100,32,524288,8192,layered,2048/2048/2048,graph,191,86.3168,15.9378,86.3682,86.3168,
100,32,524288,8192,layered,2048/2048/2048,graph,192,88.9315,16.2124,88.9809,88.9315,
100,32,524288,8192,layered,2048/2048/2048,graph,193,85.6758,16.2124,85.7228,85.6758,
100,32,524288,8192,layered,2048/2048/2048,graph,194,89.7156,16.4869,89.7668,89.7156,
100,32,524288,8192,layered,2048/2048/2048,graph,195,88.5136,16.4869,88.5756,88.5136,
100,32,524288,8192,layered,2048/2048/2048,graph,196,88.9379,16.7615,88.9947,88.9379,
100,32,524288,8192,layered,2048/2048/2048,graph,197,91.8143,16.7615,91.8651,91.8143,
100,32,524288,8192,layered,2048/2048/2048,graph,198,87.0743,16.7615,87.1481,87.0743,
100,32,524288,8192,layered,2048/2048/2048,graph,199,90.7816,16.7615,90.8340,90.7816,
100,32,524288,8192,layered,512/512/512,graph,0,92.8274,22.7825,92.8781,92.8274,
100,32,524288,8192,layered,512/512/512,graph,1,91.8741,22.7825,91.9202,91.8741,
100,32,524288,8192,layered,512/512/512,graph,2,92.5188,22.7825,92.5735,92.5188,
100,32,524288,8192,layered,512/512/512,graph,3,92.6489,22.7825,92.6989,92.6489,
100,32,524288,8192,layered,512/512/512,graph,4,90.6939,22.7825,90.7407,90.6939,
100,32,524288,8192,layered,512/512/512,graph,5,91.7902,22.7825,91.8434,91.7902,
100,32,524288,8192,layered,512/512/512,graph,6,92.5095,22.7825,92.5577,92.5095,
100,32,524288,8192,layered,512/512/512,graph,7,91.2253,22.7825,91.2714,91.2253,
100,32,524288,8192,layered,512/512/512,graph,8,91.3845,22.7825,91.4385,91.3845,
100,32,524288,8192,layered,512/512/512,graph,9,91.3383,22.7825,91.3879,91.3383,
100,32,524288,8192,layered,512/512/512,graph,10,92.5431,22.7825,92.5983,92.5431,
100,32,524288,8192,layered,512/512/512,graph,11,93.4126,22.7825,93.4648,93.4126,
100,32,524288,8192,layered,512/512/512,graph,12,93.2512,22.7825,93.3069,93.2512,
100,32,524288,8192,layered,512/512/512,graph,13,93.4078,22.7825,93.4694,93.4078,
100,32,524288,8192,layered,512/512/512,graph,14,92.7697,22.7825,92.8225,92.7697,
100,32,524288,8192,layered,512/512/512,graph,15,93.4205,22.7825,93.4705,93.4205,
100,32,524288,8192,layered,512/512/512,graph,16,91.2664,22.7825,91.3258,91.2664,
100,32,524288,8192,layered,512/512/512,graph,17,92.3630,22.7825,92.4156,92.3630,
100,32,524288,8192,layered,512/512/512,graph,18,93.0176,22.7825,93.0679,93.0176,
100,32,524288,8192,layered,512/512/512,graph,19,91.9342,22.7825,91.9927,91.9342,
100,32,524288,8192,layered,512/512/512,graph,20,92.3464,22.7825,92.4003,92.3464,
100,32,524288,8192,layered,512/512/512,graph,21,93.6718,22.7825,93.7291,93.6718,
100,32,524288,8192,layered,512/512/512,graph,22,91.9670,22.7825,92.0301,91.9670,
100,32,524288,8192,layered,512/512/512,graph,23,92.7006,22.7825,92.7520,92.7006,
100,32,524288,8192,layered,512/512/512,graph,24,92.6844,22.7825,92.7434,92.6844,
100,32,524288,8192,layered,512/512/512,graph,25,91.6889,22.7825,91.7500,91.6889,
100,32,524288,8192,layered,512/512/512,graph,26,92.6903,22.7825,92.7399,92.6903,
100,32,524288,8192,layered,512/512/512,graph,27,91.9489,22.7825,92.0030,91.9489,
100,32,524288,8192,layered,512/512/512,graph,28,92.7636,22.7825,92.8239,92.7636,
100,32,524288,8192,layered,512/512/512,graph,29,92.3490,22.7825,92.4080,92.3490,
100,32,524288,8192,layered,512/512/512,graph,30,93.4005,22.7825,93.4493,93.4005,
100,32,524288,8192,layered,512/512/512,graph,31,93.0334,22.7825,93.0860,93.0334,
100,32,524288,8192,layered,512/512/512,graph,32,92.7165,22.7825,92.7692,92.7165,
100,32,524288,8192,layered,512/512/512,graph,33,93.6790,22.7825,93.7390,93.6790,
100,32,524288,8192,layered,512/512/512,graph,34,93.2142,22.7825,93.2647,93.2142,
100,32,524288,8192,layered,512/512/512,graph,35,91.5084,22.7825,91.5567,91.5084,
100,32,524288,8192,layered,512/512/512,graph,36,93.5391,22.7825,93.5856,93.5391,
100,32,524288,8192,layered,512/512/512,graph,37,92.4223,22.7825,92.4707,92.4223,
100,32,524288,8192,layered,512/512/512,graph,38,92.7632,22.7825,92.8121,92.7632,
100,32,524288,8192,layered,512/512/512,graph,39,91.1932,22.7825,91.2450,91.1932,
100,32,524288,8192,layered,512/512/512,graph,40,93.5758,22.7825,93.6251,93.5758,
100,32,524288,8192,layered,512/512/512,graph,41,93.1417,22.7825,93.1916,93.1417,
100,32,524288,8192,layered,512/512/512,graph,42,92.0733,22.7825,92.1249,92.0733,
100,32,524288,8192,layered,512/512/512,graph,43,91.8818,22.7825,91.9351,91.8818,
100,32,524288,8192,layered,512/512/512,graph,44,91.8470,22.7825,91.8950,91.8470,
100,32,524288,8192,layered,512/512/512,graph,45,92.2225,22.7825,92.2688,92.2225,
100,32,524288,8192,layered,512/512/512,graph,46,92.4239,22.5079,92.4704,92.4239,
100,32,524288,8192,layered,512/512/512,graph,47,92.2194,22.7825,92.2746,92.2194,
100,32,524288,8192,layered,512/512/512,graph,48,93.2393,22.5079,93.2935,93.2393,
100,32,524288,8192,layered,512/512/512,graph,49,93.2879,22.7825,93.3471,93.2879,
100,32,524288,8192,layered,512/512/512,graph,50,92.2899,22.7825,92.3437,92.2899,
100,32,524288,8192,layered,512/512/512,graph,51,93.1098,22.7825,93.1612,93.1098,
100,32,524288,8192,layered,512/512/512,graph,52,93.1732,22.7825,93.2283,93.1732,
100,32,524288,8192,layered,512/512/512,graph,53,93.6059,22.7825,93.6596,93.6059,
100,32,524288,8192,layered,512/512/512,graph,54,93.3286,22.7825,93.3820,93.3286,
100,32,524288,8192,layered,512/512/512,graph,55,91.6374,22.7825,91.6858,91.6374,
100,32,524288,8192,layered,512/512/512,graph,56,91.0865,22.7825,91.1475,91.0865,
100,32,524288,8192,layered,512/512/512,graph,57,91.3229,22.7825,91.3774,91.3229,
100,32,524288,8192,layered,512/512/512,graph,58,92.4773,22.7825,92.5283,92.4773,
100,32,524288,8192,layered,512/512/512,graph,59,91.2528,22.7825,91.3095,91.2528,
100,32,524288,8192,layered,512/512/512,graph,60,93.5976,22.7825,93.6625,93.5976,
100,32,524288,8192,layered,512/512/512,graph,61,90.9883,22.7825,91.0602,90.9883,
100,32,524288,8192,layered,512/512/512,graph,62,93.1315,22.7825,93.1911,93.1315,
100,32,524288,8192,layered,512/512/512,graph,63,93.4140,22.7825,93.4709,93.4140,
100,32,524288,8192,layered,512/512/512,graph,64,93.9479,23.0571,93.9985,93.9479,
100,32,524288,8192,layered,512/512/512,graph,65,93.3462,23.0571,93.3962,93.3462,
100,32,524288,8192,layered,512/512/512,graph,66,93.1445,23.3317,93.2009,93.1445,
100,32,524288,8192,layered,512/512/512,graph,67,93.1983,23.3317,93.2471,93.1983,
100,32,524288,8192,layered,512/512/512,graph,68,94.3680,23.6063,94.4180,94.3680,
100,32,524288,8192,layered,512/512/512,graph,69,94.2406,23.6063,94.2896,94.2406,
100,32,524288,8192,layered,512/512/512,graph,70,91.9025,23.6063,91.9524,91.9025,
100,32,524288,8192,layered,512/512/512,graph,71,92.1384,23.6063,92.1848,92.1384,
100,32,524288,8192,layered,512/512/512,graph,72,92.8565,23.3317,92.9127,92.8565,
100,32,524288,8192,layered,512/512/512,graph,73,91.9675,23.3317,92.0220,91.9675,
100,32,524288,8192,layered,512/512/512,graph,74,93.1531,23.0571,93.2102,93.1531,
100,32,524288,8192,layered,512/512/512,graph,75,92.1407,23.0571,92.1917,92.1407,
100,32,524288,8192,layered,512/512/512,graph,76,92.6837,22.7825,92.7349,92.6837,
100,32,524288,8192,layered,512/512/512,graph,77,93.6757,22.7825,93.7311,93.6757,
100,32,524288,8192,layered,512/512/512,graph,78,92.8130,22.7825,92.8657,92.8130,
100,32,524288,8192,layered,512/512/512,graph,79,92.1135,22.7825,92.1651,92.1135,
100,32,524288,8192,layered,512/512/512,graph,80,90.9613,22.7825,91.0092,90.9613,
100,32,524288,8192,layered,512/512/512,graph,81,91.4412,22.7825,91.4872,91.4412,
100,32,524288,8192,layered,512/512/512,graph,82,93.1366,22.7825,93.1813,93.1366,
100,32,524288,8192,layered,512/512/512,graph,83,92.6663,22.7825,92.7104,92.6663,
100,32,524288,8192,layered,512/512/512,graph,84,93.3993,22.7825,93.4451,93.3993,
100,32,524288,8192,layered,512/512/512,graph,85,91.6507,22.7825,91.7035,91.6507,
100,32,524288,8192,layered,512/512/512,graph,86,91.7832,22.7825,91.8322,91.7832,
100,32,524288,8192,layered,512/512/512,graph,87,92.5447,22.7825,92.6047,92.5447,
100,32,524288,8192,layered,512/512/512,graph,88,92.3320,22.7825,92.3797,92.3320,
100,32,524288,8192,layered,512/512/512,graph,89,91.9527,22.7825,92.0173,91.9527,
100,32,524288,8192,layered,512/512/512,graph,90,93.3199,22.7825,93.3829,93.3199,
100,32,524288,8192,layered,512/512/512,graph,91,92.5549,22.7825,92.6052,92.5549,
100,32,524288,8192,layered,512/512/512,graph,92,93.4949,22.7825,93.5454,93.4949,
100,32,524288,8192,layered,512/512/512,graph,93,93.5202,22.7825,93.5736,93.5202,
100,32,524288,8192,layered,512/512/512,graph,94,92.2218,22.7825,92.2790,92.2218,
100,32,524288,8192,layered,512/512/512,graph,95,91.9038,22.7825,91.9554,91.9038,
100,32,524288,8192,layered,512/512/512,graph,96,91.2120,22.7825,91.2678,91.2120,
100,32,524288,8192,layered,512/512/512,graph,97,92.4544,22.7825,92.5028,92.4544,
100,32,524288,8192,layered,512/512/512,graph,98,91.4963,22.7825,91.5530,91.4963,
100,32,524288,8192,layered,512/512/512,graph,99,93.1736,22.7825,93.2280,93.1736,
100,32,524288,8192,layered,512/512/512,graph,100,92.9084,22.7825,92.9628,92.9084,
100,32,524288,8192,layered,512/512/512,graph,101,93.9268,22.7825,93.9834,93.9268,
100,32,524288,8192,layered,512/512/512,graph,102,93.0649,22.7825,93.1175,93.0649,
100,32,524288,8192,layered,512/512/512,graph,103,93.3285,22.7825,93.3763,93.3285,
100,32,524288,8192,layered,512/512/512,graph,104,92.8113,22.7825,92.8597,92.8113,
100,32,524288,8192,layered,512/512/512,graph,105,92.0353,22.7825,92.0825,92.0353,
100,32,524288,8192,layered,512/512/512,graph,106,93.5193,22.7825,93.5736,93.5193,
100,32,524288,8192,layered,512/512/512,graph,107,93.1117,22.7825,93.1561,93.1117,
100,32,524288,8192,layered,512/512/512,graph,108,92.5931,22.7825,92.6489,92.5931,
100,32,524288,8192,layered,512/512/512,graph,109,92.8222,22.7825,92.8794,92.8222,
100,32,524288,8192,layered,512/512/512,graph,110,93.1012,22.7825,93.1540,93.1012,
100,32,524288,8192,layered,512/512/512,graph,111,92.8910,22.7825,92.9786,92.8910,
100,32,524288,8192,layered,512/512/512,graph,112,92.4748,22.7825,92.5272,92.4748,
100,32,524288,8192,layered,512/512/512,graph,113,93.4204,22.7825,93.4937,93.4204,
100,32,524288,8192,layered,512/512/512,graph,114,92.8002,22.7825,92.8537,92.8002,
100,32,524288,8192,layered,512/512/512,graph,115,91.8677,22.7825,91.9235,91.8677,
100,32,524288,8192,layered,512/512/512,graph,116,94.4379,22.7825,94.4917,94.4379,
100,32,524288,8192,layered,512/512/512,graph,117,93.5788,22.7825,93.6343,93.5788,
100,32,524288,8192,layered,512/512/512,graph,118,93.1118,22.7825,93.1613,93.1118,
100,32,524288,8192,layered,512/512/512,graph,119,92.2947,22.7825,92.3466,92.2947,
100,32,524288,8192,layered,512/512/512,graph,120,91.3688,22.7825,91.4176,91.3688,
100,32,524288,8192,layered,512/512/512,graph,121,92.0392,22.7825,92.0892,92.0392,
100,32,524288,8192,layered,512/512/512,graph,122,93.4961,22.7825,93.5496,93.4961,
100,32,524288,8192,layered,512/512/512,graph,123,92.6294,22.7825,92.6860,92.6294,
100,32,524288,8192,layered,512/512/512,graph,124,93.4429,22.7825,93.4924,93.4429,
100,32,524288,8192,layered,512/512/512,graph,125,92.0663,22.7825,92.1230,92.0663,
100,32,524288,8192,layered,512/512/512,graph,126,92.7654,22.7825,92.8151,92.7654,
100,32,524288,8192,layered,512/512/512,graph,127,93.2875,22.7825,93.3423,93.2875,
100,32,524288,8192,layered,512/512/512,graph,128,92.9771,22.7825,93.0325,92.9771,
100,32,524288,8192,layered,512/512/512,graph,129,93.2459,22.7825,93.3138,93.2459,
100,32,524288,8192,layered,512/512/512,graph,130,92.1525,22.7825,92.2059,92.1525,
100,32,524288,8192,layered,512/512/512,graph,131,91.3117,22.7825,91.3627,91.3117,
100,32,524288,8192,layered,512/512/512,graph,132,93.1895,22.7825,93.2488,93.1895,
100,32,524288,8192,layered,512/512/512,graph,133,92.8877,22.7825,92.9376,92.8877,
100,32,524288,8192,layered,512/512/512,graph,134,92.2732,22.7825,92.3323,92.2732,
100,32,524288,8192,layered,512/512/512,graph,135,92.1577,22.7825,92.2068,92.1577,
100,32,524288,8192,layered,512/512/512,graph,136,91.9359,22.7825,91.9886,91.9359,
100,32,524288,8192,layered,512/512/512,graph,137,92.3695,22.7825,92.4222,92.3695,
100,32,524288,8192,layered,512/512/512,graph,138,91.5041,22.7825,91.5554,91.5041,
100,32,524288,8192,layered,512/512/512,graph,139,93.7640,22.7825,93.8132,93.7640,
100,32,524288,8192,layered,512/512/512,graph,140,94.2790,22.7825,94.3307,94.2790,
100,32,524288,8192,layered,512/512/512,graph,141,93.0510,22.7825,93.0997,93.0510,
100,32,524288,8192,layered,512/512/512,graph,142,93.9129,22.7825,93.9613,93.9129,
100,32,524288,8192,layered,512/512/512,graph,143,92.0738,22.7825,92.1245,92.0738,
100,32,524288,8192,layered,512/512/512,graph,144,93.4426,22.7825,93.4968,93.4426,
100,32,524288,8192,layered,512/512/512,graph,145,92.6826,22.7825,92.7306,92.6826,
100,32,524288,8192,layered,512/512/512,graph,146,93.1938,22.7825,93.2634,93.1938,
100,32,524288,8192,layered,512/512/512,graph,147,92.8773,22.7825,92.9355,92.8773,
100,32,524288,8192,layered,512/512/512,graph,148,93.3665,22.7825,93.4202,93.3665,
100,32,524288,8192,layered,512/512/512,graph,149,94.0281,22.7825,94.0798,94.0281,
100,32,524288,8192,layered,512/512/512,graph,150,93.5397,22.7825,93.5889,93.5397,
100,32,524288,8192,layered,512/512/512,graph,151,93.8284,22.7825,93.8805,93.8284,
100,32,524288,8192,layered,512/512/512,graph,152,92.7742,22.7825,92.8380,92.7742,
100,32,524288,8192,layered,512/512/512,graph,153,92.4837,22.7825,92.5396,92.4837,
100,32,524288,8192,layered,512/512/512,graph,154,92.2441,22.7825,92.2966,92.2441,
100,32,524288,8192,layered,512/512/512,graph,155,92.4428,22.7825,92.4943,92.4428,
100,32,524288,8192,layered,512/512/512,graph,156,92.4011,22.7825,92.4491,92.4011,
100,32,524288,8192,layered,512/512/512,graph,157,94.5196,22.7825,94.5663,94.5196,
100,32,524288,8192,layered,512/512/512,graph,158,94.0519,22.7825,94.1010,94.0519,
100,32,524288,8192,layered,512/512/512,graph,159,92.6315,22.7825,92.6870,92.6315,
100,32,524288,8192,layered,512/512/512,graph,160,91.8181,23.0571,91.8735,91.8181,
100,32,524288,8192,layered,512/512/512,graph,161,92.9304,23.0571,92.9796,92.9304,
100,32,524288,8192,layered,512/512/512,graph,162,92.8374,23.3317,92.8880,92.8374,
100,32,524288,8192,layered,512/512/512,graph,163,94.5960,23.3317,94.6612,94.5960,
100,32,524288,8192,layered,512/512/512,graph,164,94.0407,23.6063,94.0971,94.0407,
100,32,524288,8192,layered,512/512/512,graph,165,94.9699,23.6063,95.0195,94.9699,
100,32,524288,8192,layered,512/512/512,graph,166,94.2640,23.6063,94.3166,94.2640,
100,32,524288,8192,layered,512/512/512,graph,167,92.8890,23.6063,92.9465,92.8890,
100,32,524288,8192,layered,512/512/512,graph,168,94.0794,23.3317,94.1292,94.0794,
100,32,524288,8192,layered,512/512/512,graph,169,93.1290,23.3317,93.1748,93.1290,
100,32,524288,8192,layered,512/512/512,graph,170,93.1538,23.0571,93.2073,93.1538,
100,32,524288,8192,layered,512/512/512,graph,171,93.7791,23.0571,93.8386,93.7791,
100,32,524288,8192,layered,512/512/512,graph,172,92.5369,22.7825,92.5908,92.5369,
100,32,524288,8192,layered,512/512/512,graph,173,91.9279,22.7825,91.9826,91.9279,
100,32,524288,8192,layered,512/512/512,graph,174,93.0340,22.7825,93.0944,93.0340,
100,32,524288,8192,layered,512/512/512,graph,175,93.0087,22.7825,93.0666,93.0087,
100,32,524288,8192,layered,512/512/512,graph,176,91.3374,22.7825,91.3927,91.3374,
100,32,524288,8192,layered,512/512/512,graph,177,91.6836,22.7825,91.7406,91.6836,
100,32,524288,8192,layered,512/512/512,graph,178,93.5520,22.7825,93.6105,93.5520,
100,32,524288,8192,layered,512/512/512,graph,179,92.5701,22.7825,92.6275,92.5701,
100,32,524288,8192,layered,512/512/512,graph,180,91.1680,22.7825,91.2200,91.1680,
100,32,524288,8192,layered,512/512/512,graph,181,93.4483,22.7825,93.5015,93.4483,
100,32,524288,8192,layered,512/512/512,graph,182,93.3817,22.7825,93.4370,93.3817,
100,32,524288,8192,layered,512/512/512,graph,183,92.9955,22.7825,93.0506,92.9955,
100,32,524288,8192,layered,512/512/512,graph,184,93.7048,22.7825,93.7576,93.7048,
100,32,524288,8192,layered,512/512/512,graph,185,92.6633,22.7825,92.7157,92.6633,
100,32,524288,8192,layered,512/512/512,graph,186,92.2233,22.7825,92.2695,92.2233,
100,32,524288,8192,layered,512/512/512,graph,187,92.2803,22.7825,92.3342,92.2803,
100,32,524288,8192,layered,512/512/512,graph,188,93.1605,22.7825,93.2133,93.1605,
100,32,524288,8192,layered,512/512/512,graph,189,93.3847,22.7825,93.4331,93.3847,
100,32,524288,8192,layered,512/512/512,graph,190,92.9735,22.7825,93.0206,92.9735,
100,32,524288,8192,layered,512/512/512,graph,191,93.2298,22.7825,93.2780,93.2298,
100,32,524288,8192,layered,512/512/512,graph,192,93.4401,22.7825,93.4943,93.4401,
100,32,524288,8192,layered,512/512/512,graph,193,91.9513,22.7825,92.0073,91.9513,
100,32,524288,8192,layered,512/512/512,graph,194,93.5986,22.7825,93.6512,93.5986,
100,32,524288,8192,layered,512/512/512,graph,195,91.4492,22.7825,91.5025,91.4492,
100,32,524288,8192,layered,512/512/512,graph,196,93.0742,22.7825,93.1238,93.0742,
100,32,524288,8192,layered,512/512/512,graph,197,92.4160,22.7825,92.4647,92.4160,
100,32,524288,8192,layered,512/512/512,graph,198,92.2254,22.7825,92.2750,92.2254,
100,32,524288,8192,layered,512/512/512,graph,199,92.5613,22.7825,92.6135,92.5613,
100,32,524288,8192,layered,3072/3072/3072,graph,0,73.9759,15.3249,74.0267,73.9759,
100,32,524288,8192,layered,3072/3072/3072,graph,1,93.6573,14.5330,93.7047,93.6573,
100,32,524288,8192,layered,3072/3072/3072,graph,2,93.8012,14.5330,93.8529,93.8012,
100,32,524288,8192,layered,3072/3072/3072,graph,3,73.5204,15.3249,73.5683,73.5204,
100,32,524288,8192,layered,3072/3072/3072,graph,4,93.6030,15.3568,93.6574,93.6030,
100,32,524288,8192,layered,3072/3072/3072,graph,5,73.8845,15.0503,73.9314,73.8845,
100,32,524288,8192,layered,3072/3072/3072,graph,6,94.1881,15.0822,94.2361,94.1881,
100,32,524288,8192,layered,3072/3072/3072,graph,7,91.0999,14.5330,91.1539,91.0999,
100,32,524288,8192,layered,3072/3072/3072,graph,8,75.4960,15.3249,75.5511,75.4960,
100,32,524288,8192,layered,3072/3072/3072,graph,9,75.6525,15.8741,75.7003,75.6525,
100,32,524288,8192,layered,3072/3072/3072,graph,10,94.7042,14.5330,94.7510,94.7042,
100,32,524288,8192,layered,3072/3072/3072,graph,11,74.6128,15.3249,74.6606,74.6128,
100,32,524288,8192,layered,3072/3072/3072,graph,12,92.0416,15.0822,92.0935,92.0416,
100,32,524288,8192,layered,3072/3072/3072,graph,13,74.6124,15.3249,74.6643,74.6124,
100,32,524288,8192,layered,3072/3072/3072,graph,14,95.2974,15.0822,95.3477,95.2974,
100,32,524288,8192,layered,3072/3072/3072,graph,15,93.6881,14.5330,93.7360,93.6881,
100,32,524288,8192,layered,3072/3072/3072,graph,16,74.0777,15.0503,74.1294,74.0777,
100,32,524288,8192,layered,3072/3072/3072,graph,17,92.6953,14.8076,92.7548,92.6953,
100,32,524288,8192,layered,3072/3072/3072,graph,18,92.3706,14.2584,92.4240,92.3706,
100,32,524288,8192,layered,3072/3072/3072,graph,19,75.3456,15.5995,75.3929,75.3456,
100,32,524288,8192,layered,3072/3072/3072,graph,20,73.6860,15.5995,73.7454,73.6860,
100,32,524288,8192,layered,3072/3072/3072,graph,21,92.4593,14.5330,92.5068,92.4593,
100,32,524288,8192,layered,3072/3072/3072,graph,22,93.8236,14.2584,93.8755,93.8236,
100,32,524288,8192,layered,3072/3072/3072,graph,23,90.6828,14.5330,90.7320,90.6828,
100,32,524288,8192,layered,3072/3072/3072,graph,24,72.8928,15.3249,72.9390,72.8928,
100,32,524288,8192,layered,3072/3072/3072,graph,25,90.8048,14.5330,90.8588,90.8048,
100,32,524288,8192,layered,3072/3072/3072,graph,26,92.9780,14.2584,93.0305,92.9780,
100,32,524288,8192,layered,3072/3072/3072,graph,27,73.1099,15.8741,73.1585,73.1099,
100,32,524288,8192,layered,3072/3072/3072,graph,28,74.9797,15.5995,75.0368,74.9797,
100,32,524288,8192,layered,3072/3072/3072,graph,29,74.3767,15.5995,74.4300,74.3767,
100,32,524288,8192,layered,3072/3072/3072,graph,30,73.9730,15.5995,74.0209,73.9730,
100,32,524288,8192,layered,3072/3072/3072,graph,31,95.1350,14.2584,95.1857,95.1350,
100,32,524288,8192,layered,3072/3072/3072,graph,32,92.9875,15.0822,93.0472,92.9875,
100,32,524288,8192,layered,3072/3072/3072,graph,33,75.4722,15.3249,75.5257,75.4722,
100,32,524288,8192,layered,3072/3072/3072,graph,34,91.3583,14.8076,91.4068,91.3583,
100,32,524288,8192,layered,3072/3072/3072,graph,35,93.3354,14.8076,93.3820,93.3354,
100,32,524288,8192,layered,3072/3072/3072,graph,36,74.7239,15.0503,74.7727,74.7239,
100,32,524288,8192,layered,3072/3072/3072,graph,37,73.7558,15.5995,73.8028,73.7558,
100,32,524288,8192,layered,3072/3072/3072,graph,38,74.5117,15.5995,74.5569,74.5117,
100,32,524288,8192,layered,3072/3072/3072,graph,39,98.0259,14.5330,98.0715,98.0259,
100,32,524288,8192,layered,3072/3072/3072,graph,40,94.4093,14.2584,94.4539,94.4093,
100,32,524288,8192,layered,3072/3072/3072,graph,41,92.7788,15.3568,92.8303,92.7788,
100,32,524288,8192,layered,3072/3072/3072,graph,42,93.1791,14.2584,93.2261,93.1791,
100,32,524288,8192,layered,3072/3072/3072,graph,43,92.7539,14.5330,92.8037,92.7539,
100,32,524288,8192,layered,3072/3072/3072,graph,44,92.9549,14.5330,93.0038,92.9549,
100,32,524288,8192,layered,3072/3072/3072,graph,45,72.1239,15.0503,72.1728,72.1239,
100,32,524288,8192,layered,3072/3072/3072,graph,46,75.0556,15.8741,75.1038,75.0556,
100,32,524288,8192,layered,3072/3072/3072,graph,47,92.7826,14.8076,92.8407,92.7826,
100,32,524288,8192,layered,3072/3072/3072,graph,48,93.3633,14.2584,93.4234,93.3633,
100,32,524288,8192,layered,3072/3072/3072,graph,49,72.5951,15.5995,72.6431,72.5951,
100,32,524288,8192,layered,3072/3072/3072,graph,50,93.5871,14.5330,93.6340,93.5871,
100,32,524288,8192,layered,3072/3072/3072,graph,51,92.4005,14.5330,92.4511,92.4005,
100,32,524288,8192,layered,3072/3072/3072,graph,52,92.6487,14.8076,92.7025,92.6487,
100,32,524288,8192,layered,3072/3072/3072,graph,53,73.6645,15.5995,73.7190,73.6645,
100,32,524288,8192,layered,3072/3072/3072,graph,54,73.1017,15.8741,73.1586,73.1017,
100,32,524288,8192,layered,3072/3072/3072,graph,55,92.8089,13.9838,92.8638,92.8089,
100,32,524288,8192,layered,3072/3072/3072,graph,56,94.1663,15.0822,94.2262,94.1663,
100,32,524288,8192,layered,3072/3072/3072,graph,57,96.7114,14.5330,96.7655,96.7114,
100,32,524288,8192,layered,3072/3072/3072,graph,58,94.1016,14.8076,94.1525,94.1016,
100,32,524288,8192,layered,3072/3072/3072,graph,59,91.8186,14.2584,91.8793,91.8186,
100,32,524288,8192,layered,3072/3072/3072,graph,60,92.9979,14.8076,93.0509,92.9979,
100,32,524288,8192,layered,3072/3072/3072,graph,61,72.7804,15.0503,72.8286,72.7804,
100,32,524288,8192,layered,3072/3072/3072,graph,62,91.9826,14.8076,92.0330,91.9826,
100,32,524288,8192,layered,3072/3072/3072,graph,63,74.1723,15.5995,74.2228,74.1723,
100,32,524288,8192,layered,3072/3072/3072,graph,64,94.7993,14.2584,94.8480,94.7993,
100,32,524288,8192,layered,3072/3072/3072,graph,65,96.4706,15.0822,96.5269,96.4706,
100,32,524288,8192,layered,3072/3072/3072,graph,66,73.1209,15.0503,73.1716,73.1209,
100,32,524288,8192,layered,3072/3072/3072,graph,67,90.9188,14.8076,90.9720,90.9188,
100,32,524288,8192,layered,3072/3072/3072,graph,68,73.9299,15.3249,73.9811,73.9299,
100,32,524288,8192,layered,3072/3072/3072,graph,69,95.2163,14.5330,95.2690,95.2163,
100,32,524288,8192,layered,3072/3072/3072,graph,70,93.4972,14.8076,93.5514,93.4972,
100,32,524288,8192,layered,3072/3072/3072,graph,71,72.6194,15.3249,72.6703,72.6194,
100,32,524288,8192,layered,3072/3072/3072,graph,72,93.7624,14.2584,93.8114,93.7624,
100,32,524288,8192,layered,3072/3072/3072,graph,73,97.3295,14.8076,97.3810,97.3295,
100,32,524288,8192,layered,3072/3072/3072,graph,74,91.7392,14.5330,91.7872,91.7392,
100,32,524288,8192,layered,3072/3072/3072,graph,75,93.5021,14.8076,93.5503,93.5021,
100,32,524288,8192,layered,3072/3072/3072,graph,76,74.7631,15.5995,74.8199,74.7631,
100,32,524288,8192,layered,3072/3072/3072,graph,77,94.8774,15.0822,94.9373,94.8774,
100,32,524288,8192,layered,3072/3072/3072,graph,78,74.6891,15.0503,74.7387,74.6891,
100,32,524288,8192,layered,3072/3072/3072,graph,79,72.6498,15.8741,72.6999,72.6498,
100,32,524288,8192,layered,3072/3072/3072,graph,80,95.3741,14.2584,95.4204,95.3741,
100,32,524288,8192,layered,3072/3072/3072,graph,81,94.0142,14.5330,94.0597,94.0142,
100,32,524288,8192,layered,3072/3072/3072,graph,82,94.0072,14.5330,94.0654,94.0072,
100,32,524288,8192,layered,3072/3072/3072,graph,83,91.5160,15.0822,91.5678,91.5160,
100,32,524288,8192,layered,3072/3072/3072,graph,84,74.0165,15.3249,74.0891,74.0165,
100,32,524288,8192,layered,3072/3072/3072,graph,85,95.5949,15.0822,95.6450,95.5949,
100,32,524288,8192,layered,3072/3072/3072,graph,86,73.7373,15.3249,73.7969,73.7373,
100,32,524288,8192,layered,3072/3072/3072,graph,87,73.7729,16.1487,73.8288,73.7729,
100,32,524288,8192,layered,3072/3072/3072,graph,88,92.6211,14.2584,92.6698,92.6211,
100,32,524288,8192,layered,3072/3072/3072,graph,89,93.8381,14.2584,93.8957,93.8381,
100,32,524288,8192,layered,3072/3072/3072,graph,90,93.4630,14.5330,93.5199,93.4630,
100,32,524288,8192,layered,3072/3072/3072,graph,91,74.1221,15.8741,74.1749,74.1221,
100,32,524288,8192,layered,3072/3072/3072,graph,92,76.2883,15.8741,76.3396,76.2883,
100,32,524288,8192,layered,3072/3072/3072,graph,93,95.1737,14.5330,95.2211,95.1737,
100,32,524288,8192,layered,3072/3072/3072,graph,94,95.0956,14.8076,95.1497,95.0956,
100,32,524288,8192,layered,3072/3072/3072,graph,95,74.3717,15.8741,74.4216,74.3717,
100,32,524288,8192,layered,3072/3072/3072,graph,96,94.0206,14.8076,94.0679,94.0206,
100,32,524288,8192,layered,3072/3072/3072,graph,97,91.1897,14.2584,91.2370,91.1897,
100,32,524288,8192,layered,3072/3072/3072,graph,98,92.1089,14.5330,92.1542,92.1089,
100,32,524288,8192,layered,3072/3072/3072,graph,99,92.3077,14.8076,92.3558,92.3077,
100,32,524288,8192,layered,3072/3072/3072,graph,100,76.0522,15.5995,76.1039,76.0522,
100,32,524288,8192,layered,3072/3072/3072,graph,101,91.8291,14.5330,91.8772,91.8291,
100,32,524288,8192,layered,3072/3072/3072,graph,102,76.2016,15.8741,76.2492,76.2016,
100,32,524288,8192,layered,3072/3072/3072,graph,103,76.4503,16.1487,76.4957,76.4503,
100,32,524288,8192,layered,3072/3072/3072,graph,104,91.8809,14.2584,91.9289,91.8809,
100,32,524288,8192,layered,3072/3072/3072,graph,105,96.8930,14.2584,96.9490,96.8930,
100,32,524288,8192,layered,3072/3072/3072,graph,106,95.6904,14.5330,95.7368,95.6904,
100,32,524288,8192,layered,3072/3072/3072,graph,107,93.4085,15.0822,93.4542,93.4085,
100,32,524288,8192,layered,3072/3072/3072,graph,108,74.8617,15.3249,74.9068,74.8617,
100,32,524288,8192,layered,3072/3072/3072,graph,109,91.6276,14.5330,91.6870,91.6276,
100,32,524288,8192,layered,3072/3072/3072,graph,110,75.5235,15.8741,75.5726,75.5235,
100,32,524288,8192,layered,3072/3072/3072,graph,111,74.2197,15.8741,74.2675,74.2197,
100,32,524288,8192,layered,3072/3072/3072,graph,112,93.6719,14.5330,93.7190,93.6719,
100,32,524288,8192,layered,3072/3072/3072,graph,113,93.7617,14.2584,93.8081,93.7617,
100,32,524288,8192,layered,3072/3072/3072,graph,114,93.4375,14.5330,93.4907,93.4375,
100,32,524288,8192,layered,3072/3072/3072,graph,115,95.2907,14.8076,95.3451,95.2907,
100,32,524288,8192,layered,3072/3072/3072,graph,116,74.3931,15.5995,74.4458,74.3931,
100,32,524288,8192,layered,3072/3072/3072,graph,117,91.2589,14.5330,91.3070,91.2589,
100,32,524288,8192,layered,3072/3072/3072,graph,118,74.3841,15.8741,74.4352,74.3841,
100,32,524288,8192,layered,3072/3072/3072,graph,119,73.6909,15.8741,73.7380,73.6909,
100,32,524288,8192,layered,3072/3072/3072,graph,120,94.4447,14.8076,94.4912,94.4447,
100,32,524288,8192,layered,3072/3072/3072,graph,121,92.2580,14.5330,92.3156,92.2580,
100,32,524288,8192,layered,3072/3072/3072,graph,122,92.6528,14.2584,92.6988,92.6528,
100,32,524288,8192,layered,3072/3072/3072,graph,123,93.1294,15.0822,93.1783,93.1294,
100,32,524288,8192,layered,3072/3072/3072,graph,124,76.8223,14.7758,76.8704,76.8223,
100,32,524288,8192,layered,3072/3072/3072,graph,125,94.6906,14.8076,94.7404,94.6906,
100,32,524288,8192,layered,3072/3072/3072,graph,126,73.3124,15.0503,73.3620,73.3124,
100,32,524288,8192,layered,3072/3072/3072,graph,127,75.7882,16.1487,75.8475,75.7882,
100,32,524288,8192,layered,3072/3072/3072,graph,128,73.3304,15.0503,73.3813,73.3304,
100,32,524288,8192,layered,3072/3072/3072,graph,129,93.2496,15.0822,93.3049,93.2496,
100,32,524288,8192,layered,3072/3072/3072,graph,130,93.3729,14.2584,93.4220,93.3729,
100,32,524288,8192,layered,3072/3072/3072,graph,131,93.2443,14.5330,93.3077,93.2443,
100,32,524288,8192,layered,3072/3072/3072,graph,132,95.7645,14.5330,95.8180,95.7645,
100,32,524288,8192,layered,3072/3072/3072,graph,133,92.3098,14.5330,92.3741,92.3098,
100,32,524288,8192,layered,3072/3072/3072,graph,134,72.2470,15.3249,72.2959,72.2470,
100,32,524288,8192,layered,3072/3072/3072,graph,135,93.0423,15.3568,93.0901,93.0423,
100,32,524288,8192,layered,3072/3072/3072,graph,136,72.4702,14.5012,72.5267,72.4702,
100,32,524288,8192,layered,3072/3072/3072,graph,137,73.6418,16.1487,73.6932,73.6418,
100,32,524288,8192,layered,3072/3072/3072,graph,138,95.3772,13.9838,95.4239,95.3772,
100,32,524288,8192,layered,3072/3072/3072,graph,139,94.8299,15.0822,94.8853,94.8299,
100,32,524288,8192,layered,3072/3072/3072,graph,140,72.4286,14.7758,72.4752,72.4286,
100,32,524288,8192,layered,3072/3072/3072,graph,141,94.3351,14.8076,94.3820,94.3351,
100,32,524288,8192,layered,3072/3072/3072,graph,142,73.3215,15.3249,73.3689,73.3215,
100,32,524288,8192,layered,3072/3072/3072,graph,143,93.6385,14.2584,93.6841,93.6385,
100,32,524288,8192,layered,3072/3072/3072,graph,144,93.1203,14.5330,93.1655,93.1203,
100,32,524288,8192,layered,3072/3072/3072,graph,145,71.5309,15.5995,71.5820,71.5309,
100,32,524288,8192,layered,3072/3072/3072,graph,146,92.9238,14.5330,92.9731,92.9238,
100,32,524288,8192,layered,3072/3072/3072,graph,147,92.7617,14.2584,92.8158,92.7617,
100,32,524288,8192,layered,3072/3072/3072,graph,148,72.0268,15.5995,72.0782,72.0268,
100,32,524288,8192,layered,3072/3072/3072,graph,149,74.1089,15.3249,74.1677,74.1089,
100,32,524288,8192,layered,3072/3072/3072,graph,150,93.3929,15.0822,93.4451,93.3929,
100,32,524288,8192,layered,3072/3072/3072,graph,151,94.5782,13.9838,94.6284,94.5782,
100,32,524288,8192,layered,3072/3072/3072,graph,152,91.9275,14.8076,91.9755,91.9275,
100,32,524288,8192,layered,3072/3072/3072,graph,153,73.7459,15.5995,73.7948,73.7459,
100,32,524288,8192,layered,3072/3072/3072,graph,154,93.8001,14.5330,93.8528,93.8001,
100,32,524288,8192,layered,3072/3072/3072,graph,155,92.3419,14.5330,92.3930,92.3419,
100,32,524288,8192,layered,3072/3072/3072,graph,156,92.8088,14.5330,92.8610,92.8088,
100,32,524288,8192,layered,3072/3072/3072,graph,157,72.8102,15.8741,72.8602,72.8102,
100,32,524288,8192,layered,3072/3072/3072,graph,158,74.9424,15.5995,74.9993,74.9424,
100,32,524288,8192,layered,3072/3072/3072,graph,159,97.5452,14.5330,97.5989,97.5452,
100,32,524288,8192,layered,3072/3072/3072,graph,160,93.4931,14.5330,93.5441,93.4931,
100,32,524288,8192,layered,3072/3072/3072,graph,161,72.2885,15.5995,72.3401,72.2885,
100,32,524288,8192,layered,3072/3072/3072,graph,162,76.1110,15.5995,76.1654,76.1110,
100,32,524288,8192,layered,3072/3072/3072,graph,163,93.3445,14.8076,93.3936,93.3445,
100,32,524288,8192,layered,3072/3072/3072,graph,164,95.3869,14.5330,95.4322,95.3869,
100,32,524288,8192,layered,3072/3072/3072,graph,165,73.7572,15.3249,73.8066,73.7572,
100,32,524288,8192,layered,3072/3072/3072,graph,166,93.4707,14.5330,93.5185,93.4707,
100,32,524288,8192,layered,3072/3072/3072,graph,167,95.4379,14.8076,95.4966,95.4379,
100,32,524288,8192,layered,3072/3072/3072,graph,168,93.8514,14.5330,93.9036,93.8514,
100,32,524288,8192,layered,3072/3072/3072,graph,169,72.1466,14.7758,72.1968,72.1466,
100,32,524288,8192,layered,3072/3072/3072,graph,170,72.5178,15.8741,72.5704,72.5178,
100,32,524288,8192,layered,3072/3072/3072,graph,171,93.0103,14.5330,93.0690,93.0103,
100,32,524288,8192,layered,3072/3072/3072,graph,172,94.7691,14.8076,94.8213,94.7691,
100,32,524288,8192,layered,3072/3072/3072,graph,173,73.5825,15.3249,73.6321,73.5825,
100,32,524288,8192,layered,3072/3072/3072,graph,174,94.3204,15.0822,94.3688,94.3204,
100,32,524288,8192,layered,3072/3072/3072,graph,175,91.4953,14.5330,91.5449,91.4953,
100,32,524288,8192,layered,3072/3072/3072,graph,176,93.2773,14.8076,93.3277,93.2773,
100,32,524288,8192,layered,3072/3072/3072,graph,177,95.6699,14.2584,95.7327,95.6699,
100,32,524288,8192,layered,3072/3072/3072,graph,178,73.9431,15.5995,73.9909,73.9431,
100,32,524288,8192,layered,3072/3072/3072,graph,179,73.6380,15.3249,73.6874,73.6380,
100,32,524288,8192,layered,3072/3072/3072,graph,180,92.5822,15.3568,92.6297,92.5822,
100,32,524288,8192,layered,3072/3072/3072,graph,181,75.1525,15.3249,75.2072,75.1525,
100,32,524288,8192,layered,3072/3072/3072,graph,182,97.2224,15.3568,97.2788,97.2224,
100,32,524288,8192,layered,3072/3072/3072,graph,183,93.3816,13.9838,93.4289,93.3816,
100,32,524288,8192,layered,3072/3072/3072,graph,184,93.1920,14.8076,93.2412,93.1920,
100,32,524288,8192,layered,3072/3072/3072,graph,185,95.4627,14.2584,95.5125,95.4627,
100,32,524288,8192,layered,3072/3072/3072,graph,186,93.6803,14.8076,93.7396,93.6803,
100,32,524288,8192,layered,3072/3072/3072,graph,187,73.2978,15.0503,73.3504,73.2978,
100,32,524288,8192,layered,3072/3072/3072,graph,188,75.8373,15.8741,75.8921,75.8373,
100,32,524288,8192,layered,3072/3072/3072,graph,189,75.2941,15.5995,75.3494,75.2941,
100,32,524288,8192,layered,3072/3072/3072,graph,190,94.2287,14.8076,94.2811,94.2287,
100,32,524288,8192,layered,3072/3072/3072,graph,191,94.0090,13.9838,94.0611,94.0090,
100,32,524288,8192,layered,3072/3072/3072,graph,192,73.7176,15.8741,73.7675,73.7176,
100,32,524288,8192,layered,3072/3072/3072,graph,193,92.5821,14.2584,92.6353,92.5821,
100,32,524288,8192,layered,3072/3072/3072,graph,194,95.1468,14.8076,95.2082,95.1468,
100,32,524288,8192,layered,3072/3072/3072,graph,195,74.0071,15.5995,74.0601,74.0071,
100,32,524288,8192,layered,3072/3072/3072,graph,196,94.1906,15.0822,94.2387,94.1906,
100,32,524288,8192,layered,3072/3072/3072,graph,197,73.8798,15.3249,73.9271,73.8798,
100,32,524288,8192,layered,3072/3072/3072,graph,198,96.8735,14.8076,96.9240,96.8735,
100,32,524288,8192,layered,3072/3072/3072,graph,199,92.6924,13.9838,92.7431,92.6924,
100,32,524288,8192,hyprefill,6144/3072/3072,graph,0,90.7987,15.8741,90.8494,90.7987,
100,32,524288,8192,hyprefill,6144/3072/3072,graph,1,86.8536,15.8741,86.9069,86.8536,
100,32,524288,8192,hyprefill,6144/3072/3072,graph,2,86.6656,15.8741,86.7122,86.6656,
100,32,524288,8192,hyprefill,6144/3072/3072,graph,3,90.9595,15.8741,91.0090,90.9595,
100,32,524288,8192,hyprefill,6144/3072/3072,graph,4,87.3442,15.8741,87.3958,87.3442,
100,32,524288,8192,hyprefill,6144/3072/3072,graph,5,90.0180,15.8741,90.0751,90.0180,
100,32,524288,8192,hyprefill,6144/3072/3072,graph,6,90.0466,15.8741,90.0974,90.0466,
100,32,524288,8192,hyprefill,6144/3072/3072,graph,7,90.8061,15.8741,90.8560,90.8061,
100,32,524288,8192,hyprefill,6144/3072/3072,graph,8,87.8027,15.8741,87.8578,87.8027,
100,32,524288,8192,hyprefill,6144/3072/3072,graph,9,90.3501,15.8741,90.4123,90.3501,
100,32,524288,8192,hyprefill,6144/3072/3072,graph,10,90.1513,15.8741,90.2044,90.1513,
100,32,524288,8192,hyprefill,6144/3072/3072,graph,11,87.3953,15.8741,87.4437,87.3953,
100,32,524288,8192,hyprefill,6144/3072/3072,graph,12,87.4600,15.8741,87.5085,87.4600,
100,32,524288,8192,hyprefill,6144/3072/3072,graph,13,90.0806,15.8741,90.1332,90.0806,
100,32,524288,8192,hyprefill,6144/3072/3072,graph,14,86.0684,15.8741,86.1302,86.0684,
100,32,524288,8192,hyprefill,6144/3072/3072,graph,15,90.7885,15.8741,90.8533,90.7885,
100,32,524288,8192,hyprefill,6144/3072/3072,graph,16,87.3573,15.8741,87.4032,87.3573,
100,32,524288,8192,hyprefill,6144/3072/3072,graph,17,91.4588,15.8741,91.5048,91.4588,
100,32,524288,8192,hyprefill,6144/3072/3072,graph,18,86.8966,15.8741,86.9421,86.8966,
100,32,524288,8192,hyprefill,6144/3072/3072,graph,19,90.2377,15.8741,90.2877,90.2377,
100,32,524288,8192,hyprefill,6144/3072/3072,graph,20,90.4339,15.8741,90.4859,90.4339,
100,32,524288,8192,hyprefill,6144/3072/3072,graph,21,87.1260,15.8741,87.1750,87.1260,
100,32,524288,8192,hyprefill,6144/3072/3072,graph,22,88.9773,15.8741,89.0238,88.9773,
100,32,524288,8192,hyprefill,6144/3072/3072,graph,23,89.9123,15.8741,89.9583,89.9123,
100,32,524288,8192,hyprefill,6144/3072/3072,graph,24,90.0859,15.8741,90.1297,90.0859,
100,32,524288,8192,hyprefill,6144/3072/3072,graph,25,86.4612,15.8741,86.5061,86.4612,
100,32,524288,8192,hyprefill,6144/3072/3072,graph,26,91.3329,15.8741,91.3869,91.3329,
100,32,524288,8192,hyprefill,6144/3072/3072,graph,27,89.7097,15.8741,89.7589,89.7097,
100,32,524288,8192,hyprefill,6144/3072/3072,graph,28,87.9959,15.8741,88.0435,87.9959,
100,32,524288,8192,hyprefill,6144/3072/3072,graph,29,89.9418,15.8741,89.9932,89.9418,
100,32,524288,8192,hyprefill,6144/3072/3072,graph,30,87.7571,15.8741,87.8097,87.7571,
100,32,524288,8192,hyprefill,6144/3072/3072,graph,31,88.8036,15.8741,88.8522,88.8036,
100,32,524288,8192,hyprefill,6144/3072/3072,graph,32,86.5252,15.8741,86.5801,86.5252,
100,32,524288,8192,hyprefill,6144/3072/3072,graph,33,89.7846,15.8741,89.8347,89.7846,
100,32,524288,8192,hyprefill,6144/3072/3072,graph,34,88.0840,15.8741,88.1369,88.0840,
100,32,524288,8192,hyprefill,6144/3072/3072,graph,35,87.1933,15.8741,87.2450,87.1933,
100,32,524288,8192,hyprefill,6144/3072/3072,graph,36,90.3621,15.8741,90.4079,90.3621,
100,32,524288,8192,hyprefill,6144/3072/3072,graph,37,88.0376,15.8741,88.0894,88.0376,
100,32,524288,8192,hyprefill,6144/3072/3072,graph,38,88.0983,15.8741,88.1463,88.0983,
100,32,524288,8192,hyprefill,6144/3072/3072,graph,39,88.8420,15.8741,88.8979,88.8420,
100,32,524288,8192,hyprefill,6144/3072/3072,graph,40,87.9136,15.8741,87.9657,87.9136,
100,32,524288,8192,hyprefill,6144/3072/3072,graph,41,90.6632,15.8741,90.7125,90.6632,
100,32,524288,8192,hyprefill,6144/3072/3072,graph,42,87.1069,15.8741,87.1596,87.1069,
100,32,524288,8192,hyprefill,6144/3072/3072,graph,43,87.3988,15.8741,87.4519,87.3988,
100,32,524288,8192,hyprefill,6144/3072/3072,graph,44,90.6982,15.8741,90.7458,90.6982,
100,32,524288,8192,hyprefill,6144/3072/3072,graph,45,87.1353,15.8741,87.1905,87.1353,
100,32,524288,8192,hyprefill,6144/3072/3072,graph,46,87.5777,15.8741,87.6339,87.5777,
100,32,524288,8192,hyprefill,6144/3072/3072,graph,47,86.9875,15.8741,87.0370,86.9875,
100,32,524288,8192,hyprefill,6144/3072/3072,graph,48,87.9839,15.5995,88.0314,87.9839,
100,32,524288,8192,hyprefill,6144/3072/3072,graph,49,88.2422,15.5995,88.2926,88.2422,
100,32,524288,8192,hyprefill,6144/3072/3072,graph,50,85.9672,15.3249,86.0322,85.9672,
100,32,524288,8192,hyprefill,6144/3072/3072,graph,51,84.8839,15.3249,84.9388,84.8839,
100,32,524288,8192,hyprefill,6144/3072/3072,graph,52,85.2190,15.0503,85.2697,85.2190,
100,32,524288,8192,hyprefill,6144/3072/3072,graph,53,86.7732,15.0503,86.8255,86.7732,
100,32,524288,8192,hyprefill,6144/3072/3072,graph,54,84.4837,15.0503,84.5417,84.4837,
100,32,524288,8192,hyprefill,6144/3072/3072,graph,55,88.1446,15.0503,88.1962,88.1446,
100,32,524288,8192,hyprefill,6144/3072/3072,graph,56,83.9994,15.0503,84.0472,83.9994,
100,32,524288,8192,hyprefill,6144/3072/3072,graph,57,84.0918,15.0503,84.1392,84.0918,
100,32,524288,8192,hyprefill,6144/3072/3072,graph,58,84.9658,15.0503,85.0191,84.9658,
100,32,524288,8192,hyprefill,6144/3072/3072,graph,59,88.8303,15.0503,88.8953,88.8303,
100,32,524288,8192,hyprefill,6144/3072/3072,graph,60,84.2383,15.0503,84.2925,84.2383,
100,32,524288,8192,hyprefill,6144/3072/3072,graph,61,89.8068,15.0503,89.8662,89.8068,
100,32,524288,8192,hyprefill,6144/3072/3072,graph,62,86.0167,15.0503,86.0667,86.0167,
100,32,524288,8192,hyprefill,6144/3072/3072,graph,63,88.9959,15.0503,89.0497,88.9959,
100,32,524288,8192,hyprefill,6144/3072/3072,graph,64,84.6144,15.0503,84.6633,84.6144,
100,32,524288,8192,hyprefill,6144/3072/3072,graph,65,89.4704,15.0503,89.5405,89.4704,
100,32,524288,8192,hyprefill,6144/3072/3072,graph,66,86.6472,15.3249,86.6913,86.6472,
100,32,524288,8192,hyprefill,6144/3072/3072,graph,67,85.7110,15.3249,85.7707,85.7110,
100,32,524288,8192,hyprefill,6144/3072/3072,graph,68,89.8958,15.5995,89.9485,89.8958,
100,32,524288,8192,hyprefill,6144/3072/3072,graph,69,87.8750,15.5995,87.9412,87.8750,
100,32,524288,8192,hyprefill,6144/3072/3072,graph,70,89.2577,15.8741,89.3052,89.2577,
100,32,524288,8192,hyprefill,6144/3072/3072,graph,71,89.8681,15.8741,89.9197,89.8681,
100,32,524288,8192,hyprefill,6144/3072/3072,graph,72,91.6686,15.8741,91.7189,91.6686,
100,32,524288,8192,hyprefill,6144/3072/3072,graph,73,88.4057,15.8741,88.4540,88.4057,
100,32,524288,8192,hyprefill,6144/3072/3072,graph,74,91.2716,15.8741,91.3246,91.2716,
100,32,524288,8192,hyprefill,6144/3072/3072,graph,75,91.9621,15.8741,92.0101,91.9621,
100,32,524288,8192,hyprefill,6144/3072/3072,graph,76,90.5652,15.8741,90.6139,90.5652,
100,32,524288,8192,hyprefill,6144/3072/3072,graph,77,88.1165,15.8741,88.1666,88.1165,
100,32,524288,8192,hyprefill,6144/3072/3072,graph,78,89.9480,15.8741,89.9951,89.9480,
100,32,524288,8192,hyprefill,6144/3072/3072,graph,79,92.0573,15.8741,92.1043,92.0573,
100,32,524288,8192,hyprefill,6144/3072/3072,graph,80,86.3912,15.8741,86.4517,86.3912,
100,32,524288,8192,hyprefill,6144/3072/3072,graph,81,90.0022,15.8741,90.0508,90.0022,
100,32,524288,8192,hyprefill,6144/3072/3072,graph,82,89.5499,15.8741,89.5976,89.5499,
100,32,524288,8192,hyprefill,6144/3072/3072,graph,83,91.6185,15.8741,91.6650,91.6185,
100,32,524288,8192,hyprefill,6144/3072/3072,graph,84,89.4380,15.8741,89.5062,89.4380,
100,32,524288,8192,hyprefill,6144/3072/3072,graph,85,90.2001,15.8741,90.2576,90.2001,
100,32,524288,8192,hyprefill,6144/3072/3072,graph,86,88.6870,15.8741,88.7420,88.6870,
100,32,524288,8192,hyprefill,6144/3072/3072,graph,87,89.5635,15.8741,89.6127,89.5635,
100,32,524288,8192,hyprefill,6144/3072/3072,graph,88,92.2727,15.8741,92.3204,92.2727,
100,32,524288,8192,hyprefill,6144/3072/3072,graph,89,86.4395,15.8741,86.4870,86.4395,
100,32,524288,8192,hyprefill,6144/3072/3072,graph,90,88.9181,15.8741,88.9655,88.9181,
100,32,524288,8192,hyprefill,6144/3072/3072,graph,91,87.5921,15.8741,87.6530,87.5921,
100,32,524288,8192,hyprefill,6144/3072/3072,graph,92,92.1732,15.8741,92.2241,92.1732,
100,32,524288,8192,hyprefill,6144/3072/3072,graph,93,87.2064,15.8741,87.2536,87.2064,
100,32,524288,8192,hyprefill,6144/3072/3072,graph,94,89.8325,15.8741,89.8783,89.8325,
100,32,524288,8192,hyprefill,6144/3072/3072,graph,95,91.3034,15.8741,91.3500,91.3034,
100,32,524288,8192,hyprefill,6144/3072/3072,graph,96,91.3280,15.8741,91.3785,91.3280,
100,32,524288,8192,hyprefill,6144/3072/3072,graph,97,90.6393,15.8741,90.6926,90.6393,
100,32,524288,8192,hyprefill,6144/3072/3072,graph,98,87.8331,15.8741,87.8810,87.8331,
100,32,524288,8192,hyprefill,6144/3072/3072,graph,99,89.7778,15.8741,89.8265,89.7778,
100,32,524288,8192,hyprefill,6144/3072/3072,graph,100,87.0664,15.8741,87.1276,87.0664,
100,32,524288,8192,hyprefill,6144/3072/3072,graph,101,91.3872,15.8741,91.4393,91.3872,
100,32,524288,8192,hyprefill,6144/3072/3072,graph,102,91.0519,15.8741,91.0998,91.0519,
100,32,524288,8192,hyprefill,6144/3072/3072,graph,103,91.8276,15.8741,91.8770,91.8276,
100,32,524288,8192,hyprefill,6144/3072/3072,graph,104,87.2090,15.8741,87.2644,87.2090,
100,32,524288,8192,hyprefill,6144/3072/3072,graph,105,87.3191,15.8741,87.3864,87.3191,
100,32,524288,8192,hyprefill,6144/3072/3072,graph,106,91.6025,15.8741,91.6614,91.6025,
100,32,524288,8192,hyprefill,6144/3072/3072,graph,107,92.4156,15.8741,92.4695,92.4156,
100,32,524288,8192,hyprefill,6144/3072/3072,graph,108,90.4008,15.8741,90.4535,90.4008,
100,32,524288,8192,hyprefill,6144/3072/3072,graph,109,86.2164,15.8741,86.2641,86.2164,
100,32,524288,8192,hyprefill,6144/3072/3072,graph,110,90.3943,15.8741,90.4494,90.3943,
100,32,524288,8192,hyprefill,6144/3072/3072,graph,111,86.4981,15.8741,86.5470,86.4981,
100,32,524288,8192,hyprefill,6144/3072/3072,graph,112,86.9891,15.8741,87.0496,86.9891,
100,32,524288,8192,hyprefill,6144/3072/3072,graph,113,89.7155,15.8741,89.7706,89.7155,
100,32,524288,8192,hyprefill,6144/3072/3072,graph,114,88.7593,15.8741,88.8135,88.7593,
100,32,524288,8192,hyprefill,6144/3072/3072,graph,115,91.2521,15.8741,91.3007,91.2521,
100,32,524288,8192,hyprefill,6144/3072/3072,graph,116,88.6414,15.8741,88.6958,88.6414,
100,32,524288,8192,hyprefill,6144/3072/3072,graph,117,86.9327,15.8741,86.9805,86.9327,
100,32,524288,8192,hyprefill,6144/3072/3072,graph,118,90.1115,15.8741,90.1568,90.1115,
100,32,524288,8192,hyprefill,6144/3072/3072,graph,119,89.8049,15.8741,89.8563,89.8049,
100,32,524288,8192,hyprefill,6144/3072/3072,graph,120,90.0118,15.8741,90.0722,90.0118,
100,32,524288,8192,hyprefill,6144/3072/3072,graph,121,87.9861,15.8741,88.0466,87.9861,
100,32,524288,8192,hyprefill,6144/3072/3072,graph,122,86.4228,15.8741,86.4755,86.4228,
100,32,524288,8192,hyprefill,6144/3072/3072,graph,123,88.0013,15.8741,88.0513,88.0013,
100,32,524288,8192,hyprefill,6144/3072/3072,graph,124,87.7730,15.8741,87.8198,87.7730,
100,32,524288,8192,hyprefill,6144/3072/3072,graph,125,91.8367,15.8741,91.8869,91.8367,
100,32,524288,8192,hyprefill,6144/3072/3072,graph,126,89.4001,15.8741,89.4485,89.4001,
100,32,524288,8192,hyprefill,6144/3072/3072,graph,127,88.6676,15.8741,88.7159,88.6676,
100,32,524288,8192,hyprefill,6144/3072/3072,graph,128,89.6850,15.8741,89.7386,89.6850,
100,32,524288,8192,hyprefill,6144/3072/3072,graph,129,88.0114,15.8741,88.0666,88.0114,
100,32,524288,8192,hyprefill,6144/3072/3072,graph,130,90.8623,15.8741,90.9120,90.8623,
100,32,524288,8192,hyprefill,6144/3072/3072,graph,131,88.1040,15.8741,88.1540,88.1040,
100,32,524288,8192,hyprefill,6144/3072/3072,graph,132,91.2423,15.8741,91.2930,91.2423,
100,32,524288,8192,hyprefill,6144/3072/3072,graph,133,88.2038,15.8741,88.2537,88.2038,
100,32,524288,8192,hyprefill,6144/3072/3072,graph,134,90.7948,15.8741,90.8421,90.7948,
100,32,524288,8192,hyprefill,6144/3072/3072,graph,135,88.8316,15.8741,88.8910,88.8316,
100,32,524288,8192,hyprefill,6144/3072/3072,graph,136,87.3347,15.8741,87.3904,87.3347,
100,32,524288,8192,hyprefill,6144/3072/3072,graph,137,87.1096,15.8741,87.1654,87.1096,
100,32,524288,8192,hyprefill,6144/3072/3072,graph,138,88.9328,15.8741,88.9980,88.9328,
100,32,524288,8192,hyprefill,6144/3072/3072,graph,139,87.1104,15.8741,87.1677,87.1104,
100,32,524288,8192,hyprefill,6144/3072/3072,graph,140,88.9046,15.8741,88.9555,88.9046,
100,32,524288,8192,hyprefill,6144/3072/3072,graph,141,89.8699,15.8741,89.9169,89.8699,
100,32,524288,8192,hyprefill,6144/3072/3072,graph,142,86.7414,15.8741,86.7944,86.7414,
100,32,524288,8192,hyprefill,6144/3072/3072,graph,143,90.4767,15.8741,90.5263,90.4767,
100,32,524288,8192,hyprefill,6144/3072/3072,graph,144,89.2564,15.8741,89.3108,89.2564,
100,32,524288,8192,hyprefill,6144/3072/3072,graph,145,88.5576,15.8741,88.6058,88.5576,
100,32,524288,8192,hyprefill,6144/3072/3072,graph,146,88.1847,15.8741,88.2351,88.1847,
100,32,524288,8192,hyprefill,6144/3072/3072,graph,147,88.8903,15.8741,88.9359,88.8903,
100,32,524288,8192,hyprefill,6144/3072/3072,graph,148,86.6994,15.8741,86.7504,86.6994,
100,32,524288,8192,hyprefill,6144/3072/3072,graph,149,89.1212,15.8741,89.1691,89.1212,
100,32,524288,8192,hyprefill,6144/3072/3072,graph,150,87.2988,15.8741,87.3447,87.2988,
100,32,524288,8192,hyprefill,6144/3072/3072,graph,151,89.2123,15.8741,89.2642,89.2123,
100,32,524288,8192,hyprefill,6144/3072/3072,graph,152,89.9250,15.8741,89.9740,89.9250,
100,32,524288,8192,hyprefill,6144/3072/3072,graph,153,87.8939,15.8741,87.9502,87.8939,
100,32,524288,8192,hyprefill,6144/3072/3072,graph,154,87.4258,15.8741,87.4745,87.4258,
100,32,524288,8192,hyprefill,6144/3072/3072,graph,155,87.0758,15.8741,87.1250,87.0758,
100,32,524288,8192,hyprefill,6144/3072/3072,graph,156,87.2776,15.5995,87.3253,87.2776,
100,32,524288,8192,hyprefill,6144/3072/3072,graph,157,87.9749,15.5995,88.0241,87.9749,
100,32,524288,8192,hyprefill,6144/3072/3072,graph,158,85.1195,15.3249,85.1706,85.1195,
100,32,524288,8192,hyprefill,6144/3072/3072,graph,159,86.8111,15.3249,86.8589,86.8111,
100,32,524288,8192,hyprefill,6144/3072/3072,graph,160,84.9105,15.0503,84.9658,84.9105,
100,32,524288,8192,hyprefill,6144/3072/3072,graph,161,86.0932,15.0503,86.1418,86.0932,
100,32,524288,8192,hyprefill,6144/3072/3072,graph,162,84.9424,15.0503,84.9892,84.9424,
100,32,524288,8192,hyprefill,6144/3072/3072,graph,163,87.8472,15.0503,87.8923,87.8472,
100,32,524288,8192,hyprefill,6144/3072/3072,graph,164,85.3031,15.0503,85.3528,85.3031,
100,32,524288,8192,hyprefill,6144/3072/3072,graph,165,89.6926,15.0503,89.7443,89.6926,
100,32,524288,8192,hyprefill,6144/3072/3072,graph,166,83.9571,15.0503,84.0130,83.9571,
100,32,524288,8192,hyprefill,6144/3072/3072,graph,167,85.3669,15.0503,85.4179,85.3669,
100,32,524288,8192,hyprefill,6144/3072/3072,graph,168,84.9142,15.0503,84.9613,84.9142,
100,32,524288,8192,hyprefill,6144/3072/3072,graph,169,86.7322,15.0503,86.7779,86.7322,
100,32,524288,8192,hyprefill,6144/3072/3072,graph,170,85.8947,15.0503,85.9456,85.8947,
100,32,524288,8192,hyprefill,6144/3072/3072,graph,171,89.3479,15.0503,89.3970,89.3479,
100,32,524288,8192,hyprefill,6144/3072/3072,graph,172,85.0595,15.0503,85.1150,85.0595,
100,32,524288,8192,hyprefill,6144/3072/3072,graph,173,87.7793,15.0503,87.8338,87.7793,
100,32,524288,8192,hyprefill,6144/3072/3072,graph,174,88.5169,15.3249,88.5749,88.5169,
100,32,524288,8192,hyprefill,6144/3072/3072,graph,175,88.5739,15.3249,88.6229,88.5739,
100,32,524288,8192,hyprefill,6144/3072/3072,graph,176,89.9932,15.5995,90.0480,89.9932,
100,32,524288,8192,hyprefill,6144/3072/3072,graph,177,86.2261,15.5995,86.2829,86.2261,
100,32,524288,8192,hyprefill,6144/3072/3072,graph,178,92.1707,15.8741,92.2181,92.1707,
100,32,524288,8192,hyprefill,6144/3072/3072,graph,179,91.1778,15.8741,91.2251,91.1778,
100,32,524288,8192,hyprefill,6144/3072/3072,graph,180,87.9597,15.8741,88.0056,87.9597,
100,32,524288,8192,hyprefill,6144/3072/3072,graph,181,91.9975,15.8741,92.0588,91.9975,
100,32,524288,8192,hyprefill,6144/3072/3072,graph,182,91.3500,15.8741,91.3993,91.3500,
100,32,524288,8192,hyprefill,6144/3072/3072,graph,183,92.8937,15.8741,92.9391,92.8937,
100,32,524288,8192,hyprefill,6144/3072/3072,graph,184,92.5620,15.8741,92.6120,92.5620,
100,32,524288,8192,hyprefill,6144/3072/3072,graph,185,92.8936,15.8741,92.9418,92.8936,
100,32,524288,8192,hyprefill,6144/3072/3072,graph,186,92.5857,15.8741,92.6491,92.5857,
100,32,524288,8192,hyprefill,6144/3072/3072,graph,187,92.4298,15.8741,92.4807,92.4298,
100,32,524288,8192,hyprefill,6144/3072/3072,graph,188,92.4875,15.8741,92.5356,92.4875,
100,32,524288,8192,hyprefill,6144/3072/3072,graph,189,92.5450,15.8741,92.5991,92.5450,
100,32,524288,8192,hyprefill,6144/3072/3072,graph,190,86.5275,15.8741,86.5846,86.5275,
100,32,524288,8192,hyprefill,6144/3072/3072,graph,191,91.4449,15.8741,91.4965,91.4449,
100,32,524288,8192,hyprefill,6144/3072/3072,graph,192,87.8980,15.8741,87.9441,87.8980,
100,32,524288,8192,hyprefill,6144/3072/3072,graph,193,89.2483,15.8741,89.2973,89.2483,
100,32,524288,8192,hyprefill,6144/3072/3072,graph,194,92.3155,15.8741,92.3652,92.3155,
100,32,524288,8192,hyprefill,6144/3072/3072,graph,195,90.3053,15.8741,90.3681,90.3053,
100,32,524288,8192,hyprefill,6144/3072/3072,graph,196,89.4513,15.8741,89.5009,89.4513,
100,32,524288,8192,hyprefill,6144/3072/3072,graph,197,89.6088,15.8741,89.6639,89.6088,
100,32,524288,8192,hyprefill,6144/3072/3072,graph,198,89.8661,15.8741,89.9180,89.8661,
100,32,524288,8192,hyprefill,6144/3072/3072,graph,199,91.5683,15.8741,91.6257,91.5683,
100,32,524288,8192,hyprefill,6144/8192/8192,graph,0,87.7706,14.7758,87.8234,87.7706,
100,32,524288,8192,hyprefill,6144/8192/8192,graph,1,88.1874,14.7758,88.2377,88.1874,
100,32,524288,8192,hyprefill,6144/8192/8192,graph,2,93.1710,14.5012,93.2266,93.1710,
100,32,524288,8192,hyprefill,6144/8192/8192,graph,3,91.6906,15.0503,91.7389,91.6906,
100,32,524288,8192,hyprefill,6144/8192/8192,graph,4,93.8486,14.5012,93.8950,93.8486,
100,32,524288,8192,hyprefill,6144/8192/8192,graph,5,89.1550,14.7758,89.2020,89.1550,
100,32,524288,8192,hyprefill,6144/8192/8192,graph,6,90.4127,14.7758,90.4674,90.4127,
100,32,524288,8192,hyprefill,6144/8192/8192,graph,7,89.7235,14.5012,89.7831,89.7235,
100,32,524288,8192,hyprefill,6144/8192/8192,graph,8,90.9420,15.0503,90.9929,90.9420,
100,32,524288,8192,hyprefill,6144/8192/8192,graph,9,92.7030,14.7758,92.7545,92.7030,
100,32,524288,8192,hyprefill,6144/8192/8192,graph,10,91.8592,14.7758,91.9124,91.8592,
100,32,524288,8192,hyprefill,6144/8192/8192,graph,11,92.6885,14.5012,92.7367,92.6885,
100,32,524288,8192,hyprefill,6144/8192/8192,graph,12,89.2924,14.7758,89.3516,89.2924,
100,32,524288,8192,hyprefill,6144/8192/8192,graph,13,94.2165,14.5012,94.2683,94.2165,
100,32,524288,8192,hyprefill,6144/8192/8192,graph,14,92.9220,14.7758,92.9765,92.9220,
100,32,524288,8192,hyprefill,6144/8192/8192,graph,15,89.7007,14.7758,89.7505,89.7007,
100,32,524288,8192,hyprefill,6144/8192/8192,graph,16,88.2435,14.5012,88.2961,88.2435,
100,32,524288,8192,hyprefill,6144/8192/8192,graph,17,88.2040,14.7758,88.2550,88.2040,
100,32,524288,8192,hyprefill,6144/8192/8192,graph,18,87.0933,14.2266,87.1459,87.0933,
100,32,524288,8192,hyprefill,6144/8192/8192,graph,19,88.2094,14.5012,88.2642,88.2094,
100,32,524288,8192,hyprefill,6144/8192/8192,graph,20,90.4009,14.2266,90.4507,90.4009,
100,32,524288,8192,hyprefill,6144/8192/8192,graph,21,89.3481,14.5012,89.4051,89.3481,
100,32,524288,8192,hyprefill,6144/8192/8192,graph,22,86.5526,14.5012,86.6027,86.5526,
100,32,524288,8192,hyprefill,6144/8192/8192,graph,23,93.5350,14.7758,93.5878,93.5350,
100,32,524288,8192,hyprefill,6144/8192/8192,graph,24,90.7777,14.7758,90.8355,90.7777,
100,32,524288,8192,hyprefill,6144/8192/8192,graph,25,94.7657,15.0503,94.8140,94.7657,
100,32,524288,8192,hyprefill,6144/8192/8192,graph,26,94.0819,14.5012,94.1362,94.0819,
100,32,524288,8192,hyprefill,6144/8192/8192,graph,27,91.1728,14.7758,91.2320,91.1728,
100,32,524288,8192,hyprefill,6144/8192/8192,graph,28,87.5481,14.7758,87.6010,87.5481,
100,32,524288,8192,hyprefill,6144/8192/8192,graph,29,91.6447,14.5012,91.6974,91.6447,
100,32,524288,8192,hyprefill,6144/8192/8192,graph,30,89.2683,14.7758,89.3294,89.2683,
100,32,524288,8192,hyprefill,6144/8192/8192,graph,31,90.2847,14.7758,90.3355,90.2847,
100,32,524288,8192,hyprefill,6144/8192/8192,graph,32,90.2757,15.0503,90.3339,90.2757,
100,32,524288,8192,hyprefill,6144/8192/8192,graph,33,93.7359,14.2266,93.7853,93.7359,
100,32,524288,8192,hyprefill,6144/8192/8192,graph,34,90.5740,15.0503,90.6252,90.5740,
100,32,524288,8192,hyprefill,6144/8192/8192,graph,35,93.5695,14.5012,93.6347,93.5695,
100,32,524288,8192,hyprefill,6144/8192/8192,graph,36,87.9670,14.7758,88.0231,87.9670,
100,32,524288,8192,hyprefill,6144/8192/8192,graph,37,87.2089,14.5012,87.2619,87.2089,
100,32,524288,8192,hyprefill,6144/8192/8192,graph,38,89.7025,14.5012,89.7556,89.7025,
100,32,524288,8192,hyprefill,6144/8192/8192,graph,39,89.4404,15.0503,89.5003,89.4404,
100,32,524288,8192,hyprefill,6144/8192/8192,graph,40,94.7892,14.5012,94.8467,94.7892,
100,32,524288,8192,hyprefill,6144/8192/8192,graph,41,91.0945,15.0503,91.1504,91.0945,
100,32,524288,8192,hyprefill,6144/8192/8192,graph,42,92.5873,14.7758,92.6363,92.5873,
100,32,524288,8192,hyprefill,6144/8192/8192,graph,43,94.3708,14.7758,94.4220,94.3708,
100,32,524288,8192,hyprefill,6144/8192/8192,graph,44,95.0581,15.0503,95.1094,95.0581,
100,32,524288,8192,hyprefill,6144/8192/8192,graph,45,91.0409,14.5012,91.1063,91.0409,
100,32,524288,8192,hyprefill,6144/8192/8192,graph,46,89.7590,15.0503,89.8135,89.7590,
100,32,524288,8192,hyprefill,6144/8192/8192,graph,47,88.6869,14.2266,88.7425,88.6869,
100,32,524288,8192,hyprefill,6144/8192/8192,graph,48,87.6074,15.0503,87.6566,87.6074,
100,32,524288,8192,hyprefill,6144/8192/8192,graph,49,90.7668,14.5012,90.8167,90.7668,
100,32,524288,8192,hyprefill,6144/8192/8192,graph,50,91.9451,15.0503,91.9924,91.9451,
100,32,524288,8192,hyprefill,6144/8192/8192,graph,51,92.5618,14.5012,92.6219,92.5618,
100,32,524288,8192,hyprefill,6144/8192/8192,graph,52,89.6405,15.0503,89.6907,89.6405,
100,32,524288,8192,hyprefill,6144/8192/8192,graph,53,93.3594,14.5012,93.4105,93.3594,
100,32,524288,8192,hyprefill,6144/8192/8192,graph,54,89.8575,14.7758,89.9050,89.8575,
100,32,524288,8192,hyprefill,6144/8192/8192,graph,55,87.7576,14.7758,87.8088,87.7576,
100,32,524288,8192,hyprefill,6144/8192/8192,graph,56,88.2594,14.5012,88.3182,88.2594,
100,32,524288,8192,hyprefill,6144/8192/8192,graph,57,87.8208,14.7758,87.9087,87.8208,
100,32,524288,8192,hyprefill,6144/8192/8192,graph,58,89.1139,14.5012,89.1640,89.1139,
100,32,524288,8192,hyprefill,6144/8192/8192,graph,59,89.0369,14.5012,89.0966,89.0369,
100,32,524288,8192,hyprefill,6144/8192/8192,graph,60,91.8284,14.2266,91.9025,91.8284,
100,32,524288,8192,hyprefill,6144/8192/8192,graph,61,87.4626,14.5012,87.5127,87.4626,
100,32,524288,8192,hyprefill,6144/8192/8192,graph,62,88.6751,14.5012,88.7269,88.6751,
100,32,524288,8192,hyprefill,6144/8192/8192,graph,63,90.7108,14.7758,90.7653,90.7108,
100,32,524288,8192,hyprefill,6144/8192/8192,graph,64,91.7865,14.7758,91.8397,91.7865,
100,32,524288,8192,hyprefill,6144/8192/8192,graph,65,94.5535,15.0503,94.6093,94.5535,
100,32,524288,8192,hyprefill,6144/8192/8192,graph,66,94.4891,14.5012,94.5399,94.4891,
100,32,524288,8192,hyprefill,6144/8192/8192,graph,67,92.9944,14.7758,94.6221,92.9944,
100,32,524288,8192,hyprefill,6144/8192/8192,graph,68,91.0040,14.7758,91.0613,91.0040,
100,32,524288,8192,hyprefill,6144/8192/8192,graph,69,90.2246,14.5012,90.2753,90.2246,
100,32,524288,8192,hyprefill,6144/8192/8192,graph,70,90.7296,14.7758,90.7800,90.7296,
100,32,524288,8192,hyprefill,6144/8192/8192,graph,71,93.3434,14.7758,93.4039,93.3434,
100,32,524288,8192,hyprefill,6144/8192/8192,graph,72,92.8165,15.0503,92.8681,92.8165,
100,32,524288,8192,hyprefill,6144/8192/8192,graph,73,91.2268,14.2266,91.2803,91.2268,
100,32,524288,8192,hyprefill,6144/8192/8192,graph,74,92.8864,15.0503,92.9431,92.8864,
100,32,524288,8192,hyprefill,6144/8192/8192,graph,75,93.3694,14.5012,93.4292,93.3694,
100,32,524288,8192,hyprefill,6144/8192/8192,graph,76,91.6082,14.7758,91.6621,91.6082,
100,32,524288,8192,hyprefill,6144/8192/8192,graph,77,90.6950,14.5012,90.7455,90.6950,
100,32,524288,8192,hyprefill,6144/8192/8192,graph,78,90.6815,14.5012,90.7311,90.6815,
100,32,524288,8192,hyprefill,6144/8192/8192,graph,79,90.4192,15.0503,90.4707,90.4192,
100,32,524288,8192,hyprefill,6144/8192/8192,graph,80,95.5039,14.5012,95.5513,95.5039,
100,32,524288,8192,hyprefill,6144/8192/8192,graph,81,90.7228,15.0503,90.7716,90.7228,
100,32,524288,8192,hyprefill,6144/8192/8192,graph,82,96.2384,14.7758,96.2871,96.2384,
100,32,524288,8192,hyprefill,6144/8192/8192,graph,83,92.5166,14.7758,92.5753,92.5166,
100,32,524288,8192,hyprefill,6144/8192/8192,graph,84,94.3525,15.0503,94.4036,94.3525,
100,32,524288,8192,hyprefill,6144/8192/8192,graph,85,90.0695,14.2266,90.1223,90.0695,
100,32,524288,8192,hyprefill,6144/8192/8192,graph,86,87.5577,15.0503,87.6084,87.5577,
100,32,524288,8192,hyprefill,6144/8192/8192,graph,87,87.8132,13.9520,87.8662,87.8132,
100,32,524288,8192,hyprefill,6144/8192/8192,graph,88,89.5269,15.0503,89.5775,89.5269,
100,32,524288,8192,hyprefill,6144/8192/8192,graph,89,90.0944,14.2266,90.1462,90.0944,
100,32,524288,8192,hyprefill,6144/8192/8192,graph,90,90.8920,15.0503,90.9539,90.8920,
100,32,524288,8192,hyprefill,6144/8192/8192,graph,91,93.2594,14.5012,93.3083,93.2594,
100,32,524288,8192,hyprefill,6144/8192/8192,graph,92,92.1945,15.0503,92.2502,92.1945,
100,32,524288,8192,hyprefill,6144/8192/8192,graph,93,89.9116,14.5012,89.9588,89.9116,
100,32,524288,8192,hyprefill,6144/8192/8192,graph,94,89.0542,14.7758,89.1011,89.0542,
100,32,524288,8192,hyprefill,6144/8192/8192,graph,95,91.6773,14.7758,91.7235,91.6773,
100,32,524288,8192,hyprefill,6144/8192/8192,graph,96,89.7851,14.5012,89.8616,89.7851,
100,32,524288,8192,hyprefill,6144/8192/8192,graph,97,91.7924,15.0503,91.8795,91.7924,
100,32,524288,8192,hyprefill,6144/8192/8192,graph,98,93.6879,14.7758,93.7409,93.6879,
100,32,524288,8192,hyprefill,6144/8192/8192,graph,99,88.4771,15.0503,88.5248,88.4771,
100,32,524288,8192,hyprefill,6144/8192/8192,graph,100,89.8835,14.5012,89.9413,89.8835,
100,32,524288,8192,hyprefill,6144/8192/8192,graph,101,89.3710,15.0503,89.4257,89.3710,
100,32,524288,8192,hyprefill,6144/8192/8192,graph,102,95.1016,14.7758,95.1590,95.1016,
100,32,524288,8192,hyprefill,6144/8192/8192,graph,103,90.2189,14.7758,90.2678,90.2189,
100,32,524288,8192,hyprefill,6144/8192/8192,graph,104,88.1167,14.7758,88.1680,88.1167,
100,32,524288,8192,hyprefill,6144/8192/8192,graph,105,90.3337,14.5012,90.3865,90.3337,
100,32,524288,8192,hyprefill,6144/8192/8192,graph,106,89.7179,15.0503,89.7756,89.7179,
100,32,524288,8192,hyprefill,6144/8192/8192,graph,107,93.1769,14.7758,93.2222,93.1769,
100,32,524288,8192,hyprefill,6144/8192/8192,graph,108,89.7370,14.7758,89.7859,89.7370,
100,32,524288,8192,hyprefill,6144/8192/8192,graph,109,89.7269,14.5012,89.8076,89.7269,
100,32,524288,8192,hyprefill,6144/8192/8192,graph,110,92.9733,14.7758,93.0341,92.9733,
100,32,524288,8192,hyprefill,6144/8192/8192,graph,111,91.9988,14.7758,92.0475,91.9988,
100,32,524288,8192,hyprefill,6144/8192/8192,graph,112,90.0096,15.0503,90.0700,90.0096,
100,32,524288,8192,hyprefill,6144/8192/8192,graph,113,88.2489,14.5012,88.3191,88.2489,
100,32,524288,8192,hyprefill,6144/8192/8192,graph,114,88.9138,14.7758,88.9736,88.9138,
100,32,524288,8192,hyprefill,6144/8192/8192,graph,115,88.4486,14.5012,88.5053,88.4486,
100,32,524288,8192,hyprefill,6144/8192/8192,graph,116,89.7780,14.5012,89.8264,89.7780,
100,32,524288,8192,hyprefill,6144/8192/8192,graph,117,86.3023,14.2266,86.3498,86.3023,
100,32,524288,8192,hyprefill,6144/8192/8192,graph,118,84.9074,14.2266,84.9572,84.9074,
100,32,524288,8192,hyprefill,6144/8192/8192,graph,119,88.4558,14.5012,88.5083,88.4558,
100,32,524288,8192,hyprefill,6144/8192/8192,graph,120,91.0626,14.5012,91.1140,91.0626,
100,32,524288,8192,hyprefill,6144/8192/8192,graph,121,93.9844,14.7758,94.0305,93.9844,
100,32,524288,8192,hyprefill,6144/8192/8192,graph,122,93.5643,14.7758,93.6178,93.5643,
100,32,524288,8192,hyprefill,6144/8192/8192,graph,123,92.8596,14.5012,92.9098,92.8596,
100,32,524288,8192,hyprefill,6144/8192/8192,graph,124,90.0759,15.0503,90.1247,90.0759,
100,32,524288,8192,hyprefill,6144/8192/8192,graph,125,90.2121,14.2266,90.2617,90.2121,
100,32,524288,8192,hyprefill,6144/8192/8192,graph,126,87.4000,15.0503,87.4564,87.4000,
100,32,524288,8192,hyprefill,6144/8192/8192,graph,127,89.6841,14.2266,89.7371,89.6841,
100,32,524288,8192,hyprefill,6144/8192/8192,graph,128,87.7957,15.0503,87.8441,87.7957,
100,32,524288,8192,hyprefill,6144/8192/8192,graph,129,90.7576,14.7758,90.8046,90.7576,
100,32,524288,8192,hyprefill,6144/8192/8192,graph,130,93.0702,14.7758,93.1542,93.0702,
100,32,524288,8192,hyprefill,6144/8192/8192,graph,131,92.8670,14.7758,92.9144,92.8670,
100,32,524288,8192,hyprefill,6144/8192/8192,graph,132,92.0712,14.7758,92.1174,92.0712,
100,32,524288,8192,hyprefill,6144/8192/8192,graph,133,91.6226,14.5012,91.6692,91.6226,
100,32,524288,8192,hyprefill,6144/8192/8192,graph,134,90.4229,14.7758,90.4800,90.4229,
100,32,524288,8192,hyprefill,6144/8192/8192,graph,135,91.3630,14.7758,91.4145,91.3630,
100,32,524288,8192,hyprefill,6144/8192/8192,graph,136,90.5241,14.7758,90.5713,90.5241,
100,32,524288,8192,hyprefill,6144/8192/8192,graph,137,89.4198,14.7758,89.4671,89.4198,
100,32,524288,8192,hyprefill,6144/8192/8192,graph,138,91.9180,14.7758,91.9643,91.9180,
100,32,524288,8192,hyprefill,6144/8192/8192,graph,139,93.8163,15.0503,93.8717,93.8163,
100,32,524288,8192,hyprefill,6144/8192/8192,graph,140,92.0290,14.7758,92.0802,92.0290,
100,32,524288,8192,hyprefill,6144/8192/8192,graph,141,91.3283,14.7758,91.3779,91.3283,
100,32,524288,8192,hyprefill,6144/8192/8192,graph,142,94.1643,15.0503,94.2124,94.1643,
100,32,524288,8192,hyprefill,6144/8192/8192,graph,143,91.3674,14.5012,91.4217,91.3674,
100,32,524288,8192,hyprefill,6144/8192/8192,graph,144,90.4520,15.0503,90.5055,90.4520,
100,32,524288,8192,hyprefill,6144/8192/8192,graph,145,90.6270,14.2266,90.6768,90.6270,
100,32,524288,8192,hyprefill,6144/8192/8192,graph,146,87.9107,15.0503,87.9601,87.9107,
100,32,524288,8192,hyprefill,6144/8192/8192,graph,147,94.8914,14.5012,94.9451,94.8914,
100,32,524288,8192,hyprefill,6144/8192/8192,graph,148,92.9239,15.0503,92.9782,92.9239,
100,32,524288,8192,hyprefill,6144/8192/8192,graph,149,93.5030,14.5012,93.5504,93.5030,
100,32,524288,8192,hyprefill,6144/8192/8192,graph,150,94.1651,15.0503,94.2121,94.1651,
100,32,524288,8192,hyprefill,6144/8192/8192,graph,151,94.9359,14.7758,94.9875,94.9359,
100,32,524288,8192,hyprefill,6144/8192/8192,graph,152,89.9997,15.0503,90.0486,89.9997,
100,32,524288,8192,hyprefill,6144/8192/8192,graph,153,89.3612,14.5012,89.4141,89.3612,
100,32,524288,8192,hyprefill,6144/8192/8192,graph,154,87.7502,14.7758,87.7975,87.7502,
100,32,524288,8192,hyprefill,6144/8192/8192,graph,155,90.3325,14.5012,90.3782,90.3325,
100,32,524288,8192,hyprefill,6144/8192/8192,graph,156,90.8073,14.5012,90.8599,90.8073,
100,32,524288,8192,hyprefill,6144/8192/8192,graph,157,90.1717,14.2266,90.2195,90.1717,
100,32,524288,8192,hyprefill,6144/8192/8192,graph,158,89.9973,14.2266,90.0477,89.9973,
100,32,524288,8192,hyprefill,6144/8192/8192,graph,159,87.4194,14.5012,87.4679,87.4194,
100,32,524288,8192,hyprefill,6144/8192/8192,graph,160,90.5549,14.5012,90.6026,90.5549,
100,32,524288,8192,hyprefill,6144/8192/8192,graph,161,92.6020,14.7758,92.6549,92.6020,
100,32,524288,8192,hyprefill,6144/8192/8192,graph,162,93.6523,14.7758,93.7131,93.6523,
100,32,524288,8192,hyprefill,6144/8192/8192,graph,163,91.6296,14.5012,91.6846,91.6296,
100,32,524288,8192,hyprefill,6144/8192/8192,graph,164,91.5904,15.0503,91.6379,91.5904,
100,32,524288,8192,hyprefill,6144/8192/8192,graph,165,90.3557,14.2266,90.4031,90.3557,
100,32,524288,8192,hyprefill,6144/8192/8192,graph,166,86.5506,15.0503,86.5974,86.5506,
100,32,524288,8192,hyprefill,6144/8192/8192,graph,167,93.0765,13.9520,93.1244,93.0765,
100,32,524288,8192,hyprefill,6144/8192/8192,graph,168,87.4836,15.0503,87.5325,87.4836,
100,32,524288,8192,hyprefill,6144/8192/8192,graph,169,94.9860,14.2266,95.0398,94.9860,
100,32,524288,8192,hyprefill,6144/8192/8192,graph,170,90.9359,15.0503,90.9890,90.9359,
100,32,524288,8192,hyprefill,6144/8192/8192,graph,171,90.4848,14.2266,90.5358,90.4848,
100,32,524288,8192,hyprefill,6144/8192/8192,graph,172,92.4975,15.0503,92.5423,92.4975,
100,32,524288,8192,hyprefill,6144/8192/8192,graph,173,94.6261,14.2266,94.6752,94.6261,
100,32,524288,8192,hyprefill,6144/8192/8192,graph,174,89.9173,15.0503,89.9651,89.9173,
100,32,524288,8192,hyprefill,6144/8192/8192,graph,175,90.7781,14.5012,90.8307,90.7781,
100,32,524288,8192,hyprefill,6144/8192/8192,graph,176,91.8451,14.7758,91.8929,91.8451,
100,32,524288,8192,hyprefill,6144/8192/8192,graph,177,90.6500,14.7758,90.6971,90.6500,
100,32,524288,8192,hyprefill,6144/8192/8192,graph,178,94.0219,14.7758,94.0808,94.0219,
100,32,524288,8192,hyprefill,6144/8192/8192,graph,179,96.4517,15.0503,96.5042,96.4517,
100,32,524288,8192,hyprefill,6144/8192/8192,graph,180,96.9425,14.7758,96.9927,96.9425,
100,32,524288,8192,hyprefill,6144/8192/8192,graph,181,94.4429,14.7758,94.5003,94.4429,
100,32,524288,8192,hyprefill,6144/8192/8192,graph,182,90.4284,15.0503,90.4831,90.4284,
100,32,524288,8192,hyprefill,6144/8192/8192,graph,183,89.4104,14.2266,89.4605,89.4104,
100,32,524288,8192,hyprefill,6144/8192/8192,graph,184,88.1686,15.0503,88.2203,88.1686,
100,32,524288,8192,hyprefill,6144/8192/8192,graph,185,91.2234,13.9520,91.2794,91.2234,
100,32,524288,8192,hyprefill,6144/8192/8192,graph,186,88.9072,15.0503,88.9618,88.9072,
100,32,524288,8192,hyprefill,6144/8192/8192,graph,187,89.4673,14.2266,89.5238,89.4673,
100,32,524288,8192,hyprefill,6144/8192/8192,graph,188,91.1312,15.0503,91.1824,91.1312,
100,32,524288,8192,hyprefill,6144/8192/8192,graph,189,93.0652,14.5012,93.1124,93.0652,
100,32,524288,8192,hyprefill,6144/8192/8192,graph,190,90.0195,15.0503,90.0720,90.0195,
100,32,524288,8192,hyprefill,6144/8192/8192,graph,191,95.9402,14.7758,95.9910,95.9402,
100,32,524288,8192,hyprefill,6144/8192/8192,graph,192,90.9600,15.0503,91.0064,90.9600,
100,32,524288,8192,hyprefill,6144/8192/8192,graph,193,90.4709,14.5012,90.5273,90.4709,
100,32,524288,8192,hyprefill,6144/8192/8192,graph,194,87.9017,14.7758,87.9517,87.9017,
100,32,524288,8192,hyprefill,6144/8192/8192,graph,195,89.1204,14.7758,89.1822,89.1204,
100,32,524288,8192,hyprefill,6144/8192/8192,graph,196,93.0849,14.7758,93.1324,93.0849,
100,32,524288,8192,hyprefill,6144/8192/8192,graph,197,91.8361,14.7758,91.8820,91.8361,
100,32,524288,8192,hyprefill,6144/8192/8192,graph,198,93.7056,14.5012,93.7626,93.7056,
100,32,524288,8192,hyprefill,6144/8192/8192,graph,199,94.5675,15.0503,94.6194,94.5675,
100,32,524288,8192,hyprefill,2048/3072/3072,graph,0,90.4997,15.9378,90.6410,90.4997,
100,32,524288,8192,hyprefill,2048/3072/3072,graph,1,86.9007,15.9378,86.9510,86.9007,
100,32,524288,8192,hyprefill,2048/3072/3072,graph,2,91.4947,15.9378,91.5446,91.4947,
100,32,524288,8192,hyprefill,2048/3072/3072,graph,3,89.4129,15.9378,89.4600,89.4129,
100,32,524288,8192,hyprefill,2048/3072/3072,graph,4,85.6524,15.9378,85.6997,85.6524,
100,32,524288,8192,hyprefill,2048/3072/3072,graph,5,88.9920,15.9378,89.0444,88.9920,
100,32,524288,8192,hyprefill,2048/3072/3072,graph,6,91.8740,15.9378,91.9256,91.8740,
100,32,524288,8192,hyprefill,2048/3072/3072,graph,7,88.6309,15.9378,88.6815,88.6309,
100,32,524288,8192,hyprefill,2048/3072/3072,graph,8,89.8825,15.9378,89.9332,89.8825,
100,32,524288,8192,hyprefill,2048/3072/3072,graph,9,88.2666,15.9378,88.3146,88.2666,
100,32,524288,8192,hyprefill,2048/3072/3072,graph,10,89.2258,15.9378,89.2780,89.2258,
100,32,524288,8192,hyprefill,2048/3072/3072,graph,11,90.9616,15.9378,91.0111,90.9616,
100,32,524288,8192,hyprefill,2048/3072/3072,graph,12,90.3987,15.9378,90.4484,90.3987,
100,32,524288,8192,hyprefill,2048/3072/3072,graph,13,88.7389,15.9378,88.7946,88.7389,
100,32,524288,8192,hyprefill,2048/3072/3072,graph,14,89.1808,15.9378,89.2359,89.1808,
100,32,524288,8192,hyprefill,2048/3072/3072,graph,15,91.4274,15.9378,91.4753,91.4274,
100,32,524288,8192,hyprefill,2048/3072/3072,graph,16,88.3828,15.9378,88.4309,88.3828,
100,32,524288,8192,hyprefill,2048/3072/3072,graph,17,90.7003,15.9378,90.7476,90.7003,
100,32,524288,8192,hyprefill,2048/3072/3072,graph,18,90.1493,15.9378,90.2115,90.1493,
100,32,524288,8192,hyprefill,2048/3072/3072,graph,19,85.8940,15.9378,85.9475,85.8940,
100,32,524288,8192,hyprefill,2048/3072/3072,graph,20,88.4604,15.9378,88.5076,88.4604,
100,32,524288,8192,hyprefill,2048/3072/3072,graph,21,91.1852,15.9378,91.2386,91.1852,
100,32,524288,8192,hyprefill,2048/3072/3072,graph,22,88.7834,15.9378,88.8365,88.7834,
100,32,524288,8192,hyprefill,2048/3072/3072,graph,23,90.7015,15.9378,90.7591,90.7015,
100,32,524288,8192,hyprefill,2048/3072/3072,graph,24,88.1295,15.9378,88.1761,88.1295,
100,32,524288,8192,hyprefill,2048/3072/3072,graph,25,86.2637,15.9378,86.3135,86.2637,
100,32,524288,8192,hyprefill,2048/3072/3072,graph,26,90.0784,15.9378,90.1248,90.0784,
100,32,524288,8192,hyprefill,2048/3072/3072,graph,27,89.6988,15.9378,89.7515,89.6988,
100,32,524288,8192,hyprefill,2048/3072/3072,graph,28,88.3648,15.9378,88.4104,88.3648,
100,32,524288,8192,hyprefill,2048/3072/3072,graph,29,90.6009,15.9378,90.6471,90.6009,
100,32,524288,8192,hyprefill,2048/3072/3072,graph,30,87.6538,15.9378,87.7053,87.6538,
100,32,524288,8192,hyprefill,2048/3072/3072,graph,31,89.4832,15.9378,89.5295,89.4832,
100,32,524288,8192,hyprefill,2048/3072/3072,graph,32,88.8643,15.9378,88.9120,88.8643,
100,32,524288,8192,hyprefill,2048/3072/3072,graph,33,87.8865,15.9378,87.9316,87.8865,
100,32,524288,8192,hyprefill,2048/3072/3072,graph,34,88.2119,15.9378,88.2566,88.2119,
100,32,524288,8192,hyprefill,2048/3072/3072,graph,35,88.1624,15.9378,88.2134,88.1624,
100,32,524288,8192,hyprefill,2048/3072/3072,graph,36,89.6287,15.9378,89.6837,89.6287,
100,32,524288,8192,hyprefill,2048/3072/3072,graph,37,87.2631,15.9378,87.3125,87.2631,
100,32,524288,8192,hyprefill,2048/3072/3072,graph,38,90.1233,15.9378,90.1762,90.1233,
100,32,524288,8192,hyprefill,2048/3072/3072,graph,39,89.4065,15.9378,89.4562,89.4065,
100,32,524288,8192,hyprefill,2048/3072/3072,graph,40,88.6988,15.9378,88.7530,88.6988,
100,32,524288,8192,hyprefill,2048/3072/3072,graph,41,88.2477,15.9378,88.3006,88.2477,
100,32,524288,8192,hyprefill,2048/3072/3072,graph,42,88.8687,15.9378,88.9161,88.8687,
100,32,524288,8192,hyprefill,2048/3072/3072,graph,43,88.3952,15.9378,88.4410,88.3952,
100,32,524288,8192,hyprefill,2048/3072/3072,graph,44,90.2396,15.9378,90.2932,90.2396,
100,32,524288,8192,hyprefill,2048/3072/3072,graph,45,89.5630,15.9378,89.6262,89.5630,
100,32,524288,8192,hyprefill,2048/3072/3072,graph,46,85.5402,15.9378,85.5878,85.5402,
100,32,524288,8192,hyprefill,2048/3072/3072,graph,47,87.7205,15.9378,87.7747,87.7205,
100,32,524288,8192,hyprefill,2048/3072/3072,graph,48,87.4284,15.6632,87.4821,87.4284,
100,32,524288,8192,hyprefill,2048/3072/3072,graph,49,86.3102,15.6632,86.3567,86.3102,
100,32,524288,8192,hyprefill,2048/3072/3072,graph,50,88.2904,15.6632,88.3432,88.2904,
100,32,524288,8192,hyprefill,2048/3072/3072,graph,51,87.0363,15.3886,87.0853,87.0363,
100,32,524288,8192,hyprefill,2048/3072/3072,graph,52,84.6651,15.3886,84.7105,84.6651,
100,32,524288,8192,hyprefill,2048/3072/3072,graph,53,86.2955,15.3886,86.3524,86.2955,
100,32,524288,8192,hyprefill,2048/3072/3072,graph,54,86.1762,15.3886,86.2286,86.1762,
100,32,524288,8192,hyprefill,2048/3072/3072,graph,55,84.6224,15.3886,84.6701,84.6224,
100,32,524288,8192,hyprefill,2048/3072/3072,graph,56,86.4658,15.3886,86.5159,86.4658,
100,32,524288,8192,hyprefill,2048/3072/3072,graph,57,85.4428,15.3886,85.4901,85.4428,
100,32,524288,8192,hyprefill,2048/3072/3072,graph,58,85.2883,15.3886,85.3384,85.2883,
100,32,524288,8192,hyprefill,2048/3072/3072,graph,59,87.6500,15.3886,87.6986,87.6500,
100,32,524288,8192,hyprefill,2048/3072/3072,graph,60,87.4013,15.3886,87.4503,87.4013,
100,32,524288,8192,hyprefill,2048/3072/3072,graph,61,85.2902,15.3886,85.3366,85.2902,
100,32,524288,8192,hyprefill,2048/3072/3072,graph,62,87.0531,15.3886,87.1063,87.0531,
100,32,524288,8192,hyprefill,2048/3072/3072,graph,63,88.9114,15.3886,88.9604,88.9114,
100,32,524288,8192,hyprefill,2048/3072/3072,graph,64,84.5972,15.3886,84.6466,84.5972,
100,32,524288,8192,hyprefill,2048/3072/3072,graph,65,89.3895,15.3886,89.4391,89.3895,
100,32,524288,8192,hyprefill,2048/3072/3072,graph,66,88.3626,15.3886,88.4157,88.3626,
100,32,524288,8192,hyprefill,2048/3072/3072,graph,67,84.8564,15.3886,84.9036,84.8564,
100,32,524288,8192,hyprefill,2048/3072/3072,graph,68,87.4177,15.3886,87.4641,87.4177,
100,32,524288,8192,hyprefill,2048/3072/3072,graph,69,88.1040,15.3886,88.1692,88.1040,
100,32,524288,8192,hyprefill,2048/3072/3072,graph,70,86.1967,15.3886,86.2484,86.1967,
100,32,524288,8192,hyprefill,2048/3072/3072,graph,71,86.7038,15.3886,86.7507,86.7038,
100,32,524288,8192,hyprefill,2048/3072/3072,graph,72,88.2623,15.3886,88.3120,88.2623,
100,32,524288,8192,hyprefill,2048/3072/3072,graph,73,87.3369,15.3886,87.3883,87.3369,
100,32,524288,8192,hyprefill,2048/3072/3072,graph,74,89.8477,15.3886,89.9241,89.8477,
100,32,524288,8192,hyprefill,2048/3072/3072,graph,75,90.4983,15.6632,90.5501,90.4983,
100,32,524288,8192,hyprefill,2048/3072/3072,graph,76,86.3872,15.6632,86.4461,86.3872,
100,32,524288,8192,hyprefill,2048/3072/3072,graph,77,90.7195,15.6632,90.7698,90.7195,
100,32,524288,8192,hyprefill,2048/3072/3072,graph,78,90.1387,15.9378,90.1935,90.1387,
100,32,524288,8192,hyprefill,2048/3072/3072,graph,79,86.3627,15.9378,86.4129,86.3627,
100,32,524288,8192,hyprefill,2048/3072/3072,graph,80,90.9861,15.9378,91.0375,90.9861,
100,32,524288,8192,hyprefill,2048/3072/3072,graph,81,90.2856,15.9378,90.3391,90.2856,
100,32,524288,8192,hyprefill,2048/3072/3072,graph,82,90.1284,15.9378,90.1899,90.1284,
100,32,524288,8192,hyprefill,2048/3072/3072,graph,83,89.1124,15.9378,89.1638,89.1124,
100,32,524288,8192,hyprefill,2048/3072/3072,graph,84,92.1544,15.9378,92.2045,92.1544,
100,32,524288,8192,hyprefill,2048/3072/3072,graph,85,87.0254,15.9378,87.0777,87.0254,
100,32,524288,8192,hyprefill,2048/3072/3072,graph,86,91.4794,15.9378,91.5282,91.4794,
100,32,524288,8192,hyprefill,2048/3072/3072,graph,87,90.6321,15.9378,90.6787,90.6321,
100,32,524288,8192,hyprefill,2048/3072/3072,graph,88,88.4397,15.9378,88.4887,88.4397,
100,32,524288,8192,hyprefill,2048/3072/3072,graph,89,90.2805,15.9378,90.3277,90.2805,
100,32,524288,8192,hyprefill,2048/3072/3072,graph,90,90.2422,15.9378,90.3004,90.2422,
100,32,524288,8192,hyprefill,2048/3072/3072,graph,91,90.0074,15.9378,90.0863,90.0074,
100,32,524288,8192,hyprefill,2048/3072/3072,graph,92,89.9201,15.9378,89.9684,89.9201,
100,32,524288,8192,hyprefill,2048/3072/3072,graph,93,91.3414,15.9378,91.4004,91.3414,
100,32,524288,8192,hyprefill,2048/3072/3072,graph,94,87.9745,15.9378,88.0226,87.9745,
100,32,524288,8192,hyprefill,2048/3072/3072,graph,95,90.4452,15.9378,90.4909,90.4452,
100,32,524288,8192,hyprefill,2048/3072/3072,graph,96,91.0220,15.9378,91.0680,91.0220,
100,32,524288,8192,hyprefill,2048/3072/3072,graph,97,87.1399,15.9378,87.1892,87.1399,
100,32,524288,8192,hyprefill,2048/3072/3072,graph,98,90.8601,15.9378,90.9084,90.8601,
100,32,524288,8192,hyprefill,2048/3072/3072,graph,99,90.4299,15.9378,90.4753,90.4299,
100,32,524288,8192,hyprefill,2048/3072/3072,graph,100,87.0770,15.9378,87.1227,87.0770,
100,32,524288,8192,hyprefill,2048/3072/3072,graph,101,90.4816,15.9378,90.5245,90.4816,
100,32,524288,8192,hyprefill,2048/3072/3072,graph,102,90.9140,15.9378,90.9655,90.9140,
100,32,524288,8192,hyprefill,2048/3072/3072,graph,103,88.7750,15.9378,88.8263,88.7750,
100,32,524288,8192,hyprefill,2048/3072/3072,graph,104,90.9968,15.9378,91.0469,90.9968,
100,32,524288,8192,hyprefill,2048/3072/3072,graph,105,92.0437,15.9378,92.0948,92.0437,
100,32,524288,8192,hyprefill,2048/3072/3072,graph,106,86.8692,15.9378,86.9210,86.8692,
100,32,524288,8192,hyprefill,2048/3072/3072,graph,107,91.3494,15.9378,91.4000,91.3494,
100,32,524288,8192,hyprefill,2048/3072/3072,graph,108,89.4200,15.9378,89.4729,89.4200,
100,32,524288,8192,hyprefill,2048/3072/3072,graph,109,89.5455,15.9378,89.5945,89.5455,
100,32,524288,8192,hyprefill,2048/3072/3072,graph,110,89.7889,15.9378,89.8472,89.7889,
100,32,524288,8192,hyprefill,2048/3072/3072,graph,111,91.1682,15.9378,91.2167,91.1682,
100,32,524288,8192,hyprefill,2048/3072/3072,graph,112,88.7361,15.9378,88.7852,88.7361,
100,32,524288,8192,hyprefill,2048/3072/3072,graph,113,89.2286,15.9378,89.2794,89.2286,
100,32,524288,8192,hyprefill,2048/3072/3072,graph,114,88.8377,15.9378,88.8971,88.8377,
100,32,524288,8192,hyprefill,2048/3072/3072,graph,115,86.8211,15.9378,86.8758,86.8211,
100,32,524288,8192,hyprefill,2048/3072/3072,graph,116,88.8650,15.9378,88.9192,88.8650,
100,32,524288,8192,hyprefill,2048/3072/3072,graph,117,87.4280,15.9378,87.4779,87.4280,
100,32,524288,8192,hyprefill,2048/3072/3072,graph,118,85.6892,15.9378,85.7365,85.6892,
100,32,524288,8192,hyprefill,2048/3072/3072,graph,119,89.3661,15.9378,89.4147,89.3661,
100,32,524288,8192,hyprefill,2048/3072/3072,graph,120,89.9131,15.9378,89.9592,89.9131,
100,32,524288,8192,hyprefill,2048/3072/3072,graph,121,89.3731,15.9378,89.4192,89.3731,
100,32,524288,8192,hyprefill,2048/3072/3072,graph,122,88.3412,15.9378,88.3909,88.3412,
100,32,524288,8192,hyprefill,2048/3072/3072,graph,123,90.6268,15.9378,90.6750,90.6268,
100,32,524288,8192,hyprefill,2048/3072/3072,graph,124,87.3285,15.9378,87.3838,87.3285,
100,32,524288,8192,hyprefill,2048/3072/3072,graph,125,89.8803,15.9378,89.9279,89.8803,
100,32,524288,8192,hyprefill,2048/3072/3072,graph,126,90.7343,15.9378,90.7857,90.7343,
100,32,524288,8192,hyprefill,2048/3072/3072,graph,127,86.6684,15.9378,86.7313,86.6684,
100,32,524288,8192,hyprefill,2048/3072/3072,graph,128,88.9667,15.9378,89.0228,88.9667,
100,32,524288,8192,hyprefill,2048/3072/3072,graph,129,90.4667,15.9378,90.5155,90.4667,
100,32,524288,8192,hyprefill,2048/3072/3072,graph,130,86.6208,15.9378,86.6852,86.6208,
100,32,524288,8192,hyprefill,2048/3072/3072,graph,131,87.5372,15.9378,87.5918,87.5372,
100,32,524288,8192,hyprefill,2048/3072/3072,graph,132,89.2646,15.9378,89.3156,89.2646,
100,32,524288,8192,hyprefill,2048/3072/3072,graph,133,87.7372,15.9378,87.7875,87.7372,
100,32,524288,8192,hyprefill,2048/3072/3072,graph,134,87.7414,15.9378,87.8071,87.7414,
100,32,524288,8192,hyprefill,2048/3072/3072,graph,135,90.1093,15.9378,90.1569,90.1093,
100,32,524288,8192,hyprefill,2048/3072/3072,graph,136,86.0798,15.9378,86.1270,86.0798,
100,32,524288,8192,hyprefill,2048/3072/3072,graph,137,89.0293,15.9378,89.0753,89.0293,
100,32,524288,8192,hyprefill,2048/3072/3072,graph,138,90.1143,15.9378,90.1671,90.1143,
100,32,524288,8192,hyprefill,2048/3072/3072,graph,139,87.2484,15.9378,87.3104,87.2484,
100,32,524288,8192,hyprefill,2048/3072/3072,graph,140,87.5932,15.9378,87.6420,87.5932,
100,32,524288,8192,hyprefill,2048/3072/3072,graph,141,88.7833,15.9378,88.8716,88.7833,
100,32,524288,8192,hyprefill,2048/3072/3072,graph,142,86.3004,15.9378,86.3574,86.3004,
100,32,524288,8192,hyprefill,2048/3072/3072,graph,143,87.6926,15.9378,87.7512,87.6926,
100,32,524288,8192,hyprefill,2048/3072/3072,graph,144,88.2578,15.9378,88.3061,88.2578,
100,32,524288,8192,hyprefill,2048/3072/3072,graph,145,87.2412,15.9378,87.2964,87.2412,
100,32,524288,8192,hyprefill,2048/3072/3072,graph,146,88.7024,15.9378,88.7662,88.7024,
100,32,524288,8192,hyprefill,2048/3072/3072,graph,147,89.5967,15.9378,89.6472,89.5967,
100,32,524288,8192,hyprefill,2048/3072/3072,graph,148,85.9127,15.9378,85.9653,85.9127,
100,32,524288,8192,hyprefill,2048/3072/3072,graph,149,89.0576,15.9378,89.1084,89.0576,
100,32,524288,8192,hyprefill,2048/3072/3072,graph,150,89.8275,15.9378,89.8746,89.8275,
100,32,524288,8192,hyprefill,2048/3072/3072,graph,151,88.1138,15.9378,88.1605,88.1138,
100,32,524288,8192,hyprefill,2048/3072/3072,graph,152,90.6505,15.9378,90.6959,90.6505,
100,32,524288,8192,hyprefill,2048/3072/3072,graph,153,89.4305,15.9378,89.4780,89.4305,
100,32,524288,8192,hyprefill,2048/3072/3072,graph,154,86.3510,15.9378,86.4014,86.3510,
100,32,524288,8192,hyprefill,2048/3072/3072,graph,155,87.8544,15.9378,87.9013,87.8544,
100,32,524288,8192,hyprefill,2048/3072/3072,graph,156,88.5668,15.6632,88.6156,88.5668,
100,32,524288,8192,hyprefill,2048/3072/3072,graph,157,86.1549,15.6632,86.2061,86.1549,
100,32,524288,8192,hyprefill,2048/3072/3072,graph,158,86.8643,15.6632,86.9190,86.8643,
100,32,524288,8192,hyprefill,2048/3072/3072,graph,159,87.5008,15.3886,87.5501,87.5008,
100,32,524288,8192,hyprefill,2048/3072/3072,graph,160,84.9220,15.3886,84.9717,84.9220,
100,32,524288,8192,hyprefill,2048/3072/3072,graph,161,86.2439,15.3886,86.2956,86.2439,
100,32,524288,8192,hyprefill,2048/3072/3072,graph,162,86.6044,15.3886,86.6628,86.6044,
100,32,524288,8192,hyprefill,2048/3072/3072,graph,163,84.2295,15.3886,84.2773,84.2295,
100,32,524288,8192,hyprefill,2048/3072/3072,graph,164,85.9571,15.3886,86.0107,85.9571,
100,32,524288,8192,hyprefill,2048/3072/3072,graph,165,86.7280,15.3886,86.7748,86.7280,
100,32,524288,8192,hyprefill,2048/3072/3072,graph,166,84.5381,15.3886,84.5977,84.5381,
100,32,524288,8192,hyprefill,2048/3072/3072,graph,167,86.0157,15.3886,86.0757,86.0157,
100,32,524288,8192,hyprefill,2048/3072/3072,graph,168,86.0944,15.3886,86.1426,86.0944,
100,32,524288,8192,hyprefill,2048/3072/3072,graph,169,84.4773,15.3886,84.5297,84.4773,
100,32,524288,8192,hyprefill,2048/3072/3072,graph,170,85.2576,15.3886,85.3078,85.2576,
100,32,524288,8192,hyprefill,2048/3072/3072,graph,171,87.2079,15.3886,87.2659,87.2079,
100,32,524288,8192,hyprefill,2048/3072/3072,graph,172,86.7941,15.3886,86.8401,86.7941,
100,32,524288,8192,hyprefill,2048/3072/3072,graph,173,85.5280,15.3886,85.5805,85.5280,
100,32,524288,8192,hyprefill,2048/3072/3072,graph,174,87.2335,15.3886,87.2861,87.2335,
100,32,524288,8192,hyprefill,2048/3072/3072,graph,175,87.0515,15.3886,87.0998,87.0515,
100,32,524288,8192,hyprefill,2048/3072/3072,graph,176,89.7024,15.3886,89.7496,89.7024,
100,32,524288,8192,hyprefill,2048/3072/3072,graph,177,87.8543,15.3886,87.9038,87.8543,
100,32,524288,8192,hyprefill,2048/3072/3072,graph,178,87.1907,15.3886,87.2408,87.1907,
100,32,524288,8192,hyprefill,2048/3072/3072,graph,179,87.8913,15.3886,87.9393,87.8913,
100,32,524288,8192,hyprefill,2048/3072/3072,graph,180,88.9758,15.3886,89.0337,88.9758,
100,32,524288,8192,hyprefill,2048/3072/3072,graph,181,84.3245,15.3886,84.3752,84.3245,
100,32,524288,8192,hyprefill,2048/3072/3072,graph,182,85.6401,15.3886,85.6900,85.6401,
100,32,524288,8192,hyprefill,2048/3072/3072,graph,183,89.4370,15.6632,89.4864,89.4370,
100,32,524288,8192,hyprefill,2048/3072/3072,graph,184,87.8647,15.6632,87.9174,87.8647,
100,32,524288,8192,hyprefill,2048/3072/3072,graph,185,91.3419,15.6632,91.4004,91.3419,
100,32,524288,8192,hyprefill,2048/3072/3072,graph,186,91.1891,15.9378,91.2566,91.1891,
100,32,524288,8192,hyprefill,2048/3072/3072,graph,187,88.7212,15.9378,88.7699,88.7212,
100,32,524288,8192,hyprefill,2048/3072/3072,graph,188,89.0111,15.9378,89.0606,89.0111,
100,32,524288,8192,hyprefill,2048/3072/3072,graph,189,90.5366,15.9378,90.5900,90.5366,
100,32,524288,8192,hyprefill,2048/3072/3072,graph,190,89.5361,15.9378,89.5851,89.5361,
100,32,524288,8192,hyprefill,2048/3072/3072,graph,191,91.0142,15.9378,91.0715,91.0142,
100,32,524288,8192,hyprefill,2048/3072/3072,graph,192,87.4868,15.9378,87.5362,87.4868,
100,32,524288,8192,hyprefill,2048/3072/3072,graph,193,90.5211,15.9378,90.5670,90.5211,
100,32,524288,8192,hyprefill,2048/3072/3072,graph,194,89.2672,15.9378,89.3131,89.2672,
100,32,524288,8192,hyprefill,2048/3072/3072,graph,195,89.1118,15.9378,89.1955,89.1118,
100,32,524288,8192,hyprefill,2048/3072/3072,graph,196,88.4712,15.9378,88.5207,88.4712,
100,32,524288,8192,hyprefill,2048/3072/3072,graph,197,90.8571,15.9378,90.9128,90.8571,
100,32,524288,8192,hyprefill,2048/3072/3072,graph,198,89.9123,15.9378,89.9633,89.9123,
100,32,524288,8192,hyprefill,2048/3072/3072,graph,199,89.1339,15.9378,89.1859,89.1339,
100,32,524288,8192,hyprefill,512/6144/6144,graph,0,92.2334,15.1258,92.2905,92.2334,
100,32,524288,8192,hyprefill,512/6144/6144,graph,1,91.1691,15.4004,91.2212,91.1691,
100,32,524288,8192,hyprefill,512/6144/6144,graph,2,92.4905,15.1258,92.5439,92.4905,
100,32,524288,8192,hyprefill,512/6144/6144,graph,3,93.1010,15.4004,93.1510,93.1010,
100,32,524288,8192,hyprefill,512/6144/6144,graph,4,92.6754,15.1258,92.7255,92.6754,
100,32,524288,8192,hyprefill,512/6144/6144,graph,5,92.9091,15.4004,92.9767,92.9091,
100,32,524288,8192,hyprefill,512/6144/6144,graph,6,95.5504,15.4004,95.6058,95.5504,
100,32,524288,8192,hyprefill,512/6144/6144,graph,7,94.1730,15.4004,94.2258,94.1730,
100,32,524288,8192,hyprefill,512/6144/6144,graph,8,92.9627,15.4004,93.0121,92.9627,
100,32,524288,8192,hyprefill,512/6144/6144,graph,9,94.7220,15.4004,94.7749,94.7220,
100,32,524288,8192,hyprefill,512/6144/6144,graph,10,94.6410,15.4004,94.6929,94.6410,
100,32,524288,8192,hyprefill,512/6144/6144,graph,11,94.0859,15.4004,94.1338,94.0859,
100,32,524288,8192,hyprefill,512/6144/6144,graph,12,98.4381,15.1258,98.4613,98.4381,
100,32,524288,8192,hyprefill,512/6144/6144,graph,13,97.4812,15.4004,97.5016,97.4812,
100,32,524288,8192,hyprefill,512/6144/6144,graph,14,98.4902,15.1258,98.5113,98.4902,
100,32,524288,8192,hyprefill,512/6144/6144,graph,15,97.8100,15.4004,97.8278,97.8100,
100,32,524288,8192,hyprefill,512/6144/6144,graph,16,98.6740,15.1258,98.6929,98.6740,
100,32,524288,8192,hyprefill,512/6144/6144,graph,17,100.9975,15.4004,101.0163,100.9975,
100,32,524288,8192,hyprefill,512/6144/6144,graph,18,100.0236,15.4004,100.0442,100.0236,
100,32,524288,8192,hyprefill,512/6144/6144,graph,19,105.4765,15.4004,105.4990,105.4765,
100,32,524288,8192,hyprefill,512/6144/6144,graph,20,107.5034,15.4004,107.5563,107.5034,
100,32,524288,8192,hyprefill,512/6144/6144,graph,21,99.9666,15.4004,100.0329,99.9666,
100,32,524288,8192,hyprefill,512/6144/6144,graph,22,99.2800,15.4004,99.2987,99.2800,
100,32,524288,8192,hyprefill,512/6144/6144,graph,23,98.9006,15.4004,98.9190,98.9006,
100,32,524288,8192,hyprefill,512/6144/6144,graph,24,98.7282,15.1258,98.7471,98.7282,
100,32,524288,8192,hyprefill,512/6144/6144,graph,25,97.7681,15.4004,97.7878,97.7681,
100,32,524288,8192,hyprefill,512/6144/6144,graph,26,98.6849,15.1258,98.7105,98.6849,
100,32,524288,8192,hyprefill,512/6144/6144,graph,27,99.1694,15.4004,99.1881,99.1694,
100,32,524288,8192,hyprefill,512/6144/6144,graph,28,100.9433,15.1258,100.9645,100.9433,
100,32,524288,8192,hyprefill,512/6144/6144,graph,29,104.8266,15.4004,104.8461,104.8266,
100,32,524288,8192,hyprefill,512/6144/6144,graph,30,103.6131,15.4004,103.6323,103.6131,
100,32,524288,8192,hyprefill,512/6144/6144,graph,31,100.4963,15.4004,100.5179,100.4963,
100,32,524288,8192,hyprefill,512/6144/6144,graph,32,100.3456,15.4004,100.3682,100.3456,
100,32,524288,8192,hyprefill,512/6144/6144,graph,33,99.6478,15.4004,99.6713,99.6478,
100,32,524288,8192,hyprefill,512/6144/6144,graph,34,99.7916,15.4004,99.8241,99.7916,
100,32,524288,8192,hyprefill,512/6144/6144,graph,35,99.7909,15.4004,99.8093,99.7909,
100,32,524288,8192,hyprefill,512/6144/6144,graph,36,99.0966,15.1258,99.1149,99.0966,
100,32,524288,8192,hyprefill,512/6144/6144,graph,37,100.1942,15.4004,100.2109,100.1942,
100,32,524288,8192,hyprefill,512/6144/6144,graph,38,102.1196,15.1258,102.1380,102.1196,
100,32,524288,8192,hyprefill,512/6144/6144,graph,39,103.4958,15.4004,103.5193,103.4958,
100,32,524288,8192,hyprefill,512/6144/6144,graph,40,103.1059,15.1258,103.1274,103.1059,
100,32,524288,8192,hyprefill,512/6144/6144,graph,41,99.6087,15.4004,99.6253,99.6087,
100,32,524288,8192,hyprefill,512/6144/6144,graph,42,100.6929,15.4004,100.7118,100.6929,
100,32,524288,8192,hyprefill,512/6144/6144,graph,43,99.7160,15.4004,99.7358,99.7160,
100,32,524288,8192,hyprefill,512/6144/6144,graph,44,99.7115,15.4004,99.7319,99.7115,
100,32,524288,8192,hyprefill,512/6144/6144,graph,45,99.3040,15.4004,99.3248,99.3040,
100,32,524288,8192,hyprefill,512/6144/6144,graph,46,98.5613,15.4004,98.5798,98.5613,
100,32,524288,8192,hyprefill,512/6144/6144,graph,47,102.1143,15.4004,102.1336,102.1143,
100,32,524288,8192,hyprefill,512/6144/6144,graph,48,100.8343,15.1258,100.8536,100.8343,
100,32,524288,8192,hyprefill,512/6144/6144,graph,49,100.9466,15.4004,100.9650,100.9466,
100,32,524288,8192,hyprefill,512/6144/6144,graph,50,102.7912,15.1258,102.8100,102.7912,
100,32,524288,8192,hyprefill,512/6144/6144,graph,51,99.3110,15.4004,99.3301,99.3110,
100,32,524288,8192,hyprefill,512/6144/6144,graph,52,99.2944,15.1258,99.3124,99.2944,
100,32,524288,8192,hyprefill,512/6144/6144,graph,53,99.2695,15.4004,99.2898,99.2695,
100,32,524288,8192,hyprefill,512/6144/6144,graph,54,100.6975,15.4004,100.7216,100.6975,
100,32,524288,8192,hyprefill,512/6144/6144,graph,55,100.5980,15.4004,100.6178,100.5980,
100,32,524288,8192,hyprefill,512/6144/6144,graph,56,100.4522,15.4004,100.4710,100.4522,
100,32,524288,8192,hyprefill,512/6144/6144,graph,57,99.8468,15.4004,99.8708,99.8468,
100,32,524288,8192,hyprefill,512/6144/6144,graph,58,101.0166,15.4004,101.0404,101.0166,
100,32,524288,8192,hyprefill,512/6144/6144,graph,59,102.8375,15.4004,102.8552,102.8375,
100,32,524288,8192,hyprefill,512/6144/6144,graph,60,102.4808,15.1258,102.4999,102.4808,
100,32,524288,8192,hyprefill,512/6144/6144,graph,61,100.4814,15.4004,100.5005,100.4814,
100,32,524288,8192,hyprefill,512/6144/6144,graph,62,100.5509,15.1258,100.5687,100.5509,
100,32,524288,8192,hyprefill,512/6144/6144,graph,63,99.8332,15.4004,99.8514,99.8332,
100,32,524288,8192,hyprefill,512/6144/6144,graph,64,98.7605,15.1258,98.7801,98.7605,
100,32,524288,8192,hyprefill,512/6144/6144,graph,65,99.9881,15.4004,100.0095,99.9881,
100,32,524288,8192,hyprefill,512/6144/6144,graph,66,100.5827,15.4004,100.6036,100.5827,
100,32,524288,8192,hyprefill,512/6144/6144,graph,67,100.5227,15.4004,100.5412,100.5227,
100,32,524288,8192,hyprefill,512/6144/6144,graph,68,103.0439,15.4004,103.0618,103.0439,
100,32,524288,8192,hyprefill,512/6144/6144,graph,69,100.8321,15.4004,100.8503,100.8321,
100,32,524288,8192,hyprefill,512/6144/6144,graph,70,101.3386,15.4004,101.3574,101.3386,
100,32,524288,8192,hyprefill,512/6144/6144,graph,71,102.5043,15.4004,102.5220,102.5043,
100,32,524288,8192,hyprefill,512/6144/6144,graph,72,101.8611,15.1258,101.8793,101.8611,
100,32,524288,8192,hyprefill,512/6144/6144,graph,73,99.5840,15.4004,99.6027,99.5840,
100,32,524288,8192,hyprefill,512/6144/6144,graph,74,100.0011,15.1258,100.0181,100.0011,
100,32,524288,8192,hyprefill,512/6144/6144,graph,75,101.4661,15.4004,101.4843,101.4661,
100,32,524288,8192,hyprefill,512/6144/6144,graph,76,99.3952,15.1258,99.4222,99.3952,
100,32,524288,8192,hyprefill,512/6144/6144,graph,77,100.7013,15.4004,100.7253,100.7013,
100,32,524288,8192,hyprefill,512/6144/6144,graph,78,101.7263,15.4004,101.7459,101.7263,
100,32,524288,8192,hyprefill,512/6144/6144,graph,79,101.2210,15.4004,101.2441,101.2210,
100,32,524288,8192,hyprefill,512/6144/6144,graph,80,102.3319,15.4004,102.3572,102.3319,
100,32,524288,8192,hyprefill,512/6144/6144,graph,81,101.6227,15.4004,101.6440,101.6227,
100,32,524288,8192,hyprefill,512/6144/6144,graph,82,101.2054,15.4004,101.2263,101.2054,
100,32,524288,8192,hyprefill,512/6144/6144,graph,83,99.9317,15.4004,99.9511,99.9317,
100,32,524288,8192,hyprefill,512/6144/6144,graph,84,102.1323,15.1258,102.1496,102.1323,
100,32,524288,8192,hyprefill,512/6144/6144,graph,85,100.9706,15.4004,100.9882,100.9706,
100,32,524288,8192,hyprefill,512/6144/6144,graph,86,101.4953,15.1258,101.5131,101.4953,
100,32,524288,8192,hyprefill,512/6144/6144,graph,87,100.2936,15.4004,100.3129,100.2936,
100,32,524288,8192,hyprefill,512/6144/6144,graph,88,101.7614,15.1258,101.7814,101.7614,
100,32,524288,8192,hyprefill,512/6144/6144,graph,89,99.7204,15.4004,99.7413,99.7204,
100,32,524288,8192,hyprefill,512/6144/6144,graph,90,101.0009,15.4004,101.0216,101.0009,
100,32,524288,8192,hyprefill,512/6144/6144,graph,91,101.4652,15.4004,101.4841,101.4652,
100,32,524288,8192,hyprefill,512/6144/6144,graph,92,100.6295,15.4004,100.6492,100.6295,
100,32,524288,8192,hyprefill,512/6144/6144,graph,93,100.9309,15.4004,100.9553,100.9309,
100,32,524288,8192,hyprefill,512/6144/6144,graph,94,100.4495,15.4004,100.4712,100.4495,
100,32,524288,8192,hyprefill,512/6144/6144,graph,95,100.5413,15.4004,100.5689,100.5413,
100,32,524288,8192,hyprefill,512/6144/6144,graph,96,99.7415,15.1258,99.7719,99.7415,
100,32,524288,8192,hyprefill,512/6144/6144,graph,97,99.1853,15.4004,99.2044,99.1853,
100,32,524288,8192,hyprefill,512/6144/6144,graph,98,100.3550,15.1258,100.3762,100.3550,
100,32,524288,8192,hyprefill,512/6144/6144,graph,99,100.0563,15.4004,100.0756,100.0563,
100,32,524288,8192,hyprefill,512/6144/6144,graph,100,99.5584,15.1258,99.5831,99.5584,
100,32,524288,8192,hyprefill,512/6144/6144,graph,101,100.4222,15.4004,100.4423,100.4222,
100,32,524288,8192,hyprefill,512/6144/6144,graph,102,100.9072,15.4004,100.9416,100.9072,
100,32,524288,8192,hyprefill,512/6144/6144,graph,103,101.2751,15.4004,101.3363,101.2751,
100,32,524288,8192,hyprefill,512/6144/6144,graph,104,101.6319,15.4004,101.6757,101.6319,
100,32,524288,8192,hyprefill,512/6144/6144,graph,105,101.6484,15.4004,101.6712,101.6484,
100,32,524288,8192,hyprefill,512/6144/6144,graph,106,101.5007,15.4004,101.5194,101.5007,
100,32,524288,8192,hyprefill,512/6144/6144,graph,107,101.8586,15.4004,101.8786,101.8586,
100,32,524288,8192,hyprefill,512/6144/6144,graph,108,101.7831,15.1258,101.8041,101.7831,
100,32,524288,8192,hyprefill,512/6144/6144,graph,109,100.1374,15.4004,100.1568,100.1374,
100,32,524288,8192,hyprefill,512/6144/6144,graph,110,100.8040,15.1258,100.8215,100.8040,
100,32,524288,8192,hyprefill,512/6144/6144,graph,111,100.9378,15.4004,100.9564,100.9378,
100,32,524288,8192,hyprefill,512/6144/6144,graph,112,99.8467,15.1258,99.8706,99.8467,
100,32,524288,8192,hyprefill,512/6144/6144,graph,113,100.3007,15.4004,100.3211,100.3007,
100,32,524288,8192,hyprefill,512/6144/6144,graph,114,99.4630,15.4004,99.4842,99.4630,
100,32,524288,8192,hyprefill,512/6144/6144,graph,115,101.2395,15.4004,101.2654,101.2395,
100,32,524288,8192,hyprefill,512/6144/6144,graph,116,100.5416,15.4004,100.5739,100.5416,
100,32,524288,8192,hyprefill,512/6144/6144,graph,117,100.8923,15.4004,100.9114,100.8923,
100,32,524288,8192,hyprefill,512/6144/6144,graph,118,101.6965,15.4004,101.7143,101.6965,
100,32,524288,8192,hyprefill,512/6144/6144,graph,119,100.6401,15.4004,100.6589,100.6401,
100,32,524288,8192,hyprefill,512/6144/6144,graph,120,101.8603,15.1258,101.8862,101.8603,
100,32,524288,8192,hyprefill,512/6144/6144,graph,121,100.7790,15.4004,100.7995,100.7790,
100,32,524288,8192,hyprefill,512/6144/6144,graph,122,100.4883,15.1258,100.5108,100.4883,
100,32,524288,8192,hyprefill,512/6144/6144,graph,123,99.0699,15.4004,99.0894,99.0699,
100,32,524288,8192,hyprefill,512/6144/6144,graph,124,98.9216,15.1258,98.9412,98.9216,
100,32,524288,8192,hyprefill,512/6144/6144,graph,125,99.7758,15.4004,99.7976,99.7758,
100,32,524288,8192,hyprefill,512/6144/6144,graph,126,100.8168,15.4004,100.8360,100.8168,
100,32,524288,8192,hyprefill,512/6144/6144,graph,127,100.9990,15.4004,101.0211,100.9990,
100,32,524288,8192,hyprefill,512/6144/6144,graph,128,101.3333,15.4004,101.3553,101.3333,
100,32,524288,8192,hyprefill,512/6144/6144,graph,129,100.8762,15.4004,100.8971,100.8762,
100,32,524288,8192,hyprefill,512/6144/6144,graph,130,101.2742,15.4004,101.3090,101.2742,
100,32,524288,8192,hyprefill,512/6144/6144,graph,131,101.4972,15.4004,101.5481,101.4972,
100,32,524288,8192,hyprefill,512/6144/6144,graph,132,101.6112,15.1258,101.6529,101.6112,
100,32,524288,8192,hyprefill,512/6144/6144,graph,133,100.6357,15.4004,100.6595,100.6357,
100,32,524288,8192,hyprefill,512/6144/6144,graph,134,99.7068,15.1258,99.7455,99.7068,
100,32,524288,8192,hyprefill,512/6144/6144,graph,135,99.6780,15.4004,99.7179,99.6780,
100,32,524288,8192,hyprefill,512/6144/6144,graph,136,98.6353,15.1258,98.6535,98.6353,
100,32,524288,8192,hyprefill,512/6144/6144,graph,137,100.0571,15.4004,100.0823,100.0571,
100,32,524288,8192,hyprefill,512/6144/6144,graph,138,101.3461,15.4004,101.3901,101.3461,
100,32,524288,8192,hyprefill,512/6144/6144,graph,139,100.6630,15.4004,100.6959,100.6630,
100,32,524288,8192,hyprefill,512/6144/6144,graph,140,102.6885,15.4004,102.7137,102.6885,
100,32,524288,8192,hyprefill,512/6144/6144,graph,141,101.5760,15.4004,101.5988,101.5760,
100,32,524288,8192,hyprefill,512/6144/6144,graph,142,101.9940,15.4004,102.0171,101.9940,
100,32,524288,8192,hyprefill,512/6144/6144,graph,143,101.2358,15.4004,101.2567,101.2358,
100,32,524288,8192,hyprefill,512/6144/6144,graph,144,99.2008,15.1258,99.2248,99.2008,
100,32,524288,8192,hyprefill,512/6144/6144,graph,145,99.0163,15.4004,99.0419,99.0163,
100,32,524288,8192,hyprefill,512/6144/6144,graph,146,98.1972,15.1258,98.2184,98.1972,
100,32,524288,8192,hyprefill,512/6144/6144,graph,147,100.2314,15.4004,100.2515,100.2314,
100,32,524288,8192,hyprefill,512/6144/6144,graph,148,99.9833,15.1258,100.0057,99.9833,
100,32,524288,8192,hyprefill,512/6144/6144,graph,149,101.5253,15.4004,101.5579,101.5253,
100,32,524288,8192,hyprefill,512/6144/6144,graph,150,102.3558,15.4004,102.3813,102.3558,
100,32,524288,8192,hyprefill,512/6144/6144,graph,151,100.5978,15.4004,100.6239,100.5978,
100,32,524288,8192,hyprefill,512/6144/6144,graph,152,101.9248,15.4004,101.9431,101.9248,
100,32,524288,8192,hyprefill,512/6144/6144,graph,153,100.7153,15.4004,100.7340,100.7153,
100,32,524288,8192,hyprefill,512/6144/6144,graph,154,101.9495,15.4004,101.9721,101.9495,
100,32,524288,8192,hyprefill,512/6144/6144,graph,155,100.0868,15.4004,100.1162,100.0868,
100,32,524288,8192,hyprefill,512/6144/6144,graph,156,98.8787,15.1258,98.9028,98.8787,
100,32,524288,8192,hyprefill,512/6144/6144,graph,157,99.5990,15.4004,99.6210,99.5990,
100,32,524288,8192,hyprefill,512/6144/6144,graph,158,100.6435,15.1258,100.6636,100.6435,
100,32,524288,8192,hyprefill,512/6144/6144,graph,159,101.5041,15.4004,101.5242,101.5041,
100,32,524288,8192,hyprefill,512/6144/6144,graph,160,100.4536,15.1258,100.4768,100.4536,
100,32,524288,8192,hyprefill,512/6144/6144,graph,161,101.4470,15.4004,101.4682,101.4470,
100,32,524288,8192,hyprefill,512/6144/6144,graph,162,102.6450,15.4004,102.6793,102.6450,
100,32,524288,8192,hyprefill,512/6144/6144,graph,163,102.1526,15.4004,102.1969,102.1526,
100,32,524288,8192,hyprefill,512/6144/6144,graph,164,100.3333,15.4004,100.3712,100.3333,
100,32,524288,8192,hyprefill,512/6144/6144,graph,165,101.0658,15.4004,101.1223,101.0658,
100,32,524288,8192,hyprefill,512/6144/6144,graph,166,100.8471,15.4004,100.8925,100.8471,
100,32,524288,8192,hyprefill,512/6144/6144,graph,167,100.5509,15.4004,100.5728,100.5509,
100,32,524288,8192,hyprefill,512/6144/6144,graph,168,99.3130,15.1258,99.3336,99.3130,
100,32,524288,8192,hyprefill,512/6144/6144,graph,169,99.9465,15.4004,99.9714,99.9465,
100,32,524288,8192,hyprefill,512/6144/6144,graph,170,100.5365,15.1258,100.5588,100.5365,
100,32,524288,8192,hyprefill,512/6144/6144,graph,171,100.6256,15.4004,100.6518,100.6256,
100,32,524288,8192,hyprefill,512/6144/6144,graph,172,101.8034,15.1258,101.8299,101.8034,
100,32,524288,8192,hyprefill,512/6144/6144,graph,173,99.4264,15.4004,99.4517,99.4264,
100,32,524288,8192,hyprefill,512/6144/6144,graph,174,100.3818,15.4004,100.4097,100.3818,
100,32,524288,8192,hyprefill,512/6144/6144,graph,175,100.5840,15.4004,100.6066,100.5840,
100,32,524288,8192,hyprefill,512/6144/6144,graph,176,101.1489,15.4004,101.1691,101.1489,
100,32,524288,8192,hyprefill,512/6144/6144,graph,177,99.0070,15.4004,99.0281,99.0070,
100,32,524288,8192,hyprefill,512/6144/6144,graph,178,99.5347,15.4004,99.5558,99.5347,
100,32,524288,8192,hyprefill,512/6144/6144,graph,179,100.0198,15.4004,100.0427,100.0198,
100,32,524288,8192,hyprefill,512/6144/6144,graph,180,100.1196,15.1258,100.1448,100.1196,
100,32,524288,8192,hyprefill,512/6144/6144,graph,181,98.9444,15.4004,98.9660,98.9444,
100,32,524288,8192,hyprefill,512/6144/6144,graph,182,100.0308,15.1258,100.0550,100.0308,
100,32,524288,8192,hyprefill,512/6144/6144,graph,183,99.1529,15.4004,99.1764,99.1529,
100,32,524288,8192,hyprefill,512/6144/6144,graph,184,100.0255,15.1258,100.0525,100.0255,
100,32,524288,8192,hyprefill,512/6144/6144,graph,185,100.2202,15.4004,100.2412,100.2202,
100,32,524288,8192,hyprefill,512/6144/6144,graph,186,100.6733,15.4004,100.6962,100.6733,
100,32,524288,8192,hyprefill,512/6144/6144,graph,187,100.7970,15.4004,100.8223,100.7970,
100,32,524288,8192,hyprefill,512/6144/6144,graph,188,100.5037,15.4004,100.5281,100.5037,
100,32,524288,8192,hyprefill,512/6144/6144,graph,189,100.1762,15.4004,100.1972,100.1762,
100,32,524288,8192,hyprefill,512/6144/6144,graph,190,102.1141,15.4004,102.1358,102.1141,
100,32,524288,8192,hyprefill,512/6144/6144,graph,191,102.9802,15.4004,103.0224,102.9802,
100,32,524288,8192,hyprefill,512/6144/6144,graph,192,101.6607,15.1258,101.7613,101.6607,
100,32,524288,8192,hyprefill,512/6144/6144,graph,193,99.4185,15.4004,99.4746,99.4185,
100,32,524288,8192,hyprefill,512/6144/6144,graph,194,102.4548,15.1258,102.4782,102.4548,
100,32,524288,8192,hyprefill,512/6144/6144,graph,195,101.7708,15.4004,101.7966,101.7708,
100,32,524288,8192,hyprefill,512/6144/6144,graph,196,100.4839,15.1258,100.5139,100.4839,
100,32,524288,8192,hyprefill,512/6144/6144,graph,197,99.2085,15.4004,99.2354,99.2085,
100,32,524288,8192,hyprefill,512/6144/6144,graph,198,100.4575,15.4004,100.4844,100.4575,
100,32,524288,8192,hyprefill,512/6144/6144,graph,199,101.8398,15.4004,101.8750,101.8398,
100,32,524288,8192,hyprefill,512/1536/1536,graph,0,93.1988,17.5971,93.2604,93.1988,
100,32,524288,8192,hyprefill,512/1536/1536,graph,1,92.7873,17.5971,92.8438,92.7873,
100,32,524288,8192,hyprefill,512/1536/1536,graph,2,92.6901,17.5971,92.7453,92.6901,
100,32,524288,8192,hyprefill,512/1536/1536,graph,3,97.1383,17.5971,97.1774,97.1383,
100,32,524288,8192,hyprefill,512/1536/1536,graph,4,96.1238,17.5971,96.1563,96.1238,
100,32,524288,8192,hyprefill,512/1536/1536,graph,5,96.0921,17.5971,96.1240,96.0921,
100,32,524288,8192,hyprefill,512/1536/1536,graph,6,97.4473,17.5971,97.4804,97.4473,
100,32,524288,8192,hyprefill,512/1536/1536,graph,7,96.9472,17.5971,96.9790,96.9472,
100,32,524288,8192,hyprefill,512/1536/1536,graph,8,96.6779,17.5971,96.7102,96.6779,
100,32,524288,8192,hyprefill,512/1536/1536,graph,9,97.9044,17.5971,97.9366,97.9044,
100,32,524288,8192,hyprefill,512/1536/1536,graph,10,100.5658,17.5971,100.5969,100.5658,
100,32,524288,8192,hyprefill,512/1536/1536,graph,11,108.4325,17.5971,108.4625,108.4325,
100,32,524288,8192,hyprefill,512/1536/1536,graph,12,100.8815,17.5971,100.9064,100.8815,
100,32,524288,8192,hyprefill,512/1536/1536,graph,13,98.0406,17.5971,98.0693,98.0406,
100,32,524288,8192,hyprefill,512/1536/1536,graph,14,97.3944,17.5971,97.4357,97.3944,
100,32,524288,8192,hyprefill,512/1536/1536,graph,15,97.3728,17.5971,97.4113,97.3728,
100,32,524288,8192,hyprefill,512/1536/1536,graph,16,97.7398,17.5971,97.7792,97.7398,
100,32,524288,8192,hyprefill,512/1536/1536,graph,17,96.8957,17.5971,96.9315,96.8957,
100,32,524288,8192,hyprefill,512/1536/1536,graph,18,96.7699,17.5971,96.8006,96.7699,
100,32,524288,8192,hyprefill,512/1536/1536,graph,19,97.7277,17.5971,97.7638,97.7277,
100,32,524288,8192,hyprefill,512/1536/1536,graph,20,102.4196,17.5971,102.4654,102.4196,
100,32,524288,8192,hyprefill,512/1536/1536,graph,21,103.7710,17.5971,103.8083,103.7710,
100,32,524288,8192,hyprefill,512/1536/1536,graph,22,101.1261,17.5971,101.1645,101.1261,
100,32,524288,8192,hyprefill,512/1536/1536,graph,23,100.5924,17.5971,100.6222,100.5924,
100,32,524288,8192,hyprefill,512/1536/1536,graph,24,99.0512,17.5971,99.0775,99.0512,
100,32,524288,8192,hyprefill,512/1536/1536,graph,25,96.9808,17.5971,97.0092,96.9808,
100,32,524288,8192,hyprefill,512/1536/1536,graph,26,97.7996,17.5971,97.8268,97.7996,
100,32,524288,8192,hyprefill,512/1536/1536,graph,27,98.1505,17.5971,98.1746,98.1505,
100,32,524288,8192,hyprefill,512/1536/1536,graph,28,97.0565,17.5971,97.0798,97.0565,
100,32,524288,8192,hyprefill,512/1536/1536,graph,29,98.8974,17.5971,98.9207,98.8974,
100,32,524288,8192,hyprefill,512/1536/1536,graph,30,101.5804,17.5971,101.6067,101.5804,
100,32,524288,8192,hyprefill,512/1536/1536,graph,31,102.5103,17.5971,102.5372,102.5103,
100,32,524288,8192,hyprefill,512/1536/1536,graph,32,100.7770,17.5971,100.8030,100.7770,
100,32,524288,8192,hyprefill,512/1536/1536,graph,33,99.3418,17.5971,99.3706,99.3418,
100,32,524288,8192,hyprefill,512/1536/1536,graph,34,98.0601,17.5971,98.0902,98.0601,
100,32,524288,8192,hyprefill,512/1536/1536,graph,35,97.8855,17.5971,97.9103,97.8855,
100,32,524288,8192,hyprefill,512/1536/1536,graph,36,98.6471,17.5971,98.6678,98.6471,
100,32,524288,8192,hyprefill,512/1536/1536,graph,37,97.4255,17.5971,97.4474,97.4255,
100,32,524288,8192,hyprefill,512/1536/1536,graph,38,97.4071,17.5971,97.4289,97.4071,
100,32,524288,8192,hyprefill,512/1536/1536,graph,39,99.1370,17.5971,99.1576,99.1370,
100,32,524288,8192,hyprefill,512/1536/1536,graph,40,99.8571,17.5971,99.9115,99.8571,
100,32,524288,8192,hyprefill,512/1536/1536,graph,41,101.8837,17.5971,101.9593,101.8837,
100,32,524288,8192,hyprefill,512/1536/1536,graph,42,101.5758,17.5971,101.6012,101.5758,
100,32,524288,8192,hyprefill,512/1536/1536,graph,43,98.5868,17.5971,98.6086,98.5868,
100,32,524288,8192,hyprefill,512/1536/1536,graph,44,98.5115,17.5971,98.5307,98.5115,
100,32,524288,8192,hyprefill,512/1536/1536,graph,45,98.4332,17.5971,98.4548,98.4332,
100,32,524288,8192,hyprefill,512/1536/1536,graph,46,98.2467,17.5971,98.2735,98.2467,
100,32,524288,8192,hyprefill,512/1536/1536,graph,47,97.8820,17.5971,97.9142,97.8820,
100,32,524288,8192,hyprefill,512/1536/1536,graph,48,97.9732,17.5971,97.9984,97.9732,
100,32,524288,8192,hyprefill,512/1536/1536,graph,49,99.3010,17.5971,99.3248,99.3010,
100,32,524288,8192,hyprefill,512/1536/1536,graph,50,98.9093,17.5971,98.9291,98.9093,
100,32,524288,8192,hyprefill,512/1536/1536,graph,51,101.2194,17.5971,101.2388,101.2194,
100,32,524288,8192,hyprefill,512/1536/1536,graph,52,100.9097,17.5971,100.9297,100.9097,
100,32,524288,8192,hyprefill,512/1536/1536,graph,53,98.4356,17.5971,98.4561,98.4356,
100,32,524288,8192,hyprefill,512/1536/1536,graph,54,99.6213,17.5971,99.6422,99.6213,
100,32,524288,8192,hyprefill,512/1536/1536,graph,55,98.0826,17.5971,98.1042,98.0826,
100,32,524288,8192,hyprefill,512/1536/1536,graph,56,97.9538,17.5971,97.9723,97.9538,
100,32,524288,8192,hyprefill,512/1536/1536,graph,57,98.6649,17.5971,98.6833,98.6649,
100,32,524288,8192,hyprefill,512/1536/1536,graph,58,98.1715,17.5971,98.1937,98.1715,
100,32,524288,8192,hyprefill,512/1536/1536,graph,59,98.7528,17.5971,98.7828,98.7528,
100,32,524288,8192,hyprefill,512/1536/1536,graph,60,99.5212,17.5971,99.5541,99.5212,
100,32,524288,8192,hyprefill,512/1536/1536,graph,61,98.8628,17.5971,98.8983,98.8628,
100,32,524288,8192,hyprefill,512/1536/1536,graph,62,100.5039,17.5971,100.5280,100.5039,
100,32,524288,8192,hyprefill,512/1536/1536,graph,63,99.7479,17.5971,99.7707,99.7479,
100,32,524288,8192,hyprefill,512/1536/1536,graph,64,99.0544,17.5971,99.0750,99.0544,
100,32,524288,8192,hyprefill,512/1536/1536,graph,65,99.0248,17.5971,99.0454,99.0248,
100,32,524288,8192,hyprefill,512/1536/1536,graph,66,97.5705,17.5971,97.5913,97.5705,
100,32,524288,8192,hyprefill,512/1536/1536,graph,67,96.8855,17.5971,96.9068,96.8855,
100,32,524288,8192,hyprefill,512/1536/1536,graph,68,97.9774,17.5971,97.9973,97.9774,
100,32,524288,8192,hyprefill,512/1536/1536,graph,69,98.5964,17.5971,98.6175,98.5964,
100,32,524288,8192,hyprefill,512/1536/1536,graph,70,99.6292,17.5971,99.6540,99.6292,
100,32,524288,8192,hyprefill,512/1536/1536,graph,71,98.9243,17.5971,98.9456,98.9243,
100,32,524288,8192,hyprefill,512/1536/1536,graph,72,101.0738,17.5971,101.0918,101.0738,
100,32,524288,8192,hyprefill,512/1536/1536,graph,73,99.8655,17.5971,99.8837,99.8655,
100,32,524288,8192,hyprefill,512/1536/1536,graph,74,100.0090,17.5971,100.0321,100.0090,
100,32,524288,8192,hyprefill,512/1536/1536,graph,75,99.6828,17.5971,99.7115,99.6828,
100,32,524288,8192,hyprefill,512/1536/1536,graph,76,98.2059,17.5971,98.2287,98.2059,
100,32,524288,8192,hyprefill,512/1536/1536,graph,77,97.9819,17.5971,98.0046,97.9819,
100,32,524288,8192,hyprefill,512/1536/1536,graph,78,97.5606,17.5971,97.5840,97.5606,
100,32,524288,8192,hyprefill,512/1536/1536,graph,79,98.3141,17.5971,98.3383,98.3141,
100,32,524288,8192,hyprefill,512/1536/1536,graph,80,99.5668,17.5971,99.5945,99.5668,
100,32,524288,8192,hyprefill,512/1536/1536,graph,81,99.0718,17.5971,99.1072,99.0718,
100,32,524288,8192,hyprefill,512/1536/1536,graph,82,99.7495,17.5971,99.7710,99.7495,
100,32,524288,8192,hyprefill,512/1536/1536,graph,83,100.1309,17.5971,100.1511,100.1309,
100,32,524288,8192,hyprefill,512/1536/1536,graph,84,99.5712,17.5971,99.5895,99.5712,
100,32,524288,8192,hyprefill,512/1536/1536,graph,85,98.1013,17.5971,98.1205,98.1013,
100,32,524288,8192,hyprefill,512/1536/1536,graph,86,99.2050,17.5971,99.2231,99.2050,
100,32,524288,8192,hyprefill,512/1536/1536,graph,87,100.1287,17.5971,100.1479,100.1287,
100,32,524288,8192,hyprefill,512/1536/1536,graph,88,98.7128,17.5971,98.7337,98.7128,
100,32,524288,8192,hyprefill,512/1536/1536,graph,89,98.8483,17.5971,98.8682,98.8483,
100,32,524288,8192,hyprefill,512/1536/1536,graph,90,98.8868,17.5971,98.9081,98.8868,
100,32,524288,8192,hyprefill,512/1536/1536,graph,91,99.1189,17.5971,99.1396,99.1189,
100,32,524288,8192,hyprefill,512/1536/1536,graph,92,100.7524,17.5971,100.7710,100.7524,
100,32,524288,8192,hyprefill,512/1536/1536,graph,93,98.7943,17.5971,98.8124,98.7943,
100,32,524288,8192,hyprefill,512/1536/1536,graph,94,99.3041,17.5971,99.3215,99.3041,
100,32,524288,8192,hyprefill,512/1536/1536,graph,95,98.6617,17.5971,98.6817,98.6617,
100,32,524288,8192,hyprefill,512/1536/1536,graph,96,100.2616,17.5971,100.2795,100.2616,
100,32,524288,8192,hyprefill,512/1536/1536,graph,97,98.7116,17.5971,98.7420,98.7116,
100,32,524288,8192,hyprefill,512/1536/1536,graph,98,98.0548,17.5971,98.0827,98.0548,
100,32,524288,8192,hyprefill,512/1536/1536,graph,99,99.3556,17.5971,99.3732,99.3556,
100,32,524288,8192,hyprefill,512/1536/1536,graph,100,98.1705,17.5971,98.1974,98.1705,
100,32,524288,8192,hyprefill,512/1536/1536,graph,101,99.1667,17.5971,99.2263,99.1667,
100,32,524288,8192,hyprefill,512/1536/1536,graph,102,99.8365,17.5971,99.9070,99.8365,
100,32,524288,8192,hyprefill,512/1536/1536,graph,103,99.3815,17.5971,99.4102,99.3815,
100,32,524288,8192,hyprefill,512/1536/1536,graph,104,98.8267,17.5971,98.8493,98.8267,
100,32,524288,8192,hyprefill,512/1536/1536,graph,105,98.5871,17.5971,98.6080,98.5871,
100,32,524288,8192,hyprefill,512/1536/1536,graph,106,99.1776,17.5971,99.1968,99.1776,
100,32,524288,8192,hyprefill,512/1536/1536,graph,107,98.8964,17.5971,98.9151,98.8964,
100,32,524288,8192,hyprefill,512/1536/1536,graph,108,97.3783,17.5971,97.3996,97.3783,
100,32,524288,8192,hyprefill,512/1536/1536,graph,109,99.1323,17.5971,99.1590,99.1323,
100,32,524288,8192,hyprefill,512/1536/1536,graph,110,98.3873,17.5971,98.4121,98.3873,
100,32,524288,8192,hyprefill,512/1536/1536,graph,111,100.5398,17.5971,100.5624,100.5398,
100,32,524288,8192,hyprefill,512/1536/1536,graph,112,98.5137,17.5971,98.5532,98.5137,
100,32,524288,8192,hyprefill,512/1536/1536,graph,113,97.9202,17.5971,97.9791,97.9202,
100,32,524288,8192,hyprefill,512/1536/1536,graph,114,100.9591,17.5971,100.9839,100.9591,
100,32,524288,8192,hyprefill,512/1536/1536,graph,115,99.1976,17.5971,99.2186,99.1976,
100,32,524288,8192,hyprefill,512/1536/1536,graph,116,99.6994,17.5971,99.7214,99.6994,
100,32,524288,8192,hyprefill,512/1536/1536,graph,117,99.1602,17.5971,99.1883,99.1602,
100,32,524288,8192,hyprefill,512/1536/1536,graph,118,98.8141,17.5971,98.8335,98.8141,
100,32,524288,8192,hyprefill,512/1536/1536,graph,119,99.8093,17.5971,99.8285,99.8093,
100,32,524288,8192,hyprefill,512/1536/1536,graph,120,98.5205,17.5971,98.5644,98.5205,
100,32,524288,8192,hyprefill,512/1536/1536,graph,121,98.3951,17.5971,98.4737,98.3951,
100,32,524288,8192,hyprefill,512/1536/1536,graph,122,99.0326,17.5971,99.0848,99.0326,
100,32,524288,8192,hyprefill,512/1536/1536,graph,123,99.1603,17.5971,99.1790,99.1603,
100,32,524288,8192,hyprefill,512/1536/1536,graph,124,99.1197,17.5971,99.1373,99.1197,
100,32,524288,8192,hyprefill,512/1536/1536,graph,125,98.9469,17.5971,98.9653,98.9469,
100,32,524288,8192,hyprefill,512/1536/1536,graph,126,98.9023,17.5971,98.9279,98.9023,
100,32,524288,8192,hyprefill,512/1536/1536,graph,127,98.4008,17.5971,98.4237,98.4008,
100,32,524288,8192,hyprefill,512/1536/1536,graph,128,99.1226,17.5971,99.1476,99.1226,
100,32,524288,8192,hyprefill,512/1536/1536,graph,129,99.5383,17.5971,99.5667,99.5383,
100,32,524288,8192,hyprefill,512/1536/1536,graph,130,99.9872,17.5971,100.0106,99.9872,
100,32,524288,8192,hyprefill,512/1536/1536,graph,131,98.5071,17.5971,98.5241,98.5071,
100,32,524288,8192,hyprefill,512/1536/1536,graph,132,99.1174,17.5971,99.1353,99.1174,
100,32,524288,8192,hyprefill,512/1536/1536,graph,133,98.8403,17.5971,98.8595,98.8403,
100,32,524288,8192,hyprefill,512/1536/1536,graph,134,99.6267,17.5971,99.6454,99.6267,
100,32,524288,8192,hyprefill,512/1536/1536,graph,135,98.4733,17.5971,98.5010,98.4733,
100,32,524288,8192,hyprefill,512/1536/1536,graph,136,99.0603,17.5971,99.1042,99.0603,
100,32,524288,8192,hyprefill,512/1536/1536,graph,137,96.6196,17.5971,96.6426,96.6196,
100,32,524288,8192,hyprefill,512/1536/1536,graph,138,98.2348,17.5971,98.2539,98.2348,
100,32,524288,8192,hyprefill,512/1536/1536,graph,139,99.9519,17.5971,99.9689,99.9519,
100,32,524288,8192,hyprefill,512/1536/1536,graph,140,100.1841,17.5971,100.2011,100.1841,
100,32,524288,8192,hyprefill,512/1536/1536,graph,141,100.2403,17.5971,100.2580,100.2403,
100,32,524288,8192,hyprefill,512/1536/1536,graph,142,99.6744,17.5971,99.6942,99.6744,
100,32,524288,8192,hyprefill,512/1536/1536,graph,143,98.0965,17.5971,98.1275,98.0965,
100,32,524288,8192,hyprefill,512/1536/1536,graph,144,98.7579,17.5971,98.7841,98.7579,
100,32,524288,8192,hyprefill,512/1536/1536,graph,145,98.6766,17.5971,98.7023,98.6766,
100,32,524288,8192,hyprefill,512/1536/1536,graph,146,98.1361,17.5971,98.1610,98.1361,
100,32,524288,8192,hyprefill,512/1536/1536,graph,147,98.1071,17.5971,98.1359,98.1071,
100,32,524288,8192,hyprefill,512/1536/1536,graph,148,98.3563,17.5971,98.3813,98.3563,
100,32,524288,8192,hyprefill,512/1536/1536,graph,149,99.4850,17.5971,99.5044,99.4850,
100,32,524288,8192,hyprefill,512/1536/1536,graph,150,100.3970,17.5971,100.4362,100.3970,
100,32,524288,8192,hyprefill,512/1536/1536,graph,151,100.5620,17.5971,100.6328,100.5620,
100,32,524288,8192,hyprefill,512/1536/1536,graph,152,98.5817,17.5971,98.6258,98.5817,
100,32,524288,8192,hyprefill,512/1536/1536,graph,153,99.6649,17.5971,99.6955,99.6649,
100,32,524288,8192,hyprefill,512/1536/1536,graph,154,99.1673,17.5971,99.1934,99.1673,
100,32,524288,8192,hyprefill,512/1536/1536,graph,155,98.8468,17.5971,98.8660,98.8468,
100,32,524288,8192,hyprefill,512/1536/1536,graph,156,98.6229,17.5971,98.6445,98.6229,
100,32,524288,8192,hyprefill,512/1536/1536,graph,157,97.2139,17.5971,97.2329,97.2139,
100,32,524288,8192,hyprefill,512/1536/1536,graph,158,98.5306,17.5971,98.5500,98.5306,
100,32,524288,8192,hyprefill,512/1536/1536,graph,159,98.5197,17.5971,98.5384,98.5197,
100,32,524288,8192,hyprefill,512/1536/1536,graph,160,99.3983,17.5971,99.4194,99.3983,
100,32,524288,8192,hyprefill,512/1536/1536,graph,161,100.2778,17.5971,100.3050,100.2778,
100,32,524288,8192,hyprefill,512/1536/1536,graph,162,100.0806,17.5971,100.1136,100.0806,
100,32,524288,8192,hyprefill,512/1536/1536,graph,163,98.9094,17.5971,98.9320,98.9094,
100,32,524288,8192,hyprefill,512/1536/1536,graph,164,98.5436,17.5971,98.5616,98.5436,
100,32,524288,8192,hyprefill,512/1536/1536,graph,165,99.2430,17.5971,99.2615,99.2430,
100,32,524288,8192,hyprefill,512/1536/1536,graph,166,97.9887,17.5971,98.0075,97.9887,
100,32,524288,8192,hyprefill,512/1536/1536,graph,167,98.2170,17.5971,98.2377,98.2170,
100,32,524288,8192,hyprefill,512/1536/1536,graph,168,98.2953,17.5971,98.3137,98.2953,
100,32,524288,8192,hyprefill,512/1536/1536,graph,169,98.8486,17.5971,98.8688,98.8486,
100,32,524288,8192,hyprefill,512/1536/1536,graph,170,100.0523,17.5971,100.0744,100.0523,
100,32,524288,8192,hyprefill,512/1536/1536,graph,171,100.2319,17.5971,100.2518,100.2319,
100,32,524288,8192,hyprefill,512/1536/1536,graph,172,99.7609,17.5971,99.8002,99.7609,
100,32,524288,8192,hyprefill,512/1536/1536,graph,173,100.2853,17.5971,100.3498,100.2853,
100,32,524288,8192,hyprefill,512/1536/1536,graph,174,99.1510,17.5971,99.2339,99.1510,
100,32,524288,8192,hyprefill,512/1536/1536,graph,175,99.5779,17.5971,99.6421,99.5779,
100,32,524288,8192,hyprefill,512/1536/1536,graph,176,98.6637,17.5971,98.7086,98.6637,
100,32,524288,8192,hyprefill,512/1536/1536,graph,177,98.5991,17.5971,98.6823,98.5991,
100,32,524288,8192,hyprefill,512/1536/1536,graph,178,98.2723,17.5971,98.3626,98.2723,
100,32,524288,8192,hyprefill,512/1536/1536,graph,179,98.9513,17.5971,99.0108,98.9513,
100,32,524288,8192,hyprefill,512/1536/1536,graph,180,101.0170,17.5971,101.0382,101.0170,
100,32,524288,8192,hyprefill,512/1536/1536,graph,181,99.0207,17.5971,99.0419,99.0207,
100,32,524288,8192,hyprefill,512/1536/1536,graph,182,100.0020,17.5971,100.0204,100.0020,
100,32,524288,8192,hyprefill,512/1536/1536,graph,183,100.0251,17.5971,100.0442,100.0251,
100,32,524288,8192,hyprefill,512/1536/1536,graph,184,98.9600,17.5971,98.9851,98.9600,
100,32,524288,8192,hyprefill,512/1536/1536,graph,185,97.7553,17.5971,97.7766,97.7553,
100,32,524288,8192,hyprefill,512/1536/1536,graph,186,97.3500,17.5971,97.3701,97.3500,
100,32,524288,8192,hyprefill,512/1536/1536,graph,187,98.2911,17.5971,98.3107,98.2911,
100,32,524288,8192,hyprefill,512/1536/1536,graph,188,98.4431,17.5971,98.4603,98.4431,
100,32,524288,8192,hyprefill,512/1536/1536,graph,189,99.4306,17.5971,99.4475,99.4306,
100,32,524288,8192,hyprefill,512/1536/1536,graph,190,100.3098,17.5971,100.3259,100.3098,
100,32,524288,8192,hyprefill,512/1536/1536,graph,191,99.2881,17.5971,99.3056,99.2881,
100,32,524288,8192,hyprefill,512/1536/1536,graph,192,99.2865,17.5971,99.3073,99.2865,
100,32,524288,8192,hyprefill,512/1536/1536,graph,193,100.7469,17.5971,100.7718,100.7469,
100,32,524288,8192,hyprefill,512/1536/1536,graph,194,100.8209,17.5971,100.8436,100.8209,
100,32,524288,8192,hyprefill,512/1536/1536,graph,195,100.3833,17.5971,100.4044,100.3833,
100,32,524288,8192,hyprefill,512/1536/1536,graph,196,97.7781,17.5971,97.8035,97.7781,
100,32,524288,8192,hyprefill,512/1536/1536,graph,197,97.6543,17.5971,97.6805,97.6543,
100,32,524288,8192,hyprefill,512/1536/1536,graph,198,99.6112,17.5971,99.6402,99.6112,
100,32,524288,8192,hyprefill,512/1536/1536,graph,199,100.3908,17.5971,100.4145,100.3908,
100,32,524288,8192,hyprefill,1024/1024/1024,graph,0,92.5148,18.5046,92.5681,92.5148,
100,32,524288,8192,hyprefill,1024/1024/1024,graph,1,91.8185,18.5046,91.8717,91.8185,
100,32,524288,8192,hyprefill,1024/1024/1024,graph,2,92.1984,18.5046,92.2524,92.1984,
100,32,524288,8192,hyprefill,1024/1024/1024,graph,3,91.9879,18.5046,92.0397,91.9879,
100,32,524288,8192,hyprefill,1024/1024/1024,graph,4,91.6144,18.5046,91.6647,91.6144,
100,32,524288,8192,hyprefill,1024/1024/1024,graph,5,92.2118,18.5046,92.2582,92.2118,
100,32,524288,8192,hyprefill,1024/1024/1024,graph,6,92.2624,18.5046,92.3109,92.2624,
100,32,524288,8192,hyprefill,1024/1024/1024,graph,7,92.0978,18.5046,92.1455,92.0978,
100,32,524288,8192,hyprefill,1024/1024/1024,graph,8,91.3438,18.5046,91.3964,91.3438,
100,32,524288,8192,hyprefill,1024/1024/1024,graph,9,89.8885,18.5046,89.9395,89.8885,
100,32,524288,8192,hyprefill,1024/1024/1024,graph,10,90.5391,18.5046,90.5876,90.5391,
100,32,524288,8192,hyprefill,1024/1024/1024,graph,11,92.3047,18.5046,92.3635,92.3047,
100,32,524288,8192,hyprefill,1024/1024/1024,graph,12,90.7441,18.5046,90.7956,90.7441,
100,32,524288,8192,hyprefill,1024/1024/1024,graph,13,92.0949,18.5046,92.1452,92.0949,
100,32,524288,8192,hyprefill,1024/1024/1024,graph,14,91.5446,18.5046,91.5944,91.5446,
100,32,524288,8192,hyprefill,1024/1024/1024,graph,15,91.9796,18.5046,92.0391,91.9796,
100,32,524288,8192,hyprefill,1024/1024/1024,graph,16,93.4197,18.5046,93.4710,93.4197,
100,32,524288,8192,hyprefill,1024/1024/1024,graph,17,92.3692,18.5046,92.4190,92.3692,
100,32,524288,8192,hyprefill,1024/1024/1024,graph,18,92.8275,18.5046,92.8804,92.8275,
100,32,524288,8192,hyprefill,1024/1024/1024,graph,19,91.3483,18.5046,91.4051,91.3483,
100,32,524288,8192,hyprefill,1024/1024/1024,graph,20,91.9223,18.5046,91.9715,91.9223,
100,32,524288,8192,hyprefill,1024/1024/1024,graph,21,93.0587,18.5046,93.1162,93.0587,
100,32,524288,8192,hyprefill,1024/1024/1024,graph,22,91.3061,18.5046,91.3734,91.3061,
100,32,524288,8192,hyprefill,1024/1024/1024,graph,23,92.4257,18.7791,92.4952,92.4257,
100,32,524288,8192,hyprefill,1024/1024/1024,graph,24,93.4705,18.7791,93.5194,93.4705,
100,32,524288,8192,hyprefill,1024/1024/1024,graph,25,91.5979,19.0537,91.6517,91.5979,
100,32,524288,8192,hyprefill,1024/1024/1024,graph,26,94.6287,19.0537,94.6891,94.6287,
100,32,524288,8192,hyprefill,1024/1024/1024,graph,27,93.9650,19.3283,94.0180,93.9650,
100,32,524288,8192,hyprefill,1024/1024/1024,graph,28,94.7868,19.3283,94.8412,94.7868,
100,32,524288,8192,hyprefill,1024/1024/1024,graph,29,94.9966,19.3283,95.0511,94.9966,
100,32,524288,8192,hyprefill,1024/1024/1024,graph,30,94.5184,19.3283,94.5704,94.5184,
100,32,524288,8192,hyprefill,1024/1024/1024,graph,31,92.8754,19.0537,92.9502,92.8754,
100,32,524288,8192,hyprefill,1024/1024/1024,graph,32,90.8790,19.3283,90.9303,90.8790,
100,32,524288,8192,hyprefill,1024/1024/1024,graph,33,93.9435,19.0537,93.9946,93.9435,
100,32,524288,8192,hyprefill,1024/1024/1024,graph,34,93.6555,19.3283,93.7016,93.6555,
100,32,524288,8192,hyprefill,1024/1024/1024,graph,35,94.1409,19.0537,94.1863,94.1409,
100,32,524288,8192,hyprefill,1024/1024/1024,graph,36,92.7583,19.3283,92.8144,92.7583,
100,32,524288,8192,hyprefill,1024/1024/1024,graph,37,93.3222,19.0537,93.3743,93.3222,
100,32,524288,8192,hyprefill,1024/1024/1024,graph,38,92.8953,18.7791,92.9405,92.8953,
100,32,524288,8192,hyprefill,1024/1024/1024,graph,39,92.8851,19.3283,92.9395,92.8851,
100,32,524288,8192,hyprefill,1024/1024/1024,graph,40,94.7310,19.3283,94.7866,94.7310,
100,32,524288,8192,hyprefill,1024/1024/1024,graph,41,93.6153,19.3283,93.6683,93.6153,
100,32,524288,8192,hyprefill,1024/1024/1024,graph,42,94.2602,19.3283,94.3204,94.2602,
100,32,524288,8192,hyprefill,1024/1024/1024,graph,43,93.4457,19.0537,93.5164,93.4457,
100,32,524288,8192,hyprefill,1024/1024/1024,graph,44,94.7228,19.0537,94.7724,94.7228,
100,32,524288,8192,hyprefill,1024/1024/1024,graph,45,92.6431,18.7791,92.6954,92.6431,
100,32,524288,8192,hyprefill,1024/1024/1024,graph,46,93.4461,18.7791,93.5025,93.4461,
100,32,524288,8192,hyprefill,1024/1024/1024,graph,47,92.0804,19.3283,92.1399,92.0804,
100,32,524288,8192,hyprefill,1024/1024/1024,graph,48,91.5181,19.0537,91.5691,91.5181,
100,32,524288,8192,hyprefill,1024/1024/1024,graph,49,92.2709,19.3283,92.3285,92.2709,
100,32,524288,8192,hyprefill,1024/1024/1024,graph,50,93.0993,19.0537,93.1538,93.0993,
100,32,524288,8192,hyprefill,1024/1024/1024,graph,51,92.8546,19.0537,92.9085,92.8546,
100,32,524288,8192,hyprefill,1024/1024/1024,graph,52,93.7567,18.7791,93.8054,93.7567,
100,32,524288,8192,hyprefill,1024/1024/1024,graph,53,93.3275,18.7791,93.3731,93.3275,
100,32,524288,8192,hyprefill,1024/1024/1024,graph,54,91.4431,18.7791,91.4960,91.4431,
100,32,524288,8192,hyprefill,1024/1024/1024,graph,55,94.1980,19.0537,94.2511,94.1980,
100,32,524288,8192,hyprefill,1024/1024/1024,graph,56,91.7407,19.0537,91.7965,91.7407,
100,32,524288,8192,hyprefill,1024/1024/1024,graph,57,91.9711,19.3283,92.0317,91.9711,
100,32,524288,8192,hyprefill,1024/1024/1024,graph,58,91.3708,18.7791,91.4293,91.3708,
100,32,524288,8192,hyprefill,1024/1024/1024,graph,59,90.6829,18.7791,90.7354,90.6829,
100,32,524288,8192,hyprefill,1024/1024/1024,graph,60,91.8381,18.5046,91.8849,91.8381,
100,32,524288,8192,hyprefill,1024/1024/1024,graph,61,93.9211,18.7791,93.9732,93.9211,
100,32,524288,8192,hyprefill,1024/1024/1024,graph,62,92.4805,18.7791,92.5349,92.4805,
100,32,524288,8192,hyprefill,1024/1024/1024,graph,63,92.2396,19.3283,92.3026,92.2396,
100,32,524288,8192,hyprefill,1024/1024/1024,graph,64,93.2121,19.0537,93.2668,93.2121,
100,32,524288,8192,hyprefill,1024/1024/1024,graph,65,91.2773,19.3283,91.3343,91.2773,
100,32,524288,8192,hyprefill,1024/1024/1024,graph,66,93.0026,19.3283,93.0576,93.0026,
100,32,524288,8192,hyprefill,1024/1024/1024,graph,67,93.9661,19.3283,94.0303,93.9661,
100,32,524288,8192,hyprefill,1024/1024/1024,graph,68,92.8322,19.0537,92.8855,92.8322,
100,32,524288,8192,hyprefill,1024/1024/1024,graph,69,92.6541,19.3283,92.7238,92.6541,
100,32,524288,8192,hyprefill,1024/1024/1024,graph,70,91.8420,19.3283,91.8999,91.8420,
100,32,524288,8192,hyprefill,1024/1024/1024,graph,71,93.0247,19.3283,93.0756,93.0247,
100,32,524288,8192,hyprefill,1024/1024/1024,graph,72,92.1275,19.0537,92.1784,92.1275,
100,32,524288,8192,hyprefill,1024/1024/1024,graph,73,92.7543,19.0537,92.8037,92.7543,
100,32,524288,8192,hyprefill,1024/1024/1024,graph,74,92.8449,18.7791,92.9032,92.8449,
100,32,524288,8192,hyprefill,1024/1024/1024,graph,75,91.7197,18.7791,91.7829,91.7197,
100,32,524288,8192,hyprefill,1024/1024/1024,graph,76,93.0509,18.5046,93.1079,93.0509,
100,32,524288,8192,hyprefill,1024/1024/1024,graph,77,91.9670,18.5046,92.0116,91.9670,
100,32,524288,8192,hyprefill,1024/1024/1024,graph,78,91.9815,18.5046,92.0347,91.9815,
100,32,524288,8192,hyprefill,1024/1024/1024,graph,79,91.2998,18.5046,91.3535,91.2998,
100,32,524288,8192,hyprefill,1024/1024/1024,graph,80,91.0714,18.5046,91.1234,91.0714,
100,32,524288,8192,hyprefill,1024/1024/1024,graph,81,89.2863,18.5046,89.3348,89.2863,
100,32,524288,8192,hyprefill,1024/1024/1024,graph,82,89.7825,18.5046,89.8404,89.7825,
100,32,524288,8192,hyprefill,1024/1024/1024,graph,83,91.8783,18.5046,91.9342,91.8783,
100,32,524288,8192,hyprefill,1024/1024/1024,graph,84,93.3225,18.5046,93.3743,93.3225,
100,32,524288,8192,hyprefill,1024/1024/1024,graph,85,91.1380,18.5046,91.1872,91.1380,
100,32,524288,8192,hyprefill,1024/1024/1024,graph,86,89.9841,18.5046,90.0326,89.9841,
100,32,524288,8192,hyprefill,1024/1024/1024,graph,87,90.9424,18.5046,90.9937,90.9424,
100,32,524288,8192,hyprefill,1024/1024/1024,graph,88,90.4950,18.5046,90.5506,90.4950,
100,32,524288,8192,hyprefill,1024/1024/1024,graph,89,92.2590,18.5046,92.3094,92.2590,
100,32,524288,8192,hyprefill,1024/1024/1024,graph,90,91.4736,18.5046,91.5203,91.4736,
100,32,524288,8192,hyprefill,1024/1024/1024,graph,91,91.2445,18.5046,91.2999,91.2445,
100,32,524288,8192,hyprefill,1024/1024/1024,graph,92,90.9828,18.5046,91.0434,90.9828,
100,32,524288,8192,hyprefill,1024/1024/1024,graph,93,90.5580,18.5046,90.6111,90.5580,
100,32,524288,8192,hyprefill,1024/1024/1024,graph,94,91.4814,18.5046,91.5300,91.4814,
100,32,524288,8192,hyprefill,1024/1024/1024,graph,95,90.9712,18.5046,91.0365,90.9712,
100,32,524288,8192,hyprefill,1024/1024/1024,graph,96,90.4729,18.5046,90.5275,90.4729,
100,32,524288,8192,hyprefill,1024/1024/1024,graph,97,90.5632,18.5046,90.6217,90.5632,
100,32,524288,8192,hyprefill,1024/1024/1024,graph,98,91.7671,18.5046,91.8177,91.7671,
100,32,524288,8192,hyprefill,1024/1024/1024,graph,99,91.6683,18.5046,91.7270,91.6683,
100,32,524288,8192,hyprefill,1024/1024/1024,graph,100,90.7001,18.5046,90.7636,90.7001,
100,32,524288,8192,hyprefill,1024/1024/1024,graph,101,92.1196,18.5046,92.1679,92.1196,
100,32,524288,8192,hyprefill,1024/1024/1024,graph,102,93.1371,18.5046,93.2024,93.1371,
100,32,524288,8192,hyprefill,1024/1024/1024,graph,103,92.6440,18.5046,92.7051,92.6440,
100,32,524288,8192,hyprefill,1024/1024/1024,graph,104,92.4847,18.5046,92.5376,92.4847,
100,32,524288,8192,hyprefill,1024/1024/1024,graph,105,92.1464,18.5046,92.1981,92.1464,
100,32,524288,8192,hyprefill,1024/1024/1024,graph,106,92.5202,18.5046,92.5746,92.5202,
100,32,524288,8192,hyprefill,1024/1024/1024,graph,107,93.1007,18.5046,93.1528,93.1007,
100,32,524288,8192,hyprefill,1024/1024/1024,graph,108,93.3530,18.5046,93.4068,93.3530,
100,32,524288,8192,hyprefill,1024/1024/1024,graph,109,93.5334,18.5046,93.5927,93.5334,
100,32,524288,8192,hyprefill,1024/1024/1024,graph,110,91.8201,18.5046,91.8729,91.8201,
100,32,524288,8192,hyprefill,1024/1024/1024,graph,111,93.4355,18.5046,93.4860,93.4355,
100,32,524288,8192,hyprefill,1024/1024/1024,graph,112,92.4486,18.5046,92.4940,92.4486,
100,32,524288,8192,hyprefill,1024/1024/1024,graph,113,91.8961,18.5046,91.9463,91.8961,
100,32,524288,8192,hyprefill,1024/1024/1024,graph,114,91.3366,18.5046,91.3814,91.3366,
100,32,524288,8192,hyprefill,1024/1024/1024,graph,115,93.6293,18.5046,93.6735,93.6293,
100,32,524288,8192,hyprefill,1024/1024/1024,graph,116,93.4479,18.5046,93.4950,93.4479,
100,32,524288,8192,hyprefill,1024/1024/1024,graph,117,91.9779,18.5046,92.0235,91.9779,
100,32,524288,8192,hyprefill,1024/1024/1024,graph,118,92.5906,18.5046,92.6350,92.5906,
100,32,524288,8192,hyprefill,1024/1024/1024,graph,119,92.7314,18.7791,92.7849,92.7314,
100,32,524288,8192,hyprefill,1024/1024/1024,graph,120,92.2170,18.7791,92.2721,92.2170,
100,32,524288,8192,hyprefill,1024/1024/1024,graph,121,93.1031,19.0537,93.1521,93.1031,
100,32,524288,8192,hyprefill,1024/1024/1024,graph,122,94.1735,19.0537,94.2241,94.1735,
100,32,524288,8192,hyprefill,1024/1024/1024,graph,123,93.2642,19.3283,93.3264,93.2642,
100,32,524288,8192,hyprefill,1024/1024/1024,graph,124,95.2298,19.3283,95.2869,95.2298,
100,32,524288,8192,hyprefill,1024/1024/1024,graph,125,92.1122,19.3283,92.1636,92.1122,
100,32,524288,8192,hyprefill,1024/1024/1024,graph,126,91.0165,19.3283,91.0628,91.0165,
100,32,524288,8192,hyprefill,1024/1024/1024,graph,127,93.3848,19.0537,93.4334,93.3848,
100,32,524288,8192,hyprefill,1024/1024/1024,graph,128,92.5038,19.3283,92.5587,92.5038,
100,32,524288,8192,hyprefill,1024/1024/1024,graph,129,95.0504,19.0537,95.1038,95.0504,
100,32,524288,8192,hyprefill,1024/1024/1024,graph,130,95.1076,19.3283,95.1601,95.1076,
100,32,524288,8192,hyprefill,1024/1024/1024,graph,131,93.7217,19.0537,93.7706,93.7217,
100,32,524288,8192,hyprefill,1024/1024/1024,graph,132,93.8979,19.3283,93.9595,93.8979,
100,32,524288,8192,hyprefill,1024/1024/1024,graph,133,93.4599,19.0537,93.5090,93.4599,
100,32,524288,8192,hyprefill,1024/1024/1024,graph,134,93.5981,18.7791,93.6520,93.5981,
100,32,524288,8192,hyprefill,1024/1024/1024,graph,135,93.9821,19.3283,94.0333,93.9821,
100,32,524288,8192,hyprefill,1024/1024/1024,graph,136,92.7738,19.3283,92.8253,92.7738,
100,32,524288,8192,hyprefill,1024/1024/1024,graph,137,94.4038,19.3283,94.4560,94.4038,
100,32,524288,8192,hyprefill,1024/1024/1024,graph,138,94.0756,19.3283,94.1343,94.0756,
100,32,524288,8192,hyprefill,1024/1024/1024,graph,139,94.5341,19.0537,94.5844,94.5341,
100,32,524288,8192,hyprefill,1024/1024/1024,graph,140,93.5125,19.0537,93.5620,93.5125,
100,32,524288,8192,hyprefill,1024/1024/1024,graph,141,92.5874,18.7791,92.6335,92.5874,
100,32,524288,8192,hyprefill,1024/1024/1024,graph,142,93.4085,18.7791,93.4685,93.4085,
100,32,524288,8192,hyprefill,1024/1024/1024,graph,143,92.6003,19.3283,92.6505,92.6003,
100,32,524288,8192,hyprefill,1024/1024/1024,graph,144,93.2741,19.0537,93.3209,93.2741,
100,32,524288,8192,hyprefill,1024/1024/1024,graph,145,92.7792,19.3283,92.8355,92.7792,
100,32,524288,8192,hyprefill,1024/1024/1024,graph,146,92.2120,19.0537,92.2658,92.2120,
100,32,524288,8192,hyprefill,1024/1024/1024,graph,147,90.8329,19.0537,90.8827,90.8329,
100,32,524288,8192,hyprefill,1024/1024/1024,graph,148,93.6877,18.7791,93.7360,93.6877,
100,32,524288,8192,hyprefill,1024/1024/1024,graph,149,92.8709,18.7791,92.9242,92.8709,
100,32,524288,8192,hyprefill,1024/1024/1024,graph,150,91.1510,18.7791,91.1996,91.1510,
100,32,524288,8192,hyprefill,1024/1024/1024,graph,151,93.0283,19.0537,93.0742,93.0283,
100,32,524288,8192,hyprefill,1024/1024/1024,graph,152,93.7540,19.0537,93.7995,93.7540,
100,32,524288,8192,hyprefill,1024/1024/1024,graph,153,92.8546,19.3283,92.9010,92.8546,
100,32,524288,8192,hyprefill,1024/1024/1024,graph,154,93.1366,18.7791,93.1821,93.1366,
100,32,524288,8192,hyprefill,1024/1024/1024,graph,155,90.1160,18.7791,90.1602,90.1160,
100,32,524288,8192,hyprefill,1024/1024/1024,graph,156,91.9224,18.5046,91.9666,91.9224,
100,32,524288,8192,hyprefill,1024/1024/1024,graph,157,93.3018,18.7791,93.3577,93.3018,
100,32,524288,8192,hyprefill,1024/1024/1024,graph,158,92.5371,18.7791,92.5907,92.5371,
100,32,524288,8192,hyprefill,1024/1024/1024,graph,159,92.2502,19.3283,92.2979,92.2502,
100,32,524288,8192,hyprefill,1024/1024/1024,graph,160,93.0612,19.0537,93.1256,93.0612,
100,32,524288,8192,hyprefill,1024/1024/1024,graph,161,93.6395,19.3283,93.6903,93.6395,
100,32,524288,8192,hyprefill,1024/1024/1024,graph,162,93.8714,19.3283,93.9212,93.8714,
100,32,524288,8192,hyprefill,1024/1024/1024,graph,163,92.2148,19.3283,92.2648,92.2148,
100,32,524288,8192,hyprefill,1024/1024/1024,graph,164,94.1047,19.0537,94.1562,94.1047,
100,32,524288,8192,hyprefill,1024/1024/1024,graph,165,93.6711,19.3283,93.7205,93.6711,
100,32,524288,8192,hyprefill,1024/1024/1024,graph,166,92.8523,19.3283,92.9078,92.8523,
100,32,524288,8192,hyprefill,1024/1024/1024,graph,167,93.3563,19.3283,93.4079,93.3563,
100,32,524288,8192,hyprefill,1024/1024/1024,graph,168,91.7462,19.0537,91.7954,91.7462,
100,32,524288,8192,hyprefill,1024/1024/1024,graph,169,93.4551,19.0537,93.5072,93.4551,
100,32,524288,8192,hyprefill,1024/1024/1024,graph,170,91.9156,18.7791,91.9705,91.9156,
100,32,524288,8192,hyprefill,1024/1024/1024,graph,171,90.2178,18.7791,90.2653,90.2178,
100,32,524288,8192,hyprefill,1024/1024/1024,graph,172,92.9577,18.5046,93.0019,92.9577,
100,32,524288,8192,hyprefill,1024/1024/1024,graph,173,90.6773,18.5046,90.7226,90.6773,
100,32,524288,8192,hyprefill,1024/1024/1024,graph,174,90.2164,18.5046,90.2739,90.2164,
100,32,524288,8192,hyprefill,1024/1024/1024,graph,175,90.9929,18.5046,91.0453,90.9929,
100,32,524288,8192,hyprefill,1024/1024/1024,graph,176,91.4352,18.5046,91.4887,91.4352,
100,32,524288,8192,hyprefill,1024/1024/1024,graph,177,91.6352,18.5046,91.6812,91.6352,
100,32,524288,8192,hyprefill,1024/1024/1024,graph,178,91.1363,18.5046,91.1923,91.1363,
100,32,524288,8192,hyprefill,1024/1024/1024,graph,179,89.6005,18.5046,89.6525,89.6005,
100,32,524288,8192,hyprefill,1024/1024/1024,graph,180,92.0793,18.5046,92.1264,92.0793,
100,32,524288,8192,hyprefill,1024/1024/1024,graph,181,92.1485,18.5046,92.1989,92.1485,
100,32,524288,8192,hyprefill,1024/1024/1024,graph,182,90.9002,18.5046,90.9571,90.9002,
100,32,524288,8192,hyprefill,1024/1024/1024,graph,183,91.3159,18.5046,91.3664,91.3159,
100,32,524288,8192,hyprefill,1024/1024/1024,graph,184,91.2480,18.5046,91.3006,91.2480,
100,32,524288,8192,hyprefill,1024/1024/1024,graph,185,90.3095,18.5046,90.3705,90.3095,
100,32,524288,8192,hyprefill,1024/1024/1024,graph,186,91.5126,18.5046,91.5678,91.5126,
100,32,524288,8192,hyprefill,1024/1024/1024,graph,187,90.7698,18.5046,90.8195,90.7698,
100,32,524288,8192,hyprefill,1024/1024/1024,graph,188,90.9713,18.5046,91.0174,90.9713,
100,32,524288,8192,hyprefill,1024/1024/1024,graph,189,91.4235,18.5046,91.4885,91.4235,
100,32,524288,8192,hyprefill,1024/1024/1024,graph,190,90.4908,18.5046,90.5425,90.4908,
100,32,524288,8192,hyprefill,1024/1024/1024,graph,191,89.9898,18.5046,90.0428,89.9898,
100,32,524288,8192,hyprefill,1024/1024/1024,graph,192,91.5818,18.5046,91.6345,91.5818,
100,32,524288,8192,hyprefill,1024/1024/1024,graph,193,92.2408,18.5046,92.2965,92.2408,
100,32,524288,8192,hyprefill,1024/1024/1024,graph,194,92.1070,18.5046,92.1612,92.1070,
100,32,524288,8192,hyprefill,1024/1024/1024,graph,195,90.7368,18.5046,90.7911,90.7368,
100,32,524288,8192,hyprefill,1024/1024/1024,graph,196,91.8894,18.5046,91.9444,91.8894,
100,32,524288,8192,hyprefill,1024/1024/1024,graph,197,93.1464,18.5046,93.2005,93.1464,
100,32,524288,8192,hyprefill,1024/1024/1024,graph,198,92.4719,18.5046,92.5206,92.4719,
100,32,524288,8192,hyprefill,1024/1024/1024,graph,199,92.6884,18.5046,92.7389,92.6884,
100,32,524288,8192,hyprefill,6144/6144/6144,graph,0,92.0348,15.0503,92.1334,92.0348,
100,32,524288,8192,hyprefill,6144/6144/6144,graph,1,93.8108,15.0503,93.8771,93.8108,
100,32,524288,8192,hyprefill,6144/6144/6144,graph,2,93.1841,15.0503,93.2348,93.1841,
100,32,524288,8192,hyprefill,6144/6144/6144,graph,3,94.0865,15.0503,94.1365,94.0865,
100,32,524288,8192,hyprefill,6144/6144/6144,graph,4,88.3112,15.0503,88.3685,88.3112,
100,32,524288,8192,hyprefill,6144/6144/6144,graph,5,92.8278,15.0503,92.8758,92.8278,
100,32,524288,8192,hyprefill,6144/6144/6144,graph,6,91.7933,15.0503,91.8426,91.7933,
100,32,524288,8192,hyprefill,6144/6144/6144,graph,7,93.3382,15.0503,93.3888,93.3382,
100,32,524288,8192,hyprefill,6144/6144/6144,graph,8,92.1656,15.0503,92.2175,92.1656,
100,32,524288,8192,hyprefill,6144/6144/6144,graph,9,88.1465,15.0503,88.2050,88.1465,
100,32,524288,8192,hyprefill,6144/6144/6144,graph,10,94.0229,15.0503,94.0823,94.0229,
100,32,524288,8192,hyprefill,6144/6144/6144,graph,11,90.2561,15.0503,90.3055,90.2561,
100,32,524288,8192,hyprefill,6144/6144/6144,graph,12,93.2943,15.0503,93.3571,93.2943,
100,32,524288,8192,hyprefill,6144/6144/6144,graph,13,90.9691,15.0503,91.0257,90.9691,
100,32,524288,8192,hyprefill,6144/6144/6144,graph,14,89.2497,15.0503,89.3035,89.2497,
100,32,524288,8192,hyprefill,6144/6144/6144,graph,15,90.6810,15.0503,90.7456,90.6810,
100,32,524288,8192,hyprefill,6144/6144/6144,graph,16,90.9617,15.0503,91.0241,90.9617,
100,32,524288,8192,hyprefill,6144/6144/6144,graph,17,92.5503,15.0503,92.6023,92.5503,
100,32,524288,8192,hyprefill,6144/6144/6144,graph,18,94.2723,15.0503,94.3331,94.2723,
100,32,524288,8192,hyprefill,6144/6144/6144,graph,19,93.5245,15.0503,93.5767,93.5245,
100,32,524288,8192,hyprefill,6144/6144/6144,graph,20,88.6662,15.0503,88.7177,88.6662,
100,32,524288,8192,hyprefill,6144/6144/6144,graph,21,94.8878,15.0503,94.9344,94.8878,
100,32,524288,8192,hyprefill,6144/6144/6144,graph,22,90.6991,15.0503,90.7558,90.6991,
100,32,524288,8192,hyprefill,6144/6144/6144,graph,23,91.6553,15.0503,91.7064,91.6553,
100,32,524288,8192,hyprefill,6144/6144/6144,graph,24,90.9442,15.0503,90.9971,90.9442,
100,32,524288,8192,hyprefill,6144/6144/6144,graph,25,91.9857,15.0503,92.0398,91.9857,
100,32,524288,8192,hyprefill,6144/6144/6144,graph,26,91.7545,15.0503,91.8056,91.7545,
100,32,524288,8192,hyprefill,6144/6144/6144,graph,27,88.8635,15.0503,88.9335,88.8635,
100,32,524288,8192,hyprefill,6144/6144/6144,graph,28,92.9313,15.0503,93.0038,92.9313,
100,32,524288,8192,hyprefill,6144/6144/6144,graph,29,92.1320,15.0503,92.1819,92.1320,
100,32,524288,8192,hyprefill,6144/6144/6144,graph,30,91.8901,15.0503,91.9585,91.8901,
100,32,524288,8192,hyprefill,6144/6144/6144,graph,31,89.6590,15.0503,89.7224,89.6590,
100,32,524288,8192,hyprefill,6144/6144/6144,graph,32,92.0669,15.0503,92.1241,92.0669,
100,32,524288,8192,hyprefill,6144/6144/6144,graph,33,87.7976,15.0503,87.8533,87.7976,
100,32,524288,8192,hyprefill,6144/6144/6144,graph,34,91.7158,15.0503,91.7652,91.7158,
100,32,524288,8192,hyprefill,6144/6144/6144,graph,35,93.2381,15.0503,93.2931,93.2381,
100,32,524288,8192,hyprefill,6144/6144/6144,graph,36,90.7372,15.0503,90.7881,90.7372,
100,32,524288,8192,hyprefill,6144/6144/6144,graph,37,92.8640,15.0503,92.9155,92.8640,
100,32,524288,8192,hyprefill,6144/6144/6144,graph,38,88.8389,15.0503,88.8951,88.8389,
100,32,524288,8192,hyprefill,6144/6144/6144,graph,39,88.8588,15.0503,88.9145,88.8588,
100,32,524288,8192,hyprefill,6144/6144/6144,graph,40,90.6602,15.0503,90.7133,90.6602,
100,32,524288,8192,hyprefill,6144/6144/6144,graph,41,90.7680,15.0503,90.8174,90.7680,
100,32,524288,8192,hyprefill,6144/6144/6144,graph,42,92.1504,15.0503,92.1980,92.1504,
100,32,524288,8192,hyprefill,6144/6144/6144,graph,43,90.2663,15.0503,90.3133,90.2663,
100,32,524288,8192,hyprefill,6144/6144/6144,graph,44,89.3170,15.0503,89.3691,89.3170,
100,32,524288,8192,hyprefill,6144/6144/6144,graph,45,88.7444,15.0503,88.7944,88.7444,
100,32,524288,8192,hyprefill,6144/6144/6144,graph,46,90.0887,15.0503,90.1375,90.0887,
100,32,524288,8192,hyprefill,6144/6144/6144,graph,47,92.0752,15.0503,92.1305,92.0752,
100,32,524288,8192,hyprefill,6144/6144/6144,graph,48,88.0393,15.0503,88.0870,88.0393,
100,32,524288,8192,hyprefill,6144/6144/6144,graph,49,91.4864,15.0503,91.5317,91.4864,
100,32,524288,8192,hyprefill,6144/6144/6144,graph,50,87.8986,15.0503,87.9516,87.8986,
100,32,524288,8192,hyprefill,6144/6144/6144,graph,51,90.6037,15.0503,90.6574,90.6037,
100,32,524288,8192,hyprefill,6144/6144/6144,graph,52,89.5418,15.0503,89.5939,89.5418,
100,32,524288,8192,hyprefill,6144/6144/6144,graph,53,92.0806,15.0503,92.1354,92.0806,
100,32,524288,8192,hyprefill,6144/6144/6144,graph,54,91.5530,15.0503,91.6030,91.5530,
100,32,524288,8192,hyprefill,6144/6144/6144,graph,55,89.0553,15.0503,89.1029,89.0553,
100,32,524288,8192,hyprefill,6144/6144/6144,graph,56,91.0965,15.0503,91.1440,91.0965,
100,32,524288,8192,hyprefill,6144/6144/6144,graph,57,89.2741,15.0503,89.3208,89.2741,
100,32,524288,8192,hyprefill,6144/6144/6144,graph,58,90.9419,15.0503,90.9876,90.9419,
100,32,524288,8192,hyprefill,6144/6144/6144,graph,59,89.3525,15.0503,89.4067,89.3525,
100,32,524288,8192,hyprefill,6144/6144/6144,graph,60,92.0826,15.0503,92.1301,92.0826,
100,32,524288,8192,hyprefill,6144/6144/6144,graph,61,91.1665,15.0503,91.2238,91.1665,
100,32,524288,8192,hyprefill,6144/6144/6144,graph,62,89.3259,15.0503,89.3809,89.3259,
100,32,524288,8192,hyprefill,6144/6144/6144,graph,63,90.2949,15.0503,90.3500,90.2949,
100,32,524288,8192,hyprefill,6144/6144/6144,graph,64,89.7360,15.0503,89.7868,89.7360,
100,32,524288,8192,hyprefill,6144/6144/6144,graph,65,88.4906,15.0503,88.5456,88.4906,
100,32,524288,8192,hyprefill,6144/6144/6144,graph,66,90.1629,15.0503,90.2143,90.1629,
100,32,524288,8192,hyprefill,6144/6144/6144,graph,67,88.7708,15.0503,88.8177,88.7708,
100,32,524288,8192,hyprefill,6144/6144/6144,graph,68,89.8661,15.0503,89.9225,89.8661,
100,32,524288,8192,hyprefill,6144/6144/6144,graph,69,89.9454,15.0503,89.9947,89.9454,
100,32,524288,8192,hyprefill,6144/6144/6144,graph,70,89.6916,15.0503,89.7408,89.6916,
100,32,524288,8192,hyprefill,6144/6144/6144,graph,71,88.2134,15.0503,88.2606,88.2134,
100,32,524288,8192,hyprefill,6144/6144/6144,graph,72,88.8844,14.7758,88.9351,88.8844,
100,32,524288,8192,hyprefill,6144/6144/6144,graph,73,87.7042,14.7758,87.7581,87.7042,
100,32,524288,8192,hyprefill,6144/6144/6144,graph,74,85.7162,14.5012,85.7656,85.7162,
100,32,524288,8192,hyprefill,6144/6144/6144,graph,75,84.9027,14.5012,84.9494,84.9027,
100,32,524288,8192,hyprefill,6144/6144/6144,graph,76,85.9604,14.2266,86.0168,85.9604,
100,32,524288,8192,hyprefill,6144/6144/6144,graph,77,84.6792,14.2266,84.7287,84.6792,
100,32,524288,8192,hyprefill,6144/6144/6144,graph,78,88.5169,14.2266,88.5900,88.5169,
100,32,524288,8192,hyprefill,6144/6144/6144,graph,79,88.7938,14.2266,88.8446,88.7938,
100,32,524288,8192,hyprefill,6144/6144/6144,graph,80,90.0810,14.5012,90.1304,90.0810,
100,32,524288,8192,hyprefill,6144/6144/6144,graph,81,87.7700,14.5012,87.8269,87.7700,
100,32,524288,8192,hyprefill,6144/6144/6144,graph,82,86.2294,14.7758,86.2814,86.2294,
100,32,524288,8192,hyprefill,6144/6144/6144,graph,83,89.0006,14.7758,89.0487,89.0006,
100,32,524288,8192,hyprefill,6144/6144/6144,graph,84,91.6682,15.0503,91.7329,91.6682,
100,32,524288,8192,hyprefill,6144/6144/6144,graph,85,92.1600,15.0503,92.2242,92.1600,
100,32,524288,8192,hyprefill,6144/6144/6144,graph,86,90.3775,15.0503,90.4296,90.3775,
100,32,524288,8192,hyprefill,6144/6144/6144,graph,87,89.8180,15.0503,89.8722,89.8180,
100,32,524288,8192,hyprefill,6144/6144/6144,graph,88,94.7811,15.0503,94.8402,94.7811,
100,32,524288,8192,hyprefill,6144/6144/6144,graph,89,93.3203,15.0503,93.3669,93.3203,
100,32,524288,8192,hyprefill,6144/6144/6144,graph,90,88.1803,15.0503,88.2341,88.1803,
100,32,524288,8192,hyprefill,6144/6144/6144,graph,91,92.2347,15.0503,92.2829,92.2347,
100,32,524288,8192,hyprefill,6144/6144/6144,graph,92,91.9830,15.0503,92.0553,91.9830,
100,32,524288,8192,hyprefill,6144/6144/6144,graph,93,94.1251,15.0503,94.1757,94.1251,
100,32,524288,8192,hyprefill,6144/6144/6144,graph,94,92.9236,15.0503,92.9742,92.9236,
100,32,524288,8192,hyprefill,6144/6144/6144,graph,95,88.4175,15.0503,88.4751,88.4175,
100,32,524288,8192,hyprefill,6144/6144/6144,graph,96,93.4216,15.0503,93.4775,93.4216,
100,32,524288,8192,hyprefill,6144/6144/6144,graph,97,89.8192,15.0503,89.8753,89.8192,
100,32,524288,8192,hyprefill,6144/6144/6144,graph,98,89.0529,15.0503,89.1028,89.0529,
100,32,524288,8192,hyprefill,6144/6144/6144,graph,99,94.9139,15.0503,94.9803,94.9139,
100,32,524288,8192,hyprefill,6144/6144/6144,graph,100,93.9047,15.0503,93.9655,93.9047,
100,32,524288,8192,hyprefill,6144/6144/6144,graph,101,93.3766,15.0503,93.4270,93.3766,
100,32,524288,8192,hyprefill,6144/6144/6144,graph,102,91.6418,15.0503,91.6936,91.6418,
100,32,524288,8192,hyprefill,6144/6144/6144,graph,103,92.3303,15.0503,92.3854,92.3303,
100,32,524288,8192,hyprefill,6144/6144/6144,graph,104,91.3465,15.0503,91.4070,91.3465,
100,32,524288,8192,hyprefill,6144/6144/6144,graph,105,93.2647,15.0503,93.3150,93.2647,
100,32,524288,8192,hyprefill,6144/6144/6144,graph,106,89.0690,15.0503,89.1202,89.0690,
100,32,524288,8192,hyprefill,6144/6144/6144,graph,107,93.1890,15.0503,93.2429,93.1890,
100,32,524288,8192,hyprefill,6144/6144/6144,graph,108,94.5353,15.0503,94.5850,94.5353,
100,32,524288,8192,hyprefill,6144/6144/6144,graph,109,94.5347,15.0503,94.5834,94.5347,
100,32,524288,8192,hyprefill,6144/6144/6144,graph,110,88.1692,15.0503,88.2224,88.1692,
100,32,524288,8192,hyprefill,6144/6144/6144,graph,111,90.4612,15.0503,90.5136,90.4612,
100,32,524288,8192,hyprefill,6144/6144/6144,graph,112,92.7219,15.0503,92.7715,92.7219,
100,32,524288,8192,hyprefill,6144/6144/6144,graph,113,92.2460,15.0503,92.2977,92.2460,
100,32,524288,8192,hyprefill,6144/6144/6144,graph,114,90.3936,15.0503,90.4599,90.3936,
100,32,524288,8192,hyprefill,6144/6144/6144,graph,115,94.1292,15.0503,94.1952,94.1292,
100,32,524288,8192,hyprefill,6144/6144/6144,graph,116,94.0285,15.0503,94.0789,94.0285,
100,32,524288,8192,hyprefill,6144/6144/6144,graph,117,88.0155,15.0503,88.0666,88.0155,
100,32,524288,8192,hyprefill,6144/6144/6144,graph,118,92.7022,15.0503,92.7582,92.7022,
100,32,524288,8192,hyprefill,6144/6144/6144,graph,119,90.5166,15.0503,90.5703,90.5166,
100,32,524288,8192,hyprefill,6144/6144/6144,graph,120,93.1870,15.0503,93.2435,93.1870,
100,32,524288,8192,hyprefill,6144/6144/6144,graph,121,93.3143,15.0503,93.3741,93.3143,
100,32,524288,8192,hyprefill,6144/6144/6144,graph,122,93.7436,15.0503,93.7931,93.7436,
100,32,524288,8192,hyprefill,6144/6144/6144,graph,123,88.5943,15.0503,88.6428,88.5943,
100,32,524288,8192,hyprefill,6144/6144/6144,graph,124,93.2285,15.0503,93.2859,93.2285,
100,32,524288,8192,hyprefill,6144/6144/6144,graph,125,92.7039,15.0503,92.7626,92.7039,
100,32,524288,8192,hyprefill,6144/6144/6144,graph,126,92.1860,15.0503,92.2422,92.1860,
100,32,524288,8192,hyprefill,6144/6144/6144,graph,127,92.2969,15.0503,92.3532,92.2969,
100,32,524288,8192,hyprefill,6144/6144/6144,graph,128,90.7533,15.0503,90.8084,90.7533,
100,32,524288,8192,hyprefill,6144/6144/6144,graph,129,90.8305,15.0503,90.8841,90.8305,
100,32,524288,8192,hyprefill,6144/6144/6144,graph,130,92.5351,15.0503,92.5858,92.5351,
100,32,524288,8192,hyprefill,6144/6144/6144,graph,131,91.5932,15.0503,91.6557,91.5932,
100,32,524288,8192,hyprefill,6144/6144/6144,graph,132,92.6001,15.0503,92.6553,92.6001,
100,32,524288,8192,hyprefill,6144/6144/6144,graph,133,90.3653,15.0503,90.4211,90.3653,
100,32,524288,8192,hyprefill,6144/6144/6144,graph,134,88.8234,15.0503,88.8739,88.8234,
100,32,524288,8192,hyprefill,6144/6144/6144,graph,135,92.4165,15.0503,92.4660,92.4165,
100,32,524288,8192,hyprefill,6144/6144/6144,graph,136,91.4573,15.0503,91.5403,91.4573,
100,32,524288,8192,hyprefill,6144/6144/6144,graph,137,87.8638,15.0503,87.9178,87.8638,
100,32,524288,8192,hyprefill,6144/6144/6144,graph,138,89.1756,15.0503,89.2241,89.1756,
100,32,524288,8192,hyprefill,6144/6144/6144,graph,139,89.4374,15.0503,89.4904,89.4374,
100,32,524288,8192,hyprefill,6144/6144/6144,graph,140,91.9631,15.0503,92.0232,91.9631,
100,32,524288,8192,hyprefill,6144/6144/6144,graph,141,92.2469,15.0503,92.3043,92.2469,
100,32,524288,8192,hyprefill,6144/6144/6144,graph,142,88.5003,15.0503,88.5506,88.5003,
100,32,524288,8192,hyprefill,6144/6144/6144,graph,143,89.0430,15.0503,89.1002,89.0430,
100,32,524288,8192,hyprefill,6144/6144/6144,graph,144,91.5685,15.0503,91.6228,91.5685,
100,32,524288,8192,hyprefill,6144/6144/6144,graph,145,87.7935,15.0503,87.8431,87.7935,
100,32,524288,8192,hyprefill,6144/6144/6144,graph,146,91.8613,15.0503,91.9271,91.8613,
100,32,524288,8192,hyprefill,6144/6144/6144,graph,147,93.7588,15.0503,93.8147,93.7588,
100,32,524288,8192,hyprefill,6144/6144/6144,graph,148,90.2881,15.0503,90.3418,90.2881,
100,32,524288,8192,hyprefill,6144/6144/6144,graph,149,92.0514,15.0503,92.1041,92.0514,
100,32,524288,8192,hyprefill,6144/6144/6144,graph,150,88.2247,15.0503,88.2858,88.2247,
100,32,524288,8192,hyprefill,6144/6144/6144,graph,151,89.9094,15.0503,89.9595,89.9094,
100,32,524288,8192,hyprefill,6144/6144/6144,graph,152,91.0048,15.0503,91.0549,91.0048,
100,32,524288,8192,hyprefill,6144/6144/6144,graph,153,89.5708,15.0503,89.6251,89.5708,
100,32,524288,8192,hyprefill,6144/6144/6144,graph,154,88.2360,15.0503,88.2917,88.2360,
100,32,524288,8192,hyprefill,6144/6144/6144,graph,155,91.2380,15.0503,91.2996,91.2380,
100,32,524288,8192,hyprefill,6144/6144/6144,graph,156,92.0445,15.0503,92.0951,92.0445,
100,32,524288,8192,hyprefill,6144/6144/6144,graph,157,92.0009,15.0503,92.0505,92.0009,
100,32,524288,8192,hyprefill,6144/6144/6144,graph,158,88.7275,15.0503,88.7848,88.7275,
100,32,524288,8192,hyprefill,6144/6144/6144,graph,159,89.1149,15.0503,89.1654,89.1149,
100,32,524288,8192,hyprefill,6144/6144/6144,graph,160,90.6126,15.0503,90.6678,90.6126,
100,32,524288,8192,hyprefill,6144/6144/6144,graph,161,90.9774,15.0503,91.0370,90.9774,
100,32,524288,8192,hyprefill,6144/6144/6144,graph,162,89.8691,15.0503,89.9296,89.8691,
100,32,524288,8192,hyprefill,6144/6144/6144,graph,163,89.9005,15.0503,89.9505,89.9005,
100,32,524288,8192,hyprefill,6144/6144/6144,graph,164,90.6507,15.0503,90.7015,90.6507,
100,32,524288,8192,hyprefill,6144/6144/6144,graph,165,88.9141,15.0503,88.9656,88.9141,
100,32,524288,8192,hyprefill,6144/6144/6144,graph,166,89.7596,15.0503,89.8179,89.7596,
100,32,524288,8192,hyprefill,6144/6144/6144,graph,167,88.3220,15.0503,88.3740,88.3220,
100,32,524288,8192,hyprefill,6144/6144/6144,graph,168,87.6463,14.7758,87.6952,87.6463,
100,32,524288,8192,hyprefill,6144/6144/6144,graph,169,86.8148,14.7758,86.8750,86.8148,
100,32,524288,8192,hyprefill,6144/6144/6144,graph,170,85.8281,14.5012,85.8945,85.8281,
100,32,524288,8192,hyprefill,6144/6144/6144,graph,171,86.4539,14.5012,86.5163,86.4539,
100,32,524288,8192,hyprefill,6144/6144/6144,graph,172,86.5180,14.2266,86.5709,86.5180,
100,32,524288,8192,hyprefill,6144/6144/6144,graph,173,83.7095,14.2266,83.7793,83.7095,
100,32,524288,8192,hyprefill,6144/6144/6144,graph,174,87.3435,14.2266,87.4122,87.3435,
100,32,524288,8192,hyprefill,6144/6144/6144,graph,175,88.3661,14.2266,88.4317,88.3661,
100,32,524288,8192,hyprefill,6144/6144/6144,graph,176,89.9966,14.5012,90.0475,89.9966,
100,32,524288,8192,hyprefill,6144/6144/6144,graph,177,87.8038,14.5012,87.8535,87.8038,
100,32,524288,8192,hyprefill,6144/6144/6144,graph,178,86.3667,14.7758,86.4272,86.3667,
100,32,524288,8192,hyprefill,6144/6144/6144,graph,179,93.2631,14.7758,93.3159,93.2631,
100,32,524288,8192,hyprefill,6144/6144/6144,graph,180,89.2485,15.0503,89.3041,89.2485,
100,32,524288,8192,hyprefill,6144/6144/6144,graph,181,94.2460,15.0503,94.3029,94.2460,
100,32,524288,8192,hyprefill,6144/6144/6144,graph,182,90.5464,15.0503,90.5967,90.5464,
100,32,524288,8192,hyprefill,6144/6144/6144,graph,183,94.5058,15.0503,94.5575,94.5058,
100,32,524288,8192,hyprefill,6144/6144/6144,graph,184,93.6479,15.0503,93.7002,93.6479,
100,32,524288,8192,hyprefill,6144/6144/6144,graph,185,93.6109,15.0503,93.6644,93.6109,
100,32,524288,8192,hyprefill,6144/6144/6144,graph,186,89.3827,15.0503,89.4455,89.3827,
100,32,524288,8192,hyprefill,6144/6144/6144,graph,187,95.1288,15.0503,95.1791,95.1288,
100,32,524288,8192,hyprefill,6144/6144/6144,graph,188,90.8702,15.0503,90.9193,90.8702,
100,32,524288,8192,hyprefill,6144/6144/6144,graph,189,93.6099,15.0503,93.6574,93.6099,
100,32,524288,8192,hyprefill,6144/6144/6144,graph,190,90.8658,15.0503,90.9205,90.8658,
100,32,524288,8192,hyprefill,6144/6144/6144,graph,191,95.0936,15.0503,95.1483,95.0936,
100,32,524288,8192,hyprefill,6144/6144/6144,graph,192,94.2065,15.0503,94.2679,94.2065,
100,32,524288,8192,hyprefill,6144/6144/6144,graph,193,89.1454,15.0503,89.2091,89.1454,
100,32,524288,8192,hyprefill,6144/6144/6144,graph,194,91.6155,15.0503,91.6796,91.6155,
100,32,524288,8192,hyprefill,6144/6144/6144,graph,195,89.4136,15.0503,89.4869,89.4136,
100,32,524288,8192,hyprefill,6144/6144/6144,graph,196,88.9387,15.0503,88.9981,88.9387,
100,32,524288,8192,hyprefill,6144/6144/6144,graph,197,93.9845,15.0503,94.0366,93.9845,
100,32,524288,8192,hyprefill,6144/6144/6144,graph,198,93.3291,15.0503,93.3845,93.3291,
100,32,524288,8192,hyprefill,6144/6144/6144,graph,199,93.6449,15.0503,93.7013,93.6449,
100,32,524288,8192,hyprefill,2048/2048/2048,graph,0,89.1682,16.2124,89.2199,89.1682,
100,32,524288,8192,hyprefill,2048/2048/2048,graph,1,85.2029,16.2124,85.2572,85.2029,
100,32,524288,8192,hyprefill,2048/2048/2048,graph,2,86.6071,16.4869,86.6604,86.6071,
100,32,524288,8192,hyprefill,2048/2048/2048,graph,3,90.0362,16.4869,90.0937,90.0362,
100,32,524288,8192,hyprefill,2048/2048/2048,graph,4,88.4128,16.7615,88.4625,88.4128,
100,32,524288,8192,hyprefill,2048/2048/2048,graph,5,88.6429,16.7615,88.6973,88.6429,
100,32,524288,8192,hyprefill,2048/2048/2048,graph,6,88.9978,16.7615,89.0576,88.9978,
100,32,524288,8192,hyprefill,2048/2048/2048,graph,7,90.7355,16.7615,90.7897,90.7355,
100,32,524288,8192,hyprefill,2048/2048/2048,graph,8,88.7835,16.7615,88.8443,88.7835,
100,32,524288,8192,hyprefill,2048/2048/2048,graph,9,87.8359,16.7615,87.8901,87.8359,
100,32,524288,8192,hyprefill,2048/2048/2048,graph,10,89.6706,16.7615,89.7241,89.6706,
100,32,524288,8192,hyprefill,2048/2048/2048,graph,11,90.5793,16.7615,90.6430,90.5793,
100,32,524288,8192,hyprefill,2048/2048/2048,graph,12,90.0415,16.7615,90.1039,90.0415,
100,32,524288,8192,hyprefill,2048/2048/2048,graph,13,90.4402,16.7615,90.4924,90.4402,
100,32,524288,8192,hyprefill,2048/2048/2048,graph,14,89.5473,16.7615,89.5972,89.5473,
100,32,524288,8192,hyprefill,2048/2048/2048,graph,15,90.4536,16.7615,90.5015,90.4536,
100,32,524288,8192,hyprefill,2048/2048/2048,graph,16,90.9479,16.7615,91.0071,90.9479,
100,32,524288,8192,hyprefill,2048/2048/2048,graph,17,90.8111,16.7615,90.8606,90.8111,
100,32,524288,8192,hyprefill,2048/2048/2048,graph,18,90.6380,16.7615,90.6946,90.6380,
100,32,524288,8192,hyprefill,2048/2048/2048,graph,19,88.7776,16.7615,88.8497,88.7776,
100,32,524288,8192,hyprefill,2048/2048/2048,graph,20,90.4001,16.7615,90.4573,90.4001,
100,32,524288,8192,hyprefill,2048/2048/2048,graph,21,90.1082,16.7615,90.1566,90.1082,
100,32,524288,8192,hyprefill,2048/2048/2048,graph,22,89.6708,16.7615,89.7201,89.6708,
100,32,524288,8192,hyprefill,2048/2048/2048,graph,23,88.1621,16.7615,88.2136,88.1621,
100,32,524288,8192,hyprefill,2048/2048/2048,graph,24,89.5720,16.7615,89.6531,89.5720,
100,32,524288,8192,hyprefill,2048/2048/2048,graph,25,91.2977,16.7615,91.3801,91.2977,
100,32,524288,8192,hyprefill,2048/2048/2048,graph,26,86.8149,16.7615,86.8637,86.8149,
100,32,524288,8192,hyprefill,2048/2048/2048,graph,27,90.2872,16.7615,90.3361,90.2872,
100,32,524288,8192,hyprefill,2048/2048/2048,graph,28,89.7025,16.7615,89.7585,89.7025,
100,32,524288,8192,hyprefill,2048/2048/2048,graph,29,89.4829,16.7615,89.5541,89.4829,
100,32,524288,8192,hyprefill,2048/2048/2048,graph,30,87.7879,16.7615,87.8406,87.7879,
100,32,524288,8192,hyprefill,2048/2048/2048,graph,31,88.1980,16.7615,88.2558,88.1980,
100,32,524288,8192,hyprefill,2048/2048/2048,graph,32,88.2045,16.7615,88.2634,88.2045,
100,32,524288,8192,hyprefill,2048/2048/2048,graph,33,89.9378,16.7615,89.9920,89.9378,
100,32,524288,8192,hyprefill,2048/2048/2048,graph,34,87.9993,16.7615,88.0525,87.9993,
100,32,524288,8192,hyprefill,2048/2048/2048,graph,35,87.3330,16.7615,87.3829,87.3330,
100,32,524288,8192,hyprefill,2048/2048/2048,graph,36,91.1088,16.7615,91.1637,91.1088,
100,32,524288,8192,hyprefill,2048/2048/2048,graph,37,90.8463,16.7615,90.8978,90.8463,
100,32,524288,8192,hyprefill,2048/2048/2048,graph,38,87.7797,16.7615,87.8414,87.7797,
100,32,524288,8192,hyprefill,2048/2048/2048,graph,39,87.7718,16.7615,87.8211,87.7718,
100,32,524288,8192,hyprefill,2048/2048/2048,graph,40,89.4868,16.7615,89.5444,89.4868,
100,32,524288,8192,hyprefill,2048/2048/2048,graph,41,87.6347,16.7615,87.6993,87.6347,
100,32,524288,8192,hyprefill,2048/2048/2048,graph,42,90.8548,16.7615,90.9034,90.8548,
100,32,524288,8192,hyprefill,2048/2048/2048,graph,43,87.3297,16.7615,87.3805,87.3297,
100,32,524288,8192,hyprefill,2048/2048/2048,graph,44,91.2687,16.7615,91.3224,91.2687,
100,32,524288,8192,hyprefill,2048/2048/2048,graph,45,87.2702,16.7615,87.3406,87.2702,
100,32,524288,8192,hyprefill,2048/2048/2048,graph,46,89.0958,16.7615,89.1488,89.0958,
100,32,524288,8192,hyprefill,2048/2048/2048,graph,47,87.4843,16.7615,87.5331,87.4843,
100,32,524288,8192,hyprefill,2048/2048/2048,graph,48,90.0128,16.7615,90.0730,90.0128,
100,32,524288,8192,hyprefill,2048/2048/2048,graph,49,89.6488,16.7615,89.7039,89.6488,
100,32,524288,8192,hyprefill,2048/2048/2048,graph,50,88.0280,16.7615,88.0804,88.0280,
100,32,524288,8192,hyprefill,2048/2048/2048,graph,51,90.6060,16.7615,90.6598,90.6060,
100,32,524288,8192,hyprefill,2048/2048/2048,graph,52,89.3207,16.7615,89.3763,89.3207,
100,32,524288,8192,hyprefill,2048/2048/2048,graph,53,89.9996,16.7615,90.0502,89.9996,
100,32,524288,8192,hyprefill,2048/2048/2048,graph,54,89.0543,16.7615,89.1015,89.0543,
100,32,524288,8192,hyprefill,2048/2048/2048,graph,55,88.9524,16.7615,89.0006,88.9524,
100,32,524288,8192,hyprefill,2048/2048/2048,graph,56,88.0943,16.7615,88.1554,88.0943,
100,32,524288,8192,hyprefill,2048/2048/2048,graph,57,88.2878,16.7615,88.3517,88.2878,
100,32,524288,8192,hyprefill,2048/2048/2048,graph,58,90.4336,16.7615,90.4915,90.4336,
100,32,524288,8192,hyprefill,2048/2048/2048,graph,59,87.6206,16.7615,87.6729,87.6206,
100,32,524288,8192,hyprefill,2048/2048/2048,graph,60,87.4470,16.7615,87.5027,87.4470,
100,32,524288,8192,hyprefill,2048/2048/2048,graph,61,89.7677,16.7615,89.8284,89.7677,
100,32,524288,8192,hyprefill,2048/2048/2048,graph,62,88.7048,16.7615,88.7704,88.7048,
100,32,524288,8192,hyprefill,2048/2048/2048,graph,63,89.0789,16.7615,89.1335,89.0789,
100,32,524288,8192,hyprefill,2048/2048/2048,graph,64,87.4146,16.7615,87.4752,87.4146,
100,32,524288,8192,hyprefill,2048/2048/2048,graph,65,90.5423,16.7615,90.5937,90.5423,
100,32,524288,8192,hyprefill,2048/2048/2048,graph,66,87.8837,16.7615,87.9362,87.8837,
100,32,524288,8192,hyprefill,2048/2048/2048,graph,67,87.6358,16.7615,87.6847,87.6358,
100,32,524288,8192,hyprefill,2048/2048/2048,graph,68,86.7949,16.7615,86.8524,86.7949,
100,32,524288,8192,hyprefill,2048/2048/2048,graph,69,89.1457,16.7615,89.1943,89.1457,
100,32,524288,8192,hyprefill,2048/2048/2048,graph,70,86.9528,16.7615,87.0047,86.9528,
100,32,524288,8192,hyprefill,2048/2048/2048,graph,71,88.9227,16.7615,88.9723,88.9227,
100,32,524288,8192,hyprefill,2048/2048/2048,graph,72,88.0352,16.4869,88.0886,88.0352,
100,32,524288,8192,hyprefill,2048/2048/2048,graph,73,88.0468,16.4869,88.0960,88.0468,
100,32,524288,8192,hyprefill,2048/2048/2048,graph,74,85.8904,16.2124,85.9419,85.8904,
100,32,524288,8192,hyprefill,2048/2048/2048,graph,75,87.4002,16.2124,87.4476,87.4002,
100,32,524288,8192,hyprefill,2048/2048/2048,graph,76,87.2635,15.9378,87.3210,87.2635,
100,32,524288,8192,hyprefill,2048/2048/2048,graph,77,85.5481,15.9378,85.6029,85.5481,
100,32,524288,8192,hyprefill,2048/2048/2048,graph,78,85.6214,15.9378,85.6782,85.6214,
100,32,524288,8192,hyprefill,2048/2048/2048,graph,79,86.5275,15.9378,86.5817,86.5275,
100,32,524288,8192,hyprefill,2048/2048/2048,graph,80,86.3697,15.9378,86.4210,86.3697,
100,32,524288,8192,hyprefill,2048/2048/2048,graph,81,86.2126,15.9378,86.2663,86.2126,
100,32,524288,8192,hyprefill,2048/2048/2048,graph,82,85.3695,15.9378,85.4230,85.3695,
100,32,524288,8192,hyprefill,2048/2048/2048,graph,83,85.5547,15.9378,85.6038,85.5547,
100,32,524288,8192,hyprefill,2048/2048/2048,graph,84,85.6053,15.9378,85.6636,85.6053,
100,32,524288,8192,hyprefill,2048/2048/2048,graph,85,86.7483,15.9378,86.8001,86.7483,
100,32,524288,8192,hyprefill,2048/2048/2048,graph,86,86.4796,15.9378,86.5306,86.4796,
100,32,524288,8192,hyprefill,2048/2048/2048,graph,87,86.9393,15.9378,86.9944,86.9393,
100,32,524288,8192,hyprefill,2048/2048/2048,graph,88,87.5440,15.9378,87.6045,87.5440,
100,32,524288,8192,hyprefill,2048/2048/2048,graph,89,87.6897,15.9378,87.7422,87.6897,
100,32,524288,8192,hyprefill,2048/2048/2048,graph,90,86.9866,15.9378,87.0360,86.9866,
100,32,524288,8192,hyprefill,2048/2048/2048,graph,91,86.4823,15.9378,86.5539,86.4823,
100,32,524288,8192,hyprefill,2048/2048/2048,graph,92,85.8857,15.9378,85.9369,85.8857,
100,32,524288,8192,hyprefill,2048/2048/2048,graph,93,89.3197,15.9378,89.3802,89.3197,
100,32,524288,8192,hyprefill,2048/2048/2048,graph,94,89.6351,15.9378,89.6834,89.6351,
100,32,524288,8192,hyprefill,2048/2048/2048,graph,95,89.4413,15.9378,89.5002,89.4413,
100,32,524288,8192,hyprefill,2048/2048/2048,graph,96,87.3829,16.2124,87.4443,87.3829,
100,32,524288,8192,hyprefill,2048/2048/2048,graph,97,88.8567,16.2124,88.9118,88.8567,
100,32,524288,8192,hyprefill,2048/2048/2048,graph,98,89.9871,16.4869,90.0393,89.9871,
100,32,524288,8192,hyprefill,2048/2048/2048,graph,99,87.7654,16.4869,87.8152,87.7654,
100,32,524288,8192,hyprefill,2048/2048/2048,graph,100,86.2948,16.7615,86.3634,86.2948,
100,32,524288,8192,hyprefill,2048/2048/2048,graph,101,92.2905,16.7615,92.3475,92.2905,
100,32,524288,8192,hyprefill,2048/2048/2048,graph,102,89.7227,16.7615,89.7785,89.7227,
100,32,524288,8192,hyprefill,2048/2048/2048,graph,103,90.6934,16.7615,90.7403,90.6934,
100,32,524288,8192,hyprefill,2048/2048/2048,graph,104,91.7941,16.7615,91.8522,91.7941,
100,32,524288,8192,hyprefill,2048/2048/2048,graph,105,91.1508,16.7615,91.2021,91.1508,
100,32,524288,8192,hyprefill,2048/2048/2048,graph,106,91.4880,16.7615,91.5384,91.4880,
100,32,524288,8192,hyprefill,2048/2048/2048,graph,107,89.4692,16.7615,89.5142,89.4692,
100,32,524288,8192,hyprefill,2048/2048/2048,graph,108,91.5686,16.7615,91.6232,91.5686,
100,32,524288,8192,hyprefill,2048/2048/2048,graph,109,89.9560,16.7615,90.0055,89.9560,
100,32,524288,8192,hyprefill,2048/2048/2048,graph,110,87.8593,16.7615,87.9061,87.8593,
100,32,524288,8192,hyprefill,2048/2048/2048,graph,111,89.8310,16.7615,89.8773,89.8310,
100,32,524288,8192,hyprefill,2048/2048/2048,graph,112,90.4649,16.7615,90.5140,90.4649,
100,32,524288,8192,hyprefill,2048/2048/2048,graph,113,90.9310,16.7615,90.9932,90.9310,
100,32,524288,8192,hyprefill,2048/2048/2048,graph,114,89.5785,16.7615,89.6306,89.5785,
100,32,524288,8192,hyprefill,2048/2048/2048,graph,115,88.5576,16.7615,88.6055,88.5576,
100,32,524288,8192,hyprefill,2048/2048/2048,graph,116,91.5607,16.7615,91.6093,91.5607,
100,32,524288,8192,hyprefill,2048/2048/2048,graph,117,90.1840,16.7615,90.2482,90.1840,
100,32,524288,8192,hyprefill,2048/2048/2048,graph,118,88.6544,16.7615,88.7106,88.6544,
100,32,524288,8192,hyprefill,2048/2048/2048,graph,119,89.4819,16.7615,89.5331,89.4819,
100,32,524288,8192,hyprefill,2048/2048/2048,graph,120,89.5240,16.7615,89.5719,89.5240,
100,32,524288,8192,hyprefill,2048/2048/2048,graph,121,88.0249,16.7615,88.0761,88.0249,
100,32,524288,8192,hyprefill,2048/2048/2048,graph,122,88.7620,16.7615,88.8168,88.7620,
100,32,524288,8192,hyprefill,2048/2048/2048,graph,123,89.7117,16.7615,89.7600,89.7117,
100,32,524288,8192,hyprefill,2048/2048/2048,graph,124,88.7904,16.7615,88.8436,88.7904,
100,32,524288,8192,hyprefill,2048/2048/2048,graph,125,89.7302,16.7615,89.7832,89.7302,
100,32,524288,8192,hyprefill,2048/2048/2048,graph,126,90.3631,16.7615,90.4148,90.3631,
100,32,524288,8192,hyprefill,2048/2048/2048,graph,127,90.1685,16.7615,90.2346,90.1685,
100,32,524288,8192,hyprefill,2048/2048/2048,graph,128,88.8507,16.7615,88.9129,88.8507,
100,32,524288,8192,hyprefill,2048/2048/2048,graph,129,89.5302,16.7615,89.5813,89.5302,
100,32,524288,8192,hyprefill,2048/2048/2048,graph,130,90.6807,16.7615,90.7342,90.6807,
100,32,524288,8192,hyprefill,2048/2048/2048,graph,131,90.3939,16.7615,90.4441,90.3939,
100,32,524288,8192,hyprefill,2048/2048/2048,graph,132,89.6601,16.7615,89.7071,89.6601,
100,32,524288,8192,hyprefill,2048/2048/2048,graph,133,89.4122,16.7615,89.4661,89.4122,
100,32,524288,8192,hyprefill,2048/2048/2048,graph,134,89.3614,16.7615,89.4146,89.3614,
100,32,524288,8192,hyprefill,2048/2048/2048,graph,135,91.2978,16.7615,91.3505,91.2978,
100,32,524288,8192,hyprefill,2048/2048/2048,graph,136,89.0830,16.7615,89.1375,89.0830,
100,32,524288,8192,hyprefill,2048/2048/2048,graph,137,90.7606,16.7615,90.8252,90.7606,
100,32,524288,8192,hyprefill,2048/2048/2048,graph,138,89.1698,16.7615,89.2222,89.1698,
100,32,524288,8192,hyprefill,2048/2048/2048,graph,139,90.5138,16.7615,90.5625,90.5138,
100,32,524288,8192,hyprefill,2048/2048/2048,graph,140,90.6252,16.7615,90.6801,90.6252,
100,32,524288,8192,hyprefill,2048/2048/2048,graph,141,91.8802,16.7615,91.9283,91.8802,
100,32,524288,8192,hyprefill,2048/2048/2048,graph,142,89.4218,16.7615,89.4694,89.4218,
100,32,524288,8192,hyprefill,2048/2048/2048,graph,143,89.3250,16.7615,89.3765,89.3250,
100,32,524288,8192,hyprefill,2048/2048/2048,graph,144,90.0612,16.7615,90.1179,90.0612,
100,32,524288,8192,hyprefill,2048/2048/2048,graph,145,87.9548,16.7615,88.0120,87.9548,
100,32,524288,8192,hyprefill,2048/2048/2048,graph,146,86.4958,16.7615,86.5442,86.4958,
100,32,524288,8192,hyprefill,2048/2048/2048,graph,147,89.0547,16.7615,89.1099,89.0547,
100,32,524288,8192,hyprefill,2048/2048/2048,graph,148,88.3659,16.7615,88.4177,88.3659,
100,32,524288,8192,hyprefill,2048/2048/2048,graph,149,88.2960,16.7615,88.3491,88.2960,
100,32,524288,8192,hyprefill,2048/2048/2048,graph,150,88.4450,16.7615,88.4987,88.4450,
100,32,524288,8192,hyprefill,2048/2048/2048,graph,151,87.8126,16.7615,87.8673,87.8126,
100,32,524288,8192,hyprefill,2048/2048/2048,graph,152,89.2320,16.7615,89.2841,89.2320,
100,32,524288,8192,hyprefill,2048/2048/2048,graph,153,90.8224,16.7615,90.8767,90.8224,
100,32,524288,8192,hyprefill,2048/2048/2048,graph,154,88.3855,16.7615,88.4446,88.3855,
100,32,524288,8192,hyprefill,2048/2048/2048,graph,155,87.3681,16.7615,87.4222,87.3681,
100,32,524288,8192,hyprefill,2048/2048/2048,graph,156,89.2991,16.7615,89.3476,89.2991,
100,32,524288,8192,hyprefill,2048/2048/2048,graph,157,90.8122,16.7615,90.8636,90.8122,
100,32,524288,8192,hyprefill,2048/2048/2048,graph,158,86.7404,16.7615,86.7950,86.7404,
100,32,524288,8192,hyprefill,2048/2048/2048,graph,159,90.0146,16.7615,90.0738,90.0146,
100,32,524288,8192,hyprefill,2048/2048/2048,graph,160,88.5752,16.7615,88.6294,88.5752,
100,32,524288,8192,hyprefill,2048/2048/2048,graph,161,87.8467,16.7615,87.9019,87.8467,
100,32,524288,8192,hyprefill,2048/2048/2048,graph,162,88.7403,16.7615,88.7918,88.7403,
100,32,524288,8192,hyprefill,2048/2048/2048,graph,163,88.4074,16.7615,88.4606,88.4074,
100,32,524288,8192,hyprefill,2048/2048/2048,graph,164,89.1919,16.7615,89.2495,89.1919,
100,32,524288,8192,hyprefill,2048/2048/2048,graph,165,88.5225,16.7615,88.5819,88.5225,
100,32,524288,8192,hyprefill,2048/2048/2048,graph,166,87.8743,16.7615,87.9277,87.8743,
100,32,524288,8192,hyprefill,2048/2048/2048,graph,167,87.2534,16.7615,87.3083,87.2534,
100,32,524288,8192,hyprefill,2048/2048/2048,graph,168,87.4624,16.4869,87.5237,87.4624,
100,32,524288,8192,hyprefill,2048/2048/2048,graph,169,87.6014,16.4869,87.6480,87.6014,
100,32,524288,8192,hyprefill,2048/2048/2048,graph,170,86.0931,16.2124,86.1426,86.0931,
100,32,524288,8192,hyprefill,2048/2048/2048,graph,171,85.8325,16.2124,85.8832,85.8325,
100,32,524288,8192,hyprefill,2048/2048/2048,graph,172,87.1465,15.9378,87.2011,87.1465,
100,32,524288,8192,hyprefill,2048/2048/2048,graph,173,87.0060,15.9378,87.0567,87.0060,
100,32,524288,8192,hyprefill,2048/2048/2048,graph,174,85.3686,15.9378,85.4164,85.3686,
100,32,524288,8192,hyprefill,2048/2048/2048,graph,175,85.8991,15.9378,85.9553,85.8991,
100,32,524288,8192,hyprefill,2048/2048/2048,graph,176,85.9879,15.9378,86.0409,85.9879,
100,32,524288,8192,hyprefill,2048/2048/2048,graph,177,87.0105,15.9378,87.0636,87.0105,
100,32,524288,8192,hyprefill,2048/2048/2048,graph,178,85.7566,15.9378,85.8075,85.7566,
100,32,524288,8192,hyprefill,2048/2048/2048,graph,179,84.6388,15.9378,84.6932,84.6388,
100,32,524288,8192,hyprefill,2048/2048/2048,graph,180,88.1215,15.9378,88.1761,88.1215,
100,32,524288,8192,hyprefill,2048/2048/2048,graph,181,86.8958,15.9378,86.9623,86.8958,
100,32,524288,8192,hyprefill,2048/2048/2048,graph,182,85.4862,15.9378,85.5362,85.4862,
100,32,524288,8192,hyprefill,2048/2048/2048,graph,183,87.7011,15.9378,87.7626,87.7011,
100,32,524288,8192,hyprefill,2048/2048/2048,graph,184,84.7954,15.9378,84.8505,84.7954,
100,32,524288,8192,hyprefill,2048/2048/2048,graph,185,85.5843,15.9378,85.6330,85.5843,
100,32,524288,8192,hyprefill,2048/2048/2048,graph,186,86.6842,15.9378,86.7386,86.6842,
100,32,524288,8192,hyprefill,2048/2048/2048,graph,187,87.5698,15.9378,87.6317,87.5698,
100,32,524288,8192,hyprefill,2048/2048/2048,graph,188,88.0965,15.9378,88.1577,88.0965,
100,32,524288,8192,hyprefill,2048/2048/2048,graph,189,85.9732,15.9378,86.0261,85.9732,
100,32,524288,8192,hyprefill,2048/2048/2048,graph,190,87.0293,15.9378,87.0767,87.0293,
100,32,524288,8192,hyprefill,2048/2048/2048,graph,191,89.0473,15.9378,89.0978,89.0473,
100,32,524288,8192,hyprefill,2048/2048/2048,graph,192,86.4702,16.2124,86.5218,86.4702,
100,32,524288,8192,hyprefill,2048/2048/2048,graph,193,89.9223,16.2124,89.9820,89.9223,
100,32,524288,8192,hyprefill,2048/2048/2048,graph,194,87.5510,16.4869,87.6037,87.5510,
100,32,524288,8192,hyprefill,2048/2048/2048,graph,195,87.3387,16.4869,87.3881,87.3387,
100,32,524288,8192,hyprefill,2048/2048/2048,graph,196,91.5660,16.7615,91.6138,91.5660,
100,32,524288,8192,hyprefill,2048/2048/2048,graph,197,88.4667,16.7615,88.5228,88.4667,
100,32,524288,8192,hyprefill,2048/2048/2048,graph,198,91.3329,16.7615,91.3841,91.3329,
100,32,524288,8192,hyprefill,2048/2048/2048,graph,199,90.7010,16.7615,90.7599,90.7010,
100,32,524288,8192,hyprefill,512/512/512,graph,0,92.0352,22.7825,92.0875,92.0352,
100,32,524288,8192,hyprefill,512/512/512,graph,1,93.4529,22.7825,93.5042,93.4529,
100,32,524288,8192,hyprefill,512/512/512,graph,2,93.2062,22.7825,93.2592,93.2062,
100,32,524288,8192,hyprefill,512/512/512,graph,3,92.6827,22.7825,92.7313,92.6827,
100,32,524288,8192,hyprefill,512/512/512,graph,4,94.0964,22.7825,94.1503,94.0964,
100,32,524288,8192,hyprefill,512/512/512,graph,5,94.2466,22.7825,94.3017,94.2466,
100,32,524288,8192,hyprefill,512/512/512,graph,6,92.6585,22.7825,92.7128,92.6585,
100,32,524288,8192,hyprefill,512/512/512,graph,7,93.2632,22.7825,93.3127,93.2632,
100,32,524288,8192,hyprefill,512/512/512,graph,8,92.2091,22.7825,92.2581,92.2091,
100,32,524288,8192,hyprefill,512/512/512,graph,9,92.7270,22.7825,92.7732,92.7270,
100,32,524288,8192,hyprefill,512/512/512,graph,10,91.9897,22.7825,92.0374,91.9897,
100,32,524288,8192,hyprefill,512/512/512,graph,11,92.7851,22.7825,92.8362,92.7851,
100,32,524288,8192,hyprefill,512/512/512,graph,12,91.2514,22.7825,91.3041,91.2514,
100,32,524288,8192,hyprefill,512/512/512,graph,13,91.8132,22.7825,91.8630,91.8132,
100,32,524288,8192,hyprefill,512/512/512,graph,14,92.9425,22.7825,92.9895,92.9425,
100,32,524288,8192,hyprefill,512/512/512,graph,15,92.7561,22.7825,92.8021,92.7561,
100,32,524288,8192,hyprefill,512/512/512,graph,16,92.3468,22.7825,92.4011,92.3468,
100,32,524288,8192,hyprefill,512/512/512,graph,17,91.0092,22.7825,91.0585,91.0092,
100,32,524288,8192,hyprefill,512/512/512,graph,18,92.8378,22.7825,92.8885,92.8378,
100,32,524288,8192,hyprefill,512/512/512,graph,19,93.2702,22.7825,93.3271,93.2702,
100,32,524288,8192,hyprefill,512/512/512,graph,20,93.9371,22.7825,93.9866,93.9371,
100,32,524288,8192,hyprefill,512/512/512,graph,21,93.5814,22.7825,93.6286,93.5814,
100,32,524288,8192,hyprefill,512/512/512,graph,22,93.0526,22.7825,93.1022,93.0526,
100,32,524288,8192,hyprefill,512/512/512,graph,23,93.3138,22.7825,93.3716,93.3138,
100,32,524288,8192,hyprefill,512/512/512,graph,24,94.1795,22.7825,94.2344,94.1795,
100,32,524288,8192,hyprefill,512/512/512,graph,25,93.4362,22.7825,93.4865,93.4362,
100,32,524288,8192,hyprefill,512/512/512,graph,26,93.8950,22.7825,93.9488,93.8950,
100,32,524288,8192,hyprefill,512/512/512,graph,27,93.9662,22.7825,94.0213,93.9662,
100,32,524288,8192,hyprefill,512/512/512,graph,28,92.0624,22.7825,92.1129,92.0624,
100,32,524288,8192,hyprefill,512/512/512,graph,29,93.2840,22.7825,93.3316,93.2840,
100,32,524288,8192,hyprefill,512/512/512,graph,30,92.3493,22.7825,92.4045,92.3493,
100,32,524288,8192,hyprefill,512/512/512,graph,31,93.3913,22.7825,93.4461,93.3913,
100,32,524288,8192,hyprefill,512/512/512,graph,32,93.5489,22.7825,93.6011,93.5489,
100,32,524288,8192,hyprefill,512/512/512,graph,33,92.7814,22.7825,92.8306,92.7814,
100,32,524288,8192,hyprefill,512/512/512,graph,34,93.1975,22.7825,93.2511,93.1975,
100,32,524288,8192,hyprefill,512/512/512,graph,35,92.5663,22.7825,92.6158,92.5663,
100,32,524288,8192,hyprefill,512/512/512,graph,36,91.6520,22.7825,91.7016,91.6520,
100,32,524288,8192,hyprefill,512/512/512,graph,37,91.9558,22.7825,92.0093,91.9558,
100,32,524288,8192,hyprefill,512/512/512,graph,38,93.7527,22.7825,93.8071,93.7527,
100,32,524288,8192,hyprefill,512/512/512,graph,39,91.7764,22.7825,91.8421,91.7764,
100,32,524288,8192,hyprefill,512/512/512,graph,40,93.4725,22.7825,93.5243,93.4725,
100,32,524288,8192,hyprefill,512/512/512,graph,41,93.8131,22.7825,93.8622,93.8131,
100,32,524288,8192,hyprefill,512/512/512,graph,42,93.6012,22.7825,93.6552,93.6012,
100,32,524288,8192,hyprefill,512/512/512,graph,43,92.6532,22.7825,92.7113,92.6532,
100,32,524288,8192,hyprefill,512/512/512,graph,44,93.2037,22.7825,93.2612,93.2037,
100,32,524288,8192,hyprefill,512/512/512,graph,45,92.4186,22.7825,92.4709,92.4186,
100,32,524288,8192,hyprefill,512/512/512,graph,46,92.8329,22.5079,92.8805,92.8329,
100,32,524288,8192,hyprefill,512/512/512,graph,47,90.8735,22.7825,90.9219,90.8735,
100,32,524288,8192,hyprefill,512/512/512,graph,48,92.1510,22.5079,92.2074,92.1510,
100,32,524288,8192,hyprefill,512/512/512,graph,49,91.3219,22.7825,91.3722,91.3219,
100,32,524288,8192,hyprefill,512/512/512,graph,50,92.0310,22.7825,92.0834,92.0310,
100,32,524288,8192,hyprefill,512/512/512,graph,51,92.9615,22.7825,93.0117,92.9615,
100,32,524288,8192,hyprefill,512/512/512,graph,52,92.1956,22.7825,92.2548,92.1956,
100,32,524288,8192,hyprefill,512/512/512,graph,53,92.7880,22.7825,92.8404,92.7880,
100,32,524288,8192,hyprefill,512/512/512,graph,54,92.1158,22.7825,92.1652,92.1158,
100,32,524288,8192,hyprefill,512/512/512,graph,55,91.8877,22.7825,91.9416,91.8877,
100,32,524288,8192,hyprefill,512/512/512,graph,56,93.4463,22.7825,93.4991,93.4463,
100,32,524288,8192,hyprefill,512/512/512,graph,57,92.3465,22.7825,92.3953,92.3465,
100,32,524288,8192,hyprefill,512/512/512,graph,58,93.3448,22.7825,93.4014,93.3448,
100,32,524288,8192,hyprefill,512/512/512,graph,59,94.4933,22.7825,94.5488,94.4933,
100,32,524288,8192,hyprefill,512/512/512,graph,60,94.2260,22.7825,94.2823,94.2260,
100,32,524288,8192,hyprefill,512/512/512,graph,61,92.4602,22.7825,92.5193,92.4602,
100,32,524288,8192,hyprefill,512/512/512,graph,62,93.7543,22.7825,93.8069,93.7543,
100,32,524288,8192,hyprefill,512/512/512,graph,63,93.5065,22.7825,93.5615,93.5065,
100,32,524288,8192,hyprefill,512/512/512,graph,64,93.1447,23.0571,93.2274,93.1447,
100,32,524288,8192,hyprefill,512/512/512,graph,65,92.4395,23.0571,92.4985,92.4395,
100,32,524288,8192,hyprefill,512/512/512,graph,66,92.6365,23.3317,92.6888,92.6365,
100,32,524288,8192,hyprefill,512/512/512,graph,67,92.7654,23.3317,92.8218,92.7654,
100,32,524288,8192,hyprefill,512/512/512,graph,68,93.2929,23.6063,93.3479,93.2929,
100,32,524288,8192,hyprefill,512/512/512,graph,69,92.0587,23.6063,92.1415,92.0587,
100,32,524288,8192,hyprefill,512/512/512,graph,70,94.1714,23.6063,94.2230,94.1714,
100,32,524288,8192,hyprefill,512/512/512,graph,71,93.6647,23.6063,93.7252,93.6647,
100,32,524288,8192,hyprefill,512/512/512,graph,72,93.1578,23.3317,93.2100,93.1578,
100,32,524288,8192,hyprefill,512/512/512,graph,73,93.2541,23.3317,93.3069,93.2541,
100,32,524288,8192,hyprefill,512/512/512,graph,74,94.3896,23.0571,94.4374,94.3896,
100,32,524288,8192,hyprefill,512/512/512,graph,75,93.2027,23.0571,93.2636,93.2027,
100,32,524288,8192,hyprefill,512/512/512,graph,76,92.8673,22.7825,92.9198,92.8673,
100,32,524288,8192,hyprefill,512/512/512,graph,77,93.5087,22.7825,93.5587,93.5087,
100,32,524288,8192,hyprefill,512/512/512,graph,78,91.3334,22.7825,91.3929,91.3334,
100,32,524288,8192,hyprefill,512/512/512,graph,79,91.9550,22.7825,92.0078,91.9550,
100,32,524288,8192,hyprefill,512/512/512,graph,80,92.7866,22.7825,92.8529,92.7866,
100,32,524288,8192,hyprefill,512/512/512,graph,81,92.9002,22.7825,92.9481,92.9002,
100,32,524288,8192,hyprefill,512/512/512,graph,82,92.1220,22.7825,92.1772,92.1220,
100,32,524288,8192,hyprefill,512/512/512,graph,83,91.3608,22.7825,91.4097,91.3608,
100,32,524288,8192,hyprefill,512/512/512,graph,84,91.6919,22.7825,91.7390,91.6919,
100,32,524288,8192,hyprefill,512/512/512,graph,85,93.0397,22.7825,93.1166,93.0397,
100,32,524288,8192,hyprefill,512/512/512,graph,86,93.2327,22.7825,93.2921,93.2327,
100,32,524288,8192,hyprefill,512/512/512,graph,87,92.7073,22.7825,92.7574,92.7073,
100,32,524288,8192,hyprefill,512/512/512,graph,88,92.8699,22.7825,92.9177,92.8699,
100,32,524288,8192,hyprefill,512/512/512,graph,89,94.0433,22.7825,94.0958,94.0433,
100,32,524288,8192,hyprefill,512/512/512,graph,90,93.1283,22.7825,93.1953,93.1283,
100,32,524288,8192,hyprefill,512/512/512,graph,91,91.7806,22.7825,91.8335,91.7806,
100,32,524288,8192,hyprefill,512/512/512,graph,92,93.1613,22.7825,93.2130,93.1613,
100,32,524288,8192,hyprefill,512/512/512,graph,93,93.9849,22.7825,94.0533,93.9849,
100,32,524288,8192,hyprefill,512/512/512,graph,94,93.7857,22.7825,93.8457,93.7857,
100,32,524288,8192,hyprefill,512/512/512,graph,95,93.1491,22.7825,93.2051,93.1491,
100,32,524288,8192,hyprefill,512/512/512,graph,96,90.9743,22.7825,91.0235,90.9743,
100,32,524288,8192,hyprefill,512/512/512,graph,97,94.6374,22.7825,94.6954,94.6374,
100,32,524288,8192,hyprefill,512/512/512,graph,98,93.4306,22.7825,93.4845,93.4306,
100,32,524288,8192,hyprefill,512/512/512,graph,99,93.0913,22.7825,93.1539,93.0913,
100,32,524288,8192,hyprefill,512/512/512,graph,100,93.4432,22.7825,93.4941,93.4432,
100,32,524288,8192,hyprefill,512/512/512,graph,101,93.7907,22.7825,93.8406,93.7907,
100,32,524288,8192,hyprefill,512/512/512,graph,102,93.2305,22.7825,93.2811,93.2305,
100,32,524288,8192,hyprefill,512/512/512,graph,103,93.1542,22.7825,93.2131,93.1542,
100,32,524288,8192,hyprefill,512/512/512,graph,104,92.2857,22.7825,92.3372,92.2857,
100,32,524288,8192,hyprefill,512/512/512,graph,105,92.8833,22.7825,92.9316,92.8833,
100,32,524288,8192,hyprefill,512/512/512,graph,106,92.2779,22.7825,92.3331,92.2779,
100,32,524288,8192,hyprefill,512/512/512,graph,107,91.7697,22.7825,91.8241,91.7697,
100,32,524288,8192,hyprefill,512/512/512,graph,108,93.2872,22.7825,93.3423,93.2872,
100,32,524288,8192,hyprefill,512/512/512,graph,109,93.7647,22.7825,93.8213,93.7647,
100,32,524288,8192,hyprefill,512/512/512,graph,110,93.0941,22.7825,93.1482,93.0941,
100,32,524288,8192,hyprefill,512/512/512,graph,111,93.3503,22.7825,93.4043,93.3503,
100,32,524288,8192,hyprefill,512/512/512,graph,112,93.1422,22.7825,93.1919,93.1422,
100,32,524288,8192,hyprefill,512/512/512,graph,113,93.3328,22.7825,93.4067,93.3328,
100,32,524288,8192,hyprefill,512/512/512,graph,114,93.5320,22.7825,93.5911,93.5320,
100,32,524288,8192,hyprefill,512/512/512,graph,115,93.8714,22.7825,93.9217,93.8714,
100,32,524288,8192,hyprefill,512/512/512,graph,116,92.7459,22.7825,92.7948,92.7459,
100,32,524288,8192,hyprefill,512/512/512,graph,117,93.4451,22.7825,93.5023,93.4451,
100,32,524288,8192,hyprefill,512/512/512,graph,118,92.1066,22.7825,92.1551,92.1066,
100,32,524288,8192,hyprefill,512/512/512,graph,119,92.0040,22.7825,92.0506,92.0040,
100,32,524288,8192,hyprefill,512/512/512,graph,120,91.5873,22.7825,91.6326,91.5873,
100,32,524288,8192,hyprefill,512/512/512,graph,121,93.5511,22.7825,93.6059,93.5511,
100,32,524288,8192,hyprefill,512/512/512,graph,122,93.3303,22.7825,93.3800,93.3303,
100,32,524288,8192,hyprefill,512/512/512,graph,123,92.9258,22.7825,92.9741,92.9258,
100,32,524288,8192,hyprefill,512/512/512,graph,124,92.5902,22.7825,92.6378,92.5902,
100,32,524288,8192,hyprefill,512/512/512,graph,125,92.2796,22.7825,92.3472,92.2796,
100,32,524288,8192,hyprefill,512/512/512,graph,126,93.4525,22.7825,93.5021,93.4525,
100,32,524288,8192,hyprefill,512/512/512,graph,127,92.3262,22.7825,92.3771,92.3262,
100,32,524288,8192,hyprefill,512/512/512,graph,128,92.7113,22.7825,92.7636,92.7113,
100,32,524288,8192,hyprefill,512/512/512,graph,129,91.6798,22.7825,91.7272,91.6798,
100,32,524288,8192,hyprefill,512/512/512,graph,130,92.3266,22.7825,92.3806,92.3266,
100,32,524288,8192,hyprefill,512/512/512,graph,131,92.2127,22.7825,92.2608,92.2127,
100,32,524288,8192,hyprefill,512/512/512,graph,132,93.3707,22.7825,93.4253,93.3707,
100,32,524288,8192,hyprefill,512/512/512,graph,133,92.2492,22.7825,92.3066,92.2492,
100,32,524288,8192,hyprefill,512/512/512,graph,134,92.6629,22.7825,92.7145,92.6629,
100,32,524288,8192,hyprefill,512/512/512,graph,135,93.1098,22.7825,93.1622,93.1098,
100,32,524288,8192,hyprefill,512/512/512,graph,136,92.7885,22.7825,92.8400,92.7885,
100,32,524288,8192,hyprefill,512/512/512,graph,137,92.1559,22.7825,92.2194,92.1559,
100,32,524288,8192,hyprefill,512/512/512,graph,138,93.1729,22.7825,93.2395,93.1729,
100,32,524288,8192,hyprefill,512/512/512,graph,139,93.2803,22.7825,93.3287,93.2803,
100,32,524288,8192,hyprefill,512/512/512,graph,140,93.9306,22.7825,93.9810,93.9306,
100,32,524288,8192,hyprefill,512/512/512,graph,141,92.1425,22.7825,92.1882,92.1425,
100,32,524288,8192,hyprefill,512/512/512,graph,142,93.0772,22.7825,93.1230,93.0772,
100,32,524288,8192,hyprefill,512/512/512,graph,143,93.3020,22.7825,93.3491,93.3020,
100,32,524288,8192,hyprefill,512/512/512,graph,144,91.0064,22.7825,91.0615,91.0064,
100,32,524288,8192,hyprefill,512/512/512,graph,145,92.5654,22.7825,92.6119,92.5654,
100,32,524288,8192,hyprefill,512/512/512,graph,146,91.9242,22.7825,91.9832,91.9242,
100,32,524288,8192,hyprefill,512/512/512,graph,147,92.7248,22.7825,92.8962,92.7248,
100,32,524288,8192,hyprefill,512/512/512,graph,148,94.6209,22.7825,94.6923,94.6209,
100,32,524288,8192,hyprefill,512/512/512,graph,149,92.5285,22.7825,92.5824,92.5285,
100,32,524288,8192,hyprefill,512/512/512,graph,150,92.1582,22.7825,92.2070,92.1582,
100,32,524288,8192,hyprefill,512/512/512,graph,151,93.5260,22.7825,93.5934,93.5260,
100,32,524288,8192,hyprefill,512/512/512,graph,152,92.7803,22.7825,92.8390,92.7803,
100,32,524288,8192,hyprefill,512/512/512,graph,153,93.1185,22.7825,93.1685,93.1185,
100,32,524288,8192,hyprefill,512/512/512,graph,154,94.3050,22.7825,94.3537,94.3050,
100,32,524288,8192,hyprefill,512/512/512,graph,155,92.7503,22.7825,92.8068,92.7503,
100,32,524288,8192,hyprefill,512/512/512,graph,156,92.4895,22.7825,92.5463,92.4895,
100,32,524288,8192,hyprefill,512/512/512,graph,157,94.6691,22.7825,94.7208,94.6691,
100,32,524288,8192,hyprefill,512/512/512,graph,158,91.9990,22.7825,92.0578,91.9990,
100,32,524288,8192,hyprefill,512/512/512,graph,159,93.3101,22.7825,93.3718,93.3101,
100,32,524288,8192,hyprefill,512/512/512,graph,160,91.6841,23.0571,91.7435,91.6841,
100,32,524288,8192,hyprefill,512/512/512,graph,161,91.6525,23.0571,91.7040,91.6525,
100,32,524288,8192,hyprefill,512/512/512,graph,162,92.5206,23.3317,92.5746,92.5206,
100,32,524288,8192,hyprefill,512/512/512,graph,163,92.6878,23.3317,92.7441,92.6878,
100,32,524288,8192,hyprefill,512/512/512,graph,164,94.1378,23.6063,94.1960,94.1378,
100,32,524288,8192,hyprefill,512/512/512,graph,165,94.4915,23.6063,94.5415,94.4915,
100,32,524288,8192,hyprefill,512/512/512,graph,166,92.4005,23.6063,92.4525,92.4005,
100,32,524288,8192,hyprefill,512/512/512,graph,167,93.9483,23.6063,94.0074,93.9483,
100,32,524288,8192,hyprefill,512/512/512,graph,168,93.7170,23.3317,93.7661,93.7170,
100,32,524288,8192,hyprefill,512/512/512,graph,169,92.3548,23.3317,92.4089,92.3548,
100,32,524288,8192,hyprefill,512/512/512,graph,170,92.2194,23.0571,92.2866,92.2194,
100,32,524288,8192,hyprefill,512/512/512,graph,171,92.8204,23.0571,92.8761,92.8204,
100,32,524288,8192,hyprefill,512/512/512,graph,172,94.4282,22.7825,94.4770,94.4282,
100,32,524288,8192,hyprefill,512/512/512,graph,173,93.1874,22.7825,93.2377,93.1874,
100,32,524288,8192,hyprefill,512/512/512,graph,174,93.2254,22.7825,93.2835,93.2254,
100,32,524288,8192,hyprefill,512/512/512,graph,175,93.7904,22.7825,93.8448,93.7904,
100,32,524288,8192,hyprefill,512/512/512,graph,176,93.2795,22.7825,93.3304,93.2795,
100,32,524288,8192,hyprefill,512/512/512,graph,177,92.4921,22.7825,92.5493,92.4921,
100,32,524288,8192,hyprefill,512/512/512,graph,178,92.7660,22.7825,92.8223,92.7660,
100,32,524288,8192,hyprefill,512/512/512,graph,179,92.4118,22.7825,92.4659,92.4118,
100,32,524288,8192,hyprefill,512/512/512,graph,180,91.7988,22.7825,91.8549,91.7988,
100,32,524288,8192,hyprefill,512/512/512,graph,181,94.1793,22.7825,94.2389,94.1793,
100,32,524288,8192,hyprefill,512/512/512,graph,182,93.1529,22.7825,93.2038,93.1529,
100,32,524288,8192,hyprefill,512/512/512,graph,183,93.0546,22.7825,93.1057,93.0546,
100,32,524288,8192,hyprefill,512/512/512,graph,184,91.5931,22.7825,91.6508,91.5931,
100,32,524288,8192,hyprefill,512/512/512,graph,185,91.8441,22.7825,91.8973,91.8441,
100,32,524288,8192,hyprefill,512/512/512,graph,186,92.9312,22.7825,92.9883,92.9312,
100,32,524288,8192,hyprefill,512/512/512,graph,187,94.0429,22.7825,94.0989,94.0429,
100,32,524288,8192,hyprefill,512/512/512,graph,188,92.7321,22.7825,92.7913,92.7321,
100,32,524288,8192,hyprefill,512/512/512,graph,189,92.6762,22.7825,92.7294,92.6762,
100,32,524288,8192,hyprefill,512/512/512,graph,190,92.9639,22.7825,93.0128,92.9639,
100,32,524288,8192,hyprefill,512/512/512,graph,191,92.1197,22.7825,92.1786,92.1197,
100,32,524288,8192,hyprefill,512/512/512,graph,192,92.2198,22.7825,92.2785,92.2198,
100,32,524288,8192,hyprefill,512/512/512,graph,193,91.5093,22.7825,91.5666,91.5093,
100,32,524288,8192,hyprefill,512/512/512,graph,194,93.7588,22.7825,93.8169,93.7588,
100,32,524288,8192,hyprefill,512/512/512,graph,195,91.2660,22.7825,91.3259,91.2660,
100,32,524288,8192,hyprefill,512/512/512,graph,196,93.1023,22.7825,93.1639,93.1023,
100,32,524288,8192,hyprefill,512/512/512,graph,197,93.0991,22.7825,93.1611,93.0991,
100,32,524288,8192,hyprefill,512/512/512,graph,198,91.0884,22.7825,91.1387,91.0884,
100,32,524288,8192,hyprefill,512/512/512,graph,199,92.5757,22.7825,92.6252,92.5757,
100,32,524288,8192,hyprefill,3072/3072/3072,graph,0,73.2893,15.3249,73.3525,73.2893,
100,32,524288,8192,hyprefill,3072/3072/3072,graph,1,93.2855,14.5330,93.3392,93.2855,
100,32,524288,8192,hyprefill,3072/3072/3072,graph,2,93.4581,14.5330,93.5060,93.4581,
100,32,524288,8192,hyprefill,3072/3072/3072,graph,3,72.5478,15.3249,72.5969,72.5478,
100,32,524288,8192,hyprefill,3072/3072/3072,graph,4,94.0899,15.3568,94.1423,94.0899,
100,32,524288,8192,hyprefill,3072/3072/3072,graph,5,74.9939,15.0503,75.0432,74.9939,
100,32,524288,8192,hyprefill,3072/3072/3072,graph,6,94.8681,15.0822,94.9170,94.8681,
100,32,524288,8192,hyprefill,3072/3072/3072,graph,7,95.3076,14.5330,95.3556,95.3076,
100,32,524288,8192,hyprefill,3072/3072/3072,graph,8,73.9443,15.3249,73.9900,73.9443,
100,32,524288,8192,hyprefill,3072/3072/3072,graph,9,74.1850,15.8741,74.2320,74.1850,
100,32,524288,8192,hyprefill,3072/3072/3072,graph,10,96.6387,14.5330,96.6857,96.6387,
100,32,524288,8192,hyprefill,3072/3072/3072,graph,11,74.5739,15.3249,74.6255,74.5739,
100,32,524288,8192,hyprefill,3072/3072/3072,graph,12,94.6764,15.0822,94.7259,94.6764,
100,32,524288,8192,hyprefill,3072/3072/3072,graph,13,77.5439,15.3249,77.5956,77.5439,
100,32,524288,8192,hyprefill,3072/3072/3072,graph,14,97.0503,15.0822,97.1073,97.0503,
100,32,524288,8192,hyprefill,3072/3072/3072,graph,15,94.6141,14.5330,94.6660,94.6141,
100,32,524288,8192,hyprefill,3072/3072/3072,graph,16,73.9133,15.0503,73.9659,73.9133,
100,32,524288,8192,hyprefill,3072/3072/3072,graph,17,94.1393,14.8076,94.1880,94.1393,
100,32,524288,8192,hyprefill,3072/3072/3072,graph,18,94.2873,14.2584,94.3372,94.2873,
100,32,524288,8192,hyprefill,3072/3072/3072,graph,19,73.2463,15.5995,73.2961,73.2463,
100,32,524288,8192,hyprefill,3072/3072/3072,graph,20,75.9057,15.5995,75.9722,75.9057,
100,32,524288,8192,hyprefill,3072/3072/3072,graph,21,94.5819,14.5330,94.6324,94.5819,
100,32,524288,8192,hyprefill,3072/3072/3072,graph,22,93.7588,14.2584,93.8133,93.7588,
100,32,524288,8192,hyprefill,3072/3072/3072,graph,23,95.0796,14.5330,95.1399,95.0796,
100,32,524288,8192,hyprefill,3072/3072/3072,graph,24,77.0405,15.3249,77.0952,77.0405,
100,32,524288,8192,hyprefill,3072/3072/3072,graph,25,91.8745,14.5330,91.9296,91.8745,
100,32,524288,8192,hyprefill,3072/3072/3072,graph,26,94.0221,14.2584,94.0725,94.0221,
100,32,524288,8192,hyprefill,3072/3072/3072,graph,27,74.7197,15.8741,74.7688,74.7197,
100,32,524288,8192,hyprefill,3072/3072/3072,graph,28,76.3592,15.5995,76.4118,76.3592,
100,32,524288,8192,hyprefill,3072/3072/3072,graph,29,73.6226,15.5995,73.6827,73.6226,
100,32,524288,8192,hyprefill,3072/3072/3072,graph,30,73.5526,15.5995,73.6065,73.5526,
100,32,524288,8192,hyprefill,3072/3072/3072,graph,31,94.3055,14.2584,94.3628,94.3055,
100,32,524288,8192,hyprefill,3072/3072/3072,graph,32,91.9190,15.0822,91.9746,91.9190,
100,32,524288,8192,hyprefill,3072/3072/3072,graph,33,75.8734,15.3249,75.9290,75.8734,
100,32,524288,8192,hyprefill,3072/3072/3072,graph,34,95.2112,14.8076,95.2647,95.2112,
100,32,524288,8192,hyprefill,3072/3072/3072,graph,35,92.0235,14.8076,92.0913,92.0235,
100,32,524288,8192,hyprefill,3072/3072/3072,graph,36,74.1816,15.0503,74.2292,74.1816,
100,32,524288,8192,hyprefill,3072/3072/3072,graph,37,74.0795,15.5995,74.1407,74.0795,
100,32,524288,8192,hyprefill,3072/3072/3072,graph,38,73.6406,15.5995,73.6909,73.6406,
100,32,524288,8192,hyprefill,3072/3072/3072,graph,39,94.1861,14.5330,94.2335,94.1861,
100,32,524288,8192,hyprefill,3072/3072/3072,graph,40,94.7807,14.2584,94.8319,94.7807,
100,32,524288,8192,hyprefill,3072/3072/3072,graph,41,94.1703,15.3568,94.2189,94.1703,
100,32,524288,8192,hyprefill,3072/3072/3072,graph,42,93.2938,14.2584,93.3371,93.2938,
100,32,524288,8192,hyprefill,3072/3072/3072,graph,43,92.0303,14.5330,92.1010,92.0303,
100,32,524288,8192,hyprefill,3072/3072/3072,graph,44,92.8446,14.5330,92.8919,92.8446,
100,32,524288,8192,hyprefill,3072/3072/3072,graph,45,73.6233,15.0503,73.6751,73.6233,
100,32,524288,8192,hyprefill,3072/3072/3072,graph,46,72.3982,15.8741,72.4511,72.3982,
100,32,524288,8192,hyprefill,3072/3072/3072,graph,47,93.1853,14.8076,93.2356,93.1853,
100,32,524288,8192,hyprefill,3072/3072/3072,graph,48,94.4725,14.2584,94.5194,94.4725,
100,32,524288,8192,hyprefill,3072/3072/3072,graph,49,74.2776,15.5995,74.3258,74.2776,
100,32,524288,8192,hyprefill,3072/3072/3072,graph,50,96.8418,14.5330,96.8900,96.8418,
100,32,524288,8192,hyprefill,3072/3072/3072,graph,51,92.1738,14.5330,92.2230,92.1738,
100,32,524288,8192,hyprefill,3072/3072/3072,graph,52,92.2740,14.8076,92.3193,92.2740,
100,32,524288,8192,hyprefill,3072/3072/3072,graph,53,74.2962,15.5995,74.3514,74.2962,
100,32,524288,8192,hyprefill,3072/3072/3072,graph,54,73.7389,15.8741,73.7893,73.7389,
100,32,524288,8192,hyprefill,3072/3072/3072,graph,55,95.4067,13.9838,95.4597,95.4067,
100,32,524288,8192,hyprefill,3072/3072/3072,graph,56,95.4173,15.0822,95.4659,95.4173,
100,32,524288,8192,hyprefill,3072/3072/3072,graph,57,94.9314,14.5330,94.9797,94.9314,
100,32,524288,8192,hyprefill,3072/3072/3072,graph,58,93.6935,14.8076,93.7458,93.6935,
100,32,524288,8192,hyprefill,3072/3072/3072,graph,59,92.8284,14.2584,92.8768,92.8284,
100,32,524288,8192,hyprefill,3072/3072/3072,graph,60,94.0809,14.8076,94.1277,94.0809,
100,32,524288,8192,hyprefill,3072/3072/3072,graph,61,72.7972,15.0503,72.8442,72.7972,
100,32,524288,8192,hyprefill,3072/3072/3072,graph,62,93.2431,14.8076,93.2936,93.2431,
100,32,524288,8192,hyprefill,3072/3072/3072,graph,63,72.3523,15.5995,72.4080,72.3523,
100,32,524288,8192,hyprefill,3072/3072/3072,graph,64,94.6893,14.2584,94.7429,94.6893,
100,32,524288,8192,hyprefill,3072/3072/3072,graph,65,93.5233,15.0822,93.5833,93.5233,
100,32,524288,8192,hyprefill,3072/3072/3072,graph,66,74.0658,15.0503,74.1155,74.0658,
100,32,524288,8192,hyprefill,3072/3072/3072,graph,67,92.7278,14.8076,92.7802,92.7278,
100,32,524288,8192,hyprefill,3072/3072/3072,graph,68,73.3355,15.3249,73.3836,73.3355,
100,32,524288,8192,hyprefill,3072/3072/3072,graph,69,93.0238,14.5330,93.0737,93.0238,
100,32,524288,8192,hyprefill,3072/3072/3072,graph,70,93.6917,14.8076,93.7532,93.6917,
100,32,524288,8192,hyprefill,3072/3072/3072,graph,71,72.6542,15.3249,72.7042,72.6542,
100,32,524288,8192,hyprefill,3072/3072/3072,graph,72,92.7589,14.2584,92.8060,92.7589,
100,32,524288,8192,hyprefill,3072/3072/3072,graph,73,95.8473,14.8076,95.8948,95.8473,
100,32,524288,8192,hyprefill,3072/3072/3072,graph,74,91.4698,14.5330,91.5242,91.4698,
100,32,524288,8192,hyprefill,3072/3072/3072,graph,75,92.0422,14.8076,92.0917,92.0422,
100,32,524288,8192,hyprefill,3072/3072/3072,graph,76,74.5754,15.5995,74.6207,74.5754,
100,32,524288,8192,hyprefill,3072/3072/3072,graph,77,92.5919,15.0822,92.6464,92.5919,
100,32,524288,8192,hyprefill,3072/3072/3072,graph,78,74.5170,15.0503,74.5621,74.5170,
100,32,524288,8192,hyprefill,3072/3072/3072,graph,79,72.6552,15.8741,72.7035,72.6552,
100,32,524288,8192,hyprefill,3072/3072/3072,graph,80,93.8467,14.2584,93.8967,93.8467,
100,32,524288,8192,hyprefill,3072/3072/3072,graph,81,91.6282,14.5330,91.6748,91.6282,
100,32,524288,8192,hyprefill,3072/3072/3072,graph,82,92.1667,14.5330,92.2129,92.1667,
100,32,524288,8192,hyprefill,3072/3072/3072,graph,83,92.0625,15.0822,92.1282,92.0625,
100,32,524288,8192,hyprefill,3072/3072/3072,graph,84,73.4705,15.3249,73.5252,73.4705,
100,32,524288,8192,hyprefill,3072/3072/3072,graph,85,95.7790,15.0822,95.8286,95.7790,
100,32,524288,8192,hyprefill,3072/3072/3072,graph,86,75.5027,15.3249,75.5620,75.5027,
100,32,524288,8192,hyprefill,3072/3072/3072,graph,87,75.7174,16.1487,75.7695,75.7174,
100,32,524288,8192,hyprefill,3072/3072/3072,graph,88,95.9892,14.2584,96.0425,95.9892,
100,32,524288,8192,hyprefill,3072/3072/3072,graph,89,93.2960,14.2584,93.3439,93.2960,
100,32,524288,8192,hyprefill,3072/3072/3072,graph,90,95.3236,14.5330,95.3887,95.3236,
100,32,524288,8192,hyprefill,3072/3072/3072,graph,91,73.1803,15.8741,73.2299,73.1803,
100,32,524288,8192,hyprefill,3072/3072/3072,graph,92,74.5935,15.8741,74.6422,74.5935,
100,32,524288,8192,hyprefill,3072/3072/3072,graph,93,95.9115,14.5330,95.9627,95.9115,
100,32,524288,8192,hyprefill,3072/3072/3072,graph,94,94.1916,14.8076,94.2386,94.1916,
100,32,524288,8192,hyprefill,3072/3072/3072,graph,95,75.3087,15.8741,75.3581,75.3087,
100,32,524288,8192,hyprefill,3072/3072/3072,graph,96,93.3141,14.8076,93.3679,93.3141,
100,32,524288,8192,hyprefill,3072/3072/3072,graph,97,92.4898,14.2584,92.5351,92.4898,
100,32,524288,8192,hyprefill,3072/3072/3072,graph,98,92.7007,14.5330,92.7496,92.7007,
100,32,524288,8192,hyprefill,3072/3072/3072,graph,99,97.5770,14.8076,97.6426,97.5770,
100,32,524288,8192,hyprefill,3072/3072/3072,graph,100,74.8421,15.5995,74.8927,74.8421,
100,32,524288,8192,hyprefill,3072/3072/3072,graph,101,93.2613,14.5330,93.3075,93.2613,
100,32,524288,8192,hyprefill,3072/3072/3072,graph,102,74.2839,15.8741,74.3313,74.2839,
100,32,524288,8192,hyprefill,3072/3072/3072,graph,103,73.8238,16.1487,73.8721,73.8238,
100,32,524288,8192,hyprefill,3072/3072/3072,graph,104,94.3764,14.2584,94.4277,94.3764,
100,32,524288,8192,hyprefill,3072/3072/3072,graph,105,94.5350,14.2584,94.5964,94.5350,
100,32,524288,8192,hyprefill,3072/3072/3072,graph,106,94.1345,14.5330,94.1848,94.1345,
100,32,524288,8192,hyprefill,3072/3072/3072,graph,107,92.6347,15.0822,92.6795,92.6347,
100,32,524288,8192,hyprefill,3072/3072/3072,graph,108,74.2159,15.3249,74.2702,74.2159,
100,32,524288,8192,hyprefill,3072/3072/3072,graph,109,93.8265,14.5330,93.8776,93.8265,
100,32,524288,8192,hyprefill,3072/3072/3072,graph,110,74.6699,15.8741,74.7301,74.6699,
100,32,524288,8192,hyprefill,3072/3072/3072,graph,111,74.5386,15.8741,74.5896,74.5386,
100,32,524288,8192,hyprefill,3072/3072/3072,graph,112,92.8647,14.5330,92.9133,92.8647,
100,32,524288,8192,hyprefill,3072/3072/3072,graph,113,93.0860,14.2584,93.1375,93.0860,
100,32,524288,8192,hyprefill,3072/3072/3072,graph,114,94.9473,14.5330,95.0009,94.9473,
100,32,524288,8192,hyprefill,3072/3072/3072,graph,115,94.3513,14.8076,94.4075,94.3513,
100,32,524288,8192,hyprefill,3072/3072/3072,graph,116,75.7429,15.5995,75.7963,75.7429,
100,32,524288,8192,hyprefill,3072/3072/3072,graph,117,93.2670,14.5330,93.3172,93.2670,
100,32,524288,8192,hyprefill,3072/3072/3072,graph,118,75.6021,15.8741,75.6540,75.6021,
100,32,524288,8192,hyprefill,3072/3072/3072,graph,119,73.9366,15.8741,73.9904,73.9366,
100,32,524288,8192,hyprefill,3072/3072/3072,graph,120,94.5949,14.8076,94.6471,94.5949,
100,32,524288,8192,hyprefill,3072/3072/3072,graph,121,92.2879,14.5330,92.3338,92.2879,
100,32,524288,8192,hyprefill,3072/3072/3072,graph,122,94.2773,14.2584,94.3231,94.2773,
100,32,524288,8192,hyprefill,3072/3072/3072,graph,123,93.1751,15.0822,93.2259,93.1751,
100,32,524288,8192,hyprefill,3072/3072/3072,graph,124,73.4011,14.7758,73.4588,73.4011,
100,32,524288,8192,hyprefill,3072/3072/3072,graph,125,95.1719,14.8076,95.2226,95.1719,
100,32,524288,8192,hyprefill,3072/3072/3072,graph,126,72.5492,15.0503,72.5995,72.5492,
100,32,524288,8192,hyprefill,3072/3072/3072,graph,127,73.6509,16.1487,73.7027,73.6509,
100,32,524288,8192,hyprefill,3072/3072/3072,graph,128,73.8856,15.0503,73.9484,73.8856,
100,32,524288,8192,hyprefill,3072/3072/3072,graph,129,94.8838,15.0822,94.9348,94.8838,
100,32,524288,8192,hyprefill,3072/3072/3072,graph,130,93.8524,14.2584,93.9006,93.8524,
100,32,524288,8192,hyprefill,3072/3072/3072,graph,131,94.2999,14.5330,94.3536,94.2999,
100,32,524288,8192,hyprefill,3072/3072/3072,graph,132,93.3491,14.5330,93.4113,93.3491,
100,32,524288,8192,hyprefill,3072/3072/3072,graph,133,95.2364,14.5330,95.2833,95.2364,
100,32,524288,8192,hyprefill,3072/3072/3072,graph,134,72.1190,15.3249,72.1662,72.1190,
100,32,524288,8192,hyprefill,3072/3072/3072,graph,135,93.1668,15.3568,93.2144,93.1668,
100,32,524288,8192,hyprefill,3072/3072/3072,graph,136,74.3523,14.5012,74.4041,74.3523,
100,32,524288,8192,hyprefill,3072/3072/3072,graph,137,72.9865,16.1487,73.0381,72.9865,
100,32,524288,8192,hyprefill,3072/3072/3072,graph,138,94.1457,13.9838,94.1991,94.1457,
100,32,524288,8192,hyprefill,3072/3072/3072,graph,139,92.1066,15.0822,92.1606,92.1066,
100,32,524288,8192,hyprefill,3072/3072/3072,graph,140,73.2407,14.7758,73.2918,73.2407,
100,32,524288,8192,hyprefill,3072/3072/3072,graph,141,91.0557,14.8076,91.1060,91.0557,
100,32,524288,8192,hyprefill,3072/3072/3072,graph,142,73.7784,15.3249,73.8310,73.7784,
100,32,524288,8192,hyprefill,3072/3072/3072,graph,143,92.7663,14.2584,92.8131,92.7663,
100,32,524288,8192,hyprefill,3072/3072/3072,graph,144,92.3011,14.5330,92.3500,92.3011,
100,32,524288,8192,hyprefill,3072/3072/3072,graph,145,73.1328,15.5995,73.1870,73.1328,
100,32,524288,8192,hyprefill,3072/3072/3072,graph,146,93.9471,14.5330,93.9971,93.9471,
100,32,524288,8192,hyprefill,3072/3072/3072,graph,147,94.8269,14.2584,94.8752,94.8269,
100,32,524288,8192,hyprefill,3072/3072/3072,graph,148,72.2481,15.5995,72.2968,72.2481,
100,32,524288,8192,hyprefill,3072/3072/3072,graph,149,72.8625,15.3249,72.9114,72.8625,
100,32,524288,8192,hyprefill,3072/3072/3072,graph,150,92.8291,15.0822,92.8882,92.8291,
100,32,524288,8192,hyprefill,3072/3072/3072,graph,151,91.8347,13.9838,91.8964,91.8347,
100,32,524288,8192,hyprefill,3072/3072/3072,graph,152,92.4263,14.8076,92.4770,92.4263,
100,32,524288,8192,hyprefill,3072/3072/3072,graph,153,74.2636,15.5995,74.3122,74.2636,
100,32,524288,8192,hyprefill,3072/3072/3072,graph,154,92.4206,14.5330,92.4684,92.4206,
100,32,524288,8192,hyprefill,3072/3072/3072,graph,155,92.9178,14.5330,92.9806,92.9178,
100,32,524288,8192,hyprefill,3072/3072/3072,graph,156,91.2652,14.5330,91.3177,91.2652,
100,32,524288,8192,hyprefill,3072/3072/3072,graph,157,72.2877,15.8741,72.3362,72.2877,
100,32,524288,8192,hyprefill,3072/3072/3072,graph,158,74.4903,15.5995,74.5441,74.4903,
100,32,524288,8192,hyprefill,3072/3072/3072,graph,159,96.0323,14.5330,96.0943,96.0323,
100,32,524288,8192,hyprefill,3072/3072/3072,graph,160,93.3595,14.5330,93.4122,93.3595,
100,32,524288,8192,hyprefill,3072/3072/3072,graph,161,73.5403,15.5995,73.5887,73.5403,
100,32,524288,8192,hyprefill,3072/3072/3072,graph,162,72.7547,15.5995,72.8037,72.7547,
100,32,524288,8192,hyprefill,3072/3072/3072,graph,163,96.7937,14.8076,96.8470,96.7937,
100,32,524288,8192,hyprefill,3072/3072/3072,graph,164,94.0247,14.5330,94.0808,94.0247,
100,32,524288,8192,hyprefill,3072/3072/3072,graph,165,73.7323,15.3249,73.7886,73.7323,
100,32,524288,8192,hyprefill,3072/3072/3072,graph,166,93.9904,14.5330,94.0401,93.9904,
100,32,524288,8192,hyprefill,3072/3072/3072,graph,167,94.6500,14.8076,94.7012,94.6500,
100,32,524288,8192,hyprefill,3072/3072/3072,graph,168,96.2987,14.5330,96.3512,96.2987,
100,32,524288,8192,hyprefill,3072/3072/3072,graph,169,72.5074,14.7758,72.5614,72.5074,
100,32,524288,8192,hyprefill,3072/3072/3072,graph,170,74.6160,15.8741,74.6661,74.6160,
100,32,524288,8192,hyprefill,3072/3072/3072,graph,171,92.3259,14.5330,92.3805,92.3259,
100,32,524288,8192,hyprefill,3072/3072/3072,graph,172,95.0967,14.8076,95.1492,95.0967,
100,32,524288,8192,hyprefill,3072/3072/3072,graph,173,73.0807,15.3249,73.1305,73.0807,
100,32,524288,8192,hyprefill,3072/3072/3072,graph,174,95.6395,15.0822,95.6890,95.6395,
100,32,524288,8192,hyprefill,3072/3072/3072,graph,175,92.6547,14.5330,92.7050,92.6547,
100,32,524288,8192,hyprefill,3072/3072/3072,graph,176,97.6747,14.8076,97.7288,97.6747,
100,32,524288,8192,hyprefill,3072/3072/3072,graph,177,92.8566,14.2584,92.9041,92.8566,
100,32,524288,8192,hyprefill,3072/3072/3072,graph,178,71.3531,15.5995,71.3996,71.3531,
100,32,524288,8192,hyprefill,3072/3072/3072,graph,179,74.3945,15.3249,74.4444,74.3945,
100,32,524288,8192,hyprefill,3072/3072/3072,graph,180,93.2168,15.3568,93.2658,93.2168,
100,32,524288,8192,hyprefill,3072/3072/3072,graph,181,75.0671,15.3249,75.1335,75.0671,
100,32,524288,8192,hyprefill,3072/3072/3072,graph,182,95.0954,15.3568,95.1434,95.0954,
100,32,524288,8192,hyprefill,3072/3072/3072,graph,183,95.2991,13.9838,95.3521,95.2991,
100,32,524288,8192,hyprefill,3072/3072/3072,graph,184,94.6796,14.8076,94.7269,94.6796,
100,32,524288,8192,hyprefill,3072/3072/3072,graph,185,92.7686,14.2584,92.8135,92.7686,
100,32,524288,8192,hyprefill,3072/3072/3072,graph,186,92.9754,14.8076,93.0302,92.9754,
100,32,524288,8192,hyprefill,3072/3072/3072,graph,187,73.4387,15.0503,73.4879,73.4387,
100,32,524288,8192,hyprefill,3072/3072/3072,graph,188,73.2910,15.8741,73.3369,73.2910,
100,32,524288,8192,hyprefill,3072/3072/3072,graph,189,73.9059,15.5995,73.9557,73.9059,
100,32,524288,8192,hyprefill,3072/3072/3072,graph,190,94.4399,14.8076,94.4873,94.4399,
100,32,524288,8192,hyprefill,3072/3072/3072,graph,191,93.9990,13.9838,94.0489,93.9990,
100,32,524288,8192,hyprefill,3072/3072/3072,graph,192,75.1536,15.8741,75.2054,75.1536,
100,32,524288,8192,hyprefill,3072/3072/3072,graph,193,93.7302,14.2584,93.7787,93.7302,
100,32,524288,8192,hyprefill,3072/3072/3072,graph,194,94.9695,14.8076,95.0189,94.9695,
100,32,524288,8192,hyprefill,3072/3072/3072,graph,195,73.7584,15.5995,73.8179,73.7584,
100,32,524288,8192,hyprefill,3072/3072/3072,graph,196,93.5860,15.0822,93.6395,93.5860,
100,32,524288,8192,hyprefill,3072/3072/3072,graph,197,74.0751,15.3249,74.1239,74.0751,
100,32,524288,8192,hyprefill,3072/3072/3072,graph,198,94.3799,14.8076,94.4332,94.3799,
100,32,524288,8192,hyprefill,3072/3072/3072,graph,199,92.6767,13.9838,92.7291,92.6767,
