op,c,t,mode,iter,ms
gdn,64,0,graph,0,0.04155
gdn,64,0,graph,1,0.04183
gdn,64,0,graph,2,0.04148
gdn,64,0,graph,3,0.04172
gdn,64,0,graph,4,0.04177
gdn,64,0,graph,5,0.04153
gdn,64,0,graph,6,0.04165
gdn,64,0,graph,7,0.04174
gdn,64,0,graph,8,0.04164
gdn,64,0,graph,9,0.04156
gdn,64,0,graph,10,0.04161
gdn,64,0,graph,11,0.04171
gdn,64,0,graph,12,0.04156
gdn,64,0,graph,13,0.04171
gdn,64,0,graph,14,0.04161
gdn,64,0,graph,15,0.04160
gdn,64,0,graph,16,0.04167
gdn,64,0,graph,17,0.04159
gdn,64,0,graph,18,0.04160
gdn,64,0,graph,19,0.04173
gdn,64,0,graph,20,0.04161
gdn,64,0,graph,21,0.04155
gdn,64,0,graph,22,0.04158
gdn,64,0,graph,23,0.04151
gdn,64,0,graph,24,0.04162
gdn,64,0,graph,25,0.04143
gdn,64,0,graph,26,0.04156
gdn,64,0,graph,27,0.04161
gdn,64,0,graph,28,0.04157
gdn,64,0,graph,29,0.04170
gdn,64,0,eager,0,0.63066
gdn,64,0,eager,1,0.69318
gdn,64,0,eager,2,0.64262
gdn,64,0,eager,3,0.62506
gdn,64,0,eager,4,0.63331
gdn,64,0,eager,5,0.66032
gdn,64,0,eager,6,0.62042
gdn,64,0,eager,7,0.61171
gdn,64,0,eager,8,0.65482
gdn,64,0,eager,9,0.62278
gdn,64,0,eager,10,0.60432
gdn,64,0,eager,11,0.62790
gdn,64,0,eager,12,0.61619
gdn,64,0,eager,13,0.61309
gdn,64,0,eager,14,0.60163
gdn,64,0,eager,15,0.61654
gdn,64,0,eager,16,0.61114
gdn,64,0,eager,17,0.59363
gdn,64,0,eager,18,0.64582
gdn,64,0,eager,19,0.61565
gdn,64,0,eager,20,0.60659
gdn,64,0,eager,21,0.62227
gdn,64,0,eager,22,0.62784
gdn,64,0,eager,23,0.60435
gdn,64,0,eager,24,0.58701
gdn,64,0,eager,25,0.66058
gdn,64,0,eager,26,0.62947
gdn,64,0,eager,27,0.59741
gdn,64,0,eager,28,0.62778
gdn,64,0,eager,29,0.60490
gdn,65,0,graph,0,0.04429
gdn,65,0,graph,1,0.04440
gdn,65,0,graph,2,0.04415
gdn,65,0,graph,3,0.04416
gdn,65,0,graph,4,0.04421
gdn,65,0,graph,5,0.04442
gdn,65,0,graph,6,0.04430
gdn,65,0,graph,7,0.04444
gdn,65,0,graph,8,0.04421
gdn,65,0,graph,9,0.04418
gdn,65,0,graph,10,0.04418
gdn,65,0,graph,11,0.04438
gdn,65,0,graph,12,0.04431
gdn,65,0,graph,13,0.04426
gdn,65,0,graph,14,0.04434
gdn,65,0,graph,15,0.04427
gdn,65,0,graph,16,0.04417
gdn,65,0,graph,17,0.04416
gdn,65,0,graph,18,0.04428
gdn,65,0,graph,19,0.04429
gdn,65,0,graph,20,0.04416
gdn,65,0,graph,21,0.04434
gdn,65,0,graph,22,0.04445
gdn,65,0,graph,23,0.04431
gdn,65,0,graph,24,0.04445
gdn,65,0,graph,25,0.04412
gdn,65,0,graph,26,0.04429
gdn,65,0,graph,27,0.04429
gdn,65,0,graph,28,0.04413
gdn,65,0,graph,29,0.04431
gdn,65,0,eager,0,0.64515
gdn,65,0,eager,1,0.68582
gdn,65,0,eager,2,0.65395
gdn,65,0,eager,3,0.65782
gdn,65,0,eager,4,0.65846
gdn,65,0,eager,5,0.63357
gdn,65,0,eager,6,0.61910
gdn,65,0,eager,7,0.66803
gdn,65,0,eager,8,0.64163
gdn,65,0,eager,9,0.62307
gdn,65,0,eager,10,0.61411
gdn,65,0,eager,11,0.66285
gdn,65,0,eager,12,0.62986
gdn,65,0,eager,13,0.61763
gdn,65,0,eager,14,0.61456
gdn,65,0,eager,15,0.64992
gdn,65,0,eager,16,0.61690
gdn,65,0,eager,17,0.61526
gdn,65,0,eager,18,0.67709
gdn,65,0,eager,19,0.63152
gdn,65,0,eager,20,0.65501
gdn,65,0,eager,21,0.65232
gdn,65,0,eager,22,0.62234
gdn,65,0,eager,23,0.62058
gdn,65,0,eager,24,0.63597
gdn,65,0,eager,25,0.63821
gdn,65,0,eager,26,0.62096
gdn,65,0,eager,27,0.60864
gdn,65,0,eager,28,0.65792
gdn,65,0,eager,29,0.63248
gdn,128,0,graph,0,0.04559
gdn,128,0,graph,1,0.04562
gdn,128,0,graph,2,0.04558
gdn,128,0,graph,3,0.04534
gdn,128,0,graph,4,0.04545
gdn,128,0,graph,5,0.04575
gdn,128,0,graph,6,0.04542
gdn,128,0,graph,7,0.04560
gdn,128,0,graph,8,0.04561
gdn,128,0,graph,9,0.04570
gdn,128,0,graph,10,0.04546
gdn,128,0,graph,11,0.04544
gdn,128,0,graph,12,0.04531
gdn,128,0,graph,13,0.04554
gdn,128,0,graph,14,0.04549
gdn,128,0,graph,15,0.04553
gdn,128,0,graph,16,0.04546
gdn,128,0,graph,17,0.04569
gdn,128,0,graph,18,0.04554
gdn,128,0,graph,19,0.04539
gdn,128,0,graph,20,0.04554
gdn,128,0,graph,21,0.04556
gdn,128,0,graph,22,0.04562
gdn,128,0,graph,23,0.04544
gdn,128,0,graph,24,0.04557
gdn,128,0,graph,25,0.04552
gdn,128,0,graph,26,0.04547
gdn,128,0,graph,27,0.04540
gdn,128,0,graph,28,0.04543
gdn,128,0,graph,29,0.04545
gdn,128,0,eager,0,0.69395
gdn,128,0,eager,1,0.67114
gdn,128,0,eager,2,0.69606
gdn,128,0,eager,3,0.65661
gdn,128,0,eager,4,0.64150
gdn,128,0,eager,5,0.69130
gdn,128,0,eager,6,0.66032
gdn,128,0,eager,7,0.64579
gdn,128,0,eager,8,0.68195
gdn,128,0,eager,9,0.65395
gdn,128,0,eager,10,0.62576
gdn,128,0,eager,11,0.67846
gdn,128,0,eager,12,0.64474
gdn,128,0,eager,13,0.62701
gdn,128,0,eager,14,0.66538
gdn,128,0,eager,15,0.62774
gdn,128,0,eager,16,0.61773
gdn,128,0,eager,17,0.62122
gdn,128,0,eager,18,0.64899
gdn,128,0,eager,19,0.63069
gdn,128,0,eager,20,0.61379
gdn,128,0,eager,21,0.61341
gdn,128,0,eager,22,0.64301
gdn,128,0,eager,23,0.62278
gdn,128,0,eager,24,0.60406
gdn,128,0,eager,25,0.62934
gdn,128,0,eager,26,0.63338
gdn,128,0,eager,27,0.61203
gdn,128,0,eager,28,0.61155
gdn,128,0,eager,29,0.65168
gdn,129,0,graph,0,0.05185
gdn,129,0,graph,1,0.05185
gdn,129,0,graph,2,0.05174
gdn,129,0,graph,3,0.05194
gdn,129,0,graph,4,0.05186
gdn,129,0,graph,5,0.05155
gdn,129,0,graph,6,0.05163
gdn,129,0,graph,7,0.05178
gdn,129,0,graph,8,0.05184
gdn,129,0,graph,9,0.05179
gdn,129,0,graph,10,0.05172
gdn,129,0,graph,11,0.05183
gdn,129,0,graph,12,0.05175
gdn,129,0,graph,13,0.05192
gdn,129,0,graph,14,0.05182
gdn,129,0,graph,15,0.05172
gdn,129,0,graph,16,0.05202
gdn,129,0,graph,17,0.05182
gdn,129,0,graph,18,0.05170
gdn,129,0,graph,19,0.05173
gdn,129,0,graph,20,0.05175
gdn,129,0,graph,21,0.05156
gdn,129,0,graph,22,0.05165
gdn,129,0,graph,23,0.05160
gdn,129,0,graph,24,0.05181
gdn,129,0,graph,25,0.05171
gdn,129,0,graph,26,0.05171
gdn,129,0,graph,27,0.05180
gdn,129,0,graph,28,0.05180
gdn,129,0,graph,29,0.05171
gdn,129,0,eager,0,0.65632
gdn,129,0,eager,1,0.63530
gdn,129,0,eager,2,0.60835
gdn,129,0,eager,3,0.66854
gdn,129,0,eager,4,0.64189
gdn,129,0,eager,5,0.63677
gdn,129,0,eager,6,0.66070
gdn,129,0,eager,7,0.63597
gdn,129,0,eager,8,0.61091
gdn,129,0,eager,9,0.67648
gdn,129,0,eager,10,0.64051
gdn,129,0,eager,11,0.62723
gdn,129,0,eager,12,0.66525
gdn,129,0,eager,13,0.65328
gdn,129,0,eager,14,0.62259
gdn,129,0,eager,15,0.63123
gdn,129,0,eager,16,0.65014
gdn,129,0,eager,17,0.62179
gdn,129,0,eager,18,0.64416
gdn,129,0,eager,19,0.64634
gdn,129,0,eager,20,0.61718
gdn,129,0,eager,21,0.64406
gdn,129,0,eager,22,0.64966
gdn,129,0,eager,23,0.62118
gdn,129,0,eager,24,0.64461
gdn,129,0,eager,25,0.64909
gdn,129,0,eager,26,0.62662
gdn,129,0,eager,27,0.62202
gdn,129,0,eager,28,0.65450
gdn,129,0,eager,29,0.62496
gdn,256,0,graph,0,0.05554
gdn,256,0,graph,1,0.05542
gdn,256,0,graph,2,0.05574
gdn,256,0,graph,3,0.05552
gdn,256,0,graph,4,0.05562
gdn,256,0,graph,5,0.05558
gdn,256,0,graph,6,0.05569
gdn,256,0,graph,7,0.05577
gdn,256,0,graph,8,0.05560
gdn,256,0,graph,9,0.05548
gdn,256,0,graph,10,0.05550
gdn,256,0,graph,11,0.05565
gdn,256,0,graph,12,0.05576
gdn,256,0,graph,13,0.05553
gdn,256,0,graph,14,0.05554
gdn,256,0,graph,15,0.05553
gdn,256,0,graph,16,0.05561
gdn,256,0,graph,17,0.05583
gdn,256,0,graph,18,0.05577
gdn,256,0,graph,19,0.05573
gdn,256,0,graph,20,0.05557
gdn,256,0,graph,21,0.05584
gdn,256,0,graph,22,0.05569
gdn,256,0,graph,23,0.05560
gdn,256,0,graph,24,0.05560
gdn,256,0,graph,25,0.05557
gdn,256,0,graph,26,0.05571
gdn,256,0,graph,27,0.05573
gdn,256,0,graph,28,0.05568
gdn,256,0,graph,29,0.05558
gdn,256,0,eager,0,0.66125
gdn,256,0,eager,1,0.63894
gdn,256,0,eager,2,0.79856
gdn,256,0,eager,3,0.67347
gdn,256,0,eager,4,0.65872
gdn,256,0,eager,5,0.64595
gdn,256,0,eager,6,0.67078
gdn,256,0,eager,7,0.65590
gdn,256,0,eager,8,0.65216
gdn,256,0,eager,9,0.66637
gdn,256,0,eager,10,0.63837
gdn,256,0,eager,11,0.62774
gdn,256,0,eager,12,0.69488
gdn,256,0,eager,13,0.65667
gdn,256,0,eager,14,0.63386
gdn,256,0,eager,15,0.62982
gdn,256,0,eager,16,0.67213
gdn,256,0,eager,17,0.64816
gdn,256,0,eager,18,0.62278
gdn,256,0,eager,19,0.66544
gdn,256,0,eager,20,0.64477
gdn,256,0,eager,21,0.63283
gdn,256,0,eager,22,0.71219
gdn,256,0,eager,23,0.66128
gdn,256,0,eager,24,0.64304
gdn,256,0,eager,25,0.67005
gdn,256,0,eager,26,0.65117
gdn,256,0,eager,27,0.62400
gdn,256,0,eager,28,0.62758
gdn,256,0,eager,29,0.65261
gdn,512,0,graph,0,0.08752
gdn,512,0,graph,1,0.08714
gdn,512,0,graph,2,0.08713
gdn,512,0,graph,3,0.08716
gdn,512,0,graph,4,0.08720
gdn,512,0,graph,5,0.08722
gdn,512,0,graph,6,0.08717
gdn,512,0,graph,7,0.08742
gdn,512,0,graph,8,0.08733
gdn,512,0,graph,9,0.08719
gdn,512,0,graph,10,0.08717
gdn,512,0,graph,11,0.08743
gdn,512,0,graph,12,0.08729
gdn,512,0,graph,13,0.08732
gdn,512,0,graph,14,0.08751
gdn,512,0,graph,15,0.08724
gdn,512,0,graph,16,0.08724
gdn,512,0,graph,17,0.08733
gdn,512,0,graph,18,0.08733
gdn,512,0,graph,19,0.08718
gdn,512,0,graph,20,0.08719
gdn,512,0,graph,21,0.08720
gdn,512,0,graph,22,0.08728
gdn,512,0,graph,23,0.08707
gdn,512,0,graph,24,0.08719
gdn,512,0,graph,25,0.08735
gdn,512,0,graph,26,0.08736
gdn,512,0,graph,27,0.08728
gdn,512,0,graph,28,0.08737
gdn,512,0,graph,29,0.08729
gdn,512,0,eager,0,0.74189
gdn,512,0,eager,1,0.65670
gdn,512,0,eager,2,0.70160
gdn,512,0,eager,3,0.65997
gdn,512,0,eager,4,0.65322
gdn,512,0,eager,5,0.62995
gdn,512,0,eager,6,0.67443
gdn,512,0,eager,7,0.65843
gdn,512,0,eager,8,0.64205
gdn,512,0,eager,9,0.64947
gdn,512,0,eager,10,0.68672
gdn,512,0,eager,11,0.66912
gdn,512,0,eager,12,0.64355
gdn,512,0,eager,13,0.70013
gdn,512,0,eager,14,0.66352
gdn,512,0,eager,15,0.64973
gdn,512,0,eager,16,0.64483
gdn,512,0,eager,17,0.71430
gdn,512,0,eager,18,0.67542
gdn,512,0,eager,19,0.64362
gdn,512,0,eager,20,0.63786
gdn,512,0,eager,21,0.65968
gdn,512,0,eager,22,0.65504
gdn,512,0,eager,23,0.64224
gdn,512,0,eager,24,0.63293
gdn,512,0,eager,25,0.63971
gdn,512,0,eager,26,0.65386
gdn,512,0,eager,27,0.63632
gdn,512,0,eager,28,0.61962
gdn,512,0,eager,29,0.69222
gdn,1024,0,graph,0,0.14586
gdn,1024,0,graph,1,0.14564
gdn,1024,0,graph,2,0.14578
gdn,1024,0,graph,3,0.14558
gdn,1024,0,graph,4,0.14591
gdn,1024,0,graph,5,0.14591
gdn,1024,0,graph,6,0.14521
gdn,1024,0,graph,7,0.14570
gdn,1024,0,graph,8,0.14540
gdn,1024,0,graph,9,0.14559
gdn,1024,0,graph,10,0.14558
gdn,1024,0,graph,11,0.14590
gdn,1024,0,graph,12,0.14547
gdn,1024,0,graph,13,0.14515
gdn,1024,0,graph,14,0.14592
gdn,1024,0,graph,15,0.14571
gdn,1024,0,graph,16,0.14581
gdn,1024,0,graph,17,0.14590
gdn,1024,0,graph,18,0.14576
gdn,1024,0,graph,19,0.14561
gdn,1024,0,graph,20,0.14564
gdn,1024,0,graph,21,0.14570
gdn,1024,0,graph,22,0.14540
gdn,1024,0,graph,23,0.14563
gdn,1024,0,graph,24,0.14583
gdn,1024,0,graph,25,0.14542
gdn,1024,0,graph,26,0.14591
gdn,1024,0,graph,27,0.14564
gdn,1024,0,graph,28,0.14533
gdn,1024,0,graph,29,0.14537
gdn,1024,0,eager,0,0.66403
gdn,1024,0,eager,1,0.68237
gdn,1024,0,eager,2,0.67859
gdn,1024,0,eager,3,0.64845
gdn,1024,0,eager,4,0.64570
gdn,1024,0,eager,5,0.71635
gdn,1024,0,eager,6,0.68125
gdn,1024,0,eager,7,0.64928
gdn,1024,0,eager,8,0.68576
gdn,1024,0,eager,9,0.67779
gdn,1024,0,eager,10,0.64566
gdn,1024,0,eager,11,0.63504
gdn,1024,0,eager,12,0.70941
gdn,1024,0,eager,13,0.66326
gdn,1024,0,eager,14,0.64477
gdn,1024,0,eager,15,0.64752
gdn,1024,0,eager,16,0.68099
gdn,1024,0,eager,17,0.65254
gdn,1024,0,eager,18,0.64445
gdn,1024,0,eager,19,0.70384
gdn,1024,0,eager,20,0.66042
gdn,1024,0,eager,21,0.65571
gdn,1024,0,eager,22,0.68611
gdn,1024,0,eager,23,0.65213
gdn,1024,0,eager,24,0.63507
gdn,1024,0,eager,25,0.65366
gdn,1024,0,eager,26,0.67123
gdn,1024,0,eager,27,0.64054
gdn,1024,0,eager,28,0.63526
gdn,1024,0,eager,29,0.68970
gdn,2048,0,graph,0,0.27274
gdn,2048,0,graph,1,0.27221
gdn,2048,0,graph,2,0.27219
gdn,2048,0,graph,3,0.27179
gdn,2048,0,graph,4,0.27273
gdn,2048,0,graph,5,0.27279
gdn,2048,0,graph,6,0.27282
gdn,2048,0,graph,7,0.27244
gdn,2048,0,graph,8,0.27183
gdn,2048,0,graph,9,0.27273
gdn,2048,0,graph,10,0.27220
gdn,2048,0,graph,11,0.27234
gdn,2048,0,graph,12,0.27238
gdn,2048,0,graph,13,0.27271
gdn,2048,0,graph,14,0.27281
gdn,2048,0,graph,15,0.27378
gdn,2048,0,graph,16,0.27316
gdn,2048,0,graph,17,0.27157
gdn,2048,0,graph,18,0.27279
gdn,2048,0,graph,19,0.27253
gdn,2048,0,graph,20,0.27264
gdn,2048,0,graph,21,0.27303
gdn,2048,0,graph,22,0.27216
gdn,2048,0,graph,23,0.27239
gdn,2048,0,graph,24,0.27269
gdn,2048,0,graph,25,0.27276
gdn,2048,0,graph,26,0.27333
gdn,2048,0,graph,27,0.27173
gdn,2048,0,graph,28,0.27205
gdn,2048,0,graph,29,0.27159
gdn,2048,0,eager,0,0.66960
gdn,2048,0,eager,1,0.68438
gdn,2048,0,eager,2,0.66717
gdn,2048,0,eager,3,0.65187
gdn,2048,0,eager,4,0.69056
gdn,2048,0,eager,5,0.66963
gdn,2048,0,eager,6,0.66170
gdn,2048,0,eager,7,0.64125
gdn,2048,0,eager,8,0.75738
gdn,2048,0,eager,9,0.71440
gdn,2048,0,eager,10,0.67219
gdn,2048,0,eager,11,0.67600
gdn,2048,0,eager,12,0.68618
gdn,2048,0,eager,13,0.66013
gdn,2048,0,eager,14,0.65110
gdn,2048,0,eager,15,0.72538
gdn,2048,0,eager,16,0.67837
gdn,2048,0,eager,17,0.66704
gdn,2048,0,eager,18,0.68320
gdn,2048,0,eager,19,0.67629
gdn,2048,0,eager,20,0.66291
gdn,2048,0,eager,21,0.66979
gdn,2048,0,eager,22,0.67376
gdn,2048,0,eager,23,0.65773
gdn,2048,0,eager,24,0.64685
gdn,2048,0,eager,25,0.67584
gdn,2048,0,eager,26,0.65866
gdn,2048,0,eager,27,0.66102
gdn,2048,0,eager,28,0.66806
gdn,2048,0,eager,29,0.68467
gdn,4096,0,graph,0,0.52677
gdn,4096,0,graph,1,0.52534
gdn,4096,0,graph,2,0.52669
gdn,4096,0,graph,3,0.52622
gdn,4096,0,graph,4,0.52753
gdn,4096,0,graph,5,0.52742
gdn,4096,0,graph,6,0.52734
gdn,4096,0,graph,7,0.52807
gdn,4096,0,graph,8,0.52885
gdn,4096,0,graph,9,0.52693
gdn,4096,0,graph,10,0.53045
gdn,4096,0,graph,11,0.52746
gdn,4096,0,graph,12,0.52613
gdn,4096,0,graph,13,0.52678
gdn,4096,0,graph,14,0.52787
gdn,4096,0,graph,15,0.52654
gdn,4096,0,graph,16,0.52661
gdn,4096,0,graph,17,0.52739
gdn,4096,0,graph,18,0.52711
gdn,4096,0,graph,19,0.52825
gdn,4096,0,graph,20,0.52806
gdn,4096,0,graph,21,0.52667
gdn,4096,0,graph,22,0.52907
gdn,4096,0,graph,23,0.52864
gdn,4096,0,graph,24,0.52714
gdn,4096,0,graph,25,0.53043
gdn,4096,0,graph,26,0.52756
gdn,4096,0,graph,27,0.52609
gdn,4096,0,graph,28,0.52655
gdn,4096,0,graph,29,0.52737
gdn,4096,0,eager,0,0.87482
gdn,4096,0,eager,1,0.83696
gdn,4096,0,eager,2,0.82250
gdn,4096,0,eager,3,0.81997
gdn,4096,0,eager,4,0.85936
gdn,4096,0,eager,5,0.83398
gdn,4096,0,eager,6,0.82093
gdn,4096,0,eager,7,0.81347
gdn,4096,0,eager,8,0.83648
gdn,4096,0,eager,9,0.82234
gdn,4096,0,eager,10,0.81130
gdn,4096,0,eager,11,0.84560
gdn,4096,0,eager,12,0.82378
gdn,4096,0,eager,13,0.80957
gdn,4096,0,eager,14,0.80544
gdn,4096,0,eager,15,0.85389
gdn,4096,0,eager,16,0.82627
gdn,4096,0,eager,17,0.82186
gdn,4096,0,eager,18,0.84202
gdn,4096,0,eager,19,0.83258
gdn,4096,0,eager,20,0.81446
gdn,4096,0,eager,21,0.80659
gdn,4096,0,eager,22,0.83555
gdn,4096,0,eager,23,0.82186
gdn,4096,0,eager,24,0.82122
gdn,4096,0,eager,25,0.84422
gdn,4096,0,eager,26,0.82726
gdn,4096,0,eager,27,0.81414
gdn,4096,0,eager,28,0.99210
gdn,4096,0,eager,29,4.69542
gdn,8192,0,graph,0,1.02608
gdn,8192,0,graph,1,1.02893
gdn,8192,0,graph,2,1.02790
gdn,8192,0,graph,3,1.02941
gdn,8192,0,graph,4,1.03206
gdn,8192,0,graph,5,1.02851
gdn,8192,0,graph,6,1.02739
gdn,8192,0,graph,7,1.02678
gdn,8192,0,graph,8,1.02704
gdn,8192,0,graph,9,1.02877
gdn,8192,0,graph,10,1.02586
gdn,8192,0,graph,11,1.03197
gdn,8192,0,graph,12,1.02768
gdn,8192,0,graph,13,1.02806
gdn,8192,0,graph,14,1.02925
gdn,8192,0,graph,15,1.02851
gdn,8192,0,graph,16,1.02525
gdn,8192,0,graph,17,1.03130
gdn,8192,0,graph,18,1.02723
gdn,8192,0,graph,19,1.02880
gdn,8192,0,graph,20,1.02806
gdn,8192,0,graph,21,1.02426
gdn,8192,0,graph,22,1.03187
gdn,8192,0,graph,23,1.02861
gdn,8192,0,graph,24,1.02691
gdn,8192,0,graph,25,1.02899
gdn,8192,0,graph,26,1.03037
gdn,8192,0,graph,27,1.02797
gdn,8192,0,graph,28,1.02806
gdn,8192,0,graph,29,1.02947
gdn,8192,0,eager,0,1.31789
gdn,8192,0,eager,1,1.27187
gdn,8192,0,eager,2,1.29098
gdn,8192,0,eager,3,1.27290
gdn,8192,0,eager,4,1.26179
gdn,8192,0,eager,5,1.27920
gdn,8192,0,eager,6,1.26954
gdn,8192,0,eager,7,1.25763
gdn,8192,0,eager,8,1.28624
gdn,8192,0,eager,9,1.26685
gdn,8192,0,eager,10,1.25981
gdn,8192,0,eager,11,1.26310
gdn,8192,0,eager,12,1.30141
gdn,8192,0,eager,13,1.27155
gdn,8192,0,eager,14,1.26646
gdn,8192,0,eager,15,1.26490
gdn,8192,0,eager,16,1.27699
gdn,8192,0,eager,17,1.26390
gdn,8192,0,eager,18,1.30166
gdn,8192,0,eager,19,1.27498
gdn,8192,0,eager,20,1.26576
gdn,8192,0,eager,21,1.26422
gdn,8192,0,eager,22,1.26842
gdn,8192,0,eager,23,1.26531
gdn,8192,0,eager,24,1.25462
gdn,8192,0,eager,25,1.28899
gdn,8192,0,eager,26,1.26976
gdn,8192,0,eager,27,1.26106
gdn,8192,0,eager,28,1.27722
gdn,8192,0,eager,29,1.27411
gdn,64,4096,graph,0,0.04165
gdn,64,4096,graph,1,0.04172
gdn,64,4096,graph,2,0.04178
gdn,64,4096,graph,3,0.04167
gdn,64,4096,graph,4,0.04154
gdn,64,4096,graph,5,0.04164
gdn,64,4096,graph,6,0.04146
gdn,64,4096,graph,7,0.04158
gdn,64,4096,graph,8,0.04165
gdn,64,4096,graph,9,0.04161
gdn,64,4096,graph,10,0.04169
gdn,64,4096,graph,11,0.04165
gdn,64,4096,graph,12,0.04186
gdn,64,4096,graph,13,0.04166
gdn,64,4096,graph,14,0.04168
gdn,64,4096,graph,15,0.04184
gdn,64,4096,graph,16,0.04165
gdn,64,4096,graph,17,0.04166
gdn,64,4096,graph,18,0.04186
gdn,64,4096,graph,19,0.04166
gdn,64,4096,graph,20,0.04167
gdn,64,4096,graph,21,0.04179
gdn,64,4096,graph,22,0.04170
gdn,64,4096,graph,23,0.04171
gdn,64,4096,graph,24,0.04163
gdn,64,4096,graph,25,0.04165
gdn,64,4096,graph,26,0.04179
gdn,64,4096,graph,27,0.04166
gdn,64,4096,graph,28,0.04172
gdn,64,4096,graph,29,0.04188
gdn,64,4096,eager,0,0.70742
gdn,64,4096,eager,1,0.76464
gdn,64,4096,eager,2,0.78368
gdn,64,4096,eager,3,0.71018
gdn,64,4096,eager,4,0.71139
gdn,64,4096,eager,5,0.72557
gdn,64,4096,eager,6,0.68829
gdn,64,4096,eager,7,0.66726
gdn,64,4096,eager,8,0.72426
gdn,64,4096,eager,9,0.68883
gdn,64,4096,eager,10,0.66694
gdn,64,4096,eager,11,0.69696
gdn,64,4096,eager,12,0.67379
gdn,64,4096,eager,13,0.66198
gdn,64,4096,eager,14,0.70634
gdn,64,4096,eager,15,0.67683
gdn,64,4096,eager,16,0.67494
gdn,64,4096,eager,17,0.73082
gdn,64,4096,eager,18,0.68586
gdn,64,4096,eager,19,0.66096
gdn,64,4096,eager,20,0.65869
gdn,64,4096,eager,21,0.68957
gdn,64,4096,eager,22,0.66736
gdn,64,4096,eager,23,0.65869
gdn,64,4096,eager,24,0.66973
gdn,64,4096,eager,25,0.68352
gdn,64,4096,eager,26,0.65165
gdn,64,4096,eager,27,0.64995
gdn,64,4096,eager,28,0.71648
gdn,64,4096,eager,29,0.67021
gdn,65,4096,graph,0,0.04436
gdn,65,4096,graph,1,0.04419
gdn,65,4096,graph,2,0.04413
gdn,65,4096,graph,3,0.04423
gdn,65,4096,graph,4,0.04411
gdn,65,4096,graph,5,0.04426
gdn,65,4096,graph,6,0.04406
gdn,65,4096,graph,7,0.04409
gdn,65,4096,graph,8,0.04434
gdn,65,4096,graph,9,0.04419
gdn,65,4096,graph,10,0.04420
gdn,65,4096,graph,11,0.04438
gdn,65,4096,graph,12,0.04421
gdn,65,4096,graph,13,0.04438
gdn,65,4096,graph,14,0.04433
gdn,65,4096,graph,15,0.04436
gdn,65,4096,graph,16,0.04428
gdn,65,4096,graph,17,0.04417
gdn,65,4096,graph,18,0.04422
gdn,65,4096,graph,19,0.04419
gdn,65,4096,graph,20,0.04426
gdn,65,4096,graph,21,0.04416
gdn,65,4096,graph,22,0.04427
gdn,65,4096,graph,23,0.04414
gdn,65,4096,graph,24,0.04432
gdn,65,4096,graph,25,0.04432
gdn,65,4096,graph,26,0.04406
gdn,65,4096,graph,27,0.04422
gdn,65,4096,graph,28,0.04415
gdn,65,4096,graph,29,0.04421
gdn,65,4096,eager,0,0.66934
gdn,65,4096,eager,1,0.72230
gdn,65,4096,eager,2,0.68467
gdn,65,4096,eager,3,0.65885
gdn,65,4096,eager,4,0.68278
gdn,65,4096,eager,5,0.67533
gdn,65,4096,eager,6,0.67814
gdn,65,4096,eager,7,0.70314
gdn,65,4096,eager,8,0.67520
gdn,65,4096,eager,9,0.64678
gdn,65,4096,eager,10,0.64458
gdn,65,4096,eager,11,0.71923
gdn,65,4096,eager,12,0.66278
gdn,65,4096,eager,13,0.66019
gdn,65,4096,eager,14,0.70246
gdn,65,4096,eager,15,0.67229
gdn,65,4096,eager,16,0.65434
gdn,65,4096,eager,17,0.65875
gdn,65,4096,eager,18,0.67184
gdn,65,4096,eager,19,0.64339
gdn,65,4096,eager,20,0.64608
gdn,65,4096,eager,21,0.70202
gdn,65,4096,eager,22,0.66198
gdn,65,4096,eager,23,0.65542
gdn,65,4096,eager,24,0.67626
gdn,65,4096,eager,25,0.66794
gdn,65,4096,eager,26,0.65040
gdn,65,4096,eager,27,0.64048
gdn,65,4096,eager,28,0.65414
gdn,65,4096,eager,29,0.65331
gdn,128,4096,graph,0,0.04536
gdn,128,4096,graph,1,0.04538
gdn,128,4096,graph,2,0.04548
gdn,128,4096,graph,3,0.04525
gdn,128,4096,graph,4,0.04532
gdn,128,4096,graph,5,0.04539
gdn,128,4096,graph,6,0.04550
gdn,128,4096,graph,7,0.04529
gdn,128,4096,graph,8,0.04538
gdn,128,4096,graph,9,0.04553
gdn,128,4096,graph,10,0.04525
gdn,128,4096,graph,11,0.04536
gdn,128,4096,graph,12,0.04547
gdn,128,4096,graph,13,0.04541
gdn,128,4096,graph,14,0.04528
gdn,128,4096,graph,15,0.04528
gdn,128,4096,graph,16,0.04539
gdn,128,4096,graph,17,0.04555
gdn,128,4096,graph,18,0.04540
gdn,128,4096,graph,19,0.04537
gdn,128,4096,graph,20,0.04564
gdn,128,4096,graph,21,0.04543
gdn,128,4096,graph,22,0.04548
gdn,128,4096,graph,23,0.04563
gdn,128,4096,graph,24,0.04547
gdn,128,4096,graph,25,0.04537
gdn,128,4096,graph,26,0.04560
gdn,128,4096,graph,27,0.04521
gdn,128,4096,graph,28,0.04548
gdn,128,4096,graph,29,0.04544
gdn,128,4096,eager,0,0.68726
gdn,128,4096,eager,1,0.67709
gdn,128,4096,eager,2,0.68474
gdn,128,4096,eager,3,0.67379
gdn,128,4096,eager,4,0.76093
gdn,128,4096,eager,5,0.72042
gdn,128,4096,eager,6,0.68282
gdn,128,4096,eager,7,0.67709
gdn,128,4096,eager,8,0.72374
gdn,128,4096,eager,9,0.67760
gdn,128,4096,eager,10,0.65661
gdn,128,4096,eager,11,0.64563
gdn,128,4096,eager,12,0.72483
gdn,128,4096,eager,13,0.67376
gdn,128,4096,eager,14,0.65363
gdn,128,4096,eager,15,0.64528
gdn,128,4096,eager,16,0.64614
gdn,128,4096,eager,17,0.67318
gdn,128,4096,eager,18,0.65350
gdn,128,4096,eager,19,0.63274
gdn,128,4096,eager,20,0.68534
gdn,128,4096,eager,21,0.66054
gdn,128,4096,eager,22,0.64374
gdn,128,4096,eager,23,0.67667
gdn,128,4096,eager,24,0.67379
gdn,128,4096,eager,25,0.66624
gdn,128,4096,eager,26,0.66989
gdn,128,4096,eager,27,0.67306
gdn,128,4096,eager,28,0.65587
gdn,128,4096,eager,29,0.63914
gdn,129,4096,graph,0,0.05155
gdn,129,4096,graph,1,0.05145
gdn,129,4096,graph,2,0.05146
gdn,129,4096,graph,3,0.05153
gdn,129,4096,graph,4,0.05143
gdn,129,4096,graph,5,0.05151
gdn,129,4096,graph,6,0.05138
gdn,129,4096,graph,7,0.05136
gdn,129,4096,graph,8,0.05155
gdn,129,4096,graph,9,0.05143
gdn,129,4096,graph,10,0.05151
gdn,129,4096,graph,11,0.05160
gdn,129,4096,graph,12,0.05156
gdn,129,4096,graph,13,0.05144
gdn,129,4096,graph,14,0.05154
gdn,129,4096,graph,15,0.05159
gdn,129,4096,graph,16,0.05140
gdn,129,4096,graph,17,0.05153
gdn,129,4096,graph,18,0.05148
gdn,129,4096,graph,19,0.05146
gdn,129,4096,graph,20,0.05140
gdn,129,4096,graph,21,0.05161
gdn,129,4096,graph,22,0.05145
gdn,129,4096,graph,23,0.05152
gdn,129,4096,graph,24,0.05165
gdn,129,4096,graph,25,0.05164
gdn,129,4096,graph,26,0.05150
gdn,129,4096,graph,27,0.05134
gdn,129,4096,graph,28,0.05156
gdn,129,4096,graph,29,0.05152
gdn,129,4096,eager,0,0.74090
gdn,129,4096,eager,1,0.68538
gdn,129,4096,eager,2,0.68659
gdn,129,4096,eager,3,0.69603
gdn,129,4096,eager,4,0.67181
gdn,129,4096,eager,5,0.71581
gdn,129,4096,eager,6,0.67808
gdn,129,4096,eager,7,0.73251
gdn,129,4096,eager,8,0.68710
gdn,129,4096,eager,9,0.66355
gdn,129,4096,eager,10,0.72026
gdn,129,4096,eager,11,0.68224
gdn,129,4096,eager,12,0.65757
gdn,129,4096,eager,13,0.68826
gdn,129,4096,eager,14,0.67901
gdn,129,4096,eager,15,0.72950
gdn,129,4096,eager,16,0.69296
gdn,129,4096,eager,17,0.66250
gdn,129,4096,eager,18,0.65398
gdn,129,4096,eager,19,0.72035
gdn,129,4096,eager,20,0.67834
gdn,129,4096,eager,21,0.67027
gdn,129,4096,eager,22,0.72432
gdn,129,4096,eager,23,0.68998
gdn,129,4096,eager,24,0.65597
gdn,129,4096,eager,25,0.69312
gdn,129,4096,eager,26,0.67965
gdn,129,4096,eager,27,0.65235
gdn,129,4096,eager,28,0.63837
gdn,129,4096,eager,29,0.71840
gdn,256,4096,graph,0,0.05543
gdn,256,4096,graph,1,0.05529
gdn,256,4096,graph,2,0.05538
gdn,256,4096,graph,3,0.05536
gdn,256,4096,graph,4,0.05531
gdn,256,4096,graph,5,0.05589
gdn,256,4096,graph,6,0.05539
gdn,256,4096,graph,7,0.05529
gdn,256,4096,graph,8,0.05539
gdn,256,4096,graph,9,0.05528
gdn,256,4096,graph,10,0.05514
gdn,256,4096,graph,11,0.05527
gdn,256,4096,graph,12,0.05538
gdn,256,4096,graph,13,0.05532
gdn,256,4096,graph,14,0.05545
gdn,256,4096,graph,15,0.05561
gdn,256,4096,graph,16,0.05525
gdn,256,4096,graph,17,0.05537
gdn,256,4096,graph,18,0.05553
gdn,256,4096,graph,19,0.05544
gdn,256,4096,graph,20,0.05521
gdn,256,4096,graph,21,0.05536
gdn,256,4096,graph,22,0.05512
gdn,256,4096,graph,23,0.05522
gdn,256,4096,graph,24,0.05527
gdn,256,4096,graph,25,0.05525
gdn,256,4096,graph,26,0.05537
gdn,256,4096,graph,27,0.05534
gdn,256,4096,graph,28,0.05534
gdn,256,4096,graph,29,0.05546
gdn,256,4096,eager,0,0.71683
gdn,256,4096,eager,1,0.70362
gdn,256,4096,eager,2,0.68074
gdn,256,4096,eager,3,0.66595
gdn,256,4096,eager,4,0.73616
gdn,256,4096,eager,5,0.69450
gdn,256,4096,eager,6,0.72067
gdn,256,4096,eager,7,0.68758
gdn,256,4096,eager,8,0.69642
gdn,256,4096,eager,9,0.72675
gdn,256,4096,eager,10,0.69078
gdn,256,4096,eager,11,0.66589
gdn,256,4096,eager,12,0.66752
gdn,256,4096,eager,13,0.73629
gdn,256,4096,eager,14,0.68592
gdn,256,4096,eager,15,0.67565
gdn,256,4096,eager,16,0.69130
gdn,256,4096,eager,17,0.69133
gdn,256,4096,eager,18,0.66275
gdn,256,4096,eager,19,0.73766
gdn,256,4096,eager,20,0.68826
gdn,256,4096,eager,21,0.65398
gdn,256,4096,eager,22,0.65328
gdn,256,4096,eager,23,0.70278
gdn,256,4096,eager,24,0.67789
gdn,256,4096,eager,25,0.65811
gdn,256,4096,eager,26,0.65638
gdn,256,4096,eager,27,0.69757
gdn,256,4096,eager,28,0.67744
gdn,256,4096,eager,29,0.71418
gdn,512,4096,graph,0,0.08786
gdn,512,4096,graph,1,0.08744
gdn,512,4096,graph,2,0.08724
gdn,512,4096,graph,3,0.08719
gdn,512,4096,graph,4,0.08729
gdn,512,4096,graph,5,0.08717
gdn,512,4096,graph,6,0.08727
gdn,512,4096,graph,7,0.08724
gdn,512,4096,graph,8,0.08716
gdn,512,4096,graph,9,0.08725
gdn,512,4096,graph,10,0.08736
gdn,512,4096,graph,11,0.08719
gdn,512,4096,graph,12,0.08750
gdn,512,4096,graph,13,0.08745
gdn,512,4096,graph,14,0.08739
gdn,512,4096,graph,15,0.08756
gdn,512,4096,graph,16,0.08748
gdn,512,4096,graph,17,0.08760
gdn,512,4096,graph,18,0.08748
gdn,512,4096,graph,19,0.08742
gdn,512,4096,graph,20,0.08717
gdn,512,4096,graph,21,0.08752
gdn,512,4096,graph,22,0.08724
gdn,512,4096,graph,23,0.08719
gdn,512,4096,graph,24,0.08749
gdn,512,4096,graph,25,0.08760
gdn,512,4096,graph,26,0.08727
gdn,512,4096,graph,27,0.08734
gdn,512,4096,graph,28,0.08749
gdn,512,4096,graph,29,0.08767
gdn,512,4096,eager,0,0.65805
gdn,512,4096,eager,1,0.78522
gdn,512,4096,eager,2,0.70013
gdn,512,4096,eager,3,0.68342
gdn,512,4096,eager,4,0.69846
gdn,512,4096,eager,5,0.67597
gdn,512,4096,eager,6,0.65994
gdn,512,4096,eager,7,0.66371
gdn,512,4096,eager,8,0.68525
gdn,512,4096,eager,9,0.66317
gdn,512,4096,eager,10,0.64253
gdn,512,4096,eager,11,0.67002
gdn,512,4096,eager,12,0.67014
gdn,512,4096,eager,13,0.65114
gdn,512,4096,eager,14,0.63389
gdn,512,4096,eager,15,0.68515
gdn,512,4096,eager,16,0.66573
gdn,512,4096,eager,17,0.64784
gdn,512,4096,eager,18,0.66458
gdn,512,4096,eager,19,0.67005
gdn,512,4096,eager,20,0.65123
gdn,512,4096,eager,21,0.66294
gdn,512,4096,eager,22,0.67005
gdn,512,4096,eager,23,0.65226
gdn,512,4096,eager,24,0.63555
gdn,512,4096,eager,25,0.70362
gdn,512,4096,eager,26,0.67069
gdn,512,4096,eager,27,0.65379
gdn,512,4096,eager,28,0.65597
gdn,512,4096,eager,29,0.71286
gdn,1024,4096,graph,0,0.14548
gdn,1024,4096,graph,1,0.14561
gdn,1024,4096,graph,2,0.14572
gdn,1024,4096,graph,3,0.14577
gdn,1024,4096,graph,4,0.14637
gdn,1024,4096,graph,5,0.14591
gdn,1024,4096,graph,6,0.14559
gdn,1024,4096,graph,7,0.14568
gdn,1024,4096,graph,8,0.14591
gdn,1024,4096,graph,9,0.14562
gdn,1024,4096,graph,10,0.14583
gdn,1024,4096,graph,11,0.14575
gdn,1024,4096,graph,12,0.14540
gdn,1024,4096,graph,13,0.14587
gdn,1024,4096,graph,14,0.14581
gdn,1024,4096,graph,15,0.14605
gdn,1024,4096,graph,16,0.14558
gdn,1024,4096,graph,17,0.14557
gdn,1024,4096,graph,18,0.14513
gdn,1024,4096,graph,19,0.14601
gdn,1024,4096,graph,20,0.14534
gdn,1024,4096,graph,21,0.14553
gdn,1024,4096,graph,22,0.14537
gdn,1024,4096,graph,23,0.14569
gdn,1024,4096,graph,24,0.14530
gdn,1024,4096,graph,25,0.14564
gdn,1024,4096,graph,26,0.14612
gdn,1024,4096,graph,27,0.14567
gdn,1024,4096,graph,28,0.14585
gdn,1024,4096,graph,29,0.14560
gdn,1024,4096,eager,0,0.74835
gdn,1024,4096,eager,1,0.68618
gdn,1024,4096,eager,2,0.67552
gdn,1024,4096,eager,3,0.68438
gdn,1024,4096,eager,4,0.71328
gdn,1024,4096,eager,5,0.68512
gdn,1024,4096,eager,6,0.89328
gdn,1024,4096,eager,7,0.74474
gdn,1024,4096,eager,8,0.69005
gdn,1024,4096,eager,9,0.67862
gdn,1024,4096,eager,10,0.69907
gdn,1024,4096,eager,11,0.69034
gdn,1024,4096,eager,12,0.66880
gdn,1024,4096,eager,13,0.65114
gdn,1024,4096,eager,14,0.70070
gdn,1024,4096,eager,15,0.67530
gdn,1024,4096,eager,16,0.65274
gdn,1024,4096,eager,17,0.68256
gdn,1024,4096,eager,18,0.67821
gdn,1024,4096,eager,19,0.66067
gdn,1024,4096,eager,20,0.64179
gdn,1024,4096,eager,21,0.72256
gdn,1024,4096,eager,22,0.68339
gdn,1024,4096,eager,23,0.65875
gdn,1024,4096,eager,24,0.70218
gdn,1024,4096,eager,25,0.68304
gdn,1024,4096,eager,26,0.66112
gdn,1024,4096,eager,27,0.64106
gdn,1024,4096,eager,28,0.72442
gdn,1024,4096,eager,29,0.67994
gdn,2048,4096,graph,0,0.27219
gdn,2048,4096,graph,1,0.27277
gdn,2048,4096,graph,2,0.27292
gdn,2048,4096,graph,3,0.27174
gdn,2048,4096,graph,4,0.27252
gdn,2048,4096,graph,5,0.27290
gdn,2048,4096,graph,6,0.27292
gdn,2048,4096,graph,7,0.27268
gdn,2048,4096,graph,8,0.27168
gdn,2048,4096,graph,9,0.27355
gdn,2048,4096,graph,10,0.27350
gdn,2048,4096,graph,11,0.27292
gdn,2048,4096,graph,12,0.27286
gdn,2048,4096,graph,13,0.27220
gdn,2048,4096,graph,14,0.27308
gdn,2048,4096,graph,15,0.27242
gdn,2048,4096,graph,16,0.27245
gdn,2048,4096,graph,17,0.27395
gdn,2048,4096,graph,18,0.27232
gdn,2048,4096,graph,19,0.27220
gdn,2048,4096,graph,20,0.27244
gdn,2048,4096,graph,21,0.27278
gdn,2048,4096,graph,22,0.27325
gdn,2048,4096,graph,23,0.27244
gdn,2048,4096,graph,24,0.27281
gdn,2048,4096,graph,25,0.27190
gdn,2048,4096,graph,26,0.27297
gdn,2048,4096,graph,27,0.27356
gdn,2048,4096,graph,28,0.27315
gdn,2048,4096,graph,29,0.27229
gdn,2048,4096,eager,0,0.68915
gdn,2048,4096,eager,1,0.72310
gdn,2048,4096,eager,2,0.69517
gdn,2048,4096,eager,3,0.68170
gdn,2048,4096,eager,4,0.68131
gdn,2048,4096,eager,5,0.69386
gdn,2048,4096,eager,6,0.72224
gdn,2048,4096,eager,7,0.70230
gdn,2048,4096,eager,8,0.73488
gdn,2048,4096,eager,9,0.68787
gdn,2048,4096,eager,10,0.70042
gdn,2048,4096,eager,11,0.71027
gdn,2048,4096,eager,12,0.69571
gdn,2048,4096,eager,13,0.66448
gdn,2048,4096,eager,14,0.74691
gdn,2048,4096,eager,15,0.70288
gdn,2048,4096,eager,16,0.67962
gdn,2048,4096,eager,17,0.73350
gdn,2048,4096,eager,18,0.70512
gdn,2048,4096,eager,19,0.68480
gdn,2048,4096,eager,20,0.71786
gdn,2048,4096,eager,21,0.68928
gdn,2048,4096,eager,22,0.67293
gdn,2048,4096,eager,23,0.66778
gdn,2048,4096,eager,24,0.69885
gdn,2048,4096,eager,25,0.67814
gdn,2048,4096,eager,26,0.68282
gdn,2048,4096,eager,27,0.70547
gdn,2048,4096,eager,28,0.66944
gdn,2048,4096,eager,29,0.66579
gdn,4096,4096,graph,0,0.52823
gdn,4096,4096,graph,1,0.52959
gdn,4096,4096,graph,2,0.52829
gdn,4096,4096,graph,3,0.52978
gdn,4096,4096,graph,4,0.52562
gdn,4096,4096,graph,5,0.52843
gdn,4096,4096,graph,6,0.52762
gdn,4096,4096,graph,7,0.52692
gdn,4096,4096,graph,8,0.52741
gdn,4096,4096,graph,9,0.52669
gdn,4096,4096,graph,10,0.52726
gdn,4096,4096,graph,11,0.52987
gdn,4096,4096,graph,12,0.52691
gdn,4096,4096,graph,13,0.52832
gdn,4096,4096,graph,14,0.52688
gdn,4096,4096,graph,15,0.52836
gdn,4096,4096,graph,16,0.52709
gdn,4096,4096,graph,17,0.52921
gdn,4096,4096,graph,18,0.52717
gdn,4096,4096,graph,19,0.52918
gdn,4096,4096,graph,20,0.52671
gdn,4096,4096,graph,21,0.52668
gdn,4096,4096,graph,22,0.52706
gdn,4096,4096,graph,23,0.52880
gdn,4096,4096,graph,24,0.52610
gdn,4096,4096,graph,25,0.52851
gdn,4096,4096,graph,26,0.52739
gdn,4096,4096,graph,27,0.52804
gdn,4096,4096,graph,28,0.52611
gdn,4096,4096,graph,29,0.52835
gdn,4096,4096,eager,0,0.82467
gdn,4096,4096,eager,1,0.81590
gdn,4096,4096,eager,2,0.84752
gdn,4096,4096,eager,3,0.82826
gdn,4096,4096,eager,4,0.86442
gdn,4096,4096,eager,5,0.84474
gdn,4096,4096,eager,6,0.83411
gdn,4096,4096,eager,7,0.82256
gdn,4096,4096,eager,8,0.85686
gdn,4096,4096,eager,9,0.84678
gdn,4096,4096,eager,10,0.82115
gdn,4096,4096,eager,11,0.85011
gdn,4096,4096,eager,12,0.83526
gdn,4096,4096,eager,13,0.82480
gdn,4096,4096,eager,14,0.86294
gdn,4096,4096,eager,15,0.82368
gdn,4096,4096,eager,16,0.82566
gdn,4096,4096,eager,17,0.84810
gdn,4096,4096,eager,18,0.82874
gdn,4096,4096,eager,19,0.83501
gdn,4096,4096,eager,20,0.85558
gdn,4096,4096,eager,21,0.84182
gdn,4096,4096,eager,22,0.83757
gdn,4096,4096,eager,23,0.83245
gdn,4096,4096,eager,24,0.82182
gdn,4096,4096,eager,25,0.81443
gdn,4096,4096,eager,26,0.85376
gdn,4096,4096,eager,27,0.82582
gdn,4096,4096,eager,28,0.82643
gdn,4096,4096,eager,29,0.81011
gdn,8192,4096,graph,0,1.02944
gdn,8192,4096,graph,1,1.02656
gdn,8192,4096,graph,2,1.02570
gdn,8192,4096,graph,3,1.03034
gdn,8192,4096,graph,4,1.02678
gdn,8192,4096,graph,5,1.02445
gdn,8192,4096,graph,6,1.02474
gdn,8192,4096,graph,7,1.02896
gdn,8192,4096,graph,8,1.02272
gdn,8192,4096,graph,9,1.02835
gdn,8192,4096,graph,10,1.02726
gdn,8192,4096,graph,11,1.02714
gdn,8192,4096,graph,12,1.02896
gdn,8192,4096,graph,13,1.02730
gdn,8192,4096,graph,14,1.02326
gdn,8192,4096,graph,15,1.02771
gdn,8192,4096,graph,16,1.02611
gdn,8192,4096,graph,17,1.02394
gdn,8192,4096,graph,18,1.02563
gdn,8192,4096,graph,19,1.02650
gdn,8192,4096,graph,20,1.02720
gdn,8192,4096,graph,21,1.02256
gdn,8192,4096,graph,22,1.03274
gdn,8192,4096,graph,23,1.02723
gdn,8192,4096,graph,24,1.02634
gdn,8192,4096,graph,25,1.02790
gdn,8192,4096,graph,26,1.02819
gdn,8192,4096,graph,27,1.02624
gdn,8192,4096,graph,28,1.02896
gdn,8192,4096,graph,29,1.02374
gdn,8192,4096,eager,0,1.31574
gdn,8192,4096,eager,1,1.28099
gdn,8192,4096,eager,2,1.27594
gdn,8192,4096,eager,3,1.30733
gdn,8192,4096,eager,4,1.27821
gdn,8192,4096,eager,5,1.26790
gdn,8192,4096,eager,6,1.31475
gdn,8192,4096,eager,7,1.27856
gdn,8192,4096,eager,8,1.27248
gdn,8192,4096,eager,9,1.30291
gdn,8192,4096,eager,10,1.28160
gdn,8192,4096,eager,11,1.26944
gdn,8192,4096,eager,12,1.29840
gdn,8192,4096,eager,13,1.28694
gdn,8192,4096,eager,14,1.26656
gdn,8192,4096,eager,15,1.27203
gdn,8192,4096,eager,16,1.29018
gdn,8192,4096,eager,17,1.27459
gdn,8192,4096,eager,18,1.26986
gdn,8192,4096,eager,19,1.26102
gdn,8192,4096,eager,20,1.30880
gdn,8192,4096,eager,21,1.28730
gdn,8192,4096,eager,22,1.27482
gdn,8192,4096,eager,23,1.29277
gdn,8192,4096,eager,24,1.27395
gdn,8192,4096,eager,25,1.27341
gdn,8192,4096,eager,26,1.29680
gdn,8192,4096,eager,27,1.27459
gdn,8192,4096,eager,28,1.26365
gdn,8192,4096,eager,29,1.31658
gdn,64,16384,graph,0,0.04166
gdn,64,16384,graph,1,0.04167
gdn,64,16384,graph,2,0.04163
gdn,64,16384,graph,3,0.04159
gdn,64,16384,graph,4,0.04170
gdn,64,16384,graph,5,0.04152
gdn,64,16384,graph,6,0.04165
gdn,64,16384,graph,7,0.04162
gdn,64,16384,graph,8,0.04189
gdn,64,16384,graph,9,0.04168
gdn,64,16384,graph,10,0.04169
gdn,64,16384,graph,11,0.04154
gdn,64,16384,graph,12,0.04161
gdn,64,16384,graph,13,0.04168
gdn,64,16384,graph,14,0.04157
gdn,64,16384,graph,15,0.04163
gdn,64,16384,graph,16,0.04161
gdn,64,16384,graph,17,0.04166
gdn,64,16384,graph,18,0.04165
gdn,64,16384,graph,19,0.04156
gdn,64,16384,graph,20,0.04163
gdn,64,16384,graph,21,0.04157
gdn,64,16384,graph,22,0.04201
gdn,64,16384,graph,23,0.04155
gdn,64,16384,graph,24,0.04150
gdn,64,16384,graph,25,0.04170
gdn,64,16384,graph,26,0.04185
gdn,64,16384,graph,27,0.04170
gdn,64,16384,graph,28,0.04177
gdn,64,16384,graph,29,0.04159
gdn,64,16384,eager,0,0.67485
gdn,64,16384,eager,1,0.81619
gdn,64,16384,eager,2,0.70106
gdn,64,16384,eager,3,0.67232
gdn,64,16384,eager,4,0.68902
gdn,64,16384,eager,5,0.69629
gdn,64,16384,eager,6,0.67738
gdn,64,16384,eager,7,0.66938
gdn,64,16384,eager,8,0.71165
gdn,64,16384,eager,9,0.68141
gdn,64,16384,eager,10,0.65411
gdn,64,16384,eager,11,0.65110
gdn,64,16384,eager,12,0.70029
gdn,64,16384,eager,13,0.66938
gdn,64,16384,eager,14,0.64938
gdn,64,16384,eager,15,0.70461
gdn,64,16384,eager,16,0.66694
gdn,64,16384,eager,17,0.65517
gdn,64,16384,eager,18,0.64442
gdn,64,16384,eager,19,0.71507
gdn,64,16384,eager,20,0.67258
gdn,64,16384,eager,21,0.66966
gdn,64,16384,eager,22,0.68275
gdn,64,16384,eager,23,0.67654
gdn,64,16384,eager,24,0.64550
gdn,64,16384,eager,25,0.70016
gdn,64,16384,eager,26,0.67837
gdn,64,16384,eager,27,0.65258
gdn,64,16384,eager,28,0.65904
gdn,64,16384,eager,29,0.68106
gdn,65,16384,graph,0,0.04431
gdn,65,16384,graph,1,0.04443
gdn,65,16384,graph,2,0.04431
gdn,65,16384,graph,3,0.04418
gdn,65,16384,graph,4,0.04426
gdn,65,16384,graph,5,0.04446
gdn,65,16384,graph,6,0.04424
gdn,65,16384,graph,7,0.04444
gdn,65,16384,graph,8,0.04442
gdn,65,16384,graph,9,0.04422
gdn,65,16384,graph,10,0.04433
gdn,65,16384,graph,11,0.04440
gdn,65,16384,graph,12,0.04447
gdn,65,16384,graph,13,0.04435
gdn,65,16384,graph,14,0.04438
gdn,65,16384,graph,15,0.04427
gdn,65,16384,graph,16,0.04448
gdn,65,16384,graph,17,0.04420
gdn,65,16384,graph,18,0.04434
gdn,65,16384,graph,19,0.04423
gdn,65,16384,graph,20,0.04455
gdn,65,16384,graph,21,0.04428
gdn,65,16384,graph,22,0.04445
gdn,65,16384,graph,23,0.04423
gdn,65,16384,graph,24,0.04444
gdn,65,16384,graph,25,0.04451
gdn,65,16384,graph,26,0.04455
gdn,65,16384,graph,27,0.04426
gdn,65,16384,graph,28,0.04440
gdn,65,16384,graph,29,0.04437
gdn,65,16384,eager,0,0.74842
gdn,65,16384,eager,1,0.70291
gdn,65,16384,eager,2,0.67920
gdn,65,16384,eager,3,0.73725
gdn,65,16384,eager,4,0.75286
gdn,65,16384,eager,5,0.67338
gdn,65,16384,eager,6,0.70528
gdn,65,16384,eager,7,0.69123
gdn,65,16384,eager,8,0.67683
gdn,65,16384,eager,9,0.65302
gdn,65,16384,eager,10,0.73894
gdn,65,16384,eager,11,0.68224
gdn,65,16384,eager,12,0.66870
gdn,65,16384,eager,13,0.66291
gdn,65,16384,eager,14,0.68611
gdn,65,16384,eager,15,0.66704
gdn,65,16384,eager,16,0.67750
gdn,65,16384,eager,17,0.69462
gdn,65,16384,eager,18,0.65856
gdn,65,16384,eager,19,0.65488
gdn,65,16384,eager,20,0.69050
gdn,65,16384,eager,21,0.66861
gdn,65,16384,eager,22,0.65485
gdn,65,16384,eager,23,0.70445
gdn,65,16384,eager,24,0.66909
gdn,65,16384,eager,25,0.66176
gdn,65,16384,eager,26,0.66630
gdn,65,16384,eager,27,0.67478
gdn,65,16384,eager,28,0.66438
gdn,65,16384,eager,29,0.67315
gdn,128,16384,graph,0,0.04549
gdn,128,16384,graph,1,0.04538
gdn,128,16384,graph,2,0.04532
gdn,128,16384,graph,3,0.04563
gdn,128,16384,graph,4,0.04547
gdn,128,16384,graph,5,0.04517
gdn,128,16384,graph,6,0.04532
gdn,128,16384,graph,7,0.04521
gdn,128,16384,graph,8,0.04527
gdn,128,16384,graph,9,0.04529
gdn,128,16384,graph,10,0.04527
gdn,128,16384,graph,11,0.04665
gdn,128,16384,graph,12,0.04550
gdn,128,16384,graph,13,0.04540
gdn,128,16384,graph,14,0.04533
gdn,128,16384,graph,15,0.04567
gdn,128,16384,graph,16,0.04548
gdn,128,16384,graph,17,0.04513
gdn,128,16384,graph,18,0.04541
gdn,128,16384,graph,19,0.04528
gdn,128,16384,graph,20,0.04522
gdn,128,16384,graph,21,0.04526
gdn,128,16384,graph,22,0.04548
gdn,128,16384,graph,23,0.04552
gdn,128,16384,graph,24,0.04555
gdn,128,16384,graph,25,0.04551
gdn,128,16384,graph,26,0.04526
gdn,128,16384,graph,27,0.04517
gdn,128,16384,graph,28,0.04532
gdn,128,16384,graph,29,0.04531
gdn,128,16384,eager,0,0.67997
gdn,128,16384,eager,1,0.75142
gdn,128,16384,eager,2,0.70237
gdn,128,16384,eager,3,0.70227
gdn,128,16384,eager,4,0.74198
gdn,128,16384,eager,5,0.71747
gdn,128,16384,eager,6,0.69040
gdn,128,16384,eager,7,0.68458
gdn,128,16384,eager,8,0.70403
gdn,128,16384,eager,9,0.68266
gdn,128,16384,eager,10,0.65517
gdn,128,16384,eager,11,0.68678
gdn,128,16384,eager,12,0.69206
gdn,128,16384,eager,13,0.68688
gdn,128,16384,eager,14,0.68339
gdn,128,16384,eager,15,0.68854
gdn,128,16384,eager,16,0.68579
gdn,128,16384,eager,17,0.67984
gdn,128,16384,eager,18,0.66019
gdn,128,16384,eager,19,0.73690
gdn,128,16384,eager,20,0.71411
gdn,128,16384,eager,21,0.71120
gdn,128,16384,eager,22,0.71181
gdn,128,16384,eager,23,0.68202
gdn,128,16384,eager,24,0.66675
gdn,128,16384,eager,25,0.69568
gdn,128,16384,eager,26,0.67747
gdn,128,16384,eager,27,0.66003
gdn,128,16384,eager,28,0.70838
gdn,128,16384,eager,29,0.67533
gdn,129,16384,graph,0,0.05156
gdn,129,16384,graph,1,0.05148
gdn,129,16384,graph,2,0.05140
gdn,129,16384,graph,3,0.05155
gdn,129,16384,graph,4,0.05155
gdn,129,16384,graph,5,0.05160
gdn,129,16384,graph,6,0.05139
gdn,129,16384,graph,7,0.05147
gdn,129,16384,graph,8,0.05135
gdn,129,16384,graph,9,0.05153
gdn,129,16384,graph,10,0.05161
gdn,129,16384,graph,11,0.05140
gdn,129,16384,graph,12,0.05162
gdn,129,16384,graph,13,0.05141
gdn,129,16384,graph,14,0.05148
gdn,129,16384,graph,15,0.05153
gdn,129,16384,graph,16,0.05148
gdn,129,16384,graph,17,0.05162
gdn,129,16384,graph,18,0.05137
gdn,129,16384,graph,19,0.05166
gdn,129,16384,graph,20,0.05159
gdn,129,16384,graph,21,0.05154
gdn,129,16384,graph,22,0.05152
gdn,129,16384,graph,23,0.05143
gdn,129,16384,graph,24,0.05148
gdn,129,16384,graph,25,0.05157
gdn,129,16384,graph,26,0.05169
gdn,129,16384,graph,27,0.05159
gdn,129,16384,graph,28,0.05156
gdn,129,16384,graph,29,0.05152
gdn,129,16384,eager,0,0.75296
gdn,129,16384,eager,1,0.70176
gdn,129,16384,eager,2,0.67862
gdn,129,16384,eager,3,0.66400
gdn,129,16384,eager,4,0.71242
gdn,129,16384,eager,5,0.68794
gdn,129,16384,eager,6,0.67226
gdn,129,16384,eager,7,0.72150
gdn,129,16384,eager,8,0.67968
gdn,129,16384,eager,9,0.67549
gdn,129,16384,eager,10,0.72720
gdn,129,16384,eager,11,0.71392
gdn,129,16384,eager,12,0.66822
gdn,129,16384,eager,13,0.65654
gdn,129,16384,eager,14,0.72851
gdn,129,16384,eager,15,0.69440
gdn,129,16384,eager,16,0.67360
gdn,129,16384,eager,17,0.75520
gdn,129,16384,eager,18,0.69235
gdn,129,16384,eager,19,0.66963
gdn,129,16384,eager,20,0.68816
gdn,129,16384,eager,21,0.68602
gdn,129,16384,eager,22,0.66653
gdn,129,16384,eager,23,0.67683
gdn,129,16384,eager,24,0.67280
gdn,129,16384,eager,25,0.69907
gdn,129,16384,eager,26,0.67376
gdn,129,16384,eager,27,0.65430
gdn,129,16384,eager,28,0.70538
gdn,129,16384,eager,29,0.67802
gdn,256,16384,graph,0,0.05562
gdn,256,16384,graph,1,0.05541
gdn,256,16384,graph,2,0.05559
gdn,256,16384,graph,3,0.05556
gdn,256,16384,graph,4,0.05553
gdn,256,16384,graph,5,0.05586
gdn,256,16384,graph,6,0.05549
gdn,256,16384,graph,7,0.05565
gdn,256,16384,graph,8,0.05559
gdn,256,16384,graph,9,0.05567
gdn,256,16384,graph,10,0.05550
gdn,256,16384,graph,11,0.05561
gdn,256,16384,graph,12,0.05555
gdn,256,16384,graph,13,0.05548
gdn,256,16384,graph,14,0.05549
gdn,256,16384,graph,15,0.05558
gdn,256,16384,graph,16,0.05554
gdn,256,16384,graph,17,0.05573
gdn,256,16384,graph,18,0.05565
gdn,256,16384,graph,19,0.05559
gdn,256,16384,graph,20,0.05553
gdn,256,16384,graph,21,0.05551
gdn,256,16384,graph,22,0.05527
gdn,256,16384,graph,23,0.05552
gdn,256,16384,graph,24,0.05545
gdn,256,16384,graph,25,0.05554
gdn,256,16384,graph,26,0.05548
gdn,256,16384,graph,27,0.05558
gdn,256,16384,graph,28,0.05543
gdn,256,16384,graph,29,0.05550
gdn,256,16384,eager,0,0.75824
gdn,256,16384,eager,1,0.69840
gdn,256,16384,eager,2,0.67782
gdn,256,16384,eager,3,0.68141
gdn,256,16384,eager,4,0.71293
gdn,256,16384,eager,5,0.68710
gdn,256,16384,eager,6,0.65866
gdn,256,16384,eager,7,0.72096
gdn,256,16384,eager,8,0.68509
gdn,256,16384,eager,9,0.67219
gdn,256,16384,eager,10,0.69251
gdn,256,16384,eager,11,0.69194
gdn,256,16384,eager,12,0.68285
gdn,256,16384,eager,13,0.69395
gdn,256,16384,eager,14,0.67101
gdn,256,16384,eager,15,0.66144
gdn,256,16384,eager,16,0.67152
gdn,256,16384,eager,17,0.69514
gdn,256,16384,eager,18,0.67437
gdn,256,16384,eager,19,0.67709
gdn,256,16384,eager,20,0.68496
gdn,256,16384,eager,21,0.66784
gdn,256,16384,eager,22,0.72762
gdn,256,16384,eager,23,0.68656
gdn,256,16384,eager,24,0.66346
gdn,256,16384,eager,25,0.66566
gdn,256,16384,eager,26,0.72710
gdn,256,16384,eager,27,0.68243
gdn,256,16384,eager,28,0.66461
gdn,256,16384,eager,29,0.65875
gdn,512,16384,graph,0,0.08744
gdn,512,16384,graph,1,0.08750
gdn,512,16384,graph,2,0.08727
gdn,512,16384,graph,3,0.08733
gdn,512,16384,graph,4,0.08724
gdn,512,16384,graph,5,0.08724
gdn,512,16384,graph,6,0.08733
gdn,512,16384,graph,7,0.08725
gdn,512,16384,graph,8,0.08734
gdn,512,16384,graph,9,0.08758
gdn,512,16384,graph,10,0.08760
gdn,512,16384,graph,11,0.08726
gdn,512,16384,graph,12,0.08752
gdn,512,16384,graph,13,0.08764
gdn,512,16384,graph,14,0.08750
gdn,512,16384,graph,15,0.08729
gdn,512,16384,graph,16,0.08742
gdn,512,16384,graph,17,0.08728
gdn,512,16384,graph,18,0.08709
gdn,512,16384,graph,19,0.08732
gdn,512,16384,graph,20,0.08717
gdn,512,16384,graph,21,0.08738
gdn,512,16384,graph,22,0.08722
gdn,512,16384,graph,23,0.08731
gdn,512,16384,graph,24,0.08727
gdn,512,16384,graph,25,0.08727
gdn,512,16384,graph,26,0.08726
gdn,512,16384,graph,27,0.08733
gdn,512,16384,graph,28,0.08722
gdn,512,16384,graph,29,0.08729
gdn,512,16384,eager,0,0.66618
gdn,512,16384,eager,1,0.83267
gdn,512,16384,eager,2,0.71386
gdn,512,16384,eager,3,0.69216
gdn,512,16384,eager,4,0.69443
gdn,512,16384,eager,5,0.68099
gdn,512,16384,eager,6,0.69738
gdn,512,16384,eager,7,0.68333
gdn,512,16384,eager,8,0.67018
gdn,512,16384,eager,9,0.66723
gdn,512,16384,eager,10,0.70406
gdn,512,16384,eager,11,0.67267
gdn,512,16384,eager,12,0.66525
gdn,512,16384,eager,13,0.72870
gdn,512,16384,eager,14,0.67123
gdn,512,16384,eager,15,0.68080
gdn,512,16384,eager,16,0.68934
gdn,512,16384,eager,17,0.68474
gdn,512,16384,eager,18,0.66080
gdn,512,16384,eager,19,0.67293
gdn,512,16384,eager,20,0.70374
gdn,512,16384,eager,21,0.69405
gdn,512,16384,eager,22,0.67965
gdn,512,16384,eager,23,0.70618
gdn,512,16384,eager,24,0.69254
gdn,512,16384,eager,25,0.66170
gdn,512,16384,eager,26,0.65942
gdn,512,16384,eager,27,0.72835
gdn,512,16384,eager,28,0.68944
gdn,512,16384,eager,29,0.66333
gdn,1024,16384,graph,0,0.14588
gdn,1024,16384,graph,1,0.14573
gdn,1024,16384,graph,2,0.14607
gdn,1024,16384,graph,3,0.14580
gdn,1024,16384,graph,4,0.14558
gdn,1024,16384,graph,5,0.14588
gdn,1024,16384,graph,6,0.14604
gdn,1024,16384,graph,7,0.14572
gdn,1024,16384,graph,8,0.14605
gdn,1024,16384,graph,9,0.14607
gdn,1024,16384,graph,10,0.14632
gdn,1024,16384,graph,11,0.14619
gdn,1024,16384,graph,12,0.14588
gdn,1024,16384,graph,13,0.14592
gdn,1024,16384,graph,14,0.14571
gdn,1024,16384,graph,15,0.14609
gdn,1024,16384,graph,16,0.14614
gdn,1024,16384,graph,17,0.14575
gdn,1024,16384,graph,18,0.14603
gdn,1024,16384,graph,19,0.14600
gdn,1024,16384,graph,20,0.14583
gdn,1024,16384,graph,21,0.14569
gdn,1024,16384,graph,22,0.14612
gdn,1024,16384,graph,23,0.14650
gdn,1024,16384,graph,24,0.14590
gdn,1024,16384,graph,25,0.14612
gdn,1024,16384,graph,26,0.14589
gdn,1024,16384,graph,27,0.14579
gdn,1024,16384,graph,28,0.14619
gdn,1024,16384,graph,29,0.14608
gdn,1024,16384,eager,0,0.70989
gdn,1024,16384,eager,1,0.68000
gdn,1024,16384,eager,2,0.69331
gdn,1024,16384,eager,3,0.70355
gdn,1024,16384,eager,4,0.67648
gdn,1024,16384,eager,5,0.83581
gdn,1024,16384,eager,6,0.70669
gdn,1024,16384,eager,7,0.69523
gdn,1024,16384,eager,8,0.75443
gdn,1024,16384,eager,9,0.70730
gdn,1024,16384,eager,10,0.68243
gdn,1024,16384,eager,11,0.74544
gdn,1024,16384,eager,12,0.69933
gdn,1024,16384,eager,13,0.67955
gdn,1024,16384,eager,14,0.72938
gdn,1024,16384,eager,15,0.69779
gdn,1024,16384,eager,16,0.69322
gdn,1024,16384,eager,17,0.71478
gdn,1024,16384,eager,18,0.67862
gdn,1024,16384,eager,19,0.66758
gdn,1024,16384,eager,20,0.67827
gdn,1024,16384,eager,21,0.69229
gdn,1024,16384,eager,22,0.67072
gdn,1024,16384,eager,23,0.67098
gdn,1024,16384,eager,24,0.68643
gdn,1024,16384,eager,25,0.68566
gdn,1024,16384,eager,26,0.67757
gdn,1024,16384,eager,27,0.68672
gdn,1024,16384,eager,28,0.69414
gdn,1024,16384,eager,29,0.67702
gdn,2048,16384,graph,0,0.27260
gdn,2048,16384,graph,1,0.27314
gdn,2048,16384,graph,2,0.27330
gdn,2048,16384,graph,3,0.27230
gdn,2048,16384,graph,4,0.27228
gdn,2048,16384,graph,5,0.27188
gdn,2048,16384,graph,6,0.27307
gdn,2048,16384,graph,7,0.27327
gdn,2048,16384,graph,8,0.27300
gdn,2048,16384,graph,9,0.27198
gdn,2048,16384,graph,10,0.27160
gdn,2048,16384,graph,11,0.27282
gdn,2048,16384,graph,12,0.27305
gdn,2048,16384,graph,13,0.27259
gdn,2048,16384,graph,14,0.27182
gdn,2048,16384,graph,15,0.27245
gdn,2048,16384,graph,16,0.27256
gdn,2048,16384,graph,17,0.27203
gdn,2048,16384,graph,18,0.27300
gdn,2048,16384,graph,19,0.27141
gdn,2048,16384,graph,20,0.27234
gdn,2048,16384,graph,21,0.27316
gdn,2048,16384,graph,22,0.27235
gdn,2048,16384,graph,23,0.27277
gdn,2048,16384,graph,24,0.27225
gdn,2048,16384,graph,25,0.27229
gdn,2048,16384,graph,26,0.27302
gdn,2048,16384,graph,27,0.27244
gdn,2048,16384,graph,28,0.27266
gdn,2048,16384,graph,29,0.27155
gdn,2048,16384,eager,0,0.67664
gdn,2048,16384,eager,1,0.74912
gdn,2048,16384,eager,2,0.68723
gdn,2048,16384,eager,3,0.67126
gdn,2048,16384,eager,4,0.71248
gdn,2048,16384,eager,5,0.71203
gdn,2048,16384,eager,6,0.67885
gdn,2048,16384,eager,7,0.69965
gdn,2048,16384,eager,8,0.70534
gdn,2048,16384,eager,9,0.67472
gdn,2048,16384,eager,10,0.66640
gdn,2048,16384,eager,11,0.65619
gdn,2048,16384,eager,12,0.72285
gdn,2048,16384,eager,13,0.67875
gdn,2048,16384,eager,14,0.66829
gdn,2048,16384,eager,15,0.66512
gdn,2048,16384,eager,16,0.68822
gdn,2048,16384,eager,17,0.67040
gdn,2048,16384,eager,18,0.65315
gdn,2048,16384,eager,19,0.66083
gdn,2048,16384,eager,20,0.68240
gdn,2048,16384,eager,21,0.66835
gdn,2048,16384,eager,22,0.65571
gdn,2048,16384,eager,23,0.68797
gdn,2048,16384,eager,24,0.67024
gdn,2048,16384,eager,25,0.66131
gdn,2048,16384,eager,26,0.68522
gdn,2048,16384,eager,27,0.67859
gdn,2048,16384,eager,28,0.65370
gdn,2048,16384,eager,29,0.70541
gdn,4096,16384,graph,0,0.52963
gdn,4096,16384,graph,1,0.52820
gdn,4096,16384,graph,2,0.52847
gdn,4096,16384,graph,3,0.52858
gdn,4096,16384,graph,4,0.52717
gdn,4096,16384,graph,5,0.52783
gdn,4096,16384,graph,6,0.52845
gdn,4096,16384,graph,7,0.52859
gdn,4096,16384,graph,8,0.52711
gdn,4096,16384,graph,9,0.52734
gdn,4096,16384,graph,10,0.52801
gdn,4096,16384,graph,11,0.52729
gdn,4096,16384,graph,12,0.52730
gdn,4096,16384,graph,13,0.52810
gdn,4096,16384,graph,14,0.52861
gdn,4096,16384,graph,15,0.52882
gdn,4096,16384,graph,16,0.52658
gdn,4096,16384,graph,17,0.52713
gdn,4096,16384,graph,18,0.52803
gdn,4096,16384,graph,19,0.52893
gdn,4096,16384,graph,20,0.52720
gdn,4096,16384,graph,21,0.52710
gdn,4096,16384,graph,22,0.52869
gdn,4096,16384,graph,23,0.52885
gdn,4096,16384,graph,24,0.52617
gdn,4096,16384,graph,25,0.52850
gdn,4096,16384,graph,26,0.52709
gdn,4096,16384,graph,27,0.52851
gdn,4096,16384,graph,28,0.52691
gdn,4096,16384,graph,29,0.53077
gdn,4096,16384,eager,0,0.82576
gdn,4096,16384,eager,1,0.82698
gdn,4096,16384,eager,2,0.85318
gdn,4096,16384,eager,3,0.83597
gdn,4096,16384,eager,4,0.81507
gdn,4096,16384,eager,5,0.86432
gdn,4096,16384,eager,6,0.82531
gdn,4096,16384,eager,7,0.81635
gdn,4096,16384,eager,8,0.84006
gdn,4096,16384,eager,9,0.83686
gdn,4096,16384,eager,10,0.82502
gdn,4096,16384,eager,11,0.85792
gdn,4096,16384,eager,12,0.82678
gdn,4096,16384,eager,13,0.81930
gdn,4096,16384,eager,14,0.84205
gdn,4096,16384,eager,15,0.81610
gdn,4096,16384,eager,16,0.81379
gdn,4096,16384,eager,17,0.84102
gdn,4096,16384,eager,18,0.81766
gdn,4096,16384,eager,19,0.81203
gdn,4096,16384,eager,20,0.81146
gdn,4096,16384,eager,21,0.83338
gdn,4096,16384,eager,22,0.82954
gdn,4096,16384,eager,23,0.81341
gdn,4096,16384,eager,24,0.82976
gdn,4096,16384,eager,25,0.82592
gdn,4096,16384,eager,26,0.81875
gdn,4096,16384,eager,27,0.84435
gdn,4096,16384,eager,28,0.82157
gdn,4096,16384,eager,29,0.82275
gdn,8192,16384,graph,0,1.02806
gdn,8192,16384,graph,1,1.03184
gdn,8192,16384,graph,2,1.02666
gdn,8192,16384,graph,3,1.03190
gdn,8192,16384,graph,4,1.02819
gdn,8192,16384,graph,5,1.03034
gdn,8192,16384,graph,6,1.03053
gdn,8192,16384,graph,7,1.02202
gdn,8192,16384,graph,8,1.02771
gdn,8192,16384,graph,9,1.02957
gdn,8192,16384,graph,10,1.02768
gdn,8192,16384,graph,11,1.02938
gdn,8192,16384,graph,12,1.02870
gdn,8192,16384,graph,13,1.03357
gdn,8192,16384,graph,14,1.02755
gdn,8192,16384,graph,15,1.02563
gdn,8192,16384,graph,16,1.02938
gdn,8192,16384,graph,17,1.02861
gdn,8192,16384,graph,18,1.02771
gdn,8192,16384,graph,19,1.02931
gdn,8192,16384,graph,20,1.03139
gdn,8192,16384,graph,21,1.02698
gdn,8192,16384,graph,22,1.02934
gdn,8192,16384,graph,23,1.02717
gdn,8192,16384,graph,24,1.03085
gdn,8192,16384,graph,25,1.02682
gdn,8192,16384,graph,26,1.02406
gdn,8192,16384,graph,27,1.02982
gdn,8192,16384,graph,28,1.02675
gdn,8192,16384,graph,29,1.02915
gdn,8192,16384,eager,0,1.37165
gdn,8192,16384,eager,1,1.28848
gdn,8192,16384,eager,2,1.28400
gdn,8192,16384,eager,3,1.31107
gdn,8192,16384,eager,4,1.29267
gdn,8192,16384,eager,5,1.31027
gdn,8192,16384,eager,6,1.28803
gdn,8192,16384,eager,7,1.27936
gdn,8192,16384,eager,8,1.27898
gdn,8192,16384,eager,9,1.29859
gdn,8192,16384,eager,10,1.28397
gdn,8192,16384,eager,11,1.27984
gdn,8192,16384,eager,12,1.26989
gdn,8192,16384,eager,13,1.30128
gdn,8192,16384,eager,14,1.28320
gdn,8192,16384,eager,15,1.27542
gdn,8192,16384,eager,16,1.29488
gdn,8192,16384,eager,17,1.27376
gdn,8192,16384,eager,18,1.27386
gdn,8192,16384,eager,19,1.31462
gdn,8192,16384,eager,20,1.27949
gdn,8192,16384,eager,21,1.26931
gdn,8192,16384,eager,22,1.31613
gdn,8192,16384,eager,23,1.28477
gdn,8192,16384,eager,24,1.27469
gdn,8192,16384,eager,25,1.29347
gdn,8192,16384,eager,26,1.27504
gdn,8192,16384,eager,27,1.28851
gdn,8192,16384,eager,28,1.30675
gdn,8192,16384,eager,29,1.27795
gdn,64,32768,graph,0,0.04151
gdn,64,32768,graph,1,0.04145
gdn,64,32768,graph,2,0.04146
gdn,64,32768,graph,3,0.04167
gdn,64,32768,graph,4,0.04132
gdn,64,32768,graph,5,0.04136
gdn,64,32768,graph,6,0.04153
gdn,64,32768,graph,7,0.04149
gdn,64,32768,graph,8,0.04140
gdn,64,32768,graph,9,0.04154
gdn,64,32768,graph,10,0.04154
gdn,64,32768,graph,11,0.04175
gdn,64,32768,graph,12,0.04141
gdn,64,32768,graph,13,0.04144
gdn,64,32768,graph,14,0.04150
gdn,64,32768,graph,15,0.04162
gdn,64,32768,graph,16,0.04140
gdn,64,32768,graph,17,0.04160
gdn,64,32768,graph,18,0.04156
gdn,64,32768,graph,19,0.04143
gdn,64,32768,graph,20,0.04147
gdn,64,32768,graph,21,0.04141
gdn,64,32768,graph,22,0.04141
gdn,64,32768,graph,23,0.04153
gdn,64,32768,graph,24,0.04152
gdn,64,32768,graph,25,0.04156
gdn,64,32768,graph,26,0.04153
gdn,64,32768,graph,27,0.04168
gdn,64,32768,graph,28,0.04133
gdn,64,32768,graph,29,0.04138
gdn,64,32768,eager,0,0.70608
gdn,64,32768,eager,1,0.71664
gdn,64,32768,eager,2,0.69830
gdn,64,32768,eager,3,0.67574
gdn,64,32768,eager,4,0.73072
gdn,64,32768,eager,5,0.69434
gdn,64,32768,eager,6,0.79226
gdn,64,32768,eager,7,0.72173
gdn,64,32768,eager,8,0.69123
gdn,64,32768,eager,9,0.66957
gdn,64,32768,eager,10,0.74403
gdn,64,32768,eager,11,0.70550
gdn,64,32768,eager,12,0.68768
gdn,64,32768,eager,13,0.67123
gdn,64,32768,eager,14,0.72086
gdn,64,32768,eager,15,0.69402
gdn,64,32768,eager,16,0.67482
gdn,64,32768,eager,17,0.66336
gdn,64,32768,eager,18,0.74502
gdn,64,32768,eager,19,0.69645
gdn,64,32768,eager,20,0.67034
gdn,64,32768,eager,21,0.67504
gdn,64,32768,eager,22,0.72198
gdn,64,32768,eager,23,0.68797
gdn,64,32768,eager,24,0.66528
gdn,64,32768,eager,25,0.73251
gdn,64,32768,eager,26,0.70112
gdn,64,32768,eager,27,0.69690
gdn,64,32768,eager,28,0.73878
gdn,64,32768,eager,29,0.69680
gdn,65,32768,graph,0,0.04432
gdn,65,32768,graph,1,0.04431
gdn,65,32768,graph,2,0.04434
gdn,65,32768,graph,3,0.04422
gdn,65,32768,graph,4,0.04433
gdn,65,32768,graph,5,0.04422
gdn,65,32768,graph,6,0.04429
gdn,65,32768,graph,7,0.04430
gdn,65,32768,graph,8,0.04423
gdn,65,32768,graph,9,0.04430
gdn,65,32768,graph,10,0.04441
gdn,65,32768,graph,11,0.04434
gdn,65,32768,graph,12,0.04449
gdn,65,32768,graph,13,0.04440
gdn,65,32768,graph,14,0.04444
gdn,65,32768,graph,15,0.04458
gdn,65,32768,graph,16,0.04444
gdn,65,32768,graph,17,0.04438
gdn,65,32768,graph,18,0.04432
gdn,65,32768,graph,19,0.04433
gdn,65,32768,graph,20,0.04454
gdn,65,32768,graph,21,0.04446
gdn,65,32768,graph,22,0.04431
gdn,65,32768,graph,23,0.04431
gdn,65,32768,graph,24,0.04433
gdn,65,32768,graph,25,0.04429
gdn,65,32768,graph,26,0.04440
gdn,65,32768,graph,27,0.04414
gdn,65,32768,graph,28,0.04431
gdn,65,32768,graph,29,0.04445
gdn,65,32768,eager,0,0.75341
gdn,65,32768,eager,1,0.69830
gdn,65,32768,eager,2,0.68333
gdn,65,32768,eager,3,0.66365
gdn,65,32768,eager,4,0.72371
gdn,65,32768,eager,5,0.67878
gdn,65,32768,eager,6,0.66790
gdn,65,32768,eager,7,0.69197
gdn,65,32768,eager,8,0.69264
gdn,65,32768,eager,9,0.66922
gdn,65,32768,eager,10,0.66701
gdn,65,32768,eager,11,0.71536
gdn,65,32768,eager,12,0.67837
gdn,65,32768,eager,13,0.67283
gdn,65,32768,eager,14,0.72022
gdn,65,32768,eager,15,0.68112
gdn,65,32768,eager,16,0.66384
gdn,65,32768,eager,17,0.66307
gdn,65,32768,eager,18,0.69824
gdn,65,32768,eager,19,0.66506
gdn,65,32768,eager,20,0.67360
gdn,65,32768,eager,21,0.69754
gdn,65,32768,eager,22,0.69056
gdn,65,32768,eager,23,0.66282
gdn,65,32768,eager,24,0.66570
gdn,65,32768,eager,25,0.68179
gdn,65,32768,eager,26,0.66192
gdn,65,32768,eager,27,0.68032
gdn,65,32768,eager,28,0.69126
gdn,65,32768,eager,29,0.66608
gdn,128,32768,graph,0,0.04537
gdn,128,32768,graph,1,0.04544
gdn,128,32768,graph,2,0.04546
gdn,128,32768,graph,3,0.04551
gdn,128,32768,graph,4,0.04545
gdn,128,32768,graph,5,0.04569
gdn,128,32768,graph,6,0.04536
gdn,128,32768,graph,7,0.04552
gdn,128,32768,graph,8,0.04573
gdn,128,32768,graph,9,0.04543
gdn,128,32768,graph,10,0.04533
gdn,128,32768,graph,11,0.04552
gdn,128,32768,graph,12,0.04561
gdn,128,32768,graph,13,0.04548
gdn,128,32768,graph,14,0.04539
gdn,128,32768,graph,15,0.04562
gdn,128,32768,graph,16,0.04546
gdn,128,32768,graph,17,0.04531
gdn,128,32768,graph,18,0.04541
gdn,128,32768,graph,19,0.04575
gdn,128,32768,graph,20,0.04554
gdn,128,32768,graph,21,0.04540
gdn,128,32768,graph,22,0.04562
gdn,128,32768,graph,23,0.04543
gdn,128,32768,graph,24,0.04554
gdn,128,32768,graph,25,0.04539
gdn,128,32768,graph,26,0.04545
gdn,128,32768,graph,27,0.04528
gdn,128,32768,graph,28,0.04547
gdn,128,32768,graph,29,0.04541
gdn,128,32768,eager,0,0.92387
gdn,128,32768,eager,1,0.73869
gdn,128,32768,eager,2,0.69936
gdn,128,32768,eager,3,0.69488
gdn,128,32768,eager,4,0.70643
gdn,128,32768,eager,5,0.68304
gdn,128,32768,eager,6,0.66003
gdn,128,32768,eager,7,0.67498
gdn,128,32768,eager,8,0.69219
gdn,128,32768,eager,9,0.67613
gdn,128,32768,eager,10,0.65578
gdn,128,32768,eager,11,0.72202
gdn,128,32768,eager,12,0.69488
gdn,128,32768,eager,13,0.67248
gdn,128,32768,eager,14,0.66182
gdn,128,32768,eager,15,0.74086
gdn,128,32768,eager,16,0.69360
gdn,128,32768,eager,17,0.66867
gdn,128,32768,eager,18,0.71546
gdn,128,32768,eager,19,0.68803
gdn,128,32768,eager,20,0.67251
gdn,128,32768,eager,21,0.68154
gdn,128,32768,eager,22,0.69149
gdn,128,32768,eager,23,0.67795
gdn,128,32768,eager,24,0.65357
gdn,128,32768,eager,25,0.72477
gdn,128,32768,eager,26,0.69398
gdn,128,32768,eager,27,0.67341
gdn,128,32768,eager,28,0.66074
gdn,128,32768,eager,29,0.72221
gdn,129,32768,graph,0,0.05161
gdn,129,32768,graph,1,0.05162
gdn,129,32768,graph,2,0.05172
gdn,129,32768,graph,3,0.05381
gdn,129,32768,graph,4,0.05165
gdn,129,32768,graph,5,0.05165
gdn,129,32768,graph,6,0.05161
gdn,129,32768,graph,7,0.05204
gdn,129,32768,graph,8,0.05173
gdn,129,32768,graph,9,0.05171
gdn,129,32768,graph,10,0.05177
gdn,129,32768,graph,11,0.05175
gdn,129,32768,graph,12,0.05168
gdn,129,32768,graph,13,0.05157
gdn,129,32768,graph,14,0.05169
gdn,129,32768,graph,15,0.05155
gdn,129,32768,graph,16,0.05155
gdn,129,32768,graph,17,0.05164
gdn,129,32768,graph,18,0.05157
gdn,129,32768,graph,19,0.05167
gdn,129,32768,graph,20,0.05163
gdn,129,32768,graph,21,0.05155
gdn,129,32768,graph,22,0.05161
gdn,129,32768,graph,23,0.05163
gdn,129,32768,graph,24,0.05147
gdn,129,32768,graph,25,0.05165
gdn,129,32768,graph,26,0.05161
gdn,129,32768,graph,27,0.05166
gdn,129,32768,graph,28,0.05157
gdn,129,32768,graph,29,0.05167
gdn,129,32768,eager,0,0.70077
gdn,129,32768,eager,1,0.74874
gdn,129,32768,eager,2,0.70813
gdn,129,32768,eager,3,0.68851
gdn,129,32768,eager,4,0.67245
gdn,129,32768,eager,5,0.65222
gdn,129,32768,eager,6,0.68829
gdn,129,32768,eager,7,0.68848
gdn,129,32768,eager,8,0.66403
gdn,129,32768,eager,9,0.74122
gdn,129,32768,eager,10,0.68272
gdn,129,32768,eager,11,0.67840
gdn,129,32768,eager,12,0.72781
gdn,129,32768,eager,13,0.67990
gdn,129,32768,eager,14,0.65629
gdn,129,32768,eager,15,0.70413
gdn,129,32768,eager,16,0.68211
gdn,129,32768,eager,17,0.66128
gdn,129,32768,eager,18,0.70589
gdn,129,32768,eager,19,0.66589
gdn,129,32768,eager,20,0.65622
gdn,129,32768,eager,21,0.66282
gdn,129,32768,eager,22,0.68442
gdn,129,32768,eager,23,0.67072
gdn,129,32768,eager,24,0.64496
gdn,129,32768,eager,25,0.70698
gdn,129,32768,eager,26,0.67981
gdn,129,32768,eager,27,0.65482
gdn,129,32768,eager,28,0.69805
gdn,129,32768,eager,29,0.67398
gdn,256,32768,graph,0,0.05564
gdn,256,32768,graph,1,0.05574
gdn,256,32768,graph,2,0.05558
gdn,256,32768,graph,3,0.05558
gdn,256,32768,graph,4,0.05574
gdn,256,32768,graph,5,0.05575
gdn,256,32768,graph,6,0.05565
gdn,256,32768,graph,7,0.05549
gdn,256,32768,graph,8,0.05550
gdn,256,32768,graph,9,0.05574
gdn,256,32768,graph,10,0.05559
gdn,256,32768,graph,11,0.05553
gdn,256,32768,graph,12,0.05567
gdn,256,32768,graph,13,0.05561
gdn,256,32768,graph,14,0.05557
gdn,256,32768,graph,15,0.05556
gdn,256,32768,graph,16,0.05551
gdn,256,32768,graph,17,0.05547
gdn,256,32768,graph,18,0.05580
gdn,256,32768,graph,19,0.05557
gdn,256,32768,graph,20,0.05570
gdn,256,32768,graph,21,0.05558
gdn,256,32768,graph,22,0.05578
gdn,256,32768,graph,23,0.05559
gdn,256,32768,graph,24,0.05553
gdn,256,32768,graph,25,0.05563
gdn,256,32768,graph,26,0.05552
gdn,256,32768,graph,27,0.05569
gdn,256,32768,graph,28,0.05553
gdn,256,32768,graph,29,0.05562
gdn,256,32768,eager,0,0.67098
gdn,256,32768,eager,1,0.67363
gdn,256,32768,eager,2,0.81462
gdn,256,32768,eager,3,0.69686
gdn,256,32768,eager,4,0.67382
gdn,256,32768,eager,5,0.70422
gdn,256,32768,eager,6,0.70355
gdn,256,32768,eager,7,0.67491
gdn,256,32768,eager,8,0.70714
gdn,256,32768,eager,9,0.68323
gdn,256,32768,eager,10,0.66413
gdn,256,32768,eager,11,0.71664
gdn,256,32768,eager,12,0.68166
gdn,256,32768,eager,13,0.66083
gdn,256,32768,eager,14,0.69923
gdn,256,32768,eager,15,0.67827
gdn,256,32768,eager,16,0.66826
gdn,256,32768,eager,17,0.69654
gdn,256,32768,eager,18,0.67782
gdn,256,32768,eager,19,0.66592
gdn,256,32768,eager,20,0.66566
gdn,256,32768,eager,21,0.69146
gdn,256,32768,eager,22,0.65459
gdn,256,32768,eager,23,0.64682
gdn,256,32768,eager,24,0.67994
gdn,256,32768,eager,25,0.65427
gdn,256,32768,eager,26,0.65005
gdn,256,32768,eager,27,0.64685
gdn,256,32768,eager,28,0.68416
gdn,256,32768,eager,29,0.65200
gdn,512,32768,graph,0,0.08746
gdn,512,32768,graph,1,0.08728
gdn,512,32768,graph,2,0.08737
gdn,512,32768,graph,3,0.08720
gdn,512,32768,graph,4,0.08723
gdn,512,32768,graph,5,0.08733
gdn,512,32768,graph,6,0.08711
gdn,512,32768,graph,7,0.08729
gdn,512,32768,graph,8,0.08784
gdn,512,32768,graph,9,0.08711
gdn,512,32768,graph,10,0.08747
gdn,512,32768,graph,11,0.08752
gdn,512,32768,graph,12,0.08723
gdn,512,32768,graph,13,0.08729
gdn,512,32768,graph,14,0.08738
gdn,512,32768,graph,15,0.08757
gdn,512,32768,graph,16,0.08746
gdn,512,32768,graph,17,0.08723
gdn,512,32768,graph,18,0.08756
gdn,512,32768,graph,19,0.08747
gdn,512,32768,graph,20,0.08758
gdn,512,32768,graph,21,0.08735
gdn,512,32768,graph,22,0.08750
gdn,512,32768,graph,23,0.08726
gdn,512,32768,graph,24,0.08731
gdn,512,32768,graph,25,0.08731
gdn,512,32768,graph,26,0.08722
gdn,512,32768,graph,27,0.08726
gdn,512,32768,graph,28,0.08719
gdn,512,32768,graph,29,0.08745
gdn,512,32768,eager,0,0.67302
gdn,512,32768,eager,1,0.74499
gdn,512,32768,eager,2,0.68816
gdn,512,32768,eager,3,0.66982
gdn,512,32768,eager,4,0.66163
gdn,512,32768,eager,5,0.72890
gdn,512,32768,eager,6,0.68192
gdn,512,32768,eager,7,0.66406
gdn,512,32768,eager,8,0.66182
gdn,512,32768,eager,9,0.68410
gdn,512,32768,eager,10,0.68432
gdn,512,32768,eager,11,0.66317
gdn,512,32768,eager,12,0.69024
gdn,512,32768,eager,13,0.67638
gdn,512,32768,eager,14,0.69555
gdn,512,32768,eager,15,0.68390
gdn,512,32768,eager,16,0.65894
gdn,512,32768,eager,17,0.65126
gdn,512,32768,eager,18,0.64870
gdn,512,32768,eager,19,0.71846
gdn,512,32768,eager,20,0.67856
gdn,512,32768,eager,21,0.67219
gdn,512,32768,eager,22,0.68989
gdn,512,32768,eager,23,0.69462
gdn,512,32768,eager,24,0.68730
gdn,512,32768,eager,25,0.67581
gdn,512,32768,eager,26,0.65942
gdn,512,32768,eager,27,0.67302
gdn,512,32768,eager,28,0.67258
gdn,512,32768,eager,29,0.66378
gdn,1024,32768,graph,0,0.14591
gdn,1024,32768,graph,1,0.14622
gdn,1024,32768,graph,2,0.14583
gdn,1024,32768,graph,3,0.14594
gdn,1024,32768,graph,4,0.14635
gdn,1024,32768,graph,5,0.14603
gdn,1024,32768,graph,6,0.14624
gdn,1024,32768,graph,7,0.14594
gdn,1024,32768,graph,8,0.14574
gdn,1024,32768,graph,9,0.14616
gdn,1024,32768,graph,10,0.14574
gdn,1024,32768,graph,11,0.14596
gdn,1024,32768,graph,12,0.14643
gdn,1024,32768,graph,13,0.14605
gdn,1024,32768,graph,14,0.14623
gdn,1024,32768,graph,15,0.14628
gdn,1024,32768,graph,16,0.14633
gdn,1024,32768,graph,17,0.14606
gdn,1024,32768,graph,18,0.14596
gdn,1024,32768,graph,19,0.14630
gdn,1024,32768,graph,20,0.14632
gdn,1024,32768,graph,21,0.14628
gdn,1024,32768,graph,22,0.14608
gdn,1024,32768,graph,23,0.14638
gdn,1024,32768,graph,24,0.14611
gdn,1024,32768,graph,25,0.14616
gdn,1024,32768,graph,26,0.14604
gdn,1024,32768,graph,27,0.14625
gdn,1024,32768,graph,28,0.14596
gdn,1024,32768,graph,29,0.14655
gdn,1024,32768,eager,0,0.68029
gdn,1024,32768,eager,1,0.74304
gdn,1024,32768,eager,2,0.70230
gdn,1024,32768,eager,3,0.67891
gdn,1024,32768,eager,4,0.73914
gdn,1024,32768,eager,5,0.70579
gdn,1024,32768,eager,6,0.68883
gdn,1024,32768,eager,7,0.67939
gdn,1024,32768,eager,8,0.71478
gdn,1024,32768,eager,9,0.69792
gdn,1024,32768,eager,10,0.67574
gdn,1024,32768,eager,11,0.67789
gdn,1024,32768,eager,12,0.70362
gdn,1024,32768,eager,13,0.68330
gdn,1024,32768,eager,14,0.67235
gdn,1024,32768,eager,15,0.73581
gdn,1024,32768,eager,16,0.70272
gdn,1024,32768,eager,17,0.68624
gdn,1024,32768,eager,18,0.73648
gdn,1024,32768,eager,19,0.69110
gdn,1024,32768,eager,20,0.68573
gdn,1024,32768,eager,21,0.68560
gdn,1024,32768,eager,22,0.70858
gdn,1024,32768,eager,23,0.68058
gdn,1024,32768,eager,24,0.66499
gdn,1024,32768,eager,25,0.74970
gdn,1024,32768,eager,26,0.70157
gdn,1024,32768,eager,27,0.73101
gdn,1024,32768,eager,28,0.69546
gdn,1024,32768,eager,29,0.69475
gdn,2048,32768,graph,0,0.27231
gdn,2048,32768,graph,1,0.27287
gdn,2048,32768,graph,2,0.27394
gdn,2048,32768,graph,3,0.27224
gdn,2048,32768,graph,4,0.27294
gdn,2048,32768,graph,5,0.27245
gdn,2048,32768,graph,6,0.27220
gdn,2048,32768,graph,7,0.27179
gdn,2048,32768,graph,8,0.27289
gdn,2048,32768,graph,9,0.27208
gdn,2048,32768,graph,10,0.27252
gdn,2048,32768,graph,11,0.27292
gdn,2048,32768,graph,12,0.27280
gdn,2048,32768,graph,13,0.27324
gdn,2048,32768,graph,14,0.27225
gdn,2048,32768,graph,15,0.27278
gdn,2048,32768,graph,16,0.27273
gdn,2048,32768,graph,17,0.27351
gdn,2048,32768,graph,18,0.27349
gdn,2048,32768,graph,19,0.27342
gdn,2048,32768,graph,20,0.27242
gdn,2048,32768,graph,21,0.27218
gdn,2048,32768,graph,22,0.27284
gdn,2048,32768,graph,23,0.27332
gdn,2048,32768,graph,24,0.27334
gdn,2048,32768,graph,25,0.27209
gdn,2048,32768,graph,26,0.27196
gdn,2048,32768,graph,27,0.27298
gdn,2048,32768,graph,28,0.27323
gdn,2048,32768,graph,29,0.27273
gdn,2048,32768,eager,0,0.66509
gdn,2048,32768,eager,1,0.74611
gdn,2048,32768,eager,2,0.70880
gdn,2048,32768,eager,3,0.69152
gdn,2048,32768,eager,4,0.70845
gdn,2048,32768,eager,5,0.68874
gdn,2048,32768,eager,6,0.67469
gdn,2048,32768,eager,7,0.68512
gdn,2048,32768,eager,8,0.68656
gdn,2048,32768,eager,9,0.77286
gdn,2048,32768,eager,10,0.70442
gdn,2048,32768,eager,11,0.69638
gdn,2048,32768,eager,12,0.68032
gdn,2048,32768,eager,13,0.69731
gdn,2048,32768,eager,14,0.69258
gdn,2048,32768,eager,15,0.71770
gdn,2048,32768,eager,16,0.69715
gdn,2048,32768,eager,17,0.68032
gdn,2048,32768,eager,18,0.74016
gdn,2048,32768,eager,19,0.70048
gdn,2048,32768,eager,20,0.67728
gdn,2048,32768,eager,21,0.69325
gdn,2048,32768,eager,22,0.69866
gdn,2048,32768,eager,23,0.67229
gdn,2048,32768,eager,24,0.67699
gdn,2048,32768,eager,25,0.73411
gdn,2048,32768,eager,26,0.69629
gdn,2048,32768,eager,27,0.66963
gdn,2048,32768,eager,28,0.73245
gdn,2048,32768,eager,29,0.69603
gdn,4096,32768,graph,0,0.53035
gdn,4096,32768,graph,1,0.52928
gdn,4096,32768,graph,2,0.52645
gdn,4096,32768,graph,3,0.52991
gdn,4096,32768,graph,4,0.52789
gdn,4096,32768,graph,5,0.52883
gdn,4096,32768,graph,6,0.52671
gdn,4096,32768,graph,7,0.52875
gdn,4096,32768,graph,8,0.52832
gdn,4096,32768,graph,9,0.52789
gdn,4096,32768,graph,10,0.52618
gdn,4096,32768,graph,11,0.52863
gdn,4096,32768,graph,12,0.52773
gdn,4096,32768,graph,13,0.52877
gdn,4096,32768,graph,14,0.52860
gdn,4096,32768,graph,15,0.52922
gdn,4096,32768,graph,16,0.52846
gdn,4096,32768,graph,17,0.52747
gdn,4096,32768,graph,18,0.52815
gdn,4096,32768,graph,19,0.52777
gdn,4096,32768,graph,20,0.52790
gdn,4096,32768,graph,21,0.52861
gdn,4096,32768,graph,22,0.52768
gdn,4096,32768,graph,23,0.53037
gdn,4096,32768,graph,24,0.55147
gdn,4096,32768,graph,25,0.52969
gdn,4096,32768,graph,26,0.52820
gdn,4096,32768,graph,27,0.52949
gdn,4096,32768,graph,28,0.52890
gdn,4096,32768,graph,29,0.52734
gdn,4096,32768,eager,0,0.86701
gdn,4096,32768,eager,1,0.84179
gdn,4096,32768,eager,2,0.82256
gdn,4096,32768,eager,3,0.82944
gdn,4096,32768,eager,4,0.82819
gdn,4096,32768,eager,5,0.82605
gdn,4096,32768,eager,6,0.83648
gdn,4096,32768,eager,7,0.92493
gdn,4096,32768,eager,8,0.82883
gdn,4096,32768,eager,9,0.84803
gdn,4096,32768,eager,10,0.82269
gdn,4096,32768,eager,11,0.81635
gdn,4096,32768,eager,12,0.84115
gdn,4096,32768,eager,13,0.82438
gdn,4096,32768,eager,14,0.82054
gdn,4096,32768,eager,15,0.83270
gdn,4096,32768,eager,16,0.82730
gdn,4096,32768,eager,17,0.86525
gdn,4096,32768,eager,18,0.83098
gdn,4096,32768,eager,19,0.81744
gdn,4096,32768,eager,20,0.81546
gdn,4096,32768,eager,21,0.84694
gdn,4096,32768,eager,22,0.83437
gdn,4096,32768,eager,23,0.82115
gdn,4096,32768,eager,24,0.81264
gdn,4096,32768,eager,25,0.84602
gdn,4096,32768,eager,26,0.82061
gdn,4096,32768,eager,27,0.81504
gdn,4096,32768,eager,28,0.84768
gdn,4096,32768,eager,29,0.83267
gdn,8192,32768,graph,0,1.03429
gdn,8192,32768,graph,1,1.02587
gdn,8192,32768,graph,2,1.02795
gdn,8192,32768,graph,3,1.02606
gdn,8192,32768,graph,4,1.02789
gdn,8192,32768,graph,5,1.03019
gdn,8192,32768,graph,6,1.02754
gdn,8192,32768,graph,7,1.02718
gdn,8192,32768,graph,8,1.02648
gdn,8192,32768,graph,9,1.03304
gdn,8192,32768,graph,10,1.02507
gdn,8192,32768,graph,11,1.02536
gdn,8192,32768,graph,12,1.03077
gdn,8192,32768,graph,13,1.02760
gdn,8192,32768,graph,14,1.02715
gdn,8192,32768,graph,15,1.02942
gdn,8192,32768,graph,16,1.02802
gdn,8192,32768,graph,17,1.02702
gdn,8192,32768,graph,18,1.02798
gdn,8192,32768,graph,19,1.02786
gdn,8192,32768,graph,20,1.02904
gdn,8192,32768,graph,21,1.02562
gdn,8192,32768,graph,22,1.02600
gdn,8192,32768,graph,23,1.02677
gdn,8192,32768,graph,24,1.02293
gdn,8192,32768,graph,25,1.02795
gdn,8192,32768,graph,26,1.02450
gdn,8192,32768,graph,27,1.02789
gdn,8192,32768,graph,28,1.02923
gdn,8192,32768,graph,29,1.03074
gdn,8192,32768,eager,0,1.27555
gdn,8192,32768,eager,1,1.30701
gdn,8192,32768,eager,2,1.28349
gdn,8192,32768,eager,3,1.28182
gdn,8192,32768,eager,4,1.27062
gdn,8192,32768,eager,5,1.28998
gdn,8192,32768,eager,6,1.27786
gdn,8192,32768,eager,7,1.27674
gdn,8192,32768,eager,8,1.28230
gdn,8192,32768,eager,9,1.28125
gdn,8192,32768,eager,10,1.28010
gdn,8192,32768,eager,11,1.29008
gdn,8192,32768,eager,12,1.26618
gdn,8192,32768,eager,13,1.28304
gdn,8192,32768,eager,14,1.28643
gdn,8192,32768,eager,15,1.26707
gdn,8192,32768,eager,16,1.28755
gdn,8192,32768,eager,17,1.27606
gdn,8192,32768,eager,18,1.26387
gdn,8192,32768,eager,19,1.30544
gdn,8192,32768,eager,20,1.27971
gdn,8192,32768,eager,21,1.26598
gdn,8192,32768,eager,22,1.26310
gdn,8192,32768,eager,23,1.29616
gdn,8192,32768,eager,24,1.27523
gdn,8192,32768,eager,25,1.26666
gdn,8192,32768,eager,26,1.26893
gdn,8192,32768,eager,27,1.28134
gdn,8192,32768,eager,28,1.27341
gdn,8192,32768,eager,29,1.27418
gdn,64,65536,graph,0,0.04157
gdn,64,65536,graph,1,0.04144
gdn,64,65536,graph,2,0.04156
gdn,64,65536,graph,3,0.04175
gdn,64,65536,graph,4,0.04158
gdn,64,65536,graph,5,0.04159
gdn,64,65536,graph,6,0.04148
gdn,64,65536,graph,7,0.04163
gdn,64,65536,graph,8,0.04159
gdn,64,65536,graph,9,0.04150
gdn,64,65536,graph,10,0.04156
gdn,64,65536,graph,11,0.04153
gdn,64,65536,graph,12,0.04152
gdn,64,65536,graph,13,0.04157
gdn,64,65536,graph,14,0.04150
gdn,64,65536,graph,15,0.04152
gdn,64,65536,graph,16,0.04149
gdn,64,65536,graph,17,0.04165
gdn,64,65536,graph,18,0.04158
gdn,64,65536,graph,19,0.04152
gdn,64,65536,graph,20,0.04144
gdn,64,65536,graph,21,0.04157
gdn,64,65536,graph,22,0.04153
gdn,64,65536,graph,23,0.04167
gdn,64,65536,graph,24,0.04157
gdn,64,65536,graph,25,0.04164
gdn,64,65536,graph,26,0.04156
gdn,64,65536,graph,27,0.04156
gdn,64,65536,graph,28,0.04157
gdn,64,65536,graph,29,0.04143
gdn,64,65536,eager,0,0.75811
gdn,64,65536,eager,1,0.70624
gdn,64,65536,eager,2,0.69050
gdn,64,65536,eager,3,0.67178
gdn,64,65536,eager,4,0.70106
gdn,64,65536,eager,5,0.69184
gdn,64,65536,eager,6,0.65878
gdn,64,65536,eager,7,0.70634
gdn,64,65536,eager,8,0.68080
gdn,64,65536,eager,9,0.67389
gdn,64,65536,eager,10,0.68326
gdn,64,65536,eager,11,0.68925
gdn,64,65536,eager,12,0.66998
gdn,64,65536,eager,13,0.66538
gdn,64,65536,eager,14,0.69411
gdn,64,65536,eager,15,0.67363
gdn,64,65536,eager,16,0.65606
gdn,64,65536,eager,17,0.72282
gdn,64,65536,eager,18,0.69360
gdn,64,65536,eager,19,0.67222
gdn,64,65536,eager,20,0.72954
gdn,64,65536,eager,21,0.68554
gdn,64,65536,eager,22,0.70032
gdn,64,65536,eager,23,0.69187
gdn,64,65536,eager,24,0.66509
gdn,64,65536,eager,25,0.66214
gdn,64,65536,eager,26,0.73776
gdn,64,65536,eager,27,0.69488
gdn,64,65536,eager,28,0.66829
gdn,64,65536,eager,29,0.69984
gdn,65,65536,graph,0,0.04426
gdn,65,65536,graph,1,0.04440
gdn,65,65536,graph,2,0.04430
gdn,65,65536,graph,3,0.04410
gdn,65,65536,graph,4,0.04434
gdn,65,65536,graph,5,0.04428
gdn,65,65536,graph,6,0.04434
gdn,65,65536,graph,7,0.04440
gdn,65,65536,graph,8,0.04418
gdn,65,65536,graph,9,0.04430
gdn,65,65536,graph,10,0.04413
gdn,65,65536,graph,11,0.04437
gdn,65,65536,graph,12,0.04431
gdn,65,65536,graph,13,0.04431
gdn,65,65536,graph,14,0.04446
gdn,65,65536,graph,15,0.04429
gdn,65,65536,graph,16,0.04438
gdn,65,65536,graph,17,0.04416
gdn,65,65536,graph,18,0.04423
gdn,65,65536,graph,19,0.04422
gdn,65,65536,graph,20,0.04422
gdn,65,65536,graph,21,0.04437
gdn,65,65536,graph,22,0.04418
gdn,65,65536,graph,23,0.04429
gdn,65,65536,graph,24,0.04432
gdn,65,65536,graph,25,0.04417
gdn,65,65536,graph,26,0.04422
gdn,65,65536,graph,27,0.04426
gdn,65,65536,graph,28,0.04436
gdn,65,65536,graph,29,0.04431
gdn,65,65536,eager,0,0.69514
gdn,65,65536,eager,1,0.67882
gdn,65,65536,eager,2,0.65731
gdn,65,65536,eager,3,0.72573
gdn,65,65536,eager,4,0.75763
gdn,65,65536,eager,5,0.68560
gdn,65,65536,eager,6,0.75786
gdn,65,65536,eager,7,0.68944
gdn,65,65536,eager,8,0.67315
gdn,65,65536,eager,9,0.71750
gdn,65,65536,eager,10,0.67997
gdn,65,65536,eager,11,0.65821
gdn,65,65536,eager,12,0.64397
gdn,65,65536,eager,13,0.71427
gdn,65,65536,eager,14,0.67818
gdn,65,65536,eager,15,0.67290
gdn,65,65536,eager,16,0.69142
gdn,65,65536,eager,17,0.66454
gdn,65,65536,eager,18,0.65296
gdn,65,65536,eager,19,0.69370
gdn,65,65536,eager,20,0.66656
gdn,65,65536,eager,21,0.65926
gdn,65,65536,eager,22,0.65395
gdn,65,65536,eager,23,0.67453
gdn,65,65536,eager,24,0.65827
gdn,65,65536,eager,25,0.64774
gdn,65,65536,eager,26,0.71648
gdn,65,65536,eager,27,0.66995
gdn,65,65536,eager,28,0.65718
gdn,65,65536,eager,29,0.67984
gdn,128,65536,graph,0,0.04543
gdn,128,65536,graph,1,0.04537
gdn,128,65536,graph,2,0.04559
gdn,128,65536,graph,3,0.04536
gdn,128,65536,graph,4,0.04537
gdn,128,65536,graph,5,0.04548
gdn,128,65536,graph,6,0.04542
gdn,128,65536,graph,7,0.04532
gdn,128,65536,graph,8,0.04540
gdn,128,65536,graph,9,0.04542
gdn,128,65536,graph,10,0.04563
gdn,128,65536,graph,11,0.04539
gdn,128,65536,graph,12,0.04548
gdn,128,65536,graph,13,0.04548
gdn,128,65536,graph,14,0.04533
gdn,128,65536,graph,15,0.04536
gdn,128,65536,graph,16,0.04546
gdn,128,65536,graph,17,0.04555
gdn,128,65536,graph,18,0.04537
gdn,128,65536,graph,19,0.04556
gdn,128,65536,graph,20,0.04549
gdn,128,65536,graph,21,0.04537
gdn,128,65536,graph,22,0.04534
gdn,128,65536,graph,23,0.04531
gdn,128,65536,graph,24,0.04565
gdn,128,65536,graph,25,0.04538
gdn,128,65536,graph,26,0.04541
gdn,128,65536,graph,27,0.04565
gdn,128,65536,graph,28,0.04549
gdn,128,65536,graph,29,0.04535
gdn,128,65536,eager,0,0.73642
gdn,128,65536,eager,1,0.68090
gdn,128,65536,eager,2,0.66870
gdn,128,65536,eager,3,0.77501
gdn,128,65536,eager,4,0.70954
gdn,128,65536,eager,5,0.67597
gdn,128,65536,eager,6,0.67037
gdn,128,65536,eager,7,0.70694
gdn,128,65536,eager,8,0.67478
gdn,128,65536,eager,9,0.65994
gdn,128,65536,eager,10,0.66576
gdn,128,65536,eager,11,0.68755
gdn,128,65536,eager,12,0.66838
gdn,128,65536,eager,13,0.65162
gdn,128,65536,eager,14,0.71379
gdn,128,65536,eager,15,0.67885
gdn,128,65536,eager,16,0.66864
gdn,128,65536,eager,17,0.68963
gdn,128,65536,eager,18,0.66906
gdn,128,65536,eager,19,0.65098
gdn,128,65536,eager,20,0.71514
gdn,128,65536,eager,21,0.68298
gdn,128,65536,eager,22,0.68992
gdn,128,65536,eager,23,0.68730
gdn,128,65536,eager,24,0.69978
gdn,128,65536,eager,25,0.74218
gdn,128,65536,eager,26,0.69162
gdn,128,65536,eager,27,0.66829
gdn,128,65536,eager,28,0.71142
gdn,128,65536,eager,29,0.67098
gdn,129,65536,graph,0,0.05174
gdn,129,65536,graph,1,0.05188
gdn,129,65536,graph,2,0.05176
gdn,129,65536,graph,3,0.05186
gdn,129,65536,graph,4,0.05172
gdn,129,65536,graph,5,0.05171
gdn,129,65536,graph,6,0.05177
gdn,129,65536,graph,7,0.05182
gdn,129,65536,graph,8,0.05179
gdn,129,65536,graph,9,0.05182
gdn,129,65536,graph,10,0.05176
gdn,129,65536,graph,11,0.05179
gdn,129,65536,graph,12,0.05174
gdn,129,65536,graph,13,0.05194
gdn,129,65536,graph,14,0.05178
gdn,129,65536,graph,15,0.05175
gdn,129,65536,graph,16,0.05189
gdn,129,65536,graph,17,0.05183
gdn,129,65536,graph,18,0.05176
gdn,129,65536,graph,19,0.05176
gdn,129,65536,graph,20,0.05191
gdn,129,65536,graph,21,0.05197
gdn,129,65536,graph,22,0.05183
gdn,129,65536,graph,23,0.05199
gdn,129,65536,graph,24,0.05175
gdn,129,65536,graph,25,0.05163
gdn,129,65536,graph,26,0.05183
gdn,129,65536,graph,27,0.05176
gdn,129,65536,graph,28,0.05179
gdn,129,65536,graph,29,0.05195
gdn,129,65536,eager,0,0.69142
gdn,129,65536,eager,1,0.66656
gdn,129,65536,eager,2,0.65446
gdn,129,65536,eager,3,0.71418
gdn,129,65536,eager,4,0.68701
gdn,129,65536,eager,5,0.66602
gdn,129,65536,eager,6,0.65408
gdn,129,65536,eager,7,0.70810
gdn,129,65536,eager,8,0.69011
gdn,129,65536,eager,9,0.67821
gdn,129,65536,eager,10,0.72010
gdn,129,65536,eager,11,0.68611
gdn,129,65536,eager,12,0.66589
gdn,129,65536,eager,13,0.71696
gdn,129,65536,eager,14,0.67504
gdn,129,65536,eager,15,0.65872
gdn,129,65536,eager,16,0.66707
gdn,129,65536,eager,17,0.68682
gdn,129,65536,eager,18,0.67085
gdn,129,65536,eager,19,0.65802
gdn,129,65536,eager,20,0.67677
gdn,129,65536,eager,21,0.67549
gdn,129,65536,eager,22,0.66003
gdn,129,65536,eager,23,0.64909
gdn,129,65536,eager,24,0.69664
gdn,129,65536,eager,25,0.67277
gdn,129,65536,eager,26,0.68000
gdn,129,65536,eager,27,0.68298
gdn,129,65536,eager,28,0.66314
gdn,129,65536,eager,29,0.65312
gdn,256,65536,graph,0,0.05569
gdn,256,65536,graph,1,0.05566
gdn,256,65536,graph,2,0.05561
gdn,256,65536,graph,3,0.05581
gdn,256,65536,graph,4,0.05595
gdn,256,65536,graph,5,0.05561
gdn,256,65536,graph,6,0.05567
gdn,256,65536,graph,7,0.05573
gdn,256,65536,graph,8,0.05570
gdn,256,65536,graph,9,0.05561
gdn,256,65536,graph,10,0.05559
gdn,256,65536,graph,11,0.05557
gdn,256,65536,graph,12,0.05572
gdn,256,65536,graph,13,0.05563
gdn,256,65536,graph,14,0.05566
gdn,256,65536,graph,15,0.05566
gdn,256,65536,graph,16,0.05557
gdn,256,65536,graph,17,0.05583
gdn,256,65536,graph,18,0.05544
gdn,256,65536,graph,19,0.05555
gdn,256,65536,graph,20,0.05571
gdn,256,65536,graph,21,0.05569
gdn,256,65536,graph,22,0.05559
gdn,256,65536,graph,23,0.05554
gdn,256,65536,graph,24,0.05566
gdn,256,65536,graph,25,0.05552
gdn,256,65536,graph,26,0.05566
gdn,256,65536,graph,27,0.05576
gdn,256,65536,graph,28,0.05569
gdn,256,65536,graph,29,0.05551
gdn,256,65536,eager,0,0.67408
gdn,256,65536,eager,1,0.83386
gdn,256,65536,eager,2,0.70451
gdn,256,65536,eager,3,0.69235
gdn,256,65536,eager,4,0.73869
gdn,256,65536,eager,5,0.68806
gdn,256,65536,eager,6,0.67098
gdn,256,65536,eager,7,0.66675
gdn,256,65536,eager,8,0.71949
gdn,256,65536,eager,9,0.68211
gdn,256,65536,eager,10,0.67155
gdn,256,65536,eager,11,0.66013
gdn,256,65536,eager,12,0.67210
gdn,256,65536,eager,13,0.68486
gdn,256,65536,eager,14,0.66314
gdn,256,65536,eager,15,0.69414
gdn,256,65536,eager,16,0.68806
gdn,256,65536,eager,17,0.67043
gdn,256,65536,eager,18,0.66154
gdn,256,65536,eager,19,0.67309
gdn,256,65536,eager,20,0.68118
gdn,256,65536,eager,21,0.66288
gdn,256,65536,eager,22,0.65293
gdn,256,65536,eager,23,0.70486
gdn,256,65536,eager,24,0.70493
gdn,256,65536,eager,25,0.67907
gdn,256,65536,eager,26,0.66102
gdn,256,65536,eager,27,0.65251
gdn,256,65536,eager,28,0.72163
gdn,256,65536,eager,29,0.67210
gdn,512,65536,graph,0,0.08741
gdn,512,65536,graph,1,0.08733
gdn,512,65536,graph,2,0.08735
gdn,512,65536,graph,3,0.08743
gdn,512,65536,graph,4,0.08733
gdn,512,65536,graph,5,0.08715
gdn,512,65536,graph,6,0.08728
gdn,512,65536,graph,7,0.08705
gdn,512,65536,graph,8,0.08716
gdn,512,65536,graph,9,0.08718
gdn,512,65536,graph,10,0.08723
gdn,512,65536,graph,11,0.08712
gdn,512,65536,graph,12,0.08734
gdn,512,65536,graph,13,0.08727
gdn,512,65536,graph,14,0.08727
gdn,512,65536,graph,15,0.08729
gdn,512,65536,graph,16,0.08738
gdn,512,65536,graph,17,0.08730
gdn,512,65536,graph,18,0.08714
gdn,512,65536,graph,19,0.08725
gdn,512,65536,graph,20,0.08721
gdn,512,65536,graph,21,0.08716
gdn,512,65536,graph,22,0.08728
gdn,512,65536,graph,23,0.08719
gdn,512,65536,graph,24,0.08719
gdn,512,65536,graph,25,0.08702
gdn,512,65536,graph,26,0.08730
gdn,512,65536,graph,27,0.08710
gdn,512,65536,graph,28,0.08741
gdn,512,65536,graph,29,0.08712
gdn,512,65536,eager,0,0.66640
gdn,512,65536,eager,1,0.72429
gdn,512,65536,eager,2,0.69542
gdn,512,65536,eager,3,0.66906
gdn,512,65536,eager,4,0.70426
gdn,512,65536,eager,5,0.68502
gdn,512,65536,eager,6,0.67235
gdn,512,65536,eager,7,0.66058
gdn,512,65536,eager,8,0.70730
gdn,512,65536,eager,9,0.68352
gdn,512,65536,eager,10,0.66739
gdn,512,65536,eager,11,0.64960
gdn,512,65536,eager,12,0.73238
gdn,512,65536,eager,13,0.68707
gdn,512,65536,eager,14,0.66979
gdn,512,65536,eager,15,0.67725
gdn,512,65536,eager,16,0.69328
gdn,512,65536,eager,17,0.66947
gdn,512,65536,eager,18,0.66525
gdn,512,65536,eager,19,0.64854
gdn,512,65536,eager,20,0.73638
gdn,512,65536,eager,21,0.68454
gdn,512,65536,eager,22,0.66522
gdn,512,65536,eager,23,0.71043
gdn,512,65536,eager,24,0.68666
gdn,512,65536,eager,25,0.67581
gdn,512,65536,eager,26,0.73584
gdn,512,65536,eager,27,0.69382
gdn,512,65536,eager,28,0.66934
gdn,512,65536,eager,29,0.66262
gdn,1024,65536,graph,0,0.14662
gdn,1024,65536,graph,1,0.14613
gdn,1024,65536,graph,2,0.14606
gdn,1024,65536,graph,3,0.14645
gdn,1024,65536,graph,4,0.14636
gdn,1024,65536,graph,5,0.14638
gdn,1024,65536,graph,6,0.14605
gdn,1024,65536,graph,7,0.14613
gdn,1024,65536,graph,8,0.14657
gdn,1024,65536,graph,9,0.14633
gdn,1024,65536,graph,10,0.14684
gdn,1024,65536,graph,11,0.14574
gdn,1024,65536,graph,12,0.14625
gdn,1024,65536,graph,13,0.14626
gdn,1024,65536,graph,14,0.14578
gdn,1024,65536,graph,15,0.14625
gdn,1024,65536,graph,16,0.14571
gdn,1024,65536,graph,17,0.14641
gdn,1024,65536,graph,18,0.14591
gdn,1024,65536,graph,19,0.14578
gdn,1024,65536,graph,20,0.14597
gdn,1024,65536,graph,21,0.14611
gdn,1024,65536,graph,22,0.14644
gdn,1024,65536,graph,23,0.14596
gdn,1024,65536,graph,24,0.14578
gdn,1024,65536,graph,25,0.14650
gdn,1024,65536,graph,26,0.14619
gdn,1024,65536,graph,27,0.14626
gdn,1024,65536,graph,28,0.14617
gdn,1024,65536,graph,29,0.14631
gdn,1024,65536,eager,0,1.51702
gdn,1024,65536,eager,1,0.72166
gdn,1024,65536,eager,2,0.70621
gdn,1024,65536,eager,3,0.73315
gdn,1024,65536,eager,4,0.69907
gdn,1024,65536,eager,5,0.66886
gdn,1024,65536,eager,6,0.69645
gdn,1024,65536,eager,7,0.70477
gdn,1024,65536,eager,8,0.68294
gdn,1024,65536,eager,9,0.66899
gdn,1024,65536,eager,10,0.71485
gdn,1024,65536,eager,11,0.68902
gdn,1024,65536,eager,12,0.66394
gdn,1024,65536,eager,13,0.73885
gdn,1024,65536,eager,14,0.70083
gdn,1024,65536,eager,15,0.68240
gdn,1024,65536,eager,16,0.69571
gdn,1024,65536,eager,17,0.69203
gdn,1024,65536,eager,18,0.68365
gdn,1024,65536,eager,19,0.69318
gdn,1024,65536,eager,20,0.69389
gdn,1024,65536,eager,21,0.67856
gdn,1024,65536,eager,22,0.66621
gdn,1024,65536,eager,23,0.67450
gdn,1024,65536,eager,24,0.69382
gdn,1024,65536,eager,25,0.68006
gdn,1024,65536,eager,26,0.66666
gdn,1024,65536,eager,27,0.74205
gdn,1024,65536,eager,28,0.70653
gdn,1024,65536,eager,29,0.68301
gdn,2048,65536,graph,0,0.27213
gdn,2048,65536,graph,1,0.27221
gdn,2048,65536,graph,2,0.27228
gdn,2048,65536,graph,3,0.27158
gdn,2048,65536,graph,4,0.27276
gdn,2048,65536,graph,5,0.27243
gdn,2048,65536,graph,6,0.27147
gdn,2048,65536,graph,7,0.27230
gdn,2048,65536,graph,8,0.27216
gdn,2048,65536,graph,9,0.27224
gdn,2048,65536,graph,10,0.27209
gdn,2048,65536,graph,11,0.27193
gdn,2048,65536,graph,12,0.27179
gdn,2048,65536,graph,13,0.27230
gdn,2048,65536,graph,14,0.27260
gdn,2048,65536,graph,15,0.27157
gdn,2048,65536,graph,16,0.27164
gdn,2048,65536,graph,17,0.27250
gdn,2048,65536,graph,18,0.27261
gdn,2048,65536,graph,19,0.27248
gdn,2048,65536,graph,20,0.27168
gdn,2048,65536,graph,21,0.27226
gdn,2048,65536,graph,22,0.27266
gdn,2048,65536,graph,23,0.27272
gdn,2048,65536,graph,24,0.27160
gdn,2048,65536,graph,25,0.27187
gdn,2048,65536,graph,26,0.27166
gdn,2048,65536,graph,27,0.27238
gdn,2048,65536,graph,28,0.27113
gdn,2048,65536,graph,29,0.27275
gdn,2048,65536,eager,0,0.67475
gdn,2048,65536,eager,1,0.73491
gdn,2048,65536,eager,2,0.69037
gdn,2048,65536,eager,3,0.66611
gdn,2048,65536,eager,4,0.66029
gdn,2048,65536,eager,5,0.72605
gdn,2048,65536,eager,6,0.70301
gdn,2048,65536,eager,7,0.68176
gdn,2048,65536,eager,8,0.72509
gdn,2048,65536,eager,9,0.69139
gdn,2048,65536,eager,10,0.66621
gdn,2048,65536,eager,11,0.73261
gdn,2048,65536,eager,12,0.69370
gdn,2048,65536,eager,13,0.68902
gdn,2048,65536,eager,14,0.71104
gdn,2048,65536,eager,15,0.69504
gdn,2048,65536,eager,16,0.68195
gdn,2048,65536,eager,17,0.68419
gdn,2048,65536,eager,18,0.69776
gdn,2048,65536,eager,19,0.67344
gdn,2048,65536,eager,20,0.74208
gdn,2048,65536,eager,21,0.69357
gdn,2048,65536,eager,22,0.68448
gdn,2048,65536,eager,23,0.68221
gdn,2048,65536,eager,24,0.69930
gdn,2048,65536,eager,25,0.67306
gdn,2048,65536,eager,26,0.66954
gdn,2048,65536,eager,27,0.73280
gdn,2048,65536,eager,28,0.69469
gdn,2048,65536,eager,29,0.67165
gdn,4096,65536,graph,0,0.52768
gdn,4096,65536,graph,1,0.53081
gdn,4096,65536,graph,2,0.52853
gdn,4096,65536,graph,3,0.52829
gdn,4096,65536,graph,4,0.52907
gdn,4096,65536,graph,5,0.52819
gdn,4096,65536,graph,6,0.52833
gdn,4096,65536,graph,7,0.52750
gdn,4096,65536,graph,8,0.53105
gdn,4096,65536,graph,9,0.52846
gdn,4096,65536,graph,10,0.52585
gdn,4096,65536,graph,11,0.52629
gdn,4096,65536,graph,12,0.52630
gdn,4096,65536,graph,13,0.54065
gdn,4096,65536,graph,14,0.52718
gdn,4096,65536,graph,15,0.52919
gdn,4096,65536,graph,16,0.52698
gdn,4096,65536,graph,17,0.52794
gdn,4096,65536,graph,18,0.52733
gdn,4096,65536,graph,19,0.52708
gdn,4096,65536,graph,20,0.52914
gdn,4096,65536,graph,21,0.52707
gdn,4096,65536,graph,22,0.52603
gdn,4096,65536,graph,23,0.52827
gdn,4096,65536,graph,24,0.52769
gdn,4096,65536,graph,25,0.52723
gdn,4096,65536,graph,26,0.52763
gdn,4096,65536,graph,27,0.52842
gdn,4096,65536,graph,28,0.52693
gdn,4096,65536,graph,29,0.52883
gdn,4096,65536,eager,0,0.84387
gdn,4096,65536,eager,1,0.83485
gdn,4096,65536,eager,2,0.82291
gdn,4096,65536,eager,3,0.81498
gdn,4096,65536,eager,4,0.85235
gdn,4096,65536,eager,5,0.82794
gdn,4096,65536,eager,6,0.82538
gdn,4096,65536,eager,7,0.81462
gdn,4096,65536,eager,8,0.85494
gdn,4096,65536,eager,9,0.82429
gdn,4096,65536,eager,10,0.81299
gdn,4096,65536,eager,11,0.82138
gdn,4096,65536,eager,12,0.84083
gdn,4096,65536,eager,13,0.83206
gdn,4096,65536,eager,14,0.81824
gdn,4096,65536,eager,15,0.82784
gdn,4096,65536,eager,16,0.82198
gdn,4096,65536,eager,17,0.84397
gdn,4096,65536,eager,18,0.82550
gdn,4096,65536,eager,19,0.81680
gdn,4096,65536,eager,20,0.81280
gdn,4096,65536,eager,21,0.83795
gdn,4096,65536,eager,22,0.82211
gdn,4096,65536,eager,23,0.84157
gdn,4096,65536,eager,24,0.82176
gdn,4096,65536,eager,25,0.82554
gdn,4096,65536,eager,26,0.82883
gdn,4096,65536,eager,27,0.83488
gdn,4096,65536,eager,28,0.81363
gdn,4096,65536,eager,29,0.81693
gdn,8192,65536,graph,0,1.02848
gdn,8192,65536,graph,1,1.03312
gdn,8192,65536,graph,2,1.03037
gdn,8192,65536,graph,3,1.03030
gdn,8192,65536,graph,4,1.02598
gdn,8192,65536,graph,5,1.02701
gdn,8192,65536,graph,6,1.02662
gdn,8192,65536,graph,7,1.02666
gdn,8192,65536,graph,8,1.02605
gdn,8192,65536,graph,9,1.02691
gdn,8192,65536,graph,10,1.02576
gdn,8192,65536,graph,11,1.02774
gdn,8192,65536,graph,12,1.02838
gdn,8192,65536,graph,13,1.02813
gdn,8192,65536,graph,14,1.02838
gdn,8192,65536,graph,15,1.02685
gdn,8192,65536,graph,16,1.02637
gdn,8192,65536,graph,17,1.02717
gdn,8192,65536,graph,18,1.02678
gdn,8192,65536,graph,19,1.02995
gdn,8192,65536,graph,20,1.02899
gdn,8192,65536,graph,21,1.02477
gdn,8192,65536,graph,22,1.02960
gdn,8192,65536,graph,23,1.02784
gdn,8192,65536,graph,24,1.02982
gdn,8192,65536,graph,25,1.02784
gdn,8192,65536,graph,26,1.02646
gdn,8192,65536,graph,27,1.02989
gdn,8192,65536,graph,28,1.03005
gdn,8192,65536,graph,29,1.02838
gdn,8192,65536,eager,0,1.33674
gdn,8192,65536,eager,1,1.31360
gdn,8192,65536,eager,2,1.30109
gdn,8192,65536,eager,3,1.27536
gdn,8192,65536,eager,4,1.31494
gdn,8192,65536,eager,5,1.28173
gdn,8192,65536,eager,6,1.27398
gdn,8192,65536,eager,7,1.30778
gdn,8192,65536,eager,8,1.28019
gdn,8192,65536,eager,9,1.27395
gdn,8192,65536,eager,10,1.27635
gdn,8192,65536,eager,11,1.29955
gdn,8192,65536,eager,12,1.28131
gdn,8192,65536,eager,13,1.27651
gdn,8192,65536,eager,14,1.29139
gdn,8192,65536,eager,15,1.27594
gdn,8192,65536,eager,16,1.27078
gdn,8192,65536,eager,17,1.26323
gdn,8192,65536,eager,18,1.30845
gdn,8192,65536,eager,19,1.28598
gdn,8192,65536,eager,20,1.26403
gdn,8192,65536,eager,21,1.29341
gdn,8192,65536,eager,22,1.27418
gdn,8192,65536,eager,23,1.27763
gdn,8192,65536,eager,24,1.26486
gdn,8192,65536,eager,25,1.30266
gdn,8192,65536,eager,26,1.27421
gdn,8192,65536,eager,27,1.26470
gdn,8192,65536,eager,28,1.29133
gdn,8192,65536,eager,29,1.27203
gdn,64,131072,graph,0,0.04158
gdn,64,131072,graph,1,0.04157
gdn,64,131072,graph,2,0.04145
gdn,64,131072,graph,3,0.04159
gdn,64,131072,graph,4,0.04164
gdn,64,131072,graph,5,0.04159
gdn,64,131072,graph,6,0.04148
gdn,64,131072,graph,7,0.04159
gdn,64,131072,graph,8,0.04177
gdn,64,131072,graph,9,0.04157
gdn,64,131072,graph,10,0.04163
gdn,64,131072,graph,11,0.04150
gdn,64,131072,graph,12,0.04165
gdn,64,131072,graph,13,0.04179
gdn,64,131072,graph,14,0.04154
gdn,64,131072,graph,15,0.04154
gdn,64,131072,graph,16,0.04152
gdn,64,131072,graph,17,0.04149
gdn,64,131072,graph,18,0.04169
gdn,64,131072,graph,19,0.04151
gdn,64,131072,graph,20,0.04164
gdn,64,131072,graph,21,0.04165
gdn,64,131072,graph,22,0.04161
gdn,64,131072,graph,23,0.04148
gdn,64,131072,graph,24,0.04150
gdn,64,131072,graph,25,0.04172
gdn,64,131072,graph,26,0.04161
gdn,64,131072,graph,27,0.04170
gdn,64,131072,graph,28,0.04151
gdn,64,131072,graph,29,0.04150
gdn,64,131072,eager,0,0.67827
gdn,64,131072,eager,1,0.70483
gdn,64,131072,eager,2,0.68131
gdn,64,131072,eager,3,0.66813
gdn,64,131072,eager,4,0.69949
gdn,64,131072,eager,5,0.68992
gdn,64,131072,eager,6,0.67808
gdn,64,131072,eager,7,0.68989
gdn,64,131072,eager,8,0.67878
gdn,64,131072,eager,9,0.68688
gdn,64,131072,eager,10,0.71696
gdn,64,131072,eager,11,0.68170
gdn,64,131072,eager,12,0.66896
gdn,64,131072,eager,13,0.66256
gdn,64,131072,eager,14,0.73667
gdn,64,131072,eager,15,0.68566
gdn,64,131072,eager,16,0.67366
gdn,64,131072,eager,17,0.75498
gdn,64,131072,eager,18,0.69968
gdn,64,131072,eager,19,0.66310
gdn,64,131072,eager,20,0.67238
gdn,64,131072,eager,21,0.69523
gdn,64,131072,eager,22,0.66541
gdn,64,131072,eager,23,0.67165
gdn,64,131072,eager,24,0.69373
gdn,64,131072,eager,25,0.67885
gdn,64,131072,eager,26,0.64547
gdn,64,131072,eager,27,0.64682
gdn,64,131072,eager,28,0.70518
gdn,64,131072,eager,29,0.66403
gdn,65,131072,graph,0,0.04421
gdn,65,131072,graph,1,0.04442
gdn,65,131072,graph,2,0.04419
gdn,65,131072,graph,3,0.04427
gdn,65,131072,graph,4,0.04425
gdn,65,131072,graph,5,0.04413
gdn,65,131072,graph,6,0.04406
gdn,65,131072,graph,7,0.04411
gdn,65,131072,graph,8,0.04438
gdn,65,131072,graph,9,0.04435
gdn,65,131072,graph,10,0.04420
gdn,65,131072,graph,11,0.04418
gdn,65,131072,graph,12,0.04418
gdn,65,131072,graph,13,0.04433
gdn,65,131072,graph,14,0.04434
gdn,65,131072,graph,15,0.04436
gdn,65,131072,graph,16,0.04424
gdn,65,131072,graph,17,0.04438
gdn,65,131072,graph,18,0.04418
gdn,65,131072,graph,19,0.04425
gdn,65,131072,graph,20,0.04470
gdn,65,131072,graph,21,0.04434
gdn,65,131072,graph,22,0.04427
gdn,65,131072,graph,23,0.04445
gdn,65,131072,graph,24,0.04432
gdn,65,131072,graph,25,0.04427
gdn,65,131072,graph,26,0.04437
gdn,65,131072,graph,27,0.04428
gdn,65,131072,graph,28,0.04433
gdn,65,131072,graph,29,0.04435
gdn,65,131072,eager,0,0.71702
gdn,65,131072,eager,1,0.67926
gdn,65,131072,eager,2,0.66874
gdn,65,131072,eager,3,0.68106
gdn,65,131072,eager,4,0.69075
gdn,65,131072,eager,5,0.68000
gdn,65,131072,eager,6,0.66813
gdn,65,131072,eager,7,0.70810
gdn,65,131072,eager,8,0.67702
gdn,65,131072,eager,9,0.70096
gdn,65,131072,eager,10,0.68083
gdn,65,131072,eager,11,0.65277
gdn,65,131072,eager,12,0.69834
gdn,65,131072,eager,13,0.68637
gdn,65,131072,eager,14,0.68067
gdn,65,131072,eager,15,0.65165
gdn,65,131072,eager,16,0.73558
gdn,65,131072,eager,17,0.69862
gdn,65,131072,eager,18,0.67366
gdn,65,131072,eager,19,0.67565
gdn,65,131072,eager,20,0.69034
gdn,65,131072,eager,21,0.66531
gdn,65,131072,eager,22,0.65456
gdn,65,131072,eager,23,0.73046
gdn,65,131072,eager,24,0.68579
gdn,65,131072,eager,25,0.66310
gdn,65,131072,eager,26,0.71811
gdn,65,131072,eager,27,0.68605
gdn,65,131072,eager,28,0.66496
gdn,65,131072,eager,29,0.67280
gdn,128,131072,graph,0,0.04544
gdn,128,131072,graph,1,0.04526
gdn,128,131072,graph,2,0.04531
gdn,128,131072,graph,3,0.04545
gdn,128,131072,graph,4,0.04524
gdn,128,131072,graph,5,0.04547
gdn,128,131072,graph,6,0.04546
gdn,128,131072,graph,7,0.04531
gdn,128,131072,graph,8,0.04534
gdn,128,131072,graph,9,0.04531
gdn,128,131072,graph,10,0.04544
gdn,128,131072,graph,11,0.04526
gdn,128,131072,graph,12,0.04521
gdn,128,131072,graph,13,0.04520
gdn,128,131072,graph,14,0.04543
gdn,128,131072,graph,15,0.04535
gdn,128,131072,graph,16,0.04532
gdn,128,131072,graph,17,0.04537
gdn,128,131072,graph,18,0.04543
gdn,128,131072,graph,19,0.04537
gdn,128,131072,graph,20,0.04526
gdn,128,131072,graph,21,0.04539
gdn,128,131072,graph,22,0.04537
gdn,128,131072,graph,23,0.04526
gdn,128,131072,graph,24,0.04522
gdn,128,131072,graph,25,0.04545
gdn,128,131072,graph,26,0.04548
gdn,128,131072,graph,27,0.04525
gdn,128,131072,graph,28,0.04527
gdn,128,131072,graph,29,0.04521
gdn,128,131072,eager,0,0.67184
gdn,128,131072,eager,1,0.73706
gdn,128,131072,eager,2,0.67680
gdn,128,131072,eager,3,0.66909
gdn,128,131072,eager,4,0.73040
gdn,128,131072,eager,5,0.73978
gdn,128,131072,eager,6,0.66842
gdn,128,131072,eager,7,0.67114
gdn,128,131072,eager,8,0.72128
gdn,128,131072,eager,9,0.68032
gdn,128,131072,eager,10,0.66218
gdn,128,131072,eager,11,0.67366
gdn,128,131072,eager,12,0.68579
gdn,128,131072,eager,13,0.65341
gdn,128,131072,eager,14,0.70198
gdn,128,131072,eager,15,0.67814
gdn,128,131072,eager,16,0.65802
gdn,128,131072,eager,17,0.64275
gdn,128,131072,eager,18,0.70061
gdn,128,131072,eager,19,0.68486
gdn,128,131072,eager,20,0.66243
gdn,128,131072,eager,21,0.65373
gdn,128,131072,eager,22,0.72077
gdn,128,131072,eager,23,0.67862
gdn,128,131072,eager,24,0.65565
gdn,128,131072,eager,25,0.68573
gdn,128,131072,eager,26,0.68083
gdn,128,131072,eager,27,0.65894
gdn,128,131072,eager,28,0.65357
gdn,128,131072,eager,29,0.71763
gdn,129,131072,graph,0,0.05182
gdn,129,131072,graph,1,0.05178
gdn,129,131072,graph,2,0.05177
gdn,129,131072,graph,3,0.05180
gdn,129,131072,graph,4,0.05180
gdn,129,131072,graph,5,0.05175
gdn,129,131072,graph,6,0.05177
gdn,129,131072,graph,7,0.05164
gdn,129,131072,graph,8,0.05164
gdn,129,131072,graph,9,0.05166
gdn,129,131072,graph,10,0.05163
gdn,129,131072,graph,11,0.05164
gdn,129,131072,graph,12,0.05163
gdn,129,131072,graph,13,0.05176
gdn,129,131072,graph,14,0.05170
gdn,129,131072,graph,15,0.05179
gdn,129,131072,graph,16,0.05160
gdn,129,131072,graph,17,0.05163
gdn,129,131072,graph,18,0.05169
gdn,129,131072,graph,19,0.05158
gdn,129,131072,graph,20,0.05164
gdn,129,131072,graph,21,0.05175
gdn,129,131072,graph,22,0.05174
gdn,129,131072,graph,23,0.05176
gdn,129,131072,graph,24,0.05182
gdn,129,131072,graph,25,0.05165
gdn,129,131072,graph,26,0.05157
gdn,129,131072,graph,27,0.05168
gdn,129,131072,graph,28,0.05164
gdn,129,131072,graph,29,0.05155
gdn,129,131072,eager,0,0.70749
gdn,129,131072,eager,1,0.82896
gdn,129,131072,eager,2,0.72662
gdn,129,131072,eager,3,0.67974
gdn,129,131072,eager,4,0.69005
gdn,129,131072,eager,5,0.82947
gdn,129,131072,eager,6,0.70778
gdn,129,131072,eager,7,0.82787
gdn,129,131072,eager,8,0.73792
gdn,129,131072,eager,9,0.71264
gdn,129,131072,eager,10,0.73222
gdn,129,131072,eager,11,0.69168
gdn,129,131072,eager,12,0.66659
gdn,129,131072,eager,13,0.67155
gdn,129,131072,eager,14,0.69190
gdn,129,131072,eager,15,0.67709
gdn,129,131072,eager,16,0.72138
gdn,129,131072,eager,17,0.68963
gdn,129,131072,eager,18,0.66451
gdn,129,131072,eager,19,0.64346
gdn,129,131072,eager,20,0.68234
gdn,129,131072,eager,21,0.67859
gdn,129,131072,eager,22,0.65066
gdn,129,131072,eager,23,0.71568
gdn,129,131072,eager,24,0.67667
gdn,129,131072,eager,25,0.66330
gdn,129,131072,eager,26,0.69398
gdn,129,131072,eager,27,0.67203
gdn,129,131072,eager,28,0.66371
gdn,129,131072,eager,29,0.66550
gdn,256,131072,graph,0,0.05580
gdn,256,131072,graph,1,0.05587
gdn,256,131072,graph,2,0.05584
gdn,256,131072,graph,3,0.05593
gdn,256,131072,graph,4,0.05580
gdn,256,131072,graph,5,0.05581
gdn,256,131072,graph,6,0.05578
gdn,256,131072,graph,7,0.05583
gdn,256,131072,graph,8,0.05587
gdn,256,131072,graph,9,0.05579
gdn,256,131072,graph,10,0.05586
gdn,256,131072,graph,11,0.05589
gdn,256,131072,graph,12,0.05583
gdn,256,131072,graph,13,0.05592
gdn,256,131072,graph,14,0.05580
gdn,256,131072,graph,15,0.05577
gdn,256,131072,graph,16,0.05570
gdn,256,131072,graph,17,0.05585
gdn,256,131072,graph,18,0.05577
gdn,256,131072,graph,19,0.05576
gdn,256,131072,graph,20,0.05577
gdn,256,131072,graph,21,0.05581
gdn,256,131072,graph,22,0.05575
gdn,256,131072,graph,23,0.05581
gdn,256,131072,graph,24,0.05580
gdn,256,131072,graph,25,0.05592
gdn,256,131072,graph,26,0.05599
gdn,256,131072,graph,27,0.05575
gdn,256,131072,graph,28,0.05584
gdn,256,131072,graph,29,0.05577
gdn,256,131072,eager,0,0.68934
gdn,256,131072,eager,1,0.67558
gdn,256,131072,eager,2,0.68899
gdn,256,131072,eager,3,0.69360
gdn,256,131072,eager,4,0.74544
gdn,256,131072,eager,5,0.66918
gdn,256,131072,eager,6,0.69446
gdn,256,131072,eager,7,0.68490
gdn,256,131072,eager,8,0.66608
gdn,256,131072,eager,9,0.67194
gdn,256,131072,eager,10,0.69030
gdn,256,131072,eager,11,0.67744
gdn,256,131072,eager,12,0.66086
gdn,256,131072,eager,13,0.68784
gdn,256,131072,eager,14,0.67197
gdn,256,131072,eager,15,0.66790
gdn,256,131072,eager,16,0.70275
gdn,256,131072,eager,17,0.66611
gdn,256,131072,eager,18,0.66704
gdn,256,131072,eager,19,0.72150
gdn,256,131072,eager,20,0.67978
gdn,256,131072,eager,21,0.66006
gdn,256,131072,eager,22,0.71475
gdn,256,131072,eager,23,0.70307
gdn,256,131072,eager,24,0.67091
gdn,256,131072,eager,25,0.67258
gdn,256,131072,eager,26,0.69392
gdn,256,131072,eager,27,0.66291
gdn,256,131072,eager,28,0.64736
gdn,256,131072,eager,29,0.68141
gdn,512,131072,graph,0,0.08722
gdn,512,131072,graph,1,0.08732
gdn,512,131072,graph,2,0.08715
gdn,512,131072,graph,3,0.08731
gdn,512,131072,graph,4,0.08746
gdn,512,131072,graph,5,0.08722
gdn,512,131072,graph,6,0.08737
gdn,512,131072,graph,7,0.08737
gdn,512,131072,graph,8,0.08737
gdn,512,131072,graph,9,0.08752
gdn,512,131072,graph,10,0.08738
gdn,512,131072,graph,11,0.08740
gdn,512,131072,graph,12,0.08710
gdn,512,131072,graph,13,0.08721
gdn,512,131072,graph,14,0.08705
gdn,512,131072,graph,15,0.08717
gdn,512,131072,graph,16,0.08742
gdn,512,131072,graph,17,0.08699
gdn,512,131072,graph,18,0.08706
gdn,512,131072,graph,19,0.08715
gdn,512,131072,graph,20,0.08723
gdn,512,131072,graph,21,0.08737
gdn,512,131072,graph,22,0.08737
gdn,512,131072,graph,23,0.08747
gdn,512,131072,graph,24,0.08754
gdn,512,131072,graph,25,0.08738
gdn,512,131072,graph,26,0.08737
gdn,512,131072,graph,27,0.08761
gdn,512,131072,graph,28,0.08744
gdn,512,131072,graph,29,0.08752
gdn,512,131072,eager,0,0.79792
gdn,512,131072,eager,1,0.69398
gdn,512,131072,eager,2,0.67501
gdn,512,131072,eager,3,0.70045
gdn,512,131072,eager,4,0.69286
gdn,512,131072,eager,5,0.67552
gdn,512,131072,eager,6,0.69075
gdn,512,131072,eager,7,0.69315
gdn,512,131072,eager,8,0.69114
gdn,512,131072,eager,9,0.65936
gdn,512,131072,eager,10,0.71850
gdn,512,131072,eager,11,0.69712
gdn,512,131072,eager,12,0.67802
gdn,512,131072,eager,13,0.68790
gdn,512,131072,eager,14,0.69626
gdn,512,131072,eager,15,0.67862
gdn,512,131072,eager,16,0.70013
gdn,512,131072,eager,17,0.68893
gdn,512,131072,eager,18,0.67389
gdn,512,131072,eager,19,0.65907
gdn,512,131072,eager,20,0.65427
gdn,512,131072,eager,21,0.69920
gdn,512,131072,eager,22,0.67603
gdn,512,131072,eager,23,0.66499
gdn,512,131072,eager,24,0.65616
gdn,512,131072,eager,25,0.69613
gdn,512,131072,eager,26,0.67085
gdn,512,131072,eager,27,0.65926
gdn,512,131072,eager,28,0.65475
gdn,512,131072,eager,29,0.68790
gdn,1024,131072,graph,0,0.14565
gdn,1024,131072,graph,1,0.14611
gdn,1024,131072,graph,2,0.14585
gdn,1024,131072,graph,3,0.14585
gdn,1024,131072,graph,4,0.14548
gdn,1024,131072,graph,5,0.14551
gdn,1024,131072,graph,6,0.14627
gdn,1024,131072,graph,7,0.14616
gdn,1024,131072,graph,8,0.14583
gdn,1024,131072,graph,9,0.14601
gdn,1024,131072,graph,10,0.14564
gdn,1024,131072,graph,11,0.14577
gdn,1024,131072,graph,12,0.14547
gdn,1024,131072,graph,13,0.14607
gdn,1024,131072,graph,14,0.14604
gdn,1024,131072,graph,15,0.14571
gdn,1024,131072,graph,16,0.14599
gdn,1024,131072,graph,17,0.14591
gdn,1024,131072,graph,18,0.14579
gdn,1024,131072,graph,19,0.14557
gdn,1024,131072,graph,20,0.14639
gdn,1024,131072,graph,21,0.14588
gdn,1024,131072,graph,22,0.14545
gdn,1024,131072,graph,23,0.14601
gdn,1024,131072,graph,24,0.14660
gdn,1024,131072,graph,25,0.14578
gdn,1024,131072,graph,26,0.14585
gdn,1024,131072,graph,27,0.14567
gdn,1024,131072,graph,28,0.14609
gdn,1024,131072,graph,29,0.14593
gdn,1024,131072,eager,0,0.72029
gdn,1024,131072,eager,1,0.70614
gdn,1024,131072,eager,2,0.71318
gdn,1024,131072,eager,3,0.68202
gdn,1024,131072,eager,4,0.73072
gdn,1024,131072,eager,5,0.69997
gdn,1024,131072,eager,6,0.71898
gdn,1024,131072,eager,7,0.70058
gdn,1024,131072,eager,8,0.68291
gdn,1024,131072,eager,9,0.68336
gdn,1024,131072,eager,10,0.69904
gdn,1024,131072,eager,11,0.75261
gdn,1024,131072,eager,12,0.70022
gdn,1024,131072,eager,13,0.69165
gdn,1024,131072,eager,14,0.74909
gdn,1024,131072,eager,15,0.69981
gdn,1024,131072,eager,16,0.68077
gdn,1024,131072,eager,17,0.68867
gdn,1024,131072,eager,18,0.71958
gdn,1024,131072,eager,19,0.67837
gdn,1024,131072,eager,20,0.67920
gdn,1024,131072,eager,21,0.73555
gdn,1024,131072,eager,22,0.70371
gdn,1024,131072,eager,23,0.68394
gdn,1024,131072,eager,24,0.72774
gdn,1024,131072,eager,25,0.69933
gdn,1024,131072,eager,26,0.68950
gdn,1024,131072,eager,27,0.70992
gdn,1024,131072,eager,28,0.68554
gdn,1024,131072,eager,29,0.66694
gdn,2048,131072,graph,0,0.27197
gdn,2048,131072,graph,1,0.27220
gdn,2048,131072,graph,2,0.27202
gdn,2048,131072,graph,3,0.27258
gdn,2048,131072,graph,4,0.27197
gdn,2048,131072,graph,5,0.27265
gdn,2048,131072,graph,6,0.27173
gdn,2048,131072,graph,7,0.27302
gdn,2048,131072,graph,8,0.27235
gdn,2048,131072,graph,9,0.27204
gdn,2048,131072,graph,10,0.27185
gdn,2048,131072,graph,11,0.27231
gdn,2048,131072,graph,12,0.27184
gdn,2048,131072,graph,13,0.27215
gdn,2048,131072,graph,14,0.27290
gdn,2048,131072,graph,15,0.27208
gdn,2048,131072,graph,16,0.27171
gdn,2048,131072,graph,17,0.27156
gdn,2048,131072,graph,18,0.27302
gdn,2048,131072,graph,19,0.27236
gdn,2048,131072,graph,20,0.27192
gdn,2048,131072,graph,21,0.27238
gdn,2048,131072,graph,22,0.27270
gdn,2048,131072,graph,23,0.27179
gdn,2048,131072,graph,24,0.27290
gdn,2048,131072,graph,25,0.27190
gdn,2048,131072,graph,26,0.27195
gdn,2048,131072,graph,27,0.27203
gdn,2048,131072,graph,28,0.27231
gdn,2048,131072,graph,29,0.27238
gdn,2048,131072,eager,0,0.67715
gdn,2048,131072,eager,1,0.74886
gdn,2048,131072,eager,2,0.70554
gdn,2048,131072,eager,3,0.68256
gdn,2048,131072,eager,4,0.66445
gdn,2048,131072,eager,5,0.73731
gdn,2048,131072,eager,6,0.69478
gdn,2048,131072,eager,7,0.67072
gdn,2048,131072,eager,8,0.70010
gdn,2048,131072,eager,9,0.67882
gdn,2048,131072,eager,10,0.66784
gdn,2048,131072,eager,11,0.72227
gdn,2048,131072,eager,12,0.68106
gdn,2048,131072,eager,13,0.67206
gdn,2048,131072,eager,14,0.67382
gdn,2048,131072,eager,15,0.69117
gdn,2048,131072,eager,16,0.67779
gdn,2048,131072,eager,17,0.66397
gdn,2048,131072,eager,18,0.70275
gdn,2048,131072,eager,19,0.67578
gdn,2048,131072,eager,20,0.67910
gdn,2048,131072,eager,21,0.69674
gdn,2048,131072,eager,22,0.66496
gdn,2048,131072,eager,23,0.65946
gdn,2048,131072,eager,24,0.70163
gdn,2048,131072,eager,25,0.69094
gdn,2048,131072,eager,26,0.66160
gdn,2048,131072,eager,27,0.68915
gdn,2048,131072,eager,28,0.68464
gdn,2048,131072,eager,29,0.66624
gdn,4096,131072,graph,0,0.52815
gdn,4096,131072,graph,1,0.52773
gdn,4096,131072,graph,2,0.52689
gdn,4096,131072,graph,3,0.52929
gdn,4096,131072,graph,4,0.52713
gdn,4096,131072,graph,5,0.52769
gdn,4096,131072,graph,6,0.53015
gdn,4096,131072,graph,7,0.52620
gdn,4096,131072,graph,8,0.52816
gdn,4096,131072,graph,9,0.52853
gdn,4096,131072,graph,10,0.52659
gdn,4096,131072,graph,11,0.52813
gdn,4096,131072,graph,12,0.52746
gdn,4096,131072,graph,13,0.52591
gdn,4096,131072,graph,14,0.52599
gdn,4096,131072,graph,15,0.52794
gdn,4096,131072,graph,16,0.52967
gdn,4096,131072,graph,17,0.52753
gdn,4096,131072,graph,18,0.52885
gdn,4096,131072,graph,19,0.52719
gdn,4096,131072,graph,20,0.52690
gdn,4096,131072,graph,21,0.52697
gdn,4096,131072,graph,22,0.52735
gdn,4096,131072,graph,23,0.52763
gdn,4096,131072,graph,24,0.52849
gdn,4096,131072,graph,25,0.52848
gdn,4096,131072,graph,26,0.52698
gdn,4096,131072,graph,27,0.52901
gdn,4096,131072,graph,28,0.52729
gdn,4096,131072,graph,29,0.52588
gdn,4096,131072,eager,0,0.86816
gdn,4096,131072,eager,1,0.83990
gdn,4096,131072,eager,2,0.82646
gdn,4096,131072,eager,3,0.88333
gdn,4096,131072,eager,4,0.85082
gdn,4096,131072,eager,5,0.82992
gdn,4096,131072,eager,6,0.86813
gdn,4096,131072,eager,7,0.83178
gdn,4096,131072,eager,8,0.82115
gdn,4096,131072,eager,9,0.82013
gdn,4096,131072,eager,10,0.85837
gdn,4096,131072,eager,11,0.83283
gdn,4096,131072,eager,12,0.84035
gdn,4096,131072,eager,13,0.88893
gdn,4096,131072,eager,14,0.83792
gdn,4096,131072,eager,15,0.85523
gdn,4096,131072,eager,16,0.83642
gdn,4096,131072,eager,17,0.82544
gdn,4096,131072,eager,18,0.84666
gdn,4096,131072,eager,19,0.83389
gdn,4096,131072,eager,20,0.85510
gdn,4096,131072,eager,21,0.85702
gdn,4096,131072,eager,22,0.82842
gdn,4096,131072,eager,23,0.81827
gdn,4096,131072,eager,24,0.83587
gdn,4096,131072,eager,25,0.83274
gdn,4096,131072,eager,26,0.83789
gdn,4096,131072,eager,27,0.91168
gdn,4096,131072,eager,28,0.88627
gdn,4096,131072,eager,29,0.84262
gdn,8192,131072,graph,0,1.03354
gdn,8192,131072,graph,1,1.02723
gdn,8192,131072,graph,2,1.02630
gdn,8192,131072,graph,3,1.02544
gdn,8192,131072,graph,4,1.02752
gdn,8192,131072,graph,5,1.02486
gdn,8192,131072,graph,6,1.02595
gdn,8192,131072,graph,7,1.02733
gdn,8192,131072,graph,8,1.02822
gdn,8192,131072,graph,9,1.02746
gdn,8192,131072,graph,10,1.02352
gdn,8192,131072,graph,11,1.02838
gdn,8192,131072,graph,12,1.02854
gdn,8192,131072,graph,13,1.02739
gdn,8192,131072,graph,14,1.02877
gdn,8192,131072,graph,15,1.02659
gdn,8192,131072,graph,16,1.02570
gdn,8192,131072,graph,17,1.02291
gdn,8192,131072,graph,18,1.02838
gdn,8192,131072,graph,19,1.02832
gdn,8192,131072,graph,20,1.02448
gdn,8192,131072,graph,21,1.02314
gdn,8192,131072,graph,22,1.02592
gdn,8192,131072,graph,23,1.02416
gdn,8192,131072,graph,24,1.02528
gdn,8192,131072,graph,25,1.02195
gdn,8192,131072,graph,26,1.02563
gdn,8192,131072,graph,27,1.02496
gdn,8192,131072,graph,28,1.02432
gdn,8192,131072,graph,29,1.02592
gdn,8192,131072,eager,0,1.33629
gdn,8192,131072,eager,1,1.28560
gdn,8192,131072,eager,2,1.28586
gdn,8192,131072,eager,3,1.40710
gdn,8192,131072,eager,4,1.30522
gdn,8192,131072,eager,5,1.32355
gdn,8192,131072,eager,6,1.28957
gdn,8192,131072,eager,7,1.28227
gdn,8192,131072,eager,8,1.31110
gdn,8192,131072,eager,9,1.28528
gdn,8192,131072,eager,10,1.27008
gdn,8192,131072,eager,11,1.32016
gdn,8192,131072,eager,12,1.28448
gdn,8192,131072,eager,13,1.27117
gdn,8192,131072,eager,14,1.30950
gdn,8192,131072,eager,15,1.27712
gdn,8192,131072,eager,16,1.28426
gdn,8192,131072,eager,17,1.30157
gdn,8192,131072,eager,18,1.29085
gdn,8192,131072,eager,19,1.27334
gdn,8192,131072,eager,20,1.29894
gdn,8192,131072,eager,21,1.28925
gdn,8192,131072,eager,22,1.28563
gdn,8192,131072,eager,23,1.28246
gdn,8192,131072,eager,24,1.28195
gdn,8192,131072,eager,25,1.27114
gdn,8192,131072,eager,26,1.26442
gdn,8192,131072,eager,27,1.30765
gdn,8192,131072,eager,28,1.27811
gdn,8192,131072,eager,29,1.26941
gdn,64,262144,graph,0,0.04204
gdn,64,262144,graph,1,0.04163
gdn,64,262144,graph,2,0.04168
gdn,64,262144,graph,3,0.04156
gdn,64,262144,graph,4,0.04169
gdn,64,262144,graph,5,0.04153
gdn,64,262144,graph,6,0.04161
gdn,64,262144,graph,7,0.04164
gdn,64,262144,graph,8,0.04160
gdn,64,262144,graph,9,0.04159
gdn,64,262144,graph,10,0.04154
gdn,64,262144,graph,11,0.04162
gdn,64,262144,graph,12,0.04168
gdn,64,262144,graph,13,0.04171
gdn,64,262144,graph,14,0.04159
gdn,64,262144,graph,15,0.04152
gdn,64,262144,graph,16,0.04154
gdn,64,262144,graph,17,0.04160
gdn,64,262144,graph,18,0.04168
gdn,64,262144,graph,19,0.04173
gdn,64,262144,graph,20,0.04157
gdn,64,262144,graph,21,0.04168
gdn,64,262144,graph,22,0.04160
gdn,64,262144,graph,23,0.04164
gdn,64,262144,graph,24,0.04164
gdn,64,262144,graph,25,0.04154
gdn,64,262144,graph,26,0.04166
gdn,64,262144,graph,27,0.04173
gdn,64,262144,graph,28,0.04165
gdn,64,262144,graph,29,0.04152
gdn,64,262144,eager,0,0.74378
gdn,64,262144,eager,1,0.70042
gdn,64,262144,eager,2,0.68096
gdn,64,262144,eager,3,0.70339
gdn,64,262144,eager,4,0.69690
gdn,64,262144,eager,5,0.70982
gdn,64,262144,eager,6,0.69402
gdn,64,262144,eager,7,0.68323
gdn,64,262144,eager,8,0.66717
gdn,64,262144,eager,9,0.70534
gdn,64,262144,eager,10,0.69056
gdn,64,262144,eager,11,0.67226
gdn,64,262144,eager,12,0.71766
gdn,64,262144,eager,13,0.68138
gdn,64,262144,eager,14,0.67354
gdn,64,262144,eager,15,0.68086
gdn,64,262144,eager,16,0.70294
gdn,64,262144,eager,17,0.68374
gdn,64,262144,eager,18,0.71610
gdn,64,262144,eager,19,0.68470
gdn,64,262144,eager,20,0.67939
gdn,64,262144,eager,21,0.66243
gdn,64,262144,eager,22,0.71654
gdn,64,262144,eager,23,0.68144
gdn,64,262144,eager,24,0.70858
gdn,64,262144,eager,25,0.68186
gdn,64,262144,eager,26,0.66813
gdn,64,262144,eager,27,0.65562
gdn,64,262144,eager,28,0.66762
gdn,64,262144,eager,29,0.68253
gdn,65,262144,graph,0,0.04426
gdn,65,262144,graph,1,0.04422
gdn,65,262144,graph,2,0.04414
gdn,65,262144,graph,3,0.04423
gdn,65,262144,graph,4,0.04423
gdn,65,262144,graph,5,0.04433
gdn,65,262144,graph,6,0.04413
gdn,65,262144,graph,7,0.04448
gdn,65,262144,graph,8,0.04414
gdn,65,262144,graph,9,0.04434
gdn,65,262144,graph,10,0.04428
gdn,65,262144,graph,11,0.04408
gdn,65,262144,graph,12,0.04429
gdn,65,262144,graph,13,0.04434
gdn,65,262144,graph,14,0.04427
gdn,65,262144,graph,15,0.04440
gdn,65,262144,graph,16,0.04451
gdn,65,262144,graph,17,0.04449
gdn,65,262144,graph,18,0.04426
gdn,65,262144,graph,19,0.04439
gdn,65,262144,graph,20,0.04432
gdn,65,262144,graph,21,0.04438
gdn,65,262144,graph,22,0.04421
gdn,65,262144,graph,23,0.04434
gdn,65,262144,graph,24,0.04439
gdn,65,262144,graph,25,0.04427
gdn,65,262144,graph,26,0.04434
gdn,65,262144,graph,27,0.04417
gdn,65,262144,graph,28,0.04426
gdn,65,262144,graph,29,0.04423
gdn,65,262144,eager,0,0.68790
gdn,65,262144,eager,1,0.70368
gdn,65,262144,eager,2,0.69376
gdn,65,262144,eager,3,0.67110
gdn,65,262144,eager,4,0.72192
gdn,65,262144,eager,5,0.69667
gdn,65,262144,eager,6,0.67248
gdn,65,262144,eager,7,0.66883
gdn,65,262144,eager,8,0.71290
gdn,65,262144,eager,9,0.67875
gdn,65,262144,eager,10,0.72224
gdn,65,262144,eager,11,0.69283
gdn,65,262144,eager,12,0.72624
gdn,65,262144,eager,13,0.68534
gdn,65,262144,eager,14,0.67530
gdn,65,262144,eager,15,0.66832
gdn,65,262144,eager,16,0.68848
gdn,65,262144,eager,17,0.68426
gdn,65,262144,eager,18,0.67386
gdn,65,262144,eager,19,0.66058
gdn,65,262144,eager,20,0.72234
gdn,65,262144,eager,21,0.68016
gdn,65,262144,eager,22,0.67162
gdn,65,262144,eager,23,0.67037
gdn,65,262144,eager,24,0.69238
gdn,65,262144,eager,25,0.67258
gdn,65,262144,eager,26,0.67613
gdn,65,262144,eager,27,0.70861
gdn,65,262144,eager,28,0.67315
gdn,65,262144,eager,29,0.66272
gdn,128,262144,graph,0,0.04556
gdn,128,262144,graph,1,0.04558
gdn,128,262144,graph,2,0.04561
gdn,128,262144,graph,3,0.04551
gdn,128,262144,graph,4,0.04564
gdn,128,262144,graph,5,0.04549
gdn,128,262144,graph,6,0.04554
gdn,128,262144,graph,7,0.04557
gdn,128,262144,graph,8,0.04562
gdn,128,262144,graph,9,0.04577
gdn,128,262144,graph,10,0.04560
gdn,128,262144,graph,11,0.04562
gdn,128,262144,graph,12,0.04567
gdn,128,262144,graph,13,0.04558
gdn,128,262144,graph,14,0.04556
gdn,128,262144,graph,15,0.04551
gdn,128,262144,graph,16,0.04573
gdn,128,262144,graph,17,0.04546
gdn,128,262144,graph,18,0.04558
gdn,128,262144,graph,19,0.04559
gdn,128,262144,graph,20,0.04569
gdn,128,262144,graph,21,0.04547
gdn,128,262144,graph,22,0.04557
gdn,128,262144,graph,23,0.04558
gdn,128,262144,graph,24,0.04573
gdn,128,262144,graph,25,0.04548
gdn,128,262144,graph,26,0.04567
gdn,128,262144,graph,27,0.04556
gdn,128,262144,graph,28,0.04569
gdn,128,262144,graph,29,0.04542
gdn,128,262144,eager,0,0.68195
gdn,128,262144,eager,1,0.68698
gdn,128,262144,eager,2,0.71011
gdn,128,262144,eager,3,0.68134
gdn,128,262144,eager,4,0.68314
gdn,128,262144,eager,5,0.69616
gdn,128,262144,eager,6,0.67702
gdn,128,262144,eager,7,0.65222
gdn,128,262144,eager,8,0.72864
gdn,128,262144,eager,9,0.69373
gdn,128,262144,eager,10,0.66304
gdn,128,262144,eager,11,0.67478
gdn,128,262144,eager,12,0.70902
gdn,128,262144,eager,13,0.68326
gdn,128,262144,eager,14,0.65923
gdn,128,262144,eager,15,0.71651
gdn,128,262144,eager,16,0.68826
gdn,128,262144,eager,17,0.67251
gdn,128,262144,eager,18,0.69830
gdn,128,262144,eager,19,0.68998
gdn,128,262144,eager,20,0.71920
gdn,128,262144,eager,21,0.68992
gdn,128,262144,eager,22,0.68403
gdn,128,262144,eager,23,0.75882
gdn,128,262144,eager,24,0.72032
gdn,128,262144,eager,25,0.68214
gdn,128,262144,eager,26,0.67136
gdn,128,262144,eager,27,0.69834
gdn,128,262144,eager,28,0.68173
gdn,128,262144,eager,29,0.65760
gdn,129,262144,graph,0,0.05237
gdn,129,262144,graph,1,0.05228
gdn,129,262144,graph,2,0.05171
gdn,129,262144,graph,3,0.05170
gdn,129,262144,graph,4,0.05153
gdn,129,262144,graph,5,0.05236
gdn,129,262144,graph,6,0.05234
gdn,129,262144,graph,7,0.05176
gdn,129,262144,graph,8,0.05214
gdn,129,262144,graph,9,0.05181
gdn,129,262144,graph,10,0.05196
gdn,129,262144,graph,11,0.05179
gdn,129,262144,graph,12,0.05164
gdn,129,262144,graph,13,0.05162
gdn,129,262144,graph,14,0.05163
gdn,129,262144,graph,15,0.05220
gdn,129,262144,graph,16,0.05175
gdn,129,262144,graph,17,0.05209
gdn,129,262144,graph,18,0.05189
gdn,129,262144,graph,19,0.05167
gdn,129,262144,graph,20,0.05181
gdn,129,262144,graph,21,0.05200
gdn,129,262144,graph,22,0.05178
gdn,129,262144,graph,23,0.05195
gdn,129,262144,graph,24,0.05187
gdn,129,262144,graph,25,0.05205
gdn,129,262144,graph,26,0.05175
gdn,129,262144,graph,27,0.05171
gdn,129,262144,graph,28,0.05173
gdn,129,262144,graph,29,0.05174
gdn,129,262144,eager,0,0.70630
gdn,129,262144,eager,1,0.77197
gdn,129,262144,eager,2,0.75670
gdn,129,262144,eager,3,0.68742
gdn,129,262144,eager,4,0.71030
gdn,129,262144,eager,5,0.71123
gdn,129,262144,eager,6,0.68074
gdn,129,262144,eager,7,0.66141
gdn,129,262144,eager,8,0.70394
gdn,129,262144,eager,9,0.68211
gdn,129,262144,eager,10,0.66688
gdn,129,262144,eager,11,0.66326
gdn,129,262144,eager,12,0.70346
gdn,129,262144,eager,13,0.68400
gdn,129,262144,eager,14,0.70224
gdn,129,262144,eager,15,0.67414
gdn,129,262144,eager,16,0.66227
gdn,129,262144,eager,17,0.70986
gdn,129,262144,eager,18,0.67459
gdn,129,262144,eager,19,0.65878
gdn,129,262144,eager,20,0.72736
gdn,129,262144,eager,21,0.67741
gdn,129,262144,eager,22,0.66109
gdn,129,262144,eager,23,0.69558
gdn,129,262144,eager,24,0.70934
gdn,129,262144,eager,25,0.66704
gdn,129,262144,eager,26,0.67626
gdn,129,262144,eager,27,0.74205
gdn,129,262144,eager,28,0.95018
gdn,129,262144,eager,29,0.79722
gdn,256,262144,graph,0,0.05557
gdn,256,262144,graph,1,0.05562
gdn,256,262144,graph,2,0.05563
gdn,256,262144,graph,3,0.05573
gdn,256,262144,graph,4,0.05559
gdn,256,262144,graph,5,0.05563
gdn,256,262144,graph,6,0.05550
gdn,256,262144,graph,7,0.05554
gdn,256,262144,graph,8,0.05570
gdn,256,262144,graph,9,0.05563
gdn,256,262144,graph,10,0.05559
gdn,256,262144,graph,11,0.05582
gdn,256,262144,graph,12,0.05571
gdn,256,262144,graph,13,0.05560
gdn,256,262144,graph,14,0.05547
gdn,256,262144,graph,15,0.05564
gdn,256,262144,graph,16,0.05564
gdn,256,262144,graph,17,0.05582
gdn,256,262144,graph,18,0.05549
gdn,256,262144,graph,19,0.05562
gdn,256,262144,graph,20,0.05558
gdn,256,262144,graph,21,0.05561
gdn,256,262144,graph,22,0.05553
gdn,256,262144,graph,23,0.05564
gdn,256,262144,graph,24,0.05568
gdn,256,262144,graph,25,0.05558
gdn,256,262144,graph,26,0.05560
gdn,256,262144,graph,27,0.05565
gdn,256,262144,graph,28,0.05572
gdn,256,262144,graph,29,0.05568
gdn,256,262144,eager,0,0.75946
gdn,256,262144,eager,1,0.70010
gdn,256,262144,eager,2,0.68262
gdn,256,262144,eager,3,0.69395
gdn,256,262144,eager,4,0.69261
gdn,256,262144,eager,5,0.67350
gdn,256,262144,eager,6,0.66173
gdn,256,262144,eager,7,0.72845
gdn,256,262144,eager,8,0.68922
gdn,256,262144,eager,9,0.66499
gdn,256,262144,eager,10,0.67645
gdn,256,262144,eager,11,0.68275
gdn,256,262144,eager,12,0.66784
gdn,256,262144,eager,13,0.69408
gdn,256,262144,eager,14,0.69011
gdn,256,262144,eager,15,0.67827
gdn,256,262144,eager,16,0.69718
gdn,256,262144,eager,17,0.69344
gdn,256,262144,eager,18,0.67059
gdn,256,262144,eager,19,0.73690
gdn,256,262144,eager,20,0.70298
gdn,256,262144,eager,21,0.67984
gdn,256,262144,eager,22,0.67354
gdn,256,262144,eager,23,0.70477
gdn,256,262144,eager,24,0.67955
gdn,256,262144,eager,25,0.67904
gdn,256,262144,eager,26,0.69046
gdn,256,262144,eager,27,0.68966
gdn,256,262144,eager,28,0.68029
gdn,256,262144,eager,29,0.65670
gdn,512,262144,graph,0,0.08744
gdn,512,262144,graph,1,0.08729
gdn,512,262144,graph,2,0.08746
gdn,512,262144,graph,3,0.08748
gdn,512,262144,graph,4,0.08714
gdn,512,262144,graph,5,0.08749
gdn,512,262144,graph,6,0.08723
gdn,512,262144,graph,7,0.08749
gdn,512,262144,graph,8,0.08747
gdn,512,262144,graph,9,0.08717
gdn,512,262144,graph,10,0.08750
gdn,512,262144,graph,11,0.08749
gdn,512,262144,graph,12,0.08738
gdn,512,262144,graph,13,0.08733
gdn,512,262144,graph,14,0.08712
gdn,512,262144,graph,15,0.08737
gdn,512,262144,graph,16,0.08748
gdn,512,262144,graph,17,0.08752
gdn,512,262144,graph,18,0.08733
gdn,512,262144,graph,19,0.08687
gdn,512,262144,graph,20,0.08708
gdn,512,262144,graph,21,0.08709
gdn,512,262144,graph,22,0.08734
gdn,512,262144,graph,23,0.08720
gdn,512,262144,graph,24,0.08714
gdn,512,262144,graph,25,0.08734
gdn,512,262144,graph,26,0.08736
gdn,512,262144,graph,27,0.08750
gdn,512,262144,graph,28,0.08707
gdn,512,262144,graph,29,0.08738
gdn,512,262144,eager,0,0.66429
gdn,512,262144,eager,1,0.75491
gdn,512,262144,eager,2,0.70131
gdn,512,262144,eager,3,0.68352
gdn,512,262144,eager,4,0.67674
gdn,512,262144,eager,5,0.71267
gdn,512,262144,eager,6,0.67619
gdn,512,262144,eager,7,0.66131
gdn,512,262144,eager,8,0.69872
gdn,512,262144,eager,9,0.69494
gdn,512,262144,eager,10,0.67507
gdn,512,262144,eager,11,0.73200
gdn,512,262144,eager,12,0.68922
gdn,512,262144,eager,13,0.70019
gdn,512,262144,eager,14,0.69309
gdn,512,262144,eager,15,0.69107
gdn,512,262144,eager,16,0.67200
gdn,512,262144,eager,17,0.65843
gdn,512,262144,eager,18,0.70237
gdn,512,262144,eager,19,0.67962
gdn,512,262144,eager,20,0.67149
gdn,512,262144,eager,21,0.65578
gdn,512,262144,eager,22,0.72381
gdn,512,262144,eager,23,0.68416
gdn,512,262144,eager,24,0.67469
gdn,512,262144,eager,25,0.71136
gdn,512,262144,eager,26,0.67622
gdn,512,262144,eager,27,0.66800
gdn,512,262144,eager,28,0.68096
gdn,512,262144,eager,29,0.68659
gdn,1024,262144,graph,0,0.14590
gdn,1024,262144,graph,1,0.14592
gdn,1024,262144,graph,2,0.14599
gdn,1024,262144,graph,3,0.14557
gdn,1024,262144,graph,4,0.14556
gdn,1024,262144,graph,5,0.14556
gdn,1024,262144,graph,6,0.14591
gdn,1024,262144,graph,7,0.14610
gdn,1024,262144,graph,8,0.14554
gdn,1024,262144,graph,9,0.14592
gdn,1024,262144,graph,10,0.14607
gdn,1024,262144,graph,11,0.14577
gdn,1024,262144,graph,12,0.14613
gdn,1024,262144,graph,13,0.14586
gdn,1024,262144,graph,14,0.14572
gdn,1024,262144,graph,15,0.14549
gdn,1024,262144,graph,16,0.14564
gdn,1024,262144,graph,17,0.14606
gdn,1024,262144,graph,18,0.14588
gdn,1024,262144,graph,19,0.14608
gdn,1024,262144,graph,20,0.14592
gdn,1024,262144,graph,21,0.14586
gdn,1024,262144,graph,22,0.14589
gdn,1024,262144,graph,23,0.14636
gdn,1024,262144,graph,24,0.14600
gdn,1024,262144,graph,25,0.14570
gdn,1024,262144,graph,26,0.14594
gdn,1024,262144,graph,27,0.14606
gdn,1024,262144,graph,28,0.14586
gdn,1024,262144,graph,29,0.14591
gdn,1024,262144,eager,0,0.65846
gdn,1024,262144,eager,1,0.74384
gdn,1024,262144,eager,2,0.68842
gdn,1024,262144,eager,3,0.67789
gdn,1024,262144,eager,4,0.66624
gdn,1024,262144,eager,5,0.69914
gdn,1024,262144,eager,6,0.69078
gdn,1024,262144,eager,7,0.67085
gdn,1024,262144,eager,8,0.64630
gdn,1024,262144,eager,9,0.69242
gdn,1024,262144,eager,10,0.68141
gdn,1024,262144,eager,11,0.66637
gdn,1024,262144,eager,12,0.67347
gdn,1024,262144,eager,13,0.68659
gdn,1024,262144,eager,14,0.66950
gdn,1024,262144,eager,15,0.65501
gdn,1024,262144,eager,16,0.71315
gdn,1024,262144,eager,17,0.68419
gdn,1024,262144,eager,18,0.66416
gdn,1024,262144,eager,19,0.65136
gdn,1024,262144,eager,20,0.71482
gdn,1024,262144,eager,21,0.68096
gdn,1024,262144,eager,22,0.65376
gdn,1024,262144,eager,23,0.65664
gdn,1024,262144,eager,24,0.69891
gdn,1024,262144,eager,25,0.68166
gdn,1024,262144,eager,26,0.65130
gdn,1024,262144,eager,27,0.67594
gdn,1024,262144,eager,28,0.69216
gdn,1024,262144,eager,29,0.68509
gdn,2048,262144,graph,0,0.27264
gdn,2048,262144,graph,1,0.27272
gdn,2048,262144,graph,2,0.27161
gdn,2048,262144,graph,3,0.27159
gdn,2048,262144,graph,4,0.27261
gdn,2048,262144,graph,5,0.27364
gdn,2048,262144,graph,6,0.27281
gdn,2048,262144,graph,7,0.27197
gdn,2048,262144,graph,8,0.27184
gdn,2048,262144,graph,9,0.27241
gdn,2048,262144,graph,10,0.27207
gdn,2048,262144,graph,11,0.27230
gdn,2048,262144,graph,12,0.27217
gdn,2048,262144,graph,13,0.27211
gdn,2048,262144,graph,14,0.27205
gdn,2048,262144,graph,15,0.27255
gdn,2048,262144,graph,16,0.27199
gdn,2048,262144,graph,17,0.27118
gdn,2048,262144,graph,18,0.27260
gdn,2048,262144,graph,19,0.27276
gdn,2048,262144,graph,20,0.27231
gdn,2048,262144,graph,21,0.27204
gdn,2048,262144,graph,22,0.27193
gdn,2048,262144,graph,23,0.27173
gdn,2048,262144,graph,24,0.27140
gdn,2048,262144,graph,25,0.27239
gdn,2048,262144,graph,26,0.27186
gdn,2048,262144,graph,27,0.27200
gdn,2048,262144,graph,28,0.27191
gdn,2048,262144,graph,29,0.27210
gdn,2048,262144,eager,0,0.69760
gdn,2048,262144,eager,1,0.73098
gdn,2048,262144,eager,2,0.74211
gdn,2048,262144,eager,3,0.74579
gdn,2048,262144,eager,4,0.73206
gdn,2048,262144,eager,5,0.71674
gdn,2048,262144,eager,6,0.69466
gdn,2048,262144,eager,7,0.75101
gdn,2048,262144,eager,8,0.71142
gdn,2048,262144,eager,9,0.69875
gdn,2048,262144,eager,10,0.68272
gdn,2048,262144,eager,11,0.74573
gdn,2048,262144,eager,12,0.70403
gdn,2048,262144,eager,13,0.69306
gdn,2048,262144,eager,14,0.74845
gdn,2048,262144,eager,15,0.71357
gdn,2048,262144,eager,16,0.68666
gdn,2048,262144,eager,17,0.68237
gdn,2048,262144,eager,18,0.76224
gdn,2048,262144,eager,19,0.71069
gdn,2048,262144,eager,20,0.68416
gdn,2048,262144,eager,21,0.72371
gdn,2048,262144,eager,22,0.70288
gdn,2048,262144,eager,23,0.71002
gdn,2048,262144,eager,24,0.71331
gdn,2048,262144,eager,25,0.70336
gdn,2048,262144,eager,26,0.68758
gdn,2048,262144,eager,27,0.69254
gdn,2048,262144,eager,28,0.71942
gdn,2048,262144,eager,29,0.70470
gdn,4096,262144,graph,0,0.52737
gdn,4096,262144,graph,1,0.52590
gdn,4096,262144,graph,2,0.52511
gdn,4096,262144,graph,3,0.52858
gdn,4096,262144,graph,4,0.52676
gdn,4096,262144,graph,5,0.52698
gdn,4096,262144,graph,6,0.52584
gdn,4096,262144,graph,7,0.52589
gdn,4096,262144,graph,8,0.52822
gdn,4096,262144,graph,9,0.52859
gdn,4096,262144,graph,10,0.53005
gdn,4096,262144,graph,11,0.52724
gdn,4096,262144,graph,12,0.52743
gdn,4096,262144,graph,13,0.52505
gdn,4096,262144,graph,14,0.52729
gdn,4096,262144,graph,15,0.52639
gdn,4096,262144,graph,16,0.52589
gdn,4096,262144,graph,17,0.52652
gdn,4096,262144,graph,18,0.52566
gdn,4096,262144,graph,19,0.52635
gdn,4096,262144,graph,20,0.52725
gdn,4096,262144,graph,21,0.52622
gdn,4096,262144,graph,22,0.52807
gdn,4096,262144,graph,23,0.52677
gdn,4096,262144,graph,24,0.52809
gdn,4096,262144,graph,25,0.52871
gdn,4096,262144,graph,26,0.52811
gdn,4096,262144,graph,27,0.52657
gdn,4096,262144,graph,28,0.52657
gdn,4096,262144,graph,29,0.52742
gdn,4096,262144,eager,0,0.82685
gdn,4096,262144,eager,1,0.87171
gdn,4096,262144,eager,2,0.84122
gdn,4096,262144,eager,3,0.82666
gdn,4096,262144,eager,4,0.82429
gdn,4096,262144,eager,5,0.86486
gdn,4096,262144,eager,6,0.84502
gdn,4096,262144,eager,7,0.82922
gdn,4096,262144,eager,8,0.85389
gdn,4096,262144,eager,9,0.83427
gdn,4096,262144,eager,10,0.82618
gdn,4096,262144,eager,11,0.82384
gdn,4096,262144,eager,12,0.84515
gdn,4096,262144,eager,13,0.83578
gdn,4096,262144,eager,14,0.82819
gdn,4096,262144,eager,15,0.85840
gdn,4096,262144,eager,16,0.83322
gdn,4096,262144,eager,17,0.82502
gdn,4096,262144,eager,18,0.85126
gdn,4096,262144,eager,19,0.83203
gdn,4096,262144,eager,20,0.83082
gdn,4096,262144,eager,21,0.85658
gdn,4096,262144,eager,22,0.83802
gdn,4096,262144,eager,23,0.82778
gdn,4096,262144,eager,24,0.85581
gdn,4096,262144,eager,25,0.83834
gdn,4096,262144,eager,26,0.82698
gdn,4096,262144,eager,27,0.83456
gdn,4096,262144,eager,28,0.84419
gdn,4096,262144,eager,29,0.83110
gdn,8192,262144,graph,0,1.02549
gdn,8192,262144,graph,1,1.02408
gdn,8192,262144,graph,2,1.02898
gdn,8192,262144,graph,3,1.02750
gdn,8192,262144,graph,4,1.02565
gdn,8192,262144,graph,5,1.02485
gdn,8192,262144,graph,6,1.02680
gdn,8192,262144,graph,7,1.03086
gdn,8192,262144,graph,8,1.02850
gdn,8192,262144,graph,9,1.02584
gdn,8192,262144,graph,10,1.02562
gdn,8192,262144,graph,11,1.02558
gdn,8192,262144,graph,12,1.02574
gdn,8192,262144,graph,13,1.02872
gdn,8192,262144,graph,14,1.02443
gdn,8192,262144,graph,15,1.02478
gdn,8192,262144,graph,16,1.02882
gdn,8192,262144,graph,17,1.02440
gdn,8192,262144,graph,18,1.02606
gdn,8192,262144,graph,19,1.02933
gdn,8192,262144,graph,20,1.02459
gdn,8192,262144,graph,21,1.02754
gdn,8192,262144,graph,22,1.02494
gdn,8192,262144,graph,23,1.02610
gdn,8192,262144,graph,24,1.02760
gdn,8192,262144,graph,25,1.02523
gdn,8192,262144,graph,26,1.02450
gdn,8192,262144,graph,27,1.02718
gdn,8192,262144,graph,28,1.02706
gdn,8192,262144,graph,29,1.02747
gdn,8192,262144,eager,0,1.31642
gdn,8192,262144,eager,1,1.28915
gdn,8192,262144,eager,2,1.28320
gdn,8192,262144,eager,3,1.29984
gdn,8192,262144,eager,4,1.28787
gdn,8192,262144,eager,5,1.28378
gdn,8192,262144,eager,6,1.31178
gdn,8192,262144,eager,7,1.28883
gdn,8192,262144,eager,8,1.28474
gdn,8192,262144,eager,9,1.28128
gdn,8192,262144,eager,10,1.30138
gdn,8192,262144,eager,11,1.28454
gdn,8192,262144,eager,12,1.31699
gdn,8192,262144,eager,13,1.28666
gdn,8192,262144,eager,14,1.28970
gdn,8192,262144,eager,15,1.30998
gdn,8192,262144,eager,16,1.29107
gdn,8192,262144,eager,17,1.27494
gdn,8192,262144,eager,18,1.30918
gdn,8192,262144,eager,19,1.27910
gdn,8192,262144,eager,20,1.27184
gdn,8192,262144,eager,21,1.27104
gdn,8192,262144,eager,22,1.29318
gdn,8192,262144,eager,23,1.28326
gdn,8192,262144,eager,24,1.29907
gdn,8192,262144,eager,25,1.30010
gdn,8192,262144,eager,26,1.29434
gdn,8192,262144,eager,27,1.27709
gdn,8192,262144,eager,28,1.31741
gdn,8192,262144,eager,29,1.28470
