B,D,t,delta,policy,n,mode,iter,gpu_ms,cpu_model_ms,wall_ms,iter_ms,tokens_done
25,8,262144,2048,layered,1024/1024/1024,graph,0,23.4516,16.4551,23.4981,23.4516,
25,8,262144,2048,layered,1024/1024/1024,graph,1,24.7285,15.3886,24.7798,24.7285,
25,8,262144,2048,layered,1024/1024/1024,graph,2,24.6059,15.1140,24.6517,24.6059,
25,8,262144,2048,layered,1024/1024/1024,graph,3,23.1804,16.4551,23.2242,23.1804,
25,8,262144,2048,layered,1024/1024/1024,graph,4,23.4287,16.1805,23.4803,23.4287,
25,8,262144,2048,layered,1024/1024/1024,graph,5,24.5261,15.6632,24.5841,24.5261,
25,8,262144,2048,layered,1024/1024/1024,graph,6,24.5831,15.1140,24.6337,24.5831,
25,8,262144,2048,layered,1024/1024/1024,graph,7,24.6442,15.6632,24.6942,24.6442,
25,8,262144,2048,layered,1024/1024/1024,graph,8,23.6120,16.1805,23.6591,23.6120,
25,8,262144,2048,layered,1024/1024/1024,graph,9,24.5596,15.9378,24.6078,24.5596,
25,8,262144,2048,layered,1024/1024/1024,graph,10,24.4132,15.1140,24.4599,24.4132,
25,8,262144,2048,layered,1024/1024/1024,graph,11,23.4761,16.1805,23.5219,23.4761,
25,8,262144,2048,layered,1024/1024/1024,graph,12,23.4808,16.7297,23.5266,23.4808,
25,8,262144,2048,layered,1024/1024/1024,graph,13,23.4558,16.1805,23.5000,23.4558,
25,8,262144,2048,layered,1024/1024/1024,graph,14,24.5889,15.9378,24.6370,24.5889,
25,8,262144,2048,layered,1024/1024/1024,graph,15,23.3574,15.9059,23.4042,23.3574,
25,8,262144,2048,layered,1024/1024/1024,graph,16,24.5800,15.6632,24.6343,24.5800,
25,8,262144,2048,layered,1024/1024/1024,graph,17,24.4765,15.3886,24.5269,24.4765,
25,8,262144,2048,layered,1024/1024/1024,graph,18,24.6321,15.6632,24.6814,24.6321,
25,8,262144,2048,layered,1024/1024/1024,graph,19,23.6244,15.9059,23.6769,23.6244,
25,8,262144,2048,layered,1024/1024/1024,graph,20,24.7572,15.9378,24.8064,24.7572,
25,8,262144,2048,layered,1024/1024/1024,graph,21,23.6203,16.1805,23.6659,23.6203,
25,8,262144,2048,layered,1024/1024/1024,graph,22,24.4687,15.6632,24.5163,24.4687,
25,8,262144,2048,layered,1024/1024/1024,graph,23,23.4096,16.4551,23.4556,23.4096,
25,8,262144,2048,layered,1024/1024/1024,graph,24,23.7866,16.7297,23.8323,23.7866,
25,8,262144,2048,layered,1024/1024/1024,graph,25,24.6539,14.8394,24.7008,24.6539,
25,8,262144,2048,layered,1024/1024/1024,graph,26,24.4109,15.6632,24.4578,24.4109,
25,8,262144,2048,layered,1024/1024/1024,graph,27,24.5207,15.1140,24.5673,24.5207,
25,8,262144,2048,layered,1024/1024/1024,graph,28,23.6162,16.4551,23.6616,23.6162,
25,8,262144,2048,layered,1024/1024/1024,graph,29,23.4863,16.4551,23.5385,23.4863,
25,8,262144,2048,layered,1024/1024/1024,graph,30,24.6933,15.6632,24.7399,24.6933,
25,8,262144,2048,layered,1024/1024/1024,graph,31,23.5340,16.1805,23.5790,23.5340,
25,8,262144,2048,layered,1024/1024/1024,graph,32,24.3427,15.6632,24.3896,24.3427,
25,8,262144,2048,layered,1024/1024/1024,graph,33,24.7316,15.1140,24.7802,24.7316,
25,8,262144,2048,layered,1024/1024/1024,graph,34,24.4525,15.3886,24.4999,24.4525,
25,8,262144,2048,layered,1024/1024/1024,graph,35,24.5001,14.8394,24.5473,24.5001,
25,8,262144,2048,layered,1024/1024/1024,graph,36,22.9164,16.1805,22.9606,22.9164,
25,8,262144,2048,layered,1024/1024/1024,graph,37,23.3967,16.4551,23.4422,23.3967,
25,8,262144,2048,layered,1024/1024/1024,graph,38,24.3045,15.3886,24.3515,24.3045,
25,8,262144,2048,layered,1024/1024/1024,graph,39,23.7252,16.4551,23.7699,23.7252,
25,8,262144,2048,layered,1024/1024/1024,graph,40,23.4174,16.4551,23.4618,23.4174,
25,8,262144,2048,layered,1024/1024/1024,graph,41,24.4590,15.1140,24.5058,24.4590,
25,8,262144,2048,layered,1024/1024/1024,graph,42,24.4820,15.3886,24.5247,24.4820,
25,8,262144,2048,layered,1024/1024/1024,graph,43,24.7055,15.3886,24.7568,24.7055,
25,8,262144,2048,layered,1024/1024/1024,graph,44,24.3669,15.9378,24.4207,24.3669,
25,8,262144,2048,layered,1024/1024/1024,graph,45,23.7225,15.6314,23.7661,23.7225,
25,8,262144,2048,layered,1024/1024/1024,graph,46,24.2043,15.9378,24.2519,24.2043,
25,8,262144,2048,layered,1024/1024/1024,graph,47,24.2942,16.1805,24.3381,24.2942,
25,8,262144,2048,layered,1024/1024/1024,graph,48,23.2202,17.0043,23.2634,23.2202,
25,8,262144,2048,layered,1024/1024/1024,graph,49,24.7985,14.8394,24.8462,24.7985,
25,8,262144,2048,layered,1024/1024/1024,graph,50,24.3266,15.6632,24.3809,24.3266,
25,8,262144,2048,layered,1024/1024/1024,graph,51,24.4384,15.3886,24.4849,24.4384,
25,8,262144,2048,layered,1024/1024/1024,graph,52,24.3559,14.8394,24.4016,24.3559,
25,8,262144,2048,layered,1024/1024/1024,graph,53,24.4612,15.9378,24.5080,24.4612,
25,8,262144,2048,layered,1024/1024/1024,graph,54,23.2388,15.6314,23.2830,23.2388,
25,8,262144,2048,layered,1024/1024/1024,graph,55,24.5940,16.2124,24.6411,24.5940,
25,8,262144,2048,layered,1024/1024/1024,graph,56,23.5165,16.1805,23.5605,23.5165,
25,8,262144,2048,layered,1024/1024/1024,graph,57,24.3733,15.9378,24.4223,24.3733,
25,8,262144,2048,layered,1024/1024/1024,graph,58,24.5025,15.1140,24.5552,24.5025,
25,8,262144,2048,layered,1024/1024/1024,graph,59,24.6099,15.3886,24.6568,24.6099,
25,8,262144,2048,layered,1024/1024/1024,graph,60,24.4417,15.3886,24.4899,24.4417,
25,8,262144,2048,layered,1024/1024/1024,graph,61,23.6831,15.6314,23.7276,23.6831,
25,8,262144,2048,layered,1024/1024/1024,graph,62,24.6155,15.6632,24.6629,24.6155,
25,8,262144,2048,layered,1024/1024/1024,graph,63,22.9259,15.6314,22.9721,22.9259,
25,8,262144,2048,layered,1024/1024/1024,graph,64,24.4975,15.9378,24.5446,24.4975,
25,8,262144,2048,layered,1024/1024/1024,graph,65,23.0285,15.3568,23.0770,23.0285,
25,8,262144,2048,layered,1024/1024/1024,graph,66,24.3186,16.2124,24.3694,24.3186,
25,8,262144,2048,layered,1024/1024/1024,graph,67,23.1934,14.8076,23.2402,23.1934,
25,8,262144,2048,layered,1024/1024/1024,graph,68,24.4867,16.4869,24.5356,24.4867,
25,8,262144,2048,layered,1024/1024/1024,graph,69,23.0291,15.3568,23.0753,23.0291,
25,8,262144,2048,layered,1024/1024/1024,graph,70,24.4197,15.9378,24.4648,24.4197,
25,8,262144,2048,layered,1024/1024/1024,graph,71,22.7364,15.3568,22.7884,22.7364,
25,8,262144,2048,layered,1024/1024/1024,graph,72,24.6381,16.2124,24.6841,24.6381,
25,8,262144,2048,layered,1024/1024/1024,graph,73,22.6726,15.3568,22.7220,22.6726,
25,8,262144,2048,layered,1024/1024/1024,graph,74,24.6084,16.2124,24.6525,24.6084,
25,8,262144,2048,layered,1024/1024/1024,graph,75,22.7013,15.0822,22.7517,22.7013,
25,8,262144,2048,layered,1024/1024/1024,graph,76,24.3456,15.9378,24.3907,24.3456,
25,8,262144,2048,layered,1024/1024/1024,graph,77,22.3367,15.3568,22.3816,22.3367,
25,8,262144,2048,layered,1024/1024/1024,graph,78,24.6308,16.2124,24.6779,24.6308,
25,8,262144,2048,layered,1024/1024/1024,graph,79,22.6397,15.0822,22.6875,22.6397,
25,8,262144,2048,layered,1024/1024/1024,graph,80,24.4702,16.2124,24.5172,24.4702,
25,8,262144,2048,layered,1024/1024/1024,graph,81,22.8820,15.3568,22.9276,22.8820,
25,8,262144,2048,layered,1024/1024/1024,graph,82,24.4682,15.9378,24.5206,24.4682,
25,8,262144,2048,layered,1024/1024/1024,graph,83,22.7575,15.6314,22.8076,22.7575,
25,8,262144,2048,layered,1024/1024/1024,graph,84,24.6010,15.9378,24.6488,24.6010,
25,8,262144,2048,layered,1024/1024/1024,graph,85,22.6485,15.6314,22.6956,22.6485,
25,8,262144,2048,layered,1024/1024/1024,graph,86,24.5068,16.2124,24.5604,24.5068,
25,8,262144,2048,layered,1024/1024/1024,graph,87,23.0233,15.6314,23.0681,23.0233,
25,8,262144,2048,layered,1024/1024/1024,graph,88,24.6677,16.2124,24.7123,24.6677,
25,8,262144,2048,layered,1024/1024/1024,graph,89,23.0875,15.3568,23.1311,23.0875,
25,8,262144,2048,layered,1024/1024/1024,graph,90,24.5548,16.2124,24.6152,24.5548,
25,8,262144,2048,layered,1024/1024/1024,graph,91,22.8774,15.3568,22.9221,22.8774,
25,8,262144,2048,layered,1024/1024/1024,graph,92,24.3742,15.9378,24.4193,24.3742,
25,8,262144,2048,layered,1024/1024/1024,graph,93,23.0358,15.6314,23.0832,23.0358,
25,8,262144,2048,layered,1024/1024/1024,graph,94,24.5990,15.9378,24.6513,24.5990,
25,8,262144,2048,layered,1024/1024/1024,graph,95,23.0768,15.9059,23.1242,23.0768,
25,8,262144,2048,layered,1024/1024/1024,graph,96,24.4369,16.2124,24.4843,24.4369,
25,8,262144,2048,layered,1024/1024/1024,graph,97,23.2915,15.3568,23.3360,23.2915,
25,8,262144,2048,layered,1024/1024/1024,graph,98,24.5314,16.2124,24.5788,24.5314,
25,8,262144,2048,layered,1024/1024/1024,graph,99,23.3931,15.6314,23.4398,23.3931,
25,8,262144,2048,layered,1024/1024/1024,graph,100,24.6060,16.2124,24.6554,24.6060,
25,8,262144,2048,layered,1024/1024/1024,graph,101,23.2280,15.3568,23.2794,23.2280,
25,8,262144,2048,layered,1024/1024/1024,graph,102,24.2112,15.9378,24.2658,24.2112,
25,8,262144,2048,layered,1024/1024/1024,graph,103,23.1435,15.6314,23.1926,23.1435,
25,8,262144,2048,layered,1024/1024/1024,graph,104,24.4898,15.9378,24.5371,24.4898,
25,8,262144,2048,layered,1024/1024/1024,graph,105,23.1927,15.6314,23.2393,23.1927,
25,8,262144,2048,layered,1024/1024/1024,graph,106,24.4208,15.9378,24.4666,24.4208,
25,8,262144,2048,layered,1024/1024/1024,graph,107,23.4168,15.9059,23.4576,23.4168,
25,8,262144,2048,layered,1024/1024/1024,graph,108,24.5062,15.6632,24.5516,24.5062,
25,8,262144,2048,layered,1024/1024/1024,graph,109,23.1972,15.9059,23.2423,23.1972,
25,8,262144,2048,layered,1024/1024/1024,graph,110,24.3654,15.6632,24.4102,24.3654,
25,8,262144,2048,layered,1024/1024/1024,graph,111,23.1231,15.9059,23.1690,23.1231,
25,8,262144,2048,layered,1024/1024/1024,graph,112,24.2066,15.9378,24.2530,24.2066,
25,8,262144,2048,layered,1024/1024/1024,graph,113,23.3214,15.6314,23.3716,23.3214,
25,8,262144,2048,layered,1024/1024/1024,graph,114,24.3499,16.2124,24.3974,24.3499,
25,8,262144,2048,layered,1024/1024/1024,graph,115,23.5418,15.6314,23.5863,23.5418,
25,8,262144,2048,layered,1024/1024/1024,graph,116,24.2763,16.2124,24.3231,24.2763,
25,8,262144,2048,layered,1024/1024/1024,graph,117,23.6525,15.6314,23.6966,23.6525,
25,8,262144,2048,layered,1024/1024/1024,graph,118,24.1591,15.9378,24.2066,24.1591,
25,8,262144,2048,layered,1024/1024/1024,graph,119,23.7111,15.9059,23.7541,23.7111,
25,8,262144,2048,layered,1024/1024/1024,graph,120,24.3141,16.4869,24.3612,24.3141,
25,8,262144,2048,layered,1024/1024/1024,graph,121,23.5446,15.3568,23.5882,23.5446,
25,8,262144,2048,layered,1024/1024/1024,graph,122,24.2476,16.2124,24.2939,24.2476,
25,8,262144,2048,layered,1024/1024/1024,graph,123,23.4456,15.6314,23.4894,23.4456,
25,8,262144,2048,layered,1024/1024/1024,graph,124,24.2959,15.6632,24.3421,24.2959,
25,8,262144,2048,layered,1024/1024/1024,graph,125,23.5536,16.1805,23.5975,23.5536,
25,8,262144,2048,layered,1024/1024/1024,graph,126,24.4319,15.3886,24.4769,24.4319,
25,8,262144,2048,layered,1024/1024/1024,graph,127,23.3148,16.1805,23.3583,23.3148,
25,8,262144,2048,layered,1024/1024/1024,graph,128,24.7335,15.1140,24.7790,24.7335,
25,8,262144,2048,layered,1024/1024/1024,graph,129,24.4916,15.3886,24.5379,24.4916,
25,8,262144,2048,layered,1024/1024/1024,graph,130,22.9598,16.1805,23.0093,22.9598,
25,8,262144,2048,layered,1024/1024/1024,graph,131,24.2408,15.1140,24.2863,24.2408,
25,8,262144,2048,layered,1024/1024/1024,graph,132,24.5749,15.6632,24.6203,24.5749,
25,8,262144,2048,layered,1024/1024/1024,graph,133,23.5404,16.1805,23.5832,23.5404,
25,8,262144,2048,layered,1024/1024/1024,graph,134,23.2264,16.7297,23.2701,23.2264,
25,8,262144,2048,layered,1024/1024/1024,graph,135,23.3030,15.9059,23.3479,23.3030,
25,8,262144,2048,layered,1024/1024/1024,graph,136,24.6262,16.2124,24.6732,24.6262,
25,8,262144,2048,layered,1024/1024/1024,graph,137,22.8101,15.0822,22.8548,22.8101,
25,8,262144,2048,layered,1024/1024/1024,graph,138,24.5056,15.6632,24.5519,24.5056,
25,8,262144,2048,layered,1024/1024/1024,graph,139,24.4104,14.5648,24.4551,24.4104,
25,8,262144,2048,layered,1024/1024/1024,graph,140,24.3007,15.6632,24.3459,24.3007,
25,8,262144,2048,layered,1024/1024/1024,graph,141,22.7015,15.9059,22.7457,22.7015,
25,8,262144,2048,layered,1024/1024/1024,graph,142,24.4713,15.9378,24.5161,24.4713,
25,8,262144,2048,layered,1024/1024/1024,graph,143,23.0461,15.6314,23.0905,23.0461,
25,8,262144,2048,layered,1024/1024/1024,graph,144,24.3998,15.3886,24.4435,24.3998,
25,8,262144,2048,layered,1024/1024/1024,graph,145,24.3300,15.3886,24.3755,24.3300,
25,8,262144,2048,layered,1024/1024/1024,graph,146,22.9886,16.1805,23.0325,22.9886,
25,8,262144,2048,layered,1024/1024/1024,graph,147,24.2760,15.6632,24.3214,24.2760,
25,8,262144,2048,layered,1024/1024/1024,graph,148,24.2777,15.1140,24.3222,24.2777,
25,8,262144,2048,layered,1024/1024/1024,graph,149,22.8717,15.9059,22.9163,22.8717,
25,8,262144,2048,layered,1024/1024/1024,graph,150,24.5218,15.6632,24.5691,24.5218,
25,8,262144,2048,layered,1024/1024/1024,graph,151,22.9005,15.9059,22.9442,22.9005,
25,8,262144,2048,layered,1024/1024/1024,graph,152,23.0271,16.4551,23.0718,23.0271,
25,8,262144,2048,layered,1024/1024/1024,graph,153,22.9890,16.1805,23.0336,22.9890,
25,8,262144,2048,layered,1024/1024/1024,graph,154,24.6679,15.3886,24.7149,24.6679,
25,8,262144,2048,layered,1024/1024/1024,graph,155,24.3183,15.3886,24.3620,24.3183,
25,8,262144,2048,layered,1024/1024/1024,graph,156,24.3845,15.6632,24.4326,24.3845,
25,8,262144,2048,layered,1024/1024/1024,graph,157,22.5102,15.9059,22.5545,22.5102,
25,8,262144,2048,layered,1024/1024/1024,graph,158,24.3485,15.3886,24.3948,24.3485,
25,8,262144,2048,layered,1024/1024/1024,graph,159,22.9613,15.6314,23.0049,22.9613,
25,8,262144,2048,layered,1024/1024/1024,graph,160,22.5064,16.7297,22.5572,22.5064,
25,8,262144,2048,layered,1024/1024/1024,graph,161,23.3699,15.6314,23.4187,23.3699,
25,8,262144,2048,layered,1024/1024/1024,graph,162,24.3868,15.6632,24.4330,24.3868,
25,8,262144,2048,layered,1024/1024/1024,graph,163,24.4436,14.2902,24.4868,24.4436,
25,8,262144,2048,layered,1024/1024/1024,graph,164,24.4970,15.9378,24.5416,24.4970,
25,8,262144,2048,layered,1024/1024/1024,graph,165,22.9900,15.6314,23.0330,22.9900,
25,8,262144,2048,layered,1024/1024/1024,graph,166,24.5702,15.6632,24.6134,24.5702,
25,8,262144,2048,layered,1024/1024/1024,graph,167,22.6636,15.6314,22.7086,22.6636,
25,8,262144,2048,layered,1024/1024/1024,graph,168,24.6204,15.6632,24.6637,24.6204,
25,8,262144,2048,layered,1024/1024/1024,graph,169,22.4945,16.1805,22.5385,22.4945,
25,8,262144,2048,layered,1024/1024/1024,graph,170,24.5785,15.6632,24.6235,24.5785,
25,8,262144,2048,layered,1024/1024/1024,graph,171,24.5114,15.1140,24.5584,24.5114,
25,8,262144,2048,layered,1024/1024/1024,graph,172,22.9107,15.9059,22.9562,22.9107,
25,8,262144,2048,layered,1024/1024/1024,graph,173,24.4185,15.1140,24.4741,24.4185,
25,8,262144,2048,layered,1024/1024/1024,graph,174,24.3589,15.6632,24.4078,24.3589,
25,8,262144,2048,layered,1024/1024/1024,graph,175,23.2626,15.6314,23.3136,23.2626,
25,8,262144,2048,layered,1024/1024/1024,graph,176,24.1393,15.3886,24.1890,24.1393,
25,8,262144,2048,layered,1024/1024/1024,graph,177,22.8454,16.1805,22.8950,22.8454,
25,8,262144,2048,layered,1024/1024/1024,graph,178,24.4303,15.6632,24.4903,24.4303,
25,8,262144,2048,layered,1024/1024/1024,graph,179,24.3533,14.8394,24.4051,24.3533,
25,8,262144,2048,layered,1024/1024/1024,graph,180,23.0260,16.7297,23.0706,23.0260,
25,8,262144,2048,layered,1024/1024/1024,graph,181,23.5958,16.1805,23.6402,23.5958,
25,8,262144,2048,layered,1024/1024/1024,graph,182,24.5529,16.2124,24.5996,24.5529,
25,8,262144,2048,layered,1024/1024/1024,graph,183,23.4100,15.6314,23.4553,23.4100,
25,8,262144,2048,layered,1024/1024/1024,graph,184,23.9631,15.9378,24.0106,23.9631,
25,8,262144,2048,layered,1024/1024/1024,graph,185,23.9759,15.9059,24.0193,23.9759,
25,8,262144,2048,layered,1024/1024/1024,graph,186,24.4236,16.2124,24.4704,24.4236,
25,8,262144,2048,layered,1024/1024/1024,graph,187,24.4797,14.8394,24.5247,24.4797,
25,8,262144,2048,layered,1024/1024/1024,graph,188,22.7042,16.4551,22.7479,22.7042,
25,8,262144,2048,layered,1024/1024/1024,graph,189,24.6642,15.3886,24.7118,24.6642,
25,8,262144,2048,layered,1024/1024/1024,graph,190,24.2578,15.6632,24.3035,24.2578,
25,8,262144,2048,layered,1024/1024/1024,graph,191,23.4281,15.6314,23.4720,23.4281,
25,8,262144,2048,layered,1024/1024/1024,graph,192,24.6582,15.9378,24.7050,24.6582,
25,8,262144,2048,layered,1024/1024/1024,graph,193,24.0095,16.4551,24.0530,24.0095,
25,8,262144,2048,layered,1024/1024/1024,graph,194,24.3756,15.3886,24.4216,24.3756,
25,8,262144,2048,layered,1024/1024/1024,graph,195,24.2948,14.8394,24.3414,24.2948,
25,8,262144,2048,layered,1024/1024/1024,graph,196,23.7343,17.2789,23.7790,23.7343,
25,8,262144,2048,layered,1024/1024/1024,graph,197,23.9952,15.9059,24.0403,23.9952,
25,8,262144,2048,layered,1024/1024/1024,graph,198,24.6326,15.9378,24.6800,24.6326,
25,8,262144,2048,layered,1024/1024/1024,graph,199,24.5300,15.1140,24.5744,24.5300,
25,8,262144,2048,layered,512/512/512,graph,0,24.1300,16.7934,24.1773,24.1300,
25,8,262144,2048,layered,512/512/512,graph,1,23.6129,17.8917,23.6632,23.6129,
25,8,262144,2048,layered,512/512/512,graph,2,24.3571,17.0679,24.4007,24.3571,
25,8,262144,2048,layered,512/512/512,graph,3,23.9652,16.8252,24.0113,23.9652,
25,8,262144,2048,layered,512/512/512,graph,4,24.1643,17.6171,24.2131,24.1643,
25,8,262144,2048,layered,512/512/512,graph,5,23.9324,17.6171,23.9775,23.9324,
25,8,262144,2048,layered,512/512/512,graph,6,24.1577,17.6171,24.2106,24.1577,
25,8,262144,2048,layered,512/512/512,graph,7,23.7752,17.3425,23.8199,23.7752,
25,8,262144,2048,layered,512/512/512,graph,8,24.5002,16.8252,24.5475,24.5002,
25,8,262144,2048,layered,512/512/512,graph,9,24.1710,17.6171,24.2157,24.1710,
25,8,262144,2048,layered,512/512/512,graph,10,24.2477,17.8917,24.2920,24.2477,
25,8,262144,2048,layered,512/512/512,graph,11,24.1443,16.8252,24.1898,24.1443,
25,8,262144,2048,layered,512/512/512,graph,12,24.1525,17.0679,24.2001,24.1525,
25,8,262144,2048,layered,512/512/512,graph,13,24.2974,17.8917,24.3410,24.2974,
25,8,262144,2048,layered,512/512/512,graph,14,24.1152,17.6171,24.1777,24.1152,
25,8,262144,2048,layered,512/512/512,graph,15,24.1961,17.6171,24.2415,24.1961,
25,8,262144,2048,layered,512/512/512,graph,16,23.9871,17.6171,24.0344,23.9871,
25,8,262144,2048,layered,512/512/512,graph,17,23.8996,17.6171,23.9439,23.8996,
25,8,262144,2048,layered,512/512/512,graph,18,23.7194,17.3425,23.7634,23.7194,
25,8,262144,2048,layered,512/512/512,graph,19,24.1761,16.5506,24.2231,24.1761,
25,8,262144,2048,layered,512/512/512,graph,20,23.9240,17.6171,23.9686,23.9240,
25,8,262144,2048,layered,512/512/512,graph,21,24.2097,17.3425,24.2526,24.2097,
25,8,262144,2048,layered,512/512/512,graph,22,24.4403,17.0998,24.4868,24.4403,
25,8,262144,2048,layered,512/512/512,graph,23,24.2508,17.3425,24.2949,24.2508,
25,8,262144,2048,layered,512/512/512,graph,24,23.6161,17.3425,23.6612,23.6161,
25,8,262144,2048,layered,512/512/512,graph,25,24.0927,17.8917,24.1370,24.0927,
25,8,262144,2048,layered,512/512/512,graph,26,24.2066,17.3425,24.2496,24.2066,
25,8,262144,2048,layered,512/512/512,graph,27,24.0805,16.8252,24.1303,24.0805,
25,8,262144,2048,layered,512/512/512,graph,28,24.1378,17.0679,24.1811,24.1378,
25,8,262144,2048,layered,512/512/512,graph,29,24.0931,17.0998,24.1386,24.0931,
25,8,262144,2048,layered,512/512/512,graph,30,24.3300,17.3425,24.3743,24.3300,
25,8,262144,2048,layered,512/512/512,graph,31,24.0497,17.0998,24.0958,24.0497,
25,8,262144,2048,layered,512/512/512,graph,32,24.1388,17.0679,24.1822,24.1388,
25,8,262144,2048,layered,512/512/512,graph,33,23.6885,17.6171,23.7335,23.6885,
25,8,262144,2048,layered,512/512/512,graph,34,24.2071,17.3425,24.2553,24.2071,
25,8,262144,2048,layered,512/512/512,graph,35,24.5344,17.6490,24.5817,24.5344,
25,8,262144,2048,layered,512/512/512,graph,36,24.1061,16.7934,24.1507,24.1061,
25,8,262144,2048,layered,512/512/512,graph,37,23.6111,17.3425,23.6567,23.6111,
25,8,262144,2048,layered,512/512/512,graph,38,24.0253,17.6171,24.0690,24.0253,
25,8,262144,2048,layered,512/512/512,graph,39,24.1932,16.5506,24.2388,24.1932,
25,8,262144,2048,layered,512/512/512,graph,40,24.2150,16.8252,24.2623,24.2150,
25,8,262144,2048,layered,512/512/512,graph,41,24.4120,16.7934,24.4584,24.4120,
25,8,262144,2048,layered,512/512/512,graph,42,23.9259,17.8917,23.9670,23.9259,
25,8,262144,2048,layered,512/512/512,graph,43,24.2270,17.3425,24.2739,24.2270,
25,8,262144,2048,layered,512/512/512,graph,44,23.8431,17.3425,23.8876,23.8431,
25,8,262144,2048,layered,512/512/512,graph,45,24.1228,17.8917,24.1700,24.1228,
25,8,262144,2048,layered,512/512/512,graph,46,23.9712,17.8917,24.0170,23.9712,
25,8,262144,2048,layered,512/512/512,graph,47,24.0833,16.5506,24.1308,24.0833,
25,8,262144,2048,layered,512/512/512,graph,48,23.9857,17.3425,24.0301,23.9857,
25,8,262144,2048,layered,512/512/512,graph,49,24.1018,17.0679,24.1470,24.1018,
25,8,262144,2048,layered,512/512/512,graph,50,23.8244,17.3425,23.8765,23.8244,
25,8,262144,2048,layered,512/512/512,graph,51,23.8456,17.6171,23.8932,23.8456,
25,8,262144,2048,layered,512/512/512,graph,52,24.0156,17.3425,24.0612,24.0156,
25,8,262144,2048,layered,512/512/512,graph,53,24.0738,17.0998,24.1210,24.0738,
25,8,262144,2048,layered,512/512/512,graph,54,24.2676,17.0679,24.3120,24.2676,
25,8,262144,2048,layered,512/512/512,graph,55,24.2508,17.3744,24.3008,24.2508,
25,8,262144,2048,layered,512/512/512,graph,56,24.2270,16.5188,24.2713,24.2270,
25,8,262144,2048,layered,512/512/512,graph,57,23.9272,17.3744,23.9831,23.9272,
25,8,262144,2048,layered,512/512/512,graph,58,24.4068,16.7934,24.4566,24.4068,
25,8,262144,2048,layered,512/512/512,graph,59,23.9041,17.6490,23.9512,23.9041,
25,8,262144,2048,layered,512/512/512,graph,60,24.2369,16.7934,24.2832,24.2369,
25,8,262144,2048,layered,512/512/512,graph,61,24.0376,17.9235,24.0840,24.0376,
25,8,262144,2048,layered,512/512/512,graph,62,24.1810,16.5188,24.2246,24.1810,
25,8,262144,2048,layered,512/512/512,graph,63,23.9639,17.6490,24.0107,23.9639,
25,8,262144,2048,layered,512/512/512,graph,64,24.2284,16.2442,24.2829,24.2284,
25,8,262144,2048,layered,512/512/512,graph,65,24.2038,18.1981,24.2545,24.2038,
25,8,262144,2048,layered,512/512/512,graph,66,24.0365,16.5188,24.0858,24.0365,
25,8,262144,2048,layered,512/512/512,graph,67,24.2863,17.3744,24.3319,24.2863,
25,8,262144,2048,layered,512/512/512,graph,68,23.7001,16.2442,23.7657,23.7001,
25,8,262144,2048,layered,512/512/512,graph,69,24.2316,17.3744,24.2817,24.2316,
25,8,262144,2048,layered,512/512/512,graph,70,22.4092,16.7615,22.4626,22.4092,
25,8,262144,2048,layered,512/512/512,graph,71,24.2772,17.3744,24.3244,24.2772,
25,8,262144,2048,layered,512/512/512,graph,72,23.6092,16.2442,23.6588,23.6092,
25,8,262144,2048,layered,512/512/512,graph,73,24.4481,17.3744,24.4944,24.4481,
25,8,262144,2048,layered,512/512/512,graph,74,23.8276,16.2442,23.8706,23.8276,
25,8,262144,2048,layered,512/512/512,graph,75,24.0430,17.6490,24.0869,24.0430,
25,8,262144,2048,layered,512/512/512,graph,76,23.8382,16.2442,23.8815,23.8382,
25,8,262144,2048,layered,512/512/512,graph,77,24.1817,17.6490,24.2262,24.1817,
25,8,262144,2048,layered,512/512/512,graph,78,22.4266,16.2124,22.4695,22.4266,
25,8,262144,2048,layered,512/512/512,graph,79,23.9836,17.6490,24.0340,23.9836,
25,8,262144,2048,layered,512/512/512,graph,80,24.1119,16.5188,24.1593,24.1119,
25,8,262144,2048,layered,512/512/512,graph,81,24.1419,17.6490,24.1886,24.1419,
25,8,262144,2048,layered,512/512/512,graph,82,24.2655,16.5188,24.3111,24.2655,
25,8,262144,2048,layered,512/512/512,graph,83,24.3523,17.9235,24.4066,24.3523,
25,8,262144,2048,layered,512/512/512,graph,84,24.2010,15.9696,24.2488,24.2010,
25,8,262144,2048,layered,512/512/512,graph,85,24.1344,17.6490,24.1791,24.1344,
25,8,262144,2048,layered,512/512/512,graph,86,24.2609,16.7934,24.3059,24.2609,
25,8,262144,2048,layered,512/512/512,graph,87,24.3022,17.3744,24.3472,24.3022,
25,8,262144,2048,layered,512/512/512,graph,88,24.3014,17.0679,24.3442,24.3014,
25,8,262144,2048,layered,512/512/512,graph,89,24.1094,17.0998,24.1579,24.1094,
25,8,262144,2048,layered,512/512/512,graph,90,24.2793,17.0679,24.3248,24.2793,
25,8,262144,2048,layered,512/512/512,graph,91,23.9374,17.8917,23.9799,23.9374,
25,8,262144,2048,layered,512/512/512,graph,92,24.1824,17.0679,24.2266,24.1824,
25,8,262144,2048,layered,512/512/512,graph,93,24.2374,17.6490,24.2821,24.2374,
25,8,262144,2048,layered,512/512/512,graph,94,24.1172,15.9696,24.1617,24.1172,
25,8,262144,2048,layered,512/512/512,graph,95,23.6808,18.4409,23.7246,23.6808,
25,8,262144,2048,layered,512/512/512,graph,96,23.2869,17.5853,23.3401,23.2869,
25,8,262144,2048,layered,512/512/512,graph,97,24.3327,17.6490,24.3834,24.3327,
25,8,262144,2048,layered,512/512/512,graph,98,24.0144,16.7934,24.0592,24.0144,
25,8,262144,2048,layered,512/512/512,graph,99,24.3291,17.9235,24.3759,24.3291,
25,8,262144,2048,layered,512/512/512,graph,100,23.8981,16.5188,23.9435,23.8981,
25,8,262144,2048,layered,512/512/512,graph,101,24.1419,17.3744,24.1872,24.1419,
25,8,262144,2048,layered,512/512/512,graph,102,24.1626,16.5188,24.2068,24.1626,
25,8,262144,2048,layered,512/512/512,graph,103,24.2439,17.9235,24.2961,24.2439,
25,8,262144,2048,layered,512/512/512,graph,104,22.9883,17.3107,23.0398,22.9883,
25,8,262144,2048,layered,512/512/512,graph,105,23.9153,17.0998,23.9625,23.9153,
25,8,262144,2048,layered,512/512/512,graph,106,24.2944,16.7934,24.3422,24.2944,
25,8,262144,2048,layered,512/512/512,graph,107,23.9007,17.3744,23.9421,23.9007,
25,8,262144,2048,layered,512/512/512,graph,108,24.1143,17.0679,24.1594,24.1143,
25,8,262144,2048,layered,512/512/512,graph,109,23.8400,17.0998,23.8889,23.8400,
25,8,262144,2048,layered,512/512/512,graph,110,24.0670,17.0679,24.1117,24.0670,
25,8,262144,2048,layered,512/512/512,graph,111,23.7178,18.4409,23.7649,23.7178,
25,8,262144,2048,layered,512/512/512,graph,112,23.6537,17.5853,23.6972,23.6537,
25,8,262144,2048,layered,512/512/512,graph,113,24.2429,17.6490,24.2886,24.2429,
25,8,262144,2048,layered,512/512/512,graph,114,24.2920,16.2442,24.3359,24.2920,
25,8,262144,2048,layered,512/512/512,graph,115,24.1708,17.3744,24.2183,24.1708,
25,8,262144,2048,layered,512/512/512,graph,116,24.2231,16.5188,24.2659,24.2231,
25,8,262144,2048,layered,512/512/512,graph,117,23.9440,17.3744,23.9910,23.9440,
25,8,262144,2048,layered,512/512/512,graph,118,24.2186,16.5188,24.2622,24.2186,
25,8,262144,2048,layered,512/512/512,graph,119,24.3386,17.6490,24.3838,24.3386,
25,8,262144,2048,layered,512/512/512,graph,120,24.2989,17.0679,24.3425,24.2989,
25,8,262144,2048,layered,512/512/512,graph,121,24.0154,17.8917,24.0628,24.0154,
25,8,262144,2048,layered,512/512/512,graph,122,23.8130,17.0679,23.8588,23.8130,
25,8,262144,2048,layered,512/512/512,graph,123,24.1531,17.3744,24.1999,24.1531,
25,8,262144,2048,layered,512/512/512,graph,124,23.9950,16.7934,24.0389,23.9950,
25,8,262144,2048,layered,512/512/512,graph,125,24.1715,17.0998,24.2174,24.1715,
25,8,262144,2048,layered,512/512/512,graph,126,24.5984,17.3425,24.6454,24.5984,
25,8,262144,2048,layered,512/512/512,graph,127,24.3145,17.3744,24.3610,24.3145,
25,8,262144,2048,layered,512/512/512,graph,128,24.1916,17.0679,24.2368,24.1916,
25,8,262144,2048,layered,512/512/512,graph,129,24.2287,18.1663,24.2731,24.2287,
25,8,262144,2048,layered,512/512/512,graph,130,24.3406,16.7934,24.3829,24.3406,
25,8,262144,2048,layered,512/512/512,graph,131,24.1153,17.3744,24.1622,24.1153,
25,8,262144,2048,layered,512/512/512,graph,132,24.3430,16.5188,24.3866,24.3430,
25,8,262144,2048,layered,512/512/512,graph,133,23.8497,16.8252,23.8953,23.8497,
25,8,262144,2048,layered,512/512/512,graph,134,23.9559,17.3425,24.0020,23.9559,
25,8,262144,2048,layered,512/512/512,graph,135,23.8093,17.3425,23.8534,23.8093,
25,8,262144,2048,layered,512/512/512,graph,136,23.8132,17.3425,23.8596,23.8132,
25,8,262144,2048,layered,512/512/512,graph,137,23.9351,17.6171,23.9793,23.9351,
25,8,262144,2048,layered,512/512/512,graph,138,23.9832,17.0679,24.0278,23.9832,
25,8,262144,2048,layered,512/512/512,graph,139,24.2798,17.3744,24.3264,24.2798,
25,8,262144,2048,layered,512/512/512,graph,140,24.2548,17.0679,24.3026,24.2548,
25,8,262144,2048,layered,512/512/512,graph,141,24.1993,17.3744,24.2478,24.1993,
25,8,262144,2048,layered,512/512/512,graph,142,24.1878,16.7934,24.2336,24.1878,
25,8,262144,2048,layered,512/512/512,graph,143,23.9477,18.1663,23.9908,23.9477,
25,8,262144,2048,layered,512/512/512,graph,144,23.8605,17.0679,23.9090,23.8605,
25,8,262144,2048,layered,512/512/512,graph,145,23.8289,17.8917,23.8724,23.8289,
25,8,262144,2048,layered,512/512/512,graph,146,24.0383,17.3425,24.0831,24.0383,
25,8,262144,2048,layered,512/512/512,graph,147,24.0308,17.3744,24.0771,24.0308,
25,8,262144,2048,layered,512/512/512,graph,148,23.8194,16.5188,23.8631,23.8194,
25,8,262144,2048,layered,512/512/512,graph,149,24.0254,17.0998,24.0724,24.0254,
25,8,262144,2048,layered,512/512/512,graph,150,23.7350,16.5188,23.7789,23.7350,
25,8,262144,2048,layered,512/512/512,graph,151,24.0402,17.0998,24.0857,24.0402,
25,8,262144,2048,layered,512/512/512,graph,152,24.1877,17.0679,24.2306,24.1877,
25,8,262144,2048,layered,512/512/512,graph,153,23.8792,18.1663,23.9228,23.8792,
25,8,262144,2048,layered,512/512/512,graph,154,24.0500,16.7934,24.1008,24.0500,
25,8,262144,2048,layered,512/512/512,graph,155,24.1203,17.3744,24.1767,24.1203,
25,8,262144,2048,layered,512/512/512,graph,156,22.9082,16.7615,22.9552,22.9082,
25,8,262144,2048,layered,512/512/512,graph,157,24.0231,17.3744,24.0711,24.0231,
25,8,262144,2048,layered,512/512/512,graph,158,24.2025,15.7268,24.2487,24.2025,
25,8,262144,2048,layered,512/512/512,graph,159,24.0918,17.6490,24.1376,24.0918,
25,8,262144,2048,layered,512/512/512,graph,160,24.5970,16.5188,24.6397,24.5970,
25,8,262144,2048,layered,512/512/512,graph,161,24.1041,17.9235,24.1494,24.1041,
25,8,262144,2048,layered,512/512/512,graph,162,24.2780,17.0679,24.3222,24.2780,
25,8,262144,2048,layered,512/512/512,graph,163,23.3927,17.8917,23.4352,23.3927,
25,8,262144,2048,layered,512/512/512,graph,164,24.3532,17.3425,24.3990,24.3532,
25,8,262144,2048,layered,512/512/512,graph,165,24.0517,16.8252,24.0956,24.0517,
25,8,262144,2048,layered,512/512/512,graph,166,24.3935,15.7268,24.4381,24.3935,
25,8,262144,2048,layered,512/512/512,graph,167,24.2297,17.0998,24.2745,24.2297,
25,8,262144,2048,layered,512/512/512,graph,168,24.0431,16.2442,24.0942,24.0431,
25,8,262144,2048,layered,512/512/512,graph,169,23.9287,17.3744,23.9797,23.9287,
25,8,262144,2048,layered,512/512/512,graph,170,22.5146,16.4869,22.5606,22.5146,
25,8,262144,2048,layered,512/512/512,graph,171,24.1501,17.6490,24.1953,24.1501,
25,8,262144,2048,layered,512/512/512,graph,172,22.5224,16.7615,22.5676,22.5224,
25,8,262144,2048,layered,512/512/512,graph,173,24.1711,16.8252,24.2175,24.1711,
25,8,262144,2048,layered,512/512/512,graph,174,24.1627,15.7268,24.2092,24.1627,
25,8,262144,2048,layered,512/512/512,graph,175,24.0848,17.3744,24.1297,24.0848,
25,8,262144,2048,layered,512/512/512,graph,176,23.3930,15.9696,23.4364,23.3930,
25,8,262144,2048,layered,512/512/512,graph,177,24.3583,17.9235,24.4039,24.3583,
25,8,262144,2048,layered,512/512/512,graph,178,22.7444,16.7615,22.7879,22.7444,
25,8,262144,2048,layered,512/512/512,graph,179,24.2888,18.1981,24.3346,24.2888,
25,8,262144,2048,layered,512/512/512,graph,180,23.1807,16.4869,23.2237,23.1807,
25,8,262144,2048,layered,512/512/512,graph,181,24.0495,17.6490,24.0936,24.0495,
25,8,262144,2048,layered,512/512/512,graph,182,24.3317,16.5188,24.3751,24.3317,
25,8,262144,2048,layered,512/512/512,graph,183,24.2100,17.3744,24.2537,24.2100,
25,8,262144,2048,layered,512/512/512,graph,184,24.1971,16.5188,24.2404,24.1971,
25,8,262144,2048,layered,512/512/512,graph,185,23.9983,17.6490,24.0440,23.9983,
25,8,262144,2048,layered,512/512/512,graph,186,23.0733,16.7615,23.1164,23.0733,
25,8,262144,2048,layered,512/512/512,graph,187,24.0848,17.3744,24.1330,24.0848,
25,8,262144,2048,layered,512/512/512,graph,188,24.3710,17.3425,24.4224,24.3710,
25,8,262144,2048,layered,512/512/512,graph,189,24.0225,18.1663,24.0661,24.0225,
25,8,262144,2048,layered,512/512/512,graph,190,24.1164,17.3425,24.1607,24.1164,
25,8,262144,2048,layered,512/512/512,graph,191,23.8505,17.3744,23.9003,23.8505,
25,8,262144,2048,layered,512/512/512,graph,192,24.2597,16.5188,24.3026,24.2597,
25,8,262144,2048,layered,512/512/512,graph,193,24.0675,17.0998,24.1126,24.0675,
25,8,262144,2048,layered,512/512/512,graph,194,24.3688,17.3425,24.4133,24.3688,
25,8,262144,2048,layered,512/512/512,graph,195,24.2346,17.6490,24.2868,24.2346,
25,8,262144,2048,layered,512/512/512,graph,196,24.3439,16.5188,24.3890,24.3439,
25,8,262144,2048,layered,512/512/512,graph,197,23.7344,18.7155,23.7817,23.7344,
25,8,262144,2048,layered,512/512/512,graph,198,24.2250,17.0679,24.2926,24.2250,
25,8,262144,2048,layered,512/512/512,graph,199,24.2808,17.3744,24.3266,24.2808,
25,8,262144,2048,layered,2048/2048/2048,graph,0,21.4848,15.0503,21.5530,21.4848,
25,8,262144,2048,layered,2048/2048/2048,graph,1,21.5024,15.0503,21.5465,21.5024,
25,8,262144,2048,layered,2048/2048/2048,graph,2,21.5113,15.0503,21.5552,21.5113,
25,8,262144,2048,layered,2048/2048/2048,graph,3,21.5784,15.0503,21.6262,21.5784,
25,8,262144,2048,layered,2048/2048/2048,graph,4,21.5766,15.0503,21.6256,21.5766,
25,8,262144,2048,layered,2048/2048/2048,graph,5,21.6473,15.0503,21.6929,21.6473,
25,8,262144,2048,layered,2048/2048/2048,graph,6,21.2086,15.0503,21.3363,21.2086,
25,8,262144,2048,layered,2048/2048/2048,graph,7,21.2930,15.0503,21.3375,21.2930,
25,8,262144,2048,layered,2048/2048/2048,graph,8,21.7285,15.0503,21.7718,21.7285,
25,8,262144,2048,layered,2048/2048/2048,graph,9,21.6655,15.0503,21.7088,21.6655,
25,8,262144,2048,layered,2048/2048/2048,graph,10,21.7223,15.0503,21.7656,21.7223,
25,8,262144,2048,layered,2048/2048/2048,graph,11,21.7343,15.0503,21.7779,21.7343,
25,8,262144,2048,layered,2048/2048/2048,graph,12,21.6907,15.0503,21.7377,21.6907,
25,8,262144,2048,layered,2048/2048/2048,graph,13,21.6117,15.0503,21.6631,21.6117,
25,8,262144,2048,layered,2048/2048/2048,graph,14,21.6006,15.0503,21.6471,21.6006,
25,8,262144,2048,layered,2048/2048/2048,graph,15,21.5397,15.0503,21.5862,21.5397,
25,8,262144,2048,layered,2048/2048/2048,graph,16,21.5277,15.0503,21.5725,21.5277,
25,8,262144,2048,layered,2048/2048/2048,graph,17,21.4382,15.0503,21.4892,21.4382,
25,8,262144,2048,layered,2048/2048/2048,graph,18,21.4505,15.0503,21.4950,21.4505,
25,8,262144,2048,layered,2048/2048/2048,graph,19,21.4117,15.0503,21.4558,21.4117,
25,8,262144,2048,layered,2048/2048/2048,graph,20,21.4288,15.0503,21.4733,21.4288,
25,8,262144,2048,layered,2048/2048/2048,graph,21,21.4461,15.0503,21.4936,21.4461,
25,8,262144,2048,layered,2048/2048/2048,graph,22,21.4537,15.0503,21.4977,21.4537,
25,8,262144,2048,layered,2048/2048/2048,graph,23,21.5673,15.0503,21.6108,21.5673,
25,8,262144,2048,layered,2048/2048/2048,graph,24,21.5516,15.0503,21.5954,21.5516,
25,8,262144,2048,layered,2048/2048/2048,graph,25,21.6128,15.0503,21.6581,21.6128,
25,8,262144,2048,layered,2048/2048/2048,graph,26,21.6097,15.0503,21.6532,21.6097,
25,8,262144,2048,layered,2048/2048/2048,graph,27,21.6629,15.0503,21.7071,21.6629,
25,8,262144,2048,layered,2048/2048/2048,graph,28,21.6493,15.0503,21.6927,21.6493,
25,8,262144,2048,layered,2048/2048/2048,graph,29,21.7191,15.0503,21.7626,21.7191,
25,8,262144,2048,layered,2048/2048/2048,graph,30,21.6520,15.0503,21.6990,21.6520,
25,8,262144,2048,layered,2048/2048/2048,graph,31,21.7457,15.0503,21.7913,21.7457,
25,8,262144,2048,layered,2048/2048/2048,graph,32,21.7383,15.0503,21.7850,21.7383,
25,8,262144,2048,layered,2048/2048/2048,graph,33,21.7670,15.0503,21.8133,21.7670,
25,8,262144,2048,layered,2048/2048/2048,graph,34,21.7407,15.0503,21.7849,21.7407,
25,8,262144,2048,layered,2048/2048/2048,graph,35,21.7471,15.0503,21.7916,21.7471,
25,8,262144,2048,layered,2048/2048/2048,graph,36,21.7517,15.0503,21.7966,21.7517,
25,8,262144,2048,layered,2048/2048/2048,graph,37,21.7623,15.0503,21.8061,21.7623,
25,8,262144,2048,layered,2048/2048/2048,graph,38,21.7530,15.0503,21.7968,21.7530,
25,8,262144,2048,layered,2048/2048/2048,graph,39,21.6840,15.0503,21.7336,21.6840,
25,8,262144,2048,layered,2048/2048/2048,graph,40,21.7162,15.0503,21.7597,21.7162,
25,8,262144,2048,layered,2048/2048/2048,graph,41,21.6356,15.0503,21.6794,21.6356,
25,8,262144,2048,layered,2048/2048/2048,graph,42,21.6225,15.0503,21.6645,21.6225,
25,8,262144,2048,layered,2048/2048/2048,graph,43,21.5976,15.0503,21.6459,21.5976,
25,8,262144,2048,layered,2048/2048/2048,graph,44,21.5840,15.0503,21.6348,21.5840,
25,8,262144,2048,layered,2048/2048/2048,graph,45,21.4877,15.0503,21.5338,21.4877,
25,8,262144,2048,layered,2048/2048/2048,graph,46,21.5171,15.0503,21.5627,21.5171,
25,8,262144,2048,layered,2048/2048/2048,graph,47,21.5763,15.0503,21.6201,21.5763,
25,8,262144,2048,layered,2048/2048/2048,graph,48,21.5747,15.0503,21.6194,21.5747,
25,8,262144,2048,layered,2048/2048/2048,graph,49,21.5826,15.0503,21.6276,21.5826,
25,8,262144,2048,layered,2048/2048/2048,graph,50,21.5608,15.0503,21.6121,21.5608,
25,8,262144,2048,layered,2048/2048/2048,graph,51,21.6404,15.0503,21.6874,21.6404,
25,8,262144,2048,layered,2048/2048/2048,graph,52,21.6316,15.0503,21.6780,21.6316,
25,8,262144,2048,layered,2048/2048/2048,graph,53,21.6497,15.0503,21.6990,21.6497,
25,8,262144,2048,layered,2048/2048/2048,graph,54,21.6627,15.0503,21.7121,21.6627,
25,8,262144,2048,layered,2048/2048/2048,graph,55,21.6342,15.0503,21.6801,21.6342,
25,8,262144,2048,layered,2048/2048/2048,graph,56,21.5855,15.0503,21.6312,21.5855,
25,8,262144,2048,layered,2048/2048/2048,graph,57,21.5578,15.0503,21.6022,21.5578,
25,8,262144,2048,layered,2048/2048/2048,graph,58,21.5346,15.0503,21.5795,21.5346,
25,8,262144,2048,layered,2048/2048/2048,graph,59,21.5035,15.0503,21.5483,21.5035,
25,8,262144,2048,layered,2048/2048/2048,graph,60,21.4941,15.0503,21.5374,21.4941,
25,8,262144,2048,layered,2048/2048/2048,graph,61,21.4647,15.0503,21.5147,21.4647,
25,8,262144,2048,layered,2048/2048/2048,graph,62,21.4561,15.0503,21.4991,21.4561,
25,8,262144,2048,layered,2048/2048/2048,graph,63,21.5099,15.0503,21.5540,21.5099,
25,8,262144,2048,layered,2048/2048/2048,graph,64,21.4104,15.0503,21.4543,21.4104,
25,8,262144,2048,layered,2048/2048/2048,graph,65,21.5109,15.0503,21.5534,21.5109,
25,8,262144,2048,layered,2048/2048/2048,graph,66,21.1855,14.7758,21.2289,21.1855,
25,8,262144,2048,layered,2048/2048/2048,graph,67,20.7901,14.7758,20.8337,20.7901,
25,8,262144,2048,layered,2048/2048/2048,graph,68,20.5302,14.5012,20.5750,20.5302,
25,8,262144,2048,layered,2048/2048/2048,graph,69,20.1162,14.5012,20.1601,20.1162,
25,8,262144,2048,layered,2048/2048/2048,graph,70,19.8882,14.2266,19.9321,19.8882,
25,8,262144,2048,layered,2048/2048/2048,graph,71,23.2441,13.4346,23.2908,23.2441,
25,8,262144,2048,layered,2048/2048/2048,graph,72,19.9209,14.2266,19.9654,19.9209,
25,8,262144,2048,layered,2048/2048/2048,graph,73,19.7724,14.5012,19.8206,19.7724,
25,8,262144,2048,layered,2048/2048/2048,graph,74,20.2179,14.5012,20.2610,20.2179,
25,8,262144,2048,layered,2048/2048/2048,graph,75,20.4913,14.7758,20.5421,20.4913,
25,8,262144,2048,layered,2048/2048/2048,graph,76,20.9393,14.7758,20.9829,20.9393,
25,8,262144,2048,layered,2048/2048/2048,graph,77,21.1638,15.0503,21.2085,21.1638,
25,8,262144,2048,layered,2048/2048/2048,graph,78,21.7564,15.0503,21.7998,21.7564,
25,8,262144,2048,layered,2048/2048/2048,graph,79,21.6756,15.0503,21.7189,21.6756,
25,8,262144,2048,layered,2048/2048/2048,graph,80,21.7948,15.0503,21.8388,21.7948,
25,8,262144,2048,layered,2048/2048/2048,graph,81,21.8145,15.0503,21.8590,21.8145,
25,8,262144,2048,layered,2048/2048/2048,graph,82,21.8067,15.0503,21.8498,21.8067,
25,8,262144,2048,layered,2048/2048/2048,graph,83,21.8276,15.0503,21.8717,21.8276,
25,8,262144,2048,layered,2048/2048/2048,graph,84,21.6994,15.0503,21.7426,21.6994,
25,8,262144,2048,layered,2048/2048/2048,graph,85,21.7072,15.0503,21.7507,21.7072,
25,8,262144,2048,layered,2048/2048/2048,graph,86,21.6564,15.0503,21.6993,21.6564,
25,8,262144,2048,layered,2048/2048/2048,graph,87,21.6298,15.0503,21.6737,21.6298,
25,8,262144,2048,layered,2048/2048/2048,graph,88,21.5453,15.0503,21.5888,21.5453,
25,8,262144,2048,layered,2048/2048/2048,graph,89,21.5572,15.0503,21.6004,21.5572,
25,8,262144,2048,layered,2048/2048/2048,graph,90,21.4836,15.0503,21.5273,21.4836,
25,8,262144,2048,layered,2048/2048/2048,graph,91,21.4598,15.0503,21.5055,21.4598,
25,8,262144,2048,layered,2048/2048/2048,graph,92,21.4328,15.0503,21.4760,21.4328,
25,8,262144,2048,layered,2048/2048/2048,graph,93,21.4595,15.0503,21.5035,21.4595,
25,8,262144,2048,layered,2048/2048/2048,graph,94,21.4624,15.0503,21.5072,21.4624,
25,8,262144,2048,layered,2048/2048/2048,graph,95,21.4763,15.0503,21.5211,21.4763,
25,8,262144,2048,layered,2048/2048/2048,graph,96,21.5014,15.0503,21.5517,21.5014,
25,8,262144,2048,layered,2048/2048/2048,graph,97,21.4724,15.0503,21.5157,21.4724,
25,8,262144,2048,layered,2048/2048/2048,graph,98,21.5687,15.0503,21.6124,21.5687,
25,8,262144,2048,layered,2048/2048/2048,graph,99,21.5692,15.0503,21.6131,21.5692,
25,8,262144,2048,layered,2048/2048/2048,graph,100,21.6541,15.0503,21.7036,21.6541,
25,8,262144,2048,layered,2048/2048/2048,graph,101,21.6255,15.0503,21.6720,21.6255,
25,8,262144,2048,layered,2048/2048/2048,graph,102,21.7528,15.0503,21.7986,21.7528,
25,8,262144,2048,layered,2048/2048/2048,graph,103,21.7091,15.0503,21.7524,21.7091,
25,8,262144,2048,layered,2048/2048/2048,graph,104,21.7393,15.0503,21.7841,21.7393,
25,8,262144,2048,layered,2048/2048/2048,graph,105,21.7248,15.0503,21.7685,21.7248,
25,8,262144,2048,layered,2048/2048/2048,graph,106,21.7248,15.0503,21.7693,21.7248,
25,8,262144,2048,layered,2048/2048/2048,graph,107,21.7628,15.0503,21.8028,21.7628,
25,8,262144,2048,layered,2048/2048/2048,graph,108,21.6473,15.0503,21.6903,21.6473,
25,8,262144,2048,layered,2048/2048/2048,graph,109,21.6358,15.0503,21.6805,21.6358,
25,8,262144,2048,layered,2048/2048/2048,graph,110,21.5786,15.0503,21.6217,21.5786,
25,8,262144,2048,layered,2048/2048/2048,graph,111,21.5750,15.0503,21.6197,21.5750,
25,8,262144,2048,layered,2048/2048/2048,graph,112,21.5038,15.0503,21.5482,21.5038,
25,8,262144,2048,layered,2048/2048/2048,graph,113,21.5118,15.0503,21.5556,21.5118,
25,8,262144,2048,layered,2048/2048/2048,graph,114,21.4327,15.0503,21.4924,21.4327,
25,8,262144,2048,layered,2048/2048/2048,graph,115,21.3914,15.0503,21.4348,21.3914,
25,8,262144,2048,layered,2048/2048/2048,graph,116,21.4425,15.0503,21.4862,21.4425,
25,8,262144,2048,layered,2048/2048/2048,graph,117,21.4286,15.0503,21.4722,21.4286,
25,8,262144,2048,layered,2048/2048/2048,graph,118,21.5004,15.0503,21.5439,21.5004,
25,8,262144,2048,layered,2048/2048/2048,graph,119,21.4720,15.0503,21.5157,21.4720,
25,8,262144,2048,layered,2048/2048/2048,graph,120,21.5573,15.0503,21.6018,21.5573,
25,8,262144,2048,layered,2048/2048/2048,graph,121,21.6177,15.0503,21.6620,21.6177,
25,8,262144,2048,layered,2048/2048/2048,graph,122,21.6615,15.0503,21.7054,21.6615,
25,8,262144,2048,layered,2048/2048/2048,graph,123,21.6255,15.0503,21.6693,21.6255,
25,8,262144,2048,layered,2048/2048/2048,graph,124,21.7104,15.0503,21.7551,21.7104,
25,8,262144,2048,layered,2048/2048/2048,graph,125,21.7251,15.0503,21.7690,21.7251,
25,8,262144,2048,layered,2048/2048/2048,graph,126,21.7239,15.0503,21.7667,21.7239,
25,8,262144,2048,layered,2048/2048/2048,graph,127,21.6974,15.0503,21.7434,21.6974,
25,8,262144,2048,layered,2048/2048/2048,graph,128,21.7574,15.0503,21.8065,21.7574,
25,8,262144,2048,layered,2048/2048/2048,graph,129,21.7372,15.0503,21.7833,21.7372,
25,8,262144,2048,layered,2048/2048/2048,graph,130,21.8509,15.0503,21.8958,21.8509,
25,8,262144,2048,layered,2048/2048/2048,graph,131,21.8183,15.0503,21.8620,21.8183,
25,8,262144,2048,layered,2048/2048/2048,graph,132,21.7816,15.0503,21.8268,21.7816,
25,8,262144,2048,layered,2048/2048/2048,graph,133,21.7968,15.0503,21.8461,21.7968,
25,8,262144,2048,layered,2048/2048/2048,graph,134,21.7726,15.0503,21.8201,21.7726,
25,8,262144,2048,layered,2048/2048/2048,graph,135,21.7023,15.0503,21.7497,21.7023,
25,8,262144,2048,layered,2048/2048/2048,graph,136,21.6919,15.0503,21.7395,21.6919,
25,8,262144,2048,layered,2048/2048/2048,graph,137,21.6624,15.0503,21.7079,21.6624,
25,8,262144,2048,layered,2048/2048/2048,graph,138,21.6620,15.0503,21.7075,21.6620,
25,8,262144,2048,layered,2048/2048/2048,graph,139,21.6081,15.0503,21.6524,21.6081,
25,8,262144,2048,layered,2048/2048/2048,graph,140,21.5637,15.0503,21.6084,21.5637,
25,8,262144,2048,layered,2048/2048/2048,graph,141,21.5485,15.0503,21.5922,21.5485,
25,8,262144,2048,layered,2048/2048/2048,graph,142,23.2840,15.0503,23.3299,23.2840,
25,8,262144,2048,layered,2048/2048/2048,graph,143,21.5843,15.0503,21.6317,21.5843,
25,8,262144,2048,layered,2048/2048/2048,graph,144,21.5833,15.0503,21.6310,21.5833,
25,8,262144,2048,layered,2048/2048/2048,graph,145,21.6086,15.0503,21.6548,21.6086,
25,8,262144,2048,layered,2048/2048/2048,graph,146,21.6227,15.0503,21.6683,21.6227,
25,8,262144,2048,layered,2048/2048/2048,graph,147,21.6445,15.0503,21.6896,21.6445,
25,8,262144,2048,layered,2048/2048/2048,graph,148,21.6843,15.0503,21.7286,21.6843,
25,8,262144,2048,layered,2048/2048/2048,graph,149,21.6824,15.0503,21.7309,21.6824,
25,8,262144,2048,layered,2048/2048/2048,graph,150,21.6841,15.0503,21.7276,21.6841,
25,8,262144,2048,layered,2048/2048/2048,graph,151,21.6413,15.0503,21.6837,21.6413,
25,8,262144,2048,layered,2048/2048/2048,graph,152,21.5658,15.0503,21.6093,21.5658,
25,8,262144,2048,layered,2048/2048/2048,graph,153,21.5432,15.0503,21.5866,21.5432,
25,8,262144,2048,layered,2048/2048/2048,graph,154,21.5228,15.0503,21.5677,21.5228,
25,8,262144,2048,layered,2048/2048/2048,graph,155,21.4866,15.0503,21.5299,21.4866,
25,8,262144,2048,layered,2048/2048/2048,graph,156,21.4934,15.0503,21.5372,21.4934,
25,8,262144,2048,layered,2048/2048/2048,graph,157,21.4747,15.0503,21.5186,21.4747,
25,8,262144,2048,layered,2048/2048/2048,graph,158,21.4884,15.0503,21.5351,21.4884,
25,8,262144,2048,layered,2048/2048/2048,graph,159,21.4396,15.0503,21.4908,21.4396,
25,8,262144,2048,layered,2048/2048/2048,graph,160,21.5099,15.0503,21.5582,21.5099,
25,8,262144,2048,layered,2048/2048/2048,graph,161,21.2308,14.7758,21.2759,21.2308,
25,8,262144,2048,layered,2048/2048/2048,graph,162,20.8569,14.7758,20.9016,20.8569,
25,8,262144,2048,layered,2048/2048/2048,graph,163,20.5887,14.5012,20.6328,20.5887,
25,8,262144,2048,layered,2048/2048/2048,graph,164,20.1719,14.5012,20.2163,20.1719,
25,8,262144,2048,layered,2048/2048/2048,graph,165,19.9325,14.2266,19.9832,19.9325,
25,8,262144,2048,layered,2048/2048/2048,graph,166,23.3149,13.4346,23.3606,23.3149,
25,8,262144,2048,layered,2048/2048/2048,graph,167,19.9668,14.2266,20.0103,19.9668,
25,8,262144,2048,layered,2048/2048/2048,graph,168,19.7870,14.5012,19.8298,19.7870,
25,8,262144,2048,layered,2048/2048/2048,graph,169,20.2271,14.5012,20.2699,20.2271,
25,8,262144,2048,layered,2048/2048/2048,graph,170,20.4661,14.7758,20.5241,20.4661,
25,8,262144,2048,layered,2048/2048/2048,graph,171,20.9678,14.7758,21.0173,20.9678,
25,8,262144,2048,layered,2048/2048/2048,graph,172,21.2385,15.0503,21.2818,21.2385,
25,8,262144,2048,layered,2048/2048/2048,graph,173,21.7290,15.0503,21.7727,21.7290,
25,8,262144,2048,layered,2048/2048/2048,graph,174,21.7415,15.0503,21.7930,21.7415,
25,8,262144,2048,layered,2048/2048/2048,graph,175,21.8497,15.0503,21.8934,21.8497,
25,8,262144,2048,layered,2048/2048/2048,graph,176,21.8148,15.0503,21.8586,21.8148,
25,8,262144,2048,layered,2048/2048/2048,graph,177,21.7901,15.0503,21.8358,21.7901,
25,8,262144,2048,layered,2048/2048/2048,graph,178,21.7953,15.0503,21.8435,21.7953,
25,8,262144,2048,layered,2048/2048/2048,graph,179,21.7564,15.0503,21.8030,21.7564,
25,8,262144,2048,layered,2048/2048/2048,graph,180,21.6918,15.0503,21.7367,21.6918,
25,8,262144,2048,layered,2048/2048/2048,graph,181,21.6211,15.0503,21.6658,21.6211,
25,8,262144,2048,layered,2048/2048/2048,graph,182,21.6291,15.0503,21.6747,21.6291,
25,8,262144,2048,layered,2048/2048/2048,graph,183,21.5637,15.0503,21.6134,21.5637,
25,8,262144,2048,layered,2048/2048/2048,graph,184,21.5436,15.0503,21.5881,21.5436,
25,8,262144,2048,layered,2048/2048/2048,graph,185,21.4702,15.0503,21.5148,21.4702,
25,8,262144,2048,layered,2048/2048/2048,graph,186,21.4620,15.0503,21.5060,21.4620,
25,8,262144,2048,layered,2048/2048/2048,graph,187,21.4811,15.0503,21.5322,21.4811,
25,8,262144,2048,layered,2048/2048/2048,graph,188,21.4363,15.0503,21.4853,21.4363,
25,8,262144,2048,layered,2048/2048/2048,graph,189,21.4366,15.0503,21.4818,21.4366,
25,8,262144,2048,layered,2048/2048/2048,graph,190,21.4725,15.0503,21.5161,21.4725,
25,8,262144,2048,layered,2048/2048/2048,graph,191,21.5081,15.0503,21.5523,21.5081,
25,8,262144,2048,layered,2048/2048/2048,graph,192,21.5041,15.0503,21.5477,21.5041,
25,8,262144,2048,layered,2048/2048/2048,graph,193,21.5670,15.0503,21.6104,21.5670,
25,8,262144,2048,layered,2048/2048/2048,graph,194,21.5574,15.0503,21.6017,21.5574,
25,8,262144,2048,layered,2048/2048/2048,graph,195,21.6460,15.0503,21.6889,21.6460,
25,8,262144,2048,layered,2048/2048/2048,graph,196,21.6502,15.0503,21.7029,21.6502,
25,8,262144,2048,layered,2048/2048/2048,graph,197,21.7488,15.0503,21.7971,21.7488,
25,8,262144,2048,layered,2048/2048/2048,graph,198,21.7038,15.0503,21.7493,21.7038,
25,8,262144,2048,layered,2048/2048/2048,graph,199,21.7164,15.0503,21.7618,21.7164,
25,8,262144,2048,layered,256/256/256,graph,0,23.7468,19.3601,23.7932,23.7468,
25,8,262144,2048,layered,256/256/256,graph,1,23.7474,19.9093,23.7913,23.7474,
25,8,262144,2048,layered,256/256/256,graph,2,23.6111,19.6347,23.6549,23.6111,
25,8,262144,2048,layered,256/256/256,graph,3,23.7035,19.1174,23.7474,23.7035,
25,8,262144,2048,layered,256/256/256,graph,4,22.1496,19.2965,22.1934,22.1496,
25,8,262144,2048,layered,256/256/256,graph,5,23.9060,19.1174,23.9553,23.9060,
25,8,262144,2048,layered,256/256/256,graph,6,23.9709,18.5682,24.0169,23.9709,
25,8,262144,2048,layered,256/256/256,graph,7,23.4277,19.6347,23.4732,23.4277,
25,8,262144,2048,layered,256/256/256,graph,8,23.4564,19.0856,23.5094,23.4564,
25,8,262144,2048,layered,256/256/256,graph,9,22.6666,19.8775,22.7107,22.6666,
25,8,262144,2048,layered,256/256/256,graph,10,23.7090,19.3601,23.7539,23.7090,
25,8,262144,2048,layered,256/256/256,graph,11,23.4841,19.6347,23.5279,23.4841,
25,8,262144,2048,layered,256/256/256,graph,12,22.7204,20.1203,22.7692,22.7204,
25,8,262144,2048,layered,256/256/256,graph,13,24.0308,19.1174,24.0748,24.0308,
25,8,262144,2048,layered,256/256/256,graph,14,23.8017,18.8428,23.8455,23.8017,
25,8,262144,2048,layered,256/256/256,graph,15,23.5861,19.0856,23.6296,23.5861,
25,8,262144,2048,layered,256/256/256,graph,16,23.5036,18.8428,23.5479,23.5036,
25,8,262144,2048,layered,256/256/256,graph,17,22.2785,19.8457,22.3224,22.2785,
25,8,262144,2048,layered,256/256/256,graph,18,23.4019,19.6347,23.4456,23.4019,
25,8,262144,2048,layered,256/256/256,graph,19,23.9818,19.3601,24.0245,23.9818,
25,8,262144,2048,layered,256/256/256,graph,20,22.8863,19.8775,22.9371,22.8863,
25,8,262144,2048,layered,256/256/256,graph,21,23.7722,18.5682,23.8233,23.7722,
25,8,262144,2048,layered,256/256/256,graph,22,23.8302,18.8428,23.8770,23.8302,
25,8,262144,2048,layered,256/256/256,graph,23,23.4302,19.3601,23.4768,23.4302,
25,8,262144,2048,layered,256/256/256,graph,24,23.8697,18.8428,23.9141,23.8697,
25,8,262144,2048,layered,256/256/256,graph,25,21.9867,20.1203,22.0308,21.9867,
25,8,262144,2048,layered,256/256/256,graph,26,22.8874,19.6029,22.9303,22.8874,
25,8,262144,2048,layered,256/256/256,graph,27,23.8682,19.3920,23.9132,23.8682,
25,8,262144,2048,layered,256/256/256,graph,28,23.0537,19.6029,23.0975,23.0537,
25,8,262144,2048,layered,256/256/256,graph,29,23.8714,18.8428,23.9216,23.8714,
25,8,262144,2048,layered,256/256/256,graph,30,23.8790,19.1174,23.9227,23.8790,
25,8,262144,2048,layered,256/256/256,graph,31,23.8876,18.8428,23.9327,23.8876,
25,8,262144,2048,layered,256/256/256,graph,32,23.2583,19.3601,23.3102,23.2583,
25,8,262144,2048,layered,256/256/256,graph,33,21.2670,19.8138,21.3147,21.2670,
25,8,262144,2048,layered,256/256/256,graph,34,23.4599,19.3601,23.5051,23.4599,
25,8,262144,2048,layered,256/256/256,graph,35,23.3654,19.0856,23.4144,23.3654,
25,8,262144,2048,layered,256/256/256,graph,36,22.1932,19.8457,22.2441,22.1932,
25,8,262144,2048,layered,256/256/256,graph,37,23.7292,18.8428,23.7763,23.7292,
25,8,262144,2048,layered,256/256/256,graph,38,23.8114,18.8428,23.8579,23.8114,
25,8,262144,2048,layered,256/256/256,graph,39,23.5600,18.2936,23.6041,23.5600,
25,8,262144,2048,layered,256/256/256,graph,40,23.1402,19.0856,23.1861,23.1402,
25,8,262144,2048,layered,256/256/256,graph,41,21.3290,19.8138,21.3727,21.3290,
25,8,262144,2048,layered,256/256/256,graph,42,23.1867,19.3601,23.2276,23.1867,
25,8,262144,2048,layered,256/256/256,graph,43,22.8816,19.6029,22.9251,22.8816,
25,8,262144,2048,layered,256/256/256,graph,44,22.8290,19.8775,22.8734,22.8290,
25,8,262144,2048,layered,256/256/256,graph,45,24.2189,19.1174,24.2622,24.2189,
25,8,262144,2048,layered,256/256/256,graph,46,23.6648,19.1174,23.7087,23.6648,
25,8,262144,2048,layered,256/256/256,graph,47,23.8661,18.2936,23.9093,23.8661,
25,8,262144,2048,layered,256/256/256,graph,48,23.1039,19.0856,23.1480,23.1039,
25,8,262144,2048,layered,256/256/256,graph,49,21.7655,19.2965,21.8105,21.7655,
25,8,262144,2048,layered,256/256/256,graph,50,23.4595,19.1174,23.5039,23.4595,
25,8,262144,2048,layered,256/256/256,graph,51,21.8566,19.2965,21.9003,21.8566,
25,8,262144,2048,layered,256/256/256,graph,52,22.0724,20.1203,22.1164,22.0724,
25,8,262144,2048,layered,256/256/256,graph,53,23.4521,18.2936,23.4967,23.4521,
25,8,262144,2048,layered,256/256/256,graph,54,23.4486,19.3601,23.4929,23.4486,
25,8,262144,2048,layered,256/256/256,graph,55,23.4083,18.5682,23.4539,23.4083,
25,8,262144,2048,layered,256/256/256,graph,56,23.3502,19.0856,23.3935,23.3502,
25,8,262144,2048,layered,256/256/256,graph,57,22.1090,19.8457,22.1546,22.1090,
25,8,262144,2048,layered,256/256/256,graph,58,23.6549,18.5682,23.6983,23.6549,
25,8,262144,2048,layered,256/256/256,graph,59,22.7914,19.3283,22.8412,22.7914,
25,8,262144,2048,layered,256/256/256,graph,60,21.8913,19.8457,21.9465,21.8913,
25,8,262144,2048,layered,256/256/256,graph,61,23.6716,19.3601,23.7197,23.6716,
25,8,262144,2048,layered,256/256/256,graph,62,23.5872,19.1174,23.6343,23.5872,
25,8,262144,2048,layered,256/256/256,graph,63,23.7991,18.2936,23.8449,23.7991,
25,8,262144,2048,layered,256/256/256,graph,64,23.1931,19.6347,23.2390,23.1931,
25,8,262144,2048,layered,256/256/256,graph,65,22.2127,19.8457,22.2566,22.2127,
25,8,262144,2048,layered,256/256/256,graph,66,23.7232,19.3920,23.7672,23.7232,
25,8,262144,2048,layered,256/256/256,graph,67,23.4571,18.8110,23.5000,23.4571,
25,8,262144,2048,layered,256/256/256,graph,68,22.1940,20.6694,22.2396,22.1940,
25,8,262144,2048,layered,256/256/256,graph,69,23.1160,19.3283,23.1593,23.1160,
25,8,262144,2048,layered,256/256/256,graph,70,23.7278,19.3920,23.7713,23.7278,
25,8,262144,2048,layered,256/256/256,graph,71,23.6424,17.7444,23.6859,23.6424,
25,8,262144,2048,layered,256/256/256,graph,72,23.7704,19.6666,23.8191,23.7704,
25,8,262144,2048,layered,256/256/256,graph,73,22.4679,19.0219,22.5106,22.4679,
25,8,262144,2048,layered,256/256/256,graph,74,23.3745,19.6666,23.4177,23.3745,
25,8,262144,2048,layered,256/256/256,graph,75,23.1564,18.7791,23.1989,23.1564,
25,8,262144,2048,layered,256/256/256,graph,76,22.1482,20.4267,22.1909,22.1482,
25,8,262144,2048,layered,256/256/256,graph,77,23.9687,18.8110,24.0159,23.9687,
25,8,262144,2048,layered,256/256/256,graph,78,23.8561,19.6666,23.8986,23.8561,
25,8,262144,2048,layered,256/256/256,graph,79,23.8115,18.8110,23.8544,23.8115,
25,8,262144,2048,layered,256/256/256,graph,80,23.7831,19.6666,23.8259,23.7831,
25,8,262144,2048,layered,256/256/256,graph,81,22.8041,18.7791,22.8501,22.8041,
25,8,262144,2048,layered,256/256/256,graph,82,23.9616,19.9412,24.0055,23.9616,
25,8,262144,2048,layered,256/256/256,graph,83,22.1817,19.0219,22.2245,22.1817,
25,8,262144,2048,layered,256/256/256,graph,84,23.6142,20.4585,23.6574,23.6142,
25,8,262144,2048,layered,256/256/256,graph,85,23.3623,19.3283,23.4042,23.3623,
25,8,262144,2048,layered,256/256/256,graph,86,23.7299,19.6666,23.7734,23.7299,
25,8,262144,2048,layered,256/256/256,graph,87,23.6827,18.8110,23.7246,23.6827,
25,8,262144,2048,layered,256/256/256,graph,88,23.5679,19.9412,23.6130,23.5679,
25,8,262144,2048,layered,256/256/256,graph,89,23.7427,18.8110,23.7854,23.7427,
25,8,262144,2048,layered,256/256/256,graph,90,23.4181,19.6666,23.4632,23.4181,
25,8,262144,2048,layered,256/256/256,graph,91,23.1277,19.0537,23.1702,23.1277,
25,8,262144,2048,layered,256/256/256,graph,92,23.9289,19.9412,23.9761,23.9289,
25,8,262144,2048,layered,256/256/256,graph,93,23.2413,19.0537,23.2836,23.2413,
25,8,262144,2048,layered,256/256/256,graph,94,23.4894,20.7331,23.5328,23.4894,
25,8,262144,2048,layered,256/256/256,graph,95,23.5467,19.0537,23.5900,23.5467,
25,8,262144,2048,layered,256/256/256,graph,96,24.0763,20.2157,24.1196,24.0763,
25,8,262144,2048,layered,256/256/256,graph,97,23.5301,18.2618,23.5731,23.5301,
25,8,262144,2048,layered,256/256/256,graph,98,23.4995,19.6666,23.5429,23.4995,
25,8,262144,2048,layered,256/256/256,graph,99,23.2060,18.7791,23.2493,23.2060,
25,8,262144,2048,layered,256/256/256,graph,100,23.8374,19.6666,23.8796,23.8374,
25,8,262144,2048,layered,256/256/256,graph,101,23.1060,19.0537,23.1493,23.1060,
25,8,262144,2048,layered,256/256/256,graph,102,23.3020,20.4585,23.3447,23.3020,
25,8,262144,2048,layered,256/256/256,graph,103,23.6497,19.6029,23.6926,23.6497,
25,8,262144,2048,layered,256/256/256,graph,104,23.5463,19.1174,23.5887,23.5463,
25,8,262144,2048,layered,256/256/256,graph,105,23.7950,18.5682,23.8389,23.7950,
25,8,262144,2048,layered,256/256/256,graph,106,23.6850,19.3601,23.7272,23.6850,
25,8,262144,2048,layered,256/256/256,graph,107,23.5729,19.6347,23.6128,23.5729,
25,8,262144,2048,layered,256/256/256,graph,108,23.8214,19.1174,23.8645,23.8214,
25,8,262144,2048,layered,256/256/256,graph,109,23.1880,19.6029,23.2375,23.1880,
25,8,262144,2048,layered,256/256/256,graph,110,23.9531,20.1839,24.0002,23.9531,
25,8,262144,2048,layered,256/256/256,graph,111,23.0424,19.8775,23.0872,23.0424,
25,8,262144,2048,layered,256/256/256,graph,112,23.9617,19.1174,24.0068,23.9617,
25,8,262144,2048,layered,256/256/256,graph,113,23.7943,18.5682,23.8441,23.7943,
25,8,262144,2048,layered,256/256/256,graph,114,23.6562,19.3920,23.7101,23.6562,
25,8,262144,2048,layered,256/256/256,graph,115,23.2281,19.0537,23.2728,23.2281,
25,8,262144,2048,layered,256/256/256,graph,116,23.6755,20.2157,23.7320,23.6755,
25,8,262144,2048,layered,256/256/256,graph,117,23.5170,18.7791,23.5615,23.5170,
25,8,262144,2048,layered,256/256/256,graph,118,23.0360,20.7331,23.0811,23.0360,
25,8,262144,2048,layered,256/256/256,graph,119,23.6248,18.7791,23.6673,23.6248,
25,8,262144,2048,layered,256/256/256,graph,120,23.7506,20.4903,23.7947,23.7506,
25,8,262144,2048,layered,256/256/256,graph,121,23.8990,17.9872,23.9416,23.8990,
25,8,262144,2048,layered,256/256/256,graph,122,23.7596,20.2157,23.8018,23.7596,
25,8,262144,2048,layered,256/256/256,graph,123,23.2858,18.7791,23.3282,23.2858,
25,8,262144,2048,layered,256/256/256,graph,124,23.8877,19.9412,23.9381,23.8877,
25,8,262144,2048,layered,256/256/256,graph,125,22.9385,19.3283,22.9845,22.9385,
25,8,262144,2048,layered,256/256/256,graph,126,23.6431,20.7331,23.6872,23.6431,
25,8,262144,2048,layered,256/256/256,graph,127,23.4941,19.3283,23.5371,23.4941,
25,8,262144,2048,layered,256/256/256,graph,128,23.7625,19.6666,23.8054,23.7625,
25,8,262144,2048,layered,256/256/256,graph,129,23.8707,18.0190,23.9150,23.8707,
25,8,262144,2048,layered,256/256/256,graph,130,23.5516,20.4585,23.5998,23.5516,
25,8,262144,2048,layered,256/256/256,graph,131,23.8710,19.0856,23.9194,23.8710,
25,8,262144,2048,layered,256/256/256,graph,132,23.6001,19.3920,23.6441,23.6001,
25,8,262144,2048,layered,256/256/256,graph,133,23.0935,19.0537,23.1391,23.0935,
25,8,262144,2048,layered,256/256/256,graph,134,23.8108,19.6666,23.8614,23.8108,
25,8,262144,2048,layered,256/256/256,graph,135,22.9780,19.0537,23.0216,22.9780,
25,8,262144,2048,layered,256/256/256,graph,136,23.7040,19.3920,23.7479,23.7040,
25,8,262144,2048,layered,256/256/256,graph,137,23.5508,19.0856,23.5933,23.5508,
25,8,262144,2048,layered,256/256/256,graph,138,23.6957,19.9093,23.7391,23.6957,
25,8,262144,2048,layered,256/256/256,graph,139,23.4118,18.8110,23.4632,23.4118,
25,8,262144,2048,layered,256/256/256,graph,140,23.4635,19.9093,23.5096,23.4635,
25,8,262144,2048,layered,256/256/256,graph,141,23.2739,19.6029,23.3262,23.2739,
25,8,262144,2048,layered,256/256/256,graph,142,23.7668,19.6666,23.8110,23.7668,
25,8,262144,2048,layered,256/256/256,graph,143,23.7986,18.8110,23.8429,23.7986,
25,8,262144,2048,layered,256/256/256,graph,144,23.8421,19.6666,23.8866,23.8421,
25,8,262144,2048,layered,256/256/256,graph,145,23.5751,19.3283,23.6250,23.5751,
25,8,262144,2048,layered,256/256/256,graph,146,23.1069,20.1839,23.1487,23.1069,
25,8,262144,2048,layered,256/256/256,graph,147,23.8675,18.8110,23.9091,23.8675,
25,8,262144,2048,layered,256/256/256,graph,148,23.8612,20.2157,23.9064,23.8612,
25,8,262144,2048,layered,256/256/256,graph,149,23.3766,18.7791,23.4200,23.3766,
25,8,262144,2048,layered,256/256/256,graph,150,23.8697,20.2157,23.9145,23.8697,
25,8,262144,2048,layered,256/256/256,graph,151,23.7303,19.0856,23.7728,23.7303,
25,8,262144,2048,layered,256/256/256,graph,152,23.9022,19.9412,23.9462,23.9022,
25,8,262144,2048,layered,256/256/256,graph,153,23.3109,19.0537,23.3535,23.3109,
25,8,262144,2048,layered,256/256/256,graph,154,23.6589,19.9093,23.7030,23.6589,
25,8,262144,2048,layered,256/256/256,graph,155,23.6265,19.0856,23.6747,23.6265,
25,8,262144,2048,layered,256/256/256,graph,156,23.6269,19.1174,23.6705,23.6269,
25,8,262144,2048,layered,256/256/256,graph,157,23.0673,19.6029,23.1163,23.0673,
25,8,262144,2048,layered,256/256/256,graph,158,23.6237,19.9093,23.6678,23.6237,
25,8,262144,2048,layered,256/256/256,graph,159,23.9295,18.5682,23.9729,23.9295,
25,8,262144,2048,layered,256/256/256,graph,160,23.9478,19.3920,23.9909,23.9478,
25,8,262144,2048,layered,256/256/256,graph,161,22.6279,19.8457,22.6710,22.6279,
25,8,262144,2048,layered,256/256/256,graph,162,23.7438,20.1839,23.7864,23.7438,
25,8,262144,2048,layered,256/256/256,graph,163,23.6592,19.3601,23.7033,23.6592,
25,8,262144,2048,layered,256/256/256,graph,164,23.7726,19.3920,23.8182,23.7726,
25,8,262144,2048,layered,256/256/256,graph,165,23.2572,19.0537,23.2995,23.2572,
25,8,262144,2048,layered,256/256/256,graph,166,23.8642,19.9412,23.9088,23.8642,
25,8,262144,2048,layered,256/256/256,graph,167,23.7496,18.0190,23.7927,23.7496,
25,8,262144,2048,layered,256/256/256,graph,168,23.8534,19.1174,23.8977,23.8534,
25,8,262144,2048,layered,256/256/256,graph,169,22.2654,19.8457,22.3099,22.2654,
25,8,262144,2048,layered,256/256/256,graph,170,23.2308,19.6347,23.2735,23.2308,
25,8,262144,2048,layered,256/256/256,graph,171,23.6753,19.3601,23.7196,23.6753,
25,8,262144,2048,layered,256/256/256,graph,172,22.5630,19.8775,22.6028,22.5630,
25,8,262144,2048,layered,256/256/256,graph,173,23.3044,19.8775,23.3474,23.3044,
25,8,262144,2048,layered,256/256/256,graph,174,23.8568,19.6347,23.8989,23.8568,
25,8,262144,2048,layered,256/256/256,graph,175,23.7437,18.0508,23.7888,23.7437,
25,8,262144,2048,layered,256/256/256,graph,176,23.7880,19.1174,23.8364,23.7880,
25,8,262144,2048,layered,256/256/256,graph,177,21.6294,19.8138,21.6708,21.6294,
25,8,262144,2048,layered,256/256/256,graph,178,24.0303,18.8428,24.0739,24.0303,
25,8,262144,2048,layered,256/256/256,graph,179,23.3898,19.6347,23.4329,23.3898,
25,8,262144,2048,layered,256/256/256,graph,180,23.2815,19.8775,23.3252,23.2815,
25,8,262144,2048,layered,256/256/256,graph,181,23.7592,19.6347,23.8021,23.7592,
25,8,262144,2048,layered,256/256/256,graph,182,23.9556,19.6347,23.9995,23.9556,
25,8,262144,2048,layered,256/256/256,graph,183,23.7283,17.5017,23.7716,23.7283,
25,8,262144,2048,layered,256/256/256,graph,184,23.6867,19.3920,23.7301,23.6867,
25,8,262144,2048,layered,256/256/256,graph,185,22.7699,19.8457,22.8148,22.7699,
25,8,262144,2048,layered,256/256/256,graph,186,23.4710,19.3920,23.5165,23.4710,
25,8,262144,2048,layered,256/256/256,graph,187,22.7241,20.1203,22.7675,22.7241,
25,8,262144,2048,layered,256/256/256,graph,188,23.2444,20.4267,23.2889,23.2444,
25,8,262144,2048,layered,256/256/256,graph,189,23.9076,19.3601,23.9515,23.9076,
25,8,262144,2048,layered,256/256/256,graph,190,23.8779,19.6666,23.9216,23.8779,
25,8,262144,2048,layered,256/256/256,graph,191,23.8331,17.2271,23.8788,23.8331,
25,8,262144,2048,layered,256/256/256,graph,192,23.8644,19.1174,23.9082,23.8644,
25,8,262144,2048,layered,256/256/256,graph,193,23.0777,19.0537,23.1219,23.0777,
25,8,262144,2048,layered,256/256/256,graph,194,23.7503,20.2157,23.7990,23.7503,
25,8,262144,2048,layered,256/256/256,graph,195,22.5745,19.0219,22.6166,22.5745,
25,8,262144,2048,layered,256/256/256,graph,196,23.4162,20.7331,23.4604,23.4162,
25,8,262144,2048,layered,256/256/256,graph,197,22.7068,19.0219,22.7545,22.7068,
25,8,262144,2048,layered,256/256/256,graph,198,23.6332,19.9412,23.6768,23.6332,
25,8,262144,2048,layered,256/256/256,graph,199,23.9740,17.7444,24.0241,23.9740,
25,8,262144,2048,layered,1536/1536/1536,graph,0,20.9012,15.0503,20.9479,20.9012,
25,8,262144,2048,layered,1536/1536/1536,graph,1,21.2767,15.0503,21.3205,21.2767,
25,8,262144,2048,layered,1536/1536/1536,graph,2,20.9543,15.0503,20.9979,20.9543,
25,8,262144,2048,layered,1536/1536/1536,graph,3,21.3488,15.0503,21.3975,21.3488,
25,8,262144,2048,layered,1536/1536/1536,graph,4,21.0193,15.0503,21.0653,21.0193,
25,8,262144,2048,layered,1536/1536/1536,graph,5,21.3132,15.0503,21.3571,21.3132,
25,8,262144,2048,layered,1536/1536/1536,graph,6,21.0239,15.0503,21.0705,21.0239,
25,8,262144,2048,layered,1536/1536/1536,graph,7,21.2969,15.0503,21.3396,21.2969,
25,8,262144,2048,layered,1536/1536/1536,graph,8,21.0021,15.0503,21.0445,21.0021,
25,8,262144,2048,layered,1536/1536/1536,graph,9,21.2361,15.0503,21.2802,21.2361,
25,8,262144,2048,layered,1536/1536/1536,graph,10,20.8831,15.0503,20.9262,20.8831,
25,8,262144,2048,layered,1536/1536/1536,graph,11,21.1322,15.0503,21.1748,21.1322,
25,8,262144,2048,layered,1536/1536/1536,graph,12,20.8736,15.0503,20.9159,20.8736,
25,8,262144,2048,layered,1536/1536/1536,graph,13,21.1251,15.0503,21.1692,21.1251,
25,8,262144,2048,layered,1536/1536/1536,graph,14,20.7500,15.0503,20.7941,20.7500,
25,8,262144,2048,layered,1536/1536/1536,graph,15,21.1771,15.0503,21.2197,21.1771,
25,8,262144,2048,layered,1536/1536/1536,graph,16,20.7967,15.0503,20.8394,20.7967,
25,8,262144,2048,layered,1536/1536/1536,graph,17,21.1975,15.0503,21.2396,21.1975,
25,8,262144,2048,layered,1536/1536/1536,graph,18,20.8460,15.0503,20.8902,20.8460,
25,8,262144,2048,layered,1536/1536/1536,graph,19,21.2245,15.0503,21.2681,21.2245,
25,8,262144,2048,layered,1536/1536/1536,graph,20,20.8822,15.0503,20.9250,20.8822,
25,8,262144,2048,layered,1536/1536/1536,graph,21,21.2499,15.0503,21.2915,21.2499,
25,8,262144,2048,layered,1536/1536/1536,graph,22,20.8595,15.0503,20.9036,20.8595,
25,8,262144,2048,layered,1536/1536/1536,graph,23,21.3235,15.0503,21.3663,21.3235,
25,8,262144,2048,layered,1536/1536/1536,graph,24,20.9262,15.0503,20.9683,20.9262,
25,8,262144,2048,layered,1536/1536/1536,graph,25,21.3689,15.0503,21.4116,21.3689,
25,8,262144,2048,layered,1536/1536/1536,graph,26,21.0092,15.0503,21.0522,21.0092,
25,8,262144,2048,layered,1536/1536/1536,graph,27,21.4423,15.0503,21.4849,21.4423,
25,8,262144,2048,layered,1536/1536/1536,graph,28,21.0455,15.0503,21.0927,21.0455,
25,8,262144,2048,layered,1536/1536/1536,graph,29,21.4880,15.0503,21.5301,21.4880,
25,8,262144,2048,layered,1536/1536/1536,graph,30,21.0561,15.0503,21.0985,21.0561,
25,8,262144,2048,layered,1536/1536/1536,graph,31,21.4929,15.0503,21.5370,21.4929,
25,8,262144,2048,layered,1536/1536/1536,graph,32,21.0521,15.0503,21.0963,21.0521,
25,8,262144,2048,layered,1536/1536/1536,graph,33,21.3080,15.0503,21.3512,21.3080,
25,8,262144,2048,layered,1536/1536/1536,graph,34,20.9466,15.0503,20.9900,20.9466,
25,8,262144,2048,layered,1536/1536/1536,graph,35,21.3007,15.0503,21.3432,21.3007,
25,8,262144,2048,layered,1536/1536/1536,graph,36,21.2745,15.0503,21.3230,21.2745,
25,8,262144,2048,layered,1536/1536/1536,graph,37,21.2671,15.0503,21.3159,21.2671,
25,8,262144,2048,layered,1536/1536/1536,graph,38,21.1903,15.0503,21.2339,21.1903,
25,8,262144,2048,layered,1536/1536/1536,graph,39,21.1236,15.0503,21.1663,21.1236,
25,8,262144,2048,layered,1536/1536/1536,graph,40,21.1415,15.0503,21.1836,21.1415,
25,8,262144,2048,layered,1536/1536/1536,graph,41,21.2006,15.0503,21.2432,21.2006,
25,8,262144,2048,layered,1536/1536/1536,graph,42,21.1431,15.0503,21.1837,21.1431,
25,8,262144,2048,layered,1536/1536/1536,graph,43,21.2409,15.0503,21.2828,21.2409,
25,8,262144,2048,layered,1536/1536/1536,graph,44,21.1744,15.0503,21.2171,21.1744,
25,8,262144,2048,layered,1536/1536/1536,graph,45,21.2085,15.0503,21.2510,21.2085,
25,8,262144,2048,layered,1536/1536/1536,graph,46,21.2073,15.0503,21.2501,21.2073,
25,8,262144,2048,layered,1536/1536/1536,graph,47,21.2862,15.0503,21.3292,21.2862,
25,8,262144,2048,layered,1536/1536/1536,graph,48,21.2497,15.0503,21.2981,21.2497,
25,8,262144,2048,layered,1536/1536/1536,graph,49,21.2673,15.0503,21.3125,21.2673,
25,8,262144,2048,layered,1536/1536/1536,graph,50,21.2262,15.0503,21.2730,21.2262,
25,8,262144,2048,layered,1536/1536/1536,graph,51,21.1821,15.0503,21.2290,21.1821,
25,8,262144,2048,layered,1536/1536/1536,graph,52,21.1926,15.0503,21.2440,21.1926,
25,8,262144,2048,layered,1536/1536/1536,graph,53,21.1631,15.0503,21.2072,21.1631,
25,8,262144,2048,layered,1536/1536/1536,graph,54,21.1018,15.0503,21.1459,21.1018,
25,8,262144,2048,layered,1536/1536/1536,graph,55,21.1833,15.0503,21.2329,21.1833,
25,8,262144,2048,layered,1536/1536/1536,graph,56,21.1803,15.0503,21.2238,21.1803,
25,8,262144,2048,layered,1536/1536/1536,graph,57,21.1487,15.0503,21.1912,21.1487,
25,8,262144,2048,layered,1536/1536/1536,graph,58,21.1155,15.0503,21.1584,21.1155,
25,8,262144,2048,layered,1536/1536/1536,graph,59,21.2064,15.0503,21.2543,21.2064,
25,8,262144,2048,layered,1536/1536/1536,graph,60,20.9663,14.7758,21.0092,20.9663,
25,8,262144,2048,layered,1536/1536/1536,graph,61,20.6324,14.7758,20.6744,20.6324,
25,8,262144,2048,layered,1536/1536/1536,graph,62,20.4123,14.5012,20.4561,20.4123,
25,8,262144,2048,layered,1536/1536/1536,graph,63,23.9438,13.7092,23.9885,23.9438,
25,8,262144,2048,layered,1536/1536/1536,graph,64,20.2611,14.2266,20.3123,20.2611,
25,8,262144,2048,layered,1536/1536/1536,graph,65,23.8844,13.9838,23.9371,23.8844,
25,8,262144,2048,layered,1536/1536/1536,graph,66,20.0455,13.9520,20.0959,20.0455,
25,8,262144,2048,layered,1536/1536/1536,graph,67,19.5874,14.7758,19.6334,19.5874,
25,8,262144,2048,layered,1536/1536/1536,graph,68,20.4938,14.5012,20.5374,20.4938,
25,8,262144,2048,layered,1536/1536/1536,graph,69,20.1492,15.0503,20.1919,20.1492,
25,8,262144,2048,layered,1536/1536/1536,graph,70,21.1391,14.7758,21.1889,21.1391,
25,8,262144,2048,layered,1536/1536/1536,graph,71,20.8773,15.0503,20.9207,20.8773,
25,8,262144,2048,layered,1536/1536/1536,graph,72,21.4336,15.0503,21.4786,21.4336,
25,8,262144,2048,layered,1536/1536/1536,graph,73,21.3421,15.0503,21.3856,21.3421,
25,8,262144,2048,layered,1536/1536/1536,graph,74,21.4054,15.0503,21.4499,21.4054,
25,8,262144,2048,layered,1536/1536/1536,graph,75,21.4219,15.0503,21.4654,21.4219,
25,8,262144,2048,layered,1536/1536/1536,graph,76,21.3559,15.0503,21.3995,21.3559,
25,8,262144,2048,layered,1536/1536/1536,graph,77,21.4518,15.0503,21.4955,21.4518,
25,8,262144,2048,layered,1536/1536/1536,graph,78,21.3121,15.0503,21.3543,21.3121,
25,8,262144,2048,layered,1536/1536/1536,graph,79,21.3096,15.0503,21.3532,21.3096,
25,8,262144,2048,layered,1536/1536/1536,graph,80,21.1771,15.0503,21.2291,21.1771,
25,8,262144,2048,layered,1536/1536/1536,graph,81,21.2875,15.0503,21.3299,21.2875,
25,8,262144,2048,layered,1536/1536/1536,graph,82,21.0910,15.0503,21.1415,21.0910,
25,8,262144,2048,layered,1536/1536/1536,graph,83,21.2057,15.0503,21.2563,21.2057,
25,8,262144,2048,layered,1536/1536/1536,graph,84,21.0682,15.0503,21.1127,21.0682,
25,8,262144,2048,layered,1536/1536/1536,graph,85,21.0865,15.0503,21.1307,21.0865,
25,8,262144,2048,layered,1536/1536/1536,graph,86,21.1016,15.0503,21.1448,21.1016,
25,8,262144,2048,layered,1536/1536/1536,graph,87,21.0847,15.0503,21.1275,21.0847,
25,8,262144,2048,layered,1536/1536/1536,graph,88,21.0906,15.0503,21.1343,21.0906,
25,8,262144,2048,layered,1536/1536/1536,graph,89,21.0860,15.0503,21.1287,21.0860,
25,8,262144,2048,layered,1536/1536/1536,graph,90,21.1883,15.0503,21.2314,21.1883,
25,8,262144,2048,layered,1536/1536/1536,graph,91,21.1061,15.0503,21.1490,21.1061,
25,8,262144,2048,layered,1536/1536/1536,graph,92,21.1422,15.0503,21.1869,21.1422,
25,8,262144,2048,layered,1536/1536/1536,graph,93,21.2375,15.0503,21.2801,21.2375,
25,8,262144,2048,layered,1536/1536/1536,graph,94,21.2806,15.0503,21.3229,21.2806,
25,8,262144,2048,layered,1536/1536/1536,graph,95,21.2019,15.0503,21.2445,21.2019,
25,8,262144,2048,layered,1536/1536/1536,graph,96,21.3173,15.0503,21.3591,21.3173,
25,8,262144,2048,layered,1536/1536/1536,graph,97,21.2569,15.0503,21.3008,21.2569,
25,8,262144,2048,layered,1536/1536/1536,graph,98,21.2764,15.0503,21.3186,21.2764,
25,8,262144,2048,layered,1536/1536/1536,graph,99,21.3499,15.0503,21.3942,21.3499,
25,8,262144,2048,layered,1536/1536/1536,graph,100,21.2912,15.0503,21.3392,21.2912,
25,8,262144,2048,layered,1536/1536/1536,graph,101,21.2812,15.0503,21.3285,21.2812,
25,8,262144,2048,layered,1536/1536/1536,graph,102,21.1603,15.0503,21.2044,21.1603,
25,8,262144,2048,layered,1536/1536/1536,graph,103,21.2493,15.0503,21.2925,21.2493,
25,8,262144,2048,layered,1536/1536/1536,graph,104,21.1023,15.0503,21.1449,21.1023,
25,8,262144,2048,layered,1536/1536/1536,graph,105,21.1934,15.0503,21.2378,21.1934,
25,8,262144,2048,layered,1536/1536/1536,graph,106,21.1273,15.0503,21.1710,21.1273,
25,8,262144,2048,layered,1536/1536/1536,graph,107,21.1324,15.0503,21.1718,21.1324,
25,8,262144,2048,layered,1536/1536/1536,graph,108,21.0919,15.0503,21.1420,21.0919,
25,8,262144,2048,layered,1536/1536/1536,graph,109,21.1682,15.0503,21.2122,21.1682,
25,8,262144,2048,layered,1536/1536/1536,graph,110,21.1892,15.0503,21.2312,21.1892,
25,8,262144,2048,layered,1536/1536/1536,graph,111,21.1086,15.0503,21.1510,21.1086,
25,8,262144,2048,layered,1536/1536/1536,graph,112,21.2141,15.0503,21.2578,21.2141,
25,8,262144,2048,layered,1536/1536/1536,graph,113,21.1435,15.0503,21.1860,21.1435,
25,8,262144,2048,layered,1536/1536/1536,graph,114,21.2461,15.0503,21.2883,21.2461,
25,8,262144,2048,layered,1536/1536/1536,graph,115,21.2273,15.0503,21.2699,21.2273,
25,8,262144,2048,layered,1536/1536/1536,graph,116,21.2300,15.0503,21.2728,21.2300,
25,8,262144,2048,layered,1536/1536/1536,graph,117,21.2757,15.0503,21.3193,21.2757,
25,8,262144,2048,layered,1536/1536/1536,graph,118,21.3788,15.0503,21.4209,21.3788,
25,8,262144,2048,layered,1536/1536/1536,graph,119,21.2833,15.0503,21.3265,21.2833,
25,8,262144,2048,layered,1536/1536/1536,graph,120,21.3896,15.0503,21.4317,21.3896,
25,8,262144,2048,layered,1536/1536/1536,graph,121,21.3895,15.0503,21.4334,21.3895,
25,8,262144,2048,layered,1536/1536/1536,graph,122,21.4169,15.0503,21.4641,21.4169,
25,8,262144,2048,layered,1536/1536/1536,graph,123,21.4093,15.0503,21.4522,21.4093,
25,8,262144,2048,layered,1536/1536/1536,graph,124,21.4040,15.0503,21.4479,21.4040,
25,8,262144,2048,layered,1536/1536/1536,graph,125,21.4852,15.0503,21.5324,21.4852,
25,8,262144,2048,layered,1536/1536/1536,graph,126,21.2870,15.0503,21.3296,21.2870,
25,8,262144,2048,layered,1536/1536/1536,graph,127,21.4240,15.0503,21.4667,21.4240,
25,8,262144,2048,layered,1536/1536/1536,graph,128,21.1975,15.0503,21.2394,21.1975,
25,8,262144,2048,layered,1536/1536/1536,graph,129,21.3206,15.0503,21.3650,21.3206,
25,8,262144,2048,layered,1536/1536/1536,graph,130,21.1359,15.0503,21.1793,21.1359,
25,8,262144,2048,layered,1536/1536/1536,graph,131,21.2326,15.0503,21.2723,21.2326,
25,8,262144,2048,layered,1536/1536/1536,graph,132,21.1841,15.0503,21.2275,21.1841,
25,8,262144,2048,layered,1536/1536/1536,graph,133,21.1935,15.0503,21.2393,21.1935,
25,8,262144,2048,layered,1536/1536/1536,graph,134,21.1524,15.0503,21.1971,21.1524,
25,8,262144,2048,layered,1536/1536/1536,graph,135,21.0932,15.0503,21.1374,21.0932,
25,8,262144,2048,layered,1536/1536/1536,graph,136,21.1340,15.0503,21.1781,21.1340,
25,8,262144,2048,layered,1536/1536/1536,graph,137,21.1239,15.0503,21.1689,21.1239,
25,8,262144,2048,layered,1536/1536/1536,graph,138,21.1326,15.0503,21.1806,21.1326,
25,8,262144,2048,layered,1536/1536/1536,graph,139,21.1944,15.0503,21.2417,21.1944,
25,8,262144,2048,layered,1536/1536/1536,graph,140,21.1937,15.0503,21.2388,21.1937,
25,8,262144,2048,layered,1536/1536/1536,graph,141,21.1924,15.0503,21.2401,21.1924,
25,8,262144,2048,layered,1536/1536/1536,graph,142,21.1890,15.0503,21.2371,21.1890,
25,8,262144,2048,layered,1536/1536/1536,graph,143,21.2568,15.0503,21.3017,21.2568,
25,8,262144,2048,layered,1536/1536/1536,graph,144,21.1879,15.0503,21.2326,21.1879,
25,8,262144,2048,layered,1536/1536/1536,graph,145,21.2533,15.0503,21.3036,21.2533,
25,8,262144,2048,layered,1536/1536/1536,graph,146,21.1611,15.0503,21.2078,21.1611,
25,8,262144,2048,layered,1536/1536/1536,graph,147,21.1844,15.0503,21.2274,21.1844,
25,8,262144,2048,layered,1536/1536/1536,graph,148,21.0510,15.0503,21.0945,21.0510,
25,8,262144,2048,layered,1536/1536/1536,graph,149,21.1954,15.0503,21.2460,21.1954,
25,8,262144,2048,layered,1536/1536/1536,graph,150,21.0564,15.0503,21.1006,21.0564,
25,8,262144,2048,layered,1536/1536/1536,graph,151,21.1268,15.0503,21.1717,21.1268,
25,8,262144,2048,layered,1536/1536/1536,graph,152,21.0678,15.0503,21.1103,21.0678,
25,8,262144,2048,layered,1536/1536/1536,graph,153,20.9299,14.7758,20.9723,20.9299,
25,8,262144,2048,layered,1536/1536/1536,graph,154,20.7509,15.0503,20.7946,20.7509,
25,8,262144,2048,layered,1536/1536/1536,graph,155,20.7539,14.5012,20.7966,20.7539,
25,8,262144,2048,layered,1536/1536/1536,graph,156,20.2474,14.7758,20.2903,20.2474,
25,8,262144,2048,layered,1536/1536/1536,graph,157,20.1791,14.2266,20.2370,20.1791,
25,8,262144,2048,layered,1536/1536/1536,graph,158,23.7893,13.9838,23.8370,23.7893,
25,8,262144,2048,layered,1536/1536/1536,graph,159,20.0288,13.9520,20.0729,20.0288,
25,8,262144,2048,layered,1536/1536/1536,graph,160,23.8642,13.9838,23.9094,23.8642,
25,8,262144,2048,layered,1536/1536/1536,graph,161,20.2346,14.2266,20.2758,20.2346,
25,8,262144,2048,layered,1536/1536/1536,graph,162,20.2821,14.7758,20.3247,20.2821,
25,8,262144,2048,layered,1536/1536/1536,graph,163,20.7030,14.7758,20.7529,20.7030,
25,8,262144,2048,layered,1536/1536/1536,graph,164,20.9046,15.0503,20.9481,20.9046,
25,8,262144,2048,layered,1536/1536/1536,graph,165,21.3932,15.0503,21.4357,21.3932,
25,8,262144,2048,layered,1536/1536/1536,graph,166,21.3049,15.0503,21.3478,21.3049,
25,8,262144,2048,layered,1536/1536/1536,graph,167,21.4364,15.0503,21.4802,21.4364,
25,8,262144,2048,layered,1536/1536/1536,graph,168,21.4299,15.0503,21.4735,21.4299,
25,8,262144,2048,layered,1536/1536/1536,graph,169,21.3739,15.0503,21.4163,21.3739,
25,8,262144,2048,layered,1536/1536/1536,graph,170,21.4016,15.0503,21.4449,21.4016,
25,8,262144,2048,layered,1536/1536/1536,graph,171,21.4422,15.0503,21.4850,21.4422,
25,8,262144,2048,layered,1536/1536/1536,graph,172,21.3361,15.0503,21.3767,21.3361,
25,8,262144,2048,layered,1536/1536/1536,graph,173,21.2874,15.0503,21.3360,21.2874,
25,8,262144,2048,layered,1536/1536/1536,graph,174,21.2493,15.0503,21.2925,21.2493,
25,8,262144,2048,layered,1536/1536/1536,graph,175,21.1662,15.0503,21.2095,21.1662,
25,8,262144,2048,layered,1536/1536/1536,graph,176,21.1401,15.0503,21.1823,21.1401,
25,8,262144,2048,layered,1536/1536/1536,graph,177,21.1677,15.0503,21.2104,21.1677,
25,8,262144,2048,layered,1536/1536/1536,graph,178,21.0982,15.0503,21.1422,21.0982,
25,8,262144,2048,layered,1536/1536/1536,graph,179,21.1081,15.0503,21.1555,21.1081,
25,8,262144,2048,layered,1536/1536/1536,graph,180,21.1008,15.0503,21.1436,21.1008,
25,8,262144,2048,layered,1536/1536/1536,graph,181,21.0885,15.0503,21.1308,21.0885,
25,8,262144,2048,layered,1536/1536/1536,graph,182,21.0581,15.0503,21.1012,21.0581,
25,8,262144,2048,layered,1536/1536/1536,graph,183,21.2089,15.0503,21.2510,21.2089,
25,8,262144,2048,layered,1536/1536/1536,graph,184,21.1083,15.0503,21.1520,21.1083,
25,8,262144,2048,layered,1536/1536/1536,graph,185,21.1206,15.0503,21.1659,21.1206,
25,8,262144,2048,layered,1536/1536/1536,graph,186,21.1412,15.0503,21.1857,21.1412,
25,8,262144,2048,layered,1536/1536/1536,graph,187,21.1352,15.0503,21.1799,21.1352,
25,8,262144,2048,layered,1536/1536/1536,graph,188,21.2105,15.0503,21.2545,21.2105,
25,8,262144,2048,layered,1536/1536/1536,graph,189,21.2654,15.0503,21.3106,21.2654,
25,8,262144,2048,layered,1536/1536/1536,graph,190,21.3398,15.0503,21.3844,21.3398,
25,8,262144,2048,layered,1536/1536/1536,graph,191,21.3415,15.0503,21.3858,21.3415,
25,8,262144,2048,layered,1536/1536/1536,graph,192,21.3212,15.0503,21.3650,21.3212,
25,8,262144,2048,layered,1536/1536/1536,graph,193,21.3436,15.0503,21.3869,21.3436,
25,8,262144,2048,layered,1536/1536/1536,graph,194,21.3093,15.0503,21.3537,21.3093,
25,8,262144,2048,layered,1536/1536/1536,graph,195,21.2404,15.0503,21.2843,21.2404,
25,8,262144,2048,layered,1536/1536/1536,graph,196,21.2632,15.0503,21.3096,21.2632,
25,8,262144,2048,layered,1536/1536/1536,graph,197,21.1949,15.0503,21.2386,21.1949,
25,8,262144,2048,layered,1536/1536/1536,graph,198,21.2086,15.0503,21.2542,21.2086,
25,8,262144,2048,layered,1536/1536/1536,graph,199,21.1577,15.0503,21.2086,21.1577,
25,8,262144,2048,hyprefill,1024/2048/2048,graph,0,24.2345,15.3886,24.2821,24.2345,
25,8,262144,2048,hyprefill,1024/2048/2048,graph,1,24.3007,14.0156,24.3468,24.3007,
25,8,262144,2048,hyprefill,1024/2048/2048,graph,2,23.8299,15.6632,23.8773,23.8299,
25,8,262144,2048,hyprefill,1024/2048/2048,graph,3,23.3306,14.2584,23.3765,23.3306,
25,8,262144,2048,hyprefill,1024/2048/2048,graph,4,24.0344,15.9378,24.0783,24.0344,
25,8,262144,2048,hyprefill,1024/2048/2048,graph,5,23.2875,14.5330,23.3364,23.2875,
25,8,262144,2048,hyprefill,1024/2048/2048,graph,6,24.1624,15.6632,24.2184,24.1624,
25,8,262144,2048,hyprefill,1024/2048/2048,graph,7,22.6953,14.5330,22.7430,22.6953,
25,8,262144,2048,hyprefill,1024/2048/2048,graph,8,24.1448,15.3886,24.1944,24.1448,
25,8,262144,2048,hyprefill,1024/2048/2048,graph,9,24.3265,14.8394,24.3725,24.3265,
25,8,262144,2048,hyprefill,1024/2048/2048,graph,10,24.2580,14.0156,24.3044,24.2580,
25,8,262144,2048,hyprefill,1024/2048/2048,graph,11,24.2724,15.6632,24.3162,24.2724,
25,8,262144,2048,hyprefill,1024/2048/2048,graph,12,23.7524,14.5330,23.7971,23.7524,
25,8,262144,2048,hyprefill,1024/2048/2048,graph,13,24.2975,16.2124,24.3431,24.2975,
25,8,262144,2048,hyprefill,1024/2048/2048,graph,14,23.3012,13.9838,23.3467,23.3012,
25,8,262144,2048,hyprefill,1024/2048/2048,graph,15,23.9895,15.9378,24.0352,23.9895,
25,8,262144,2048,hyprefill,1024/2048/2048,graph,16,23.3112,14.2584,23.3544,23.3112,
25,8,262144,2048,hyprefill,1024/2048/2048,graph,17,23.7878,15.3886,23.8352,23.7878,
25,8,262144,2048,hyprefill,1024/2048/2048,graph,18,24.6153,14.5648,24.6596,24.6153,
25,8,262144,2048,hyprefill,1024/2048/2048,graph,19,23.8969,14.0156,23.9448,23.8969,
25,8,262144,2048,hyprefill,1024/2048/2048,graph,20,23.8108,15.9378,23.8557,23.8108,
25,8,262144,2048,hyprefill,1024/2048/2048,graph,21,23.3761,14.2584,23.4193,23.3761,
25,8,262144,2048,hyprefill,1024/2048/2048,graph,22,23.8474,15.9378,23.8926,23.8474,
25,8,262144,2048,hyprefill,1024/2048/2048,graph,23,24.3829,13.7410,24.4340,24.3829,
25,8,262144,2048,hyprefill,1024/2048/2048,graph,24,24.1062,15.6632,24.1559,24.1062,
25,8,262144,2048,hyprefill,1024/2048/2048,graph,25,24.5239,14.0156,24.5878,24.5239,
25,8,262144,2048,hyprefill,1024/2048/2048,graph,26,23.9015,15.1140,23.9484,23.9015,
25,8,262144,2048,hyprefill,1024/2048/2048,graph,27,24.2800,14.8394,24.3305,24.2800,
25,8,262144,2048,hyprefill,1024/2048/2048,graph,28,24.0409,14.2902,24.0924,24.0409,
25,8,262144,2048,hyprefill,1024/2048/2048,graph,29,24.1889,15.6632,24.2364,24.1889,
25,8,262144,2048,hyprefill,1024/2048/2048,graph,30,23.1078,14.5330,23.1583,23.1078,
25,8,262144,2048,hyprefill,1024/2048/2048,graph,31,24.1858,16.2124,24.2352,24.1858,
25,8,262144,2048,hyprefill,1024/2048/2048,graph,32,24.4947,13.4665,24.5424,24.4947,
25,8,262144,2048,hyprefill,1024/2048/2048,graph,33,24.1921,15.6632,24.2379,24.1921,
25,8,262144,2048,hyprefill,1024/2048/2048,graph,34,22.6618,14.5330,22.7068,22.6618,
25,8,262144,2048,hyprefill,1024/2048/2048,graph,35,24.0219,15.1140,24.0663,24.0219,
25,8,262144,2048,hyprefill,1024/2048/2048,graph,36,24.1783,14.8394,24.2237,24.1783,
25,8,262144,2048,hyprefill,1024/2048/2048,graph,37,24.0237,14.2902,24.0685,24.0237,
25,8,262144,2048,hyprefill,1024/2048/2048,graph,38,24.2428,15.3886,24.2871,24.2428,
25,8,262144,2048,hyprefill,1024/2048/2048,graph,39,22.2790,14.2584,22.3287,22.2790,
25,8,262144,2048,hyprefill,1024/2048/2048,graph,40,24.1783,16.2124,24.2227,24.1783,
25,8,262144,2048,hyprefill,1024/2048/2048,graph,41,23.1363,14.2584,23.1800,23.1363,
25,8,262144,2048,hyprefill,1024/2048/2048,graph,42,23.9325,15.9378,23.9735,23.9325,
25,8,262144,2048,hyprefill,1024/2048/2048,graph,43,24.6021,13.7410,24.6482,24.6021,
25,8,262144,2048,hyprefill,1024/2048/2048,graph,44,24.0926,15.1140,24.1360,24.0926,
25,8,262144,2048,hyprefill,1024/2048/2048,graph,45,24.0424,14.8394,24.0936,24.0424,
25,8,262144,2048,hyprefill,1024/2048/2048,graph,46,24.0664,14.2902,24.1103,24.0664,
25,8,262144,2048,hyprefill,1024/2048/2048,graph,47,24.0256,15.1140,24.0697,24.0256,
25,8,262144,2048,hyprefill,1024/2048/2048,graph,48,24.1214,14.0156,24.1669,24.1214,
25,8,262144,2048,hyprefill,1024/2048/2048,graph,49,23.8391,15.6632,23.8834,23.8391,
25,8,262144,2048,hyprefill,1024/2048/2048,graph,50,24.4475,13.4665,24.5003,24.4475,
25,8,262144,2048,hyprefill,1024/2048/2048,graph,51,23.9284,15.9378,23.9763,23.9284,
25,8,262144,2048,hyprefill,1024/2048/2048,graph,52,23.9378,13.7410,23.9847,23.9378,
25,8,262144,2048,hyprefill,1024/2048/2048,graph,53,23.8300,15.3886,23.8749,23.8300,
25,8,262144,2048,hyprefill,1024/2048/2048,graph,54,23.9977,14.2902,24.0420,23.9977,
25,8,262144,2048,hyprefill,1024/2048/2048,graph,55,23.7733,14.8394,23.8175,23.7733,
25,8,262144,2048,hyprefill,1024/2048/2048,graph,56,24.0976,14.5648,24.1478,24.0976,
25,8,262144,2048,hyprefill,1024/2048/2048,graph,57,23.9161,14.5648,23.9619,23.9161,
25,8,262144,2048,hyprefill,1024/2048/2048,graph,58,23.8830,14.8394,23.9288,23.8830,
25,8,262144,2048,hyprefill,1024/2048/2048,graph,59,24.0498,14.8394,24.0983,24.0498,
25,8,262144,2048,hyprefill,1024/2048/2048,graph,60,23.8841,14.8394,23.9284,23.8841,
25,8,262144,2048,hyprefill,1024/2048/2048,graph,61,24.1695,14.2902,24.2210,24.1695,
25,8,262144,2048,hyprefill,1024/2048/2048,graph,62,24.1142,15.1140,24.1606,24.1142,
25,8,262144,2048,hyprefill,1024/2048/2048,graph,63,24.0345,14.2902,24.0824,24.0345,
25,8,262144,2048,hyprefill,1024/2048/2048,graph,64,24.0231,15.1140,24.0681,24.0231,
25,8,262144,2048,hyprefill,1024/2048/2048,graph,65,22.3457,14.5330,22.3893,22.3457,
25,8,262144,2048,hyprefill,1024/2048/2048,graph,66,24.1885,15.3886,24.2343,24.1885,
25,8,262144,2048,hyprefill,1024/2048/2048,graph,67,23.9758,14.0156,24.0194,23.9758,
25,8,262144,2048,hyprefill,1024/2048/2048,graph,68,23.9562,15.1140,24.0007,23.9562,
25,8,262144,2048,hyprefill,1024/2048/2048,graph,69,24.4056,14.5648,24.4493,24.4056,
25,8,262144,2048,hyprefill,1024/2048/2048,graph,70,23.9990,15.1140,24.0443,23.9990,
25,8,262144,2048,hyprefill,1024/2048/2048,graph,71,24.1904,14.8394,24.2432,24.1904,
25,8,262144,2048,hyprefill,1024/2048/2048,graph,72,23.9034,14.5648,23.9503,23.9034,
25,8,262144,2048,hyprefill,1024/2048/2048,graph,73,24.1911,15.3886,24.2797,24.1911,
25,8,262144,2048,hyprefill,1024/2048/2048,graph,74,22.4316,14.8076,22.4767,22.4316,
25,8,262144,2048,hyprefill,1024/2048/2048,graph,75,24.0385,15.1140,24.0845,24.0385,
25,8,262144,2048,hyprefill,1024/2048/2048,graph,76,24.1697,14.5648,24.2155,24.1697,
25,8,262144,2048,hyprefill,1024/2048/2048,graph,77,24.1003,15.1140,24.1455,24.1003,
25,8,262144,2048,hyprefill,1024/2048/2048,graph,78,24.2408,14.5648,24.2883,24.2408,
25,8,262144,2048,hyprefill,1024/2048/2048,graph,79,24.0287,14.5648,24.0719,24.0287,
25,8,262144,2048,hyprefill,1024/2048/2048,graph,80,24.0832,14.8394,24.1284,24.0832,
25,8,262144,2048,hyprefill,1024/2048/2048,graph,81,23.9305,14.5648,23.9762,23.9305,
25,8,262144,2048,hyprefill,1024/2048/2048,graph,82,24.2081,15.1140,24.2589,24.2081,
25,8,262144,2048,hyprefill,1024/2048/2048,graph,83,24.3075,14.5648,24.3530,24.3075,
25,8,262144,2048,hyprefill,1024/2048/2048,graph,84,24.0740,15.1140,24.1210,24.0740,
25,8,262144,2048,hyprefill,1024/2048/2048,graph,85,22.4226,14.8076,22.4728,22.4226,
25,8,262144,2048,hyprefill,1024/2048/2048,graph,86,24.0842,15.1140,24.1297,24.0842,
25,8,262144,2048,hyprefill,1024/2048/2048,graph,87,24.2855,14.5648,24.3308,24.2855,
25,8,262144,2048,hyprefill,1024/2048/2048,graph,88,24.2907,15.1140,24.3358,24.2907,
25,8,262144,2048,hyprefill,1024/2048/2048,graph,89,23.9298,14.5648,23.9734,23.9298,
25,8,262144,2048,hyprefill,1024/2048/2048,graph,90,24.0700,14.8394,24.1160,24.0700,
25,8,262144,2048,hyprefill,1024/2048/2048,graph,91,23.9524,15.1140,23.9971,23.9524,
25,8,262144,2048,hyprefill,1024/2048/2048,graph,92,24.1013,14.2902,24.1572,24.1013,
25,8,262144,2048,hyprefill,1024/2048/2048,graph,93,24.2510,15.3886,24.2963,24.2510,
25,8,262144,2048,hyprefill,1024/2048/2048,graph,94,22.3381,14.5330,22.3826,22.3381,
25,8,262144,2048,hyprefill,1024/2048/2048,graph,95,24.1354,15.3886,24.1824,24.1354,
25,8,262144,2048,hyprefill,1024/2048/2048,graph,96,24.0509,14.2902,24.0988,24.0509,
25,8,262144,2048,hyprefill,1024/2048/2048,graph,97,24.3129,15.1140,24.3642,24.3129,
25,8,262144,2048,hyprefill,1024/2048/2048,graph,98,24.2233,14.5648,24.2700,24.2233,
25,8,262144,2048,hyprefill,1024/2048/2048,graph,99,24.4335,15.1140,24.4787,24.4335,
25,8,262144,2048,hyprefill,1024/2048/2048,graph,100,24.4880,14.5648,24.5316,24.4880,
25,8,262144,2048,hyprefill,1024/2048/2048,graph,101,24.0265,14.8394,24.0724,24.0265,
25,8,262144,2048,hyprefill,1024/2048/2048,graph,102,24.3781,14.8394,24.4222,24.3781,
25,8,262144,2048,hyprefill,1024/2048/2048,graph,103,24.0528,14.5648,24.0990,24.0528,
25,8,262144,2048,hyprefill,1024/2048/2048,graph,104,24.2003,15.1140,24.2451,24.2003,
25,8,262144,2048,hyprefill,1024/2048/2048,graph,105,22.2685,14.8076,22.3127,22.2685,
25,8,262144,2048,hyprefill,1024/2048/2048,graph,106,24.1975,15.3886,24.2433,24.1975,
25,8,262144,2048,hyprefill,1024/2048/2048,graph,107,24.2289,14.5648,24.2692,24.2289,
25,8,262144,2048,hyprefill,1024/2048/2048,graph,108,24.2000,14.8394,24.2462,24.2000,
25,8,262144,2048,hyprefill,1024/2048/2048,graph,109,24.4775,14.8394,24.5230,24.4775,
25,8,262144,2048,hyprefill,1024/2048/2048,graph,110,24.3005,14.5648,24.3456,24.3005,
25,8,262144,2048,hyprefill,1024/2048/2048,graph,111,24.2012,15.1140,24.2465,24.2012,
25,8,262144,2048,hyprefill,1024/2048/2048,graph,112,24.3177,14.2902,24.3679,24.3177,
25,8,262144,2048,hyprefill,1024/2048/2048,graph,113,24.3499,15.3886,24.3953,24.3499,
25,8,262144,2048,hyprefill,1024/2048/2048,graph,114,22.5818,14.5330,22.6264,22.5818,
25,8,262144,2048,hyprefill,1024/2048/2048,graph,115,24.1411,15.3886,24.1858,24.1411,
25,8,262144,2048,hyprefill,1024/2048/2048,graph,116,24.3201,14.2902,24.3661,24.3201,
25,8,262144,2048,hyprefill,1024/2048/2048,graph,117,24.1281,14.8394,24.1801,24.1281,
25,8,262144,2048,hyprefill,1024/2048/2048,graph,118,24.3867,15.1140,24.4375,24.3867,
25,8,262144,2048,hyprefill,1024/2048/2048,graph,119,24.3021,14.8394,24.3496,24.3021,
25,8,262144,2048,hyprefill,1024/2048/2048,graph,120,24.3157,14.8394,24.3623,24.3157,
25,8,262144,2048,hyprefill,1024/2048/2048,graph,121,22.5229,14.5330,22.5676,22.5229,
25,8,262144,2048,hyprefill,1024/2048/2048,graph,122,23.9358,15.6632,23.9825,23.9358,
25,8,262144,2048,hyprefill,1024/2048/2048,graph,123,24.3342,14.2902,24.3866,24.3342,
25,8,262144,2048,hyprefill,1024/2048/2048,graph,124,23.9076,14.8394,23.9563,23.9076,
25,8,262144,2048,hyprefill,1024/2048/2048,graph,125,24.0930,14.2902,24.1385,24.0930,
25,8,262144,2048,hyprefill,1024/2048/2048,graph,126,23.8996,15.1140,23.9460,23.8996,
25,8,262144,2048,hyprefill,1024/2048/2048,graph,127,24.2813,14.8394,24.3277,24.2813,
25,8,262144,2048,hyprefill,1024/2048/2048,graph,128,24.3348,14.2902,24.3788,24.3348,
25,8,262144,2048,hyprefill,1024/2048/2048,graph,129,24.0354,15.6632,24.0821,24.0354,
25,8,262144,2048,hyprefill,1024/2048/2048,graph,130,22.7220,14.5330,22.7659,22.7220,
25,8,262144,2048,hyprefill,1024/2048/2048,graph,131,24.0303,15.6632,24.0765,24.0303,
25,8,262144,2048,hyprefill,1024/2048/2048,graph,132,24.2904,14.5648,24.3360,24.2904,
25,8,262144,2048,hyprefill,1024/2048/2048,graph,133,24.3133,15.1140,24.3581,24.3133,
25,8,262144,2048,hyprefill,1024/2048/2048,graph,134,24.2524,14.5648,24.2971,24.2524,
25,8,262144,2048,hyprefill,1024/2048/2048,graph,135,24.2375,14.8394,24.2837,24.2375,
25,8,262144,2048,hyprefill,1024/2048/2048,graph,136,24.2375,14.8394,24.2868,24.2375,
25,8,262144,2048,hyprefill,1024/2048/2048,graph,137,24.5382,14.5648,24.5838,24.5382,
25,8,262144,2048,hyprefill,1024/2048/2048,graph,138,24.1707,15.1140,24.2207,24.1707,
25,8,262144,2048,hyprefill,1024/2048/2048,graph,139,23.0309,14.8076,23.0830,23.0309,
25,8,262144,2048,hyprefill,1024/2048/2048,graph,140,24.3077,15.3886,24.3651,24.3077,
25,8,262144,2048,hyprefill,1024/2048/2048,graph,141,24.0012,14.2902,24.0553,24.0012,
25,8,262144,2048,hyprefill,1024/2048/2048,graph,142,24.0851,15.1140,24.1365,24.0851,
25,8,262144,2048,hyprefill,1024/2048/2048,graph,143,24.1862,14.8394,24.2356,24.1862,
25,8,262144,2048,hyprefill,1024/2048/2048,graph,144,24.2552,14.2902,24.3029,24.2552,
25,8,262144,2048,hyprefill,1024/2048/2048,graph,145,23.9720,15.1140,24.0170,23.9720,
25,8,262144,2048,hyprefill,1024/2048/2048,graph,146,24.1169,14.5648,24.1631,24.1169,
25,8,262144,2048,hyprefill,1024/2048/2048,graph,147,24.1769,15.1140,24.2213,24.1769,
25,8,262144,2048,hyprefill,1024/2048/2048,graph,148,22.0807,14.5330,22.1265,22.0807,
25,8,262144,2048,hyprefill,1024/2048/2048,graph,149,23.9011,15.6632,23.9472,23.9011,
25,8,262144,2048,hyprefill,1024/2048/2048,graph,150,24.1440,14.5648,24.1995,24.1440,
25,8,262144,2048,hyprefill,1024/2048/2048,graph,151,24.2313,14.8394,24.2795,24.2313,
25,8,262144,2048,hyprefill,1024/2048/2048,graph,152,24.0667,14.8394,24.1126,24.0667,
25,8,262144,2048,hyprefill,1024/2048/2048,graph,153,23.9913,14.8394,24.0387,23.9913,
25,8,262144,2048,hyprefill,1024/2048/2048,graph,154,24.1253,14.5648,24.1709,24.1253,
25,8,262144,2048,hyprefill,1024/2048/2048,graph,155,23.9380,14.2902,23.9845,23.9380,
25,8,262144,2048,hyprefill,1024/2048/2048,graph,156,24.0567,15.1140,24.1007,24.0567,
25,8,262144,2048,hyprefill,1024/2048/2048,graph,157,22.1941,15.0822,22.2383,22.1941,
25,8,262144,2048,hyprefill,1024/2048/2048,graph,158,23.9741,14.5648,24.0192,23.9741,
25,8,262144,2048,hyprefill,1024/2048/2048,graph,159,24.1036,14.8394,24.1475,24.1036,
25,8,262144,2048,hyprefill,1024/2048/2048,graph,160,24.1073,14.2902,24.1524,24.1073,
25,8,262144,2048,hyprefill,1024/2048/2048,graph,161,23.9355,15.1140,23.9809,23.9355,
25,8,262144,2048,hyprefill,1024/2048/2048,graph,162,23.9085,14.5648,23.9542,23.9085,
25,8,262144,2048,hyprefill,1024/2048/2048,graph,163,23.9796,14.5648,24.0235,23.9796,
25,8,262144,2048,hyprefill,1024/2048/2048,graph,164,24.1654,14.8394,24.2089,24.1654,
25,8,262144,2048,hyprefill,1024/2048/2048,graph,165,24.1539,14.8394,24.1993,24.1539,
25,8,262144,2048,hyprefill,1024/2048/2048,graph,166,24.0416,14.5648,24.0853,24.0416,
25,8,262144,2048,hyprefill,1024/2048/2048,graph,167,24.1648,14.8394,24.2134,24.1648,
25,8,262144,2048,hyprefill,1024/2048/2048,graph,168,23.9840,14.5648,24.0400,23.9840,
25,8,262144,2048,hyprefill,1024/2048/2048,graph,169,24.1566,14.8394,24.2014,24.1566,
25,8,262144,2048,hyprefill,1024/2048/2048,graph,170,24.2658,14.2902,24.3108,24.2658,
25,8,262144,2048,hyprefill,1024/2048/2048,graph,171,23.9417,15.6632,23.9911,23.9417,
25,8,262144,2048,hyprefill,1024/2048/2048,graph,172,23.2659,14.5330,23.3083,23.2659,
25,8,262144,2048,hyprefill,1024/2048/2048,graph,173,23.8006,15.3886,23.8513,23.8006,
25,8,262144,2048,hyprefill,1024/2048/2048,graph,174,24.4455,14.5648,24.4897,24.4455,
25,8,262144,2048,hyprefill,1024/2048/2048,graph,175,23.9280,14.5648,23.9806,23.9280,
25,8,262144,2048,hyprefill,1024/2048/2048,graph,176,24.0286,15.1140,24.0736,24.0286,
25,8,262144,2048,hyprefill,1024/2048/2048,graph,177,24.0391,14.2902,24.0838,24.0391,
25,8,262144,2048,hyprefill,1024/2048/2048,graph,178,24.0418,15.1140,24.0861,24.0418,
25,8,262144,2048,hyprefill,1024/2048/2048,graph,179,23.8864,14.2902,23.9365,23.8864,
25,8,262144,2048,hyprefill,1024/2048/2048,graph,180,24.0189,15.6632,24.0715,24.0189,
25,8,262144,2048,hyprefill,1024/2048/2048,graph,181,22.5997,14.5330,22.6468,22.5997,
25,8,262144,2048,hyprefill,1024/2048/2048,graph,182,23.6388,15.3886,23.6873,23.6388,
25,8,262144,2048,hyprefill,1024/2048/2048,graph,183,24.0201,14.2902,24.0658,24.0201,
25,8,262144,2048,hyprefill,1024/2048/2048,graph,184,24.0745,14.8394,24.1250,24.0745,
25,8,262144,2048,hyprefill,1024/2048/2048,graph,185,24.1190,14.8394,24.1641,24.1190,
25,8,262144,2048,hyprefill,1024/2048/2048,graph,186,23.9729,14.8394,24.0184,23.9729,
25,8,262144,2048,hyprefill,1024/2048/2048,graph,187,24.2320,14.8394,24.2766,24.2320,
25,8,262144,2048,hyprefill,1024/2048/2048,graph,188,24.0423,14.2902,24.0883,24.0423,
25,8,262144,2048,hyprefill,1024/2048/2048,graph,189,24.1676,15.1140,24.2207,24.1676,
25,8,262144,2048,hyprefill,1024/2048/2048,graph,190,23.9900,14.2902,24.0465,23.9900,
25,8,262144,2048,hyprefill,1024/2048/2048,graph,191,24.3103,15.3886,24.3614,24.3103,
25,8,262144,2048,hyprefill,1024/2048/2048,graph,192,22.8404,14.8076,22.8866,22.8404,
25,8,262144,2048,hyprefill,1024/2048/2048,graph,193,24.3033,15.3886,24.3504,24.3033,
25,8,262144,2048,hyprefill,1024/2048/2048,graph,194,24.2382,14.5648,24.2837,24.2382,
25,8,262144,2048,hyprefill,1024/2048/2048,graph,195,24.3883,14.8394,24.4327,24.3883,
25,8,262144,2048,hyprefill,1024/2048/2048,graph,196,24.3131,14.5648,24.3587,24.3131,
25,8,262144,2048,hyprefill,1024/2048/2048,graph,197,23.8674,14.5648,23.9135,23.8674,
25,8,262144,2048,hyprefill,1024/2048/2048,graph,198,24.2201,15.3886,24.2663,24.2201,
25,8,262144,2048,hyprefill,1024/2048/2048,graph,199,24.0430,14.2902,24.0896,24.0430,
25,8,262144,2048,hyprefill,1024/1536/1536,graph,0,22.9650,15.9059,23.0112,22.9650,
25,8,262144,2048,hyprefill,1024/1536/1536,graph,1,24.2118,15.1140,24.2575,24.2118,
25,8,262144,2048,hyprefill,1024/1536/1536,graph,2,23.1225,15.9059,23.1668,23.1225,
25,8,262144,2048,hyprefill,1024/1536/1536,graph,3,24.4214,14.8394,24.4683,24.4214,
25,8,262144,2048,hyprefill,1024/1536/1536,graph,4,24.7267,14.8394,24.7705,24.7267,
25,8,262144,2048,hyprefill,1024/1536/1536,graph,5,24.5792,15.3886,24.6280,24.5792,
25,8,262144,2048,hyprefill,1024/1536/1536,graph,6,24.5811,14.8394,24.6273,24.5811,
25,8,262144,2048,hyprefill,1024/1536/1536,graph,7,24.5360,14.8394,24.5800,24.5360,
25,8,262144,2048,hyprefill,1024/1536/1536,graph,8,24.6073,15.3886,24.6543,24.6073,
25,8,262144,2048,hyprefill,1024/1536/1536,graph,9,24.4911,15.3886,24.5499,24.4911,
25,8,262144,2048,hyprefill,1024/1536/1536,graph,10,23.1371,15.3568,23.1805,23.1371,
25,8,262144,2048,hyprefill,1024/1536/1536,graph,11,22.8631,16.1805,22.9110,22.8631,
25,8,262144,2048,hyprefill,1024/1536/1536,graph,12,24.4195,14.8394,24.4706,24.4195,
25,8,262144,2048,hyprefill,1024/1536/1536,graph,13,24.1616,15.1140,24.2097,24.1616,
25,8,262144,2048,hyprefill,1024/1536/1536,graph,14,24.6629,15.1140,24.7086,24.6629,
25,8,262144,2048,hyprefill,1024/1536/1536,graph,15,24.5591,15.1140,24.6056,24.5591,
25,8,262144,2048,hyprefill,1024/1536/1536,graph,16,24.4935,14.8394,24.5375,24.4935,
25,8,262144,2048,hyprefill,1024/1536/1536,graph,17,24.6078,14.8394,24.6584,24.6078,
25,8,262144,2048,hyprefill,1024/1536/1536,graph,18,23.0839,15.9059,23.1307,23.0839,
25,8,262144,2048,hyprefill,1024/1536/1536,graph,19,24.3252,15.3886,24.3733,24.3252,
25,8,262144,2048,hyprefill,1024/1536/1536,graph,20,23.8780,15.9059,23.9220,23.8780,
25,8,262144,2048,hyprefill,1024/1536/1536,graph,21,24.2763,14.8394,24.3216,24.2763,
25,8,262144,2048,hyprefill,1024/1536/1536,graph,22,24.2093,15.1140,24.2538,24.2093,
25,8,262144,2048,hyprefill,1024/1536/1536,graph,23,24.3011,14.8394,24.3480,24.3011,
25,8,262144,2048,hyprefill,1024/1536/1536,graph,24,24.4604,14.8394,24.5075,24.4604,
25,8,262144,2048,hyprefill,1024/1536/1536,graph,25,24.5262,15.1140,24.5702,24.5262,
25,8,262144,2048,hyprefill,1024/1536/1536,graph,26,24.5669,15.3886,24.6136,24.5669,
25,8,262144,2048,hyprefill,1024/1536/1536,graph,27,24.4665,15.1140,24.5127,24.4665,
25,8,262144,2048,hyprefill,1024/1536/1536,graph,28,24.4347,14.8394,24.4785,24.4347,
25,8,262144,2048,hyprefill,1024/1536/1536,graph,29,24.4362,15.1140,24.4795,24.4362,
25,8,262144,2048,hyprefill,1024/1536/1536,graph,30,23.0373,15.6314,23.0821,23.0373,
25,8,262144,2048,hyprefill,1024/1536/1536,graph,31,24.1714,15.3886,24.2166,24.1714,
25,8,262144,2048,hyprefill,1024/1536/1536,graph,32,24.5345,15.3886,24.5824,24.5345,
25,8,262144,2048,hyprefill,1024/1536/1536,graph,33,24.2663,14.8394,24.3117,24.2663,
25,8,262144,2048,hyprefill,1024/1536/1536,graph,34,24.4139,14.8394,24.4601,24.4139,
25,8,262144,2048,hyprefill,1024/1536/1536,graph,35,24.1997,15.3886,24.2511,24.1997,
25,8,262144,2048,hyprefill,1024/1536/1536,graph,36,24.6060,15.1140,24.6530,24.6060,
25,8,262144,2048,hyprefill,1024/1536/1536,graph,37,24.0894,14.8394,24.1331,24.0894,
25,8,262144,2048,hyprefill,1024/1536/1536,graph,38,24.4605,15.3886,24.5108,24.4605,
25,8,262144,2048,hyprefill,1024/1536/1536,graph,39,22.8255,15.3568,22.8691,22.8255,
25,8,262144,2048,hyprefill,1024/1536/1536,graph,40,24.3930,15.3886,24.4392,24.3930,
25,8,262144,2048,hyprefill,1024/1536/1536,graph,41,24.1292,14.8394,24.1735,24.1292,
25,8,262144,2048,hyprefill,1024/1536/1536,graph,42,24.2072,15.1140,24.2493,24.2072,
25,8,262144,2048,hyprefill,1024/1536/1536,graph,43,24.1235,14.8394,24.1674,24.1235,
25,8,262144,2048,hyprefill,1024/1536/1536,graph,44,24.2148,15.6632,24.2624,24.2148,
25,8,262144,2048,hyprefill,1024/1536/1536,graph,45,24.3115,14.5648,24.3569,24.3115,
25,8,262144,2048,hyprefill,1024/1536/1536,graph,46,24.0541,15.1140,24.0979,24.0541,
25,8,262144,2048,hyprefill,1024/1536/1536,graph,47,24.4908,15.3886,24.5364,24.4908,
25,8,262144,2048,hyprefill,1024/1536/1536,graph,48,24.6280,15.1140,24.6726,24.6280,
25,8,262144,2048,hyprefill,1024/1536/1536,graph,49,24.1985,15.1140,24.2426,24.1985,
25,8,262144,2048,hyprefill,1024/1536/1536,graph,50,24.2500,15.1140,24.2950,24.2500,
25,8,262144,2048,hyprefill,1024/1536/1536,graph,51,22.5637,15.3568,22.6067,22.5637,
25,8,262144,2048,hyprefill,1024/1536/1536,graph,52,24.5024,15.3886,24.5482,24.5024,
25,8,262144,2048,hyprefill,1024/1536/1536,graph,53,24.4965,14.8394,24.5401,24.4965,
25,8,262144,2048,hyprefill,1024/1536/1536,graph,54,24.7400,15.1140,24.7844,24.7400,
25,8,262144,2048,hyprefill,1024/1536/1536,graph,55,24.6108,14.8394,24.6535,24.6108,
25,8,262144,2048,hyprefill,1024/1536/1536,graph,56,24.2361,14.5648,24.2799,24.2361,
25,8,262144,2048,hyprefill,1024/1536/1536,graph,57,24.3871,15.1140,24.4310,24.3871,
25,8,262144,2048,hyprefill,1024/1536/1536,graph,58,24.2841,15.1140,24.3396,24.2841,
25,8,262144,2048,hyprefill,1024/1536/1536,graph,59,22.8696,15.6314,22.9164,22.8696,
25,8,262144,2048,hyprefill,1024/1536/1536,graph,60,24.3190,14.8394,24.3675,24.3190,
25,8,262144,2048,hyprefill,1024/1536/1536,graph,61,24.3724,15.3886,24.4194,24.3724,
25,8,262144,2048,hyprefill,1024/1536/1536,graph,62,24.3919,15.1140,24.4382,24.3919,
25,8,262144,2048,hyprefill,1024/1536/1536,graph,63,24.4785,14.8394,24.5226,24.4785,
25,8,262144,2048,hyprefill,1024/1536/1536,graph,64,24.4735,15.3886,24.5172,24.4735,
25,8,262144,2048,hyprefill,1024/1536/1536,graph,65,24.5180,14.5648,24.5607,24.5180,
25,8,262144,2048,hyprefill,1024/1536/1536,graph,66,24.2988,15.6632,24.3498,24.2988,
25,8,262144,2048,hyprefill,1024/1536/1536,graph,67,24.4390,14.8394,24.4837,24.4390,
25,8,262144,2048,hyprefill,1024/1536/1536,graph,68,22.3416,15.6314,22.3858,22.3416,
25,8,262144,2048,hyprefill,1024/1536/1536,graph,69,22.3678,15.6314,22.4145,22.3678,
25,8,262144,2048,hyprefill,1024/1536/1536,graph,70,24.2722,15.3886,24.3199,24.2722,
25,8,262144,2048,hyprefill,1024/1536/1536,graph,71,24.0127,14.8394,24.0600,24.0127,
25,8,262144,2048,hyprefill,1024/1536/1536,graph,72,24.4611,14.5648,24.5060,24.4611,
25,8,262144,2048,hyprefill,1024/1536/1536,graph,73,24.2694,15.3886,24.3154,24.2694,
25,8,262144,2048,hyprefill,1024/1536/1536,graph,74,24.3951,14.2902,24.4392,24.3951,
25,8,262144,2048,hyprefill,1024/1536/1536,graph,75,24.1240,15.3886,24.1702,24.1240,
25,8,262144,2048,hyprefill,1024/1536/1536,graph,76,24.4701,15.1140,24.5143,24.4701,
25,8,262144,2048,hyprefill,1024/1536/1536,graph,77,22.2490,15.9059,22.2937,22.2490,
25,8,262144,2048,hyprefill,1024/1536/1536,graph,78,23.0546,15.6314,23.0982,23.0546,
25,8,262144,2048,hyprefill,1024/1536/1536,graph,79,24.4035,15.6632,24.4506,24.4035,
25,8,262144,2048,hyprefill,1024/1536/1536,graph,80,24.4027,14.5648,24.4468,24.4027,
25,8,262144,2048,hyprefill,1024/1536/1536,graph,81,24.4310,15.3886,24.4790,24.4310,
25,8,262144,2048,hyprefill,1024/1536/1536,graph,82,24.1729,14.8394,24.2209,24.1729,
25,8,262144,2048,hyprefill,1024/1536/1536,graph,83,24.5371,14.8394,24.5814,24.5371,
25,8,262144,2048,hyprefill,1024/1536/1536,graph,84,24.1754,14.8394,24.2206,24.1754,
25,8,262144,2048,hyprefill,1024/1536/1536,graph,85,24.6287,14.8394,24.6734,24.6287,
25,8,262144,2048,hyprefill,1024/1536/1536,graph,86,24.3918,15.3886,24.4373,24.3918,
25,8,262144,2048,hyprefill,1024/1536/1536,graph,87,24.5444,14.8394,24.5898,24.5444,
25,8,262144,2048,hyprefill,1024/1536/1536,graph,88,24.4326,15.1140,24.4761,24.4326,
25,8,262144,2048,hyprefill,1024/1536/1536,graph,89,23.0573,15.9059,23.1026,23.0573,
25,8,262144,2048,hyprefill,1024/1536/1536,graph,90,24.1808,14.8394,24.2276,24.1808,
25,8,262144,2048,hyprefill,1024/1536/1536,graph,91,24.4796,15.3886,24.5250,24.4796,
25,8,262144,2048,hyprefill,1024/1536/1536,graph,92,24.2657,15.1140,24.3117,24.2657,
25,8,262144,2048,hyprefill,1024/1536/1536,graph,93,24.5425,15.1140,24.5862,24.5425,
25,8,262144,2048,hyprefill,1024/1536/1536,graph,94,24.4286,15.1140,24.4812,24.4286,
25,8,262144,2048,hyprefill,1024/1536/1536,graph,95,24.4048,14.8394,24.4505,24.4048,
25,8,262144,2048,hyprefill,1024/1536/1536,graph,96,24.2502,15.1140,24.2962,24.2502,
25,8,262144,2048,hyprefill,1024/1536/1536,graph,97,24.3036,15.3886,24.3499,24.3036,
25,8,262144,2048,hyprefill,1024/1536/1536,graph,98,22.8517,15.3568,22.8953,22.8517,
25,8,262144,2048,hyprefill,1024/1536/1536,graph,99,24.1840,15.1140,24.2305,24.1840,
25,8,262144,2048,hyprefill,1024/1536/1536,graph,100,24.2146,14.8394,24.2581,24.2146,
25,8,262144,2048,hyprefill,1024/1536/1536,graph,101,24.3011,15.1140,24.3473,24.3011,
25,8,262144,2048,hyprefill,1024/1536/1536,graph,102,24.4625,14.8394,24.5075,24.4625,
25,8,262144,2048,hyprefill,1024/1536/1536,graph,103,24.3325,15.3886,24.3770,24.3325,
25,8,262144,2048,hyprefill,1024/1536/1536,graph,104,24.3536,14.5648,24.4013,24.3536,
25,8,262144,2048,hyprefill,1024/1536/1536,graph,105,24.4787,15.6632,24.5249,24.4787,
25,8,262144,2048,hyprefill,1024/1536/1536,graph,106,24.2106,14.5648,24.2555,24.2106,
25,8,262144,2048,hyprefill,1024/1536/1536,graph,107,24.5986,15.3886,24.6407,24.5986,
25,8,262144,2048,hyprefill,1024/1536/1536,graph,108,22.1785,15.6314,22.2242,22.1785,
25,8,262144,2048,hyprefill,1024/1536/1536,graph,109,24.4710,15.3886,24.5158,24.4710,
25,8,262144,2048,hyprefill,1024/1536/1536,graph,110,24.0612,14.8394,24.1074,24.0612,
25,8,262144,2048,hyprefill,1024/1536/1536,graph,111,24.7199,15.1140,24.7658,24.7199,
25,8,262144,2048,hyprefill,1024/1536/1536,graph,112,24.1260,14.8394,24.1700,24.1260,
25,8,262144,2048,hyprefill,1024/1536/1536,graph,113,24.6901,15.1140,24.7412,24.6901,
25,8,262144,2048,hyprefill,1024/1536/1536,graph,114,24.3136,15.1140,24.3668,24.3136,
25,8,262144,2048,hyprefill,1024/1536/1536,graph,115,24.4810,15.3886,24.5298,24.4810,
25,8,262144,2048,hyprefill,1024/1536/1536,graph,116,22.7036,15.3568,22.7501,22.7036,
25,8,262144,2048,hyprefill,1024/1536/1536,graph,117,22.4481,15.6314,22.4946,22.4481,
25,8,262144,2048,hyprefill,1024/1536/1536,graph,118,24.3718,15.3886,24.4185,24.3718,
25,8,262144,2048,hyprefill,1024/1536/1536,graph,119,24.5000,15.1140,24.5491,24.5000,
25,8,262144,2048,hyprefill,1024/1536/1536,graph,120,24.6442,14.5648,24.6965,24.6442,
25,8,262144,2048,hyprefill,1024/1536/1536,graph,121,24.3414,15.1140,24.3989,24.3414,
25,8,262144,2048,hyprefill,1024/1536/1536,graph,122,24.6271,14.5648,24.6743,24.6271,
25,8,262144,2048,hyprefill,1024/1536/1536,graph,123,24.4674,15.3886,24.5318,24.4674,
25,8,262144,2048,hyprefill,1024/1536/1536,graph,124,24.6268,15.1140,24.6716,24.6268,
25,8,262144,2048,hyprefill,1024/1536/1536,graph,125,24.3084,15.3886,24.3607,24.3084,
25,8,262144,2048,hyprefill,1024/1536/1536,graph,126,23.5584,15.6314,23.6042,23.5584,
25,8,262144,2048,hyprefill,1024/1536/1536,graph,127,24.4879,15.6632,24.5348,24.4879,
25,8,262144,2048,hyprefill,1024/1536/1536,graph,128,23.5645,15.6314,23.6081,23.5645,
25,8,262144,2048,hyprefill,1024/1536/1536,graph,129,24.3722,15.3886,24.4185,24.3722,
25,8,262144,2048,hyprefill,1024/1536/1536,graph,130,24.4539,14.8394,24.5053,24.4539,
25,8,262144,2048,hyprefill,1024/1536/1536,graph,131,24.4712,14.8394,24.5232,24.4712,
25,8,262144,2048,hyprefill,1024/1536/1536,graph,132,24.6376,15.1140,24.6881,24.6376,
25,8,262144,2048,hyprefill,1024/1536/1536,graph,133,24.4884,15.3886,24.5354,24.4884,
25,8,262144,2048,hyprefill,1024/1536/1536,graph,134,24.2359,15.1140,24.2822,24.2359,
25,8,262144,2048,hyprefill,1024/1536/1536,graph,135,23.4840,15.3568,23.5285,23.4840,
25,8,262144,2048,hyprefill,1024/1536/1536,graph,136,24.4503,15.3886,24.4969,24.4503,
25,8,262144,2048,hyprefill,1024/1536/1536,graph,137,24.4189,15.1140,24.4639,24.4189,
25,8,262144,2048,hyprefill,1024/1536/1536,graph,138,24.3659,14.8394,24.4120,24.3659,
25,8,262144,2048,hyprefill,1024/1536/1536,graph,139,23.9490,15.3886,23.9948,23.9490,
25,8,262144,2048,hyprefill,1024/1536/1536,graph,140,24.4689,14.5648,24.5154,24.4689,
25,8,262144,2048,hyprefill,1024/1536/1536,graph,141,24.3517,15.3886,24.4002,24.3517,
25,8,262144,2048,hyprefill,1024/1536/1536,graph,142,24.3451,14.5648,24.3909,24.3451,
25,8,262144,2048,hyprefill,1024/1536/1536,graph,143,24.4329,15.3886,24.4834,24.4329,
25,8,262144,2048,hyprefill,1024/1536/1536,graph,144,24.3929,14.8394,24.4392,24.3929,
25,8,262144,2048,hyprefill,1024/1536/1536,graph,145,24.1797,14.8394,24.2259,24.1797,
25,8,262144,2048,hyprefill,1024/1536/1536,graph,146,22.5841,16.1805,22.6291,22.5841,
25,8,262144,2048,hyprefill,1024/1536/1536,graph,147,23.2583,15.3568,23.3026,23.2583,
25,8,262144,2048,hyprefill,1024/1536/1536,graph,148,24.4833,15.9378,24.5300,24.4833,
25,8,262144,2048,hyprefill,1024/1536/1536,graph,149,23.9681,14.5648,24.0132,23.9681,
25,8,262144,2048,hyprefill,1024/1536/1536,graph,150,24.3437,14.8394,24.3870,24.3437,
25,8,262144,2048,hyprefill,1024/1536/1536,graph,151,24.1947,15.1140,24.2370,24.1947,
25,8,262144,2048,hyprefill,1024/1536/1536,graph,152,24.4897,14.2902,24.5321,24.4897,
25,8,262144,2048,hyprefill,1024/1536/1536,graph,153,23.9485,15.3886,23.9930,23.9485,
25,8,262144,2048,hyprefill,1024/1536/1536,graph,154,24.2363,14.2902,24.2829,24.2363,
25,8,262144,2048,hyprefill,1024/1536/1536,graph,155,24.3010,15.3886,24.3512,24.3010,
25,8,262144,2048,hyprefill,1024/1536/1536,graph,156,22.2965,15.3568,22.3416,22.2965,
25,8,262144,2048,hyprefill,1024/1536/1536,graph,157,24.1601,15.3886,24.2044,24.1601,
25,8,262144,2048,hyprefill,1024/1536/1536,graph,158,24.6516,15.1140,24.6965,24.6516,
25,8,262144,2048,hyprefill,1024/1536/1536,graph,159,24.2411,15.3886,24.2858,24.2411,
25,8,262144,2048,hyprefill,1024/1536/1536,graph,160,24.6039,15.1140,24.6523,24.6039,
25,8,262144,2048,hyprefill,1024/1536/1536,graph,161,24.1736,14.8394,24.2174,24.1736,
25,8,262144,2048,hyprefill,1024/1536/1536,graph,162,24.6413,14.8394,24.6834,24.6413,
25,8,262144,2048,hyprefill,1024/1536/1536,graph,163,24.3698,15.1140,24.4122,24.3698,
25,8,262144,2048,hyprefill,1024/1536/1536,graph,164,22.8522,15.6314,22.8949,22.8522,
25,8,262144,2048,hyprefill,1024/1536/1536,graph,165,24.1273,15.3886,24.1717,24.1273,
25,8,262144,2048,hyprefill,1024/1536/1536,graph,166,24.1872,14.8394,24.2308,24.1872,
25,8,262144,2048,hyprefill,1024/1536/1536,graph,167,23.9427,15.1140,23.9874,23.9427,
25,8,262144,2048,hyprefill,1024/1536/1536,graph,168,23.1508,14.8076,23.1931,23.1508,
25,8,262144,2048,hyprefill,1024/1536/1536,graph,169,24.3357,15.9378,24.3806,24.3357,
25,8,262144,2048,hyprefill,1024/1536/1536,graph,170,24.6414,14.5648,24.6850,24.6414,
25,8,262144,2048,hyprefill,1024/1536/1536,graph,171,23.5939,15.1140,23.6377,23.5939,
25,8,262144,2048,hyprefill,1024/1536/1536,graph,172,24.5721,15.1140,24.6117,24.5721,
25,8,262144,2048,hyprefill,1024/1536/1536,graph,173,24.1215,15.1140,24.1677,24.1215,
25,8,262144,2048,hyprefill,1024/1536/1536,graph,174,22.4502,15.3568,22.4923,22.4502,
25,8,262144,2048,hyprefill,1024/1536/1536,graph,175,24.5024,15.9378,24.5483,24.5024,
25,8,262144,2048,hyprefill,1024/1536/1536,graph,176,24.1324,14.5648,24.1769,24.1324,
25,8,262144,2048,hyprefill,1024/1536/1536,graph,177,24.4389,15.3886,24.4834,24.4389,
25,8,262144,2048,hyprefill,1024/1536/1536,graph,178,23.1535,15.3568,23.1955,23.1535,
25,8,262144,2048,hyprefill,1024/1536/1536,graph,179,24.5841,15.1140,24.6287,24.5841,
25,8,262144,2048,hyprefill,1024/1536/1536,graph,180,24.4006,15.1140,24.4476,24.4006,
25,8,262144,2048,hyprefill,1024/1536/1536,graph,181,24.5524,14.8394,24.5950,24.5524,
25,8,262144,2048,hyprefill,1024/1536/1536,graph,182,24.3343,15.1140,24.3799,24.3343,
25,8,262144,2048,hyprefill,1024/1536/1536,graph,183,24.7163,15.1140,24.7635,24.7163,
25,8,262144,2048,hyprefill,1024/1536/1536,graph,184,24.4939,14.5648,24.5358,24.4939,
25,8,262144,2048,hyprefill,1024/1536/1536,graph,185,24.7049,15.3886,24.7509,24.7049,
25,8,262144,2048,hyprefill,1024/1536/1536,graph,186,24.3687,15.1140,24.4134,24.3687,
25,8,262144,2048,hyprefill,1024/1536/1536,graph,187,22.8459,15.3568,22.8875,22.8459,
25,8,262144,2048,hyprefill,1024/1536/1536,graph,188,24.3264,14.8394,24.3725,24.3264,
25,8,262144,2048,hyprefill,1024/1536/1536,graph,189,24.4494,15.3886,24.4922,24.4494,
25,8,262144,2048,hyprefill,1024/1536/1536,graph,190,24.4751,15.1140,24.5198,24.4751,
25,8,262144,2048,hyprefill,1024/1536/1536,graph,191,22.8302,15.9059,22.8800,22.8302,
25,8,262144,2048,hyprefill,1024/1536/1536,graph,192,24.5322,15.1140,24.5778,24.5322,
25,8,262144,2048,hyprefill,1024/1536/1536,graph,193,24.4379,14.8394,24.4832,24.4379,
25,8,262144,2048,hyprefill,1024/1536/1536,graph,194,24.5927,15.1140,24.6355,24.5927,
25,8,262144,2048,hyprefill,1024/1536/1536,graph,195,24.2369,14.8394,24.2791,24.2369,
25,8,262144,2048,hyprefill,1024/1536/1536,graph,196,24.2641,15.6632,24.3089,24.2641,
25,8,262144,2048,hyprefill,1024/1536/1536,graph,197,24.1913,14.5648,24.2361,24.1913,
25,8,262144,2048,hyprefill,1024/1536/1536,graph,198,24.5304,15.1140,24.5749,24.5304,
25,8,262144,2048,hyprefill,1024/1536/1536,graph,199,24.4055,14.8394,24.4492,24.4055,
25,8,262144,2048,hyprefill,512/2048/2048,graph,0,23.8039,15.1776,23.8483,23.8039,
25,8,262144,2048,hyprefill,512/2048/2048,graph,1,23.9072,14.9349,23.9499,23.9072,
25,8,262144,2048,hyprefill,512/2048/2048,graph,2,23.7439,14.9349,23.7892,23.7439,
25,8,262144,2048,hyprefill,512/2048/2048,graph,3,23.9512,14.6603,23.9974,23.9512,
25,8,262144,2048,hyprefill,512/2048/2048,graph,4,23.6245,14.9031,23.6732,23.6245,
25,8,262144,2048,hyprefill,512/2048/2048,graph,5,23.4345,15.1776,23.4805,23.4345,
25,8,262144,2048,hyprefill,512/2048/2048,graph,6,23.5216,15.2095,23.5714,23.5216,
25,8,262144,2048,hyprefill,512/2048/2048,graph,7,23.7553,14.3857,23.8030,23.7553,
25,8,262144,2048,hyprefill,512/2048/2048,graph,8,23.8799,14.9349,23.9266,23.8799,
25,8,262144,2048,hyprefill,512/2048/2048,graph,9,23.7498,14.9031,23.7943,23.7498,
25,8,262144,2048,hyprefill,512/2048/2048,graph,10,23.9154,15.4841,23.9614,23.9154,
25,8,262144,2048,hyprefill,512/2048/2048,graph,11,23.8625,14.1111,23.9072,23.8625,
25,8,262144,2048,hyprefill,512/2048/2048,graph,12,23.8908,14.9349,23.9331,23.8908,
25,8,262144,2048,hyprefill,512/2048/2048,graph,13,23.8375,14.6603,23.8816,23.8375,
25,8,262144,2048,hyprefill,512/2048/2048,graph,14,23.8487,14.9349,23.8942,23.8487,
25,8,262144,2048,hyprefill,512/2048/2048,graph,15,23.9537,14.9031,24.0002,23.9537,
25,8,262144,2048,hyprefill,512/2048/2048,graph,16,23.8734,15.4522,23.9162,23.8734,
25,8,262144,2048,hyprefill,512/2048/2048,graph,17,23.7428,15.1776,23.7877,23.7428,
25,8,262144,2048,hyprefill,512/2048/2048,graph,18,23.7500,14.3857,23.7949,23.7500,
25,8,262144,2048,hyprefill,512/2048/2048,graph,19,23.6683,14.9349,23.7129,23.6683,
25,8,262144,2048,hyprefill,512/2048/2048,graph,20,23.8316,14.9031,23.8741,23.8316,
25,8,262144,2048,hyprefill,512/2048/2048,graph,21,23.5199,14.6603,23.5650,23.5199,
25,8,262144,2048,hyprefill,512/2048/2048,graph,22,23.8062,14.3857,23.8528,23.8062,
25,8,262144,2048,hyprefill,512/2048/2048,graph,23,23.9229,15.2095,23.9707,23.9229,
25,8,262144,2048,hyprefill,512/2048/2048,graph,24,23.8837,14.9349,23.9286,23.8837,
25,8,262144,2048,hyprefill,512/2048/2048,graph,25,23.8042,14.6603,23.8528,23.8042,
25,8,262144,2048,hyprefill,512/2048/2048,graph,26,23.8470,14.3857,23.8915,23.8470,
25,8,262144,2048,hyprefill,512/2048/2048,graph,27,23.8759,14.6603,23.9210,23.8759,
25,8,262144,2048,hyprefill,512/2048/2048,graph,28,23.9315,15.4841,23.9768,23.9315,
25,8,262144,2048,hyprefill,512/2048/2048,graph,29,23.8330,14.6603,23.8777,23.8330,
25,8,262144,2048,hyprefill,512/2048/2048,graph,30,23.8029,14.9031,23.8464,23.8029,
25,8,262144,2048,hyprefill,512/2048/2048,graph,31,22.3434,15.6950,22.3881,22.3434,
25,8,262144,2048,hyprefill,512/2048/2048,graph,32,23.9065,15.1776,23.9506,23.9065,
25,8,262144,2048,hyprefill,512/2048/2048,graph,33,23.8309,14.6603,23.8755,23.8309,
25,8,262144,2048,hyprefill,512/2048/2048,graph,34,23.7834,14.3857,23.8281,23.7834,
25,8,262144,2048,hyprefill,512/2048/2048,graph,35,23.5930,15.2095,23.6478,23.5930,
25,8,262144,2048,hyprefill,512/2048/2048,graph,36,23.8734,14.3857,23.9221,23.8734,
25,8,262144,2048,hyprefill,512/2048/2048,graph,37,23.6848,14.3857,23.7319,23.6848,
25,8,262144,2048,hyprefill,512/2048/2048,graph,38,23.7404,14.9349,23.7949,23.7404,
25,8,262144,2048,hyprefill,512/2048/2048,graph,39,23.8249,14.9349,23.8695,23.8249,
25,8,262144,2048,hyprefill,512/2048/2048,graph,40,23.7439,14.9349,23.7889,23.7439,
25,8,262144,2048,hyprefill,512/2048/2048,graph,41,23.6181,14.6603,23.6708,23.6181,
25,8,262144,2048,hyprefill,512/2048/2048,graph,42,23.7183,14.9031,23.7612,23.7183,
25,8,262144,2048,hyprefill,512/2048/2048,graph,43,23.7838,14.9031,23.8297,23.7838,
25,8,262144,2048,hyprefill,512/2048/2048,graph,44,23.9908,14.6603,24.0377,23.9908,
25,8,262144,2048,hyprefill,512/2048/2048,graph,45,23.6360,14.3857,23.6837,23.6360,
25,8,262144,2048,hyprefill,512/2048/2048,graph,46,23.5775,15.2095,23.6224,23.5775,
25,8,262144,2048,hyprefill,512/2048/2048,graph,47,23.4777,14.6603,23.5241,23.4777,
25,8,262144,2048,hyprefill,512/2048/2048,graph,48,23.7103,14.6603,23.7581,23.7103,
25,8,262144,2048,hyprefill,512/2048/2048,graph,49,23.9132,14.6603,23.9604,23.9132,
25,8,262144,2048,hyprefill,512/2048/2048,graph,50,23.9123,14.9031,23.9667,23.9123,
25,8,262144,2048,hyprefill,512/2048/2048,graph,51,23.6972,14.9349,23.7455,23.6972,
25,8,262144,2048,hyprefill,512/2048/2048,graph,52,24.0362,14.6603,24.0932,24.0362,
25,8,262144,2048,hyprefill,512/2048/2048,graph,53,24.1234,15.2095,24.1728,24.1234,
25,8,262144,2048,hyprefill,512/2048/2048,graph,54,24.0115,14.6285,24.0613,24.0115,
25,8,262144,2048,hyprefill,512/2048/2048,graph,55,23.5910,15.7268,23.6417,23.5910,
25,8,262144,2048,hyprefill,512/2048/2048,graph,56,24.1132,14.3539,24.1581,24.1132,
25,8,262144,2048,hyprefill,512/2048/2048,graph,57,23.8306,14.6921,23.8787,23.8306,
25,8,262144,2048,hyprefill,512/2048/2048,graph,58,23.7822,14.9349,23.8300,23.7822,
25,8,262144,2048,hyprefill,512/2048/2048,graph,59,23.8567,14.3857,23.9022,23.8567,
25,8,262144,2048,hyprefill,512/2048/2048,graph,60,23.4030,15.1776,23.4550,23.4030,
25,8,262144,2048,hyprefill,512/2048/2048,graph,61,23.7080,15.1776,23.7550,23.7080,
25,8,262144,2048,hyprefill,512/2048/2048,graph,62,23.7532,14.3857,23.8008,23.7532,
25,8,262144,2048,hyprefill,512/2048/2048,graph,63,23.8561,14.6603,23.9030,23.8561,
25,8,262144,2048,hyprefill,512/2048/2048,graph,64,23.7302,15.4841,23.7757,23.7302,
25,8,262144,2048,hyprefill,512/2048/2048,graph,65,24.1709,14.9031,24.2147,24.1709,
25,8,262144,2048,hyprefill,512/2048/2048,graph,66,23.7372,15.4522,23.7854,23.7372,
25,8,262144,2048,hyprefill,512/2048/2048,graph,67,24.0266,14.9031,24.0747,24.0266,
25,8,262144,2048,hyprefill,512/2048/2048,graph,68,23.8887,15.4841,23.9343,23.8887,
25,8,262144,2048,hyprefill,512/2048/2048,graph,69,24.0291,14.1111,24.0757,24.0291,
25,8,262144,2048,hyprefill,512/2048/2048,graph,70,23.6420,15.2095,23.6879,23.6420,
25,8,262144,2048,hyprefill,512/2048/2048,graph,71,24.1140,14.6285,24.1572,24.1140,
25,8,262144,2048,hyprefill,512/2048/2048,graph,72,24.1216,15.2095,24.1677,24.1216,
25,8,262144,2048,hyprefill,512/2048/2048,graph,73,23.8667,14.3857,23.9160,23.8667,
25,8,262144,2048,hyprefill,512/2048/2048,graph,74,23.4060,14.6603,23.4571,23.4060,
25,8,262144,2048,hyprefill,512/2048/2048,graph,75,24.0161,14.9349,24.0679,24.0161,
25,8,262144,2048,hyprefill,512/2048/2048,graph,76,23.7864,14.6603,23.8340,23.7864,
25,8,262144,2048,hyprefill,512/2048/2048,graph,77,24.1354,14.9349,24.1869,24.1354,
25,8,262144,2048,hyprefill,512/2048/2048,graph,78,24.0426,14.1111,24.0899,24.0426,
25,8,262144,2048,hyprefill,512/2048/2048,graph,79,23.6122,15.2095,23.6596,23.6122,
25,8,262144,2048,hyprefill,512/2048/2048,graph,80,23.6395,14.9349,23.6863,23.6395,
25,8,262144,2048,hyprefill,512/2048/2048,graph,81,23.8308,14.6285,23.8759,23.8308,
25,8,262144,2048,hyprefill,512/2048/2048,graph,82,23.5858,15.7268,23.6310,23.5858,
25,8,262144,2048,hyprefill,512/2048/2048,graph,83,23.9463,15.1776,23.9936,23.9463,
25,8,262144,2048,hyprefill,512/2048/2048,graph,84,23.5864,15.2095,23.6373,23.5864,
25,8,262144,2048,hyprefill,512/2048/2048,graph,85,23.8318,14.3539,23.8745,23.8318,
25,8,262144,2048,hyprefill,512/2048/2048,graph,86,23.7236,15.2095,23.7686,23.7236,
25,8,262144,2048,hyprefill,512/2048/2048,graph,87,23.5488,14.6603,23.5945,23.5488,
25,8,262144,2048,hyprefill,512/2048/2048,graph,88,24.0249,14.3857,24.0678,24.0249,
25,8,262144,2048,hyprefill,512/2048/2048,graph,89,23.8098,14.3857,23.8543,23.8098,
25,8,262144,2048,hyprefill,512/2048/2048,graph,90,23.7128,14.9349,23.7583,23.7128,
25,8,262144,2048,hyprefill,512/2048/2048,graph,91,23.8468,14.9349,23.8992,23.8468,
25,8,262144,2048,hyprefill,512/2048/2048,graph,92,23.5422,14.6285,23.5874,23.5422,
25,8,262144,2048,hyprefill,512/2048/2048,graph,93,21.7930,15.4204,21.8376,21.7930,
25,8,262144,2048,hyprefill,512/2048/2048,graph,94,22.8679,15.1458,22.9137,22.8679,
25,8,262144,2048,hyprefill,512/2048/2048,graph,95,23.6041,15.2095,23.6513,23.6041,
25,8,262144,2048,hyprefill,512/2048/2048,graph,96,24.1799,14.1111,24.2243,24.1799,
25,8,262144,2048,hyprefill,512/2048/2048,graph,97,23.7816,14.4175,23.8275,23.7816,
25,8,262144,2048,hyprefill,512/2048/2048,graph,98,23.8833,14.9349,23.9273,23.8833,
25,8,262144,2048,hyprefill,512/2048/2048,graph,99,23.7545,14.9349,23.8003,23.7545,
25,8,262144,2048,hyprefill,512/2048/2048,graph,100,23.9228,14.3857,23.9738,23.9228,
25,8,262144,2048,hyprefill,512/2048/2048,graph,101,24.0177,14.6603,24.0676,24.0177,
25,8,262144,2048,hyprefill,512/2048/2048,graph,102,23.6582,15.2095,23.7060,23.6582,
25,8,262144,2048,hyprefill,512/2048/2048,graph,103,23.5952,14.9031,23.6396,23.5952,
25,8,262144,2048,hyprefill,512/2048/2048,graph,104,22.5323,15.6950,22.5782,22.5323,
25,8,262144,2048,hyprefill,512/2048/2048,graph,105,21.8872,14.8394,21.9306,21.8872,
25,8,262144,2048,hyprefill,512/2048/2048,graph,106,23.5831,16.2760,23.6362,23.5831,
25,8,262144,2048,hyprefill,512/2048/2048,graph,107,23.9787,14.1111,24.0201,23.9787,
25,8,262144,2048,hyprefill,512/2048/2048,graph,108,23.7250,14.6921,23.7705,23.7250,
25,8,262144,2048,hyprefill,512/2048/2048,graph,109,23.7123,14.1111,23.7549,23.7123,
25,8,262144,2048,hyprefill,512/2048/2048,graph,110,23.8178,14.9349,23.8632,23.8178,
25,8,262144,2048,hyprefill,512/2048/2048,graph,111,23.8806,14.1111,23.9236,23.8806,
25,8,262144,2048,hyprefill,512/2048/2048,graph,112,24.0668,14.6603,24.1111,24.0668,
25,8,262144,2048,hyprefill,512/2048/2048,graph,113,24.0252,15.2095,24.0696,24.0252,
25,8,262144,2048,hyprefill,512/2048/2048,graph,114,24.0375,14.6285,24.0820,24.0375,
25,8,262144,2048,hyprefill,512/2048/2048,graph,115,23.4487,15.7268,23.4985,23.4487,
25,8,262144,2048,hyprefill,512/2048/2048,graph,116,23.3198,15.1458,23.3657,23.3198,
25,8,262144,2048,hyprefill,512/2048/2048,graph,117,23.9659,15.7268,24.0112,23.9659,
25,8,262144,2048,hyprefill,512/2048/2048,graph,118,23.8759,14.6285,23.9213,23.8759,
25,8,262144,2048,hyprefill,512/2048/2048,graph,119,23.9957,14.9349,24.0407,23.9957,
25,8,262144,2048,hyprefill,512/2048/2048,graph,120,23.7054,14.3857,23.7501,23.7054,
25,8,262144,2048,hyprefill,512/2048/2048,graph,121,23.6151,15.2095,23.6606,23.6151,
25,8,262144,2048,hyprefill,512/2048/2048,graph,122,23.9676,14.6603,24.0175,23.9676,
25,8,262144,2048,hyprefill,512/2048/2048,graph,123,23.8811,14.3857,23.9247,23.8811,
25,8,262144,2048,hyprefill,512/2048/2048,graph,124,23.7071,15.2095,23.7528,23.7071,
25,8,262144,2048,hyprefill,512/2048/2048,graph,125,23.9892,14.3539,24.0399,23.9892,
25,8,262144,2048,hyprefill,512/2048/2048,graph,126,23.9646,15.4841,24.0105,23.9646,
25,8,262144,2048,hyprefill,512/2048/2048,graph,127,23.9837,14.3539,24.0267,23.9837,
25,8,262144,2048,hyprefill,512/2048/2048,graph,128,23.8592,16.3078,23.9051,23.8592,
25,8,262144,2048,hyprefill,512/2048/2048,graph,129,23.8120,13.8047,23.8558,23.8120,
25,8,262144,2048,hyprefill,512/2048/2048,graph,130,23.7779,15.7586,23.8195,23.7779,
25,8,262144,2048,hyprefill,512/2048/2048,graph,131,23.8106,14.3539,23.8536,23.8106,
25,8,262144,2048,hyprefill,512/2048/2048,graph,132,23.7714,15.7586,23.8202,23.7714,
25,8,262144,2048,hyprefill,512/2048/2048,graph,133,23.9937,14.1111,24.0415,23.9937,
25,8,262144,2048,hyprefill,512/2048/2048,graph,134,24.0355,15.2095,24.0808,24.0355,
25,8,262144,2048,hyprefill,512/2048/2048,graph,135,23.7692,14.9349,23.8141,23.7692,
25,8,262144,2048,hyprefill,512/2048/2048,graph,136,23.8950,14.0793,23.9378,23.8950,
25,8,262144,2048,hyprefill,512/2048/2048,graph,137,23.5000,16.0332,23.5497,23.5000,
25,8,262144,2048,hyprefill,512/2048/2048,graph,138,24.3795,14.0793,24.4227,24.3795,
25,8,262144,2048,hyprefill,512/2048/2048,graph,139,23.6026,16.0332,23.6515,23.6026,
25,8,262144,2048,hyprefill,512/2048/2048,graph,140,24.2049,13.5301,24.2502,24.2049,
25,8,262144,2048,hyprefill,512/2048/2048,graph,141,23.6092,16.0332,23.6551,23.6092,
25,8,262144,2048,hyprefill,512/2048/2048,graph,142,23.6829,14.0793,23.7265,23.6829,
25,8,262144,2048,hyprefill,512/2048/2048,graph,143,23.7213,14.6921,23.7712,23.7213,
25,8,262144,2048,hyprefill,512/2048/2048,graph,144,23.5850,14.3857,23.6293,23.5850,
25,8,262144,2048,hyprefill,512/2048/2048,graph,145,23.8917,15.4522,23.9359,23.8917,
25,8,262144,2048,hyprefill,512/2048/2048,graph,146,23.9226,15.1776,23.9694,23.9226,
25,8,262144,2048,hyprefill,512/2048/2048,graph,147,23.8072,14.6285,23.8551,23.8072,
25,8,262144,2048,hyprefill,512/2048/2048,graph,148,23.7236,15.7586,23.7678,23.7236,
25,8,262144,2048,hyprefill,512/2048/2048,graph,149,23.7706,14.0793,23.8144,23.7706,
25,8,262144,2048,hyprefill,512/2048/2048,graph,150,23.7546,15.7586,23.8151,23.7546,
25,8,262144,2048,hyprefill,512/2048/2048,graph,151,23.4560,14.3220,23.4990,23.4560,
25,8,262144,2048,hyprefill,512/2048/2048,graph,152,23.6966,15.7586,23.7397,23.6966,
25,8,262144,2048,hyprefill,512/2048/2048,graph,153,23.8438,14.1111,23.8891,23.8438,
25,8,262144,2048,hyprefill,512/2048/2048,graph,154,23.7006,14.6921,23.7452,23.7006,
25,8,262144,2048,hyprefill,512/2048/2048,graph,155,24.1422,14.1111,24.1868,24.1422,
25,8,262144,2048,hyprefill,512/2048/2048,graph,156,23.7448,14.9349,23.7900,23.7448,
25,8,262144,2048,hyprefill,512/2048/2048,graph,157,23.7629,15.4522,23.8081,23.7629,
25,8,262144,2048,hyprefill,512/2048/2048,graph,158,23.9413,14.3539,23.9922,23.9413,
25,8,262144,2048,hyprefill,512/2048/2048,graph,159,24.0014,15.4841,24.0481,24.0014,
25,8,262144,2048,hyprefill,512/2048/2048,graph,160,23.7875,15.1776,23.8363,23.7875,
25,8,262144,2048,hyprefill,512/2048/2048,graph,161,23.5344,15.4841,23.5794,23.5344,
25,8,262144,2048,hyprefill,512/2048/2048,graph,162,23.8695,14.3539,23.9159,23.8695,
25,8,262144,2048,hyprefill,512/2048/2048,graph,163,24.0622,15.4841,24.1080,24.0622,
25,8,262144,2048,hyprefill,512/2048/2048,graph,164,23.8473,14.1111,23.8973,23.8473,
25,8,262144,2048,hyprefill,512/2048/2048,graph,165,23.8163,14.6921,23.8679,23.8163,
25,8,262144,2048,hyprefill,512/2048/2048,graph,166,23.6440,14.1111,23.6913,23.6440,
25,8,262144,2048,hyprefill,512/2048/2048,graph,167,23.9747,14.9349,24.0212,23.9747,
25,8,262144,2048,hyprefill,512/2048/2048,graph,168,24.0226,14.6603,24.0668,24.0226,
25,8,262144,2048,hyprefill,512/2048/2048,graph,169,23.9486,14.6603,23.9944,23.9486,
25,8,262144,2048,hyprefill,512/2048/2048,graph,170,23.7838,15.2095,23.8282,23.7838,
25,8,262144,2048,hyprefill,512/2048/2048,graph,171,23.5914,14.3539,23.6370,23.5914,
25,8,262144,2048,hyprefill,512/2048/2048,graph,172,23.6319,15.7586,23.6714,23.6319,
25,8,262144,2048,hyprefill,512/2048/2048,graph,173,23.3783,14.3220,23.4222,23.3783,
25,8,262144,2048,hyprefill,512/2048/2048,graph,174,23.7580,16.3078,23.8030,23.7580,
25,8,262144,2048,hyprefill,512/2048/2048,graph,175,23.8583,14.0793,23.9030,23.8583,
25,8,262144,2048,hyprefill,512/2048/2048,graph,176,23.6896,15.2095,23.7328,23.6896,
25,8,262144,2048,hyprefill,512/2048/2048,graph,177,23.7597,14.1111,23.8045,23.7597,
25,8,262144,2048,hyprefill,512/2048/2048,graph,178,23.6078,15.2095,23.6541,23.6078,
25,8,262144,2048,hyprefill,512/2048/2048,graph,179,23.6251,14.6603,23.6702,23.6251,
25,8,262144,2048,hyprefill,512/2048/2048,graph,180,23.8717,14.1111,23.9174,23.8717,
25,8,262144,2048,hyprefill,512/2048/2048,graph,181,23.8873,15.4841,23.9313,23.8873,
25,8,262144,2048,hyprefill,512/2048/2048,graph,182,23.7949,14.6285,23.8398,23.7949,
25,8,262144,2048,hyprefill,512/2048/2048,graph,183,23.7996,15.7586,23.8431,23.7996,
25,8,262144,2048,hyprefill,512/2048/2048,graph,184,22.8995,14.3220,22.9437,22.8995,
25,8,262144,2048,hyprefill,512/2048/2048,graph,185,24.0203,16.0332,24.0645,24.0203,
25,8,262144,2048,hyprefill,512/2048/2048,graph,186,24.0893,14.3539,24.1334,24.0893,
25,8,262144,2048,hyprefill,512/2048/2048,graph,187,23.7227,15.7586,23.7674,23.7227,
25,8,262144,2048,hyprefill,512/2048/2048,graph,188,23.5454,14.1111,23.5910,23.5454,
25,8,262144,2048,hyprefill,512/2048/2048,graph,189,23.9350,14.9349,23.9804,23.9350,
25,8,262144,2048,hyprefill,512/2048/2048,graph,190,23.8258,14.6603,23.8701,23.8258,
25,8,262144,2048,hyprefill,512/2048/2048,graph,191,23.6331,14.3857,23.6782,23.6331,
25,8,262144,2048,hyprefill,512/2048/2048,graph,192,23.9566,15.2095,24.0008,23.9566,
25,8,262144,2048,hyprefill,512/2048/2048,graph,193,23.8627,14.1111,23.9081,23.8627,
25,8,262144,2048,hyprefill,512/2048/2048,graph,194,23.5925,15.4841,23.6365,23.5925,
25,8,262144,2048,hyprefill,512/2048/2048,graph,195,23.0632,14.3220,23.1048,23.0632,
25,8,262144,2048,hyprefill,512/2048/2048,graph,196,22.4265,16.5188,22.4689,22.4265,
25,8,262144,2048,hyprefill,512/2048/2048,graph,197,22.6545,15.1140,22.6985,22.6545,
25,8,262144,2048,hyprefill,512/2048/2048,graph,198,23.8911,15.7268,23.9421,23.8911,
25,8,262144,2048,hyprefill,512/2048/2048,graph,199,23.6886,14.9031,23.7352,23.6886,
25,8,262144,2048,hyprefill,512/1536/1536,graph,0,24.1693,14.9349,24.2159,24.1693,
25,8,262144,2048,hyprefill,512/1536/1536,graph,1,24.1579,15.2095,24.2033,24.1579,
25,8,262144,2048,hyprefill,512/1536/1536,graph,2,23.9729,14.9031,24.0164,23.9729,
25,8,262144,2048,hyprefill,512/1536/1536,graph,3,23.9340,15.4841,23.9785,23.9340,
25,8,262144,2048,hyprefill,512/1536/1536,graph,4,24.2354,14.9349,24.2816,24.2354,
25,8,262144,2048,hyprefill,512/1536/1536,graph,5,23.9688,14.9349,24.0140,23.9688,
25,8,262144,2048,hyprefill,512/1536/1536,graph,6,24.3713,14.6603,24.4173,24.3713,
25,8,262144,2048,hyprefill,512/1536/1536,graph,7,23.8349,14.9349,23.8796,23.8349,
25,8,262144,2048,hyprefill,512/1536/1536,graph,8,23.7822,15.7268,23.8269,23.7822,
25,8,262144,2048,hyprefill,512/1536/1536,graph,9,24.0262,15.2095,24.0705,24.0262,
25,8,262144,2048,hyprefill,512/1536/1536,graph,10,24.0515,15.1776,24.0951,24.0515,
25,8,262144,2048,hyprefill,512/1536/1536,graph,11,23.7632,15.2095,23.8072,23.7632,
25,8,262144,2048,hyprefill,512/1536/1536,graph,12,23.8414,15.4522,23.8847,23.8414,
25,8,262144,2048,hyprefill,512/1536/1536,graph,13,23.9347,15.7268,23.9796,23.9347,
25,8,262144,2048,hyprefill,512/1536/1536,graph,14,24.0480,14.3857,24.0914,24.0480,
25,8,262144,2048,hyprefill,512/1536/1536,graph,15,23.4401,15.4841,23.4853,23.4401,
25,8,262144,2048,hyprefill,512/1536/1536,graph,16,24.5213,14.9349,24.5658,24.5213,
25,8,262144,2048,hyprefill,512/1536/1536,graph,17,24.0573,15.2095,24.1022,24.0573,
25,8,262144,2048,hyprefill,512/1536/1536,graph,18,23.7000,15.1776,23.7431,23.7000,
25,8,262144,2048,hyprefill,512/1536/1536,graph,19,23.8946,15.4841,23.9394,23.8946,
25,8,262144,2048,hyprefill,512/1536/1536,graph,20,24.4586,14.9349,24.5019,24.4586,
25,8,262144,2048,hyprefill,512/1536/1536,graph,21,24.2819,15.4841,24.3260,24.2819,
25,8,262144,2048,hyprefill,512/1536/1536,graph,22,24.1350,14.9031,24.1802,24.1350,
25,8,262144,2048,hyprefill,512/1536/1536,graph,23,23.9821,16.0014,24.0284,23.9821,
25,8,262144,2048,hyprefill,512/1536/1536,graph,24,24.4224,15.1776,24.4664,24.4224,
25,8,262144,2048,hyprefill,512/1536/1536,graph,25,24.1633,15.4841,24.2109,24.1633,
25,8,262144,2048,hyprefill,512/1536/1536,graph,26,23.9264,14.6603,23.9704,23.9264,
25,8,262144,2048,hyprefill,512/1536/1536,graph,27,24.0383,14.6603,24.0823,24.0383,
25,8,262144,2048,hyprefill,512/1536/1536,graph,28,24.4186,14.9349,24.4636,24.4186,
25,8,262144,2048,hyprefill,512/1536/1536,graph,29,24.2472,14.9349,24.2976,24.2472,
25,8,262144,2048,hyprefill,512/1536/1536,graph,30,24.1862,15.2095,24.2343,24.1862,
25,8,262144,2048,hyprefill,512/1536/1536,graph,31,24.2164,14.9349,24.2620,24.2164,
25,8,262144,2048,hyprefill,512/1536/1536,graph,32,23.1682,15.1776,23.2117,23.1682,
25,8,262144,2048,hyprefill,512/1536/1536,graph,33,22.2246,15.6950,22.2692,22.2246,
25,8,262144,2048,hyprefill,512/1536/1536,graph,34,22.5604,15.4204,22.6045,22.5604,
25,8,262144,2048,hyprefill,512/1536/1536,graph,35,23.9098,14.9349,23.9532,23.9098,
25,8,262144,2048,hyprefill,512/1536/1536,graph,36,24.1734,15.2095,24.2169,24.1734,
25,8,262144,2048,hyprefill,512/1536/1536,graph,37,24.1970,14.9349,24.2396,24.1970,
25,8,262144,2048,hyprefill,512/1536/1536,graph,38,23.9384,14.6603,23.9841,23.9384,
25,8,262144,2048,hyprefill,512/1536/1536,graph,39,24.0331,14.6603,24.0797,24.0331,
25,8,262144,2048,hyprefill,512/1536/1536,graph,40,24.1130,15.2095,24.1598,24.1130,
25,8,262144,2048,hyprefill,512/1536/1536,graph,41,24.1488,15.2095,24.1985,24.1488,
25,8,262144,2048,hyprefill,512/1536/1536,graph,42,22.8163,14.9031,22.8585,22.8163,
25,8,262144,2048,hyprefill,512/1536/1536,graph,43,22.1772,15.6950,22.2226,22.1772,
25,8,262144,2048,hyprefill,512/1536/1536,graph,44,22.3671,15.6950,22.4101,22.3671,
25,8,262144,2048,hyprefill,512/1536/1536,graph,45,24.0658,15.7268,24.1086,24.0658,
25,8,262144,2048,hyprefill,512/1536/1536,graph,46,24.1013,15.2095,24.1462,24.1013,
25,8,262144,2048,hyprefill,512/1536/1536,graph,47,24.0755,14.6603,24.1238,24.0755,
25,8,262144,2048,hyprefill,512/1536/1536,graph,48,23.9722,14.9349,24.0170,23.9722,
25,8,262144,2048,hyprefill,512/1536/1536,graph,49,24.1051,14.6603,24.1512,24.1051,
25,8,262144,2048,hyprefill,512/1536/1536,graph,50,23.9706,14.9349,24.0161,23.9706,
25,8,262144,2048,hyprefill,512/1536/1536,graph,51,24.0987,15.4841,24.1442,24.0987,
25,8,262144,2048,hyprefill,512/1536/1536,graph,52,23.7392,15.1776,23.7829,23.7392,
25,8,262144,2048,hyprefill,512/1536/1536,graph,53,22.9135,15.9696,22.9625,22.9135,
25,8,262144,2048,hyprefill,512/1536/1536,graph,54,22.6812,15.6950,22.7249,22.6812,
25,8,262144,2048,hyprefill,512/1536/1536,graph,55,24.0183,15.7268,24.0630,24.0183,
25,8,262144,2048,hyprefill,512/1536/1536,graph,56,23.9053,15.7268,23.9488,23.9053,
25,8,262144,2048,hyprefill,512/1536/1536,graph,57,24.1696,14.9349,24.2135,24.1696,
25,8,262144,2048,hyprefill,512/1536/1536,graph,58,23.8368,14.9349,23.8798,23.8368,
25,8,262144,2048,hyprefill,512/1536/1536,graph,59,24.2934,15.2095,24.3386,24.2934,
25,8,262144,2048,hyprefill,512/1536/1536,graph,60,23.9428,14.6603,23.9869,23.9428,
25,8,262144,2048,hyprefill,512/1536/1536,graph,61,24.2438,15.4841,24.2876,24.2438,
25,8,262144,2048,hyprefill,512/1536/1536,graph,62,24.1920,14.9349,24.2357,24.1920,
25,8,262144,2048,hyprefill,512/1536/1536,graph,63,24.3752,15.1776,24.4601,24.3752,
25,8,262144,2048,hyprefill,512/1536/1536,graph,64,23.9444,16.5506,23.9912,23.9444,
25,8,262144,2048,hyprefill,512/1536/1536,graph,65,23.8519,14.6285,23.8945,23.8519,
25,8,262144,2048,hyprefill,512/1536/1536,graph,66,24.3923,15.7586,24.4380,24.3923,
25,8,262144,2048,hyprefill,512/1536/1536,graph,67,24.0860,14.6603,24.1312,24.0860,
25,8,262144,2048,hyprefill,512/1536/1536,graph,68,24.2790,14.9349,24.3238,24.2790,
25,8,262144,2048,hyprefill,512/1536/1536,graph,69,24.1991,15.2095,24.2433,24.1991,
25,8,262144,2048,hyprefill,512/1536/1536,graph,70,24.0672,14.3857,24.1125,24.0672,
25,8,262144,2048,hyprefill,512/1536/1536,graph,71,23.9783,15.7586,24.0316,23.9783,
25,8,262144,2048,hyprefill,512/1536/1536,graph,72,24.2660,14.6603,24.3133,24.2660,
25,8,262144,2048,hyprefill,512/1536/1536,graph,73,24.1685,15.4522,24.2133,24.1685,
25,8,262144,2048,hyprefill,512/1536/1536,graph,74,23.1667,16.2442,23.2104,23.1667,
25,8,262144,2048,hyprefill,512/1536/1536,graph,75,24.0169,15.4522,24.0608,24.0169,
25,8,262144,2048,hyprefill,512/1536/1536,graph,76,24.1830,15.4522,24.2252,24.1830,
25,8,262144,2048,hyprefill,512/1536/1536,graph,77,23.6943,14.9349,23.7396,23.6943,
25,8,262144,2048,hyprefill,512/1536/1536,graph,78,23.8048,14.9349,23.8502,23.8048,
25,8,262144,2048,hyprefill,512/1536/1536,graph,79,24.1450,15.2095,24.1910,24.1450,
25,8,262144,2048,hyprefill,512/1536/1536,graph,80,24.1297,14.3857,24.1729,24.1297,
25,8,262144,2048,hyprefill,512/1536/1536,graph,81,24.0856,15.4841,24.1350,24.0856,
25,8,262144,2048,hyprefill,512/1536/1536,graph,82,24.1297,14.3857,24.1733,24.1297,
25,8,262144,2048,hyprefill,512/1536/1536,graph,83,24.0595,15.7268,24.1034,24.0595,
25,8,262144,2048,hyprefill,512/1536/1536,graph,84,24.0708,15.7268,24.1140,24.0708,
25,8,262144,2048,hyprefill,512/1536/1536,graph,85,23.7899,15.1776,23.8333,23.7899,
25,8,262144,2048,hyprefill,512/1536/1536,graph,86,24.5341,16.0014,24.5776,24.5341,
25,8,262144,2048,hyprefill,512/1536/1536,graph,87,23.8048,14.9349,23.8505,23.8048,
25,8,262144,2048,hyprefill,512/1536/1536,graph,88,24.0487,15.1776,24.0922,24.0487,
25,8,262144,2048,hyprefill,512/1536/1536,graph,89,24.1479,15.7586,24.1946,24.1479,
25,8,262144,2048,hyprefill,512/1536/1536,graph,90,24.2620,14.6603,24.3060,24.2620,
25,8,262144,2048,hyprefill,512/1536/1536,graph,91,23.7531,15.7586,23.8095,23.7531,
25,8,262144,2048,hyprefill,512/1536/1536,graph,92,23.8694,14.6603,23.9166,23.8694,
25,8,262144,2048,hyprefill,512/1536/1536,graph,93,23.8652,14.9349,23.9112,23.8652,
25,8,262144,2048,hyprefill,512/1536/1536,graph,94,24.3650,15.4522,24.4096,24.3650,
25,8,262144,2048,hyprefill,512/1536/1536,graph,95,23.9577,15.4522,24.0050,23.9577,
25,8,262144,2048,hyprefill,512/1536/1536,graph,96,23.1001,15.9696,23.1449,23.1001,
25,8,262144,2048,hyprefill,512/1536/1536,graph,97,23.7556,14.9349,23.8020,23.7556,
25,8,262144,2048,hyprefill,512/1536/1536,graph,98,24.1143,14.9349,24.1602,24.1143,
25,8,262144,2048,hyprefill,512/1536/1536,graph,99,24.2694,15.4841,24.3159,24.2694,
25,8,262144,2048,hyprefill,512/1536/1536,graph,100,24.1493,14.9031,24.1923,24.1493,
25,8,262144,2048,hyprefill,512/1536/1536,graph,101,24.0697,16.0014,24.1132,24.0697,
25,8,262144,2048,hyprefill,512/1536/1536,graph,102,23.9572,14.6603,24.0039,23.9572,
25,8,262144,2048,hyprefill,512/1536/1536,graph,103,24.0367,15.2095,24.0808,24.0367,
25,8,262144,2048,hyprefill,512/1536/1536,graph,104,24.1566,15.1776,24.1984,24.1566,
25,8,262144,2048,hyprefill,512/1536/1536,graph,105,24.3369,15.4522,24.3802,24.3369,
25,8,262144,2048,hyprefill,512/1536/1536,graph,106,24.6067,15.7268,24.6507,24.6067,
25,8,262144,2048,hyprefill,512/1536/1536,graph,107,24.0943,15.4522,24.1338,24.0943,
25,8,262144,2048,hyprefill,512/1536/1536,graph,108,24.0570,14.9349,24.1017,24.0570,
25,8,262144,2048,hyprefill,512/1536/1536,graph,109,23.9990,15.2095,24.0438,23.9990,
25,8,262144,2048,hyprefill,512/1536/1536,graph,110,24.2247,14.9349,24.2711,24.2247,
25,8,262144,2048,hyprefill,512/1536/1536,graph,111,23.9223,15.1776,23.9651,23.9223,
25,8,262144,2048,hyprefill,512/1536/1536,graph,112,24.0069,15.2095,24.0525,24.0069,
25,8,262144,2048,hyprefill,512/1536/1536,graph,113,24.0266,14.9349,24.0721,24.0266,
25,8,262144,2048,hyprefill,512/1536/1536,graph,114,23.8634,15.4522,23.9056,23.8634,
25,8,262144,2048,hyprefill,512/1536/1536,graph,115,24.0088,15.7268,24.0535,24.0088,
25,8,262144,2048,hyprefill,512/1536/1536,graph,116,22.8315,15.6950,22.8759,22.8315,
25,8,262144,2048,hyprefill,512/1536/1536,graph,117,24.4702,14.9349,24.5166,24.4702,
25,8,262144,2048,hyprefill,512/1536/1536,graph,118,23.7448,15.2095,23.7896,23.7448,
25,8,262144,2048,hyprefill,512/1536/1536,graph,119,24.0748,14.9349,24.1188,24.0748,
25,8,262144,2048,hyprefill,512/1536/1536,graph,120,23.5581,14.9349,23.6025,23.5581,
25,8,262144,2048,hyprefill,512/1536/1536,graph,121,24.5455,14.9349,24.5910,24.5455,
25,8,262144,2048,hyprefill,512/1536/1536,graph,122,23.9335,15.2095,23.9789,23.9335,
25,8,262144,2048,hyprefill,512/1536/1536,graph,123,24.0080,14.6603,24.0531,24.0080,
25,8,262144,2048,hyprefill,512/1536/1536,graph,124,23.9023,15.4841,23.9476,23.9023,
25,8,262144,2048,hyprefill,512/1536/1536,graph,125,22.6295,15.1458,22.6733,22.6295,
25,8,262144,2048,hyprefill,512/1536/1536,graph,126,22.2334,15.9696,22.2767,22.2334,
25,8,262144,2048,hyprefill,512/1536/1536,graph,127,24.0999,15.1776,24.1442,24.0999,
25,8,262144,2048,hyprefill,512/1536/1536,graph,128,24.1033,15.7586,24.1477,24.1033,
25,8,262144,2048,hyprefill,512/1536/1536,graph,129,23.9991,15.1776,24.0443,23.9991,
25,8,262144,2048,hyprefill,512/1536/1536,graph,130,23.7268,15.2095,23.7698,23.7268,
25,8,262144,2048,hyprefill,512/1536/1536,graph,131,23.9137,14.9031,23.9583,23.9137,
25,8,262144,2048,hyprefill,512/1536/1536,graph,132,24.0314,15.4841,24.0746,24.0314,
25,8,262144,2048,hyprefill,512/1536/1536,graph,133,24.0113,14.3857,24.0555,24.0113,
25,8,262144,2048,hyprefill,512/1536/1536,graph,134,23.7290,15.4841,23.7803,23.7290,
25,8,262144,2048,hyprefill,512/1536/1536,graph,135,23.8540,14.9031,23.8989,23.8540,
25,8,262144,2048,hyprefill,512/1536/1536,graph,136,23.3551,15.7268,23.4095,23.3551,
25,8,262144,2048,hyprefill,512/1536/1536,graph,137,23.8732,15.7268,23.9176,23.8732,
25,8,262144,2048,hyprefill,512/1536/1536,graph,138,23.6545,15.2095,23.7006,23.6545,
25,8,262144,2048,hyprefill,512/1536/1536,graph,139,24.2518,15.1776,24.2949,24.2518,
25,8,262144,2048,hyprefill,512/1536/1536,graph,140,24.3440,16.0014,24.3883,24.3440,
25,8,262144,2048,hyprefill,512/1536/1536,graph,141,23.1015,15.6950,23.1493,23.1015,
25,8,262144,2048,hyprefill,512/1536/1536,graph,142,24.0251,15.7268,24.0732,24.0251,
25,8,262144,2048,hyprefill,512/1536/1536,graph,143,24.2201,14.1429,24.2681,24.2201,
25,8,262144,2048,hyprefill,512/1536/1536,graph,144,24.0925,14.6921,24.1392,24.0925,
25,8,262144,2048,hyprefill,512/1536/1536,graph,145,24.2793,14.6603,24.3244,24.2793,
25,8,262144,2048,hyprefill,512/1536/1536,graph,146,22.4612,15.4204,22.5049,22.4612,
25,8,262144,2048,hyprefill,512/1536/1536,graph,147,22.6637,15.6950,22.7102,22.6637,
25,8,262144,2048,hyprefill,512/1536/1536,graph,148,23.9740,14.6603,24.0217,23.9740,
25,8,262144,2048,hyprefill,512/1536/1536,graph,149,23.8648,16.0014,23.9104,23.8648,
25,8,262144,2048,hyprefill,512/1536/1536,graph,150,24.1441,15.4522,24.1886,24.1441,
25,8,262144,2048,hyprefill,512/1536/1536,graph,151,23.3761,15.6950,23.4181,23.3761,
25,8,262144,2048,hyprefill,512/1536/1536,graph,152,23.7914,15.4841,23.8362,23.7914,
25,8,262144,2048,hyprefill,512/1536/1536,graph,153,24.2025,14.3857,24.2461,24.2025,
25,8,262144,2048,hyprefill,512/1536/1536,graph,154,24.1321,14.6921,24.1766,24.1321,
25,8,262144,2048,hyprefill,512/1536/1536,graph,155,24.0422,14.1111,24.0859,24.0422,
25,8,262144,2048,hyprefill,512/1536/1536,graph,156,23.1681,15.4522,23.2129,23.1681,
25,8,262144,2048,hyprefill,512/1536/1536,graph,157,22.6841,15.4204,22.7275,22.6841,
25,8,262144,2048,hyprefill,512/1536/1536,graph,158,24.0092,15.4522,24.0542,24.0092,
25,8,262144,2048,hyprefill,512/1536/1536,graph,159,23.9942,15.7268,24.0365,23.9942,
25,8,262144,2048,hyprefill,512/1536/1536,graph,160,24.2925,16.0014,24.3343,24.2925,
25,8,262144,2048,hyprefill,512/1536/1536,graph,161,22.1128,15.6632,22.1575,22.1128,
25,8,262144,2048,hyprefill,512/1536/1536,graph,162,24.2323,15.7268,24.2747,24.2323,
25,8,262144,2048,hyprefill,512/1536/1536,graph,163,23.8598,14.6603,23.9063,23.8598,
25,8,262144,2048,hyprefill,512/1536/1536,graph,164,23.9546,14.9349,23.9993,23.9546,
25,8,262144,2048,hyprefill,512/1536/1536,graph,165,23.9120,14.3857,23.9554,23.9120,
25,8,262144,2048,hyprefill,512/1536/1536,graph,166,24.3598,16.0332,24.4138,24.3598,
25,8,262144,2048,hyprefill,512/1536/1536,graph,167,23.3721,14.6285,23.4159,23.3721,
25,8,262144,2048,hyprefill,512/1536/1536,graph,168,23.3942,15.7268,23.4400,23.3942,
25,8,262144,2048,hyprefill,512/1536/1536,graph,169,23.9634,15.4522,24.0059,23.9634,
25,8,262144,2048,hyprefill,512/1536/1536,graph,170,23.5534,16.0014,23.5976,23.5534,
25,8,262144,2048,hyprefill,512/1536/1536,graph,171,23.1666,15.4204,23.2104,23.1666,
25,8,262144,2048,hyprefill,512/1536/1536,graph,172,24.2878,15.2095,24.3358,24.2878,
25,8,262144,2048,hyprefill,512/1536/1536,graph,173,23.6971,15.2095,23.7451,23.6971,
25,8,262144,2048,hyprefill,512/1536/1536,graph,174,23.8252,15.4522,23.8704,23.8252,
25,8,262144,2048,hyprefill,512/1536/1536,graph,175,24.0886,15.1776,24.1324,24.0886,
25,8,262144,2048,hyprefill,512/1536/1536,graph,176,24.3004,15.4841,24.3491,24.3004,
25,8,262144,2048,hyprefill,512/1536/1536,graph,177,24.2477,14.9349,24.2935,24.2477,
25,8,262144,2048,hyprefill,512/1536/1536,graph,178,24.3252,14.6603,24.3768,24.3252,
25,8,262144,2048,hyprefill,512/1536/1536,graph,179,24.1130,15.2095,24.1604,24.1130,
25,8,262144,2048,hyprefill,512/1536/1536,graph,180,24.1759,15.2095,24.2229,24.1759,
25,8,262144,2048,hyprefill,512/1536/1536,graph,181,24.1614,15.1776,24.2050,24.1614,
25,8,262144,2048,hyprefill,512/1536/1536,graph,182,24.2984,16.0014,24.3411,24.2984,
25,8,262144,2048,hyprefill,512/1536/1536,graph,183,24.0784,15.7268,24.1210,24.0784,
25,8,262144,2048,hyprefill,512/1536/1536,graph,184,24.1775,16.0014,24.2214,24.1775,
25,8,262144,2048,hyprefill,512/1536/1536,graph,185,24.1606,15.1776,24.2033,24.1606,
25,8,262144,2048,hyprefill,512/1536/1536,graph,186,23.9724,15.2095,24.0160,23.9724,
25,8,262144,2048,hyprefill,512/1536/1536,graph,187,23.9590,15.2095,24.0042,23.9590,
25,8,262144,2048,hyprefill,512/1536/1536,graph,188,24.2916,14.6603,24.3360,24.2916,
25,8,262144,2048,hyprefill,512/1536/1536,graph,189,24.4183,14.9349,24.4610,24.4183,
25,8,262144,2048,hyprefill,512/1536/1536,graph,190,23.9412,15.2095,23.9860,23.9412,
25,8,262144,2048,hyprefill,512/1536/1536,graph,191,23.9204,15.1776,23.9632,23.9204,
25,8,262144,2048,hyprefill,512/1536/1536,graph,192,24.1176,16.0014,24.1603,24.1176,
25,8,262144,2048,hyprefill,512/1536/1536,graph,193,24.2475,16.0014,24.2910,24.2475,
25,8,262144,2048,hyprefill,512/1536/1536,graph,194,23.8540,15.7268,23.8979,23.8540,
25,8,262144,2048,hyprefill,512/1536/1536,graph,195,24.1849,15.4522,24.2456,24.1849,
25,8,262144,2048,hyprefill,512/1536/1536,graph,196,23.9665,15.4841,24.0169,23.9665,
25,8,262144,2048,hyprefill,512/1536/1536,graph,197,24.1015,14.9349,24.1553,24.1015,
25,8,262144,2048,hyprefill,512/1536/1536,graph,198,23.7484,14.6603,23.7945,23.7484,
25,8,262144,2048,hyprefill,512/1536/1536,graph,199,23.8061,14.9349,23.8512,23.8061,
25,8,262144,2048,hyprefill,256/2048/2048,graph,0,23.0172,15.6114,23.0683,23.0172,
25,8,262144,2048,hyprefill,256/2048/2048,graph,1,23.7546,13.9956,23.7999,23.7546,
25,8,262144,2048,hyprefill,256/2048/2048,graph,2,23.2016,16.4670,23.2487,23.2016,
25,8,262144,2048,hyprefill,256/2048/2048,graph,3,23.3685,14.2702,23.4135,23.3685,
25,8,262144,2048,hyprefill,256/2048/2048,graph,4,23.1203,15.1258,23.1649,23.1203,
25,8,262144,2048,hyprefill,256/2048/2048,graph,5,23.8053,14.7558,23.8488,23.8053,
25,8,262144,2048,hyprefill,256/2048/2048,graph,6,23.3216,15.4004,23.3681,23.3216,
25,8,262144,2048,hyprefill,256/2048/2048,graph,7,23.6018,14.2702,23.6469,23.6018,
25,8,262144,2048,hyprefill,256/2048/2048,graph,8,23.3632,14.8512,23.4086,23.3632,
25,8,262144,2048,hyprefill,256/2048/2048,graph,9,23.4181,14.5448,23.4632,23.4181,
25,8,262144,2048,hyprefill,256/2048/2048,graph,10,23.2505,15.8860,23.2940,23.2505,
25,8,262144,2048,hyprefill,256/2048/2048,graph,11,23.6352,14.5448,23.6799,23.6352,
25,8,262144,2048,hyprefill,256/2048/2048,graph,12,23.2562,15.6432,23.3009,23.2562,
25,8,262144,2048,hyprefill,256/2048/2048,graph,13,23.3011,14.8194,23.3438,23.3011,
25,8,262144,2048,hyprefill,256/2048/2048,graph,14,23.5876,14.7876,23.6323,23.5876,
25,8,262144,2048,hyprefill,256/2048/2048,graph,15,23.3977,15.3368,23.4408,23.3977,
25,8,262144,2048,hyprefill,256/2048/2048,graph,16,23.4310,14.2702,23.4755,23.4310,
25,8,262144,2048,hyprefill,256/2048/2048,graph,17,23.4853,15.3686,23.5286,23.4853,
25,8,262144,2048,hyprefill,256/2048/2048,graph,18,23.3276,14.8194,23.3737,23.3276,
25,8,262144,2048,hyprefill,256/2048/2048,graph,19,23.1698,14.8512,23.2142,23.1698,
25,8,262144,2048,hyprefill,256/2048/2048,graph,20,23.4683,15.0622,23.5150,23.4683,
25,8,262144,2048,hyprefill,256/2048/2048,graph,21,23.2001,14.8512,23.2441,23.2001,
25,8,262144,2048,hyprefill,256/2048/2048,graph,22,23.5448,14.5448,23.5893,23.5448,
25,8,262144,2048,hyprefill,256/2048/2048,graph,23,23.0650,14.5766,23.1097,23.0650,
25,8,262144,2048,hyprefill,256/2048/2048,graph,24,23.4415,14.8194,23.4858,23.4415,
25,8,262144,2048,hyprefill,256/2048/2048,graph,25,23.4907,15.6114,23.5384,23.4907,
25,8,262144,2048,hyprefill,256/2048/2048,graph,26,23.3448,14.8194,23.4011,23.3448,
25,8,262144,2048,hyprefill,256/2048/2048,graph,27,23.3271,14.8194,23.3749,23.3271,
25,8,262144,2048,hyprefill,256/2048/2048,graph,28,23.2559,15.6432,23.3042,23.2559,
25,8,262144,2048,hyprefill,256/2048/2048,graph,29,23.2829,14.5130,23.3286,23.2829,
25,8,262144,2048,hyprefill,256/2048/2048,graph,30,23.0730,15.6114,23.1281,23.0730,
25,8,262144,2048,hyprefill,256/2048/2048,graph,31,23.4945,13.7211,23.5399,23.4945,
25,8,262144,2048,hyprefill,256/2048/2048,graph,32,23.1895,15.9178,23.2345,23.1895,
25,8,262144,2048,hyprefill,256/2048/2048,graph,33,23.4418,14.5448,23.4861,23.4418,
25,8,262144,2048,hyprefill,256/2048/2048,graph,34,23.4285,15.4004,23.4732,23.4285,
25,8,262144,2048,hyprefill,256/2048/2048,graph,35,23.4612,14.7876,23.5055,23.4612,
25,8,262144,2048,hyprefill,256/2048/2048,graph,36,23.0490,15.1258,23.0938,23.0490,
25,8,262144,2048,hyprefill,256/2048/2048,graph,37,23.0821,14.5448,23.1264,23.0821,
25,8,262144,2048,hyprefill,256/2048/2048,graph,38,23.1718,14.8512,23.2183,23.1718,
25,8,262144,2048,hyprefill,256/2048/2048,graph,39,23.1801,14.2702,23.2306,23.1801,
25,8,262144,2048,hyprefill,256/2048/2048,graph,40,23.4391,15.3368,23.4853,23.4391,
25,8,262144,2048,hyprefill,256/2048/2048,graph,41,23.3502,14.5448,23.4069,23.3502,
25,8,262144,2048,hyprefill,256/2048/2048,graph,42,23.4464,15.3686,23.4880,23.4464,
25,8,262144,2048,hyprefill,256/2048/2048,graph,43,23.3441,14.8194,23.3876,23.3441,
25,8,262144,2048,hyprefill,256/2048/2048,graph,44,23.2475,15.0622,23.2925,23.2475,
25,8,262144,2048,hyprefill,256/2048/2048,graph,45,23.1715,15.8860,23.2158,23.1715,
25,8,262144,2048,hyprefill,256/2048/2048,graph,46,23.3838,13.9956,23.4291,23.3838,
25,8,262144,2048,hyprefill,256/2048/2048,graph,47,23.3700,15.0940,23.4129,23.3700,
25,8,262144,2048,hyprefill,256/2048/2048,graph,48,23.1473,14.5448,23.1927,23.1473,
25,8,262144,2048,hyprefill,256/2048/2048,graph,49,23.4906,15.1258,23.5350,23.4906,
25,8,262144,2048,hyprefill,256/2048/2048,graph,50,23.3666,15.0622,23.4114,23.3666,
25,8,262144,2048,hyprefill,256/2048/2048,graph,51,23.4063,15.1258,23.4508,23.4063,
25,8,262144,2048,hyprefill,256/2048/2048,graph,52,23.3996,14.8194,23.4437,23.3996,
25,8,262144,2048,hyprefill,256/2048/2048,graph,53,23.2652,15.0940,23.3095,23.2652,
25,8,262144,2048,hyprefill,256/2048/2048,graph,54,23.4222,14.5448,23.4689,23.4222,
25,8,262144,2048,hyprefill,256/2048/2048,graph,55,23.5053,15.0622,23.5502,23.5053,
25,8,262144,2048,hyprefill,256/2048/2048,graph,56,23.0110,14.5448,23.0618,23.0110,
25,8,262144,2048,hyprefill,256/2048/2048,graph,57,23.1563,15.0940,23.2032,23.1563,
25,8,262144,2048,hyprefill,256/2048/2048,graph,58,23.3369,14.8194,23.3809,23.3369,
25,8,262144,2048,hyprefill,256/2048/2048,graph,59,23.4296,15.3368,23.4753,23.4296,
25,8,262144,2048,hyprefill,256/2048/2048,graph,60,23.2504,15.8860,23.2936,23.2504,
25,8,262144,2048,hyprefill,256/2048/2048,graph,61,23.2143,14.2702,23.2608,23.2143,
25,8,262144,2048,hyprefill,256/2048/2048,graph,62,23.5457,15.3686,23.5969,23.5457,
25,8,262144,2048,hyprefill,256/2048/2048,graph,63,23.3001,14.8194,23.3486,23.3001,
25,8,262144,2048,hyprefill,256/2048/2048,graph,64,23.4199,15.0940,23.4651,23.4199,
25,8,262144,2048,hyprefill,256/2048/2048,graph,65,23.0062,14.7876,23.0516,23.0062,
25,8,262144,2048,hyprefill,256/2048/2048,graph,66,23.2615,14.8512,23.3062,23.2615,
25,8,262144,2048,hyprefill,256/2048/2048,graph,67,23.2517,15.3686,23.2980,23.2517,
25,8,262144,2048,hyprefill,256/2048/2048,graph,68,23.2634,14.8512,23.3079,23.2634,
25,8,262144,2048,hyprefill,256/2048/2048,graph,69,23.0393,14.5448,23.0854,23.0393,
25,8,262144,2048,hyprefill,256/2048/2048,graph,70,23.3823,15.0622,23.4262,23.3823,
25,8,262144,2048,hyprefill,256/2048/2048,graph,71,23.2812,14.8194,23.3259,23.2812,
25,8,262144,2048,hyprefill,256/2048/2048,graph,72,23.5722,14.8194,23.6164,23.5722,
25,8,262144,2048,hyprefill,256/2048/2048,graph,73,23.2996,14.8194,23.3439,23.2996,
25,8,262144,2048,hyprefill,256/2048/2048,graph,74,23.5256,15.3368,23.5707,23.5256,
25,8,262144,2048,hyprefill,256/2048/2048,graph,75,23.3112,15.6114,23.3885,23.3112,
25,8,262144,2048,hyprefill,256/2048/2048,graph,76,23.2067,14.2702,23.2520,23.2067,
25,8,262144,2048,hyprefill,256/2048/2048,graph,77,23.2329,16.1924,23.2792,23.2329,
25,8,262144,2048,hyprefill,256/2048/2048,graph,78,23.2787,14.2702,23.3334,23.2787,
25,8,262144,2048,hyprefill,256/2048/2048,graph,79,23.2123,15.0940,23.2623,23.2123,
25,8,262144,2048,hyprefill,256/2048/2048,graph,80,23.2915,14.5130,23.3358,23.2915,
25,8,262144,2048,hyprefill,256/2048/2048,graph,81,23.0996,14.8512,23.1450,23.0996,
25,8,262144,2048,hyprefill,256/2048/2048,graph,82,23.5077,14.8194,23.5520,23.5077,
25,8,262144,2048,hyprefill,256/2048/2048,graph,83,23.3756,15.1258,23.4256,23.3756,
25,8,262144,2048,hyprefill,256/2048/2048,graph,84,23.2668,14.8194,23.3135,23.2668,
25,8,262144,2048,hyprefill,256/2048/2048,graph,85,23.1634,15.0940,23.2102,23.1634,
25,8,262144,2048,hyprefill,256/2048/2048,graph,86,23.0553,14.5448,23.0995,23.0553,
25,8,262144,2048,hyprefill,256/2048/2048,graph,87,23.1421,15.0940,23.1870,23.1421,
25,8,262144,2048,hyprefill,256/2048/2048,graph,88,23.2542,14.5448,23.2991,23.2542,
25,8,262144,2048,hyprefill,256/2048/2048,graph,89,23.3085,15.0622,23.3535,23.3085,
25,8,262144,2048,hyprefill,256/2048/2048,graph,90,23.1430,15.3368,23.1865,23.1430,
25,8,262144,2048,hyprefill,256/2048/2048,graph,91,23.4043,14.5448,23.4492,23.4043,
25,8,262144,2048,hyprefill,256/2048/2048,graph,92,23.4035,15.3686,23.4466,23.4035,
25,8,262144,2048,hyprefill,256/2048/2048,graph,93,23.5329,14.5448,23.5768,23.5329,
25,8,262144,2048,hyprefill,256/2048/2048,graph,94,23.1530,15.0940,23.1974,23.1530,
25,8,262144,2048,hyprefill,256/2048/2048,graph,95,23.3295,14.8194,23.3745,23.3295,
25,8,262144,2048,hyprefill,256/2048/2048,graph,96,23.1224,14.8512,23.1674,23.1224,
25,8,262144,2048,hyprefill,256/2048/2048,graph,97,23.2267,14.7876,23.2715,23.2267,
25,8,262144,2048,hyprefill,256/2048/2048,graph,98,23.0611,15.0940,23.1055,23.0611,
25,8,262144,2048,hyprefill,256/2048/2048,graph,99,23.2440,14.8194,23.2887,23.2440,
25,8,262144,2048,hyprefill,256/2048/2048,graph,100,23.3332,14.8194,23.3762,23.3332,
25,8,262144,2048,hyprefill,256/2048/2048,graph,101,23.4180,14.5766,23.4630,23.4180,
25,8,262144,2048,hyprefill,256/2048/2048,graph,102,23.3663,14.8194,23.4093,23.3663,
25,8,262144,2048,hyprefill,256/2048/2048,graph,103,23.4129,14.8194,23.4567,23.4129,
25,8,262144,2048,hyprefill,256/2048/2048,graph,104,23.2492,14.8194,23.2935,23.2492,
25,8,262144,2048,hyprefill,256/2048/2048,graph,105,22.9870,15.3686,23.0316,22.9870,
25,8,262144,2048,hyprefill,256/2048/2048,graph,106,23.1617,14.5130,23.2055,23.1617,
25,8,262144,2048,hyprefill,256/2048/2048,graph,107,23.1102,15.3686,23.1514,23.1102,
25,8,262144,2048,hyprefill,256/2048/2048,graph,108,23.3783,14.2384,23.4220,23.3783,
25,8,262144,2048,hyprefill,256/2048/2048,graph,109,23.2748,15.6432,23.3199,23.2748,
25,8,262144,2048,hyprefill,256/2048/2048,graph,110,23.5432,14.5448,23.5881,23.5432,
25,8,262144,2048,hyprefill,256/2048/2048,graph,111,23.3648,15.4004,23.4103,23.3648,
25,8,262144,2048,hyprefill,256/2048/2048,graph,112,23.4798,14.7876,23.5232,23.4798,
25,8,262144,2048,hyprefill,256/2048/2048,graph,113,23.0376,15.1258,23.0828,23.0376,
25,8,262144,2048,hyprefill,256/2048/2048,graph,114,23.0623,14.5448,23.1081,23.0623,
25,8,262144,2048,hyprefill,256/2048/2048,graph,115,23.3437,14.8512,23.3951,23.3437,
25,8,262144,2048,hyprefill,256/2048/2048,graph,116,23.2919,14.5766,23.3369,23.2919,
25,8,262144,2048,hyprefill,256/2048/2048,graph,117,23.1624,15.0940,23.2079,23.1624,
25,8,262144,2048,hyprefill,256/2048/2048,graph,118,23.3440,14.8194,23.3884,23.3440,
25,8,262144,2048,hyprefill,256/2048/2048,graph,119,23.3951,14.8194,23.4400,23.3951,
25,8,262144,2048,hyprefill,256/2048/2048,graph,120,23.1728,15.0940,23.2162,23.1728,
25,8,262144,2048,hyprefill,256/2048/2048,graph,121,23.1895,15.0622,23.2425,23.1895,
25,8,262144,2048,hyprefill,256/2048/2048,graph,122,23.2703,15.0940,23.3183,23.2703,
25,8,262144,2048,hyprefill,256/2048/2048,graph,123,23.4080,14.7876,23.4534,23.4080,
25,8,262144,2048,hyprefill,256/2048/2048,graph,124,23.4450,15.6114,23.4896,23.4450,
25,8,262144,2048,hyprefill,256/2048/2048,graph,125,23.3151,14.2702,23.3681,23.3151,
25,8,262144,2048,hyprefill,256/2048/2048,graph,126,23.1965,15.0940,23.2418,23.1965,
25,8,262144,2048,hyprefill,256/2048/2048,graph,127,23.4646,15.3368,23.5100,23.4646,
25,8,262144,2048,hyprefill,256/2048/2048,graph,128,23.2705,15.0940,23.3134,23.2705,
25,8,262144,2048,hyprefill,256/2048/2048,graph,129,23.0319,14.5448,23.0829,23.0319,
25,8,262144,2048,hyprefill,256/2048/2048,graph,130,23.2214,15.0940,23.2644,23.2214,
25,8,262144,2048,hyprefill,256/2048/2048,graph,131,23.3466,14.8194,23.3906,23.3466,
25,8,262144,2048,hyprefill,256/2048/2048,graph,132,23.3869,15.3686,23.4310,23.3869,
25,8,262144,2048,hyprefill,256/2048/2048,graph,133,23.6846,14.3021,23.7294,23.6846,
25,8,262144,2048,hyprefill,256/2048/2048,graph,134,23.2321,14.8512,23.2767,23.2321,
25,8,262144,2048,hyprefill,256/2048/2048,graph,135,23.2941,15.0940,23.3385,23.2941,
25,8,262144,2048,hyprefill,256/2048/2048,graph,136,23.3226,14.8194,23.3684,23.3226,
25,8,262144,2048,hyprefill,256/2048/2048,graph,137,23.3363,15.0940,23.3809,23.3363,
25,8,262144,2048,hyprefill,256/2048/2048,graph,138,23.2396,14.8194,23.2850,23.2396,
25,8,262144,2048,hyprefill,256/2048/2048,graph,139,23.1645,15.3368,23.2074,23.1645,
25,8,262144,2048,hyprefill,256/2048/2048,graph,140,23.3080,14.2702,23.3598,23.3080,
25,8,262144,2048,hyprefill,256/2048/2048,graph,141,23.4304,15.3686,23.4767,23.4304,
25,8,262144,2048,hyprefill,256/2048/2048,graph,142,23.4287,15.0304,23.4714,23.4287,
25,8,262144,2048,hyprefill,256/2048/2048,graph,143,23.2162,15.6432,23.2615,23.2162,
25,8,262144,2048,hyprefill,256/2048/2048,graph,144,23.3229,14.8194,23.3666,23.3229,
25,8,262144,2048,hyprefill,256/2048/2048,graph,145,23.3356,14.8194,23.3792,23.3356,
25,8,262144,2048,hyprefill,256/2048/2048,graph,146,23.1097,15.0940,23.1546,23.1097,
25,8,262144,2048,hyprefill,256/2048/2048,graph,147,23.1733,15.0940,23.2181,23.1733,
25,8,262144,2048,hyprefill,256/2048/2048,graph,148,23.2145,14.2702,23.2604,23.2145,
25,8,262144,2048,hyprefill,256/2048/2048,graph,149,23.4497,15.1258,23.4974,23.4497,
25,8,262144,2048,hyprefill,256/2048/2048,graph,150,23.4795,14.5766,23.5261,23.4795,
25,8,262144,2048,hyprefill,256/2048/2048,graph,151,23.3940,14.8194,23.4389,23.3940,
25,8,262144,2048,hyprefill,256/2048/2048,graph,152,23.3004,14.5448,23.3432,23.3004,
25,8,262144,2048,hyprefill,256/2048/2048,graph,153,23.0286,15.0940,23.0730,23.0286,
25,8,262144,2048,hyprefill,256/2048/2048,graph,154,23.2932,15.3368,23.3362,23.2932,
25,8,262144,2048,hyprefill,256/2048/2048,graph,155,22.9771,15.0940,23.0224,22.9771,
25,8,262144,2048,hyprefill,256/2048/2048,graph,156,23.3294,15.0940,23.3758,23.3294,
25,8,262144,2048,hyprefill,256/2048/2048,graph,157,23.4727,15.0304,23.5227,23.4727,
25,8,262144,2048,hyprefill,256/2048/2048,graph,158,23.3756,15.3686,23.4250,23.3756,
25,8,262144,2048,hyprefill,256/2048/2048,graph,159,23.2860,14.8194,23.3338,23.2860,
25,8,262144,2048,hyprefill,256/2048/2048,graph,160,23.3012,14.8194,23.3479,23.3012,
25,8,262144,2048,hyprefill,256/2048/2048,graph,161,23.3906,15.3686,23.4359,23.3906,
25,8,262144,2048,hyprefill,256/2048/2048,graph,162,23.2230,15.0940,23.2687,23.2230,
25,8,262144,2048,hyprefill,256/2048/2048,graph,163,23.2708,14.8194,23.3168,23.2708,
25,8,262144,2048,hyprefill,256/2048/2048,graph,164,23.2244,14.8512,23.2690,23.2244,
25,8,262144,2048,hyprefill,256/2048/2048,graph,165,23.3076,14.8194,23.3513,23.3076,
25,8,262144,2048,hyprefill,256/2048/2048,graph,166,23.5188,15.3368,23.5616,23.5188,
25,8,262144,2048,hyprefill,256/2048/2048,graph,167,23.3489,14.3021,23.3943,23.3489,
25,8,262144,2048,hyprefill,256/2048/2048,graph,168,23.5100,14.8194,23.5666,23.5100,
25,8,262144,2048,hyprefill,256/2048/2048,graph,169,23.3372,15.6114,23.3851,23.3372,
25,8,262144,2048,hyprefill,256/2048/2048,graph,170,23.1013,14.5448,23.1458,23.1013,
25,8,262144,2048,hyprefill,256/2048/2048,graph,171,23.0467,15.0940,23.0927,23.0467,
25,8,262144,2048,hyprefill,256/2048/2048,graph,172,23.3481,15.0622,23.3887,23.3481,
25,8,262144,2048,hyprefill,256/2048/2048,graph,173,23.0692,15.0940,23.1139,23.0692,
25,8,262144,2048,hyprefill,256/2048/2048,graph,174,23.2360,14.8194,23.2814,23.2360,
25,8,262144,2048,hyprefill,256/2048/2048,graph,175,23.4313,14.2702,23.4769,23.4313,
25,8,262144,2048,hyprefill,256/2048/2048,graph,176,23.0557,15.3686,23.1021,23.0557,
25,8,262144,2048,hyprefill,256/2048/2048,graph,177,23.2643,14.8194,23.3087,23.2643,
25,8,262144,2048,hyprefill,256/2048/2048,graph,178,23.1969,15.0940,23.2472,23.1969,
25,8,262144,2048,hyprefill,256/2048/2048,graph,179,23.3939,14.8194,23.4375,23.3939,
25,8,262144,2048,hyprefill,256/2048/2048,graph,180,23.1643,15.6432,23.2170,23.1643,
25,8,262144,2048,hyprefill,256/2048/2048,graph,181,23.4015,15.0622,23.4469,23.4015,
25,8,262144,2048,hyprefill,256/2048/2048,graph,182,23.2462,14.5766,23.2925,23.2462,
25,8,262144,2048,hyprefill,256/2048/2048,graph,183,23.1970,14.7876,23.2429,23.1970,
25,8,262144,2048,hyprefill,256/2048/2048,graph,184,22.8575,15.6114,22.9035,22.8575,
25,8,262144,2048,hyprefill,256/2048/2048,graph,185,23.2072,14.3021,23.2540,23.2072,
25,8,262144,2048,hyprefill,256/2048/2048,graph,186,23.4317,14.8194,23.4816,23.4317,
25,8,262144,2048,hyprefill,256/2048/2048,graph,187,23.4014,15.6114,23.4512,23.4014,
25,8,262144,2048,hyprefill,256/2048/2048,graph,188,23.2202,15.0940,23.2653,23.2202,
25,8,262144,2048,hyprefill,256/2048/2048,graph,189,23.0738,15.0940,23.1214,23.0738,
25,8,262144,2048,hyprefill,256/2048/2048,graph,190,23.4498,14.5448,23.4968,23.4498,
25,8,262144,2048,hyprefill,256/2048/2048,graph,191,23.2291,15.0940,23.2745,23.2291,
25,8,262144,2048,hyprefill,256/2048/2048,graph,192,23.3105,15.0622,23.3621,23.3105,
25,8,262144,2048,hyprefill,256/2048/2048,graph,193,23.3432,14.8194,23.3929,23.3432,
25,8,262144,2048,hyprefill,256/2048/2048,graph,194,23.5524,14.5766,23.6009,23.5524,
25,8,262144,2048,hyprefill,256/2048/2048,graph,195,23.3364,15.3686,23.3814,23.3364,
25,8,262144,2048,hyprefill,256/2048/2048,graph,196,23.2576,15.0622,23.3053,23.2576,
25,8,262144,2048,hyprefill,256/2048/2048,graph,197,23.1270,14.8512,23.1783,23.1270,
25,8,262144,2048,hyprefill,256/2048/2048,graph,198,23.5150,14.7876,23.5631,23.5150,
25,8,262144,2048,hyprefill,256/2048/2048,graph,199,23.2586,15.3368,23.3105,23.2586,
25,8,262144,2048,hyprefill,1024/1024/1024,graph,0,23.4373,16.4551,23.4835,23.4373,
25,8,262144,2048,hyprefill,1024/1024/1024,graph,1,24.5583,15.3886,24.6041,24.5583,
25,8,262144,2048,hyprefill,1024/1024/1024,graph,2,24.6557,15.1140,24.7023,24.6557,
25,8,262144,2048,hyprefill,1024/1024/1024,graph,3,23.1423,16.4551,23.1903,23.1423,
25,8,262144,2048,hyprefill,1024/1024/1024,graph,4,23.3049,16.1805,23.3518,23.3049,
25,8,262144,2048,hyprefill,1024/1024/1024,graph,5,24.5675,15.6632,24.6144,24.5675,
25,8,262144,2048,hyprefill,1024/1024/1024,graph,6,24.5007,15.1140,24.5470,24.5007,
25,8,262144,2048,hyprefill,1024/1024/1024,graph,7,24.5984,15.6632,24.6506,24.5984,
25,8,262144,2048,hyprefill,1024/1024/1024,graph,8,23.3954,16.1805,23.4390,23.3954,
25,8,262144,2048,hyprefill,1024/1024/1024,graph,9,24.7156,15.9378,24.7610,24.7156,
25,8,262144,2048,hyprefill,1024/1024/1024,graph,10,24.2809,15.1140,24.3263,24.2809,
25,8,262144,2048,hyprefill,1024/1024/1024,graph,11,23.7064,16.1805,23.7501,23.7064,
25,8,262144,2048,hyprefill,1024/1024/1024,graph,12,23.3489,16.7297,23.3924,23.3489,
25,8,262144,2048,hyprefill,1024/1024/1024,graph,13,23.7890,16.1805,23.8316,23.7890,
25,8,262144,2048,hyprefill,1024/1024/1024,graph,14,24.4177,15.9378,24.4628,24.4177,
25,8,262144,2048,hyprefill,1024/1024/1024,graph,15,23.7047,15.9059,23.7546,23.7047,
25,8,262144,2048,hyprefill,1024/1024/1024,graph,16,24.3052,15.6632,24.3530,24.3052,
25,8,262144,2048,hyprefill,1024/1024/1024,graph,17,24.7450,15.3886,24.7920,24.7450,
25,8,262144,2048,hyprefill,1024/1024/1024,graph,18,24.3178,15.6632,24.3630,24.3178,
25,8,262144,2048,hyprefill,1024/1024/1024,graph,19,23.8271,15.9059,23.8698,23.8271,
25,8,262144,2048,hyprefill,1024/1024/1024,graph,20,24.4756,15.9378,24.5213,24.4756,
25,8,262144,2048,hyprefill,1024/1024/1024,graph,21,24.0636,16.1805,24.1073,24.0636,
25,8,262144,2048,hyprefill,1024/1024/1024,graph,22,24.2711,15.6632,24.3162,24.2711,
25,8,262144,2048,hyprefill,1024/1024/1024,graph,23,23.7225,16.4551,23.7649,23.7225,
25,8,262144,2048,hyprefill,1024/1024/1024,graph,24,23.4115,16.7297,23.4544,23.4115,
25,8,262144,2048,hyprefill,1024/1024/1024,graph,25,24.6909,14.8394,24.7370,24.6909,
25,8,262144,2048,hyprefill,1024/1024/1024,graph,26,24.0502,15.6632,24.0962,24.0502,
25,8,262144,2048,hyprefill,1024/1024/1024,graph,27,24.4993,15.1140,24.5529,24.4993,
25,8,262144,2048,hyprefill,1024/1024/1024,graph,28,23.1955,16.4551,23.2418,23.1955,
25,8,262144,2048,hyprefill,1024/1024/1024,graph,29,23.4883,16.4551,23.5327,23.4883,
25,8,262144,2048,hyprefill,1024/1024/1024,graph,30,24.6891,15.6632,24.7370,24.6891,
25,8,262144,2048,hyprefill,1024/1024/1024,graph,31,23.5742,16.1805,23.6187,23.5742,
25,8,262144,2048,hyprefill,1024/1024/1024,graph,32,24.3976,15.6632,24.4450,24.3976,
25,8,262144,2048,hyprefill,1024/1024/1024,graph,33,24.6835,15.1140,24.7314,24.6835,
25,8,262144,2048,hyprefill,1024/1024/1024,graph,34,24.5314,15.3886,24.5772,24.5314,
25,8,262144,2048,hyprefill,1024/1024/1024,graph,35,24.4828,14.8394,24.5288,24.4828,
25,8,262144,2048,hyprefill,1024/1024/1024,graph,36,23.0139,16.1805,23.0569,23.0139,
25,8,262144,2048,hyprefill,1024/1024/1024,graph,37,23.4042,16.4551,23.4504,23.4042,
25,8,262144,2048,hyprefill,1024/1024/1024,graph,38,24.3495,15.3886,24.3950,24.3495,
25,8,262144,2048,hyprefill,1024/1024/1024,graph,39,23.6339,16.4551,23.6772,23.6339,
25,8,262144,2048,hyprefill,1024/1024/1024,graph,40,23.5746,16.4551,23.6168,23.5746,
25,8,262144,2048,hyprefill,1024/1024/1024,graph,41,24.3521,15.1140,24.3987,24.3521,
25,8,262144,2048,hyprefill,1024/1024/1024,graph,42,24.5895,15.3886,24.6307,24.5895,
25,8,262144,2048,hyprefill,1024/1024/1024,graph,43,24.4818,15.3886,24.5490,24.4818,
25,8,262144,2048,hyprefill,1024/1024/1024,graph,44,24.4375,15.9378,24.4836,24.4375,
25,8,262144,2048,hyprefill,1024/1024/1024,graph,45,23.5593,15.6314,23.6024,23.5593,
25,8,262144,2048,hyprefill,1024/1024/1024,graph,46,24.5449,15.9378,24.5923,24.5449,
25,8,262144,2048,hyprefill,1024/1024/1024,graph,47,24.0933,16.1805,24.1401,24.0933,
25,8,262144,2048,hyprefill,1024/1024/1024,graph,48,23.3936,17.0043,23.4375,23.3936,
25,8,262144,2048,hyprefill,1024/1024/1024,graph,49,24.5243,14.8394,24.5696,24.5243,
25,8,262144,2048,hyprefill,1024/1024/1024,graph,50,24.4675,15.6632,24.5214,24.4675,
25,8,262144,2048,hyprefill,1024/1024/1024,graph,51,24.0971,15.3886,24.1454,24.0971,
25,8,262144,2048,hyprefill,1024/1024/1024,graph,52,24.6360,14.8394,24.6802,24.6360,
25,8,262144,2048,hyprefill,1024/1024/1024,graph,53,24.1933,15.9378,24.2412,24.1933,
25,8,262144,2048,hyprefill,1024/1024/1024,graph,54,23.6263,15.6314,23.6719,23.6263,
25,8,262144,2048,hyprefill,1024/1024/1024,graph,55,24.2395,16.2124,24.2862,24.2395,
25,8,262144,2048,hyprefill,1024/1024/1024,graph,56,23.8468,16.1805,23.8916,23.8468,
25,8,262144,2048,hyprefill,1024/1024/1024,graph,57,24.0443,15.9378,24.0963,24.0443,
25,8,262144,2048,hyprefill,1024/1024/1024,graph,58,24.7985,15.1140,24.8455,24.7985,
25,8,262144,2048,hyprefill,1024/1024/1024,graph,59,24.2994,15.3886,24.3468,24.2994,
25,8,262144,2048,hyprefill,1024/1024/1024,graph,60,24.3252,15.3886,24.3741,24.3252,
25,8,262144,2048,hyprefill,1024/1024/1024,graph,61,23.3071,15.6314,23.3510,23.3071,
25,8,262144,2048,hyprefill,1024/1024/1024,graph,62,24.6224,15.6632,24.6689,24.6224,
25,8,262144,2048,hyprefill,1024/1024/1024,graph,63,22.9866,15.6314,23.0311,22.9866,
25,8,262144,2048,hyprefill,1024/1024/1024,graph,64,24.5132,15.9378,24.5587,24.5132,
25,8,262144,2048,hyprefill,1024/1024/1024,graph,65,23.0360,15.3568,23.1098,23.0360,
25,8,262144,2048,hyprefill,1024/1024/1024,graph,66,24.3211,16.2124,24.3675,24.3211,
25,8,262144,2048,hyprefill,1024/1024/1024,graph,67,23.1713,14.8076,23.2146,23.1713,
25,8,262144,2048,hyprefill,1024/1024/1024,graph,68,24.4838,16.4869,24.5277,24.4838,
25,8,262144,2048,hyprefill,1024/1024/1024,graph,69,23.1903,15.3568,23.2344,23.1903,
25,8,262144,2048,hyprefill,1024/1024/1024,graph,70,24.4740,15.9378,24.5222,24.4740,
25,8,262144,2048,hyprefill,1024/1024/1024,graph,71,22.8677,15.3568,22.9115,22.8677,
25,8,262144,2048,hyprefill,1024/1024/1024,graph,72,24.6110,16.2124,24.6548,24.6110,
25,8,262144,2048,hyprefill,1024/1024/1024,graph,73,22.7739,15.3568,22.8175,22.7739,
25,8,262144,2048,hyprefill,1024/1024/1024,graph,74,24.4595,16.2124,24.5034,24.4595,
25,8,262144,2048,hyprefill,1024/1024/1024,graph,75,22.7679,15.0822,22.8107,22.7679,
25,8,262144,2048,hyprefill,1024/1024/1024,graph,76,24.1135,15.9378,24.1571,24.1135,
25,8,262144,2048,hyprefill,1024/1024/1024,graph,77,22.4904,15.3568,22.5357,22.4904,
25,8,262144,2048,hyprefill,1024/1024/1024,graph,78,24.5195,16.2124,24.5631,24.5195,
25,8,262144,2048,hyprefill,1024/1024/1024,graph,79,22.8817,15.0822,22.9244,22.8817,
25,8,262144,2048,hyprefill,1024/1024/1024,graph,80,24.2900,16.2124,24.3346,24.2900,
25,8,262144,2048,hyprefill,1024/1024/1024,graph,81,23.1352,15.3568,23.1785,23.1352,
25,8,262144,2048,hyprefill,1024/1024/1024,graph,82,24.3679,15.9378,24.4129,24.3679,
25,8,262144,2048,hyprefill,1024/1024/1024,graph,83,23.0646,15.6314,23.1085,23.0646,
25,8,262144,2048,hyprefill,1024/1024/1024,graph,84,24.4175,15.9378,24.4620,24.4175,
25,8,262144,2048,hyprefill,1024/1024/1024,graph,85,22.9311,15.6314,22.9774,22.9311,
25,8,262144,2048,hyprefill,1024/1024/1024,graph,86,24.3241,16.2124,24.3679,24.3241,
25,8,262144,2048,hyprefill,1024/1024/1024,graph,87,23.3045,15.6314,23.3480,23.3045,
25,8,262144,2048,hyprefill,1024/1024/1024,graph,88,24.3585,16.2124,24.4513,24.3585,
25,8,262144,2048,hyprefill,1024/1024/1024,graph,89,23.4124,15.3568,23.4564,23.4124,
25,8,262144,2048,hyprefill,1024/1024/1024,graph,90,24.3264,16.2124,24.3722,24.3264,
25,8,262144,2048,hyprefill,1024/1024/1024,graph,91,23.3092,15.3568,23.3519,23.3092,
25,8,262144,2048,hyprefill,1024/1024/1024,graph,92,24.0847,15.9378,24.1312,24.0847,
25,8,262144,2048,hyprefill,1024/1024/1024,graph,93,23.4275,15.6314,23.4725,23.4275,
25,8,262144,2048,hyprefill,1024/1024/1024,graph,94,24.3558,15.9378,24.4010,24.3558,
25,8,262144,2048,hyprefill,1024/1024/1024,graph,95,23.2472,15.9059,23.2925,23.2472,
25,8,262144,2048,hyprefill,1024/1024/1024,graph,96,24.5521,16.2124,24.5999,24.5521,
25,8,262144,2048,hyprefill,1024/1024/1024,graph,97,23.3884,15.3568,23.4323,23.3884,
25,8,262144,2048,hyprefill,1024/1024/1024,graph,98,24.5694,16.2124,24.6155,24.5694,
25,8,262144,2048,hyprefill,1024/1024/1024,graph,99,23.4208,15.6314,23.4651,23.4208,
25,8,262144,2048,hyprefill,1024/1024/1024,graph,100,24.6444,16.2124,24.6914,24.6444,
25,8,262144,2048,hyprefill,1024/1024/1024,graph,101,23.2179,15.3568,23.2608,23.2179,
25,8,262144,2048,hyprefill,1024/1024/1024,graph,102,24.2490,15.9378,24.2993,24.2490,
25,8,262144,2048,hyprefill,1024/1024/1024,graph,103,23.1136,15.6314,23.1604,23.1136,
25,8,262144,2048,hyprefill,1024/1024/1024,graph,104,24.6166,15.9378,24.6605,24.6166,
25,8,262144,2048,hyprefill,1024/1024/1024,graph,105,23.1130,15.6314,23.1660,23.1130,
25,8,262144,2048,hyprefill,1024/1024/1024,graph,106,24.5579,15.9378,24.6039,24.5579,
25,8,262144,2048,hyprefill,1024/1024/1024,graph,107,23.2760,15.9059,23.3172,23.2760,
25,8,262144,2048,hyprefill,1024/1024/1024,graph,108,24.5551,15.6632,24.5990,24.5551,
25,8,262144,2048,hyprefill,1024/1024/1024,graph,109,23.0178,15.9059,23.0627,23.0178,
25,8,262144,2048,hyprefill,1024/1024/1024,graph,110,24.5597,15.6632,24.6046,24.5597,
25,8,262144,2048,hyprefill,1024/1024/1024,graph,111,22.9767,15.9059,23.0222,22.9767,
25,8,262144,2048,hyprefill,1024/1024/1024,graph,112,24.4130,15.9378,24.4581,24.4130,
25,8,262144,2048,hyprefill,1024/1024/1024,graph,113,23.1855,15.6314,23.2286,23.1855,
25,8,262144,2048,hyprefill,1024/1024/1024,graph,114,24.6463,16.2124,24.6928,24.6463,
25,8,262144,2048,hyprefill,1024/1024/1024,graph,115,23.4186,15.6314,23.4627,23.4186,
25,8,262144,2048,hyprefill,1024/1024/1024,graph,116,24.5938,16.2124,24.6463,24.5938,
25,8,262144,2048,hyprefill,1024/1024/1024,graph,117,23.3862,15.6314,23.4284,23.3862,
25,8,262144,2048,hyprefill,1024/1024/1024,graph,118,24.4657,15.9378,24.5112,24.4657,
25,8,262144,2048,hyprefill,1024/1024/1024,graph,119,23.5345,15.9059,23.5772,23.5345,
25,8,262144,2048,hyprefill,1024/1024/1024,graph,120,24.7460,16.4869,24.7924,24.7460,
25,8,262144,2048,hyprefill,1024/1024/1024,graph,121,23.2092,15.3568,23.2521,23.2092,
25,8,262144,2048,hyprefill,1024/1024/1024,graph,122,24.6625,16.2124,24.7096,24.6625,
25,8,262144,2048,hyprefill,1024/1024/1024,graph,123,23.1831,15.6314,23.2258,23.1831,
25,8,262144,2048,hyprefill,1024/1024/1024,graph,124,24.3411,15.6632,24.3872,24.3411,
25,8,262144,2048,hyprefill,1024/1024/1024,graph,125,23.2583,16.1805,23.3024,23.2583,
25,8,262144,2048,hyprefill,1024/1024/1024,graph,126,24.5309,15.3886,24.5762,24.5309,
25,8,262144,2048,hyprefill,1024/1024/1024,graph,127,23.3286,16.1805,23.3742,23.3286,
25,8,262144,2048,hyprefill,1024/1024/1024,graph,128,24.6717,15.1140,24.7165,24.6717,
25,8,262144,2048,hyprefill,1024/1024/1024,graph,129,24.5559,15.3886,24.6056,24.5559,
25,8,262144,2048,hyprefill,1024/1024/1024,graph,130,22.9500,16.1805,22.9947,22.9500,
25,8,262144,2048,hyprefill,1024/1024/1024,graph,131,24.3111,15.1140,24.3551,24.3111,
25,8,262144,2048,hyprefill,1024/1024/1024,graph,132,24.5633,15.6632,24.6094,24.5633,
25,8,262144,2048,hyprefill,1024/1024/1024,graph,133,23.5544,16.1805,23.5991,23.5544,
25,8,262144,2048,hyprefill,1024/1024/1024,graph,134,23.2588,16.7297,23.3055,23.2588,
25,8,262144,2048,hyprefill,1024/1024/1024,graph,135,23.4850,15.9059,23.5277,23.4850,
25,8,262144,2048,hyprefill,1024/1024/1024,graph,136,24.5615,16.2124,24.6091,24.5615,
25,8,262144,2048,hyprefill,1024/1024/1024,graph,137,22.9977,15.0822,23.0410,22.9977,
25,8,262144,2048,hyprefill,1024/1024/1024,graph,138,24.4078,15.6632,24.4529,24.4078,
25,8,262144,2048,hyprefill,1024/1024/1024,graph,139,24.6268,14.5648,24.6711,24.6268,
25,8,262144,2048,hyprefill,1024/1024/1024,graph,140,24.1954,15.6632,24.2418,24.1954,
25,8,262144,2048,hyprefill,1024/1024/1024,graph,141,22.8014,15.9059,22.8466,22.8014,
25,8,262144,2048,hyprefill,1024/1024/1024,graph,142,24.2835,15.9378,24.3293,24.2835,
25,8,262144,2048,hyprefill,1024/1024/1024,graph,143,23.3145,15.6314,23.3569,23.3145,
25,8,262144,2048,hyprefill,1024/1024/1024,graph,144,24.2712,15.3886,24.3157,24.2712,
25,8,262144,2048,hyprefill,1024/1024/1024,graph,145,24.6494,15.3886,24.6949,24.6494,
25,8,262144,2048,hyprefill,1024/1024/1024,graph,146,22.8234,16.1805,22.8661,22.8234,
25,8,262144,2048,hyprefill,1024/1024/1024,graph,147,24.6112,15.6632,24.6578,24.6112,
25,8,262144,2048,hyprefill,1024/1024/1024,graph,148,24.0748,15.1140,24.1187,24.0748,
25,8,262144,2048,hyprefill,1024/1024/1024,graph,149,23.1762,15.9059,23.2189,23.1762,
25,8,262144,2048,hyprefill,1024/1024/1024,graph,150,24.3258,15.6632,24.3712,24.3258,
25,8,262144,2048,hyprefill,1024/1024/1024,graph,151,23.3040,15.9059,23.3468,23.3040,
25,8,262144,2048,hyprefill,1024/1024/1024,graph,152,22.7800,16.4551,22.8243,22.7800,
25,8,262144,2048,hyprefill,1024/1024/1024,graph,153,23.3643,16.1805,23.4073,23.3643,
25,8,262144,2048,hyprefill,1024/1024/1024,graph,154,24.3847,15.3886,24.4310,24.3847,
25,8,262144,2048,hyprefill,1024/1024/1024,graph,155,24.7809,15.3886,24.8242,24.7809,
25,8,262144,2048,hyprefill,1024/1024/1024,graph,156,24.1295,15.6632,24.1761,24.1295,
25,8,262144,2048,hyprefill,1024/1024/1024,graph,157,22.8324,15.9059,22.8752,22.8324,
25,8,262144,2048,hyprefill,1024/1024/1024,graph,158,24.2822,15.3886,24.3292,24.2822,
25,8,262144,2048,hyprefill,1024/1024/1024,graph,159,22.9631,15.6314,23.0091,22.9631,
25,8,262144,2048,hyprefill,1024/1024/1024,graph,160,22.5746,16.7297,22.6190,22.5746,
25,8,262144,2048,hyprefill,1024/1024/1024,graph,161,23.2810,15.6314,23.3247,23.2810,
25,8,262144,2048,hyprefill,1024/1024/1024,graph,162,24.3330,15.6632,24.3788,24.3330,
25,8,262144,2048,hyprefill,1024/1024/1024,graph,163,24.4000,14.2902,24.4490,24.4000,
25,8,262144,2048,hyprefill,1024/1024/1024,graph,164,24.4832,15.9378,24.5277,24.4832,
25,8,262144,2048,hyprefill,1024/1024/1024,graph,165,22.9637,15.6314,23.0075,22.9637,
25,8,262144,2048,hyprefill,1024/1024/1024,graph,166,24.6423,15.6632,24.6860,24.6423,
25,8,262144,2048,hyprefill,1024/1024/1024,graph,167,22.5911,15.6314,22.6361,22.5911,
25,8,262144,2048,hyprefill,1024/1024/1024,graph,168,24.6888,15.6632,24.7324,24.6888,
25,8,262144,2048,hyprefill,1024/1024/1024,graph,169,22.4087,16.1805,22.4535,22.4087,
25,8,262144,2048,hyprefill,1024/1024/1024,graph,170,24.6733,15.6632,24.7169,24.6733,
25,8,262144,2048,hyprefill,1024/1024/1024,graph,171,24.3641,15.1140,24.4111,24.3641,
25,8,262144,2048,hyprefill,1024/1024/1024,graph,172,23.0990,15.9059,23.1390,23.0990,
25,8,262144,2048,hyprefill,1024/1024/1024,graph,173,24.3834,15.1140,24.4288,24.3834,
25,8,262144,2048,hyprefill,1024/1024/1024,graph,174,24.5812,15.6632,24.6260,24.5812,
25,8,262144,2048,hyprefill,1024/1024/1024,graph,175,23.1508,15.6314,23.1943,23.1508,
25,8,262144,2048,hyprefill,1024/1024/1024,graph,176,24.3221,15.3886,24.3673,24.3221,
25,8,262144,2048,hyprefill,1024/1024/1024,graph,177,22.7292,16.1805,22.7731,22.7292,
25,8,262144,2048,hyprefill,1024/1024/1024,graph,178,24.6967,15.6632,24.7408,24.6967,
25,8,262144,2048,hyprefill,1024/1024/1024,graph,179,24.2024,14.8394,24.2477,24.2024,
25,8,262144,2048,hyprefill,1024/1024/1024,graph,180,23.2287,16.7297,23.2715,23.2287,
25,8,262144,2048,hyprefill,1024/1024/1024,graph,181,23.4113,16.1805,23.4548,23.4113,
25,8,262144,2048,hyprefill,1024/1024/1024,graph,182,24.8254,16.2124,24.8703,24.8254,
25,8,262144,2048,hyprefill,1024/1024/1024,graph,183,23.0568,15.6314,23.1011,23.0568,
25,8,262144,2048,hyprefill,1024/1024/1024,graph,184,24.2295,15.9378,24.2750,24.2295,
25,8,262144,2048,hyprefill,1024/1024/1024,graph,185,23.6741,15.9059,23.7173,23.6741,
25,8,262144,2048,hyprefill,1024/1024/1024,graph,186,24.7884,16.2124,24.8342,24.7884,
25,8,262144,2048,hyprefill,1024/1024/1024,graph,187,24.1575,14.8394,24.2314,24.1575,
25,8,262144,2048,hyprefill,1024/1024/1024,graph,188,23.1132,16.4551,23.1635,23.1132,
25,8,262144,2048,hyprefill,1024/1024/1024,graph,189,24.3896,15.3886,24.4368,24.3896,
25,8,262144,2048,hyprefill,1024/1024/1024,graph,190,24.5597,15.6632,24.6060,24.5597,
25,8,262144,2048,hyprefill,1024/1024/1024,graph,191,23.3475,15.6314,23.3900,23.3475,
25,8,262144,2048,hyprefill,1024/1024/1024,graph,192,24.6584,15.9378,24.7047,24.6584,
25,8,262144,2048,hyprefill,1024/1024/1024,graph,193,24.0268,16.4551,24.0696,24.0268,
25,8,262144,2048,hyprefill,1024/1024/1024,graph,194,24.3587,15.3886,24.4060,24.3587,
25,8,262144,2048,hyprefill,1024/1024/1024,graph,195,24.3146,14.8394,24.3575,24.3146,
25,8,262144,2048,hyprefill,1024/1024/1024,graph,196,23.7147,17.2789,23.7579,23.7147,
25,8,262144,2048,hyprefill,1024/1024/1024,graph,197,23.9874,15.9059,24.0313,23.9874,
25,8,262144,2048,hyprefill,1024/1024/1024,graph,198,24.5822,15.9378,24.6298,24.5822,
25,8,262144,2048,hyprefill,1024/1024/1024,graph,199,24.5790,15.1140,24.6290,24.5790,
25,8,262144,2048,hyprefill,512/512/512,graph,0,24.0785,16.7934,24.1277,24.0785,
25,8,262144,2048,hyprefill,512/512/512,graph,1,23.6873,17.8917,23.7353,23.6873,
25,8,262144,2048,hyprefill,512/512/512,graph,2,24.2132,17.0679,24.2574,24.2132,
25,8,262144,2048,hyprefill,512/512/512,graph,3,24.0665,16.8252,24.1202,24.0665,
25,8,262144,2048,hyprefill,512/512/512,graph,4,23.8732,17.6171,23.9187,23.8732,
25,8,262144,2048,hyprefill,512/512/512,graph,5,24.2280,17.6171,24.2711,24.2280,
25,8,262144,2048,hyprefill,512/512/512,graph,6,23.8559,17.6171,23.9006,23.8559,
25,8,262144,2048,hyprefill,512/512/512,graph,7,24.0389,17.3425,24.0828,24.0389,
25,8,262144,2048,hyprefill,512/512/512,graph,8,24.0725,16.8252,24.1187,24.0725,
25,8,262144,2048,hyprefill,512/512/512,graph,9,24.1173,17.6171,24.1626,24.1173,
25,8,262144,2048,hyprefill,512/512/512,graph,10,24.1582,17.8917,24.2019,24.1582,
25,8,262144,2048,hyprefill,512/512/512,graph,11,24.1145,16.8252,24.1643,24.1145,
25,8,262144,2048,hyprefill,512/512/512,graph,12,24.1873,17.0679,24.2329,24.1873,
25,8,262144,2048,hyprefill,512/512/512,graph,13,24.2108,17.8917,24.2601,24.2108,
25,8,262144,2048,hyprefill,512/512/512,graph,14,24.2167,17.6171,24.2704,24.2167,
25,8,262144,2048,hyprefill,512/512/512,graph,15,23.9886,17.6171,24.0355,23.9886,
25,8,262144,2048,hyprefill,512/512/512,graph,16,24.2389,17.6171,24.2849,24.2389,
25,8,262144,2048,hyprefill,512/512/512,graph,17,23.6929,17.6171,23.7388,23.6929,
25,8,262144,2048,hyprefill,512/512/512,graph,18,23.9621,17.3425,24.0070,23.9621,
25,8,262144,2048,hyprefill,512/512/512,graph,19,23.8343,16.5506,23.8841,23.8343,
25,8,262144,2048,hyprefill,512/512/512,graph,20,24.3301,17.6171,24.3737,24.3301,
25,8,262144,2048,hyprefill,512/512/512,graph,21,23.8307,17.3425,23.8758,23.8307,
25,8,262144,2048,hyprefill,512/512/512,graph,22,24.4544,17.0998,24.5010,24.4544,
25,8,262144,2048,hyprefill,512/512/512,graph,23,24.1813,17.3425,24.2255,24.1813,
25,8,262144,2048,hyprefill,512/512/512,graph,24,23.6273,17.3425,23.6717,23.6273,
25,8,262144,2048,hyprefill,512/512/512,graph,25,24.1578,17.8917,24.2023,24.1578,
25,8,262144,2048,hyprefill,512/512/512,graph,26,24.1103,17.3425,24.1525,24.1103,
25,8,262144,2048,hyprefill,512/512/512,graph,27,24.1882,16.8252,24.2340,24.1882,
25,8,262144,2048,hyprefill,512/512/512,graph,28,23.9259,17.0679,23.9694,23.9259,
25,8,262144,2048,hyprefill,512/512/512,graph,29,24.3796,17.0998,24.4267,24.3796,
25,8,262144,2048,hyprefill,512/512/512,graph,30,24.0980,17.3425,24.1422,24.0980,
25,8,262144,2048,hyprefill,512/512/512,graph,31,24.2635,17.0998,24.3095,24.2635,
25,8,262144,2048,hyprefill,512/512/512,graph,32,23.7719,17.0679,23.8171,23.7719,
25,8,262144,2048,hyprefill,512/512/512,graph,33,24.0955,17.6171,24.1390,24.0955,
25,8,262144,2048,hyprefill,512/512/512,graph,34,24.2742,17.3425,24.3190,24.2742,
25,8,262144,2048,hyprefill,512/512/512,graph,35,24.5985,17.6490,24.6458,24.5985,
25,8,262144,2048,hyprefill,512/512/512,graph,36,24.0685,16.7934,24.1131,24.0685,
25,8,262144,2048,hyprefill,512/512/512,graph,37,23.5365,17.3425,23.5840,23.5365,
25,8,262144,2048,hyprefill,512/512/512,graph,38,24.0934,17.6171,24.1387,24.0934,
25,8,262144,2048,hyprefill,512/512/512,graph,39,24.0985,16.5506,24.1456,24.0985,
25,8,262144,2048,hyprefill,512/512/512,graph,40,24.3484,16.8252,24.3955,24.3484,
25,8,262144,2048,hyprefill,512/512/512,graph,41,24.1972,16.7934,24.2400,24.1972,
25,8,262144,2048,hyprefill,512/512/512,graph,42,24.1674,17.8917,24.2079,24.1674,
25,8,262144,2048,hyprefill,512/512/512,graph,43,24.0241,17.3425,24.0679,24.0241,
25,8,262144,2048,hyprefill,512/512/512,graph,44,24.1226,17.3425,24.1650,24.1226,
25,8,262144,2048,hyprefill,512/512/512,graph,45,23.7690,17.8917,23.8144,23.7690,
25,8,262144,2048,hyprefill,512/512/512,graph,46,24.3966,17.8917,24.4428,24.3966,
25,8,262144,2048,hyprefill,512/512/512,graph,47,24.1363,16.5506,24.1824,24.1363,
25,8,262144,2048,hyprefill,512/512/512,graph,48,24.1068,17.3425,24.1520,24.1068,
25,8,262144,2048,hyprefill,512/512/512,graph,49,24.1590,17.0679,24.2023,24.1590,
25,8,262144,2048,hyprefill,512/512/512,graph,50,23.8485,17.3425,23.8938,23.8485,
25,8,262144,2048,hyprefill,512/512/512,graph,51,23.8836,17.6171,23.9289,23.8836,
25,8,262144,2048,hyprefill,512/512/512,graph,52,23.9441,17.3425,23.9887,23.9441,
25,8,262144,2048,hyprefill,512/512/512,graph,53,24.2536,17.0998,24.2991,24.2536,
25,8,262144,2048,hyprefill,512/512/512,graph,54,24.0332,17.0679,24.0770,24.0332,
25,8,262144,2048,hyprefill,512/512/512,graph,55,24.5426,17.3744,24.5887,24.5426,
25,8,262144,2048,hyprefill,512/512/512,graph,56,23.9953,16.5188,24.0375,23.9953,
25,8,262144,2048,hyprefill,512/512/512,graph,57,23.5768,17.3744,23.6940,23.5768,
25,8,262144,2048,hyprefill,512/512/512,graph,58,23.5891,16.7934,23.6324,23.5891,
25,8,262144,2048,hyprefill,512/512/512,graph,59,24.2836,17.6490,24.3283,24.2836,
25,8,262144,2048,hyprefill,512/512/512,graph,60,24.3781,16.7934,24.4206,24.3781,
25,8,262144,2048,hyprefill,512/512/512,graph,61,24.0577,17.9235,24.1025,24.0577,
25,8,262144,2048,hyprefill,512/512/512,graph,62,24.1580,16.5188,24.2007,24.1580,
25,8,262144,2048,hyprefill,512/512/512,graph,63,23.8937,17.6490,23.9398,23.8937,
25,8,262144,2048,hyprefill,512/512/512,graph,64,24.3121,16.2442,24.3550,24.3121,
25,8,262144,2048,hyprefill,512/512/512,graph,65,24.0369,18.1981,24.0802,24.0369,
25,8,262144,2048,hyprefill,512/512/512,graph,66,24.1941,16.5188,24.2393,24.1941,
25,8,262144,2048,hyprefill,512/512/512,graph,67,24.0851,17.3744,24.1306,24.0851,
25,8,262144,2048,hyprefill,512/512/512,graph,68,23.9537,16.2442,23.9989,23.9537,
25,8,262144,2048,hyprefill,512/512/512,graph,69,24.0508,17.3744,24.0940,24.0508,
25,8,262144,2048,hyprefill,512/512/512,graph,70,22.6282,16.7615,22.6734,22.6282,
25,8,262144,2048,hyprefill,512/512/512,graph,71,23.9645,17.3744,24.0078,23.9645,
25,8,262144,2048,hyprefill,512/512/512,graph,72,24.0116,16.2442,24.0555,24.0116,
25,8,262144,2048,hyprefill,512/512/512,graph,73,24.5233,17.3744,24.5667,24.5233,
25,8,262144,2048,hyprefill,512/512/512,graph,74,23.8984,16.2442,23.9420,23.8984,
25,8,262144,2048,hyprefill,512/512/512,graph,75,23.9850,17.6490,24.0304,23.9850,
25,8,262144,2048,hyprefill,512/512/512,graph,76,23.8420,16.2442,23.8852,23.8420,
25,8,262144,2048,hyprefill,512/512/512,graph,77,24.2171,17.6490,24.2618,24.2171,
25,8,262144,2048,hyprefill,512/512/512,graph,78,22.3217,16.2124,22.3642,22.3217,
25,8,262144,2048,hyprefill,512/512/512,graph,79,24.0753,17.6490,24.1206,24.0753,
25,8,262144,2048,hyprefill,512/512/512,graph,80,24.0231,16.5188,24.0659,24.0231,
25,8,262144,2048,hyprefill,512/512/512,graph,81,24.3511,17.6490,24.3959,24.3511,
25,8,262144,2048,hyprefill,512/512/512,graph,82,23.9694,16.5188,24.0367,23.9694,
25,8,262144,2048,hyprefill,512/512/512,graph,83,24.5409,17.9235,24.5912,24.5409,
25,8,262144,2048,hyprefill,512/512/512,graph,84,23.9745,15.9696,24.0171,23.9745,
25,8,262144,2048,hyprefill,512/512/512,graph,85,24.5457,17.6490,24.5888,24.5457,
25,8,262144,2048,hyprefill,512/512/512,graph,86,24.3315,16.7934,24.3763,24.3315,
25,8,262144,2048,hyprefill,512/512/512,graph,87,24.2365,17.3744,24.2801,24.2365,
25,8,262144,2048,hyprefill,512/512/512,graph,88,24.3080,17.0679,24.3575,24.3080,
25,8,262144,2048,hyprefill,512/512/512,graph,89,24.1313,17.0998,24.1752,24.1313,
25,8,262144,2048,hyprefill,512/512/512,graph,90,24.3613,17.0679,24.4109,24.3613,
25,8,262144,2048,hyprefill,512/512/512,graph,91,23.8355,17.8917,23.8793,23.8355,
25,8,262144,2048,hyprefill,512/512/512,graph,92,24.2942,17.0679,24.3389,24.2942,
25,8,262144,2048,hyprefill,512/512/512,graph,93,23.9214,17.6490,23.9663,23.9214,
25,8,262144,2048,hyprefill,512/512/512,graph,94,24.4303,15.9696,24.4811,24.4303,
25,8,262144,2048,hyprefill,512/512/512,graph,95,23.4620,18.4409,23.5049,23.4620,
25,8,262144,2048,hyprefill,512/512/512,graph,96,23.4822,17.5853,23.5263,23.4822,
25,8,262144,2048,hyprefill,512/512/512,graph,97,23.9664,17.6490,24.0141,23.9664,
25,8,262144,2048,hyprefill,512/512/512,graph,98,24.4451,16.7934,24.4892,24.4451,
25,8,262144,2048,hyprefill,512/512/512,graph,99,24.3248,17.9235,24.3713,24.3248,
25,8,262144,2048,hyprefill,512/512/512,graph,100,23.9746,16.5188,24.0200,23.9746,
25,8,262144,2048,hyprefill,512/512/512,graph,101,24.1406,17.3744,24.1865,24.1406,
25,8,262144,2048,hyprefill,512/512/512,graph,102,24.1484,16.5188,24.1937,24.1484,
25,8,262144,2048,hyprefill,512/512/512,graph,103,24.3326,17.9235,24.3778,24.3326,
25,8,262144,2048,hyprefill,512/512/512,graph,104,22.8572,17.3107,22.9018,22.8572,
25,8,262144,2048,hyprefill,512/512/512,graph,105,24.1128,17.0998,24.1586,24.1128,
25,8,262144,2048,hyprefill,512/512/512,graph,106,24.1130,16.7934,24.1563,24.1130,
25,8,262144,2048,hyprefill,512/512/512,graph,107,24.0801,17.3744,24.1221,24.0801,
25,8,262144,2048,hyprefill,512/512/512,graph,108,23.7759,17.0679,23.8213,23.7759,
25,8,262144,2048,hyprefill,512/512/512,graph,109,24.3883,17.0998,24.4351,24.3883,
25,8,262144,2048,hyprefill,512/512/512,graph,110,23.6908,17.0679,23.7350,23.6908,
25,8,262144,2048,hyprefill,512/512/512,graph,111,24.0426,18.4409,24.0876,24.0426,
25,8,262144,2048,hyprefill,512/512/512,graph,112,23.5509,17.5853,23.5939,23.5509,
25,8,262144,2048,hyprefill,512/512/512,graph,113,24.2684,17.6490,24.3147,24.2684,
25,8,262144,2048,hyprefill,512/512/512,graph,114,24.3548,16.2442,24.3981,24.3548,
25,8,262144,2048,hyprefill,512/512/512,graph,115,24.1344,17.3744,24.1811,24.1344,
25,8,262144,2048,hyprefill,512/512/512,graph,116,24.2397,16.5188,24.2842,24.2397,
25,8,262144,2048,hyprefill,512/512/512,graph,117,23.8115,17.3744,23.8590,23.8115,
25,8,262144,2048,hyprefill,512/512/512,graph,118,24.3664,16.5188,24.4116,24.3664,
25,8,262144,2048,hyprefill,512/512/512,graph,119,24.1695,17.6490,24.2145,24.1695,
25,8,262144,2048,hyprefill,512/512/512,graph,120,24.5148,17.0679,24.5643,24.5148,
25,8,262144,2048,hyprefill,512/512/512,graph,121,23.7042,17.8917,23.7481,23.7042,
25,8,262144,2048,hyprefill,512/512/512,graph,122,24.0667,17.0679,24.1115,24.0667,
25,8,262144,2048,hyprefill,512/512/512,graph,123,23.8704,17.3744,23.9167,23.8704,
25,8,262144,2048,hyprefill,512/512/512,graph,124,24.3332,16.7934,24.3772,24.3332,
25,8,262144,2048,hyprefill,512/512/512,graph,125,24.0523,17.0998,24.1052,24.0523,
25,8,262144,2048,hyprefill,512/512/512,graph,126,24.5349,17.3425,24.5793,24.5349,
25,8,262144,2048,hyprefill,512/512/512,graph,127,24.3964,17.3744,24.4419,24.3964,
25,8,262144,2048,hyprefill,512/512/512,graph,128,24.1765,17.0679,24.2223,24.1765,
25,8,262144,2048,hyprefill,512/512/512,graph,129,24.2723,18.1663,24.3163,24.2723,
25,8,262144,2048,hyprefill,512/512/512,graph,130,24.2271,16.7934,24.2691,24.2271,
25,8,262144,2048,hyprefill,512/512/512,graph,131,24.1844,17.3744,24.2311,24.1844,
25,8,262144,2048,hyprefill,512/512/512,graph,132,24.1572,16.5188,24.2006,24.1572,
25,8,262144,2048,hyprefill,512/512/512,graph,133,24.0908,16.8252,24.1363,24.0908,
25,8,262144,2048,hyprefill,512/512/512,graph,134,23.6055,17.3425,23.6518,23.6055,
25,8,262144,2048,hyprefill,512/512/512,graph,135,24.0424,17.3425,24.0865,24.0424,
25,8,262144,2048,hyprefill,512/512/512,graph,136,23.5622,17.3425,23.6080,23.5622,
25,8,262144,2048,hyprefill,512/512/512,graph,137,24.3344,17.6171,24.3784,24.3344,
25,8,262144,2048,hyprefill,512/512/512,graph,138,23.9432,17.0679,23.9882,23.9432,
25,8,262144,2048,hyprefill,512/512/512,graph,139,24.2180,17.3744,24.2646,24.2180,
25,8,262144,2048,hyprefill,512/512/512,graph,140,24.2432,17.0679,24.2868,24.2432,
25,8,262144,2048,hyprefill,512/512/512,graph,141,24.1439,17.3744,24.1899,24.1439,
25,8,262144,2048,hyprefill,512/512/512,graph,142,24.2747,16.7934,24.3186,24.2747,
25,8,262144,2048,hyprefill,512/512/512,graph,143,23.8687,18.1663,23.9122,23.8687,
25,8,262144,2048,hyprefill,512/512/512,graph,144,24.0160,17.0679,24.0604,24.0160,
25,8,262144,2048,hyprefill,512/512/512,graph,145,23.5692,17.8917,23.6140,23.5692,
25,8,262144,2048,hyprefill,512/512/512,graph,146,24.3206,17.3425,24.3661,24.3206,
25,8,262144,2048,hyprefill,512/512/512,graph,147,23.8105,17.3744,23.8631,23.8105,
25,8,262144,2048,hyprefill,512/512/512,graph,148,24.0897,16.5188,24.1347,24.0897,
25,8,262144,2048,hyprefill,512/512/512,graph,149,23.6597,17.0998,23.7055,23.6597,
25,8,262144,2048,hyprefill,512/512/512,graph,150,24.1109,16.5188,24.1571,24.1109,
25,8,262144,2048,hyprefill,512/512/512,graph,151,24.0395,17.0998,24.0846,24.0395,
25,8,262144,2048,hyprefill,512/512/512,graph,152,24.1712,17.0679,24.2156,24.1712,
25,8,262144,2048,hyprefill,512/512/512,graph,153,23.8773,18.1663,23.9219,23.8773,
25,8,262144,2048,hyprefill,512/512/512,graph,154,23.9919,16.7934,24.0367,23.9919,
25,8,262144,2048,hyprefill,512/512/512,graph,155,24.1092,17.3744,24.1554,24.1092,
25,8,262144,2048,hyprefill,512/512/512,graph,156,22.8037,16.7615,22.8469,22.8037,
25,8,262144,2048,hyprefill,512/512/512,graph,157,24.2885,17.3744,24.3322,24.2885,
25,8,262144,2048,hyprefill,512/512/512,graph,158,24.0266,15.7268,24.0716,24.0266,
25,8,262144,2048,hyprefill,512/512/512,graph,159,24.2240,17.6490,24.2702,24.2240,
25,8,262144,2048,hyprefill,512/512/512,graph,160,24.2829,16.5188,24.3272,24.2829,
25,8,262144,2048,hyprefill,512/512/512,graph,161,24.4137,17.9235,24.4593,24.4137,
25,8,262144,2048,hyprefill,512/512/512,graph,162,24.0129,17.0679,24.0572,24.0129,
25,8,262144,2048,hyprefill,512/512/512,graph,163,23.6914,17.8917,23.7341,23.6914,
25,8,262144,2048,hyprefill,512/512/512,graph,164,23.9079,17.3425,23.9588,23.9079,
25,8,262144,2048,hyprefill,512/512/512,graph,165,23.9642,16.8252,24.0084,23.9642,
25,8,262144,2048,hyprefill,512/512/512,graph,166,24.3846,15.7268,24.4289,24.3846,
25,8,262144,2048,hyprefill,512/512/512,graph,167,24.2193,17.0998,24.2648,24.2193,
25,8,262144,2048,hyprefill,512/512/512,graph,168,24.0468,16.2442,24.0915,24.0468,
25,8,262144,2048,hyprefill,512/512/512,graph,169,23.9494,17.3744,23.9946,23.9494,
25,8,262144,2048,hyprefill,512/512/512,graph,170,22.6282,16.4869,22.6726,22.6282,
25,8,262144,2048,hyprefill,512/512/512,graph,171,24.1641,17.6490,24.2083,24.1641,
25,8,262144,2048,hyprefill,512/512/512,graph,172,22.6255,16.7615,22.6689,22.6255,
25,8,262144,2048,hyprefill,512/512/512,graph,173,23.9562,16.8252,23.9998,23.9562,
25,8,262144,2048,hyprefill,512/512/512,graph,174,24.4229,15.7268,24.4672,24.4229,
25,8,262144,2048,hyprefill,512/512/512,graph,175,23.9120,17.3744,23.9560,23.9120,
25,8,262144,2048,hyprefill,512/512/512,graph,176,23.6743,15.9696,23.7200,23.6743,
25,8,262144,2048,hyprefill,512/512/512,graph,177,23.9799,17.9235,24.0421,23.9799,
25,8,262144,2048,hyprefill,512/512/512,graph,178,22.9894,16.7615,23.0341,22.9894,
25,8,262144,2048,hyprefill,512/512/512,graph,179,23.9277,18.1981,23.9733,23.9277,
25,8,262144,2048,hyprefill,512/512/512,graph,180,23.2407,16.4869,23.2838,23.2407,
25,8,262144,2048,hyprefill,512/512/512,graph,181,24.0466,17.6490,24.0917,24.0466,
25,8,262144,2048,hyprefill,512/512/512,graph,182,24.3455,16.5188,24.3883,24.3455,
25,8,262144,2048,hyprefill,512/512/512,graph,183,24.2268,17.3744,24.2704,24.2268,
25,8,262144,2048,hyprefill,512/512/512,graph,184,24.1326,16.5188,24.1764,24.1326,
25,8,262144,2048,hyprefill,512/512/512,graph,185,24.0787,17.6490,24.1246,24.0787,
25,8,262144,2048,hyprefill,512/512/512,graph,186,22.9963,16.7615,23.0395,22.9963,
25,8,262144,2048,hyprefill,512/512/512,graph,187,24.2935,17.3744,24.3465,24.2935,
25,8,262144,2048,hyprefill,512/512/512,graph,188,24.1078,17.3425,24.1521,24.1078,
25,8,262144,2048,hyprefill,512/512/512,graph,189,24.2156,18.1663,24.2598,24.2156,
25,8,262144,2048,hyprefill,512/512/512,graph,190,23.8574,17.3425,23.9066,23.8574,
25,8,262144,2048,hyprefill,512/512/512,graph,191,24.1921,17.3744,24.2385,24.1921,
25,8,262144,2048,hyprefill,512/512/512,graph,192,23.8561,16.5188,23.9040,23.8561,
25,8,262144,2048,hyprefill,512/512/512,graph,193,23.9204,17.0998,23.9691,23.9204,
25,8,262144,2048,hyprefill,512/512/512,graph,194,24.3152,17.3425,24.3613,24.3152,
25,8,262144,2048,hyprefill,512/512/512,graph,195,24.1417,17.6490,24.1891,24.1417,
25,8,262144,2048,hyprefill,512/512/512,graph,196,24.3425,16.5188,24.3863,24.3425,
25,8,262144,2048,hyprefill,512/512/512,graph,197,23.7416,18.7155,23.7866,23.7416,
25,8,262144,2048,hyprefill,512/512/512,graph,198,24.3194,17.0679,24.3635,24.3194,
25,8,262144,2048,hyprefill,512/512/512,graph,199,24.2052,17.3744,24.2511,24.2052,
25,8,262144,2048,hyprefill,2048/2048/2048,graph,0,21.4704,15.0503,21.5221,21.4704,
25,8,262144,2048,hyprefill,2048/2048/2048,graph,1,21.4834,15.0503,21.5271,21.4834,
25,8,262144,2048,hyprefill,2048/2048/2048,graph,2,21.4956,15.0503,21.5391,21.4956,
25,8,262144,2048,hyprefill,2048/2048/2048,graph,3,21.5680,15.0503,21.6114,21.5680,
25,8,262144,2048,hyprefill,2048/2048/2048,graph,4,21.5506,15.0503,21.5950,21.5506,
25,8,262144,2048,hyprefill,2048/2048/2048,graph,5,21.6558,15.0503,21.7007,21.6558,
25,8,262144,2048,hyprefill,2048/2048/2048,graph,6,21.6596,15.0503,21.7043,21.6596,
25,8,262144,2048,hyprefill,2048/2048/2048,graph,7,21.7231,15.0503,21.7670,21.7231,
25,8,262144,2048,hyprefill,2048/2048/2048,graph,8,21.7291,15.0503,21.7736,21.7291,
25,8,262144,2048,hyprefill,2048/2048/2048,graph,9,21.7237,15.0503,21.7687,21.7237,
25,8,262144,2048,hyprefill,2048/2048/2048,graph,10,21.7337,15.0503,21.7775,21.7337,
25,8,262144,2048,hyprefill,2048/2048/2048,graph,11,21.7343,15.0503,21.7783,21.7343,
25,8,262144,2048,hyprefill,2048/2048/2048,graph,12,21.7649,15.0503,21.8095,21.7649,
25,8,262144,2048,hyprefill,2048/2048/2048,graph,13,21.6466,15.0503,21.6904,21.6466,
25,8,262144,2048,hyprefill,2048/2048/2048,graph,14,21.6704,15.0503,21.7183,21.6704,
25,8,262144,2048,hyprefill,2048/2048/2048,graph,15,21.5917,15.0503,21.6356,21.5917,
25,8,262144,2048,hyprefill,2048/2048/2048,graph,16,21.5563,15.0503,21.5989,21.5563,
25,8,262144,2048,hyprefill,2048/2048/2048,graph,17,21.5062,15.0503,21.5498,21.5062,
25,8,262144,2048,hyprefill,2048/2048/2048,graph,18,21.5142,15.0503,21.5582,21.5142,
25,8,262144,2048,hyprefill,2048/2048/2048,graph,19,21.4564,15.0503,21.5004,21.4564,
25,8,262144,2048,hyprefill,2048/2048/2048,graph,20,21.4658,15.0503,21.5090,21.4658,
25,8,262144,2048,hyprefill,2048/2048/2048,graph,21,21.4694,15.0503,21.5135,21.4694,
25,8,262144,2048,hyprefill,2048/2048/2048,graph,22,21.4773,15.0503,21.5204,21.4773,
25,8,262144,2048,hyprefill,2048/2048/2048,graph,23,21.5509,15.0503,21.5944,21.5509,
25,8,262144,2048,hyprefill,2048/2048/2048,graph,24,21.5488,15.0503,21.5926,21.5488,
25,8,262144,2048,hyprefill,2048/2048/2048,graph,25,21.5847,15.0503,21.6286,21.5847,
25,8,262144,2048,hyprefill,2048/2048/2048,graph,26,21.6361,15.0503,21.6815,21.6361,
25,8,262144,2048,hyprefill,2048/2048/2048,graph,27,21.6452,15.0503,21.6886,21.6452,
25,8,262144,2048,hyprefill,2048/2048/2048,graph,28,21.6563,15.0503,21.7001,21.6563,
25,8,262144,2048,hyprefill,2048/2048/2048,graph,29,21.7140,15.0503,21.7569,21.7140,
25,8,262144,2048,hyprefill,2048/2048/2048,graph,30,21.7263,15.0503,21.7700,21.7263,
25,8,262144,2048,hyprefill,2048/2048/2048,graph,31,21.7644,15.0503,21.8086,21.7644,
25,8,262144,2048,hyprefill,2048/2048/2048,graph,32,21.7953,15.0503,21.8483,21.7953,
25,8,262144,2048,hyprefill,2048/2048/2048,graph,33,21.8010,15.0503,21.8456,21.8010,
25,8,262144,2048,hyprefill,2048/2048/2048,graph,34,21.8263,15.0503,21.8709,21.8263,
25,8,262144,2048,hyprefill,2048/2048/2048,graph,35,21.8272,15.0503,21.8707,21.8272,
25,8,262144,2048,hyprefill,2048/2048/2048,graph,36,21.7887,15.0503,21.8331,21.7887,
25,8,262144,2048,hyprefill,2048/2048/2048,graph,37,21.8196,15.0503,21.8638,21.8196,
25,8,262144,2048,hyprefill,2048/2048/2048,graph,38,21.7736,15.0503,21.8181,21.7736,
25,8,262144,2048,hyprefill,2048/2048/2048,graph,39,21.7478,15.0503,21.7915,21.7478,
25,8,262144,2048,hyprefill,2048/2048/2048,graph,40,21.7434,15.0503,21.7925,21.7434,
25,8,262144,2048,hyprefill,2048/2048/2048,graph,41,21.6556,15.0503,21.7056,21.6556,
25,8,262144,2048,hyprefill,2048/2048/2048,graph,42,21.7085,15.0503,21.7491,21.7085,
25,8,262144,2048,hyprefill,2048/2048/2048,graph,43,21.6498,15.0503,21.6943,21.6498,
25,8,262144,2048,hyprefill,2048/2048/2048,graph,44,21.6170,15.0503,21.6617,21.6170,
25,8,262144,2048,hyprefill,2048/2048/2048,graph,45,21.5512,15.0503,21.5948,21.5512,
25,8,262144,2048,hyprefill,2048/2048/2048,graph,46,21.5636,15.0503,21.6078,21.5636,
25,8,262144,2048,hyprefill,2048/2048/2048,graph,47,21.5941,15.0503,21.6382,21.5941,
25,8,262144,2048,hyprefill,2048/2048/2048,graph,48,21.5371,15.0503,21.5811,21.5371,
25,8,262144,2048,hyprefill,2048/2048/2048,graph,49,21.6005,15.0503,21.6444,21.6005,
25,8,262144,2048,hyprefill,2048/2048/2048,graph,50,21.6188,15.0503,21.6628,21.6188,
25,8,262144,2048,hyprefill,2048/2048/2048,graph,51,21.6501,15.0503,21.6936,21.6501,
25,8,262144,2048,hyprefill,2048/2048/2048,graph,52,21.6129,15.0503,21.6565,21.6129,
25,8,262144,2048,hyprefill,2048/2048/2048,graph,53,21.6841,15.0503,21.7292,21.6841,
25,8,262144,2048,hyprefill,2048/2048/2048,graph,54,21.6716,15.0503,21.7221,21.6716,
25,8,262144,2048,hyprefill,2048/2048/2048,graph,55,21.6696,15.0503,21.7128,21.6696,
25,8,262144,2048,hyprefill,2048/2048/2048,graph,56,21.6534,15.0503,21.6964,21.6534,
25,8,262144,2048,hyprefill,2048/2048/2048,graph,57,21.5950,15.0503,21.6376,21.5950,
25,8,262144,2048,hyprefill,2048/2048/2048,graph,58,21.5694,15.0503,21.6128,21.5694,
25,8,262144,2048,hyprefill,2048/2048/2048,graph,59,21.5890,15.0503,21.6314,21.5890,
25,8,262144,2048,hyprefill,2048/2048/2048,graph,60,21.5602,15.0503,21.6025,21.5602,
25,8,262144,2048,hyprefill,2048/2048/2048,graph,61,21.5386,15.0503,21.5805,21.5386,
25,8,262144,2048,hyprefill,2048/2048/2048,graph,62,21.5141,15.0503,21.5568,21.5141,
25,8,262144,2048,hyprefill,2048/2048/2048,graph,63,21.4894,15.0503,21.5329,21.4894,
25,8,262144,2048,hyprefill,2048/2048/2048,graph,64,21.4958,15.0503,21.5393,21.4958,
25,8,262144,2048,hyprefill,2048/2048/2048,graph,65,21.5239,15.0503,21.5679,21.5239,
25,8,262144,2048,hyprefill,2048/2048/2048,graph,66,21.2233,14.7758,21.2770,21.2233,
25,8,262144,2048,hyprefill,2048/2048/2048,graph,67,20.8425,14.7758,20.8867,20.8425,
25,8,262144,2048,hyprefill,2048/2048/2048,graph,68,20.5648,14.5012,20.6087,20.5648,
25,8,262144,2048,hyprefill,2048/2048/2048,graph,69,20.2108,14.5012,20.2545,20.2108,
25,8,262144,2048,hyprefill,2048/2048/2048,graph,70,19.9451,14.2266,19.9882,19.9451,
25,8,262144,2048,hyprefill,2048/2048/2048,graph,71,23.3603,13.4346,23.4073,23.3603,
25,8,262144,2048,hyprefill,2048/2048/2048,graph,72,19.9558,14.2266,19.9983,19.9558,
25,8,262144,2048,hyprefill,2048/2048/2048,graph,73,19.8313,14.5012,19.8736,19.8313,
25,8,262144,2048,hyprefill,2048/2048/2048,graph,74,20.2908,14.5012,20.3349,20.2908,
25,8,262144,2048,hyprefill,2048/2048/2048,graph,75,20.4911,14.7758,20.5339,20.4911,
25,8,262144,2048,hyprefill,2048/2048/2048,graph,76,21.0096,14.7758,21.0528,21.0096,
25,8,262144,2048,hyprefill,2048/2048/2048,graph,77,21.2544,15.0503,21.2961,21.2544,
25,8,262144,2048,hyprefill,2048/2048/2048,graph,78,21.7659,15.0503,21.8086,21.7659,
25,8,262144,2048,hyprefill,2048/2048/2048,graph,79,21.7411,15.0503,21.7827,21.7411,
25,8,262144,2048,hyprefill,2048/2048/2048,graph,80,21.8034,15.0503,21.8458,21.8034,
25,8,262144,2048,hyprefill,2048/2048/2048,graph,81,21.7757,15.0503,21.8178,21.7757,
25,8,262144,2048,hyprefill,2048/2048/2048,graph,82,21.8200,15.0503,21.8626,21.8200,
25,8,262144,2048,hyprefill,2048/2048/2048,graph,83,21.7983,15.0503,21.8411,21.7983,
25,8,262144,2048,hyprefill,2048/2048/2048,graph,84,21.7854,15.0503,21.8286,21.7854,
25,8,262144,2048,hyprefill,2048/2048/2048,graph,85,21.7218,15.0503,21.7645,21.7218,
25,8,262144,2048,hyprefill,2048/2048/2048,graph,86,21.6038,15.0503,21.6479,21.6038,
25,8,262144,2048,hyprefill,2048/2048/2048,graph,87,21.6455,15.0503,21.6881,21.6455,
25,8,262144,2048,hyprefill,2048/2048/2048,graph,88,21.5730,15.0503,21.6150,21.5730,
25,8,262144,2048,hyprefill,2048/2048/2048,graph,89,21.5836,15.0503,21.6261,21.5836,
25,8,262144,2048,hyprefill,2048/2048/2048,graph,90,21.4997,15.0503,21.5427,21.4997,
25,8,262144,2048,hyprefill,2048/2048/2048,graph,91,21.5020,15.0503,21.5643,21.5020,
25,8,262144,2048,hyprefill,2048/2048/2048,graph,92,21.4340,15.0503,21.4777,21.4340,
25,8,262144,2048,hyprefill,2048/2048/2048,graph,93,21.4565,15.0503,21.4999,21.4565,
25,8,262144,2048,hyprefill,2048/2048/2048,graph,94,21.4643,15.0503,21.5084,21.4643,
25,8,262144,2048,hyprefill,2048/2048/2048,graph,95,21.5016,15.0503,21.5459,21.5016,
25,8,262144,2048,hyprefill,2048/2048/2048,graph,96,21.5434,15.0503,21.5880,21.5434,
25,8,262144,2048,hyprefill,2048/2048/2048,graph,97,21.4924,15.0503,21.5363,21.4924,
25,8,262144,2048,hyprefill,2048/2048/2048,graph,98,21.5735,15.0503,21.6220,21.5735,
25,8,262144,2048,hyprefill,2048/2048/2048,graph,99,21.5719,15.0503,21.6148,21.5719,
25,8,262144,2048,hyprefill,2048/2048/2048,graph,100,21.6249,15.0503,21.6680,21.6249,
25,8,262144,2048,hyprefill,2048/2048/2048,graph,101,21.6542,15.0503,21.6998,21.6542,
25,8,262144,2048,hyprefill,2048/2048/2048,graph,102,21.7214,15.0503,21.7719,21.7214,
25,8,262144,2048,hyprefill,2048/2048/2048,graph,103,21.7278,15.0503,21.7732,21.7278,
25,8,262144,2048,hyprefill,2048/2048/2048,graph,104,21.7116,15.0503,21.7568,21.7116,
25,8,262144,2048,hyprefill,2048/2048/2048,graph,105,21.7233,15.0503,21.7689,21.7233,
25,8,262144,2048,hyprefill,2048/2048/2048,graph,106,21.7642,15.0503,21.8115,21.7642,
25,8,262144,2048,hyprefill,2048/2048/2048,graph,107,21.7545,15.0503,21.7972,21.7545,
25,8,262144,2048,hyprefill,2048/2048/2048,graph,108,21.6591,15.0503,21.7054,21.6591,
25,8,262144,2048,hyprefill,2048/2048/2048,graph,109,21.6651,15.0503,21.7129,21.6651,
25,8,262144,2048,hyprefill,2048/2048/2048,graph,110,21.6035,15.0503,21.6493,21.6035,
25,8,262144,2048,hyprefill,2048/2048/2048,graph,111,21.5878,15.0503,21.6344,21.5878,
25,8,262144,2048,hyprefill,2048/2048/2048,graph,112,21.5107,15.0503,21.5563,21.5107,
25,8,262144,2048,hyprefill,2048/2048/2048,graph,113,21.5270,15.0503,21.5783,21.5270,
25,8,262144,2048,hyprefill,2048/2048/2048,graph,114,21.4570,15.0503,21.5020,21.4570,
25,8,262144,2048,hyprefill,2048/2048/2048,graph,115,21.4673,15.0503,21.5123,21.4673,
25,8,262144,2048,hyprefill,2048/2048/2048,graph,116,21.4822,15.0503,21.5263,21.4822,
25,8,262144,2048,hyprefill,2048/2048/2048,graph,117,21.4907,15.0503,21.5364,21.4907,
25,8,262144,2048,hyprefill,2048/2048/2048,graph,118,21.5623,15.0503,21.6070,21.5623,
25,8,262144,2048,hyprefill,2048/2048/2048,graph,119,21.5257,15.0503,21.5707,21.5257,
25,8,262144,2048,hyprefill,2048/2048/2048,graph,120,21.5974,15.0503,21.6499,21.5974,
25,8,262144,2048,hyprefill,2048/2048/2048,graph,121,21.6197,15.0503,21.6641,21.6197,
25,8,262144,2048,hyprefill,2048/2048/2048,graph,122,21.6419,15.0503,21.6869,21.6419,
25,8,262144,2048,hyprefill,2048/2048/2048,graph,123,21.6419,15.0503,21.6861,21.6419,
25,8,262144,2048,hyprefill,2048/2048/2048,graph,124,21.7057,15.0503,21.7508,21.7057,
25,8,262144,2048,hyprefill,2048/2048/2048,graph,125,21.7320,15.0503,21.7793,21.7320,
25,8,262144,2048,hyprefill,2048/2048/2048,graph,126,21.7679,15.0503,21.8129,21.7679,
25,8,262144,2048,hyprefill,2048/2048/2048,graph,127,21.7809,15.0503,21.8264,21.7809,
25,8,262144,2048,hyprefill,2048/2048/2048,graph,128,21.8160,15.0503,21.8611,21.8160,
25,8,262144,2048,hyprefill,2048/2048/2048,graph,129,21.7828,15.0503,21.8345,21.7828,
25,8,262144,2048,hyprefill,2048/2048/2048,graph,130,21.8063,15.0503,21.8502,21.8063,
25,8,262144,2048,hyprefill,2048/2048/2048,graph,131,21.8027,15.0503,21.8473,21.8027,
25,8,262144,2048,hyprefill,2048/2048/2048,graph,132,21.8131,15.0503,21.8573,21.8131,
25,8,262144,2048,hyprefill,2048/2048/2048,graph,133,21.8165,15.0503,21.8595,21.8165,
25,8,262144,2048,hyprefill,2048/2048/2048,graph,134,21.7314,15.0503,21.7750,21.7314,
25,8,262144,2048,hyprefill,2048/2048/2048,graph,135,21.7419,15.0503,21.7850,21.7419,
25,8,262144,2048,hyprefill,2048/2048/2048,graph,136,21.6622,15.0503,21.7057,21.6622,
25,8,262144,2048,hyprefill,2048/2048/2048,graph,137,21.6933,15.0503,21.7370,21.6933,
25,8,262144,2048,hyprefill,2048/2048/2048,graph,138,21.6448,15.0503,21.6879,21.6448,
25,8,262144,2048,hyprefill,2048/2048/2048,graph,139,21.6205,15.0503,21.6642,21.6205,
25,8,262144,2048,hyprefill,2048/2048/2048,graph,140,21.5388,15.0503,21.5830,21.5388,
25,8,262144,2048,hyprefill,2048/2048/2048,graph,141,21.5511,15.0503,21.5936,21.5511,
25,8,262144,2048,hyprefill,2048/2048/2048,graph,142,21.5804,15.0503,21.6241,21.5804,
25,8,262144,2048,hyprefill,2048/2048/2048,graph,143,21.5764,15.0503,21.6190,21.5764,
25,8,262144,2048,hyprefill,2048/2048/2048,graph,144,21.5951,15.0503,21.6388,21.5951,
25,8,262144,2048,hyprefill,2048/2048/2048,graph,145,21.5856,15.0503,21.6284,21.5856,
25,8,262144,2048,hyprefill,2048/2048/2048,graph,146,21.6415,15.0503,21.6842,21.6415,
25,8,262144,2048,hyprefill,2048/2048/2048,graph,147,21.6452,15.0503,21.6888,21.6452,
25,8,262144,2048,hyprefill,2048/2048/2048,graph,148,21.6574,15.0503,21.6991,21.6574,
25,8,262144,2048,hyprefill,2048/2048/2048,graph,149,21.6704,15.0503,21.7132,21.6704,
25,8,262144,2048,hyprefill,2048/2048/2048,graph,150,21.6633,15.0503,21.7071,21.6633,
25,8,262144,2048,hyprefill,2048/2048/2048,graph,151,21.6714,15.0503,21.7142,21.6714,
25,8,262144,2048,hyprefill,2048/2048/2048,graph,152,21.5860,15.0503,21.6291,21.5860,
25,8,262144,2048,hyprefill,2048/2048/2048,graph,153,21.6198,15.0503,21.6619,21.6198,
25,8,262144,2048,hyprefill,2048/2048/2048,graph,154,21.5264,15.0503,21.5687,21.5264,
25,8,262144,2048,hyprefill,2048/2048/2048,graph,155,21.5344,15.0503,21.5775,21.5344,
25,8,262144,2048,hyprefill,2048/2048/2048,graph,156,21.5104,15.0503,21.5540,21.5104,
25,8,262144,2048,hyprefill,2048/2048/2048,graph,157,21.5218,15.0503,21.5643,21.5218,
25,8,262144,2048,hyprefill,2048/2048/2048,graph,158,21.5059,15.0503,21.5490,21.5059,
25,8,262144,2048,hyprefill,2048/2048/2048,graph,159,21.4693,15.0503,21.5116,21.4693,
25,8,262144,2048,hyprefill,2048/2048/2048,graph,160,21.4890,15.0503,21.5314,21.4890,
25,8,262144,2048,hyprefill,2048/2048/2048,graph,161,21.2424,14.7758,21.2855,21.2424,
25,8,262144,2048,hyprefill,2048/2048/2048,graph,162,20.8171,14.7758,20.8597,20.8171,
25,8,262144,2048,hyprefill,2048/2048/2048,graph,163,20.5781,14.5012,20.6206,20.5781,
25,8,262144,2048,hyprefill,2048/2048/2048,graph,164,20.1762,14.5012,20.2188,20.1762,
25,8,262144,2048,hyprefill,2048/2048/2048,graph,165,19.9463,14.2266,19.9883,19.9463,
25,8,262144,2048,hyprefill,2048/2048/2048,graph,166,23.3542,13.4346,23.3995,23.3542,
25,8,262144,2048,hyprefill,2048/2048/2048,graph,167,20.0111,14.2266,20.0526,20.0111,
25,8,262144,2048,hyprefill,2048/2048/2048,graph,168,19.8404,14.5012,19.8824,19.8404,
25,8,262144,2048,hyprefill,2048/2048/2048,graph,169,20.2835,14.5012,20.3273,20.2835,
25,8,262144,2048,hyprefill,2048/2048/2048,graph,170,20.5044,14.7758,20.5460,20.5044,
25,8,262144,2048,hyprefill,2048/2048/2048,graph,171,20.9540,14.7758,20.9964,20.9540,
25,8,262144,2048,hyprefill,2048/2048/2048,graph,172,21.2300,15.0503,21.2695,21.2300,
25,8,262144,2048,hyprefill,2048/2048/2048,graph,173,21.7168,15.0503,21.7587,21.7168,
25,8,262144,2048,hyprefill,2048/2048/2048,graph,174,21.7515,15.0503,21.7930,21.7515,
25,8,262144,2048,hyprefill,2048/2048/2048,graph,175,21.7975,15.0503,21.8413,21.7975,
25,8,262144,2048,hyprefill,2048/2048/2048,graph,176,21.7986,15.0503,21.8407,21.7986,
25,8,262144,2048,hyprefill,2048/2048/2048,graph,177,21.8047,15.0503,21.8476,21.8047,
25,8,262144,2048,hyprefill,2048/2048/2048,graph,178,21.8198,15.0503,21.8622,21.8198,
25,8,262144,2048,hyprefill,2048/2048/2048,graph,179,21.7319,15.0503,21.7743,21.7319,
25,8,262144,2048,hyprefill,2048/2048/2048,graph,180,21.7356,15.0503,21.7800,21.7356,
25,8,262144,2048,hyprefill,2048/2048/2048,graph,181,21.6512,15.0503,21.6943,21.6512,
25,8,262144,2048,hyprefill,2048/2048/2048,graph,182,21.6388,15.0503,21.6859,21.6388,
25,8,262144,2048,hyprefill,2048/2048/2048,graph,183,21.5729,15.0503,21.6160,21.5729,
25,8,262144,2048,hyprefill,2048/2048/2048,graph,184,21.5555,15.0503,21.5986,21.5555,
25,8,262144,2048,hyprefill,2048/2048/2048,graph,185,21.4745,15.0503,21.5169,21.4745,
25,8,262144,2048,hyprefill,2048/2048/2048,graph,186,21.4922,15.0503,21.5367,21.4922,
25,8,262144,2048,hyprefill,2048/2048/2048,graph,187,21.4423,15.0503,21.4860,21.4423,
25,8,262144,2048,hyprefill,2048/2048/2048,graph,188,21.4639,15.0503,21.5077,21.4639,
25,8,262144,2048,hyprefill,2048/2048/2048,graph,189,21.4964,15.0503,21.5403,21.4964,
25,8,262144,2048,hyprefill,2048/2048/2048,graph,190,21.4721,15.0503,21.5160,21.4721,
25,8,262144,2048,hyprefill,2048/2048/2048,graph,191,21.5210,15.0503,21.5655,21.5210,
25,8,262144,2048,hyprefill,2048/2048/2048,graph,192,21.5167,15.0503,21.5601,21.5167,
25,8,262144,2048,hyprefill,2048/2048/2048,graph,193,21.5732,15.0503,21.6162,21.5732,
25,8,262144,2048,hyprefill,2048/2048/2048,graph,194,21.5356,15.0503,21.5824,21.5356,
25,8,262144,2048,hyprefill,2048/2048/2048,graph,195,21.6617,15.0503,21.7448,21.6617,
25,8,262144,2048,hyprefill,2048/2048/2048,graph,196,21.6461,15.0503,21.6971,21.6461,
25,8,262144,2048,hyprefill,2048/2048/2048,graph,197,21.7024,15.0503,21.7492,21.7024,
25,8,262144,2048,hyprefill,2048/2048/2048,graph,198,21.7126,15.0503,21.7583,21.7126,
25,8,262144,2048,hyprefill,2048/2048/2048,graph,199,21.7091,15.0503,21.7539,21.7091,
25,8,262144,2048,hyprefill,256/256/256,graph,0,23.8155,19.3601,23.8642,23.8155,
25,8,262144,2048,hyprefill,256/256/256,graph,1,23.7290,19.9093,23.7743,23.7290,
25,8,262144,2048,hyprefill,256/256/256,graph,2,23.5733,19.6347,23.6187,23.5733,
25,8,262144,2048,hyprefill,256/256/256,graph,3,23.6503,19.1174,23.6966,23.6503,
25,8,262144,2048,hyprefill,256/256/256,graph,4,22.1915,19.2965,22.2364,22.1915,
25,8,262144,2048,hyprefill,256/256/256,graph,5,23.9572,19.1174,24.0015,23.9572,
25,8,262144,2048,hyprefill,256/256/256,graph,6,23.9932,18.5682,24.0377,23.9932,
25,8,262144,2048,hyprefill,256/256/256,graph,7,23.4345,19.6347,23.4787,23.4345,
25,8,262144,2048,hyprefill,256/256/256,graph,8,23.4762,19.0856,23.5203,23.4762,
25,8,262144,2048,hyprefill,256/256/256,graph,9,22.6745,19.8775,22.7191,22.6745,
25,8,262144,2048,hyprefill,256/256/256,graph,10,23.6501,19.3601,23.6951,23.6501,
25,8,262144,2048,hyprefill,256/256/256,graph,11,23.4915,19.6347,23.5364,23.4915,
25,8,262144,2048,hyprefill,256/256/256,graph,12,22.7084,20.1203,22.7536,22.7084,
25,8,262144,2048,hyprefill,256/256/256,graph,13,24.0126,19.1174,24.0583,24.0126,
25,8,262144,2048,hyprefill,256/256/256,graph,14,23.7180,18.8428,23.7629,23.7180,
25,8,262144,2048,hyprefill,256/256/256,graph,15,23.5745,19.0856,23.6177,23.5745,
25,8,262144,2048,hyprefill,256/256/256,graph,16,23.4899,18.8428,23.5363,23.4899,
25,8,262144,2048,hyprefill,256/256/256,graph,17,22.2363,19.8457,22.2803,22.2363,
25,8,262144,2048,hyprefill,256/256/256,graph,18,23.3711,19.6347,23.4168,23.3711,
25,8,262144,2048,hyprefill,256/256/256,graph,19,23.9448,19.3601,23.9895,23.9448,
25,8,262144,2048,hyprefill,256/256/256,graph,20,22.8804,19.8775,22.9270,22.8804,
25,8,262144,2048,hyprefill,256/256/256,graph,21,23.7852,18.5682,23.8290,23.7852,
25,8,262144,2048,hyprefill,256/256/256,graph,22,23.8265,18.8428,23.8706,23.8265,
25,8,262144,2048,hyprefill,256/256/256,graph,23,23.4684,19.3601,23.5152,23.4684,
25,8,262144,2048,hyprefill,256/256/256,graph,24,23.9273,18.8428,23.9719,23.9273,
25,8,262144,2048,hyprefill,256/256/256,graph,25,21.9720,20.1203,22.0184,21.9720,
25,8,262144,2048,hyprefill,256/256/256,graph,26,22.8908,19.6029,22.9349,22.8908,
25,8,262144,2048,hyprefill,256/256/256,graph,27,23.8567,19.3920,23.9010,23.8567,
25,8,262144,2048,hyprefill,256/256/256,graph,28,22.9951,19.6029,23.0402,22.9951,
25,8,262144,2048,hyprefill,256/256/256,graph,29,23.8515,18.8428,23.8978,23.8515,
25,8,262144,2048,hyprefill,256/256/256,graph,30,23.8533,19.1174,23.8987,23.8533,
25,8,262144,2048,hyprefill,256/256/256,graph,31,23.8408,18.8428,23.8859,23.8408,
25,8,262144,2048,hyprefill,256/256/256,graph,32,23.2668,19.3601,23.3138,23.2668,
25,8,262144,2048,hyprefill,256/256/256,graph,33,21.2772,19.8138,21.3234,21.2772,
25,8,262144,2048,hyprefill,256/256/256,graph,34,23.5065,19.3601,23.5524,23.5065,
25,8,262144,2048,hyprefill,256/256/256,graph,35,23.4194,19.0856,23.4648,23.4194,
25,8,262144,2048,hyprefill,256/256/256,graph,36,22.2151,19.8457,22.2614,22.2151,
25,8,262144,2048,hyprefill,256/256/256,graph,37,23.7510,18.8428,23.7968,23.7510,
25,8,262144,2048,hyprefill,256/256/256,graph,38,23.9729,18.8428,24.0185,23.9729,
25,8,262144,2048,hyprefill,256/256/256,graph,39,23.5914,18.2936,23.6373,23.5914,
25,8,262144,2048,hyprefill,256/256/256,graph,40,23.0155,19.0856,23.0685,23.0155,
25,8,262144,2048,hyprefill,256/256/256,graph,41,21.1886,19.8138,21.2360,21.1886,
25,8,262144,2048,hyprefill,256/256/256,graph,42,23.1568,19.3601,23.1994,23.1568,
25,8,262144,2048,hyprefill,256/256/256,graph,43,22.8628,19.6029,22.9087,22.8628,
25,8,262144,2048,hyprefill,256/256/256,graph,44,22.7941,19.8775,22.8415,22.7941,
25,8,262144,2048,hyprefill,256/256/256,graph,45,24.2353,19.1174,24.2822,24.2353,
25,8,262144,2048,hyprefill,256/256/256,graph,46,23.6566,19.1174,23.7021,23.6566,
25,8,262144,2048,hyprefill,256/256/256,graph,47,23.8260,18.2936,23.8706,23.8260,
25,8,262144,2048,hyprefill,256/256/256,graph,48,23.0996,19.0856,23.1463,23.0996,
25,8,262144,2048,hyprefill,256/256/256,graph,49,21.7820,19.2965,21.8291,21.7820,
25,8,262144,2048,hyprefill,256/256/256,graph,50,23.4751,19.1174,23.5218,23.4751,
25,8,262144,2048,hyprefill,256/256/256,graph,51,21.8093,19.2965,21.8558,21.8093,
25,8,262144,2048,hyprefill,256/256/256,graph,52,21.8845,20.1203,21.9296,21.8845,
25,8,262144,2048,hyprefill,256/256/256,graph,53,23.5058,18.2936,23.5509,23.5058,
25,8,262144,2048,hyprefill,256/256/256,graph,54,23.5714,19.3601,23.6208,23.5714,
25,8,262144,2048,hyprefill,256/256/256,graph,55,23.8388,18.5682,23.8837,23.8388,
25,8,262144,2048,hyprefill,256/256/256,graph,56,23.3233,19.0856,23.3682,23.3233,
25,8,262144,2048,hyprefill,256/256/256,graph,57,22.1141,19.8457,22.1617,22.1141,
25,8,262144,2048,hyprefill,256/256/256,graph,58,23.6275,18.5682,23.6724,23.6275,
25,8,262144,2048,hyprefill,256/256/256,graph,59,22.7792,19.3283,22.8244,22.7792,
25,8,262144,2048,hyprefill,256/256/256,graph,60,21.8428,19.8457,21.8924,21.8428,
25,8,262144,2048,hyprefill,256/256/256,graph,61,23.6531,19.3601,23.6976,23.6531,
25,8,262144,2048,hyprefill,256/256/256,graph,62,24.0305,19.1174,24.0761,24.0305,
25,8,262144,2048,hyprefill,256/256/256,graph,63,23.8175,18.2936,23.8618,23.8175,
25,8,262144,2048,hyprefill,256/256/256,graph,64,23.2176,19.6347,23.2631,23.2176,
25,8,262144,2048,hyprefill,256/256/256,graph,65,22.2107,19.8457,22.2549,22.2107,
25,8,262144,2048,hyprefill,256/256/256,graph,66,23.7445,19.3920,23.7904,23.7445,
25,8,262144,2048,hyprefill,256/256/256,graph,67,23.4594,18.8110,23.5036,23.4594,
25,8,262144,2048,hyprefill,256/256/256,graph,68,22.1872,20.6694,22.2319,22.1872,
25,8,262144,2048,hyprefill,256/256/256,graph,69,23.4021,19.3283,23.4511,23.4021,
25,8,262144,2048,hyprefill,256/256/256,graph,70,23.7714,19.3920,23.8208,23.7714,
25,8,262144,2048,hyprefill,256/256/256,graph,71,23.6483,17.7444,23.6954,23.6483,
25,8,262144,2048,hyprefill,256/256/256,graph,72,23.6917,19.6666,23.7381,23.6917,
25,8,262144,2048,hyprefill,256/256/256,graph,73,22.5560,19.0219,22.6014,22.5560,
25,8,262144,2048,hyprefill,256/256/256,graph,74,23.2972,19.6666,23.3434,23.2972,
25,8,262144,2048,hyprefill,256/256/256,graph,75,23.0415,18.7791,23.0867,23.0415,
25,8,262144,2048,hyprefill,256/256/256,graph,76,22.4189,20.4267,22.4654,22.4189,
25,8,262144,2048,hyprefill,256/256/256,graph,77,23.9659,18.8110,24.0112,23.9659,
25,8,262144,2048,hyprefill,256/256/256,graph,78,23.8316,19.6666,23.8773,23.8316,
25,8,262144,2048,hyprefill,256/256/256,graph,79,23.7640,18.8110,23.8090,23.7640,
25,8,262144,2048,hyprefill,256/256/256,graph,80,23.9260,19.6666,23.9716,23.9260,
25,8,262144,2048,hyprefill,256/256/256,graph,81,22.7275,18.7791,22.7721,22.7275,
25,8,262144,2048,hyprefill,256/256/256,graph,82,23.7774,19.9412,23.8247,23.7774,
25,8,262144,2048,hyprefill,256/256/256,graph,83,22.4578,19.0219,22.5038,22.4578,
25,8,262144,2048,hyprefill,256/256/256,graph,84,23.6179,20.4585,23.6635,23.6179,
25,8,262144,2048,hyprefill,256/256/256,graph,85,23.3896,19.3283,23.4346,23.3896,
25,8,262144,2048,hyprefill,256/256/256,graph,86,23.7579,19.6666,23.8034,23.7579,
25,8,262144,2048,hyprefill,256/256/256,graph,87,23.8583,18.8110,23.9035,23.8583,
25,8,262144,2048,hyprefill,256/256/256,graph,88,23.4995,19.9412,23.5457,23.4995,
25,8,262144,2048,hyprefill,256/256/256,graph,89,23.6706,18.8110,23.7207,23.6706,
25,8,262144,2048,hyprefill,256/256/256,graph,90,23.6573,19.6666,23.7039,23.6573,
25,8,262144,2048,hyprefill,256/256/256,graph,91,23.0793,19.0537,23.1242,23.0793,
25,8,262144,2048,hyprefill,256/256/256,graph,92,23.9144,19.9412,23.9597,23.9144,
25,8,262144,2048,hyprefill,256/256/256,graph,93,23.1779,19.0537,23.2223,23.1779,
25,8,262144,2048,hyprefill,256/256/256,graph,94,23.7075,20.7331,23.7532,23.7075,
25,8,262144,2048,hyprefill,256/256/256,graph,95,23.4922,19.0537,23.5410,23.4922,
25,8,262144,2048,hyprefill,256/256/256,graph,96,23.9372,20.2157,23.9901,23.9372,
25,8,262144,2048,hyprefill,256/256/256,graph,97,23.8360,18.2618,23.8881,23.8360,
25,8,262144,2048,hyprefill,256/256/256,graph,98,23.4749,19.6666,23.5225,23.4749,
25,8,262144,2048,hyprefill,256/256/256,graph,99,23.1432,18.7791,23.1916,23.1432,
25,8,262144,2048,hyprefill,256/256/256,graph,100,23.7720,19.6666,23.8184,23.7720,
25,8,262144,2048,hyprefill,256/256/256,graph,101,23.1245,19.0537,23.1704,23.1245,
25,8,262144,2048,hyprefill,256/256/256,graph,102,23.2342,20.4585,23.2792,23.2342,
25,8,262144,2048,hyprefill,256/256/256,graph,103,23.5940,19.6029,23.6395,23.5940,
25,8,262144,2048,hyprefill,256/256/256,graph,104,23.8352,19.1174,23.8807,23.8352,
25,8,262144,2048,hyprefill,256/256/256,graph,105,23.8063,18.5682,23.8547,23.8063,
25,8,262144,2048,hyprefill,256/256/256,graph,106,23.6412,19.3601,23.6879,23.6412,
25,8,262144,2048,hyprefill,256/256/256,graph,107,23.5528,19.6347,23.5954,23.5528,
25,8,262144,2048,hyprefill,256/256/256,graph,108,23.9864,19.1174,24.0316,23.9864,
25,8,262144,2048,hyprefill,256/256/256,graph,109,23.0839,19.6029,23.1292,23.0839,
25,8,262144,2048,hyprefill,256/256/256,graph,110,23.8331,20.1839,23.8807,23.8331,
25,8,262144,2048,hyprefill,256/256/256,graph,111,23.3082,19.8775,23.3617,23.3082,
25,8,262144,2048,hyprefill,256/256/256,graph,112,24.0019,19.1174,24.0539,24.0019,
25,8,262144,2048,hyprefill,256/256/256,graph,113,23.7996,18.5682,23.8468,23.7996,
25,8,262144,2048,hyprefill,256/256/256,graph,114,23.6177,19.3920,23.6666,23.6177,
25,8,262144,2048,hyprefill,256/256/256,graph,115,23.2797,19.0537,23.3265,23.2797,
25,8,262144,2048,hyprefill,256/256/256,graph,116,23.6156,20.2157,23.6628,23.6156,
25,8,262144,2048,hyprefill,256/256/256,graph,117,23.5455,18.7791,23.5910,23.5455,
25,8,262144,2048,hyprefill,256/256/256,graph,118,23.3463,20.7331,23.3943,23.3463,
25,8,262144,2048,hyprefill,256/256/256,graph,119,23.6325,18.7791,23.6774,23.6325,
25,8,262144,2048,hyprefill,256/256/256,graph,120,23.7121,20.4903,23.7594,23.7121,
25,8,262144,2048,hyprefill,256/256/256,graph,121,23.8564,17.9872,23.9024,23.8564,
25,8,262144,2048,hyprefill,256/256/256,graph,122,23.8556,20.2157,23.9007,23.8556,
25,8,262144,2048,hyprefill,256/256/256,graph,123,23.2066,18.7791,23.2523,23.2066,
25,8,262144,2048,hyprefill,256/256/256,graph,124,23.7479,19.9412,23.7961,23.7479,
25,8,262144,2048,hyprefill,256/256/256,graph,125,23.2240,19.3283,23.2721,23.2240,
25,8,262144,2048,hyprefill,256/256/256,graph,126,23.7091,20.7331,23.7559,23.7091,
25,8,262144,2048,hyprefill,256/256/256,graph,127,23.5417,19.3283,23.5877,23.5417,
25,8,262144,2048,hyprefill,256/256/256,graph,128,23.7068,19.6666,23.7519,23.7068,
25,8,262144,2048,hyprefill,256/256/256,graph,129,23.9741,18.0190,24.0211,23.9741,
25,8,262144,2048,hyprefill,256/256/256,graph,130,23.4553,20.4585,23.5007,23.4553,
25,8,262144,2048,hyprefill,256/256/256,graph,131,23.7148,19.0856,23.7619,23.7148,
25,8,262144,2048,hyprefill,256/256/256,graph,132,23.9348,19.3920,23.9873,23.9348,
25,8,262144,2048,hyprefill,256/256/256,graph,133,23.1501,19.0537,23.2031,23.1501,
25,8,262144,2048,hyprefill,256/256/256,graph,134,23.8708,19.6666,23.9266,23.8708,
25,8,262144,2048,hyprefill,256/256/256,graph,135,22.9663,19.0537,23.0156,22.9663,
25,8,262144,2048,hyprefill,256/256/256,graph,136,23.8971,19.3920,23.9436,23.8971,
25,8,262144,2048,hyprefill,256/256/256,graph,137,23.4449,19.0856,23.4899,23.4449,
25,8,262144,2048,hyprefill,256/256/256,graph,138,23.5523,19.9093,23.5979,23.5523,
25,8,262144,2048,hyprefill,256/256/256,graph,139,23.6912,18.8110,23.7359,23.6912,
25,8,262144,2048,hyprefill,256/256/256,graph,140,23.5023,19.9093,23.5489,23.5023,
25,8,262144,2048,hyprefill,256/256/256,graph,141,23.3142,19.6029,23.3602,23.3142,
25,8,262144,2048,hyprefill,256/256/256,graph,142,23.6820,19.6666,23.7294,23.6820,
25,8,262144,2048,hyprefill,256/256/256,graph,143,23.9184,18.8110,23.9781,23.9184,
25,8,262144,2048,hyprefill,256/256/256,graph,144,23.7307,19.6666,23.7764,23.7307,
25,8,262144,2048,hyprefill,256/256/256,graph,145,23.3948,19.3283,23.4405,23.3948,
25,8,262144,2048,hyprefill,256/256/256,graph,146,23.4291,20.1839,23.4751,23.4291,
25,8,262144,2048,hyprefill,256/256/256,graph,147,23.8182,18.8110,23.8632,23.8182,
25,8,262144,2048,hyprefill,256/256/256,graph,148,23.8763,20.2157,23.9220,23.8763,
25,8,262144,2048,hyprefill,256/256/256,graph,149,23.2722,18.7791,23.3163,23.2722,
25,8,262144,2048,hyprefill,256/256/256,graph,150,23.9963,20.2157,24.0437,23.9963,
25,8,262144,2048,hyprefill,256/256/256,graph,151,23.6117,19.0856,23.6557,23.6117,
25,8,262144,2048,hyprefill,256/256/256,graph,152,23.7233,19.9412,23.7698,23.7233,
25,8,262144,2048,hyprefill,256/256/256,graph,153,23.1473,19.0537,23.1919,23.1473,
25,8,262144,2048,hyprefill,256/256/256,graph,154,23.5740,19.9093,23.6182,23.5740,
25,8,262144,2048,hyprefill,256/256/256,graph,155,23.6124,19.0856,23.6581,23.6124,
25,8,262144,2048,hyprefill,256/256/256,graph,156,23.5367,19.1174,23.5813,23.5367,
25,8,262144,2048,hyprefill,256/256/256,graph,157,23.1838,19.6029,23.2332,23.1838,
25,8,262144,2048,hyprefill,256/256/256,graph,158,23.9996,19.9093,24.0461,23.9996,
25,8,262144,2048,hyprefill,256/256/256,graph,159,23.8102,18.5682,23.8626,23.8102,
25,8,262144,2048,hyprefill,256/256/256,graph,160,23.8848,19.3920,23.9374,23.8848,
25,8,262144,2048,hyprefill,256/256/256,graph,161,22.5170,19.8457,22.5667,22.5170,
25,8,262144,2048,hyprefill,256/256/256,graph,162,23.8764,20.1839,23.9280,23.8764,
25,8,262144,2048,hyprefill,256/256/256,graph,163,23.5320,19.3601,23.5800,23.5320,
25,8,262144,2048,hyprefill,256/256/256,graph,164,23.6196,19.3920,23.6671,23.6196,
25,8,262144,2048,hyprefill,256/256/256,graph,165,23.5099,19.0537,23.5551,23.5099,
25,8,262144,2048,hyprefill,256/256/256,graph,166,23.8252,19.9412,23.8727,23.8252,
25,8,262144,2048,hyprefill,256/256/256,graph,167,23.7621,18.0190,23.8076,23.7621,
25,8,262144,2048,hyprefill,256/256/256,graph,168,23.7359,19.1174,23.7820,23.7359,
25,8,262144,2048,hyprefill,256/256/256,graph,169,22.3892,19.8457,22.4391,22.3892,
25,8,262144,2048,hyprefill,256/256/256,graph,170,23.0981,19.6347,23.1444,23.0981,
25,8,262144,2048,hyprefill,256/256/256,graph,171,23.6817,19.3601,23.7254,23.6817,
25,8,262144,2048,hyprefill,256/256/256,graph,172,22.7948,19.8775,22.8365,22.7948,
25,8,262144,2048,hyprefill,256/256/256,graph,173,23.2188,19.8775,23.2677,23.2188,
25,8,262144,2048,hyprefill,256/256/256,graph,174,23.8763,19.6347,23.9201,23.8763,
25,8,262144,2048,hyprefill,256/256/256,graph,175,23.6560,18.0508,23.7030,23.6560,
25,8,262144,2048,hyprefill,256/256/256,graph,176,23.9023,19.1174,23.9498,23.9023,
25,8,262144,2048,hyprefill,256/256/256,graph,177,21.5102,19.8138,21.5535,21.5102,
25,8,262144,2048,hyprefill,256/256/256,graph,178,23.9265,18.8428,23.9717,23.9265,
25,8,262144,2048,hyprefill,256/256/256,graph,179,23.6756,19.6347,23.7192,23.6756,
25,8,262144,2048,hyprefill,256/256/256,graph,180,23.3210,19.8775,23.3651,23.3210,
25,8,262144,2048,hyprefill,256/256/256,graph,181,23.7796,19.6347,23.8236,23.7796,
25,8,262144,2048,hyprefill,256/256/256,graph,182,23.8434,19.6347,23.8870,23.8434,
25,8,262144,2048,hyprefill,256/256/256,graph,183,23.8295,17.5017,23.8804,23.8295,
25,8,262144,2048,hyprefill,256/256/256,graph,184,23.5460,19.3920,23.5977,23.5460,
25,8,262144,2048,hyprefill,256/256/256,graph,185,22.6429,19.8457,22.6858,22.6429,
25,8,262144,2048,hyprefill,256/256/256,graph,186,23.7424,19.3920,23.7869,23.7424,
25,8,262144,2048,hyprefill,256/256/256,graph,187,22.7651,20.1203,22.8096,22.7651,
25,8,262144,2048,hyprefill,256/256/256,graph,188,23.2596,20.4267,23.3040,23.2596,
25,8,262144,2048,hyprefill,256/256/256,graph,189,23.7332,19.3601,23.7775,23.7332,
25,8,262144,2048,hyprefill,256/256/256,graph,190,24.0789,19.6666,24.1250,24.0789,
25,8,262144,2048,hyprefill,256/256/256,graph,191,23.7012,17.2271,23.7482,23.7012,
25,8,262144,2048,hyprefill,256/256/256,graph,192,23.7342,19.1174,23.7798,23.7342,
25,8,262144,2048,hyprefill,256/256/256,graph,193,23.3172,19.0537,23.3625,23.3172,
25,8,262144,2048,hyprefill,256/256/256,graph,194,23.8220,20.2157,23.8684,23.8220,
25,8,262144,2048,hyprefill,256/256/256,graph,195,22.6034,19.0219,22.6657,22.6034,
25,8,262144,2048,hyprefill,256/256/256,graph,196,23.3128,20.7331,23.3593,23.3128,
25,8,262144,2048,hyprefill,256/256/256,graph,197,22.8991,19.0219,22.9436,22.8991,
25,8,262144,2048,hyprefill,256/256/256,graph,198,23.4962,19.9412,23.5419,23.4962,
25,8,262144,2048,hyprefill,256/256/256,graph,199,23.8879,17.7444,23.9325,23.8879,
25,8,262144,2048,hyprefill,1536/1536/1536,graph,0,21.1609,15.0503,21.2069,21.1609,
25,8,262144,2048,hyprefill,1536/1536/1536,graph,1,21.2893,15.0503,21.3346,21.2893,
25,8,262144,2048,hyprefill,1536/1536/1536,graph,2,21.2908,15.0503,21.3359,21.2908,
25,8,262144,2048,hyprefill,1536/1536/1536,graph,3,21.3114,15.0503,21.3565,21.3114,
25,8,262144,2048,hyprefill,1536/1536/1536,graph,4,21.3195,15.0503,21.3648,21.3195,
25,8,262144,2048,hyprefill,1536/1536/1536,graph,5,21.2730,15.0503,21.3178,21.2730,
25,8,262144,2048,hyprefill,1536/1536/1536,graph,6,21.3189,15.0503,21.3637,21.3189,
25,8,262144,2048,hyprefill,1536/1536/1536,graph,7,21.2718,15.0503,21.3191,21.2718,
25,8,262144,2048,hyprefill,1536/1536/1536,graph,8,21.2515,15.0503,21.2974,21.2515,
25,8,262144,2048,hyprefill,1536/1536/1536,graph,9,21.1588,15.0503,21.2030,21.1588,
25,8,262144,2048,hyprefill,1536/1536/1536,graph,10,21.1376,15.0503,21.1831,21.1376,
25,8,262144,2048,hyprefill,1536/1536/1536,graph,11,21.1402,15.0503,21.1849,21.1402,
25,8,262144,2048,hyprefill,1536/1536/1536,graph,12,21.1373,15.0503,21.1834,21.1373,
25,8,262144,2048,hyprefill,1536/1536/1536,graph,13,21.0709,15.0503,21.1167,21.0709,
25,8,262144,2048,hyprefill,1536/1536/1536,graph,14,21.1047,15.0503,21.1496,21.1047,
25,8,262144,2048,hyprefill,1536/1536/1536,graph,15,21.1592,15.0503,21.2039,21.1592,
25,8,262144,2048,hyprefill,1536/1536/1536,graph,16,21.1576,15.0503,21.2017,21.1576,
25,8,262144,2048,hyprefill,1536/1536/1536,graph,17,21.1266,15.0503,21.1725,21.1266,
25,8,262144,2048,hyprefill,1536/1536/1536,graph,18,21.1849,15.0503,21.2303,21.1849,
25,8,262144,2048,hyprefill,1536/1536/1536,graph,19,21.1902,15.0503,21.2352,21.1902,
25,8,262144,2048,hyprefill,1536/1536/1536,graph,20,21.2456,15.0503,21.2901,21.2456,
25,8,262144,2048,hyprefill,1536/1536/1536,graph,21,21.2220,15.0503,21.2680,21.2220,
25,8,262144,2048,hyprefill,1536/1536/1536,graph,22,21.1426,15.0503,21.1886,21.1426,
25,8,262144,2048,hyprefill,1536/1536/1536,graph,23,21.2335,15.0503,21.2786,21.2335,
25,8,262144,2048,hyprefill,1536/1536/1536,graph,24,21.2957,15.0503,21.3408,21.2957,
25,8,262144,2048,hyprefill,1536/1536/1536,graph,25,21.3429,15.0503,21.3893,21.3429,
25,8,262144,2048,hyprefill,1536/1536/1536,graph,26,21.3601,15.0503,21.4077,21.3601,
25,8,262144,2048,hyprefill,1536/1536/1536,graph,27,21.3724,15.0503,21.4183,21.3724,
25,8,262144,2048,hyprefill,1536/1536/1536,graph,28,21.4751,15.0503,21.5217,21.4751,
25,8,262144,2048,hyprefill,1536/1536/1536,graph,29,21.3827,15.0503,21.4295,21.3827,
25,8,262144,2048,hyprefill,1536/1536/1536,graph,30,21.3942,15.0503,21.4397,21.3942,
25,8,262144,2048,hyprefill,1536/1536/1536,graph,31,21.3945,15.0503,21.4415,21.3945,
25,8,262144,2048,hyprefill,1536/1536/1536,graph,32,21.4110,15.0503,21.4562,21.4110,
25,8,262144,2048,hyprefill,1536/1536/1536,graph,33,21.2717,15.0503,21.3248,21.2717,
25,8,262144,2048,hyprefill,1536/1536/1536,graph,34,21.3250,15.0503,21.3806,21.3250,
25,8,262144,2048,hyprefill,1536/1536/1536,graph,35,21.2304,15.0503,21.2811,21.2304,
25,8,262144,2048,hyprefill,1536/1536/1536,graph,36,21.2619,15.0503,21.3120,21.2619,
25,8,262144,2048,hyprefill,1536/1536/1536,graph,37,21.2238,15.0503,21.2717,21.2238,
25,8,262144,2048,hyprefill,1536/1536/1536,graph,38,21.1394,15.0503,21.1854,21.1394,
25,8,262144,2048,hyprefill,1536/1536/1536,graph,39,21.1051,15.0503,21.1530,21.1051,
25,8,262144,2048,hyprefill,1536/1536/1536,graph,40,21.1813,15.0503,21.2316,21.1813,
25,8,262144,2048,hyprefill,1536/1536/1536,graph,41,21.1517,15.0503,21.1973,21.1517,
25,8,262144,2048,hyprefill,1536/1536/1536,graph,42,21.1800,15.0503,21.2233,21.1800,
25,8,262144,2048,hyprefill,1536/1536/1536,graph,43,21.1758,15.0503,21.2213,21.1758,
25,8,262144,2048,hyprefill,1536/1536/1536,graph,44,21.1346,15.0503,21.1805,21.1346,
25,8,262144,2048,hyprefill,1536/1536/1536,graph,45,21.1447,15.0503,21.1895,21.1447,
25,8,262144,2048,hyprefill,1536/1536/1536,graph,46,21.2602,15.0503,21.3055,21.2602,
25,8,262144,2048,hyprefill,1536/1536/1536,graph,47,21.1828,15.0503,21.2293,21.1828,
25,8,262144,2048,hyprefill,1536/1536/1536,graph,48,21.2729,15.0503,21.3180,21.2729,
25,8,262144,2048,hyprefill,1536/1536/1536,graph,49,21.1978,15.0503,21.2429,21.1978,
25,8,262144,2048,hyprefill,1536/1536/1536,graph,50,21.2325,15.0503,21.2772,21.2325,
25,8,262144,2048,hyprefill,1536/1536/1536,graph,51,21.1233,15.0503,21.1685,21.1233,
25,8,262144,2048,hyprefill,1536/1536/1536,graph,52,21.1782,15.0503,21.2254,21.1782,
25,8,262144,2048,hyprefill,1536/1536/1536,graph,53,21.0775,15.0503,21.1232,21.0775,
25,8,262144,2048,hyprefill,1536/1536/1536,graph,54,21.1827,15.0503,21.2291,21.1827,
25,8,262144,2048,hyprefill,1536/1536/1536,graph,55,21.0860,15.0503,21.1312,21.0860,
25,8,262144,2048,hyprefill,1536/1536/1536,graph,56,21.1905,15.0503,21.2360,21.1905,
25,8,262144,2048,hyprefill,1536/1536/1536,graph,57,21.1126,15.0503,21.1577,21.1126,
25,8,262144,2048,hyprefill,1536/1536/1536,graph,58,21.1380,15.0503,21.1825,21.1380,
25,8,262144,2048,hyprefill,1536/1536/1536,graph,59,21.1189,15.0503,21.1632,21.1189,
25,8,262144,2048,hyprefill,1536/1536/1536,graph,60,20.8979,14.7758,20.9435,20.8979,
25,8,262144,2048,hyprefill,1536/1536/1536,graph,61,20.4811,14.7758,20.5271,20.4811,
25,8,262144,2048,hyprefill,1536/1536/1536,graph,62,20.4130,14.5012,20.4581,20.4130,
25,8,262144,2048,hyprefill,1536/1536/1536,graph,63,23.8792,13.7092,23.9271,23.8792,
25,8,262144,2048,hyprefill,1536/1536/1536,graph,64,20.2427,14.2266,20.2873,20.2427,
25,8,262144,2048,hyprefill,1536/1536/1536,graph,65,23.8379,13.9838,23.8851,23.8379,
25,8,262144,2048,hyprefill,1536/1536/1536,graph,66,20.0296,13.9520,20.0816,20.0296,
25,8,262144,2048,hyprefill,1536/1536/1536,graph,67,19.5815,14.7758,19.6266,19.5815,
25,8,262144,2048,hyprefill,1536/1536/1536,graph,68,20.4756,14.5012,20.5212,20.4756,
25,8,262144,2048,hyprefill,1536/1536/1536,graph,69,20.1546,15.0503,20.1992,20.1546,
25,8,262144,2048,hyprefill,1536/1536/1536,graph,70,21.1954,14.7758,21.2406,21.1954,
25,8,262144,2048,hyprefill,1536/1536/1536,graph,71,20.9231,15.0503,20.9673,20.9231,
25,8,262144,2048,hyprefill,1536/1536/1536,graph,72,21.4171,15.0503,21.4673,21.4171,
25,8,262144,2048,hyprefill,1536/1536/1536,graph,73,21.3123,15.0503,21.3606,21.3123,
25,8,262144,2048,hyprefill,1536/1536/1536,graph,74,21.4131,15.0503,21.4607,21.4131,
25,8,262144,2048,hyprefill,1536/1536/1536,graph,75,21.4082,15.0503,21.4552,21.4082,
25,8,262144,2048,hyprefill,1536/1536/1536,graph,76,21.3608,15.0503,21.4075,21.3608,
25,8,262144,2048,hyprefill,1536/1536/1536,graph,77,21.4519,15.0503,21.4990,21.4519,
25,8,262144,2048,hyprefill,1536/1536/1536,graph,78,21.2870,15.0503,21.3339,21.2870,
25,8,262144,2048,hyprefill,1536/1536/1536,graph,79,21.3605,15.0503,21.4056,21.3605,
25,8,262144,2048,hyprefill,1536/1536/1536,graph,80,21.2654,15.0503,21.3116,21.2654,
25,8,262144,2048,hyprefill,1536/1536/1536,graph,81,21.2524,15.0503,21.3021,21.2524,
25,8,262144,2048,hyprefill,1536/1536/1536,graph,82,21.1308,15.0503,21.1770,21.1308,
25,8,262144,2048,hyprefill,1536/1536/1536,graph,83,21.1494,15.0503,21.1958,21.1494,
25,8,262144,2048,hyprefill,1536/1536/1536,graph,84,21.1083,15.0503,21.1541,21.1083,
25,8,262144,2048,hyprefill,1536/1536/1536,graph,85,21.0715,15.0503,21.1172,21.0715,
25,8,262144,2048,hyprefill,1536/1536/1536,graph,86,21.1080,15.0503,21.1538,21.1080,
25,8,262144,2048,hyprefill,1536/1536/1536,graph,87,21.0718,15.0503,21.1175,21.0718,
25,8,262144,2048,hyprefill,1536/1536/1536,graph,88,21.1284,15.0503,21.1851,21.1284,
25,8,262144,2048,hyprefill,1536/1536/1536,graph,89,21.1446,15.0503,21.2020,21.1446,
25,8,262144,2048,hyprefill,1536/1536/1536,graph,90,21.1583,15.0503,21.2102,21.1583,
25,8,262144,2048,hyprefill,1536/1536/1536,graph,91,21.1180,15.0503,21.1654,21.1180,
25,8,262144,2048,hyprefill,1536/1536/1536,graph,92,21.2157,15.0503,21.2618,21.2157,
25,8,262144,2048,hyprefill,1536/1536/1536,graph,93,21.2670,15.0503,21.3140,21.2670,
25,8,262144,2048,hyprefill,1536/1536/1536,graph,94,21.2717,15.0503,21.3223,21.2717,
25,8,262144,2048,hyprefill,1536/1536/1536,graph,95,21.1870,15.0503,21.2356,21.1870,
25,8,262144,2048,hyprefill,1536/1536/1536,graph,96,21.2758,15.0503,21.3216,21.2758,
25,8,262144,2048,hyprefill,1536/1536/1536,graph,97,21.2295,15.0503,21.2814,21.2295,
25,8,262144,2048,hyprefill,1536/1536/1536,graph,98,21.2932,15.0503,21.3376,21.2932,
25,8,262144,2048,hyprefill,1536/1536/1536,graph,99,21.2761,15.0503,21.3209,21.2761,
25,8,262144,2048,hyprefill,1536/1536/1536,graph,100,21.2500,15.0503,21.2996,21.2500,
25,8,262144,2048,hyprefill,1536/1536/1536,graph,101,21.3630,15.0503,21.4120,21.3630,
25,8,262144,2048,hyprefill,1536/1536/1536,graph,102,21.1810,15.0503,21.2299,21.1810,
25,8,262144,2048,hyprefill,1536/1536/1536,graph,103,21.3159,15.0503,21.3619,21.3159,
25,8,262144,2048,hyprefill,1536/1536/1536,graph,104,21.1392,15.0503,21.1856,21.1392,
25,8,262144,2048,hyprefill,1536/1536/1536,graph,105,21.1697,15.0503,21.2153,21.1697,
25,8,262144,2048,hyprefill,1536/1536/1536,graph,106,21.1132,15.0503,21.1606,21.1132,
25,8,262144,2048,hyprefill,1536/1536/1536,graph,107,21.1391,15.0503,21.1815,21.1391,
25,8,262144,2048,hyprefill,1536/1536/1536,graph,108,21.0600,15.0503,21.1110,21.0600,
25,8,262144,2048,hyprefill,1536/1536/1536,graph,109,21.2356,15.0503,21.3008,21.2356,
25,8,262144,2048,hyprefill,1536/1536/1536,graph,110,21.1455,15.0503,21.1918,21.1455,
25,8,262144,2048,hyprefill,1536/1536/1536,graph,111,21.1456,15.0503,21.1987,21.1456,
25,8,262144,2048,hyprefill,1536/1536/1536,graph,112,21.2244,15.0503,21.2697,21.2244,
25,8,262144,2048,hyprefill,1536/1536/1536,graph,113,21.1774,15.0503,21.2234,21.1774,
25,8,262144,2048,hyprefill,1536/1536/1536,graph,114,21.2140,15.0503,21.2588,21.2140,
25,8,262144,2048,hyprefill,1536/1536/1536,graph,115,21.1904,15.0503,21.2358,21.1904,
25,8,262144,2048,hyprefill,1536/1536/1536,graph,116,21.1875,15.0503,21.2381,21.1875,
25,8,262144,2048,hyprefill,1536/1536/1536,graph,117,21.2260,15.0503,21.2737,21.2260,
25,8,262144,2048,hyprefill,1536/1536/1536,graph,118,21.3795,15.0503,21.4266,21.3795,
25,8,262144,2048,hyprefill,1536/1536/1536,graph,119,21.2844,15.0503,21.3304,21.2844,
25,8,262144,2048,hyprefill,1536/1536/1536,graph,120,21.3826,15.0503,21.4280,21.3826,
25,8,262144,2048,hyprefill,1536/1536/1536,graph,121,21.3940,15.0503,21.4394,21.3940,
25,8,262144,2048,hyprefill,1536/1536/1536,graph,122,21.3888,15.0503,21.4337,21.3888,
25,8,262144,2048,hyprefill,1536/1536/1536,graph,123,21.4240,15.0503,21.4690,21.4240,
25,8,262144,2048,hyprefill,1536/1536/1536,graph,124,21.3572,15.0503,21.4029,21.3572,
25,8,262144,2048,hyprefill,1536/1536/1536,graph,125,21.4514,15.0503,21.4970,21.4514,
25,8,262144,2048,hyprefill,1536/1536/1536,graph,126,21.3125,15.0503,21.3564,21.3125,
25,8,262144,2048,hyprefill,1536/1536/1536,graph,127,21.3573,15.0503,21.4025,21.3573,
25,8,262144,2048,hyprefill,1536/1536/1536,graph,128,21.2371,15.0503,21.2831,21.2371,
25,8,262144,2048,hyprefill,1536/1536/1536,graph,129,21.3633,15.0503,21.4073,21.3633,
25,8,262144,2048,hyprefill,1536/1536/1536,graph,130,21.1714,15.0503,21.2155,21.1714,
25,8,262144,2048,hyprefill,1536/1536/1536,graph,131,21.2801,15.0503,21.3250,21.2801,
25,8,262144,2048,hyprefill,1536/1536/1536,graph,132,21.1035,15.0503,21.1477,21.1035,
25,8,262144,2048,hyprefill,1536/1536/1536,graph,133,21.2402,15.0503,21.2861,21.2402,
25,8,262144,2048,hyprefill,1536/1536/1536,graph,134,21.1545,15.0503,21.2061,21.1545,
25,8,262144,2048,hyprefill,1536/1536/1536,graph,135,21.1433,15.0503,21.1874,21.1433,
25,8,262144,2048,hyprefill,1536/1536/1536,graph,136,21.1711,15.0503,21.2165,21.1711,
25,8,262144,2048,hyprefill,1536/1536/1536,graph,137,21.2086,15.0503,21.2616,21.2086,
25,8,262144,2048,hyprefill,1536/1536/1536,graph,138,21.1764,15.0503,21.2205,21.1764,
25,8,262144,2048,hyprefill,1536/1536/1536,graph,139,21.2061,15.0503,21.2513,21.2061,
25,8,262144,2048,hyprefill,1536/1536/1536,graph,140,21.1989,15.0503,21.2437,21.1989,
25,8,262144,2048,hyprefill,1536/1536/1536,graph,141,21.2864,15.0503,21.3317,21.2864,
25,8,262144,2048,hyprefill,1536/1536/1536,graph,142,21.1877,15.0503,21.2335,21.1877,
25,8,262144,2048,hyprefill,1536/1536/1536,graph,143,21.2628,15.0503,21.3081,21.2628,
25,8,262144,2048,hyprefill,1536/1536/1536,graph,144,21.1346,15.0503,21.1792,21.1346,
25,8,262144,2048,hyprefill,1536/1536/1536,graph,145,21.2903,15.0503,21.3367,21.2903,
25,8,262144,2048,hyprefill,1536/1536/1536,graph,146,21.1150,15.0503,21.1612,21.1150,
25,8,262144,2048,hyprefill,1536/1536/1536,graph,147,21.1399,15.0503,21.1860,21.1399,
25,8,262144,2048,hyprefill,1536/1536/1536,graph,148,21.0283,15.0503,21.0742,21.0283,
25,8,262144,2048,hyprefill,1536/1536/1536,graph,149,21.1731,15.0503,21.2171,21.1731,
25,8,262144,2048,hyprefill,1536/1536/1536,graph,150,21.0600,15.0503,21.1042,21.0600,
25,8,262144,2048,hyprefill,1536/1536/1536,graph,151,21.1764,15.0503,21.2208,21.1764,
25,8,262144,2048,hyprefill,1536/1536/1536,graph,152,21.0843,15.0503,21.1345,21.0843,
25,8,262144,2048,hyprefill,1536/1536/1536,graph,153,20.9478,14.7758,20.9921,20.9478,
25,8,262144,2048,hyprefill,1536/1536/1536,graph,154,20.7636,15.0503,20.8087,20.7636,
25,8,262144,2048,hyprefill,1536/1536/1536,graph,155,20.7302,14.5012,20.7761,20.7302,
25,8,262144,2048,hyprefill,1536/1536/1536,graph,156,20.2234,14.7758,20.2681,20.2234,
25,8,262144,2048,hyprefill,1536/1536/1536,graph,157,20.2459,14.2266,20.2907,20.2459,
25,8,262144,2048,hyprefill,1536/1536/1536,graph,158,23.7821,13.9838,23.8328,23.7821,
25,8,262144,2048,hyprefill,1536/1536/1536,graph,159,20.0450,13.9520,20.0889,20.0450,
25,8,262144,2048,hyprefill,1536/1536/1536,graph,160,23.8537,13.9838,23.9079,23.8537,
25,8,262144,2048,hyprefill,1536/1536/1536,graph,161,20.2939,14.2266,20.3382,20.2939,
25,8,262144,2048,hyprefill,1536/1536/1536,graph,162,20.3256,14.7758,20.3698,20.3256,
25,8,262144,2048,hyprefill,1536/1536/1536,graph,163,20.6762,14.7758,20.7197,20.6762,
25,8,262144,2048,hyprefill,1536/1536/1536,graph,164,20.8943,15.0503,20.9392,20.8943,
25,8,262144,2048,hyprefill,1536/1536/1536,graph,165,21.3637,15.0503,21.4088,21.3637,
25,8,262144,2048,hyprefill,1536/1536/1536,graph,166,21.3237,15.0503,21.3685,21.3237,
25,8,262144,2048,hyprefill,1536/1536/1536,graph,167,21.4584,15.0503,21.5033,21.4584,
25,8,262144,2048,hyprefill,1536/1536/1536,graph,168,21.4773,15.0503,21.5217,21.4773,
25,8,262144,2048,hyprefill,1536/1536/1536,graph,169,21.5353,15.0503,21.5799,21.5353,
25,8,262144,2048,hyprefill,1536/1536/1536,graph,170,21.4428,15.0503,21.4888,21.4428,
25,8,262144,2048,hyprefill,1536/1536/1536,graph,171,21.4071,15.0503,21.4544,21.4071,
25,8,262144,2048,hyprefill,1536/1536/1536,graph,172,21.3270,15.0503,21.3690,21.3270,
25,8,262144,2048,hyprefill,1536/1536/1536,graph,173,21.2328,15.0503,21.2777,21.2328,
25,8,262144,2048,hyprefill,1536/1536/1536,graph,174,21.2554,15.0503,21.3003,21.2554,
25,8,262144,2048,hyprefill,1536/1536/1536,graph,175,21.2098,15.0503,21.2547,21.2098,
25,8,262144,2048,hyprefill,1536/1536/1536,graph,176,21.1488,15.0503,21.1945,21.1488,
25,8,262144,2048,hyprefill,1536/1536/1536,graph,177,21.1291,15.0503,21.1744,21.1291,
25,8,262144,2048,hyprefill,1536/1536/1536,graph,178,21.1044,15.0503,21.1562,21.1044,
25,8,262144,2048,hyprefill,1536/1536/1536,graph,179,21.1276,15.0503,21.1786,21.1276,
25,8,262144,2048,hyprefill,1536/1536/1536,graph,180,21.1117,15.0503,21.1594,21.1117,
25,8,262144,2048,hyprefill,1536/1536/1536,graph,181,21.0629,15.0503,21.1086,21.0629,
25,8,262144,2048,hyprefill,1536/1536/1536,graph,182,21.0342,15.0503,21.0805,21.0342,
25,8,262144,2048,hyprefill,1536/1536/1536,graph,183,21.1377,15.0503,21.1835,21.1377,
25,8,262144,2048,hyprefill,1536/1536/1536,graph,184,21.1364,15.0503,21.1847,21.1364,
25,8,262144,2048,hyprefill,1536/1536/1536,graph,185,21.1822,15.0503,21.2291,21.1822,
25,8,262144,2048,hyprefill,1536/1536/1536,graph,186,21.1916,15.0503,21.2372,21.1916,
25,8,262144,2048,hyprefill,1536/1536/1536,graph,187,21.2460,15.0503,21.2967,21.2460,
25,8,262144,2048,hyprefill,1536/1536/1536,graph,188,21.2154,15.0503,21.2661,21.2154,
25,8,262144,2048,hyprefill,1536/1536/1536,graph,189,21.2568,15.0503,21.3025,21.2568,
25,8,262144,2048,hyprefill,1536/1536/1536,graph,190,21.2565,15.0503,21.3049,21.2565,
25,8,262144,2048,hyprefill,1536/1536/1536,graph,191,21.3164,15.0503,21.3628,21.3164,
25,8,262144,2048,hyprefill,1536/1536/1536,graph,192,21.3154,15.0503,21.3617,21.3154,
25,8,262144,2048,hyprefill,1536/1536/1536,graph,193,21.3106,15.0503,21.3572,21.3106,
25,8,262144,2048,hyprefill,1536/1536/1536,graph,194,21.2718,15.0503,21.3235,21.2718,
25,8,262144,2048,hyprefill,1536/1536/1536,graph,195,21.2721,15.0503,21.3203,21.2721,
25,8,262144,2048,hyprefill,1536/1536/1536,graph,196,21.2677,15.0503,21.3128,21.2677,
25,8,262144,2048,hyprefill,1536/1536/1536,graph,197,21.2002,15.0503,21.2530,21.2002,
25,8,262144,2048,hyprefill,1536/1536/1536,graph,198,21.1502,15.0503,21.1967,21.1502,
25,8,262144,2048,hyprefill,1536/1536/1536,graph,199,21.1545,15.0503,21.2008,21.1545,
25,8,262144,8192,layered,1024/1024/1024,graph,0,24.5404,15.9378,24.5910,24.5404,
25,8,262144,8192,layered,1024/1024/1024,graph,1,23.7124,15.9059,23.7572,23.7124,
25,8,262144,8192,layered,1024/1024/1024,graph,2,24.4479,15.6632,24.4953,24.4479,
25,8,262144,8192,layered,1024/1024/1024,graph,3,23.4536,15.9059,23.4983,23.4536,
25,8,262144,8192,layered,1024/1024/1024,graph,4,24.4307,15.6632,24.4778,24.4307,
25,8,262144,8192,layered,1024/1024/1024,graph,5,23.4914,15.9059,23.5366,23.4914,
25,8,262144,8192,layered,1024/1024/1024,graph,6,24.4577,15.6632,24.5047,24.4577,
25,8,262144,8192,layered,1024/1024/1024,graph,7,23.3667,15.9059,23.4117,23.3667,
25,8,262144,8192,layered,1024/1024/1024,graph,8,24.5727,15.9378,24.6200,24.5727,
25,8,262144,8192,layered,1024/1024/1024,graph,9,23.4656,15.9059,23.5111,23.4656,
25,8,262144,8192,layered,1024/1024/1024,graph,10,24.2728,15.6632,24.3282,24.2728,
25,8,262144,8192,layered,1024/1024/1024,graph,11,23.1385,15.9059,23.1828,23.1385,
25,8,262144,8192,layered,1024/1024/1024,graph,12,24.6075,16.2124,24.6559,24.6075,
25,8,262144,8192,layered,1024/1024/1024,graph,13,22.9032,15.3568,22.9479,22.9032,
25,8,262144,8192,layered,1024/1024/1024,graph,14,24.4941,15.9378,24.5423,24.4941,
25,8,262144,8192,layered,1024/1024/1024,graph,15,22.6556,15.3568,22.7012,22.6556,
25,8,262144,8192,layered,1024/1024/1024,graph,16,24.3638,15.6632,24.4113,24.3638,
25,8,262144,8192,layered,1024/1024/1024,graph,17,23.2158,15.9059,23.2663,23.2158,
25,8,262144,8192,layered,1024/1024/1024,graph,18,24.5673,16.2124,24.6154,24.5673,
25,8,262144,8192,layered,1024/1024/1024,graph,19,22.8550,15.3568,22.8995,22.8550,
25,8,262144,8192,layered,1024/1024/1024,graph,20,24.5757,15.9378,24.6232,24.5757,
25,8,262144,8192,layered,1024/1024/1024,graph,21,23.4875,15.9059,23.5305,23.4875,
25,8,262144,8192,layered,1024/1024/1024,graph,22,24.5237,15.9378,24.5706,24.5237,
25,8,262144,8192,layered,1024/1024/1024,graph,23,23.4207,16.1805,23.4664,23.4207,
25,8,262144,8192,layered,1024/1024/1024,graph,24,23.4004,16.4551,23.4448,23.4004,
25,8,262144,8192,layered,1024/1024/1024,graph,25,23.3669,15.9059,23.4121,23.3669,
25,8,262144,8192,layered,1024/1024/1024,graph,26,24.4931,15.6632,24.5457,24.4931,
25,8,262144,8192,layered,1024/1024/1024,graph,27,23.0918,15.6314,23.1366,23.0918,
25,8,262144,8192,layered,1024/1024/1024,graph,28,24.2987,15.9378,24.3476,24.2987,
25,8,262144,8192,layered,1024/1024/1024,graph,29,23.7856,15.3568,23.8378,23.7856,
25,8,262144,8192,layered,1024/1024/1024,graph,30,24.5913,15.9378,24.6396,24.5913,
25,8,262144,8192,layered,1024/1024/1024,graph,31,23.5523,15.6314,23.5986,23.5523,
25,8,262144,8192,layered,1024/1024/1024,graph,32,22.7074,16.7297,22.7539,22.7074,
25,8,262144,8192,layered,1024/1024/1024,graph,33,23.4331,15.9059,23.4783,23.4331,
25,8,262144,8192,layered,1024/1024/1024,graph,34,24.3026,15.6632,24.3505,24.3026,
25,8,262144,8192,layered,1024/1024/1024,graph,35,23.2433,15.6314,23.3038,23.2433,
25,8,262144,8192,layered,1024/1024/1024,graph,36,24.1947,16.2124,24.2458,24.1947,
25,8,262144,8192,layered,1024/1024/1024,graph,37,23.0613,15.0822,23.1073,23.0613,
25,8,262144,8192,layered,1024/1024/1024,graph,38,24.3645,15.9378,24.4167,24.3645,
25,8,262144,8192,layered,1024/1024/1024,graph,39,23.1417,15.0822,23.1873,23.1417,
25,8,262144,8192,layered,1024/1024/1024,graph,40,24.4055,16.4869,24.4519,24.4055,
25,8,262144,8192,layered,1024/1024/1024,graph,41,23.3556,15.3568,23.4036,23.3556,
25,8,262144,8192,layered,1024/1024/1024,graph,42,24.4018,16.2124,24.4457,24.4018,
25,8,262144,8192,layered,1024/1024/1024,graph,43,23.1022,15.3568,23.1505,23.1022,
25,8,262144,8192,layered,1024/1024/1024,graph,44,24.4156,16.2124,24.4633,24.4156,
25,8,262144,8192,layered,1024/1024/1024,graph,45,23.1897,15.6314,23.2349,23.1897,
25,8,262144,8192,layered,1024/1024/1024,graph,46,24.2272,15.9378,24.2758,24.2272,
25,8,262144,8192,layered,1024/1024/1024,graph,47,23.6382,15.9059,23.6874,23.6382,
25,8,262144,8192,layered,1024/1024/1024,graph,48,24.1750,16.2124,24.2279,24.1750,
25,8,262144,8192,layered,1024/1024/1024,graph,49,23.4891,14.8076,23.5340,23.4891,
25,8,262144,8192,layered,1024/1024/1024,graph,50,24.2204,16.4869,24.2676,24.2204,
25,8,262144,8192,layered,1024/1024/1024,graph,51,23.4651,15.3568,23.5099,23.4651,
25,8,262144,8192,layered,1024/1024/1024,graph,52,24.2724,16.4869,24.3198,24.2724,
25,8,262144,8192,layered,1024/1024/1024,graph,53,23.3157,15.0822,23.3612,23.3157,
25,8,262144,8192,layered,1024/1024/1024,graph,54,24.1060,15.9378,24.1520,24.1060,
25,8,262144,8192,layered,1024/1024/1024,graph,55,23.1661,15.9059,23.2124,23.1661,
25,8,262144,8192,layered,1024/1024/1024,graph,56,24.0327,15.6632,24.0782,24.0327,
25,8,262144,8192,layered,1024/1024/1024,graph,57,23.1892,15.6314,23.2342,23.1892,
25,8,262144,8192,layered,1024/1024/1024,graph,58,24.4900,15.9378,24.5358,24.4900,
25,8,262144,8192,layered,1024/1024/1024,graph,59,23.0229,15.3568,23.0725,23.0229,
25,8,262144,8192,layered,1024/1024/1024,graph,60,24.4878,15.9378,24.5337,24.4878,
25,8,262144,8192,layered,1024/1024/1024,graph,61,22.7567,15.3568,22.8008,22.7567,
25,8,262144,8192,layered,1024/1024/1024,graph,62,24.5600,15.9378,24.6046,24.5600,
25,8,262144,8192,layered,1024/1024/1024,graph,63,24.4551,14.8394,24.5024,24.4551,
25,8,262144,8192,layered,1024/1024/1024,graph,64,24.4706,15.1140,24.5243,24.4706,
25,8,262144,8192,layered,1024/1024/1024,graph,65,22.0187,15.6314,22.0700,22.0187,
25,8,262144,8192,layered,1024/1024/1024,graph,66,24.4762,15.3886,24.5213,24.4762,
25,8,262144,8192,layered,1024/1024/1024,graph,67,22.2483,15.6314,22.2954,22.2483,
25,8,262144,8192,layered,1024/1024/1024,graph,68,24.3067,15.6632,24.3521,24.3067,
25,8,262144,8192,layered,1024/1024/1024,graph,69,22.7251,15.6314,22.7699,22.7251,
25,8,262144,8192,layered,1024/1024/1024,graph,70,24.4090,15.6632,24.4631,24.4090,
25,8,262144,8192,layered,1024/1024/1024,graph,71,24.3337,14.5648,24.3878,24.3337,
25,8,262144,8192,layered,1024/1024/1024,graph,72,22.8913,16.1805,22.9389,22.8913,
25,8,262144,8192,layered,1024/1024/1024,graph,73,22.8276,15.9059,22.8765,22.8276,
25,8,262144,8192,layered,1024/1024/1024,graph,74,24.3036,15.3886,24.3501,24.3036,
25,8,262144,8192,layered,1024/1024/1024,graph,75,23.3387,16.1805,23.3843,23.3387,
25,8,262144,8192,layered,1024/1024/1024,graph,76,24.4638,15.1140,24.5124,24.4638,
25,8,262144,8192,layered,1024/1024/1024,graph,77,23.1555,16.4551,23.2070,23.1555,
25,8,262144,8192,layered,1024/1024/1024,graph,78,23.4367,16.1805,23.4820,23.4367,
25,8,262144,8192,layered,1024/1024/1024,graph,79,24.2571,15.3886,24.3053,24.2571,
25,8,262144,8192,layered,1024/1024/1024,graph,80,24.3648,15.6632,24.4112,24.3648,
25,8,262144,8192,layered,1024/1024/1024,graph,81,22.9234,15.3568,22.9730,22.9234,
25,8,262144,8192,layered,1024/1024/1024,graph,82,23.0720,16.7297,23.1159,23.0720,
25,8,262144,8192,layered,1024/1024/1024,graph,83,23.1159,15.9059,23.1604,23.1159,
25,8,262144,8192,layered,1024/1024/1024,graph,84,24.6098,15.3886,24.6555,24.6098,
25,8,262144,8192,layered,1024/1024/1024,graph,85,22.6185,16.1805,22.6652,22.6185,
25,8,262144,8192,layered,1024/1024/1024,graph,86,24.3722,15.3886,24.4168,24.3722,
25,8,262144,8192,layered,1024/1024/1024,graph,87,24.1357,14.8394,24.1823,24.1357,
25,8,262144,8192,layered,1024/1024/1024,graph,88,24.4696,15.3886,24.5155,24.4696,
25,8,262144,8192,layered,1024/1024/1024,graph,89,24.1982,15.1140,24.2441,24.1982,
25,8,262144,8192,layered,1024/1024/1024,graph,90,22.7709,16.7297,22.8265,22.7709,
25,8,262144,8192,layered,1024/1024/1024,graph,91,23.1706,16.1805,23.2174,23.1706,
25,8,262144,8192,layered,1024/1024/1024,graph,92,24.3814,15.3886,24.4295,24.3814,
25,8,262144,8192,layered,1024/1024/1024,graph,93,23.6614,16.7297,23.7063,23.6614,
25,8,262144,8192,layered,1024/1024/1024,graph,94,24.2121,15.3886,24.2589,24.2121,
25,8,262144,8192,layered,1024/1024/1024,graph,95,24.5996,14.8394,24.6470,24.5996,
25,8,262144,8192,layered,1024/1024/1024,graph,96,24.5859,15.3886,24.6355,24.5859,
25,8,262144,8192,layered,1024/1024/1024,graph,97,24.0483,16.1805,24.0946,24.0483,
25,8,262144,8192,layered,1024/1024/1024,graph,98,23.5986,17.0043,23.6449,23.5986,
25,8,262144,8192,layered,1024/1024/1024,graph,99,23.9179,16.1805,23.9626,23.9179,
25,8,262144,8192,layered,1024/1024/1024,graph,100,24.3233,15.6632,24.3711,24.3233,
25,8,262144,8192,layered,1024/1024/1024,graph,101,24.0884,16.1805,24.1322,24.0884,
25,8,262144,8192,layered,1024/1024/1024,graph,102,24.3969,15.1140,24.4445,24.3969,
25,8,262144,8192,layered,1024/1024/1024,graph,103,24.3860,15.1140,24.4323,24.3860,
25,8,262144,8192,layered,1024/1024/1024,graph,104,24.4194,15.6632,24.4644,24.4194,
25,8,262144,8192,layered,1024/1024/1024,graph,105,23.7938,16.4551,23.8376,23.7938,
25,8,262144,8192,layered,1024/1024/1024,graph,106,23.5516,16.7297,23.6010,23.5516,
25,8,262144,8192,layered,1024/1024/1024,graph,107,23.6590,16.4551,23.7049,23.6590,
25,8,262144,8192,layered,1024/1024/1024,graph,108,24.3047,15.3886,24.3559,24.3047,
25,8,262144,8192,layered,1024/1024/1024,graph,109,23.8107,16.4551,23.8593,23.8107,
25,8,262144,8192,layered,1024/1024/1024,graph,110,24.2342,15.3886,24.2813,24.2342,
25,8,262144,8192,layered,1024/1024/1024,graph,111,24.5386,15.1140,24.5856,24.5386,
25,8,262144,8192,layered,1024/1024/1024,graph,112,24.2138,15.6632,24.2614,24.2138,
25,8,262144,8192,layered,1024/1024/1024,graph,113,24.4989,15.1140,24.5537,24.4989,
25,8,262144,8192,layered,1024/1024/1024,graph,114,22.8580,16.1805,22.9061,22.8580,
25,8,262144,8192,layered,1024/1024/1024,graph,115,23.5811,16.1805,23.6274,23.5811,
25,8,262144,8192,layered,1024/1024/1024,graph,116,24.3053,15.6632,24.3512,24.3053,
25,8,262144,8192,layered,1024/1024/1024,graph,117,23.6960,16.1805,23.7395,23.6960,
25,8,262144,8192,layered,1024/1024/1024,graph,118,24.2508,15.3886,24.2974,24.2508,
25,8,262144,8192,layered,1024/1024/1024,graph,119,23.5715,16.4551,23.6173,23.5715,
25,8,262144,8192,layered,1024/1024/1024,graph,120,24.1764,15.3886,24.2224,24.1764,
25,8,262144,8192,layered,1024/1024/1024,graph,121,23.6204,15.9059,23.6642,23.6204,
25,8,262144,8192,layered,1024/1024/1024,graph,122,22.9959,17.0043,23.0418,22.9959,
25,8,262144,8192,layered,1024/1024/1024,graph,123,23.8985,15.9059,23.9487,23.8985,
25,8,262144,8192,layered,1024/1024/1024,graph,124,24.5003,15.6632,24.5474,24.5003,
25,8,262144,8192,layered,1024/1024/1024,graph,125,23.6303,15.9059,23.6756,23.6303,
25,8,262144,8192,layered,1024/1024/1024,graph,126,24.5739,15.9378,24.6209,24.5739,
25,8,262144,8192,layered,1024/1024/1024,graph,127,23.4710,15.6314,23.5160,23.4710,
25,8,262144,8192,layered,1024/1024/1024,graph,128,24.6532,15.6632,24.6991,24.6532,
25,8,262144,8192,layered,1024/1024/1024,graph,129,23.1591,15.9059,23.2085,23.1591,
25,8,262144,8192,layered,1024/1024/1024,graph,130,24.4852,15.9378,24.5342,24.4852,
25,8,262144,8192,layered,1024/1024/1024,graph,131,23.2220,15.3568,23.2673,23.2220,
25,8,262144,8192,layered,1024/1024/1024,graph,132,24.4780,15.9378,24.5313,24.4780,
25,8,262144,8192,layered,1024/1024/1024,graph,133,23.1777,15.3568,23.2261,23.1777,
25,8,262144,8192,layered,1024/1024/1024,graph,134,24.5296,16.2124,24.5784,24.5296,
25,8,262144,8192,layered,1024/1024/1024,graph,135,23.0020,15.3568,23.0488,23.0020,
25,8,262144,8192,layered,1024/1024/1024,graph,136,24.2282,16.2124,24.2766,24.2282,
25,8,262144,8192,layered,1024/1024/1024,graph,137,22.8890,15.3568,22.9347,22.8890,
25,8,262144,8192,layered,1024/1024/1024,graph,138,24.4731,15.9378,24.5274,24.4731,
25,8,262144,8192,layered,1024/1024/1024,graph,139,23.1054,15.6314,23.1593,23.1054,
25,8,262144,8192,layered,1024/1024/1024,graph,140,24.2633,16.2124,24.3168,24.2633,
25,8,262144,8192,layered,1024/1024/1024,graph,141,23.2074,15.0822,23.2549,23.2074,
25,8,262144,8192,layered,1024/1024/1024,graph,142,24.6862,16.4869,24.7355,24.6862,
25,8,262144,8192,layered,1024/1024/1024,graph,143,23.0904,15.0822,23.1360,23.0904,
25,8,262144,8192,layered,1024/1024/1024,graph,144,24.4475,16.4869,24.4943,24.4475,
25,8,262144,8192,layered,1024/1024/1024,graph,145,23.1094,15.0822,23.1554,23.1094,
25,8,262144,8192,layered,1024/1024/1024,graph,146,24.3009,15.9378,24.3470,24.3009,
25,8,262144,8192,layered,1024/1024/1024,graph,147,22.8404,15.6314,22.8859,22.8404,
25,8,262144,8192,layered,1024/1024/1024,graph,148,24.5871,15.9378,24.6383,24.5871,
25,8,262144,8192,layered,1024/1024/1024,graph,149,23.0627,15.9059,23.1088,23.0627,
25,8,262144,8192,layered,1024/1024/1024,graph,150,24.6127,15.9378,24.6587,24.6127,
25,8,262144,8192,layered,1024/1024/1024,graph,151,23.1228,15.9059,23.1675,23.1228,
25,8,262144,8192,layered,1024/1024/1024,graph,152,24.4183,15.9378,24.4664,24.4183,
25,8,262144,8192,layered,1024/1024/1024,graph,153,22.9163,15.3568,22.9608,22.9163,
25,8,262144,8192,layered,1024/1024/1024,graph,154,24.7955,15.9378,24.8410,24.7955,
25,8,262144,8192,layered,1024/1024/1024,graph,155,22.9556,15.0822,23.0004,22.9556,
25,8,262144,8192,layered,1024/1024/1024,graph,156,24.3672,16.4869,24.4140,24.3672,
25,8,262144,8192,layered,1024/1024/1024,graph,157,22.8946,14.8076,22.9390,22.8946,
25,8,262144,8192,layered,1024/1024/1024,graph,158,24.3517,15.9378,24.3968,24.3517,
25,8,262144,8192,layered,1024/1024/1024,graph,159,22.5925,15.0822,22.6365,22.5925,
25,8,262144,8192,layered,1024/1024/1024,graph,160,24.2762,15.6632,24.3219,24.2762,
25,8,262144,8192,layered,1024/1024/1024,graph,161,22.8287,15.6314,22.8743,22.8287,
25,8,262144,8192,layered,1024/1024/1024,graph,162,24.3555,15.3886,24.3995,24.3555,
25,8,262144,8192,layered,1024/1024/1024,graph,163,22.6238,15.9059,22.6698,22.6238,
25,8,262144,8192,layered,1024/1024/1024,graph,164,24.3120,15.3886,24.3571,24.3120,
25,8,262144,8192,layered,1024/1024/1024,graph,165,22.7576,15.6314,22.8023,22.7576,
25,8,262144,8192,layered,1024/1024/1024,graph,166,24.2892,15.9378,24.3340,24.2892,
25,8,262144,8192,layered,1024/1024/1024,graph,167,23.0363,15.0822,23.0808,23.0363,
25,8,262144,8192,layered,1024/1024/1024,graph,168,24.2801,15.9378,24.3260,24.2801,
25,8,262144,8192,layered,1024/1024/1024,graph,169,23.2502,15.3568,23.2952,23.2502,
25,8,262144,8192,layered,1024/1024/1024,graph,170,24.3320,16.2124,24.3788,24.3320,
25,8,262144,8192,layered,1024/1024/1024,graph,171,23.2714,15.3568,23.3172,23.2714,
25,8,262144,8192,layered,1024/1024/1024,graph,172,24.3060,15.9378,24.3539,24.3060,
25,8,262144,8192,layered,1024/1024/1024,graph,173,23.4802,15.6314,23.5259,23.4802,
25,8,262144,8192,layered,1024/1024/1024,graph,174,22.4030,16.7297,22.4488,22.4030,
25,8,262144,8192,layered,1024/1024/1024,graph,175,23.5796,15.9059,23.6244,23.5796,
25,8,262144,8192,layered,1024/1024/1024,graph,176,24.0613,15.6632,24.1075,24.0613,
25,8,262144,8192,layered,1024/1024/1024,graph,177,23.0261,15.6314,23.0721,23.0261,
25,8,262144,8192,layered,1024/1024/1024,graph,178,24.2460,15.3886,24.2967,24.2460,
25,8,262144,8192,layered,1024/1024/1024,graph,179,22.6732,15.9059,22.7217,22.6732,
25,8,262144,8192,layered,1024/1024/1024,graph,180,23.9038,15.6632,23.9516,23.9038,
25,8,262144,8192,layered,1024/1024/1024,graph,181,24.5004,15.1140,24.5492,24.5004,
25,8,262144,8192,layered,1024/1024/1024,graph,182,22.7956,16.4551,22.8397,22.7956,
25,8,262144,8192,layered,1024/1024/1024,graph,183,23.3790,15.9059,23.4248,23.3790,
25,8,262144,8192,layered,1024/1024/1024,graph,184,24.0175,15.9378,24.0645,24.0175,
25,8,262144,8192,layered,1024/1024/1024,graph,185,23.1961,15.6314,23.2404,23.1961,
25,8,262144,8192,layered,1024/1024/1024,graph,186,24.0185,15.9378,24.0655,24.0185,
25,8,262144,8192,layered,1024/1024/1024,graph,187,22.7500,15.3568,22.7957,22.7500,
25,8,262144,8192,layered,1024/1024/1024,graph,188,24.5314,15.3886,24.5772,24.5314,
25,8,262144,8192,layered,1024/1024/1024,graph,189,22.7988,15.9059,22.8447,22.7988,
25,8,262144,8192,layered,1024/1024/1024,graph,190,24.4220,15.6632,24.4691,24.4220,
25,8,262144,8192,layered,1024/1024/1024,graph,191,23.1124,15.6314,23.1565,23.1124,
25,8,262144,8192,layered,1024/1024/1024,graph,192,24.5302,15.6632,24.5770,24.5302,
25,8,262144,8192,layered,1024/1024/1024,graph,193,23.4855,15.9059,23.5311,23.4855,
25,8,262144,8192,layered,1024/1024/1024,graph,194,24.5062,15.9378,24.5543,24.5062,
25,8,262144,8192,layered,1024/1024/1024,graph,195,23.2927,15.6314,23.3361,23.2927,
25,8,262144,8192,layered,1024/1024/1024,graph,196,24.2917,15.6632,24.3394,24.2917,
25,8,262144,8192,layered,1024/1024/1024,graph,197,23.5991,15.9059,23.6435,23.5991,
25,8,262144,8192,layered,1024/1024/1024,graph,198,24.5553,15.9378,24.6036,24.5553,
25,8,262144,8192,layered,1024/1024/1024,graph,199,23.3524,15.6314,23.3981,23.3524,
25,8,262144,8192,layered,512/512/512,graph,0,23.5875,17.3425,23.6352,23.5875,
25,8,262144,8192,layered,512/512/512,graph,1,23.7549,17.0679,23.8007,23.7549,
25,8,262144,8192,layered,512/512/512,graph,2,23.6652,17.3425,23.7111,23.6652,
25,8,262144,8192,layered,512/512/512,graph,3,23.9090,16.8252,23.9574,23.9090,
25,8,262144,8192,layered,512/512/512,graph,4,23.8100,16.5188,23.8555,23.8100,
25,8,262144,8192,layered,512/512/512,graph,5,23.7102,17.8917,23.7548,23.7102,
25,8,262144,8192,layered,512/512/512,graph,6,24.0813,17.3425,24.1279,24.0813,
25,8,262144,8192,layered,512/512/512,graph,7,23.6966,17.3425,23.7404,23.6966,
25,8,262144,8192,layered,512/512/512,graph,8,24.1721,17.3425,24.2220,24.1721,
25,8,262144,8192,layered,512/512/512,graph,9,24.0325,17.6171,24.0817,24.0325,
25,8,262144,8192,layered,512/512/512,graph,10,24.1862,17.6171,24.2386,24.1862,
25,8,262144,8192,layered,512/512/512,graph,11,24.1319,17.0998,24.1807,24.1319,
25,8,262144,8192,layered,512/512/512,graph,12,24.0503,16.5188,24.0971,24.0503,
25,8,262144,8192,layered,512/512/512,graph,13,23.8626,17.8917,23.9074,23.8626,
25,8,262144,8192,layered,512/512/512,graph,14,24.1038,17.0679,24.1512,24.1038,
25,8,262144,8192,layered,512/512/512,graph,15,24.0559,17.0998,24.1105,24.0559,
25,8,262144,8192,layered,512/512/512,graph,16,24.0525,16.5188,24.1039,24.0525,
25,8,262144,8192,layered,512/512/512,graph,17,23.9424,18.1663,23.9903,23.9424,
25,8,262144,8192,layered,512/512/512,graph,18,23.9975,17.0679,24.0518,23.9975,
25,8,262144,8192,layered,512/512/512,graph,19,23.9720,17.6490,24.0205,23.9720,
25,8,262144,8192,layered,512/512/512,graph,20,23.8916,15.6950,23.9371,23.8916,
25,8,262144,8192,layered,512/512/512,graph,21,24.2956,17.9235,24.3433,24.2956,
25,8,262144,8192,layered,512/512/512,graph,22,24.2540,16.5188,24.3058,24.2540,
25,8,262144,8192,layered,512/512/512,graph,23,24.1602,17.6490,24.2105,24.1602,
25,8,262144,8192,layered,512/512/512,graph,24,23.8619,16.5188,23.9112,23.8619,
25,8,262144,8192,layered,512/512/512,graph,25,23.7444,18.1663,23.7912,23.7444,
25,8,262144,8192,layered,512/512/512,graph,26,23.0634,17.3107,23.1123,23.0634,
25,8,262144,8192,layered,512/512/512,graph,27,24.0463,17.0998,24.0955,24.0463,
25,8,262144,8192,layered,512/512/512,graph,28,24.1454,16.5188,24.1991,24.1454,
25,8,262144,8192,layered,512/512/512,graph,29,24.0653,17.3744,24.1160,24.0653,
25,8,262144,8192,layered,512/512/512,graph,30,24.2596,17.0679,24.3065,24.2596,
25,8,262144,8192,layered,512/512/512,graph,31,23.7572,16.8252,23.8035,23.7572,
25,8,262144,8192,layered,512/512/512,graph,32,24.3754,17.0679,24.4213,24.3754,
25,8,262144,8192,layered,512/512/512,graph,33,23.7533,18.1663,23.8060,23.7533,
25,8,262144,8192,layered,512/512/512,graph,34,23.5968,17.5853,23.6500,23.5968,
25,8,262144,8192,layered,512/512/512,graph,35,24.0216,17.0998,24.0756,24.0216,
25,8,262144,8192,layered,512/512/512,graph,36,24.1096,16.2442,24.1585,24.1096,
25,8,262144,8192,layered,512/512/512,graph,37,24.1767,17.3744,24.2356,24.1767,
25,8,262144,8192,layered,512/512/512,graph,38,24.0287,16.2442,24.0814,24.0287,
25,8,262144,8192,layered,512/512/512,graph,39,24.0296,17.3744,24.0800,24.0296,
25,8,262144,8192,layered,512/512/512,graph,40,24.0044,15.6950,24.0495,24.0044,
25,8,262144,8192,layered,512/512/512,graph,41,24.0832,17.9235,24.1347,24.0832,
25,8,262144,8192,layered,512/512/512,graph,42,23.9333,15.9696,23.9770,23.9333,
25,8,262144,8192,layered,512/512/512,graph,43,23.8666,18.7155,23.9121,23.8666,
25,8,262144,8192,layered,512/512/512,graph,44,23.9769,16.2442,24.0229,23.9769,
25,8,262144,8192,layered,512/512/512,graph,45,24.1960,17.6490,24.2465,24.1960,
25,8,262144,8192,layered,512/512/512,graph,46,23.9140,16.7934,23.9668,23.9140,
25,8,262144,8192,layered,512/512/512,graph,47,24.1767,17.3744,24.2303,24.1767,
25,8,262144,8192,layered,512/512/512,graph,48,23.8510,16.5188,23.9045,23.8510,
25,8,262144,8192,layered,512/512/512,graph,49,24.0799,18.1663,24.1309,24.0799,
25,8,262144,8192,layered,512/512/512,graph,50,24.0539,17.0679,24.1016,24.0539,
25,8,262144,8192,layered,512/512/512,graph,51,24.1462,17.6171,24.1935,24.1462,
25,8,262144,8192,layered,512/512/512,graph,52,23.9760,17.3425,24.0226,23.9760,
25,8,262144,8192,layered,512/512/512,graph,53,24.1200,16.8252,24.1675,24.1200,
25,8,262144,8192,layered,512/512/512,graph,54,24.2847,17.3425,24.3301,24.2847,
25,8,262144,8192,layered,512/512/512,graph,55,24.1290,16.8252,24.1763,24.1290,
25,8,262144,8192,layered,512/512/512,graph,56,24.0772,16.7934,24.1225,24.0772,
25,8,262144,8192,layered,512/512/512,graph,57,23.7127,17.8917,23.7586,23.7127,
25,8,262144,8192,layered,512/512/512,graph,58,24.1933,16.7934,24.2440,24.1933,
25,8,262144,8192,layered,512/512/512,graph,59,23.4660,18.4409,23.5150,23.4660,
25,8,262144,8192,layered,512/512/512,graph,60,24.1057,16.5188,24.1523,24.1057,
25,8,262144,8192,layered,512/512/512,graph,61,23.6736,17.0998,23.7217,23.6736,
25,8,262144,8192,layered,512/512/512,graph,62,24.1858,16.5188,24.2313,24.1858,
25,8,262144,8192,layered,512/512/512,graph,63,24.1081,17.0998,24.1634,24.1081,
25,8,262144,8192,layered,512/512/512,graph,64,23.9195,17.0679,23.9729,23.9195,
25,8,262144,8192,layered,512/512/512,graph,65,23.5036,17.3425,23.5500,23.5036,
25,8,262144,8192,layered,512/512/512,graph,66,23.7840,17.3425,23.8300,23.7840,
25,8,262144,8192,layered,512/512/512,graph,67,23.9380,17.6171,23.9843,23.9380,
25,8,262144,8192,layered,512/512/512,graph,68,23.9334,17.0679,23.9790,23.9334,
25,8,262144,8192,layered,512/512/512,graph,69,24.3942,16.8252,24.4405,24.3942,
25,8,262144,8192,layered,512/512/512,graph,70,23.8239,16.7934,23.8687,23.8239,
25,8,262144,8192,layered,512/512/512,graph,71,24.2778,16.5506,24.3295,24.2778,
25,8,262144,8192,layered,512/512/512,graph,72,24.0968,16.0014,24.1429,24.0968,
25,8,262144,8192,layered,512/512/512,graph,73,23.0809,17.3425,23.1278,23.0809,
25,8,262144,8192,layered,512/512/512,graph,74,23.5273,17.0679,23.5716,23.5273,
25,8,262144,8192,layered,512/512/512,graph,75,23.5641,17.3425,23.6088,23.5641,
25,8,262144,8192,layered,512/512/512,graph,76,23.6159,17.3425,23.6770,23.6159,
25,8,262144,8192,layered,512/512/512,graph,77,24.1799,16.5506,24.2293,24.1799,
25,8,262144,8192,layered,512/512/512,graph,78,23.8500,17.0679,23.8957,23.8500,
25,8,262144,8192,layered,512/512/512,graph,79,23.9834,17.0679,24.0292,23.9834,
25,8,262144,8192,layered,512/512/512,graph,80,24.0445,16.5506,24.0906,24.0445,
25,8,262144,8192,layered,512/512/512,graph,81,23.4764,16.5188,23.5266,23.4764,
25,8,262144,8192,layered,512/512/512,graph,82,23.7552,17.0679,23.7999,23.7552,
25,8,262144,8192,layered,512/512/512,graph,83,23.7070,17.3425,23.7516,23.7070,
25,8,262144,8192,layered,512/512/512,graph,84,24.2426,17.3425,24.2872,24.2426,
25,8,262144,8192,layered,512/512/512,graph,85,23.7016,17.3425,23.7491,23.7016,
25,8,262144,8192,layered,512/512/512,graph,86,23.8600,17.0679,23.9064,23.8600,
25,8,262144,8192,layered,512/512/512,graph,87,23.8672,17.6171,23.9131,23.8672,
25,8,262144,8192,layered,512/512/512,graph,88,24.2564,17.3425,24.3018,24.2564,
25,8,262144,8192,layered,512/512/512,graph,89,23.6138,17.3425,23.6595,23.6138,
25,8,262144,8192,layered,512/512/512,graph,90,24.0059,17.3425,24.0504,24.0059,
25,8,262144,8192,layered,512/512/512,graph,91,23.9956,17.3425,24.0414,23.9956,
25,8,262144,8192,layered,512/512/512,graph,92,24.0572,17.6171,24.1088,24.0572,
25,8,262144,8192,layered,512/512/512,graph,93,24.1644,17.0679,24.2112,24.1644,
25,8,262144,8192,layered,512/512/512,graph,94,23.8588,17.3425,23.9049,23.8588,
25,8,262144,8192,layered,512/512/512,graph,95,23.9799,17.0679,24.0310,23.9799,
25,8,262144,8192,layered,512/512/512,graph,96,23.7367,17.3425,23.7819,23.7367,
25,8,262144,8192,layered,512/512/512,graph,97,23.9350,17.0679,23.9805,23.9350,
25,8,262144,8192,layered,512/512/512,graph,98,23.6846,16.5506,23.7314,23.6846,
25,8,262144,8192,layered,512/512/512,graph,99,24.1875,17.0679,24.2309,24.1875,
25,8,262144,8192,layered,512/512/512,graph,100,23.5820,17.8917,23.6277,23.5820,
25,8,262144,8192,layered,512/512/512,graph,101,24.2145,17.3425,24.2596,24.2145,
25,8,262144,8192,layered,512/512/512,graph,102,23.7570,17.6171,23.8020,23.7570,
25,8,262144,8192,layered,512/512/512,graph,103,24.1624,17.0679,24.2080,24.1624,
25,8,262144,8192,layered,512/512/512,graph,104,24.1310,17.6171,24.1754,24.1310,
25,8,262144,8192,layered,512/512/512,graph,105,24.1804,17.3425,24.2258,24.1804,
25,8,262144,8192,layered,512/512/512,graph,106,24.0998,16.8252,24.1471,24.0998,
25,8,262144,8192,layered,512/512/512,graph,107,24.1401,16.5188,24.1824,24.1401,
25,8,262144,8192,layered,512/512/512,graph,108,23.9841,17.8917,24.0289,23.9841,
25,8,262144,8192,layered,512/512/512,graph,109,23.9680,17.3425,24.0207,23.9680,
25,8,262144,8192,layered,512/512/512,graph,110,24.0893,17.6171,24.1336,24.0893,
25,8,262144,8192,layered,512/512/512,graph,111,23.7370,17.6171,23.7844,23.7370,
25,8,262144,8192,layered,512/512/512,graph,112,24.1414,17.3425,24.1879,24.1414,
25,8,262144,8192,layered,512/512/512,graph,113,23.5975,17.6171,23.6444,23.5975,
25,8,262144,8192,layered,512/512/512,graph,114,24.1517,16.8252,24.2005,24.1517,
25,8,262144,8192,layered,512/512/512,graph,115,23.8507,16.2442,23.8954,23.8507,
25,8,262144,8192,layered,512/512/512,graph,116,24.1403,17.9235,24.1878,24.1403,
25,8,262144,8192,layered,512/512/512,graph,117,24.2775,16.5188,24.3235,24.2775,
25,8,262144,8192,layered,512/512/512,graph,118,24.1003,17.6490,24.1537,24.1003,
25,8,262144,8192,layered,512/512/512,graph,119,24.0675,15.9696,24.1171,24.0675,
25,8,262144,8192,layered,512/512/512,graph,120,24.1268,17.9235,24.1769,24.1268,
25,8,262144,8192,layered,512/512/512,graph,121,24.1043,16.2442,24.1512,24.1043,
25,8,262144,8192,layered,512/512/512,graph,122,23.4496,18.4409,23.4955,23.4496,
25,8,262144,8192,layered,512/512/512,graph,123,24.1485,16.2442,24.1941,24.1485,
25,8,262144,8192,layered,512/512/512,graph,124,23.8976,18.1981,23.9523,23.8976,
25,8,262144,8192,layered,512/512/512,graph,125,23.9988,16.4869,24.0453,23.9988,
25,8,262144,8192,layered,512/512/512,graph,126,23.8395,18.1981,23.8885,23.8395,
25,8,262144,8192,layered,512/512/512,graph,127,24.1629,15.9696,24.2085,24.1629,
25,8,262144,8192,layered,512/512/512,graph,128,23.8666,17.6490,23.9130,23.8666,
25,8,262144,8192,layered,512/512/512,graph,129,24.3102,16.2442,24.3558,24.3102,
25,8,262144,8192,layered,512/512/512,graph,130,23.4778,17.8917,23.5283,23.4778,
25,8,262144,8192,layered,512/512/512,graph,131,24.0630,16.7934,24.1091,24.0630,
25,8,262144,8192,layered,512/512/512,graph,132,24.1117,16.8252,24.1579,24.1117,
25,8,262144,8192,layered,512/512/512,graph,133,24.0338,16.7934,24.0782,24.0338,
25,8,262144,8192,layered,512/512/512,graph,134,24.0073,17.8917,24.0603,24.0073,
25,8,262144,8192,layered,512/512/512,graph,135,24.1199,17.0679,24.1810,24.1199,
25,8,262144,8192,layered,512/512/512,graph,136,23.8661,17.3425,23.9109,23.8661,
25,8,262144,8192,layered,512/512/512,graph,137,23.9460,17.6171,23.9917,23.9460,
25,8,262144,8192,layered,512/512/512,graph,138,24.3697,17.3425,24.4139,24.3697,
25,8,262144,8192,layered,512/512/512,graph,139,23.7696,17.3425,23.8141,23.7696,
25,8,262144,8192,layered,512/512/512,graph,140,24.1981,16.5506,24.2491,24.1981,
25,8,262144,8192,layered,512/512/512,graph,141,24.0071,17.3425,24.0593,24.0071,
25,8,262144,8192,layered,512/512/512,graph,142,24.1734,17.6171,24.2288,24.1734,
25,8,262144,8192,layered,512/512/512,graph,143,23.8926,17.3425,23.9391,23.8926,
25,8,262144,8192,layered,512/512/512,graph,144,24.0668,17.8917,24.1122,24.0668,
25,8,262144,8192,layered,512/512/512,graph,145,24.1176,17.6171,24.1634,24.1176,
25,8,262144,8192,layered,512/512/512,graph,146,24.0876,17.3425,24.1375,24.0876,
25,8,262144,8192,layered,512/512/512,graph,147,24.3806,17.6171,24.4289,24.3806,
25,8,262144,8192,layered,512/512/512,graph,148,23.9384,16.8252,23.9923,23.9384,
25,8,262144,8192,layered,512/512/512,graph,149,24.1107,16.7934,24.1576,24.1107,
25,8,262144,8192,layered,512/512/512,graph,150,24.1118,17.6490,24.1609,24.1118,
25,8,262144,8192,layered,512/512/512,graph,151,24.2558,16.2442,24.3007,24.2558,
25,8,262144,8192,layered,512/512/512,graph,152,23.3423,18.4409,23.3881,23.3423,
25,8,262144,8192,layered,512/512/512,graph,153,24.0443,16.5188,24.0898,24.0443,
25,8,262144,8192,layered,512/512/512,graph,154,23.7411,17.9235,23.7888,23.7411,
25,8,262144,8192,layered,512/512/512,graph,155,24.1823,15.9696,24.2286,24.1823,
25,8,262144,8192,layered,512/512/512,graph,156,23.8136,18.1981,23.8619,23.8136,
25,8,262144,8192,layered,512/512/512,graph,157,24.2183,15.9696,24.2650,24.2183,
25,8,262144,8192,layered,512/512/512,graph,158,23.7484,18.1981,23.7957,23.7484,
25,8,262144,8192,layered,512/512/512,graph,159,24.1986,16.2442,24.2489,24.1986,
25,8,262144,8192,layered,512/512/512,graph,160,23.6964,18.1663,23.7417,23.6964,
25,8,262144,8192,layered,512/512/512,graph,161,24.3323,16.5188,24.3778,24.3323,
25,8,262144,8192,layered,512/512/512,graph,162,24.0300,17.6490,24.0783,24.0300,
25,8,262144,8192,layered,512/512/512,graph,163,24.2426,16.5188,24.2873,24.2426,
25,8,262144,8192,layered,512/512/512,graph,164,24.2772,17.3744,24.3229,24.2772,
25,8,262144,8192,layered,512/512/512,graph,165,23.6859,16.2442,23.7309,23.6859,
25,8,262144,8192,layered,512/512/512,graph,166,24.0387,17.3744,24.0854,24.0387,
25,8,262144,8192,layered,512/512/512,graph,167,23.5072,15.9696,23.5515,23.5072,
25,8,262144,8192,layered,512/512/512,graph,168,22.7275,17.8917,22.7743,22.7275,
25,8,262144,8192,layered,512/512/512,graph,169,22.5077,16.7615,22.5523,22.5077,
25,8,262144,8192,layered,512/512/512,graph,170,24.0986,17.3744,24.1444,24.0986,
25,8,262144,8192,layered,512/512/512,graph,171,23.7426,16.2442,23.7866,23.7426,
25,8,262144,8192,layered,512/512/512,graph,172,24.2917,17.3744,24.3322,24.2917,
25,8,262144,8192,layered,512/512/512,graph,173,24.0068,16.7934,24.0527,24.0068,
25,8,262144,8192,layered,512/512/512,graph,174,24.2768,16.8252,24.3216,24.2768,
25,8,262144,8192,layered,512/512/512,graph,175,23.9124,16.5188,23.9589,23.9124,
25,8,262144,8192,layered,512/512/512,graph,176,23.9292,16.8252,23.9747,23.9292,
25,8,262144,8192,layered,512/512/512,graph,177,22.5195,17.0361,22.5632,22.5195,
25,8,262144,8192,layered,512/512/512,graph,178,23.9798,17.0998,24.0253,23.9798,
25,8,262144,8192,layered,512/512/512,graph,179,24.0692,16.5188,24.1150,24.0692,
25,8,262144,8192,layered,512/512/512,graph,180,23.7916,18.1663,23.8363,23.7916,
25,8,262144,8192,layered,512/512/512,graph,181,24.2388,16.7934,24.2842,24.2388,
25,8,262144,8192,layered,512/512/512,graph,182,23.2865,17.6171,23.3310,23.2865,
25,8,262144,8192,layered,512/512/512,graph,183,24.0204,17.3425,24.0659,24.0204,
25,8,262144,8192,layered,512/512/512,graph,184,23.8513,17.0998,23.8989,23.8513,
25,8,262144,8192,layered,512/512/512,graph,185,24.2639,16.5188,24.3074,24.2639,
25,8,262144,8192,layered,512/512/512,graph,186,24.1914,17.3744,24.2389,24.1914,
25,8,262144,8192,layered,512/512/512,graph,187,24.0011,16.2442,24.0458,24.0011,
25,8,262144,8192,layered,512/512/512,graph,188,22.9587,17.8917,23.0056,22.9587,
25,8,262144,8192,layered,512/512/512,graph,189,24.0490,16.5188,25.9849,24.0490,
25,8,262144,8192,layered,512/512/512,graph,190,24.1259,17.3744,24.1740,24.1259,
25,8,262144,8192,layered,512/512/512,graph,191,22.7199,17.0361,22.7664,22.7199,
25,8,262144,8192,layered,512/512/512,graph,192,24.0482,17.0998,24.1006,24.0482,
25,8,262144,8192,layered,512/512/512,graph,193,23.9150,16.5188,23.9612,23.9150,
25,8,262144,8192,layered,512/512/512,graph,194,24.0870,16.8252,24.1340,24.0870,
25,8,262144,8192,layered,512/512/512,graph,195,23.8324,17.0679,23.8806,23.8324,
25,8,262144,8192,layered,512/512/512,graph,196,23.9913,18.1663,24.0358,23.9913,
25,8,262144,8192,layered,512/512/512,graph,197,23.9937,17.0679,24.0390,23.9937,
25,8,262144,8192,layered,512/512/512,graph,198,24.1492,17.0998,24.1956,24.1492,
25,8,262144,8192,layered,512/512/512,graph,199,23.7978,16.7934,23.8425,23.7978,
25,8,262144,8192,layered,2048/2048/2048,graph,0,21.4404,15.0503,21.5159,21.4404,
25,8,262144,8192,layered,2048/2048/2048,graph,1,21.5708,15.0503,21.6189,21.5708,
25,8,262144,8192,layered,2048/2048/2048,graph,2,21.5978,15.0503,21.6446,21.5978,
25,8,262144,8192,layered,2048/2048/2048,graph,3,21.6939,15.0503,21.7396,21.6939,
25,8,262144,8192,layered,2048/2048/2048,graph,4,21.5311,15.0503,21.5787,21.5311,
25,8,262144,8192,layered,2048/2048/2048,graph,5,21.6748,15.0503,21.7228,21.6748,
25,8,262144,8192,layered,2048/2048/2048,graph,6,21.7292,15.0503,21.7751,21.7292,
25,8,262144,8192,layered,2048/2048/2048,graph,7,21.8469,15.0503,21.8926,21.8469,
25,8,262144,8192,layered,2048/2048/2048,graph,8,21.7216,15.0503,21.7677,21.7216,
25,8,262144,8192,layered,2048/2048/2048,graph,9,21.7662,15.0503,21.8118,21.7662,
25,8,262144,8192,layered,2048/2048/2048,graph,10,21.7985,15.0503,21.8436,21.7985,
25,8,262144,8192,layered,2048/2048/2048,graph,11,21.8531,15.0503,21.8988,21.8531,
25,8,262144,8192,layered,2048/2048/2048,graph,12,21.7391,15.0503,21.7849,21.7391,
25,8,262144,8192,layered,2048/2048/2048,graph,13,21.7195,15.0503,21.7699,21.7195,
25,8,262144,8192,layered,2048/2048/2048,graph,14,21.7176,15.0503,21.7641,21.7176,
25,8,262144,8192,layered,2048/2048/2048,graph,15,21.6576,15.0503,21.7022,21.6576,
25,8,262144,8192,layered,2048/2048/2048,graph,16,21.5895,15.0503,21.6414,21.5895,
25,8,262144,8192,layered,2048/2048/2048,graph,17,21.5592,15.0503,21.6051,21.5592,
25,8,262144,8192,layered,2048/2048/2048,graph,18,21.5948,15.0503,21.6395,21.5948,
25,8,262144,8192,layered,2048/2048/2048,graph,19,21.5134,15.0503,21.5582,21.5134,
25,8,262144,8192,layered,2048/2048/2048,graph,20,21.4133,15.0503,21.4576,21.4133,
25,8,262144,8192,layered,2048/2048/2048,graph,21,21.4604,15.0503,21.5059,21.4604,
25,8,262144,8192,layered,2048/2048/2048,graph,22,21.5052,15.0503,21.5499,21.5052,
25,8,262144,8192,layered,2048/2048/2048,graph,23,21.6282,15.0503,21.6734,21.6282,
25,8,262144,8192,layered,2048/2048/2048,graph,24,21.4809,15.0503,21.5260,21.4809,
25,8,262144,8192,layered,2048/2048/2048,graph,25,21.6483,15.0503,21.6918,21.6483,
25,8,262144,8192,layered,2048/2048/2048,graph,26,21.6987,15.0503,21.7509,21.6987,
25,8,262144,8192,layered,2048/2048/2048,graph,27,21.7588,15.0503,21.8079,21.7588,
25,8,262144,8192,layered,2048/2048/2048,graph,28,21.6337,15.0503,21.6812,21.6337,
25,8,262144,8192,layered,2048/2048/2048,graph,29,21.7651,15.0503,21.8111,21.7651,
25,8,262144,8192,layered,2048/2048/2048,graph,30,21.7848,15.0503,21.8305,21.7848,
25,8,262144,8192,layered,2048/2048/2048,graph,31,21.8947,15.0503,21.9399,21.8947,
25,8,262144,8192,layered,2048/2048/2048,graph,32,21.7700,15.0503,21.8177,21.7700,
25,8,262144,8192,layered,2048/2048/2048,graph,33,21.8718,15.0503,21.9198,21.8718,
25,8,262144,8192,layered,2048/2048/2048,graph,34,21.8875,15.0503,21.9337,21.8875,
25,8,262144,8192,layered,2048/2048/2048,graph,35,21.9635,15.0503,22.0097,21.9635,
25,8,262144,8192,layered,2048/2048/2048,graph,36,21.8017,15.0503,21.8472,21.8017,
25,8,262144,8192,layered,2048/2048/2048,graph,37,21.8559,15.0503,21.9029,21.8559,
25,8,262144,8192,layered,2048/2048/2048,graph,38,21.9113,15.0503,21.9671,21.9113,
25,8,262144,8192,layered,2048/2048/2048,graph,39,21.8732,15.0503,21.9220,21.8732,
25,8,262144,8192,layered,2048/2048/2048,graph,40,21.7582,15.0503,21.8052,21.7582,
25,8,262144,8192,layered,2048/2048/2048,graph,41,21.7099,15.0503,21.7567,21.7099,
25,8,262144,8192,layered,2048/2048/2048,graph,42,21.7662,15.0503,21.8080,21.7662,
25,8,262144,8192,layered,2048/2048/2048,graph,43,21.7597,15.0503,21.8044,21.7597,
25,8,262144,8192,layered,2048/2048/2048,graph,44,21.5676,15.0503,21.6164,21.5676,
25,8,262144,8192,layered,2048/2048/2048,graph,45,21.5390,15.0503,21.5871,21.5390,
25,8,262144,8192,layered,2048/2048/2048,graph,46,21.5707,15.0503,21.6166,21.5707,
25,8,262144,8192,layered,2048/2048/2048,graph,47,21.6623,15.0503,21.7078,21.6623,
25,8,262144,8192,layered,2048/2048/2048,graph,48,21.4950,15.0503,21.5405,21.4950,
25,8,262144,8192,layered,2048/2048/2048,graph,49,21.6028,15.0503,21.6491,21.6028,
25,8,262144,8192,layered,2048/2048/2048,graph,50,21.6229,15.0503,21.6686,21.6229,
25,8,262144,8192,layered,2048/2048/2048,graph,51,21.7073,15.0503,21.7630,21.7073,
25,8,262144,8192,layered,2048/2048/2048,graph,52,21.5685,15.0503,21.6188,21.5685,
25,8,262144,8192,layered,2048/2048/2048,graph,53,21.6415,15.0503,21.6887,21.6415,
25,8,262144,8192,layered,2048/2048/2048,graph,54,21.6897,15.0503,21.7344,21.6897,
25,8,262144,8192,layered,2048/2048/2048,graph,55,21.7635,15.0503,21.8090,21.7635,
25,8,262144,8192,layered,2048/2048/2048,graph,56,21.5945,15.0503,21.6397,21.5945,
25,8,262144,8192,layered,2048/2048/2048,graph,57,21.5768,15.0503,21.6226,21.5768,
25,8,262144,8192,layered,2048/2048/2048,graph,58,21.6200,15.0503,21.6648,21.6200,
25,8,262144,8192,layered,2048/2048/2048,graph,59,21.6400,15.0503,21.6902,21.6400,
25,8,262144,8192,layered,2048/2048/2048,graph,60,21.5565,15.0503,21.6024,21.5565,
25,8,262144,8192,layered,2048/2048/2048,graph,61,21.5529,15.0503,21.5983,21.5529,
25,8,262144,8192,layered,2048/2048/2048,graph,62,21.5855,15.0503,21.6380,21.5855,
25,8,262144,8192,layered,2048/2048/2048,graph,63,21.6098,15.0503,21.6612,21.6098,
25,8,262144,8192,layered,2048/2048/2048,graph,64,21.4637,15.0503,21.5109,21.4637,
25,8,262144,8192,layered,2048/2048/2048,graph,65,21.5559,15.0503,21.5992,21.5559,
25,8,262144,8192,layered,2048/2048/2048,graph,66,21.3005,14.7758,21.3460,21.3005,
25,8,262144,8192,layered,2048/2048/2048,graph,67,20.9921,14.7758,21.0457,20.9921,
25,8,262144,8192,layered,2048/2048/2048,graph,68,20.6028,14.5012,20.6610,20.6028,
25,8,262144,8192,layered,2048/2048/2048,graph,69,20.2286,14.5012,20.2771,20.2286,
25,8,262144,8192,layered,2048/2048/2048,graph,70,20.0205,14.2266,20.0687,20.0205,
25,8,262144,8192,layered,2048/2048/2048,graph,71,23.4678,13.4346,23.5157,23.4678,
25,8,262144,8192,layered,2048/2048/2048,graph,72,20.0521,14.2266,20.0973,20.0521,
25,8,262144,8192,layered,2048/2048/2048,graph,73,19.9242,14.5012,19.9813,19.9242,
25,8,262144,8192,layered,2048/2048/2048,graph,74,20.3647,14.5012,20.4119,20.3647,
25,8,262144,8192,layered,2048/2048/2048,graph,75,20.4907,14.7758,20.5348,20.4907,
25,8,262144,8192,layered,2048/2048/2048,graph,76,21.0070,14.7758,21.0516,21.0070,
25,8,262144,8192,layered,2048/2048/2048,graph,77,21.3122,15.0503,21.3582,21.3122,
25,8,262144,8192,layered,2048/2048/2048,graph,78,21.8543,15.0503,21.8985,21.8543,
25,8,262144,8192,layered,2048/2048/2048,graph,79,21.7592,15.0503,21.8040,21.7592,
25,8,262144,8192,layered,2048/2048/2048,graph,80,21.8162,15.0503,21.8615,21.8162,
25,8,262144,8192,layered,2048/2048/2048,graph,81,21.8516,15.0503,21.9067,21.8516,
25,8,262144,8192,layered,2048/2048/2048,graph,82,21.9313,15.0503,21.9782,21.9313,
25,8,262144,8192,layered,2048/2048/2048,graph,83,21.7911,15.0503,21.8358,21.7911,
25,8,262144,8192,layered,2048/2048/2048,graph,84,21.7697,15.0503,21.8153,21.7697,
25,8,262144,8192,layered,2048/2048/2048,graph,85,21.8092,15.0503,21.8529,21.8092,
25,8,262144,8192,layered,2048/2048/2048,graph,86,21.7150,15.0503,21.7590,21.7150,
25,8,262144,8192,layered,2048/2048/2048,graph,87,21.6508,15.0503,21.7025,21.6508,
25,8,262144,8192,layered,2048/2048/2048,graph,88,21.6012,15.0503,21.6500,21.6012,
25,8,262144,8192,layered,2048/2048/2048,graph,89,21.6451,15.0503,21.6908,21.6451,
25,8,262144,8192,layered,2048/2048/2048,graph,90,21.6114,15.0503,21.6563,21.6114,
25,8,262144,8192,layered,2048/2048/2048,graph,91,21.4772,15.0503,21.5226,21.4772,
25,8,262144,8192,layered,2048/2048/2048,graph,92,21.4595,15.0503,21.5098,21.4595,
25,8,262144,8192,layered,2048/2048/2048,graph,93,21.5204,15.0503,21.5653,21.5204,
25,8,262144,8192,layered,2048/2048/2048,graph,94,21.6022,15.0503,21.6469,21.6022,
25,8,262144,8192,layered,2048/2048/2048,graph,95,21.4543,15.0503,21.4994,21.4543,
25,8,262144,8192,layered,2048/2048/2048,graph,96,21.5604,15.0503,21.6089,21.5604,
25,8,262144,8192,layered,2048/2048/2048,graph,97,21.5900,15.0503,21.6344,21.5900,
25,8,262144,8192,layered,2048/2048/2048,graph,98,21.6847,15.0503,21.7366,21.6847,
25,8,262144,8192,layered,2048/2048/2048,graph,99,21.5688,15.0503,21.6128,21.5688,
25,8,262144,8192,layered,2048/2048/2048,graph,100,21.6674,15.0503,21.7118,21.6674,
25,8,262144,8192,layered,2048/2048/2048,graph,101,21.7556,15.0503,21.7992,21.7556,
25,8,262144,8192,layered,2048/2048/2048,graph,102,21.8522,15.0503,21.8965,21.8522,
25,8,262144,8192,layered,2048/2048/2048,graph,103,21.7300,15.0503,21.7740,21.7300,
25,8,262144,8192,layered,2048/2048/2048,graph,104,21.7773,15.0503,21.8219,21.7773,
25,8,262144,8192,layered,2048/2048/2048,graph,105,21.8128,15.0503,21.8568,21.8128,
25,8,262144,8192,layered,2048/2048/2048,graph,106,21.8858,15.0503,21.9409,21.8858,
25,8,262144,8192,layered,2048/2048/2048,graph,107,21.6912,15.0503,21.7338,21.6912,
25,8,262144,8192,layered,2048/2048/2048,graph,108,21.6654,15.0503,21.7116,21.6654,
25,8,262144,8192,layered,2048/2048/2048,graph,109,21.6852,15.0503,21.7293,21.6852,
25,8,262144,8192,layered,2048/2048/2048,graph,110,21.7126,15.0503,21.7567,21.7126,
25,8,262144,8192,layered,2048/2048/2048,graph,111,21.6029,15.0503,21.6657,21.6029,
25,8,262144,8192,layered,2048/2048/2048,graph,112,21.5607,15.0503,21.6109,21.5607,
25,8,262144,8192,layered,2048/2048/2048,graph,113,21.5787,15.0503,21.6327,21.5787,
25,8,262144,8192,layered,2048/2048/2048,graph,114,21.5845,15.0503,21.6291,21.5845,
25,8,262144,8192,layered,2048/2048/2048,graph,115,21.4440,15.0503,21.4945,21.4440,
25,8,262144,8192,layered,2048/2048/2048,graph,116,21.5309,15.0503,21.5775,21.5309,
25,8,262144,8192,layered,2048/2048/2048,graph,117,21.5650,15.0503,21.6105,21.5650,
25,8,262144,8192,layered,2048/2048/2048,graph,118,21.6889,15.0503,21.7326,21.6889,
25,8,262144,8192,layered,2048/2048/2048,graph,119,21.5409,15.0503,21.5844,21.5409,
25,8,262144,8192,layered,2048/2048/2048,graph,120,21.6268,15.0503,21.6720,21.6268,
25,8,262144,8192,layered,2048/2048/2048,graph,121,21.6223,15.0503,21.6668,21.6223,
25,8,262144,8192,layered,2048/2048/2048,graph,122,21.7309,15.0503,21.7756,21.7309,
25,8,262144,8192,layered,2048/2048/2048,graph,123,21.6601,15.0503,21.7042,21.6601,
25,8,262144,8192,layered,2048/2048/2048,graph,124,21.7837,15.0503,21.8273,21.7837,
25,8,262144,8192,layered,2048/2048/2048,graph,125,21.8018,15.0503,21.8460,21.8018,
25,8,262144,8192,layered,2048/2048/2048,graph,126,21.9080,15.0503,21.9517,21.9080,
25,8,262144,8192,layered,2048/2048/2048,graph,127,21.7901,15.0503,21.8342,21.7901,
25,8,262144,8192,layered,2048/2048/2048,graph,128,21.8537,15.0503,21.8978,21.8537,
25,8,262144,8192,layered,2048/2048/2048,graph,129,21.8933,15.0503,21.9374,21.8933,
25,8,262144,8192,layered,2048/2048/2048,graph,130,21.9564,15.0503,21.9997,21.9564,
25,8,262144,8192,layered,2048/2048/2048,graph,131,21.8263,15.0503,21.8707,21.8263,
25,8,262144,8192,layered,2048/2048/2048,graph,132,21.8323,15.0503,21.8766,21.8323,
25,8,262144,8192,layered,2048/2048/2048,graph,133,21.9017,15.0503,21.9478,21.9017,
25,8,262144,8192,layered,2048/2048/2048,graph,134,21.8688,15.0503,21.9131,21.8688,
25,8,262144,8192,layered,2048/2048/2048,graph,135,21.7560,15.0503,21.8005,21.7560,
25,8,262144,8192,layered,2048/2048/2048,graph,136,21.6979,15.0503,21.7421,21.6979,
25,8,262144,8192,layered,2048/2048/2048,graph,137,21.7801,15.0503,21.8246,21.7801,
25,8,262144,8192,layered,2048/2048/2048,graph,138,21.7503,15.0503,21.7946,21.7503,
25,8,262144,8192,layered,2048/2048/2048,graph,139,21.6451,15.0503,21.6889,21.6451,
25,8,262144,8192,layered,2048/2048/2048,graph,140,21.5756,15.0503,21.6196,21.5756,
25,8,262144,8192,layered,2048/2048/2048,graph,141,21.5762,15.0503,21.6203,21.5762,
25,8,262144,8192,layered,2048/2048/2048,graph,142,21.6582,15.0503,21.7029,21.6582,
25,8,262144,8192,layered,2048/2048/2048,graph,143,21.4902,15.0503,21.5347,21.4902,
25,8,262144,8192,layered,2048/2048/2048,graph,144,21.6381,15.0503,21.6882,21.6381,
25,8,262144,8192,layered,2048/2048/2048,graph,145,21.6752,15.0503,21.7215,21.6752,
25,8,262144,8192,layered,2048/2048/2048,graph,146,21.7588,15.0503,21.8035,21.7588,
25,8,262144,8192,layered,2048/2048/2048,graph,147,21.6038,15.0503,21.6491,21.6038,
25,8,262144,8192,layered,2048/2048/2048,graph,148,21.7239,15.0503,21.7685,21.7239,
25,8,262144,8192,layered,2048/2048/2048,graph,149,21.7564,15.0503,21.8003,21.7564,
25,8,262144,8192,layered,2048/2048/2048,graph,150,21.7894,15.0503,21.8338,21.7894,
25,8,262144,8192,layered,2048/2048/2048,graph,151,21.6909,15.0503,21.7339,21.6909,
25,8,262144,8192,layered,2048/2048/2048,graph,152,21.6671,15.0503,21.7113,21.6671,
25,8,262144,8192,layered,2048/2048/2048,graph,153,21.6860,15.0503,21.7300,21.6860,
25,8,262144,8192,layered,2048/2048/2048,graph,154,21.6655,15.0503,21.7114,21.6655,
25,8,262144,8192,layered,2048/2048/2048,graph,155,21.5090,15.0503,21.5526,21.5090,
25,8,262144,8192,layered,2048/2048/2048,graph,156,21.5334,15.0503,21.5780,21.5334,
25,8,262144,8192,layered,2048/2048/2048,graph,157,21.5790,15.0503,21.6229,21.5790,
25,8,262144,8192,layered,2048/2048/2048,graph,158,21.5884,15.0503,21.6336,21.5884,
25,8,262144,8192,layered,2048/2048/2048,graph,159,21.4524,15.0503,21.4966,21.4524,
25,8,262144,8192,layered,2048/2048/2048,graph,160,21.5735,15.0503,21.6194,21.5735,
25,8,262144,8192,layered,2048/2048/2048,graph,161,21.3480,14.7758,21.3928,21.3480,
25,8,262144,8192,layered,2048/2048/2048,graph,162,20.9790,14.7758,21.0234,20.9790,
25,8,262144,8192,layered,2048/2048/2048,graph,163,20.5585,14.5012,20.6045,20.5585,
25,8,262144,8192,layered,2048/2048/2048,graph,164,20.2096,14.5012,20.2532,20.2096,
25,8,262144,8192,layered,2048/2048/2048,graph,165,20.0042,14.2266,20.0492,20.0042,
25,8,262144,8192,layered,2048/2048/2048,graph,166,23.4386,13.4346,23.4850,23.4386,
25,8,262144,8192,layered,2048/2048/2048,graph,167,20.0080,14.2266,20.0522,20.0080,
25,8,262144,8192,layered,2048/2048/2048,graph,168,19.9029,14.5012,19.9478,19.9029,
25,8,262144,8192,layered,2048/2048/2048,graph,169,20.3906,14.5012,20.4345,20.3906,
25,8,262144,8192,layered,2048/2048/2048,graph,170,20.5004,14.7758,20.5437,20.5004,
25,8,262144,8192,layered,2048/2048/2048,graph,171,21.0334,14.7758,21.0769,21.0334,
25,8,262144,8192,layered,2048/2048/2048,graph,172,21.2848,15.0503,21.3259,21.2848,
25,8,262144,8192,layered,2048/2048/2048,graph,173,21.8658,15.0503,21.9120,21.8658,
25,8,262144,8192,layered,2048/2048/2048,graph,174,21.7464,15.0503,21.7908,21.7464,
25,8,262144,8192,layered,2048/2048/2048,graph,175,21.8383,15.0503,21.8821,21.8383,
25,8,262144,8192,layered,2048/2048/2048,graph,176,21.8455,15.0503,21.8886,21.8455,
25,8,262144,8192,layered,2048/2048/2048,graph,177,21.9534,15.0503,21.9976,21.9534,
25,8,262144,8192,layered,2048/2048/2048,graph,178,21.7887,15.0503,21.8325,21.7887,
25,8,262144,8192,layered,2048/2048/2048,graph,179,21.7666,15.0503,21.8109,21.7666,
25,8,262144,8192,layered,2048/2048/2048,graph,180,21.8125,15.0503,21.8570,21.8125,
25,8,262144,8192,layered,2048/2048/2048,graph,181,21.7255,15.0503,21.7702,21.7255,
25,8,262144,8192,layered,2048/2048/2048,graph,182,21.6044,15.0503,21.6488,21.6044,
25,8,262144,8192,layered,2048/2048/2048,graph,183,21.6228,15.0503,21.6781,21.6228,
25,8,262144,8192,layered,2048/2048/2048,graph,184,21.6212,15.0503,21.6683,21.6212,
25,8,262144,8192,layered,2048/2048/2048,graph,185,21.6136,15.0503,21.6576,21.6136,
25,8,262144,8192,layered,2048/2048/2048,graph,186,21.4639,15.0503,21.5084,21.4639,
25,8,262144,8192,layered,2048/2048/2048,graph,187,21.4850,15.0503,21.5316,21.4850,
25,8,262144,8192,layered,2048/2048/2048,graph,188,21.5454,15.0503,21.5941,21.5454,
25,8,262144,8192,layered,2048/2048/2048,graph,189,21.5784,15.0503,21.6263,21.5784,
25,8,262144,8192,layered,2048/2048/2048,graph,190,21.4999,15.0503,21.5468,21.4999,
25,8,262144,8192,layered,2048/2048/2048,graph,191,21.5572,15.0503,21.6029,21.5572,
25,8,262144,8192,layered,2048/2048/2048,graph,192,21.5868,15.0503,21.6310,21.5868,
25,8,262144,8192,layered,2048/2048/2048,graph,193,21.6663,15.0503,21.7120,21.6663,
25,8,262144,8192,layered,2048/2048/2048,graph,194,21.5069,15.0503,21.5521,21.5069,
25,8,262144,8192,layered,2048/2048/2048,graph,195,21.6592,15.0503,21.7092,21.6592,
25,8,262144,8192,layered,2048/2048/2048,graph,196,21.7400,15.0503,21.7862,21.7400,
25,8,262144,8192,layered,2048/2048/2048,graph,197,21.9012,15.0503,21.9458,21.9012,
25,8,262144,8192,layered,2048/2048/2048,graph,198,21.7015,15.0503,21.7473,21.7015,
25,8,262144,8192,layered,2048/2048/2048,graph,199,21.7675,15.0503,21.8111,21.7675,
25,8,262144,8192,layered,256/256/256,graph,0,23.9885,19.6347,24.0346,23.9885,
25,8,262144,8192,layered,256/256/256,graph,1,23.9432,19.3920,24.0041,23.9432,
25,8,262144,8192,layered,256/256/256,graph,2,23.7689,18.2936,23.8139,23.7689,
25,8,262144,8192,layered,256/256/256,graph,3,23.6915,19.6347,23.7396,23.6915,
25,8,262144,8192,layered,256/256/256,graph,4,22.8862,19.6029,22.9363,22.8862,
25,8,262144,8192,layered,256/256/256,graph,5,23.6727,19.6347,23.7249,23.6727,
25,8,262144,8192,layered,256/256/256,graph,6,23.9121,19.3601,23.9597,23.9121,
25,8,262144,8192,layered,256/256/256,graph,7,23.8121,19.9093,23.8632,23.8121,
25,8,262144,8192,layered,256/256/256,graph,8,23.1591,19.6029,23.2048,23.1591,
25,8,262144,8192,layered,256/256/256,graph,9,23.6805,19.6666,23.7265,23.6805,
25,8,262144,8192,layered,256/256/256,graph,10,24.0790,18.2936,24.1278,24.0790,
25,8,262144,8192,layered,256/256/256,graph,11,23.3945,19.6347,23.4427,23.3945,
25,8,262144,8192,layered,256/256/256,graph,12,23.1103,19.6029,23.1577,23.1103,
25,8,262144,8192,layered,256/256/256,graph,13,23.7696,19.9093,23.8159,23.7696,
25,8,262144,8192,layered,256/256/256,graph,14,23.8312,19.3601,23.8804,23.8312,
25,8,262144,8192,layered,256/256/256,graph,15,23.8085,19.1174,23.8541,23.8085,
25,8,262144,8192,layered,256/256/256,graph,16,22.4595,19.5711,22.5054,22.4595,
25,8,262144,8192,layered,256/256/256,graph,17,23.8602,19.3920,23.9139,23.8602,
25,8,262144,8192,layered,256/256/256,graph,18,23.5765,18.2936,23.6253,23.5765,
25,8,262144,8192,layered,256/256/256,graph,19,22.8757,19.6029,22.9219,22.8757,
25,8,262144,8192,layered,256/256/256,graph,20,23.8801,19.0856,23.9244,23.8801,
25,8,262144,8192,layered,256/256/256,graph,21,23.6472,19.9093,23.6912,23.6472,
25,8,262144,8192,layered,256/256/256,graph,22,23.8006,18.8110,23.8449,23.8006,
25,8,262144,8192,layered,256/256/256,graph,23,23.7387,19.6666,23.7883,23.7387,
25,8,262144,8192,layered,256/256/256,graph,24,22.7121,19.2965,22.7563,22.7121,
25,8,262144,8192,layered,256/256/256,graph,25,23.5124,19.6666,23.5585,23.5124,
25,8,262144,8192,layered,256/256/256,graph,26,24.0430,18.0190,24.0886,24.0430,
25,8,262144,8192,layered,256/256/256,graph,27,22.6763,19.8775,22.7206,22.6763,
25,8,262144,8192,layered,256/256/256,graph,28,23.6545,18.8110,23.7009,23.6545,
25,8,262144,8192,layered,256/256/256,graph,29,23.8031,19.6666,23.8487,23.8031,
25,8,262144,8192,layered,256/256/256,graph,30,22.8507,18.7791,22.9038,22.8507,
25,8,262144,8192,layered,256/256/256,graph,31,23.2845,19.9093,23.3298,23.2845,
25,8,262144,8192,layered,256/256/256,graph,32,22.0685,19.0219,22.1130,22.0685,
25,8,262144,8192,layered,256/256/256,graph,33,23.7094,19.6666,23.7557,23.7094,
25,8,262144,8192,layered,256/256/256,graph,34,23.7728,18.5364,23.8163,23.7728,
25,8,262144,8192,layered,256/256/256,graph,35,23.2741,19.9093,23.3198,23.2741,
25,8,262144,8192,layered,256/256/256,graph,36,23.6169,18.5364,23.6686,23.6169,
25,8,262144,8192,layered,256/256/256,graph,37,23.7252,19.9412,23.7723,23.7252,
25,8,262144,8192,layered,256/256/256,graph,38,22.5326,19.0219,22.5787,22.5326,
25,8,262144,8192,layered,256/256/256,graph,39,23.2044,20.1839,23.2584,23.2044,
25,8,262144,8192,layered,256/256/256,graph,40,23.4536,19.0537,23.5057,23.4536,
25,8,262144,8192,layered,256/256/256,graph,41,23.9129,19.9412,23.9626,23.9129,
25,8,262144,8192,layered,256/256/256,graph,42,23.2350,18.7791,23.2792,23.2350,
25,8,262144,8192,layered,256/256/256,graph,43,23.8253,20.2157,23.8779,23.8253,
25,8,262144,8192,layered,256/256/256,graph,44,23.9795,17.7444,24.0303,23.9795,
25,8,262144,8192,layered,256/256/256,graph,45,23.3431,20.1839,23.3923,23.3431,
25,8,262144,8192,layered,256/256/256,graph,46,23.1436,19.0537,23.1927,23.1436,
25,8,262144,8192,layered,256/256/256,graph,47,23.3836,20.1839,23.4297,23.3836,
25,8,262144,8192,layered,256/256/256,graph,48,22.7078,19.5711,22.7612,22.7078,
25,8,262144,8192,layered,256/256/256,graph,49,23.9421,20.2157,23.9974,23.9421,
25,8,262144,8192,layered,256/256/256,graph,50,23.4747,19.0537,23.5232,23.4747,
25,8,262144,8192,layered,256/256/256,graph,51,23.8695,19.3920,23.9189,23.8695,
25,8,262144,8192,layered,256/256/256,graph,52,23.9074,18.0190,23.9544,23.9074,
25,8,262144,8192,layered,256/256/256,graph,53,23.3961,20.1839,23.4465,23.3961,
25,8,262144,8192,layered,256/256/256,graph,54,23.8776,18.5364,23.9224,23.8776,
25,8,262144,8192,layered,256/256/256,graph,55,23.9385,19.9412,23.9838,23.9385,
25,8,262144,8192,layered,256/256/256,graph,56,22.3424,19.0219,22.3866,22.3424,
25,8,262144,8192,layered,256/256/256,graph,57,23.8300,19.6666,23.8755,23.8300,
25,8,262144,8192,layered,256/256/256,graph,58,23.0251,19.0537,23.0700,23.0251,
25,8,262144,8192,layered,256/256/256,graph,59,24.0548,19.6666,24.1010,24.0548,
25,8,262144,8192,layered,256/256/256,graph,60,23.5568,18.8110,23.6015,23.5568,
25,8,262144,8192,layered,256/256/256,graph,61,22.8915,20.4267,22.9402,22.8915,
25,8,262144,8192,layered,256/256/256,graph,62,24.1213,19.0856,24.1655,24.1213,
25,8,262144,8192,layered,256/256/256,graph,63,23.8286,19.3920,23.8751,23.8286,
25,8,262144,8192,layered,256/256/256,graph,64,23.4559,19.6029,23.5015,23.4559,
25,8,262144,8192,layered,256/256/256,graph,65,23.9140,19.6666,23.9581,23.9140,
25,8,262144,8192,layered,256/256/256,graph,66,24.1722,19.3601,24.2165,24.1722,
25,8,262144,8192,layered,256/256/256,graph,67,23.3277,19.9093,23.3726,23.3277,
25,8,262144,8192,layered,256/256/256,graph,68,23.9471,19.3601,23.9912,23.9471,
25,8,262144,8192,layered,256/256/256,graph,69,23.2110,20.1521,23.2566,23.2110,
25,8,262144,8192,layered,256/256/256,graph,70,23.8767,19.9093,23.9220,23.8767,
25,8,262144,8192,layered,256/256/256,graph,71,23.8219,19.6347,23.8675,23.8219,
25,8,262144,8192,layered,256/256/256,graph,72,23.7670,19.6347,23.8127,23.7670,
25,8,262144,8192,layered,256/256/256,graph,73,23.8966,19.1174,23.9441,23.8966,
25,8,262144,8192,layered,256/256/256,graph,74,23.5908,18.5364,23.6345,23.5908,
25,8,262144,8192,layered,256/256/256,graph,75,23.5743,20.1839,23.6246,23.5743,
25,8,262144,8192,layered,256/256/256,graph,76,23.8650,18.2936,23.9100,23.8650,
25,8,262144,8192,layered,256/256/256,graph,77,23.8035,19.6347,23.8486,23.8035,
25,8,262144,8192,layered,256/256/256,graph,78,23.8497,19.6347,23.9014,23.8497,
25,8,262144,8192,layered,256/256/256,graph,79,23.6668,19.3920,23.7155,23.6668,
25,8,262144,8192,layered,256/256/256,graph,80,22.9997,20.1203,23.0467,22.9997,
25,8,262144,8192,layered,256/256/256,graph,81,23.7222,19.1174,23.7678,23.7222,
25,8,262144,8192,layered,256/256/256,graph,82,23.7599,19.9093,23.8058,23.7599,
25,8,262144,8192,layered,256/256/256,graph,83,23.7562,20.1839,23.8026,23.7562,
25,8,262144,8192,layered,256/256/256,graph,84,23.8802,18.2936,23.9324,23.8802,
25,8,262144,8192,layered,256/256/256,graph,85,23.7559,19.9093,23.8067,23.7559,
25,8,262144,8192,layered,256/256/256,graph,86,23.0856,19.0856,23.2136,23.0856,
25,8,262144,8192,layered,256/256/256,graph,87,23.9086,19.6666,23.9604,23.9086,
25,8,262144,8192,layered,256/256/256,graph,88,23.2677,19.0537,23.3140,23.2677,
25,8,262144,8192,layered,256/256/256,graph,89,23.7468,19.9412,23.7956,23.7468,
25,8,262144,8192,layered,256/256/256,graph,90,23.4813,19.3283,23.5274,23.4813,
25,8,262144,8192,layered,256/256/256,graph,91,23.6597,19.1174,23.7050,23.6597,
25,8,262144,8192,layered,256/256/256,graph,92,23.8767,18.2936,23.9237,23.8767,
25,8,262144,8192,layered,256/256/256,graph,93,22.5758,20.4267,22.6213,22.5758,
25,8,262144,8192,layered,256/256/256,graph,94,23.3668,19.0537,23.4120,23.3668,
25,8,262144,8192,layered,256/256/256,graph,95,23.4456,19.9412,23.4914,23.4456,
25,8,262144,8192,layered,256/256/256,graph,96,23.3494,18.7791,23.4014,23.3494,
25,8,262144,8192,layered,256/256/256,graph,97,23.7780,19.9412,23.8252,23.7780,
25,8,262144,8192,layered,256/256/256,graph,98,22.7352,19.0219,22.7790,22.7352,
25,8,262144,8192,layered,256/256/256,graph,99,23.8145,20.2157,23.8684,23.8145,
25,8,262144,8192,layered,256/256/256,graph,100,23.8244,18.2936,23.8707,23.8244,
25,8,262144,8192,layered,256/256/256,graph,101,22.9670,19.8775,23.0184,22.9670,
25,8,262144,8192,layered,256/256/256,graph,102,23.5422,19.0856,23.5932,23.5422,
25,8,262144,8192,layered,256/256/256,graph,103,23.8347,19.3920,23.8827,23.8347,
25,8,262144,8192,layered,256/256/256,graph,104,23.0197,19.0537,23.0809,23.0197,
25,8,262144,8192,layered,256/256/256,graph,105,23.7496,19.9412,23.8010,23.7496,
25,8,262144,8192,layered,256/256/256,graph,106,23.2456,19.0537,23.2926,23.2456,
25,8,262144,8192,layered,256/256/256,graph,107,23.6510,19.9412,23.6937,23.6510,
25,8,262144,8192,layered,256/256/256,graph,108,24.1073,18.8110,24.1518,24.1073,
25,8,262144,8192,layered,256/256/256,graph,109,23.2680,20.4585,23.3130,23.2680,
25,8,262144,8192,layered,256/256/256,graph,110,23.4299,19.0537,23.4744,23.4299,
25,8,262144,8192,layered,256/256/256,graph,111,23.8148,19.9412,23.8625,23.8148,
25,8,262144,8192,layered,256/256/256,graph,112,23.3170,18.5046,23.3696,23.3170,
25,8,262144,8192,layered,256/256/256,graph,113,23.8568,20.2157,23.9038,23.8568,
25,8,262144,8192,layered,256/256/256,graph,114,23.1589,18.5046,23.2029,23.1589,
25,8,262144,8192,layered,256/256/256,graph,115,23.9157,20.2157,23.9626,23.9157,
25,8,262144,8192,layered,256/256/256,graph,116,24.0695,17.9872,24.1152,24.0695,
25,8,262144,8192,layered,256/256/256,graph,117,23.0942,20.4585,23.1408,23.0942,
25,8,262144,8192,layered,256/256/256,graph,118,23.2851,18.5046,23.3300,23.2851,
25,8,262144,8192,layered,256/256/256,graph,119,23.8363,20.2157,23.8816,23.8363,
25,8,262144,8192,layered,256/256/256,graph,120,22.7773,19.0219,22.8226,22.7773,
25,8,262144,8192,layered,256/256/256,graph,121,23.6102,20.2157,23.6552,23.6102,
25,8,262144,8192,layered,256/256/256,graph,122,23.2272,18.5046,23.2718,23.2272,
25,8,262144,8192,layered,256/256/256,graph,123,23.6531,20.2157,23.6981,23.6531,
25,8,262144,8192,layered,256/256/256,graph,124,23.8919,18.2618,23.9359,23.8919,
25,8,262144,8192,layered,256/256/256,graph,125,23.1106,20.4585,23.1563,23.1106,
25,8,262144,8192,layered,256/256/256,graph,126,23.9206,18.5364,23.9656,23.9206,
25,8,262144,8192,layered,256/256/256,graph,127,23.7417,19.9412,23.7939,23.7417,
25,8,262144,8192,layered,256/256/256,graph,128,22.3391,19.2965,22.3873,22.3391,
25,8,262144,8192,layered,256/256/256,graph,129,23.7728,19.3920,23.8181,23.7728,
25,8,262144,8192,layered,256/256/256,graph,130,23.8407,18.8110,23.8848,23.8407,
25,8,262144,8192,layered,256/256/256,graph,131,23.7074,19.1174,23.7521,23.7074,
25,8,262144,8192,layered,256/256/256,graph,132,22.9832,19.3283,23.0283,22.9832,
25,8,262144,8192,layered,256/256/256,graph,133,22.9341,19.8775,22.9787,22.9341,
25,8,262144,8192,layered,256/256/256,graph,134,23.7981,18.2936,23.8467,23.7981,
25,8,262144,8192,layered,256/256/256,graph,135,23.3521,19.9093,23.4011,23.3521,
25,8,262144,8192,layered,256/256/256,graph,136,22.6471,19.2965,22.6940,22.6471,
25,8,262144,8192,layered,256/256/256,graph,137,23.9039,19.3920,23.9496,23.9039,
25,8,262144,8192,layered,256/256/256,graph,138,23.8041,18.8110,23.8502,23.8041,
25,8,262144,8192,layered,256/256/256,graph,139,23.7465,19.1174,23.7958,23.7465,
25,8,262144,8192,layered,256/256/256,graph,140,22.6994,19.3283,22.7483,22.6994,
25,8,262144,8192,layered,256/256/256,graph,141,22.8746,20.1521,22.9206,22.8746,
25,8,262144,8192,layered,256/256/256,graph,142,23.6540,18.5682,23.6994,23.6540,
25,8,262144,8192,layered,256/256/256,graph,143,23.1128,19.8775,23.1576,23.1128,
25,8,262144,8192,layered,256/256/256,graph,144,22.9936,19.6029,23.0388,22.9936,
25,8,262144,8192,layered,256/256/256,graph,145,23.9337,19.1174,23.9818,23.9337,
25,8,262144,8192,layered,256/256/256,graph,146,23.7679,19.3601,23.8155,23.7679,
25,8,262144,8192,layered,256/256/256,graph,147,23.6527,18.5682,23.6989,23.6527,
25,8,262144,8192,layered,256/256/256,graph,148,23.4477,19.3601,23.4953,23.4477,
25,8,262144,8192,layered,256/256/256,graph,149,22.5248,19.3283,22.5701,22.5248,
25,8,262144,8192,layered,256/256/256,graph,150,23.9355,19.3920,23.9846,23.9355,
25,8,262144,8192,layered,256/256/256,graph,151,22.5431,19.5711,22.5937,22.5431,
25,8,262144,8192,layered,256/256/256,graph,152,23.5271,19.9093,23.5773,23.5271,
25,8,262144,8192,layered,256/256/256,graph,153,23.9726,18.8428,24.0206,23.9726,
25,8,262144,8192,layered,256/256/256,graph,154,22.8348,19.3283,22.8791,22.8348,
25,8,262144,8192,layered,256/256/256,graph,155,24.0305,18.8428,24.0762,24.0305,
25,8,262144,8192,layered,256/256/256,graph,156,23.4266,19.0856,23.4762,23.4266,
25,8,262144,8192,layered,256/256/256,graph,157,23.6769,19.9093,23.7260,23.6769,
25,8,262144,8192,layered,256/256/256,graph,158,23.8938,19.3601,23.9444,23.8938,
25,8,262144,8192,layered,256/256/256,graph,159,23.2386,20.1521,23.2978,23.2386,
25,8,262144,8192,layered,256/256/256,graph,160,23.8058,19.6347,23.8543,23.8058,
25,8,262144,8192,layered,256/256/256,graph,161,23.7026,19.3920,23.7531,23.7026,
25,8,262144,8192,layered,256/256/256,graph,162,22.9862,19.5711,23.0319,22.9862,
25,8,262144,8192,layered,256/256/256,graph,163,23.6473,19.3920,23.7015,23.6473,
25,8,262144,8192,layered,256/256/256,graph,164,23.9750,18.8428,24.0256,23.9750,
25,8,262144,8192,layered,256/256/256,graph,165,23.7726,19.3601,23.8228,23.7726,
25,8,262144,8192,layered,256/256/256,graph,166,23.7597,19.6347,23.8057,23.7597,
25,8,262144,8192,layered,256/256/256,graph,167,23.7647,19.6347,23.8150,23.7647,
25,8,262144,8192,layered,256/256/256,graph,168,23.9032,19.1174,23.9493,23.9032,
25,8,262144,8192,layered,256/256/256,graph,169,23.7390,19.0856,23.7835,23.7390,
25,8,262144,8192,layered,256/256/256,graph,170,22.8094,20.1521,22.8596,22.8094,
25,8,262144,8192,layered,256/256/256,graph,171,23.9363,19.6347,23.9834,23.9363,
25,8,262144,8192,layered,256/256/256,graph,172,23.6979,19.9093,23.7407,23.6979,
25,8,262144,8192,layered,256/256/256,graph,173,23.8454,19.0856,23.8910,23.8454,
25,8,262144,8192,layered,256/256/256,graph,174,23.7045,19.9093,23.7503,23.7045,
25,8,262144,8192,layered,256/256/256,graph,175,23.9362,19.3601,23.9812,23.9362,
25,8,262144,8192,layered,256/256/256,graph,176,23.9129,19.3920,23.9621,23.9129,
25,8,262144,8192,layered,256/256/256,graph,177,23.7678,18.8428,23.8130,23.7678,
25,8,262144,8192,layered,256/256/256,graph,178,23.8110,19.0856,23.8557,23.8110,
25,8,262144,8192,layered,256/256/256,graph,179,23.8797,19.9093,23.9246,23.8797,
25,8,262144,8192,layered,256/256/256,graph,180,23.4493,19.6029,23.4930,23.4493,
25,8,262144,8192,layered,256/256/256,graph,181,23.8565,19.9093,23.9028,23.8565,
25,8,262144,8192,layered,256/256/256,graph,182,23.8950,19.3601,23.9401,23.8950,
25,8,262144,8192,layered,256/256/256,graph,183,23.9648,20.1839,24.0099,23.9648,
25,8,262144,8192,layered,256/256/256,graph,184,23.5780,19.3601,23.6230,23.5780,
25,8,262144,8192,layered,256/256/256,graph,185,23.8902,18.8428,23.9358,23.8902,
25,8,262144,8192,layered,256/256/256,graph,186,23.8580,19.0856,23.9029,23.8580,
25,8,262144,8192,layered,256/256/256,graph,187,23.6089,19.9093,23.6595,23.6089,
25,8,262144,8192,layered,256/256/256,graph,188,23.8037,19.6347,23.8492,23.8037,
25,8,262144,8192,layered,256/256/256,graph,189,23.7972,19.9093,23.8458,23.7972,
25,8,262144,8192,layered,256/256/256,graph,190,24.1982,19.6347,24.2430,24.1982,
25,8,262144,8192,layered,256/256/256,graph,191,23.6047,20.1839,23.6501,23.6047,
25,8,262144,8192,layered,256/256/256,graph,192,23.8965,19.6347,23.9416,23.8965,
25,8,262144,8192,layered,256/256/256,graph,193,23.8364,19.3920,23.8888,23.8364,
25,8,262144,8192,layered,256/256/256,graph,194,23.7889,19.0856,23.8372,23.7889,
25,8,262144,8192,layered,256/256/256,graph,195,23.7588,19.9093,23.8453,23.7588,
25,8,262144,8192,layered,256/256/256,graph,196,23.5715,19.0856,23.6189,23.5715,
25,8,262144,8192,layered,256/256/256,graph,197,23.9876,19.1174,24.0346,23.9876,
25,8,262144,8192,layered,256/256/256,graph,198,23.3834,19.6347,23.4289,23.3834,
25,8,262144,8192,layered,256/256/256,graph,199,23.9583,19.6347,24.0032,23.9583,
25,8,262144,8192,layered,3072/3072/3072,graph,0,16.1538,14.4693,16.2057,16.1538,
25,8,262144,8192,layered,3072/3072/3072,graph,1,15.7221,15.0185,15.7686,15.7221,
25,8,262144,8192,layered,3072/3072/3072,graph,2,23.2511,13.4028,23.2991,23.2511,
25,8,262144,8192,layered,3072/3072/3072,graph,3,23.3817,13.9520,23.4294,23.3817,
25,8,262144,8192,layered,3072/3072/3072,graph,4,15.8172,14.1947,15.8621,15.8172,
25,8,262144,8192,layered,3072/3072/3072,graph,5,23.1197,13.6774,23.1671,23.1197,
25,8,262144,8192,layered,3072/3072/3072,graph,6,15.8316,14.7439,15.8771,15.8316,
25,8,262144,8192,layered,3072/3072/3072,graph,7,15.9091,14.7439,15.9546,15.9091,
25,8,262144,8192,layered,3072/3072/3072,graph,8,23.4112,13.6774,23.4591,23.4112,
25,8,262144,8192,layered,3072/3072/3072,graph,9,15.9170,14.7439,15.9613,15.9170,
25,8,262144,8192,layered,3072/3072/3072,graph,10,23.1624,13.4028,23.2096,23.1624,
25,8,262144,8192,layered,3072/3072/3072,graph,11,23.3537,13.9520,23.4007,23.3537,
25,8,262144,8192,layered,3072/3072/3072,graph,12,16.1590,14.4693,16.2047,16.1590,
25,8,262144,8192,layered,3072/3072/3072,graph,13,23.1539,13.6774,23.2072,23.1539,
25,8,262144,8192,layered,3072/3072/3072,graph,14,15.8585,14.7439,15.9112,15.8585,
25,8,262144,8192,layered,3072/3072/3072,graph,15,15.9096,14.7439,15.9563,15.9096,
25,8,262144,8192,layered,3072/3072/3072,graph,16,15.8583,14.7439,15.9093,15.8583,
25,8,262144,8192,layered,3072/3072/3072,graph,17,15.8472,14.7439,15.8943,15.8472,
25,8,262144,8192,layered,3072/3072/3072,graph,18,23.3378,13.4028,23.3878,23.3378,
25,8,262144,8192,layered,3072/3072/3072,graph,19,23.4607,13.9520,23.5084,23.4607,
25,8,262144,8192,layered,3072/3072/3072,graph,20,23.4820,13.6774,23.5299,23.4820,
25,8,262144,8192,layered,3072/3072/3072,graph,21,23.2861,13.6774,23.3345,23.2861,
25,8,262144,8192,layered,3072/3072/3072,graph,22,15.8076,14.1947,15.8527,15.8076,
25,8,262144,8192,layered,3072/3072/3072,graph,23,15.7204,15.0185,15.7644,15.7204,
25,8,262144,8192,layered,3072/3072/3072,graph,24,16.0902,14.4693,16.1380,16.0902,
25,8,262144,8192,layered,3072/3072/3072,graph,25,15.7621,15.0185,15.8084,15.7621,
25,8,262144,8192,layered,3072/3072/3072,graph,26,23.4338,13.4028,23.4858,23.4338,
25,8,262144,8192,layered,3072/3072/3072,graph,27,23.4748,13.9520,23.5235,23.4748,
25,8,262144,8192,layered,3072/3072/3072,graph,28,15.7783,14.1947,15.8296,15.7783,
25,8,262144,8192,layered,3072/3072/3072,graph,29,23.6315,13.9520,23.6883,23.6315,
25,8,262144,8192,layered,3072/3072/3072,graph,30,16.0961,14.4693,16.1429,16.0961,
25,8,262144,8192,layered,3072/3072/3072,graph,31,23.3218,13.9520,23.3693,23.3218,
25,8,262144,8192,layered,3072/3072/3072,graph,32,16.0394,14.4693,16.0853,16.0394,
25,8,262144,8192,layered,3072/3072/3072,graph,33,15.6886,15.0185,15.7345,15.6886,
25,8,262144,8192,layered,3072/3072/3072,graph,34,23.4152,13.6774,23.4618,23.4152,
25,8,262144,8192,layered,3072/3072/3072,graph,35,23.2355,13.6774,23.2832,23.2355,
25,8,262144,8192,layered,3072/3072/3072,graph,36,15.7393,14.1947,15.7943,15.7393,
25,8,262144,8192,layered,3072/3072/3072,graph,37,23.6124,13.9520,23.6665,23.6124,
25,8,262144,8192,layered,3072/3072/3072,graph,38,16.1107,14.4693,16.1582,16.1107,
25,8,262144,8192,layered,3072/3072/3072,graph,39,15.6719,15.0185,15.7194,15.6719,
25,8,262144,8192,layered,3072/3072/3072,graph,40,16.1710,14.4693,16.2204,16.1710,
25,8,262144,8192,layered,3072/3072/3072,graph,41,23.3252,13.9520,23.3734,23.3252,
25,8,262144,8192,layered,3072/3072/3072,graph,42,23.4796,13.4028,23.5222,23.4796,
25,8,262144,8192,layered,3072/3072/3072,graph,43,23.2593,13.6774,23.3102,23.2593,
25,8,262144,8192,layered,3072/3072/3072,graph,44,16.1404,14.4693,16.1846,16.1404,
25,8,262144,8192,layered,3072/3072/3072,graph,45,23.3858,13.6774,23.4361,23.3858,
25,8,262144,8192,layered,3072/3072/3072,graph,46,15.8889,14.7439,15.9372,15.8889,
25,8,262144,8192,layered,3072/3072/3072,graph,47,15.8704,14.7439,15.9172,15.8704,
25,8,262144,8192,layered,3072/3072/3072,graph,48,15.9457,14.7439,15.9909,15.9457,
25,8,262144,8192,layered,3072/3072/3072,graph,49,15.8688,14.7439,15.9133,15.8688,
25,8,262144,8192,layered,3072/3072/3072,graph,50,23.4852,13.4028,23.5319,23.4852,
25,8,262144,8192,layered,3072/3072/3072,graph,51,23.2980,13.6774,23.3458,23.2980,
25,8,262144,8192,layered,3072/3072/3072,graph,52,15.9126,14.7439,15.9571,15.9126,
25,8,262144,8192,layered,3072/3072/3072,graph,53,23.9133,13.6774,23.9612,23.9133,
25,8,262144,8192,layered,3072/3072/3072,graph,54,23.4207,13.6774,23.4754,23.4207,
25,8,262144,8192,layered,3072/3072/3072,graph,55,15.4649,14.4693,15.5119,15.4649,
25,8,262144,8192,layered,3072/3072/3072,graph,56,15.3585,14.7439,15.4044,15.3585,
25,8,262144,8192,layered,3072/3072/3072,graph,57,15.4838,14.4693,15.5298,15.4838,
25,8,262144,8192,layered,3072/3072/3072,graph,58,23.2672,13.9520,23.3145,23.2672,
25,8,262144,8192,layered,3072/3072/3072,graph,59,23.7421,13.6774,23.7923,23.7421,
25,8,262144,8192,layered,3072/3072/3072,graph,60,22.9977,13.6774,23.0455,22.9977,
25,8,262144,8192,layered,3072/3072/3072,graph,61,14.8959,13.9202,14.9400,14.8959,
25,8,262144,8192,layered,3072/3072/3072,graph,62,23.1689,13.9520,23.2145,23.1689,
25,8,262144,8192,layered,3072/3072/3072,graph,63,15.2203,14.1947,15.2639,15.2203,
25,8,262144,8192,layered,3072/3072/3072,graph,64,15.3233,14.7439,15.3667,15.3233,
25,8,262144,8192,layered,3072/3072/3072,graph,65,15.5668,14.4693,15.6153,15.5668,
25,8,262144,8192,layered,3072/3072/3072,graph,66,15.3499,14.7439,15.4057,15.3499,
25,8,262144,8192,layered,3072/3072/3072,graph,67,23.6722,13.4028,23.7265,23.6722,
25,8,262144,8192,layered,3072/3072/3072,graph,68,23.2857,13.9520,23.3411,23.2857,
25,8,262144,8192,layered,3072/3072/3072,graph,69,15.3127,14.1947,15.3579,15.3127,
25,8,262144,8192,layered,3072/3072/3072,graph,70,23.2359,13.9520,23.2831,23.2359,
25,8,262144,8192,layered,3072/3072/3072,graph,71,15.2375,14.1947,15.2827,15.2375,
25,8,262144,8192,layered,3072/3072/3072,graph,72,15.3042,14.7439,15.3495,15.3042,
25,8,262144,8192,layered,3072/3072/3072,graph,73,15.5232,14.4693,15.5672,15.5232,
25,8,262144,8192,layered,3072/3072/3072,graph,74,15.3178,14.7439,15.3632,15.3178,
25,8,262144,8192,layered,3072/3072/3072,graph,75,23.6155,13.4028,23.6664,23.6155,
25,8,262144,8192,layered,3072/3072/3072,graph,76,23.3297,13.9520,23.3761,23.3297,
25,8,262144,8192,layered,3072/3072/3072,graph,77,15.2115,14.1947,15.2549,15.2115,
25,8,262144,8192,layered,3072/3072/3072,graph,78,23.5279,13.6774,23.5741,23.5279,
25,8,262144,8192,layered,3072/3072/3072,graph,79,14.8203,14.4693,14.8648,14.8203,
25,8,262144,8192,layered,3072/3072/3072,graph,80,15.2801,14.7439,15.3254,15.2801,
25,8,262144,8192,layered,3072/3072/3072,graph,81,15.4708,14.4693,15.5148,15.4708,
25,8,262144,8192,layered,3072/3072/3072,graph,82,15.2674,14.7439,15.3107,15.2674,
25,8,262144,8192,layered,3072/3072/3072,graph,83,23.6223,13.4028,23.6696,23.6223,
25,8,262144,8192,layered,3072/3072/3072,graph,84,23.3351,13.9520,23.3813,23.3351,
25,8,262144,8192,layered,3072/3072/3072,graph,85,14.8420,13.9202,14.8855,14.8420,
25,8,262144,8192,layered,3072/3072/3072,graph,86,23.3223,13.9520,23.3670,23.3223,
25,8,262144,8192,layered,3072/3072/3072,graph,87,14.8202,13.9202,14.8646,14.8202,
25,8,262144,8192,layered,3072/3072/3072,graph,88,22.8932,13.9520,22.9400,22.8932,
25,8,262144,8192,layered,3072/3072/3072,graph,89,15.1697,14.1947,15.2146,15.1697,
25,8,262144,8192,layered,3072/3072/3072,graph,90,23.3418,14.5012,23.3889,23.3418,
25,8,262144,8192,layered,3072/3072/3072,graph,91,15.9879,13.9202,16.0329,15.9879,
25,8,262144,8192,layered,3072/3072/3072,graph,92,23.1331,14.2266,23.1833,23.1331,
25,8,262144,8192,layered,3072/3072/3072,graph,93,16.3975,14.1947,16.4410,16.3975,
25,8,262144,8192,layered,3072/3072/3072,graph,94,23.3356,14.5012,23.3830,23.3356,
25,8,262144,8192,layered,3072/3072/3072,graph,95,16.0473,13.9202,16.0927,16.0473,
25,8,262144,8192,layered,3072/3072/3072,graph,96,23.2415,14.2266,23.2877,23.2415,
25,8,262144,8192,layered,3072/3072/3072,graph,97,16.3216,14.1947,16.3653,16.3216,
25,8,262144,8192,layered,3072/3072/3072,graph,98,23.4136,14.5012,23.4612,23.4136,
25,8,262144,8192,layered,3072/3072/3072,graph,99,15.9549,13.9202,16.0034,15.9549,
25,8,262144,8192,layered,3072/3072/3072,graph,100,23.1081,14.2266,23.1544,23.1081,
25,8,262144,8192,layered,3072/3072/3072,graph,101,16.2310,14.1947,16.2751,16.2310,
25,8,262144,8192,layered,3072/3072/3072,graph,102,23.1294,14.2266,23.1771,23.1294,
25,8,262144,8192,layered,3072/3072/3072,graph,103,16.2310,14.1947,16.2758,16.2310,
25,8,262144,8192,layered,3072/3072/3072,graph,104,23.2501,14.2266,23.2960,23.2501,
25,8,262144,8192,layered,3072/3072/3072,graph,105,15.3576,13.9202,15.4022,15.3576,
25,8,262144,8192,layered,3072/3072/3072,graph,106,23.4606,13.9520,23.5060,23.4606,
25,8,262144,8192,layered,3072/3072/3072,graph,107,15.0675,14.1947,15.1087,15.0675,
25,8,262144,8192,layered,3072/3072/3072,graph,108,23.1232,14.2266,23.1692,23.1232,
25,8,262144,8192,layered,3072/3072/3072,graph,109,15.3151,13.9202,15.3589,15.3151,
25,8,262144,8192,layered,3072/3072/3072,graph,110,23.1715,14.2266,23.2174,23.1715,
25,8,262144,8192,layered,3072/3072/3072,graph,111,16.2826,14.1947,16.3262,16.2826,
25,8,262144,8192,layered,3072/3072/3072,graph,112,23.2784,14.2266,23.3245,23.2784,
25,8,262144,8192,layered,3072/3072/3072,graph,113,16.3476,14.1947,16.3909,16.3476,
25,8,262144,8192,layered,3072/3072/3072,graph,114,23.0395,14.2266,23.0872,23.0395,
25,8,262144,8192,layered,3072/3072/3072,graph,115,16.4491,14.1947,16.4932,16.4491,
25,8,262144,8192,layered,3072/3072/3072,graph,116,23.1781,14.2266,23.2235,23.1781,
25,8,262144,8192,layered,3072/3072/3072,graph,117,16.4730,14.1947,16.5176,16.4730,
25,8,262144,8192,layered,3072/3072/3072,graph,118,23.5114,14.5012,23.5575,23.5114,
25,8,262144,8192,layered,3072/3072/3072,graph,119,16.0938,13.9202,16.1381,16.0938,
25,8,262144,8192,layered,3072/3072/3072,graph,120,23.2851,14.2266,23.3318,23.2851,
25,8,262144,8192,layered,3072/3072/3072,graph,121,16.4268,14.1947,16.4709,16.4268,
25,8,262144,8192,layered,3072/3072/3072,graph,122,23.3573,14.5012,23.4042,23.3573,
25,8,262144,8192,layered,3072/3072/3072,graph,123,16.0210,13.9202,16.0651,16.0210,
25,8,262144,8192,layered,3072/3072/3072,graph,124,23.4372,14.5012,23.4846,23.4372,
25,8,262144,8192,layered,3072/3072/3072,graph,125,15.8911,13.9202,15.9356,15.8911,
25,8,262144,8192,layered,3072/3072/3072,graph,126,23.2796,14.2266,23.3268,23.2796,
25,8,262144,8192,layered,3072/3072/3072,graph,127,16.1900,14.1947,16.2348,16.1900,
25,8,262144,8192,layered,3072/3072/3072,graph,128,23.3164,14.2266,23.3630,23.3164,
25,8,262144,8192,layered,3072/3072/3072,graph,129,16.1878,14.1947,16.2320,16.1878,
25,8,262144,8192,layered,3072/3072/3072,graph,130,23.3356,14.5012,23.3803,23.3356,
25,8,262144,8192,layered,3072/3072/3072,graph,131,15.8422,13.9202,15.8886,15.8422,
25,8,262144,8192,layered,3072/3072/3072,graph,132,23.1663,14.2266,23.2131,23.1663,
25,8,262144,8192,layered,3072/3072/3072,graph,133,16.2492,14.1947,16.2935,16.2492,
25,8,262144,8192,layered,3072/3072/3072,graph,134,23.2964,14.2266,23.3425,23.2964,
25,8,262144,8192,layered,3072/3072/3072,graph,135,16.3705,14.1947,16.4153,16.3705,
25,8,262144,8192,layered,3072/3072/3072,graph,136,23.3540,14.2266,23.4010,23.3540,
25,8,262144,8192,layered,3072/3072/3072,graph,137,16.3376,14.1947,16.3812,16.3376,
25,8,262144,8192,layered,3072/3072/3072,graph,138,23.1551,14.2266,23.2013,23.1551,
25,8,262144,8192,layered,3072/3072/3072,graph,139,16.3950,14.1947,16.4396,16.3950,
25,8,262144,8192,layered,3072/3072/3072,graph,140,23.2777,14.2266,23.3243,23.2777,
25,8,262144,8192,layered,3072/3072/3072,graph,141,16.3592,14.1947,16.4034,16.3592,
25,8,262144,8192,layered,3072/3072/3072,graph,142,23.2971,14.2266,23.3436,23.2971,
25,8,262144,8192,layered,3072/3072/3072,graph,143,16.4381,14.1947,16.4872,16.4381,
25,8,262144,8192,layered,3072/3072/3072,graph,144,23.4204,14.2266,23.4664,23.4204,
25,8,262144,8192,layered,3072/3072/3072,graph,145,16.3899,14.1947,16.4337,16.3899,
25,8,262144,8192,layered,3072/3072/3072,graph,146,23.2006,14.2266,23.2467,23.2006,
25,8,262144,8192,layered,3072/3072/3072,graph,147,16.2715,14.1947,16.3155,16.2715,
25,8,262144,8192,layered,3072/3072/3072,graph,148,23.3204,14.2266,23.3662,23.3204,
25,8,262144,8192,layered,3072/3072/3072,graph,149,16.3145,14.1947,16.3654,16.3145,
25,8,262144,8192,layered,3072/3072/3072,graph,150,23.1254,14.2266,23.1909,23.1254,
25,8,262144,8192,layered,3072/3072/3072,graph,151,15.4077,13.9202,15.4518,15.4077,
25,8,262144,8192,layered,3072/3072/3072,graph,152,23.5593,13.9520,23.6064,23.5593,
25,8,262144,8192,layered,3072/3072/3072,graph,153,15.1005,14.1947,15.1454,15.1005,
25,8,262144,8192,layered,3072/3072/3072,graph,154,23.4982,13.9520,23.5440,23.4982,
25,8,262144,8192,layered,3072/3072/3072,graph,155,15.0329,14.1947,15.0782,15.0329,
25,8,262144,8192,layered,3072/3072/3072,graph,156,15.1127,15.0185,15.1577,15.1127,
25,8,262144,8192,layered,3072/3072/3072,graph,157,15.7394,14.1947,15.7884,15.7394,
25,8,262144,8192,layered,3072/3072/3072,graph,158,23.1236,14.2266,23.1699,23.1236,
25,8,262144,8192,layered,3072/3072/3072,graph,159,15.4396,13.9202,15.4907,15.4396,
25,8,262144,8192,layered,3072/3072/3072,graph,160,23.2983,14.2266,23.3443,23.2983,
25,8,262144,8192,layered,3072/3072/3072,graph,161,15.4152,13.9202,15.4603,15.4152,
25,8,262144,8192,layered,3072/3072/3072,graph,162,23.5648,13.9520,23.6120,23.5648,
25,8,262144,8192,layered,3072/3072/3072,graph,163,15.1532,14.1947,15.2032,15.1532,
25,8,262144,8192,layered,3072/3072/3072,graph,164,15.1100,15.0185,15.1670,15.1100,
25,8,262144,8192,layered,3072/3072/3072,graph,165,15.8193,14.1947,15.8664,15.8193,
25,8,262144,8192,layered,3072/3072/3072,graph,166,23.1496,14.2266,23.1956,23.1496,
25,8,262144,8192,layered,3072/3072/3072,graph,167,15.4158,13.9202,15.4615,15.4158,
25,8,262144,8192,layered,3072/3072/3072,graph,168,23.2196,14.2266,23.2662,23.2196,
25,8,262144,8192,layered,3072/3072/3072,graph,169,15.3880,13.9202,15.4318,15.3880,
25,8,262144,8192,layered,3072/3072/3072,graph,170,23.6205,13.9520,23.6665,23.6205,
25,8,262144,8192,layered,3072/3072/3072,graph,171,15.0784,14.1947,15.1231,15.0784,
25,8,262144,8192,layered,3072/3072/3072,graph,172,15.0875,15.0185,15.1282,15.0875,
25,8,262144,8192,layered,3072/3072/3072,graph,173,15.7322,14.1947,15.7765,15.7322,
25,8,262144,8192,layered,3072/3072/3072,graph,174,23.4839,13.9520,23.5459,23.4839,
25,8,262144,8192,layered,3072/3072/3072,graph,175,15.0091,14.1947,15.0574,15.0091,
25,8,262144,8192,layered,3072/3072/3072,graph,176,23.7725,13.9520,23.8217,23.7725,
25,8,262144,8192,layered,3072/3072/3072,graph,177,15.0457,14.1947,15.0915,15.0457,
25,8,262144,8192,layered,3072/3072/3072,graph,178,23.2364,13.6774,23.2840,23.2364,
25,8,262144,8192,layered,3072/3072/3072,graph,179,14.4953,14.1947,14.5408,14.4953,
25,8,262144,8192,layered,3072/3072/3072,graph,180,22.9560,13.9520,23.0020,22.9560,
25,8,262144,8192,layered,3072/3072/3072,graph,181,23.1892,13.4028,23.2474,23.1892,
25,8,262144,8192,layered,3072/3072/3072,graph,182,23.0622,13.6774,23.1165,23.0622,
25,8,262144,8192,layered,3072/3072/3072,graph,183,15.2060,14.1947,15.2513,15.2060,
25,8,262144,8192,layered,3072/3072/3072,graph,184,15.3272,14.7439,15.3767,15.3272,
25,8,262144,8192,layered,3072/3072/3072,graph,185,15.5885,14.4693,15.6317,15.5885,
25,8,262144,8192,layered,3072/3072/3072,graph,186,15.3608,14.7439,15.4037,15.3608,
25,8,262144,8192,layered,3072/3072/3072,graph,187,15.5684,14.4693,15.6241,15.5684,
25,8,262144,8192,layered,3072/3072/3072,graph,188,23.5307,13.9520,23.5787,23.5307,
25,8,262144,8192,layered,3072/3072/3072,graph,189,23.4786,13.6774,23.5256,23.4786,
25,8,262144,8192,layered,3072/3072/3072,graph,190,23.1388,13.6774,23.1836,23.1388,
25,8,262144,8192,layered,3072/3072/3072,graph,191,14.8313,13.9202,14.8746,14.8313,
25,8,262144,8192,layered,3072/3072/3072,graph,192,15.3652,14.7439,15.4079,15.3652,
25,8,262144,8192,layered,3072/3072/3072,graph,193,15.5052,14.4693,15.5480,15.5052,
25,8,262144,8192,layered,3072/3072/3072,graph,194,15.2968,14.7439,15.3394,15.2968,
25,8,262144,8192,layered,3072/3072/3072,graph,195,15.4626,14.4693,15.5046,15.4626,
25,8,262144,8192,layered,3072/3072/3072,graph,196,23.4262,13.9520,23.4711,23.4262,
25,8,262144,8192,layered,3072/3072/3072,graph,197,23.4367,13.6774,23.4935,23.4367,
25,8,262144,8192,layered,3072/3072/3072,graph,198,23.3389,13.9520,23.3858,23.3389,
25,8,262144,8192,layered,3072/3072/3072,graph,199,14.8462,13.9202,14.9089,14.8462,
25,8,262144,8192,hyprefill,1024/8192/8192,graph,0,23.7099,13.7410,23.7591,23.7099,
25,8,262144,8192,hyprefill,1024/8192/8192,graph,1,23.8300,13.7410,23.8772,23.8300,
25,8,262144,8192,hyprefill,1024/8192/8192,graph,2,23.7078,13.7410,23.7544,23.7078,
25,8,262144,8192,hyprefill,1024/8192/8192,graph,3,24.0955,14.2902,24.1437,24.0955,
25,8,262144,8192,hyprefill,1024/8192/8192,graph,4,23.9358,13.9838,23.9826,23.9358,
25,8,262144,8192,hyprefill,1024/8192/8192,graph,5,23.4254,14.2584,23.4720,23.4254,
25,8,262144,8192,hyprefill,1024/8192/8192,graph,6,23.5132,14.2584,23.5594,23.5132,
25,8,262144,8192,hyprefill,1024/8192/8192,graph,7,23.9124,13.9838,23.9625,23.9124,
25,8,262144,8192,hyprefill,1024/8192/8192,graph,8,24.4775,14.0156,24.5243,24.4775,
25,8,262144,8192,hyprefill,1024/8192/8192,graph,9,24.5485,14.0156,24.6015,24.5485,
25,8,262144,8192,hyprefill,1024/8192/8192,graph,10,24.4579,14.0156,24.5062,24.4579,
25,8,262144,8192,hyprefill,1024/8192/8192,graph,11,23.9962,13.4665,24.0465,23.9962,
25,8,262144,8192,hyprefill,1024/8192/8192,graph,12,24.1721,13.7729,24.2311,24.1721,
25,8,262144,8192,hyprefill,1024/8192/8192,graph,13,24.2095,13.7729,24.2687,24.2095,
25,8,262144,8192,hyprefill,1024/8192/8192,graph,14,24.2937,13.7729,24.3434,24.2937,
25,8,262144,8192,hyprefill,1024/8192/8192,graph,15,23.8463,13.7410,23.8967,23.8463,
25,8,262144,8192,hyprefill,1024/8192/8192,graph,16,23.6804,13.7410,23.7284,23.6804,
25,8,262144,8192,hyprefill,1024/8192/8192,graph,17,24.0491,14.2902,24.0981,24.0491,
25,8,262144,8192,hyprefill,1024/8192/8192,graph,18,23.7865,13.7410,23.8351,23.7865,
25,8,262144,8192,hyprefill,1024/8192/8192,graph,19,23.6787,13.7410,23.7263,23.6787,
25,8,262144,8192,hyprefill,1024/8192/8192,graph,20,23.4556,14.2584,23.5039,23.4556,
25,8,262144,8192,hyprefill,1024/8192/8192,graph,21,23.5523,14.2584,23.6023,23.5523,
25,8,262144,8192,hyprefill,1024/8192/8192,graph,22,23.7113,13.7410,23.7731,23.7113,
25,8,262144,8192,hyprefill,1024/8192/8192,graph,23,23.7233,13.7410,23.7786,23.7233,
25,8,262144,8192,hyprefill,1024/8192/8192,graph,24,24.0037,14.2902,24.0611,24.0037,
25,8,262144,8192,hyprefill,1024/8192/8192,graph,25,23.9685,13.9838,24.0162,23.9685,
25,8,262144,8192,hyprefill,1024/8192/8192,graph,26,24.0227,14.2902,24.0730,24.0227,
25,8,262144,8192,hyprefill,1024/8192/8192,graph,27,24.2060,13.7729,24.2540,24.2060,
25,8,262144,8192,hyprefill,1024/8192/8192,graph,28,24.2399,13.7729,24.2617,24.2399,
25,8,262144,8192,hyprefill,1024/8192/8192,graph,29,24.3402,13.7729,24.3581,24.3402,
25,8,262144,8192,hyprefill,1024/8192/8192,graph,30,24.1163,13.4665,24.1642,24.1163,
25,8,262144,8192,hyprefill,1024/8192/8192,graph,31,24.0448,14.2902,24.0936,24.0448,
25,8,262144,8192,hyprefill,1024/8192/8192,graph,32,24.1315,13.4665,24.1802,24.1315,
25,8,262144,8192,hyprefill,1024/8192/8192,graph,33,24.1436,14.2902,24.1912,24.1436,
25,8,262144,8192,hyprefill,1024/8192/8192,graph,34,24.2291,13.4665,24.2955,24.2291,
25,8,262144,8192,hyprefill,1024/8192/8192,graph,35,24.0203,14.2902,24.0830,24.0203,
25,8,262144,8192,hyprefill,1024/8192/8192,graph,36,23.6985,13.7410,23.7507,23.6985,
25,8,262144,8192,hyprefill,1024/8192/8192,graph,37,23.6720,13.7410,23.7229,23.6720,
25,8,262144,8192,hyprefill,1024/8192/8192,graph,38,24.0450,14.2902,24.0947,24.0450,
25,8,262144,8192,hyprefill,1024/8192/8192,graph,39,23.7827,13.7410,23.8337,23.7827,
25,8,262144,8192,hyprefill,1024/8192/8192,graph,40,23.7475,13.7410,23.8046,23.7475,
25,8,262144,8192,hyprefill,1024/8192/8192,graph,41,23.6868,13.7410,23.7380,23.6868,
25,8,262144,8192,hyprefill,1024/8192/8192,graph,42,24.2592,13.7729,24.3080,24.2592,
25,8,262144,8192,hyprefill,1024/8192/8192,graph,43,24.0020,13.4665,24.0487,24.0020,
25,8,262144,8192,hyprefill,1024/8192/8192,graph,44,24.3205,13.7729,24.3626,24.3205,
25,8,262144,8192,hyprefill,1024/8192/8192,graph,45,23.6964,13.7410,23.7441,23.6964,
25,8,262144,8192,hyprefill,1024/8192/8192,graph,46,24.1006,14.2902,24.1496,24.1006,
25,8,262144,8192,hyprefill,1024/8192/8192,graph,47,24.0140,13.9838,24.0599,24.0140,
25,8,262144,8192,hyprefill,1024/8192/8192,graph,48,24.0982,14.2902,24.1447,24.0982,
25,8,262144,8192,hyprefill,1024/8192/8192,graph,49,23.9577,13.9838,24.0042,23.9577,
25,8,262144,8192,hyprefill,1024/8192/8192,graph,50,23.8132,14.8076,23.8650,23.8132,
25,8,262144,8192,hyprefill,1024/8192/8192,graph,51,24.0181,13.9838,24.0638,24.0181,
25,8,262144,8192,hyprefill,1024/8192/8192,graph,52,23.4470,14.2584,23.4952,23.4470,
25,8,262144,8192,hyprefill,1024/8192/8192,graph,53,23.7363,13.7410,23.7925,23.7363,
25,8,262144,8192,hyprefill,1024/8192/8192,graph,54,24.4386,14.0156,24.4906,24.4386,
25,8,262144,8192,hyprefill,1024/8192/8192,graph,55,23.7070,13.7410,23.7584,23.7070,
25,8,262144,8192,hyprefill,1024/8192/8192,graph,56,23.7245,13.7410,23.7742,23.7245,
25,8,262144,8192,hyprefill,1024/8192/8192,graph,57,24.2843,13.7729,24.3318,24.2843,
25,8,262144,8192,hyprefill,1024/8192/8192,graph,58,23.7976,13.7410,23.8458,23.7976,
25,8,262144,8192,hyprefill,1024/8192/8192,graph,59,24.3538,13.7729,24.4077,24.3538,
25,8,262144,8192,hyprefill,1024/8192/8192,graph,60,23.7059,13.7410,23.7586,23.7059,
25,8,262144,8192,hyprefill,1024/8192/8192,graph,61,24.1214,14.2902,24.1708,24.1214,
25,8,262144,8192,hyprefill,1024/8192/8192,graph,62,23.8452,13.7410,23.8951,23.8452,
25,8,262144,8192,hyprefill,1024/8192/8192,graph,63,23.6978,13.7410,23.7468,23.6978,
25,8,262144,8192,hyprefill,1024/8192/8192,graph,64,23.6984,13.7410,23.7548,23.6984,
25,8,262144,8192,hyprefill,1024/8192/8192,graph,65,23.3574,14.2584,23.4095,23.3574,
25,8,262144,8192,hyprefill,1024/8192/8192,graph,66,24.3256,14.5330,24.3882,24.3256,
25,8,262144,8192,hyprefill,1024/8192/8192,graph,67,23.7309,13.7410,23.7775,23.7309,
25,8,262144,8192,hyprefill,1024/8192/8192,graph,68,24.0060,14.2902,24.0545,24.0060,
25,8,262144,8192,hyprefill,1024/8192/8192,graph,69,23.7786,13.7410,23.8276,23.7786,
25,8,262144,8192,hyprefill,1024/8192/8192,graph,70,23.6196,13.7410,23.6724,23.6196,
25,8,262144,8192,hyprefill,1024/8192/8192,graph,71,23.7502,13.7410,23.8038,23.7502,
25,8,262144,8192,hyprefill,1024/8192/8192,graph,72,24.3401,13.7729,24.3907,24.3401,
25,8,262144,8192,hyprefill,1024/8192/8192,graph,73,24.2070,13.4665,24.2539,24.2070,
25,8,262144,8192,hyprefill,1024/8192/8192,graph,74,24.4382,13.7729,24.4854,24.4382,
25,8,262144,8192,hyprefill,1024/8192/8192,graph,75,23.6263,13.7410,23.6777,23.6263,
25,8,262144,8192,hyprefill,1024/8192/8192,graph,76,24.0825,14.2902,24.1334,24.0825,
25,8,262144,8192,hyprefill,1024/8192/8192,graph,77,24.1108,13.4665,24.1586,24.1108,
25,8,262144,8192,hyprefill,1024/8192/8192,graph,78,24.0990,14.2902,24.1472,24.0990,
25,8,262144,8192,hyprefill,1024/8192/8192,graph,79,24.1659,13.4665,24.2141,24.1659,
25,8,262144,8192,hyprefill,1024/8192/8192,graph,80,23.9800,14.8076,24.0283,23.9800,
25,8,262144,8192,hyprefill,1024/8192/8192,graph,81,24.0335,13.9838,24.0791,24.0335,
25,8,262144,8192,hyprefill,1024/8192/8192,graph,82,23.9681,13.9838,24.0139,23.9681,
25,8,262144,8192,hyprefill,1024/8192/8192,graph,83,23.8687,14.8076,23.9210,23.8687,
25,8,262144,8192,hyprefill,1024/8192/8192,graph,84,24.0297,13.9838,24.0761,24.0297,
25,8,262144,8192,hyprefill,1024/8192/8192,graph,85,24.2921,14.5330,24.3400,24.2921,
25,8,262144,8192,hyprefill,1024/8192/8192,graph,86,23.9720,13.9838,24.0189,23.9720,
25,8,262144,8192,hyprefill,1024/8192/8192,graph,87,24.3614,13.7729,24.4091,24.3614,
25,8,262144,8192,hyprefill,1024/8192/8192,graph,88,24.0501,13.4665,24.0962,24.0501,
25,8,262144,8192,hyprefill,1024/8192/8192,graph,89,24.4403,13.7729,24.4893,24.4403,
25,8,262144,8192,hyprefill,1024/8192/8192,graph,90,24.5003,14.0156,24.5494,24.5003,
25,8,262144,8192,hyprefill,1024/8192/8192,graph,91,24.1223,14.2902,24.1703,24.1223,
25,8,262144,8192,hyprefill,1024/8192/8192,graph,92,24.2168,13.4665,24.2632,24.2168,
25,8,262144,8192,hyprefill,1024/8192/8192,graph,93,24.6038,13.7729,24.6515,24.6038,
25,8,262144,8192,hyprefill,1024/8192/8192,graph,94,24.4952,14.0156,24.5424,24.4952,
25,8,262144,8192,hyprefill,1024/8192/8192,graph,95,24.5312,14.0156,24.5789,24.5312,
25,8,262144,8192,hyprefill,1024/8192/8192,graph,96,23.6416,13.7410,23.6904,23.6416,
25,8,262144,8192,hyprefill,1024/8192/8192,graph,97,23.9749,14.2902,24.0228,23.9749,
25,8,262144,8192,hyprefill,1024/8192/8192,graph,98,23.6939,13.7410,23.7415,23.6939,
25,8,262144,8192,hyprefill,1024/8192/8192,graph,99,23.6933,13.7410,23.7396,23.6933,
25,8,262144,8192,hyprefill,1024/8192/8192,graph,100,24.0669,14.2902,24.1154,24.0669,
25,8,262144,8192,hyprefill,1024/8192/8192,graph,101,23.9824,13.7410,24.0290,23.9824,
25,8,262144,8192,hyprefill,1024/8192/8192,graph,102,23.7138,13.7410,23.7659,23.7138,
25,8,262144,8192,hyprefill,1024/8192/8192,graph,103,23.6042,13.7410,23.6518,23.6042,
25,8,262144,8192,hyprefill,1024/8192/8192,graph,104,23.3255,14.0156,23.3725,23.3255,
25,8,262144,8192,hyprefill,1024/8192/8192,graph,105,24.0592,13.4665,24.1059,24.0592,
25,8,262144,8192,hyprefill,1024/8192/8192,graph,106,24.0585,14.2902,24.1066,24.0585,
25,8,262144,8192,hyprefill,1024/8192/8192,graph,107,24.2005,13.4665,24.2478,24.2005,
25,8,262144,8192,hyprefill,1024/8192/8192,graph,108,24.1264,14.2902,24.1727,24.1264,
25,8,262144,8192,hyprefill,1024/8192/8192,graph,109,23.6917,13.7410,23.7330,23.6917,
25,8,262144,8192,hyprefill,1024/8192/8192,graph,110,23.6962,13.7410,23.7421,23.6962,
25,8,262144,8192,hyprefill,1024/8192/8192,graph,111,23.7960,13.9838,23.8430,23.7960,
25,8,262144,8192,hyprefill,1024/8192/8192,graph,112,23.6708,13.7410,23.7180,23.6708,
25,8,262144,8192,hyprefill,1024/8192/8192,graph,113,23.9935,14.2902,24.0406,23.9935,
25,8,262144,8192,hyprefill,1024/8192/8192,graph,114,23.8333,13.7410,23.8797,23.8333,
25,8,262144,8192,hyprefill,1024/8192/8192,graph,115,23.8139,13.7410,23.8639,23.8139,
25,8,262144,8192,hyprefill,1024/8192/8192,graph,116,24.4716,14.0156,24.5211,24.4716,
25,8,262144,8192,hyprefill,1024/8192/8192,graph,117,24.1406,14.2902,24.1887,24.1406,
25,8,262144,8192,hyprefill,1024/8192/8192,graph,118,24.0792,13.4665,24.1275,24.0792,
25,8,262144,8192,hyprefill,1024/8192/8192,graph,119,24.0647,14.2902,24.1110,24.0647,
25,8,262144,8192,hyprefill,1024/8192/8192,graph,120,24.2582,13.4665,24.3094,24.2582,
25,8,262144,8192,hyprefill,1024/8192/8192,graph,121,24.0475,14.2902,24.0970,24.0475,
25,8,262144,8192,hyprefill,1024/8192/8192,graph,122,24.1076,13.4665,24.1751,24.1076,
25,8,262144,8192,hyprefill,1024/8192/8192,graph,123,24.0212,14.2902,24.0766,24.0212,
25,8,262144,8192,hyprefill,1024/8192/8192,graph,124,23.7751,13.7410,23.8277,23.7751,
25,8,262144,8192,hyprefill,1024/8192/8192,graph,125,24.0419,13.4665,24.0992,24.0419,
25,8,262144,8192,hyprefill,1024/8192/8192,graph,126,24.0485,14.2902,24.1018,24.0485,
25,8,262144,8192,hyprefill,1024/8192/8192,graph,127,23.7894,13.7410,23.8431,23.7894,
25,8,262144,8192,hyprefill,1024/8192/8192,graph,128,23.7494,13.7410,23.7993,23.7494,
25,8,262144,8192,hyprefill,1024/8192/8192,graph,129,24.1291,14.2902,24.1905,24.1291,
25,8,262144,8192,hyprefill,1024/8192/8192,graph,130,23.8395,13.7410,23.8934,23.8395,
25,8,262144,8192,hyprefill,1024/8192/8192,graph,131,23.9668,13.9838,24.0170,23.9668,
25,8,262144,8192,hyprefill,1024/8192/8192,graph,132,23.7722,13.7410,23.8237,23.7722,
25,8,262144,8192,hyprefill,1024/8192/8192,graph,133,23.6673,13.7410,23.7209,23.6673,
25,8,262144,8192,hyprefill,1024/8192/8192,graph,134,23.9552,14.2902,24.0056,23.9552,
25,8,262144,8192,hyprefill,1024/8192/8192,graph,135,23.7438,13.7410,23.7920,23.7438,
25,8,262144,8192,hyprefill,1024/8192/8192,graph,136,24.0470,14.2902,24.1027,24.0470,
25,8,262144,8192,hyprefill,1024/8192/8192,graph,137,24.0228,13.4665,24.0736,24.0228,
25,8,262144,8192,hyprefill,1024/8192/8192,graph,138,24.3903,13.7729,24.4385,24.3903,
25,8,262144,8192,hyprefill,1024/8192/8192,graph,139,23.6696,13.7410,23.7209,23.6696,
25,8,262144,8192,hyprefill,1024/8192/8192,graph,140,23.6738,13.7410,23.7224,23.6738,
25,8,262144,8192,hyprefill,1024/8192/8192,graph,141,23.6030,13.7410,23.6510,23.6030,
25,8,262144,8192,hyprefill,1024/8192/8192,graph,142,24.0103,14.2902,24.0591,24.0103,
25,8,262144,8192,hyprefill,1024/8192/8192,graph,143,23.8074,13.7410,23.8552,23.8074,
25,8,262144,8192,hyprefill,1024/8192/8192,graph,144,23.7636,13.7410,23.8106,23.7636,
25,8,262144,8192,hyprefill,1024/8192/8192,graph,145,23.4004,14.0156,23.4489,23.4004,
25,8,262144,8192,hyprefill,1024/8192/8192,graph,146,24.1122,13.7410,24.1595,24.1122,
25,8,262144,8192,hyprefill,1024/8192/8192,graph,147,24.3560,13.7092,24.4014,24.3560,
25,8,262144,8192,hyprefill,1024/8192/8192,graph,148,24.1690,14.5330,24.2184,24.1690,
25,8,262144,8192,hyprefill,1024/8192/8192,graph,149,23.9129,13.9838,23.9628,23.9129,
25,8,262144,8192,hyprefill,1024/8192/8192,graph,150,24.2477,14.5330,24.2987,24.2477,
25,8,262144,8192,hyprefill,1024/8192/8192,graph,151,23.9479,13.9838,23.9947,23.9479,
25,8,262144,8192,hyprefill,1024/8192/8192,graph,152,24.3351,14.5330,24.3827,24.3351,
25,8,262144,8192,hyprefill,1024/8192/8192,graph,153,23.7752,13.7410,23.8234,23.7752,
25,8,262144,8192,hyprefill,1024/8192/8192,graph,154,24.2275,13.4665,24.2749,24.2275,
25,8,262144,8192,hyprefill,1024/8192/8192,graph,155,24.0861,14.2902,24.1356,24.0861,
25,8,262144,8192,hyprefill,1024/8192/8192,graph,156,24.1527,13.4665,24.1988,24.1527,
25,8,262144,8192,hyprefill,1024/8192/8192,graph,157,24.1611,13.7729,24.2089,24.1611,
25,8,262144,8192,hyprefill,1024/8192/8192,graph,158,23.6409,13.7410,23.6894,23.6409,
25,8,262144,8192,hyprefill,1024/8192/8192,graph,159,24.4993,13.7729,24.5471,24.4993,
25,8,262144,8192,hyprefill,1024/8192/8192,graph,160,23.7390,13.7410,23.7863,23.7390,
25,8,262144,8192,hyprefill,1024/8192/8192,graph,161,23.6179,13.7410,23.6662,23.6179,
25,8,262144,8192,hyprefill,1024/8192/8192,graph,162,24.0828,14.2902,24.1367,24.0828,
25,8,262144,8192,hyprefill,1024/8192/8192,graph,163,24.1079,13.4665,24.1578,24.1079,
25,8,262144,8192,hyprefill,1024/8192/8192,graph,164,23.9872,14.2902,24.0386,23.9872,
25,8,262144,8192,hyprefill,1024/8192/8192,graph,165,23.7886,13.7410,23.8381,23.7886,
25,8,262144,8192,hyprefill,1024/8192/8192,graph,166,23.4281,14.0156,23.4769,23.4281,
25,8,262144,8192,hyprefill,1024/8192/8192,graph,167,23.9386,13.9838,23.9904,23.9386,
25,8,262144,8192,hyprefill,1024/8192/8192,graph,168,24.0249,14.2902,24.0727,24.0249,
25,8,262144,8192,hyprefill,1024/8192/8192,graph,169,23.7783,13.7410,23.8312,23.7783,
25,8,262144,8192,hyprefill,1024/8192/8192,graph,170,23.7295,13.7410,23.7882,23.7295,
25,8,262144,8192,hyprefill,1024/8192/8192,graph,171,24.3961,14.0156,24.4491,24.3961,
25,8,262144,8192,hyprefill,1024/8192/8192,graph,172,24.5109,14.0156,24.5670,24.5109,
25,8,262144,8192,hyprefill,1024/8192/8192,graph,173,24.4708,14.0156,24.5207,24.4708,
25,8,262144,8192,hyprefill,1024/8192/8192,graph,174,24.5372,13.7729,24.5802,24.5372,
25,8,262144,8192,hyprefill,1024/8192/8192,graph,175,24.1201,13.4665,24.1669,24.1201,
25,8,262144,8192,hyprefill,1024/8192/8192,graph,176,24.0531,14.2902,24.1007,24.0531,
25,8,262144,8192,hyprefill,1024/8192/8192,graph,177,24.1600,13.4665,24.2070,24.1600,
25,8,262144,8192,hyprefill,1024/8192/8192,graph,178,23.7173,13.7410,23.7643,23.7173,
25,8,262144,8192,hyprefill,1024/8192/8192,graph,179,23.7986,13.7410,23.8470,23.7986,
25,8,262144,8192,hyprefill,1024/8192/8192,graph,180,24.1194,14.2902,24.1672,24.1194,
25,8,262144,8192,hyprefill,1024/8192/8192,graph,181,23.6837,13.7410,23.7357,23.6837,
25,8,262144,8192,hyprefill,1024/8192/8192,graph,182,23.2976,14.0156,23.3477,23.2976,
25,8,262144,8192,hyprefill,1024/8192/8192,graph,183,23.8329,13.9838,23.8805,23.8329,
25,8,262144,8192,hyprefill,1024/8192/8192,graph,184,23.9314,14.8076,23.9845,23.9314,
25,8,262144,8192,hyprefill,1024/8192/8192,graph,185,23.9484,13.9838,23.9953,23.9484,
25,8,262144,8192,hyprefill,1024/8192/8192,graph,186,24.0015,14.2902,24.0525,24.0015,
25,8,262144,8192,hyprefill,1024/8192/8192,graph,187,23.7430,13.7410,23.8013,23.7430,
25,8,262144,8192,hyprefill,1024/8192/8192,graph,188,23.5974,13.7410,23.6545,23.5974,
25,8,262144,8192,hyprefill,1024/8192/8192,graph,189,24.0132,14.2902,24.0649,24.0132,
25,8,262144,8192,hyprefill,1024/8192/8192,graph,190,24.1357,13.4665,24.1931,24.1357,
25,8,262144,8192,hyprefill,1024/8192/8192,graph,191,24.0796,14.2902,24.1315,24.0796,
25,8,262144,8192,hyprefill,1024/8192/8192,graph,192,23.6499,13.7410,23.7033,23.6499,
25,8,262144,8192,hyprefill,1024/8192/8192,graph,193,23.7257,13.7410,23.7811,23.7257,
25,8,262144,8192,hyprefill,1024/8192/8192,graph,194,23.6721,13.7410,23.7221,23.6721,
25,8,262144,8192,hyprefill,1024/8192/8192,graph,195,24.0245,14.2902,24.0743,24.0245,
25,8,262144,8192,hyprefill,1024/8192/8192,graph,196,23.7710,13.7410,23.8274,23.7710,
25,8,262144,8192,hyprefill,1024/8192/8192,graph,197,23.7400,13.7410,23.7876,23.7400,
25,8,262144,8192,hyprefill,1024/8192/8192,graph,198,23.8689,13.7410,23.9229,23.8689,
25,8,262144,8192,hyprefill,1024/8192/8192,graph,199,24.1428,14.2902,24.1934,24.1428,
25,8,262144,8192,hyprefill,512/8192/8192,graph,0,23.8755,14.3539,23.9415,23.8755,
25,8,262144,8192,hyprefill,512/8192/8192,graph,1,23.5899,13.8047,23.6752,23.5899,
25,8,262144,8192,hyprefill,512/8192/8192,graph,2,23.4495,14.6285,23.5184,23.4495,
25,8,262144,8192,hyprefill,512/8192/8192,graph,3,23.4134,13.8047,23.4904,23.4134,
25,8,262144,8192,hyprefill,512/8192/8192,graph,4,22.8768,14.3857,22.9464,22.8768,
25,8,262144,8192,hyprefill,512/8192/8192,graph,5,23.4809,13.8047,23.5476,23.4809,
25,8,262144,8192,hyprefill,512/8192/8192,graph,6,23.9371,13.8365,24.0054,23.9371,
25,8,262144,8192,hyprefill,512/8192/8192,graph,7,23.6842,13.8365,23.7524,23.6842,
25,8,262144,8192,hyprefill,512/8192/8192,graph,8,23.4411,13.5938,23.5056,23.4411,
25,8,262144,8192,hyprefill,512/8192/8192,graph,9,23.4915,14.1429,23.5542,23.4915,
25,8,262144,8192,hyprefill,512/8192/8192,graph,10,23.7950,13.8365,23.8610,23.7950,
25,8,262144,8192,hyprefill,512/8192/8192,graph,11,23.4330,14.1111,23.4970,23.4330,
25,8,262144,8192,hyprefill,512/8192/8192,graph,12,23.8566,13.8365,23.9216,23.8566,
25,8,262144,8192,hyprefill,512/8192/8192,graph,13,23.5322,14.1429,23.5961,23.5322,
25,8,262144,8192,hyprefill,512/8192/8192,graph,14,23.6208,13.5938,23.6843,23.6208,
25,8,262144,8192,hyprefill,512/8192/8192,graph,15,23.5447,14.1429,23.6195,23.5447,
25,8,262144,8192,hyprefill,512/8192/8192,graph,16,23.7973,13.8365,23.8678,23.7973,
25,8,262144,8192,hyprefill,512/8192/8192,graph,17,23.3240,14.1111,23.3908,23.3240,
25,8,262144,8192,hyprefill,512/8192/8192,graph,18,23.3594,14.1111,23.4243,23.3594,
25,8,262144,8192,hyprefill,512/8192/8192,graph,19,23.7898,13.8365,23.8549,23.7898,
25,8,262144,8192,hyprefill,512/8192/8192,graph,20,23.4212,14.1111,23.4916,23.4212,
25,8,262144,8192,hyprefill,512/8192/8192,graph,21,23.5268,13.8047,23.5935,23.5268,
25,8,262144,8192,hyprefill,512/8192/8192,graph,22,23.6028,14.3220,23.6675,23.6028,
25,8,262144,8192,hyprefill,512/8192/8192,graph,23,23.7441,14.3539,23.8109,23.7441,
25,8,262144,8192,hyprefill,512/8192/8192,graph,24,23.4396,13.8047,23.5059,23.4396,
25,8,262144,8192,hyprefill,512/8192/8192,graph,25,23.7748,14.3539,23.8389,23.7748,
25,8,262144,8192,hyprefill,512/8192/8192,graph,26,23.6716,13.8365,23.7354,23.6716,
25,8,262144,8192,hyprefill,512/8192/8192,graph,27,23.3150,14.1111,23.3842,23.3150,
25,8,262144,8192,hyprefill,512/8192/8192,graph,28,23.6933,13.8365,23.7621,23.6933,
25,8,262144,8192,hyprefill,512/8192/8192,graph,29,23.4294,13.5938,23.4940,23.4294,
25,8,262144,8192,hyprefill,512/8192/8192,graph,30,23.4536,14.1429,23.5182,23.4536,
25,8,262144,8192,hyprefill,512/8192/8192,graph,31,23.4511,13.5938,23.5139,23.4511,
25,8,262144,8192,hyprefill,512/8192/8192,graph,32,23.4847,14.1429,23.5514,23.4847,
25,8,262144,8192,hyprefill,512/8192/8192,graph,33,23.7167,13.8365,23.7814,23.7167,
25,8,262144,8192,hyprefill,512/8192/8192,graph,34,23.3281,14.1111,23.3918,23.3281,
25,8,262144,8192,hyprefill,512/8192/8192,graph,35,23.2452,13.5619,23.3068,23.2452,
25,8,262144,8192,hyprefill,512/8192/8192,graph,36,23.2788,14.1111,23.3418,23.2788,
25,8,262144,8192,hyprefill,512/8192/8192,graph,37,23.7185,13.8365,23.7820,23.7185,
25,8,262144,8192,hyprefill,512/8192/8192,graph,38,23.3512,14.1111,23.4144,23.3512,
25,8,262144,8192,hyprefill,512/8192/8192,graph,39,23.7377,13.8365,23.8087,23.7377,
25,8,262144,8192,hyprefill,512/8192/8192,graph,40,23.7692,13.8365,23.8394,23.7692,
25,8,262144,8192,hyprefill,512/8192/8192,graph,41,23.8614,13.8365,23.9249,23.8614,
25,8,262144,8192,hyprefill,512/8192/8192,graph,42,23.5215,13.8047,23.5644,23.5215,
25,8,262144,8192,hyprefill,512/8192/8192,graph,43,23.2994,14.1111,23.3694,23.2994,
25,8,262144,8192,hyprefill,512/8192/8192,graph,44,23.6545,13.8365,23.7191,23.6545,
25,8,262144,8192,hyprefill,512/8192/8192,graph,45,23.8303,14.0475,23.8929,23.8303,
25,8,262144,8192,hyprefill,512/8192/8192,graph,46,23.7978,14.3539,23.8610,23.7978,
25,8,262144,8192,hyprefill,512/8192/8192,graph,47,23.4146,13.8047,23.4621,23.4146,
25,8,262144,8192,hyprefill,512/8192/8192,graph,48,23.7925,14.3539,23.8405,23.7925,
25,8,262144,8192,hyprefill,512/8192/8192,graph,49,23.0494,13.5619,23.0979,23.0494,
25,8,262144,8192,hyprefill,512/8192/8192,graph,50,23.3572,14.1111,23.4046,23.3572,
25,8,262144,8192,hyprefill,512/8192/8192,graph,51,23.1745,13.5619,23.2452,23.1745,
25,8,262144,8192,hyprefill,512/8192/8192,graph,52,23.4878,13.5938,23.5368,23.4878,
25,8,262144,8192,hyprefill,512/8192/8192,graph,53,22.9675,13.8683,23.0145,22.9675,
25,8,262144,8192,hyprefill,512/8192/8192,graph,54,23.5235,13.5938,23.5712,23.5235,
25,8,262144,8192,hyprefill,512/8192/8192,graph,55,23.2967,14.1111,23.3437,23.2967,
25,8,262144,8192,hyprefill,512/8192/8192,graph,56,23.7063,13.8365,23.7535,23.7063,
25,8,262144,8192,hyprefill,512/8192/8192,graph,57,23.7083,13.8365,23.7533,23.7083,
25,8,262144,8192,hyprefill,512/8192/8192,graph,58,23.3124,14.1111,23.3604,23.3124,
25,8,262144,8192,hyprefill,512/8192/8192,graph,59,22.9600,13.5619,23.0073,22.9600,
25,8,262144,8192,hyprefill,512/8192/8192,graph,60,23.3521,14.1111,23.4088,23.3521,
25,8,262144,8192,hyprefill,512/8192/8192,graph,61,23.0805,13.5619,23.1273,23.0805,
25,8,262144,8192,hyprefill,512/8192/8192,graph,62,23.2982,14.1111,23.3457,23.2982,
25,8,262144,8192,hyprefill,512/8192/8192,graph,63,23.2468,14.1111,23.2942,23.2468,
25,8,262144,8192,hyprefill,512/8192/8192,graph,64,23.2672,14.1111,23.3150,23.2672,
25,8,262144,8192,hyprefill,512/8192/8192,graph,65,23.4049,13.8047,23.4605,23.4049,
25,8,262144,8192,hyprefill,512/8192/8192,graph,66,23.2506,14.1111,23.2977,23.2506,
25,8,262144,8192,hyprefill,512/8192/8192,graph,67,23.3961,14.1111,23.4428,23.3961,
25,8,262144,8192,hyprefill,512/8192/8192,graph,68,23.2302,13.7729,23.2759,23.2302,
25,8,262144,8192,hyprefill,512/8192/8192,graph,69,23.3410,14.6285,23.3885,23.3410,
25,8,262144,8192,hyprefill,512/8192/8192,graph,70,23.4880,13.8047,23.5342,23.4880,
25,8,262144,8192,hyprefill,512/8192/8192,graph,71,23.0972,14.0793,23.1454,23.0972,
25,8,262144,8192,hyprefill,512/8192/8192,graph,72,23.3691,13.8047,23.4164,23.3691,
25,8,262144,8192,hyprefill,512/8192/8192,graph,73,23.6197,14.6603,23.6680,23.6197,
25,8,262144,8192,hyprefill,512/8192/8192,graph,74,23.4607,13.8047,23.5078,23.4607,
25,8,262144,8192,hyprefill,512/8192/8192,graph,75,23.6723,13.8365,23.7198,23.6723,
25,8,262144,8192,hyprefill,512/8192/8192,graph,76,23.2955,14.1111,23.3417,23.2955,
25,8,262144,8192,hyprefill,512/8192/8192,graph,77,23.8109,13.8365,23.8576,23.8109,
25,8,262144,8192,hyprefill,512/8192/8192,graph,78,23.8641,13.8365,23.9107,23.8641,
25,8,262144,8192,hyprefill,512/8192/8192,graph,79,23.7210,13.8365,23.7692,23.7210,
25,8,262144,8192,hyprefill,512/8192/8192,graph,80,23.3049,14.1111,23.3582,23.3049,
25,8,262144,8192,hyprefill,512/8192/8192,graph,81,23.2938,14.1111,23.3418,23.2938,
25,8,262144,8192,hyprefill,512/8192/8192,graph,82,23.6390,13.8365,23.6863,23.6390,
25,8,262144,8192,hyprefill,512/8192/8192,graph,83,23.6669,14.1429,23.7138,23.6669,
25,8,262144,8192,hyprefill,512/8192/8192,graph,84,23.7258,13.8365,23.7734,23.7258,
25,8,262144,8192,hyprefill,512/8192/8192,graph,85,23.7922,13.8365,23.8386,23.7922,
25,8,262144,8192,hyprefill,512/8192/8192,graph,86,23.2537,14.1111,23.3002,23.2537,
25,8,262144,8192,hyprefill,512/8192/8192,graph,87,23.9189,13.8365,23.9661,23.9189,
25,8,262144,8192,hyprefill,512/8192/8192,graph,88,23.9653,13.8365,24.0121,23.9653,
25,8,262144,8192,hyprefill,512/8192/8192,graph,89,23.7867,13.8365,23.8334,23.7867,
25,8,262144,8192,hyprefill,512/8192/8192,graph,90,23.3039,14.1111,23.3511,23.3039,
25,8,262144,8192,hyprefill,512/8192/8192,graph,91,23.5673,13.8047,23.6158,23.5673,
25,8,262144,8192,hyprefill,512/8192/8192,graph,92,23.4050,14.1111,23.4620,23.4050,
25,8,262144,8192,hyprefill,512/8192/8192,graph,93,23.9581,13.8365,24.0089,23.9581,
25,8,262144,8192,hyprefill,512/8192/8192,graph,94,23.4727,14.1111,23.5218,23.4727,
25,8,262144,8192,hyprefill,512/8192/8192,graph,95,23.9219,13.5301,23.9761,23.9219,
25,8,262144,8192,hyprefill,512/8192/8192,graph,96,23.6664,14.6603,23.7141,23.6664,
25,8,262144,8192,hyprefill,512/8192/8192,graph,97,24.0063,13.5301,24.0599,24.0063,
25,8,262144,8192,hyprefill,512/8192/8192,graph,98,23.6716,13.8365,23.7194,23.6716,
25,8,262144,8192,hyprefill,512/8192/8192,graph,99,23.3019,14.1111,23.3530,23.3019,
25,8,262144,8192,hyprefill,512/8192/8192,graph,100,23.7241,13.8365,23.7711,23.7241,
25,8,262144,8192,hyprefill,512/8192/8192,graph,101,23.7101,13.8365,23.7578,23.7101,
25,8,262144,8192,hyprefill,512/8192/8192,graph,102,23.2640,14.1111,23.3109,23.2640,
25,8,262144,8192,hyprefill,512/8192/8192,graph,103,23.7478,13.8365,23.7944,23.7478,
25,8,262144,8192,hyprefill,512/8192/8192,graph,104,23.7193,13.8365,23.7657,23.7193,
25,8,262144,8192,hyprefill,512/8192/8192,graph,105,23.6809,13.8365,23.7286,23.6809,
25,8,262144,8192,hyprefill,512/8192/8192,graph,106,23.7185,14.1429,23.7659,23.7185,
25,8,262144,8192,hyprefill,512/8192/8192,graph,107,23.7570,13.8365,23.8001,23.7570,
25,8,262144,8192,hyprefill,512/8192/8192,graph,108,23.8283,13.8365,23.8751,23.8283,
25,8,262144,8192,hyprefill,512/8192/8192,graph,109,23.3907,14.1111,23.4382,23.3907,
25,8,262144,8192,hyprefill,512/8192/8192,graph,110,23.7562,13.8365,23.8028,23.7562,
25,8,262144,8192,hyprefill,512/8192/8192,graph,111,23.5748,13.8047,23.6288,23.5748,
25,8,262144,8192,hyprefill,512/8192/8192,graph,112,23.3125,14.1111,23.3625,23.3125,
25,8,262144,8192,hyprefill,512/8192/8192,graph,113,23.3068,14.1111,23.3564,23.3068,
25,8,262144,8192,hyprefill,512/8192/8192,graph,114,23.6028,13.8047,23.6544,23.6028,
25,8,262144,8192,hyprefill,512/8192/8192,graph,115,23.4776,14.1111,23.5289,23.4776,
25,8,262144,8192,hyprefill,512/8192/8192,graph,116,23.3917,13.8047,23.4411,23.3917,
25,8,262144,8192,hyprefill,512/8192/8192,graph,117,23.5292,14.1111,23.5771,23.5292,
25,8,262144,8192,hyprefill,512/8192/8192,graph,118,23.3863,13.8047,23.4341,23.3863,
25,8,262144,8192,hyprefill,512/8192/8192,graph,119,23.6564,14.6603,23.7104,23.6564,
25,8,262144,8192,hyprefill,512/8192/8192,graph,120,23.9204,13.5301,23.9753,23.9204,
25,8,262144,8192,hyprefill,512/8192/8192,graph,121,23.7542,13.8365,23.8067,23.7542,
25,8,262144,8192,hyprefill,512/8192/8192,graph,122,23.2902,13.5938,23.3386,23.2902,
25,8,262144,8192,hyprefill,512/8192/8192,graph,123,23.2720,14.1111,23.3199,23.2720,
25,8,262144,8192,hyprefill,512/8192/8192,graph,124,23.7175,13.8365,23.7652,23.7175,
25,8,262144,8192,hyprefill,512/8192/8192,graph,125,23.6889,13.8365,23.7401,23.6889,
25,8,262144,8192,hyprefill,512/8192/8192,graph,126,23.3535,14.1111,23.4055,23.3535,
25,8,262144,8192,hyprefill,512/8192/8192,graph,127,23.2889,14.1111,23.3364,23.2889,
25,8,262144,8192,hyprefill,512/8192/8192,graph,128,23.8717,13.8365,23.9185,23.8717,
25,8,262144,8192,hyprefill,512/8192/8192,graph,129,23.4461,14.1111,23.4925,23.4461,
25,8,262144,8192,hyprefill,512/8192/8192,graph,130,23.1947,13.5619,23.2411,23.1947,
25,8,262144,8192,hyprefill,512/8192/8192,graph,131,23.2881,14.1111,23.3352,23.2881,
25,8,262144,8192,hyprefill,512/8192/8192,graph,132,23.2201,14.1111,23.2678,23.2201,
25,8,262144,8192,hyprefill,512/8192/8192,graph,133,23.2838,14.1111,23.3332,23.2838,
25,8,262144,8192,hyprefill,512/8192/8192,graph,134,23.4942,13.8047,23.5415,23.4942,
25,8,262144,8192,hyprefill,512/8192/8192,graph,135,23.7426,13.8365,23.7897,23.7426,
25,8,262144,8192,hyprefill,512/8192/8192,graph,136,23.3167,14.1111,23.3636,23.3167,
25,8,262144,8192,hyprefill,512/8192/8192,graph,137,23.7034,13.8047,23.7526,23.7034,
25,8,262144,8192,hyprefill,512/8192/8192,graph,138,23.5223,14.1111,23.5696,23.5223,
25,8,262144,8192,hyprefill,512/8192/8192,graph,139,23.9920,13.8365,24.0390,23.9920,
25,8,262144,8192,hyprefill,512/8192/8192,graph,140,23.6380,14.1111,23.6851,23.6380,
25,8,262144,8192,hyprefill,512/8192/8192,graph,141,23.8033,13.5301,23.8512,23.8033,
25,8,262144,8192,hyprefill,512/8192/8192,graph,142,23.6649,14.6603,23.7119,23.6649,
25,8,262144,8192,hyprefill,512/8192/8192,graph,143,23.5665,13.8047,23.6143,23.5665,
25,8,262144,8192,hyprefill,512/8192/8192,graph,144,23.6081,14.1429,23.6555,23.6081,
25,8,262144,8192,hyprefill,512/8192/8192,graph,145,23.3799,13.5938,23.4279,23.3799,
25,8,262144,8192,hyprefill,512/8192/8192,graph,146,23.8077,13.8365,23.8551,23.8077,
25,8,262144,8192,hyprefill,512/8192/8192,graph,147,23.8916,13.8365,23.9383,23.8916,
25,8,262144,8192,hyprefill,512/8192/8192,graph,148,23.7189,13.8365,23.7660,23.7189,
25,8,262144,8192,hyprefill,512/8192/8192,graph,149,23.2727,14.1111,23.3197,23.2727,
25,8,262144,8192,hyprefill,512/8192/8192,graph,150,23.6779,13.8365,23.7256,23.6779,
25,8,262144,8192,hyprefill,512/8192/8192,graph,151,23.7001,13.8365,23.7471,23.7001,
25,8,262144,8192,hyprefill,512/8192/8192,graph,152,23.3753,14.1111,23.4227,23.3753,
25,8,262144,8192,hyprefill,512/8192/8192,graph,153,23.7734,13.8365,23.8199,23.7734,
25,8,262144,8192,hyprefill,512/8192/8192,graph,154,23.8441,13.8365,23.8987,23.8441,
25,8,262144,8192,hyprefill,512/8192/8192,graph,155,23.8019,13.8365,23.8506,23.8019,
25,8,262144,8192,hyprefill,512/8192/8192,graph,156,23.3581,14.1111,23.4066,23.3581,
25,8,262144,8192,hyprefill,512/8192/8192,graph,157,24.0144,13.8365,24.0617,24.0144,
25,8,262144,8192,hyprefill,512/8192/8192,graph,158,23.7578,13.8365,23.8151,23.7578,
25,8,262144,8192,hyprefill,512/8192/8192,graph,159,23.3514,14.1111,23.4015,23.3514,
25,8,262144,8192,hyprefill,512/8192/8192,graph,160,23.7040,13.8047,23.7579,23.7040,
25,8,262144,8192,hyprefill,512/8192/8192,graph,161,23.5706,14.1111,23.6196,23.5706,
25,8,262144,8192,hyprefill,512/8192/8192,graph,162,23.5049,13.8047,23.5510,23.5049,
25,8,262144,8192,hyprefill,512/8192/8192,graph,163,23.7066,14.1111,23.7531,23.7066,
25,8,262144,8192,hyprefill,512/8192/8192,graph,164,23.8802,13.5301,23.9272,23.8802,
25,8,262144,8192,hyprefill,512/8192/8192,graph,165,23.6696,14.6603,23.7234,23.6696,
25,8,262144,8192,hyprefill,512/8192/8192,graph,166,23.8782,13.5301,23.9448,23.8782,
25,8,262144,8192,hyprefill,512/8192/8192,graph,167,23.5973,14.1429,23.6486,23.5973,
25,8,262144,8192,hyprefill,512/8192/8192,graph,168,23.3343,13.5938,23.3824,23.3343,
25,8,262144,8192,hyprefill,512/8192/8192,graph,169,23.7587,13.8365,23.8064,23.7587,
25,8,262144,8192,hyprefill,512/8192/8192,graph,170,23.7652,14.3539,23.8142,23.7652,
25,8,262144,8192,hyprefill,512/8192/8192,graph,171,23.7609,13.8365,23.8081,23.7609,
25,8,262144,8192,hyprefill,512/8192/8192,graph,172,23.4021,14.1111,23.4456,23.4021,
25,8,262144,8192,hyprefill,512/8192/8192,graph,173,23.8404,13.8365,23.8942,23.8404,
25,8,262144,8192,hyprefill,512/8192/8192,graph,174,23.8504,13.8365,23.9032,23.8504,
25,8,262144,8192,hyprefill,512/8192/8192,graph,175,23.4519,14.1111,23.5022,23.4519,
25,8,262144,8192,hyprefill,512/8192/8192,graph,176,23.8146,13.8365,23.8648,23.8146,
25,8,262144,8192,hyprefill,512/8192/8192,graph,177,23.7671,13.8365,23.8216,23.7671,
25,8,262144,8192,hyprefill,512/8192/8192,graph,178,23.3675,14.1111,23.4206,23.3675,
25,8,262144,8192,hyprefill,512/8192/8192,graph,179,23.7903,13.8365,23.8424,23.7903,
25,8,262144,8192,hyprefill,512/8192/8192,graph,180,24.0149,13.8365,24.0664,24.0149,
25,8,262144,8192,hyprefill,512/8192/8192,graph,181,23.8412,13.8365,23.8895,23.8412,
25,8,262144,8192,hyprefill,512/8192/8192,graph,182,23.3063,14.1111,23.3556,23.3063,
25,8,262144,8192,hyprefill,512/8192/8192,graph,183,23.6794,13.8047,23.7642,23.6794,
25,8,262144,8192,hyprefill,512/8192/8192,graph,184,23.6889,13.8365,23.7388,23.6889,
25,8,262144,8192,hyprefill,512/8192/8192,graph,185,23.3331,14.1111,23.3830,23.3331,
25,8,262144,8192,hyprefill,512/8192/8192,graph,186,23.8292,13.8365,23.8757,23.8292,
25,8,262144,8192,hyprefill,512/8192/8192,graph,187,23.6273,13.8365,23.6766,23.6273,
25,8,262144,8192,hyprefill,512/8192/8192,graph,188,23.7771,14.1429,23.8252,23.7771,
25,8,262144,8192,hyprefill,512/8192/8192,graph,189,23.7208,13.8365,23.7685,23.7208,
25,8,262144,8192,hyprefill,512/8192/8192,graph,190,23.6304,14.1429,23.6792,23.6304,
25,8,262144,8192,hyprefill,512/8192/8192,graph,191,23.5178,13.5938,23.5653,23.5178,
25,8,262144,8192,hyprefill,512/8192/8192,graph,192,23.3637,14.1111,23.4117,23.3637,
25,8,262144,8192,hyprefill,512/8192/8192,graph,193,23.8826,13.8365,23.9298,23.8826,
25,8,262144,8192,hyprefill,512/8192/8192,graph,194,23.7676,13.8365,23.8146,23.7676,
25,8,262144,8192,hyprefill,512/8192/8192,graph,195,23.3844,14.1111,23.4299,23.3844,
25,8,262144,8192,hyprefill,512/8192/8192,graph,196,23.7639,13.8365,23.8106,23.7639,
25,8,262144,8192,hyprefill,512/8192/8192,graph,197,23.5758,13.8047,23.6276,23.5758,
25,8,262144,8192,hyprefill,512/8192/8192,graph,198,23.5036,14.6285,23.5513,23.5036,
25,8,262144,8192,hyprefill,512/8192/8192,graph,199,23.5532,13.8047,23.6011,23.5532,
25,8,262144,8192,hyprefill,1024/2048/2048,graph,0,24.3901,14.2902,24.4422,24.3901,
25,8,262144,8192,hyprefill,1024/2048/2048,graph,1,24.1186,14.8394,24.1646,24.1186,
25,8,262144,8192,hyprefill,1024/2048/2048,graph,2,24.2021,14.8394,24.2478,24.2021,
25,8,262144,8192,hyprefill,1024/2048/2048,graph,3,24.0216,14.5648,24.0680,24.0216,
25,8,262144,8192,hyprefill,1024/2048/2048,graph,4,24.0187,14.8394,24.0652,24.0187,
25,8,262144,8192,hyprefill,1024/2048/2048,graph,5,24.4767,14.2902,24.5223,24.4767,
25,8,262144,8192,hyprefill,1024/2048/2048,graph,6,24.2337,15.3886,24.2802,24.2337,
25,8,262144,8192,hyprefill,1024/2048/2048,graph,7,22.6115,14.5330,22.6562,22.6115,
25,8,262144,8192,hyprefill,1024/2048/2048,graph,8,24.0600,15.6632,24.1101,24.0600,
25,8,262144,8192,hyprefill,1024/2048/2048,graph,9,24.4407,14.2902,24.4918,24.4407,
25,8,262144,8192,hyprefill,1024/2048/2048,graph,10,24.1171,15.1140,24.1665,24.1171,
25,8,262144,8192,hyprefill,1024/2048/2048,graph,11,24.3126,14.8394,24.3624,24.3126,
25,8,262144,8192,hyprefill,1024/2048/2048,graph,12,24.1277,14.5648,24.1758,24.1277,
25,8,262144,8192,hyprefill,1024/2048/2048,graph,13,24.2017,14.8394,24.2476,24.2017,
25,8,262144,8192,hyprefill,1024/2048/2048,graph,14,24.2520,14.2902,24.2976,24.2520,
25,8,262144,8192,hyprefill,1024/2048/2048,graph,15,23.9798,15.3886,24.0266,23.9798,
25,8,262144,8192,hyprefill,1024/2048/2048,graph,16,23.0301,14.5330,23.0785,23.0301,
25,8,262144,8192,hyprefill,1024/2048/2048,graph,17,24.2371,15.6632,24.2875,24.2371,
25,8,262144,8192,hyprefill,1024/2048/2048,graph,18,24.4557,14.2902,24.5015,24.4557,
25,8,262144,8192,hyprefill,1024/2048/2048,graph,19,24.2055,15.1140,24.2531,24.2055,
25,8,262144,8192,hyprefill,1024/2048/2048,graph,20,24.2247,14.5648,24.2729,24.2247,
25,8,262144,8192,hyprefill,1024/2048/2048,graph,21,24.3785,14.8394,24.4386,24.3785,
25,8,262144,8192,hyprefill,1024/2048/2048,graph,22,24.3723,14.8394,24.4226,24.3723,
25,8,262144,8192,hyprefill,1024/2048/2048,graph,23,24.2861,14.2902,24.3350,24.2861,
25,8,262144,8192,hyprefill,1024/2048/2048,graph,24,24.1880,15.6632,24.2395,24.1880,
25,8,262144,8192,hyprefill,1024/2048/2048,graph,25,23.1016,14.5330,23.1536,23.1016,
25,8,262144,8192,hyprefill,1024/2048/2048,graph,26,23.9344,15.3886,23.9848,23.9344,
25,8,262144,8192,hyprefill,1024/2048/2048,graph,27,24.1604,14.0156,24.2221,24.1604,
25,8,262144,8192,hyprefill,1024/2048/2048,graph,28,24.2022,15.1140,24.2555,24.2022,
25,8,262144,8192,hyprefill,1024/2048/2048,graph,29,23.9953,14.5648,24.0467,23.9953,
25,8,262144,8192,hyprefill,1024/2048/2048,graph,30,24.1698,14.5648,24.2210,24.1698,
25,8,262144,8192,hyprefill,1024/2048/2048,graph,31,24.0818,14.5648,24.1306,24.0818,
25,8,262144,8192,hyprefill,1024/2048/2048,graph,32,24.0204,14.8394,24.0694,24.0204,
25,8,262144,8192,hyprefill,1024/2048/2048,graph,33,24.2628,15.3886,24.3091,24.2628,
25,8,262144,8192,hyprefill,1024/2048/2048,graph,34,22.5024,14.8076,22.5504,22.5024,
25,8,262144,8192,hyprefill,1024/2048/2048,graph,35,24.1728,15.1140,24.2171,24.1728,
25,8,262144,8192,hyprefill,1024/2048/2048,graph,36,24.2870,14.0156,24.3333,24.2870,
25,8,262144,8192,hyprefill,1024/2048/2048,graph,37,24.0622,15.6632,24.1093,24.0622,
25,8,262144,8192,hyprefill,1024/2048/2048,graph,38,24.4918,14.2902,24.5380,24.4918,
25,8,262144,8192,hyprefill,1024/2048/2048,graph,39,24.0606,15.1140,24.1074,24.0606,
25,8,262144,8192,hyprefill,1024/2048/2048,graph,40,23.9287,14.5648,23.9750,23.9287,
25,8,262144,8192,hyprefill,1024/2048/2048,graph,41,23.8973,14.5648,23.9424,23.8973,
25,8,262144,8192,hyprefill,1024/2048/2048,graph,42,23.9845,14.8394,24.0259,23.9845,
25,8,262144,8192,hyprefill,1024/2048/2048,graph,43,24.3506,14.2902,24.3985,24.3506,
25,8,262144,8192,hyprefill,1024/2048/2048,graph,44,24.2862,15.1140,24.3299,24.2862,
25,8,262144,8192,hyprefill,1024/2048/2048,graph,45,22.5604,14.8076,22.6059,22.5604,
25,8,262144,8192,hyprefill,1024/2048/2048,graph,46,24.0775,15.1140,24.1222,24.0775,
25,8,262144,8192,hyprefill,1024/2048/2048,graph,47,24.1501,14.2902,24.1970,24.1501,
25,8,262144,8192,hyprefill,1024/2048/2048,graph,48,24.0683,14.8394,24.1139,24.0683,
25,8,262144,8192,hyprefill,1024/2048/2048,graph,49,24.3027,14.5648,24.3498,24.3027,
25,8,262144,8192,hyprefill,1024/2048/2048,graph,50,24.1787,15.1140,24.2239,24.1787,
25,8,262144,8192,hyprefill,1024/2048/2048,graph,51,24.0292,14.8394,24.0767,24.0292,
25,8,262144,8192,hyprefill,1024/2048/2048,graph,52,24.1071,14.2902,24.1541,24.1071,
25,8,262144,8192,hyprefill,1024/2048/2048,graph,53,23.7900,15.3886,23.8367,23.7900,
25,8,262144,8192,hyprefill,1024/2048/2048,graph,54,22.4273,14.5330,22.4820,22.4273,
25,8,262144,8192,hyprefill,1024/2048/2048,graph,55,24.0240,15.1140,24.0744,24.0240,
25,8,262144,8192,hyprefill,1024/2048/2048,graph,56,23.9317,14.5648,23.9829,23.9317,
25,8,262144,8192,hyprefill,1024/2048/2048,graph,57,24.2686,14.2902,24.3128,24.2686,
25,8,262144,8192,hyprefill,1024/2048/2048,graph,58,24.0820,15.1140,24.1288,24.0820,
25,8,262144,8192,hyprefill,1024/2048/2048,graph,59,24.3028,14.0156,24.3492,24.3028,
25,8,262144,8192,hyprefill,1024/2048/2048,graph,60,24.0353,15.3886,24.0852,24.0353,
25,8,262144,8192,hyprefill,1024/2048/2048,graph,61,24.3141,13.4665,24.3635,24.3141,
25,8,262144,8192,hyprefill,1024/2048/2048,graph,62,23.3462,15.6632,23.3949,23.3462,
25,8,262144,8192,hyprefill,1024/2048/2048,graph,63,22.4592,14.2584,22.5045,22.4592,
25,8,262144,8192,hyprefill,1024/2048/2048,graph,64,24.2119,15.6632,24.2567,24.2119,
25,8,262144,8192,hyprefill,1024/2048/2048,graph,65,24.0704,14.2902,24.1165,24.0704,
25,8,262144,8192,hyprefill,1024/2048/2048,graph,66,23.9658,14.8394,24.0118,23.9658,
25,8,262144,8192,hyprefill,1024/2048/2048,graph,67,24.0263,14.5648,24.0920,24.0263,
25,8,262144,8192,hyprefill,1024/2048/2048,graph,68,23.8925,14.5648,23.9437,23.8925,
25,8,262144,8192,hyprefill,1024/2048/2048,graph,69,24.3128,14.5648,24.3657,24.3128,
25,8,262144,8192,hyprefill,1024/2048/2048,graph,70,24.2624,14.2902,24.3116,24.2624,
25,8,262144,8192,hyprefill,1024/2048/2048,graph,71,24.3047,15.1140,24.3524,24.3047,
25,8,262144,8192,hyprefill,1024/2048/2048,graph,72,23.8361,14.2902,23.8845,23.8361,
25,8,262144,8192,hyprefill,1024/2048/2048,graph,73,23.9788,14.8394,24.0236,23.9788,
25,8,262144,8192,hyprefill,1024/2048/2048,graph,74,24.2396,14.2902,24.2893,24.2396,
25,8,262144,8192,hyprefill,1024/2048/2048,graph,75,23.9164,14.8394,23.9678,23.9164,
25,8,262144,8192,hyprefill,1024/2048/2048,graph,76,23.0387,15.0822,23.0854,23.0387,
25,8,262144,8192,hyprefill,1024/2048/2048,graph,77,23.9678,15.1140,24.0167,23.9678,
25,8,262144,8192,hyprefill,1024/2048/2048,graph,78,24.2023,14.8394,24.2492,24.2023,
25,8,262144,8192,hyprefill,1024/2048/2048,graph,79,24.0045,14.5648,24.0568,24.0045,
25,8,262144,8192,hyprefill,1024/2048/2048,graph,80,23.7941,14.8394,23.8488,23.7941,
25,8,262144,8192,hyprefill,1024/2048/2048,graph,81,22.9888,14.8076,23.0438,22.9888,
25,8,262144,8192,hyprefill,1024/2048/2048,graph,82,23.8144,14.8394,23.8623,23.8144,
25,8,262144,8192,hyprefill,1024/2048/2048,graph,83,24.0461,14.8394,24.0930,24.0461,
25,8,262144,8192,hyprefill,1024/2048/2048,graph,84,24.2792,14.8394,24.3273,24.2792,
25,8,262144,8192,hyprefill,1024/2048/2048,graph,85,24.3227,14.8394,24.3703,24.3227,
25,8,262144,8192,hyprefill,1024/2048/2048,graph,86,24.0058,14.5648,24.0525,24.0058,
25,8,262144,8192,hyprefill,1024/2048/2048,graph,87,23.8934,14.5648,23.9455,23.8934,
25,8,262144,8192,hyprefill,1024/2048/2048,graph,88,24.0525,14.5648,24.1032,24.0525,
25,8,262144,8192,hyprefill,1024/2048/2048,graph,89,24.1448,14.8394,24.1913,24.1448,
25,8,262144,8192,hyprefill,1024/2048/2048,graph,90,24.1963,14.2902,24.2452,24.1963,
25,8,262144,8192,hyprefill,1024/2048/2048,graph,91,24.2577,15.3886,24.3039,24.2577,
25,8,262144,8192,hyprefill,1024/2048/2048,graph,92,24.1466,14.2902,24.1937,24.1466,
25,8,262144,8192,hyprefill,1024/2048/2048,graph,93,23.7304,14.8394,23.7843,23.7304,
25,8,262144,8192,hyprefill,1024/2048/2048,graph,94,22.3839,15.0822,22.4322,22.3839,
25,8,262144,8192,hyprefill,1024/2048/2048,graph,95,23.9986,15.1140,24.0466,23.9986,
25,8,262144,8192,hyprefill,1024/2048/2048,graph,96,24.2793,14.5648,24.3252,24.2793,
25,8,262144,8192,hyprefill,1024/2048/2048,graph,97,24.3653,14.5648,24.4123,24.3653,
25,8,262144,8192,hyprefill,1024/2048/2048,graph,98,24.1605,15.1140,24.2151,24.1605,
25,8,262144,8192,hyprefill,1024/2048/2048,graph,99,23.9158,14.5648,23.9622,23.9158,
25,8,262144,8192,hyprefill,1024/2048/2048,graph,100,24.2887,14.5648,24.3332,24.2887,
25,8,262144,8192,hyprefill,1024/2048/2048,graph,101,24.1631,14.2902,24.2071,24.1631,
25,8,262144,8192,hyprefill,1024/2048/2048,graph,102,24.2012,15.3886,24.2489,24.2012,
25,8,262144,8192,hyprefill,1024/2048/2048,graph,103,24.4685,14.8394,24.5184,24.4685,
25,8,262144,8192,hyprefill,1024/2048/2048,graph,104,24.1591,14.5648,24.2077,24.1591,
25,8,262144,8192,hyprefill,1024/2048/2048,graph,105,24.3280,14.8394,24.3757,24.3280,
25,8,262144,8192,hyprefill,1024/2048/2048,graph,106,24.0551,14.5648,24.1054,24.0551,
25,8,262144,8192,hyprefill,1024/2048/2048,graph,107,24.1988,14.8394,24.2423,24.1988,
25,8,262144,8192,hyprefill,1024/2048/2048,graph,108,22.3625,15.0822,22.4092,22.3625,
25,8,262144,8192,hyprefill,1024/2048/2048,graph,109,24.0884,15.1140,24.1433,24.0884,
25,8,262144,8192,hyprefill,1024/2048/2048,graph,110,24.0911,14.8394,24.1698,24.0911,
25,8,262144,8192,hyprefill,1024/2048/2048,graph,111,24.2518,14.8394,24.3016,24.2518,
25,8,262144,8192,hyprefill,1024/2048/2048,graph,112,24.2848,14.2902,24.3307,24.2848,
25,8,262144,8192,hyprefill,1024/2048/2048,graph,113,24.1157,15.1140,24.1624,24.1157,
25,8,262144,8192,hyprefill,1024/2048/2048,graph,114,24.3558,14.8394,24.4035,24.3558,
25,8,262144,8192,hyprefill,1024/2048/2048,graph,115,24.3479,14.5648,24.3939,24.3479,
25,8,262144,8192,hyprefill,1024/2048/2048,graph,116,24.0716,15.1140,24.1186,24.0716,
25,8,262144,8192,hyprefill,1024/2048/2048,graph,117,24.3526,14.2902,24.4018,24.3526,
25,8,262144,8192,hyprefill,1024/2048/2048,graph,118,24.1125,15.1140,24.1610,24.1125,
25,8,262144,8192,hyprefill,1024/2048/2048,graph,119,24.2620,14.5648,24.3102,24.2620,
25,8,262144,8192,hyprefill,1024/2048/2048,graph,120,23.9883,15.1140,24.0341,23.9883,
25,8,262144,8192,hyprefill,1024/2048/2048,graph,121,23.8975,14.5648,23.9444,23.8975,
25,8,262144,8192,hyprefill,1024/2048/2048,graph,122,24.3162,14.5648,24.3631,24.3162,
25,8,262144,8192,hyprefill,1024/2048/2048,graph,123,24.1030,14.8394,24.1513,24.1030,
25,8,262144,8192,hyprefill,1024/2048/2048,graph,124,24.3924,14.2902,24.4508,24.3924,
25,8,262144,8192,hyprefill,1024/2048/2048,graph,125,23.9778,14.8394,24.0433,23.9778,
25,8,262144,8192,hyprefill,1024/2048/2048,graph,126,24.2756,14.2902,24.3320,24.2756,
25,8,262144,8192,hyprefill,1024/2048/2048,graph,127,23.9876,15.3886,24.0389,23.9876,
25,8,262144,8192,hyprefill,1024/2048/2048,graph,128,23.4191,14.5330,23.4667,23.4191,
25,8,262144,8192,hyprefill,1024/2048/2048,graph,129,24.3034,15.9378,24.3524,24.3034,
25,8,262144,8192,hyprefill,1024/2048/2048,graph,130,24.3090,14.2902,24.3589,24.3090,
25,8,262144,8192,hyprefill,1024/2048/2048,graph,131,24.2850,14.8394,24.3407,24.2850,
25,8,262144,8192,hyprefill,1024/2048/2048,graph,132,24.1848,14.5648,24.2373,24.1848,
25,8,262144,8192,hyprefill,1024/2048/2048,graph,133,24.0637,14.5648,24.1139,24.0637,
25,8,262144,8192,hyprefill,1024/2048/2048,graph,134,24.2476,15.3886,24.3049,24.2476,
25,8,262144,8192,hyprefill,1024/2048/2048,graph,135,24.4406,14.2902,24.4881,24.4406,
25,8,262144,8192,hyprefill,1024/2048/2048,graph,136,23.9485,14.8394,23.9953,23.9485,
25,8,262144,8192,hyprefill,1024/2048/2048,graph,137,23.1807,14.5330,23.2257,23.1807,
25,8,262144,8192,hyprefill,1024/2048/2048,graph,138,24.1232,15.6632,24.1715,24.1232,
25,8,262144,8192,hyprefill,1024/2048/2048,graph,139,24.4068,14.2902,24.4532,24.4068,
25,8,262144,8192,hyprefill,1024/2048/2048,graph,140,24.2920,14.8394,24.3390,24.2920,
25,8,262144,8192,hyprefill,1024/2048/2048,graph,141,24.4322,14.8394,24.4789,24.4322,
25,8,262144,8192,hyprefill,1024/2048/2048,graph,142,24.1342,14.5648,24.1810,24.1342,
25,8,262144,8192,hyprefill,1024/2048/2048,graph,143,24.0602,15.1140,24.1072,24.0602,
25,8,262144,8192,hyprefill,1024/2048/2048,graph,144,24.2218,14.0156,24.2672,24.2218,
25,8,262144,8192,hyprefill,1024/2048/2048,graph,145,23.9058,15.3886,23.9517,23.9058,
25,8,262144,8192,hyprefill,1024/2048/2048,graph,146,22.2850,14.5330,22.3308,22.2850,
25,8,262144,8192,hyprefill,1024/2048/2048,graph,147,23.9584,15.6632,24.0086,23.9584,
25,8,262144,8192,hyprefill,1024/2048/2048,graph,148,24.0732,14.2902,24.1200,24.0732,
25,8,262144,8192,hyprefill,1024/2048/2048,graph,149,24.1394,15.1140,24.1865,24.1394,
25,8,262144,8192,hyprefill,1024/2048/2048,graph,150,24.2796,14.5648,24.3344,24.2796,
25,8,262144,8192,hyprefill,1024/2048/2048,graph,151,23.9103,14.5648,23.9587,23.9103,
25,8,262144,8192,hyprefill,1024/2048/2048,graph,152,23.9794,14.8394,24.0355,23.9794,
25,8,262144,8192,hyprefill,1024/2048/2048,graph,153,23.9606,14.2902,24.0074,23.9606,
25,8,262144,8192,hyprefill,1024/2048/2048,graph,154,24.1190,15.1140,24.1635,24.1190,
25,8,262144,8192,hyprefill,1024/2048/2048,graph,155,24.1840,14.0156,24.2294,24.1840,
25,8,262144,8192,hyprefill,1024/2048/2048,graph,156,24.1492,15.6632,24.1937,24.1492,
25,8,262144,8192,hyprefill,1024/2048/2048,graph,157,24.2039,14.0156,24.2494,24.2039,
25,8,262144,8192,hyprefill,1024/2048/2048,graph,158,24.0675,14.8394,24.1132,24.0675,
25,8,262144,8192,hyprefill,1024/2048/2048,graph,159,24.1907,14.5648,24.2359,24.1907,
25,8,262144,8192,hyprefill,1024/2048/2048,graph,160,24.2660,14.5648,24.3141,24.2660,
25,8,262144,8192,hyprefill,1024/2048/2048,graph,161,23.9345,15.1140,23.9833,23.9345,
25,8,262144,8192,hyprefill,1024/2048/2048,graph,162,22.9845,14.5330,23.0337,22.9845,
25,8,262144,8192,hyprefill,1024/2048/2048,graph,163,23.9005,15.9378,23.9507,23.9005,
25,8,262144,8192,hyprefill,1024/2048/2048,graph,164,22.9660,14.2584,23.0116,22.9660,
25,8,262144,8192,hyprefill,1024/2048/2048,graph,165,23.9938,15.6632,24.0398,23.9938,
25,8,262144,8192,hyprefill,1024/2048/2048,graph,166,24.0524,14.0156,24.0969,24.0524,
25,8,262144,8192,hyprefill,1024/2048/2048,graph,167,24.1898,14.8394,24.2342,24.1898,
25,8,262144,8192,hyprefill,1024/2048/2048,graph,168,24.0608,15.1140,24.1062,24.0608,
25,8,262144,8192,hyprefill,1024/2048/2048,graph,169,24.1786,14.2902,24.2226,24.1786,
25,8,262144,8192,hyprefill,1024/2048/2048,graph,170,24.0698,15.3886,24.1167,24.0698,
25,8,262144,8192,hyprefill,1024/2048/2048,graph,171,22.1570,14.2584,22.2023,22.1570,
25,8,262144,8192,hyprefill,1024/2048/2048,graph,172,23.8367,15.3886,23.8776,23.8367,
25,8,262144,8192,hyprefill,1024/2048/2048,graph,173,22.5145,14.8076,22.5677,22.5145,
25,8,262144,8192,hyprefill,1024/2048/2048,graph,174,24.0412,15.1140,24.0919,24.0412,
25,8,262144,8192,hyprefill,1024/2048/2048,graph,175,23.8795,14.5648,23.9269,23.8795,
25,8,262144,8192,hyprefill,1024/2048/2048,graph,176,22.6039,14.8076,22.6486,22.6039,
25,8,262144,8192,hyprefill,1024/2048/2048,graph,177,24.0327,15.6632,24.0883,24.0327,
25,8,262144,8192,hyprefill,1024/2048/2048,graph,178,23.9190,14.0156,23.9639,23.9190,
25,8,262144,8192,hyprefill,1024/2048/2048,graph,179,23.8858,15.1140,23.9315,23.8858,
25,8,262144,8192,hyprefill,1024/2048/2048,graph,180,23.8480,14.0156,23.8932,23.8480,
25,8,262144,8192,hyprefill,1024/2048/2048,graph,181,23.8046,15.1140,23.8507,23.8046,
25,8,262144,8192,hyprefill,1024/2048/2048,graph,182,23.9511,14.0156,23.9963,23.9511,
25,8,262144,8192,hyprefill,1024/2048/2048,graph,183,24.0826,15.1140,24.1292,24.0826,
25,8,262144,8192,hyprefill,1024/2048/2048,graph,184,23.9894,15.1140,24.0365,23.9894,
25,8,262144,8192,hyprefill,1024/2048/2048,graph,185,22.4720,14.8076,22.5155,22.4720,
25,8,262144,8192,hyprefill,1024/2048/2048,graph,186,23.8870,15.3886,23.9326,23.8870,
25,8,262144,8192,hyprefill,1024/2048/2048,graph,187,24.3491,14.0156,24.3942,24.3491,
25,8,262144,8192,hyprefill,1024/2048/2048,graph,188,23.9720,15.3886,24.0177,23.9720,
25,8,262144,8192,hyprefill,1024/2048/2048,graph,189,22.7551,14.5330,22.8011,22.7551,
25,8,262144,8192,hyprefill,1024/2048/2048,graph,190,24.1759,15.6632,24.2212,24.1759,
25,8,262144,8192,hyprefill,1024/2048/2048,graph,191,24.0660,14.2902,24.1123,24.0660,
25,8,262144,8192,hyprefill,1024/2048/2048,graph,192,24.1242,14.8394,24.1689,24.1242,
25,8,262144,8192,hyprefill,1024/2048/2048,graph,193,23.8752,14.8394,23.9350,23.8752,
25,8,262144,8192,hyprefill,1024/2048/2048,graph,194,22.2365,15.0822,22.2897,22.2365,
25,8,262144,8192,hyprefill,1024/2048/2048,graph,195,24.1130,14.5648,24.1610,24.1130,
25,8,262144,8192,hyprefill,1024/2048/2048,graph,196,24.0944,14.8394,24.1417,24.0944,
25,8,262144,8192,hyprefill,1024/2048/2048,graph,197,24.3077,14.8394,24.3514,24.3077,
25,8,262144,8192,hyprefill,1024/2048/2048,graph,198,24.2173,14.8394,24.2638,24.2173,
25,8,262144,8192,hyprefill,1024/2048/2048,graph,199,24.0998,14.5648,24.1453,24.0998,
25,8,262144,8192,hyprefill,1024/4096/4096,graph,0,24.1282,14.0156,24.1758,24.1282,
25,8,262144,8192,hyprefill,1024/4096/4096,graph,1,24.4444,14.2902,24.4900,24.4444,
25,8,262144,8192,hyprefill,1024/4096/4096,graph,2,24.1126,14.0156,24.1614,24.1126,
25,8,262144,8192,hyprefill,1024/4096/4096,graph,3,23.1186,14.8076,23.1719,23.1186,
25,8,262144,8192,hyprefill,1024/4096/4096,graph,4,23.8542,14.2902,23.9082,23.8542,
25,8,262144,8192,hyprefill,1024/4096/4096,graph,5,24.2071,14.0156,24.2590,24.2071,
25,8,262144,8192,hyprefill,1024/4096/4096,graph,6,24.1626,14.5648,24.2099,24.1626,
25,8,262144,8192,hyprefill,1024/4096/4096,graph,7,24.2056,14.0156,24.2537,24.2056,
25,8,262144,8192,hyprefill,1024/4096/4096,graph,8,24.1664,14.5648,24.2115,24.1664,
25,8,262144,8192,hyprefill,1024/4096/4096,graph,9,24.2903,14.0156,24.3371,24.2903,
25,8,262144,8192,hyprefill,1024/4096/4096,graph,10,24.0264,13.4983,24.0743,24.0264,
25,8,262144,8192,hyprefill,1024/4096/4096,graph,11,24.2451,14.5648,24.2920,24.2451,
25,8,262144,8192,hyprefill,1024/4096/4096,graph,12,24.0331,14.0156,24.0809,24.0331,
25,8,262144,8192,hyprefill,1024/4096/4096,graph,13,24.4205,14.5648,24.4705,24.4205,
25,8,262144,8192,hyprefill,1024/4096/4096,graph,14,23.0623,13.9838,23.1076,23.0623,
25,8,262144,8192,hyprefill,1024/4096/4096,graph,15,24.3154,15.1140,24.3622,24.3154,
25,8,262144,8192,hyprefill,1024/4096/4096,graph,16,24.4407,13.7410,24.4865,24.4407,
25,8,262144,8192,hyprefill,1024/4096/4096,graph,17,23.9661,14.8394,24.0202,23.9661,
25,8,262144,8192,hyprefill,1024/4096/4096,graph,18,24.1112,14.0156,24.1595,24.1112,
25,8,262144,8192,hyprefill,1024/4096/4096,graph,19,24.0618,14.2902,24.1077,24.0618,
25,8,262144,8192,hyprefill,1024/4096/4096,graph,20,24.2377,14.0156,24.2839,24.2377,
25,8,262144,8192,hyprefill,1024/4096/4096,graph,21,24.0747,14.0156,24.1203,24.0747,
25,8,262144,8192,hyprefill,1024/4096/4096,graph,22,24.0977,14.5648,24.1431,24.0977,
25,8,262144,8192,hyprefill,1024/4096/4096,graph,23,24.2674,14.0156,24.3302,24.2674,
25,8,262144,8192,hyprefill,1024/4096/4096,graph,24,24.1514,14.5648,24.1966,24.1514,
25,8,262144,8192,hyprefill,1024/4096/4096,graph,25,23.6246,14.2584,23.6708,23.6246,
25,8,262144,8192,hyprefill,1024/4096/4096,graph,26,23.8519,14.8394,23.9031,23.8519,
25,8,262144,8192,hyprefill,1024/4096/4096,graph,27,24.1724,13.4665,24.2216,24.1724,
25,8,262144,8192,hyprefill,1024/4096/4096,graph,28,24.0936,15.3886,24.1414,24.0936,
25,8,262144,8192,hyprefill,1024/4096/4096,graph,29,24.6159,13.7410,24.6685,24.6159,
25,8,262144,8192,hyprefill,1024/4096/4096,graph,30,24.2665,14.8394,24.3124,24.2665,
25,8,262144,8192,hyprefill,1024/4096/4096,graph,31,24.4996,13.7410,24.5467,24.4996,
25,8,262144,8192,hyprefill,1024/4096/4096,graph,32,23.7789,14.2902,23.8248,23.7789,
25,8,262144,8192,hyprefill,1024/4096/4096,graph,33,23.9264,14.2902,23.9732,23.9264,
25,8,262144,8192,hyprefill,1024/4096/4096,graph,34,23.8242,13.7410,23.8710,23.8242,
25,8,262144,8192,hyprefill,1024/4096/4096,graph,35,23.7634,14.5648,23.8093,23.7634,
25,8,262144,8192,hyprefill,1024/4096/4096,graph,36,23.2868,13.9838,23.3333,23.2868,
25,8,262144,8192,hyprefill,1024/4096/4096,graph,37,23.9974,15.3886,24.0483,23.9974,
25,8,262144,8192,hyprefill,1024/4096/4096,graph,38,23.8173,13.9838,23.8642,23.8173,
25,8,262144,8192,hyprefill,1024/4096/4096,graph,39,24.0950,15.3886,24.1425,24.0950,
25,8,262144,8192,hyprefill,1024/4096/4096,graph,40,24.5064,13.7410,24.5540,24.5064,
25,8,262144,8192,hyprefill,1024/4096/4096,graph,41,24.5536,14.5648,24.5995,24.5536,
25,8,262144,8192,hyprefill,1024/4096/4096,graph,42,24.0966,14.0156,24.1372,24.0966,
25,8,262144,8192,hyprefill,1024/4096/4096,graph,43,24.3991,14.0156,24.4439,24.3991,
25,8,262144,8192,hyprefill,1024/4096/4096,graph,44,23.9431,14.2902,23.9887,23.9431,
25,8,262144,8192,hyprefill,1024/4096/4096,graph,45,24.1241,14.0156,24.1696,24.1241,
25,8,262144,8192,hyprefill,1024/4096/4096,graph,46,23.9916,14.8394,24.0432,23.9916,
25,8,262144,8192,hyprefill,1024/4096/4096,graph,47,24.3608,13.7410,24.4083,24.3608,
25,8,262144,8192,hyprefill,1024/4096/4096,graph,48,24.5607,14.5648,24.6045,24.5607,
25,8,262144,8192,hyprefill,1024/4096/4096,graph,49,24.0751,14.0156,24.1229,24.0751,
25,8,262144,8192,hyprefill,1024/4096/4096,graph,50,24.5313,14.5648,24.5756,24.5313,
25,8,262144,8192,hyprefill,1024/4096/4096,graph,51,24.0212,14.0156,24.0678,24.0212,
25,8,262144,8192,hyprefill,1024/4096/4096,graph,52,24.0266,14.2902,24.0731,24.0266,
25,8,262144,8192,hyprefill,1024/4096/4096,graph,53,22.4233,14.2584,22.4674,22.4233,
25,8,262144,8192,hyprefill,1024/4096/4096,graph,54,23.6570,14.2902,23.7036,23.6570,
25,8,262144,8192,hyprefill,1024/4096/4096,graph,55,23.9532,14.2902,23.9985,23.9532,
25,8,262144,8192,hyprefill,1024/4096/4096,graph,56,23.9942,14.0156,24.0397,23.9942,
25,8,262144,8192,hyprefill,1024/4096/4096,graph,57,24.0728,14.8394,24.1177,24.0728,
25,8,262144,8192,hyprefill,1024/4096/4096,graph,58,23.9276,14.0156,23.9744,23.9276,
25,8,262144,8192,hyprefill,1024/4096/4096,graph,59,24.4646,14.0156,24.5105,24.4646,
25,8,262144,8192,hyprefill,1024/4096/4096,graph,60,24.0964,14.0156,24.1429,24.0964,
25,8,262144,8192,hyprefill,1024/4096/4096,graph,61,23.6965,14.2902,23.7413,23.6965,
25,8,262144,8192,hyprefill,1024/4096/4096,graph,62,24.0341,14.0156,24.0810,24.0341,
25,8,262144,8192,hyprefill,1024/4096/4096,graph,63,23.9340,14.2902,23.9792,23.9340,
25,8,262144,8192,hyprefill,1024/4096/4096,graph,64,23.9691,14.2902,24.0163,23.9691,
25,8,262144,8192,hyprefill,1024/4096/4096,graph,65,23.1409,14.2584,23.1854,23.1409,
25,8,262144,8192,hyprefill,1024/4096/4096,graph,66,24.0011,14.8394,24.0491,24.0011,
25,8,262144,8192,hyprefill,1024/4096/4096,graph,67,24.3311,14.0156,24.3782,24.3311,
25,8,262144,8192,hyprefill,1024/4096/4096,graph,68,23.8629,14.2902,23.9067,23.8629,
25,8,262144,8192,hyprefill,1024/4096/4096,graph,69,24.2991,13.7410,24.3443,24.2991,
25,8,262144,8192,hyprefill,1024/4096/4096,graph,70,24.2768,14.5648,24.3227,24.2768,
25,8,262144,8192,hyprefill,1024/4096/4096,graph,71,23.9886,14.0156,24.0341,23.9886,
25,8,262144,8192,hyprefill,1024/4096/4096,graph,72,24.0295,14.0156,24.0751,24.0295,
25,8,262144,8192,hyprefill,1024/4096/4096,graph,73,23.8045,14.2902,23.8528,23.8045,
25,8,262144,8192,hyprefill,1024/4096/4096,graph,74,24.0764,14.2902,24.1249,24.0764,
25,8,262144,8192,hyprefill,1024/4096/4096,graph,75,23.9216,14.2902,23.9694,23.9216,
25,8,262144,8192,hyprefill,1024/4096/4096,graph,76,24.3712,14.2902,24.4195,24.3712,
25,8,262144,8192,hyprefill,1024/4096/4096,graph,77,24.5238,13.7410,24.5775,24.5238,
25,8,262144,8192,hyprefill,1024/4096/4096,graph,78,24.0216,14.8394,24.0693,24.0216,
25,8,262144,8192,hyprefill,1024/4096/4096,graph,79,24.2516,14.0156,24.2985,24.2516,
25,8,262144,8192,hyprefill,1024/4096/4096,graph,80,24.3526,14.5648,24.3991,24.3526,
25,8,262144,8192,hyprefill,1024/4096/4096,graph,81,24.2814,14.0156,24.3293,24.2814,
25,8,262144,8192,hyprefill,1024/4096/4096,graph,82,22.5081,14.8076,22.5586,22.5081,
25,8,262144,8192,hyprefill,1024/4096/4096,graph,83,23.0685,14.2584,23.1145,23.0685,
25,8,262144,8192,hyprefill,1024/4096/4096,graph,84,24.3258,14.5648,24.3719,24.3258,
25,8,262144,8192,hyprefill,1024/4096/4096,graph,85,23.9378,14.2902,23.9846,23.9378,
25,8,262144,8192,hyprefill,1024/4096/4096,graph,86,24.1282,14.0156,24.1740,24.1282,
25,8,262144,8192,hyprefill,1024/4096/4096,graph,87,24.0185,14.2902,24.0668,24.0185,
25,8,262144,8192,hyprefill,1024/4096/4096,graph,88,23.6365,13.7410,23.6903,23.6365,
25,8,262144,8192,hyprefill,1024/4096/4096,graph,89,24.1006,14.2902,24.1483,24.1006,
25,8,262144,8192,hyprefill,1024/4096/4096,graph,90,24.0148,14.0156,24.0629,24.0148,
25,8,262144,8192,hyprefill,1024/4096/4096,graph,91,23.7627,14.2902,23.8095,23.7627,
25,8,262144,8192,hyprefill,1024/4096/4096,graph,92,24.0726,14.0156,24.1182,24.0726,
25,8,262144,8192,hyprefill,1024/4096/4096,graph,93,23.8775,14.2902,23.9238,23.8775,
25,8,262144,8192,hyprefill,1024/4096/4096,graph,94,23.9288,14.2902,23.9766,23.9288,
25,8,262144,8192,hyprefill,1024/4096/4096,graph,95,23.4828,14.5330,23.5289,23.4828,
25,8,262144,8192,hyprefill,1024/4096/4096,graph,96,23.9252,14.2902,23.9720,23.9252,
25,8,262144,8192,hyprefill,1024/4096/4096,graph,97,24.0686,14.0156,24.1125,24.0686,
25,8,262144,8192,hyprefill,1024/4096/4096,graph,98,24.1792,14.8394,24.2265,24.1792,
25,8,262144,8192,hyprefill,1024/4096/4096,graph,99,24.3002,13.4665,24.3442,24.3002,
25,8,262144,8192,hyprefill,1024/4096/4096,graph,100,23.6373,14.5648,23.6869,23.6373,
25,8,262144,8192,hyprefill,1024/4096/4096,graph,101,24.0279,14.0156,24.0827,24.0279,
25,8,262144,8192,hyprefill,1024/4096/4096,graph,102,24.2002,14.5648,24.2467,24.2002,
25,8,262144,8192,hyprefill,1024/4096/4096,graph,103,24.0703,14.0156,24.1179,24.0703,
25,8,262144,8192,hyprefill,1024/4096/4096,graph,104,23.8410,14.2902,23.8866,23.8410,
25,8,262144,8192,hyprefill,1024/4096/4096,graph,105,23.8359,14.2902,23.8896,23.8359,
25,8,262144,8192,hyprefill,1024/4096/4096,graph,106,24.0715,14.2902,24.1315,24.0715,
25,8,262144,8192,hyprefill,1024/4096/4096,graph,107,23.9759,14.2902,24.0208,23.9759,
25,8,262144,8192,hyprefill,1024/4096/4096,graph,108,24.0786,14.0156,24.1245,24.0786,
25,8,262144,8192,hyprefill,1024/4096/4096,graph,109,24.0893,14.8394,24.1369,24.0893,
25,8,262144,8192,hyprefill,1024/4096/4096,graph,110,24.7256,13.7410,24.7727,24.7256,
25,8,262144,8192,hyprefill,1024/4096/4096,graph,111,23.9379,14.8394,23.9854,23.9379,
25,8,262144,8192,hyprefill,1024/4096/4096,graph,112,23.8004,14.2584,23.8462,23.8004,
25,8,262144,8192,hyprefill,1024/4096/4096,graph,113,24.1379,14.5648,24.1848,24.1379,
25,8,262144,8192,hyprefill,1024/4096/4096,graph,114,24.0732,14.0156,24.1270,24.0732,
25,8,262144,8192,hyprefill,1024/4096/4096,graph,115,24.0255,14.2902,24.0719,24.0255,
25,8,262144,8192,hyprefill,1024/4096/4096,graph,116,23.9313,14.0156,23.9807,23.9313,
25,8,262144,8192,hyprefill,1024/4096/4096,graph,117,23.3286,14.8076,23.3755,23.3286,
25,8,262144,8192,hyprefill,1024/4096/4096,graph,118,23.8812,14.2902,23.9295,23.8812,
25,8,262144,8192,hyprefill,1024/4096/4096,graph,119,24.3506,14.0156,24.3967,24.3506,
25,8,262144,8192,hyprefill,1024/4096/4096,graph,120,24.2588,14.5648,24.3052,24.2588,
25,8,262144,8192,hyprefill,1024/4096/4096,graph,121,24.2968,13.4665,24.3420,24.2968,
25,8,262144,8192,hyprefill,1024/4096/4096,graph,122,23.8967,14.8394,23.9433,23.8967,
25,8,262144,8192,hyprefill,1024/4096/4096,graph,123,24.0768,14.5330,24.1234,24.0768,
25,8,262144,8192,hyprefill,1024/4096/4096,graph,124,24.2171,14.5648,24.2618,24.2171,
25,8,262144,8192,hyprefill,1024/4096/4096,graph,125,24.0805,14.0156,24.1365,24.0805,
25,8,262144,8192,hyprefill,1024/4096/4096,graph,126,24.2580,14.0156,24.3072,24.2580,
25,8,262144,8192,hyprefill,1024/4096/4096,graph,127,23.8761,14.2902,23.9234,23.8761,
25,8,262144,8192,hyprefill,1024/4096/4096,graph,128,24.3819,14.0156,24.4301,24.3819,
25,8,262144,8192,hyprefill,1024/4096/4096,graph,129,24.3147,14.0156,24.3601,24.3147,
25,8,262144,8192,hyprefill,1024/4096/4096,graph,130,24.0173,14.0156,24.0622,24.0173,
25,8,262144,8192,hyprefill,1024/4096/4096,graph,131,24.0772,14.8394,24.1231,24.0772,
25,8,262144,8192,hyprefill,1024/4096/4096,graph,132,24.0310,14.0156,24.0779,24.0310,
25,8,262144,8192,hyprefill,1024/4096/4096,graph,133,23.1627,14.8076,23.2067,23.1627,
25,8,262144,8192,hyprefill,1024/4096/4096,graph,134,20.7720,14.7758,20.8193,20.7720,
25,8,262144,8192,hyprefill,1024/4096/4096,graph,135,23.8340,14.2902,23.8796,23.8340,
25,8,262144,8192,hyprefill,1024/4096/4096,graph,136,23.8730,13.7410,23.9205,23.8730,
25,8,262144,8192,hyprefill,1024/4096/4096,graph,137,23.8694,14.8394,23.9159,23.8694,
25,8,262144,8192,hyprefill,1024/4096/4096,graph,138,24.1330,14.0156,24.1915,24.1330,
25,8,262144,8192,hyprefill,1024/4096/4096,graph,139,24.1824,14.0156,24.2395,24.1824,
25,8,262144,8192,hyprefill,1024/4096/4096,graph,140,24.0143,14.2902,24.0617,24.0143,
25,8,262144,8192,hyprefill,1024/4096/4096,graph,141,24.0742,14.0156,24.1281,24.0742,
25,8,262144,8192,hyprefill,1024/4096/4096,graph,142,24.4220,14.5648,24.4733,24.4220,
25,8,262144,8192,hyprefill,1024/4096/4096,graph,143,24.0652,14.0156,24.1186,24.0652,
25,8,262144,8192,hyprefill,1024/4096/4096,graph,144,24.2080,14.8394,24.2545,24.2080,
25,8,262144,8192,hyprefill,1024/4096/4096,graph,145,24.1279,13.9838,24.1745,24.1279,
25,8,262144,8192,hyprefill,1024/4096/4096,graph,146,24.2437,15.1140,24.2909,24.2437,
25,8,262144,8192,hyprefill,1024/4096/4096,graph,147,24.4285,13.7410,24.4761,24.4285,
25,8,262144,8192,hyprefill,1024/4096/4096,graph,148,24.2044,14.5648,24.2506,24.2044,
25,8,262144,8192,hyprefill,1024/4096/4096,graph,149,24.1294,14.5648,24.1759,24.1294,
25,8,262144,8192,hyprefill,1024/4096/4096,graph,150,23.9308,14.2584,23.9769,23.9308,
25,8,262144,8192,hyprefill,1024/4096/4096,graph,151,23.9682,14.8394,24.0140,23.9682,
25,8,262144,8192,hyprefill,1024/4096/4096,graph,152,24.2535,13.4665,24.3008,24.2535,
25,8,262144,8192,hyprefill,1024/4096/4096,graph,153,24.0732,14.8394,24.1325,24.0732,
25,8,262144,8192,hyprefill,1024/4096/4096,graph,154,24.2395,13.4665,24.2856,24.2395,
25,8,262144,8192,hyprefill,1024/4096/4096,graph,155,24.0747,15.3886,24.1222,24.0747,
25,8,262144,8192,hyprefill,1024/4096/4096,graph,156,24.2086,13.9838,24.2527,24.2086,
25,8,262144,8192,hyprefill,1024/4096/4096,graph,157,23.8963,14.8394,23.9470,23.8963,
25,8,262144,8192,hyprefill,1024/4096/4096,graph,158,24.4122,13.7410,24.4588,24.4122,
25,8,262144,8192,hyprefill,1024/4096/4096,graph,159,24.0214,14.8394,24.0661,24.0214,
25,8,262144,8192,hyprefill,1024/4096/4096,graph,160,24.4071,14.0156,24.4519,24.4071,
25,8,262144,8192,hyprefill,1024/4096/4096,graph,161,24.2130,14.0156,24.2579,24.2130,
25,8,262144,8192,hyprefill,1024/4096/4096,graph,162,23.8858,14.2902,23.9323,23.8858,
25,8,262144,8192,hyprefill,1024/4096/4096,graph,163,24.1247,14.0156,24.1697,24.1247,
25,8,262144,8192,hyprefill,1024/4096/4096,graph,164,24.0214,14.2902,24.0674,24.0214,
25,8,262144,8192,hyprefill,1024/4096/4096,graph,165,24.0337,14.0156,24.0798,24.0337,
25,8,262144,8192,hyprefill,1024/4096/4096,graph,166,24.3349,14.5648,24.3802,24.3349,
25,8,262144,8192,hyprefill,1024/4096/4096,graph,167,23.4979,14.5330,23.5466,23.4979,
25,8,262144,8192,hyprefill,1024/4096/4096,graph,168,24.3622,14.5648,24.4098,24.3622,
25,8,262144,8192,hyprefill,1024/4096/4096,graph,169,24.2584,14.0156,24.3040,24.2584,
25,8,262144,8192,hyprefill,1024/4096/4096,graph,170,24.2940,14.5648,24.3382,24.2940,
25,8,262144,8192,hyprefill,1024/4096/4096,graph,171,24.0689,14.5648,24.1239,24.0689,
25,8,262144,8192,hyprefill,1024/4096/4096,graph,172,24.2444,14.0156,24.2886,24.2444,
25,8,262144,8192,hyprefill,1024/4096/4096,graph,173,24.2016,14.0156,24.2470,24.2016,
25,8,262144,8192,hyprefill,1024/4096/4096,graph,174,24.1840,14.5648,24.2327,24.1840,
25,8,262144,8192,hyprefill,1024/4096/4096,graph,175,24.4751,14.5648,24.5211,24.4751,
25,8,262144,8192,hyprefill,1024/4096/4096,graph,176,24.0637,14.0156,24.1107,24.0637,
25,8,262144,8192,hyprefill,1024/4096/4096,graph,177,24.0306,14.2902,24.0753,24.0306,
25,8,262144,8192,hyprefill,1024/4096/4096,graph,178,24.0585,13.7410,24.1058,24.0585,
25,8,262144,8192,hyprefill,1024/4096/4096,graph,179,24.1311,14.5648,24.1782,24.1311,
25,8,262144,8192,hyprefill,1024/4096/4096,graph,180,24.0340,14.5648,24.0802,24.0340,
25,8,262144,8192,hyprefill,1024/4096/4096,graph,181,24.1277,14.0156,24.1784,24.1277,
25,8,262144,8192,hyprefill,1024/4096/4096,graph,182,24.1202,14.5648,24.1656,24.1202,
25,8,262144,8192,hyprefill,1024/4096/4096,graph,183,23.7334,14.2584,23.7773,23.7334,
25,8,262144,8192,hyprefill,1024/4096/4096,graph,184,23.8471,14.8394,23.8935,23.8471,
25,8,262144,8192,hyprefill,1024/4096/4096,graph,185,23.4384,13.9838,23.4822,23.4384,
25,8,262144,8192,hyprefill,1024/4096/4096,graph,186,23.8634,14.8394,23.9092,23.8634,
25,8,262144,8192,hyprefill,1024/4096/4096,graph,187,24.0876,14.0156,24.1345,24.0876,
25,8,262144,8192,hyprefill,1024/4096/4096,graph,188,24.4740,14.5648,24.5177,24.4740,
25,8,262144,8192,hyprefill,1024/4096/4096,graph,189,24.0988,14.0156,24.1458,24.0988,
25,8,262144,8192,hyprefill,1024/4096/4096,graph,190,23.6470,14.0156,23.6919,23.6470,
25,8,262144,8192,hyprefill,1024/4096/4096,graph,191,23.7089,14.2902,23.7589,23.7089,
25,8,262144,8192,hyprefill,1024/4096/4096,graph,192,24.0514,14.0156,24.0955,24.0514,
25,8,262144,8192,hyprefill,1024/4096/4096,graph,193,23.9215,14.8394,23.9676,23.9215,
25,8,262144,8192,hyprefill,1024/4096/4096,graph,194,23.9670,14.0156,24.0162,23.9670,
25,8,262144,8192,hyprefill,1024/4096/4096,graph,195,24.1050,14.2902,24.1540,24.1050,
25,8,262144,8192,hyprefill,1024/4096/4096,graph,196,24.0288,14.0156,24.0759,24.0288,
25,8,262144,8192,hyprefill,1024/4096/4096,graph,197,24.1701,14.8076,24.2162,24.1701,
25,8,262144,8192,hyprefill,1024/4096/4096,graph,198,24.0699,14.0156,24.1167,24.0699,
25,8,262144,8192,hyprefill,1024/4096/4096,graph,199,24.1158,14.2902,24.1616,24.1158,
25,8,262144,8192,hyprefill,512/3072/3072,graph,0,23.5307,14.9031,23.5767,23.5307,
25,8,262144,8192,hyprefill,512/3072/3072,graph,1,23.8458,14.0793,23.8904,23.8458,
25,8,262144,8192,hyprefill,512/3072/3072,graph,2,23.5939,14.6603,23.6423,23.5939,
25,8,262144,8192,hyprefill,512/3072/3072,graph,3,23.8652,14.3857,23.9136,23.8652,
25,8,262144,8192,hyprefill,512/3072/3072,graph,4,23.9238,14.3857,23.9715,23.9238,
25,8,262144,8192,hyprefill,512/3072/3072,graph,5,23.9131,14.3857,23.9615,23.9131,
25,8,262144,8192,hyprefill,512/3072/3072,graph,6,23.6552,14.6603,23.7020,23.6552,
25,8,262144,8192,hyprefill,512/3072/3072,graph,7,23.7277,13.8365,23.7737,23.7277,
25,8,262144,8192,hyprefill,512/3072/3072,graph,8,23.6417,15.2095,23.6963,23.6417,
25,8,262144,8192,hyprefill,512/3072/3072,graph,9,23.8444,13.8365,23.8969,23.8444,
25,8,262144,8192,hyprefill,512/3072/3072,graph,10,23.7792,14.6603,23.8282,23.7792,
25,8,262144,8192,hyprefill,512/3072/3072,graph,11,23.8398,14.3857,23.8869,23.8398,
25,8,262144,8192,hyprefill,512/3072/3072,graph,12,23.9215,14.3857,23.9689,23.9215,
25,8,262144,8192,hyprefill,512/3072/3072,graph,13,23.7224,14.6285,23.7673,23.7224,
25,8,262144,8192,hyprefill,512/3072/3072,graph,14,23.6544,14.3857,23.7097,23.6544,
25,8,262144,8192,hyprefill,512/3072/3072,graph,15,23.5514,14.6603,23.6018,23.5514,
25,8,262144,8192,hyprefill,512/3072/3072,graph,16,23.5515,14.6285,23.5979,23.5515,
25,8,262144,8192,hyprefill,512/3072/3072,graph,17,23.7761,14.6285,23.8209,23.7761,
25,8,262144,8192,hyprefill,512/3072/3072,graph,18,23.7256,14.3857,23.7734,23.7256,
25,8,262144,8192,hyprefill,512/3072/3072,graph,19,23.5367,14.6603,23.5832,23.5367,
25,8,262144,8192,hyprefill,512/3072/3072,graph,20,23.6564,13.8365,23.7032,23.6564,
25,8,262144,8192,hyprefill,512/3072/3072,graph,21,23.7058,15.2095,23.7553,23.7058,
25,8,262144,8192,hyprefill,512/3072/3072,graph,22,24.0150,13.8365,24.0614,24.0150,
25,8,262144,8192,hyprefill,512/3072/3072,graph,23,23.6343,14.6603,23.6809,23.6343,
25,8,262144,8192,hyprefill,512/3072/3072,graph,24,23.4438,14.1111,23.4934,23.4438,
25,8,262144,8192,hyprefill,512/3072/3072,graph,25,23.8750,14.3857,23.9217,23.8750,
25,8,262144,8192,hyprefill,512/3072/3072,graph,26,23.6070,14.3857,23.6537,23.6070,
25,8,262144,8192,hyprefill,512/3072/3072,graph,27,23.7427,13.8365,23.7885,23.7427,
25,8,262144,8192,hyprefill,512/3072/3072,graph,28,23.5882,15.2095,23.6342,23.5882,
25,8,262144,8192,hyprefill,512/3072/3072,graph,29,23.6018,14.0793,23.6464,23.6018,
25,8,262144,8192,hyprefill,512/3072/3072,graph,30,23.4599,14.6603,23.5074,23.4599,
25,8,262144,8192,hyprefill,512/3072/3072,graph,31,23.4708,14.3539,23.5166,23.4708,
25,8,262144,8192,hyprefill,512/3072/3072,graph,32,23.8388,14.9349,23.8863,23.8388,
25,8,262144,8192,hyprefill,512/3072/3072,graph,33,23.6004,14.0793,23.6456,23.6004,
25,8,262144,8192,hyprefill,512/3072/3072,graph,34,23.8911,15.4841,23.9378,23.8911,
25,8,262144,8192,hyprefill,512/3072/3072,graph,35,24.0188,13.8365,24.0652,24.0188,
25,8,262144,8192,hyprefill,512/3072/3072,graph,36,23.9275,14.3857,23.9733,23.9275,
25,8,262144,8192,hyprefill,512/3072/3072,graph,37,23.7083,14.3857,23.7563,23.7083,
25,8,262144,8192,hyprefill,512/3072/3072,graph,38,23.7099,14.6603,23.7618,23.7099,
25,8,262144,8192,hyprefill,512/3072/3072,graph,39,23.8461,14.3857,23.9121,23.8461,
25,8,262144,8192,hyprefill,512/3072/3072,graph,40,23.7416,14.3857,23.8020,23.7416,
25,8,262144,8192,hyprefill,512/3072/3072,graph,41,23.4656,14.6603,23.5176,23.4656,
25,8,262144,8192,hyprefill,512/3072/3072,graph,42,23.4537,14.3539,23.4968,23.4537,
25,8,262144,8192,hyprefill,512/3072/3072,graph,43,23.4811,14.9031,23.5278,23.4811,
25,8,262144,8192,hyprefill,512/3072/3072,graph,44,23.7100,14.0793,23.7575,23.7100,
25,8,262144,8192,hyprefill,512/3072/3072,graph,45,23.3001,14.9349,23.3576,23.3001,
25,8,262144,8192,hyprefill,512/3072/3072,graph,46,23.2430,14.5966,23.2929,23.2430,
25,8,262144,8192,hyprefill,512/3072/3072,graph,47,23.5412,15.4522,23.5887,23.5412,
25,8,262144,8192,hyprefill,512/3072/3072,graph,48,23.8699,13.8365,23.9177,23.8699,
25,8,262144,8192,hyprefill,512/3072/3072,graph,49,23.8474,14.9349,23.8939,23.8474,
25,8,262144,8192,hyprefill,512/3072/3072,graph,50,23.9046,13.8365,23.9496,23.9046,
25,8,262144,8192,hyprefill,512/3072/3072,graph,51,23.9622,14.1429,24.0140,23.9622,
25,8,262144,8192,hyprefill,512/3072/3072,graph,52,23.6782,14.3857,23.7238,23.6782,
25,8,262144,8192,hyprefill,512/3072/3072,graph,53,23.6919,14.3857,23.7392,23.6919,
25,8,262144,8192,hyprefill,512/3072/3072,graph,54,23.8921,14.3857,23.9427,23.8921,
25,8,262144,8192,hyprefill,512/3072/3072,graph,55,23.0355,14.6285,23.0866,23.0355,
25,8,262144,8192,hyprefill,512/3072/3072,graph,56,23.4066,14.9031,23.4534,23.4066,
25,8,262144,8192,hyprefill,512/3072/3072,graph,57,23.5926,14.6285,23.6411,23.5926,
25,8,262144,8192,hyprefill,512/3072/3072,graph,58,23.9110,14.9349,23.9596,23.9110,
25,8,262144,8192,hyprefill,512/3072/3072,graph,59,24.1358,14.3539,24.1824,24.1358,
25,8,262144,8192,hyprefill,512/3072/3072,graph,60,23.5959,15.4522,23.6431,23.5959,
25,8,262144,8192,hyprefill,512/3072/3072,graph,61,23.7368,14.6285,23.7815,23.7368,
25,8,262144,8192,hyprefill,512/3072/3072,graph,62,23.6616,14.3857,23.7079,23.6616,
25,8,262144,8192,hyprefill,512/3072/3072,graph,63,23.4304,14.1111,23.4771,23.4304,
25,8,262144,8192,hyprefill,512/3072/3072,graph,64,23.3235,14.1111,23.3691,23.3235,
25,8,262144,8192,hyprefill,512/3072/3072,graph,65,23.5544,14.6603,23.6057,23.5544,
25,8,262144,8192,hyprefill,512/3072/3072,graph,66,23.6549,13.8365,23.7275,23.6549,
25,8,262144,8192,hyprefill,512/3072/3072,graph,67,23.6150,14.6603,23.6643,23.6150,
25,8,262144,8192,hyprefill,512/3072/3072,graph,68,23.7552,13.8365,23.8079,23.7552,
25,8,262144,8192,hyprefill,512/3072/3072,graph,69,23.5503,14.6603,23.5977,23.5503,
25,8,262144,8192,hyprefill,512/3072/3072,graph,70,23.5731,14.6285,23.6215,23.5731,
25,8,262144,8192,hyprefill,512/3072/3072,graph,71,23.5547,14.6603,23.5997,23.5547,
25,8,262144,8192,hyprefill,512/3072/3072,graph,72,23.2735,14.3539,23.3202,23.2735,
25,8,262144,8192,hyprefill,512/3072/3072,graph,73,23.2157,15.1776,23.2598,23.2157,
25,8,262144,8192,hyprefill,512/3072/3072,graph,74,23.4864,14.0793,23.5337,23.4864,
25,8,262144,8192,hyprefill,512/3072/3072,graph,75,23.7538,14.9349,23.7993,23.7538,
25,8,262144,8192,hyprefill,512/3072/3072,graph,76,23.9668,14.1111,24.0108,23.9668,
25,8,262144,8192,hyprefill,512/3072/3072,graph,77,23.6553,14.3857,23.7012,23.6553,
25,8,262144,8192,hyprefill,512/3072/3072,graph,78,23.6719,14.3857,23.7170,23.6719,
25,8,262144,8192,hyprefill,512/3072/3072,graph,79,23.5956,14.3857,23.6417,23.5956,
25,8,262144,8192,hyprefill,512/3072/3072,graph,80,23.6483,14.3857,23.6931,23.6483,
25,8,262144,8192,hyprefill,512/3072/3072,graph,81,23.6693,14.3857,23.7193,23.6693,
25,8,262144,8192,hyprefill,512/3072/3072,graph,82,23.5492,14.6603,23.5942,23.5492,
25,8,262144,8192,hyprefill,512/3072/3072,graph,83,23.6402,14.3857,23.6865,23.6402,
25,8,262144,8192,hyprefill,512/3072/3072,graph,84,23.5813,14.6603,23.6268,23.5813,
25,8,262144,8192,hyprefill,512/3072/3072,graph,85,23.0234,14.6285,23.0687,23.0234,
25,8,262144,8192,hyprefill,512/3072/3072,graph,86,23.6263,14.9031,23.6697,23.6263,
25,8,262144,8192,hyprefill,512/3072/3072,graph,87,23.4903,14.0793,23.5361,23.4903,
25,8,262144,8192,hyprefill,512/3072/3072,graph,88,23.2576,14.9349,23.3049,23.2576,
25,8,262144,8192,hyprefill,512/3072/3072,graph,89,23.3364,14.1111,23.3887,23.3364,
25,8,262144,8192,hyprefill,512/3072/3072,graph,90,23.5293,14.6603,23.5762,23.5293,
25,8,262144,8192,hyprefill,512/3072/3072,graph,91,23.6363,14.3857,23.6830,23.6363,
25,8,262144,8192,hyprefill,512/3072/3072,graph,92,23.8571,14.3857,23.9034,23.8571,
25,8,262144,8192,hyprefill,512/3072/3072,graph,93,23.7980,14.0793,23.8431,23.7980,
25,8,262144,8192,hyprefill,512/3072/3072,graph,94,23.6881,14.3857,23.7364,23.6881,
25,8,262144,8192,hyprefill,512/3072/3072,graph,95,23.4887,14.1111,23.5408,23.4887,
25,8,262144,8192,hyprefill,512/3072/3072,graph,96,23.4613,14.6603,23.5105,23.4613,
25,8,262144,8192,hyprefill,512/3072/3072,graph,97,23.5183,14.1111,23.5638,23.5183,
25,8,262144,8192,hyprefill,512/3072/3072,graph,98,23.5312,14.6603,23.5789,23.5312,
25,8,262144,8192,hyprefill,512/3072/3072,graph,99,23.6972,14.1111,23.7431,23.6972,
25,8,262144,8192,hyprefill,512/3072/3072,graph,100,23.7538,13.8365,23.8021,23.7538,
25,8,262144,8192,hyprefill,512/3072/3072,graph,101,23.5230,14.6603,23.5687,23.5230,
25,8,262144,8192,hyprefill,512/3072/3072,graph,102,23.5516,14.6285,23.5962,23.5516,
25,8,262144,8192,hyprefill,512/3072/3072,graph,103,23.4879,15.2095,23.5355,23.4879,
25,8,262144,8192,hyprefill,512/3072/3072,graph,104,23.5526,14.0793,23.5959,23.5526,
25,8,262144,8192,hyprefill,512/3072/3072,graph,105,23.3786,14.6603,23.4246,23.3786,
25,8,262144,8192,hyprefill,512/3072/3072,graph,106,23.6693,14.8712,23.7146,23.6693,
25,8,262144,8192,hyprefill,512/3072/3072,graph,107,23.5772,14.6603,23.6185,23.5772,
25,8,262144,8192,hyprefill,512/3072/3072,graph,108,23.6786,14.3857,23.7244,23.6786,
25,8,262144,8192,hyprefill,512/3072/3072,graph,109,23.6845,14.3857,23.7285,23.6845,
25,8,262144,8192,hyprefill,512/3072/3072,graph,110,23.5714,14.1111,23.6166,23.5714,
25,8,262144,8192,hyprefill,512/3072/3072,graph,111,23.4473,14.6603,23.4960,23.4473,
25,8,262144,8192,hyprefill,512/3072/3072,graph,112,23.7079,13.8365,23.7537,23.7079,
25,8,262144,8192,hyprefill,512/3072/3072,graph,113,23.6198,14.1111,23.6664,23.6198,
25,8,262144,8192,hyprefill,512/3072/3072,graph,114,23.5075,14.6603,23.5545,23.5075,
25,8,262144,8192,hyprefill,512/3072/3072,graph,115,23.3471,14.6603,23.3933,23.3471,
25,8,262144,8192,hyprefill,512/3072/3072,graph,116,23.5232,14.6603,23.5689,23.5232,
25,8,262144,8192,hyprefill,512/3072/3072,graph,117,23.6548,14.3857,23.7016,23.6548,
25,8,262144,8192,hyprefill,512/3072/3072,graph,118,23.5581,14.9031,23.6028,23.5581,
25,8,262144,8192,hyprefill,512/3072/3072,graph,119,22.3120,14.5648,22.3552,22.3120,
25,8,262144,8192,hyprefill,512/3072/3072,graph,120,23.5571,15.4522,23.6026,23.5571,
25,8,262144,8192,hyprefill,512/3072/3072,graph,121,23.9630,14.1111,24.0082,23.9630,
25,8,262144,8192,hyprefill,512/3072/3072,graph,122,23.5540,15.2095,23.6090,23.5540,
25,8,262144,8192,hyprefill,512/3072/3072,graph,123,23.7154,14.0793,23.7621,23.7154,
25,8,262144,8192,hyprefill,512/3072/3072,graph,124,23.6391,15.2095,23.6886,23.6391,
25,8,262144,8192,hyprefill,512/3072/3072,graph,125,23.9164,13.8365,23.9700,23.9164,
25,8,262144,8192,hyprefill,512/3072/3072,graph,126,23.8821,13.8365,23.9279,23.8821,
25,8,262144,8192,hyprefill,512/3072/3072,graph,127,23.5562,14.6603,23.6064,23.5562,
25,8,262144,8192,hyprefill,512/3072/3072,graph,128,23.6468,14.3857,23.6984,23.6468,
25,8,262144,8192,hyprefill,512/3072/3072,graph,129,23.4354,14.6603,23.4835,23.4354,
25,8,262144,8192,hyprefill,512/3072/3072,graph,130,23.5838,14.3857,23.6307,23.5838,
25,8,262144,8192,hyprefill,512/3072/3072,graph,131,23.5185,14.6603,23.5732,23.5185,
25,8,262144,8192,hyprefill,512/3072/3072,graph,132,24.0297,14.0475,24.0731,24.0297,
25,8,262144,8192,hyprefill,512/3072/3072,graph,133,23.5489,15.4522,23.5952,23.5489,
25,8,262144,8192,hyprefill,512/3072/3072,graph,134,23.6517,14.3857,23.7030,23.6517,
25,8,262144,8192,hyprefill,512/3072/3072,graph,135,23.6248,14.6603,23.6746,23.6248,
25,8,262144,8192,hyprefill,512/3072/3072,graph,136,23.7921,14.6285,23.8415,23.7921,
25,8,262144,8192,hyprefill,512/3072/3072,graph,137,23.5972,14.6603,23.6510,23.5972,
25,8,262144,8192,hyprefill,512/3072/3072,graph,138,23.9164,13.8365,23.9634,23.9164,
25,8,262144,8192,hyprefill,512/3072/3072,graph,139,23.7301,14.3857,23.7781,23.7301,
25,8,262144,8192,hyprefill,512/3072/3072,graph,140,23.8823,14.3857,23.9304,23.8823,
25,8,262144,8192,hyprefill,512/3072/3072,graph,141,23.7602,14.3857,23.8081,23.7602,
25,8,262144,8192,hyprefill,512/3072/3072,graph,142,23.9276,14.9349,23.9733,23.9276,
25,8,262144,8192,hyprefill,512/3072/3072,graph,143,23.7990,13.8365,23.8461,23.7990,
25,8,262144,8192,hyprefill,512/3072/3072,graph,144,23.6166,15.2095,23.6649,23.6166,
25,8,262144,8192,hyprefill,512/3072/3072,graph,145,23.9652,13.8047,24.0119,23.9652,
25,8,262144,8192,hyprefill,512/3072/3072,graph,146,23.5874,15.2095,23.6355,23.5874,
25,8,262144,8192,hyprefill,512/3072/3072,graph,147,23.5720,14.1111,23.6184,23.5720,
25,8,262144,8192,hyprefill,512/3072/3072,graph,148,23.7797,14.6603,23.8317,23.7797,
25,8,262144,8192,hyprefill,512/3072/3072,graph,149,23.5773,14.3539,23.6265,23.5773,
25,8,262144,8192,hyprefill,512/3072/3072,graph,150,23.6587,14.6603,23.7061,23.6587,
25,8,262144,8192,hyprefill,512/3072/3072,graph,151,23.5592,14.6285,23.6062,23.5592,
25,8,262144,8192,hyprefill,512/3072/3072,graph,152,23.7006,14.6285,23.7477,23.7006,
25,8,262144,8192,hyprefill,512/3072/3072,graph,153,23.7356,14.9349,23.7823,23.7356,
25,8,262144,8192,hyprefill,512/3072/3072,graph,154,23.7313,14.3857,23.7791,23.7313,
25,8,262144,8192,hyprefill,512/3072/3072,graph,155,24.0067,14.9349,24.0529,24.0067,
25,8,262144,8192,hyprefill,512/3072/3072,graph,156,24.0103,14.1111,24.0648,24.0103,
25,8,262144,8192,hyprefill,512/3072/3072,graph,157,23.7407,14.6603,23.7919,23.7407,
25,8,262144,8192,hyprefill,512/3072/3072,graph,158,23.8664,14.0793,23.9143,23.8664,
25,8,262144,8192,hyprefill,512/3072/3072,graph,159,23.5754,14.6603,23.6223,23.5754,
25,8,262144,8192,hyprefill,512/3072/3072,graph,160,23.6941,14.3857,23.7417,23.6941,
25,8,262144,8192,hyprefill,512/3072/3072,graph,161,23.4758,14.6603,23.5222,23.4758,
25,8,262144,8192,hyprefill,512/3072/3072,graph,162,23.7201,14.1111,23.7665,23.7201,
25,8,262144,8192,hyprefill,512/3072/3072,graph,163,23.4900,14.6603,23.5361,23.4900,
25,8,262144,8192,hyprefill,512/3072/3072,graph,164,23.5629,14.1111,23.6090,23.5629,
25,8,262144,8192,hyprefill,512/3072/3072,graph,165,23.7224,14.0793,23.7670,23.7224,
25,8,262144,8192,hyprefill,512/3072/3072,graph,166,23.6940,15.2095,23.7403,23.6940,
25,8,262144,8192,hyprefill,512/3072/3072,graph,167,23.9581,14.3539,24.0033,23.9581,
25,8,262144,8192,hyprefill,512/3072/3072,graph,168,23.6294,15.2095,23.6768,23.6294,
25,8,262144,8192,hyprefill,512/3072/3072,graph,169,23.8028,14.0793,23.8469,23.8028,
25,8,262144,8192,hyprefill,512/3072/3072,graph,170,23.3466,14.9349,23.3924,23.3466,
25,8,262144,8192,hyprefill,512/3072/3072,graph,171,24.0826,14.0793,24.1280,24.0826,
25,8,262144,8192,hyprefill,512/3072/3072,graph,172,23.8043,14.3857,23.8453,23.8043,
25,8,262144,8192,hyprefill,512/3072/3072,graph,173,23.7827,14.3857,23.8287,23.7827,
25,8,262144,8192,hyprefill,512/3072/3072,graph,174,23.7906,14.4175,23.8376,23.7906,
25,8,262144,8192,hyprefill,512/3072/3072,graph,175,24.0874,13.8365,24.1335,24.0874,
25,8,262144,8192,hyprefill,512/3072/3072,graph,176,23.4828,14.6603,23.5288,23.4828,
25,8,262144,8192,hyprefill,512/3072/3072,graph,177,23.3828,14.1111,23.4292,23.3828,
25,8,262144,8192,hyprefill,512/3072/3072,graph,178,23.9404,14.3857,23.9885,23.9404,
25,8,262144,8192,hyprefill,512/3072/3072,graph,179,23.8488,14.9349,23.8947,23.8488,
25,8,262144,8192,hyprefill,512/3072/3072,graph,180,23.7500,14.6285,23.7951,23.7500,
25,8,262144,8192,hyprefill,512/3072/3072,graph,181,23.7254,15.1776,23.7691,23.7254,
25,8,262144,8192,hyprefill,512/3072/3072,graph,182,23.9540,14.9031,23.9998,23.9540,
25,8,262144,8192,hyprefill,512/3072/3072,graph,183,23.8146,15.1776,23.8590,23.8146,
25,8,262144,8192,hyprefill,512/3072/3072,graph,184,23.3566,14.5966,23.4021,23.3566,
25,8,262144,8192,hyprefill,512/3072/3072,graph,185,23.8531,14.9349,23.8982,23.8531,
25,8,262144,8192,hyprefill,512/3072/3072,graph,186,23.6907,14.3857,23.7372,23.6907,
25,8,262144,8192,hyprefill,512/3072/3072,graph,187,23.7568,14.4175,23.8035,23.7568,
25,8,262144,8192,hyprefill,512/3072/3072,graph,188,23.9390,13.8365,23.9848,23.9390,
25,8,262144,8192,hyprefill,512/3072/3072,graph,189,23.5499,14.6603,23.5950,23.5499,
25,8,262144,8192,hyprefill,512/3072/3072,graph,190,23.7085,13.8365,23.7553,23.7085,
25,8,262144,8192,hyprefill,512/3072/3072,graph,191,23.6532,14.3857,23.6999,23.6532,
25,8,262144,8192,hyprefill,512/3072/3072,graph,192,23.6237,14.6603,23.6687,23.6237,
25,8,262144,8192,hyprefill,512/3072/3072,graph,193,23.6382,13.8365,23.6841,23.6382,
25,8,262144,8192,hyprefill,512/3072/3072,graph,194,23.4388,15.4841,23.4857,23.4388,
25,8,262144,8192,hyprefill,512/3072/3072,graph,195,23.9860,13.5619,24.0320,23.9860,
25,8,262144,8192,hyprefill,512/3072/3072,graph,196,23.8286,15.2095,23.8744,23.8286,
25,8,262144,8192,hyprefill,512/3072/3072,graph,197,23.2044,13.7729,23.2504,23.2044,
25,8,262144,8192,hyprefill,512/3072/3072,graph,198,23.6703,14.9667,23.7163,23.6703,
25,8,262144,8192,hyprefill,512/3072/3072,graph,199,24.1803,13.5619,24.2265,24.1803,
25,8,262144,8192,hyprefill,1024/1024/1024,graph,0,24.2304,15.9378,24.2773,24.2304,
25,8,262144,8192,hyprefill,1024/1024/1024,graph,1,23.7892,15.9059,23.8335,23.7892,
25,8,262144,8192,hyprefill,1024/1024/1024,graph,2,24.4717,15.6632,24.5196,24.4717,
25,8,262144,8192,hyprefill,1024/1024/1024,graph,3,23.5665,15.9059,23.6157,23.5665,
25,8,262144,8192,hyprefill,1024/1024/1024,graph,4,24.4460,15.6632,24.4951,24.4460,
25,8,262144,8192,hyprefill,1024/1024/1024,graph,5,23.6048,15.9059,23.6498,23.6048,
25,8,262144,8192,hyprefill,1024/1024/1024,graph,6,24.3789,15.6632,24.4254,24.3789,
25,8,262144,8192,hyprefill,1024/1024/1024,graph,7,23.4663,15.9059,23.5100,23.4663,
25,8,262144,8192,hyprefill,1024/1024/1024,graph,8,24.5587,15.9378,24.6055,24.5587,
25,8,262144,8192,hyprefill,1024/1024/1024,graph,9,23.6033,15.9059,23.6473,23.6033,
25,8,262144,8192,hyprefill,1024/1024/1024,graph,10,24.2979,15.6632,24.3443,24.2979,
25,8,262144,8192,hyprefill,1024/1024/1024,graph,11,23.1756,15.9059,23.2186,23.1756,
25,8,262144,8192,hyprefill,1024/1024/1024,graph,12,24.5516,16.2124,24.5991,24.5516,
25,8,262144,8192,hyprefill,1024/1024/1024,graph,13,22.9625,15.3568,23.0065,22.9625,
25,8,262144,8192,hyprefill,1024/1024/1024,graph,14,24.4694,15.9378,24.5165,24.4694,
25,8,262144,8192,hyprefill,1024/1024/1024,graph,15,22.7046,15.3568,22.7496,22.7046,
25,8,262144,8192,hyprefill,1024/1024/1024,graph,16,24.3612,15.6632,24.4122,24.3612,
25,8,262144,8192,hyprefill,1024/1024/1024,graph,17,23.3465,15.9059,23.3898,23.3465,
25,8,262144,8192,hyprefill,1024/1024/1024,graph,18,24.6886,16.2124,24.7366,24.6886,
25,8,262144,8192,hyprefill,1024/1024/1024,graph,19,22.9728,15.3568,23.0234,22.9728,
25,8,262144,8192,hyprefill,1024/1024/1024,graph,20,24.5318,15.9378,24.5840,24.5318,
25,8,262144,8192,hyprefill,1024/1024/1024,graph,21,23.6062,15.9059,23.6509,23.6062,
25,8,262144,8192,hyprefill,1024/1024/1024,graph,22,24.4749,15.9378,24.5227,24.4749,
25,8,262144,8192,hyprefill,1024/1024/1024,graph,23,23.4336,16.1805,23.4795,23.4336,
25,8,262144,8192,hyprefill,1024/1024/1024,graph,24,23.2868,16.4551,23.3308,23.2868,
25,8,262144,8192,hyprefill,1024/1024/1024,graph,25,22.9825,15.9059,23.0270,22.9825,
25,8,262144,8192,hyprefill,1024/1024/1024,graph,26,24.5092,15.6632,24.5620,24.5092,
25,8,262144,8192,hyprefill,1024/1024/1024,graph,27,22.7494,15.6314,22.8030,22.7494,
25,8,262144,8192,hyprefill,1024/1024/1024,graph,28,24.3204,15.9378,24.3719,24.3204,
25,8,262144,8192,hyprefill,1024/1024/1024,graph,29,23.4439,15.3568,23.4906,23.4439,
25,8,262144,8192,hyprefill,1024/1024/1024,graph,30,24.6921,15.9378,24.7420,24.6921,
25,8,262144,8192,hyprefill,1024/1024/1024,graph,31,23.5292,15.6314,23.5737,23.5292,
25,8,262144,8192,hyprefill,1024/1024/1024,graph,32,22.8252,16.7297,22.8714,22.8252,
25,8,262144,8192,hyprefill,1024/1024/1024,graph,33,23.4282,15.9059,23.4792,23.4282,
25,8,262144,8192,hyprefill,1024/1024/1024,graph,34,24.3503,15.6632,24.4021,24.3503,
25,8,262144,8192,hyprefill,1024/1024/1024,graph,35,23.1976,15.6314,23.2447,23.1976,
25,8,262144,8192,hyprefill,1024/1024/1024,graph,36,24.2434,16.2124,24.2916,24.2434,
25,8,262144,8192,hyprefill,1024/1024/1024,graph,37,23.0013,15.0822,23.0464,23.0013,
25,8,262144,8192,hyprefill,1024/1024/1024,graph,38,24.4657,15.9378,24.5122,24.4657,
25,8,262144,8192,hyprefill,1024/1024/1024,graph,39,23.1278,15.0822,23.1729,23.1278,
25,8,262144,8192,hyprefill,1024/1024/1024,graph,40,24.4033,16.4869,24.4499,24.4033,
25,8,262144,8192,hyprefill,1024/1024/1024,graph,41,23.3852,15.3568,23.4296,23.3852,
25,8,262144,8192,hyprefill,1024/1024/1024,graph,42,24.5013,16.2124,24.5468,24.5013,
25,8,262144,8192,hyprefill,1024/1024/1024,graph,43,23.1513,15.3568,23.1987,23.1513,
25,8,262144,8192,hyprefill,1024/1024/1024,graph,44,24.5119,16.2124,24.5582,24.5119,
25,8,262144,8192,hyprefill,1024/1024/1024,graph,45,23.3046,15.6314,23.3503,23.3046,
25,8,262144,8192,hyprefill,1024/1024/1024,graph,46,24.4048,15.9378,24.4558,24.4048,
25,8,262144,8192,hyprefill,1024/1024/1024,graph,47,23.6823,15.9059,23.7303,23.6823,
25,8,262144,8192,hyprefill,1024/1024/1024,graph,48,24.2661,16.2124,24.3132,24.2661,
25,8,262144,8192,hyprefill,1024/1024/1024,graph,49,23.5508,14.8076,23.5958,23.5508,
25,8,262144,8192,hyprefill,1024/1024/1024,graph,50,24.3103,16.4869,24.3607,24.3103,
25,8,262144,8192,hyprefill,1024/1024/1024,graph,51,23.5323,15.3568,23.5768,23.5323,
25,8,262144,8192,hyprefill,1024/1024/1024,graph,52,24.3664,16.4869,24.4165,24.3664,
25,8,262144,8192,hyprefill,1024/1024/1024,graph,53,23.3602,15.0822,23.4043,23.3602,
25,8,262144,8192,hyprefill,1024/1024/1024,graph,54,24.2156,15.9378,24.2604,24.2156,
25,8,262144,8192,hyprefill,1024/1024/1024,graph,55,23.2016,15.9059,23.2472,23.2016,
25,8,262144,8192,hyprefill,1024/1024/1024,graph,56,24.1137,15.6632,24.1663,24.1137,
25,8,262144,8192,hyprefill,1024/1024/1024,graph,57,23.2607,15.6314,23.3047,23.2607,
25,8,262144,8192,hyprefill,1024/1024/1024,graph,58,24.1472,15.9378,24.1942,24.1472,
25,8,262144,8192,hyprefill,1024/1024/1024,graph,59,23.0152,15.3568,23.0594,23.0152,
25,8,262144,8192,hyprefill,1024/1024/1024,graph,60,24.1075,15.9378,24.1537,24.1075,
25,8,262144,8192,hyprefill,1024/1024/1024,graph,61,22.8185,15.3568,22.8631,22.8185,
25,8,262144,8192,hyprefill,1024/1024/1024,graph,62,24.6107,15.9378,24.6563,24.6107,
25,8,262144,8192,hyprefill,1024/1024/1024,graph,63,24.5407,14.8394,24.5859,24.5407,
25,8,262144,8192,hyprefill,1024/1024/1024,graph,64,24.5582,15.1140,24.6023,24.5582,
25,8,262144,8192,hyprefill,1024/1024/1024,graph,65,22.0667,15.6314,22.1454,22.0667,
25,8,262144,8192,hyprefill,1024/1024/1024,graph,66,24.5084,15.3886,24.5526,24.5084,
25,8,262144,8192,hyprefill,1024/1024/1024,graph,67,22.2069,15.6314,22.2515,22.2069,
25,8,262144,8192,hyprefill,1024/1024/1024,graph,68,24.3220,15.6632,24.3675,24.3220,
25,8,262144,8192,hyprefill,1024/1024/1024,graph,69,22.7596,15.6314,22.8104,22.7596,
25,8,262144,8192,hyprefill,1024/1024/1024,graph,70,24.4189,15.6632,24.4651,24.4189,
25,8,262144,8192,hyprefill,1024/1024/1024,graph,71,24.3794,14.5648,24.4260,24.3794,
25,8,262144,8192,hyprefill,1024/1024/1024,graph,72,22.9547,16.1805,23.0000,22.9547,
25,8,262144,8192,hyprefill,1024/1024/1024,graph,73,22.8642,15.9059,22.9104,22.8642,
25,8,262144,8192,hyprefill,1024/1024/1024,graph,74,24.3258,15.3886,24.3752,24.3258,
25,8,262144,8192,hyprefill,1024/1024/1024,graph,75,23.4447,16.1805,23.4893,23.4447,
25,8,262144,8192,hyprefill,1024/1024/1024,graph,76,24.5508,15.1140,24.5981,24.5508,
25,8,262144,8192,hyprefill,1024/1024/1024,graph,77,23.2156,16.4551,23.2598,23.2156,
25,8,262144,8192,hyprefill,1024/1024/1024,graph,78,23.4933,16.1805,23.5383,23.4933,
25,8,262144,8192,hyprefill,1024/1024/1024,graph,79,24.3280,15.3886,24.3797,24.3280,
25,8,262144,8192,hyprefill,1024/1024/1024,graph,80,24.4295,15.6632,24.4744,24.4295,
25,8,262144,8192,hyprefill,1024/1024/1024,graph,81,23.0024,15.3568,23.0448,23.0024,
25,8,262144,8192,hyprefill,1024/1024/1024,graph,82,23.1206,16.7297,23.1643,23.1206,
25,8,262144,8192,hyprefill,1024/1024/1024,graph,83,23.2011,15.9059,23.2453,23.2011,
25,8,262144,8192,hyprefill,1024/1024/1024,graph,84,24.6783,15.3886,24.7241,24.6783,
25,8,262144,8192,hyprefill,1024/1024/1024,graph,85,22.7244,16.1805,22.7698,22.7244,
25,8,262144,8192,hyprefill,1024/1024/1024,graph,86,24.3942,15.3886,24.4410,24.3942,
25,8,262144,8192,hyprefill,1024/1024/1024,graph,87,24.2153,14.8394,24.2673,24.2153,
25,8,262144,8192,hyprefill,1024/1024/1024,graph,88,24.4944,15.3886,24.5411,24.4944,
25,8,262144,8192,hyprefill,1024/1024/1024,graph,89,24.3305,15.1140,24.3770,24.3305,
25,8,262144,8192,hyprefill,1024/1024/1024,graph,90,22.8461,16.7297,22.8916,22.8461,
25,8,262144,8192,hyprefill,1024/1024/1024,graph,91,23.3176,16.1805,23.3612,23.3176,
25,8,262144,8192,hyprefill,1024/1024/1024,graph,92,24.4741,15.3886,24.5193,24.4741,
25,8,262144,8192,hyprefill,1024/1024/1024,graph,93,23.4280,16.7297,23.4827,23.4280,
25,8,262144,8192,hyprefill,1024/1024/1024,graph,94,24.2553,15.3886,24.3020,24.2553,
25,8,262144,8192,hyprefill,1024/1024/1024,graph,95,24.3236,14.8394,24.3690,24.3236,
25,8,262144,8192,hyprefill,1024/1024/1024,graph,96,24.7011,15.3886,24.7463,24.7011,
25,8,262144,8192,hyprefill,1024/1024/1024,graph,97,23.7339,16.1805,23.7774,23.7339,
25,8,262144,8192,hyprefill,1024/1024/1024,graph,98,23.8190,17.0043,23.8639,23.8190,
25,8,262144,8192,hyprefill,1024/1024/1024,graph,99,23.6577,16.1805,23.7026,23.6577,
25,8,262144,8192,hyprefill,1024/1024/1024,graph,100,24.4653,15.6632,24.5125,24.4653,
25,8,262144,8192,hyprefill,1024/1024/1024,graph,101,24.1818,16.1805,24.2277,24.1818,
25,8,262144,8192,hyprefill,1024/1024/1024,graph,102,24.5406,15.1140,24.5858,24.5406,
25,8,262144,8192,hyprefill,1024/1024/1024,graph,103,24.4083,15.1140,24.4554,24.4083,
25,8,262144,8192,hyprefill,1024/1024/1024,graph,104,24.5129,15.6632,24.5610,24.5129,
25,8,262144,8192,hyprefill,1024/1024/1024,graph,105,23.8458,16.4551,23.8906,23.8458,
25,8,262144,8192,hyprefill,1024/1024/1024,graph,106,23.6918,16.7297,23.7359,23.6918,
25,8,262144,8192,hyprefill,1024/1024/1024,graph,107,23.6788,16.4551,23.7266,23.6788,
25,8,262144,8192,hyprefill,1024/1024/1024,graph,108,24.4397,15.3886,24.4913,24.4397,
25,8,262144,8192,hyprefill,1024/1024/1024,graph,109,23.7949,16.4551,23.8430,23.7949,
25,8,262144,8192,hyprefill,1024/1024/1024,graph,110,24.3522,15.3886,24.3991,24.3522,
25,8,262144,8192,hyprefill,1024/1024/1024,graph,111,24.5678,15.1140,24.6146,24.5678,
25,8,262144,8192,hyprefill,1024/1024/1024,graph,112,24.4788,15.6632,24.5241,24.4788,
25,8,262144,8192,hyprefill,1024/1024/1024,graph,113,24.6088,15.1140,24.6565,24.6088,
25,8,262144,8192,hyprefill,1024/1024/1024,graph,114,22.9941,16.1805,23.0365,22.9941,
25,8,262144,8192,hyprefill,1024/1024/1024,graph,115,23.6448,16.1805,23.6873,23.6448,
25,8,262144,8192,hyprefill,1024/1024/1024,graph,116,24.4307,15.6632,24.4749,24.4307,
25,8,262144,8192,hyprefill,1024/1024/1024,graph,117,23.7489,16.1805,23.7930,23.7489,
25,8,262144,8192,hyprefill,1024/1024/1024,graph,118,24.4322,15.3886,24.4780,24.4322,
25,8,262144,8192,hyprefill,1024/1024/1024,graph,119,23.5872,16.4551,23.6432,23.5872,
25,8,262144,8192,hyprefill,1024/1024/1024,graph,120,24.3282,15.3886,24.3761,24.3282,
25,8,262144,8192,hyprefill,1024/1024/1024,graph,121,23.6628,15.9059,23.7080,23.6628,
25,8,262144,8192,hyprefill,1024/1024/1024,graph,122,23.1293,17.0043,23.1733,23.1293,
25,8,262144,8192,hyprefill,1024/1024/1024,graph,123,23.9679,15.9059,24.0122,23.9679,
25,8,262144,8192,hyprefill,1024/1024/1024,graph,124,24.2053,15.6632,24.2558,24.2053,
25,8,262144,8192,hyprefill,1024/1024/1024,graph,125,23.6971,15.9059,23.7409,23.6971,
25,8,262144,8192,hyprefill,1024/1024/1024,graph,126,24.3617,15.9378,24.4082,24.3617,
25,8,262144,8192,hyprefill,1024/1024/1024,graph,127,23.5723,15.6314,23.6161,23.5723,
25,8,262144,8192,hyprefill,1024/1024/1024,graph,128,24.2893,15.6632,24.3348,24.2893,
25,8,262144,8192,hyprefill,1024/1024/1024,graph,129,23.1243,15.9059,23.1680,23.1243,
25,8,262144,8192,hyprefill,1024/1024/1024,graph,130,24.1553,15.9378,24.1997,24.1553,
25,8,262144,8192,hyprefill,1024/1024/1024,graph,131,23.3467,15.3568,23.3897,23.3467,
25,8,262144,8192,hyprefill,1024/1024/1024,graph,132,24.4998,15.9378,24.5455,24.4998,
25,8,262144,8192,hyprefill,1024/1024/1024,graph,133,23.3345,15.3568,23.3782,23.3345,
25,8,262144,8192,hyprefill,1024/1024/1024,graph,134,24.6077,16.2124,24.6547,24.6077,
25,8,262144,8192,hyprefill,1024/1024/1024,graph,135,23.1709,15.3568,23.2154,23.1709,
25,8,262144,8192,hyprefill,1024/1024/1024,graph,136,24.2824,16.2124,24.3324,24.2824,
25,8,262144,8192,hyprefill,1024/1024/1024,graph,137,23.0976,15.3568,23.1411,23.0976,
25,8,262144,8192,hyprefill,1024/1024/1024,graph,138,24.5105,15.9378,24.5542,24.5105,
25,8,262144,8192,hyprefill,1024/1024/1024,graph,139,23.3147,15.6314,23.3587,23.3147,
25,8,262144,8192,hyprefill,1024/1024/1024,graph,140,24.3344,16.2124,24.3797,24.3344,
25,8,262144,8192,hyprefill,1024/1024/1024,graph,141,23.2951,15.0822,23.3376,23.2951,
25,8,262144,8192,hyprefill,1024/1024/1024,graph,142,24.6204,16.4869,24.6664,24.6204,
25,8,262144,8192,hyprefill,1024/1024/1024,graph,143,23.2717,15.0822,23.3141,23.2717,
25,8,262144,8192,hyprefill,1024/1024/1024,graph,144,24.4660,16.4869,24.5120,24.4660,
25,8,262144,8192,hyprefill,1024/1024/1024,graph,145,23.2552,15.0822,23.2983,23.2552,
25,8,262144,8192,hyprefill,1024/1024/1024,graph,146,24.3220,15.9378,24.3665,24.3220,
25,8,262144,8192,hyprefill,1024/1024/1024,graph,147,22.9854,15.6314,23.0295,22.9854,
25,8,262144,8192,hyprefill,1024/1024/1024,graph,148,24.6793,15.9378,24.7241,24.6793,
25,8,262144,8192,hyprefill,1024/1024/1024,graph,149,23.3031,15.9059,23.3476,23.3031,
25,8,262144,8192,hyprefill,1024/1024/1024,graph,150,24.6318,15.9378,24.6753,24.6318,
25,8,262144,8192,hyprefill,1024/1024/1024,graph,151,23.2663,15.9059,23.3149,23.2663,
25,8,262144,8192,hyprefill,1024/1024/1024,graph,152,24.4418,15.9378,24.4864,24.4418,
25,8,262144,8192,hyprefill,1024/1024/1024,graph,153,23.0140,15.3568,23.0577,23.0140,
25,8,262144,8192,hyprefill,1024/1024/1024,graph,154,24.7420,15.9378,24.7861,24.7420,
25,8,262144,8192,hyprefill,1024/1024/1024,graph,155,22.7135,15.0822,22.7596,22.7135,
25,8,262144,8192,hyprefill,1024/1024/1024,graph,156,24.3992,16.4869,24.4425,24.3992,
25,8,262144,8192,hyprefill,1024/1024/1024,graph,157,22.6225,14.8076,22.6658,22.6225,
25,8,262144,8192,hyprefill,1024/1024/1024,graph,158,24.4340,15.9378,24.4840,24.4340,
25,8,262144,8192,hyprefill,1024/1024/1024,graph,159,22.3803,15.0822,22.4257,22.3803,
25,8,262144,8192,hyprefill,1024/1024/1024,graph,160,24.3354,15.6632,24.3801,24.3354,
25,8,262144,8192,hyprefill,1024/1024/1024,graph,161,22.5346,15.6314,22.5795,22.5346,
25,8,262144,8192,hyprefill,1024/1024/1024,graph,162,24.4517,15.3886,24.4947,24.4517,
25,8,262144,8192,hyprefill,1024/1024/1024,graph,163,22.2796,15.9059,22.3230,22.2796,
25,8,262144,8192,hyprefill,1024/1024/1024,graph,164,24.3953,15.3886,24.4543,24.3953,
25,8,262144,8192,hyprefill,1024/1024/1024,graph,165,22.4190,15.6314,22.4620,22.4190,
25,8,262144,8192,hyprefill,1024/1024/1024,graph,166,24.4030,15.9378,24.4472,24.4030,
25,8,262144,8192,hyprefill,1024/1024/1024,graph,167,23.0711,15.0822,23.1127,23.0711,
25,8,262144,8192,hyprefill,1024/1024/1024,graph,168,24.4067,15.9378,24.4516,24.4067,
25,8,262144,8192,hyprefill,1024/1024/1024,graph,169,23.2638,15.3568,23.3063,23.2638,
25,8,262144,8192,hyprefill,1024/1024/1024,graph,170,24.4490,16.2124,24.4947,24.4490,
25,8,262144,8192,hyprefill,1024/1024/1024,graph,171,23.2719,15.3568,23.3214,23.2719,
25,8,262144,8192,hyprefill,1024/1024/1024,graph,172,24.4622,15.9378,24.5029,24.4622,
25,8,262144,8192,hyprefill,1024/1024/1024,graph,173,23.5016,15.6314,23.5463,23.5016,
25,8,262144,8192,hyprefill,1024/1024/1024,graph,174,22.6057,16.7297,22.6492,22.6057,
25,8,262144,8192,hyprefill,1024/1024/1024,graph,175,23.6021,15.9059,23.6458,23.6021,
25,8,262144,8192,hyprefill,1024/1024/1024,graph,176,24.2696,15.6632,24.3144,24.2696,
25,8,262144,8192,hyprefill,1024/1024/1024,graph,177,22.9904,15.6314,23.0341,22.9904,
25,8,262144,8192,hyprefill,1024/1024/1024,graph,178,24.4286,15.3886,24.4725,24.4286,
25,8,262144,8192,hyprefill,1024/1024/1024,graph,179,22.6572,15.9059,22.7010,22.6572,
25,8,262144,8192,hyprefill,1024/1024/1024,graph,180,24.0914,15.6632,24.1379,24.0914,
25,8,262144,8192,hyprefill,1024/1024/1024,graph,181,24.5433,15.1140,24.5885,24.5433,
25,8,262144,8192,hyprefill,1024/1024/1024,graph,182,22.9636,16.4551,23.0054,22.9636,
25,8,262144,8192,hyprefill,1024/1024/1024,graph,183,23.4092,15.9059,23.4559,23.4092,
25,8,262144,8192,hyprefill,1024/1024/1024,graph,184,24.2240,15.9378,24.2775,24.2240,
25,8,262144,8192,hyprefill,1024/1024/1024,graph,185,23.2109,15.6314,23.2555,23.2109,
25,8,262144,8192,hyprefill,1024/1024/1024,graph,186,24.2286,15.9378,24.2767,24.2286,
25,8,262144,8192,hyprefill,1024/1024/1024,graph,187,22.8040,15.3568,22.8493,22.8040,
25,8,262144,8192,hyprefill,1024/1024/1024,graph,188,24.3194,15.3886,24.3660,24.3194,
25,8,262144,8192,hyprefill,1024/1024/1024,graph,189,22.8292,15.9059,22.8737,22.8292,
25,8,262144,8192,hyprefill,1024/1024/1024,graph,190,24.2289,15.6632,24.2752,24.2289,
25,8,262144,8192,hyprefill,1024/1024/1024,graph,191,23.1668,15.6314,23.2088,23.1668,
25,8,262144,8192,hyprefill,1024/1024/1024,graph,192,24.3012,15.6632,24.3528,24.3012,
25,8,262144,8192,hyprefill,1024/1024/1024,graph,193,23.5710,15.9059,23.6134,23.5710,
25,8,262144,8192,hyprefill,1024/1024/1024,graph,194,24.2814,15.9378,24.3268,24.2814,
25,8,262144,8192,hyprefill,1024/1024/1024,graph,195,23.4080,15.6314,23.4500,23.4080,
25,8,262144,8192,hyprefill,1024/1024/1024,graph,196,24.0890,15.6632,24.1337,24.0890,
25,8,262144,8192,hyprefill,1024/1024/1024,graph,197,23.6845,15.9059,23.7264,23.6845,
25,8,262144,8192,hyprefill,1024/1024/1024,graph,198,24.2567,15.9378,24.3039,24.2567,
25,8,262144,8192,hyprefill,1024/1024/1024,graph,199,23.5526,15.6314,23.5964,23.5526,
25,8,262144,8192,hyprefill,512/512/512,graph,0,23.6076,17.3425,23.6544,23.6076,
25,8,262144,8192,hyprefill,512/512/512,graph,1,23.8824,17.0679,23.9274,23.8824,
25,8,262144,8192,hyprefill,512/512/512,graph,2,23.5689,17.3425,23.6154,23.5689,
25,8,262144,8192,hyprefill,512/512/512,graph,3,24.0737,16.8252,24.1191,24.0737,
25,8,262144,8192,hyprefill,512/512/512,graph,4,23.8147,16.5188,23.8619,23.8147,
25,8,262144,8192,hyprefill,512/512/512,graph,5,23.8070,17.8917,23.8507,23.8070,
25,8,262144,8192,hyprefill,512/512/512,graph,6,24.0093,17.3425,24.0537,24.0093,
25,8,262144,8192,hyprefill,512/512/512,graph,7,23.9031,17.3425,23.9469,23.9031,
25,8,262144,8192,hyprefill,512/512/512,graph,8,24.2700,17.3425,24.3147,24.2700,
25,8,262144,8192,hyprefill,512/512/512,graph,9,23.8161,17.6171,23.8599,23.8161,
25,8,262144,8192,hyprefill,512/512/512,graph,10,24.1584,17.6171,24.2038,24.1584,
25,8,262144,8192,hyprefill,512/512/512,graph,11,23.8310,17.0998,23.8763,23.8310,
25,8,262144,8192,hyprefill,512/512/512,graph,12,24.1623,16.5188,24.2061,24.1623,
25,8,262144,8192,hyprefill,512/512/512,graph,13,23.8674,17.8917,23.9122,23.8674,
25,8,262144,8192,hyprefill,512/512/512,graph,14,24.2179,17.0679,24.2634,24.2179,
25,8,262144,8192,hyprefill,512/512/512,graph,15,24.0675,17.0998,24.1212,24.0675,
25,8,262144,8192,hyprefill,512/512/512,graph,16,24.1181,16.5188,24.1634,24.1181,
25,8,262144,8192,hyprefill,512/512/512,graph,17,23.8653,18.1663,23.9102,23.8653,
25,8,262144,8192,hyprefill,512/512/512,graph,18,24.1218,17.0679,24.1684,24.1218,
25,8,262144,8192,hyprefill,512/512/512,graph,19,24.0764,17.6490,24.1231,24.0764,
25,8,262144,8192,hyprefill,512/512/512,graph,20,23.9820,15.6950,24.0263,23.9820,
25,8,262144,8192,hyprefill,512/512/512,graph,21,24.2755,17.9235,24.3219,24.2755,
25,8,262144,8192,hyprefill,512/512/512,graph,22,23.9765,16.5188,24.0251,23.9765,
25,8,262144,8192,hyprefill,512/512/512,graph,23,24.2312,17.6490,24.2801,24.2312,
25,8,262144,8192,hyprefill,512/512/512,graph,24,23.5749,16.5188,23.6225,23.5749,
25,8,262144,8192,hyprefill,512/512/512,graph,25,23.7514,18.1663,23.7956,23.7514,
25,8,262144,8192,hyprefill,512/512/512,graph,26,23.0375,17.3107,23.0883,23.0375,
25,8,262144,8192,hyprefill,512/512/512,graph,27,24.1225,17.0998,24.1719,24.1225,
25,8,262144,8192,hyprefill,512/512/512,graph,28,24.1640,16.5188,24.2108,24.1640,
25,8,262144,8192,hyprefill,512/512/512,graph,29,24.1689,17.3744,24.2156,24.1689,
25,8,262144,8192,hyprefill,512/512/512,graph,30,24.1625,17.0679,24.2080,24.1625,
25,8,262144,8192,hyprefill,512/512/512,graph,31,23.9139,16.8252,23.9611,23.9139,
25,8,262144,8192,hyprefill,512/512/512,graph,32,24.4217,17.0679,24.4735,24.4217,
25,8,262144,8192,hyprefill,512/512/512,graph,33,23.8603,18.1663,23.9080,23.8603,
25,8,262144,8192,hyprefill,512/512/512,graph,34,23.5619,17.5853,23.6067,23.5619,
25,8,262144,8192,hyprefill,512/512/512,graph,35,23.7255,17.0998,23.7727,23.7255,
25,8,262144,8192,hyprefill,512/512/512,graph,36,24.0765,16.2442,24.1221,24.0765,
25,8,262144,8192,hyprefill,512/512/512,graph,37,23.6975,17.3744,23.7449,23.6975,
25,8,262144,8192,hyprefill,512/512/512,graph,38,24.1239,16.2442,24.1693,24.1239,
25,8,262144,8192,hyprefill,512/512/512,graph,39,24.1691,17.3744,24.2160,24.1691,
25,8,262144,8192,hyprefill,512/512/512,graph,40,24.1379,15.6950,24.1842,24.1379,
25,8,262144,8192,hyprefill,512/512/512,graph,41,24.0999,17.9235,24.1474,24.0999,
25,8,262144,8192,hyprefill,512/512/512,graph,42,24.0115,15.9696,24.0544,24.0115,
25,8,262144,8192,hyprefill,512/512/512,graph,43,23.7948,18.7155,23.8389,23.7948,
25,8,262144,8192,hyprefill,512/512/512,graph,44,24.1263,16.2442,24.1711,24.1263,
25,8,262144,8192,hyprefill,512/512/512,graph,45,24.2005,17.6490,24.2464,24.2005,
25,8,262144,8192,hyprefill,512/512/512,graph,46,24.0298,16.7934,24.0748,24.0298,
25,8,262144,8192,hyprefill,512/512/512,graph,47,24.2231,17.3744,24.2697,24.2231,
25,8,262144,8192,hyprefill,512/512/512,graph,48,23.9810,16.5188,24.0260,23.9810,
25,8,262144,8192,hyprefill,512/512/512,graph,49,24.0912,18.1663,24.1365,24.0912,
25,8,262144,8192,hyprefill,512/512/512,graph,50,23.8001,17.0679,23.8523,23.8001,
25,8,262144,8192,hyprefill,512/512/512,graph,51,24.1942,17.6171,24.2423,24.1942,
25,8,262144,8192,hyprefill,512/512/512,graph,52,24.0476,17.3425,24.0935,24.0476,
25,8,262144,8192,hyprefill,512/512/512,graph,53,24.2039,16.8252,24.2522,24.2039,
25,8,262144,8192,hyprefill,512/512/512,graph,54,24.2367,17.3425,24.2819,24.2367,
25,8,262144,8192,hyprefill,512/512/512,graph,55,24.1832,16.8252,24.2307,24.1832,
25,8,262144,8192,hyprefill,512/512/512,graph,56,24.0724,16.7934,24.1174,24.0724,
25,8,262144,8192,hyprefill,512/512/512,graph,57,23.8010,17.8917,23.8460,23.8010,
25,8,262144,8192,hyprefill,512/512/512,graph,58,24.2192,16.7934,24.2638,24.2192,
25,8,262144,8192,hyprefill,512/512/512,graph,59,23.5186,18.4409,23.5638,23.5186,
25,8,262144,8192,hyprefill,512/512/512,graph,60,24.1574,16.5188,24.2019,24.1574,
25,8,262144,8192,hyprefill,512/512/512,graph,61,23.7797,17.0998,23.8264,23.7797,
25,8,262144,8192,hyprefill,512/512/512,graph,62,24.1969,16.5188,24.2405,24.1969,
25,8,262144,8192,hyprefill,512/512/512,graph,63,23.7445,17.0998,23.7915,23.7445,
25,8,262144,8192,hyprefill,512/512/512,graph,64,23.9417,17.0679,23.9851,23.9417,
25,8,262144,8192,hyprefill,512/512/512,graph,65,23.2016,17.3425,23.2558,23.2016,
25,8,262144,8192,hyprefill,512/512/512,graph,66,23.8498,17.3425,23.8932,23.8498,
25,8,262144,8192,hyprefill,512/512/512,graph,67,23.9565,17.6171,23.9990,23.9565,
25,8,262144,8192,hyprefill,512/512/512,graph,68,24.0156,17.0679,24.0587,24.0156,
25,8,262144,8192,hyprefill,512/512/512,graph,69,24.3135,16.8252,24.3583,24.3135,
25,8,262144,8192,hyprefill,512/512/512,graph,70,23.9124,16.7934,23.9553,23.9124,
25,8,262144,8192,hyprefill,512/512/512,graph,71,24.2582,16.5506,24.3016,24.2582,
25,8,262144,8192,hyprefill,512/512/512,graph,72,24.1453,16.0014,24.1885,24.1453,
25,8,262144,8192,hyprefill,512/512/512,graph,73,23.0829,17.3425,23.1270,23.0829,
25,8,262144,8192,hyprefill,512/512/512,graph,74,23.6313,17.0679,23.6732,23.6313,
25,8,262144,8192,hyprefill,512/512/512,graph,75,23.5929,17.3425,23.6349,23.5929,
25,8,262144,8192,hyprefill,512/512/512,graph,76,23.7006,17.3425,23.7441,23.7006,
25,8,262144,8192,hyprefill,512/512/512,graph,77,24.1873,16.5506,24.2306,24.1873,
25,8,262144,8192,hyprefill,512/512/512,graph,78,23.5719,17.0679,23.6140,23.5719,
25,8,262144,8192,hyprefill,512/512/512,graph,79,24.0602,17.0679,24.1031,24.0602,
25,8,262144,8192,hyprefill,512/512/512,graph,80,23.7404,16.5506,23.7881,23.7404,
25,8,262144,8192,hyprefill,512/512/512,graph,81,23.5679,16.5188,23.6189,23.5679,
25,8,262144,8192,hyprefill,512/512/512,graph,82,23.7480,17.0679,23.7937,23.7480,
25,8,262144,8192,hyprefill,512/512/512,graph,83,23.8199,17.3425,23.8635,23.8199,
25,8,262144,8192,hyprefill,512/512/512,graph,84,24.1372,17.3425,24.1800,24.1372,
25,8,262144,8192,hyprefill,512/512/512,graph,85,23.8119,17.3425,23.8536,23.8119,
25,8,262144,8192,hyprefill,512/512/512,graph,86,23.9176,17.0679,23.9596,23.9176,
25,8,262144,8192,hyprefill,512/512/512,graph,87,23.9955,17.6171,24.0401,23.9955,
25,8,262144,8192,hyprefill,512/512/512,graph,88,24.2602,17.3425,24.3129,24.2602,
25,8,262144,8192,hyprefill,512/512/512,graph,89,23.7622,17.3425,23.8068,23.7622,
25,8,262144,8192,hyprefill,512/512/512,graph,90,23.9165,17.3425,23.9596,23.9165,
25,8,262144,8192,hyprefill,512/512/512,graph,91,23.7738,17.3425,23.8172,23.7738,
25,8,262144,8192,hyprefill,512/512/512,graph,92,24.0839,17.6171,24.1268,24.0839,
25,8,262144,8192,hyprefill,512/512/512,graph,93,23.8660,17.0679,23.9171,23.8660,
25,8,262144,8192,hyprefill,512/512/512,graph,94,23.8962,17.3425,23.9397,23.8962,
25,8,262144,8192,hyprefill,512/512/512,graph,95,24.0055,17.0679,24.0481,24.0055,
25,8,262144,8192,hyprefill,512/512/512,graph,96,23.8533,17.3425,23.8959,23.8533,
25,8,262144,8192,hyprefill,512/512/512,graph,97,23.8628,17.0679,23.9067,23.8628,
25,8,262144,8192,hyprefill,512/512/512,graph,98,23.8303,16.5506,23.8778,23.8303,
25,8,262144,8192,hyprefill,512/512/512,graph,99,24.1679,17.0679,24.2120,24.1679,
25,8,262144,8192,hyprefill,512/512/512,graph,100,23.7148,17.8917,23.7581,23.7148,
25,8,262144,8192,hyprefill,512/512/512,graph,101,24.1107,17.3425,24.1541,24.1107,
25,8,262144,8192,hyprefill,512/512/512,graph,102,23.9141,17.6171,23.9567,23.9141,
25,8,262144,8192,hyprefill,512/512/512,graph,103,24.1988,17.0679,24.2428,24.1988,
25,8,262144,8192,hyprefill,512/512/512,graph,104,23.8057,17.6171,23.8511,23.8057,
25,8,262144,8192,hyprefill,512/512/512,graph,105,24.1216,17.3425,24.1668,24.1216,
25,8,262144,8192,hyprefill,512/512/512,graph,106,23.7607,16.8252,23.8071,23.7607,
25,8,262144,8192,hyprefill,512/512/512,graph,107,24.1333,16.5188,24.1829,24.1333,
25,8,262144,8192,hyprefill,512/512/512,graph,108,23.9101,17.8917,23.9607,23.9101,
25,8,262144,8192,hyprefill,512/512/512,graph,109,23.9932,17.3425,24.0393,23.9932,
25,8,262144,8192,hyprefill,512/512/512,graph,110,23.9693,17.6171,24.0130,23.9693,
25,8,262144,8192,hyprefill,512/512/512,graph,111,23.8592,17.6171,23.9064,23.8592,
25,8,262144,8192,hyprefill,512/512/512,graph,112,24.1426,17.3425,24.1935,24.1426,
25,8,262144,8192,hyprefill,512/512/512,graph,113,23.6824,17.6171,23.7423,23.6824,
25,8,262144,8192,hyprefill,512/512/512,graph,114,24.0822,16.8252,24.1303,24.0822,
25,8,262144,8192,hyprefill,512/512/512,graph,115,23.9451,16.2442,23.9906,23.9451,
25,8,262144,8192,hyprefill,512/512/512,graph,116,24.1758,17.9235,24.2238,24.1758,
25,8,262144,8192,hyprefill,512/512/512,graph,117,24.0479,16.5188,24.0918,24.0479,
25,8,262144,8192,hyprefill,512/512/512,graph,118,24.2339,17.6490,24.2811,24.2339,
25,8,262144,8192,hyprefill,512/512/512,graph,119,23.7548,15.9696,23.7987,23.7548,
25,8,262144,8192,hyprefill,512/512/512,graph,120,24.1355,17.9235,24.1817,24.1355,
25,8,262144,8192,hyprefill,512/512/512,graph,121,24.1529,16.2442,24.1975,24.1529,
25,8,262144,8192,hyprefill,512/512/512,graph,122,23.5011,18.4409,23.5454,23.5011,
25,8,262144,8192,hyprefill,512/512/512,graph,123,24.1492,16.2442,24.1951,24.1492,
25,8,262144,8192,hyprefill,512/512/512,graph,124,24.0362,18.1981,24.0831,24.0362,
25,8,262144,8192,hyprefill,512/512/512,graph,125,24.0146,16.4869,24.0582,24.0146,
25,8,262144,8192,hyprefill,512/512/512,graph,126,24.0115,18.1981,24.0648,24.0115,
25,8,262144,8192,hyprefill,512/512/512,graph,127,24.1841,15.9696,24.2347,24.1841,
25,8,262144,8192,hyprefill,512/512/512,graph,128,24.0078,17.6490,24.0548,24.0078,
25,8,262144,8192,hyprefill,512/512/512,graph,129,24.2685,16.2442,24.3152,24.2685,
25,8,262144,8192,hyprefill,512/512/512,graph,130,23.5557,17.8917,23.6009,23.5557,
25,8,262144,8192,hyprefill,512/512/512,graph,131,24.0347,16.7934,24.0794,24.0347,
25,8,262144,8192,hyprefill,512/512/512,graph,132,23.8587,16.8252,23.9053,23.8587,
25,8,262144,8192,hyprefill,512/512/512,graph,133,24.0884,16.7934,24.1332,24.0884,
25,8,262144,8192,hyprefill,512/512/512,graph,134,23.5360,17.8917,23.5810,23.5360,
25,8,262144,8192,hyprefill,512/512/512,graph,135,24.1549,17.0679,24.2070,24.1549,
25,8,262144,8192,hyprefill,512/512/512,graph,136,23.8916,17.3425,23.9356,23.8916,
25,8,262144,8192,hyprefill,512/512/512,graph,137,24.0652,17.6171,24.1114,24.0652,
25,8,262144,8192,hyprefill,512/512/512,graph,138,24.2789,17.3425,24.3242,24.2789,
25,8,262144,8192,hyprefill,512/512/512,graph,139,23.9194,17.3425,23.9649,23.9194,
25,8,262144,8192,hyprefill,512/512/512,graph,140,24.1926,16.5506,24.2393,24.1926,
25,8,262144,8192,hyprefill,512/512/512,graph,141,24.0929,17.3425,24.1373,24.0929,
25,8,262144,8192,hyprefill,512/512/512,graph,142,24.1811,17.6171,24.2262,24.1811,
25,8,262144,8192,hyprefill,512/512/512,graph,143,24.0245,17.3425,24.0689,24.0245,
25,8,262144,8192,hyprefill,512/512/512,graph,144,24.0508,17.8917,24.0945,24.0508,
25,8,262144,8192,hyprefill,512/512/512,graph,145,23.9081,17.6171,23.9534,23.9081,
25,8,262144,8192,hyprefill,512/512/512,graph,146,24.0983,17.3425,24.1415,24.0983,
25,8,262144,8192,hyprefill,512/512/512,graph,147,24.5098,17.6171,24.5541,24.5098,
25,8,262144,8192,hyprefill,512/512/512,graph,148,24.0186,16.8252,24.0654,24.0186,
25,8,262144,8192,hyprefill,512/512/512,graph,149,24.1505,16.7934,24.1950,24.1505,
25,8,262144,8192,hyprefill,512/512/512,graph,150,24.2178,17.6490,24.2664,24.2178,
25,8,262144,8192,hyprefill,512/512/512,graph,151,24.1660,16.2442,24.2100,24.1660,
25,8,262144,8192,hyprefill,512/512/512,graph,152,23.3915,18.4409,23.4367,23.3915,
25,8,262144,8192,hyprefill,512/512/512,graph,153,24.0427,16.5188,24.0883,24.0427,
25,8,262144,8192,hyprefill,512/512/512,graph,154,23.8571,17.9235,23.9051,23.8571,
25,8,262144,8192,hyprefill,512/512/512,graph,155,24.1587,15.9696,24.2047,24.1587,
25,8,262144,8192,hyprefill,512/512/512,graph,156,23.8981,18.1981,23.9453,23.8981,
25,8,262144,8192,hyprefill,512/512/512,graph,157,24.2232,15.9696,24.2678,24.2232,
25,8,262144,8192,hyprefill,512/512/512,graph,158,23.8286,18.1981,23.8834,23.8286,
25,8,262144,8192,hyprefill,512/512/512,graph,159,24.2029,16.2442,24.2517,24.2029,
25,8,262144,8192,hyprefill,512/512/512,graph,160,23.7656,18.1663,23.8104,23.7656,
25,8,262144,8192,hyprefill,512/512/512,graph,161,24.3509,16.5188,24.3962,24.3509,
25,8,262144,8192,hyprefill,512/512/512,graph,162,24.0420,17.6490,24.0902,24.0420,
25,8,262144,8192,hyprefill,512/512/512,graph,163,24.2906,16.5188,24.3353,24.2906,
25,8,262144,8192,hyprefill,512/512/512,graph,164,24.2497,17.3744,24.2955,24.2497,
25,8,262144,8192,hyprefill,512/512/512,graph,165,23.7301,16.2442,23.7735,23.7301,
25,8,262144,8192,hyprefill,512/512/512,graph,166,24.0486,17.3744,24.0948,24.0486,
25,8,262144,8192,hyprefill,512/512/512,graph,167,23.5415,15.9696,23.5855,23.5415,
25,8,262144,8192,hyprefill,512/512/512,graph,168,22.7172,17.8917,22.7622,22.7172,
25,8,262144,8192,hyprefill,512/512/512,graph,169,22.5667,16.7615,22.6109,22.5667,
25,8,262144,8192,hyprefill,512/512/512,graph,170,24.1293,17.3744,24.1813,24.1293,
25,8,262144,8192,hyprefill,512/512/512,graph,171,23.8084,16.2442,23.8524,23.8084,
25,8,262144,8192,hyprefill,512/512/512,graph,172,24.2961,17.3744,24.3371,24.2961,
25,8,262144,8192,hyprefill,512/512/512,graph,173,23.6540,16.7934,23.6992,23.6540,
25,8,262144,8192,hyprefill,512/512/512,graph,174,24.3370,16.8252,24.3815,24.3370,
25,8,262144,8192,hyprefill,512/512/512,graph,175,23.9217,16.5188,23.9653,23.9217,
25,8,262144,8192,hyprefill,512/512/512,graph,176,23.9878,16.8252,24.0332,23.9878,
25,8,262144,8192,hyprefill,512/512/512,graph,177,22.5110,17.0361,22.5582,22.5110,
25,8,262144,8192,hyprefill,512/512/512,graph,178,24.0588,17.0998,24.1041,24.0588,
25,8,262144,8192,hyprefill,512/512/512,graph,179,24.0850,16.5188,24.1329,24.0850,
25,8,262144,8192,hyprefill,512/512/512,graph,180,23.8906,18.1663,23.9344,23.8906,
25,8,262144,8192,hyprefill,512/512/512,graph,181,24.1444,16.7934,24.1886,24.1444,
25,8,262144,8192,hyprefill,512/512/512,graph,182,23.3820,17.6171,23.4254,23.3820,
25,8,262144,8192,hyprefill,512/512/512,graph,183,24.0995,17.3425,24.1446,24.0995,
25,8,262144,8192,hyprefill,512/512/512,graph,184,23.9229,17.0998,23.9683,23.9229,
25,8,262144,8192,hyprefill,512/512/512,graph,185,24.2644,16.5188,24.3091,24.2644,
25,8,262144,8192,hyprefill,512/512/512,graph,186,23.7954,17.3744,23.8408,23.7954,
25,8,262144,8192,hyprefill,512/512/512,graph,187,24.0433,16.2442,24.0880,24.0433,
25,8,262144,8192,hyprefill,512/512/512,graph,188,22.6486,17.8917,22.7029,22.6486,
25,8,262144,8192,hyprefill,512/512/512,graph,189,24.1205,16.5188,24.1649,24.1205,
25,8,262144,8192,hyprefill,512/512/512,graph,190,24.1428,17.3744,24.1892,24.1428,
25,8,262144,8192,hyprefill,512/512/512,graph,191,22.8326,17.0361,22.8766,22.8326,
25,8,262144,8192,hyprefill,512/512/512,graph,192,24.1006,17.0998,24.1510,24.1006,
25,8,262144,8192,hyprefill,512/512/512,graph,193,24.0628,16.5188,24.1083,24.0628,
25,8,262144,8192,hyprefill,512/512/512,graph,194,24.0294,16.8252,24.0802,24.0294,
25,8,262144,8192,hyprefill,512/512/512,graph,195,23.9570,17.0679,24.0078,23.9570,
25,8,262144,8192,hyprefill,512/512/512,graph,196,23.9730,18.1663,24.0179,23.9730,
25,8,262144,8192,hyprefill,512/512/512,graph,197,24.0967,17.0679,24.1409,24.0967,
25,8,262144,8192,hyprefill,512/512/512,graph,198,24.1618,17.0998,24.2071,24.1618,
25,8,262144,8192,hyprefill,512/512/512,graph,199,23.9166,16.7934,23.9639,23.9166,
25,8,262144,8192,hyprefill,2048/2048/2048,graph,0,21.4472,15.0503,21.4931,21.4472,
25,8,262144,8192,hyprefill,2048/2048/2048,graph,1,21.5353,15.0503,21.5788,21.5353,
25,8,262144,8192,hyprefill,2048/2048/2048,graph,2,21.5807,15.0503,21.6251,21.5807,
25,8,262144,8192,hyprefill,2048/2048/2048,graph,3,21.6835,15.0503,21.7284,21.6835,
25,8,262144,8192,hyprefill,2048/2048/2048,graph,4,21.5554,15.0503,21.6009,21.5554,
25,8,262144,8192,hyprefill,2048/2048/2048,graph,5,21.7060,15.0503,21.7515,21.7060,
25,8,262144,8192,hyprefill,2048/2048/2048,graph,6,21.7459,15.0503,21.7904,21.7459,
25,8,262144,8192,hyprefill,2048/2048/2048,graph,7,21.8417,15.0503,21.8847,21.8417,
25,8,262144,8192,hyprefill,2048/2048/2048,graph,8,21.7343,15.0503,21.7800,21.7343,
25,8,262144,8192,hyprefill,2048/2048/2048,graph,9,21.7609,15.0503,21.8042,21.7609,
25,8,262144,8192,hyprefill,2048/2048/2048,graph,10,21.7980,15.0503,21.8422,21.7980,
25,8,262144,8192,hyprefill,2048/2048/2048,graph,11,21.8469,15.0503,21.8912,21.8469,
25,8,262144,8192,hyprefill,2048/2048/2048,graph,12,21.7497,15.0503,21.7943,21.7497,
25,8,262144,8192,hyprefill,2048/2048/2048,graph,13,21.6815,15.0503,21.7262,21.6815,
25,8,262144,8192,hyprefill,2048/2048/2048,graph,14,21.7617,15.0503,21.8062,21.7617,
25,8,262144,8192,hyprefill,2048/2048/2048,graph,15,21.6880,15.0503,21.7316,21.6880,
25,8,262144,8192,hyprefill,2048/2048/2048,graph,16,21.6019,15.0503,21.6463,21.6019,
25,8,262144,8192,hyprefill,2048/2048/2048,graph,17,21.5502,15.0503,21.5947,21.5502,
25,8,262144,8192,hyprefill,2048/2048/2048,graph,18,21.5787,15.0503,21.6239,21.5787,
25,8,262144,8192,hyprefill,2048/2048/2048,graph,19,21.5908,15.0503,21.6357,21.5908,
25,8,262144,8192,hyprefill,2048/2048/2048,graph,20,21.4658,15.0503,21.5112,21.4658,
25,8,262144,8192,hyprefill,2048/2048/2048,graph,21,21.5314,15.0503,21.5761,21.5314,
25,8,262144,8192,hyprefill,2048/2048/2048,graph,22,21.5807,15.0503,21.6275,21.5807,
25,8,262144,8192,hyprefill,2048/2048/2048,graph,23,21.6977,15.0503,21.7417,21.6977,
25,8,262144,8192,hyprefill,2048/2048/2048,graph,24,21.5514,15.0503,21.6016,21.5514,
25,8,262144,8192,hyprefill,2048/2048/2048,graph,25,21.6363,15.0503,21.6839,21.6363,
25,8,262144,8192,hyprefill,2048/2048/2048,graph,26,21.6954,15.0503,21.7412,21.6954,
25,8,262144,8192,hyprefill,2048/2048/2048,graph,27,21.7827,15.0503,21.8287,21.7827,
25,8,262144,8192,hyprefill,2048/2048/2048,graph,28,21.6334,15.0503,21.6785,21.6334,
25,8,262144,8192,hyprefill,2048/2048/2048,graph,29,21.7965,15.0503,21.8420,21.7965,
25,8,262144,8192,hyprefill,2048/2048/2048,graph,30,21.7818,15.0503,21.8269,21.7818,
25,8,262144,8192,hyprefill,2048/2048/2048,graph,31,21.9190,15.0503,21.9710,21.9190,
25,8,262144,8192,hyprefill,2048/2048/2048,graph,32,21.8530,15.0503,21.8998,21.8530,
25,8,262144,8192,hyprefill,2048/2048/2048,graph,33,21.8822,15.0503,21.9272,21.8822,
25,8,262144,8192,hyprefill,2048/2048/2048,graph,34,21.9046,15.0503,21.9491,21.9046,
25,8,262144,8192,hyprefill,2048/2048/2048,graph,35,21.9732,15.0503,22.0248,21.9732,
25,8,262144,8192,hyprefill,2048/2048/2048,graph,36,21.8074,15.0503,21.8575,21.8074,
25,8,262144,8192,hyprefill,2048/2048/2048,graph,37,21.8539,15.0503,21.9005,21.8539,
25,8,262144,8192,hyprefill,2048/2048/2048,graph,38,21.9088,15.0503,21.9540,21.9088,
25,8,262144,8192,hyprefill,2048/2048/2048,graph,39,21.8766,15.0503,21.9206,21.8766,
25,8,262144,8192,hyprefill,2048/2048/2048,graph,40,21.7148,15.0503,21.7603,21.7148,
25,8,262144,8192,hyprefill,2048/2048/2048,graph,41,21.7430,15.0503,21.7876,21.7430,
25,8,262144,8192,hyprefill,2048/2048/2048,graph,42,21.7394,15.0503,21.7808,21.7394,
25,8,262144,8192,hyprefill,2048/2048/2048,graph,43,21.7435,15.0503,21.7871,21.7435,
25,8,262144,8192,hyprefill,2048/2048/2048,graph,44,21.6213,15.0503,21.6664,21.6213,
25,8,262144,8192,hyprefill,2048/2048/2048,graph,45,21.5849,15.0503,21.6291,21.5849,
25,8,262144,8192,hyprefill,2048/2048/2048,graph,46,21.6558,15.0503,21.6997,21.6558,
25,8,262144,8192,hyprefill,2048/2048/2048,graph,47,21.6681,15.0503,21.7126,21.6681,
25,8,262144,8192,hyprefill,2048/2048/2048,graph,48,21.5570,15.0503,21.6024,21.5570,
25,8,262144,8192,hyprefill,2048/2048/2048,graph,49,21.6244,15.0503,21.6690,21.6244,
25,8,262144,8192,hyprefill,2048/2048/2048,graph,50,21.6634,15.0503,21.7072,21.6634,
25,8,262144,8192,hyprefill,2048/2048/2048,graph,51,21.7724,15.0503,21.8166,21.7724,
25,8,262144,8192,hyprefill,2048/2048/2048,graph,52,21.6369,15.0503,21.6824,21.6369,
25,8,262144,8192,hyprefill,2048/2048/2048,graph,53,21.6887,15.0503,21.7322,21.6887,
25,8,262144,8192,hyprefill,2048/2048/2048,graph,54,21.7716,15.0503,21.8148,21.7716,
25,8,262144,8192,hyprefill,2048/2048/2048,graph,55,21.7953,15.0503,21.8407,21.7953,
25,8,262144,8192,hyprefill,2048/2048/2048,graph,56,21.6435,15.0503,21.6876,21.6435,
25,8,262144,8192,hyprefill,2048/2048/2048,graph,57,21.6532,15.0503,21.6970,21.6532,
25,8,262144,8192,hyprefill,2048/2048/2048,graph,58,21.6932,15.0503,21.7380,21.6932,
25,8,262144,8192,hyprefill,2048/2048/2048,graph,59,21.6610,15.0503,21.7050,21.6610,
25,8,262144,8192,hyprefill,2048/2048/2048,graph,60,21.5507,15.0503,21.5972,21.5507,
25,8,262144,8192,hyprefill,2048/2048/2048,graph,61,21.5662,15.0503,21.6109,21.5662,
25,8,262144,8192,hyprefill,2048/2048/2048,graph,62,21.5892,15.0503,21.6334,21.5892,
25,8,262144,8192,hyprefill,2048/2048/2048,graph,63,21.6297,15.0503,21.6741,21.6297,
25,8,262144,8192,hyprefill,2048/2048/2048,graph,64,21.4603,15.0503,21.5060,21.4603,
25,8,262144,8192,hyprefill,2048/2048/2048,graph,65,21.5356,15.0503,21.5905,21.5356,
25,8,262144,8192,hyprefill,2048/2048/2048,graph,66,21.3441,14.7758,21.3885,21.3441,
25,8,262144,8192,hyprefill,2048/2048/2048,graph,67,20.9620,14.7758,21.0060,20.9620,
25,8,262144,8192,hyprefill,2048/2048/2048,graph,68,20.6061,14.5012,20.6499,20.6061,
25,8,262144,8192,hyprefill,2048/2048/2048,graph,69,20.2392,14.5012,20.2858,20.2392,
25,8,262144,8192,hyprefill,2048/2048/2048,graph,70,20.0335,14.2266,20.0777,20.0335,
25,8,262144,8192,hyprefill,2048/2048/2048,graph,71,23.4899,13.4346,23.5373,23.4899,
25,8,262144,8192,hyprefill,2048/2048/2048,graph,72,20.0089,14.2266,20.0590,20.0089,
25,8,262144,8192,hyprefill,2048/2048/2048,graph,73,19.8702,14.5012,19.9130,19.8702,
25,8,262144,8192,hyprefill,2048/2048/2048,graph,74,20.3576,14.5012,20.4078,20.3576,
25,8,262144,8192,hyprefill,2048/2048/2048,graph,75,20.4842,14.7758,20.5312,20.4842,
25,8,262144,8192,hyprefill,2048/2048/2048,graph,76,21.0254,14.7758,21.0696,21.0254,
25,8,262144,8192,hyprefill,2048/2048/2048,graph,77,21.3126,15.0503,21.3557,21.3126,
25,8,262144,8192,hyprefill,2048/2048/2048,graph,78,21.8606,15.0503,21.9059,21.8606,
25,8,262144,8192,hyprefill,2048/2048/2048,graph,79,21.7565,15.0503,21.8014,21.7565,
25,8,262144,8192,hyprefill,2048/2048/2048,graph,80,21.8282,15.0503,21.8724,21.8282,
25,8,262144,8192,hyprefill,2048/2048/2048,graph,81,21.8639,15.0503,21.9069,21.8639,
25,8,262144,8192,hyprefill,2048/2048/2048,graph,82,21.9246,15.0503,21.9698,21.9246,
25,8,262144,8192,hyprefill,2048/2048/2048,graph,83,21.8171,15.0503,21.8604,21.8171,
25,8,262144,8192,hyprefill,2048/2048/2048,graph,84,21.7948,15.0503,21.8386,21.7948,
25,8,262144,8192,hyprefill,2048/2048/2048,graph,85,21.8035,15.0503,21.8478,21.8035,
25,8,262144,8192,hyprefill,2048/2048/2048,graph,86,21.7655,15.0503,21.8085,21.7655,
25,8,262144,8192,hyprefill,2048/2048/2048,graph,87,21.6393,15.0503,21.6829,21.6393,
25,8,262144,8192,hyprefill,2048/2048/2048,graph,88,21.6216,15.0503,21.6657,21.6216,
25,8,262144,8192,hyprefill,2048/2048/2048,graph,89,21.6742,15.0503,21.7193,21.6742,
25,8,262144,8192,hyprefill,2048/2048/2048,graph,90,21.5931,15.0503,21.6372,21.5931,
25,8,262144,8192,hyprefill,2048/2048/2048,graph,91,21.4869,15.0503,21.5315,21.4869,
25,8,262144,8192,hyprefill,2048/2048/2048,graph,92,21.5652,15.0503,21.6084,21.5652,
25,8,262144,8192,hyprefill,2048/2048/2048,graph,93,21.5425,15.0503,21.5863,21.5425,
25,8,262144,8192,hyprefill,2048/2048/2048,graph,94,21.5944,15.0503,21.6385,21.5944,
25,8,262144,8192,hyprefill,2048/2048/2048,graph,95,21.4980,15.0503,21.5430,21.4980,
25,8,262144,8192,hyprefill,2048/2048/2048,graph,96,21.5464,15.0503,21.5908,21.5464,
25,8,262144,8192,hyprefill,2048/2048/2048,graph,97,21.6132,15.0503,21.6577,21.6132,
25,8,262144,8192,hyprefill,2048/2048/2048,graph,98,21.7104,15.0503,21.7541,21.7104,
25,8,262144,8192,hyprefill,2048/2048/2048,graph,99,21.5653,15.0503,21.6090,21.5653,
25,8,262144,8192,hyprefill,2048/2048/2048,graph,100,21.7017,15.0503,21.7461,21.7017,
25,8,262144,8192,hyprefill,2048/2048/2048,graph,101,21.7342,15.0503,21.7777,21.7342,
25,8,262144,8192,hyprefill,2048/2048/2048,graph,102,21.8532,15.0503,21.8985,21.8532,
25,8,262144,8192,hyprefill,2048/2048/2048,graph,103,21.7237,15.0503,21.7697,21.7237,
25,8,262144,8192,hyprefill,2048/2048/2048,graph,104,21.7665,15.0503,21.8106,21.7665,
25,8,262144,8192,hyprefill,2048/2048/2048,graph,105,21.8059,15.0503,21.8497,21.8059,
25,8,262144,8192,hyprefill,2048/2048/2048,graph,106,21.8758,15.0503,21.9197,21.8758,
25,8,262144,8192,hyprefill,2048/2048/2048,graph,107,21.7814,15.0503,21.8502,21.7814,
25,8,262144,8192,hyprefill,2048/2048/2048,graph,108,21.6968,15.0503,21.7414,21.6968,
25,8,262144,8192,hyprefill,2048/2048/2048,graph,109,21.7649,15.0503,21.8097,21.7649,
25,8,262144,8192,hyprefill,2048/2048/2048,graph,110,21.7286,15.0503,21.7725,21.7286,
25,8,262144,8192,hyprefill,2048/2048/2048,graph,111,21.5878,15.0503,21.6367,21.5878,
25,8,262144,8192,hyprefill,2048/2048/2048,graph,112,21.5374,15.0503,21.5814,21.5374,
25,8,262144,8192,hyprefill,2048/2048/2048,graph,113,21.6131,15.0503,21.6572,21.6131,
25,8,262144,8192,hyprefill,2048/2048/2048,graph,114,21.5849,15.0503,21.6307,21.5849,
25,8,262144,8192,hyprefill,2048/2048/2048,graph,115,21.4674,15.0503,21.5114,21.4674,
25,8,262144,8192,hyprefill,2048/2048/2048,graph,116,21.5410,15.0503,21.5847,21.5410,
25,8,262144,8192,hyprefill,2048/2048/2048,graph,117,21.5644,15.0503,21.6088,21.5644,
25,8,262144,8192,hyprefill,2048/2048/2048,graph,118,21.6661,15.0503,21.7119,21.6661,
25,8,262144,8192,hyprefill,2048/2048/2048,graph,119,21.5416,15.0503,21.5861,21.5416,
25,8,262144,8192,hyprefill,2048/2048/2048,graph,120,21.6677,15.0503,21.7127,21.6677,
25,8,262144,8192,hyprefill,2048/2048/2048,graph,121,21.7076,15.0503,21.7523,21.7076,
25,8,262144,8192,hyprefill,2048/2048/2048,graph,122,21.7916,15.0503,21.8352,21.7916,
25,8,262144,8192,hyprefill,2048/2048/2048,graph,123,21.6142,15.0503,21.6617,21.6142,
25,8,262144,8192,hyprefill,2048/2048/2048,graph,124,21.7599,15.0503,21.8056,21.7599,
25,8,262144,8192,hyprefill,2048/2048/2048,graph,125,21.8003,15.0503,21.8456,21.8003,
25,8,262144,8192,hyprefill,2048/2048/2048,graph,126,21.9099,15.0503,21.9540,21.9099,
25,8,262144,8192,hyprefill,2048/2048/2048,graph,127,21.7777,15.0503,21.8229,21.7777,
25,8,262144,8192,hyprefill,2048/2048/2048,graph,128,21.8623,15.0503,21.9061,21.8623,
25,8,262144,8192,hyprefill,2048/2048/2048,graph,129,21.8783,15.0503,21.9227,21.8783,
25,8,262144,8192,hyprefill,2048/2048/2048,graph,130,21.9383,15.0503,21.9817,21.9383,
25,8,262144,8192,hyprefill,2048/2048/2048,graph,131,21.8188,15.0503,21.8630,21.8188,
25,8,262144,8192,hyprefill,2048/2048/2048,graph,132,21.8620,15.0503,21.9059,21.8620,
25,8,262144,8192,hyprefill,2048/2048/2048,graph,133,21.8852,15.0503,21.9293,21.8852,
25,8,262144,8192,hyprefill,2048/2048/2048,graph,134,21.8767,15.0503,21.9207,21.8767,
25,8,262144,8192,hyprefill,2048/2048/2048,graph,135,21.7435,15.0503,21.7875,21.7435,
25,8,262144,8192,hyprefill,2048/2048/2048,graph,136,21.7441,15.0503,21.7902,21.7441,
25,8,262144,8192,hyprefill,2048/2048/2048,graph,137,21.7657,15.0503,21.8103,21.7657,
25,8,262144,8192,hyprefill,2048/2048/2048,graph,138,21.7548,15.0503,21.7992,21.7548,
25,8,262144,8192,hyprefill,2048/2048/2048,graph,139,21.6370,15.0503,21.6811,21.6370,
25,8,262144,8192,hyprefill,2048/2048/2048,graph,140,21.5706,15.0503,21.6149,21.5706,
25,8,262144,8192,hyprefill,2048/2048/2048,graph,141,21.6371,15.0503,21.6808,21.6371,
25,8,262144,8192,hyprefill,2048/2048/2048,graph,142,21.6872,15.0503,21.7317,21.6872,
25,8,262144,8192,hyprefill,2048/2048/2048,graph,143,21.5595,15.0503,21.6041,21.5595,
25,8,262144,8192,hyprefill,2048/2048/2048,graph,144,21.6420,15.0503,21.6866,21.6420,
25,8,262144,8192,hyprefill,2048/2048/2048,graph,145,21.6470,15.0503,21.6912,21.6470,
25,8,262144,8192,hyprefill,2048/2048/2048,graph,146,21.7965,15.0503,21.8430,21.7965,
25,8,262144,8192,hyprefill,2048/2048/2048,graph,147,21.6564,15.0503,21.7039,21.6564,
25,8,262144,8192,hyprefill,2048/2048/2048,graph,148,21.7332,15.0503,21.7790,21.7332,
25,8,262144,8192,hyprefill,2048/2048/2048,graph,149,21.7693,15.0503,21.8151,21.7693,
25,8,262144,8192,hyprefill,2048/2048/2048,graph,150,21.7990,15.0503,21.8439,21.7990,
25,8,262144,8192,hyprefill,2048/2048/2048,graph,151,21.6734,15.0503,21.7171,21.6734,
25,8,262144,8192,hyprefill,2048/2048/2048,graph,152,21.6498,15.0503,21.6946,21.6498,
25,8,262144,8192,hyprefill,2048/2048/2048,graph,153,21.6705,15.0503,21.7150,21.6705,
25,8,262144,8192,hyprefill,2048/2048/2048,graph,154,21.6735,15.0503,21.7176,21.6735,
25,8,262144,8192,hyprefill,2048/2048/2048,graph,155,21.5719,15.0503,21.6159,21.5719,
25,8,262144,8192,hyprefill,2048/2048/2048,graph,156,21.5920,15.0503,21.6363,21.5920,
25,8,262144,8192,hyprefill,2048/2048/2048,graph,157,21.6156,15.0503,21.6614,21.6156,
25,8,262144,8192,hyprefill,2048/2048/2048,graph,158,21.6261,15.0503,21.6753,21.6261,
25,8,262144,8192,hyprefill,2048/2048/2048,graph,159,21.4765,15.0503,21.5227,21.4765,
25,8,262144,8192,hyprefill,2048/2048/2048,graph,160,21.5383,15.0503,21.5843,21.5383,
25,8,262144,8192,hyprefill,2048/2048/2048,graph,161,21.3370,14.7758,21.3808,21.3370,
25,8,262144,8192,hyprefill,2048/2048/2048,graph,162,20.9986,14.7758,21.0438,20.9986,
25,8,262144,8192,hyprefill,2048/2048/2048,graph,163,20.6002,14.5012,20.6439,20.6002,
25,8,262144,8192,hyprefill,2048/2048/2048,graph,164,20.2161,14.5012,20.2598,20.2161,
25,8,262144,8192,hyprefill,2048/2048/2048,graph,165,20.0305,14.2266,20.3831,20.0305,
25,8,262144,8192,hyprefill,2048/2048/2048,graph,166,23.4294,13.4346,23.4803,23.4294,
25,8,262144,8192,hyprefill,2048/2048/2048,graph,167,20.0318,14.2266,20.0774,20.0318,
25,8,262144,8192,hyprefill,2048/2048/2048,graph,168,19.8992,14.5012,19.9440,19.8992,
25,8,262144,8192,hyprefill,2048/2048/2048,graph,169,20.3646,14.5012,20.4083,20.3646,
25,8,262144,8192,hyprefill,2048/2048/2048,graph,170,20.4867,14.7758,20.5298,20.4867,
25,8,262144,8192,hyprefill,2048/2048/2048,graph,171,21.0120,14.7758,21.0552,21.0120,
25,8,262144,8192,hyprefill,2048/2048/2048,graph,172,21.3686,15.0503,21.4094,21.3686,
25,8,262144,8192,hyprefill,2048/2048/2048,graph,173,21.9094,15.0503,21.9528,21.9094,
25,8,262144,8192,hyprefill,2048/2048/2048,graph,174,21.7562,15.0503,21.7998,21.7562,
25,8,262144,8192,hyprefill,2048/2048/2048,graph,175,21.8348,15.0503,21.8782,21.8348,
25,8,262144,8192,hyprefill,2048/2048/2048,graph,176,21.8406,15.0503,21.8848,21.8406,
25,8,262144,8192,hyprefill,2048/2048/2048,graph,177,21.9454,15.0503,21.9895,21.9454,
25,8,262144,8192,hyprefill,2048/2048/2048,graph,178,21.7687,15.0503,21.8138,21.7687,
25,8,262144,8192,hyprefill,2048/2048/2048,graph,179,21.7836,15.0503,21.8277,21.7836,
25,8,262144,8192,hyprefill,2048/2048/2048,graph,180,21.8707,15.0503,21.9156,21.8707,
25,8,262144,8192,hyprefill,2048/2048/2048,graph,181,21.8182,15.0503,21.8623,21.8182,
25,8,262144,8192,hyprefill,2048/2048/2048,graph,182,21.6392,15.0503,21.6833,21.6392,
25,8,262144,8192,hyprefill,2048/2048/2048,graph,183,21.6157,15.0503,21.6609,21.6157,
25,8,262144,8192,hyprefill,2048/2048/2048,graph,184,21.6580,15.0503,21.7024,21.6580,
25,8,262144,8192,hyprefill,2048/2048/2048,graph,185,21.6046,15.0503,21.6485,21.6046,
25,8,262144,8192,hyprefill,2048/2048/2048,graph,186,21.4757,15.0503,21.5203,21.4757,
25,8,262144,8192,hyprefill,2048/2048/2048,graph,187,21.4987,15.0503,21.5424,21.4987,
25,8,262144,8192,hyprefill,2048/2048/2048,graph,188,21.5456,15.0503,21.5900,21.5456,
25,8,262144,8192,hyprefill,2048/2048/2048,graph,189,21.6043,15.0503,21.6485,21.6043,
25,8,262144,8192,hyprefill,2048/2048/2048,graph,190,21.4714,15.0503,21.5149,21.4714,
25,8,262144,8192,hyprefill,2048/2048/2048,graph,191,21.5680,15.0503,21.6141,21.5680,
25,8,262144,8192,hyprefill,2048/2048/2048,graph,192,21.5962,15.0503,21.6464,21.5962,
25,8,262144,8192,hyprefill,2048/2048/2048,graph,193,21.6624,15.0503,21.7121,21.6624,
25,8,262144,8192,hyprefill,2048/2048/2048,graph,194,21.5936,15.0503,21.6442,21.5936,
25,8,262144,8192,hyprefill,2048/2048/2048,graph,195,21.6951,15.0503,21.7463,21.6951,
25,8,262144,8192,hyprefill,2048/2048/2048,graph,196,21.7408,15.0503,21.7863,21.7408,
25,8,262144,8192,hyprefill,2048/2048/2048,graph,197,21.8601,15.0503,21.9058,21.8601,
25,8,262144,8192,hyprefill,2048/2048/2048,graph,198,21.7266,15.0503,21.7753,21.7266,
25,8,262144,8192,hyprefill,2048/2048/2048,graph,199,21.7539,15.0503,21.8009,21.7539,
25,8,262144,8192,hyprefill,256/256/256,graph,0,23.9788,19.6347,24.0244,23.9788,
25,8,262144,8192,hyprefill,256/256/256,graph,1,23.9504,19.3920,23.9948,23.9504,
25,8,262144,8192,hyprefill,256/256/256,graph,2,23.7593,18.2936,23.8054,23.7593,
25,8,262144,8192,hyprefill,256/256/256,graph,3,23.7082,19.6347,23.7527,23.7082,
25,8,262144,8192,hyprefill,256/256/256,graph,4,22.9110,19.6029,22.9556,22.9110,
25,8,262144,8192,hyprefill,256/256/256,graph,5,23.7147,19.6347,23.7586,23.7147,
25,8,262144,8192,hyprefill,256/256/256,graph,6,23.9148,19.3601,23.9599,23.9148,
25,8,262144,8192,hyprefill,256/256/256,graph,7,23.8209,19.9093,23.8649,23.8209,
25,8,262144,8192,hyprefill,256/256/256,graph,8,23.1869,19.6029,23.2312,23.1869,
25,8,262144,8192,hyprefill,256/256/256,graph,9,23.7027,19.6666,23.7479,23.7027,
25,8,262144,8192,hyprefill,256/256/256,graph,10,24.2432,18.2936,24.2876,24.2432,
25,8,262144,8192,hyprefill,256/256/256,graph,11,23.3748,19.6347,23.4261,23.3748,
25,8,262144,8192,hyprefill,256/256/256,graph,12,22.9833,19.6029,23.0299,22.9833,
25,8,262144,8192,hyprefill,256/256/256,graph,13,23.7919,19.9093,23.8380,23.7919,
25,8,262144,8192,hyprefill,256/256/256,graph,14,23.8488,19.3601,23.8948,23.8488,
25,8,262144,8192,hyprefill,256/256/256,graph,15,23.8283,19.1174,23.8741,23.8283,
25,8,262144,8192,hyprefill,256/256/256,graph,16,22.4969,19.5711,22.5404,22.4969,
25,8,262144,8192,hyprefill,256/256/256,graph,17,23.9003,19.3920,23.9445,23.9003,
25,8,262144,8192,hyprefill,256/256/256,graph,18,23.5533,18.2936,23.5977,23.5533,
25,8,262144,8192,hyprefill,256/256/256,graph,19,22.8652,19.6029,22.9252,22.8652,
25,8,262144,8192,hyprefill,256/256/256,graph,20,23.8934,19.0856,23.9372,23.8934,
25,8,262144,8192,hyprefill,256/256/256,graph,21,23.6523,19.9093,23.6952,23.6523,
25,8,262144,8192,hyprefill,256/256/256,graph,22,23.8255,18.8110,23.8681,23.8255,
25,8,262144,8192,hyprefill,256/256/256,graph,23,23.7708,19.6666,23.8143,23.7708,
25,8,262144,8192,hyprefill,256/256/256,graph,24,22.6983,19.2965,22.7416,22.6983,
25,8,262144,8192,hyprefill,256/256/256,graph,25,23.5234,19.6666,23.5691,23.5234,
25,8,262144,8192,hyprefill,256/256/256,graph,26,24.0471,18.0190,24.0922,24.0471,
25,8,262144,8192,hyprefill,256/256/256,graph,27,22.6670,19.8775,22.7175,22.6670,
25,8,262144,8192,hyprefill,256/256/256,graph,28,23.6624,18.8110,23.7089,23.6624,
25,8,262144,8192,hyprefill,256/256/256,graph,29,23.8006,19.6666,23.8469,23.8006,
25,8,262144,8192,hyprefill,256/256/256,graph,30,22.8433,18.7791,22.8904,22.8433,
25,8,262144,8192,hyprefill,256/256/256,graph,31,23.4105,19.9093,23.4555,23.4105,
25,8,262144,8192,hyprefill,256/256/256,graph,32,22.0467,19.0219,22.0915,22.0467,
25,8,262144,8192,hyprefill,256/256/256,graph,33,23.6453,19.6666,23.6911,23.6453,
25,8,262144,8192,hyprefill,256/256/256,graph,34,23.7766,18.5364,23.8207,23.7766,
25,8,262144,8192,hyprefill,256/256/256,graph,35,23.3294,19.9093,23.3739,23.3294,
25,8,262144,8192,hyprefill,256/256/256,graph,36,23.6565,18.5364,23.7009,23.6565,
25,8,262144,8192,hyprefill,256/256/256,graph,37,23.7211,19.9412,23.7682,23.7211,
25,8,262144,8192,hyprefill,256/256/256,graph,38,22.5528,19.0219,22.5956,22.5528,
25,8,262144,8192,hyprefill,256/256/256,graph,39,23.1872,20.1839,23.2328,23.1872,
25,8,262144,8192,hyprefill,256/256/256,graph,40,23.4147,19.0537,23.4640,23.4147,
25,8,262144,8192,hyprefill,256/256/256,graph,41,23.9208,19.9412,23.9662,23.9208,
25,8,262144,8192,hyprefill,256/256/256,graph,42,23.2569,18.7791,23.2989,23.2569,
25,8,262144,8192,hyprefill,256/256/256,graph,43,23.8853,20.2157,23.9306,23.8853,
25,8,262144,8192,hyprefill,256/256/256,graph,44,23.9287,17.7444,23.9758,23.9287,
25,8,262144,8192,hyprefill,256/256/256,graph,45,23.4856,20.1839,23.5305,23.4856,
25,8,262144,8192,hyprefill,256/256/256,graph,46,23.1514,19.0537,23.1959,23.1514,
25,8,262144,8192,hyprefill,256/256/256,graph,47,23.3619,20.1839,23.4059,23.3619,
25,8,262144,8192,hyprefill,256/256/256,graph,48,22.6867,19.5711,22.7302,22.6867,
25,8,262144,8192,hyprefill,256/256/256,graph,49,23.9468,20.2157,23.9917,23.9468,
25,8,262144,8192,hyprefill,256/256/256,graph,50,23.4909,19.0537,23.5339,23.4909,
25,8,262144,8192,hyprefill,256/256/256,graph,51,23.8441,19.3920,23.8895,23.8441,
25,8,262144,8192,hyprefill,256/256/256,graph,52,23.9426,18.0190,23.9871,23.9426,
25,8,262144,8192,hyprefill,256/256/256,graph,53,23.4117,20.1839,23.4559,23.4117,
25,8,262144,8192,hyprefill,256/256/256,graph,54,23.9191,18.5364,23.9650,23.9191,
25,8,262144,8192,hyprefill,256/256/256,graph,55,23.9528,19.9412,23.9995,23.9528,
25,8,262144,8192,hyprefill,256/256/256,graph,56,22.3413,19.0219,22.3851,22.3413,
25,8,262144,8192,hyprefill,256/256/256,graph,57,23.9478,19.6666,23.9932,23.9478,
25,8,262144,8192,hyprefill,256/256/256,graph,58,22.9968,19.0537,23.0401,22.9968,
25,8,262144,8192,hyprefill,256/256/256,graph,59,24.0595,19.6666,24.1036,24.0595,
25,8,262144,8192,hyprefill,256/256/256,graph,60,23.5525,18.8110,23.5963,23.5525,
25,8,262144,8192,hyprefill,256/256/256,graph,61,22.8744,20.4267,22.9188,22.8744,
25,8,262144,8192,hyprefill,256/256/256,graph,62,24.0453,19.0856,24.0891,24.0453,
25,8,262144,8192,hyprefill,256/256/256,graph,63,23.8574,19.3920,23.9013,23.8574,
25,8,262144,8192,hyprefill,256/256/256,graph,64,23.4758,19.6029,23.5197,23.4758,
25,8,262144,8192,hyprefill,256/256/256,graph,65,23.8670,19.6666,23.9188,23.8670,
25,8,262144,8192,hyprefill,256/256/256,graph,66,24.2298,19.3601,24.2733,24.2298,
25,8,262144,8192,hyprefill,256/256/256,graph,67,23.3135,19.9093,23.3584,23.3135,
25,8,262144,8192,hyprefill,256/256/256,graph,68,23.9300,19.3601,23.9746,23.9300,
25,8,262144,8192,hyprefill,256/256/256,graph,69,23.1756,20.1521,23.2280,23.1756,
25,8,262144,8192,hyprefill,256/256/256,graph,70,23.8544,19.9093,23.9061,23.8544,
25,8,262144,8192,hyprefill,256/256/256,graph,71,23.7781,19.6347,23.8271,23.7781,
25,8,262144,8192,hyprefill,256/256/256,graph,72,23.7663,19.6347,23.8134,23.7663,
25,8,262144,8192,hyprefill,256/256/256,graph,73,23.9253,19.1174,23.9724,23.9253,
25,8,262144,8192,hyprefill,256/256/256,graph,74,23.5972,18.5364,23.6412,23.5972,
25,8,262144,8192,hyprefill,256/256/256,graph,75,23.5562,20.1839,23.6026,23.5562,
25,8,262144,8192,hyprefill,256/256/256,graph,76,23.8726,18.2936,23.9171,23.8726,
25,8,262144,8192,hyprefill,256/256/256,graph,77,23.7692,19.6347,23.8141,23.7692,
25,8,262144,8192,hyprefill,256/256/256,graph,78,23.8740,19.6347,23.9205,23.8740,
25,8,262144,8192,hyprefill,256/256/256,graph,79,23.6541,19.3920,23.7018,23.6541,
25,8,262144,8192,hyprefill,256/256/256,graph,80,23.0247,20.1203,23.0700,23.0247,
25,8,262144,8192,hyprefill,256/256/256,graph,81,23.7198,19.1174,23.7702,23.7198,
25,8,262144,8192,hyprefill,256/256/256,graph,82,23.7596,19.9093,23.8051,23.7596,
25,8,262144,8192,hyprefill,256/256/256,graph,83,23.7649,20.1839,23.8090,23.7649,
25,8,262144,8192,hyprefill,256/256/256,graph,84,23.9143,18.2936,23.9601,23.9143,
25,8,262144,8192,hyprefill,256/256/256,graph,85,23.7674,19.9093,23.8114,23.7674,
25,8,262144,8192,hyprefill,256/256/256,graph,86,23.6808,19.0856,23.7259,23.6808,
25,8,262144,8192,hyprefill,256/256/256,graph,87,23.9258,19.6666,23.9711,23.9258,
25,8,262144,8192,hyprefill,256/256/256,graph,88,23.2777,19.0537,23.3231,23.2777,
25,8,262144,8192,hyprefill,256/256/256,graph,89,23.8167,19.9412,23.8619,23.8167,
25,8,262144,8192,hyprefill,256/256/256,graph,90,23.5007,19.3283,23.5462,23.5007,
25,8,262144,8192,hyprefill,256/256/256,graph,91,23.7138,19.1174,23.7582,23.7138,
25,8,262144,8192,hyprefill,256/256/256,graph,92,23.8921,18.2936,23.9369,23.8921,
25,8,262144,8192,hyprefill,256/256/256,graph,93,22.5727,20.4267,22.6170,22.5727,
25,8,262144,8192,hyprefill,256/256/256,graph,94,23.4027,19.0537,23.4466,23.4027,
25,8,262144,8192,hyprefill,256/256/256,graph,95,23.4445,19.9412,23.4902,23.4445,
25,8,262144,8192,hyprefill,256/256/256,graph,96,23.3725,18.7791,23.4197,23.3725,
25,8,262144,8192,hyprefill,256/256/256,graph,97,23.7910,19.9412,23.8369,23.7910,
25,8,262144,8192,hyprefill,256/256/256,graph,98,22.7651,19.0219,22.8091,22.7651,
25,8,262144,8192,hyprefill,256/256/256,graph,99,23.8126,20.2157,23.8585,23.8126,
25,8,262144,8192,hyprefill,256/256/256,graph,100,23.8432,18.2936,23.8898,23.8432,
25,8,262144,8192,hyprefill,256/256/256,graph,101,22.9924,19.8775,23.0356,22.9924,
25,8,262144,8192,hyprefill,256/256/256,graph,102,23.5425,19.0856,23.5879,23.5425,
25,8,262144,8192,hyprefill,256/256/256,graph,103,23.8738,19.3920,23.9174,23.8738,
25,8,262144,8192,hyprefill,256/256/256,graph,104,23.0580,19.0537,23.1029,23.0580,
25,8,262144,8192,hyprefill,256/256/256,graph,105,23.7715,19.9412,23.8166,23.7715,
25,8,262144,8192,hyprefill,256/256/256,graph,106,23.2503,19.0537,23.2938,23.2503,
25,8,262144,8192,hyprefill,256/256/256,graph,107,23.7004,19.9412,23.7411,23.7004,
25,8,262144,8192,hyprefill,256/256/256,graph,108,24.1135,18.8110,24.1578,24.1135,
25,8,262144,8192,hyprefill,256/256/256,graph,109,23.3231,20.4585,23.3688,23.3231,
25,8,262144,8192,hyprefill,256/256/256,graph,110,23.3898,19.0537,23.4347,23.3898,
25,8,262144,8192,hyprefill,256/256/256,graph,111,23.8219,19.9412,23.8699,23.8219,
25,8,262144,8192,hyprefill,256/256/256,graph,112,23.3024,18.5046,23.3457,23.3024,
25,8,262144,8192,hyprefill,256/256/256,graph,113,23.8542,20.2157,23.9008,23.8542,
25,8,262144,8192,hyprefill,256/256/256,graph,114,23.1889,18.5046,23.2326,23.1889,
25,8,262144,8192,hyprefill,256/256/256,graph,115,23.9347,20.2157,23.9828,23.9347,
25,8,262144,8192,hyprefill,256/256/256,graph,116,24.0353,17.9872,24.0787,24.0353,
25,8,262144,8192,hyprefill,256/256/256,graph,117,23.0678,20.4585,23.1129,23.0678,
25,8,262144,8192,hyprefill,256/256/256,graph,118,23.3496,18.5046,23.3938,23.3496,
25,8,262144,8192,hyprefill,256/256/256,graph,119,23.8006,20.2157,23.8469,23.8006,
25,8,262144,8192,hyprefill,256/256/256,graph,120,22.6740,19.0219,22.7181,22.6740,
25,8,262144,8192,hyprefill,256/256/256,graph,121,23.6198,20.2157,23.6638,23.6198,
25,8,262144,8192,hyprefill,256/256/256,graph,122,23.3931,18.5046,23.4368,23.3931,
25,8,262144,8192,hyprefill,256/256/256,graph,123,23.6573,20.2157,23.7026,23.6573,
25,8,262144,8192,hyprefill,256/256/256,graph,124,23.9210,18.2618,23.9649,23.9210,
25,8,262144,8192,hyprefill,256/256/256,graph,125,23.1062,20.4585,23.1510,23.1062,
25,8,262144,8192,hyprefill,256/256/256,graph,126,23.9040,18.5364,23.9488,23.9040,
25,8,262144,8192,hyprefill,256/256/256,graph,127,23.7660,19.9412,23.8103,23.7660,
25,8,262144,8192,hyprefill,256/256/256,graph,128,22.3379,19.2965,22.3821,22.3379,
25,8,262144,8192,hyprefill,256/256/256,graph,129,23.7963,19.3920,23.8408,23.7963,
25,8,262144,8192,hyprefill,256/256/256,graph,130,23.8504,18.8110,23.8950,23.8504,
25,8,262144,8192,hyprefill,256/256/256,graph,131,23.7205,19.1174,23.7651,23.7205,
25,8,262144,8192,hyprefill,256/256/256,graph,132,23.0036,19.3283,23.0484,23.0036,
25,8,262144,8192,hyprefill,256/256/256,graph,133,22.9645,19.8775,23.0086,22.9645,
25,8,262144,8192,hyprefill,256/256/256,graph,134,23.8381,18.2936,23.8996,23.8381,
25,8,262144,8192,hyprefill,256/256/256,graph,135,23.3438,19.9093,23.3892,23.3438,
25,8,262144,8192,hyprefill,256/256/256,graph,136,22.6682,19.2965,22.7155,22.6682,
25,8,262144,8192,hyprefill,256/256/256,graph,137,23.9620,19.3920,24.0075,23.9620,
25,8,262144,8192,hyprefill,256/256/256,graph,138,23.7504,18.8110,23.7945,23.7504,
25,8,262144,8192,hyprefill,256/256/256,graph,139,23.7879,19.1174,23.8326,23.7879,
25,8,262144,8192,hyprefill,256/256/256,graph,140,22.7455,19.3283,22.7901,22.7455,
25,8,262144,8192,hyprefill,256/256/256,graph,141,23.0724,20.1521,23.1229,23.0724,
25,8,262144,8192,hyprefill,256/256/256,graph,142,23.6866,18.5682,23.7340,23.6866,
25,8,262144,8192,hyprefill,256/256/256,graph,143,22.9567,19.8775,23.0008,22.9567,
25,8,262144,8192,hyprefill,256/256/256,graph,144,23.0254,19.6029,23.0800,23.0254,
25,8,262144,8192,hyprefill,256/256/256,graph,145,23.9096,19.1174,23.9532,23.9096,
25,8,262144,8192,hyprefill,256/256/256,graph,146,23.8058,19.3601,23.8501,23.8058,
25,8,262144,8192,hyprefill,256/256/256,graph,147,23.6881,18.5682,23.7363,23.6881,
25,8,262144,8192,hyprefill,256/256/256,graph,148,23.4759,19.3601,23.5218,23.4759,
25,8,262144,8192,hyprefill,256/256/256,graph,149,22.5376,19.3283,22.5812,22.5376,
25,8,262144,8192,hyprefill,256/256/256,graph,150,24.0245,19.3920,24.0698,24.0245,
25,8,262144,8192,hyprefill,256/256/256,graph,151,22.5649,19.5711,22.6085,22.5649,
25,8,262144,8192,hyprefill,256/256/256,graph,152,23.5255,19.9093,23.5702,23.5255,
25,8,262144,8192,hyprefill,256/256/256,graph,153,23.9956,18.8428,24.0397,23.9956,
25,8,262144,8192,hyprefill,256/256/256,graph,154,22.9016,19.3283,22.9450,22.9016,
25,8,262144,8192,hyprefill,256/256/256,graph,155,24.0813,18.8428,24.1261,24.0813,
25,8,262144,8192,hyprefill,256/256/256,graph,156,23.4467,19.0856,23.4904,23.4467,
25,8,262144,8192,hyprefill,256/256/256,graph,157,23.6924,19.9093,23.7435,23.6924,
25,8,262144,8192,hyprefill,256/256/256,graph,158,23.9254,19.3601,23.9697,23.9254,
25,8,262144,8192,hyprefill,256/256/256,graph,159,23.2256,20.1521,23.2709,23.2256,
25,8,262144,8192,hyprefill,256/256/256,graph,160,23.7966,19.6347,23.8441,23.7966,
25,8,262144,8192,hyprefill,256/256/256,graph,161,23.7550,19.3920,23.8013,23.7550,
25,8,262144,8192,hyprefill,256/256/256,graph,162,22.9854,19.5711,23.0297,22.9854,
25,8,262144,8192,hyprefill,256/256/256,graph,163,23.6835,19.3920,23.7296,23.6835,
25,8,262144,8192,hyprefill,256/256/256,graph,164,23.9703,18.8428,24.0158,23.9703,
25,8,262144,8192,hyprefill,256/256/256,graph,165,23.8317,19.3601,23.8752,23.8317,
25,8,262144,8192,hyprefill,256/256/256,graph,166,23.7121,19.6347,23.7566,23.7121,
25,8,262144,8192,hyprefill,256/256/256,graph,167,23.7871,19.6347,23.8311,23.7871,
25,8,262144,8192,hyprefill,256/256/256,graph,168,23.8929,19.1174,23.9385,23.8929,
25,8,262144,8192,hyprefill,256/256/256,graph,169,23.7454,19.0856,23.7885,23.7454,
25,8,262144,8192,hyprefill,256/256/256,graph,170,22.7573,20.1521,22.8007,22.7573,
25,8,262144,8192,hyprefill,256/256/256,graph,171,23.9915,19.6347,24.0354,23.9915,
25,8,262144,8192,hyprefill,256/256/256,graph,172,23.7538,19.9093,23.7949,23.7538,
25,8,262144,8192,hyprefill,256/256/256,graph,173,23.9225,19.0856,23.9677,23.9225,
25,8,262144,8192,hyprefill,256/256/256,graph,174,23.6995,19.9093,23.7495,23.6995,
25,8,262144,8192,hyprefill,256/256/256,graph,175,23.9236,19.3601,23.9715,23.9236,
25,8,262144,8192,hyprefill,256/256/256,graph,176,23.9148,19.3920,23.9621,23.9148,
25,8,262144,8192,hyprefill,256/256/256,graph,177,23.8168,18.8428,23.8636,23.8168,
25,8,262144,8192,hyprefill,256/256/256,graph,178,23.7818,19.0856,23.8258,23.7818,
25,8,262144,8192,hyprefill,256/256/256,graph,179,23.8758,19.9093,23.9207,23.8758,
25,8,262144,8192,hyprefill,256/256/256,graph,180,23.4977,19.6029,23.5425,23.4977,
25,8,262144,8192,hyprefill,256/256/256,graph,181,23.8989,19.9093,23.9427,23.8989,
25,8,262144,8192,hyprefill,256/256/256,graph,182,23.8670,19.3601,23.9112,23.8670,
25,8,262144,8192,hyprefill,256/256/256,graph,183,23.9952,20.1839,24.0454,23.9952,
25,8,262144,8192,hyprefill,256/256/256,graph,184,23.6146,19.3601,23.6605,23.6146,
25,8,262144,8192,hyprefill,256/256/256,graph,185,23.8289,18.8428,23.8764,23.8289,
25,8,262144,8192,hyprefill,256/256/256,graph,186,23.8354,19.0856,23.8805,23.8354,
25,8,262144,8192,hyprefill,256/256/256,graph,187,23.5958,19.9093,23.6407,23.5958,
25,8,262144,8192,hyprefill,256/256/256,graph,188,23.8034,19.6347,23.8486,23.8034,
25,8,262144,8192,hyprefill,256/256/256,graph,189,23.7620,19.9093,23.8066,23.7620,
25,8,262144,8192,hyprefill,256/256/256,graph,190,24.1698,19.6347,24.2154,24.1698,
25,8,262144,8192,hyprefill,256/256/256,graph,191,23.5853,20.1839,23.6297,23.5853,
25,8,262144,8192,hyprefill,256/256/256,graph,192,23.9072,19.6347,23.9519,23.9072,
25,8,262144,8192,hyprefill,256/256/256,graph,193,23.8385,19.3920,23.8836,23.8385,
25,8,262144,8192,hyprefill,256/256/256,graph,194,23.7941,19.0856,23.8377,23.7941,
25,8,262144,8192,hyprefill,256/256/256,graph,195,23.7529,19.9093,23.8052,23.7529,
25,8,262144,8192,hyprefill,256/256/256,graph,196,23.6275,19.0856,23.6744,23.6275,
25,8,262144,8192,hyprefill,256/256/256,graph,197,24.0207,19.1174,24.0656,24.0207,
25,8,262144,8192,hyprefill,256/256/256,graph,198,23.4222,19.6347,23.4716,23.4222,
25,8,262144,8192,hyprefill,256/256/256,graph,199,23.9486,19.6347,23.9928,23.9486,
25,8,262144,8192,hyprefill,3072/3072/3072,graph,0,16.1651,14.4693,16.2265,16.1651,
25,8,262144,8192,hyprefill,3072/3072/3072,graph,1,15.7134,15.0185,15.7575,15.7134,
25,8,262144,8192,hyprefill,3072/3072/3072,graph,2,23.3229,13.4028,23.3691,23.3229,
25,8,262144,8192,hyprefill,3072/3072/3072,graph,3,23.4423,13.9520,23.4917,23.4423,
25,8,262144,8192,hyprefill,3072/3072/3072,graph,4,15.7980,14.1947,15.8415,15.7980,
25,8,262144,8192,hyprefill,3072/3072/3072,graph,5,23.1666,13.6774,23.2128,23.1666,
25,8,262144,8192,hyprefill,3072/3072/3072,graph,6,15.8742,14.7439,15.9214,15.8742,
25,8,262144,8192,hyprefill,3072/3072/3072,graph,7,15.9065,14.7439,15.9527,15.9065,
25,8,262144,8192,hyprefill,3072/3072/3072,graph,8,23.3740,13.6774,23.4370,23.3740,
25,8,262144,8192,hyprefill,3072/3072/3072,graph,9,15.8873,14.7439,15.9309,15.8873,
25,8,262144,8192,hyprefill,3072/3072/3072,graph,10,23.1024,13.4028,23.1480,23.1024,
25,8,262144,8192,hyprefill,3072/3072/3072,graph,11,23.3511,13.9520,23.3973,23.3511,
25,8,262144,8192,hyprefill,3072/3072/3072,graph,12,16.1170,14.4693,16.1760,16.1170,
25,8,262144,8192,hyprefill,3072/3072/3072,graph,13,23.2170,13.6774,23.2640,23.2170,
25,8,262144,8192,hyprefill,3072/3072/3072,graph,14,15.8600,14.7439,15.9036,15.8600,
25,8,262144,8192,hyprefill,3072/3072/3072,graph,15,15.9122,14.7439,15.9558,15.9122,
25,8,262144,8192,hyprefill,3072/3072/3072,graph,16,15.8705,14.7439,15.9150,15.8705,
25,8,262144,8192,hyprefill,3072/3072/3072,graph,17,15.8574,14.7439,15.9011,15.8574,
25,8,262144,8192,hyprefill,3072/3072/3072,graph,18,23.4136,13.4028,23.4605,23.4136,
25,8,262144,8192,hyprefill,3072/3072/3072,graph,19,23.4243,13.9520,23.4711,23.4243,
25,8,262144,8192,hyprefill,3072/3072/3072,graph,20,23.5507,13.6774,23.5973,23.5507,
25,8,262144,8192,hyprefill,3072/3072/3072,graph,21,23.2646,13.6774,23.3281,23.2646,
25,8,262144,8192,hyprefill,3072/3072/3072,graph,22,15.7857,14.1947,15.8334,15.7857,
25,8,262144,8192,hyprefill,3072/3072/3072,graph,23,15.7279,15.0185,15.7745,15.7279,
25,8,262144,8192,hyprefill,3072/3072/3072,graph,24,16.1139,14.4693,16.1599,16.1139,
25,8,262144,8192,hyprefill,3072/3072/3072,graph,25,15.7557,15.0185,15.8022,15.7557,
25,8,262144,8192,hyprefill,3072/3072/3072,graph,26,23.4966,13.4028,23.5452,23.4966,
25,8,262144,8192,hyprefill,3072/3072/3072,graph,27,23.4406,13.9520,23.4909,23.4406,
25,8,262144,8192,hyprefill,3072/3072/3072,graph,28,15.7901,14.1947,15.8402,15.7901,
25,8,262144,8192,hyprefill,3072/3072/3072,graph,29,23.6145,13.9520,23.6646,23.6145,
25,8,262144,8192,hyprefill,3072/3072/3072,graph,30,16.1041,14.4693,16.1510,16.1041,
25,8,262144,8192,hyprefill,3072/3072/3072,graph,31,23.3052,13.9520,23.3581,23.3052,
25,8,262144,8192,hyprefill,3072/3072/3072,graph,32,16.0257,14.4693,16.0698,16.0257,
25,8,262144,8192,hyprefill,3072/3072/3072,graph,33,15.6765,15.0185,15.7210,15.6765,
25,8,262144,8192,hyprefill,3072/3072/3072,graph,34,23.4294,13.6774,23.4776,23.4294,
25,8,262144,8192,hyprefill,3072/3072/3072,graph,35,23.2461,13.6774,23.2939,23.2461,
25,8,262144,8192,hyprefill,3072/3072/3072,graph,36,15.7546,14.1947,15.7997,15.7546,
25,8,262144,8192,hyprefill,3072/3072/3072,graph,37,23.6283,13.9520,23.6801,23.6283,
25,8,262144,8192,hyprefill,3072/3072/3072,graph,38,16.1377,14.4693,16.1817,16.1377,
25,8,262144,8192,hyprefill,3072/3072/3072,graph,39,15.6811,15.0185,15.7262,15.6811,
25,8,262144,8192,hyprefill,3072/3072/3072,graph,40,16.1296,14.4693,16.1743,16.1296,
25,8,262144,8192,hyprefill,3072/3072/3072,graph,41,23.3323,13.9520,23.3788,23.3323,
25,8,262144,8192,hyprefill,3072/3072/3072,graph,42,23.4509,13.4028,23.4977,23.4509,
25,8,262144,8192,hyprefill,3072/3072/3072,graph,43,23.2567,13.6774,23.3037,23.2567,
25,8,262144,8192,hyprefill,3072/3072/3072,graph,44,16.1642,14.4693,16.2099,16.1642,
25,8,262144,8192,hyprefill,3072/3072/3072,graph,45,23.4240,13.6774,23.4711,23.4240,
25,8,262144,8192,hyprefill,3072/3072/3072,graph,46,15.8880,14.7439,15.9320,15.8880,
25,8,262144,8192,hyprefill,3072/3072/3072,graph,47,15.8777,14.7439,15.9213,15.8777,
25,8,262144,8192,hyprefill,3072/3072/3072,graph,48,15.9046,14.7439,15.9493,15.9046,
25,8,262144,8192,hyprefill,3072/3072/3072,graph,49,15.8600,14.7439,15.9054,15.8600,
25,8,262144,8192,hyprefill,3072/3072/3072,graph,50,23.5609,13.4028,23.6078,23.5609,
25,8,262144,8192,hyprefill,3072/3072/3072,graph,51,23.3000,13.6774,23.3477,23.3000,
25,8,262144,8192,hyprefill,3072/3072/3072,graph,52,15.9227,14.7439,15.9707,15.9227,
25,8,262144,8192,hyprefill,3072/3072/3072,graph,53,23.9101,13.6774,23.9614,23.9101,
25,8,262144,8192,hyprefill,3072/3072/3072,graph,54,23.4537,13.6774,23.5033,23.4537,
25,8,262144,8192,hyprefill,3072/3072/3072,graph,55,15.4701,14.4693,15.5168,15.4701,
25,8,262144,8192,hyprefill,3072/3072/3072,graph,56,15.3336,14.7439,15.3777,15.3336,
25,8,262144,8192,hyprefill,3072/3072/3072,graph,57,15.4773,14.4693,15.5212,15.4773,
25,8,262144,8192,hyprefill,3072/3072/3072,graph,58,23.2733,13.9520,23.3195,23.2733,
25,8,262144,8192,hyprefill,3072/3072/3072,graph,59,23.7380,13.6774,23.7847,23.7380,
25,8,262144,8192,hyprefill,3072/3072/3072,graph,60,22.9745,13.6774,23.0215,22.9745,
25,8,262144,8192,hyprefill,3072/3072/3072,graph,61,14.8915,13.9202,14.9347,14.8915,
25,8,262144,8192,hyprefill,3072/3072/3072,graph,62,23.1479,13.9520,23.1944,23.1479,
25,8,262144,8192,hyprefill,3072/3072/3072,graph,63,15.2028,14.1947,15.2482,15.2028,
25,8,262144,8192,hyprefill,3072/3072/3072,graph,64,15.3282,14.7439,15.3773,15.3282,
25,8,262144,8192,hyprefill,3072/3072/3072,graph,65,15.6100,14.4693,15.6764,15.6100,
25,8,262144,8192,hyprefill,3072/3072/3072,graph,66,15.3462,14.7439,15.3914,15.3462,
25,8,262144,8192,hyprefill,3072/3072/3072,graph,67,23.6731,13.4028,23.7188,23.6731,
25,8,262144,8192,hyprefill,3072/3072/3072,graph,68,23.3525,13.9520,23.4021,23.3525,
25,8,262144,8192,hyprefill,3072/3072/3072,graph,69,15.2856,14.1947,15.3300,15.2856,
25,8,262144,8192,hyprefill,3072/3072/3072,graph,70,23.2089,13.9520,23.2561,23.2089,
25,8,262144,8192,hyprefill,3072/3072/3072,graph,71,15.2699,14.1947,15.3143,15.2699,
25,8,262144,8192,hyprefill,3072/3072/3072,graph,72,15.2857,14.7439,15.3317,15.2857,
25,8,262144,8192,hyprefill,3072/3072/3072,graph,73,15.5366,14.4693,15.5821,15.5366,
25,8,262144,8192,hyprefill,3072/3072/3072,graph,74,15.3658,14.7439,15.4102,15.3658,
25,8,262144,8192,hyprefill,3072/3072/3072,graph,75,23.5696,13.4028,23.6169,23.5696,
25,8,262144,8192,hyprefill,3072/3072/3072,graph,76,23.2902,13.9520,23.3366,23.2902,
25,8,262144,8192,hyprefill,3072/3072/3072,graph,77,15.2203,14.1947,15.2648,15.2203,
25,8,262144,8192,hyprefill,3072/3072/3072,graph,78,23.5397,13.6774,23.5852,23.5397,
25,8,262144,8192,hyprefill,3072/3072/3072,graph,79,14.8375,14.4693,14.8818,14.8375,
25,8,262144,8192,hyprefill,3072/3072/3072,graph,80,15.2915,14.7439,15.3367,15.2915,
25,8,262144,8192,hyprefill,3072/3072/3072,graph,81,15.4834,14.4693,15.5293,15.4834,
25,8,262144,8192,hyprefill,3072/3072/3072,graph,82,15.3032,14.7439,15.3474,15.3032,
25,8,262144,8192,hyprefill,3072/3072/3072,graph,83,23.6128,13.4028,23.6591,23.6128,
25,8,262144,8192,hyprefill,3072/3072/3072,graph,84,23.2893,13.9520,23.3348,23.2893,
25,8,262144,8192,hyprefill,3072/3072/3072,graph,85,14.8779,13.9202,14.9244,14.8779,
25,8,262144,8192,hyprefill,3072/3072/3072,graph,86,23.3312,13.9520,23.3852,23.3312,
25,8,262144,8192,hyprefill,3072/3072/3072,graph,87,14.8581,13.9202,14.9015,14.8581,
25,8,262144,8192,hyprefill,3072/3072/3072,graph,88,22.8543,13.9520,22.9005,22.8543,
25,8,262144,8192,hyprefill,3072/3072/3072,graph,89,15.1766,14.1947,15.2259,15.1766,
25,8,262144,8192,hyprefill,3072/3072/3072,graph,90,23.3783,14.5012,23.4263,23.3783,
25,8,262144,8192,hyprefill,3072/3072/3072,graph,91,16.0084,13.9202,16.0521,16.0084,
25,8,262144,8192,hyprefill,3072/3072/3072,graph,92,23.1039,14.2266,23.1533,23.1039,
25,8,262144,8192,hyprefill,3072/3072/3072,graph,93,16.3844,14.1947,16.4284,16.3844,
25,8,262144,8192,hyprefill,3072/3072/3072,graph,94,23.3593,14.5012,23.4059,23.3593,
25,8,262144,8192,hyprefill,3072/3072/3072,graph,95,16.0442,13.9202,16.0881,16.0442,
25,8,262144,8192,hyprefill,3072/3072/3072,graph,96,23.2350,14.2266,23.2819,23.2350,
25,8,262144,8192,hyprefill,3072/3072/3072,graph,97,16.3421,14.1947,16.3851,16.3421,
25,8,262144,8192,hyprefill,3072/3072/3072,graph,98,23.3311,14.5012,23.3772,23.3311,
25,8,262144,8192,hyprefill,3072/3072/3072,graph,99,15.9744,13.9202,16.0200,15.9744,
25,8,262144,8192,hyprefill,3072/3072/3072,graph,100,23.1325,14.2266,23.1793,23.1325,
25,8,262144,8192,hyprefill,3072/3072/3072,graph,101,16.2550,14.1947,16.3080,16.2550,
25,8,262144,8192,hyprefill,3072/3072/3072,graph,102,23.0828,14.2266,23.1329,23.0828,
25,8,262144,8192,hyprefill,3072/3072/3072,graph,103,16.2416,14.1947,16.2921,16.2416,
25,8,262144,8192,hyprefill,3072/3072/3072,graph,104,23.2471,14.2266,23.2956,23.2471,
25,8,262144,8192,hyprefill,3072/3072/3072,graph,105,15.3575,13.9202,15.4026,15.3575,
25,8,262144,8192,hyprefill,3072/3072/3072,graph,106,23.3719,13.9520,23.4257,23.3719,
25,8,262144,8192,hyprefill,3072/3072/3072,graph,107,15.0593,14.1947,15.1030,15.0593,
25,8,262144,8192,hyprefill,3072/3072/3072,graph,108,23.1315,14.2266,23.1807,23.1315,
25,8,262144,8192,hyprefill,3072/3072/3072,graph,109,15.3005,13.9202,15.3464,15.3005,
25,8,262144,8192,hyprefill,3072/3072/3072,graph,110,23.1584,14.2266,23.2061,23.1584,
25,8,262144,8192,hyprefill,3072/3072/3072,graph,111,16.2845,14.1947,16.3297,16.2845,
25,8,262144,8192,hyprefill,3072/3072/3072,graph,112,23.3075,14.2266,23.3539,23.3075,
25,8,262144,8192,hyprefill,3072/3072/3072,graph,113,16.3772,14.1947,16.4209,16.3772,
25,8,262144,8192,hyprefill,3072/3072/3072,graph,114,23.0329,14.2266,23.0793,23.0329,
25,8,262144,8192,hyprefill,3072/3072/3072,graph,115,16.4372,14.1947,16.4809,16.4372,
25,8,262144,8192,hyprefill,3072/3072/3072,graph,116,23.1266,14.2266,23.1740,23.1266,
25,8,262144,8192,hyprefill,3072/3072/3072,graph,117,16.4646,14.1947,16.5102,16.4646,
25,8,262144,8192,hyprefill,3072/3072/3072,graph,118,23.5176,14.5012,23.5635,23.5176,
25,8,262144,8192,hyprefill,3072/3072/3072,graph,119,16.1128,13.9202,16.1569,16.1128,
25,8,262144,8192,hyprefill,3072/3072/3072,graph,120,23.3197,14.2266,23.3674,23.3197,
25,8,262144,8192,hyprefill,3072/3072/3072,graph,121,16.4168,14.1947,16.4668,16.4168,
25,8,262144,8192,hyprefill,3072/3072/3072,graph,122,23.3994,14.5012,23.4473,23.3994,
25,8,262144,8192,hyprefill,3072/3072/3072,graph,123,16.0375,13.9202,16.0829,16.0375,
25,8,262144,8192,hyprefill,3072/3072/3072,graph,124,23.4968,14.5012,23.5444,23.4968,
25,8,262144,8192,hyprefill,3072/3072/3072,graph,125,15.8944,13.9202,15.9383,15.8944,
25,8,262144,8192,hyprefill,3072/3072/3072,graph,126,23.2697,14.2266,23.3161,23.2697,
25,8,262144,8192,hyprefill,3072/3072/3072,graph,127,16.2063,14.1947,16.2496,16.2063,
25,8,262144,8192,hyprefill,3072/3072/3072,graph,128,23.2826,14.2266,23.3290,23.2826,
25,8,262144,8192,hyprefill,3072/3072/3072,graph,129,16.1942,14.1947,16.2379,16.1942,
25,8,262144,8192,hyprefill,3072/3072/3072,graph,130,23.3415,14.5012,23.3869,23.3415,
25,8,262144,8192,hyprefill,3072/3072/3072,graph,131,15.8828,13.9202,15.9268,15.8828,
25,8,262144,8192,hyprefill,3072/3072/3072,graph,132,23.2334,14.2266,23.2812,23.2334,
25,8,262144,8192,hyprefill,3072/3072/3072,graph,133,16.2871,14.1947,16.3312,16.2871,
25,8,262144,8192,hyprefill,3072/3072/3072,graph,134,23.2950,14.2266,23.3415,23.2950,
25,8,262144,8192,hyprefill,3072/3072/3072,graph,135,16.3654,14.1947,16.4102,16.3654,
25,8,262144,8192,hyprefill,3072/3072/3072,graph,136,23.4093,14.2266,23.4555,23.4093,
25,8,262144,8192,hyprefill,3072/3072/3072,graph,137,16.3316,14.1947,16.3770,16.3316,
25,8,262144,8192,hyprefill,3072/3072/3072,graph,138,23.1912,14.2266,23.2389,23.1912,
25,8,262144,8192,hyprefill,3072/3072/3072,graph,139,16.3916,14.1947,16.4354,16.3916,
25,8,262144,8192,hyprefill,3072/3072/3072,graph,140,23.2401,14.2266,23.2859,23.2401,
25,8,262144,8192,hyprefill,3072/3072/3072,graph,141,16.3606,14.1947,16.4065,16.3606,
25,8,262144,8192,hyprefill,3072/3072/3072,graph,142,23.3116,14.2266,23.3583,23.3116,
25,8,262144,8192,hyprefill,3072/3072/3072,graph,143,16.4287,14.1947,16.4721,16.4287,
25,8,262144,8192,hyprefill,3072/3072/3072,graph,144,23.4388,14.2266,23.4847,23.4388,
25,8,262144,8192,hyprefill,3072/3072/3072,graph,145,16.4048,14.1947,16.4483,16.4048,
25,8,262144,8192,hyprefill,3072/3072/3072,graph,146,23.2132,14.2266,23.2591,23.2132,
25,8,262144,8192,hyprefill,3072/3072/3072,graph,147,16.3081,14.1947,16.3516,16.3081,
25,8,262144,8192,hyprefill,3072/3072/3072,graph,148,23.2632,14.2266,23.3094,23.2632,
25,8,262144,8192,hyprefill,3072/3072/3072,graph,149,16.3000,14.1947,16.3449,16.3000,
25,8,262144,8192,hyprefill,3072/3072/3072,graph,150,23.1203,14.2266,23.1665,23.1203,
25,8,262144,8192,hyprefill,3072/3072/3072,graph,151,15.4090,13.9202,15.4521,15.4090,
25,8,262144,8192,hyprefill,3072/3072/3072,graph,152,23.4972,13.9520,23.5423,23.4972,
25,8,262144,8192,hyprefill,3072/3072/3072,graph,153,15.1131,14.1947,15.1574,15.1131,
25,8,262144,8192,hyprefill,3072/3072/3072,graph,154,23.5146,13.9520,23.5604,23.5146,
25,8,262144,8192,hyprefill,3072/3072/3072,graph,155,15.0444,14.1947,15.0933,15.0444,
25,8,262144,8192,hyprefill,3072/3072/3072,graph,156,15.1303,15.0185,15.1740,15.1303,
25,8,262144,8192,hyprefill,3072/3072/3072,graph,157,15.7141,14.1947,15.7584,15.7141,
25,8,262144,8192,hyprefill,3072/3072/3072,graph,158,23.1113,14.2266,23.1655,23.1113,
25,8,262144,8192,hyprefill,3072/3072/3072,graph,159,15.4437,13.9202,15.4906,15.4437,
25,8,262144,8192,hyprefill,3072/3072/3072,graph,160,23.2442,14.2266,23.2929,23.2442,
25,8,262144,8192,hyprefill,3072/3072/3072,graph,161,15.4497,13.9202,15.4942,15.4497,
25,8,262144,8192,hyprefill,3072/3072/3072,graph,162,23.5364,13.9520,23.5833,23.5364,
25,8,262144,8192,hyprefill,3072/3072/3072,graph,163,15.1539,14.1947,15.2011,15.1539,
25,8,262144,8192,hyprefill,3072/3072/3072,graph,164,15.1016,15.0185,15.1553,15.1016,
25,8,262144,8192,hyprefill,3072/3072/3072,graph,165,15.8116,14.1947,15.8648,15.8116,
25,8,262144,8192,hyprefill,3072/3072/3072,graph,166,23.1327,14.2266,23.1806,23.1327,
25,8,262144,8192,hyprefill,3072/3072/3072,graph,167,15.4073,13.9202,15.4520,15.4073,
25,8,262144,8192,hyprefill,3072/3072/3072,graph,168,23.2364,14.2266,23.2831,23.2364,
25,8,262144,8192,hyprefill,3072/3072/3072,graph,169,15.3982,13.9202,15.4422,15.3982,
25,8,262144,8192,hyprefill,3072/3072/3072,graph,170,23.6150,13.9520,23.6620,23.6150,
25,8,262144,8192,hyprefill,3072/3072/3072,graph,171,15.0771,14.1947,15.1214,15.0771,
25,8,262144,8192,hyprefill,3072/3072/3072,graph,172,15.1142,15.0185,15.1549,15.1142,
25,8,262144,8192,hyprefill,3072/3072/3072,graph,173,15.7396,14.1947,15.7839,15.7396,
25,8,262144,8192,hyprefill,3072/3072/3072,graph,174,23.4687,13.9520,23.5149,23.4687,
25,8,262144,8192,hyprefill,3072/3072/3072,graph,175,15.0311,14.1947,15.0761,15.0311,
25,8,262144,8192,hyprefill,3072/3072/3072,graph,176,23.8786,13.9520,23.9247,23.8786,
25,8,262144,8192,hyprefill,3072/3072/3072,graph,177,15.0342,14.1947,15.0783,15.0342,
25,8,262144,8192,hyprefill,3072/3072/3072,graph,178,23.2555,13.6774,23.3041,23.2555,
25,8,262144,8192,hyprefill,3072/3072/3072,graph,179,14.5297,14.1947,14.5757,14.5297,
25,8,262144,8192,hyprefill,3072/3072/3072,graph,180,22.9603,13.9520,23.0076,22.9603,
25,8,262144,8192,hyprefill,3072/3072/3072,graph,181,23.1656,13.4028,23.2232,23.1656,
25,8,262144,8192,hyprefill,3072/3072/3072,graph,182,23.0179,13.6774,23.0687,23.0179,
25,8,262144,8192,hyprefill,3072/3072/3072,graph,183,15.2134,14.1947,15.2582,15.2134,
25,8,262144,8192,hyprefill,3072/3072/3072,graph,184,15.3315,14.7439,15.3758,15.3315,
25,8,262144,8192,hyprefill,3072/3072/3072,graph,185,15.5993,14.4693,15.6440,15.5993,
25,8,262144,8192,hyprefill,3072/3072/3072,graph,186,15.3666,14.7439,15.4124,15.3666,
25,8,262144,8192,hyprefill,3072/3072/3072,graph,187,15.5804,14.4693,15.6243,15.5804,
25,8,262144,8192,hyprefill,3072/3072/3072,graph,188,23.5250,13.9520,23.5707,23.5250,
25,8,262144,8192,hyprefill,3072/3072/3072,graph,189,23.4920,13.6774,23.5384,23.4920,
25,8,262144,8192,hyprefill,3072/3072/3072,graph,190,23.1017,13.6774,23.1477,23.1017,
25,8,262144,8192,hyprefill,3072/3072/3072,graph,191,14.8563,13.9202,14.9012,14.8563,
25,8,262144,8192,hyprefill,3072/3072/3072,graph,192,15.3636,14.7439,15.4095,15.3636,
25,8,262144,8192,hyprefill,3072/3072/3072,graph,193,15.5186,14.4693,15.5625,15.5186,
25,8,262144,8192,hyprefill,3072/3072/3072,graph,194,15.3140,14.7439,15.3577,15.3140,
25,8,262144,8192,hyprefill,3072/3072/3072,graph,195,15.4603,14.4693,15.5044,15.4603,
25,8,262144,8192,hyprefill,3072/3072/3072,graph,196,23.4595,13.9520,23.5061,23.4595,
25,8,262144,8192,hyprefill,3072/3072/3072,graph,197,23.4097,13.6774,23.4565,23.4097,
25,8,262144,8192,hyprefill,3072/3072/3072,graph,198,23.3469,13.9520,23.3932,23.3469,
25,8,262144,8192,hyprefill,3072/3072/3072,graph,199,14.8883,13.9202,14.9326,14.8883,
