op,c,t,mode,iter,ms
gdn,64,0,graph,0,0.03817
gdn,64,0,graph,1,0.03806
gdn,64,0,graph,2,0.03818
gdn,64,0,graph,3,0.03812
gdn,64,0,graph,4,0.03808
gdn,64,0,graph,5,0.03808
gdn,64,0,graph,6,0.03823
gdn,64,0,graph,7,0.03820
gdn,64,0,graph,8,0.03820
gdn,64,0,graph,9,0.03804
gdn,64,0,graph,10,0.03813
gdn,64,0,graph,11,0.03810
gdn,64,0,graph,12,0.03809
gdn,64,0,graph,13,0.03824
gdn,64,0,graph,14,0.03817
gdn,64,0,graph,15,0.03798
gdn,64,0,graph,16,0.03815
gdn,64,0,graph,17,0.03820
gdn,64,0,graph,18,0.03827
gdn,64,0,graph,19,0.03818
gdn,64,0,graph,20,0.03811
gdn,64,0,graph,21,0.03822
gdn,64,0,graph,22,0.03829
gdn,64,0,graph,23,0.03813
gdn,64,0,graph,24,0.03811
gdn,64,0,graph,25,0.03798
gdn,64,0,graph,26,0.03813
gdn,64,0,graph,27,0.03805
gdn,64,0,graph,28,0.03809
gdn,64,0,graph,29,0.03823
gdn,64,0,eager,0,0.38253
gdn,64,0,eager,1,0.34960
gdn,64,0,eager,2,0.34378
gdn,64,0,eager,3,0.33546
gdn,64,0,eager,4,0.35830
gdn,64,0,eager,5,0.34352
gdn,64,0,eager,6,0.32458
gdn,64,0,eager,7,0.34659
gdn,64,0,eager,8,0.33414
gdn,64,0,eager,9,0.32685
gdn,64,0,eager,10,0.31562
gdn,64,0,eager,11,0.34675
gdn,64,0,eager,12,0.32730
gdn,64,0,eager,13,0.31626
gdn,64,0,eager,14,0.31325
gdn,64,0,eager,15,0.35053
gdn,64,0,eager,16,0.33962
gdn,64,0,eager,17,0.31962
gdn,64,0,eager,18,0.31568
gdn,64,0,eager,19,0.34470
gdn,64,0,eager,20,0.32931
gdn,64,0,eager,21,0.31677
gdn,64,0,eager,22,0.34598
gdn,64,0,eager,23,0.32624
gdn,64,0,eager,24,0.31574
gdn,64,0,eager,25,0.35117
gdn,64,0,eager,26,0.33021
gdn,64,0,eager,27,0.32134
gdn,64,0,eager,28,0.31638
gdn,64,0,eager,29,0.32515
gdn,65,0,graph,0,0.03944
gdn,65,0,graph,1,0.03946
gdn,65,0,graph,2,0.03943
gdn,65,0,graph,3,0.03941
gdn,65,0,graph,4,0.03953
gdn,65,0,graph,5,0.03940
gdn,65,0,graph,6,0.03943
gdn,65,0,graph,7,0.03937
gdn,65,0,graph,8,0.03964
gdn,65,0,graph,9,0.03948
gdn,65,0,graph,10,0.03941
gdn,65,0,graph,11,0.03942
gdn,65,0,graph,12,0.03936
gdn,65,0,graph,13,0.03953
gdn,65,0,graph,14,0.03949
gdn,65,0,graph,15,0.03939
gdn,65,0,graph,16,0.03941
gdn,65,0,graph,17,0.03939
gdn,65,0,graph,18,0.03934
gdn,65,0,graph,19,0.03930
gdn,65,0,graph,20,0.03942
gdn,65,0,graph,21,0.03933
gdn,65,0,graph,22,0.03937
gdn,65,0,graph,23,0.03940
gdn,65,0,graph,24,0.03935
gdn,65,0,graph,25,0.03925
gdn,65,0,graph,26,0.03940
gdn,65,0,graph,27,0.03948
gdn,65,0,graph,28,0.03925
gdn,65,0,graph,29,0.03956
gdn,65,0,eager,0,0.70835
gdn,65,0,eager,1,0.66102
gdn,65,0,eager,2,0.64755
gdn,65,0,eager,3,0.61894
gdn,65,0,eager,4,0.69299
gdn,65,0,eager,5,0.64320
gdn,65,0,eager,6,0.62234
gdn,65,0,eager,7,0.64819
gdn,65,0,eager,8,0.65366
gdn,65,0,eager,9,0.62038
gdn,65,0,eager,10,0.61565
gdn,65,0,eager,11,0.66851
gdn,65,0,eager,12,0.62163
gdn,65,0,eager,13,0.61325
gdn,65,0,eager,14,0.64570
gdn,65,0,eager,15,0.63782
gdn,65,0,eager,16,0.61984
gdn,65,0,eager,17,0.65334
gdn,65,0,eager,18,0.62998
gdn,65,0,eager,19,0.69296
gdn,65,0,eager,20,0.65469
gdn,65,0,eager,21,0.62330
gdn,65,0,eager,22,0.61152
gdn,65,0,eager,23,0.68570
gdn,65,0,eager,24,0.63875
gdn,65,0,eager,25,0.61526
gdn,65,0,eager,26,0.61210
gdn,65,0,eager,27,0.64634
gdn,65,0,eager,28,0.62426
gdn,65,0,eager,29,0.61478
gdn,128,0,graph,0,0.04000
gdn,128,0,graph,1,0.03993
gdn,128,0,graph,2,0.03982
gdn,128,0,graph,3,0.03999
gdn,128,0,graph,4,0.04012
gdn,128,0,graph,5,0.03991
gdn,128,0,graph,6,0.04003
gdn,128,0,graph,7,0.03989
gdn,128,0,graph,8,0.03998
gdn,128,0,graph,9,0.03974
gdn,128,0,graph,10,0.03989
gdn,128,0,graph,11,0.03989
gdn,128,0,graph,12,0.04001
gdn,128,0,graph,13,0.03991
gdn,128,0,graph,14,0.03984
gdn,128,0,graph,15,0.03998
gdn,128,0,graph,16,0.04008
gdn,128,0,graph,17,0.03995
gdn,128,0,graph,18,0.03991
gdn,128,0,graph,19,0.03995
gdn,128,0,graph,20,0.03992
gdn,128,0,graph,21,0.03980
gdn,128,0,graph,22,0.04000
gdn,128,0,graph,23,0.04001
gdn,128,0,graph,24,0.03984
gdn,128,0,graph,25,0.03992
gdn,128,0,graph,26,0.03988
gdn,128,0,graph,27,0.04001
gdn,128,0,graph,28,0.03994
gdn,128,0,graph,29,0.03999
gdn,128,0,eager,0,0.64858
gdn,128,0,eager,1,0.63082
gdn,128,0,eager,2,0.62227
gdn,128,0,eager,3,0.66496
gdn,128,0,eager,4,0.63770
gdn,128,0,eager,5,0.61629
gdn,128,0,eager,6,0.62026
gdn,128,0,eager,7,0.67712
gdn,128,0,eager,8,0.62989
gdn,128,0,eager,9,0.61866
gdn,128,0,eager,10,0.61690
gdn,128,0,eager,11,0.68611
gdn,128,0,eager,12,0.63898
gdn,128,0,eager,13,0.64083
gdn,128,0,eager,14,0.66016
gdn,128,0,eager,15,0.64426
gdn,128,0,eager,16,0.62954
gdn,128,0,eager,17,0.62224
gdn,128,0,eager,18,0.64480
gdn,128,0,eager,19,0.64528
gdn,128,0,eager,20,0.62714
gdn,128,0,eager,21,0.68010
gdn,128,0,eager,22,0.65434
gdn,128,0,eager,23,0.63558
gdn,128,0,eager,24,0.62006
gdn,128,0,eager,25,0.69101
gdn,128,0,eager,26,0.65283
gdn,128,0,eager,27,0.61789
gdn,128,0,eager,28,0.61658
gdn,128,0,eager,29,0.67805
gdn,129,0,graph,0,0.04129
gdn,129,0,graph,1,0.04109
gdn,129,0,graph,2,0.04125
gdn,129,0,graph,3,0.04122
gdn,129,0,graph,4,0.04128
gdn,129,0,graph,5,0.04104
gdn,129,0,graph,6,0.04114
gdn,129,0,graph,7,0.04119
gdn,129,0,graph,8,0.04106
gdn,129,0,graph,9,0.04120
gdn,129,0,graph,10,0.04121
gdn,129,0,graph,11,0.04116
gdn,129,0,graph,12,0.04117
gdn,129,0,graph,13,0.04127
gdn,129,0,graph,14,0.04116
gdn,129,0,graph,15,0.04120
gdn,129,0,graph,16,0.04113
gdn,129,0,graph,17,0.04134
gdn,129,0,graph,18,0.04131
gdn,129,0,graph,19,0.04124
gdn,129,0,graph,20,0.04134
gdn,129,0,graph,21,0.04121
gdn,129,0,graph,22,0.04120
gdn,129,0,graph,23,0.04120
gdn,129,0,graph,24,0.04121
gdn,129,0,graph,25,0.04131
gdn,129,0,graph,26,0.04126
gdn,129,0,graph,27,0.04138
gdn,129,0,graph,28,0.04148
gdn,129,0,graph,29,0.04144
gdn,129,0,eager,0,1.46544
gdn,129,0,eager,1,1.37875
gdn,129,0,eager,2,0.69053
gdn,129,0,eager,3,0.66445
gdn,129,0,eager,4,0.82608
gdn,129,0,eager,5,0.66192
gdn,129,0,eager,6,0.72666
gdn,129,0,eager,7,0.68038
gdn,129,0,eager,8,0.65181
gdn,129,0,eager,9,0.70883
gdn,129,0,eager,10,0.66934
gdn,129,0,eager,11,0.64531
gdn,129,0,eager,12,0.64128
gdn,129,0,eager,13,0.68781
gdn,129,0,eager,14,0.64960
gdn,129,0,eager,15,0.63069
gdn,129,0,eager,16,0.69651
gdn,129,0,eager,17,0.66621
gdn,129,0,eager,18,0.64288
gdn,129,0,eager,19,0.68400
gdn,129,0,eager,20,0.65069
gdn,129,0,eager,21,0.63184
gdn,129,0,eager,22,0.68400
gdn,129,0,eager,23,0.65194
gdn,129,0,eager,24,0.63427
gdn,129,0,eager,25,0.61805
gdn,129,0,eager,26,0.66294
gdn,129,0,eager,27,0.64858
gdn,129,0,eager,28,0.63264
gdn,129,0,eager,29,0.62342
gdn,256,0,graph,0,0.04327
gdn,256,0,graph,1,0.04325
gdn,256,0,graph,2,0.04314
gdn,256,0,graph,3,0.04311
gdn,256,0,graph,4,0.04326
gdn,256,0,graph,5,0.04327
gdn,256,0,graph,6,0.04297
gdn,256,0,graph,7,0.04328
gdn,256,0,graph,8,0.04319
gdn,256,0,graph,9,0.04325
gdn,256,0,graph,10,0.04316
gdn,256,0,graph,11,0.04312
gdn,256,0,graph,12,0.04323
gdn,256,0,graph,13,0.04298
gdn,256,0,graph,14,0.04326
gdn,256,0,graph,15,0.04303
gdn,256,0,graph,16,0.04309
gdn,256,0,graph,17,0.04323
gdn,256,0,graph,18,0.04322
gdn,256,0,graph,19,0.04323
gdn,256,0,graph,20,0.04319
gdn,256,0,graph,21,0.04314
gdn,256,0,graph,22,0.04319
gdn,256,0,graph,23,0.04323
gdn,256,0,graph,24,0.04314
gdn,256,0,graph,25,0.04311
gdn,256,0,graph,26,0.04317
gdn,256,0,graph,27,0.04334
gdn,256,0,graph,28,0.04317
gdn,256,0,graph,29,0.04313
gdn,256,0,eager,0,0.72771
gdn,256,0,eager,1,0.67507
gdn,256,0,eager,2,0.79712
gdn,256,0,eager,3,0.68874
gdn,256,0,eager,4,0.65453
gdn,256,0,eager,5,0.66282
gdn,256,0,eager,6,0.66832
gdn,256,0,eager,7,0.65008
gdn,256,0,eager,8,0.64630
gdn,256,0,eager,9,0.66704
gdn,256,0,eager,10,0.76438
gdn,256,0,eager,11,0.69091
gdn,256,0,eager,12,0.65424
gdn,256,0,eager,13,0.66237
gdn,256,0,eager,14,0.71619
gdn,256,0,eager,15,0.67046
gdn,256,0,eager,16,0.64013
gdn,256,0,eager,17,0.65418
gdn,256,0,eager,18,0.66474
gdn,256,0,eager,19,0.70154
gdn,256,0,eager,20,0.68349
gdn,256,0,eager,21,0.68093
gdn,256,0,eager,22,0.68742
gdn,256,0,eager,23,0.63731
gdn,256,0,eager,24,0.66672
gdn,256,0,eager,25,0.68522
gdn,256,0,eager,26,0.75238
gdn,256,0,eager,27,0.66554
gdn,256,0,eager,28,0.64659
gdn,256,0,eager,29,0.74378
gdn,512,0,graph,0,0.05076
gdn,512,0,graph,1,0.05063
gdn,512,0,graph,2,0.05064
gdn,512,0,graph,3,0.05067
gdn,512,0,graph,4,0.05060
gdn,512,0,graph,5,0.05066
gdn,512,0,graph,6,0.05067
gdn,512,0,graph,7,0.05061
gdn,512,0,graph,8,0.05062
gdn,512,0,graph,9,0.05083
gdn,512,0,graph,10,0.05059
gdn,512,0,graph,11,0.05061
gdn,512,0,graph,12,0.05087
gdn,512,0,graph,13,0.05072
gdn,512,0,graph,14,0.05068
gdn,512,0,graph,15,0.05061
gdn,512,0,graph,16,0.05070
gdn,512,0,graph,17,0.05065
gdn,512,0,graph,18,0.05076
gdn,512,0,graph,19,0.05054
gdn,512,0,graph,20,0.05087
gdn,512,0,graph,21,0.05073
gdn,512,0,graph,22,0.05066
gdn,512,0,graph,23,0.05069
gdn,512,0,graph,24,0.05057
gdn,512,0,graph,25,0.05073
gdn,512,0,graph,26,0.05066
gdn,512,0,graph,27,0.05073
gdn,512,0,graph,28,0.05082
gdn,512,0,graph,29,0.05070
gdn,512,0,eager,0,0.64736
gdn,512,0,eager,1,0.64122
gdn,512,0,eager,2,0.65434
gdn,512,0,eager,3,0.66630
gdn,512,0,eager,4,0.63898
gdn,512,0,eager,5,0.64310
gdn,512,0,eager,6,0.64867
gdn,512,0,eager,7,0.65293
gdn,512,0,eager,8,0.65907
gdn,512,0,eager,9,0.67373
gdn,512,0,eager,10,0.64477
gdn,512,0,eager,11,0.63315
gdn,512,0,eager,12,0.69485
gdn,512,0,eager,13,0.64608
gdn,512,0,eager,14,0.63376
gdn,512,0,eager,15,0.62957
gdn,512,0,eager,16,0.68163
gdn,512,0,eager,17,0.64954
gdn,512,0,eager,18,0.64192
gdn,512,0,eager,19,0.66419
gdn,512,0,eager,20,0.63766
gdn,512,0,eager,21,0.62723
gdn,512,0,eager,22,0.62070
gdn,512,0,eager,23,0.63645
gdn,512,0,eager,24,0.65203
gdn,512,0,eager,25,0.64042
gdn,512,0,eager,26,0.61875
gdn,512,0,eager,27,0.66032
gdn,512,0,eager,28,0.63757
gdn,512,0,eager,29,0.62790
gdn,1024,0,graph,0,0.06982
gdn,1024,0,graph,1,0.06971
gdn,1024,0,graph,2,0.06974
gdn,1024,0,graph,3,0.06978
gdn,1024,0,graph,4,0.06983
gdn,1024,0,graph,5,0.06957
gdn,1024,0,graph,6,0.06976
gdn,1024,0,graph,7,0.07007
gdn,1024,0,graph,8,0.06995
gdn,1024,0,graph,9,0.06961
gdn,1024,0,graph,10,0.06983
gdn,1024,0,graph,11,0.07006
gdn,1024,0,graph,12,0.06971
gdn,1024,0,graph,13,0.07004
gdn,1024,0,graph,14,0.06989
gdn,1024,0,graph,15,0.07021
gdn,1024,0,graph,16,0.06971
gdn,1024,0,graph,17,0.07005
gdn,1024,0,graph,18,0.06971
gdn,1024,0,graph,19,0.07016
gdn,1024,0,graph,20,0.06975
gdn,1024,0,graph,21,0.07023
gdn,1024,0,graph,22,0.06972
gdn,1024,0,graph,23,0.07020
gdn,1024,0,graph,24,0.06966
gdn,1024,0,graph,25,0.07000
gdn,1024,0,graph,26,0.06961
gdn,1024,0,graph,27,0.06999
gdn,1024,0,graph,28,0.06983
gdn,1024,0,graph,29,0.07020
gdn,1024,0,eager,0,0.68282
gdn,1024,0,eager,1,0.69274
gdn,1024,0,eager,2,0.67795
gdn,1024,0,eager,3,0.66266
gdn,1024,0,eager,4,0.66166
gdn,1024,0,eager,5,0.70195
gdn,1024,0,eager,6,0.67629
gdn,1024,0,eager,7,0.65424
gdn,1024,0,eager,8,0.72029
gdn,1024,0,eager,9,0.67706
gdn,1024,0,eager,10,0.69920
gdn,1024,0,eager,11,0.69053
gdn,1024,0,eager,12,0.65651
gdn,1024,0,eager,13,0.64685
gdn,1024,0,eager,14,0.68595
gdn,1024,0,eager,15,0.66902
gdn,1024,0,eager,16,0.64579
gdn,1024,0,eager,17,0.66854
gdn,1024,0,eager,18,0.70118
gdn,1024,0,eager,19,0.65770
gdn,1024,0,eager,20,0.65859
gdn,1024,0,eager,21,0.64643
gdn,1024,0,eager,22,0.69491
gdn,1024,0,eager,23,0.66678
gdn,1024,0,eager,24,0.64714
gdn,1024,0,eager,25,0.65629
gdn,1024,0,eager,26,0.67491
gdn,1024,0,eager,27,0.65626
gdn,1024,0,eager,28,0.64422
gdn,1024,0,eager,29,0.65776
gdn,2048,0,graph,0,0.12592
gdn,2048,0,graph,1,0.12600
gdn,2048,0,graph,2,0.12666
gdn,2048,0,graph,3,0.12659
gdn,2048,0,graph,4,0.12619
gdn,2048,0,graph,5,0.12598
gdn,2048,0,graph,6,0.12534
gdn,2048,0,graph,7,0.12708
gdn,2048,0,graph,8,0.12600
gdn,2048,0,graph,9,0.12698
gdn,2048,0,graph,10,0.12694
gdn,2048,0,graph,11,0.12590
gdn,2048,0,graph,12,0.12640
gdn,2048,0,graph,13,0.12693
gdn,2048,0,graph,14,0.12661
gdn,2048,0,graph,15,0.12655
gdn,2048,0,graph,16,0.12668
gdn,2048,0,graph,17,0.12730
gdn,2048,0,graph,18,0.12634
gdn,2048,0,graph,19,0.12680
gdn,2048,0,graph,20,0.12682
gdn,2048,0,graph,21,0.12608
gdn,2048,0,graph,22,0.12659
gdn,2048,0,graph,23,0.12639
gdn,2048,0,graph,24,0.12699
gdn,2048,0,graph,25,0.12610
gdn,2048,0,graph,26,0.12619
gdn,2048,0,graph,27,0.12612
gdn,2048,0,graph,28,0.12594
gdn,2048,0,graph,29,0.12620
gdn,2048,0,eager,0,0.67926
gdn,2048,0,eager,1,0.72506
gdn,2048,0,eager,2,0.68301
gdn,2048,0,eager,3,0.75501
gdn,2048,0,eager,4,0.71584
gdn,2048,0,eager,5,0.67818
gdn,2048,0,eager,6,0.67891
gdn,2048,0,eager,7,0.69405
gdn,2048,0,eager,8,0.67360
gdn,2048,0,eager,9,0.65107
gdn,2048,0,eager,10,0.67782
gdn,2048,0,eager,11,0.67706
gdn,2048,0,eager,12,0.66253
gdn,2048,0,eager,13,0.64416
gdn,2048,0,eager,14,0.68912
gdn,2048,0,eager,15,0.66918
gdn,2048,0,eager,16,0.64579
gdn,2048,0,eager,17,0.70173
gdn,2048,0,eager,18,0.67024
gdn,2048,0,eager,19,0.65466
gdn,2048,0,eager,20,0.64336
gdn,2048,0,eager,21,0.68989
gdn,2048,0,eager,22,0.66154
gdn,2048,0,eager,23,0.64176
gdn,2048,0,eager,24,0.66022
gdn,2048,0,eager,25,0.67187
gdn,2048,0,eager,26,0.65610
gdn,2048,0,eager,27,0.64522
gdn,2048,0,eager,28,0.68854
gdn,2048,0,eager,29,0.66358
gdn,4096,0,graph,0,0.24659
gdn,4096,0,graph,1,0.24550
gdn,4096,0,graph,2,0.24670
gdn,4096,0,graph,3,0.24545
gdn,4096,0,graph,4,0.24403
gdn,4096,0,graph,5,0.24614
gdn,4096,0,graph,6,0.24669
gdn,4096,0,graph,7,0.24413
gdn,4096,0,graph,8,0.24568
gdn,4096,0,graph,9,0.24341
gdn,4096,0,graph,10,0.24716
gdn,4096,0,graph,11,0.24596
gdn,4096,0,graph,12,0.24595
gdn,4096,0,graph,13,0.24457
gdn,4096,0,graph,14,0.24710
gdn,4096,0,graph,15,0.24513
gdn,4096,0,graph,16,0.24644
gdn,4096,0,graph,17,0.24664
gdn,4096,0,graph,18,0.24521
gdn,4096,0,graph,19,0.24755
gdn,4096,0,graph,20,0.24530
gdn,4096,0,graph,21,0.24532
gdn,4096,0,graph,22,0.24448
gdn,4096,0,graph,23,0.24445
gdn,4096,0,graph,24,0.24593
gdn,4096,0,graph,25,0.24534
gdn,4096,0,graph,26,0.24576
gdn,4096,0,graph,27,0.24758
gdn,4096,0,graph,28,0.24524
gdn,4096,0,graph,29,0.24652
gdn,4096,0,eager,0,0.71562
gdn,4096,0,eager,1,0.69706
gdn,4096,0,eager,2,0.68547
gdn,4096,0,eager,3,0.70838
gdn,4096,0,eager,4,0.69789
gdn,4096,0,eager,5,0.68374
gdn,4096,0,eager,6,0.69610
gdn,4096,0,eager,7,0.70112
gdn,4096,0,eager,8,0.68234
gdn,4096,0,eager,9,0.74291
gdn,4096,0,eager,10,0.70093
gdn,4096,0,eager,11,0.67891
gdn,4096,0,eager,12,0.69117
gdn,4096,0,eager,13,0.71994
gdn,4096,0,eager,14,0.68090
gdn,4096,0,eager,15,0.67840
gdn,4096,0,eager,16,0.69485
gdn,4096,0,eager,17,0.69939
gdn,4096,0,eager,18,0.67910
gdn,4096,0,eager,19,0.73750
gdn,4096,0,eager,20,0.70477
gdn,4096,0,eager,21,0.68064
gdn,4096,0,eager,22,0.73072
gdn,4096,0,eager,23,0.70890
gdn,4096,0,eager,24,0.69312
gdn,4096,0,eager,25,0.71402
gdn,4096,0,eager,26,0.69613
gdn,4096,0,eager,27,0.68086
gdn,4096,0,eager,28,0.73133
gdn,4096,0,eager,29,0.68845
gdn,8192,0,graph,0,0.47819
gdn,8192,0,graph,1,0.47828
gdn,8192,0,graph,2,0.48297
gdn,8192,0,graph,3,0.48070
gdn,8192,0,graph,4,0.48161
gdn,8192,0,graph,5,0.48211
gdn,8192,0,graph,6,0.48083
gdn,8192,0,graph,7,0.48248
gdn,8192,0,graph,8,0.47763
gdn,8192,0,graph,9,0.48107
gdn,8192,0,graph,10,0.48068
gdn,8192,0,graph,11,0.48143
gdn,8192,0,graph,12,0.48116
gdn,8192,0,graph,13,0.48388
gdn,8192,0,graph,14,0.47787
gdn,8192,0,graph,15,0.48113
gdn,8192,0,graph,16,0.48041
gdn,8192,0,graph,17,0.48558
gdn,8192,0,graph,18,0.48399
gdn,8192,0,graph,19,0.47806
gdn,8192,0,graph,20,0.47911
gdn,8192,0,graph,21,0.48157
gdn,8192,0,graph,22,0.48071
gdn,8192,0,graph,23,0.48643
gdn,8192,0,graph,24,0.48520
gdn,8192,0,graph,25,0.47771
gdn,8192,0,graph,26,0.48173
gdn,8192,0,graph,27,0.47739
gdn,8192,0,graph,28,0.48744
gdn,8192,0,graph,29,0.48102
gdn,8192,0,eager,0,0.88506
gdn,8192,0,eager,1,0.84730
gdn,8192,0,eager,2,0.82099
gdn,8192,0,eager,3,0.82006
gdn,8192,0,eager,4,0.84227
gdn,8192,0,eager,5,0.82861
gdn,8192,0,eager,6,0.80467
gdn,8192,0,eager,7,0.86931
gdn,8192,0,eager,8,0.82573
gdn,8192,0,eager,9,0.81350
gdn,8192,0,eager,10,0.81981
gdn,8192,0,eager,11,0.84410
gdn,8192,0,eager,12,0.82346
gdn,8192,0,eager,13,0.82112
gdn,8192,0,eager,14,0.81488
gdn,8192,0,eager,15,0.84762
gdn,8192,0,eager,16,0.83094
gdn,8192,0,eager,17,0.83418
gdn,8192,0,eager,18,0.83926
gdn,8192,0,eager,19,0.83827
gdn,8192,0,eager,20,0.82797
gdn,8192,0,eager,21,0.81558
gdn,8192,0,eager,22,0.85078
gdn,8192,0,eager,23,0.84198
gdn,8192,0,eager,24,0.82563
gdn,8192,0,eager,25,0.82563
gdn,8192,0,eager,26,0.85638
gdn,8192,0,eager,27,0.83408
gdn,8192,0,eager,28,0.80906
gdn,8192,0,eager,29,0.86269
gdn,64,4096,graph,0,0.03829
gdn,64,4096,graph,1,0.03820
gdn,64,4096,graph,2,0.03814
gdn,64,4096,graph,3,0.03805
gdn,64,4096,graph,4,0.03803
gdn,64,4096,graph,5,0.03817
gdn,64,4096,graph,6,0.03807
gdn,64,4096,graph,7,0.03825
gdn,64,4096,graph,8,0.03807
gdn,64,4096,graph,9,0.03834
gdn,64,4096,graph,10,0.03810
gdn,64,4096,graph,11,0.03805
gdn,64,4096,graph,12,0.03831
gdn,64,4096,graph,13,0.03821
gdn,64,4096,graph,14,0.03819
gdn,64,4096,graph,15,0.03829
gdn,64,4096,graph,16,0.03809
gdn,64,4096,graph,17,0.03833
gdn,64,4096,graph,18,0.03815
gdn,64,4096,graph,19,0.03822
gdn,64,4096,graph,20,0.03815
gdn,64,4096,graph,21,0.03830
gdn,64,4096,graph,22,0.03813
gdn,64,4096,graph,23,0.03809
gdn,64,4096,graph,24,0.03808
gdn,64,4096,graph,25,0.03815
gdn,64,4096,graph,26,0.03805
gdn,64,4096,graph,27,0.03817
gdn,64,4096,graph,28,0.03826
gdn,64,4096,graph,29,0.03818
gdn,64,4096,eager,0,0.80666
gdn,64,4096,eager,1,0.74790
gdn,64,4096,eager,2,0.65120
gdn,64,4096,eager,3,0.71827
gdn,64,4096,eager,4,0.68422
gdn,64,4096,eager,5,0.66739
gdn,64,4096,eager,6,0.70355
gdn,64,4096,eager,7,0.67744
gdn,64,4096,eager,8,0.66006
gdn,64,4096,eager,9,0.68048
gdn,64,4096,eager,10,0.95350
gdn,64,4096,eager,11,0.71472
gdn,64,4096,eager,12,0.75811
gdn,64,4096,eager,13,0.70586
gdn,64,4096,eager,14,0.67997
gdn,64,4096,eager,15,0.69331
gdn,64,4096,eager,16,0.68973
gdn,64,4096,eager,17,0.67437
gdn,64,4096,eager,18,0.65482
gdn,64,4096,eager,19,0.73059
gdn,64,4096,eager,20,0.67901
gdn,64,4096,eager,21,0.68109
gdn,64,4096,eager,22,0.68650
gdn,64,4096,eager,23,0.66944
gdn,64,4096,eager,24,0.70080
gdn,64,4096,eager,25,0.67834
gdn,64,4096,eager,26,0.66070
gdn,64,4096,eager,27,0.66083
gdn,64,4096,eager,28,0.70275
gdn,64,4096,eager,29,0.66826
gdn,65,4096,graph,0,0.03936
gdn,65,4096,graph,1,0.03923
gdn,65,4096,graph,2,0.03945
gdn,65,4096,graph,3,0.03922
gdn,65,4096,graph,4,0.03925
gdn,65,4096,graph,5,0.03940
gdn,65,4096,graph,6,0.03931
gdn,65,4096,graph,7,0.03943
gdn,65,4096,graph,8,0.03940
gdn,65,4096,graph,9,0.03926
gdn,65,4096,graph,10,0.03928
gdn,65,4096,graph,11,0.03925
gdn,65,4096,graph,12,0.03935
gdn,65,4096,graph,13,0.03951
gdn,65,4096,graph,14,0.03940
gdn,65,4096,graph,15,0.03953
gdn,65,4096,graph,16,0.03925
gdn,65,4096,graph,17,0.03921
gdn,65,4096,graph,18,0.03927
gdn,65,4096,graph,19,0.03917
gdn,65,4096,graph,20,0.03939
gdn,65,4096,graph,21,0.03948
gdn,65,4096,graph,22,0.03951
gdn,65,4096,graph,23,0.03921
gdn,65,4096,graph,24,0.03938
gdn,65,4096,graph,25,0.03935
gdn,65,4096,graph,26,0.03932
gdn,65,4096,graph,27,0.03927
gdn,65,4096,graph,28,0.03933
gdn,65,4096,graph,29,0.03933
gdn,65,4096,eager,0,0.67738
gdn,65,4096,eager,1,0.66026
gdn,65,4096,eager,2,0.72448
gdn,65,4096,eager,3,0.69162
gdn,65,4096,eager,4,0.67104
gdn,65,4096,eager,5,0.66659
gdn,65,4096,eager,6,0.72640
gdn,65,4096,eager,7,0.68899
gdn,65,4096,eager,8,0.66800
gdn,65,4096,eager,9,0.71872
gdn,65,4096,eager,10,0.69661
gdn,65,4096,eager,11,0.66470
gdn,65,4096,eager,12,0.67802
gdn,65,4096,eager,13,0.68029
gdn,65,4096,eager,14,0.67162
gdn,65,4096,eager,15,0.66019
gdn,65,4096,eager,16,0.69619
gdn,65,4096,eager,17,0.68086
gdn,65,4096,eager,18,0.65926
gdn,65,4096,eager,19,0.72723
gdn,65,4096,eager,20,0.67926
gdn,65,4096,eager,21,0.66685
gdn,65,4096,eager,22,0.66816
gdn,65,4096,eager,23,0.68102
gdn,65,4096,eager,24,0.67331
gdn,65,4096,eager,25,0.65594
gdn,65,4096,eager,26,0.63994
gdn,65,4096,eager,27,0.70288
gdn,65,4096,eager,28,0.67328
gdn,65,4096,eager,29,0.66154
gdn,128,4096,graph,0,0.03997
gdn,128,4096,graph,1,0.04004
gdn,128,4096,graph,2,0.04020
gdn,128,4096,graph,3,0.04036
gdn,128,4096,graph,4,0.04002
gdn,128,4096,graph,5,0.03999
gdn,128,4096,graph,6,0.04008
gdn,128,4096,graph,7,0.04008
gdn,128,4096,graph,8,0.03990
gdn,128,4096,graph,9,0.04001
gdn,128,4096,graph,10,0.04023
gdn,128,4096,graph,11,0.04032
gdn,128,4096,graph,12,0.03988
gdn,128,4096,graph,13,0.04005
gdn,128,4096,graph,14,0.03987
gdn,128,4096,graph,15,0.04026
gdn,128,4096,graph,16,0.04004
gdn,128,4096,graph,17,0.03998
gdn,128,4096,graph,18,0.03995
gdn,128,4096,graph,19,0.03999
gdn,128,4096,graph,20,0.04001
gdn,128,4096,graph,21,0.04023
gdn,128,4096,graph,22,0.04028
gdn,128,4096,graph,23,0.04003
gdn,128,4096,graph,24,0.04019
gdn,128,4096,graph,25,0.04028
gdn,128,4096,graph,26,0.04025
gdn,128,4096,graph,27,0.04018
gdn,128,4096,graph,28,0.03998
gdn,128,4096,graph,29,0.04015
gdn,128,4096,eager,0,0.66768
gdn,128,4096,eager,1,0.69789
gdn,128,4096,eager,2,0.66733
gdn,128,4096,eager,3,0.65661
gdn,128,4096,eager,4,0.65456
gdn,128,4096,eager,5,0.72186
gdn,128,4096,eager,6,0.69437
gdn,128,4096,eager,7,0.66992
gdn,128,4096,eager,8,0.66806
gdn,128,4096,eager,9,0.70102
gdn,128,4096,eager,10,0.67818
gdn,128,4096,eager,11,0.65590
gdn,128,4096,eager,12,0.67440
gdn,128,4096,eager,13,0.68544
gdn,128,4096,eager,14,0.66765
gdn,128,4096,eager,15,0.66438
gdn,128,4096,eager,16,0.71341
gdn,128,4096,eager,17,0.68432
gdn,128,4096,eager,18,0.66240
gdn,128,4096,eager,19,0.66736
gdn,128,4096,eager,20,0.68080
gdn,128,4096,eager,21,0.65322
gdn,128,4096,eager,22,0.64643
gdn,128,4096,eager,23,0.71187
gdn,128,4096,eager,24,0.67622
gdn,128,4096,eager,25,0.65600
gdn,128,4096,eager,26,0.64349
gdn,128,4096,eager,27,0.70550
gdn,128,4096,eager,28,0.67261
gdn,128,4096,eager,29,0.67699
gdn,129,4096,graph,0,0.04151
gdn,129,4096,graph,1,0.04143
gdn,129,4096,graph,2,0.04137
gdn,129,4096,graph,3,0.04119
gdn,129,4096,graph,4,0.04126
gdn,129,4096,graph,5,0.04137
gdn,129,4096,graph,6,0.04125
gdn,129,4096,graph,7,0.04131
gdn,129,4096,graph,8,0.04132
gdn,129,4096,graph,9,0.04148
gdn,129,4096,graph,10,0.04123
gdn,129,4096,graph,11,0.04132
gdn,129,4096,graph,12,0.04119
gdn,129,4096,graph,13,0.04124
gdn,129,4096,graph,14,0.04125
gdn,129,4096,graph,15,0.04124
gdn,129,4096,graph,16,0.04139
gdn,129,4096,graph,17,0.04127
gdn,129,4096,graph,18,0.04127
gdn,129,4096,graph,19,0.04125
gdn,129,4096,graph,20,0.04132
gdn,129,4096,graph,21,0.04130
gdn,129,4096,graph,22,0.04127
gdn,129,4096,graph,23,0.04132
gdn,129,4096,graph,24,0.04123
gdn,129,4096,graph,25,0.04131
gdn,129,4096,graph,26,0.04127
gdn,129,4096,graph,27,0.04123
gdn,129,4096,graph,28,0.04126
gdn,129,4096,graph,29,0.04135
gdn,129,4096,eager,0,0.67142
gdn,129,4096,eager,1,0.66416
gdn,129,4096,eager,2,0.70310
gdn,129,4096,eager,3,0.66650
gdn,129,4096,eager,4,0.65405
gdn,129,4096,eager,5,0.67062
gdn,129,4096,eager,6,0.67648
gdn,129,4096,eager,7,0.65238
gdn,129,4096,eager,8,0.65104
gdn,129,4096,eager,9,0.74707
gdn,129,4096,eager,10,0.71098
gdn,129,4096,eager,11,0.66806
gdn,129,4096,eager,12,0.65827
gdn,129,4096,eager,13,0.68387
gdn,129,4096,eager,14,0.66733
gdn,129,4096,eager,15,0.65504
gdn,129,4096,eager,16,0.66883
gdn,129,4096,eager,17,0.67626
gdn,129,4096,eager,18,0.64973
gdn,129,4096,eager,19,0.66214
gdn,129,4096,eager,20,0.67014
gdn,129,4096,eager,21,0.64874
gdn,129,4096,eager,22,0.65616
gdn,129,4096,eager,23,0.68576
gdn,129,4096,eager,24,0.64659
gdn,129,4096,eager,25,0.66944
gdn,129,4096,eager,26,0.67770
gdn,129,4096,eager,27,0.66749
gdn,129,4096,eager,28,0.68067
gdn,129,4096,eager,29,0.66208
gdn,256,4096,graph,0,0.04321
gdn,256,4096,graph,1,0.04320
gdn,256,4096,graph,2,0.04325
gdn,256,4096,graph,3,0.04323
gdn,256,4096,graph,4,0.04330
gdn,256,4096,graph,5,0.04326
gdn,256,4096,graph,6,0.04319
gdn,256,4096,graph,7,0.04338
gdn,256,4096,graph,8,0.04335
gdn,256,4096,graph,9,0.04340
gdn,256,4096,graph,10,0.04319
gdn,256,4096,graph,11,0.04344
gdn,256,4096,graph,12,0.04331
gdn,256,4096,graph,13,0.04330
gdn,256,4096,graph,14,0.04331
gdn,256,4096,graph,15,0.04340
gdn,256,4096,graph,16,0.04340
gdn,256,4096,graph,17,0.04330
gdn,256,4096,graph,18,0.04358
gdn,256,4096,graph,19,0.04322
gdn,256,4096,graph,20,0.04333
gdn,256,4096,graph,21,0.04322
gdn,256,4096,graph,22,0.04320
gdn,256,4096,graph,23,0.04321
gdn,256,4096,graph,24,0.04337
gdn,256,4096,graph,25,0.04336
gdn,256,4096,graph,26,0.04326
gdn,256,4096,graph,27,0.04311
gdn,256,4096,graph,28,0.04331
gdn,256,4096,graph,29,0.04316
gdn,256,4096,eager,0,0.67718
gdn,256,4096,eager,1,0.67174
gdn,256,4096,eager,2,0.72742
gdn,256,4096,eager,3,0.68669
gdn,256,4096,eager,4,0.66122
gdn,256,4096,eager,5,0.66778
gdn,256,4096,eager,6,0.72221
gdn,256,4096,eager,7,0.68739
gdn,256,4096,eager,8,0.66237
gdn,256,4096,eager,9,0.69178
gdn,256,4096,eager,10,0.69184
gdn,256,4096,eager,11,0.66490
gdn,256,4096,eager,12,0.72784
gdn,256,4096,eager,13,0.69018
gdn,256,4096,eager,14,0.67008
gdn,256,4096,eager,15,0.71494
gdn,256,4096,eager,16,0.68672
gdn,256,4096,eager,17,0.67763
gdn,256,4096,eager,18,0.68662
gdn,256,4096,eager,19,0.68157
gdn,256,4096,eager,20,0.67178
gdn,256,4096,eager,21,0.70307
gdn,256,4096,eager,22,0.67610
gdn,256,4096,eager,23,0.66480
gdn,256,4096,eager,24,0.72528
gdn,256,4096,eager,25,0.69082
gdn,256,4096,eager,26,0.66134
gdn,256,4096,eager,27,0.66410
gdn,256,4096,eager,28,0.69066
gdn,256,4096,eager,29,0.65552
gdn,512,4096,graph,0,0.05064
gdn,512,4096,graph,1,0.05042
gdn,512,4096,graph,2,0.05047
gdn,512,4096,graph,3,0.05043
gdn,512,4096,graph,4,0.05042
gdn,512,4096,graph,5,0.05033
gdn,512,4096,graph,6,0.05041
gdn,512,4096,graph,7,0.05036
gdn,512,4096,graph,8,0.05058
gdn,512,4096,graph,9,0.05061
gdn,512,4096,graph,10,0.05049
gdn,512,4096,graph,11,0.05044
gdn,512,4096,graph,12,0.05061
gdn,512,4096,graph,13,0.05084
gdn,512,4096,graph,14,0.05040
gdn,512,4096,graph,15,0.05043
gdn,512,4096,graph,16,0.05044
gdn,512,4096,graph,17,0.05042
gdn,512,4096,graph,18,0.05058
gdn,512,4096,graph,19,0.05049
gdn,512,4096,graph,20,0.05044
gdn,512,4096,graph,21,0.05035
gdn,512,4096,graph,22,0.05062
gdn,512,4096,graph,23,0.05041
gdn,512,4096,graph,24,0.05049
gdn,512,4096,graph,25,0.05028
gdn,512,4096,graph,26,0.05055
gdn,512,4096,graph,27,0.05038
gdn,512,4096,graph,28,0.05041
gdn,512,4096,graph,29,0.05055
gdn,512,4096,eager,0,0.71658
gdn,512,4096,eager,1,0.67866
gdn,512,4096,eager,2,0.75994
gdn,512,4096,eager,3,0.72154
gdn,512,4096,eager,4,0.67674
gdn,512,4096,eager,5,0.65782
gdn,512,4096,eager,6,0.66560
gdn,512,4096,eager,7,0.67098
gdn,512,4096,eager,8,0.66720
gdn,512,4096,eager,9,0.64429
gdn,512,4096,eager,10,0.68566
gdn,512,4096,eager,11,0.66243
gdn,512,4096,eager,12,0.67382
gdn,512,4096,eager,13,0.69002
gdn,512,4096,eager,14,0.65261
gdn,512,4096,eager,15,0.64768
gdn,512,4096,eager,16,0.70189
gdn,512,4096,eager,17,0.66205
gdn,512,4096,eager,18,0.65818
gdn,512,4096,eager,19,0.70070
gdn,512,4096,eager,20,0.65638
gdn,512,4096,eager,21,0.65462
gdn,512,4096,eager,22,0.70163
gdn,512,4096,eager,23,0.66550
gdn,512,4096,eager,24,0.65702
gdn,512,4096,eager,25,0.68051
gdn,512,4096,eager,26,0.65091
gdn,512,4096,eager,27,0.64374
gdn,512,4096,eager,28,0.68253
gdn,512,4096,eager,29,0.66490
gdn,1024,4096,graph,0,0.07014
gdn,1024,4096,graph,1,0.07045
gdn,1024,4096,graph,2,0.07052
gdn,1024,4096,graph,3,0.07022
gdn,1024,4096,graph,4,0.07040
gdn,1024,4096,graph,5,0.07028
gdn,1024,4096,graph,6,0.07024
gdn,1024,4096,graph,7,0.07038
gdn,1024,4096,graph,8,0.07039
gdn,1024,4096,graph,9,0.07030
gdn,1024,4096,graph,10,0.07043
gdn,1024,4096,graph,11,0.07023
gdn,1024,4096,graph,12,0.07025
gdn,1024,4096,graph,13,0.07028
gdn,1024,4096,graph,14,0.07051
gdn,1024,4096,graph,15,0.07045
gdn,1024,4096,graph,16,0.07031
gdn,1024,4096,graph,17,0.07022
gdn,1024,4096,graph,18,0.07034
gdn,1024,4096,graph,19,0.07050
gdn,1024,4096,graph,20,0.07051
gdn,1024,4096,graph,21,0.07008
gdn,1024,4096,graph,22,0.07029
gdn,1024,4096,graph,23,0.07064
gdn,1024,4096,graph,24,0.07041
gdn,1024,4096,graph,25,0.07032
gdn,1024,4096,graph,26,0.06991
gdn,1024,4096,graph,27,0.07057
gdn,1024,4096,graph,28,0.07038
gdn,1024,4096,graph,29,0.07030
gdn,1024,4096,eager,0,0.78723
gdn,1024,4096,eager,1,0.79814
gdn,1024,4096,eager,2,0.76026
gdn,1024,4096,eager,3,0.74109
gdn,1024,4096,eager,4,0.73549
gdn,1024,4096,eager,5,0.78314
gdn,1024,4096,eager,6,0.75229
gdn,1024,4096,eager,7,0.72230
gdn,1024,4096,eager,8,0.68512
gdn,1024,4096,eager,9,0.77610
gdn,1024,4096,eager,10,0.83005
gdn,1024,4096,eager,11,0.70109
gdn,1024,4096,eager,12,0.69130
gdn,1024,4096,eager,13,0.72810
gdn,1024,4096,eager,14,0.71942
gdn,1024,4096,eager,15,0.68461
gdn,1024,4096,eager,16,0.67258
gdn,1024,4096,eager,17,0.67091
gdn,1024,4096,eager,18,0.69050
gdn,1024,4096,eager,19,0.66394
gdn,1024,4096,eager,20,0.69213
gdn,1024,4096,eager,21,0.68778
gdn,1024,4096,eager,22,0.66077
gdn,1024,4096,eager,23,0.65075
gdn,1024,4096,eager,24,0.70528
gdn,1024,4096,eager,25,0.69728
gdn,1024,4096,eager,26,0.78134
gdn,1024,4096,eager,27,0.69590
gdn,1024,4096,eager,28,0.66909
gdn,1024,4096,eager,29,0.65056
gdn,2048,4096,graph,0,0.12669
gdn,2048,4096,graph,1,0.12679
gdn,2048,4096,graph,2,0.12711
gdn,2048,4096,graph,3,0.12660
gdn,2048,4096,graph,4,0.12628
gdn,2048,4096,graph,5,0.12676
gdn,2048,4096,graph,6,0.12659
gdn,2048,4096,graph,7,0.12701
gdn,2048,4096,graph,8,0.12683
gdn,2048,4096,graph,9,0.12656
gdn,2048,4096,graph,10,0.12646
gdn,2048,4096,graph,11,0.12683
gdn,2048,4096,graph,12,0.12689
gdn,2048,4096,graph,13,0.12617
gdn,2048,4096,graph,14,0.12678
gdn,2048,4096,graph,15,0.12700
gdn,2048,4096,graph,16,0.12677
gdn,2048,4096,graph,17,0.12690
gdn,2048,4096,graph,18,0.12724
gdn,2048,4096,graph,19,0.12541
gdn,2048,4096,graph,20,0.12587
gdn,2048,4096,graph,21,0.12642
gdn,2048,4096,graph,22,0.12757
gdn,2048,4096,graph,23,0.12595
gdn,2048,4096,graph,24,0.12635
gdn,2048,4096,graph,25,0.12638
gdn,2048,4096,graph,26,0.12817
gdn,2048,4096,graph,27,0.12644
gdn,2048,4096,graph,28,0.12703
gdn,2048,4096,graph,29,0.12678
gdn,2048,4096,eager,0,0.67341
gdn,2048,4096,eager,1,0.66250
gdn,2048,4096,eager,2,0.72470
gdn,2048,4096,eager,3,0.67853
gdn,2048,4096,eager,4,0.66797
gdn,2048,4096,eager,5,0.73270
gdn,2048,4096,eager,6,0.68989
gdn,2048,4096,eager,7,0.66474
gdn,2048,4096,eager,8,0.78285
gdn,2048,4096,eager,9,0.71360
gdn,2048,4096,eager,10,0.67414
gdn,2048,4096,eager,11,0.65718
gdn,2048,4096,eager,12,0.76566
gdn,2048,4096,eager,13,0.69885
gdn,2048,4096,eager,14,0.66406
gdn,2048,4096,eager,15,0.70410
gdn,2048,4096,eager,16,0.68051
gdn,2048,4096,eager,17,0.66963
gdn,2048,4096,eager,18,0.65194
gdn,2048,4096,eager,19,0.69155
gdn,2048,4096,eager,20,0.67142
gdn,2048,4096,eager,21,0.65331
gdn,2048,4096,eager,22,0.64534
gdn,2048,4096,eager,23,0.68445
gdn,2048,4096,eager,24,0.66006
gdn,2048,4096,eager,25,0.64909
gdn,2048,4096,eager,26,0.72320
gdn,2048,4096,eager,27,0.66995
gdn,2048,4096,eager,28,0.64362
gdn,2048,4096,eager,29,0.68253
gdn,4096,4096,graph,0,0.24447
gdn,4096,4096,graph,1,0.24821
gdn,4096,4096,graph,2,0.24743
gdn,4096,4096,graph,3,0.24613
gdn,4096,4096,graph,4,0.24556
gdn,4096,4096,graph,5,0.24823
gdn,4096,4096,graph,6,0.24542
gdn,4096,4096,graph,7,0.24639
gdn,4096,4096,graph,8,0.24835
gdn,4096,4096,graph,9,0.24706
gdn,4096,4096,graph,10,0.24378
gdn,4096,4096,graph,11,0.24555
gdn,4096,4096,graph,12,0.24499
gdn,4096,4096,graph,13,0.24518
gdn,4096,4096,graph,14,0.24675
gdn,4096,4096,graph,15,0.24454
gdn,4096,4096,graph,16,0.24770
gdn,4096,4096,graph,17,0.24639
gdn,4096,4096,graph,18,0.24696
gdn,4096,4096,graph,19,0.24605
gdn,4096,4096,graph,20,0.24769
gdn,4096,4096,graph,21,0.24826
gdn,4096,4096,graph,22,0.24655
gdn,4096,4096,graph,23,0.24750
gdn,4096,4096,graph,24,0.24625
gdn,4096,4096,graph,25,0.24771
gdn,4096,4096,graph,26,0.24615
gdn,4096,4096,graph,27,0.24550
gdn,4096,4096,graph,28,0.24575
gdn,4096,4096,graph,29,0.24483
gdn,4096,4096,eager,0,0.76272
gdn,4096,4096,eager,1,0.70826
gdn,4096,4096,eager,2,0.69206
gdn,4096,4096,eager,3,0.68275
gdn,4096,4096,eager,4,0.77056
gdn,4096,4096,eager,5,0.71888
gdn,4096,4096,eager,6,0.70045
gdn,4096,4096,eager,7,0.72230
gdn,4096,4096,eager,8,0.71104
gdn,4096,4096,eager,9,0.73286
gdn,4096,4096,eager,10,0.70637
gdn,4096,4096,eager,11,0.69072
gdn,4096,4096,eager,12,0.73206
gdn,4096,4096,eager,13,0.70608
gdn,4096,4096,eager,14,0.72080
gdn,4096,4096,eager,15,0.69462
gdn,4096,4096,eager,16,0.68566
gdn,4096,4096,eager,17,0.67629
gdn,4096,4096,eager,18,0.74349
gdn,4096,4096,eager,19,0.69965
gdn,4096,4096,eager,20,0.69709
gdn,4096,4096,eager,21,0.70758
gdn,4096,4096,eager,22,0.71341
gdn,4096,4096,eager,23,0.68480
gdn,4096,4096,eager,24,0.68707
gdn,4096,4096,eager,25,0.72202
gdn,4096,4096,eager,26,0.69926
gdn,4096,4096,eager,27,0.69843
gdn,4096,4096,eager,28,0.71664
gdn,4096,4096,eager,29,0.69718
gdn,8192,4096,graph,0,0.48093
gdn,8192,4096,graph,1,0.47927
gdn,8192,4096,graph,2,0.48423
gdn,8192,4096,graph,3,0.48077
gdn,8192,4096,graph,4,0.48066
gdn,8192,4096,graph,5,0.48282
gdn,8192,4096,graph,6,0.48446
gdn,8192,4096,graph,7,0.48523
gdn,8192,4096,graph,8,0.48441
gdn,8192,4096,graph,9,0.48124
gdn,8192,4096,graph,10,0.48148
gdn,8192,4096,graph,11,0.48121
gdn,8192,4096,graph,12,0.48122
gdn,8192,4096,graph,13,0.48101
gdn,8192,4096,graph,14,0.47796
gdn,8192,4096,graph,15,0.48027
gdn,8192,4096,graph,16,0.47777
gdn,8192,4096,graph,17,0.47813
gdn,8192,4096,graph,18,0.48025
gdn,8192,4096,graph,19,0.47686
gdn,8192,4096,graph,20,0.48372
gdn,8192,4096,graph,21,0.48127
gdn,8192,4096,graph,22,0.47709
gdn,8192,4096,graph,23,0.48433
gdn,8192,4096,graph,24,0.48259
gdn,8192,4096,graph,25,0.47692
gdn,8192,4096,graph,26,0.48058
gdn,8192,4096,graph,27,0.48461
gdn,8192,4096,graph,28,0.48108
gdn,8192,4096,graph,29,0.48301
gdn,8192,4096,eager,0,0.82614
gdn,8192,4096,eager,1,0.86186
gdn,8192,4096,eager,2,0.82378
gdn,8192,4096,eager,3,0.81811
gdn,8192,4096,eager,4,0.80515
gdn,8192,4096,eager,5,0.86214
gdn,8192,4096,eager,6,0.83603
gdn,8192,4096,eager,7,0.80336
gdn,8192,4096,eager,8,0.89325
gdn,8192,4096,eager,9,0.84861
gdn,8192,4096,eager,10,0.83424
gdn,8192,4096,eager,11,0.80419
gdn,8192,4096,eager,12,0.85232
gdn,8192,4096,eager,13,0.82810
gdn,8192,4096,eager,14,0.82880
gdn,8192,4096,eager,15,0.84774
gdn,8192,4096,eager,16,0.82141
gdn,8192,4096,eager,17,0.88010
gdn,8192,4096,eager,18,0.86736
gdn,8192,4096,eager,19,0.83050
gdn,8192,4096,eager,20,0.82560
gdn,8192,4096,eager,21,0.88003
gdn,8192,4096,eager,22,0.84051
gdn,8192,4096,eager,23,0.84227
gdn,8192,4096,eager,24,0.85373
gdn,8192,4096,eager,25,0.83677
gdn,8192,4096,eager,26,0.82723
gdn,8192,4096,eager,27,0.84016
gdn,8192,4096,eager,28,0.81210
gdn,8192,4096,eager,29,0.80656
gdn,64,16384,graph,0,0.03813
gdn,64,16384,graph,1,0.03816
gdn,64,16384,graph,2,0.03803
gdn,64,16384,graph,3,0.03809
gdn,64,16384,graph,4,0.03822
gdn,64,16384,graph,5,0.03806
gdn,64,16384,graph,6,0.03809
gdn,64,16384,graph,7,0.03807
gdn,64,16384,graph,8,0.03804
gdn,64,16384,graph,9,0.03803
gdn,64,16384,graph,10,0.03814
gdn,64,16384,graph,11,0.03819
gdn,64,16384,graph,12,0.03819
gdn,64,16384,graph,13,0.03803
gdn,64,16384,graph,14,0.03807
gdn,64,16384,graph,15,0.03806
gdn,64,16384,graph,16,0.03808
gdn,64,16384,graph,17,0.03819
gdn,64,16384,graph,18,0.03819
gdn,64,16384,graph,19,0.03807
gdn,64,16384,graph,20,0.03818
gdn,64,16384,graph,21,0.03818
gdn,64,16384,graph,22,0.03799
gdn,64,16384,graph,23,0.03817
gdn,64,16384,graph,24,0.03815
gdn,64,16384,graph,25,0.03817
gdn,64,16384,graph,26,0.03821
gdn,64,16384,graph,27,0.03808
gdn,64,16384,graph,28,0.03804
gdn,64,16384,graph,29,0.03803
gdn,64,16384,eager,0,1.42762
gdn,64,16384,eager,1,1.39187
gdn,64,16384,eager,2,1.52285
gdn,64,16384,eager,3,1.43654
gdn,64,16384,eager,4,1.40208
gdn,64,16384,eager,5,1.41248
gdn,64,16384,eager,6,1.43382
gdn,64,16384,eager,7,1.37738
gdn,64,16384,eager,8,0.84189
gdn,64,16384,eager,9,0.66608
gdn,64,16384,eager,10,0.68979
gdn,64,16384,eager,11,0.66051
gdn,64,16384,eager,12,0.64918
gdn,64,16384,eager,13,0.68442
gdn,64,16384,eager,14,0.65734
gdn,64,16384,eager,15,0.65325
gdn,64,16384,eager,16,0.68227
gdn,64,16384,eager,17,0.67952
gdn,64,16384,eager,18,0.68698
gdn,64,16384,eager,19,0.65971
gdn,64,16384,eager,20,0.64038
gdn,64,16384,eager,21,0.65658
gdn,64,16384,eager,22,0.67536
gdn,64,16384,eager,23,0.67622
gdn,64,16384,eager,24,0.67235
gdn,64,16384,eager,25,0.65027
gdn,64,16384,eager,26,0.64093
gdn,64,16384,eager,27,0.69827
gdn,64,16384,eager,28,0.66829
gdn,64,16384,eager,29,0.65478
gdn,65,16384,graph,0,0.03930
gdn,65,16384,graph,1,0.03921
gdn,65,16384,graph,2,0.03919
gdn,65,16384,graph,3,0.03913
gdn,65,16384,graph,4,0.03923
gdn,65,16384,graph,5,0.03924
gdn,65,16384,graph,6,0.03937
gdn,65,16384,graph,7,0.04164
gdn,65,16384,graph,8,0.03930
gdn,65,16384,graph,9,0.03925
gdn,65,16384,graph,10,0.03927
gdn,65,16384,graph,11,0.03927
gdn,65,16384,graph,12,0.03940
gdn,65,16384,graph,13,0.03914
gdn,65,16384,graph,14,0.03921
gdn,65,16384,graph,15,0.03919
gdn,65,16384,graph,16,0.03923
gdn,65,16384,graph,17,0.03921
gdn,65,16384,graph,18,0.03935
gdn,65,16384,graph,19,0.03911
gdn,65,16384,graph,20,0.03927
gdn,65,16384,graph,21,0.03917
gdn,65,16384,graph,22,0.03924
gdn,65,16384,graph,23,0.03924
gdn,65,16384,graph,24,0.03921
gdn,65,16384,graph,25,0.03927
gdn,65,16384,graph,26,0.03927
gdn,65,16384,graph,27,0.03943
gdn,65,16384,graph,28,0.03933
gdn,65,16384,graph,29,0.03928
gdn,65,16384,eager,0,0.68550
gdn,65,16384,eager,1,0.66941
gdn,65,16384,eager,2,0.66240
gdn,65,16384,eager,3,0.68358
gdn,65,16384,eager,4,0.66621
gdn,65,16384,eager,5,0.64160
gdn,65,16384,eager,6,0.69386
gdn,65,16384,eager,7,0.73386
gdn,65,16384,eager,8,0.70134
gdn,65,16384,eager,9,0.67936
gdn,65,16384,eager,10,0.73744
gdn,65,16384,eager,11,0.66989
gdn,65,16384,eager,12,0.71875
gdn,65,16384,eager,13,0.67872
gdn,65,16384,eager,14,0.66566
gdn,65,16384,eager,15,0.67728
gdn,65,16384,eager,16,0.66371
gdn,65,16384,eager,17,0.66064
gdn,65,16384,eager,18,0.70000
gdn,65,16384,eager,19,0.66938
gdn,65,16384,eager,20,0.64736
gdn,65,16384,eager,21,0.66010
gdn,65,16384,eager,22,0.67590
gdn,65,16384,eager,23,0.65245
gdn,65,16384,eager,24,0.64189
gdn,65,16384,eager,25,0.70083
gdn,65,16384,eager,26,0.66205
gdn,65,16384,eager,27,0.64400
gdn,65,16384,eager,28,0.66221
gdn,65,16384,eager,29,0.67901
gdn,128,16384,graph,0,0.03984
gdn,128,16384,graph,1,0.03993
gdn,128,16384,graph,2,0.03992
gdn,128,16384,graph,3,0.04008
gdn,128,16384,graph,4,0.03991
gdn,128,16384,graph,5,0.03988
gdn,128,16384,graph,6,0.03981
gdn,128,16384,graph,7,0.04011
gdn,128,16384,graph,8,0.03982
gdn,128,16384,graph,9,0.03999
gdn,128,16384,graph,10,0.03989
gdn,128,16384,graph,11,0.04014
gdn,128,16384,graph,12,0.03977
gdn,128,16384,graph,13,0.04001
gdn,128,16384,graph,14,0.03984
gdn,128,16384,graph,15,0.04004
gdn,128,16384,graph,16,0.03990
gdn,128,16384,graph,17,0.03999
gdn,128,16384,graph,18,0.03992
gdn,128,16384,graph,19,0.03995
gdn,128,16384,graph,20,0.03998
gdn,128,16384,graph,21,0.03995
gdn,128,16384,graph,22,0.03981
gdn,128,16384,graph,23,0.03983
gdn,128,16384,graph,24,0.04000
gdn,128,16384,graph,25,0.03999
gdn,128,16384,graph,26,0.04002
gdn,128,16384,graph,27,0.03974
gdn,128,16384,graph,28,0.03997
gdn,128,16384,graph,29,0.03984
gdn,128,16384,eager,0,0.70464
gdn,128,16384,eager,1,0.68429
gdn,128,16384,eager,2,0.69366
gdn,128,16384,eager,3,0.69891
gdn,128,16384,eager,4,0.66550
gdn,128,16384,eager,5,0.68666
gdn,128,16384,eager,6,0.72698
gdn,128,16384,eager,7,0.68387
gdn,128,16384,eager,8,0.66221
gdn,128,16384,eager,9,0.72154
gdn,128,16384,eager,10,0.68691
gdn,128,16384,eager,11,0.66886
gdn,128,16384,eager,12,0.69914
gdn,128,16384,eager,13,0.75914
gdn,128,16384,eager,14,0.67312
gdn,128,16384,eager,15,0.73056
gdn,128,16384,eager,16,0.67738
gdn,128,16384,eager,17,0.66179
gdn,128,16384,eager,18,0.65744
gdn,128,16384,eager,19,0.70131
gdn,128,16384,eager,20,0.67315
gdn,128,16384,eager,21,0.66256
gdn,128,16384,eager,22,0.69306
gdn,128,16384,eager,23,0.67389
gdn,128,16384,eager,24,0.65782
gdn,128,16384,eager,25,0.65107
gdn,128,16384,eager,26,0.69920
gdn,128,16384,eager,27,0.66800
gdn,128,16384,eager,28,0.66662
gdn,128,16384,eager,29,0.67725
gdn,129,16384,graph,0,0.04129
gdn,129,16384,graph,1,0.04141
gdn,129,16384,graph,2,0.04135
gdn,129,16384,graph,3,0.04128
gdn,129,16384,graph,4,0.04114
gdn,129,16384,graph,5,0.04121
gdn,129,16384,graph,6,0.04124
gdn,129,16384,graph,7,0.04127
gdn,129,16384,graph,8,0.04139
gdn,129,16384,graph,9,0.04115
gdn,129,16384,graph,10,0.04112
gdn,129,16384,graph,11,0.04122
gdn,129,16384,graph,12,0.04131
gdn,129,16384,graph,13,0.04141
gdn,129,16384,graph,14,0.04126
gdn,129,16384,graph,15,0.04134
gdn,129,16384,graph,16,0.04129
gdn,129,16384,graph,17,0.04144
gdn,129,16384,graph,18,0.04140
gdn,129,16384,graph,19,0.04131
gdn,129,16384,graph,20,0.04110
gdn,129,16384,graph,21,0.04106
gdn,129,16384,graph,22,0.04131
gdn,129,16384,graph,23,0.04115
gdn,129,16384,graph,24,0.04131
gdn,129,16384,graph,25,0.04135
gdn,129,16384,graph,26,0.04116
gdn,129,16384,graph,27,0.04122
gdn,129,16384,graph,28,0.04130
gdn,129,16384,graph,29,0.04129
gdn,129,16384,eager,0,0.68029
gdn,129,16384,eager,1,0.70432
gdn,129,16384,eager,2,0.70397
gdn,129,16384,eager,3,0.67174
gdn,129,16384,eager,4,0.67616
gdn,129,16384,eager,5,0.69069
gdn,129,16384,eager,6,0.66640
gdn,129,16384,eager,7,0.66538
gdn,129,16384,eager,8,0.72992
gdn,129,16384,eager,9,0.68246
gdn,129,16384,eager,10,0.66032
gdn,129,16384,eager,11,0.65770
gdn,129,16384,eager,12,0.73498
gdn,129,16384,eager,13,0.68742
gdn,129,16384,eager,14,0.69482
gdn,129,16384,eager,15,0.68154
gdn,129,16384,eager,16,0.73027
gdn,129,16384,eager,17,0.68666
gdn,129,16384,eager,18,0.67357
gdn,129,16384,eager,19,0.67853
gdn,129,16384,eager,20,0.68790
gdn,129,16384,eager,21,0.66288
gdn,129,16384,eager,22,0.66282
gdn,129,16384,eager,23,0.71011
gdn,129,16384,eager,24,0.68547
gdn,129,16384,eager,25,0.66157
gdn,129,16384,eager,26,0.69453
gdn,129,16384,eager,27,0.68806
gdn,129,16384,eager,28,0.66253
gdn,129,16384,eager,29,0.65507
gdn,256,16384,graph,0,0.04313
gdn,256,16384,graph,1,0.04318
gdn,256,16384,graph,2,0.04307
gdn,256,16384,graph,3,0.04306
gdn,256,16384,graph,4,0.04309
gdn,256,16384,graph,5,0.04298
gdn,256,16384,graph,6,0.04296
gdn,256,16384,graph,7,0.04304
gdn,256,16384,graph,8,0.04312
gdn,256,16384,graph,9,0.04323
gdn,256,16384,graph,10,0.04318
gdn,256,16384,graph,11,0.04309
gdn,256,16384,graph,12,0.04299
gdn,256,16384,graph,13,0.04310
gdn,256,16384,graph,14,0.04296
gdn,256,16384,graph,15,0.04294
gdn,256,16384,graph,16,0.04303
gdn,256,16384,graph,17,0.04320
gdn,256,16384,graph,18,0.04336
gdn,256,16384,graph,19,0.04345
gdn,256,16384,graph,20,0.04372
gdn,256,16384,graph,21,0.04348
gdn,256,16384,graph,22,0.04353
gdn,256,16384,graph,23,0.04351
gdn,256,16384,graph,24,0.04373
gdn,256,16384,graph,25,0.04350
gdn,256,16384,graph,26,0.04347
gdn,256,16384,graph,27,0.04359
gdn,256,16384,graph,28,0.04365
gdn,256,16384,graph,29,0.04330
gdn,256,16384,eager,0,1.61104
gdn,256,16384,eager,1,1.73347
gdn,256,16384,eager,2,1.62192
gdn,256,16384,eager,3,1.36195
gdn,256,16384,eager,4,0.69680
gdn,256,16384,eager,5,0.68582
gdn,256,16384,eager,6,0.67942
gdn,256,16384,eager,7,0.70262
gdn,256,16384,eager,8,0.67200
gdn,256,16384,eager,9,0.69037
gdn,256,16384,eager,10,0.69155
gdn,256,16384,eager,11,0.67555
gdn,256,16384,eager,12,0.65923
gdn,256,16384,eager,13,0.65011
gdn,256,16384,eager,14,0.71472
gdn,256,16384,eager,15,0.67523
gdn,256,16384,eager,16,0.66746
gdn,256,16384,eager,17,0.71446
gdn,256,16384,eager,18,0.69347
gdn,256,16384,eager,19,0.66858
gdn,256,16384,eager,20,0.68102
gdn,256,16384,eager,21,0.69382
gdn,256,16384,eager,22,0.67117
gdn,256,16384,eager,23,0.66010
gdn,256,16384,eager,24,0.73482
gdn,256,16384,eager,25,0.68762
gdn,256,16384,eager,26,0.66720
gdn,256,16384,eager,27,0.67568
gdn,256,16384,eager,28,0.69104
gdn,256,16384,eager,29,0.66886
gdn,512,16384,graph,0,0.05094
gdn,512,16384,graph,1,0.05101
gdn,512,16384,graph,2,0.05080
gdn,512,16384,graph,3,0.05077
gdn,512,16384,graph,4,0.05074
gdn,512,16384,graph,5,0.05078
gdn,512,16384,graph,6,0.05082
gdn,512,16384,graph,7,0.05101
gdn,512,16384,graph,8,0.05063
gdn,512,16384,graph,9,0.05104
gdn,512,16384,graph,10,0.05107
gdn,512,16384,graph,11,0.05088
gdn,512,16384,graph,12,0.05097
gdn,512,16384,graph,13,0.05080
gdn,512,16384,graph,14,0.05079
gdn,512,16384,graph,15,0.05088
gdn,512,16384,graph,16,0.05101
gdn,512,16384,graph,17,0.05082
gdn,512,16384,graph,18,0.05079
gdn,512,16384,graph,19,0.05106
gdn,512,16384,graph,20,0.05105
gdn,512,16384,graph,21,0.05089
gdn,512,16384,graph,22,0.05094
gdn,512,16384,graph,23,0.05091
gdn,512,16384,graph,24,0.05083
gdn,512,16384,graph,25,0.05082
gdn,512,16384,graph,26,0.05099
gdn,512,16384,graph,27,0.05093
gdn,512,16384,graph,28,0.05102
gdn,512,16384,graph,29,0.05083
gdn,512,16384,eager,0,0.68550
gdn,512,16384,eager,1,0.73382
gdn,512,16384,eager,2,0.68406
gdn,512,16384,eager,3,0.67306
gdn,512,16384,eager,4,0.71206
gdn,512,16384,eager,5,0.69901
gdn,512,16384,eager,6,0.68637
gdn,512,16384,eager,7,0.74230
gdn,512,16384,eager,8,0.69834
gdn,512,16384,eager,9,0.71117
gdn,512,16384,eager,10,0.70147
gdn,512,16384,eager,11,0.68845
gdn,512,16384,eager,12,0.67443
gdn,512,16384,eager,13,0.69747
gdn,512,16384,eager,14,0.68947
gdn,512,16384,eager,15,0.67648
gdn,512,16384,eager,16,0.74198
gdn,512,16384,eager,17,0.69219
gdn,512,16384,eager,18,0.67738
gdn,512,16384,eager,19,0.70093
gdn,512,16384,eager,20,0.68752
gdn,512,16384,eager,21,0.65875
gdn,512,16384,eager,22,0.65750
gdn,512,16384,eager,23,0.67648
gdn,512,16384,eager,24,0.67021
gdn,512,16384,eager,25,0.66384
gdn,512,16384,eager,26,0.68832
gdn,512,16384,eager,27,0.66922
gdn,512,16384,eager,28,0.65389
gdn,512,16384,eager,29,0.67910
gdn,1024,16384,graph,0,0.07034
gdn,1024,16384,graph,1,0.07008
gdn,1024,16384,graph,2,0.06981
gdn,1024,16384,graph,3,0.07021
gdn,1024,16384,graph,4,0.07003
gdn,1024,16384,graph,5,0.07021
gdn,1024,16384,graph,6,0.07002
gdn,1024,16384,graph,7,0.07045
gdn,1024,16384,graph,8,0.07028
gdn,1024,16384,graph,9,0.07018
gdn,1024,16384,graph,10,0.07019
gdn,1024,16384,graph,11,0.06983
gdn,1024,16384,graph,12,0.07035
gdn,1024,16384,graph,13,0.07039
gdn,1024,16384,graph,14,0.07010
gdn,1024,16384,graph,15,0.06993
gdn,1024,16384,graph,16,0.06988
gdn,1024,16384,graph,17,0.07054
gdn,1024,16384,graph,18,0.07036
gdn,1024,16384,graph,19,0.07032
gdn,1024,16384,graph,20,0.07006
gdn,1024,16384,graph,21,0.07013
gdn,1024,16384,graph,22,0.07045
gdn,1024,16384,graph,23,0.06998
gdn,1024,16384,graph,24,0.07025
gdn,1024,16384,graph,25,0.06993
gdn,1024,16384,graph,26,0.06978
gdn,1024,16384,graph,27,0.07018
gdn,1024,16384,graph,28,0.07028
gdn,1024,16384,graph,29,0.07048
gdn,1024,16384,eager,0,0.68688
gdn,1024,16384,eager,1,0.68118
gdn,1024,16384,eager,2,0.68448
gdn,1024,16384,eager,3,0.68698
gdn,1024,16384,eager,4,0.78157
gdn,1024,16384,eager,5,0.70179
gdn,1024,16384,eager,6,0.67536
gdn,1024,16384,eager,7,0.66403
gdn,1024,16384,eager,8,0.68384
gdn,1024,16384,eager,9,0.68589
gdn,1024,16384,eager,10,0.67914
gdn,1024,16384,eager,11,0.69766
gdn,1024,16384,eager,12,0.67139
gdn,1024,16384,eager,13,0.65229
gdn,1024,16384,eager,14,0.66493
gdn,1024,16384,eager,15,0.68147
gdn,1024,16384,eager,16,0.65661
gdn,1024,16384,eager,17,0.72646
gdn,1024,16384,eager,18,0.69917
gdn,1024,16384,eager,19,0.67338
gdn,1024,16384,eager,20,0.71987
gdn,1024,16384,eager,21,0.68675
gdn,1024,16384,eager,22,0.67158
gdn,1024,16384,eager,23,0.69594
gdn,1024,16384,eager,24,0.68032
gdn,1024,16384,eager,25,0.66960
gdn,1024,16384,eager,26,0.74438
gdn,1024,16384,eager,27,0.68566
gdn,1024,16384,eager,28,0.67133
gdn,1024,16384,eager,29,0.67677
gdn,2048,16384,graph,0,0.12668
gdn,2048,16384,graph,1,0.12607
gdn,2048,16384,graph,2,0.12696
gdn,2048,16384,graph,3,0.12572
gdn,2048,16384,graph,4,0.12561
gdn,2048,16384,graph,5,0.12642
gdn,2048,16384,graph,6,0.12609
gdn,2048,16384,graph,7,0.12678
gdn,2048,16384,graph,8,0.12654
gdn,2048,16384,graph,9,0.12657
gdn,2048,16384,graph,10,0.12593
gdn,2048,16384,graph,11,0.12566
gdn,2048,16384,graph,12,0.12646
gdn,2048,16384,graph,13,0.12575
gdn,2048,16384,graph,14,0.12628
gdn,2048,16384,graph,15,0.12626
gdn,2048,16384,graph,16,0.12587
gdn,2048,16384,graph,17,0.12560
gdn,2048,16384,graph,18,0.12594
gdn,2048,16384,graph,19,0.12659
gdn,2048,16384,graph,20,0.12623
gdn,2048,16384,graph,21,0.12620
gdn,2048,16384,graph,22,0.12706
gdn,2048,16384,graph,23,0.12730
gdn,2048,16384,graph,24,0.12549
gdn,2048,16384,graph,25,0.12565
gdn,2048,16384,graph,26,0.12569
gdn,2048,16384,graph,27,0.12674
gdn,2048,16384,graph,28,0.12646
gdn,2048,16384,graph,29,0.12660
gdn,2048,16384,eager,0,0.68070
gdn,2048,16384,eager,1,0.67043
gdn,2048,16384,eager,2,0.70646
gdn,2048,16384,eager,3,0.70787
gdn,2048,16384,eager,4,0.73379
gdn,2048,16384,eager,5,0.71040
gdn,2048,16384,eager,6,0.67539
gdn,2048,16384,eager,7,0.67226
gdn,2048,16384,eager,8,0.67786
gdn,2048,16384,eager,9,0.69117
gdn,2048,16384,eager,10,0.67939
gdn,2048,16384,eager,11,0.70198
gdn,2048,16384,eager,12,0.69549
gdn,2048,16384,eager,13,0.66726
gdn,2048,16384,eager,14,0.66330
gdn,2048,16384,eager,15,0.72336
gdn,2048,16384,eager,16,0.69107
gdn,2048,16384,eager,17,0.66909
gdn,2048,16384,eager,18,0.72931
gdn,2048,16384,eager,19,0.69664
gdn,2048,16384,eager,20,0.67590
gdn,2048,16384,eager,21,0.69866
gdn,2048,16384,eager,22,0.68912
gdn,2048,16384,eager,23,0.66179
gdn,2048,16384,eager,24,0.65040
gdn,2048,16384,eager,25,0.71603
gdn,2048,16384,eager,26,0.67462
gdn,2048,16384,eager,27,0.65808
gdn,2048,16384,eager,28,0.68691
gdn,2048,16384,eager,29,0.68381
gdn,4096,16384,graph,0,0.24607
gdn,4096,16384,graph,1,0.24556
gdn,4096,16384,graph,2,0.24751
gdn,4096,16384,graph,3,0.24479
gdn,4096,16384,graph,4,0.24714
gdn,4096,16384,graph,5,0.24650
gdn,4096,16384,graph,6,0.24552
gdn,4096,16384,graph,7,0.24554
gdn,4096,16384,graph,8,0.24620
gdn,4096,16384,graph,9,0.24641
gdn,4096,16384,graph,10,0.24562
gdn,4096,16384,graph,11,0.24514
gdn,4096,16384,graph,12,0.24447
gdn,4096,16384,graph,13,0.24795
gdn,4096,16384,graph,14,0.24565
gdn,4096,16384,graph,15,0.24635
gdn,4096,16384,graph,16,0.24662
gdn,4096,16384,graph,17,0.24733
gdn,4096,16384,graph,18,0.24538
gdn,4096,16384,graph,19,0.24420
gdn,4096,16384,graph,20,0.24641
gdn,4096,16384,graph,21,0.24429
gdn,4096,16384,graph,22,0.24761
gdn,4096,16384,graph,23,0.24478
gdn,4096,16384,graph,24,0.24621
gdn,4096,16384,graph,25,0.24491
gdn,4096,16384,graph,26,0.24664
gdn,4096,16384,graph,27,0.24632
gdn,4096,16384,graph,28,0.24597
gdn,4096,16384,graph,29,0.24524
gdn,4096,16384,eager,0,0.73722
gdn,4096,16384,eager,1,0.73222
gdn,4096,16384,eager,2,0.85043
gdn,4096,16384,eager,3,0.71616
gdn,4096,16384,eager,4,0.69827
gdn,4096,16384,eager,5,0.68685
gdn,4096,16384,eager,6,0.74694
gdn,4096,16384,eager,7,0.72342
gdn,4096,16384,eager,8,0.68614
gdn,4096,16384,eager,9,0.71494
gdn,4096,16384,eager,10,0.69344
gdn,4096,16384,eager,11,0.67670
gdn,4096,16384,eager,12,0.68323
gdn,4096,16384,eager,13,0.72243
gdn,4096,16384,eager,14,0.69382
gdn,4096,16384,eager,15,0.67491
gdn,4096,16384,eager,16,0.72797
gdn,4096,16384,eager,17,0.70653
gdn,4096,16384,eager,18,0.68765
gdn,4096,16384,eager,19,0.69469
gdn,4096,16384,eager,20,0.70262
gdn,4096,16384,eager,21,0.68646
gdn,4096,16384,eager,22,0.67594
gdn,4096,16384,eager,23,0.71562
gdn,4096,16384,eager,24,0.69584
gdn,4096,16384,eager,25,0.67994
gdn,4096,16384,eager,26,0.71363
gdn,4096,16384,eager,27,0.68285
gdn,4096,16384,eager,28,0.68064
gdn,4096,16384,eager,29,0.67354
gdn,8192,16384,graph,0,0.48324
gdn,8192,16384,graph,1,0.47878
gdn,8192,16384,graph,2,0.48308
gdn,8192,16384,graph,3,0.48326
gdn,8192,16384,graph,4,0.48017
gdn,8192,16384,graph,5,0.48603
gdn,8192,16384,graph,6,0.48020
gdn,8192,16384,graph,7,0.48501
gdn,8192,16384,graph,8,0.48247
gdn,8192,16384,graph,9,0.48298
gdn,8192,16384,graph,10,0.48692
gdn,8192,16384,graph,11,0.48555
gdn,8192,16384,graph,12,0.48868
gdn,8192,16384,graph,13,0.48778
gdn,8192,16384,graph,14,0.48232
gdn,8192,16384,graph,15,0.49782
gdn,8192,16384,graph,16,0.47832
gdn,8192,16384,graph,17,0.48104
gdn,8192,16384,graph,18,0.48196
gdn,8192,16384,graph,19,0.48654
gdn,8192,16384,graph,20,0.48638
gdn,8192,16384,graph,21,0.48268
gdn,8192,16384,graph,22,0.47785
gdn,8192,16384,graph,23,0.48166
gdn,8192,16384,graph,24,0.48558
gdn,8192,16384,graph,25,0.48805
gdn,8192,16384,graph,26,0.48907
gdn,8192,16384,graph,27,0.48148
gdn,8192,16384,graph,28,0.48933
gdn,8192,16384,graph,29,0.48641
gdn,8192,16384,eager,0,0.83664
gdn,8192,16384,eager,1,0.87168
gdn,8192,16384,eager,2,0.82864
gdn,8192,16384,eager,3,0.82474
gdn,8192,16384,eager,4,0.82758
gdn,8192,16384,eager,5,0.84413
gdn,8192,16384,eager,6,0.83091
gdn,8192,16384,eager,7,0.82512
gdn,8192,16384,eager,8,0.83309
gdn,8192,16384,eager,9,0.82992
gdn,8192,16384,eager,10,0.82835
gdn,8192,16384,eager,11,0.88438
gdn,8192,16384,eager,12,0.84339
gdn,8192,16384,eager,13,0.82384
gdn,8192,16384,eager,14,0.81664
gdn,8192,16384,eager,15,0.87523
gdn,8192,16384,eager,16,0.83270
gdn,8192,16384,eager,17,0.81981
gdn,8192,16384,eager,18,0.86634
gdn,8192,16384,eager,19,0.82768
gdn,8192,16384,eager,20,0.84675
gdn,8192,16384,eager,21,0.84506
gdn,8192,16384,eager,22,0.83632
gdn,8192,16384,eager,23,0.81792
gdn,8192,16384,eager,24,0.86336
gdn,8192,16384,eager,25,0.84096
gdn,8192,16384,eager,26,0.82394
gdn,8192,16384,eager,27,0.80957
gdn,8192,16384,eager,28,0.87725
gdn,8192,16384,eager,29,0.83389
gdn,64,32768,graph,0,0.03816
gdn,64,32768,graph,1,0.03810
gdn,64,32768,graph,2,0.03810
gdn,64,32768,graph,3,0.03805
gdn,64,32768,graph,4,0.03807
gdn,64,32768,graph,5,0.03804
gdn,64,32768,graph,6,0.03808
gdn,64,32768,graph,7,0.03815
gdn,64,32768,graph,8,0.03806
gdn,64,32768,graph,9,0.03799
gdn,64,32768,graph,10,0.04018
gdn,64,32768,graph,11,0.03814
gdn,64,32768,graph,12,0.03797
gdn,64,32768,graph,13,0.03791
gdn,64,32768,graph,14,0.03797
gdn,64,32768,graph,15,0.03815
gdn,64,32768,graph,16,0.03813
gdn,64,32768,graph,17,0.03815
gdn,64,32768,graph,18,0.03823
gdn,64,32768,graph,19,0.03804
gdn,64,32768,graph,20,0.03816
gdn,64,32768,graph,21,0.03801
gdn,64,32768,graph,22,0.03825
gdn,64,32768,graph,23,0.03816
gdn,64,32768,graph,24,0.03805
gdn,64,32768,graph,25,0.03796
gdn,64,32768,graph,26,0.04032
gdn,64,32768,graph,27,0.03802
gdn,64,32768,graph,28,0.03796
gdn,64,32768,graph,29,0.03806
gdn,64,32768,eager,0,0.68426
gdn,64,32768,eager,1,0.66326
gdn,64,32768,eager,2,0.68426
gdn,64,32768,eager,3,0.67178
gdn,64,32768,eager,4,0.66304
gdn,64,32768,eager,5,0.65552
gdn,64,32768,eager,6,0.70858
gdn,64,32768,eager,7,0.67933
gdn,64,32768,eager,8,0.66643
gdn,64,32768,eager,9,0.76886
gdn,64,32768,eager,10,0.70656
gdn,64,32768,eager,11,0.66451
gdn,64,32768,eager,12,0.66205
gdn,64,32768,eager,13,0.69818
gdn,64,32768,eager,14,0.67229
gdn,64,32768,eager,15,0.66227
gdn,64,32768,eager,16,0.72077
gdn,64,32768,eager,17,0.68365
gdn,64,32768,eager,18,0.66678
gdn,64,32768,eager,19,0.67507
gdn,64,32768,eager,20,0.70022
gdn,64,32768,eager,21,0.66669
gdn,64,32768,eager,22,0.66067
gdn,64,32768,eager,23,0.64912
gdn,64,32768,eager,24,0.72115
gdn,64,32768,eager,25,0.67392
gdn,64,32768,eager,26,0.66554
gdn,64,32768,eager,27,0.68531
gdn,64,32768,eager,28,0.67869
gdn,64,32768,eager,29,0.66448
gdn,65,32768,graph,0,0.03951
gdn,65,32768,graph,1,0.03945
gdn,65,32768,graph,2,0.03962
gdn,65,32768,graph,3,0.03922
gdn,65,32768,graph,4,0.03946
gdn,65,32768,graph,5,0.03945
gdn,65,32768,graph,6,0.03972
gdn,65,32768,graph,7,0.03943
gdn,65,32768,graph,8,0.03927
gdn,65,32768,graph,9,0.03959
gdn,65,32768,graph,10,0.03938
gdn,65,32768,graph,11,0.03941
gdn,65,32768,graph,12,0.03945
gdn,65,32768,graph,13,0.03952
gdn,65,32768,graph,14,0.03934
gdn,65,32768,graph,15,0.03938
gdn,65,32768,graph,16,0.03941
gdn,65,32768,graph,17,0.03950
gdn,65,32768,graph,18,0.03946
gdn,65,32768,graph,19,0.03947
gdn,65,32768,graph,20,0.03964
gdn,65,32768,graph,21,0.03925
gdn,65,32768,graph,22,0.03938
gdn,65,32768,graph,23,0.03944
gdn,65,32768,graph,24,0.03939
gdn,65,32768,graph,25,0.03951
gdn,65,32768,graph,26,0.03955
gdn,65,32768,graph,27,0.03954
gdn,65,32768,graph,28,0.03955
gdn,65,32768,graph,29,0.03945
gdn,65,32768,eager,0,0.73469
gdn,65,32768,eager,1,0.71574
gdn,65,32768,eager,2,0.73034
gdn,65,32768,eager,3,0.68778
gdn,65,32768,eager,4,0.66826
gdn,65,32768,eager,5,0.71232
gdn,65,32768,eager,6,0.67674
gdn,65,32768,eager,7,0.66608
gdn,65,32768,eager,8,0.67517
gdn,65,32768,eager,9,0.69088
gdn,65,32768,eager,10,0.66586
gdn,65,32768,eager,11,0.67686
gdn,65,32768,eager,12,0.68170
gdn,65,32768,eager,13,0.66762
gdn,65,32768,eager,14,0.71722
gdn,65,32768,eager,15,0.69181
gdn,65,32768,eager,16,0.66301
gdn,65,32768,eager,17,0.68246
gdn,65,32768,eager,18,0.67613
gdn,65,32768,eager,19,0.66886
gdn,65,32768,eager,20,0.66464
gdn,65,32768,eager,21,0.68298
gdn,65,32768,eager,22,0.67245
gdn,65,32768,eager,23,0.65741
gdn,65,32768,eager,24,0.72013
gdn,65,32768,eager,25,0.69002
gdn,65,32768,eager,26,0.66694
gdn,65,32768,eager,27,0.67014
gdn,65,32768,eager,28,0.68362
gdn,65,32768,eager,29,0.67117
gdn,128,32768,graph,0,0.04006
gdn,128,32768,graph,1,0.04024
gdn,128,32768,graph,2,0.04011
gdn,128,32768,graph,3,0.04008
gdn,128,32768,graph,4,0.04012
gdn,128,32768,graph,5,0.04008
gdn,128,32768,graph,6,0.04042
gdn,128,32768,graph,7,0.04006
gdn,128,32768,graph,8,0.03997
gdn,128,32768,graph,9,0.04018
gdn,128,32768,graph,10,0.04004
gdn,128,32768,graph,11,0.03998
gdn,128,32768,graph,12,0.03999
gdn,128,32768,graph,13,0.04003
gdn,128,32768,graph,14,0.03988
gdn,128,32768,graph,15,0.03980
gdn,128,32768,graph,16,0.03998
gdn,128,32768,graph,17,0.03994
gdn,128,32768,graph,18,0.04004
gdn,128,32768,graph,19,0.03990
gdn,128,32768,graph,20,0.04008
gdn,128,32768,graph,21,0.04012
gdn,128,32768,graph,22,0.04010
gdn,128,32768,graph,23,0.03998
gdn,128,32768,graph,24,0.04012
gdn,128,32768,graph,25,0.04014
gdn,128,32768,graph,26,0.04002
gdn,128,32768,graph,27,0.03997
gdn,128,32768,graph,28,0.04002
gdn,128,32768,graph,29,0.03996
gdn,128,32768,eager,0,0.74394
gdn,128,32768,eager,1,0.69280
gdn,128,32768,eager,2,0.68410
gdn,128,32768,eager,3,0.70899
gdn,128,32768,eager,4,0.68496
gdn,128,32768,eager,5,0.66253
gdn,128,32768,eager,6,0.67654
gdn,128,32768,eager,7,0.67347
gdn,128,32768,eager,8,0.66397
gdn,128,32768,eager,9,0.64950
gdn,128,32768,eager,10,0.70570
gdn,128,32768,eager,11,0.67574
gdn,128,32768,eager,12,0.65690
gdn,128,32768,eager,13,0.64019
gdn,128,32768,eager,14,0.70819
gdn,128,32768,eager,15,0.67811
gdn,128,32768,eager,16,0.65386
gdn,128,32768,eager,17,0.70058
gdn,128,32768,eager,18,0.68093
gdn,128,32768,eager,19,0.67750
gdn,128,32768,eager,20,0.70445
gdn,128,32768,eager,21,0.68010
gdn,128,32768,eager,22,0.65942
gdn,128,32768,eager,23,0.66442
gdn,128,32768,eager,24,0.67821
gdn,128,32768,eager,25,0.67165
gdn,128,32768,eager,26,0.66902
gdn,128,32768,eager,27,0.67510
gdn,128,32768,eager,28,0.66339
gdn,128,32768,eager,29,0.65277
gdn,129,32768,graph,0,0.04152
gdn,129,32768,graph,1,0.04144
gdn,129,32768,graph,2,0.04120
gdn,129,32768,graph,3,0.04136
gdn,129,32768,graph,4,0.04134
gdn,129,32768,graph,5,0.04126
gdn,129,32768,graph,6,0.04137
gdn,129,32768,graph,7,0.04145
gdn,129,32768,graph,8,0.04136
gdn,129,32768,graph,9,0.04130
gdn,129,32768,graph,10,0.04124
gdn,129,32768,graph,11,0.04133
gdn,129,32768,graph,12,0.04133
gdn,129,32768,graph,13,0.04117
gdn,129,32768,graph,14,0.04147
gdn,129,32768,graph,15,0.04149
gdn,129,32768,graph,16,0.04138
gdn,129,32768,graph,17,0.04129
gdn,129,32768,graph,18,0.04121
gdn,129,32768,graph,19,0.04133
gdn,129,32768,graph,20,0.04134
gdn,129,32768,graph,21,0.04139
gdn,129,32768,graph,22,0.04139
gdn,129,32768,graph,23,0.04123
gdn,129,32768,graph,24,0.04121
gdn,129,32768,graph,25,0.04130
gdn,129,32768,graph,26,0.04139
gdn,129,32768,graph,27,0.04132
gdn,129,32768,graph,28,0.04145
gdn,129,32768,graph,29,0.04148
gdn,129,32768,eager,0,0.71424
gdn,129,32768,eager,1,0.69635
gdn,129,32768,eager,2,0.67066
gdn,129,32768,eager,3,0.70598
gdn,129,32768,eager,4,0.69613
gdn,129,32768,eager,5,0.68109
gdn,129,32768,eager,6,0.66509
gdn,129,32768,eager,7,0.69760
gdn,129,32768,eager,8,0.68493
gdn,129,32768,eager,9,0.69008
gdn,129,32768,eager,10,0.72576
gdn,129,32768,eager,11,0.68518
gdn,129,32768,eager,12,0.67174
gdn,129,32768,eager,13,0.67002
gdn,129,32768,eager,14,0.70864
gdn,129,32768,eager,15,0.67654
gdn,129,32768,eager,16,0.69862
gdn,129,32768,eager,17,0.69027
gdn,129,32768,eager,18,0.67958
gdn,129,32768,eager,19,0.73981
gdn,129,32768,eager,20,0.70019
gdn,129,32768,eager,21,0.68166
gdn,129,32768,eager,22,0.73610
gdn,129,32768,eager,23,0.68755
gdn,129,32768,eager,24,0.68234
gdn,129,32768,eager,25,0.70525
gdn,129,32768,eager,26,0.68931
gdn,129,32768,eager,27,0.70202
gdn,129,32768,eager,28,0.70669
gdn,129,32768,eager,29,0.67606
gdn,256,32768,graph,0,0.04328
gdn,256,32768,graph,1,0.04323
gdn,256,32768,graph,2,0.04308
gdn,256,32768,graph,3,0.04326
gdn,256,32768,graph,4,0.04331
gdn,256,32768,graph,5,0.04331
gdn,256,32768,graph,6,0.04319
gdn,256,32768,graph,7,0.04314
gdn,256,32768,graph,8,0.04324
gdn,256,32768,graph,9,0.04317
gdn,256,32768,graph,10,0.04329
gdn,256,32768,graph,11,0.04328
gdn,256,32768,graph,12,0.04322
gdn,256,32768,graph,13,0.04309
gdn,256,32768,graph,14,0.04317
gdn,256,32768,graph,15,0.04321
gdn,256,32768,graph,16,0.04315
gdn,256,32768,graph,17,0.04336
gdn,256,32768,graph,18,0.04332
gdn,256,32768,graph,19,0.04320
gdn,256,32768,graph,20,0.04338
gdn,256,32768,graph,21,0.04332
gdn,256,32768,graph,22,0.04327
gdn,256,32768,graph,23,0.04325
gdn,256,32768,graph,24,0.04328
gdn,256,32768,graph,25,0.04321
gdn,256,32768,graph,26,0.04335
gdn,256,32768,graph,27,0.04319
gdn,256,32768,graph,28,0.04329
gdn,256,32768,graph,29,0.04334
gdn,256,32768,eager,0,0.76595
gdn,256,32768,eager,1,0.71440
gdn,256,32768,eager,2,0.70886
gdn,256,32768,eager,3,0.71440
gdn,256,32768,eager,4,0.68634
gdn,256,32768,eager,5,0.74390
gdn,256,32768,eager,6,0.68586
gdn,256,32768,eager,7,0.68448
gdn,256,32768,eager,8,0.67526
gdn,256,32768,eager,9,0.71542
gdn,256,32768,eager,10,0.68550
gdn,256,32768,eager,11,0.68669
gdn,256,32768,eager,12,0.72342
gdn,256,32768,eager,13,0.69222
gdn,256,32768,eager,14,0.66102
gdn,256,32768,eager,15,0.72842
gdn,256,32768,eager,16,0.69155
gdn,256,32768,eager,17,0.66803
gdn,256,32768,eager,18,0.66208
gdn,256,32768,eager,19,0.73274
gdn,256,32768,eager,20,0.68579
gdn,256,32768,eager,21,0.67011
gdn,256,32768,eager,22,0.70656
gdn,256,32768,eager,23,0.67808
gdn,256,32768,eager,24,0.65814
gdn,256,32768,eager,25,0.69450
gdn,256,32768,eager,26,0.69104
gdn,256,32768,eager,27,0.66582
gdn,256,32768,eager,28,0.65130
gdn,256,32768,eager,29,0.71043
gdn,512,32768,graph,0,0.05052
gdn,512,32768,graph,1,0.05060
gdn,512,32768,graph,2,0.05051
gdn,512,32768,graph,3,0.05049
gdn,512,32768,graph,4,0.05058
gdn,512,32768,graph,5,0.05044
gdn,512,32768,graph,6,0.05037
gdn,512,32768,graph,7,0.05037
gdn,512,32768,graph,8,0.05050
gdn,512,32768,graph,9,0.05053
gdn,512,32768,graph,10,0.05049
gdn,512,32768,graph,11,0.05065
gdn,512,32768,graph,12,0.05052
gdn,512,32768,graph,13,0.05030
gdn,512,32768,graph,14,0.05066
gdn,512,32768,graph,15,0.05090
gdn,512,32768,graph,16,0.05090
gdn,512,32768,graph,17,0.05081
gdn,512,32768,graph,18,0.05081
gdn,512,32768,graph,19,0.05072
gdn,512,32768,graph,20,0.05076
gdn,512,32768,graph,21,0.05106
gdn,512,32768,graph,22,0.05079
gdn,512,32768,graph,23,0.05077
gdn,512,32768,graph,24,0.05098
gdn,512,32768,graph,25,0.05073
gdn,512,32768,graph,26,0.05078
gdn,512,32768,graph,27,0.05077
gdn,512,32768,graph,28,0.05087
gdn,512,32768,graph,29,0.05096
gdn,512,32768,eager,0,0.69904
gdn,512,32768,eager,1,0.74720
gdn,512,32768,eager,2,0.70992
gdn,512,32768,eager,3,0.69600
gdn,512,32768,eager,4,0.68960
gdn,512,32768,eager,5,0.72355
gdn,512,32768,eager,6,0.68931
gdn,512,32768,eager,7,0.77539
gdn,512,32768,eager,8,0.72096
gdn,512,32768,eager,9,0.68618
gdn,512,32768,eager,10,0.66979
gdn,512,32768,eager,11,0.73024
gdn,512,32768,eager,12,0.71600
gdn,512,32768,eager,13,0.68189
gdn,512,32768,eager,14,0.67443
gdn,512,32768,eager,15,0.72694
gdn,512,32768,eager,16,0.69558
gdn,512,32768,eager,17,0.67466
gdn,512,32768,eager,18,0.67741
gdn,512,32768,eager,19,0.69507
gdn,512,32768,eager,20,0.68534
gdn,512,32768,eager,21,0.72704
gdn,512,32768,eager,22,0.69968
gdn,512,32768,eager,23,0.68618
gdn,512,32768,eager,24,0.67930
gdn,512,32768,eager,25,0.72998
gdn,512,32768,eager,26,0.69242
gdn,512,32768,eager,27,0.67856
gdn,512,32768,eager,28,0.69619
gdn,512,32768,eager,29,0.68419
gdn,1024,32768,graph,0,0.07058
gdn,1024,32768,graph,1,0.07067
gdn,1024,32768,graph,2,0.07018
gdn,1024,32768,graph,3,0.07052
gdn,1024,32768,graph,4,0.07002
gdn,1024,32768,graph,5,0.07014
gdn,1024,32768,graph,6,0.07016
gdn,1024,32768,graph,7,0.07009
gdn,1024,32768,graph,8,0.07026
gdn,1024,32768,graph,9,0.07023
gdn,1024,32768,graph,10,0.07053
gdn,1024,32768,graph,11,0.06999
gdn,1024,32768,graph,12,0.07012
gdn,1024,32768,graph,13,0.07013
gdn,1024,32768,graph,14,0.07007
gdn,1024,32768,graph,15,0.07065
gdn,1024,32768,graph,16,0.07028
gdn,1024,32768,graph,17,0.07056
gdn,1024,32768,graph,18,0.07012
gdn,1024,32768,graph,19,0.07023
gdn,1024,32768,graph,20,0.07063
gdn,1024,32768,graph,21,0.07061
gdn,1024,32768,graph,22,0.07036
gdn,1024,32768,graph,23,0.07033
gdn,1024,32768,graph,24,0.07022
gdn,1024,32768,graph,25,0.07021
gdn,1024,32768,graph,26,0.07018
gdn,1024,32768,graph,27,0.07093
gdn,1024,32768,graph,28,0.07035
gdn,1024,32768,graph,29,0.07064
gdn,1024,32768,eager,0,0.69923
gdn,1024,32768,eager,1,0.77715
gdn,1024,32768,eager,2,0.71414
gdn,1024,32768,eager,3,0.75578
gdn,1024,32768,eager,4,0.71034
gdn,1024,32768,eager,5,0.68499
gdn,1024,32768,eager,6,0.72982
gdn,1024,32768,eager,7,0.69891
gdn,1024,32768,eager,8,0.67280
gdn,1024,32768,eager,9,0.66931
gdn,1024,32768,eager,10,0.81370
gdn,1024,32768,eager,11,0.70496
gdn,1024,32768,eager,12,0.69981
gdn,1024,32768,eager,13,0.71818
gdn,1024,32768,eager,14,0.69194
gdn,1024,32768,eager,15,0.67053
gdn,1024,32768,eager,16,0.73446
gdn,1024,32768,eager,17,0.70390
gdn,1024,32768,eager,18,0.67677
gdn,1024,32768,eager,19,0.67149
gdn,1024,32768,eager,20,0.72115
gdn,1024,32768,eager,21,0.69254
gdn,1024,32768,eager,22,0.68474
gdn,1024,32768,eager,23,0.70832
gdn,1024,32768,eager,24,0.68509
gdn,1024,32768,eager,25,0.67498
gdn,1024,32768,eager,26,0.69776
gdn,1024,32768,eager,27,0.68570
gdn,1024,32768,eager,28,0.67456
gdn,1024,32768,eager,29,0.66950
gdn,2048,32768,graph,0,0.12680
gdn,2048,32768,graph,1,0.12702
gdn,2048,32768,graph,2,0.12590
gdn,2048,32768,graph,3,0.12670
gdn,2048,32768,graph,4,0.12608
gdn,2048,32768,graph,5,0.12700
gdn,2048,32768,graph,6,0.12695
gdn,2048,32768,graph,7,0.12636
gdn,2048,32768,graph,8,0.12593
gdn,2048,32768,graph,9,0.12683
gdn,2048,32768,graph,10,0.12647
gdn,2048,32768,graph,11,0.12644
gdn,2048,32768,graph,12,0.12592
gdn,2048,32768,graph,13,0.12723
gdn,2048,32768,graph,14,0.12642
gdn,2048,32768,graph,15,0.12640
gdn,2048,32768,graph,16,0.12663
gdn,2048,32768,graph,17,0.12604
gdn,2048,32768,graph,18,0.12626
gdn,2048,32768,graph,19,0.12656
gdn,2048,32768,graph,20,0.12631
gdn,2048,32768,graph,21,0.12782
gdn,2048,32768,graph,22,0.12688
gdn,2048,32768,graph,23,0.12637
gdn,2048,32768,graph,24,0.12629
gdn,2048,32768,graph,25,0.12633
gdn,2048,32768,graph,26,0.12691
gdn,2048,32768,graph,27,0.12595
gdn,2048,32768,graph,28,0.12639
gdn,2048,32768,graph,29,0.12664
gdn,2048,32768,eager,0,0.71920
gdn,2048,32768,eager,1,0.70109
gdn,2048,32768,eager,2,0.73875
gdn,2048,32768,eager,3,0.70992
gdn,2048,32768,eager,4,0.68138
gdn,2048,32768,eager,5,0.74419
gdn,2048,32768,eager,6,0.70256
gdn,2048,32768,eager,7,0.67098
gdn,2048,32768,eager,8,0.69866
gdn,2048,32768,eager,9,0.70541
gdn,2048,32768,eager,10,0.67037
gdn,2048,32768,eager,11,0.67194
gdn,2048,32768,eager,12,0.65936
gdn,2048,32768,eager,13,0.72931
gdn,2048,32768,eager,14,0.68966
gdn,2048,32768,eager,15,0.67059
gdn,2048,32768,eager,16,0.72659
gdn,2048,32768,eager,17,0.68810
gdn,2048,32768,eager,18,0.67459
gdn,2048,32768,eager,19,0.70278
gdn,2048,32768,eager,20,0.69942
gdn,2048,32768,eager,21,0.66144
gdn,2048,32768,eager,22,0.68275
gdn,2048,32768,eager,23,0.69594
gdn,2048,32768,eager,24,0.66714
gdn,2048,32768,eager,25,0.66586
gdn,2048,32768,eager,26,0.72230
gdn,2048,32768,eager,27,0.69078
gdn,2048,32768,eager,28,0.66589
gdn,2048,32768,eager,29,0.74038
gdn,4096,32768,graph,0,0.24694
gdn,4096,32768,graph,1,0.24398
gdn,4096,32768,graph,2,0.24864
gdn,4096,32768,graph,3,0.24761
gdn,4096,32768,graph,4,0.24729
gdn,4096,32768,graph,5,0.24540
gdn,4096,32768,graph,6,0.24522
gdn,4096,32768,graph,7,0.24465
gdn,4096,32768,graph,8,0.24636
gdn,4096,32768,graph,9,0.24576
gdn,4096,32768,graph,10,0.24731
gdn,4096,32768,graph,11,0.24761
gdn,4096,32768,graph,12,0.24707
gdn,4096,32768,graph,13,0.24490
gdn,4096,32768,graph,14,0.24517
gdn,4096,32768,graph,15,0.24478
gdn,4096,32768,graph,16,0.24632
gdn,4096,32768,graph,17,0.24611
gdn,4096,32768,graph,18,0.24873
gdn,4096,32768,graph,19,0.24688
gdn,4096,32768,graph,20,0.24571
gdn,4096,32768,graph,21,0.24700
gdn,4096,32768,graph,22,0.24606
gdn,4096,32768,graph,23,0.24645
gdn,4096,32768,graph,24,0.24656
gdn,4096,32768,graph,25,0.24686
gdn,4096,32768,graph,26,0.24684
gdn,4096,32768,graph,27,0.24669
gdn,4096,32768,graph,28,0.24537
gdn,4096,32768,graph,29,0.24580
gdn,4096,32768,eager,0,0.78758
gdn,4096,32768,eager,1,0.76579
gdn,4096,32768,eager,2,0.71773
gdn,4096,32768,eager,3,0.74173
gdn,4096,32768,eager,4,0.71203
gdn,4096,32768,eager,5,0.70061
gdn,4096,32768,eager,6,0.74278
gdn,4096,32768,eager,7,0.70147
gdn,4096,32768,eager,8,0.69296
gdn,4096,32768,eager,9,0.72704
gdn,4096,32768,eager,10,0.70429
gdn,4096,32768,eager,11,0.68704
gdn,4096,32768,eager,12,0.68723
gdn,4096,32768,eager,13,0.71350
gdn,4096,32768,eager,14,0.69744
gdn,4096,32768,eager,15,0.67533
gdn,4096,32768,eager,16,0.70592
gdn,4096,32768,eager,17,0.70307
gdn,4096,32768,eager,18,0.70131
gdn,4096,32768,eager,19,0.74845
gdn,4096,32768,eager,20,0.71523
gdn,4096,32768,eager,21,0.69107
gdn,4096,32768,eager,22,0.74138
gdn,4096,32768,eager,23,0.69974
gdn,4096,32768,eager,24,0.70336
gdn,4096,32768,eager,25,0.69699
gdn,4096,32768,eager,26,0.73168
gdn,4096,32768,eager,27,0.70115
gdn,4096,32768,eager,28,0.69456
gdn,4096,32768,eager,29,0.68173
gdn,8192,32768,graph,0,0.47940
gdn,8192,32768,graph,1,0.48166
gdn,8192,32768,graph,2,0.48333
gdn,8192,32768,graph,3,0.47993
gdn,8192,32768,graph,4,0.47719
gdn,8192,32768,graph,5,0.48169
gdn,8192,32768,graph,6,0.48005
gdn,8192,32768,graph,7,0.48603
gdn,8192,32768,graph,8,0.48306
gdn,8192,32768,graph,9,0.48016
gdn,8192,32768,graph,10,0.47907
gdn,8192,32768,graph,11,0.48462
gdn,8192,32768,graph,12,0.48348
gdn,8192,32768,graph,13,0.48098
gdn,8192,32768,graph,14,0.47774
gdn,8192,32768,graph,15,0.48735
gdn,8192,32768,graph,16,0.48620
gdn,8192,32768,graph,17,0.48495
gdn,8192,32768,graph,18,0.48065
gdn,8192,32768,graph,19,0.47854
gdn,8192,32768,graph,20,0.48230
gdn,8192,32768,graph,21,0.48213
gdn,8192,32768,graph,22,0.48759
gdn,8192,32768,graph,23,0.48534
gdn,8192,32768,graph,24,0.48923
gdn,8192,32768,graph,25,0.48393
gdn,8192,32768,graph,26,0.48822
gdn,8192,32768,graph,27,0.48235
gdn,8192,32768,graph,28,0.48751
gdn,8192,32768,graph,29,0.47971
gdn,8192,32768,eager,0,0.87379
gdn,8192,32768,eager,1,0.89709
gdn,8192,32768,eager,2,0.85312
gdn,8192,32768,eager,3,0.83978
gdn,8192,32768,eager,4,0.88362
gdn,8192,32768,eager,5,0.83725
gdn,8192,32768,eager,6,0.83174
gdn,8192,32768,eager,7,0.89786
gdn,8192,32768,eager,8,0.84944
gdn,8192,32768,eager,9,0.85667
gdn,8192,32768,eager,10,0.88170
gdn,8192,32768,eager,11,0.84742
gdn,8192,32768,eager,12,0.84406
gdn,8192,32768,eager,13,0.83712
gdn,8192,32768,eager,14,0.86454
gdn,8192,32768,eager,15,0.84221
gdn,8192,32768,eager,16,0.81818
gdn,8192,32768,eager,17,0.85770
gdn,8192,32768,eager,18,0.85328
gdn,8192,32768,eager,19,0.84387
gdn,8192,32768,eager,20,0.83325
gdn,8192,32768,eager,21,0.87328
gdn,8192,32768,eager,22,0.84042
gdn,8192,32768,eager,23,0.82243
gdn,8192,32768,eager,24,0.89696
gdn,8192,32768,eager,25,0.84762
gdn,8192,32768,eager,26,0.84736
gdn,8192,32768,eager,27,0.86822
gdn,8192,32768,eager,28,0.85670
gdn,8192,32768,eager,29,0.84579
gdn,64,65536,graph,0,0.03812
gdn,64,65536,graph,1,0.03829
gdn,64,65536,graph,2,0.03817
gdn,64,65536,graph,3,0.03823
gdn,64,65536,graph,4,0.03823
gdn,64,65536,graph,5,0.03833
gdn,64,65536,graph,6,0.03828
gdn,64,65536,graph,7,0.03830
gdn,64,65536,graph,8,0.03809
gdn,64,65536,graph,9,0.03833
gdn,64,65536,graph,10,0.03825
gdn,64,65536,graph,11,0.03825
gdn,64,65536,graph,12,0.03817
gdn,64,65536,graph,13,0.03819
gdn,64,65536,graph,14,0.03827
gdn,64,65536,graph,15,0.03810
gdn,64,65536,graph,16,0.03811
gdn,64,65536,graph,17,0.03822
gdn,64,65536,graph,18,0.03832
gdn,64,65536,graph,19,0.03829
gdn,64,65536,graph,20,0.03810
gdn,64,65536,graph,21,0.03829
gdn,64,65536,graph,22,0.03824
gdn,64,65536,graph,23,0.03823
gdn,64,65536,graph,24,0.03806
gdn,64,65536,graph,25,0.03808
gdn,64,65536,graph,26,0.03828
gdn,64,65536,graph,27,0.03816
gdn,64,65536,graph,28,0.03824
gdn,64,65536,graph,29,0.03818
gdn,64,65536,eager,0,0.67293
gdn,64,65536,eager,1,0.66902
gdn,64,65536,eager,2,0.73600
gdn,64,65536,eager,3,0.68934
gdn,64,65536,eager,4,0.68138
gdn,64,65536,eager,5,0.72211
gdn,64,65536,eager,6,0.67520
gdn,64,65536,eager,7,0.66416
gdn,64,65536,eager,8,0.69405
gdn,64,65536,eager,9,0.68944
gdn,64,65536,eager,10,0.66608
gdn,64,65536,eager,11,0.66618
gdn,64,65536,eager,12,0.66458
gdn,64,65536,eager,13,0.68493
gdn,64,65536,eager,14,0.70307
gdn,64,65536,eager,15,0.69741
gdn,64,65536,eager,16,0.66608
gdn,64,65536,eager,17,0.65366
gdn,64,65536,eager,18,0.72413
gdn,64,65536,eager,19,0.68208
gdn,64,65536,eager,20,0.67750
gdn,64,65536,eager,21,0.71846
gdn,64,65536,eager,22,0.68624
gdn,64,65536,eager,23,0.67133
gdn,64,65536,eager,24,0.66294
gdn,64,65536,eager,25,0.69859
gdn,64,65536,eager,26,0.67222
gdn,64,65536,eager,27,0.71072
gdn,64,65536,eager,28,0.68106
gdn,64,65536,eager,29,0.67408
gdn,65,65536,graph,0,0.03948
gdn,65,65536,graph,1,0.03938
gdn,65,65536,graph,2,0.03924
gdn,65,65536,graph,3,0.03935
gdn,65,65536,graph,4,0.03945
gdn,65,65536,graph,5,0.03945
gdn,65,65536,graph,6,0.03937
gdn,65,65536,graph,7,0.03927
gdn,65,65536,graph,8,0.03943
gdn,65,65536,graph,9,0.03935
gdn,65,65536,graph,10,0.03949
gdn,65,65536,graph,11,0.03932
gdn,65,65536,graph,12,0.03923
gdn,65,65536,graph,13,0.03927
gdn,65,65536,graph,14,0.03945
gdn,65,65536,graph,15,0.03929
gdn,65,65536,graph,16,0.03947
gdn,65,65536,graph,17,0.03936
gdn,65,65536,graph,18,0.03936
gdn,65,65536,graph,19,0.03939
gdn,65,65536,graph,20,0.03935
gdn,65,65536,graph,21,0.03932
gdn,65,65536,graph,22,0.03938
gdn,65,65536,graph,23,0.03942
gdn,65,65536,graph,24,0.03951
gdn,65,65536,graph,25,0.03937
gdn,65,65536,graph,26,0.03941
gdn,65,65536,graph,27,0.03950
gdn,65,65536,graph,28,0.03948
gdn,65,65536,graph,29,0.03942
gdn,65,65536,eager,0,0.76477
gdn,65,65536,eager,1,0.70173
gdn,65,65536,eager,2,0.68666
gdn,65,65536,eager,3,0.68490
gdn,65,65536,eager,4,0.79194
gdn,65,65536,eager,5,0.70355
gdn,65,65536,eager,6,0.67181
gdn,65,65536,eager,7,0.71955
gdn,65,65536,eager,8,0.68819
gdn,65,65536,eager,9,0.66826
gdn,65,65536,eager,10,0.72224
gdn,65,65536,eager,11,0.69238
gdn,65,65536,eager,12,0.66829
gdn,65,65536,eager,13,0.65693
gdn,65,65536,eager,14,0.71024
gdn,65,65536,eager,15,0.67853
gdn,65,65536,eager,16,0.66144
gdn,65,65536,eager,17,0.68874
gdn,65,65536,eager,18,0.69158
gdn,65,65536,eager,19,0.67638
gdn,65,65536,eager,20,0.66064
gdn,65,65536,eager,21,0.70870
gdn,65,65536,eager,22,0.69155
gdn,65,65536,eager,23,0.67056
gdn,65,65536,eager,24,0.66006
gdn,65,65536,eager,25,0.72554
gdn,65,65536,eager,26,0.68973
gdn,65,65536,eager,27,0.66394
gdn,65,65536,eager,28,0.68166
gdn,65,65536,eager,29,0.68480
gdn,128,65536,graph,0,0.04018
gdn,128,65536,graph,1,0.04011
gdn,128,65536,graph,2,0.04033
gdn,128,65536,graph,3,0.04022
gdn,128,65536,graph,4,0.04022
gdn,128,65536,graph,5,0.04020
gdn,128,65536,graph,6,0.04036
gdn,128,65536,graph,7,0.04022
gdn,128,65536,graph,8,0.04005
gdn,128,65536,graph,9,0.04035
gdn,128,65536,graph,10,0.04022
gdn,128,65536,graph,11,0.04035
gdn,128,65536,graph,12,0.04031
gdn,128,65536,graph,13,0.04014
gdn,128,65536,graph,14,0.04027
gdn,128,65536,graph,15,0.04040
gdn,128,65536,graph,16,0.04023
gdn,128,65536,graph,17,0.04021
gdn,128,65536,graph,18,0.04042
gdn,128,65536,graph,19,0.04026
gdn,128,65536,graph,20,0.04017
gdn,128,65536,graph,21,0.04017
gdn,128,65536,graph,22,0.04017
gdn,128,65536,graph,23,0.04040
gdn,128,65536,graph,24,0.04017
gdn,128,65536,graph,25,0.04018
gdn,128,65536,graph,26,0.04014
gdn,128,65536,graph,27,0.04009
gdn,128,65536,graph,28,0.04016
gdn,128,65536,graph,29,0.04024
gdn,128,65536,eager,0,0.75706
gdn,128,65536,eager,1,0.71456
gdn,128,65536,eager,2,0.68541
gdn,128,65536,eager,3,0.70938
gdn,128,65536,eager,4,0.70349
gdn,128,65536,eager,5,0.68861
gdn,128,65536,eager,6,0.66170
gdn,128,65536,eager,7,0.70358
gdn,128,65536,eager,8,0.69235
gdn,128,65536,eager,9,0.68115
gdn,128,65536,eager,10,0.68374
gdn,128,65536,eager,11,0.69699
gdn,128,65536,eager,12,0.67600
gdn,128,65536,eager,13,0.74858
gdn,128,65536,eager,14,0.69315
gdn,128,65536,eager,15,0.68256
gdn,128,65536,eager,16,0.67002
gdn,128,65536,eager,17,0.74413
gdn,128,65536,eager,18,0.69213
gdn,128,65536,eager,19,0.66720
gdn,128,65536,eager,20,0.73581
gdn,128,65536,eager,21,0.69213
gdn,128,65536,eager,22,0.67606
gdn,128,65536,eager,23,0.67267
gdn,128,65536,eager,24,0.69229
gdn,128,65536,eager,25,0.68547
gdn,128,65536,eager,26,0.72992
gdn,128,65536,eager,27,0.69901
gdn,128,65536,eager,28,0.67802
gdn,128,65536,eager,29,0.65885
gdn,129,65536,graph,0,0.04110
gdn,129,65536,graph,1,0.04125
gdn,129,65536,graph,2,0.04104
gdn,129,65536,graph,3,0.04124
gdn,129,65536,graph,4,0.04121
gdn,129,65536,graph,5,0.04131
gdn,129,65536,graph,6,0.04117
gdn,129,65536,graph,7,0.04105
gdn,129,65536,graph,8,0.04130
gdn,129,65536,graph,9,0.04130
gdn,129,65536,graph,10,0.04121
gdn,129,65536,graph,11,0.04110
gdn,129,65536,graph,12,0.04117
gdn,129,65536,graph,13,0.04126
gdn,129,65536,graph,14,0.04116
gdn,129,65536,graph,15,0.04123
gdn,129,65536,graph,16,0.04126
gdn,129,65536,graph,17,0.04128
gdn,129,65536,graph,18,0.04132
gdn,129,65536,graph,19,0.04131
gdn,129,65536,graph,20,0.04111
gdn,129,65536,graph,21,0.04110
gdn,129,65536,graph,22,0.04131
gdn,129,65536,graph,23,0.04123
gdn,129,65536,graph,24,0.04117
gdn,129,65536,graph,25,0.04119
gdn,129,65536,graph,26,0.04343
gdn,129,65536,graph,27,0.04118
gdn,129,65536,graph,28,0.04114
gdn,129,65536,graph,29,0.04125
gdn,129,65536,eager,0,0.68493
gdn,129,65536,eager,1,0.66266
gdn,129,65536,eager,2,0.73715
gdn,129,65536,eager,3,0.70214
gdn,129,65536,eager,4,0.66061
gdn,129,65536,eager,5,0.71187
gdn,129,65536,eager,6,0.68365
gdn,129,65536,eager,7,0.67398
gdn,129,65536,eager,8,0.64995
gdn,129,65536,eager,9,0.78275
gdn,129,65536,eager,10,0.71219
gdn,129,65536,eager,11,0.69395
gdn,129,65536,eager,12,0.66368
gdn,129,65536,eager,13,0.72624
gdn,129,65536,eager,14,0.69037
gdn,129,65536,eager,15,0.66570
gdn,129,65536,eager,16,0.69741
gdn,129,65536,eager,17,0.67805
gdn,129,65536,eager,18,0.66518
gdn,129,65536,eager,19,0.64637
gdn,129,65536,eager,20,0.69821
gdn,129,65536,eager,21,0.67888
gdn,129,65536,eager,22,0.69338
gdn,129,65536,eager,23,0.67971
gdn,129,65536,eager,24,0.66922
gdn,129,65536,eager,25,0.65706
gdn,129,65536,eager,26,0.68390
gdn,129,65536,eager,27,0.68010
gdn,129,65536,eager,28,0.67261
gdn,129,65536,eager,29,0.72134
gdn,256,65536,graph,0,0.04314
gdn,256,65536,graph,1,0.04329
gdn,256,65536,graph,2,0.04307
gdn,256,65536,graph,3,0.04309
gdn,256,65536,graph,4,0.04313
gdn,256,65536,graph,5,0.04332
gdn,256,65536,graph,6,0.04307
gdn,256,65536,graph,7,0.04318
gdn,256,65536,graph,8,0.04316
gdn,256,65536,graph,9,0.04321
gdn,256,65536,graph,10,0.04315
gdn,256,65536,graph,11,0.04325
gdn,256,65536,graph,12,0.04325
gdn,256,65536,graph,13,0.04317
gdn,256,65536,graph,14,0.04311
gdn,256,65536,graph,15,0.04340
gdn,256,65536,graph,16,0.04316
gdn,256,65536,graph,17,0.04314
gdn,256,65536,graph,18,0.04312
gdn,256,65536,graph,19,0.04306
gdn,256,65536,graph,20,0.04323
gdn,256,65536,graph,21,0.04315
gdn,256,65536,graph,22,0.04331
gdn,256,65536,graph,23,0.04317
gdn,256,65536,graph,24,0.04311
gdn,256,65536,graph,25,0.04331
gdn,256,65536,graph,26,0.04308
gdn,256,65536,graph,27,0.04312
gdn,256,65536,graph,28,0.04315
gdn,256,65536,graph,29,0.04316
gdn,256,65536,eager,0,0.67130
gdn,256,65536,eager,1,0.65882
gdn,256,65536,eager,2,0.72736
gdn,256,65536,eager,3,0.69088
gdn,256,65536,eager,4,0.73754
gdn,256,65536,eager,5,0.76832
gdn,256,65536,eager,6,0.67507
gdn,256,65536,eager,7,0.67395
gdn,256,65536,eager,8,0.69482
gdn,256,65536,eager,9,0.71955
gdn,256,65536,eager,10,0.66403
gdn,256,65536,eager,11,0.66541
gdn,256,65536,eager,12,0.69834
gdn,256,65536,eager,13,0.67424
gdn,256,65536,eager,14,0.65664
gdn,256,65536,eager,15,0.67613
gdn,256,65536,eager,16,0.68077
gdn,256,65536,eager,17,0.67238
gdn,256,65536,eager,18,0.65280
gdn,256,65536,eager,19,0.68160
gdn,256,65536,eager,20,0.69987
gdn,256,65536,eager,21,0.69590
gdn,256,65536,eager,22,0.66477
gdn,256,65536,eager,23,0.73021
gdn,256,65536,eager,24,0.69302
gdn,256,65536,eager,25,0.67654
gdn,256,65536,eager,26,0.69088
gdn,256,65536,eager,27,0.68896
gdn,256,65536,eager,28,0.67683
gdn,256,65536,eager,29,0.65661
gdn,512,65536,graph,0,0.05094
gdn,512,65536,graph,1,0.05067
gdn,512,65536,graph,2,0.05045
gdn,512,65536,graph,3,0.05043
gdn,512,65536,graph,4,0.05048
gdn,512,65536,graph,5,0.05059
gdn,512,65536,graph,6,0.05117
gdn,512,65536,graph,7,0.05063
gdn,512,65536,graph,8,0.05067
gdn,512,65536,graph,9,0.05056
gdn,512,65536,graph,10,0.05043
gdn,512,65536,graph,11,0.05054
gdn,512,65536,graph,12,0.05058
gdn,512,65536,graph,13,0.05031
gdn,512,65536,graph,14,0.05057
gdn,512,65536,graph,15,0.05037
gdn,512,65536,graph,16,0.05036
gdn,512,65536,graph,17,0.05063
gdn,512,65536,graph,18,0.05039
gdn,512,65536,graph,19,0.05054
gdn,512,65536,graph,20,0.05055
gdn,512,65536,graph,21,0.05046
gdn,512,65536,graph,22,0.05039
gdn,512,65536,graph,23,0.05045
gdn,512,65536,graph,24,0.05072
gdn,512,65536,graph,25,0.05051
gdn,512,65536,graph,26,0.05066
gdn,512,65536,graph,27,0.05199
gdn,512,65536,graph,28,0.05080
gdn,512,65536,graph,29,0.05081
gdn,512,65536,eager,0,0.71789
gdn,512,65536,eager,1,0.69306
gdn,512,65536,eager,2,0.69437
gdn,512,65536,eager,3,0.69005
gdn,512,65536,eager,4,0.67462
gdn,512,65536,eager,5,0.66595
gdn,512,65536,eager,6,0.72918
gdn,512,65536,eager,7,0.69130
gdn,512,65536,eager,8,0.69498
gdn,512,65536,eager,9,0.69136
gdn,512,65536,eager,10,0.67789
gdn,512,65536,eager,11,0.73430
gdn,512,65536,eager,12,0.70314
gdn,512,65536,eager,13,0.68230
gdn,512,65536,eager,14,0.68352
gdn,512,65536,eager,15,0.70371
gdn,512,65536,eager,16,0.68218
gdn,512,65536,eager,17,0.67085
gdn,512,65536,eager,18,0.71408
gdn,512,65536,eager,19,0.68333
gdn,512,65536,eager,20,0.66589
gdn,512,65536,eager,21,0.70736
gdn,512,65536,eager,22,0.67392
gdn,512,65536,eager,23,0.66848
gdn,512,65536,eager,24,0.72822
gdn,512,65536,eager,25,0.68579
gdn,512,65536,eager,26,0.67446
gdn,512,65536,eager,27,0.73398
gdn,512,65536,eager,28,0.69037
gdn,512,65536,eager,29,0.66371
gdn,1024,65536,graph,0,0.07023
gdn,1024,65536,graph,1,0.07051
gdn,1024,65536,graph,2,0.07035
gdn,1024,65536,graph,3,0.07032
gdn,1024,65536,graph,4,0.07070
gdn,1024,65536,graph,5,0.07016
gdn,1024,65536,graph,6,0.07027
gdn,1024,65536,graph,7,0.07017
gdn,1024,65536,graph,8,0.07023
gdn,1024,65536,graph,9,0.07010
gdn,1024,65536,graph,10,0.07021
gdn,1024,65536,graph,11,0.07012
gdn,1024,65536,graph,12,0.07047
gdn,1024,65536,graph,13,0.07025
gdn,1024,65536,graph,14,0.07021
gdn,1024,65536,graph,15,0.07019
gdn,1024,65536,graph,16,0.06998
gdn,1024,65536,graph,17,0.07017
gdn,1024,65536,graph,18,0.07025
gdn,1024,65536,graph,19,0.07044
gdn,1024,65536,graph,20,0.07010
gdn,1024,65536,graph,21,0.07013
gdn,1024,65536,graph,22,0.07033
gdn,1024,65536,graph,23,0.07048
gdn,1024,65536,graph,24,0.07021
gdn,1024,65536,graph,25,0.07040
gdn,1024,65536,graph,26,0.07002
gdn,1024,65536,graph,27,0.07049
gdn,1024,65536,graph,28,0.07027
gdn,1024,65536,graph,29,0.07013
gdn,1024,65536,eager,0,0.78928
gdn,1024,65536,eager,1,0.72186
gdn,1024,65536,eager,2,0.70515
gdn,1024,65536,eager,3,0.76790
gdn,1024,65536,eager,4,0.72794
gdn,1024,65536,eager,5,0.68832
gdn,1024,65536,eager,6,0.76054
gdn,1024,65536,eager,7,0.71152
gdn,1024,65536,eager,8,0.69574
gdn,1024,65536,eager,9,0.67507
gdn,1024,65536,eager,10,0.73645
gdn,1024,65536,eager,11,0.70150
gdn,1024,65536,eager,12,0.71386
gdn,1024,65536,eager,13,0.70906
gdn,1024,65536,eager,14,0.70166
gdn,1024,65536,eager,15,0.71293
gdn,1024,65536,eager,16,0.71370
gdn,1024,65536,eager,17,0.69274
gdn,1024,65536,eager,18,0.80970
gdn,1024,65536,eager,19,0.78003
gdn,1024,65536,eager,20,0.70426
gdn,1024,65536,eager,21,0.77885
gdn,1024,65536,eager,22,0.72669
gdn,1024,65536,eager,23,0.71072
gdn,1024,65536,eager,24,0.74637
gdn,1024,65536,eager,25,0.75558
gdn,1024,65536,eager,26,0.71795
gdn,1024,65536,eager,27,0.69139
gdn,1024,65536,eager,28,0.77402
gdn,1024,65536,eager,29,0.72275
gdn,2048,65536,graph,0,0.12601
gdn,2048,65536,graph,1,0.12623
gdn,2048,65536,graph,2,0.12674
gdn,2048,65536,graph,3,0.12674
gdn,2048,65536,graph,4,0.12599
gdn,2048,65536,graph,5,0.12693
gdn,2048,65536,graph,6,0.12667
gdn,2048,65536,graph,7,0.12614
gdn,2048,65536,graph,8,0.12699
gdn,2048,65536,graph,9,0.12623
gdn,2048,65536,graph,10,0.12667
gdn,2048,65536,graph,11,0.12592
gdn,2048,65536,graph,12,0.12538
gdn,2048,65536,graph,13,0.12651
gdn,2048,65536,graph,14,0.12656
gdn,2048,65536,graph,15,0.12694
gdn,2048,65536,graph,16,0.12697
gdn,2048,65536,graph,17,0.12600
gdn,2048,65536,graph,18,0.12636
gdn,2048,65536,graph,19,0.12640
gdn,2048,65536,graph,20,0.12612
gdn,2048,65536,graph,21,0.12545
gdn,2048,65536,graph,22,0.12801
gdn,2048,65536,graph,23,0.12734
gdn,2048,65536,graph,24,0.12709
gdn,2048,65536,graph,25,0.12748
gdn,2048,65536,graph,26,0.12773
gdn,2048,65536,graph,27,0.12718
gdn,2048,65536,graph,28,0.12718
gdn,2048,65536,graph,29,0.12709
gdn,2048,65536,eager,0,0.68166
gdn,2048,65536,eager,1,0.67050
gdn,2048,65536,eager,2,0.72035
gdn,2048,65536,eager,3,0.69331
gdn,2048,65536,eager,4,0.67718
gdn,2048,65536,eager,5,0.67584
gdn,2048,65536,eager,6,0.70848
gdn,2048,65536,eager,7,0.67702
gdn,2048,65536,eager,8,0.66262
gdn,2048,65536,eager,9,0.71453
gdn,2048,65536,eager,10,0.68992
gdn,2048,65536,eager,11,0.66806
gdn,2048,65536,eager,12,0.65830
gdn,2048,65536,eager,13,0.72886
gdn,2048,65536,eager,14,0.69750
gdn,2048,65536,eager,15,0.67549
gdn,2048,65536,eager,16,0.72576
gdn,2048,65536,eager,17,0.68144
gdn,2048,65536,eager,18,0.69629
gdn,2048,65536,eager,19,0.70294
gdn,2048,65536,eager,20,0.68573
gdn,2048,65536,eager,21,0.69997
gdn,2048,65536,eager,22,0.69187
gdn,2048,65536,eager,23,0.67462
gdn,2048,65536,eager,24,0.64371
gdn,2048,65536,eager,25,0.74614
gdn,2048,65536,eager,26,0.76678
gdn,2048,65536,eager,27,0.69696
gdn,2048,65536,eager,28,0.73722
gdn,2048,65536,eager,29,0.70013
gdn,4096,65536,graph,0,0.24571
gdn,4096,65536,graph,1,0.24675
gdn,4096,65536,graph,2,0.24593
gdn,4096,65536,graph,3,0.24657
gdn,4096,65536,graph,4,0.24558
gdn,4096,65536,graph,5,0.24640
gdn,4096,65536,graph,6,0.24518
gdn,4096,65536,graph,7,0.24567
gdn,4096,65536,graph,8,0.24713
gdn,4096,65536,graph,9,0.24769
gdn,4096,65536,graph,10,0.24718
gdn,4096,65536,graph,11,0.24622
gdn,4096,65536,graph,12,0.24855
gdn,4096,65536,graph,13,0.24549
gdn,4096,65536,graph,14,0.24653
gdn,4096,65536,graph,15,0.24539
gdn,4096,65536,graph,16,0.24602
gdn,4096,65536,graph,17,0.24635
gdn,4096,65536,graph,18,0.24746
gdn,4096,65536,graph,19,0.24675
gdn,4096,65536,graph,20,0.24562
gdn,4096,65536,graph,21,0.24697
gdn,4096,65536,graph,22,0.24617
gdn,4096,65536,graph,23,0.24870
gdn,4096,65536,graph,24,0.24810
gdn,4096,65536,graph,25,0.24615
gdn,4096,65536,graph,26,0.24574
gdn,4096,65536,graph,27,0.24763
gdn,4096,65536,graph,28,0.24574
gdn,4096,65536,graph,29,0.24537
gdn,4096,65536,eager,0,0.75082
gdn,4096,65536,eager,1,0.70570
gdn,4096,65536,eager,2,0.70832
gdn,4096,65536,eager,3,0.72067
gdn,4096,65536,eager,4,0.69264
gdn,4096,65536,eager,5,0.69050
gdn,4096,65536,eager,6,0.68122
gdn,4096,65536,eager,7,0.70227
gdn,4096,65536,eager,8,0.68726
gdn,4096,65536,eager,9,0.67731
gdn,4096,65536,eager,10,0.70672
gdn,4096,65536,eager,11,0.68950
gdn,4096,65536,eager,12,0.67526
gdn,4096,65536,eager,13,0.72445
gdn,4096,65536,eager,14,0.69738
gdn,4096,65536,eager,15,0.67808
gdn,4096,65536,eager,16,0.72614
gdn,4096,65536,eager,17,0.69744
gdn,4096,65536,eager,18,0.70445
gdn,4096,65536,eager,19,0.70061
gdn,4096,65536,eager,20,0.68755
gdn,4096,65536,eager,21,0.70938
gdn,4096,65536,eager,22,0.69366
gdn,4096,65536,eager,23,0.67254
gdn,4096,65536,eager,24,0.69677
gdn,4096,65536,eager,25,0.70294
gdn,4096,65536,eager,26,0.68323
gdn,4096,65536,eager,27,0.67824
gdn,4096,65536,eager,28,0.72605
gdn,4096,65536,eager,29,0.68266
gdn,8192,65536,graph,0,0.48247
gdn,8192,65536,graph,1,0.48499
gdn,8192,65536,graph,2,0.48355
gdn,8192,65536,graph,3,0.48106
gdn,8192,65536,graph,4,0.48616
gdn,8192,65536,graph,5,0.48433
gdn,8192,65536,graph,6,0.48233
gdn,8192,65536,graph,7,0.48508
gdn,8192,65536,graph,8,0.48174
gdn,8192,65536,graph,9,0.48209
gdn,8192,65536,graph,10,0.47649
gdn,8192,65536,graph,11,0.48424
gdn,8192,65536,graph,12,0.47899
gdn,8192,65536,graph,13,0.48465
gdn,8192,65536,graph,14,0.48965
gdn,8192,65536,graph,15,0.48615
gdn,8192,65536,graph,16,0.48325
gdn,8192,65536,graph,17,0.48086
gdn,8192,65536,graph,18,0.48362
gdn,8192,65536,graph,19,0.48191
gdn,8192,65536,graph,20,0.48053
gdn,8192,65536,graph,21,0.49092
gdn,8192,65536,graph,22,0.48895
gdn,8192,65536,graph,23,0.48118
gdn,8192,65536,graph,24,0.48963
gdn,8192,65536,graph,25,0.48044
gdn,8192,65536,graph,26,0.47876
gdn,8192,65536,graph,27,0.48360
gdn,8192,65536,graph,28,0.47991
gdn,8192,65536,graph,29,0.48119
gdn,8192,65536,eager,0,0.83418
gdn,8192,65536,eager,1,0.84781
gdn,8192,65536,eager,2,0.84714
gdn,8192,65536,eager,3,0.81987
gdn,8192,65536,eager,4,0.84349
gdn,8192,65536,eager,5,0.86154
gdn,8192,65536,eager,6,0.83357
gdn,8192,65536,eager,7,0.81616
gdn,8192,65536,eager,8,0.83008
gdn,8192,65536,eager,9,0.84640
gdn,8192,65536,eager,10,0.83539
gdn,8192,65536,eager,11,0.87418
gdn,8192,65536,eager,12,0.83376
gdn,8192,65536,eager,13,0.84659
gdn,8192,65536,eager,14,0.86563
gdn,8192,65536,eager,15,0.84586
gdn,8192,65536,eager,16,0.87891
gdn,8192,65536,eager,17,0.84925
gdn,8192,65536,eager,18,0.82531
gdn,8192,65536,eager,19,0.82438
gdn,8192,65536,eager,20,0.88426
gdn,8192,65536,eager,21,0.83754
gdn,8192,65536,eager,22,0.82678
gdn,8192,65536,eager,23,0.86589
gdn,8192,65536,eager,24,0.84458
gdn,8192,65536,eager,25,0.82010
gdn,8192,65536,eager,26,0.84189
gdn,8192,65536,eager,27,0.85107
gdn,8192,65536,eager,28,0.83626
gdn,8192,65536,eager,29,0.82803
gdn,64,131072,graph,0,0.03825
gdn,64,131072,graph,1,0.03821
gdn,64,131072,graph,2,0.03812
gdn,64,131072,graph,3,0.03827
gdn,64,131072,graph,4,0.03829
gdn,64,131072,graph,5,0.03821
gdn,64,131072,graph,6,0.03837
gdn,64,131072,graph,7,0.03838
gdn,64,131072,graph,8,0.03844
gdn,64,131072,graph,9,0.03814
gdn,64,131072,graph,10,0.03823
gdn,64,131072,graph,11,0.03832
gdn,64,131072,graph,12,0.03833
gdn,64,131072,graph,13,0.03828
gdn,64,131072,graph,14,0.03817
gdn,64,131072,graph,15,0.03807
gdn,64,131072,graph,16,0.03826
gdn,64,131072,graph,17,0.03822
gdn,64,131072,graph,18,0.03820
gdn,64,131072,graph,19,0.03842
gdn,64,131072,graph,20,0.03823
gdn,64,131072,graph,21,0.03818
gdn,64,131072,graph,22,0.03840
gdn,64,131072,graph,23,0.03840
gdn,64,131072,graph,24,0.03826
gdn,64,131072,graph,25,0.03823
gdn,64,131072,graph,26,0.03826
gdn,64,131072,graph,27,0.03840
gdn,64,131072,graph,28,0.03826
gdn,64,131072,graph,29,0.03817
gdn,64,131072,eager,0,0.69360
gdn,64,131072,eager,1,0.67686
gdn,64,131072,eager,2,0.68186
gdn,64,131072,eager,3,0.69734
gdn,64,131072,eager,4,0.67117
gdn,64,131072,eager,5,0.69206
gdn,64,131072,eager,6,0.68218
gdn,64,131072,eager,7,0.66365
gdn,64,131072,eager,8,0.65091
gdn,64,131072,eager,9,0.72448
gdn,64,131072,eager,10,0.68950
gdn,64,131072,eager,11,0.73235
gdn,64,131072,eager,12,0.69136
gdn,64,131072,eager,13,0.65942
gdn,64,131072,eager,14,0.65994
gdn,64,131072,eager,15,0.71043
gdn,64,131072,eager,16,0.67834
gdn,64,131072,eager,17,0.65933
gdn,64,131072,eager,18,0.71430
gdn,64,131072,eager,19,0.68205
gdn,64,131072,eager,20,0.66822
gdn,64,131072,eager,21,0.70147
gdn,64,131072,eager,22,0.67296
gdn,64,131072,eager,23,0.67299
gdn,64,131072,eager,24,0.67949
gdn,64,131072,eager,25,0.66672
gdn,64,131072,eager,26,0.65661
gdn,64,131072,eager,27,0.64835
gdn,64,131072,eager,28,0.67376
gdn,64,131072,eager,29,0.65923
gdn,65,131072,graph,0,0.03940
gdn,65,131072,graph,1,0.03947
gdn,65,131072,graph,2,0.03931
gdn,65,131072,graph,3,0.03950
gdn,65,131072,graph,4,0.03940
gdn,65,131072,graph,5,0.03929
gdn,65,131072,graph,6,0.03931
gdn,65,131072,graph,7,0.03938
gdn,65,131072,graph,8,0.03933
gdn,65,131072,graph,9,0.03929
gdn,65,131072,graph,10,0.03925
gdn,65,131072,graph,11,0.03940
gdn,65,131072,graph,12,0.03943
gdn,65,131072,graph,13,0.03931
gdn,65,131072,graph,14,0.03946
gdn,65,131072,graph,15,0.03931
gdn,65,131072,graph,16,0.03949
gdn,65,131072,graph,17,0.03944
gdn,65,131072,graph,18,0.03941
gdn,65,131072,graph,19,0.03938
gdn,65,131072,graph,20,0.03936
gdn,65,131072,graph,21,0.03944
gdn,65,131072,graph,22,0.03936
gdn,65,131072,graph,23,0.03955
gdn,65,131072,graph,24,0.03928
gdn,65,131072,graph,25,0.03941
gdn,65,131072,graph,26,0.03932
gdn,65,131072,graph,27,0.03936
gdn,65,131072,graph,28,0.03942
gdn,65,131072,graph,29,0.03947
gdn,65,131072,eager,0,0.77667
gdn,65,131072,eager,1,0.70454
gdn,65,131072,eager,2,0.68618
gdn,65,131072,eager,3,0.74314
gdn,65,131072,eager,4,0.69952
gdn,65,131072,eager,5,0.68310
gdn,65,131072,eager,6,0.70800
gdn,65,131072,eager,7,0.70154
gdn,65,131072,eager,8,0.68762
gdn,65,131072,eager,9,0.67296
gdn,65,131072,eager,10,0.74115
gdn,65,131072,eager,11,0.69443
gdn,65,131072,eager,12,0.67018
gdn,65,131072,eager,13,0.68784
gdn,65,131072,eager,14,0.69168
gdn,65,131072,eager,15,0.67552
gdn,65,131072,eager,16,0.69770
gdn,65,131072,eager,17,0.69248
gdn,65,131072,eager,18,0.67958
gdn,65,131072,eager,19,0.65152
gdn,65,131072,eager,20,0.72202
gdn,65,131072,eager,21,0.68797
gdn,65,131072,eager,22,0.66330
gdn,65,131072,eager,23,0.65558
gdn,65,131072,eager,24,0.71155
gdn,65,131072,eager,25,0.68618
gdn,65,131072,eager,26,0.73267
gdn,65,131072,eager,27,0.68672
gdn,65,131072,eager,28,0.66774
gdn,65,131072,eager,29,0.66688
gdn,128,131072,graph,0,0.04024
gdn,128,131072,graph,1,0.04012
gdn,128,131072,graph,2,0.04034
gdn,128,131072,graph,3,0.04027
gdn,128,131072,graph,4,0.04017
gdn,128,131072,graph,5,0.04019
gdn,128,131072,graph,6,0.04015
gdn,128,131072,graph,7,0.04031
gdn,128,131072,graph,8,0.04006
gdn,128,131072,graph,9,0.04022
gdn,128,131072,graph,10,0.04020
gdn,128,131072,graph,11,0.04032
gdn,128,131072,graph,12,0.04020
gdn,128,131072,graph,13,0.04026
gdn,128,131072,graph,14,0.04034
gdn,128,131072,graph,15,0.04041
gdn,128,131072,graph,16,0.04010
gdn,128,131072,graph,17,0.04045
gdn,128,131072,graph,18,0.04013
gdn,128,131072,graph,19,0.04023
gdn,128,131072,graph,20,0.04021
gdn,128,131072,graph,21,0.04017
gdn,128,131072,graph,22,0.04014
gdn,128,131072,graph,23,0.04021
gdn,128,131072,graph,24,0.04024
gdn,128,131072,graph,25,0.04045
gdn,128,131072,graph,26,0.04040
gdn,128,131072,graph,27,0.04014
gdn,128,131072,graph,28,0.04025
gdn,128,131072,graph,29,0.04035
gdn,128,131072,eager,0,0.66179
gdn,128,131072,eager,1,0.75392
gdn,128,131072,eager,2,0.71139
gdn,128,131072,eager,3,0.70986
gdn,128,131072,eager,4,0.69757
gdn,128,131072,eager,5,0.68432
gdn,128,131072,eager,6,0.67021
gdn,128,131072,eager,7,0.65610
gdn,128,131072,eager,8,0.71245
gdn,128,131072,eager,9,0.68269
gdn,128,131072,eager,10,0.67344
gdn,128,131072,eager,11,0.67466
gdn,128,131072,eager,12,0.69680
gdn,128,131072,eager,13,0.67456
gdn,128,131072,eager,14,0.66614
gdn,128,131072,eager,15,0.71366
gdn,128,131072,eager,16,0.69072
gdn,128,131072,eager,17,0.74384
gdn,128,131072,eager,18,0.70109
gdn,128,131072,eager,19,0.68269
gdn,128,131072,eager,20,0.68160
gdn,128,131072,eager,21,0.69309
gdn,128,131072,eager,22,0.66531
gdn,128,131072,eager,23,0.75597
gdn,128,131072,eager,24,0.70339
gdn,128,131072,eager,25,0.68106
gdn,128,131072,eager,26,0.67994
gdn,128,131072,eager,27,0.69408
gdn,128,131072,eager,28,0.68979
gdn,128,131072,eager,29,0.66189
gdn,129,131072,graph,0,0.04133
gdn,129,131072,graph,1,0.04149
gdn,129,131072,graph,2,0.04140
gdn,129,131072,graph,3,0.04124
gdn,129,131072,graph,4,0.04458
gdn,129,131072,graph,5,0.04138
gdn,129,131072,graph,6,0.04124
gdn,129,131072,graph,7,0.04141
gdn,129,131072,graph,8,0.04148
gdn,129,131072,graph,9,0.04136
gdn,129,131072,graph,10,0.04133
gdn,129,131072,graph,11,0.04122
gdn,129,131072,graph,12,0.04124
gdn,129,131072,graph,13,0.04122
gdn,129,131072,graph,14,0.04132
gdn,129,131072,graph,15,0.04137
gdn,129,131072,graph,16,0.04135
gdn,129,131072,graph,17,0.04126
gdn,129,131072,graph,18,0.04122
gdn,129,131072,graph,19,0.04141
gdn,129,131072,graph,20,0.04136
gdn,129,131072,graph,21,0.04137
gdn,129,131072,graph,22,0.04137
gdn,129,131072,graph,23,0.04142
gdn,129,131072,graph,24,0.04127
gdn,129,131072,graph,25,0.04123
gdn,129,131072,graph,26,0.04115
gdn,129,131072,graph,27,0.04131
gdn,129,131072,graph,28,0.04127
gdn,129,131072,graph,29,0.04139
gdn,129,131072,eager,0,0.67840
gdn,129,131072,eager,1,0.70179
gdn,129,131072,eager,2,0.69651
gdn,129,131072,eager,3,0.66630
gdn,129,131072,eager,4,0.69082
gdn,129,131072,eager,5,0.69421
gdn,129,131072,eager,6,0.68067
gdn,129,131072,eager,7,0.66381
gdn,129,131072,eager,8,0.72157
gdn,129,131072,eager,9,0.69002
gdn,129,131072,eager,10,0.66950
gdn,129,131072,eager,11,0.73226
gdn,129,131072,eager,12,0.70266
gdn,129,131072,eager,13,0.68349
gdn,129,131072,eager,14,0.65715
gdn,129,131072,eager,15,0.66166
gdn,129,131072,eager,16,0.73981
gdn,129,131072,eager,17,0.69747
gdn,129,131072,eager,18,0.68608
gdn,129,131072,eager,19,0.70458
gdn,129,131072,eager,20,0.68848
gdn,129,131072,eager,21,0.66739
gdn,129,131072,eager,22,0.65997
gdn,129,131072,eager,23,0.72349
gdn,129,131072,eager,24,0.68506
gdn,129,131072,eager,25,0.66365
gdn,129,131072,eager,26,0.66038
gdn,129,131072,eager,27,0.72470
gdn,129,131072,eager,28,0.69133
gdn,129,131072,eager,29,0.66502
gdn,256,131072,graph,0,0.04316
gdn,256,131072,graph,1,0.04311
gdn,256,131072,graph,2,0.04322
gdn,256,131072,graph,3,0.04312
gdn,256,131072,graph,4,0.04315
gdn,256,131072,graph,5,0.04321
gdn,256,131072,graph,6,0.04320
gdn,256,131072,graph,7,0.04320
gdn,256,131072,graph,8,0.04319
gdn,256,131072,graph,9,0.04305
gdn,256,131072,graph,10,0.04303
gdn,256,131072,graph,11,0.04316
gdn,256,131072,graph,12,0.04323
gdn,256,131072,graph,13,0.04312
gdn,256,131072,graph,14,0.04313
gdn,256,131072,graph,15,0.04305
gdn,256,131072,graph,16,0.04314
gdn,256,131072,graph,17,0.04314
gdn,256,131072,graph,18,0.04328
gdn,256,131072,graph,19,0.04320
gdn,256,131072,graph,20,0.04312
gdn,256,131072,graph,21,0.04317
gdn,256,131072,graph,22,0.04299
gdn,256,131072,graph,23,0.04324
gdn,256,131072,graph,24,0.04317
gdn,256,131072,graph,25,0.04500
gdn,256,131072,graph,26,0.04316
gdn,256,131072,graph,27,0.04328
gdn,256,131072,graph,28,0.04329
gdn,256,131072,graph,29,0.04327
gdn,256,131072,eager,0,0.67523
gdn,256,131072,eager,1,0.73523
gdn,256,131072,eager,2,0.68461
gdn,256,131072,eager,3,0.66643
gdn,256,131072,eager,4,0.66784
gdn,256,131072,eager,5,0.72528
gdn,256,131072,eager,6,0.67773
gdn,256,131072,eager,7,0.66986
gdn,256,131072,eager,8,0.71718
gdn,256,131072,eager,9,0.69094
gdn,256,131072,eager,10,0.67120
gdn,256,131072,eager,11,0.71117
gdn,256,131072,eager,12,0.68541
gdn,256,131072,eager,13,0.66886
gdn,256,131072,eager,14,0.67130
gdn,256,131072,eager,15,0.68890
gdn,256,131072,eager,16,0.67062
gdn,256,131072,eager,17,0.64800
gdn,256,131072,eager,18,0.70154
gdn,256,131072,eager,19,0.67382
gdn,256,131072,eager,20,0.64646
gdn,256,131072,eager,21,0.72627
gdn,256,131072,eager,22,0.68477
gdn,256,131072,eager,23,0.67424
gdn,256,131072,eager,24,0.66691
gdn,256,131072,eager,25,0.69667
gdn,256,131072,eager,26,0.67050
gdn,256,131072,eager,27,0.66576
gdn,256,131072,eager,28,0.64560
gdn,256,131072,eager,29,0.68048
gdn,512,131072,graph,0,0.05058
gdn,512,131072,graph,1,0.05066
gdn,512,131072,graph,2,0.05048
gdn,512,131072,graph,3,0.05070
gdn,512,131072,graph,4,0.05052
gdn,512,131072,graph,5,0.05061
gdn,512,131072,graph,6,0.05042
gdn,512,131072,graph,7,0.05072
gdn,512,131072,graph,8,0.05045
gdn,512,131072,graph,9,0.05057
gdn,512,131072,graph,10,0.05056
gdn,512,131072,graph,11,0.05103
gdn,512,131072,graph,12,0.05060
gdn,512,131072,graph,13,0.05080
gdn,512,131072,graph,14,0.05075
gdn,512,131072,graph,15,0.05059
gdn,512,131072,graph,16,0.05053
gdn,512,131072,graph,17,0.05052
gdn,512,131072,graph,18,0.05081
gdn,512,131072,graph,19,0.05074
gdn,512,131072,graph,20,0.05045
gdn,512,131072,graph,21,0.05097
gdn,512,131072,graph,22,0.05094
gdn,512,131072,graph,23,0.05077
gdn,512,131072,graph,24,0.05078
gdn,512,131072,graph,25,0.05089
gdn,512,131072,graph,26,0.05094
gdn,512,131072,graph,27,0.05101
gdn,512,131072,graph,28,0.05068
gdn,512,131072,graph,29,0.05082
gdn,512,131072,eager,0,0.68253
gdn,512,131072,eager,1,0.66739
gdn,512,131072,eager,2,0.73462
gdn,512,131072,eager,3,0.68349
gdn,512,131072,eager,4,0.68957
gdn,512,131072,eager,5,0.70586
gdn,512,131072,eager,6,0.68339
gdn,512,131072,eager,7,0.66560
gdn,512,131072,eager,8,0.70310
gdn,512,131072,eager,9,0.70410
gdn,512,131072,eager,10,0.67718
gdn,512,131072,eager,11,0.68563
gdn,512,131072,eager,12,0.69773
gdn,512,131072,eager,13,0.67792
gdn,512,131072,eager,14,0.66115
gdn,512,131072,eager,15,0.71603
gdn,512,131072,eager,16,0.68781
gdn,512,131072,eager,17,0.67261
gdn,512,131072,eager,18,0.73862
gdn,512,131072,eager,19,0.69536
gdn,512,131072,eager,20,0.67459
gdn,512,131072,eager,21,0.71840
gdn,512,131072,eager,22,0.67690
gdn,512,131072,eager,23,0.67165
gdn,512,131072,eager,24,0.67776
gdn,512,131072,eager,25,0.69331
gdn,512,131072,eager,26,0.67325
gdn,512,131072,eager,27,0.66038
gdn,512,131072,eager,28,0.68691
gdn,512,131072,eager,29,0.67552
gdn,1024,131072,graph,0,0.07039
gdn,1024,131072,graph,1,0.07031
gdn,1024,131072,graph,2,0.07045
gdn,1024,131072,graph,3,0.07060
gdn,1024,131072,graph,4,0.07049
gdn,1024,131072,graph,5,0.07034
gdn,1024,131072,graph,6,0.07015
gdn,1024,131072,graph,7,0.07025
gdn,1024,131072,graph,8,0.07058
gdn,1024,131072,graph,9,0.07046
gdn,1024,131072,graph,10,0.07003
gdn,1024,131072,graph,11,0.06997
gdn,1024,131072,graph,12,0.07058
gdn,1024,131072,graph,13,0.07021
gdn,1024,131072,graph,14,0.07062
gdn,1024,131072,graph,15,0.07017
gdn,1024,131072,graph,16,0.07023
gdn,1024,131072,graph,17,0.07017
gdn,1024,131072,graph,18,0.07030
gdn,1024,131072,graph,19,0.07063
gdn,1024,131072,graph,20,0.07032
gdn,1024,131072,graph,21,0.07026
gdn,1024,131072,graph,22,0.07036
gdn,1024,131072,graph,23,0.07057
gdn,1024,131072,graph,24,0.07034
gdn,1024,131072,graph,25,0.07031
gdn,1024,131072,graph,26,0.07017
gdn,1024,131072,graph,27,0.07027
gdn,1024,131072,graph,28,0.07006
gdn,1024,131072,graph,29,0.07048
gdn,1024,131072,eager,0,0.78931
gdn,1024,131072,eager,1,0.73021
gdn,1024,131072,eager,2,0.68419
gdn,1024,131072,eager,3,0.66867
gdn,1024,131072,eager,4,0.71232
gdn,1024,131072,eager,5,0.69133
gdn,1024,131072,eager,6,0.66682
gdn,1024,131072,eager,7,0.68720
gdn,1024,131072,eager,8,0.69430
gdn,1024,131072,eager,9,0.66317
gdn,1024,131072,eager,10,0.69043
gdn,1024,131072,eager,11,0.68589
gdn,1024,131072,eager,12,0.67187
gdn,1024,131072,eager,13,0.64989
gdn,1024,131072,eager,14,0.72742
gdn,1024,131072,eager,15,0.68186
gdn,1024,131072,eager,16,0.66957
gdn,1024,131072,eager,17,0.65498
gdn,1024,131072,eager,18,0.71165
gdn,1024,131072,eager,19,0.69254
gdn,1024,131072,eager,20,0.66314
gdn,1024,131072,eager,21,0.66438
gdn,1024,131072,eager,22,0.70915
gdn,1024,131072,eager,23,0.66918
gdn,1024,131072,eager,24,0.66112
gdn,1024,131072,eager,25,0.72038
gdn,1024,131072,eager,26,0.68374
gdn,1024,131072,eager,27,0.66250
gdn,1024,131072,eager,28,0.65821
gdn,1024,131072,eager,29,0.70426
gdn,2048,131072,graph,0,0.12658
gdn,2048,131072,graph,1,0.12643
gdn,2048,131072,graph,2,0.12637
gdn,2048,131072,graph,3,0.12646
gdn,2048,131072,graph,4,0.12569
gdn,2048,131072,graph,5,0.12630
gdn,2048,131072,graph,6,0.12708
gdn,2048,131072,graph,7,0.12665
gdn,2048,131072,graph,8,0.12662
gdn,2048,131072,graph,9,0.12595
gdn,2048,131072,graph,10,0.12632
gdn,2048,131072,graph,11,0.12593
gdn,2048,131072,graph,12,0.12650
gdn,2048,131072,graph,13,0.12623
gdn,2048,131072,graph,14,0.12647
gdn,2048,131072,graph,15,0.12623
gdn,2048,131072,graph,16,0.12613
gdn,2048,131072,graph,17,0.12561
gdn,2048,131072,graph,18,0.12623
gdn,2048,131072,graph,19,0.12665
gdn,2048,131072,graph,20,0.12705
gdn,2048,131072,graph,21,0.12666
gdn,2048,131072,graph,22,0.12642
gdn,2048,131072,graph,23,0.12623
gdn,2048,131072,graph,24,0.12652
gdn,2048,131072,graph,25,0.12668
gdn,2048,131072,graph,26,0.12641
gdn,2048,131072,graph,27,0.12634
gdn,2048,131072,graph,28,0.12634
gdn,2048,131072,graph,29,0.12653
gdn,2048,131072,eager,0,0.68554
gdn,2048,131072,eager,1,0.73418
gdn,2048,131072,eager,2,0.68528
gdn,2048,131072,eager,3,0.67891
gdn,2048,131072,eager,4,0.66723
gdn,2048,131072,eager,5,0.72394
gdn,2048,131072,eager,6,0.69184
gdn,2048,131072,eager,7,0.68406
gdn,2048,131072,eager,8,0.72595
gdn,2048,131072,eager,9,0.68595
gdn,2048,131072,eager,10,0.68294
gdn,2048,131072,eager,11,0.72963
gdn,2048,131072,eager,12,0.69427
gdn,2048,131072,eager,13,0.66979
gdn,2048,131072,eager,14,0.68032
gdn,2048,131072,eager,15,0.70099
gdn,2048,131072,eager,16,0.67872
gdn,2048,131072,eager,17,0.67859
gdn,2048,131072,eager,18,0.70515
gdn,2048,131072,eager,19,0.67558
gdn,2048,131072,eager,20,0.65638
gdn,2048,131072,eager,21,0.73549
gdn,2048,131072,eager,22,0.69418
gdn,2048,131072,eager,23,0.67562
gdn,2048,131072,eager,24,0.65597
gdn,2048,131072,eager,25,0.73478
gdn,2048,131072,eager,26,0.70298
gdn,2048,131072,eager,27,0.69309
gdn,2048,131072,eager,28,0.68688
gdn,2048,131072,eager,29,0.69613
gdn,4096,131072,graph,0,0.24564
gdn,4096,131072,graph,1,0.24723
gdn,4096,131072,graph,2,0.24522
gdn,4096,131072,graph,3,0.24663
gdn,4096,131072,graph,4,0.24581
gdn,4096,131072,graph,5,0.24520
gdn,4096,131072,graph,6,0.24775
gdn,4096,131072,graph,7,0.24671
gdn,4096,131072,graph,8,0.24678
gdn,4096,131072,graph,9,0.24465
gdn,4096,131072,graph,10,0.24506
gdn,4096,131072,graph,11,0.24874
gdn,4096,131072,graph,12,0.24500
gdn,4096,131072,graph,13,0.24442
gdn,4096,131072,graph,14,0.24625
gdn,4096,131072,graph,15,0.24546
gdn,4096,131072,graph,16,0.24496
gdn,4096,131072,graph,17,0.24574
gdn,4096,131072,graph,18,0.24649
gdn,4096,131072,graph,19,0.24462
gdn,4096,131072,graph,20,0.24543
gdn,4096,131072,graph,21,0.24593
gdn,4096,131072,graph,22,0.24567
gdn,4096,131072,graph,23,0.24524
gdn,4096,131072,graph,24,0.24566
gdn,4096,131072,graph,25,0.24658
gdn,4096,131072,graph,26,0.24496
gdn,4096,131072,graph,27,0.24749
gdn,4096,131072,graph,28,0.24616
gdn,4096,131072,graph,29,0.24649
gdn,4096,131072,eager,0,0.76614
gdn,4096,131072,eager,1,0.72042
gdn,4096,131072,eager,2,0.70246
gdn,4096,131072,eager,3,0.69494
gdn,4096,131072,eager,4,0.75450
gdn,4096,131072,eager,5,0.71581
gdn,4096,131072,eager,6,0.69786
gdn,4096,131072,eager,7,0.73664
gdn,4096,131072,eager,8,0.70611
gdn,4096,131072,eager,9,0.70058
gdn,4096,131072,eager,10,0.75107
gdn,4096,131072,eager,11,0.70445
gdn,4096,131072,eager,12,0.70406
gdn,4096,131072,eager,13,0.75382
gdn,4096,131072,eager,14,0.70870
gdn,4096,131072,eager,15,0.69475
gdn,4096,131072,eager,16,0.71542
gdn,4096,131072,eager,17,0.70794
gdn,4096,131072,eager,18,0.68752
gdn,4096,131072,eager,19,0.68560
gdn,4096,131072,eager,20,0.71427
gdn,4096,131072,eager,21,0.69590
gdn,4096,131072,eager,22,0.68570
gdn,4096,131072,eager,23,0.73594
gdn,4096,131072,eager,24,0.71510
gdn,4096,131072,eager,25,0.69469
gdn,4096,131072,eager,26,0.68182
gdn,4096,131072,eager,27,0.73648
gdn,4096,131072,eager,28,0.70880
gdn,4096,131072,eager,29,0.68525
gdn,8192,131072,graph,0,0.48707
gdn,8192,131072,graph,1,0.48070
gdn,8192,131072,graph,2,0.47781
gdn,8192,131072,graph,3,0.47933
gdn,8192,131072,graph,4,0.48381
gdn,8192,131072,graph,5,0.48568
gdn,8192,131072,graph,6,0.48113
gdn,8192,131072,graph,7,0.48259
gdn,8192,131072,graph,8,0.48126
gdn,8192,131072,graph,9,0.48456
gdn,8192,131072,graph,10,0.48781
gdn,8192,131072,graph,11,0.48445
gdn,8192,131072,graph,12,0.48173
gdn,8192,131072,graph,13,0.48598
gdn,8192,131072,graph,14,0.48574
gdn,8192,131072,graph,15,0.48556
gdn,8192,131072,graph,16,0.47839
gdn,8192,131072,graph,17,0.48472
gdn,8192,131072,graph,18,0.48275
gdn,8192,131072,graph,19,0.49015
gdn,8192,131072,graph,20,0.48715
gdn,8192,131072,graph,21,0.48746
gdn,8192,131072,graph,22,0.48081
gdn,8192,131072,graph,23,0.48250
gdn,8192,131072,graph,24,0.48756
gdn,8192,131072,graph,25,0.48179
gdn,8192,131072,graph,26,0.48140
gdn,8192,131072,graph,27,0.48286
gdn,8192,131072,graph,28,0.48500
gdn,8192,131072,graph,29,0.48545
gdn,8192,131072,eager,0,0.84662
gdn,8192,131072,eager,1,0.83933
gdn,8192,131072,eager,2,0.89606
gdn,8192,131072,eager,3,0.86160
gdn,8192,131072,eager,4,0.85414
gdn,8192,131072,eager,5,0.86490
gdn,8192,131072,eager,6,0.87846
gdn,8192,131072,eager,7,0.86429
gdn,8192,131072,eager,8,0.90109
gdn,8192,131072,eager,9,0.87450
gdn,8192,131072,eager,10,0.84294
gdn,8192,131072,eager,11,0.84768
gdn,8192,131072,eager,12,0.86723
gdn,8192,131072,eager,13,0.85571
gdn,8192,131072,eager,14,0.83373
gdn,8192,131072,eager,15,0.86851
gdn,8192,131072,eager,16,0.85715
gdn,8192,131072,eager,17,0.85021
gdn,8192,131072,eager,18,0.83834
gdn,8192,131072,eager,19,0.87667
gdn,8192,131072,eager,20,0.84326
gdn,8192,131072,eager,21,0.83059
gdn,8192,131072,eager,22,0.91408
gdn,8192,131072,eager,23,0.87152
gdn,8192,131072,eager,24,0.85475
gdn,8192,131072,eager,25,0.89440
gdn,8192,131072,eager,26,0.85670
gdn,8192,131072,eager,27,0.84198
gdn,8192,131072,eager,28,0.86758
gdn,8192,131072,eager,29,0.84240
gdn,64,262144,graph,0,0.03846
gdn,64,262144,graph,1,0.03856
gdn,64,262144,graph,2,0.03838
gdn,64,262144,graph,3,0.03853
gdn,64,262144,graph,4,0.03841
gdn,64,262144,graph,5,0.03816
gdn,64,262144,graph,6,0.03841
gdn,64,262144,graph,7,0.03836
gdn,64,262144,graph,8,0.03852
gdn,64,262144,graph,9,0.03845
gdn,64,262144,graph,10,0.03830
gdn,64,262144,graph,11,0.03847
gdn,64,262144,graph,12,0.03846
gdn,64,262144,graph,13,0.03843
gdn,64,262144,graph,14,0.03850
gdn,64,262144,graph,15,0.03851
gdn,64,262144,graph,16,0.03830
gdn,64,262144,graph,17,0.03841
gdn,64,262144,graph,18,0.03814
gdn,64,262144,graph,19,0.03821
gdn,64,262144,graph,20,0.03844
gdn,64,262144,graph,21,0.03831
gdn,64,262144,graph,22,0.03824
gdn,64,262144,graph,23,0.03836
gdn,64,262144,graph,24,0.03856
gdn,64,262144,graph,25,0.03840
gdn,64,262144,graph,26,0.03844
gdn,64,262144,graph,27,0.03837
gdn,64,262144,graph,28,0.03828
gdn,64,262144,graph,29,0.03835
gdn,64,262144,eager,0,0.69933
gdn,64,262144,eager,1,0.67942
gdn,64,262144,eager,2,0.74800
gdn,64,262144,eager,3,0.69597
gdn,64,262144,eager,4,0.68730
gdn,64,262144,eager,5,0.75670
gdn,64,262144,eager,6,0.70909
gdn,64,262144,eager,7,0.67555
gdn,64,262144,eager,8,0.69754
gdn,64,262144,eager,9,0.69632
gdn,64,262144,eager,10,0.68944
gdn,64,262144,eager,11,0.70646
gdn,64,262144,eager,12,0.69776
gdn,64,262144,eager,13,0.68957
gdn,64,262144,eager,14,0.67254
gdn,64,262144,eager,15,0.72813
gdn,64,262144,eager,16,0.69581
gdn,64,262144,eager,17,0.67782
gdn,64,262144,eager,18,0.73763
gdn,64,262144,eager,19,0.69107
gdn,64,262144,eager,20,0.67629
gdn,64,262144,eager,21,0.72426
gdn,64,262144,eager,22,0.68294
gdn,64,262144,eager,23,0.66538
gdn,64,262144,eager,24,0.70448
gdn,64,262144,eager,25,0.68685
gdn,64,262144,eager,26,0.66410
gdn,64,262144,eager,27,0.73629
gdn,64,262144,eager,28,0.70147
gdn,64,262144,eager,29,0.69984
gdn,65,262144,graph,0,0.03964
gdn,65,262144,graph,1,0.03960
gdn,65,262144,graph,2,0.03943
gdn,65,262144,graph,3,0.03964
gdn,65,262144,graph,4,0.03936
gdn,65,262144,graph,5,0.03939
gdn,65,262144,graph,6,0.03945
gdn,65,262144,graph,7,0.03973
gdn,65,262144,graph,8,0.03945
gdn,65,262144,graph,9,0.03958
gdn,65,262144,graph,10,0.03962
gdn,65,262144,graph,11,0.03950
gdn,65,262144,graph,12,0.03959
gdn,65,262144,graph,13,0.03963
gdn,65,262144,graph,14,0.03944
gdn,65,262144,graph,15,0.03939
gdn,65,262144,graph,16,0.03966
gdn,65,262144,graph,17,0.03962
gdn,65,262144,graph,18,0.03939
gdn,65,262144,graph,19,0.03949
gdn,65,262144,graph,20,0.03951
gdn,65,262144,graph,21,0.03953
gdn,65,262144,graph,22,0.03955
gdn,65,262144,graph,23,0.03945
gdn,65,262144,graph,24,0.03951
gdn,65,262144,graph,25,0.03945
gdn,65,262144,graph,26,0.03951
gdn,65,262144,graph,27,0.03945
gdn,65,262144,graph,28,0.03962
gdn,65,262144,graph,29,0.03952
gdn,65,262144,eager,0,0.74966
gdn,65,262144,eager,1,0.69088
gdn,65,262144,eager,2,0.66550
gdn,65,262144,eager,3,0.66122
gdn,65,262144,eager,4,0.71162
gdn,65,262144,eager,5,0.68640
gdn,65,262144,eager,6,0.65619
gdn,65,262144,eager,7,0.70128
gdn,65,262144,eager,8,0.68739
gdn,65,262144,eager,9,0.66054
gdn,65,262144,eager,10,0.65037
gdn,65,262144,eager,11,0.72707
gdn,65,262144,eager,12,0.68944
gdn,65,262144,eager,13,0.66010
gdn,65,262144,eager,14,0.69354
gdn,65,262144,eager,15,0.68790
gdn,65,262144,eager,16,0.65997
gdn,65,262144,eager,17,0.65062
gdn,65,262144,eager,18,0.71168
gdn,65,262144,eager,19,0.66909
gdn,65,262144,eager,20,0.65786
gdn,65,262144,eager,21,0.66765
gdn,65,262144,eager,22,0.68979
gdn,65,262144,eager,23,0.66493
gdn,65,262144,eager,24,0.65174
gdn,65,262144,eager,25,0.68282
gdn,65,262144,eager,26,0.68333
gdn,65,262144,eager,27,0.66131
gdn,65,262144,eager,28,0.64106
gdn,65,262144,eager,29,0.65376
gdn,128,262144,graph,0,0.04020
gdn,128,262144,graph,1,0.04002
gdn,128,262144,graph,2,0.04025
gdn,128,262144,graph,3,0.04042
gdn,128,262144,graph,4,0.04012
gdn,128,262144,graph,5,0.04015
gdn,128,262144,graph,6,0.04007
gdn,128,262144,graph,7,0.04000
gdn,128,262144,graph,8,0.04027
gdn,128,262144,graph,9,0.03998
gdn,128,262144,graph,10,0.04007
gdn,128,262144,graph,11,0.04021
gdn,128,262144,graph,12,0.04023
gdn,128,262144,graph,13,0.04005
gdn,128,262144,graph,14,0.04012
gdn,128,262144,graph,15,0.04002
gdn,128,262144,graph,16,0.04009
gdn,128,262144,graph,17,0.04006
gdn,128,262144,graph,18,0.04004
gdn,128,262144,graph,19,0.04011
gdn,128,262144,graph,20,0.04018
gdn,128,262144,graph,21,0.04011
gdn,128,262144,graph,22,0.03996
gdn,128,262144,graph,23,0.04027
gdn,128,262144,graph,24,0.04003
gdn,128,262144,graph,25,0.04015
gdn,128,262144,graph,26,0.04025
gdn,128,262144,graph,27,0.03997
gdn,128,262144,graph,28,0.04005
gdn,128,262144,graph,29,0.04038
gdn,128,262144,eager,0,0.78074
gdn,128,262144,eager,1,0.71635
gdn,128,262144,eager,2,0.68906
gdn,128,262144,eager,3,0.76051
gdn,128,262144,eager,4,0.70374
gdn,128,262144,eager,5,0.69046
gdn,128,262144,eager,6,0.69744
gdn,128,262144,eager,7,0.70400
gdn,128,262144,eager,8,0.68349
gdn,128,262144,eager,9,0.68794
gdn,128,262144,eager,10,0.70829
gdn,128,262144,eager,11,0.71574
gdn,128,262144,eager,12,0.71398
gdn,128,262144,eager,13,0.69210
gdn,128,262144,eager,14,0.66957
gdn,128,262144,eager,15,0.66602
gdn,128,262144,eager,16,0.74349
gdn,128,262144,eager,17,0.69437
gdn,128,262144,eager,18,0.67610
gdn,128,262144,eager,19,0.67808
gdn,128,262144,eager,20,0.71158
gdn,128,262144,eager,21,0.66870
gdn,128,262144,eager,22,0.66323
gdn,128,262144,eager,23,0.68768
gdn,128,262144,eager,24,0.68883
gdn,128,262144,eager,25,0.67747
gdn,128,262144,eager,26,0.66109
gdn,128,262144,eager,27,0.72262
gdn,128,262144,eager,28,0.67818
gdn,128,262144,eager,29,0.68413
gdn,129,262144,graph,0,0.04139
gdn,129,262144,graph,1,0.04136
gdn,129,262144,graph,2,0.04127
gdn,129,262144,graph,3,0.04129
gdn,129,262144,graph,4,0.04128
gdn,129,262144,graph,5,0.04129
gdn,129,262144,graph,6,0.04134
gdn,129,262144,graph,7,0.04134
gdn,129,262144,graph,8,0.04132
gdn,129,262144,graph,9,0.04139
gdn,129,262144,graph,10,0.04130
gdn,129,262144,graph,11,0.04124
gdn,129,262144,graph,12,0.04129
gdn,129,262144,graph,13,0.04139
gdn,129,262144,graph,14,0.04131
gdn,129,262144,graph,15,0.04120
gdn,129,262144,graph,16,0.04151
gdn,129,262144,graph,17,0.04121
gdn,129,262144,graph,18,0.04131
gdn,129,262144,graph,19,0.04139
gdn,129,262144,graph,20,0.04134
gdn,129,262144,graph,21,0.04136
gdn,129,262144,graph,22,0.04123
gdn,129,262144,graph,23,0.04122
gdn,129,262144,graph,24,0.04124
gdn,129,262144,graph,25,0.04137
gdn,129,262144,graph,26,0.04144
gdn,129,262144,graph,27,0.04133
gdn,129,262144,graph,28,0.04132
gdn,129,262144,graph,29,0.04133
gdn,129,262144,eager,0,0.69037
gdn,129,262144,eager,1,0.70650
gdn,129,262144,eager,2,0.71888
gdn,129,262144,eager,3,0.77171
gdn,129,262144,eager,4,0.71168
gdn,129,262144,eager,5,0.67622
gdn,129,262144,eager,6,0.73923
gdn,129,262144,eager,7,0.69600
gdn,129,262144,eager,8,0.68310
gdn,129,262144,eager,9,0.69795
gdn,129,262144,eager,10,0.69968
gdn,129,262144,eager,11,0.67514
gdn,129,262144,eager,12,0.72179
gdn,129,262144,eager,13,0.69075
gdn,129,262144,eager,14,0.67981
gdn,129,262144,eager,15,0.66582
gdn,129,262144,eager,16,0.73238
gdn,129,262144,eager,17,0.69046
gdn,129,262144,eager,18,0.67306
gdn,129,262144,eager,19,0.67251
gdn,129,262144,eager,20,0.71546
gdn,129,262144,eager,21,0.68397
gdn,129,262144,eager,22,0.68150
gdn,129,262144,eager,23,0.70646
gdn,129,262144,eager,24,0.67952
gdn,129,262144,eager,25,0.66877
gdn,129,262144,eager,26,0.69062
gdn,129,262144,eager,27,0.68976
gdn,129,262144,eager,28,0.68122
gdn,129,262144,eager,29,0.66925
gdn,256,262144,graph,0,0.04298
gdn,256,262144,graph,1,0.04316
gdn,256,262144,graph,2,0.04321
gdn,256,262144,graph,3,0.04315
gdn,256,262144,graph,4,0.04304
gdn,256,262144,graph,5,0.04342
gdn,256,262144,graph,6,0.04311
gdn,256,262144,graph,7,0.04318
gdn,256,262144,graph,8,0.04308
gdn,256,262144,graph,9,0.04329
gdn,256,262144,graph,10,0.04317
gdn,256,262144,graph,11,0.04309
gdn,256,262144,graph,12,0.04322
gdn,256,262144,graph,13,0.04316
gdn,256,262144,graph,14,0.04309
gdn,256,262144,graph,15,0.04325
gdn,256,262144,graph,16,0.04315
gdn,256,262144,graph,17,0.04319
gdn,256,262144,graph,18,0.04319
gdn,256,262144,graph,19,0.04325
gdn,256,262144,graph,20,0.04322
gdn,256,262144,graph,21,0.04338
gdn,256,262144,graph,22,0.04315
gdn,256,262144,graph,23,0.04328
gdn,256,262144,graph,24,0.04328
gdn,256,262144,graph,25,0.04316
gdn,256,262144,graph,26,0.04318
gdn,256,262144,graph,27,0.04320
gdn,256,262144,graph,28,0.04315
gdn,256,262144,graph,29,0.04323
gdn,256,262144,eager,0,0.71069
gdn,256,262144,eager,1,0.68906
gdn,256,262144,eager,2,0.67187
gdn,256,262144,eager,3,0.73232
gdn,256,262144,eager,4,0.70493
gdn,256,262144,eager,5,0.69219
gdn,256,262144,eager,6,0.67389
gdn,256,262144,eager,7,0.74528
gdn,256,262144,eager,8,0.70032
gdn,256,262144,eager,9,0.73946
gdn,256,262144,eager,10,0.71232
gdn,256,262144,eager,11,0.68582
gdn,256,262144,eager,12,0.67930
gdn,256,262144,eager,13,0.73910
gdn,256,262144,eager,14,0.70150
gdn,256,262144,eager,15,0.72442
gdn,256,262144,eager,16,0.69571
gdn,256,262144,eager,17,0.69088
gdn,256,262144,eager,18,0.72448
gdn,256,262144,eager,19,0.68438
gdn,256,262144,eager,20,0.70339
gdn,256,262144,eager,21,0.70490
gdn,256,262144,eager,22,0.67722
gdn,256,262144,eager,23,0.67523
gdn,256,262144,eager,24,0.72016
gdn,256,262144,eager,25,0.69706
gdn,256,262144,eager,26,0.67779
gdn,256,262144,eager,27,0.73235
gdn,256,262144,eager,28,0.69606
gdn,256,262144,eager,29,0.68534
gdn,512,262144,graph,0,0.05039
gdn,512,262144,graph,1,0.05068
gdn,512,262144,graph,2,0.05058
gdn,512,262144,graph,3,0.05062
gdn,512,262144,graph,4,0.05053
gdn,512,262144,graph,5,0.05067
gdn,512,262144,graph,6,0.05056
gdn,512,262144,graph,7,0.05066
gdn,512,262144,graph,8,0.05056
gdn,512,262144,graph,9,0.05044
gdn,512,262144,graph,10,0.05050
gdn,512,262144,graph,11,0.05055
gdn,512,262144,graph,12,0.05049
gdn,512,262144,graph,13,0.05068
gdn,512,262144,graph,14,0.05043
gdn,512,262144,graph,15,0.05063
gdn,512,262144,graph,16,0.05049
gdn,512,262144,graph,17,0.05053
gdn,512,262144,graph,18,0.05052
gdn,512,262144,graph,19,0.05065
gdn,512,262144,graph,20,0.05059
gdn,512,262144,graph,21,0.05050
gdn,512,262144,graph,22,0.05057
gdn,512,262144,graph,23,0.05047
gdn,512,262144,graph,24,0.05052
gdn,512,262144,graph,25,0.05062
gdn,512,262144,graph,26,0.05058
gdn,512,262144,graph,27,0.05048
gdn,512,262144,graph,28,0.05066
gdn,512,262144,graph,29,0.05057
gdn,512,262144,eager,0,0.75322
gdn,512,262144,eager,1,0.70477
gdn,512,262144,eager,2,0.68838
gdn,512,262144,eager,3,0.66045
gdn,512,262144,eager,4,0.67917
gdn,512,262144,eager,5,0.68954
gdn,512,262144,eager,6,0.66941
gdn,512,262144,eager,7,0.66134
gdn,512,262144,eager,8,0.73110
gdn,512,262144,eager,9,0.74240
gdn,512,262144,eager,10,0.67261
gdn,512,262144,eager,11,0.68426
gdn,512,262144,eager,12,0.71005
gdn,512,262144,eager,13,0.67302
gdn,512,262144,eager,14,0.65334
gdn,512,262144,eager,15,0.69328
gdn,512,262144,eager,16,0.68112
gdn,512,262144,eager,17,0.65978
gdn,512,262144,eager,18,0.73328
gdn,512,262144,eager,19,0.68874
gdn,512,262144,eager,20,0.70349
gdn,512,262144,eager,21,0.69888
gdn,512,262144,eager,22,0.77018
gdn,512,262144,eager,23,0.69747
gdn,512,262144,eager,24,0.66970
gdn,512,262144,eager,25,0.72186
gdn,512,262144,eager,26,0.68659
gdn,512,262144,eager,27,0.67459
gdn,512,262144,eager,28,0.73594
gdn,512,262144,eager,29,0.68266
gdn,1024,262144,graph,0,0.07042
gdn,1024,262144,graph,1,0.07014
gdn,1024,262144,graph,2,0.07025
gdn,1024,262144,graph,3,0.07049
gdn,1024,262144,graph,4,0.07018
gdn,1024,262144,graph,5,0.07047
gdn,1024,262144,graph,6,0.07009
gdn,1024,262144,graph,7,0.07010
gdn,1024,262144,graph,8,0.07029
gdn,1024,262144,graph,9,0.07041
gdn,1024,262144,graph,10,0.07035
gdn,1024,262144,graph,11,0.07026
gdn,1024,262144,graph,12,0.07023
gdn,1024,262144,graph,13,0.07029
gdn,1024,262144,graph,14,0.07049
gdn,1024,262144,graph,15,0.07025
gdn,1024,262144,graph,16,0.07018
gdn,1024,262144,graph,17,0.07025
gdn,1024,262144,graph,18,0.07052
gdn,1024,262144,graph,19,0.07031
gdn,1024,262144,graph,20,0.07036
gdn,1024,262144,graph,21,0.07031
gdn,1024,262144,graph,22,0.07050
gdn,1024,262144,graph,23,0.07067
gdn,1024,262144,graph,24,0.07041
gdn,1024,262144,graph,25,0.07038
gdn,1024,262144,graph,26,0.07043
gdn,1024,262144,graph,27,0.07049
gdn,1024,262144,graph,28,0.07016
gdn,1024,262144,graph,29,0.07039
gdn,1024,262144,eager,0,0.73667
gdn,1024,262144,eager,1,0.71363
gdn,1024,262144,eager,2,0.73776
gdn,1024,262144,eager,3,0.70490
gdn,1024,262144,eager,4,0.66886
gdn,1024,262144,eager,5,0.69818
gdn,1024,262144,eager,6,0.69917
gdn,1024,262144,eager,7,0.68195
gdn,1024,262144,eager,8,0.70755
gdn,1024,262144,eager,9,0.68064
gdn,1024,262144,eager,10,0.67821
gdn,1024,262144,eager,11,0.69286
gdn,1024,262144,eager,12,0.69280
gdn,1024,262144,eager,13,0.69139
gdn,1024,262144,eager,14,0.73082
gdn,1024,262144,eager,15,0.70381
gdn,1024,262144,eager,16,0.68211
gdn,1024,262144,eager,17,0.74413
gdn,1024,262144,eager,18,0.69843
gdn,1024,262144,eager,19,0.67085
gdn,1024,262144,eager,20,0.73347
gdn,1024,262144,eager,21,0.69795
gdn,1024,262144,eager,22,0.66269
gdn,1024,262144,eager,23,0.65520
gdn,1024,262144,eager,24,0.72288
gdn,1024,262144,eager,25,0.68928
gdn,1024,262144,eager,26,0.68518
gdn,1024,262144,eager,27,0.71872
gdn,1024,262144,eager,28,0.70518
gdn,1024,262144,eager,29,0.75165
gdn,2048,262144,graph,0,0.12594
gdn,2048,262144,graph,1,0.12554
gdn,2048,262144,graph,2,0.12625
gdn,2048,262144,graph,3,0.12642
gdn,2048,262144,graph,4,0.12632
gdn,2048,262144,graph,5,0.12647
gdn,2048,262144,graph,6,0.12553
gdn,2048,262144,graph,7,0.12560
gdn,2048,262144,graph,8,0.12629
gdn,2048,262144,graph,9,0.12681
gdn,2048,262144,graph,10,0.12608
gdn,2048,262144,graph,11,0.12692
gdn,2048,262144,graph,12,0.12592
gdn,2048,262144,graph,13,0.12620
gdn,2048,262144,graph,14,0.12653
gdn,2048,262144,graph,15,0.12613
gdn,2048,262144,graph,16,0.12727
gdn,2048,262144,graph,17,0.12641
gdn,2048,262144,graph,18,0.12637
gdn,2048,262144,graph,19,0.12645
gdn,2048,262144,graph,20,0.12591
gdn,2048,262144,graph,21,0.12569
gdn,2048,262144,graph,22,0.12635
gdn,2048,262144,graph,23,0.12615
gdn,2048,262144,graph,24,0.12583
gdn,2048,262144,graph,25,0.12596
gdn,2048,262144,graph,26,0.12670
gdn,2048,262144,graph,27,0.12670
gdn,2048,262144,graph,28,0.12655
gdn,2048,262144,graph,29,0.12638
gdn,2048,262144,eager,0,0.67984
gdn,2048,262144,eager,1,0.75418
gdn,2048,262144,eager,2,0.70691
gdn,2048,262144,eager,3,0.68323
gdn,2048,262144,eager,4,0.77504
gdn,2048,262144,eager,5,0.69878
gdn,2048,262144,eager,6,0.70362
gdn,2048,262144,eager,7,0.72198
gdn,2048,262144,eager,8,0.71325
gdn,2048,262144,eager,9,0.67482
gdn,2048,262144,eager,10,0.66944
gdn,2048,262144,eager,11,0.71907
gdn,2048,262144,eager,12,0.70173
gdn,2048,262144,eager,13,0.68208
gdn,2048,262144,eager,14,0.67014
gdn,2048,262144,eager,15,0.74659
gdn,2048,262144,eager,16,0.69638
gdn,2048,262144,eager,17,0.67667
gdn,2048,262144,eager,18,0.70064
gdn,2048,262144,eager,19,0.71197
gdn,2048,262144,eager,20,0.67770
gdn,2048,262144,eager,21,0.67382
gdn,2048,262144,eager,22,0.73376
gdn,2048,262144,eager,23,0.69558
gdn,2048,262144,eager,24,0.67366
gdn,2048,262144,eager,25,0.70195
gdn,2048,262144,eager,26,0.70054
gdn,2048,262144,eager,27,0.68406
gdn,2048,262144,eager,28,0.73494
gdn,2048,262144,eager,29,0.69888
gdn,4096,262144,graph,0,0.24708
gdn,4096,262144,graph,1,0.24529
gdn,4096,262144,graph,2,0.24695
gdn,4096,262144,graph,3,0.24646
gdn,4096,262144,graph,4,0.24657
gdn,4096,262144,graph,5,0.24497
gdn,4096,262144,graph,6,0.24679
gdn,4096,262144,graph,7,0.24713
gdn,4096,262144,graph,8,0.24771
gdn,4096,262144,graph,9,0.24694
gdn,4096,262144,graph,10,0.24756
gdn,4096,262144,graph,11,0.24731
gdn,4096,262144,graph,12,0.24604
gdn,4096,262144,graph,13,0.24523
gdn,4096,262144,graph,14,0.24541
gdn,4096,262144,graph,15,0.24388
gdn,4096,262144,graph,16,0.24373
gdn,4096,262144,graph,17,0.24695
gdn,4096,262144,graph,18,0.24710
gdn,4096,262144,graph,19,0.24435
gdn,4096,262144,graph,20,0.24512
gdn,4096,262144,graph,21,0.24450
gdn,4096,262144,graph,22,0.24447
gdn,4096,262144,graph,23,0.24612
gdn,4096,262144,graph,24,0.24659
gdn,4096,262144,graph,25,0.24537
gdn,4096,262144,graph,26,0.24505
gdn,4096,262144,graph,27,0.24582
gdn,4096,262144,graph,28,0.24648
gdn,4096,262144,graph,29,0.24499
gdn,4096,262144,eager,0,0.69574
gdn,4096,262144,eager,1,0.75661
gdn,4096,262144,eager,2,0.71136
gdn,4096,262144,eager,3,0.69053
gdn,4096,262144,eager,4,0.69939
gdn,4096,262144,eager,5,0.74352
gdn,4096,262144,eager,6,0.74080
gdn,4096,262144,eager,7,0.70774
gdn,4096,262144,eager,8,0.71366
gdn,4096,262144,eager,9,0.70966
gdn,4096,262144,eager,10,0.73555
gdn,4096,262144,eager,11,0.72851
gdn,4096,262144,eager,12,0.70128
gdn,4096,262144,eager,13,0.68653
gdn,4096,262144,eager,14,0.72986
gdn,4096,262144,eager,15,0.70947
gdn,4096,262144,eager,16,0.72800
gdn,4096,262144,eager,17,0.70774
gdn,4096,262144,eager,18,0.69341
gdn,4096,262144,eager,19,0.69776
gdn,4096,262144,eager,20,0.73395
gdn,4096,262144,eager,21,0.71773
gdn,4096,262144,eager,22,0.72746
gdn,4096,262144,eager,23,0.71629
gdn,4096,262144,eager,24,0.70246
gdn,4096,262144,eager,25,0.68870
gdn,4096,262144,eager,26,0.73296
gdn,4096,262144,eager,27,0.70858
gdn,4096,262144,eager,28,0.71168
gdn,4096,262144,eager,29,0.70336
gdn,8192,262144,graph,0,0.48150
gdn,8192,262144,graph,1,0.48825
gdn,8192,262144,graph,2,0.48426
gdn,8192,262144,graph,3,0.47830
gdn,8192,262144,graph,4,0.48166
gdn,8192,262144,graph,5,0.48024
gdn,8192,262144,graph,6,0.47566
gdn,8192,262144,graph,7,0.47791
gdn,8192,262144,graph,8,0.47715
gdn,8192,262144,graph,9,0.47662
gdn,8192,262144,graph,10,0.47981
gdn,8192,262144,graph,11,0.47851
gdn,8192,262144,graph,12,0.48313
gdn,8192,262144,graph,13,0.48413
gdn,8192,262144,graph,14,0.48425
gdn,8192,262144,graph,15,0.48373
gdn,8192,262144,graph,16,0.48663
gdn,8192,262144,graph,17,0.48227
gdn,8192,262144,graph,18,0.48431
gdn,8192,262144,graph,19,0.48540
gdn,8192,262144,graph,20,0.48687
gdn,8192,262144,graph,21,0.47803
gdn,8192,262144,graph,22,0.47921
gdn,8192,262144,graph,23,0.47666
gdn,8192,262144,graph,24,0.48146
gdn,8192,262144,graph,25,0.48294
gdn,8192,262144,graph,26,0.48470
gdn,8192,262144,graph,27,0.48047
gdn,8192,262144,graph,28,0.47969
gdn,8192,262144,graph,29,0.48715
gdn,8192,262144,eager,0,0.94224
gdn,8192,262144,eager,1,0.86093
gdn,8192,262144,eager,2,0.86800
gdn,8192,262144,eager,3,0.97107
gdn,8192,262144,eager,4,0.89411
gdn,8192,262144,eager,5,0.88902
gdn,8192,262144,eager,6,0.96291
gdn,8192,262144,eager,7,0.92714
gdn,8192,262144,eager,8,0.99974
gdn,8192,262144,eager,9,1.13040
gdn,8192,262144,eager,10,0.98774
gdn,8192,262144,eager,11,0.89344
gdn,8192,262144,eager,12,0.91027
gdn,8192,262144,eager,13,0.90317
gdn,8192,262144,eager,14,0.85491
gdn,8192,262144,eager,15,0.93821
gdn,8192,262144,eager,16,0.94998
gdn,8192,262144,eager,17,0.91587
gdn,8192,262144,eager,18,0.86906
gdn,8192,262144,eager,19,0.85379
gdn,8192,262144,eager,20,0.83142
gdn,8192,262144,eager,21,0.86429
gdn,8192,262144,eager,22,0.87034
gdn,8192,262144,eager,23,0.87971
gdn,8192,262144,eager,24,0.87734
gdn,8192,262144,eager,25,1.04547
gdn,8192,262144,eager,26,1.08058
gdn,8192,262144,eager,27,0.89610
gdn,8192,262144,eager,28,0.88403
gdn,8192,262144,eager,29,0.85795
