B,D,t,delta,policy,n,mode,iter,gpu_ms,cpu_model_ms,wall_ms,iter_ms,tokens_done
50,8,1048576,2048,layered,256/256/256,graph,0,45.3732,17.6490,45.4246,45.3732,
50,8,1048576,2048,layered,256/256/256,graph,1,45.2445,17.6490,45.2914,45.2445,
50,8,1048576,2048,layered,256/256/256,graph,2,45.2864,17.6490,45.3319,45.2864,
50,8,1048576,2048,layered,256/256/256,graph,3,45.0724,17.6490,45.1197,45.0724,
50,8,1048576,2048,layered,256/256/256,graph,4,45.1966,17.6490,45.2472,45.1966,
50,8,1048576,2048,layered,256/256/256,graph,5,44.9452,17.6490,44.9933,44.9452,
50,8,1048576,2048,layered,256/256/256,graph,6,45.2535,17.6490,45.3011,45.2535,
50,8,1048576,2048,layered,256/256/256,graph,7,44.9581,17.6490,45.0281,44.9581,
50,8,1048576,2048,layered,256/256/256,graph,8,45.2144,17.6490,45.2663,45.2144,
50,8,1048576,2048,layered,256/256/256,graph,9,45.4629,17.6490,45.5143,45.4629,
50,8,1048576,2048,layered,256/256/256,graph,10,45.3313,17.6490,45.3821,45.3313,
50,8,1048576,2048,layered,256/256/256,graph,11,45.4077,17.6490,45.4548,45.4077,
50,8,1048576,2048,layered,256/256/256,graph,12,45.6009,17.6490,45.6502,45.6009,
50,8,1048576,2048,layered,256/256/256,graph,13,45.2357,17.6490,45.2842,45.2357,
50,8,1048576,2048,layered,256/256/256,graph,14,45.2884,17.6490,45.3352,45.2884,
50,8,1048576,2048,layered,256/256/256,graph,15,45.7635,17.6490,45.8105,45.7635,
50,8,1048576,2048,layered,256/256/256,graph,16,45.3956,17.9235,45.4410,45.3956,
50,8,1048576,2048,layered,256/256/256,graph,17,45.4903,17.9235,45.5378,45.4903,
50,8,1048576,2048,layered,256/256/256,graph,18,45.3989,18.1981,45.4447,45.3989,
50,8,1048576,2048,layered,256/256/256,graph,19,46.2142,18.1981,46.2671,46.2142,
50,8,1048576,2048,layered,256/256/256,graph,20,46.0226,18.4727,46.0755,46.0226,
50,8,1048576,2048,layered,256/256/256,graph,21,45.9227,18.4727,45.9672,45.9227,
50,8,1048576,2048,layered,256/256/256,graph,22,46.5617,18.4727,46.6104,46.5617,
50,8,1048576,2048,layered,256/256/256,graph,23,45.8081,18.4727,45.8552,45.8081,
50,8,1048576,2048,layered,256/256/256,graph,24,46.3350,18.4727,46.3823,46.3350,
50,8,1048576,2048,layered,256/256/256,graph,25,45.7572,18.4727,45.8043,45.7572,
50,8,1048576,2048,layered,256/256/256,graph,26,46.3964,18.4727,46.4461,46.3964,
50,8,1048576,2048,layered,256/256/256,graph,27,46.2333,18.4727,46.2801,46.2333,
50,8,1048576,2048,layered,256/256/256,graph,28,46.2040,18.4727,46.2510,46.2040,
50,8,1048576,2048,layered,256/256/256,graph,29,45.7463,18.4727,45.7925,45.7463,
50,8,1048576,2048,layered,256/256/256,graph,30,46.0668,18.4727,46.1148,46.0668,
50,8,1048576,2048,layered,256/256/256,graph,31,45.7195,18.4727,45.7680,45.7195,
50,8,1048576,2048,layered,256/256/256,graph,32,45.6536,18.4727,45.7059,45.6536,
50,8,1048576,2048,layered,256/256/256,graph,33,46.0964,18.4727,46.1471,46.0964,
50,8,1048576,2048,layered,256/256/256,graph,34,45.6375,18.4727,45.6873,45.6375,
50,8,1048576,2048,layered,256/256/256,graph,35,45.8560,18.4727,45.9065,45.8560,
50,8,1048576,2048,layered,256/256/256,graph,36,45.4589,18.4727,45.5069,45.4589,
50,8,1048576,2048,layered,256/256/256,graph,37,46.5108,18.4727,46.5609,46.5108,
50,8,1048576,2048,layered,256/256/256,graph,38,46.1512,18.4727,46.2003,46.1512,
50,8,1048576,2048,layered,256/256/256,graph,39,46.9682,18.4727,47.0255,46.9682,
50,8,1048576,2048,layered,256/256/256,graph,40,45.9673,18.4727,46.0172,45.9673,
50,8,1048576,2048,layered,256/256/256,graph,41,45.9233,18.4727,45.9734,45.9233,
50,8,1048576,2048,layered,256/256/256,graph,42,45.9345,18.4727,45.9837,45.9345,
50,8,1048576,2048,layered,256/256/256,graph,43,45.9618,18.4727,46.0145,45.9618,
50,8,1048576,2048,layered,256/256/256,graph,44,46.5804,18.4727,46.6300,46.5804,
50,8,1048576,2048,layered,256/256/256,graph,45,46.6045,18.4727,46.6524,46.6045,
50,8,1048576,2048,layered,256/256/256,graph,46,46.3064,18.4727,46.3585,46.3064,
50,8,1048576,2048,layered,256/256/256,graph,47,46.0660,18.4727,46.1130,46.0660,
50,8,1048576,2048,layered,256/256/256,graph,48,46.2841,18.4727,46.3320,46.2841,
50,8,1048576,2048,layered,256/256/256,graph,49,46.2248,18.4727,46.2726,46.2248,
50,8,1048576,2048,layered,256/256/256,graph,50,45.9482,18.4727,45.9984,45.9482,
50,8,1048576,2048,layered,256/256/256,graph,51,46.3510,18.4727,46.4023,46.3510,
50,8,1048576,2048,layered,256/256/256,graph,52,46.1043,18.4727,46.1620,46.1043,
50,8,1048576,2048,layered,256/256/256,graph,53,46.0797,18.4727,46.1306,46.0797,
50,8,1048576,2048,layered,256/256/256,graph,54,45.6889,18.4727,45.7362,45.6889,
50,8,1048576,2048,layered,256/256/256,graph,55,45.9388,18.4727,45.9866,45.9388,
50,8,1048576,2048,layered,256/256/256,graph,56,46.0443,18.4727,46.0991,46.0443,
50,8,1048576,2048,layered,256/256/256,graph,57,45.9932,18.4727,46.0466,45.9932,
50,8,1048576,2048,layered,256/256/256,graph,58,46.4188,18.4727,46.4711,46.4188,
50,8,1048576,2048,layered,256/256/256,graph,59,45.8351,18.4727,45.8842,45.8351,
50,8,1048576,2048,layered,256/256/256,graph,60,46.0881,18.4727,46.1369,46.0881,
50,8,1048576,2048,layered,256/256/256,graph,61,46.3374,18.4727,46.3884,46.3374,
50,8,1048576,2048,layered,256/256/256,graph,62,46.3517,18.4727,46.3998,46.3517,
50,8,1048576,2048,layered,256/256/256,graph,63,46.0345,18.4727,46.0818,46.0345,
50,8,1048576,2048,layered,256/256/256,graph,64,45.9119,18.4727,45.9600,45.9119,
50,8,1048576,2048,layered,256/256/256,graph,65,45.8555,18.4727,45.9105,45.8555,
50,8,1048576,2048,layered,256/256/256,graph,66,45.9895,18.4727,46.0409,45.9895,
50,8,1048576,2048,layered,256/256/256,graph,67,46.0292,18.4727,46.0764,46.0292,
50,8,1048576,2048,layered,256/256/256,graph,68,45.9512,18.4727,45.9989,45.9512,
50,8,1048576,2048,layered,256/256/256,graph,69,46.0935,18.4727,46.1430,46.0935,
50,8,1048576,2048,layered,256/256/256,graph,70,45.8471,18.4727,45.8946,45.8471,
50,8,1048576,2048,layered,256/256/256,graph,71,46.3028,18.4727,46.3503,46.3028,
50,8,1048576,2048,layered,256/256/256,graph,72,45.8416,18.1981,45.8878,45.8416,
50,8,1048576,2048,layered,256/256/256,graph,73,45.6690,18.1981,45.7164,45.6690,
50,8,1048576,2048,layered,256/256/256,graph,74,45.7762,17.9235,45.8208,45.7762,
50,8,1048576,2048,layered,256/256/256,graph,75,45.6950,17.9235,45.7436,45.6950,
50,8,1048576,2048,layered,256/256/256,graph,76,45.4317,17.6490,45.4778,45.4317,
50,8,1048576,2048,layered,256/256/256,graph,77,45.0495,17.6490,45.1009,45.0495,
50,8,1048576,2048,layered,256/256/256,graph,78,45.0086,17.6490,45.0563,45.0086,
50,8,1048576,2048,layered,256/256/256,graph,79,44.9253,17.6490,44.9715,44.9253,
50,8,1048576,2048,layered,256/256/256,graph,80,45.2084,17.6490,45.2551,45.2084,
50,8,1048576,2048,layered,256/256/256,graph,81,44.7877,17.6490,44.8348,44.7877,
50,8,1048576,2048,layered,256/256/256,graph,82,44.9715,17.6490,45.0258,44.9715,
50,8,1048576,2048,layered,256/256/256,graph,83,44.8033,17.6490,44.8528,44.8033,
50,8,1048576,2048,layered,256/256/256,graph,84,45.1589,17.6490,45.2066,45.1589,
50,8,1048576,2048,layered,256/256/256,graph,85,45.1537,17.6490,45.2017,45.1537,
50,8,1048576,2048,layered,256/256/256,graph,86,45.2194,17.6490,45.2642,45.2194,
50,8,1048576,2048,layered,256/256/256,graph,87,45.1140,17.6490,45.1618,45.1140,
50,8,1048576,2048,layered,256/256/256,graph,88,45.1295,17.6490,45.1776,45.1295,
50,8,1048576,2048,layered,256/256/256,graph,89,45.1423,17.6490,45.1897,45.1423,
50,8,1048576,2048,layered,256/256/256,graph,90,45.1523,17.6490,45.1981,45.1523,
50,8,1048576,2048,layered,256/256/256,graph,91,45.2743,17.6490,45.3207,45.2743,
50,8,1048576,2048,layered,256/256/256,graph,92,45.0690,17.6490,45.1149,45.0690,
50,8,1048576,2048,layered,256/256/256,graph,93,45.2781,17.6490,45.3231,45.2781,
50,8,1048576,2048,layered,256/256/256,graph,94,44.8998,17.6490,44.9450,44.8998,
50,8,1048576,2048,layered,256/256/256,graph,95,45.2185,17.6490,45.2717,45.2185,
50,8,1048576,2048,layered,256/256/256,graph,96,45.2559,17.6490,45.3083,45.2559,
50,8,1048576,2048,layered,256/256/256,graph,97,45.1704,17.6490,45.2189,45.1704,
50,8,1048576,2048,layered,256/256/256,graph,98,45.1967,17.6490,45.2478,45.1967,
50,8,1048576,2048,layered,256/256/256,graph,99,45.0202,17.6490,45.0677,45.0202,
50,8,1048576,2048,layered,256/256/256,graph,100,45.0607,17.6490,45.1073,45.0607,
50,8,1048576,2048,layered,256/256/256,graph,101,44.9426,17.6490,44.9891,44.9426,
50,8,1048576,2048,layered,256/256/256,graph,102,45.4993,17.6490,45.5462,45.4993,
50,8,1048576,2048,layered,256/256/256,graph,103,44.9054,17.6490,44.9531,44.9054,
50,8,1048576,2048,layered,256/256/256,graph,104,45.0612,17.6490,45.1098,45.0612,
50,8,1048576,2048,layered,256/256/256,graph,105,44.8111,17.6490,44.8584,44.8111,
50,8,1048576,2048,layered,256/256/256,graph,106,45.1501,17.6490,45.1969,45.1501,
50,8,1048576,2048,layered,256/256/256,graph,107,45.4750,17.6490,45.5206,45.4750,
50,8,1048576,2048,layered,256/256/256,graph,108,45.0643,17.6490,45.1215,45.0643,
50,8,1048576,2048,layered,256/256/256,graph,109,45.6227,17.6490,45.6742,45.6227,
50,8,1048576,2048,layered,256/256/256,graph,110,45.1145,17.6490,45.1626,45.1145,
50,8,1048576,2048,layered,256/256/256,graph,111,45.2110,17.6490,45.2582,45.2110,
50,8,1048576,2048,layered,256/256/256,graph,112,45.2095,17.9235,45.2770,45.2095,
50,8,1048576,2048,layered,256/256/256,graph,113,45.9735,17.9235,46.0238,45.9735,
50,8,1048576,2048,layered,256/256/256,graph,114,45.2321,18.1981,45.2819,45.2321,
50,8,1048576,2048,layered,256/256/256,graph,115,45.6151,18.1981,45.6653,45.6151,
50,8,1048576,2048,layered,256/256/256,graph,116,45.5948,18.4727,45.6472,45.5948,
50,8,1048576,2048,layered,256/256/256,graph,117,46.2598,18.4727,46.3068,46.2598,
50,8,1048576,2048,layered,256/256/256,graph,118,45.8380,18.4727,45.8841,45.8380,
50,8,1048576,2048,layered,256/256/256,graph,119,46.3519,18.4727,46.4022,46.3519,
50,8,1048576,2048,layered,256/256/256,graph,120,45.8058,18.4727,45.8530,45.8058,
50,8,1048576,2048,layered,256/256/256,graph,121,45.8932,18.4727,45.9428,45.8932,
50,8,1048576,2048,layered,256/256/256,graph,122,46.0772,18.4727,46.1267,46.0772,
50,8,1048576,2048,layered,256/256/256,graph,123,46.2958,18.4727,46.3721,46.2958,
50,8,1048576,2048,layered,256/256/256,graph,124,45.8089,18.4727,45.8647,45.8089,
50,8,1048576,2048,layered,256/256/256,graph,125,45.4469,18.4727,45.5013,45.4469,
50,8,1048576,2048,layered,256/256/256,graph,126,46.4658,18.4727,46.5150,46.4658,
50,8,1048576,2048,layered,256/256/256,graph,127,45.6902,18.4727,45.7383,45.6902,
50,8,1048576,2048,layered,256/256/256,graph,128,45.9493,18.4727,46.0009,45.9493,
50,8,1048576,2048,layered,256/256/256,graph,129,45.8461,18.4727,45.8939,45.8461,
50,8,1048576,2048,layered,256/256/256,graph,130,45.4900,18.4727,45.5397,45.4900,
50,8,1048576,2048,layered,256/256/256,graph,131,46.2275,18.4727,46.2775,46.2275,
50,8,1048576,2048,layered,256/256/256,graph,132,45.6085,18.4727,45.6607,45.6085,
50,8,1048576,2048,layered,256/256/256,graph,133,45.9396,18.4727,45.9921,45.9396,
50,8,1048576,2048,layered,256/256/256,graph,134,45.9776,18.4727,46.0265,45.9776,
50,8,1048576,2048,layered,256/256/256,graph,135,46.2320,18.4727,46.2786,46.2320,
50,8,1048576,2048,layered,256/256/256,graph,136,46.3170,18.4727,46.3647,46.3170,
50,8,1048576,2048,layered,256/256/256,graph,137,45.8123,18.4727,45.8610,45.8123,
50,8,1048576,2048,layered,256/256/256,graph,138,46.4060,18.4727,46.4525,46.4060,
50,8,1048576,2048,layered,256/256/256,graph,139,46.0831,18.4727,46.1290,46.0831,
50,8,1048576,2048,layered,256/256/256,graph,140,46.1319,18.4727,46.1886,46.1319,
50,8,1048576,2048,layered,256/256/256,graph,141,45.7981,18.4727,45.8478,45.7981,
50,8,1048576,2048,layered,256/256/256,graph,142,45.8206,18.4727,45.8672,45.8206,
50,8,1048576,2048,layered,256/256/256,graph,143,45.9234,18.4727,45.9770,45.9234,
50,8,1048576,2048,layered,256/256/256,graph,144,46.3600,18.4727,46.4170,46.3600,
50,8,1048576,2048,layered,256/256/256,graph,145,45.9582,18.4727,46.0063,45.9582,
50,8,1048576,2048,layered,256/256/256,graph,146,46.2150,18.4727,46.2623,46.2150,
50,8,1048576,2048,layered,256/256/256,graph,147,46.2992,18.4727,46.3484,46.2992,
50,8,1048576,2048,layered,256/256/256,graph,148,45.6656,18.4727,45.7198,45.6656,
50,8,1048576,2048,layered,256/256/256,graph,149,46.1206,18.4727,46.1754,46.1206,
50,8,1048576,2048,layered,256/256/256,graph,150,45.6716,18.4727,45.7236,45.6716,
50,8,1048576,2048,layered,256/256/256,graph,151,45.8369,18.4727,45.8920,45.8369,
50,8,1048576,2048,layered,256/256/256,graph,152,45.8126,18.4727,45.8613,45.8126,
50,8,1048576,2048,layered,256/256/256,graph,153,46.2784,18.4727,46.3266,46.2784,
50,8,1048576,2048,layered,256/256/256,graph,154,45.9245,18.4727,45.9719,45.9245,
50,8,1048576,2048,layered,256/256/256,graph,155,46.5914,18.4727,46.6434,46.5914,
50,8,1048576,2048,layered,256/256/256,graph,156,46.5689,18.4727,46.6161,46.5689,
50,8,1048576,2048,layered,256/256/256,graph,157,45.8525,18.4727,45.8987,45.8525,
50,8,1048576,2048,layered,256/256/256,graph,158,46.0509,18.4727,46.0992,46.0509,
50,8,1048576,2048,layered,256/256/256,graph,159,45.6040,18.4727,45.6502,45.6040,
50,8,1048576,2048,layered,256/256/256,graph,160,46.0167,18.4727,46.0648,46.0167,
50,8,1048576,2048,layered,256/256/256,graph,161,46.5171,18.4727,46.5630,46.5171,
50,8,1048576,2048,layered,256/256/256,graph,162,46.2829,18.4727,46.3283,46.2829,
50,8,1048576,2048,layered,256/256/256,graph,163,45.9635,18.4727,46.0101,45.9635,
50,8,1048576,2048,layered,256/256/256,graph,164,46.2043,18.4727,46.2509,46.2043,
50,8,1048576,2048,layered,256/256/256,graph,165,46.1085,18.4727,46.1591,46.1085,
50,8,1048576,2048,layered,256/256/256,graph,166,45.8771,18.4727,45.9261,45.8771,
50,8,1048576,2048,layered,256/256/256,graph,167,45.9934,18.4727,46.0448,45.9934,
50,8,1048576,2048,layered,256/256/256,graph,168,45.9076,18.1981,45.9546,45.9076,
50,8,1048576,2048,layered,256/256/256,graph,169,45.6295,18.1981,45.6775,45.6295,
50,8,1048576,2048,layered,256/256/256,graph,170,45.5566,17.9235,45.6060,45.5566,
50,8,1048576,2048,layered,256/256/256,graph,171,45.5759,17.9235,45.6314,45.5759,
50,8,1048576,2048,layered,256/256/256,graph,172,45.6615,17.6490,45.7173,45.6615,
50,8,1048576,2048,layered,256/256/256,graph,173,45.1910,17.6490,45.2476,45.1910,
50,8,1048576,2048,layered,256/256/256,graph,174,44.9931,17.6490,45.0394,44.9931,
50,8,1048576,2048,layered,256/256/256,graph,175,44.8990,17.6490,44.9507,44.8990,
50,8,1048576,2048,layered,256/256/256,graph,176,45.1992,17.6490,45.2462,45.1992,
50,8,1048576,2048,layered,256/256/256,graph,177,44.7374,17.6490,44.7839,44.7374,
50,8,1048576,2048,layered,256/256/256,graph,178,44.9959,17.6490,45.0537,44.9959,
50,8,1048576,2048,layered,256/256/256,graph,179,44.9151,17.6490,44.9638,44.9151,
50,8,1048576,2048,layered,256/256/256,graph,180,45.1300,17.6490,45.1767,45.1300,
50,8,1048576,2048,layered,256/256/256,graph,181,45.2401,17.6490,45.2882,45.2401,
50,8,1048576,2048,layered,256/256/256,graph,182,45.0154,17.6490,45.0618,45.0154,
50,8,1048576,2048,layered,256/256/256,graph,183,45.1499,17.6490,45.2023,45.1499,
50,8,1048576,2048,layered,256/256/256,graph,184,45.0703,17.6490,45.1257,45.0703,
50,8,1048576,2048,layered,256/256/256,graph,185,45.2909,17.6490,45.3405,45.2909,
50,8,1048576,2048,layered,256/256/256,graph,186,45.0369,17.6490,45.0921,45.0369,
50,8,1048576,2048,layered,256/256/256,graph,187,45.2280,17.6490,45.2721,45.2280,
50,8,1048576,2048,layered,256/256/256,graph,188,44.9865,17.6490,45.0345,44.9865,
50,8,1048576,2048,layered,256/256/256,graph,189,45.4139,17.6490,45.4595,45.4139,
50,8,1048576,2048,layered,256/256/256,graph,190,44.9463,17.6490,44.9987,44.9463,
50,8,1048576,2048,layered,256/256/256,graph,191,45.2715,17.6490,45.3184,45.2715,
50,8,1048576,2048,layered,256/256/256,graph,192,45.0549,17.6490,45.0998,45.0549,
50,8,1048576,2048,layered,256/256/256,graph,193,45.1231,17.6490,45.1734,45.1231,
50,8,1048576,2048,layered,256/256/256,graph,194,45.0965,17.6490,45.1453,45.0965,
50,8,1048576,2048,layered,256/256/256,graph,195,44.9677,17.6490,45.0140,44.9677,
50,8,1048576,2048,layered,256/256/256,graph,196,45.0207,17.6490,45.0696,45.0207,
50,8,1048576,2048,layered,256/256/256,graph,197,45.0249,17.6490,45.0745,45.0249,
50,8,1048576,2048,layered,256/256/256,graph,198,45.4337,17.6490,45.4806,45.4337,
50,8,1048576,2048,layered,256/256/256,graph,199,45.0644,17.6490,45.1251,45.0644,
50,8,1048576,2048,layered,512/512/512,graph,0,41.3618,15.3568,41.4098,41.3618,
50,8,1048576,2048,layered,512/512/512,graph,1,45.8678,15.1140,45.9191,45.8678,
50,8,1048576,2048,layered,512/512/512,graph,2,35.6070,15.5995,35.6542,35.6070,
50,8,1048576,2048,layered,512/512/512,graph,3,40.8028,16.4551,40.8482,40.8028,
50,8,1048576,2048,layered,512/512/512,graph,4,41.4577,15.3568,41.5048,41.4577,
50,8,1048576,2048,layered,512/512/512,graph,5,45.4627,15.3886,45.5105,45.4627,
50,8,1048576,2048,layered,512/512/512,graph,6,42.1572,15.3568,42.2010,42.1572,
50,8,1048576,2048,layered,512/512/512,graph,7,40.6984,16.7297,40.7437,40.6984,
50,8,1048576,2048,layered,512/512/512,graph,8,41.9351,15.3568,41.9838,41.9351,
50,8,1048576,2048,layered,512/512/512,graph,9,45.4652,15.6632,45.5160,45.4652,
50,8,1048576,2048,layered,512/512/512,graph,10,42.0539,15.9059,42.1001,42.0539,
50,8,1048576,2048,layered,512/512/512,graph,11,41.9360,16.4551,41.9806,41.9360,
50,8,1048576,2048,layered,512/512/512,graph,12,42.0692,15.9059,42.1159,42.0692,
50,8,1048576,2048,layered,512/512/512,graph,13,45.4471,15.3886,45.4946,45.4471,
50,8,1048576,2048,layered,512/512/512,graph,14,42.5845,15.3568,42.6304,42.5845,
50,8,1048576,2048,layered,512/512/512,graph,15,41.3285,17.0043,41.3797,41.3285,
50,8,1048576,2048,layered,512/512/512,graph,16,42.1305,15.3568,42.1836,42.1305,
50,8,1048576,2048,layered,512/512/512,graph,17,45.2594,15.1140,45.3114,45.2594,
50,8,1048576,2048,layered,512/512/512,graph,18,42.0249,16.1805,42.0740,42.0249,
50,8,1048576,2048,layered,512/512/512,graph,19,41.8032,16.4551,41.8532,41.8032,
50,8,1048576,2048,layered,512/512/512,graph,20,41.5599,15.6314,41.6104,41.5599,
50,8,1048576,2048,layered,512/512/512,graph,21,46.7868,15.9378,46.8344,46.7868,
50,8,1048576,2048,layered,512/512/512,graph,22,41.8087,15.3568,41.8568,41.8087,
50,8,1048576,2048,layered,512/512/512,graph,23,40.8741,16.4551,40.9251,40.8741,
50,8,1048576,2048,layered,512/512/512,graph,24,41.8478,15.9059,41.8948,41.8478,
50,8,1048576,2048,layered,512/512/512,graph,25,45.6036,15.6632,45.6546,45.6036,
50,8,1048576,2048,layered,512/512/512,graph,26,42.6176,15.3568,42.6661,42.6176,
50,8,1048576,2048,layered,512/512/512,graph,27,41.2631,16.7297,41.3088,41.2631,
50,8,1048576,2048,layered,512/512/512,graph,28,41.7196,15.6314,41.7672,41.7196,
50,8,1048576,2048,layered,512/512/512,graph,29,41.4652,16.4551,41.5192,41.4652,
50,8,1048576,2048,layered,512/512/512,graph,30,41.5341,15.6314,41.5867,41.5341,
50,8,1048576,2048,layered,512/512/512,graph,31,45.5554,15.6632,45.6114,45.5554,
50,8,1048576,2048,layered,512/512/512,graph,32,41.9226,15.0822,41.9695,41.9226,
50,8,1048576,2048,layered,512/512/512,graph,33,45.4807,15.1140,45.5302,45.4807,
50,8,1048576,2048,layered,512/512/512,graph,34,41.6316,16.4551,41.6797,41.6316,
50,8,1048576,2048,layered,512/512/512,graph,35,42.0699,16.1805,42.1209,42.0699,
50,8,1048576,2048,layered,512/512/512,graph,36,41.1188,15.9059,41.1755,41.1188,
50,8,1048576,2048,layered,512/512/512,graph,37,41.5020,16.4551,41.5563,41.5020,
50,8,1048576,2048,layered,512/512/512,graph,38,41.4609,15.9059,41.5139,41.4609,
50,8,1048576,2048,layered,512/512/512,graph,39,45.2837,15.6632,45.3374,45.2837,
50,8,1048576,2048,layered,512/512/512,graph,40,41.9624,15.0822,42.0113,41.9624,
50,8,1048576,2048,layered,512/512/512,graph,41,45.1455,15.6632,45.1978,45.1455,
50,8,1048576,2048,layered,512/512/512,graph,42,42.2613,15.6314,42.3059,42.2613,
50,8,1048576,2048,layered,512/512/512,graph,43,45.9921,15.9378,46.0479,45.9921,
50,8,1048576,2048,layered,512/512/512,graph,44,41.2853,15.0822,41.3450,41.2853,
50,8,1048576,2048,layered,512/512/512,graph,45,41.1823,16.4551,41.2444,41.1823,
50,8,1048576,2048,layered,512/512/512,graph,46,41.5376,15.3568,41.5921,41.5376,
50,8,1048576,2048,layered,512/512/512,graph,47,41.0289,16.4551,41.0832,41.0289,
50,8,1048576,2048,layered,512/512/512,graph,48,41.4950,15.6314,41.5538,41.4950,
50,8,1048576,2048,layered,512/512/512,graph,49,41.0533,16.1805,41.1077,41.0533,
50,8,1048576,2048,layered,512/512/512,graph,50,41.2457,15.3568,41.2965,41.2457,
50,8,1048576,2048,layered,512/512/512,graph,51,45.3219,15.3886,45.3742,45.3219,
50,8,1048576,2048,layered,512/512/512,graph,52,41.4355,15.0822,41.4841,41.4355,
50,8,1048576,2048,layered,512/512/512,graph,53,45.5600,15.3886,45.6204,45.5600,
50,8,1048576,2048,layered,512/512/512,graph,54,46.5915,15.3886,46.6443,46.5915,
50,8,1048576,2048,layered,512/512/512,graph,55,40.6130,15.6314,40.6591,40.6130,
50,8,1048576,2048,layered,512/512/512,graph,56,41.5372,15.9059,42.3384,41.5372,
50,8,1048576,2048,layered,512/512/512,graph,57,45.6870,15.1140,45.7360,45.6870,
50,8,1048576,2048,layered,512/512/512,graph,58,41.9071,16.1805,41.9539,41.9071,
50,8,1048576,2048,layered,512/512/512,graph,59,45.3629,15.1140,45.4104,45.3629,
50,8,1048576,2048,layered,512/512/512,graph,60,41.8117,15.6314,41.8576,41.8117,
50,8,1048576,2048,layered,512/512/512,graph,61,41.2693,16.4551,41.3142,41.2693,
50,8,1048576,2048,layered,512/512/512,graph,62,41.5815,15.6314,41.6278,41.5815,
50,8,1048576,2048,layered,512/512/512,graph,63,41.1115,16.7297,41.1571,41.1115,
50,8,1048576,2048,layered,512/512/512,graph,64,42.1984,15.6314,42.2455,42.1984,
50,8,1048576,2048,layered,512/512/512,graph,65,45.1849,15.9378,45.2344,45.1849,
50,8,1048576,2048,layered,512/512/512,graph,66,42.4665,15.0822,42.5175,42.4665,
50,8,1048576,2048,layered,512/512/512,graph,67,45.4998,15.3886,45.5496,45.4998,
50,8,1048576,2048,layered,512/512/512,graph,68,41.7173,15.0822,41.7644,41.7173,
50,8,1048576,2048,layered,512/512/512,graph,69,40.4290,16.4551,40.4745,40.4290,
50,8,1048576,2048,layered,512/512/512,graph,70,46.2328,14.2902,46.2798,46.2328,
50,8,1048576,2048,layered,512/512/512,graph,71,40.6541,16.4551,40.7009,40.6541,
50,8,1048576,2048,layered,512/512/512,graph,72,41.7498,15.6314,41.7979,41.7498,
50,8,1048576,2048,layered,512/512/512,graph,73,45.9044,15.6632,45.9524,45.9044,
50,8,1048576,2048,layered,512/512/512,graph,74,41.7016,15.6314,41.7492,41.7016,
50,8,1048576,2048,layered,512/512/512,graph,75,41.0697,16.1805,41.1150,41.0697,
50,8,1048576,2048,layered,512/512/512,graph,76,41.5364,16.1805,41.5832,41.5364,
50,8,1048576,2048,layered,512/512/512,graph,77,41.6457,16.1805,41.6953,41.6457,
50,8,1048576,2048,layered,512/512/512,graph,78,41.4179,15.9059,41.4681,41.4179,
50,8,1048576,2048,layered,512/512/512,graph,79,41.3059,16.1805,41.3537,41.3059,
50,8,1048576,2048,layered,512/512/512,graph,80,41.2873,15.6314,41.3350,41.2873,
50,8,1048576,2048,layered,512/512/512,graph,81,41.0266,15.9059,41.0729,41.0266,
50,8,1048576,2048,layered,512/512/512,graph,82,41.0416,15.6314,41.0882,41.0416,
50,8,1048576,2048,layered,512/512/512,graph,83,40.9114,15.6314,40.9564,40.9114,
50,8,1048576,2048,layered,512/512/512,graph,84,40.9487,15.6314,40.9940,40.9487,
50,8,1048576,2048,layered,512/512/512,graph,85,41.0026,15.6314,41.0470,41.0026,
50,8,1048576,2048,layered,512/512/512,graph,86,41.2126,15.9059,41.2641,41.2126,
50,8,1048576,2048,layered,512/512/512,graph,87,46.3618,14.8394,46.4108,46.3618,
50,8,1048576,2048,layered,512/512/512,graph,88,41.1651,15.9059,41.2117,41.1651,
50,8,1048576,2048,layered,512/512/512,graph,89,41.3051,16.1805,41.3610,41.3051,
50,8,1048576,2048,layered,512/512/512,graph,90,41.4025,15.9059,41.4519,41.4025,
50,8,1048576,2048,layered,512/512/512,graph,91,41.3173,16.1805,41.3653,41.3173,
50,8,1048576,2048,layered,512/512/512,graph,92,41.2916,15.9059,41.3390,41.2916,
50,8,1048576,2048,layered,512/512/512,graph,93,41.4342,16.1805,41.4827,41.4342,
50,8,1048576,2048,layered,512/512/512,graph,94,41.2263,15.9059,41.2725,41.2263,
50,8,1048576,2048,layered,512/512/512,graph,95,41.2401,15.9059,41.2896,41.2401,
50,8,1048576,2048,layered,512/512/512,graph,96,41.3422,15.9059,41.3880,41.3422,
50,8,1048576,2048,layered,512/512/512,graph,97,41.2491,15.6314,41.3029,41.2491,
50,8,1048576,2048,layered,512/512/512,graph,98,46.5059,15.9378,46.5610,46.5059,
50,8,1048576,2048,layered,512/512/512,graph,99,41.2847,15.3568,41.3392,41.2847,
50,8,1048576,2048,layered,512/512/512,graph,100,40.5991,16.1805,40.6540,40.5991,
50,8,1048576,2048,layered,512/512/512,graph,101,46.1846,14.8394,46.2344,46.1846,
50,8,1048576,2048,layered,512/512/512,graph,102,40.4614,15.6314,40.5083,40.4614,
50,8,1048576,2048,layered,512/512/512,graph,103,40.9877,15.9059,41.0601,40.9877,
50,8,1048576,2048,layered,512/512/512,graph,104,40.9699,16.1805,41.0202,40.9699,
50,8,1048576,2048,layered,512/512/512,graph,105,41.6512,15.9059,41.7069,41.6512,
50,8,1048576,2048,layered,512/512/512,graph,106,40.8448,15.9059,40.8938,40.8448,
50,8,1048576,2048,layered,512/512/512,graph,107,41.3010,16.1805,41.3444,41.3010,
50,8,1048576,2048,layered,512/512/512,graph,108,41.7053,15.6314,41.7504,41.7053,
50,8,1048576,2048,layered,512/512/512,graph,109,40.9536,15.9059,40.9996,40.9536,
50,8,1048576,2048,layered,512/512/512,graph,110,41.9387,15.6314,41.9877,41.9387,
50,8,1048576,2048,layered,512/512/512,graph,111,40.8799,15.6314,40.9309,40.8799,
50,8,1048576,2048,layered,512/512/512,graph,112,41.1848,15.6314,41.2328,41.1848,
50,8,1048576,2048,layered,512/512/512,graph,113,45.8958,14.8394,45.9456,45.8958,
50,8,1048576,2048,layered,512/512/512,graph,114,41.2853,15.9059,41.3344,41.2853,
50,8,1048576,2048,layered,512/512/512,graph,115,41.1419,15.9059,41.1891,41.1419,
50,8,1048576,2048,layered,512/512/512,graph,116,41.3639,15.9059,41.4121,41.3639,
50,8,1048576,2048,layered,512/512/512,graph,117,41.5632,16.1805,41.6128,41.5632,
50,8,1048576,2048,layered,512/512/512,graph,118,41.4086,15.9059,41.4576,41.4086,
50,8,1048576,2048,layered,512/512/512,graph,119,41.4382,16.1805,41.4852,41.4382,
50,8,1048576,2048,layered,512/512/512,graph,120,41.6190,15.9059,41.6650,41.6190,
50,8,1048576,2048,layered,512/512/512,graph,121,41.1821,15.9059,41.2277,41.1821,
50,8,1048576,2048,layered,512/512/512,graph,122,41.0828,15.6314,41.1281,41.0828,
50,8,1048576,2048,layered,512/512/512,graph,123,41.0773,15.9059,41.1243,41.0773,
50,8,1048576,2048,layered,512/512/512,graph,124,46.5993,15.3886,46.6532,46.5993,
50,8,1048576,2048,layered,512/512/512,graph,125,40.8117,15.0822,40.8639,40.8117,
50,8,1048576,2048,layered,512/512/512,graph,126,40.8678,15.9059,40.9192,40.8678,
50,8,1048576,2048,layered,512/512/512,graph,127,40.8093,15.6314,40.8562,40.8093,
50,8,1048576,2048,layered,512/512/512,graph,128,40.9398,16.1805,40.9864,40.9398,
50,8,1048576,2048,layered,512/512/512,graph,129,41.1470,15.6314,41.1933,41.1470,
50,8,1048576,2048,layered,512/512/512,graph,130,41.1005,16.1805,41.1773,41.1005,
50,8,1048576,2048,layered,512/512/512,graph,131,41.2061,15.9059,41.2645,41.2061,
50,8,1048576,2048,layered,512/512/512,graph,132,41.1349,15.9059,41.1843,41.1349,
50,8,1048576,2048,layered,512/512/512,graph,133,41.1377,15.9059,41.1879,41.1377,
50,8,1048576,2048,layered,512/512/512,graph,134,41.1715,15.6314,41.2181,41.1715,
50,8,1048576,2048,layered,512/512/512,graph,135,45.5579,15.1140,45.6073,45.5579,
50,8,1048576,2048,layered,512/512/512,graph,136,41.3755,15.6314,41.4240,41.3755,
50,8,1048576,2048,layered,512/512/512,graph,137,41.0573,16.1805,41.1093,41.0573,
50,8,1048576,2048,layered,512/512/512,graph,138,41.6515,15.6314,41.7046,41.6515,
50,8,1048576,2048,layered,512/512/512,graph,139,40.7584,16.1805,40.8065,40.7584,
50,8,1048576,2048,layered,512/512/512,graph,140,41.3429,15.9059,41.3889,41.3429,
50,8,1048576,2048,layered,512/512/512,graph,141,41.2618,16.1805,41.3132,41.2618,
50,8,1048576,2048,layered,512/512/512,graph,142,46.6812,15.1140,46.7317,46.6812,
50,8,1048576,2048,layered,512/512/512,graph,143,40.8869,15.6314,40.9421,40.8869,
50,8,1048576,2048,layered,512/512/512,graph,144,45.6509,15.3886,45.7107,45.6509,
50,8,1048576,2048,layered,512/512/512,graph,145,41.5101,15.3568,41.5653,41.5101,
50,8,1048576,2048,layered,512/512/512,graph,146,41.0487,16.4551,41.1005,41.0487,
50,8,1048576,2048,layered,512/512/512,graph,147,41.2953,15.0822,41.3441,41.2953,
50,8,1048576,2048,layered,512/512/512,graph,148,40.7114,16.4551,40.7585,40.7114,
50,8,1048576,2048,layered,512/512/512,graph,149,41.7346,15.3568,41.7822,41.7346,
50,8,1048576,2048,layered,512/512/512,graph,150,45.5753,15.6632,45.6276,45.5753,
50,8,1048576,2048,layered,512/512/512,graph,151,41.5414,15.3568,41.5983,41.5414,
50,8,1048576,2048,layered,512/512/512,graph,152,45.3000,15.3886,45.3538,45.3000,
50,8,1048576,2048,layered,512/512/512,graph,153,41.5343,15.0822,41.5865,41.5343,
50,8,1048576,2048,layered,512/512/512,graph,154,41.1156,16.4551,41.1628,41.1156,
50,8,1048576,2048,layered,512/512/512,graph,155,41.6247,15.3568,41.6716,41.6247,
50,8,1048576,2048,layered,512/512/512,graph,156,40.5963,16.1805,40.6426,40.5963,
50,8,1048576,2048,layered,512/512/512,graph,157,41.3592,15.6314,41.4044,41.3592,
50,8,1048576,2048,layered,512/512/512,graph,158,46.5038,15.3886,46.5609,46.5038,
50,8,1048576,2048,layered,512/512/512,graph,159,41.3110,15.6314,41.3572,41.3110,
50,8,1048576,2048,layered,512/512/512,graph,160,44.7349,14.8394,44.7862,44.7349,
50,8,1048576,2048,layered,512/512/512,graph,161,41.5605,15.3568,41.6140,41.5605,
50,8,1048576,2048,layered,512/512/512,graph,162,40.6486,16.4551,40.6963,40.6486,
50,8,1048576,2048,layered,512/512/512,graph,163,41.3129,15.3568,41.3632,41.3129,
50,8,1048576,2048,layered,512/512/512,graph,164,41.3708,17.0043,41.4164,41.3708,
50,8,1048576,2048,layered,512/512/512,graph,165,42.4355,15.6314,42.4799,42.4355,
50,8,1048576,2048,layered,512/512/512,graph,166,44.8791,15.1140,44.9274,44.8791,
50,8,1048576,2048,layered,512/512/512,graph,167,42.0761,15.9059,42.1234,42.0761,
50,8,1048576,2048,layered,512/512/512,graph,168,44.9878,15.1140,45.0422,44.9878,
50,8,1048576,2048,layered,512/512/512,graph,169,41.9006,15.6314,41.9485,41.9006,
50,8,1048576,2048,layered,512/512/512,graph,170,45.2894,15.3886,45.3557,45.2894,
50,8,1048576,2048,layered,512/512/512,graph,171,42.3288,15.0822,42.3773,42.3288,
50,8,1048576,2048,layered,512/512/512,graph,172,40.6315,17.2789,40.6751,40.6315,
50,8,1048576,2048,layered,512/512/512,graph,173,42.2314,15.3568,42.2787,42.2314,
50,8,1048576,2048,layered,512/512/512,graph,174,40.9769,17.2789,41.0227,40.9769,
50,8,1048576,2048,layered,512/512/512,graph,175,42.6764,15.3568,42.7268,42.6764,
50,8,1048576,2048,layered,512/512/512,graph,176,45.2384,15.9378,45.2883,45.2384,
50,8,1048576,2048,layered,512/512/512,graph,177,42.3082,15.0822,42.3534,42.3082,
50,8,1048576,2048,layered,512/512/512,graph,178,45.0186,15.1140,45.0667,45.0186,
50,8,1048576,2048,layered,512/512/512,graph,179,41.6551,15.9059,41.7005,41.6551,
50,8,1048576,2048,layered,512/512/512,graph,180,41.4505,16.7297,41.4954,41.4505,
50,8,1048576,2048,layered,512/512/512,graph,181,42.1075,15.6314,42.1524,42.1075,
50,8,1048576,2048,layered,512/512/512,graph,182,41.5335,16.7297,41.5827,41.5335,
50,8,1048576,2048,layered,512/512/512,graph,183,41.8635,15.6314,41.9130,41.8635,
50,8,1048576,2048,layered,512/512/512,graph,184,45.7379,15.3886,45.7858,45.7379,
50,8,1048576,2048,layered,512/512/512,graph,185,42.4898,15.6314,42.5364,42.4898,
50,8,1048576,2048,layered,512/512/512,graph,186,46.4463,15.9378,46.4962,46.4463,
50,8,1048576,2048,layered,512/512/512,graph,187,41.4142,15.3568,41.4593,41.4142,
50,8,1048576,2048,layered,512/512/512,graph,188,41.2147,16.7297,41.2655,41.2147,
50,8,1048576,2048,layered,512/512/512,graph,189,41.6258,15.6314,41.6712,41.6258,
50,8,1048576,2048,layered,512/512/512,graph,190,41.5796,16.7297,41.6273,41.5796,
50,8,1048576,2048,layered,512/512/512,graph,191,41.7712,15.9059,41.8156,41.7712,
50,8,1048576,2048,layered,512/512/512,graph,192,44.3495,14.5648,44.3964,44.3495,
50,8,1048576,2048,layered,512/512/512,graph,193,41.8651,15.6314,41.9104,41.8651,
50,8,1048576,2048,layered,512/512/512,graph,194,45.6592,16.4869,45.7079,45.6592,
50,8,1048576,2048,layered,512/512/512,graph,195,42.3048,13.9838,42.3490,42.3048,
50,8,1048576,2048,layered,512/512/512,graph,196,45.0789,15.9378,45.1492,45.0789,
50,8,1048576,2048,layered,512/512/512,graph,197,42.0067,15.6314,42.0518,42.0067,
50,8,1048576,2048,layered,512/512/512,graph,198,45.6309,15.9378,45.6770,45.6309,
50,8,1048576,2048,layered,512/512/512,graph,199,42.3299,15.6314,42.3746,42.3299,
50,8,1048576,2048,layered,1024/1024/1024,graph,0,40.1521,15.0503,40.1989,40.1521,
50,8,1048576,2048,layered,1024/1024/1024,graph,1,40.1929,15.0503,40.2385,40.1929,
50,8,1048576,2048,layered,1024/1024/1024,graph,2,40.2959,15.0503,40.3418,40.2959,
50,8,1048576,2048,layered,1024/1024/1024,graph,3,40.6536,15.0503,40.6986,40.6536,
50,8,1048576,2048,layered,1024/1024/1024,graph,4,40.1880,15.0503,40.2321,40.1880,
50,8,1048576,2048,layered,1024/1024/1024,graph,5,40.6396,15.0503,40.6862,40.6396,
50,8,1048576,2048,layered,1024/1024/1024,graph,6,40.1708,15.0503,40.2226,40.1708,
50,8,1048576,2048,layered,1024/1024/1024,graph,7,40.3194,15.0503,40.3639,40.3194,
50,8,1048576,2048,layered,1024/1024/1024,graph,8,40.4219,15.0503,40.4684,40.4219,
50,8,1048576,2048,layered,1024/1024/1024,graph,9,40.1961,15.0503,40.2405,40.1961,
50,8,1048576,2048,layered,1024/1024/1024,graph,10,40.2170,15.0503,40.2653,40.2170,
50,8,1048576,2048,layered,1024/1024/1024,graph,11,40.0112,15.0503,40.0579,40.0112,
50,8,1048576,2048,layered,1024/1024/1024,graph,12,40.2993,15.0503,40.3476,40.2993,
50,8,1048576,2048,layered,1024/1024/1024,graph,13,40.0346,15.0503,40.0797,40.0346,
50,8,1048576,2048,layered,1024/1024/1024,graph,14,40.3467,15.0503,40.3915,40.3467,
50,8,1048576,2048,layered,1024/1024/1024,graph,15,40.1822,15.0503,40.2285,40.1822,
50,8,1048576,2048,layered,1024/1024/1024,graph,16,40.4971,15.0503,40.5433,40.4971,
50,8,1048576,2048,layered,1024/1024/1024,graph,17,40.1322,15.0503,40.1789,40.1322,
50,8,1048576,2048,layered,1024/1024/1024,graph,18,40.3670,15.0503,40.4110,40.3670,
50,8,1048576,2048,layered,1024/1024/1024,graph,19,40.1199,15.0503,40.1649,40.1199,
50,8,1048576,2048,layered,1024/1024/1024,graph,20,40.6850,15.0503,40.7293,40.6850,
50,8,1048576,2048,layered,1024/1024/1024,graph,21,40.2538,15.0503,40.2973,40.2538,
50,8,1048576,2048,layered,1024/1024/1024,graph,22,40.4419,15.0503,40.4876,40.4419,
50,8,1048576,2048,layered,1024/1024/1024,graph,23,39.9955,15.0503,40.0404,39.9955,
50,8,1048576,2048,layered,1024/1024/1024,graph,24,40.7202,15.0503,40.7644,40.7202,
50,8,1048576,2048,layered,1024/1024/1024,graph,25,39.8351,15.0503,39.8799,39.8351,
50,8,1048576,2048,layered,1024/1024/1024,graph,26,40.1473,15.0503,40.1906,40.1473,
50,8,1048576,2048,layered,1024/1024/1024,graph,27,39.8953,15.0503,39.9398,39.8953,
50,8,1048576,2048,layered,1024/1024/1024,graph,28,40.7297,15.0503,40.7734,40.7297,
50,8,1048576,2048,layered,1024/1024/1024,graph,29,39.9992,15.0503,40.0438,39.9992,
50,8,1048576,2048,layered,1024/1024/1024,graph,30,40.2654,15.0503,40.3108,40.2654,
50,8,1048576,2048,layered,1024/1024/1024,graph,31,40.2523,15.0503,40.2973,40.2523,
50,8,1048576,2048,layered,1024/1024/1024,graph,32,40.3036,15.0503,40.3482,40.3036,
50,8,1048576,2048,layered,1024/1024/1024,graph,33,40.0200,15.0503,40.0674,40.0200,
50,8,1048576,2048,layered,1024/1024/1024,graph,34,40.9566,15.0503,41.0007,40.9566,
50,8,1048576,2048,layered,1024/1024/1024,graph,35,40.0057,15.0503,40.0510,40.0057,
50,8,1048576,2048,layered,1024/1024/1024,graph,36,40.2886,15.0503,40.3335,40.2886,
50,8,1048576,2048,layered,1024/1024/1024,graph,37,40.1042,15.0503,40.1537,40.1042,
50,8,1048576,2048,layered,1024/1024/1024,graph,38,40.3637,15.0503,40.4147,40.3637,
50,8,1048576,2048,layered,1024/1024/1024,graph,39,40.4285,15.0503,40.4755,40.4285,
50,8,1048576,2048,layered,1024/1024/1024,graph,40,40.9079,15.0503,40.9540,40.9079,
50,8,1048576,2048,layered,1024/1024/1024,graph,41,40.3341,15.0503,40.3800,40.3341,
50,8,1048576,2048,layered,1024/1024/1024,graph,42,40.4347,15.0503,40.4768,40.4347,
50,8,1048576,2048,layered,1024/1024/1024,graph,43,40.1676,15.0503,40.2151,40.1676,
50,8,1048576,2048,layered,1024/1024/1024,graph,44,41.0041,15.0503,41.0512,41.0041,
50,8,1048576,2048,layered,1024/1024/1024,graph,45,40.3560,15.0503,40.4029,40.3560,
50,8,1048576,2048,layered,1024/1024/1024,graph,46,40.3564,15.0503,40.4038,40.3564,
50,8,1048576,2048,layered,1024/1024/1024,graph,47,39.9110,15.0503,39.9559,39.9110,
50,8,1048576,2048,layered,1024/1024/1024,graph,48,40.3519,15.0503,40.3979,40.3519,
50,8,1048576,2048,layered,1024/1024/1024,graph,49,40.3245,15.0503,40.3706,40.3245,
50,8,1048576,2048,layered,1024/1024/1024,graph,50,40.4447,15.0503,40.4938,40.4447,
50,8,1048576,2048,layered,1024/1024/1024,graph,51,40.5724,15.0503,40.6253,40.5724,
50,8,1048576,2048,layered,1024/1024/1024,graph,52,40.1197,15.0503,40.1694,40.1197,
50,8,1048576,2048,layered,1024/1024/1024,graph,53,40.5419,15.0503,40.5878,40.5419,
50,8,1048576,2048,layered,1024/1024/1024,graph,54,40.1777,15.0503,40.2245,40.1777,
50,8,1048576,2048,layered,1024/1024/1024,graph,55,40.4016,15.0503,40.4472,40.4016,
50,8,1048576,2048,layered,1024/1024/1024,graph,56,40.1303,15.0503,40.1835,40.1303,
50,8,1048576,2048,layered,1024/1024/1024,graph,57,40.2089,15.0503,40.2672,40.2089,
50,8,1048576,2048,layered,1024/1024/1024,graph,58,40.2488,15.0503,40.2982,40.2488,
50,8,1048576,2048,layered,1024/1024/1024,graph,59,40.3289,15.0503,40.3778,40.3289,
50,8,1048576,2048,layered,1024/1024/1024,graph,60,40.1734,15.0503,40.2223,40.1734,
50,8,1048576,2048,layered,1024/1024/1024,graph,61,40.2923,15.0503,40.3391,40.2923,
50,8,1048576,2048,layered,1024/1024/1024,graph,62,40.3229,15.0503,40.3689,40.3229,
50,8,1048576,2048,layered,1024/1024/1024,graph,63,40.2645,15.0503,40.3091,40.2645,
50,8,1048576,2048,layered,1024/1024/1024,graph,64,41.0155,15.0503,41.0606,41.0155,
50,8,1048576,2048,layered,1024/1024/1024,graph,65,40.1486,15.0503,40.1954,40.1486,
50,8,1048576,2048,layered,1024/1024/1024,graph,66,40.3202,15.0503,40.3680,40.3202,
50,8,1048576,2048,layered,1024/1024/1024,graph,67,40.1539,15.0503,40.2066,40.1539,
50,8,1048576,2048,layered,1024/1024/1024,graph,68,40.1149,15.0503,40.1605,40.1149,
50,8,1048576,2048,layered,1024/1024/1024,graph,69,40.2266,15.0503,40.2742,40.2266,
50,8,1048576,2048,layered,1024/1024/1024,graph,70,40.0643,15.0503,40.1101,40.0643,
50,8,1048576,2048,layered,1024/1024/1024,graph,71,40.0971,15.0503,40.1419,40.0971,
50,8,1048576,2048,layered,1024/1024/1024,graph,72,39.9538,14.7758,39.9990,39.9538,
50,8,1048576,2048,layered,1024/1024/1024,graph,73,39.8115,14.7758,39.8589,39.8115,
50,8,1048576,2048,layered,1024/1024/1024,graph,74,39.6230,14.5012,39.6702,39.6230,
50,8,1048576,2048,layered,1024/1024/1024,graph,75,39.2922,14.5012,39.3361,39.2922,
50,8,1048576,2048,layered,1024/1024/1024,graph,76,39.0511,14.2266,39.0957,39.0511,
50,8,1048576,2048,layered,1024/1024/1024,graph,77,38.7888,14.2266,38.8334,38.7888,
50,8,1048576,2048,layered,1024/1024/1024,graph,78,38.9684,14.2266,39.0143,38.9684,
50,8,1048576,2048,layered,1024/1024/1024,graph,79,38.8500,14.2266,38.8984,38.8500,
50,8,1048576,2048,layered,1024/1024/1024,graph,80,38.9863,14.5012,39.0308,38.9863,
50,8,1048576,2048,layered,1024/1024/1024,graph,81,39.2918,14.5012,39.3384,39.2918,
50,8,1048576,2048,layered,1024/1024/1024,graph,82,39.8922,14.7758,39.9366,39.8922,
50,8,1048576,2048,layered,1024/1024/1024,graph,83,39.8397,14.7758,39.8844,39.8397,
50,8,1048576,2048,layered,1024/1024/1024,graph,84,39.9599,15.0503,40.0040,39.9599,
50,8,1048576,2048,layered,1024/1024/1024,graph,85,40.5925,15.0503,40.6372,40.5925,
50,8,1048576,2048,layered,1024/1024/1024,graph,86,40.5152,15.0503,40.5592,40.5152,
50,8,1048576,2048,layered,1024/1024/1024,graph,87,40.4337,15.0503,40.4822,40.4337,
50,8,1048576,2048,layered,1024/1024/1024,graph,88,40.7079,15.0503,40.7577,40.7079,
50,8,1048576,2048,layered,1024/1024/1024,graph,89,40.3665,15.0503,40.4141,40.3665,
50,8,1048576,2048,layered,1024/1024/1024,graph,90,40.6121,15.0503,40.6587,40.6121,
50,8,1048576,2048,layered,1024/1024/1024,graph,91,40.3697,15.0503,40.4154,40.3697,
50,8,1048576,2048,layered,1024/1024/1024,graph,92,40.3636,15.0503,40.4100,40.3636,
50,8,1048576,2048,layered,1024/1024/1024,graph,93,40.2730,15.0503,40.3196,40.2730,
50,8,1048576,2048,layered,1024/1024/1024,graph,94,40.3285,15.0503,40.3838,40.3285,
50,8,1048576,2048,layered,1024/1024/1024,graph,95,40.3972,15.0503,40.4441,40.3972,
50,8,1048576,2048,layered,1024/1024/1024,graph,96,40.3294,15.0503,40.3759,40.3294,
50,8,1048576,2048,layered,1024/1024/1024,graph,97,40.1405,15.0503,40.1872,40.1405,
50,8,1048576,2048,layered,1024/1024/1024,graph,98,40.1353,15.0503,40.1840,40.1353,
50,8,1048576,2048,layered,1024/1024/1024,graph,99,40.9206,15.0503,40.9679,40.9206,
50,8,1048576,2048,layered,1024/1024/1024,graph,100,40.0932,15.0503,40.1441,40.0932,
50,8,1048576,2048,layered,1024/1024/1024,graph,101,40.1009,15.0503,40.1519,40.1009,
50,8,1048576,2048,layered,1024/1024/1024,graph,102,40.1012,15.0503,40.1490,40.1012,
50,8,1048576,2048,layered,1024/1024/1024,graph,103,40.1596,15.0503,40.2062,40.1596,
50,8,1048576,2048,layered,1024/1024/1024,graph,104,40.1278,15.0503,40.1784,40.1278,
50,8,1048576,2048,layered,1024/1024/1024,graph,105,40.1507,15.0503,40.1972,40.1507,
50,8,1048576,2048,layered,1024/1024/1024,graph,106,40.4908,15.0503,40.5361,40.4908,
50,8,1048576,2048,layered,1024/1024/1024,graph,107,40.8333,15.0503,40.8759,40.8333,
50,8,1048576,2048,layered,1024/1024/1024,graph,108,40.4423,15.0503,40.4882,40.4423,
50,8,1048576,2048,layered,1024/1024/1024,graph,109,41.0632,15.0503,41.1111,41.0632,
50,8,1048576,2048,layered,1024/1024/1024,graph,110,40.5082,15.0503,40.5566,40.5082,
50,8,1048576,2048,layered,1024/1024/1024,graph,111,40.3407,15.0503,40.3868,40.3407,
50,8,1048576,2048,layered,1024/1024/1024,graph,112,40.2870,15.0503,40.3339,40.2870,
50,8,1048576,2048,layered,1024/1024/1024,graph,113,40.9163,15.0503,40.9623,40.9163,
50,8,1048576,2048,layered,1024/1024/1024,graph,114,40.5112,15.0503,40.5653,40.5112,
50,8,1048576,2048,layered,1024/1024/1024,graph,115,40.2960,15.0503,40.3460,40.2960,
50,8,1048576,2048,layered,1024/1024/1024,graph,116,40.9102,15.0503,40.9722,40.9102,
50,8,1048576,2048,layered,1024/1024/1024,graph,117,40.7805,15.0503,40.8320,40.7805,
50,8,1048576,2048,layered,1024/1024/1024,graph,118,40.1306,15.0503,40.1802,40.1306,
50,8,1048576,2048,layered,1024/1024/1024,graph,119,40.1288,15.0503,40.1829,40.1288,
50,8,1048576,2048,layered,1024/1024/1024,graph,120,40.0725,15.0503,40.1265,40.0725,
50,8,1048576,2048,layered,1024/1024/1024,graph,121,40.5356,15.0503,40.5870,40.5356,
50,8,1048576,2048,layered,1024/1024/1024,graph,122,40.0703,15.0503,40.1180,40.0703,
50,8,1048576,2048,layered,1024/1024/1024,graph,123,40.9252,15.0503,40.9751,40.9252,
50,8,1048576,2048,layered,1024/1024/1024,graph,124,40.1219,15.0503,40.1682,40.1219,
50,8,1048576,2048,layered,1024/1024/1024,graph,125,40.6973,15.0503,40.7433,40.6973,
50,8,1048576,2048,layered,1024/1024/1024,graph,126,40.0570,15.0503,40.1042,40.0570,
50,8,1048576,2048,layered,1024/1024/1024,graph,127,40.6623,15.0503,40.7077,40.6623,
50,8,1048576,2048,layered,1024/1024/1024,graph,128,40.2523,15.0503,40.3022,40.2523,
50,8,1048576,2048,layered,1024/1024/1024,graph,129,40.2507,15.0503,40.3045,40.2507,
50,8,1048576,2048,layered,1024/1024/1024,graph,130,40.2079,15.0503,40.2618,40.2079,
50,8,1048576,2048,layered,1024/1024/1024,graph,131,40.2786,15.0503,40.3305,40.2786,
50,8,1048576,2048,layered,1024/1024/1024,graph,132,40.2451,15.0503,40.2914,40.2451,
50,8,1048576,2048,layered,1024/1024/1024,graph,133,40.4609,15.0503,40.5063,40.4609,
50,8,1048576,2048,layered,1024/1024/1024,graph,134,40.2892,15.0503,40.3373,40.2892,
50,8,1048576,2048,layered,1024/1024/1024,graph,135,40.4597,15.0503,40.5055,40.4597,
50,8,1048576,2048,layered,1024/1024/1024,graph,136,40.3642,15.0503,40.4075,40.3642,
50,8,1048576,2048,layered,1024/1024/1024,graph,137,40.9200,15.0503,40.9667,40.9200,
50,8,1048576,2048,layered,1024/1024/1024,graph,138,40.4773,15.0503,40.5269,40.4773,
50,8,1048576,2048,layered,1024/1024/1024,graph,139,40.4708,15.0503,40.5224,40.4708,
50,8,1048576,2048,layered,1024/1024/1024,graph,140,40.3532,15.0503,40.3997,40.3532,
50,8,1048576,2048,layered,1024/1024/1024,graph,141,40.3710,15.0503,40.4187,40.3710,
50,8,1048576,2048,layered,1024/1024/1024,graph,142,40.3642,15.0503,40.4166,40.3642,
50,8,1048576,2048,layered,1024/1024/1024,graph,143,40.4493,15.0503,40.4967,40.4493,
50,8,1048576,2048,layered,1024/1024/1024,graph,144,40.3382,15.0503,40.3870,40.3382,
50,8,1048576,2048,layered,1024/1024/1024,graph,145,40.3045,15.0503,40.3495,40.3045,
50,8,1048576,2048,layered,1024/1024/1024,graph,146,40.2893,15.0503,40.3368,40.2893,
50,8,1048576,2048,layered,1024/1024/1024,graph,147,40.3640,15.0503,40.4121,40.3640,
50,8,1048576,2048,layered,1024/1024/1024,graph,148,40.1821,15.0503,40.2389,40.1821,
50,8,1048576,2048,layered,1024/1024/1024,graph,149,40.2799,15.0503,40.3267,40.2799,
50,8,1048576,2048,layered,1024/1024/1024,graph,150,40.1334,15.0503,40.1824,40.1334,
50,8,1048576,2048,layered,1024/1024/1024,graph,151,40.1594,15.0503,40.2055,40.1594,
50,8,1048576,2048,layered,1024/1024/1024,graph,152,40.1540,15.0503,40.2010,40.1540,
50,8,1048576,2048,layered,1024/1024/1024,graph,153,40.3682,15.0503,40.4154,40.3682,
50,8,1048576,2048,layered,1024/1024/1024,graph,154,40.4132,15.0503,40.4602,40.4132,
50,8,1048576,2048,layered,1024/1024/1024,graph,155,40.3594,15.0503,40.4064,40.3594,
50,8,1048576,2048,layered,1024/1024/1024,graph,156,40.3267,15.0503,40.3773,40.3267,
50,8,1048576,2048,layered,1024/1024/1024,graph,157,40.3071,15.0503,40.3591,40.3071,
50,8,1048576,2048,layered,1024/1024/1024,graph,158,40.5462,15.0503,40.5952,40.5462,
50,8,1048576,2048,layered,1024/1024/1024,graph,159,40.2427,15.0503,40.2993,40.2427,
50,8,1048576,2048,layered,1024/1024/1024,graph,160,40.0888,15.0503,40.1375,40.0888,
50,8,1048576,2048,layered,1024/1024/1024,graph,161,40.4011,15.0503,40.4481,40.4011,
50,8,1048576,2048,layered,1024/1024/1024,graph,162,40.0409,15.0503,40.0894,40.0409,
50,8,1048576,2048,layered,1024/1024/1024,graph,163,40.1648,15.0503,40.2217,40.1648,
50,8,1048576,2048,layered,1024/1024/1024,graph,164,40.1195,15.0503,40.1750,40.1195,
50,8,1048576,2048,layered,1024/1024/1024,graph,165,39.9911,15.0503,40.0416,39.9911,
50,8,1048576,2048,layered,1024/1024/1024,graph,166,39.9662,15.0503,40.0194,39.9662,
50,8,1048576,2048,layered,1024/1024/1024,graph,167,40.0414,15.0503,40.0888,40.0414,
50,8,1048576,2048,layered,1024/1024/1024,graph,168,39.7900,14.7758,39.8395,39.7900,
50,8,1048576,2048,layered,1024/1024/1024,graph,169,39.5748,14.7758,39.6260,39.5748,
50,8,1048576,2048,layered,1024/1024/1024,graph,170,39.3415,14.5012,39.3882,39.3415,
50,8,1048576,2048,layered,1024/1024/1024,graph,171,39.2692,14.5012,39.3163,39.2692,
50,8,1048576,2048,layered,1024/1024/1024,graph,172,38.9775,14.2266,39.0235,38.9775,
50,8,1048576,2048,layered,1024/1024/1024,graph,173,38.8273,14.2266,38.8844,38.8273,
50,8,1048576,2048,layered,1024/1024/1024,graph,174,38.9811,14.2266,39.0388,38.9811,
50,8,1048576,2048,layered,1024/1024/1024,graph,175,38.7966,14.2266,38.8477,38.7966,
50,8,1048576,2048,layered,1024/1024/1024,graph,176,39.0604,14.5012,39.1177,39.0604,
50,8,1048576,2048,layered,1024/1024/1024,graph,177,39.2749,14.5012,39.3269,39.2749,
50,8,1048576,2048,layered,1024/1024/1024,graph,178,39.5139,14.7758,39.5699,39.5139,
50,8,1048576,2048,layered,1024/1024/1024,graph,179,39.8669,14.7758,39.9204,39.8669,
50,8,1048576,2048,layered,1024/1024/1024,graph,180,39.9297,15.0503,39.9820,39.9297,
50,8,1048576,2048,layered,1024/1024/1024,graph,181,40.2614,15.0503,40.3139,40.2614,
50,8,1048576,2048,layered,1024/1024/1024,graph,182,40.2702,15.0503,40.3216,40.2702,
50,8,1048576,2048,layered,1024/1024/1024,graph,183,40.4066,15.0503,40.4550,40.4066,
50,8,1048576,2048,layered,1024/1024/1024,graph,184,40.3839,15.0503,40.4311,40.3839,
50,8,1048576,2048,layered,1024/1024/1024,graph,185,40.7210,15.0503,40.7723,40.7210,
50,8,1048576,2048,layered,1024/1024/1024,graph,186,40.3188,15.0503,40.3668,40.3188,
50,8,1048576,2048,layered,1024/1024/1024,graph,187,40.4569,15.0503,40.5065,40.4569,
50,8,1048576,2048,layered,1024/1024/1024,graph,188,40.3211,15.0503,40.3701,40.3211,
50,8,1048576,2048,layered,1024/1024/1024,graph,189,40.7032,15.0503,40.7513,40.7032,
50,8,1048576,2048,layered,1024/1024/1024,graph,190,40.2269,15.0503,40.2742,40.2269,
50,8,1048576,2048,layered,1024/1024/1024,graph,191,40.2001,15.0503,40.2522,40.2001,
50,8,1048576,2048,layered,1024/1024/1024,graph,192,40.2124,15.0503,40.2671,40.2124,
50,8,1048576,2048,layered,1024/1024/1024,graph,193,40.2275,15.0503,40.2788,40.2275,
50,8,1048576,2048,layered,1024/1024/1024,graph,194,40.5874,15.0503,40.6463,40.5874,
50,8,1048576,2048,layered,1024/1024/1024,graph,195,40.2224,15.0503,40.2735,40.2224,
50,8,1048576,2048,layered,1024/1024/1024,graph,196,40.0307,15.0503,40.1032,40.0307,
50,8,1048576,2048,layered,1024/1024/1024,graph,197,40.2307,15.0503,40.2795,40.2307,
50,8,1048576,2048,layered,1024/1024/1024,graph,198,40.3636,15.0503,40.4116,40.3636,
50,8,1048576,2048,layered,1024/1024/1024,graph,199,40.2148,15.0503,40.2615,40.2148,
50,8,1048576,2048,layered,768/768/768,graph,0,42.8864,15.0503,42.9402,42.8864,
50,8,1048576,2048,layered,768/768/768,graph,1,42.7283,15.0503,42.7773,42.7283,
50,8,1048576,2048,layered,768/768/768,graph,2,42.7034,15.0503,42.7528,42.7034,
50,8,1048576,2048,layered,768/768/768,graph,3,42.7012,15.0503,42.7486,42.7012,
50,8,1048576,2048,layered,768/768/768,graph,4,42.7366,15.0503,42.7830,42.7366,
50,8,1048576,2048,layered,768/768/768,graph,5,42.8041,15.0503,42.8519,42.8041,
50,8,1048576,2048,layered,768/768/768,graph,6,42.7684,15.0503,42.8142,42.7684,
50,8,1048576,2048,layered,768/768/768,graph,7,42.7553,15.0503,42.8070,42.7553,
50,8,1048576,2048,layered,768/768/768,graph,8,42.7060,15.0503,42.7528,42.7060,
50,8,1048576,2048,layered,768/768/768,graph,9,42.9372,15.0503,42.9912,42.9372,
50,8,1048576,2048,layered,768/768/768,graph,10,42.7998,15.0503,42.8516,42.7998,
50,8,1048576,2048,layered,768/768/768,graph,11,43.0219,15.0503,43.0683,43.0219,
50,8,1048576,2048,layered,768/768/768,graph,12,42.8501,15.0503,42.8963,42.8501,
50,8,1048576,2048,layered,768/768/768,graph,13,43.0460,15.0503,43.0951,43.0460,
50,8,1048576,2048,layered,768/768/768,graph,14,43.1436,15.0503,43.1933,43.1436,
50,8,1048576,2048,layered,768/768/768,graph,15,42.8873,15.0503,42.9428,42.8873,
50,8,1048576,2048,layered,768/768/768,graph,16,43.5445,15.0503,43.5962,43.5445,
50,8,1048576,2048,layered,768/768/768,graph,17,43.4900,15.0503,43.5388,43.4900,
50,8,1048576,2048,layered,768/768/768,graph,18,42.8761,15.0503,42.9235,42.8761,
50,8,1048576,2048,layered,768/768/768,graph,19,42.9559,15.0503,43.0046,42.9559,
50,8,1048576,2048,layered,768/768/768,graph,20,42.7908,15.0503,42.8389,42.7908,
50,8,1048576,2048,layered,768/768/768,graph,21,42.8401,15.0503,42.8861,42.8401,
50,8,1048576,2048,layered,768/768/768,graph,22,42.7285,15.0503,42.7828,42.7285,
50,8,1048576,2048,layered,768/768/768,graph,23,42.6733,15.0503,42.7236,42.6733,
50,8,1048576,2048,layered,768/768/768,graph,24,42.5428,15.0503,42.5917,42.5428,
50,8,1048576,2048,layered,768/768/768,graph,25,42.5443,15.0503,42.5917,42.5443,
50,8,1048576,2048,layered,768/768/768,graph,26,42.5083,15.0503,42.5550,42.5083,
50,8,1048576,2048,layered,768/768/768,graph,27,42.9396,15.0503,42.9857,42.9396,
50,8,1048576,2048,layered,768/768/768,graph,28,42.6604,15.0503,42.7112,42.6604,
50,8,1048576,2048,layered,768/768/768,graph,29,42.8370,15.0503,42.8850,42.8370,
50,8,1048576,2048,layered,768/768/768,graph,30,42.8509,15.0503,42.9010,42.8509,
50,8,1048576,2048,layered,768/768/768,graph,31,42.8982,15.0503,42.9457,42.8982,
50,8,1048576,2048,layered,768/768/768,graph,32,42.7697,15.0503,42.8174,42.7697,
50,8,1048576,2048,layered,768/768/768,graph,33,43.1028,15.0503,43.1583,43.1028,
50,8,1048576,2048,layered,768/768/768,graph,34,42.8804,15.0503,42.9328,42.8804,
50,8,1048576,2048,layered,768/768/768,graph,35,43.0146,15.0503,43.0636,43.0146,
50,8,1048576,2048,layered,768/768/768,graph,36,42.9607,15.0503,43.0080,42.9607,
50,8,1048576,2048,layered,768/768/768,graph,37,43.0589,15.0503,43.1064,43.0589,
50,8,1048576,2048,layered,768/768/768,graph,38,42.8877,15.0503,42.9346,42.8877,
50,8,1048576,2048,layered,768/768/768,graph,39,43.0133,15.0503,43.0673,43.0133,
50,8,1048576,2048,layered,768/768/768,graph,40,42.9946,15.0503,43.0501,42.9946,
50,8,1048576,2048,layered,768/768/768,graph,41,43.9035,15.0503,43.9569,43.9035,
50,8,1048576,2048,layered,768/768/768,graph,42,42.9203,15.0503,42.9735,42.9203,
50,8,1048576,2048,layered,768/768/768,graph,43,43.1155,15.0503,43.1627,43.1155,
50,8,1048576,2048,layered,768/768/768,graph,44,43.1658,15.0503,43.2154,43.1658,
50,8,1048576,2048,layered,768/768/768,graph,45,42.9946,15.0503,43.0454,42.9946,
50,8,1048576,2048,layered,768/768/768,graph,46,43.3087,15.0503,43.3567,43.3087,
50,8,1048576,2048,layered,768/768/768,graph,47,43.4419,15.0503,43.4888,43.4419,
50,8,1048576,2048,layered,768/768/768,graph,48,42.8001,15.0503,42.8470,42.8001,
50,8,1048576,2048,layered,768/768/768,graph,49,42.8479,15.0503,42.8952,42.8479,
50,8,1048576,2048,layered,768/768/768,graph,50,43.4589,15.0503,43.5104,43.4589,
50,8,1048576,2048,layered,768/768/768,graph,51,42.7557,15.0503,42.8047,42.7557,
50,8,1048576,2048,layered,768/768/768,graph,52,42.7250,15.0503,42.7805,42.7250,
50,8,1048576,2048,layered,768/768/768,graph,53,43.3143,15.0503,43.3637,43.3143,
50,8,1048576,2048,layered,768/768/768,graph,54,43.0250,15.0503,43.0733,43.0250,
50,8,1048576,2048,layered,768/768/768,graph,55,43.1549,15.0503,43.2084,43.1549,
50,8,1048576,2048,layered,768/768/768,graph,56,42.8240,15.0503,42.8728,42.8240,
50,8,1048576,2048,layered,768/768/768,graph,57,43.4291,15.0503,43.4776,43.4291,
50,8,1048576,2048,layered,768/768/768,graph,58,43.0635,15.0503,43.1181,43.0635,
50,8,1048576,2048,layered,768/768/768,graph,59,42.9259,15.0503,42.9795,42.9259,
50,8,1048576,2048,layered,768/768/768,graph,60,42.7613,15.0503,42.8121,42.7613,
50,8,1048576,2048,layered,768/768/768,graph,61,43.0181,15.0503,43.0657,43.0181,
50,8,1048576,2048,layered,768/768/768,graph,62,42.8064,15.0503,42.8540,42.8064,
50,8,1048576,2048,layered,768/768/768,graph,63,42.9798,15.0503,43.0276,42.9798,
50,8,1048576,2048,layered,768/768/768,graph,64,42.6347,15.0503,42.6922,42.6347,
50,8,1048576,2048,layered,768/768/768,graph,65,42.9244,15.0503,42.9722,42.9244,
50,8,1048576,2048,layered,768/768/768,graph,66,42.7641,15.0503,42.8111,42.7641,
50,8,1048576,2048,layered,768/768/768,graph,67,42.6955,15.0503,42.7419,42.6955,
50,8,1048576,2048,layered,768/768/768,graph,68,42.7036,15.0503,42.7502,42.7036,
50,8,1048576,2048,layered,768/768/768,graph,69,42.8244,15.0503,42.8765,42.8244,
50,8,1048576,2048,layered,768/768/768,graph,70,42.7280,15.0503,42.7745,42.7280,
50,8,1048576,2048,layered,768/768/768,graph,71,43.2895,15.0503,43.3401,43.2895,
50,8,1048576,2048,layered,768/768/768,graph,72,42.8930,14.7758,42.9432,42.8930,
50,8,1048576,2048,layered,768/768/768,graph,73,42.3897,14.7758,42.4377,42.3897,
50,8,1048576,2048,layered,768/768/768,graph,74,42.1588,14.5012,42.2071,42.1588,
50,8,1048576,2048,layered,768/768/768,graph,75,42.1300,14.5012,42.1778,42.1300,
50,8,1048576,2048,layered,768/768/768,graph,76,41.7586,14.2266,41.8064,41.7586,
50,8,1048576,2048,layered,768/768/768,graph,77,42.1042,14.2266,42.1522,42.1042,
50,8,1048576,2048,layered,768/768/768,graph,78,41.5741,14.2266,41.6211,41.5741,
50,8,1048576,2048,layered,768/768/768,graph,79,41.5974,14.2266,41.6465,41.5974,
50,8,1048576,2048,layered,768/768/768,graph,80,41.6592,14.5012,41.7079,41.6592,
50,8,1048576,2048,layered,768/768/768,graph,81,42.0898,14.5012,42.1407,42.0898,
50,8,1048576,2048,layered,768/768/768,graph,82,42.1171,14.7758,42.1699,42.1171,
50,8,1048576,2048,layered,768/768/768,graph,83,42.5193,14.7758,42.5693,42.5193,
50,8,1048576,2048,layered,768/768/768,graph,84,42.5397,15.0503,42.5871,42.5397,
50,8,1048576,2048,layered,768/768/768,graph,85,42.9006,15.0503,42.9474,42.9006,
50,8,1048576,2048,layered,768/768/768,graph,86,42.8863,15.0503,42.9325,42.8863,
50,8,1048576,2048,layered,768/768/768,graph,87,43.0990,15.0503,43.1455,43.0990,
50,8,1048576,2048,layered,768/768/768,graph,88,42.9101,15.0503,42.9573,42.9101,
50,8,1048576,2048,layered,768/768/768,graph,89,43.0760,15.0503,43.1310,43.0760,
50,8,1048576,2048,layered,768/768/768,graph,90,43.0480,15.0503,43.0948,43.0480,
50,8,1048576,2048,layered,768/768/768,graph,91,43.0254,15.0503,43.0723,43.0254,
50,8,1048576,2048,layered,768/768/768,graph,92,42.9208,15.0503,42.9674,42.9208,
50,8,1048576,2048,layered,768/768/768,graph,93,42.9750,15.0503,43.0214,42.9750,
50,8,1048576,2048,layered,768/768/768,graph,94,42.7417,15.0503,42.7875,42.7417,
50,8,1048576,2048,layered,768/768/768,graph,95,42.8292,15.0503,42.8756,42.8292,
50,8,1048576,2048,layered,768/768/768,graph,96,42.7464,15.0503,42.7915,42.7464,
50,8,1048576,2048,layered,768/768/768,graph,97,42.7805,15.0503,42.8279,42.7805,
50,8,1048576,2048,layered,768/768/768,graph,98,42.6876,15.0503,42.7352,42.6876,
50,8,1048576,2048,layered,768/768/768,graph,99,42.8089,15.0503,42.8558,42.8089,
50,8,1048576,2048,layered,768/768/768,graph,100,42.6632,15.0503,42.7096,42.6632,
50,8,1048576,2048,layered,768/768/768,graph,101,42.8641,15.0503,42.9251,42.8641,
50,8,1048576,2048,layered,768/768/768,graph,102,42.6769,15.0503,42.7237,42.6769,
50,8,1048576,2048,layered,768/768/768,graph,103,42.8313,15.0503,42.8775,42.8313,
50,8,1048576,2048,layered,768/768/768,graph,104,42.6627,15.0503,42.7090,42.6627,
50,8,1048576,2048,layered,768/768/768,graph,105,42.7520,15.0503,42.7986,42.7520,
50,8,1048576,2048,layered,768/768/768,graph,106,42.7156,15.0503,42.7628,42.7156,
50,8,1048576,2048,layered,768/768/768,graph,107,42.8236,15.0503,42.8672,42.8236,
50,8,1048576,2048,layered,768/768/768,graph,108,42.6847,15.0503,42.7411,42.6847,
50,8,1048576,2048,layered,768/768/768,graph,109,42.9833,15.0503,43.0299,42.9833,
50,8,1048576,2048,layered,768/768/768,graph,110,42.9845,15.0503,43.0308,42.9845,
50,8,1048576,2048,layered,768/768/768,graph,111,42.8878,15.0503,42.9349,42.8878,
50,8,1048576,2048,layered,768/768/768,graph,112,42.9718,15.0503,43.0183,42.9718,
50,8,1048576,2048,layered,768/768/768,graph,113,43.6834,15.0503,43.7342,43.6834,
50,8,1048576,2048,layered,768/768/768,graph,114,42.8741,15.0503,42.9206,42.8741,
50,8,1048576,2048,layered,768/768/768,graph,115,42.9895,15.0503,43.0363,42.9895,
50,8,1048576,2048,layered,768/768/768,graph,116,42.7346,15.0503,42.7808,42.7346,
50,8,1048576,2048,layered,768/768/768,graph,117,43.0136,15.0503,43.0577,43.0136,
50,8,1048576,2048,layered,768/768/768,graph,118,42.9218,15.0503,42.9717,42.9218,
50,8,1048576,2048,layered,768/768/768,graph,119,42.8152,15.0503,42.8690,42.8152,
50,8,1048576,2048,layered,768/768/768,graph,120,42.6451,15.0503,42.6914,42.6451,
50,8,1048576,2048,layered,768/768/768,graph,121,42.6084,15.0503,42.6555,42.6084,
50,8,1048576,2048,layered,768/768/768,graph,122,42.5480,15.0503,42.5917,42.5480,
50,8,1048576,2048,layered,768/768/768,graph,123,43.5099,15.0503,43.5544,43.5099,
50,8,1048576,2048,layered,768/768/768,graph,124,42.5896,15.0503,42.6361,42.5896,
50,8,1048576,2048,layered,768/768/768,graph,125,42.8892,15.0503,42.9357,42.8892,
50,8,1048576,2048,layered,768/768/768,graph,126,43.1978,15.0503,43.2451,43.1978,
50,8,1048576,2048,layered,768/768/768,graph,127,42.8912,15.0503,42.9354,42.8912,
50,8,1048576,2048,layered,768/768/768,graph,128,42.6435,15.0503,42.6896,42.6435,
50,8,1048576,2048,layered,768/768/768,graph,129,42.8913,15.0503,42.9356,42.8913,
50,8,1048576,2048,layered,768/768/768,graph,130,42.6369,15.0503,42.6849,42.6369,
50,8,1048576,2048,layered,768/768/768,graph,131,42.9860,15.0503,43.0382,42.9860,
50,8,1048576,2048,layered,768/768/768,graph,132,42.7187,15.0503,42.7664,42.7187,
50,8,1048576,2048,layered,768/768/768,graph,133,43.1337,15.0503,43.1816,43.1337,
50,8,1048576,2048,layered,768/768/768,graph,134,42.7939,15.0503,42.8502,42.7939,
50,8,1048576,2048,layered,768/768/768,graph,135,43.0468,15.0503,43.0939,43.0468,
50,8,1048576,2048,layered,768/768/768,graph,136,42.8478,15.0503,42.9029,42.8478,
50,8,1048576,2048,layered,768/768/768,graph,137,43.0411,15.0503,43.0940,43.0411,
50,8,1048576,2048,layered,768/768/768,graph,138,42.8188,15.0503,42.8702,42.8188,
50,8,1048576,2048,layered,768/768/768,graph,139,42.8585,15.0503,42.9077,42.8585,
50,8,1048576,2048,layered,768/768/768,graph,140,42.8266,15.0503,42.8752,42.8266,
50,8,1048576,2048,layered,768/768/768,graph,141,43.7429,15.0503,43.7946,43.7429,
50,8,1048576,2048,layered,768/768/768,graph,142,42.6794,15.0503,42.7288,42.6794,
50,8,1048576,2048,layered,768/768/768,graph,143,42.9100,15.0503,42.9577,42.9100,
50,8,1048576,2048,layered,768/768/768,graph,144,43.1193,15.0503,43.1696,43.1193,
50,8,1048576,2048,layered,768/768/768,graph,145,42.8498,15.0503,42.8979,42.8498,
50,8,1048576,2048,layered,768/768/768,graph,146,42.6353,15.0503,42.6840,42.6353,
50,8,1048576,2048,layered,768/768/768,graph,147,42.7877,15.0503,42.8346,42.7877,
50,8,1048576,2048,layered,768/768/768,graph,148,42.7299,15.0503,42.7783,42.7299,
50,8,1048576,2048,layered,768/768/768,graph,149,42.8627,15.0503,42.9147,42.8627,
50,8,1048576,2048,layered,768/768/768,graph,150,42.5766,15.0503,42.6296,42.5766,
50,8,1048576,2048,layered,768/768/768,graph,151,43.0883,15.0503,43.1418,43.0883,
50,8,1048576,2048,layered,768/768/768,graph,152,42.5783,15.0503,42.6262,42.5783,
50,8,1048576,2048,layered,768/768/768,graph,153,43.1044,15.0503,43.1519,43.1044,
50,8,1048576,2048,layered,768/768/768,graph,154,42.5975,15.0503,42.6442,42.5975,
50,8,1048576,2048,layered,768/768/768,graph,155,43.1088,15.0503,43.1555,43.1088,
50,8,1048576,2048,layered,768/768/768,graph,156,42.6375,15.0503,42.6849,42.6375,
50,8,1048576,2048,layered,768/768/768,graph,157,43.0524,15.0503,43.0982,43.0524,
50,8,1048576,2048,layered,768/768/768,graph,158,42.7437,15.0503,42.7984,42.7437,
50,8,1048576,2048,layered,768/768/768,graph,159,42.8035,15.0503,42.8510,42.8035,
50,8,1048576,2048,layered,768/768/768,graph,160,42.5993,15.0503,42.6461,42.5993,
50,8,1048576,2048,layered,768/768/768,graph,161,42.6835,15.0503,42.7329,42.6835,
50,8,1048576,2048,layered,768/768/768,graph,162,42.6226,15.0503,42.6707,42.6226,
50,8,1048576,2048,layered,768/768/768,graph,163,43.1304,15.0503,43.1799,43.1304,
50,8,1048576,2048,layered,768/768/768,graph,164,42.5663,15.0503,42.6186,42.5663,
50,8,1048576,2048,layered,768/768/768,graph,165,42.8609,15.0503,42.9118,42.8609,
50,8,1048576,2048,layered,768/768/768,graph,166,42.5033,15.0503,42.5527,42.5033,
50,8,1048576,2048,layered,768/768/768,graph,167,43.2991,15.0503,43.3541,43.2991,
50,8,1048576,2048,layered,768/768/768,graph,168,42.3898,14.7758,42.4405,42.3898,
50,8,1048576,2048,layered,768/768/768,graph,169,42.4751,14.7758,42.5236,42.4751,
50,8,1048576,2048,layered,768/768/768,graph,170,42.1183,14.5012,42.1716,42.1183,
50,8,1048576,2048,layered,768/768/768,graph,171,42.4480,14.5012,42.5137,42.4480,
50,8,1048576,2048,layered,768/768/768,graph,172,42.3592,14.2266,42.4056,42.3592,
50,8,1048576,2048,layered,768/768/768,graph,173,41.7519,14.2266,41.8089,41.7519,
50,8,1048576,2048,layered,768/768/768,graph,174,41.3175,14.2266,41.3665,41.3175,
50,8,1048576,2048,layered,768/768/768,graph,175,41.6400,14.2266,41.6860,41.6400,
50,8,1048576,2048,layered,768/768/768,graph,176,41.5256,14.5012,41.5782,41.5256,
50,8,1048576,2048,layered,768/768/768,graph,177,42.0810,14.5012,42.1322,42.0810,
50,8,1048576,2048,layered,768/768/768,graph,178,41.9001,14.7758,41.9487,41.9001,
50,8,1048576,2048,layered,768/768/768,graph,179,42.3964,14.7758,42.4434,42.3964,
50,8,1048576,2048,layered,768/768/768,graph,180,42.4101,15.0503,42.4578,42.4101,
50,8,1048576,2048,layered,768/768/768,graph,181,42.9728,15.0503,43.0181,42.9728,
50,8,1048576,2048,layered,768/768/768,graph,182,42.7201,15.0503,42.7659,42.7201,
50,8,1048576,2048,layered,768/768/768,graph,183,43.0376,15.0503,43.0850,43.0376,
50,8,1048576,2048,layered,768/768/768,graph,184,42.8009,15.0503,42.8475,42.8009,
50,8,1048576,2048,layered,768/768/768,graph,185,43.0904,15.0503,43.1365,43.0904,
50,8,1048576,2048,layered,768/768/768,graph,186,42.8403,15.0503,42.8880,42.8403,
50,8,1048576,2048,layered,768/768/768,graph,187,42.9303,15.0503,42.9790,42.9303,
50,8,1048576,2048,layered,768/768/768,graph,188,42.7360,15.0503,42.7839,42.7360,
50,8,1048576,2048,layered,768/768/768,graph,189,42.8286,15.0503,42.8757,42.8286,
50,8,1048576,2048,layered,768/768/768,graph,190,42.6332,15.0503,42.6795,42.6332,
50,8,1048576,2048,layered,768/768/768,graph,191,42.8533,15.0503,42.9006,42.8533,
50,8,1048576,2048,layered,768/768/768,graph,192,42.6560,15.0503,42.7022,42.6560,
50,8,1048576,2048,layered,768/768/768,graph,193,42.8573,15.0503,42.9034,42.8573,
50,8,1048576,2048,layered,768/768/768,graph,194,42.6392,15.0503,42.6874,42.6392,
50,8,1048576,2048,layered,768/768/768,graph,195,42.7884,15.0503,42.8389,42.7884,
50,8,1048576,2048,layered,768/768/768,graph,196,42.3666,15.0503,42.4184,42.3666,
50,8,1048576,2048,layered,768/768/768,graph,197,42.7125,15.0503,42.7633,42.7125,
50,8,1048576,2048,layered,768/768/768,graph,198,42.6232,15.0503,42.6712,42.6232,
50,8,1048576,2048,layered,768/768/768,graph,199,42.8273,15.0503,42.8755,42.8273,
50,8,1048576,2048,hyprefill,256/768/768,graph,0,46.9649,15.4841,47.0170,46.9649,
50,8,1048576,2048,hyprefill,256/768/768,graph,1,47.2585,15.2095,47.3064,47.2585,
50,8,1048576,2048,hyprefill,256/768/768,graph,2,46.3590,16.0332,46.4056,46.3590,
50,8,1048576,2048,hyprefill,256/768/768,graph,3,46.2437,14.9349,46.2934,46.2437,
50,8,1048576,2048,hyprefill,256/768/768,graph,4,47.1545,14.9349,47.2075,47.1545,
50,8,1048576,2048,hyprefill,256/768/768,graph,5,46.6885,15.7586,46.7360,46.6885,
50,8,1048576,2048,hyprefill,256/768/768,graph,6,46.1902,15.2095,46.2427,46.1902,
50,8,1048576,2048,hyprefill,256/768/768,graph,7,44.8446,15.7268,44.8941,44.8446,
50,8,1048576,2048,hyprefill,256/768/768,graph,8,46.6458,15.2095,46.6975,46.6458,
50,8,1048576,2048,hyprefill,256/768/768,graph,9,46.8978,15.7586,46.9484,46.8978,
50,8,1048576,2048,hyprefill,256/768/768,graph,10,47.0650,15.4841,47.1142,47.0650,
50,8,1048576,2048,hyprefill,256/768/768,graph,11,46.6412,14.6603,46.6882,46.6412,
50,8,1048576,2048,hyprefill,256/768/768,graph,12,46.5367,15.4841,46.5878,46.5367,
50,8,1048576,2048,hyprefill,256/768/768,graph,13,46.4210,15.2095,46.4695,46.4210,
50,8,1048576,2048,hyprefill,256/768/768,graph,14,46.2660,15.2095,46.3149,46.2660,
50,8,1048576,2048,hyprefill,256/768/768,graph,15,46.6992,14.9349,46.7467,46.6992,
50,8,1048576,2048,hyprefill,256/768/768,graph,16,46.6554,14.9349,46.7022,46.6554,
50,8,1048576,2048,hyprefill,256/768/768,graph,17,46.0990,14.9349,46.1507,46.0990,
50,8,1048576,2048,hyprefill,256/768/768,graph,18,46.7828,16.0332,46.8371,46.7828,
50,8,1048576,2048,hyprefill,256/768/768,graph,19,46.8063,15.4841,46.8574,46.8063,
50,8,1048576,2048,hyprefill,256/768/768,graph,20,46.8753,15.2095,46.9258,46.8753,
50,8,1048576,2048,hyprefill,256/768/768,graph,21,46.9990,15.7586,47.0470,46.9990,
50,8,1048576,2048,hyprefill,256/768/768,graph,22,47.3650,15.4841,47.4120,47.3650,
50,8,1048576,2048,hyprefill,256/768/768,graph,23,47.2828,15.4841,47.3304,47.2828,
50,8,1048576,2048,hyprefill,256/768/768,graph,24,46.9454,15.4841,46.9933,46.9454,
50,8,1048576,2048,hyprefill,256/768/768,graph,25,46.5822,15.4841,46.6321,46.5822,
50,8,1048576,2048,hyprefill,256/768/768,graph,26,46.8540,15.7586,46.9018,46.8540,
50,8,1048576,2048,hyprefill,256/768/768,graph,27,46.9069,14.6603,46.9567,46.9069,
50,8,1048576,2048,hyprefill,256/768/768,graph,28,46.3788,15.7586,46.4379,46.3788,
50,8,1048576,2048,hyprefill,256/768/768,graph,29,44.0382,15.7268,44.0945,44.0382,
50,8,1048576,2048,hyprefill,256/768/768,graph,30,46.3191,14.9349,46.3713,46.3191,
50,8,1048576,2048,hyprefill,256/768/768,graph,31,46.1152,15.4841,46.2071,46.1152,
50,8,1048576,2048,hyprefill,256/768/768,graph,32,46.8590,15.4841,46.9109,46.8590,
50,8,1048576,2048,hyprefill,256/768/768,graph,33,44.4492,15.7268,44.4975,44.4492,
50,8,1048576,2048,hyprefill,256/768/768,graph,34,47.2221,15.4841,47.2712,47.2221,
50,8,1048576,2048,hyprefill,256/768/768,graph,35,46.5841,15.2095,46.6342,46.5841,
50,8,1048576,2048,hyprefill,256/768/768,graph,36,47.3554,15.7586,47.4084,47.3554,
50,8,1048576,2048,hyprefill,256/768/768,graph,37,46.0063,14.6603,46.0593,46.0063,
50,8,1048576,2048,hyprefill,256/768/768,graph,38,45.9079,15.4841,45.9715,45.9079,
50,8,1048576,2048,hyprefill,256/768/768,graph,39,43.5127,15.1776,43.5669,43.5127,
50,8,1048576,2048,hyprefill,256/768/768,graph,40,44.2519,15.7268,44.3159,44.2519,
50,8,1048576,2048,hyprefill,256/768/768,graph,41,46.4959,15.7586,46.5477,46.4959,
50,8,1048576,2048,hyprefill,256/768/768,graph,42,46.5248,15.2095,46.5741,46.5248,
50,8,1048576,2048,hyprefill,256/768/768,graph,43,44.1692,16.0014,44.2224,44.1692,
50,8,1048576,2048,hyprefill,256/768/768,graph,44,46.8744,14.6603,46.9261,46.8744,
50,8,1048576,2048,hyprefill,256/768/768,graph,45,47.0245,15.7586,47.0731,47.0245,
50,8,1048576,2048,hyprefill,256/768/768,graph,46,47.0805,15.4841,47.1278,47.0805,
50,8,1048576,2048,hyprefill,256/768/768,graph,47,47.1949,14.9349,47.2492,47.1949,
50,8,1048576,2048,hyprefill,256/768/768,graph,48,46.3107,15.7586,46.3581,46.3107,
50,8,1048576,2048,hyprefill,256/768/768,graph,49,44.0722,15.1776,44.1313,44.0722,
50,8,1048576,2048,hyprefill,256/768/768,graph,50,44.3472,15.4522,44.4015,44.3472,
50,8,1048576,2048,hyprefill,256/768/768,graph,51,46.2211,15.4841,46.2736,46.2211,
50,8,1048576,2048,hyprefill,256/768/768,graph,52,46.3357,15.4841,46.3840,46.3357,
50,8,1048576,2048,hyprefill,256/768/768,graph,53,44.2112,15.7268,44.2587,44.2112,
50,8,1048576,2048,hyprefill,256/768/768,graph,54,44.2859,15.7268,44.3336,44.2859,
50,8,1048576,2048,hyprefill,256/768/768,graph,55,45.9085,15.4841,45.9572,45.9085,
50,8,1048576,2048,hyprefill,256/768/768,graph,56,44.4102,15.4522,44.4562,44.4102,
50,8,1048576,2048,hyprefill,256/768/768,graph,57,46.9731,14.6603,47.0251,46.9731,
50,8,1048576,2048,hyprefill,256/768/768,graph,58,46.3956,15.7586,46.4496,46.3956,
50,8,1048576,2048,hyprefill,256/768/768,graph,59,45.8465,15.2095,45.8996,45.8465,
50,8,1048576,2048,hyprefill,256/768/768,graph,60,45.1368,14.9031,45.1847,45.1368,
50,8,1048576,2048,hyprefill,256/768/768,graph,61,46.3302,16.3078,46.3795,46.3302,
50,8,1048576,2048,hyprefill,256/768/768,graph,62,46.7833,15.2095,46.8306,46.7833,
50,8,1048576,2048,hyprefill,256/768/768,graph,63,43.8328,15.7268,43.8851,43.8328,
50,8,1048576,2048,hyprefill,256/768/768,graph,64,41.0427,15.4204,41.0899,41.0427,
50,8,1048576,2048,hyprefill,256/768/768,graph,65,46.7263,16.0332,46.7775,46.7263,
50,8,1048576,2048,hyprefill,256/768/768,graph,66,46.7386,15.2095,46.7879,46.7386,
50,8,1048576,2048,hyprefill,256/768/768,graph,67,47.2500,15.2095,47.3010,47.2500,
50,8,1048576,2048,hyprefill,256/768/768,graph,68,45.3268,14.9349,45.3764,45.3268,
50,8,1048576,2048,hyprefill,256/768/768,graph,69,47.2778,15.4841,47.3361,47.2778,
50,8,1048576,2048,hyprefill,256/768/768,graph,70,44.5866,14.9031,44.6342,44.5866,
50,8,1048576,2048,hyprefill,256/768/768,graph,71,46.4577,16.0332,46.5058,46.4577,
50,8,1048576,2048,hyprefill,256/768/768,graph,72,46.5154,14.9349,46.5643,46.5154,
50,8,1048576,2048,hyprefill,256/768/768,graph,73,46.3447,15.4841,46.3947,46.3447,
50,8,1048576,2048,hyprefill,256/768/768,graph,74,41.1967,15.4204,41.2479,41.1967,
50,8,1048576,2048,hyprefill,256/768/768,graph,75,46.6493,16.3078,46.6991,46.6493,
50,8,1048576,2048,hyprefill,256/768/768,graph,76,44.4837,15.1776,44.5308,44.4837,
50,8,1048576,2048,hyprefill,256/768/768,graph,77,46.9116,16.0332,46.9590,46.9116,
50,8,1048576,2048,hyprefill,256/768/768,graph,78,46.9318,14.9349,46.9782,46.9318,
50,8,1048576,2048,hyprefill,256/768/768,graph,79,46.0789,15.7586,46.1265,46.0789,
50,8,1048576,2048,hyprefill,256/768/768,graph,80,44.8976,14.9031,44.9519,44.8976,
50,8,1048576,2048,hyprefill,256/768/768,graph,81,45.5830,15.4841,45.6346,45.5830,
50,8,1048576,2048,hyprefill,256/768/768,graph,82,47.0954,14.9349,47.1520,47.0954,
50,8,1048576,2048,hyprefill,256/768/768,graph,83,44.9972,15.4522,45.0441,44.9972,
50,8,1048576,2048,hyprefill,256/768/768,graph,84,41.4913,15.6950,41.5388,41.4913,
50,8,1048576,2048,hyprefill,256/768/768,graph,85,46.3772,15.4841,46.4303,46.3772,
50,8,1048576,2048,hyprefill,256/768/768,graph,86,46.4331,15.2095,46.4838,46.4331,
50,8,1048576,2048,hyprefill,256/768/768,graph,87,46.9807,15.2095,47.0267,46.9807,
50,8,1048576,2048,hyprefill,256/768/768,graph,88,46.6877,15.4841,46.7384,46.6877,
50,8,1048576,2048,hyprefill,256/768/768,graph,89,46.5811,14.9349,46.6276,46.5811,
50,8,1048576,2048,hyprefill,256/768/768,graph,90,46.4580,15.4841,46.5131,46.4580,
50,8,1048576,2048,hyprefill,256/768/768,graph,91,46.8868,15.2095,46.9397,46.8868,
50,8,1048576,2048,hyprefill,256/768/768,graph,92,46.6794,15.4841,46.7270,46.6794,
50,8,1048576,2048,hyprefill,256/768/768,graph,93,43.9803,15.7268,44.0290,43.9803,
50,8,1048576,2048,hyprefill,256/768/768,graph,94,45.2230,15.7268,45.2733,45.2230,
50,8,1048576,2048,hyprefill,256/768/768,graph,95,43.7540,16.2760,43.8006,43.7540,
50,8,1048576,2048,hyprefill,256/768/768,graph,96,44.6096,16.0014,44.6743,44.6096,
50,8,1048576,2048,hyprefill,256/768/768,graph,97,46.6451,14.9349,46.6928,46.6451,
50,8,1048576,2048,hyprefill,256/768/768,graph,98,46.8694,16.0332,46.9235,46.8694,
50,8,1048576,2048,hyprefill,256/768/768,graph,99,46.7418,15.2095,46.7878,46.7418,
50,8,1048576,2048,hyprefill,256/768/768,graph,100,47.2749,15.2095,47.3213,47.2749,
50,8,1048576,2048,hyprefill,256/768/768,graph,101,46.2068,15.4841,46.2570,46.2068,
50,8,1048576,2048,hyprefill,256/768/768,graph,102,46.5233,15.4841,46.5768,46.5233,
50,8,1048576,2048,hyprefill,256/768/768,graph,103,46.3446,15.2095,46.3953,46.3446,
50,8,1048576,2048,hyprefill,256/768/768,graph,104,46.6870,14.9349,46.7382,46.6870,
50,8,1048576,2048,hyprefill,256/768/768,graph,105,43.5845,15.7268,43.6324,43.5845,
50,8,1048576,2048,hyprefill,256/768/768,graph,106,44.1966,15.7268,44.2439,44.1966,
50,8,1048576,2048,hyprefill,256/768/768,graph,107,46.9343,15.7586,46.9774,46.9343,
50,8,1048576,2048,hyprefill,256/768/768,graph,108,46.8888,15.7586,46.9397,46.8888,
50,8,1048576,2048,hyprefill,256/768/768,graph,109,47.5623,16.0332,47.6131,47.5623,
50,8,1048576,2048,hyprefill,256/768/768,graph,110,46.6712,15.2095,46.7200,46.6712,
50,8,1048576,2048,hyprefill,256/768/768,graph,111,47.7998,15.2095,47.8470,47.7998,
50,8,1048576,2048,hyprefill,256/768/768,graph,112,46.7473,15.7586,46.7958,46.7473,
50,8,1048576,2048,hyprefill,256/768/768,graph,113,45.9257,14.9349,45.9749,45.9257,
50,8,1048576,2048,hyprefill,256/768/768,graph,114,47.6583,15.2095,47.7036,47.6583,
50,8,1048576,2048,hyprefill,256/768/768,graph,115,47.2967,15.7586,47.3442,47.2967,
50,8,1048576,2048,hyprefill,256/768/768,graph,116,46.8602,15.4841,46.9117,46.8602,
50,8,1048576,2048,hyprefill,256/768/768,graph,117,44.4397,15.7268,44.4906,44.4397,
50,8,1048576,2048,hyprefill,256/768/768,graph,118,46.3437,15.4841,46.3964,46.3437,
50,8,1048576,2048,hyprefill,256/768/768,graph,119,46.2496,14.9349,46.2973,46.2496,
50,8,1048576,2048,hyprefill,256/768/768,graph,120,46.4526,15.4841,46.5019,46.4526,
50,8,1048576,2048,hyprefill,256/768/768,graph,121,47.1878,14.9349,47.2451,47.1878,
50,8,1048576,2048,hyprefill,256/768/768,graph,122,46.4743,16.3078,46.5257,46.4743,
50,8,1048576,2048,hyprefill,256/768/768,graph,123,47.3433,14.6603,47.3964,47.3433,
50,8,1048576,2048,hyprefill,256/768/768,graph,124,46.4233,16.0332,46.4731,46.4233,
50,8,1048576,2048,hyprefill,256/768/768,graph,125,46.6616,15.2095,46.7156,46.6616,
50,8,1048576,2048,hyprefill,256/768/768,graph,126,46.9347,14.6603,46.9818,46.9347,
50,8,1048576,2048,hyprefill,256/768/768,graph,127,44.4450,16.2760,44.4919,44.4450,
50,8,1048576,2048,hyprefill,256/768/768,graph,128,47.0375,15.2095,47.0853,47.0375,
50,8,1048576,2048,hyprefill,256/768/768,graph,129,44.0603,16.0014,44.1089,44.0603,
50,8,1048576,2048,hyprefill,256/768/768,graph,130,44.0631,16.0014,44.1085,44.0631,
50,8,1048576,2048,hyprefill,256/768/768,graph,131,46.2373,14.6603,46.2848,46.2373,
50,8,1048576,2048,hyprefill,256/768/768,graph,132,46.2377,15.7586,46.2844,46.2377,
50,8,1048576,2048,hyprefill,256/768/768,graph,133,46.4228,14.1111,46.4731,46.4228,
50,8,1048576,2048,hyprefill,256/768/768,graph,134,45.9234,15.7586,45.9757,45.9234,
50,8,1048576,2048,hyprefill,256/768/768,graph,135,47.2508,14.9349,47.3050,47.2508,
50,8,1048576,2048,hyprefill,256/768/768,graph,136,46.3310,15.2095,46.3787,46.3310,
50,8,1048576,2048,hyprefill,256/768/768,graph,137,41.2468,15.9696,41.2922,41.2468,
50,8,1048576,2048,hyprefill,256/768/768,graph,138,46.7370,15.2095,46.7846,46.7370,
50,8,1048576,2048,hyprefill,256/768/768,graph,139,46.3540,16.0332,46.4007,46.3540,
50,8,1048576,2048,hyprefill,256/768/768,graph,140,44.3509,15.4522,44.3966,44.3509,
50,8,1048576,2048,hyprefill,256/768/768,graph,141,44.2374,15.7268,44.2836,44.2374,
50,8,1048576,2048,hyprefill,256/768/768,graph,142,44.7955,16.0014,44.8409,44.7955,
50,8,1048576,2048,hyprefill,256/768/768,graph,143,47.2053,15.2095,47.2515,47.2053,
50,8,1048576,2048,hyprefill,256/768/768,graph,144,47.1112,15.7586,47.1577,47.1112,
50,8,1048576,2048,hyprefill,256/768/768,graph,145,46.7323,15.2095,46.7783,46.7323,
50,8,1048576,2048,hyprefill,256/768/768,graph,146,44.7441,15.4522,44.7910,44.7441,
50,8,1048576,2048,hyprefill,256/768/768,graph,147,41.2592,15.4204,41.3042,41.2592,
50,8,1048576,2048,hyprefill,256/768/768,graph,148,46.3697,15.4841,46.4166,46.3697,
50,8,1048576,2048,hyprefill,256/768/768,graph,149,46.4152,15.4841,46.4616,46.4152,
50,8,1048576,2048,hyprefill,256/768/768,graph,150,46.6743,15.7586,46.7264,46.6743,
50,8,1048576,2048,hyprefill,256/768/768,graph,151,44.2853,15.1776,44.3407,44.2853,
50,8,1048576,2048,hyprefill,256/768/768,graph,152,43.9747,16.2760,44.0222,43.9747,
50,8,1048576,2048,hyprefill,256/768/768,graph,153,46.9325,15.2095,46.9788,46.9325,
50,8,1048576,2048,hyprefill,256/768/768,graph,154,45.9963,14.9349,46.0501,45.9963,
50,8,1048576,2048,hyprefill,256/768/768,graph,155,47.0228,15.2095,47.0687,47.0228,
50,8,1048576,2048,hyprefill,256/768/768,graph,156,46.0703,14.9349,46.1195,46.0703,
50,8,1048576,2048,hyprefill,256/768/768,graph,157,41.1686,15.6950,41.2152,41.1686,
50,8,1048576,2048,hyprefill,256/768/768,graph,158,46.6250,14.6603,46.6698,46.6250,
50,8,1048576,2048,hyprefill,256/768/768,graph,159,46.1677,16.0332,46.2145,46.1677,
50,8,1048576,2048,hyprefill,256/768/768,graph,160,46.3198,14.9349,46.3669,46.3198,
50,8,1048576,2048,hyprefill,256/768/768,graph,161,43.7645,15.7268,43.8122,43.7645,
50,8,1048576,2048,hyprefill,256/768/768,graph,162,41.7132,15.9696,41.7590,41.7132,
50,8,1048576,2048,hyprefill,256/768/768,graph,163,46.9076,16.0332,46.9561,46.9076,
50,8,1048576,2048,hyprefill,256/768/768,graph,164,47.4457,14.9349,47.4966,47.4457,
50,8,1048576,2048,hyprefill,256/768/768,graph,165,46.2421,15.7586,46.2910,46.2421,
50,8,1048576,2048,hyprefill,256/768/768,graph,166,46.0103,14.6603,46.0674,46.0103,
50,8,1048576,2048,hyprefill,256/768/768,graph,167,43.6870,15.4522,43.7335,43.6870,
50,8,1048576,2048,hyprefill,256/768/768,graph,168,43.9354,15.4522,43.9795,43.9354,
50,8,1048576,2048,hyprefill,256/768/768,graph,169,47.0074,15.4841,47.0544,47.0074,
50,8,1048576,2048,hyprefill,256/768/768,graph,170,47.2992,15.4841,47.3474,47.2992,
50,8,1048576,2048,hyprefill,256/768/768,graph,171,44.2140,15.4522,44.2607,44.2140,
50,8,1048576,2048,hyprefill,256/768/768,graph,172,38.3544,16.2124,38.3966,38.3544,
50,8,1048576,2048,hyprefill,256/768/768,graph,173,44.4162,15.4522,44.4731,44.4162,
50,8,1048576,2048,hyprefill,256/768/768,graph,174,46.8539,15.7586,46.9080,46.8539,
50,8,1048576,2048,hyprefill,256/768/768,graph,175,46.9487,14.9349,46.9951,46.9487,
50,8,1048576,2048,hyprefill,256/768/768,graph,176,46.6271,15.4841,46.6752,46.6271,
50,8,1048576,2048,hyprefill,256/768/768,graph,177,46.6446,14.6603,46.6919,46.6446,
50,8,1048576,2048,hyprefill,256/768/768,graph,178,46.4377,15.7586,46.4855,46.4377,
50,8,1048576,2048,hyprefill,256/768/768,graph,179,47.1628,14.6603,47.2097,47.1628,
50,8,1048576,2048,hyprefill,256/768/768,graph,180,46.1484,15.2095,46.1948,46.1484,
50,8,1048576,2048,hyprefill,256/768/768,graph,181,44.2695,15.4522,44.3162,44.2695,
50,8,1048576,2048,hyprefill,256/768/768,graph,182,41.1444,16.5188,41.1914,41.1444,
50,8,1048576,2048,hyprefill,256/768/768,graph,183,41.9180,15.6950,41.9642,41.9180,
50,8,1048576,2048,hyprefill,256/768/768,graph,184,46.5881,15.7586,46.6384,46.5881,
50,8,1048576,2048,hyprefill,256/768/768,graph,185,47.1695,15.2095,47.2177,47.1695,
50,8,1048576,2048,hyprefill,256/768/768,graph,186,46.5621,15.4841,46.6106,46.5621,
50,8,1048576,2048,hyprefill,256/768/768,graph,187,47.4008,15.7586,47.4483,47.4008,
50,8,1048576,2048,hyprefill,256/768/768,graph,188,46.8072,14.6603,46.8609,46.8072,
50,8,1048576,2048,hyprefill,256/768/768,graph,189,45.7227,15.2095,45.7788,45.7227,
50,8,1048576,2048,hyprefill,256/768/768,graph,190,45.7357,14.9349,45.7897,45.7357,
50,8,1048576,2048,hyprefill,256/768/768,graph,191,46.6344,14.9349,46.6854,46.6344,
50,8,1048576,2048,hyprefill,256/768/768,graph,192,40.7093,15.9696,40.7613,40.7093,
50,8,1048576,2048,hyprefill,256/768/768,graph,193,41.4285,15.9696,41.4788,41.4285,
50,8,1048576,2048,hyprefill,256/768/768,graph,194,46.8827,15.4841,46.9306,46.8827,
50,8,1048576,2048,hyprefill,256/768/768,graph,195,46.8960,16.0332,46.9444,46.8960,
50,8,1048576,2048,hyprefill,256/768/768,graph,196,46.2995,14.9349,46.3451,46.2995,
50,8,1048576,2048,hyprefill,256/768/768,graph,197,46.3958,14.6603,46.4446,46.3958,
50,8,1048576,2048,hyprefill,256/768/768,graph,198,46.2468,15.4841,46.2981,46.2468,
50,8,1048576,2048,hyprefill,256/768/768,graph,199,46.9980,15.2095,47.0486,46.9980,
50,8,1048576,2048,hyprefill,512/2048/2048,graph,0,45.9652,14.0156,46.0169,45.9652,
50,8,1048576,2048,hyprefill,512/2048/2048,graph,1,45.5944,14.5648,45.6513,45.5944,
50,8,1048576,2048,hyprefill,512/2048/2048,graph,2,45.1730,14.5648,45.2279,45.1730,
50,8,1048576,2048,hyprefill,512/2048/2048,graph,3,40.2942,14.2584,40.3435,40.2942,
50,8,1048576,2048,hyprefill,512/2048/2048,graph,4,44.3350,14.2902,44.3855,44.3350,
50,8,1048576,2048,hyprefill,512/2048/2048,graph,5,44.8770,13.7410,44.9257,44.8770,
50,8,1048576,2048,hyprefill,512/2048/2048,graph,6,44.8092,14.2902,44.8639,44.8092,
50,8,1048576,2048,hyprefill,512/2048/2048,graph,7,44.6062,14.0156,44.6601,44.6062,
50,8,1048576,2048,hyprefill,512/2048/2048,graph,8,40.6797,14.5330,40.7340,40.6797,
50,8,1048576,2048,hyprefill,512/2048/2048,graph,9,40.3866,14.8076,40.4359,40.3866,
50,8,1048576,2048,hyprefill,512/2048/2048,graph,10,40.3199,14.8076,40.3663,40.3199,
50,8,1048576,2048,hyprefill,512/2048/2048,graph,11,44.5904,14.2902,44.6398,44.5904,
50,8,1048576,2048,hyprefill,512/2048/2048,graph,12,45.3652,13.7410,45.4181,45.3652,
50,8,1048576,2048,hyprefill,512/2048/2048,graph,13,44.8449,14.5648,44.8972,44.8449,
50,8,1048576,2048,hyprefill,512/2048/2048,graph,14,40.2239,13.9838,40.2713,40.2239,
50,8,1048576,2048,hyprefill,512/2048/2048,graph,15,44.8883,14.0156,44.9369,44.8883,
50,8,1048576,2048,hyprefill,512/2048/2048,graph,16,44.5309,13.7410,44.5797,44.5309,
50,8,1048576,2048,hyprefill,512/2048/2048,graph,17,46.8130,14.2902,46.8598,46.8130,
50,8,1048576,2048,hyprefill,512/2048/2048,graph,18,44.6168,14.0156,44.6632,44.6168,
50,8,1048576,2048,hyprefill,512/2048/2048,graph,19,46.2804,14.2902,46.3270,46.2804,
50,8,1048576,2048,hyprefill,512/2048/2048,graph,20,45.3329,14.2902,45.3804,45.3329,
50,8,1048576,2048,hyprefill,512/2048/2048,graph,21,45.2606,14.5648,45.3093,45.2606,
50,8,1048576,2048,hyprefill,512/2048/2048,graph,22,45.0592,14.0156,45.1162,45.0592,
50,8,1048576,2048,hyprefill,512/2048/2048,graph,23,44.9573,14.2902,45.0101,44.9573,
50,8,1048576,2048,hyprefill,512/2048/2048,graph,24,45.1460,14.2902,45.1999,45.1460,
50,8,1048576,2048,hyprefill,512/2048/2048,graph,25,40.6483,14.5330,40.6969,40.6483,
50,8,1048576,2048,hyprefill,512/2048/2048,graph,26,44.6043,14.2902,44.6546,44.6043,
50,8,1048576,2048,hyprefill,512/2048/2048,graph,27,45.4791,13.7410,45.5467,45.4791,
50,8,1048576,2048,hyprefill,512/2048/2048,graph,28,44.8699,14.5648,44.9243,44.8699,
50,8,1048576,2048,hyprefill,512/2048/2048,graph,29,46.3268,13.4665,46.3833,46.3268,
50,8,1048576,2048,hyprefill,512/2048/2048,graph,30,44.8370,14.5648,44.8894,44.8370,
50,8,1048576,2048,hyprefill,512/2048/2048,graph,31,40.7085,14.2584,40.7602,40.7085,
50,8,1048576,2048,hyprefill,512/2048/2048,graph,32,44.9823,14.5648,45.0392,44.9823,
50,8,1048576,2048,hyprefill,512/2048/2048,graph,33,45.0938,14.0156,45.1451,45.0938,
50,8,1048576,2048,hyprefill,512/2048/2048,graph,34,46.2188,13.7410,46.2740,46.2188,
50,8,1048576,2048,hyprefill,512/2048/2048,graph,35,45.2813,15.1140,45.3296,45.2813,
50,8,1048576,2048,hyprefill,512/2048/2048,graph,36,45.4814,13.7410,45.5306,45.4814,
50,8,1048576,2048,hyprefill,512/2048/2048,graph,37,45.1451,14.8394,45.1937,45.1451,
50,8,1048576,2048,hyprefill,512/2048/2048,graph,38,44.8659,13.4665,44.9154,44.8659,
50,8,1048576,2048,hyprefill,512/2048/2048,graph,39,44.5763,14.2902,44.6238,44.5763,
50,8,1048576,2048,hyprefill,512/2048/2048,graph,40,44.5318,13.4665,44.5820,44.5318,
50,8,1048576,2048,hyprefill,512/2048/2048,graph,41,44.5284,14.2902,44.5774,44.5284,
50,8,1048576,2048,hyprefill,512/2048/2048,graph,42,40.5955,14.2584,40.6426,40.5955,
50,8,1048576,2048,hyprefill,512/2048/2048,graph,43,44.7065,14.2902,44.7633,44.7065,
50,8,1048576,2048,hyprefill,512/2048/2048,graph,44,40.0798,14.5330,40.1374,40.0798,
50,8,1048576,2048,hyprefill,512/2048/2048,graph,45,40.2137,14.8076,40.2667,40.2137,
50,8,1048576,2048,hyprefill,512/2048/2048,graph,46,40.5331,15.0822,40.5845,40.5331,
50,8,1048576,2048,hyprefill,512/2048/2048,graph,47,41.6324,15.0822,41.6904,41.6324,
50,8,1048576,2048,hyprefill,512/2048/2048,graph,48,46.7561,14.5648,46.8110,46.7561,
50,8,1048576,2048,hyprefill,512/2048/2048,graph,49,45.5140,14.2902,45.5708,45.5140,
50,8,1048576,2048,hyprefill,512/2048/2048,graph,50,45.4620,14.2902,45.5103,45.4620,
50,8,1048576,2048,hyprefill,512/2048/2048,graph,51,44.8035,14.0156,44.8618,44.8035,
50,8,1048576,2048,hyprefill,512/2048/2048,graph,52,46.7733,14.2902,46.8225,46.7733,
50,8,1048576,2048,hyprefill,512/2048/2048,graph,53,46.0035,14.0156,46.0513,46.0035,
50,8,1048576,2048,hyprefill,512/2048/2048,graph,54,44.9410,14.2902,44.9883,44.9410,
50,8,1048576,2048,hyprefill,512/2048/2048,graph,55,45.3234,14.5648,45.3718,45.3234,
50,8,1048576,2048,hyprefill,512/2048/2048,graph,56,40.1180,13.9838,40.1661,40.1180,
50,8,1048576,2048,hyprefill,512/2048/2048,graph,57,44.6350,14.5648,44.6859,44.6350,
50,8,1048576,2048,hyprefill,512/2048/2048,graph,58,40.5983,14.5330,40.6477,40.5983,
50,8,1048576,2048,hyprefill,512/2048/2048,graph,59,46.0526,14.8394,46.1001,46.0526,
50,8,1048576,2048,hyprefill,512/2048/2048,graph,60,45.4523,14.0156,45.5056,45.4523,
50,8,1048576,2048,hyprefill,512/2048/2048,graph,61,45.4600,15.1140,45.5094,45.4600,
50,8,1048576,2048,hyprefill,512/2048/2048,graph,62,45.1900,14.0156,45.2375,45.1900,
50,8,1048576,2048,hyprefill,512/2048/2048,graph,63,45.0499,13.7410,45.1118,45.0499,
50,8,1048576,2048,hyprefill,512/2048/2048,graph,64,39.9435,14.5330,39.9928,39.9435,
50,8,1048576,2048,hyprefill,512/2048/2048,graph,65,45.4878,14.2902,45.5380,45.4878,
50,8,1048576,2048,hyprefill,512/2048/2048,graph,66,45.3550,14.5648,45.4039,45.3550,
50,8,1048576,2048,hyprefill,512/2048/2048,graph,67,44.9820,14.0156,45.0338,44.9820,
50,8,1048576,2048,hyprefill,512/2048/2048,graph,68,44.6898,14.2902,44.7399,44.6898,
50,8,1048576,2048,hyprefill,512/2048/2048,graph,69,40.6608,14.2584,40.7085,40.6608,
50,8,1048576,2048,hyprefill,512/2048/2048,graph,70,45.4955,14.8394,45.5461,45.4955,
50,8,1048576,2048,hyprefill,512/2048/2048,graph,71,45.5132,13.4665,45.5743,45.5132,
50,8,1048576,2048,hyprefill,512/2048/2048,graph,72,44.9734,14.8394,45.0271,44.9734,
50,8,1048576,2048,hyprefill,512/2048/2048,graph,73,40.8105,13.9838,40.8722,40.8105,
50,8,1048576,2048,hyprefill,512/2048/2048,graph,74,45.1375,14.2902,45.1889,45.1375,
50,8,1048576,2048,hyprefill,512/2048/2048,graph,75,44.7580,13.7410,44.8076,44.7580,
50,8,1048576,2048,hyprefill,512/2048/2048,graph,76,44.7860,14.5648,44.8347,44.7860,
50,8,1048576,2048,hyprefill,512/2048/2048,graph,77,45.4572,14.0156,45.5059,45.4572,
50,8,1048576,2048,hyprefill,512/2048/2048,graph,78,44.8999,14.0156,44.9593,44.8999,
50,8,1048576,2048,hyprefill,512/2048/2048,graph,79,45.4085,14.0156,45.4596,45.4085,
50,8,1048576,2048,hyprefill,512/2048/2048,graph,80,40.8434,14.8076,40.8936,40.8434,
50,8,1048576,2048,hyprefill,512/2048/2048,graph,81,45.2692,14.0156,45.3199,45.2692,
50,8,1048576,2048,hyprefill,512/2048/2048,graph,82,44.9225,13.7410,44.9794,44.9225,
50,8,1048576,2048,hyprefill,512/2048/2048,graph,83,40.2937,15.0822,40.3422,40.2937,
50,8,1048576,2048,hyprefill,512/2048/2048,graph,84,40.7123,14.5330,40.7602,40.7123,
50,8,1048576,2048,hyprefill,512/2048/2048,graph,85,44.5133,13.7410,44.5754,44.5133,
50,8,1048576,2048,hyprefill,512/2048/2048,graph,86,45.6024,14.0156,45.6578,45.6024,
50,8,1048576,2048,hyprefill,512/2048/2048,graph,87,45.6308,14.0156,45.6798,45.6308,
50,8,1048576,2048,hyprefill,512/2048/2048,graph,88,44.8901,14.0156,44.9407,44.8901,
50,8,1048576,2048,hyprefill,512/2048/2048,graph,89,44.9992,14.0156,45.0483,44.9992,
50,8,1048576,2048,hyprefill,512/2048/2048,graph,90,44.7046,14.5648,44.7534,44.7046,
50,8,1048576,2048,hyprefill,512/2048/2048,graph,91,45.0450,14.0156,45.0938,45.0450,
50,8,1048576,2048,hyprefill,512/2048/2048,graph,92,44.7697,14.2902,44.8229,44.7697,
50,8,1048576,2048,hyprefill,512/2048/2048,graph,93,45.3892,13.7410,45.4599,45.3892,
50,8,1048576,2048,hyprefill,512/2048/2048,graph,94,45.2102,14.5648,45.2593,45.2102,
50,8,1048576,2048,hyprefill,512/2048/2048,graph,95,45.2187,14.0156,45.2680,45.2187,
50,8,1048576,2048,hyprefill,512/2048/2048,graph,96,44.8356,14.2902,44.8844,44.8356,
50,8,1048576,2048,hyprefill,512/2048/2048,graph,97,45.9161,14.0156,45.9748,45.9161,
50,8,1048576,2048,hyprefill,512/2048/2048,graph,98,45.1938,14.2902,45.2458,45.1938,
50,8,1048576,2048,hyprefill,512/2048/2048,graph,99,44.5853,13.7410,44.6345,44.5853,
50,8,1048576,2048,hyprefill,512/2048/2048,graph,100,45.1252,13.7410,45.1755,45.1252,
50,8,1048576,2048,hyprefill,512/2048/2048,graph,101,45.1889,14.2902,45.2380,45.1889,
50,8,1048576,2048,hyprefill,512/2048/2048,graph,102,45.4488,14.0156,45.4975,45.4488,
50,8,1048576,2048,hyprefill,512/2048/2048,graph,103,45.2280,14.8394,45.2779,45.2280,
50,8,1048576,2048,hyprefill,512/2048/2048,graph,104,45.2242,14.0156,45.2726,45.2242,
50,8,1048576,2048,hyprefill,512/2048/2048,graph,105,45.4640,14.8394,45.5153,45.4640,
50,8,1048576,2048,hyprefill,512/2048/2048,graph,106,41.3172,14.2584,41.3638,41.3172,
50,8,1048576,2048,hyprefill,512/2048/2048,graph,107,44.9055,14.5648,44.9541,44.9055,
50,8,1048576,2048,hyprefill,512/2048/2048,graph,108,44.5919,14.0156,44.6439,44.5919,
50,8,1048576,2048,hyprefill,512/2048/2048,graph,109,44.7165,13.7410,44.7680,44.7165,
50,8,1048576,2048,hyprefill,512/2048/2048,graph,110,44.2942,14.5648,44.3470,44.2942,
50,8,1048576,2048,hyprefill,512/2048/2048,graph,111,44.6174,13.4665,44.6654,44.6174,
50,8,1048576,2048,hyprefill,512/2048/2048,graph,112,44.6705,14.0156,44.7194,44.6705,
50,8,1048576,2048,hyprefill,512/2048/2048,graph,113,45.1015,14.2902,45.1516,45.1015,
50,8,1048576,2048,hyprefill,512/2048/2048,graph,114,45.6474,14.0156,45.6958,45.6474,
50,8,1048576,2048,hyprefill,512/2048/2048,graph,115,40.9185,14.2584,40.9711,40.9185,
50,8,1048576,2048,hyprefill,512/2048/2048,graph,116,40.4595,15.3568,40.5065,40.4595,
50,8,1048576,2048,hyprefill,512/2048/2048,graph,117,41.0872,14.5330,41.1365,41.0872,
50,8,1048576,2048,hyprefill,512/2048/2048,graph,118,46.0685,14.8394,46.1185,46.0685,
50,8,1048576,2048,hyprefill,512/2048/2048,graph,119,46.2996,14.2902,46.3620,46.2996,
50,8,1048576,2048,hyprefill,512/2048/2048,graph,120,45.4944,14.5648,45.5407,45.4944,
50,8,1048576,2048,hyprefill,512/2048/2048,graph,121,44.9684,14.0156,45.0177,44.9684,
50,8,1048576,2048,hyprefill,512/2048/2048,graph,122,45.8189,14.0156,45.8668,45.8189,
50,8,1048576,2048,hyprefill,512/2048/2048,graph,123,45.2039,14.0156,45.2519,45.2039,
50,8,1048576,2048,hyprefill,512/2048/2048,graph,124,44.5046,14.2902,44.5532,44.5046,
50,8,1048576,2048,hyprefill,512/2048/2048,graph,125,45.4222,14.2902,45.4793,45.4222,
50,8,1048576,2048,hyprefill,512/2048/2048,graph,126,45.4893,13.7410,45.5424,45.4893,
50,8,1048576,2048,hyprefill,512/2048/2048,graph,127,40.1057,14.8076,40.1539,40.1057,
50,8,1048576,2048,hyprefill,512/2048/2048,graph,128,40.6619,14.5330,40.7108,40.6619,
50,8,1048576,2048,hyprefill,512/2048/2048,graph,129,44.7422,14.0156,44.7911,44.7422,
50,8,1048576,2048,hyprefill,512/2048/2048,graph,130,44.5721,13.7410,44.6190,44.5721,
50,8,1048576,2048,hyprefill,512/2048/2048,graph,131,44.5906,14.8394,44.6384,44.5906,
50,8,1048576,2048,hyprefill,512/2048/2048,graph,132,45.2245,13.7410,45.2722,45.2245,
50,8,1048576,2048,hyprefill,512/2048/2048,graph,133,45.3896,13.7410,45.4386,45.3896,
50,8,1048576,2048,hyprefill,512/2048/2048,graph,134,44.7142,14.0156,44.7706,44.7142,
50,8,1048576,2048,hyprefill,512/2048/2048,graph,135,44.6565,14.2902,44.7068,44.6565,
50,8,1048576,2048,hyprefill,512/2048/2048,graph,136,45.0967,13.7410,45.1471,45.0967,
50,8,1048576,2048,hyprefill,512/2048/2048,graph,137,45.1372,14.0156,45.1861,45.1372,
50,8,1048576,2048,hyprefill,512/2048/2048,graph,138,40.3575,14.8076,40.4046,40.3575,
50,8,1048576,2048,hyprefill,512/2048/2048,graph,139,41.1070,15.0822,41.1540,41.1070,
50,8,1048576,2048,hyprefill,512/2048/2048,graph,140,46.0719,14.8394,46.1249,46.0719,
50,8,1048576,2048,hyprefill,512/2048/2048,graph,141,45.7953,14.0156,45.8428,45.7953,
50,8,1048576,2048,hyprefill,512/2048/2048,graph,142,45.5964,14.5648,45.6464,45.5964,
50,8,1048576,2048,hyprefill,512/2048/2048,graph,143,41.2400,14.5330,41.2882,41.2400,
50,8,1048576,2048,hyprefill,512/2048/2048,graph,144,45.9563,14.2902,46.0083,45.9563,
50,8,1048576,2048,hyprefill,512/2048/2048,graph,145,44.8605,14.0156,44.9094,44.8605,
50,8,1048576,2048,hyprefill,512/2048/2048,graph,146,45.0407,14.2902,45.0920,45.0407,
50,8,1048576,2048,hyprefill,512/2048/2048,graph,147,45.2292,14.0156,45.2784,45.2292,
50,8,1048576,2048,hyprefill,512/2048/2048,graph,148,40.8164,13.9838,40.8634,40.8164,
50,8,1048576,2048,hyprefill,512/2048/2048,graph,149,40.6528,15.3568,40.7041,40.6528,
50,8,1048576,2048,hyprefill,512/2048/2048,graph,150,41.1888,14.5330,41.2361,41.1888,
50,8,1048576,2048,hyprefill,512/2048/2048,graph,151,44.9403,14.5648,44.9896,44.9403,
50,8,1048576,2048,hyprefill,512/2048/2048,graph,152,45.1569,13.7410,45.2060,45.1569,
50,8,1048576,2048,hyprefill,512/2048/2048,graph,153,44.8837,14.5648,44.9398,44.8837,
50,8,1048576,2048,hyprefill,512/2048/2048,graph,154,44.7449,14.0156,44.7930,44.7449,
50,8,1048576,2048,hyprefill,512/2048/2048,graph,155,46.0827,13.7410,46.1307,46.0827,
50,8,1048576,2048,hyprefill,512/2048/2048,graph,156,45.9869,14.5648,46.0345,45.9869,
50,8,1048576,2048,hyprefill,512/2048/2048,graph,157,45.4585,14.5648,45.5123,45.4585,
50,8,1048576,2048,hyprefill,512/2048/2048,graph,158,45.0059,14.2902,45.0555,45.0059,
50,8,1048576,2048,hyprefill,512/2048/2048,graph,159,44.8631,13.7410,44.9118,44.8631,
50,8,1048576,2048,hyprefill,512/2048/2048,graph,160,46.3538,14.0156,46.4018,46.3538,
50,8,1048576,2048,hyprefill,512/2048/2048,graph,161,40.1753,14.5330,40.2232,40.1753,
50,8,1048576,2048,hyprefill,512/2048/2048,graph,162,45.0577,14.2902,45.1084,45.0577,
50,8,1048576,2048,hyprefill,512/2048/2048,graph,163,40.4220,14.2584,40.4715,40.4220,
50,8,1048576,2048,hyprefill,512/2048/2048,graph,164,40.1865,15.0822,40.2334,40.1865,
50,8,1048576,2048,hyprefill,512/2048/2048,graph,165,40.8432,14.8076,40.8972,40.8432,
50,8,1048576,2048,hyprefill,512/2048/2048,graph,166,44.4546,14.2902,44.5046,44.4546,
50,8,1048576,2048,hyprefill,512/2048/2048,graph,167,46.2901,14.0156,46.3383,46.2901,
50,8,1048576,2048,hyprefill,512/2048/2048,graph,168,45.9884,14.5648,46.0417,45.9884,
50,8,1048576,2048,hyprefill,512/2048/2048,graph,169,45.6185,14.2902,45.6644,45.6185,
50,8,1048576,2048,hyprefill,512/2048/2048,graph,170,44.9206,13.7410,44.9688,44.9206,
50,8,1048576,2048,hyprefill,512/2048/2048,graph,171,45.7129,14.2902,45.7591,45.7129,
50,8,1048576,2048,hyprefill,512/2048/2048,graph,172,45.2649,14.2902,45.3099,45.2649,
50,8,1048576,2048,hyprefill,512/2048/2048,graph,173,45.4052,14.2902,45.4518,45.4052,
50,8,1048576,2048,hyprefill,512/2048/2048,graph,174,45.7829,13.7410,45.8317,45.7829,
50,8,1048576,2048,hyprefill,512/2048/2048,graph,175,39.9088,14.8076,39.9558,39.9088,
50,8,1048576,2048,hyprefill,512/2048/2048,graph,176,40.4240,14.8076,40.4703,40.4240,
50,8,1048576,2048,hyprefill,512/2048/2048,graph,177,44.9017,14.0156,44.9485,44.9017,
50,8,1048576,2048,hyprefill,512/2048/2048,graph,178,44.8082,14.2902,44.8639,44.8082,
50,8,1048576,2048,hyprefill,512/2048/2048,graph,179,42.2058,14.8076,42.2503,42.2058,
50,8,1048576,2048,hyprefill,512/2048/2048,graph,180,40.6980,15.0822,40.7556,40.6980,
50,8,1048576,2048,hyprefill,512/2048/2048,graph,181,45.2604,13.7410,45.3106,45.2604,
50,8,1048576,2048,hyprefill,512/2048/2048,graph,182,44.2865,14.0156,44.3357,44.2865,
50,8,1048576,2048,hyprefill,512/2048/2048,graph,183,45.1517,13.7410,45.1985,45.1517,
50,8,1048576,2048,hyprefill,512/2048/2048,graph,184,44.6328,14.0156,44.6806,44.6328,
50,8,1048576,2048,hyprefill,512/2048/2048,graph,185,46.5579,13.7410,46.6043,46.5579,
50,8,1048576,2048,hyprefill,512/2048/2048,graph,186,45.9645,15.1140,46.0115,45.9645,
50,8,1048576,2048,hyprefill,512/2048/2048,graph,187,45.4192,14.0156,45.4711,45.4192,
50,8,1048576,2048,hyprefill,512/2048/2048,graph,188,45.1052,14.2902,45.1722,45.1052,
50,8,1048576,2048,hyprefill,512/2048/2048,graph,189,40.0836,14.5330,40.1300,40.0836,
50,8,1048576,2048,hyprefill,512/2048/2048,graph,190,44.5647,14.8394,44.6117,44.5647,
50,8,1048576,2048,hyprefill,512/2048/2048,graph,191,41.1831,13.9838,41.2280,41.1831,
50,8,1048576,2048,hyprefill,512/2048/2048,graph,192,45.4152,14.5648,45.4651,45.4152,
50,8,1048576,2048,hyprefill,512/2048/2048,graph,193,45.1407,13.7410,45.1928,45.1407,
50,8,1048576,2048,hyprefill,512/2048/2048,graph,194,44.7884,15.1140,44.8422,44.7884,
50,8,1048576,2048,hyprefill,512/2048/2048,graph,195,45.0419,13.7410,45.0913,45.0419,
50,8,1048576,2048,hyprefill,512/2048/2048,graph,196,45.0510,13.7410,45.0978,45.0510,
50,8,1048576,2048,hyprefill,512/2048/2048,graph,197,45.2646,14.5648,45.3105,45.2646,
50,8,1048576,2048,hyprefill,512/2048/2048,graph,198,45.2527,13.7410,45.3001,45.2527,
50,8,1048576,2048,hyprefill,512/2048/2048,graph,199,45.7390,14.2902,45.7867,45.7390,
50,8,1048576,2048,hyprefill,256/1536/1536,graph,0,47.1244,14.9349,47.1744,47.1244,
50,8,1048576,2048,hyprefill,256/1536/1536,graph,1,47.1210,15.2095,47.1665,47.1210,
50,8,1048576,2048,hyprefill,256/1536/1536,graph,2,47.1793,14.9349,47.2242,47.1793,
50,8,1048576,2048,hyprefill,256/1536/1536,graph,3,46.3668,14.3857,46.4132,46.3668,
50,8,1048576,2048,hyprefill,256/1536/1536,graph,4,46.1845,14.9349,46.2325,46.1845,
50,8,1048576,2048,hyprefill,256/1536/1536,graph,5,46.8127,14.9349,46.8590,46.8127,
50,8,1048576,2048,hyprefill,256/1536/1536,graph,6,46.9137,14.9349,46.9622,46.9137,
50,8,1048576,2048,hyprefill,256/1536/1536,graph,7,46.8674,15.2095,46.9179,46.8674,
50,8,1048576,2048,hyprefill,256/1536/1536,graph,8,47.8524,15.2095,47.9028,47.8524,
50,8,1048576,2048,hyprefill,256/1536/1536,graph,9,47.3802,15.2095,47.4308,47.3802,
50,8,1048576,2048,hyprefill,256/1536/1536,graph,10,47.5581,14.9349,47.6060,47.5581,
50,8,1048576,2048,hyprefill,256/1536/1536,graph,11,46.1843,14.6603,46.2365,46.1843,
50,8,1048576,2048,hyprefill,256/1536/1536,graph,12,46.7898,14.3857,46.8430,46.7898,
50,8,1048576,2048,hyprefill,256/1536/1536,graph,13,46.4983,14.9349,46.5479,46.4983,
50,8,1048576,2048,hyprefill,256/1536/1536,graph,14,47.1978,14.9349,47.2479,47.1978,
50,8,1048576,2048,hyprefill,256/1536/1536,graph,15,46.6390,14.9349,46.7009,46.6390,
50,8,1048576,2048,hyprefill,256/1536/1536,graph,16,47.1687,15.2095,47.2218,47.1687,
50,8,1048576,2048,hyprefill,256/1536/1536,graph,17,47.1793,15.2095,47.2253,47.1793,
50,8,1048576,2048,hyprefill,256/1536/1536,graph,18,46.9588,15.2095,47.0104,46.9588,
50,8,1048576,2048,hyprefill,256/1536/1536,graph,19,46.5339,14.9349,46.5878,46.5339,
50,8,1048576,2048,hyprefill,256/1536/1536,graph,20,46.3121,14.3857,46.3601,46.3121,
50,8,1048576,2048,hyprefill,256/1536/1536,graph,21,46.5656,14.9349,46.6130,46.5656,
50,8,1048576,2048,hyprefill,256/1536/1536,graph,22,47.2817,14.9349,47.3277,47.2817,
50,8,1048576,2048,hyprefill,256/1536/1536,graph,23,46.6542,14.9349,46.7045,46.6542,
50,8,1048576,2048,hyprefill,256/1536/1536,graph,24,46.9150,14.9349,46.9663,46.9150,
50,8,1048576,2048,hyprefill,256/1536/1536,graph,25,46.9931,15.2095,47.0395,46.9931,
50,8,1048576,2048,hyprefill,256/1536/1536,graph,26,47.2312,14.6603,47.2783,47.2312,
50,8,1048576,2048,hyprefill,256/1536/1536,graph,27,46.4440,14.9349,46.4920,46.4440,
50,8,1048576,2048,hyprefill,256/1536/1536,graph,28,46.2660,14.3857,46.3111,46.2660,
50,8,1048576,2048,hyprefill,256/1536/1536,graph,29,46.4517,14.9349,46.4969,46.4517,
50,8,1048576,2048,hyprefill,256/1536/1536,graph,30,46.7882,14.3857,46.8338,46.7882,
50,8,1048576,2048,hyprefill,256/1536/1536,graph,31,46.5002,14.9349,46.5543,46.5002,
50,8,1048576,2048,hyprefill,256/1536/1536,graph,32,47.0194,14.9349,47.0690,47.0194,
50,8,1048576,2048,hyprefill,256/1536/1536,graph,33,46.8092,15.2095,46.8658,46.8092,
50,8,1048576,2048,hyprefill,256/1536/1536,graph,34,47.2659,14.6603,47.3142,47.2659,
50,8,1048576,2048,hyprefill,256/1536/1536,graph,35,45.9181,14.6603,45.9703,45.9181,
50,8,1048576,2048,hyprefill,256/1536/1536,graph,36,46.1072,14.6603,46.1535,46.1072,
50,8,1048576,2048,hyprefill,256/1536/1536,graph,37,46.6489,14.6603,46.6957,46.6489,
50,8,1048576,2048,hyprefill,256/1536/1536,graph,38,46.2755,14.9349,46.3217,46.2755,
50,8,1048576,2048,hyprefill,256/1536/1536,graph,39,46.7661,14.9349,46.8112,46.7661,
50,8,1048576,2048,hyprefill,256/1536/1536,graph,40,47.0666,14.9349,47.1119,47.0666,
50,8,1048576,2048,hyprefill,256/1536/1536,graph,41,46.6976,15.2095,46.7439,46.6976,
50,8,1048576,2048,hyprefill,256/1536/1536,graph,42,47.2675,14.6603,47.3133,47.2675,
50,8,1048576,2048,hyprefill,256/1536/1536,graph,43,46.1011,14.9349,46.1533,46.1011,
50,8,1048576,2048,hyprefill,256/1536/1536,graph,44,46.5083,14.3857,46.5550,46.5083,
50,8,1048576,2048,hyprefill,256/1536/1536,graph,45,46.3570,14.9349,46.4063,46.3570,
50,8,1048576,2048,hyprefill,256/1536/1536,graph,46,46.4230,14.3857,46.4752,46.4230,
50,8,1048576,2048,hyprefill,256/1536/1536,graph,47,46.3558,14.9349,46.4066,46.3558,
50,8,1048576,2048,hyprefill,256/1536/1536,graph,48,46.6744,14.9349,46.7217,46.6744,
50,8,1048576,2048,hyprefill,256/1536/1536,graph,49,46.7662,15.2095,46.8120,46.7662,
50,8,1048576,2048,hyprefill,256/1536/1536,graph,50,46.8009,14.9349,46.8471,46.8009,
50,8,1048576,2048,hyprefill,256/1536/1536,graph,51,46.1593,14.9349,46.2057,46.1593,
50,8,1048576,2048,hyprefill,256/1536/1536,graph,52,46.5287,14.3857,46.5746,46.5287,
50,8,1048576,2048,hyprefill,256/1536/1536,graph,53,46.7854,14.9349,46.8324,46.7854,
50,8,1048576,2048,hyprefill,256/1536/1536,graph,54,46.4818,14.6603,46.5290,46.4818,
50,8,1048576,2048,hyprefill,256/1536/1536,graph,55,46.2272,15.2095,46.2762,46.2272,
50,8,1048576,2048,hyprefill,256/1536/1536,graph,56,47.0708,14.9349,47.1174,47.0708,
50,8,1048576,2048,hyprefill,256/1536/1536,graph,57,46.6883,15.2095,46.7341,46.6883,
50,8,1048576,2048,hyprefill,256/1536/1536,graph,58,46.7188,14.9349,46.7647,46.7188,
50,8,1048576,2048,hyprefill,256/1536/1536,graph,59,46.5715,14.6603,46.6166,46.5715,
50,8,1048576,2048,hyprefill,256/1536/1536,graph,60,46.7020,14.6603,46.7476,46.7020,
50,8,1048576,2048,hyprefill,256/1536/1536,graph,61,46.8242,14.9349,46.8692,46.8242,
50,8,1048576,2048,hyprefill,256/1536/1536,graph,62,46.6602,14.9349,46.7125,46.6602,
50,8,1048576,2048,hyprefill,256/1536/1536,graph,63,47.0343,15.2095,47.0911,47.0343,
50,8,1048576,2048,hyprefill,256/1536/1536,graph,64,47.4321,14.9349,47.4829,47.4321,
50,8,1048576,2048,hyprefill,256/1536/1536,graph,65,47.0310,15.2095,47.0797,47.0310,
50,8,1048576,2048,hyprefill,256/1536/1536,graph,66,46.4874,14.6603,46.5387,46.4874,
50,8,1048576,2048,hyprefill,256/1536/1536,graph,67,46.4763,14.9349,46.5250,46.4763,
50,8,1048576,2048,hyprefill,256/1536/1536,graph,68,46.5419,14.6603,46.5894,46.5419,
50,8,1048576,2048,hyprefill,256/1536/1536,graph,69,46.3621,14.9349,46.4164,46.3621,
50,8,1048576,2048,hyprefill,256/1536/1536,graph,70,46.3176,14.6603,46.3700,46.3176,
50,8,1048576,2048,hyprefill,256/1536/1536,graph,71,46.3709,15.2095,46.4212,46.3709,
50,8,1048576,2048,hyprefill,256/1536/1536,graph,72,47.4076,14.6603,47.4601,47.4076,
50,8,1048576,2048,hyprefill,256/1536/1536,graph,73,46.8018,14.6603,46.8624,46.8018,
50,8,1048576,2048,hyprefill,256/1536/1536,graph,74,46.0390,14.6603,46.0882,46.0390,
50,8,1048576,2048,hyprefill,256/1536/1536,graph,75,46.2169,14.6603,46.2634,46.2169,
50,8,1048576,2048,hyprefill,256/1536/1536,graph,76,45.9378,14.6603,45.9860,45.9378,
50,8,1048576,2048,hyprefill,256/1536/1536,graph,77,46.3961,14.9349,46.4435,46.3961,
50,8,1048576,2048,hyprefill,256/1536/1536,graph,78,46.3413,14.6603,46.3907,46.3413,
50,8,1048576,2048,hyprefill,256/1536/1536,graph,79,46.4181,15.2095,46.4646,46.4181,
50,8,1048576,2048,hyprefill,256/1536/1536,graph,80,46.5597,14.9349,46.6069,46.5597,
50,8,1048576,2048,hyprefill,256/1536/1536,graph,81,46.6799,14.6603,46.7266,46.6799,
50,8,1048576,2048,hyprefill,256/1536/1536,graph,82,46.7513,14.9349,46.8005,46.7513,
50,8,1048576,2048,hyprefill,256/1536/1536,graph,83,46.2128,14.6603,46.2637,46.2128,
50,8,1048576,2048,hyprefill,256/1536/1536,graph,84,46.4086,14.3857,46.4570,46.4086,
50,8,1048576,2048,hyprefill,256/1536/1536,graph,85,46.2874,14.9349,46.3371,46.2874,
50,8,1048576,2048,hyprefill,256/1536/1536,graph,86,46.0090,14.1111,46.0574,46.0090,
50,8,1048576,2048,hyprefill,256/1536/1536,graph,87,46.2098,15.2095,46.2588,46.2098,
50,8,1048576,2048,hyprefill,256/1536/1536,graph,88,46.6129,14.3857,46.6798,46.6129,
50,8,1048576,2048,hyprefill,256/1536/1536,graph,89,46.2149,14.3857,46.2701,46.2149,
50,8,1048576,2048,hyprefill,256/1536/1536,graph,90,46.3534,14.9349,46.4024,46.3534,
50,8,1048576,2048,hyprefill,256/1536/1536,graph,91,46.2942,14.9349,46.3411,46.2942,
50,8,1048576,2048,hyprefill,256/1536/1536,graph,92,46.1259,14.1111,46.1707,46.1259,
50,8,1048576,2048,hyprefill,256/1536/1536,graph,93,46.9915,14.9349,47.0423,46.9915,
50,8,1048576,2048,hyprefill,256/1536/1536,graph,94,45.8690,14.3857,45.9146,45.8690,
50,8,1048576,2048,hyprefill,256/1536/1536,graph,95,45.8944,14.3857,45.9400,45.8944,
50,8,1048576,2048,hyprefill,256/1536/1536,graph,96,45.8245,14.6603,45.8742,45.8245,
50,8,1048576,2048,hyprefill,256/1536/1536,graph,97,46.0094,14.6603,46.0565,46.0094,
50,8,1048576,2048,hyprefill,256/1536/1536,graph,98,46.9363,14.3857,46.9815,46.9363,
50,8,1048576,2048,hyprefill,256/1536/1536,graph,99,46.6284,14.9349,46.6787,46.6284,
50,8,1048576,2048,hyprefill,256/1536/1536,graph,100,45.8745,14.1111,45.9239,45.8745,
50,8,1048576,2048,hyprefill,256/1536/1536,graph,101,47.0098,15.2095,47.0567,47.0098,
50,8,1048576,2048,hyprefill,256/1536/1536,graph,102,46.6141,14.3857,46.6583,46.6141,
50,8,1048576,2048,hyprefill,256/1536/1536,graph,103,46.1369,14.9349,46.1840,46.1369,
50,8,1048576,2048,hyprefill,256/1536/1536,graph,104,45.8252,14.6603,45.8719,45.8252,
50,8,1048576,2048,hyprefill,256/1536/1536,graph,105,45.6772,14.6603,45.7264,45.6772,
50,8,1048576,2048,hyprefill,256/1536/1536,graph,106,46.4234,14.6603,46.4688,46.4234,
50,8,1048576,2048,hyprefill,256/1536/1536,graph,107,46.5501,14.6603,46.5922,46.5501,
50,8,1048576,2048,hyprefill,256/1536/1536,graph,108,46.1481,14.9349,46.1943,46.1481,
50,8,1048576,2048,hyprefill,256/1536/1536,graph,109,47.0705,14.6603,47.1141,47.0705,
50,8,1048576,2048,hyprefill,256/1536/1536,graph,110,47.2583,14.9349,47.3068,47.2583,
50,8,1048576,2048,hyprefill,256/1536/1536,graph,111,46.1465,14.6603,46.1947,46.1465,
50,8,1048576,2048,hyprefill,256/1536/1536,graph,112,45.5519,14.6603,45.5987,45.5519,
50,8,1048576,2048,hyprefill,256/1536/1536,graph,113,46.7844,14.3857,46.8314,46.7844,
50,8,1048576,2048,hyprefill,256/1536/1536,graph,114,46.0449,14.6603,46.0911,46.0449,
50,8,1048576,2048,hyprefill,256/1536/1536,graph,115,46.7960,14.6603,46.8417,46.7960,
50,8,1048576,2048,hyprefill,256/1536/1536,graph,116,46.8958,14.9349,46.9419,46.8958,
50,8,1048576,2048,hyprefill,256/1536/1536,graph,117,46.4315,14.9349,46.4797,46.4315,
50,8,1048576,2048,hyprefill,256/1536/1536,graph,118,46.2511,14.6603,46.2972,46.2511,
50,8,1048576,2048,hyprefill,256/1536/1536,graph,119,46.0521,15.2095,46.1009,46.0521,
50,8,1048576,2048,hyprefill,256/1536/1536,graph,120,46.1193,14.6603,46.1755,46.1193,
50,8,1048576,2048,hyprefill,256/1536/1536,graph,121,46.0846,14.3857,46.1392,46.0846,
50,8,1048576,2048,hyprefill,256/1536/1536,graph,122,46.4521,14.6603,46.5005,46.4521,
50,8,1048576,2048,hyprefill,256/1536/1536,graph,123,46.1708,14.6603,46.2201,46.1708,
50,8,1048576,2048,hyprefill,256/1536/1536,graph,124,47.3208,14.9349,47.3693,47.3208,
50,8,1048576,2048,hyprefill,256/1536/1536,graph,125,46.5906,14.6603,46.6401,46.5906,
50,8,1048576,2048,hyprefill,256/1536/1536,graph,126,46.6742,14.9349,46.7433,46.6742,
50,8,1048576,2048,hyprefill,256/1536/1536,graph,127,46.9248,14.9349,46.9781,46.9248,
50,8,1048576,2048,hyprefill,256/1536/1536,graph,128,47.0580,14.6603,47.1074,47.0580,
50,8,1048576,2048,hyprefill,256/1536/1536,graph,129,45.7938,14.3857,45.8423,45.7938,
50,8,1048576,2048,hyprefill,256/1536/1536,graph,130,46.0131,14.3857,46.0594,46.0131,
50,8,1048576,2048,hyprefill,256/1536/1536,graph,131,46.8236,14.6603,46.8730,46.8236,
50,8,1048576,2048,hyprefill,256/1536/1536,graph,132,48.7741,14.9349,48.8304,48.7741,
50,8,1048576,2048,hyprefill,256/1536/1536,graph,133,46.8218,14.6603,46.8697,46.8218,
50,8,1048576,2048,hyprefill,256/1536/1536,graph,134,46.5241,14.9349,46.5700,46.5241,
50,8,1048576,2048,hyprefill,256/1536/1536,graph,135,46.1476,14.6603,46.2173,46.1476,
50,8,1048576,2048,hyprefill,256/1536/1536,graph,136,47.0886,14.6603,47.1439,47.0886,
50,8,1048576,2048,hyprefill,256/1536/1536,graph,137,45.4852,14.3857,45.5417,45.4852,
50,8,1048576,2048,hyprefill,256/1536/1536,graph,138,45.6914,14.6603,45.7410,45.6914,
50,8,1048576,2048,hyprefill,256/1536/1536,graph,139,46.0639,14.3857,46.1189,46.0639,
50,8,1048576,2048,hyprefill,256/1536/1536,graph,140,46.9844,14.6603,47.0320,46.9844,
50,8,1048576,2048,hyprefill,256/1536/1536,graph,141,46.3742,14.6603,46.4217,46.3742,
50,8,1048576,2048,hyprefill,256/1536/1536,graph,142,47.7753,14.9349,47.8213,47.7753,
50,8,1048576,2048,hyprefill,256/1536/1536,graph,143,46.1768,14.9349,46.2307,46.1768,
50,8,1048576,2048,hyprefill,256/1536/1536,graph,144,46.2330,14.6603,46.2833,46.2330,
50,8,1048576,2048,hyprefill,256/1536/1536,graph,145,45.3736,14.3857,45.4329,45.3736,
50,8,1048576,2048,hyprefill,256/1536/1536,graph,146,45.9889,14.3857,46.0468,45.9889,
50,8,1048576,2048,hyprefill,256/1536/1536,graph,147,46.8142,14.9349,46.8694,46.8142,
50,8,1048576,2048,hyprefill,256/1536/1536,graph,148,46.6928,14.6603,46.7472,46.6928,
50,8,1048576,2048,hyprefill,256/1536/1536,graph,149,46.8959,14.9349,46.9428,46.8959,
50,8,1048576,2048,hyprefill,256/1536/1536,graph,150,47.4109,15.2095,47.4597,47.4109,
50,8,1048576,2048,hyprefill,256/1536/1536,graph,151,46.6344,14.6603,46.6851,46.6344,
50,8,1048576,2048,hyprefill,256/1536/1536,graph,152,47.2475,15.2095,47.3002,47.2475,
50,8,1048576,2048,hyprefill,256/1536/1536,graph,153,46.1026,14.3857,46.1507,46.1026,
50,8,1048576,2048,hyprefill,256/1536/1536,graph,154,46.6000,14.6603,46.6479,46.6000,
50,8,1048576,2048,hyprefill,256/1536/1536,graph,155,46.2908,14.9349,46.3389,46.2908,
50,8,1048576,2048,hyprefill,256/1536/1536,graph,156,46.9461,14.6603,46.9922,46.9461,
50,8,1048576,2048,hyprefill,256/1536/1536,graph,157,47.4609,14.6603,47.5103,47.4609,
50,8,1048576,2048,hyprefill,256/1536/1536,graph,158,47.0134,15.2095,47.0688,47.0134,
50,8,1048576,2048,hyprefill,256/1536/1536,graph,159,46.9383,14.6603,46.9828,46.9383,
50,8,1048576,2048,hyprefill,256/1536/1536,graph,160,47.2040,14.9349,47.2538,47.2040,
50,8,1048576,2048,hyprefill,256/1536/1536,graph,161,46.2459,14.3857,46.2924,46.2459,
50,8,1048576,2048,hyprefill,256/1536/1536,graph,162,46.2855,15.2095,46.3361,46.2855,
50,8,1048576,2048,hyprefill,256/1536/1536,graph,163,46.6404,14.3857,46.6854,46.6404,
50,8,1048576,2048,hyprefill,256/1536/1536,graph,164,46.5482,15.2095,46.5949,46.5482,
50,8,1048576,2048,hyprefill,256/1536/1536,graph,165,47.3419,14.9349,47.3857,47.3419,
50,8,1048576,2048,hyprefill,256/1536/1536,graph,166,47.2779,15.2095,47.3231,47.2779,
50,8,1048576,2048,hyprefill,256/1536/1536,graph,167,47.1732,14.9349,47.2175,47.1732,
50,8,1048576,2048,hyprefill,256/1536/1536,graph,168,47.0155,14.9349,47.0614,47.0155,
50,8,1048576,2048,hyprefill,256/1536/1536,graph,169,46.1627,14.6603,46.2097,46.1627,
50,8,1048576,2048,hyprefill,256/1536/1536,graph,170,46.8931,14.3857,46.9388,46.8931,
50,8,1048576,2048,hyprefill,256/1536/1536,graph,171,46.1912,14.9349,46.2432,46.1912,
50,8,1048576,2048,hyprefill,256/1536/1536,graph,172,46.9824,14.9349,47.0254,46.9824,
50,8,1048576,2048,hyprefill,256/1536/1536,graph,173,46.5429,14.9349,46.5906,46.5429,
50,8,1048576,2048,hyprefill,256/1536/1536,graph,174,47.4536,15.2095,47.5011,47.4536,
50,8,1048576,2048,hyprefill,256/1536/1536,graph,175,47.4752,15.2095,47.5204,47.4752,
50,8,1048576,2048,hyprefill,256/1536/1536,graph,176,46.8099,15.2095,46.8555,46.8099,
50,8,1048576,2048,hyprefill,256/1536/1536,graph,177,46.4623,14.9349,46.5161,46.4623,
50,8,1048576,2048,hyprefill,256/1536/1536,graph,178,46.5684,14.3857,46.6139,46.5684,
50,8,1048576,2048,hyprefill,256/1536/1536,graph,179,46.1284,14.9349,46.1783,46.1284,
50,8,1048576,2048,hyprefill,256/1536/1536,graph,180,47.0831,14.6603,47.1309,47.0831,
50,8,1048576,2048,hyprefill,256/1536/1536,graph,181,46.1344,14.9349,46.1801,46.1344,
50,8,1048576,2048,hyprefill,256/1536/1536,graph,182,46.8444,14.9349,46.8939,46.8444,
50,8,1048576,2048,hyprefill,256/1536/1536,graph,183,47.0957,15.2095,47.1418,47.0957,
50,8,1048576,2048,hyprefill,256/1536/1536,graph,184,46.9723,14.6603,47.0230,46.9723,
50,8,1048576,2048,hyprefill,256/1536/1536,graph,185,46.3364,14.9349,46.3840,46.3364,
50,8,1048576,2048,hyprefill,256/1536/1536,graph,186,46.3656,14.3857,46.4123,46.3656,
50,8,1048576,2048,hyprefill,256/1536/1536,graph,187,46.5284,14.9349,46.5866,46.5284,
50,8,1048576,2048,hyprefill,256/1536/1536,graph,188,47.0488,14.6603,47.0956,47.0488,
50,8,1048576,2048,hyprefill,256/1536/1536,graph,189,46.1625,14.9349,46.2084,46.1625,
50,8,1048576,2048,hyprefill,256/1536/1536,graph,190,46.8410,14.9349,46.8862,46.8410,
50,8,1048576,2048,hyprefill,256/1536/1536,graph,191,47.1240,15.2095,47.1693,47.1240,
50,8,1048576,2048,hyprefill,256/1536/1536,graph,192,46.9750,14.6603,47.0231,46.9750,
50,8,1048576,2048,hyprefill,256/1536/1536,graph,193,46.0430,14.6603,46.0893,46.0430,
50,8,1048576,2048,hyprefill,256/1536/1536,graph,194,46.5642,14.9349,46.6098,46.5642,
50,8,1048576,2048,hyprefill,256/1536/1536,graph,195,46.7191,14.6603,46.7619,46.7191,
50,8,1048576,2048,hyprefill,256/1536/1536,graph,196,47.0680,14.9349,47.1134,47.0680,
50,8,1048576,2048,hyprefill,256/1536/1536,graph,197,46.5574,14.9349,46.6026,46.5574,
50,8,1048576,2048,hyprefill,256/1536/1536,graph,198,47.0601,14.9349,47.1115,47.0601,
50,8,1048576,2048,hyprefill,256/1536/1536,graph,199,46.8119,15.2095,46.8582,46.8119,
50,8,1048576,2048,hyprefill,512/1536/1536,graph,0,45.4333,14.2902,45.4802,45.4333,
50,8,1048576,2048,hyprefill,512/1536/1536,graph,1,45.2591,14.5648,45.3053,45.2591,
50,8,1048576,2048,hyprefill,512/1536/1536,graph,2,45.0065,14.5648,45.0531,45.0065,
50,8,1048576,2048,hyprefill,512/1536/1536,graph,3,44.4106,13.7410,44.4582,44.4106,
50,8,1048576,2048,hyprefill,512/1536/1536,graph,4,40.8076,14.2584,40.8526,40.8076,
50,8,1048576,2048,hyprefill,512/1536/1536,graph,5,45.2184,14.5648,45.2634,45.2184,
50,8,1048576,2048,hyprefill,512/1536/1536,graph,6,45.6551,14.0156,45.7021,45.6551,
50,8,1048576,2048,hyprefill,512/1536/1536,graph,7,45.1929,14.5648,45.2468,45.1929,
50,8,1048576,2048,hyprefill,512/1536/1536,graph,8,45.7289,13.7410,45.7752,45.7289,
50,8,1048576,2048,hyprefill,512/1536/1536,graph,9,45.0138,15.3886,45.0647,45.0138,
50,8,1048576,2048,hyprefill,512/1536/1536,graph,10,46.3156,14.0156,46.3629,46.3156,
50,8,1048576,2048,hyprefill,512/1536/1536,graph,11,44.8508,14.2902,44.8980,44.8508,
50,8,1048576,2048,hyprefill,512/1536/1536,graph,12,40.4990,14.8076,40.5439,40.4990,
50,8,1048576,2048,hyprefill,512/1536/1536,graph,13,45.3017,14.0156,45.3493,45.3017,
50,8,1048576,2048,hyprefill,512/1536/1536,graph,14,40.7234,14.8076,40.7751,40.7234,
50,8,1048576,2048,hyprefill,512/1536/1536,graph,15,45.0833,14.0156,45.1297,45.0833,
50,8,1048576,2048,hyprefill,512/1536/1536,graph,16,45.6477,14.2902,45.6975,45.6477,
50,8,1048576,2048,hyprefill,512/1536/1536,graph,17,45.3053,14.2902,45.3565,45.3053,
50,8,1048576,2048,hyprefill,512/1536/1536,graph,18,44.9133,14.0156,44.9646,44.9133,
50,8,1048576,2048,hyprefill,512/1536/1536,graph,19,44.8293,14.5648,44.8796,44.8293,
50,8,1048576,2048,hyprefill,512/1536/1536,graph,20,45.3605,14.5648,45.4125,45.3605,
50,8,1048576,2048,hyprefill,512/1536/1536,graph,21,45.8824,14.0156,45.9267,45.8824,
50,8,1048576,2048,hyprefill,512/1536/1536,graph,22,45.6713,15.1140,45.7177,45.6713,
50,8,1048576,2048,hyprefill,512/1536/1536,graph,23,44.8202,14.0156,44.8665,44.8202,
50,8,1048576,2048,hyprefill,512/1536/1536,graph,24,45.9483,14.2902,45.9958,45.9483,
50,8,1048576,2048,hyprefill,512/1536/1536,graph,25,44.3566,14.2902,44.4029,44.3566,
50,8,1048576,2048,hyprefill,512/1536/1536,graph,26,46.1023,13.7410,46.1527,46.1023,
50,8,1048576,2048,hyprefill,512/1536/1536,graph,27,44.4517,14.5648,44.4992,44.4517,
50,8,1048576,2048,hyprefill,512/1536/1536,graph,28,45.9320,14.0156,45.9780,45.9320,
50,8,1048576,2048,hyprefill,512/1536/1536,graph,29,39.9953,14.8076,40.0421,39.9953,
50,8,1048576,2048,hyprefill,512/1536/1536,graph,30,40.8873,14.8076,40.9345,40.8873,
50,8,1048576,2048,hyprefill,512/1536/1536,graph,31,40.5679,14.8076,40.6119,40.5679,
50,8,1048576,2048,hyprefill,512/1536/1536,graph,32,45.0492,14.5648,45.0964,45.0492,
50,8,1048576,2048,hyprefill,512/1536/1536,graph,33,45.2865,14.2902,45.3328,45.2865,
50,8,1048576,2048,hyprefill,512/1536/1536,graph,34,45.8034,14.2902,45.8538,45.8034,
50,8,1048576,2048,hyprefill,512/1536/1536,graph,35,44.9846,14.0156,45.0351,44.9846,
50,8,1048576,2048,hyprefill,512/1536/1536,graph,36,45.1811,14.2902,45.2332,45.1811,
50,8,1048576,2048,hyprefill,512/1536/1536,graph,37,44.7701,14.2902,44.8196,44.7701,
50,8,1048576,2048,hyprefill,512/1536/1536,graph,38,45.2612,13.7410,45.3083,45.2612,
50,8,1048576,2048,hyprefill,512/1536/1536,graph,39,44.9459,14.8394,44.9929,44.9459,
50,8,1048576,2048,hyprefill,512/1536/1536,graph,40,41.3454,14.5330,41.3901,41.3454,
50,8,1048576,2048,hyprefill,512/1536/1536,graph,41,45.9703,15.3886,46.0228,45.9703,
50,8,1048576,2048,hyprefill,512/1536/1536,graph,42,46.0151,14.5648,46.0619,46.0151,
50,8,1048576,2048,hyprefill,512/1536/1536,graph,43,45.3552,14.2902,45.4092,45.3552,
50,8,1048576,2048,hyprefill,512/1536/1536,graph,44,40.4034,14.8076,40.4602,40.4034,
50,8,1048576,2048,hyprefill,512/1536/1536,graph,45,45.4910,14.2902,45.5401,45.4910,
50,8,1048576,2048,hyprefill,512/1536/1536,graph,46,45.0667,14.0156,45.1157,45.0667,
50,8,1048576,2048,hyprefill,512/1536/1536,graph,47,45.5814,14.8394,45.6303,45.5814,
50,8,1048576,2048,hyprefill,512/1536/1536,graph,48,44.6974,14.0156,44.7460,44.6974,
50,8,1048576,2048,hyprefill,512/1536/1536,graph,49,44.9292,14.5648,44.9792,44.9292,
50,8,1048576,2048,hyprefill,512/1536/1536,graph,50,41.2054,14.2584,41.2477,41.2054,
50,8,1048576,2048,hyprefill,512/1536/1536,graph,51,44.8640,14.8394,44.9214,44.8640,
50,8,1048576,2048,hyprefill,512/1536/1536,graph,52,40.8223,14.8076,40.8683,40.8223,
50,8,1048576,2048,hyprefill,512/1536/1536,graph,53,45.1898,14.5648,45.2389,45.1898,
50,8,1048576,2048,hyprefill,512/1536/1536,graph,54,40.8445,14.5330,40.8916,40.8445,
50,8,1048576,2048,hyprefill,512/1536/1536,graph,55,45.1861,14.8394,45.2385,45.1861,
50,8,1048576,2048,hyprefill,512/1536/1536,graph,56,45.3625,14.0156,45.4144,45.3625,
50,8,1048576,2048,hyprefill,512/1536/1536,graph,57,45.2676,14.0156,45.3159,45.2676,
50,8,1048576,2048,hyprefill,512/1536/1536,graph,58,45.4468,14.2902,45.4949,45.4468,
50,8,1048576,2048,hyprefill,512/1536/1536,graph,59,45.7538,14.0156,45.8047,45.7538,
50,8,1048576,2048,hyprefill,512/1536/1536,graph,60,44.9359,14.2902,44.9863,44.9359,
50,8,1048576,2048,hyprefill,512/1536/1536,graph,61,40.0108,14.5330,40.0618,40.0108,
50,8,1048576,2048,hyprefill,512/1536/1536,graph,62,40.4898,15.3568,40.5470,40.4898,
50,8,1048576,2048,hyprefill,512/1536/1536,graph,63,40.6459,14.8076,40.6916,40.6459,
50,8,1048576,2048,hyprefill,512/1536/1536,graph,64,40.6853,15.0822,40.7313,40.6853,
50,8,1048576,2048,hyprefill,512/1536/1536,graph,65,46.3315,15.1140,46.3775,46.3315,
50,8,1048576,2048,hyprefill,512/1536/1536,graph,66,46.3018,14.2902,46.3486,46.3018,
50,8,1048576,2048,hyprefill,512/1536/1536,graph,67,44.6978,14.2902,44.7449,44.6978,
50,8,1048576,2048,hyprefill,512/1536/1536,graph,68,45.2231,13.7410,45.2707,45.2231,
50,8,1048576,2048,hyprefill,512/1536/1536,graph,69,45.2241,14.2902,45.2743,45.2241,
50,8,1048576,2048,hyprefill,512/1536/1536,graph,70,45.2173,14.2902,45.2675,45.2173,
50,8,1048576,2048,hyprefill,512/1536/1536,graph,71,45.2982,14.2902,45.3503,45.2982,
50,8,1048576,2048,hyprefill,512/1536/1536,graph,72,40.4538,14.5330,40.5012,40.4538,
50,8,1048576,2048,hyprefill,512/1536/1536,graph,73,45.5210,14.5648,45.5693,45.5210,
50,8,1048576,2048,hyprefill,512/1536/1536,graph,74,40.4998,14.5330,40.5464,40.4998,
50,8,1048576,2048,hyprefill,512/1536/1536,graph,75,46.2317,15.3886,46.2834,46.2317,
50,8,1048576,2048,hyprefill,512/1536/1536,graph,76,45.3238,14.0156,45.3722,45.3238,
50,8,1048576,2048,hyprefill,512/1536/1536,graph,77,44.6328,14.0156,44.6816,44.6328,
50,8,1048576,2048,hyprefill,512/1536/1536,graph,78,45.3550,14.2902,45.4067,45.3550,
50,8,1048576,2048,hyprefill,512/1536/1536,graph,79,45.1677,14.0156,45.2203,45.1677,
50,8,1048576,2048,hyprefill,512/1536/1536,graph,80,44.9873,14.0156,45.0368,44.9873,
50,8,1048576,2048,hyprefill,512/1536/1536,graph,81,45.8272,14.8394,45.8752,45.8272,
50,8,1048576,2048,hyprefill,512/1536/1536,graph,82,40.5137,14.2584,40.5592,40.5137,
50,8,1048576,2048,hyprefill,512/1536/1536,graph,83,45.6470,14.5648,45.7035,45.6470,
50,8,1048576,2048,hyprefill,512/1536/1536,graph,84,45.1505,14.5648,45.2039,45.1505,
50,8,1048576,2048,hyprefill,512/1536/1536,graph,85,44.9909,14.2902,45.0596,44.9909,
50,8,1048576,2048,hyprefill,512/1536/1536,graph,86,40.9274,14.5330,40.9739,40.9274,
50,8,1048576,2048,hyprefill,512/1536/1536,graph,87,44.8284,14.5648,44.8763,44.8284,
50,8,1048576,2048,hyprefill,512/1536/1536,graph,88,45.5838,14.2902,45.6305,45.5838,
50,8,1048576,2048,hyprefill,512/1536/1536,graph,89,45.6912,14.0156,45.7375,45.6912,
50,8,1048576,2048,hyprefill,512/1536/1536,graph,90,45.3278,14.0156,45.3760,45.3278,
50,8,1048576,2048,hyprefill,512/1536/1536,graph,91,44.8280,14.2902,44.8755,44.8280,
50,8,1048576,2048,hyprefill,512/1536/1536,graph,92,45.6171,14.0156,45.6651,45.6171,
50,8,1048576,2048,hyprefill,512/1536/1536,graph,93,45.3954,14.2902,45.4427,45.3954,
50,8,1048576,2048,hyprefill,512/1536/1536,graph,94,46.3048,14.8394,46.3544,46.3048,
50,8,1048576,2048,hyprefill,512/1536/1536,graph,95,45.9679,14.0156,46.0147,45.9679,
50,8,1048576,2048,hyprefill,512/1536/1536,graph,96,45.4273,14.5648,45.4753,45.4273,
50,8,1048576,2048,hyprefill,512/1536/1536,graph,97,45.2133,14.2902,45.2662,45.2133,
50,8,1048576,2048,hyprefill,512/1536/1536,graph,98,46.3284,14.2902,46.3737,46.3284,
50,8,1048576,2048,hyprefill,512/1536/1536,graph,99,46.1068,15.1140,46.1557,46.1068,
50,8,1048576,2048,hyprefill,512/1536/1536,graph,100,45.4369,14.0156,45.4833,45.4369,
50,8,1048576,2048,hyprefill,512/1536/1536,graph,101,44.9883,14.5648,45.0357,44.9883,
50,8,1048576,2048,hyprefill,512/1536/1536,graph,102,45.1801,14.2902,45.2306,45.1801,
50,8,1048576,2048,hyprefill,512/1536/1536,graph,103,40.3540,14.5330,40.4004,40.3540,
50,8,1048576,2048,hyprefill,512/1536/1536,graph,104,39.9809,15.0822,40.0307,39.9809,
50,8,1048576,2048,hyprefill,512/1536/1536,graph,105,45.1700,14.0156,45.2160,45.1700,
50,8,1048576,2048,hyprefill,512/1536/1536,graph,106,45.2962,14.2902,45.3423,45.2962,
50,8,1048576,2048,hyprefill,512/1536/1536,graph,107,46.2822,15.1140,46.3290,46.2822,
50,8,1048576,2048,hyprefill,512/1536/1536,graph,108,46.2903,14.2902,46.3426,46.2903,
50,8,1048576,2048,hyprefill,512/1536/1536,graph,109,45.1603,14.2902,45.2166,45.1603,
50,8,1048576,2048,hyprefill,512/1536/1536,graph,110,45.3828,14.2902,45.4320,45.3828,
50,8,1048576,2048,hyprefill,512/1536/1536,graph,111,40.0958,14.5330,40.1436,40.0958,
50,8,1048576,2048,hyprefill,512/1536/1536,graph,112,45.4746,13.7410,45.5220,45.4746,
50,8,1048576,2048,hyprefill,512/1536/1536,graph,113,45.7491,14.2902,45.8005,45.7491,
50,8,1048576,2048,hyprefill,512/1536/1536,graph,114,46.0805,14.5648,46.1416,46.0805,
50,8,1048576,2048,hyprefill,512/1536/1536,graph,115,46.0042,14.5648,46.0584,46.0042,
50,8,1048576,2048,hyprefill,512/1536/1536,graph,116,40.7008,14.5330,40.7487,40.7008,
50,8,1048576,2048,hyprefill,512/1536/1536,graph,117,45.7791,14.8394,45.8276,45.7791,
50,8,1048576,2048,hyprefill,512/1536/1536,graph,118,45.5016,14.2902,45.5516,45.5016,
50,8,1048576,2048,hyprefill,512/1536/1536,graph,119,47.1197,14.8394,47.1732,47.1197,
50,8,1048576,2048,hyprefill,512/1536/1536,graph,120,45.1902,13.7410,45.2469,45.1902,
50,8,1048576,2048,hyprefill,512/1536/1536,graph,121,40.3865,15.6314,40.4351,40.3865,
50,8,1048576,2048,hyprefill,512/1536/1536,graph,122,41.5818,14.5330,41.6291,41.5818,
50,8,1048576,2048,hyprefill,512/1536/1536,graph,123,44.9005,14.2902,44.9481,44.9005,
50,8,1048576,2048,hyprefill,512/1536/1536,graph,124,45.5572,14.0156,45.6062,45.5572,
50,8,1048576,2048,hyprefill,512/1536/1536,graph,125,44.7154,14.0156,44.7635,44.7154,
50,8,1048576,2048,hyprefill,512/1536/1536,graph,126,41.5141,14.8076,41.5599,41.5141,
50,8,1048576,2048,hyprefill,512/1536/1536,graph,127,45.5821,14.5648,45.6292,45.5821,
50,8,1048576,2048,hyprefill,512/1536/1536,graph,128,40.8649,14.8076,40.9097,40.8649,
50,8,1048576,2048,hyprefill,512/1536/1536,graph,129,46.9727,14.8394,47.0272,46.9727,
50,8,1048576,2048,hyprefill,512/1536/1536,graph,130,45.7578,14.5648,45.8062,45.7578,
50,8,1048576,2048,hyprefill,512/1536/1536,graph,131,45.1071,14.5648,45.1554,45.1071,
50,8,1048576,2048,hyprefill,512/1536/1536,graph,132,40.2420,13.9838,40.2893,40.2420,
50,8,1048576,2048,hyprefill,512/1536/1536,graph,133,46.1580,15.1140,46.2095,46.1580,
50,8,1048576,2048,hyprefill,512/1536/1536,graph,134,46.0305,14.0156,46.0814,46.0305,
50,8,1048576,2048,hyprefill,512/1536/1536,graph,135,45.0530,14.5648,45.1010,45.0530,
50,8,1048576,2048,hyprefill,512/1536/1536,graph,136,40.5245,14.2584,40.5691,40.5245,
50,8,1048576,2048,hyprefill,512/1536/1536,graph,137,44.5824,14.5648,44.6307,44.5824,
50,8,1048576,2048,hyprefill,512/1536/1536,graph,138,40.7403,14.8076,40.7933,40.7403,
50,8,1048576,2048,hyprefill,512/1536/1536,graph,139,45.2634,14.2902,45.3111,45.2634,
50,8,1048576,2048,hyprefill,512/1536/1536,graph,140,46.2037,14.5648,46.2544,46.2037,
50,8,1048576,2048,hyprefill,512/1536/1536,graph,141,46.0258,15.1140,46.0725,46.0258,
50,8,1048576,2048,hyprefill,512/1536/1536,graph,142,41.5010,14.5330,41.5470,41.5010,
50,8,1048576,2048,hyprefill,512/1536/1536,graph,143,45.1601,14.5648,45.2082,45.1601,
50,8,1048576,2048,hyprefill,512/1536/1536,graph,144,46.5031,14.0156,46.5528,46.5031,
50,8,1048576,2048,hyprefill,512/1536/1536,graph,145,45.3245,14.2902,45.3731,45.3245,
50,8,1048576,2048,hyprefill,512/1536/1536,graph,146,40.4056,14.5330,40.4553,40.4056,
50,8,1048576,2048,hyprefill,512/1536/1536,graph,147,45.9931,14.5648,46.0401,45.9931,
50,8,1048576,2048,hyprefill,512/1536/1536,graph,148,40.3034,14.5330,40.3484,40.3034,
50,8,1048576,2048,hyprefill,512/1536/1536,graph,149,45.6404,14.2902,45.6874,45.6404,
50,8,1048576,2048,hyprefill,512/1536/1536,graph,150,40.2006,14.5330,40.2461,40.2006,
50,8,1048576,2048,hyprefill,512/1536/1536,graph,151,45.4323,15.1140,45.4785,45.4323,
50,8,1048576,2048,hyprefill,512/1536/1536,graph,152,45.7209,13.7410,45.7660,45.7209,
50,8,1048576,2048,hyprefill,512/1536/1536,graph,153,46.3836,14.8394,46.4338,46.3836,
50,8,1048576,2048,hyprefill,512/1536/1536,graph,154,45.9901,14.2902,46.0439,45.9901,
50,8,1048576,2048,hyprefill,512/1536/1536,graph,155,45.9732,14.0156,46.0206,45.9732,
50,8,1048576,2048,hyprefill,512/1536/1536,graph,156,45.2813,14.0156,45.3341,45.2813,
50,8,1048576,2048,hyprefill,512/1536/1536,graph,157,45.3679,14.5648,45.4136,45.3679,
50,8,1048576,2048,hyprefill,512/1536/1536,graph,158,45.2479,14.2902,45.2968,45.2479,
50,8,1048576,2048,hyprefill,512/1536/1536,graph,159,45.1006,14.5648,45.1483,45.1006,
50,8,1048576,2048,hyprefill,512/1536/1536,graph,160,40.1750,14.2584,40.2208,40.1750,
50,8,1048576,2048,hyprefill,512/1536/1536,graph,161,45.2527,15.3886,45.3004,45.2527,
50,8,1048576,2048,hyprefill,512/1536/1536,graph,162,41.0916,13.9838,41.1397,41.0916,
50,8,1048576,2048,hyprefill,512/1536/1536,graph,163,45.1615,15.1140,45.2129,45.1615,
50,8,1048576,2048,hyprefill,512/1536/1536,graph,164,45.1831,14.0156,45.2315,45.1831,
50,8,1048576,2048,hyprefill,512/1536/1536,graph,165,45.4145,14.2902,45.4667,45.4145,
50,8,1048576,2048,hyprefill,512/1536/1536,graph,166,40.3495,13.9838,40.3970,40.3495,
50,8,1048576,2048,hyprefill,512/1536/1536,graph,167,44.6339,14.5648,44.6822,44.6339,
50,8,1048576,2048,hyprefill,512/1536/1536,graph,168,44.7049,13.7410,44.7524,44.7049,
50,8,1048576,2048,hyprefill,512/1536/1536,graph,169,44.4904,14.2902,44.5400,44.4904,
50,8,1048576,2048,hyprefill,512/1536/1536,graph,170,45.4181,13.7410,45.4674,45.4181,
50,8,1048576,2048,hyprefill,512/1536/1536,graph,171,45.1875,14.5648,45.2335,45.1875,
50,8,1048576,2048,hyprefill,512/1536/1536,graph,172,40.8742,14.8076,40.9166,40.8742,
50,8,1048576,2048,hyprefill,512/1536/1536,graph,173,45.6888,14.2902,45.7348,45.6888,
50,8,1048576,2048,hyprefill,512/1536/1536,graph,174,45.1277,14.5648,45.1914,45.1277,
50,8,1048576,2048,hyprefill,512/1536/1536,graph,175,45.8709,14.5648,45.9325,45.8709,
50,8,1048576,2048,hyprefill,512/1536/1536,graph,176,45.3981,14.2902,45.4500,45.3981,
50,8,1048576,2048,hyprefill,512/1536/1536,graph,177,45.2598,14.2902,45.3074,45.2598,
50,8,1048576,2048,hyprefill,512/1536/1536,graph,178,45.0649,14.2902,45.1195,45.0649,
50,8,1048576,2048,hyprefill,512/1536/1536,graph,179,45.2265,14.5648,45.2959,45.2265,
50,8,1048576,2048,hyprefill,512/1536/1536,graph,180,45.7780,13.7410,45.8257,45.7780,
50,8,1048576,2048,hyprefill,512/1536/1536,graph,181,44.9652,14.8394,45.0128,44.9652,
50,8,1048576,2048,hyprefill,512/1536/1536,graph,182,41.2740,14.2584,41.3199,41.2740,
50,8,1048576,2048,hyprefill,512/1536/1536,graph,183,45.0431,14.5648,45.0922,45.0431,
50,8,1048576,2048,hyprefill,512/1536/1536,graph,184,41.2682,15.0822,41.3142,41.2682,
50,8,1048576,2048,hyprefill,512/1536/1536,graph,185,45.9387,14.2902,45.9836,45.9387,
50,8,1048576,2048,hyprefill,512/1536/1536,graph,186,40.9794,14.8076,41.0248,40.9794,
50,8,1048576,2048,hyprefill,512/1536/1536,graph,187,44.6989,14.2902,44.7465,44.6989,
50,8,1048576,2048,hyprefill,512/1536/1536,graph,188,44.8937,13.7410,44.9411,44.8937,
50,8,1048576,2048,hyprefill,512/1536/1536,graph,189,45.7491,14.2902,45.7975,45.7491,
50,8,1048576,2048,hyprefill,512/1536/1536,graph,190,45.6642,14.0156,45.7105,45.6642,
50,8,1048576,2048,hyprefill,512/1536/1536,graph,191,44.9596,14.5648,45.0108,44.9596,
50,8,1048576,2048,hyprefill,512/1536/1536,graph,192,45.4555,14.2902,45.5055,45.4555,
50,8,1048576,2048,hyprefill,512/1536/1536,graph,193,46.0084,14.5648,46.0590,46.0084,
50,8,1048576,2048,hyprefill,512/1536/1536,graph,194,45.4217,14.5648,45.4724,45.4217,
50,8,1048576,2048,hyprefill,512/1536/1536,graph,195,45.3266,14.5648,45.3725,45.3266,
50,8,1048576,2048,hyprefill,512/1536/1536,graph,196,40.4554,14.5330,40.5028,40.4554,
50,8,1048576,2048,hyprefill,512/1536/1536,graph,197,45.6666,14.5648,45.7191,45.6666,
50,8,1048576,2048,hyprefill,512/1536/1536,graph,198,45.1195,14.2902,45.1679,45.1195,
50,8,1048576,2048,hyprefill,512/1536/1536,graph,199,46.3852,14.5648,46.4329,46.3852,
50,8,1048576,2048,hyprefill,256/1024/1024,graph,0,46.7945,15.7586,46.8422,46.7945,
50,8,1048576,2048,hyprefill,256/1024/1024,graph,1,45.8024,14.3857,45.8518,45.8024,
50,8,1048576,2048,hyprefill,256/1024/1024,graph,2,44.3647,15.4522,44.4178,44.3647,
50,8,1048576,2048,hyprefill,256/1024/1024,graph,3,44.8817,15.4522,44.9349,44.8817,
50,8,1048576,2048,hyprefill,256/1024/1024,graph,4,44.4697,16.0014,44.5225,44.4697,
50,8,1048576,2048,hyprefill,256/1024/1024,graph,5,46.3736,14.9349,46.4224,46.3736,
50,8,1048576,2048,hyprefill,256/1024/1024,graph,6,46.6705,14.9349,46.7214,46.6705,
50,8,1048576,2048,hyprefill,256/1024/1024,graph,7,47.1497,14.9349,47.2034,47.1497,
50,8,1048576,2048,hyprefill,256/1024/1024,graph,8,47.0774,15.2095,47.1315,47.0774,
50,8,1048576,2048,hyprefill,256/1024/1024,graph,9,47.8385,14.6603,47.8868,47.8385,
50,8,1048576,2048,hyprefill,256/1024/1024,graph,10,46.5628,15.2095,46.6121,46.5628,
50,8,1048576,2048,hyprefill,256/1024/1024,graph,11,47.2029,15.4841,47.2484,47.2029,
50,8,1048576,2048,hyprefill,256/1024/1024,graph,12,46.9234,14.9349,46.9703,46.9234,
50,8,1048576,2048,hyprefill,256/1024/1024,graph,13,45.9870,14.9349,46.0367,45.9870,
50,8,1048576,2048,hyprefill,256/1024/1024,graph,14,44.8734,15.1776,44.9229,44.8734,
50,8,1048576,2048,hyprefill,256/1024/1024,graph,15,44.3202,16.2760,44.3668,44.3202,
50,8,1048576,2048,hyprefill,256/1024/1024,graph,16,45.2909,15.1776,45.3370,45.2909,
50,8,1048576,2048,hyprefill,256/1024/1024,graph,17,46.8986,15.4841,46.9448,46.8986,
50,8,1048576,2048,hyprefill,256/1024/1024,graph,18,46.8425,14.9349,46.8888,46.8425,
50,8,1048576,2048,hyprefill,256/1024/1024,graph,19,46.5262,15.4841,46.5739,46.5262,
50,8,1048576,2048,hyprefill,256/1024/1024,graph,20,46.8668,14.9349,46.9145,46.8668,
50,8,1048576,2048,hyprefill,256/1024/1024,graph,21,47.0513,14.3857,47.0985,47.0513,
50,8,1048576,2048,hyprefill,256/1024/1024,graph,22,46.3128,15.7586,46.3617,46.3128,
50,8,1048576,2048,hyprefill,256/1024/1024,graph,23,46.0111,13.8365,46.0616,46.0111,
50,8,1048576,2048,hyprefill,256/1024/1024,graph,24,46.0940,16.0332,46.1469,46.0940,
50,8,1048576,2048,hyprefill,256/1024/1024,graph,25,45.9233,14.1111,45.9716,45.9233,
50,8,1048576,2048,hyprefill,256/1024/1024,graph,26,45.9091,15.2095,45.9570,45.9091,
50,8,1048576,2048,hyprefill,256/1024/1024,graph,27,45.8895,14.6603,45.9465,45.8895,
50,8,1048576,2048,hyprefill,256/1024/1024,graph,28,47.2982,14.9349,47.3630,47.2982,
50,8,1048576,2048,hyprefill,256/1024/1024,graph,29,46.5581,15.7586,46.6113,46.5581,
50,8,1048576,2048,hyprefill,256/1024/1024,graph,30,44.6144,14.9031,44.6660,44.6144,
50,8,1048576,2048,hyprefill,256/1024/1024,graph,31,46.3898,16.3078,46.4424,46.3898,
50,8,1048576,2048,hyprefill,256/1024/1024,graph,32,45.4224,14.6285,45.4758,45.4224,
50,8,1048576,2048,hyprefill,256/1024/1024,graph,33,46.4704,15.7586,46.5202,46.4704,
50,8,1048576,2048,hyprefill,256/1024/1024,graph,34,46.1949,14.1111,46.2517,46.1949,
50,8,1048576,2048,hyprefill,256/1024/1024,graph,35,46.8275,15.4841,46.8832,46.8275,
50,8,1048576,2048,hyprefill,256/1024/1024,graph,36,46.3567,14.1111,46.4095,46.3567,
50,8,1048576,2048,hyprefill,256/1024/1024,graph,37,46.9180,15.2095,46.9682,46.9180,
50,8,1048576,2048,hyprefill,256/1024/1024,graph,38,47.1795,15.2095,47.2291,47.1795,
50,8,1048576,2048,hyprefill,256/1024/1024,graph,39,46.7851,14.9349,46.8406,46.7851,
50,8,1048576,2048,hyprefill,256/1024/1024,graph,40,46.5399,15.2095,46.5917,46.5399,
50,8,1048576,2048,hyprefill,256/1024/1024,graph,41,43.8157,14.9031,43.8648,43.8157,
50,8,1048576,2048,hyprefill,256/1024/1024,graph,42,46.4350,16.0332,46.4790,46.4350,
50,8,1048576,2048,hyprefill,256/1024/1024,graph,43,45.2623,14.6285,45.3111,45.2623,
50,8,1048576,2048,hyprefill,256/1024/1024,graph,44,46.4459,15.2095,46.4950,46.4459,
50,8,1048576,2048,hyprefill,256/1024/1024,graph,45,43.9481,15.1776,43.9976,43.9481,
50,8,1048576,2048,hyprefill,256/1024/1024,graph,46,46.4604,15.2095,46.5132,46.4604,
50,8,1048576,2048,hyprefill,256/1024/1024,graph,47,46.8412,14.3857,46.9054,46.8412,
50,8,1048576,2048,hyprefill,256/1024/1024,graph,48,47.1785,15.4841,47.2272,47.1785,
50,8,1048576,2048,hyprefill,256/1024/1024,graph,49,46.6842,14.9349,46.7309,46.6842,
50,8,1048576,2048,hyprefill,256/1024/1024,graph,50,47.5569,14.9349,47.6049,47.5569,
50,8,1048576,2048,hyprefill,256/1024/1024,graph,51,46.6052,15.2095,46.6654,46.6052,
50,8,1048576,2048,hyprefill,256/1024/1024,graph,52,44.3875,15.1776,44.4403,44.3875,
50,8,1048576,2048,hyprefill,256/1024/1024,graph,53,46.8108,16.0332,46.8602,46.8108,
50,8,1048576,2048,hyprefill,256/1024/1024,graph,54,47.2990,14.3857,47.3508,47.2990,
50,8,1048576,2048,hyprefill,256/1024/1024,graph,55,46.9472,15.7586,46.9973,46.9472,
50,8,1048576,2048,hyprefill,256/1024/1024,graph,56,46.2640,14.6603,46.3135,46.2640,
50,8,1048576,2048,hyprefill,256/1024/1024,graph,57,46.3743,14.9349,46.4231,46.3743,
50,8,1048576,2048,hyprefill,256/1024/1024,graph,58,47.3060,14.9349,47.3536,47.3060,
50,8,1048576,2048,hyprefill,256/1024/1024,graph,59,46.0339,14.6603,46.0827,46.0339,
50,8,1048576,2048,hyprefill,256/1024/1024,graph,60,46.4126,15.4841,46.4596,46.4126,
50,8,1048576,2048,hyprefill,256/1024/1024,graph,61,44.6209,14.9031,44.6655,44.6209,
50,8,1048576,2048,hyprefill,256/1024/1024,graph,62,46.4491,15.2095,46.4982,46.4491,
50,8,1048576,2048,hyprefill,256/1024/1024,graph,63,44.7280,14.9031,44.7764,44.7280,
50,8,1048576,2048,hyprefill,256/1024/1024,graph,64,46.2396,16.0332,46.2955,46.2396,
50,8,1048576,2048,hyprefill,256/1024/1024,graph,65,47.2717,14.6603,47.3215,47.2717,
50,8,1048576,2048,hyprefill,256/1024/1024,graph,66,46.4373,15.7586,46.4847,46.4373,
50,8,1048576,2048,hyprefill,256/1024/1024,graph,67,46.9052,14.9349,46.9509,46.9052,
50,8,1048576,2048,hyprefill,256/1024/1024,graph,68,46.7600,15.2095,46.8051,46.7600,
50,8,1048576,2048,hyprefill,256/1024/1024,graph,69,46.7621,14.9349,46.8076,46.7621,
50,8,1048576,2048,hyprefill,256/1024/1024,graph,70,46.8692,15.4841,46.9149,46.8692,
50,8,1048576,2048,hyprefill,256/1024/1024,graph,71,46.7515,15.7586,46.7982,46.7515,
50,8,1048576,2048,hyprefill,256/1024/1024,graph,72,46.2492,14.3857,46.2956,46.2492,
50,8,1048576,2048,hyprefill,256/1024/1024,graph,73,45.7985,14.6603,45.8444,45.7985,
50,8,1048576,2048,hyprefill,256/1024/1024,graph,74,45.0090,14.9031,45.0609,45.0090,
50,8,1048576,2048,hyprefill,256/1024/1024,graph,75,46.2785,15.4841,46.3298,46.2785,
50,8,1048576,2048,hyprefill,256/1024/1024,graph,76,46.4624,14.1111,46.5162,46.4624,
50,8,1048576,2048,hyprefill,256/1024/1024,graph,77,46.7093,15.7586,46.7590,46.7093,
50,8,1048576,2048,hyprefill,256/1024/1024,graph,78,46.4281,15.4841,46.4779,46.4281,
50,8,1048576,2048,hyprefill,256/1024/1024,graph,79,46.6812,14.9349,46.7273,46.6812,
50,8,1048576,2048,hyprefill,256/1024/1024,graph,80,46.1394,14.6603,46.1857,46.1394,
50,8,1048576,2048,hyprefill,256/1024/1024,graph,81,46.3605,14.6603,46.4239,46.3605,
50,8,1048576,2048,hyprefill,256/1024/1024,graph,82,46.4945,15.7586,46.5416,46.4945,
50,8,1048576,2048,hyprefill,256/1024/1024,graph,83,47.3061,14.6603,47.3502,47.3061,
50,8,1048576,2048,hyprefill,256/1024/1024,graph,84,46.7606,15.4841,46.8057,46.7606,
50,8,1048576,2048,hyprefill,256/1024/1024,graph,85,47.5972,14.9349,47.6428,47.5972,
50,8,1048576,2048,hyprefill,256/1024/1024,graph,86,46.2895,15.2095,46.3345,46.2895,
50,8,1048576,2048,hyprefill,256/1024/1024,graph,87,46.7177,14.1111,46.7632,46.7177,
50,8,1048576,2048,hyprefill,256/1024/1024,graph,88,47.1849,16.0332,47.2329,47.1849,
50,8,1048576,2048,hyprefill,256/1024/1024,graph,89,46.4908,14.9349,46.5369,46.4908,
50,8,1048576,2048,hyprefill,256/1024/1024,graph,90,46.7894,15.4841,46.8331,46.7894,
50,8,1048576,2048,hyprefill,256/1024/1024,graph,91,46.2956,14.6603,46.3422,46.2956,
50,8,1048576,2048,hyprefill,256/1024/1024,graph,92,46.8087,15.2095,46.8576,46.8087,
50,8,1048576,2048,hyprefill,256/1024/1024,graph,93,47.1976,15.4841,47.2453,47.1976,
50,8,1048576,2048,hyprefill,256/1024/1024,graph,94,46.6239,14.9349,46.6704,46.6239,
50,8,1048576,2048,hyprefill,256/1024/1024,graph,95,46.4828,14.9349,46.5297,46.4828,
50,8,1048576,2048,hyprefill,256/1024/1024,graph,96,45.9671,14.9349,46.0206,45.9671,
50,8,1048576,2048,hyprefill,256/1024/1024,graph,97,46.2320,15.4841,46.2777,46.2320,
50,8,1048576,2048,hyprefill,256/1024/1024,graph,98,46.4852,14.1111,46.5321,46.4852,
50,8,1048576,2048,hyprefill,256/1024/1024,graph,99,46.3381,15.7586,46.3875,46.3381,
50,8,1048576,2048,hyprefill,256/1024/1024,graph,100,44.2623,14.9031,44.3073,44.2623,
50,8,1048576,2048,hyprefill,256/1024/1024,graph,101,46.6326,16.0332,46.6795,46.6326,
50,8,1048576,2048,hyprefill,256/1024/1024,graph,102,46.3447,14.3857,46.4043,46.3447,
50,8,1048576,2048,hyprefill,256/1024/1024,graph,103,46.4876,14.9349,46.5352,46.4876,
50,8,1048576,2048,hyprefill,256/1024/1024,graph,104,46.5394,15.2095,46.5881,46.5394,
50,8,1048576,2048,hyprefill,256/1024/1024,graph,105,46.1544,14.6603,46.2053,46.1544,
50,8,1048576,2048,hyprefill,256/1024/1024,graph,106,46.9459,15.2095,46.9978,46.9459,
50,8,1048576,2048,hyprefill,256/1024/1024,graph,107,46.5968,14.6603,46.6423,46.5968,
50,8,1048576,2048,hyprefill,256/1024/1024,graph,108,46.4288,15.4841,46.4754,46.4288,
50,8,1048576,2048,hyprefill,256/1024/1024,graph,109,44.3643,14.9031,44.4103,44.3643,
50,8,1048576,2048,hyprefill,256/1024/1024,graph,110,44.0811,15.7268,44.1270,44.0811,
50,8,1048576,2048,hyprefill,256/1024/1024,graph,111,41.2300,15.1458,41.2758,41.2300,
50,8,1048576,2048,hyprefill,256/1024/1024,graph,112,47.1329,15.7586,47.1854,47.1329,
50,8,1048576,2048,hyprefill,256/1024/1024,graph,113,46.8177,15.2095,46.8645,46.8177,
50,8,1048576,2048,hyprefill,256/1024/1024,graph,114,46.5412,15.2095,46.5873,46.5412,
50,8,1048576,2048,hyprefill,256/1024/1024,graph,115,46.4341,14.9349,46.4807,46.4341,
50,8,1048576,2048,hyprefill,256/1024/1024,graph,116,46.2221,14.6603,46.2707,46.2221,
50,8,1048576,2048,hyprefill,256/1024/1024,graph,117,45.6050,14.9349,45.6516,45.6050,
50,8,1048576,2048,hyprefill,256/1024/1024,graph,118,46.2336,14.6603,46.2810,46.2336,
50,8,1048576,2048,hyprefill,256/1024/1024,graph,119,45.9868,14.6603,46.0324,45.9868,
50,8,1048576,2048,hyprefill,256/1024/1024,graph,120,43.9192,14.9031,43.9649,43.9192,
50,8,1048576,2048,hyprefill,256/1024/1024,graph,121,43.7394,15.4522,43.7884,43.7394,
50,8,1048576,2048,hyprefill,256/1024/1024,graph,122,41.7006,15.4204,41.7458,41.7006,
50,8,1048576,2048,hyprefill,256/1024/1024,graph,123,45.9391,15.7586,45.9871,45.9391,
50,8,1048576,2048,hyprefill,256/1024/1024,graph,124,47.2188,14.3857,47.2648,47.2188,
50,8,1048576,2048,hyprefill,256/1024/1024,graph,125,46.3180,16.0332,46.3737,46.3180,
50,8,1048576,2048,hyprefill,256/1024/1024,graph,126,47.7377,14.6603,47.7881,47.7377,
50,8,1048576,2048,hyprefill,256/1024/1024,graph,127,46.8653,15.4841,46.9158,46.8653,
50,8,1048576,2048,hyprefill,256/1024/1024,graph,128,46.7036,14.1111,46.7507,46.7036,
50,8,1048576,2048,hyprefill,256/1024/1024,graph,129,46.3224,15.7586,46.3715,46.3224,
50,8,1048576,2048,hyprefill,256/1024/1024,graph,130,47.2283,14.9349,47.2905,47.2283,
50,8,1048576,2048,hyprefill,256/1024/1024,graph,131,47.3405,15.4841,47.3887,47.3405,
50,8,1048576,2048,hyprefill,256/1024/1024,graph,132,44.4110,15.4522,44.4613,44.4110,
50,8,1048576,2048,hyprefill,256/1024/1024,graph,133,41.6584,15.6950,41.7083,41.6584,
50,8,1048576,2048,hyprefill,256/1024/1024,graph,134,46.6975,15.2095,46.7450,46.6975,
50,8,1048576,2048,hyprefill,256/1024/1024,graph,135,46.3543,14.1111,46.4034,46.3543,
50,8,1048576,2048,hyprefill,256/1024/1024,graph,136,45.9715,15.7586,46.0240,45.9715,
50,8,1048576,2048,hyprefill,256/1024/1024,graph,137,44.2138,14.9031,44.2609,44.2138,
50,8,1048576,2048,hyprefill,256/1024/1024,graph,138,46.6107,15.7586,46.6610,46.6107,
50,8,1048576,2048,hyprefill,256/1024/1024,graph,139,45.1309,14.0793,45.1822,45.1309,
50,8,1048576,2048,hyprefill,256/1024/1024,graph,140,45.9984,16.3078,46.0485,45.9984,
50,8,1048576,2048,hyprefill,256/1024/1024,graph,141,46.9004,14.6603,46.9517,46.9004,
50,8,1048576,2048,hyprefill,256/1024/1024,graph,142,46.9918,15.2095,47.0381,46.9918,
50,8,1048576,2048,hyprefill,256/1024/1024,graph,143,46.6691,14.9349,46.7164,46.6691,
50,8,1048576,2048,hyprefill,256/1024/1024,graph,144,44.0317,15.1776,44.0794,44.0317,
50,8,1048576,2048,hyprefill,256/1024/1024,graph,145,46.2277,14.9349,46.2770,46.2277,
50,8,1048576,2048,hyprefill,256/1024/1024,graph,146,46.0675,14.6603,46.1166,46.0675,
50,8,1048576,2048,hyprefill,256/1024/1024,graph,147,46.6976,15.4841,46.7442,46.6976,
50,8,1048576,2048,hyprefill,256/1024/1024,graph,148,43.6610,15.1776,43.7084,43.6610,
50,8,1048576,2048,hyprefill,256/1024/1024,graph,149,46.4669,15.2095,46.5115,46.4669,
50,8,1048576,2048,hyprefill,256/1024/1024,graph,150,44.3853,14.6285,44.4308,44.3853,
50,8,1048576,2048,hyprefill,256/1024/1024,graph,151,46.3499,16.0332,46.3959,46.3499,
50,8,1048576,2048,hyprefill,256/1024/1024,graph,152,46.7734,14.3857,46.8216,46.7734,
50,8,1048576,2048,hyprefill,256/1024/1024,graph,153,46.6493,15.4841,46.7006,46.6493,
50,8,1048576,2048,hyprefill,256/1024/1024,graph,154,46.3628,14.6603,46.4173,46.3628,
50,8,1048576,2048,hyprefill,256/1024/1024,graph,155,46.1702,14.6603,46.2245,46.1702,
50,8,1048576,2048,hyprefill,256/1024/1024,graph,156,45.7511,14.9349,45.7992,45.7511,
50,8,1048576,2048,hyprefill,256/1024/1024,graph,157,46.9599,14.1111,47.0060,46.9599,
50,8,1048576,2048,hyprefill,256/1024/1024,graph,158,45.7097,15.7586,45.7618,45.7097,
50,8,1048576,2048,hyprefill,256/1024/1024,graph,159,45.0605,14.9031,45.1194,45.0605,
50,8,1048576,2048,hyprefill,256/1024/1024,graph,160,46.9629,15.7586,47.0206,46.9629,
50,8,1048576,2048,hyprefill,256/1024/1024,graph,161,44.6943,15.1776,44.7467,44.6943,
50,8,1048576,2048,hyprefill,256/1024/1024,graph,162,46.7952,15.7586,46.8488,46.7952,
50,8,1048576,2048,hyprefill,256/1024/1024,graph,163,47.0101,15.7586,47.0612,47.0101,
50,8,1048576,2048,hyprefill,256/1024/1024,graph,164,44.7186,14.9031,44.7665,44.7186,
50,8,1048576,2048,hyprefill,256/1024/1024,graph,165,45.9487,15.2095,45.9983,45.9487,
50,8,1048576,2048,hyprefill,256/1024/1024,graph,166,44.9155,14.9031,44.9666,44.9155,
50,8,1048576,2048,hyprefill,256/1024/1024,graph,167,45.7848,15.4841,45.8363,45.7848,
50,8,1048576,2048,hyprefill,256/1024/1024,graph,168,46.9656,14.1111,47.0138,46.9656,
50,8,1048576,2048,hyprefill,256/1024/1024,graph,169,46.2320,15.2095,46.2793,46.2320,
50,8,1048576,2048,hyprefill,256/1024/1024,graph,170,43.9689,14.9031,44.0275,43.9689,
50,8,1048576,2048,hyprefill,256/1024/1024,graph,171,45.8590,14.9349,45.9146,45.8590,
50,8,1048576,2048,hyprefill,256/1024/1024,graph,172,43.6348,14.9031,43.6823,43.6348,
50,8,1048576,2048,hyprefill,256/1024/1024,graph,173,46.3176,15.4841,46.3672,46.3176,
50,8,1048576,2048,hyprefill,256/1024/1024,graph,174,46.4756,15.4841,46.5373,46.4756,
50,8,1048576,2048,hyprefill,256/1024/1024,graph,175,47.1325,14.3857,47.1808,47.1325,
50,8,1048576,2048,hyprefill,256/1024/1024,graph,176,46.2050,15.4841,46.2537,46.2050,
50,8,1048576,2048,hyprefill,256/1024/1024,graph,177,47.4301,14.6603,47.4770,47.4301,
50,8,1048576,2048,hyprefill,256/1024/1024,graph,178,46.6628,15.7586,46.7152,46.6628,
50,8,1048576,2048,hyprefill,256/1024/1024,graph,179,46.9446,14.1111,46.9989,46.9446,
50,8,1048576,2048,hyprefill,256/1024/1024,graph,180,47.0559,16.0332,47.1056,47.0559,
50,8,1048576,2048,hyprefill,256/1024/1024,graph,181,46.2744,14.6603,46.3293,46.2744,
50,8,1048576,2048,hyprefill,256/1024/1024,graph,182,46.6356,15.2095,46.6854,46.6356,
50,8,1048576,2048,hyprefill,256/1024/1024,graph,183,44.4102,15.4522,44.4575,44.4102,
50,8,1048576,2048,hyprefill,256/1024/1024,graph,184,44.4838,15.7268,44.5375,44.4838,
50,8,1048576,2048,hyprefill,256/1024/1024,graph,185,47.0563,15.7586,47.1179,47.0563,
50,8,1048576,2048,hyprefill,256/1024/1024,graph,186,46.6003,14.6603,46.6526,46.6003,
50,8,1048576,2048,hyprefill,256/1024/1024,graph,187,46.2692,15.2095,46.3194,46.2692,
50,8,1048576,2048,hyprefill,256/1024/1024,graph,188,47.2363,14.6603,47.2864,47.2363,
50,8,1048576,2048,hyprefill,256/1024/1024,graph,189,46.1920,15.4841,46.2372,46.1920,
50,8,1048576,2048,hyprefill,256/1024/1024,graph,190,47.0260,14.3857,47.0725,47.0260,
50,8,1048576,2048,hyprefill,256/1024/1024,graph,191,46.2808,15.7586,46.3269,46.2808,
50,8,1048576,2048,hyprefill,256/1024/1024,graph,192,46.9214,14.3857,46.9689,46.9214,
50,8,1048576,2048,hyprefill,256/1024/1024,graph,193,45.5595,15.2095,45.6106,45.5595,
50,8,1048576,2048,hyprefill,256/1024/1024,graph,194,44.6855,15.1776,44.7417,44.6855,
50,8,1048576,2048,hyprefill,256/1024/1024,graph,195,44.1821,15.4522,44.2283,44.1821,
50,8,1048576,2048,hyprefill,256/1024/1024,graph,196,44.0632,16.0014,44.1151,44.0632,
50,8,1048576,2048,hyprefill,256/1024/1024,graph,197,45.0592,15.1776,45.1144,45.0592,
50,8,1048576,2048,hyprefill,256/1024/1024,graph,198,47.1307,16.0332,47.1798,47.1307,
50,8,1048576,2048,hyprefill,256/1024/1024,graph,199,46.7443,14.1111,46.8000,46.7443,
50,8,1048576,2048,hyprefill,256/256/256,graph,0,45.1077,17.6490,45.1634,45.1077,
50,8,1048576,2048,hyprefill,256/256/256,graph,1,44.7647,17.6490,44.8179,44.7647,
50,8,1048576,2048,hyprefill,256/256/256,graph,2,45.2306,17.6490,45.2812,45.2306,
50,8,1048576,2048,hyprefill,256/256/256,graph,3,44.9795,17.6490,45.0302,44.9795,
50,8,1048576,2048,hyprefill,256/256/256,graph,4,45.1316,17.6490,45.1792,45.1316,
50,8,1048576,2048,hyprefill,256/256/256,graph,5,45.1548,17.6490,45.2108,45.1548,
50,8,1048576,2048,hyprefill,256/256/256,graph,6,44.9711,17.6490,45.0171,44.9711,
50,8,1048576,2048,hyprefill,256/256/256,graph,7,45.5688,17.6490,45.6147,45.5688,
50,8,1048576,2048,hyprefill,256/256/256,graph,8,44.9154,17.6490,44.9623,44.9154,
50,8,1048576,2048,hyprefill,256/256/256,graph,9,45.1751,17.6490,45.2241,45.1751,
50,8,1048576,2048,hyprefill,256/256/256,graph,10,45.0274,17.6490,45.0789,45.0274,
50,8,1048576,2048,hyprefill,256/256/256,graph,11,45.5238,17.6490,45.5862,45.5238,
50,8,1048576,2048,hyprefill,256/256/256,graph,12,45.1623,17.6490,45.2155,45.1623,
50,8,1048576,2048,hyprefill,256/256/256,graph,13,45.1741,17.6490,45.2218,45.1741,
50,8,1048576,2048,hyprefill,256/256/256,graph,14,45.3391,17.6490,45.3873,45.3391,
50,8,1048576,2048,hyprefill,256/256/256,graph,15,45.8105,17.6490,45.8553,45.8105,
50,8,1048576,2048,hyprefill,256/256/256,graph,16,45.2393,17.9235,45.2891,45.2393,
50,8,1048576,2048,hyprefill,256/256/256,graph,17,45.3619,17.9235,45.4219,45.3619,
50,8,1048576,2048,hyprefill,256/256/256,graph,18,45.9920,18.1981,46.0403,45.9920,
50,8,1048576,2048,hyprefill,256/256/256,graph,19,45.4892,18.1981,45.5362,45.4892,
50,8,1048576,2048,hyprefill,256/256/256,graph,20,46.5925,18.4727,46.6392,46.5925,
50,8,1048576,2048,hyprefill,256/256/256,graph,21,45.9465,18.4727,45.9915,45.9465,
50,8,1048576,2048,hyprefill,256/256/256,graph,22,45.9822,18.4727,46.0286,45.9822,
50,8,1048576,2048,hyprefill,256/256/256,graph,23,45.9848,18.4727,46.0415,45.9848,
50,8,1048576,2048,hyprefill,256/256/256,graph,24,45.8740,18.4727,45.9260,45.8740,
50,8,1048576,2048,hyprefill,256/256/256,graph,25,45.7943,18.4727,45.8463,45.7943,
50,8,1048576,2048,hyprefill,256/256/256,graph,26,46.2148,18.4727,46.2656,46.2148,
50,8,1048576,2048,hyprefill,256/256/256,graph,27,45.8330,18.4727,45.8827,45.8330,
50,8,1048576,2048,hyprefill,256/256/256,graph,28,46.3482,18.4727,46.3993,46.3482,
50,8,1048576,2048,hyprefill,256/256/256,graph,29,45.8428,18.4727,45.8929,45.8428,
50,8,1048576,2048,hyprefill,256/256/256,graph,30,45.4485,18.4727,45.5078,45.4485,
50,8,1048576,2048,hyprefill,256/256/256,graph,31,45.8645,18.4727,45.9194,45.8645,
50,8,1048576,2048,hyprefill,256/256/256,graph,32,46.0240,18.4727,46.0725,46.0240,
50,8,1048576,2048,hyprefill,256/256/256,graph,33,45.7263,18.4727,45.7826,45.7263,
50,8,1048576,2048,hyprefill,256/256/256,graph,34,46.1490,18.4727,46.1978,46.1490,
50,8,1048576,2048,hyprefill,256/256/256,graph,35,45.7706,18.4727,45.8187,45.7706,
50,8,1048576,2048,hyprefill,256/256/256,graph,36,46.1266,18.4727,46.1833,46.1266,
50,8,1048576,2048,hyprefill,256/256/256,graph,37,46.4978,18.4727,46.5558,46.4978,
50,8,1048576,2048,hyprefill,256/256/256,graph,38,46.4708,18.4727,46.5237,46.4708,
50,8,1048576,2048,hyprefill,256/256/256,graph,39,45.9016,18.4727,45.9532,45.9016,
50,8,1048576,2048,hyprefill,256/256/256,graph,40,45.9539,18.4727,46.0032,45.9539,
50,8,1048576,2048,hyprefill,256/256/256,graph,41,45.9490,18.4727,46.0013,45.9490,
50,8,1048576,2048,hyprefill,256/256/256,graph,42,46.5581,18.4727,46.6104,46.5581,
50,8,1048576,2048,hyprefill,256/256/256,graph,43,46.0978,18.4727,46.1536,46.0978,
50,8,1048576,2048,hyprefill,256/256/256,graph,44,45.9415,18.4727,45.9920,45.9415,
50,8,1048576,2048,hyprefill,256/256/256,graph,45,46.3209,18.4727,46.3693,46.3209,
50,8,1048576,2048,hyprefill,256/256/256,graph,46,45.7039,18.4727,45.7522,45.7039,
50,8,1048576,2048,hyprefill,256/256/256,graph,47,46.3168,18.4727,46.3655,46.3168,
50,8,1048576,2048,hyprefill,256/256/256,graph,48,46.0784,18.4727,46.1373,46.0784,
50,8,1048576,2048,hyprefill,256/256/256,graph,49,46.2986,18.4727,46.3552,46.2986,
50,8,1048576,2048,hyprefill,256/256/256,graph,50,46.4356,18.4727,46.5001,46.4356,
50,8,1048576,2048,hyprefill,256/256/256,graph,51,45.8631,18.4727,45.9163,45.8631,
50,8,1048576,2048,hyprefill,256/256/256,graph,52,45.9813,18.4727,46.0353,45.9813,
50,8,1048576,2048,hyprefill,256/256/256,graph,53,46.1807,18.4727,46.2292,46.1807,
50,8,1048576,2048,hyprefill,256/256/256,graph,54,45.7840,18.4727,45.8310,45.7840,
50,8,1048576,2048,hyprefill,256/256/256,graph,55,45.8168,18.4727,45.8713,45.8168,
50,8,1048576,2048,hyprefill,256/256/256,graph,56,45.8890,18.4727,45.9424,45.8890,
50,8,1048576,2048,hyprefill,256/256/256,graph,57,45.6908,18.4727,45.7518,45.6908,
50,8,1048576,2048,hyprefill,256/256/256,graph,58,45.8362,18.4727,45.9081,45.8362,
50,8,1048576,2048,hyprefill,256/256/256,graph,59,45.8809,18.4727,45.9323,45.8809,
50,8,1048576,2048,hyprefill,256/256/256,graph,60,46.1782,18.4727,46.2275,46.1782,
50,8,1048576,2048,hyprefill,256/256/256,graph,61,46.1809,18.4727,46.2353,46.1809,
50,8,1048576,2048,hyprefill,256/256/256,graph,62,45.9649,18.4727,46.0144,45.9649,
50,8,1048576,2048,hyprefill,256/256/256,graph,63,46.1386,18.4727,46.1858,46.1386,
50,8,1048576,2048,hyprefill,256/256/256,graph,64,46.0487,18.4727,46.1041,46.0487,
50,8,1048576,2048,hyprefill,256/256/256,graph,65,45.9982,18.4727,46.0515,45.9982,
50,8,1048576,2048,hyprefill,256/256/256,graph,66,45.5812,18.4727,45.6318,45.5812,
50,8,1048576,2048,hyprefill,256/256/256,graph,67,45.9505,18.4727,46.0017,45.9505,
50,8,1048576,2048,hyprefill,256/256/256,graph,68,45.9516,18.4727,46.0002,45.9516,
50,8,1048576,2048,hyprefill,256/256/256,graph,69,45.9619,18.4727,46.0076,45.9619,
50,8,1048576,2048,hyprefill,256/256/256,graph,70,46.1911,18.4727,46.2388,46.1911,
50,8,1048576,2048,hyprefill,256/256/256,graph,71,45.9153,18.4727,45.9756,45.9153,
50,8,1048576,2048,hyprefill,256/256/256,graph,72,45.7787,18.1981,45.8312,45.7787,
50,8,1048576,2048,hyprefill,256/256/256,graph,73,45.5281,18.1981,45.5740,45.5281,
50,8,1048576,2048,hyprefill,256/256/256,graph,74,45.7558,17.9235,45.8024,45.7558,
50,8,1048576,2048,hyprefill,256/256/256,graph,75,45.4594,17.9235,45.5124,45.4594,
50,8,1048576,2048,hyprefill,256/256/256,graph,76,45.5890,17.6490,45.6398,45.5890,
50,8,1048576,2048,hyprefill,256/256/256,graph,77,44.8327,17.6490,44.8862,44.8327,
50,8,1048576,2048,hyprefill,256/256/256,graph,78,45.0807,17.6490,45.1327,45.0807,
50,8,1048576,2048,hyprefill,256/256/256,graph,79,45.2086,17.6490,45.2584,45.2086,
50,8,1048576,2048,hyprefill,256/256/256,graph,80,44.9417,17.6490,44.9949,44.9417,
50,8,1048576,2048,hyprefill,256/256/256,graph,81,44.9595,17.6490,45.0068,44.9595,
50,8,1048576,2048,hyprefill,256/256/256,graph,82,44.8472,17.6490,44.8940,44.8472,
50,8,1048576,2048,hyprefill,256/256/256,graph,83,45.0412,17.6490,45.0868,45.0412,
50,8,1048576,2048,hyprefill,256/256/256,graph,84,44.8935,17.6490,44.9393,44.8935,
50,8,1048576,2048,hyprefill,256/256/256,graph,85,45.3217,17.6490,45.3672,45.3217,
50,8,1048576,2048,hyprefill,256/256/256,graph,86,44.8865,17.6490,44.9323,44.8865,
50,8,1048576,2048,hyprefill,256/256/256,graph,87,45.1892,17.6490,45.2407,45.1892,
50,8,1048576,2048,hyprefill,256/256/256,graph,88,44.9207,17.6490,44.9763,44.9207,
50,8,1048576,2048,hyprefill,256/256/256,graph,89,45.3067,17.6490,45.3570,45.3067,
50,8,1048576,2048,hyprefill,256/256/256,graph,90,45.2144,17.6490,45.2697,45.2144,
50,8,1048576,2048,hyprefill,256/256/256,graph,91,45.2104,17.6490,45.2586,45.2104,
50,8,1048576,2048,hyprefill,256/256/256,graph,92,45.1992,17.6490,45.2522,45.1992,
50,8,1048576,2048,hyprefill,256/256/256,graph,93,45.2042,17.6490,45.2631,45.2042,
50,8,1048576,2048,hyprefill,256/256/256,graph,94,45.2052,17.6490,45.2585,45.2052,
50,8,1048576,2048,hyprefill,256/256/256,graph,95,45.0752,17.6490,45.1289,45.0752,
50,8,1048576,2048,hyprefill,256/256/256,graph,96,45.2349,17.6490,45.2855,45.2349,
50,8,1048576,2048,hyprefill,256/256/256,graph,97,44.8084,17.6490,44.8564,44.8084,
50,8,1048576,2048,hyprefill,256/256/256,graph,98,45.2990,17.6490,45.3517,45.2990,
50,8,1048576,2048,hyprefill,256/256/256,graph,99,44.7244,17.6490,44.7767,44.7244,
50,8,1048576,2048,hyprefill,256/256/256,graph,100,45.1016,17.6490,45.1532,45.1016,
50,8,1048576,2048,hyprefill,256/256/256,graph,101,45.1091,17.6490,45.1592,45.1091,
50,8,1048576,2048,hyprefill,256/256/256,graph,102,45.2826,17.6490,45.3325,45.2826,
50,8,1048576,2048,hyprefill,256/256/256,graph,103,45.0164,17.6490,45.0690,45.0164,
50,8,1048576,2048,hyprefill,256/256/256,graph,104,44.9575,17.6490,45.0086,44.9575,
50,8,1048576,2048,hyprefill,256/256/256,graph,105,45.1874,17.6490,45.2344,45.1874,
50,8,1048576,2048,hyprefill,256/256/256,graph,106,45.2766,17.6490,45.3312,45.2766,
50,8,1048576,2048,hyprefill,256/256/256,graph,107,45.1425,17.6490,45.1901,45.1425,
50,8,1048576,2048,hyprefill,256/256/256,graph,108,45.1956,17.6490,45.2505,45.1956,
50,8,1048576,2048,hyprefill,256/256/256,graph,109,45.1307,17.6490,45.1812,45.1307,
50,8,1048576,2048,hyprefill,256/256/256,graph,110,44.9240,17.6490,44.9720,44.9240,
50,8,1048576,2048,hyprefill,256/256/256,graph,111,45.3629,17.6490,45.4100,45.3629,
50,8,1048576,2048,hyprefill,256/256/256,graph,112,45.3239,17.9235,45.3717,45.3239,
50,8,1048576,2048,hyprefill,256/256/256,graph,113,45.5051,17.9235,45.5694,45.5051,
50,8,1048576,2048,hyprefill,256/256/256,graph,114,45.8780,18.1981,45.9340,45.8780,
50,8,1048576,2048,hyprefill,256/256/256,graph,115,45.5137,18.1981,45.5631,45.5137,
50,8,1048576,2048,hyprefill,256/256/256,graph,116,46.1592,18.4727,46.2055,46.1592,
50,8,1048576,2048,hyprefill,256/256/256,graph,117,45.7045,18.4727,45.7529,45.7045,
50,8,1048576,2048,hyprefill,256/256/256,graph,118,46.0488,18.4727,46.0962,46.0488,
50,8,1048576,2048,hyprefill,256/256/256,graph,119,45.5895,18.4727,45.6530,45.5895,
50,8,1048576,2048,hyprefill,256/256/256,graph,120,46.1598,18.4727,46.2153,46.1598,
50,8,1048576,2048,hyprefill,256/256/256,graph,121,46.0780,18.4727,46.1314,46.0780,
50,8,1048576,2048,hyprefill,256/256/256,graph,122,46.0568,18.4727,46.1049,46.0568,
50,8,1048576,2048,hyprefill,256/256/256,graph,123,45.8937,18.4727,45.9471,45.8937,
50,8,1048576,2048,hyprefill,256/256/256,graph,124,45.9200,18.4727,45.9744,45.9200,
50,8,1048576,2048,hyprefill,256/256/256,graph,125,45.8557,18.4727,45.9074,45.8557,
50,8,1048576,2048,hyprefill,256/256/256,graph,126,46.1005,18.4727,46.1636,46.1005,
50,8,1048576,2048,hyprefill,256/256/256,graph,127,46.3768,18.4727,46.4286,46.3768,
50,8,1048576,2048,hyprefill,256/256/256,graph,128,45.9218,18.4727,45.9710,45.9218,
50,8,1048576,2048,hyprefill,256/256/256,graph,129,46.0691,18.4727,46.1253,46.0691,
50,8,1048576,2048,hyprefill,256/256/256,graph,130,45.6008,18.4727,45.6594,45.6008,
50,8,1048576,2048,hyprefill,256/256/256,graph,131,46.0085,18.4727,46.0584,46.0085,
50,8,1048576,2048,hyprefill,256/256/256,graph,132,45.8136,18.4727,45.8656,45.8136,
50,8,1048576,2048,hyprefill,256/256/256,graph,133,45.9793,18.4727,46.0298,45.9793,
50,8,1048576,2048,hyprefill,256/256/256,graph,134,45.8262,18.4727,45.8732,45.8262,
50,8,1048576,2048,hyprefill,256/256/256,graph,135,45.7596,18.4727,45.8081,45.7596,
50,8,1048576,2048,hyprefill,256/256/256,graph,136,46.5956,18.4727,46.6436,46.5956,
50,8,1048576,2048,hyprefill,256/256/256,graph,137,45.6410,18.4727,45.7004,45.6410,
50,8,1048576,2048,hyprefill,256/256/256,graph,138,46.3476,18.4727,46.4034,46.3476,
50,8,1048576,2048,hyprefill,256/256/256,graph,139,46.1112,18.4727,46.1644,46.1112,
50,8,1048576,2048,hyprefill,256/256/256,graph,140,46.0122,18.4727,46.0644,46.0122,
50,8,1048576,2048,hyprefill,256/256/256,graph,141,46.1825,18.4727,46.2312,46.1825,
50,8,1048576,2048,hyprefill,256/256/256,graph,142,45.9523,18.4727,46.0101,45.9523,
50,8,1048576,2048,hyprefill,256/256/256,graph,143,45.9108,18.4727,45.9636,45.9108,
50,8,1048576,2048,hyprefill,256/256/256,graph,144,46.0055,18.4727,46.0606,46.0055,
50,8,1048576,2048,hyprefill,256/256/256,graph,145,46.6258,18.4727,46.6764,46.6258,
50,8,1048576,2048,hyprefill,256/256/256,graph,146,45.6647,18.4727,45.7250,45.6647,
50,8,1048576,2048,hyprefill,256/256/256,graph,147,45.8087,18.4727,45.8642,45.8087,
50,8,1048576,2048,hyprefill,256/256/256,graph,148,45.9484,18.4727,45.9988,45.9484,
50,8,1048576,2048,hyprefill,256/256/256,graph,149,45.7762,18.4727,45.8260,45.7762,
50,8,1048576,2048,hyprefill,256/256/256,graph,150,45.8446,18.4727,45.8916,45.8446,
50,8,1048576,2048,hyprefill,256/256/256,graph,151,45.8202,18.4727,45.8669,45.8202,
50,8,1048576,2048,hyprefill,256/256/256,graph,152,46.1773,18.4727,46.2371,46.1773,
50,8,1048576,2048,hyprefill,256/256/256,graph,153,45.6700,18.4727,45.7227,45.6700,
50,8,1048576,2048,hyprefill,256/256/256,graph,154,45.8588,18.4727,45.9086,45.8588,
50,8,1048576,2048,hyprefill,256/256/256,graph,155,45.5009,18.4727,45.5476,45.5009,
50,8,1048576,2048,hyprefill,256/256/256,graph,156,46.1821,18.4727,46.2306,46.1821,
50,8,1048576,2048,hyprefill,256/256/256,graph,157,45.8721,18.4727,45.9194,45.8721,
50,8,1048576,2048,hyprefill,256/256/256,graph,158,46.0065,18.4727,46.0777,46.0065,
50,8,1048576,2048,hyprefill,256/256/256,graph,159,46.1078,18.4727,46.1589,46.1078,
50,8,1048576,2048,hyprefill,256/256/256,graph,160,45.7461,18.4727,45.8014,45.7461,
50,8,1048576,2048,hyprefill,256/256/256,graph,161,46.2276,18.4727,46.2833,46.2276,
50,8,1048576,2048,hyprefill,256/256/256,graph,162,45.8763,18.4727,45.9328,45.8763,
50,8,1048576,2048,hyprefill,256/256/256,graph,163,45.9262,18.4727,45.9770,45.9262,
50,8,1048576,2048,hyprefill,256/256/256,graph,164,45.9075,18.4727,45.9561,45.9075,
50,8,1048576,2048,hyprefill,256/256/256,graph,165,46.1993,18.4727,46.2492,46.1993,
50,8,1048576,2048,hyprefill,256/256/256,graph,166,45.9239,18.4727,45.9757,45.9239,
50,8,1048576,2048,hyprefill,256/256/256,graph,167,45.8645,18.4727,45.9172,45.8645,
50,8,1048576,2048,hyprefill,256/256/256,graph,168,45.7368,18.1981,45.7845,45.7368,
50,8,1048576,2048,hyprefill,256/256/256,graph,169,45.5036,18.1981,45.5503,45.5036,
50,8,1048576,2048,hyprefill,256/256/256,graph,170,45.6299,17.9235,45.6770,45.6299,
50,8,1048576,2048,hyprefill,256/256/256,graph,171,45.2326,17.9235,45.2795,45.2326,
50,8,1048576,2048,hyprefill,256/256/256,graph,172,45.4953,17.6490,45.5437,45.4953,
50,8,1048576,2048,hyprefill,256/256/256,graph,173,44.7957,17.6490,44.8548,44.7957,
50,8,1048576,2048,hyprefill,256/256/256,graph,174,45.0342,17.6490,45.0825,45.0342,
50,8,1048576,2048,hyprefill,256/256/256,graph,175,44.6446,17.6490,44.6923,44.6446,
50,8,1048576,2048,hyprefill,256/256/256,graph,176,45.1128,17.6490,45.1619,45.1128,
50,8,1048576,2048,hyprefill,256/256/256,graph,177,45.2049,17.6490,45.2534,45.2049,
50,8,1048576,2048,hyprefill,256/256/256,graph,178,45.3372,17.6490,45.3846,45.3372,
50,8,1048576,2048,hyprefill,256/256/256,graph,179,45.0870,17.6490,45.1372,45.0870,
50,8,1048576,2048,hyprefill,256/256/256,graph,180,45.0206,17.6490,45.0735,45.0206,
50,8,1048576,2048,hyprefill,256/256/256,graph,181,45.4504,17.6490,45.4992,45.4504,
50,8,1048576,2048,hyprefill,256/256/256,graph,182,44.7990,17.6490,44.8458,44.7990,
50,8,1048576,2048,hyprefill,256/256/256,graph,183,45.5545,17.6490,45.6019,45.5545,
50,8,1048576,2048,hyprefill,256/256/256,graph,184,44.8274,17.6490,44.8730,44.8274,
50,8,1048576,2048,hyprefill,256/256/256,graph,185,45.1615,17.6490,45.2135,45.1615,
50,8,1048576,2048,hyprefill,256/256/256,graph,186,45.2070,17.6490,45.2542,45.2070,
50,8,1048576,2048,hyprefill,256/256/256,graph,187,45.2285,17.6490,45.2817,45.2285,
50,8,1048576,2048,hyprefill,256/256/256,graph,188,45.1465,17.6490,45.2041,45.1465,
50,8,1048576,2048,hyprefill,256/256/256,graph,189,45.1487,17.6490,45.1990,45.1487,
50,8,1048576,2048,hyprefill,256/256/256,graph,190,45.1673,17.6490,45.2314,45.1673,
50,8,1048576,2048,hyprefill,256/256/256,graph,191,44.9924,17.6490,45.0424,44.9924,
50,8,1048576,2048,hyprefill,256/256/256,graph,192,45.2034,17.6490,45.2557,45.2034,
50,8,1048576,2048,hyprefill,256/256/256,graph,193,45.1056,17.6490,45.1594,45.1056,
50,8,1048576,2048,hyprefill,256/256/256,graph,194,45.0862,17.6490,45.1365,45.0862,
50,8,1048576,2048,hyprefill,256/256/256,graph,195,44.7331,17.6490,44.7790,44.7331,
50,8,1048576,2048,hyprefill,256/256/256,graph,196,45.1812,17.6490,45.2315,45.1812,
50,8,1048576,2048,hyprefill,256/256/256,graph,197,44.9638,17.6490,45.0109,44.9638,
50,8,1048576,2048,hyprefill,256/256/256,graph,198,45.3748,17.6490,45.4270,45.3748,
50,8,1048576,2048,hyprefill,256/256/256,graph,199,45.0315,17.6490,45.0808,45.0315,
50,8,1048576,2048,hyprefill,512/512/512,graph,0,41.3028,15.3568,41.3705,41.3028,
50,8,1048576,2048,hyprefill,512/512/512,graph,1,44.6634,15.1140,44.7136,44.6634,
50,8,1048576,2048,hyprefill,512/512/512,graph,2,35.4463,15.5995,35.4966,35.4463,
50,8,1048576,2048,hyprefill,512/512/512,graph,3,41.1915,16.4551,41.2437,41.1915,
50,8,1048576,2048,hyprefill,512/512/512,graph,4,41.7703,15.3568,41.8223,41.7703,
50,8,1048576,2048,hyprefill,512/512/512,graph,5,44.8593,15.3886,44.9063,44.8593,
50,8,1048576,2048,hyprefill,512/512/512,graph,6,42.2257,15.3568,42.2778,42.2257,
50,8,1048576,2048,hyprefill,512/512/512,graph,7,41.3469,16.7297,41.3949,41.3469,
50,8,1048576,2048,hyprefill,512/512/512,graph,8,41.8392,15.3568,41.8870,41.8392,
50,8,1048576,2048,hyprefill,512/512/512,graph,9,45.5153,15.6632,45.5668,45.5153,
50,8,1048576,2048,hyprefill,512/512/512,graph,10,42.2204,15.9059,42.2700,42.2204,
50,8,1048576,2048,hyprefill,512/512/512,graph,11,41.4727,16.4551,41.5217,41.4727,
50,8,1048576,2048,hyprefill,512/512/512,graph,12,41.6875,15.9059,41.7338,41.6875,
50,8,1048576,2048,hyprefill,512/512/512,graph,13,45.1694,15.3886,45.2193,45.1694,
50,8,1048576,2048,hyprefill,512/512/512,graph,14,42.1282,15.3568,42.1770,42.1282,
50,8,1048576,2048,hyprefill,512/512/512,graph,15,41.3402,17.0043,41.3947,41.3402,
50,8,1048576,2048,hyprefill,512/512/512,graph,16,41.6960,15.3568,41.7461,41.6960,
50,8,1048576,2048,hyprefill,512/512/512,graph,17,44.8597,15.1140,44.9165,44.8597,
50,8,1048576,2048,hyprefill,512/512/512,graph,18,41.7221,16.1805,41.7761,41.7221,
50,8,1048576,2048,hyprefill,512/512/512,graph,19,41.8857,16.4551,41.9329,41.8857,
50,8,1048576,2048,hyprefill,512/512/512,graph,20,42.0722,15.6314,42.1187,42.0722,
50,8,1048576,2048,hyprefill,512/512/512,graph,21,46.3892,15.9378,46.4511,46.3892,
50,8,1048576,2048,hyprefill,512/512/512,graph,22,41.7967,15.3568,41.8486,41.7967,
50,8,1048576,2048,hyprefill,512/512/512,graph,23,40.6887,16.4551,40.7375,40.6887,
50,8,1048576,2048,hyprefill,512/512/512,graph,24,41.7692,15.9059,41.8309,41.7692,
50,8,1048576,2048,hyprefill,512/512/512,graph,25,45.7108,15.6632,45.7804,45.7108,
50,8,1048576,2048,hyprefill,512/512/512,graph,26,43.1340,15.3568,43.2010,43.1340,
50,8,1048576,2048,hyprefill,512/512/512,graph,27,41.4882,16.7297,41.5553,41.4882,
50,8,1048576,2048,hyprefill,512/512/512,graph,28,41.8653,15.6314,41.9158,41.8653,
50,8,1048576,2048,hyprefill,512/512/512,graph,29,41.3605,16.4551,41.4073,41.3605,
50,8,1048576,2048,hyprefill,512/512/512,graph,30,41.6109,15.6314,41.6587,41.6109,
50,8,1048576,2048,hyprefill,512/512/512,graph,31,45.2337,15.6632,45.2825,45.2337,
50,8,1048576,2048,hyprefill,512/512/512,graph,32,42.2564,15.0822,42.3028,42.2564,
50,8,1048576,2048,hyprefill,512/512/512,graph,33,45.1021,15.1140,45.1548,45.1021,
50,8,1048576,2048,hyprefill,512/512/512,graph,34,41.9891,16.4551,42.0362,41.9891,
50,8,1048576,2048,hyprefill,512/512/512,graph,35,41.8748,16.1805,41.9266,41.8748,
50,8,1048576,2048,hyprefill,512/512/512,graph,36,41.4911,15.9059,41.5404,41.4911,
50,8,1048576,2048,hyprefill,512/512/512,graph,37,41.3468,16.4551,41.3956,41.3468,
50,8,1048576,2048,hyprefill,512/512/512,graph,38,42.0614,15.9059,42.1165,42.0614,
50,8,1048576,2048,hyprefill,512/512/512,graph,39,45.0009,15.6632,45.0550,45.0009,
50,8,1048576,2048,hyprefill,512/512/512,graph,40,42.2432,15.0822,42.2905,42.2432,
50,8,1048576,2048,hyprefill,512/512/512,graph,41,44.9979,15.6632,45.0457,44.9979,
50,8,1048576,2048,hyprefill,512/512/512,graph,42,42.2770,15.6314,42.3197,42.2770,
50,8,1048576,2048,hyprefill,512/512/512,graph,43,45.7232,15.9378,45.7878,45.7232,
50,8,1048576,2048,hyprefill,512/512/512,graph,44,41.3108,15.0822,41.3586,41.3108,
50,8,1048576,2048,hyprefill,512/512/512,graph,45,40.9030,16.4551,40.9491,40.9030,
50,8,1048576,2048,hyprefill,512/512/512,graph,46,41.4454,15.3568,41.4926,41.4454,
50,8,1048576,2048,hyprefill,512/512/512,graph,47,40.5581,16.4551,40.6145,40.5581,
50,8,1048576,2048,hyprefill,512/512/512,graph,48,41.5306,15.6314,41.5825,41.5306,
50,8,1048576,2048,hyprefill,512/512/512,graph,49,40.9662,16.1805,41.0130,40.9662,
50,8,1048576,2048,hyprefill,512/512/512,graph,50,41.7713,15.3568,41.8186,41.7713,
50,8,1048576,2048,hyprefill,512/512/512,graph,51,45.1294,15.3886,45.1779,45.1294,
50,8,1048576,2048,hyprefill,512/512/512,graph,52,41.5364,15.0822,41.5841,41.5364,
50,8,1048576,2048,hyprefill,512/512/512,graph,53,45.5699,15.3886,45.6185,45.5699,
50,8,1048576,2048,hyprefill,512/512/512,graph,54,46.4651,15.3886,46.5186,46.4651,
50,8,1048576,2048,hyprefill,512/512/512,graph,55,40.8355,15.6314,40.8883,40.8355,
50,8,1048576,2048,hyprefill,512/512/512,graph,56,41.3424,15.9059,41.3902,41.3424,
50,8,1048576,2048,hyprefill,512/512/512,graph,57,45.6435,15.1140,45.6908,45.6435,
50,8,1048576,2048,hyprefill,512/512/512,graph,58,41.7346,16.1805,41.7899,41.7346,
50,8,1048576,2048,hyprefill,512/512/512,graph,59,45.5242,15.1140,45.5730,45.5242,
50,8,1048576,2048,hyprefill,512/512/512,graph,60,41.5814,15.6314,41.6269,41.5814,
50,8,1048576,2048,hyprefill,512/512/512,graph,61,41.5808,16.4551,41.6264,41.5808,
50,8,1048576,2048,hyprefill,512/512/512,graph,62,41.5504,15.6314,41.5952,41.5504,
50,8,1048576,2048,hyprefill,512/512/512,graph,63,41.5327,16.7297,41.5782,41.5327,
50,8,1048576,2048,hyprefill,512/512/512,graph,64,41.8924,15.6314,41.9387,41.8924,
50,8,1048576,2048,hyprefill,512/512/512,graph,65,45.5922,15.9378,45.6477,45.5922,
50,8,1048576,2048,hyprefill,512/512/512,graph,66,42.1760,15.0822,42.2264,42.1760,
50,8,1048576,2048,hyprefill,512/512/512,graph,67,45.6640,15.3886,45.7180,45.6640,
50,8,1048576,2048,hyprefill,512/512/512,graph,68,41.5055,15.0822,41.5514,41.5055,
50,8,1048576,2048,hyprefill,512/512/512,graph,69,40.5091,16.4551,40.5579,40.5091,
50,8,1048576,2048,hyprefill,512/512/512,graph,70,45.9237,14.2902,45.9699,45.9237,
50,8,1048576,2048,hyprefill,512/512/512,graph,71,40.8452,16.4551,40.8897,40.8452,
50,8,1048576,2048,hyprefill,512/512/512,graph,72,41.8861,15.6314,41.9413,41.8861,
50,8,1048576,2048,hyprefill,512/512/512,graph,73,45.9944,15.6632,46.0474,45.9944,
50,8,1048576,2048,hyprefill,512/512/512,graph,74,41.3902,15.6314,41.4366,41.3902,
50,8,1048576,2048,hyprefill,512/512/512,graph,75,41.5627,16.1805,41.6090,41.5627,
50,8,1048576,2048,hyprefill,512/512/512,graph,76,41.2451,16.1805,41.2924,41.2451,
50,8,1048576,2048,hyprefill,512/512/512,graph,77,41.6920,16.1805,41.7443,41.6920,
50,8,1048576,2048,hyprefill,512/512/512,graph,78,41.1123,15.9059,41.1629,41.1123,
50,8,1048576,2048,hyprefill,512/512/512,graph,79,41.2772,16.1805,41.3258,41.2772,
50,8,1048576,2048,hyprefill,512/512/512,graph,80,40.8849,15.6314,40.9400,40.8849,
50,8,1048576,2048,hyprefill,512/512/512,graph,81,40.9779,15.9059,41.0284,40.9779,
50,8,1048576,2048,hyprefill,512/512/512,graph,82,40.9856,15.6314,41.0434,40.9856,
50,8,1048576,2048,hyprefill,512/512/512,graph,83,40.7875,15.6314,40.8431,40.7875,
50,8,1048576,2048,hyprefill,512/512/512,graph,84,40.8799,15.6314,40.9275,40.8799,
50,8,1048576,2048,hyprefill,512/512/512,graph,85,40.7065,15.6314,40.7553,40.7065,
50,8,1048576,2048,hyprefill,512/512/512,graph,86,41.0219,15.9059,41.0705,41.0219,
50,8,1048576,2048,hyprefill,512/512/512,graph,87,46.3238,14.8394,46.3775,46.3238,
50,8,1048576,2048,hyprefill,512/512/512,graph,88,41.4167,15.9059,41.4715,41.4167,
50,8,1048576,2048,hyprefill,512/512/512,graph,89,41.1821,16.1805,41.2292,41.1821,
50,8,1048576,2048,hyprefill,512/512/512,graph,90,41.6172,15.9059,41.6632,41.6172,
50,8,1048576,2048,hyprefill,512/512/512,graph,91,41.2150,16.1805,41.2607,41.2150,
50,8,1048576,2048,hyprefill,512/512/512,graph,92,42.0622,15.9059,42.1300,42.0622,
50,8,1048576,2048,hyprefill,512/512/512,graph,93,41.5244,16.1805,41.5720,41.5244,
50,8,1048576,2048,hyprefill,512/512/512,graph,94,41.2709,15.9059,41.3161,41.2709,
50,8,1048576,2048,hyprefill,512/512/512,graph,95,41.0400,15.9059,41.0861,41.0400,
50,8,1048576,2048,hyprefill,512/512/512,graph,96,41.2440,15.9059,41.2934,41.2440,
50,8,1048576,2048,hyprefill,512/512/512,graph,97,41.4820,15.6314,41.5327,41.4820,
50,8,1048576,2048,hyprefill,512/512/512,graph,98,46.7196,15.9378,46.7659,46.7196,
50,8,1048576,2048,hyprefill,512/512/512,graph,99,41.0661,15.3568,41.1140,41.0661,
50,8,1048576,2048,hyprefill,512/512/512,graph,100,40.7480,16.1805,40.7958,40.7480,
50,8,1048576,2048,hyprefill,512/512/512,graph,101,45.7106,14.8394,45.7600,45.7106,
50,8,1048576,2048,hyprefill,512/512/512,graph,102,41.0164,15.6314,41.0785,41.0164,
50,8,1048576,2048,hyprefill,512/512/512,graph,103,40.6908,15.9059,40.7426,40.6908,
50,8,1048576,2048,hyprefill,512/512/512,graph,104,41.3709,16.1805,41.4218,41.3709,
50,8,1048576,2048,hyprefill,512/512/512,graph,105,41.7156,15.9059,41.7644,41.7156,
50,8,1048576,2048,hyprefill,512/512/512,graph,106,41.1980,15.9059,41.2468,41.1980,
50,8,1048576,2048,hyprefill,512/512/512,graph,107,40.9267,16.1805,40.9706,40.9267,
50,8,1048576,2048,hyprefill,512/512/512,graph,108,41.5480,15.6314,41.6023,41.5480,
50,8,1048576,2048,hyprefill,512/512/512,graph,109,40.6041,15.9059,40.6556,40.6041,
50,8,1048576,2048,hyprefill,512/512/512,graph,110,41.7629,15.6314,41.8111,41.7629,
50,8,1048576,2048,hyprefill,512/512/512,graph,111,40.4532,15.6314,40.4993,40.4532,
50,8,1048576,2048,hyprefill,512/512/512,graph,112,41.0677,15.6314,41.1149,41.0677,
50,8,1048576,2048,hyprefill,512/512/512,graph,113,45.2238,14.8394,45.2811,45.2238,
50,8,1048576,2048,hyprefill,512/512/512,graph,114,41.3350,15.9059,41.3822,41.3350,
50,8,1048576,2048,hyprefill,512/512/512,graph,115,41.0265,15.9059,41.0785,41.0265,
50,8,1048576,2048,hyprefill,512/512/512,graph,116,41.0377,15.9059,41.1001,41.0377,
50,8,1048576,2048,hyprefill,512/512/512,graph,117,41.0694,16.1805,41.1304,41.0694,
50,8,1048576,2048,hyprefill,512/512/512,graph,118,41.5634,15.9059,41.6236,41.5634,
50,8,1048576,2048,hyprefill,512/512/512,graph,119,41.5744,16.1805,41.6416,41.5744,
50,8,1048576,2048,hyprefill,512/512/512,graph,120,41.4459,15.9059,41.4944,41.4459,
50,8,1048576,2048,hyprefill,512/512/512,graph,121,41.3100,15.9059,41.3674,41.3100,
50,8,1048576,2048,hyprefill,512/512/512,graph,122,41.2128,15.6314,41.2654,41.2128,
50,8,1048576,2048,hyprefill,512/512/512,graph,123,41.0752,15.9059,41.1313,41.0752,
50,8,1048576,2048,hyprefill,512/512/512,graph,124,46.3908,15.3886,46.4395,46.3908,
50,8,1048576,2048,hyprefill,512/512/512,graph,125,40.8898,15.0822,40.9357,40.8898,
50,8,1048576,2048,hyprefill,512/512/512,graph,126,40.6529,15.9059,40.7004,40.6529,
50,8,1048576,2048,hyprefill,512/512/512,graph,127,40.9409,15.6314,40.9872,40.9409,
50,8,1048576,2048,hyprefill,512/512/512,graph,128,41.1589,16.1805,41.2061,41.1589,
50,8,1048576,2048,hyprefill,512/512/512,graph,129,41.2581,15.6314,41.3028,41.2581,
50,8,1048576,2048,hyprefill,512/512/512,graph,130,40.8371,16.1805,40.8949,40.8371,
50,8,1048576,2048,hyprefill,512/512/512,graph,131,41.4795,15.9059,41.5325,41.4795,
50,8,1048576,2048,hyprefill,512/512/512,graph,132,40.9751,15.9059,41.0229,40.9751,
50,8,1048576,2048,hyprefill,512/512/512,graph,133,41.2681,15.9059,41.3146,41.2681,
50,8,1048576,2048,hyprefill,512/512/512,graph,134,40.8698,15.6314,40.9194,40.8698,
50,8,1048576,2048,hyprefill,512/512/512,graph,135,45.8008,15.1140,45.8471,45.8008,
50,8,1048576,2048,hyprefill,512/512/512,graph,136,41.2563,15.6314,41.3037,41.2563,
50,8,1048576,2048,hyprefill,512/512/512,graph,137,41.1556,16.1805,41.2004,41.1556,
50,8,1048576,2048,hyprefill,512/512/512,graph,138,41.1724,15.6314,41.2201,41.1724,
50,8,1048576,2048,hyprefill,512/512/512,graph,139,41.0297,16.1805,41.0795,41.0297,
50,8,1048576,2048,hyprefill,512/512/512,graph,140,41.2974,15.9059,41.3487,41.2974,
50,8,1048576,2048,hyprefill,512/512/512,graph,141,41.3444,16.1805,41.3895,41.3444,
50,8,1048576,2048,hyprefill,512/512/512,graph,142,46.1310,15.1140,46.1795,46.1310,
50,8,1048576,2048,hyprefill,512/512/512,graph,143,40.6966,15.6314,40.7494,40.6966,
50,8,1048576,2048,hyprefill,512/512/512,graph,144,45.3024,15.3886,45.3553,45.3024,
50,8,1048576,2048,hyprefill,512/512/512,graph,145,41.4205,15.3568,41.4887,41.4205,
50,8,1048576,2048,hyprefill,512/512/512,graph,146,40.6223,16.4551,40.6740,40.6223,
50,8,1048576,2048,hyprefill,512/512/512,graph,147,41.4033,15.0822,41.4585,41.4033,
50,8,1048576,2048,hyprefill,512/512/512,graph,148,40.2084,16.4551,40.2591,40.2084,
50,8,1048576,2048,hyprefill,512/512/512,graph,149,41.3579,15.3568,41.4057,41.3579,
50,8,1048576,2048,hyprefill,512/512/512,graph,150,45.4046,15.6632,45.4589,45.4046,
50,8,1048576,2048,hyprefill,512/512/512,graph,151,41.6677,15.3568,41.7206,41.6677,
50,8,1048576,2048,hyprefill,512/512/512,graph,152,45.1237,15.3886,45.1814,45.1237,
50,8,1048576,2048,hyprefill,512/512/512,graph,153,41.6901,15.0822,41.7391,41.6901,
50,8,1048576,2048,hyprefill,512/512/512,graph,154,40.8204,16.4551,40.8720,40.8204,
50,8,1048576,2048,hyprefill,512/512/512,graph,155,41.4076,15.3568,41.4605,41.4076,
50,8,1048576,2048,hyprefill,512/512/512,graph,156,40.7367,16.1805,40.7903,40.7367,
50,8,1048576,2048,hyprefill,512/512/512,graph,157,41.3917,15.6314,41.4424,41.3917,
50,8,1048576,2048,hyprefill,512/512/512,graph,158,46.4833,15.3886,46.5306,46.4833,
50,8,1048576,2048,hyprefill,512/512/512,graph,159,41.2135,15.6314,41.2597,41.2135,
50,8,1048576,2048,hyprefill,512/512/512,graph,160,44.9657,14.8394,45.0139,44.9657,
50,8,1048576,2048,hyprefill,512/512/512,graph,161,41.4178,15.3568,41.4641,41.4178,
50,8,1048576,2048,hyprefill,512/512/512,graph,162,41.0425,16.4551,41.0877,41.0425,
50,8,1048576,2048,hyprefill,512/512/512,graph,163,41.2770,15.3568,41.3243,41.2770,
50,8,1048576,2048,hyprefill,512/512/512,graph,164,41.0644,17.0043,41.1095,41.0644,
50,8,1048576,2048,hyprefill,512/512/512,graph,165,42.0789,15.6314,42.1235,42.0789,
50,8,1048576,2048,hyprefill,512/512/512,graph,166,45.2546,15.1140,45.3063,45.2546,
50,8,1048576,2048,hyprefill,512/512/512,graph,167,42.0201,15.9059,42.0700,42.0201,
50,8,1048576,2048,hyprefill,512/512/512,graph,168,44.9873,15.1140,45.0396,44.9873,
50,8,1048576,2048,hyprefill,512/512/512,graph,169,41.7722,15.6314,41.8189,41.7722,
50,8,1048576,2048,hyprefill,512/512/512,graph,170,45.3469,15.3886,45.4008,45.3469,
50,8,1048576,2048,hyprefill,512/512/512,graph,171,42.3711,15.0822,42.4173,42.3711,
50,8,1048576,2048,hyprefill,512/512/512,graph,172,40.9182,17.2789,40.9677,40.9182,
50,8,1048576,2048,hyprefill,512/512/512,graph,173,41.9938,15.3568,42.0448,41.9938,
50,8,1048576,2048,hyprefill,512/512/512,graph,174,41.3082,17.2789,41.3542,41.3082,
50,8,1048576,2048,hyprefill,512/512/512,graph,175,42.2692,15.3568,42.3151,42.2692,
50,8,1048576,2048,hyprefill,512/512/512,graph,176,45.1651,15.9378,45.2136,45.1651,
50,8,1048576,2048,hyprefill,512/512/512,graph,177,42.9794,15.0822,43.0295,42.9794,
50,8,1048576,2048,hyprefill,512/512/512,graph,178,45.2091,15.1140,45.2690,45.2091,
50,8,1048576,2048,hyprefill,512/512/512,graph,179,41.4185,15.9059,41.4664,41.4185,
50,8,1048576,2048,hyprefill,512/512/512,graph,180,41.9934,16.7297,42.0415,41.9934,
50,8,1048576,2048,hyprefill,512/512/512,graph,181,41.9056,15.6314,41.9555,41.9056,
50,8,1048576,2048,hyprefill,512/512/512,graph,182,41.3660,16.7297,41.4130,41.3660,
50,8,1048576,2048,hyprefill,512/512/512,graph,183,41.5930,15.6314,41.6390,41.5930,
50,8,1048576,2048,hyprefill,512/512/512,graph,184,45.6348,15.3886,45.6862,45.6348,
50,8,1048576,2048,hyprefill,512/512/512,graph,185,41.7269,15.6314,41.7747,41.7269,
50,8,1048576,2048,hyprefill,512/512/512,graph,186,46.5056,15.9378,46.5546,46.5056,
50,8,1048576,2048,hyprefill,512/512/512,graph,187,41.6989,15.3568,41.7454,41.6989,
50,8,1048576,2048,hyprefill,512/512/512,graph,188,41.1447,16.7297,41.1976,41.1447,
50,8,1048576,2048,hyprefill,512/512/512,graph,189,41.7489,15.6314,41.8024,41.7489,
50,8,1048576,2048,hyprefill,512/512/512,graph,190,41.3957,16.7297,41.4476,41.3957,
50,8,1048576,2048,hyprefill,512/512/512,graph,191,41.8538,15.9059,41.9008,41.8538,
50,8,1048576,2048,hyprefill,512/512/512,graph,192,44.4683,14.5648,44.5215,44.4683,
50,8,1048576,2048,hyprefill,512/512/512,graph,193,42.1827,15.6314,42.2527,42.1827,
50,8,1048576,2048,hyprefill,512/512/512,graph,194,45.5825,16.4869,45.6329,45.5825,
50,8,1048576,2048,hyprefill,512/512/512,graph,195,42.4360,13.9838,42.4824,42.4360,
50,8,1048576,2048,hyprefill,512/512/512,graph,196,44.9937,15.9378,45.0437,44.9937,
50,8,1048576,2048,hyprefill,512/512/512,graph,197,42.2543,15.6314,42.3013,42.2543,
50,8,1048576,2048,hyprefill,512/512/512,graph,198,45.7797,15.9378,45.8276,45.7797,
50,8,1048576,2048,hyprefill,512/512/512,graph,199,42.4694,15.6314,42.5200,42.4694,
50,8,1048576,2048,hyprefill,1024/1024/1024,graph,0,39.9866,15.0503,40.0457,39.9866,
50,8,1048576,2048,hyprefill,1024/1024/1024,graph,1,40.7481,15.0503,40.8056,40.7481,
50,8,1048576,2048,hyprefill,1024/1024/1024,graph,2,40.0331,15.0503,40.0827,40.0331,
50,8,1048576,2048,hyprefill,1024/1024/1024,graph,3,40.4579,15.0503,40.5056,40.4579,
50,8,1048576,2048,hyprefill,1024/1024/1024,graph,4,40.2564,15.0503,40.3080,40.2564,
50,8,1048576,2048,hyprefill,1024/1024/1024,graph,5,40.6261,15.0503,40.6814,40.6261,
50,8,1048576,2048,hyprefill,1024/1024/1024,graph,6,40.1079,15.0503,40.1679,40.1079,
50,8,1048576,2048,hyprefill,1024/1024/1024,graph,7,40.1442,15.0503,40.1994,40.1442,
50,8,1048576,2048,hyprefill,1024/1024/1024,graph,8,39.9714,15.0503,40.0193,39.9714,
50,8,1048576,2048,hyprefill,1024/1024/1024,graph,9,40.6555,15.0503,40.7035,40.6555,
50,8,1048576,2048,hyprefill,1024/1024/1024,graph,10,39.9709,15.0503,40.0220,39.9709,
50,8,1048576,2048,hyprefill,1024/1024/1024,graph,11,40.2769,15.0503,40.3243,40.2769,
50,8,1048576,2048,hyprefill,1024/1024/1024,graph,12,40.4916,15.0503,40.5532,40.4916,
50,8,1048576,2048,hyprefill,1024/1024/1024,graph,13,40.3432,15.0503,40.3991,40.3432,
50,8,1048576,2048,hyprefill,1024/1024/1024,graph,14,40.1167,15.0503,40.1654,40.1167,
50,8,1048576,2048,hyprefill,1024/1024/1024,graph,15,40.3728,15.0503,40.4208,40.3728,
50,8,1048576,2048,hyprefill,1024/1024/1024,graph,16,40.1840,15.0503,40.2350,40.1840,
50,8,1048576,2048,hyprefill,1024/1024/1024,graph,17,40.7750,15.0503,40.8214,40.7750,
50,8,1048576,2048,hyprefill,1024/1024/1024,graph,18,40.2250,15.0503,40.2702,40.2250,
50,8,1048576,2048,hyprefill,1024/1024/1024,graph,19,40.5640,15.0503,40.6092,40.5640,
50,8,1048576,2048,hyprefill,1024/1024/1024,graph,20,40.2315,15.0503,40.2769,40.2315,
50,8,1048576,2048,hyprefill,1024/1024/1024,graph,21,40.5116,15.0503,40.5567,40.5116,
50,8,1048576,2048,hyprefill,1024/1024/1024,graph,22,40.4384,15.0503,40.4844,40.4384,
50,8,1048576,2048,hyprefill,1024/1024/1024,graph,23,40.2307,15.0503,40.2761,40.2307,
50,8,1048576,2048,hyprefill,1024/1024/1024,graph,24,39.9883,15.0503,40.0324,39.9883,
50,8,1048576,2048,hyprefill,1024/1024/1024,graph,25,40.3011,15.0503,40.3463,40.3011,
50,8,1048576,2048,hyprefill,1024/1024/1024,graph,26,40.5491,15.0503,40.5943,40.5491,
50,8,1048576,2048,hyprefill,1024/1024/1024,graph,27,40.0502,15.0503,40.0962,40.0502,
50,8,1048576,2048,hyprefill,1024/1024/1024,graph,28,39.9276,15.0503,39.9757,39.9276,
50,8,1048576,2048,hyprefill,1024/1024/1024,graph,29,40.2232,15.0503,40.2697,40.2232,
50,8,1048576,2048,hyprefill,1024/1024/1024,graph,30,40.4675,15.0503,40.5151,40.4675,
50,8,1048576,2048,hyprefill,1024/1024/1024,graph,31,40.3712,15.0503,40.4173,40.3712,
50,8,1048576,2048,hyprefill,1024/1024/1024,graph,32,39.9845,15.0503,40.0324,39.9845,
50,8,1048576,2048,hyprefill,1024/1024/1024,graph,33,40.2654,15.0503,40.3144,40.2654,
50,8,1048576,2048,hyprefill,1024/1024/1024,graph,34,39.9648,15.0503,40.0120,39.9648,
50,8,1048576,2048,hyprefill,1024/1024/1024,graph,35,41.2322,15.0503,41.2775,41.2322,
50,8,1048576,2048,hyprefill,1024/1024/1024,graph,36,40.1258,15.0503,40.1732,40.1258,
50,8,1048576,2048,hyprefill,1024/1024/1024,graph,37,40.7170,15.0503,40.7672,40.7170,
50,8,1048576,2048,hyprefill,1024/1024/1024,graph,38,40.1931,15.0503,40.2396,40.1931,
50,8,1048576,2048,hyprefill,1024/1024/1024,graph,39,40.5820,15.0503,40.6359,40.5820,
50,8,1048576,2048,hyprefill,1024/1024/1024,graph,40,40.4915,15.0503,40.5407,40.4915,
50,8,1048576,2048,hyprefill,1024/1024/1024,graph,41,40.4243,15.0503,40.4707,40.4243,
50,8,1048576,2048,hyprefill,1024/1024/1024,graph,42,40.2511,15.0503,40.2946,40.2511,
50,8,1048576,2048,hyprefill,1024/1024/1024,graph,43,40.4339,15.0503,40.4881,40.4339,
50,8,1048576,2048,hyprefill,1024/1024/1024,graph,44,40.1687,15.0503,40.2175,40.1687,
50,8,1048576,2048,hyprefill,1024/1024/1024,graph,45,40.3122,15.0503,40.3614,40.3122,
50,8,1048576,2048,hyprefill,1024/1024/1024,graph,46,40.2421,15.0503,40.2929,40.2421,
50,8,1048576,2048,hyprefill,1024/1024/1024,graph,47,40.4515,15.0503,40.4969,40.4515,
50,8,1048576,2048,hyprefill,1024/1024/1024,graph,48,39.9699,15.0503,40.0161,39.9699,
50,8,1048576,2048,hyprefill,1024/1024/1024,graph,49,40.2251,15.0503,40.2790,40.2251,
50,8,1048576,2048,hyprefill,1024/1024/1024,graph,50,40.2156,15.0503,40.2617,40.2156,
50,8,1048576,2048,hyprefill,1024/1024/1024,graph,51,40.2092,15.0503,40.2548,40.2092,
50,8,1048576,2048,hyprefill,1024/1024/1024,graph,52,39.8048,15.0503,39.8575,39.8048,
50,8,1048576,2048,hyprefill,1024/1024/1024,graph,53,40.1514,15.0503,40.2017,40.1514,
50,8,1048576,2048,hyprefill,1024/1024/1024,graph,54,40.0642,15.0503,40.1124,40.0642,
50,8,1048576,2048,hyprefill,1024/1024/1024,graph,55,40.2212,15.0503,40.2702,40.2212,
50,8,1048576,2048,hyprefill,1024/1024/1024,graph,56,39.8105,15.0503,39.8638,39.8105,
50,8,1048576,2048,hyprefill,1024/1024/1024,graph,57,40.2818,15.0503,40.3308,40.2818,
50,8,1048576,2048,hyprefill,1024/1024/1024,graph,58,39.8530,15.0503,39.9032,39.8530,
50,8,1048576,2048,hyprefill,1024/1024/1024,graph,59,40.3089,15.0503,40.3559,40.3089,
50,8,1048576,2048,hyprefill,1024/1024/1024,graph,60,39.8884,15.0503,39.9432,39.8884,
50,8,1048576,2048,hyprefill,1024/1024/1024,graph,61,40.5035,15.0503,40.5604,40.5035,
50,8,1048576,2048,hyprefill,1024/1024/1024,graph,62,39.8914,15.0503,39.9469,39.8914,
50,8,1048576,2048,hyprefill,1024/1024/1024,graph,63,40.3114,15.0503,40.3598,40.3114,
50,8,1048576,2048,hyprefill,1024/1024/1024,graph,64,39.7644,15.0503,39.8110,39.7644,
50,8,1048576,2048,hyprefill,1024/1024/1024,graph,65,40.1691,15.0503,40.2431,40.1691,
50,8,1048576,2048,hyprefill,1024/1024/1024,graph,66,39.8498,15.0503,39.9005,39.8498,
50,8,1048576,2048,hyprefill,1024/1024/1024,graph,67,40.1764,15.0503,40.2285,40.1764,
50,8,1048576,2048,hyprefill,1024/1024/1024,graph,68,39.8380,15.0503,39.8841,39.8380,
50,8,1048576,2048,hyprefill,1024/1024/1024,graph,69,40.1119,15.0503,40.1622,40.1119,
50,8,1048576,2048,hyprefill,1024/1024/1024,graph,70,39.7819,15.0503,39.8275,39.7819,
50,8,1048576,2048,hyprefill,1024/1024/1024,graph,71,40.1697,15.0503,40.2191,40.1697,
50,8,1048576,2048,hyprefill,1024/1024/1024,graph,72,39.9654,14.7758,40.0158,39.9654,
50,8,1048576,2048,hyprefill,1024/1024/1024,graph,73,39.6893,14.7758,39.7409,39.6893,
50,8,1048576,2048,hyprefill,1024/1024/1024,graph,74,39.5250,14.5012,39.5718,39.5250,
50,8,1048576,2048,hyprefill,1024/1024/1024,graph,75,39.2528,14.5012,39.2990,39.2528,
50,8,1048576,2048,hyprefill,1024/1024/1024,graph,76,39.0523,14.2266,39.0976,39.0523,
50,8,1048576,2048,hyprefill,1024/1024/1024,graph,77,39.0114,14.2266,39.0560,39.0114,
50,8,1048576,2048,hyprefill,1024/1024/1024,graph,78,38.9120,14.2266,38.9574,38.9120,
50,8,1048576,2048,hyprefill,1024/1024/1024,graph,79,38.8539,14.2266,38.8994,38.8539,
50,8,1048576,2048,hyprefill,1024/1024/1024,graph,80,39.0468,14.5012,39.0967,39.0468,
50,8,1048576,2048,hyprefill,1024/1024/1024,graph,81,39.3364,14.5012,39.3797,39.3364,
50,8,1048576,2048,hyprefill,1024/1024/1024,graph,82,39.4798,14.7758,39.5241,39.4798,
50,8,1048576,2048,hyprefill,1024/1024/1024,graph,83,39.9727,14.7758,40.0290,39.9727,
50,8,1048576,2048,hyprefill,1024/1024/1024,graph,84,39.8780,15.0503,39.9232,39.8780,
50,8,1048576,2048,hyprefill,1024/1024/1024,graph,85,40.4940,15.0503,40.5381,40.4940,
50,8,1048576,2048,hyprefill,1024/1024/1024,graph,86,40.3341,15.0503,40.3824,40.3341,
50,8,1048576,2048,hyprefill,1024/1024/1024,graph,87,40.6408,15.0503,40.6920,40.6408,
50,8,1048576,2048,hyprefill,1024/1024/1024,graph,88,40.3875,15.0503,40.4341,40.3875,
50,8,1048576,2048,hyprefill,1024/1024/1024,graph,89,40.4959,15.0503,40.5425,40.4959,
50,8,1048576,2048,hyprefill,1024/1024/1024,graph,90,40.9626,15.0503,41.0083,40.9626,
50,8,1048576,2048,hyprefill,1024/1024/1024,graph,91,40.3212,15.0503,40.3662,40.3212,
50,8,1048576,2048,hyprefill,1024/1024/1024,graph,92,40.5863,15.0503,40.6325,40.5863,
50,8,1048576,2048,hyprefill,1024/1024/1024,graph,93,40.3170,15.0503,40.3627,40.3170,
50,8,1048576,2048,hyprefill,1024/1024/1024,graph,94,40.4781,15.0503,40.5238,40.4781,
50,8,1048576,2048,hyprefill,1024/1024/1024,graph,95,40.1425,15.0503,40.1915,40.1425,
50,8,1048576,2048,hyprefill,1024/1024/1024,graph,96,40.1426,15.0503,40.1909,40.1426,
50,8,1048576,2048,hyprefill,1024/1024/1024,graph,97,40.3498,15.0503,40.3984,40.3498,
50,8,1048576,2048,hyprefill,1024/1024/1024,graph,98,40.1919,15.0503,40.2366,40.1919,
50,8,1048576,2048,hyprefill,1024/1024/1024,graph,99,40.0866,15.0503,40.1321,40.0866,
50,8,1048576,2048,hyprefill,1024/1024/1024,graph,100,40.1372,15.0503,40.1836,40.1372,
50,8,1048576,2048,hyprefill,1024/1024/1024,graph,101,40.2683,15.0503,40.3151,40.2683,
50,8,1048576,2048,hyprefill,1024/1024/1024,graph,102,40.4770,15.0503,40.5248,40.4770,
50,8,1048576,2048,hyprefill,1024/1024/1024,graph,103,40.3451,15.0503,40.3905,40.3451,
50,8,1048576,2048,hyprefill,1024/1024/1024,graph,104,40.1301,15.0503,40.1744,40.1301,
50,8,1048576,2048,hyprefill,1024/1024/1024,graph,105,40.3104,15.0503,40.3561,40.3104,
50,8,1048576,2048,hyprefill,1024/1024/1024,graph,106,40.1456,15.0503,40.1910,40.1456,
50,8,1048576,2048,hyprefill,1024/1024/1024,graph,107,40.2734,15.0503,40.3151,40.2734,
50,8,1048576,2048,hyprefill,1024/1024/1024,graph,108,40.5593,15.0503,40.6046,40.5593,
50,8,1048576,2048,hyprefill,1024/1024/1024,graph,109,40.2795,15.0503,40.3252,40.2795,
50,8,1048576,2048,hyprefill,1024/1024/1024,graph,110,40.4238,15.0503,40.4784,40.4238,
50,8,1048576,2048,hyprefill,1024/1024/1024,graph,111,40.8787,15.0503,40.9322,40.8787,
50,8,1048576,2048,hyprefill,1024/1024/1024,graph,112,40.3141,15.0503,40.3620,40.3141,
50,8,1048576,2048,hyprefill,1024/1024/1024,graph,113,41.0942,15.0503,41.1433,41.0942,
50,8,1048576,2048,hyprefill,1024/1024/1024,graph,114,40.3255,15.0503,40.3715,40.3255,
50,8,1048576,2048,hyprefill,1024/1024/1024,graph,115,40.2974,15.0503,40.3451,40.2974,
50,8,1048576,2048,hyprefill,1024/1024/1024,graph,116,40.7374,15.0503,40.7885,40.7374,
50,8,1048576,2048,hyprefill,1024/1024/1024,graph,117,40.2174,15.0503,40.2802,40.2174,
50,8,1048576,2048,hyprefill,1024/1024/1024,graph,118,40.2009,15.0503,40.2501,40.2009,
50,8,1048576,2048,hyprefill,1024/1024/1024,graph,119,40.4921,15.0503,40.5453,40.4921,
50,8,1048576,2048,hyprefill,1024/1024/1024,graph,120,40.4741,15.0503,40.5289,40.4741,
50,8,1048576,2048,hyprefill,1024/1024/1024,graph,121,40.1369,15.0503,40.1872,40.1369,
50,8,1048576,2048,hyprefill,1024/1024/1024,graph,122,40.0850,15.0503,40.1326,40.0850,
50,8,1048576,2048,hyprefill,1024/1024/1024,graph,123,40.1803,15.0503,40.2291,40.1803,
50,8,1048576,2048,hyprefill,1024/1024/1024,graph,124,40.1984,15.0503,40.2458,40.1984,
50,8,1048576,2048,hyprefill,1024/1024/1024,graph,125,40.2029,15.0503,40.2502,40.2029,
50,8,1048576,2048,hyprefill,1024/1024/1024,graph,126,40.1868,15.0503,40.2390,40.1868,
50,8,1048576,2048,hyprefill,1024/1024/1024,graph,127,40.1887,15.0503,40.2508,40.1887,
50,8,1048576,2048,hyprefill,1024/1024/1024,graph,128,40.2395,15.0503,40.2920,40.2395,
50,8,1048576,2048,hyprefill,1024/1024/1024,graph,129,40.2675,15.0503,40.3176,40.2675,
50,8,1048576,2048,hyprefill,1024/1024/1024,graph,130,40.2135,15.0503,40.2644,40.2135,
50,8,1048576,2048,hyprefill,1024/1024/1024,graph,131,40.4650,15.0503,40.5172,40.4650,
50,8,1048576,2048,hyprefill,1024/1024/1024,graph,132,40.7132,15.0503,40.7601,40.7132,
50,8,1048576,2048,hyprefill,1024/1024/1024,graph,133,40.5451,15.0503,40.5911,40.5451,
50,8,1048576,2048,hyprefill,1024/1024/1024,graph,134,40.4049,15.0503,40.4530,40.4049,
50,8,1048576,2048,hyprefill,1024/1024/1024,graph,135,40.3764,15.0503,40.4264,40.3764,
50,8,1048576,2048,hyprefill,1024/1024/1024,graph,136,40.8061,15.0503,40.8564,40.8061,
50,8,1048576,2048,hyprefill,1024/1024/1024,graph,137,40.4065,15.0503,40.4575,40.4065,
50,8,1048576,2048,hyprefill,1024/1024/1024,graph,138,40.4255,15.0503,40.4742,40.4255,
50,8,1048576,2048,hyprefill,1024/1024/1024,graph,139,40.4607,15.0503,40.5112,40.4607,
50,8,1048576,2048,hyprefill,1024/1024/1024,graph,140,40.4028,15.0503,40.4521,40.4028,
50,8,1048576,2048,hyprefill,1024/1024/1024,graph,141,40.2931,15.0503,40.3427,40.2931,
50,8,1048576,2048,hyprefill,1024/1024/1024,graph,142,40.4544,15.0503,40.5010,40.4544,
50,8,1048576,2048,hyprefill,1024/1024/1024,graph,143,40.3085,15.0503,40.3561,40.3085,
50,8,1048576,2048,hyprefill,1024/1024/1024,graph,144,40.5317,15.0503,40.5961,40.5317,
50,8,1048576,2048,hyprefill,1024/1024/1024,graph,145,40.2289,15.0503,40.2751,40.2289,
50,8,1048576,2048,hyprefill,1024/1024/1024,graph,146,40.1776,15.0503,40.2267,40.1776,
50,8,1048576,2048,hyprefill,1024/1024/1024,graph,147,40.4756,15.0503,40.5237,40.4756,
50,8,1048576,2048,hyprefill,1024/1024/1024,graph,148,40.0977,15.0503,40.1469,40.0977,
50,8,1048576,2048,hyprefill,1024/1024/1024,graph,149,40.1233,15.0503,40.1721,40.1233,
50,8,1048576,2048,hyprefill,1024/1024/1024,graph,150,40.3177,15.0503,40.3724,40.3177,
50,8,1048576,2048,hyprefill,1024/1024/1024,graph,151,40.1384,15.0503,40.1869,40.1384,
50,8,1048576,2048,hyprefill,1024/1024/1024,graph,152,40.1380,15.0503,40.1864,40.1380,
50,8,1048576,2048,hyprefill,1024/1024/1024,graph,153,40.0764,15.0503,40.1227,40.0764,
50,8,1048576,2048,hyprefill,1024/1024/1024,graph,154,40.4449,15.0503,40.4927,40.4449,
50,8,1048576,2048,hyprefill,1024/1024/1024,graph,155,40.0986,15.0503,40.1457,40.0986,
50,8,1048576,2048,hyprefill,1024/1024/1024,graph,156,40.1584,15.0503,40.2056,40.1584,
50,8,1048576,2048,hyprefill,1024/1024/1024,graph,157,40.1833,15.0503,40.2296,40.1833,
50,8,1048576,2048,hyprefill,1024/1024/1024,graph,158,40.2352,15.0503,40.2803,40.2352,
50,8,1048576,2048,hyprefill,1024/1024/1024,graph,159,40.0610,15.0503,40.1075,40.0610,
50,8,1048576,2048,hyprefill,1024/1024/1024,graph,160,40.1818,15.0503,40.2295,40.1818,
50,8,1048576,2048,hyprefill,1024/1024/1024,graph,161,40.0770,15.0503,40.1285,40.0770,
50,8,1048576,2048,hyprefill,1024/1024/1024,graph,162,40.2073,15.0503,40.2557,40.2073,
50,8,1048576,2048,hyprefill,1024/1024/1024,graph,163,40.0338,15.0503,40.0808,40.0338,
50,8,1048576,2048,hyprefill,1024/1024/1024,graph,164,40.1823,15.0503,40.2299,40.1823,
50,8,1048576,2048,hyprefill,1024/1024/1024,graph,165,40.3299,15.0503,40.3772,40.3299,
50,8,1048576,2048,hyprefill,1024/1024/1024,graph,166,40.0669,15.0503,40.1132,40.0669,
50,8,1048576,2048,hyprefill,1024/1024/1024,graph,167,40.0341,15.0503,40.0867,40.0341,
50,8,1048576,2048,hyprefill,1024/1024/1024,graph,168,40.0129,14.7758,40.0640,40.0129,
50,8,1048576,2048,hyprefill,1024/1024/1024,graph,169,39.7335,14.7758,39.7810,39.7335,
50,8,1048576,2048,hyprefill,1024/1024/1024,graph,170,39.5029,14.5012,39.5500,39.5029,
50,8,1048576,2048,hyprefill,1024/1024/1024,graph,171,39.3303,14.5012,39.3779,39.3303,
50,8,1048576,2048,hyprefill,1024/1024/1024,graph,172,39.1056,14.2266,39.1479,39.1056,
50,8,1048576,2048,hyprefill,1024/1024/1024,graph,173,38.7957,14.2266,38.8409,38.7957,
50,8,1048576,2048,hyprefill,1024/1024/1024,graph,174,38.7508,14.2266,38.7976,38.7508,
50,8,1048576,2048,hyprefill,1024/1024/1024,graph,175,38.7491,14.2266,38.7980,38.7491,
50,8,1048576,2048,hyprefill,1024/1024/1024,graph,176,38.9199,14.5012,38.9684,38.9199,
50,8,1048576,2048,hyprefill,1024/1024/1024,graph,177,39.6232,14.5012,39.6693,39.6232,
50,8,1048576,2048,hyprefill,1024/1024/1024,graph,178,39.5556,14.7758,39.6013,39.5556,
50,8,1048576,2048,hyprefill,1024/1024/1024,graph,179,39.6745,14.7758,39.7211,39.6745,
50,8,1048576,2048,hyprefill,1024/1024/1024,graph,180,39.9032,15.0503,39.9483,39.9032,
50,8,1048576,2048,hyprefill,1024/1024/1024,graph,181,40.2519,15.0503,40.2976,40.2519,
50,8,1048576,2048,hyprefill,1024/1024/1024,graph,182,40.3070,15.0503,40.3546,40.3070,
50,8,1048576,2048,hyprefill,1024/1024/1024,graph,183,40.6002,15.0503,40.6488,40.6002,
50,8,1048576,2048,hyprefill,1024/1024/1024,graph,184,40.4692,15.0503,40.5146,40.4692,
50,8,1048576,2048,hyprefill,1024/1024/1024,graph,185,40.5117,15.0503,40.5590,40.5117,
50,8,1048576,2048,hyprefill,1024/1024/1024,graph,186,40.3965,15.0503,40.4435,40.3965,
50,8,1048576,2048,hyprefill,1024/1024/1024,graph,187,40.3316,15.0503,40.3792,40.3316,
50,8,1048576,2048,hyprefill,1024/1024/1024,graph,188,40.6184,15.0503,40.6640,40.6184,
50,8,1048576,2048,hyprefill,1024/1024/1024,graph,189,40.6139,15.0503,40.6597,40.6139,
50,8,1048576,2048,hyprefill,1024/1024/1024,graph,190,40.2543,15.0503,40.3006,40.2543,
50,8,1048576,2048,hyprefill,1024/1024/1024,graph,191,40.3976,15.0503,40.4456,40.3976,
50,8,1048576,2048,hyprefill,1024/1024/1024,graph,192,40.1614,15.0503,40.2165,40.1614,
50,8,1048576,2048,hyprefill,1024/1024/1024,graph,193,40.2731,15.0503,40.3238,40.2731,
50,8,1048576,2048,hyprefill,1024/1024/1024,graph,194,39.9740,15.0503,40.0273,39.9740,
50,8,1048576,2048,hyprefill,1024/1024/1024,graph,195,39.9303,15.0503,39.9844,39.9303,
50,8,1048576,2048,hyprefill,1024/1024/1024,graph,196,40.4381,15.0503,40.4873,40.4381,
50,8,1048576,2048,hyprefill,1024/1024/1024,graph,197,40.4210,15.0503,40.4691,40.4210,
50,8,1048576,2048,hyprefill,1024/1024/1024,graph,198,40.4467,15.0503,40.5053,40.4467,
50,8,1048576,2048,hyprefill,1024/1024/1024,graph,199,40.0610,15.0503,40.1107,40.0610,
50,8,1048576,2048,hyprefill,768/768/768,graph,0,42.6716,15.0503,42.7239,42.6716,
50,8,1048576,2048,hyprefill,768/768/768,graph,1,42.6793,15.0503,42.7303,42.6793,
50,8,1048576,2048,hyprefill,768/768/768,graph,2,42.7220,15.0503,42.7723,42.7220,
50,8,1048576,2048,hyprefill,768/768/768,graph,3,42.6985,15.0503,42.7480,42.6985,
50,8,1048576,2048,hyprefill,768/768/768,graph,4,42.7493,15.0503,42.7969,42.7493,
50,8,1048576,2048,hyprefill,768/768/768,graph,5,42.7958,15.0503,42.8414,42.7958,
50,8,1048576,2048,hyprefill,768/768/768,graph,6,42.7443,15.0503,42.7893,42.7443,
50,8,1048576,2048,hyprefill,768/768/768,graph,7,42.5764,15.0503,42.6267,42.5764,
50,8,1048576,2048,hyprefill,768/768/768,graph,8,42.7239,15.0503,42.7714,42.7239,
50,8,1048576,2048,hyprefill,768/768/768,graph,9,43.0308,15.0503,43.0806,43.0308,
50,8,1048576,2048,hyprefill,768/768/768,graph,10,42.7471,15.0503,42.8113,42.7471,
50,8,1048576,2048,hyprefill,768/768/768,graph,11,42.7592,15.0503,42.8072,42.7592,
50,8,1048576,2048,hyprefill,768/768/768,graph,12,43.0746,15.0503,43.1213,43.0746,
50,8,1048576,2048,hyprefill,768/768/768,graph,13,42.8647,15.0503,42.9125,42.8647,
50,8,1048576,2048,hyprefill,768/768/768,graph,14,42.9132,15.0503,42.9598,42.9132,
50,8,1048576,2048,hyprefill,768/768/768,graph,15,42.8729,15.0503,42.9301,42.8729,
50,8,1048576,2048,hyprefill,768/768/768,graph,16,42.9355,15.0503,42.9873,42.9355,
50,8,1048576,2048,hyprefill,768/768/768,graph,17,42.8423,15.0503,42.8893,42.8423,
50,8,1048576,2048,hyprefill,768/768/768,graph,18,42.9937,15.0503,43.0445,42.9937,
50,8,1048576,2048,hyprefill,768/768/768,graph,19,42.8677,15.0503,42.9155,42.8677,
50,8,1048576,2048,hyprefill,768/768/768,graph,20,43.4481,15.0503,43.4945,43.4481,
50,8,1048576,2048,hyprefill,768/768/768,graph,21,42.8433,15.0503,42.8893,42.8433,
50,8,1048576,2048,hyprefill,768/768/768,graph,22,42.8009,15.0503,42.8498,42.8009,
50,8,1048576,2048,hyprefill,768/768/768,graph,23,42.5716,15.0503,42.6164,42.5716,
50,8,1048576,2048,hyprefill,768/768/768,graph,24,42.6350,15.0503,42.6819,42.6350,
50,8,1048576,2048,hyprefill,768/768/768,graph,25,42.7302,15.0503,42.7757,42.7302,
50,8,1048576,2048,hyprefill,768/768/768,graph,26,42.7490,15.0503,42.7955,42.7490,
50,8,1048576,2048,hyprefill,768/768/768,graph,27,42.6612,15.0503,42.7072,42.6612,
50,8,1048576,2048,hyprefill,768/768/768,graph,28,42.7189,15.0503,42.7652,42.7189,
50,8,1048576,2048,hyprefill,768/768/768,graph,29,42.7494,15.0503,42.7985,42.7494,
50,8,1048576,2048,hyprefill,768/768/768,graph,30,42.6249,15.0503,42.6723,42.6249,
50,8,1048576,2048,hyprefill,768/768/768,graph,31,42.7823,15.0503,42.8269,42.7823,
50,8,1048576,2048,hyprefill,768/768/768,graph,32,42.8905,15.0503,42.9563,42.8905,
50,8,1048576,2048,hyprefill,768/768/768,graph,33,42.8739,15.0503,42.9204,42.8739,
50,8,1048576,2048,hyprefill,768/768/768,graph,34,43.4646,15.0503,43.5120,43.4646,
50,8,1048576,2048,hyprefill,768/768/768,graph,35,42.8232,15.0503,42.8754,42.8232,
50,8,1048576,2048,hyprefill,768/768/768,graph,36,42.9609,15.0503,43.0106,42.9609,
50,8,1048576,2048,hyprefill,768/768/768,graph,37,43.1052,15.0503,43.1536,43.1052,
50,8,1048576,2048,hyprefill,768/768/768,graph,38,42.9890,15.0503,43.0363,42.9890,
50,8,1048576,2048,hyprefill,768/768/768,graph,39,42.9570,15.0503,43.0051,42.9570,
50,8,1048576,2048,hyprefill,768/768/768,graph,40,43.3271,15.0503,43.3746,43.3271,
50,8,1048576,2048,hyprefill,768/768/768,graph,41,43.0772,15.0503,43.1246,43.0772,
50,8,1048576,2048,hyprefill,768/768/768,graph,42,43.0378,15.0503,43.0857,43.0378,
50,8,1048576,2048,hyprefill,768/768/768,graph,43,43.4539,15.0503,43.5026,43.4539,
50,8,1048576,2048,hyprefill,768/768/768,graph,44,42.9668,15.0503,43.0152,42.9668,
50,8,1048576,2048,hyprefill,768/768/768,graph,45,43.4491,15.0503,43.5226,43.4491,
50,8,1048576,2048,hyprefill,768/768/768,graph,46,42.8862,15.0503,42.9328,42.8862,
50,8,1048576,2048,hyprefill,768/768/768,graph,47,42.7888,15.0503,42.8358,42.7888,
50,8,1048576,2048,hyprefill,768/768/768,graph,48,42.9205,15.0503,42.9751,42.9205,
50,8,1048576,2048,hyprefill,768/768/768,graph,49,42.7476,15.0503,42.7959,42.7476,
50,8,1048576,2048,hyprefill,768/768/768,graph,50,42.8185,15.0503,42.8683,42.8185,
50,8,1048576,2048,hyprefill,768/768/768,graph,51,42.5234,15.0503,42.5757,42.5234,
50,8,1048576,2048,hyprefill,768/768/768,graph,52,42.6635,15.0503,42.7150,42.6635,
50,8,1048576,2048,hyprefill,768/768/768,graph,53,42.5717,15.0503,42.6203,42.5717,
50,8,1048576,2048,hyprefill,768/768/768,graph,54,42.8874,15.0503,42.9398,42.8874,
50,8,1048576,2048,hyprefill,768/768/768,graph,55,42.7041,15.0503,42.7537,42.7041,
50,8,1048576,2048,hyprefill,768/768/768,graph,56,42.9051,15.0503,42.9581,42.9051,
50,8,1048576,2048,hyprefill,768/768/768,graph,57,42.7468,15.0503,42.7985,42.7468,
50,8,1048576,2048,hyprefill,768/768/768,graph,58,42.9374,15.0503,42.9850,42.9374,
50,8,1048576,2048,hyprefill,768/768/768,graph,59,42.6511,15.0503,42.6983,42.6511,
50,8,1048576,2048,hyprefill,768/768/768,graph,60,42.7565,15.0503,42.8055,42.7565,
50,8,1048576,2048,hyprefill,768/768/768,graph,61,42.8457,15.0503,42.8920,42.8457,
50,8,1048576,2048,hyprefill,768/768/768,graph,62,42.9451,15.0503,42.9952,42.9451,
50,8,1048576,2048,hyprefill,768/768/768,graph,63,42.8034,15.0503,42.8504,42.8034,
50,8,1048576,2048,hyprefill,768/768/768,graph,64,42.8138,15.0503,42.8603,42.8138,
50,8,1048576,2048,hyprefill,768/768/768,graph,65,42.6555,15.0503,42.7014,42.6555,
50,8,1048576,2048,hyprefill,768/768/768,graph,66,42.8054,15.0503,42.8500,42.8054,
50,8,1048576,2048,hyprefill,768/768/768,graph,67,42.6804,15.0503,42.7289,42.6804,
50,8,1048576,2048,hyprefill,768/768/768,graph,68,42.8895,15.0503,42.9367,42.8895,
50,8,1048576,2048,hyprefill,768/768/768,graph,69,42.7454,15.0503,42.7912,42.7454,
50,8,1048576,2048,hyprefill,768/768/768,graph,70,42.7654,15.0503,42.8115,42.7654,
50,8,1048576,2048,hyprefill,768/768/768,graph,71,42.5348,15.0503,42.5807,42.5348,
50,8,1048576,2048,hyprefill,768/768/768,graph,72,42.7186,14.7758,42.7638,42.7186,
50,8,1048576,2048,hyprefill,768/768/768,graph,73,42.3200,14.7758,42.3679,42.3200,
50,8,1048576,2048,hyprefill,768/768/768,graph,74,42.3266,14.5012,42.3715,42.3266,
50,8,1048576,2048,hyprefill,768/768/768,graph,75,42.3241,14.5012,42.3704,42.3241,
50,8,1048576,2048,hyprefill,768/768/768,graph,76,42.5475,14.2266,42.5936,42.5475,
50,8,1048576,2048,hyprefill,768/768/768,graph,77,41.6043,14.2266,41.6507,41.6043,
50,8,1048576,2048,hyprefill,768/768/768,graph,78,41.6634,14.2266,41.7083,41.6634,
50,8,1048576,2048,hyprefill,768/768/768,graph,79,41.5922,14.2266,41.6358,41.5922,
50,8,1048576,2048,hyprefill,768/768/768,graph,80,41.8712,14.5012,41.9164,41.8712,
50,8,1048576,2048,hyprefill,768/768/768,graph,81,41.9053,14.5012,41.9493,41.9053,
50,8,1048576,2048,hyprefill,768/768/768,graph,82,42.1672,14.7758,42.2112,42.1672,
50,8,1048576,2048,hyprefill,768/768/768,graph,83,42.3746,14.7758,42.4197,42.3746,
50,8,1048576,2048,hyprefill,768/768/768,graph,84,42.5920,15.0503,42.6359,42.5920,
50,8,1048576,2048,hyprefill,768/768/768,graph,85,42.9092,15.0503,42.9540,42.9092,
50,8,1048576,2048,hyprefill,768/768/768,graph,86,43.0084,15.0503,43.0538,43.0084,
50,8,1048576,2048,hyprefill,768/768/768,graph,87,42.8586,15.0503,42.9035,42.8586,
50,8,1048576,2048,hyprefill,768/768/768,graph,88,42.8954,15.0503,42.9410,42.8954,
50,8,1048576,2048,hyprefill,768/768/768,graph,89,42.9473,15.0503,42.9935,42.9473,
50,8,1048576,2048,hyprefill,768/768/768,graph,90,43.0731,15.0503,43.1183,43.0731,
50,8,1048576,2048,hyprefill,768/768/768,graph,91,42.7712,15.0503,42.8177,42.7712,
50,8,1048576,2048,hyprefill,768/768/768,graph,92,42.9387,15.0503,42.9856,42.9387,
50,8,1048576,2048,hyprefill,768/768/768,graph,93,42.8825,15.0503,42.9406,42.8825,
50,8,1048576,2048,hyprefill,768/768/768,graph,94,42.6991,15.0503,42.7520,42.6991,
50,8,1048576,2048,hyprefill,768/768/768,graph,95,42.6336,15.0503,42.6847,42.6336,
50,8,1048576,2048,hyprefill,768/768/768,graph,96,42.8610,15.0503,42.9128,42.8610,
50,8,1048576,2048,hyprefill,768/768/768,graph,97,42.6431,15.0503,42.6911,42.6431,
50,8,1048576,2048,hyprefill,768/768/768,graph,98,42.7618,15.0503,42.8109,42.7618,
50,8,1048576,2048,hyprefill,768/768/768,graph,99,42.6605,15.0503,42.7096,42.6605,
50,8,1048576,2048,hyprefill,768/768/768,graph,100,42.6139,15.0503,42.6650,42.6139,
50,8,1048576,2048,hyprefill,768/768/768,graph,101,42.6865,15.0503,42.7363,42.6865,
50,8,1048576,2048,hyprefill,768/768/768,graph,102,42.7860,15.0503,42.8329,42.7860,
50,8,1048576,2048,hyprefill,768/768/768,graph,103,42.6548,15.0503,42.7017,42.6548,
50,8,1048576,2048,hyprefill,768/768/768,graph,104,42.8811,15.0503,42.9308,42.8811,
50,8,1048576,2048,hyprefill,768/768/768,graph,105,42.5626,15.0503,42.6098,42.5626,
50,8,1048576,2048,hyprefill,768/768/768,graph,106,42.7174,15.0503,42.7646,42.7174,
50,8,1048576,2048,hyprefill,768/768/768,graph,107,42.7568,15.0503,42.8009,42.7568,
50,8,1048576,2048,hyprefill,768/768/768,graph,108,42.8591,15.0503,42.9049,42.8591,
50,8,1048576,2048,hyprefill,768/768/768,graph,109,42.9441,15.0503,42.9903,42.9441,
50,8,1048576,2048,hyprefill,768/768/768,graph,110,42.9168,15.0503,42.9617,42.9168,
50,8,1048576,2048,hyprefill,768/768/768,graph,111,42.6478,15.0503,42.6955,42.6478,
50,8,1048576,2048,hyprefill,768/768/768,graph,112,42.8027,15.0503,42.8535,42.8027,
50,8,1048576,2048,hyprefill,768/768/768,graph,113,43.2178,15.0503,43.2909,43.2178,
50,8,1048576,2048,hyprefill,768/768/768,graph,114,42.9552,15.0503,43.0063,42.9552,
50,8,1048576,2048,hyprefill,768/768/768,graph,115,42.7924,15.0503,42.8431,42.7924,
50,8,1048576,2048,hyprefill,768/768/768,graph,116,42.9324,15.0503,42.9863,42.9324,
50,8,1048576,2048,hyprefill,768/768/768,graph,117,42.8142,15.0503,42.8648,42.8142,
50,8,1048576,2048,hyprefill,768/768/768,graph,118,42.7971,15.0503,42.8464,42.7971,
50,8,1048576,2048,hyprefill,768/768/768,graph,119,42.6812,15.0503,42.7345,42.6812,
50,8,1048576,2048,hyprefill,768/768/768,graph,120,42.8313,15.0503,42.8911,42.8313,
50,8,1048576,2048,hyprefill,768/768/768,graph,121,43.2909,15.0503,43.3458,43.2909,
50,8,1048576,2048,hyprefill,768/768/768,graph,122,43.3670,15.0503,43.4228,43.3670,
50,8,1048576,2048,hyprefill,768/768/768,graph,123,42.7661,15.0503,42.8165,42.7661,
50,8,1048576,2048,hyprefill,768/768/768,graph,124,42.6977,15.0503,42.7464,42.6977,
50,8,1048576,2048,hyprefill,768/768/768,graph,125,42.7248,15.0503,42.7719,42.7248,
50,8,1048576,2048,hyprefill,768/768/768,graph,126,42.7745,15.0503,42.8268,42.7745,
50,8,1048576,2048,hyprefill,768/768/768,graph,127,42.7033,15.0503,42.7543,42.7033,
50,8,1048576,2048,hyprefill,768/768/768,graph,128,42.8580,15.0503,42.9062,42.8580,
50,8,1048576,2048,hyprefill,768/768/768,graph,129,42.6972,15.0503,42.7471,42.6972,
50,8,1048576,2048,hyprefill,768/768/768,graph,130,42.7850,15.0503,42.8311,42.7850,
50,8,1048576,2048,hyprefill,768/768/768,graph,131,42.8610,15.0503,42.9086,42.8610,
50,8,1048576,2048,hyprefill,768/768/768,graph,132,42.9170,15.0503,42.9648,42.9170,
50,8,1048576,2048,hyprefill,768/768/768,graph,133,42.9209,15.0503,42.9792,42.9209,
50,8,1048576,2048,hyprefill,768/768/768,graph,134,42.8924,15.0503,42.9450,42.8924,
50,8,1048576,2048,hyprefill,768/768/768,graph,135,42.7084,15.0503,42.7561,42.7084,
50,8,1048576,2048,hyprefill,768/768/768,graph,136,42.9967,15.0503,43.0479,42.9967,
50,8,1048576,2048,hyprefill,768/768/768,graph,137,42.8760,15.0503,42.9230,42.8760,
50,8,1048576,2048,hyprefill,768/768/768,graph,138,43.1374,15.0503,43.1839,43.1374,
50,8,1048576,2048,hyprefill,768/768/768,graph,139,42.9778,15.0503,43.0283,42.9778,
50,8,1048576,2048,hyprefill,768/768/768,graph,140,43.1232,15.0503,43.1699,43.1232,
50,8,1048576,2048,hyprefill,768/768/768,graph,141,42.8506,15.0503,42.8982,42.8506,
50,8,1048576,2048,hyprefill,768/768/768,graph,142,42.9420,15.0503,42.9884,42.9420,
50,8,1048576,2048,hyprefill,768/768/768,graph,143,42.7371,15.0503,42.7837,42.7371,
50,8,1048576,2048,hyprefill,768/768/768,graph,144,42.8559,15.0503,42.9023,42.8559,
50,8,1048576,2048,hyprefill,768/768/768,graph,145,42.6711,15.0503,42.7250,42.6711,
50,8,1048576,2048,hyprefill,768/768/768,graph,146,42.8230,15.0503,42.8738,42.8230,
50,8,1048576,2048,hyprefill,768/768/768,graph,147,42.4952,15.0503,42.5484,42.4952,
50,8,1048576,2048,hyprefill,768/768/768,graph,148,42.5647,15.0503,42.6155,42.5647,
50,8,1048576,2048,hyprefill,768/768/768,graph,149,42.6523,15.0503,42.6999,42.6523,
50,8,1048576,2048,hyprefill,768/768/768,graph,150,42.7787,15.0503,42.8320,42.7787,
50,8,1048576,2048,hyprefill,768/768/768,graph,151,42.5268,15.0503,42.5818,42.5268,
50,8,1048576,2048,hyprefill,768/768/768,graph,152,42.8592,15.0503,42.9148,42.8592,
50,8,1048576,2048,hyprefill,768/768/768,graph,153,43.4768,15.0503,43.5301,43.4768,
50,8,1048576,2048,hyprefill,768/768/768,graph,154,42.9038,15.0503,42.9527,42.9038,
50,8,1048576,2048,hyprefill,768/768/768,graph,155,42.6957,15.0503,42.7433,42.6957,
50,8,1048576,2048,hyprefill,768/768/768,graph,156,42.9396,15.0503,42.9872,42.9396,
50,8,1048576,2048,hyprefill,768/768/768,graph,157,42.8175,15.0503,42.8654,42.8175,
50,8,1048576,2048,hyprefill,768/768/768,graph,158,43.3417,15.0503,43.3928,43.3417,
50,8,1048576,2048,hyprefill,768/768/768,graph,159,42.6659,15.0503,42.7153,42.6659,
50,8,1048576,2048,hyprefill,768/768/768,graph,160,43.3627,15.0503,43.4132,43.3627,
50,8,1048576,2048,hyprefill,768/768/768,graph,161,42.6803,15.0503,42.7297,42.6803,
50,8,1048576,2048,hyprefill,768/768/768,graph,162,42.8764,15.0503,42.9236,42.8764,
50,8,1048576,2048,hyprefill,768/768/768,graph,163,42.7466,15.0503,42.7930,42.7466,
50,8,1048576,2048,hyprefill,768/768/768,graph,164,42.9653,15.0503,43.0127,42.9653,
50,8,1048576,2048,hyprefill,768/768/768,graph,165,42.7095,15.0503,42.7601,42.7095,
50,8,1048576,2048,hyprefill,768/768/768,graph,166,42.8436,15.0503,42.8982,42.8436,
50,8,1048576,2048,hyprefill,768/768/768,graph,167,42.5704,15.0503,42.6210,42.5704,
50,8,1048576,2048,hyprefill,768/768/768,graph,168,42.7068,14.7758,42.7542,42.7068,
50,8,1048576,2048,hyprefill,768/768/768,graph,169,42.4453,14.7758,42.4931,42.4453,
50,8,1048576,2048,hyprefill,768/768/768,graph,170,42.2960,14.5012,42.3429,42.2960,
50,8,1048576,2048,hyprefill,768/768/768,graph,171,41.7923,14.5012,41.8399,41.7923,
50,8,1048576,2048,hyprefill,768/768/768,graph,172,42.0233,14.2266,42.0648,42.0233,
50,8,1048576,2048,hyprefill,768/768/768,graph,173,42.0725,14.2266,42.1186,42.0725,
50,8,1048576,2048,hyprefill,768/768/768,graph,174,41.6148,14.2266,41.6721,41.6148,
50,8,1048576,2048,hyprefill,768/768/768,graph,175,41.4233,14.2266,41.4708,41.4233,
50,8,1048576,2048,hyprefill,768/768/768,graph,176,41.7991,14.5012,41.8466,41.7991,
50,8,1048576,2048,hyprefill,768/768/768,graph,177,41.8482,14.5012,41.8957,41.8482,
50,8,1048576,2048,hyprefill,768/768/768,graph,178,42.1594,14.7758,42.2047,42.1594,
50,8,1048576,2048,hyprefill,768/768/768,graph,179,42.2271,14.7758,42.2738,42.2271,
50,8,1048576,2048,hyprefill,768/768/768,graph,180,42.5482,15.0503,42.5949,42.5482,
50,8,1048576,2048,hyprefill,768/768/768,graph,181,42.7878,15.0503,42.8355,42.7878,
50,8,1048576,2048,hyprefill,768/768/768,graph,182,42.9934,15.0503,43.0418,42.9934,
50,8,1048576,2048,hyprefill,768/768/768,graph,183,42.8621,15.0503,42.9147,42.8621,
50,8,1048576,2048,hyprefill,768/768/768,graph,184,43.0202,15.0503,43.0706,43.0202,
50,8,1048576,2048,hyprefill,768/768/768,graph,185,42.9141,15.0503,42.9706,42.9141,
50,8,1048576,2048,hyprefill,768/768/768,graph,186,43.0305,15.0503,43.0788,43.0305,
50,8,1048576,2048,hyprefill,768/768/768,graph,187,42.7592,15.0503,42.8186,42.7592,
50,8,1048576,2048,hyprefill,768/768/768,graph,188,43.0404,15.0503,43.1041,43.0404,
50,8,1048576,2048,hyprefill,768/768/768,graph,189,42.7642,15.0503,42.8162,42.7642,
50,8,1048576,2048,hyprefill,768/768/768,graph,190,42.9022,15.0503,42.9512,42.9022,
50,8,1048576,2048,hyprefill,768/768/768,graph,191,42.5499,15.0503,42.5970,42.5499,
50,8,1048576,2048,hyprefill,768/768/768,graph,192,42.6974,15.0503,42.7446,42.6974,
50,8,1048576,2048,hyprefill,768/768/768,graph,193,42.5467,15.0503,42.5958,42.5467,
50,8,1048576,2048,hyprefill,768/768/768,graph,194,42.9586,15.0503,43.0103,42.9586,
50,8,1048576,2048,hyprefill,768/768/768,graph,195,42.5957,15.0503,42.6430,42.5957,
50,8,1048576,2048,hyprefill,768/768/768,graph,196,42.7798,15.0503,42.8264,42.7798,
50,8,1048576,2048,hyprefill,768/768/768,graph,197,42.6800,15.0503,42.7298,42.6800,
50,8,1048576,2048,hyprefill,768/768/768,graph,198,42.9995,15.0503,43.0482,42.9995,
50,8,1048576,2048,hyprefill,768/768/768,graph,199,42.5127,15.0503,42.5624,42.5127,
100,8,1048576,2048,chunked,256/256/256,graph,0,73.0492,23.6381,73.0991,73.0492,
100,8,1048576,2048,chunked,256/256/256,graph,1,78.5178,23.6381,78.5422,78.5178,
100,8,1048576,2048,chunked,256/256/256,graph,2,79.6871,23.6381,79.7212,79.6871,
100,8,1048576,2048,chunked,256/256/256,graph,3,78.5258,23.6381,78.5682,78.5258,
100,8,1048576,2048,chunked,256/256/256,graph,4,78.4969,23.6381,78.5153,78.4969,
100,8,1048576,2048,chunked,256/256/256,graph,5,78.1483,23.6381,78.1672,78.1483,
100,8,1048576,2048,chunked,256/256/256,graph,6,77.9882,23.6381,78.0228,77.9882,
100,8,1048576,2048,chunked,256/256/256,graph,7,78.2828,23.6381,78.3074,78.2828,
100,8,1048576,2048,chunked,256/256/256,graph,8,78.8616,23.6381,78.8871,78.8616,
100,8,1048576,2048,chunked,256/256/256,graph,9,78.7276,23.6381,78.7509,78.7276,
100,8,1048576,2048,chunked,256/256/256,graph,10,80.2935,23.6381,80.3132,80.2935,
100,8,1048576,2048,chunked,256/256/256,graph,11,92.1330,23.6381,92.1525,92.1330,
100,8,1048576,2048,chunked,256/256/256,graph,12,82.8913,23.6381,82.9110,82.8913,
100,8,1048576,2048,chunked,256/256/256,graph,13,80.2297,23.6381,80.2485,80.2297,
100,8,1048576,2048,chunked,256/256/256,graph,14,79.8230,23.6381,79.8407,79.8230,
100,8,1048576,2048,chunked,256/256/256,graph,15,79.4571,23.6381,79.4748,79.4571,
100,8,1048576,2048,chunked,256/256/256,graph,16,79.6643,23.6381,79.6838,79.6643,
100,8,1048576,2048,chunked,256/256/256,graph,17,79.6343,23.6381,79.6569,79.6343,
100,8,1048576,2048,chunked,256/256/256,graph,18,78.9923,23.6381,79.0158,78.9923,
100,8,1048576,2048,chunked,256/256/256,graph,19,79.5500,23.6381,79.5691,79.5500,
100,8,1048576,2048,chunked,256/256/256,graph,20,79.4752,23.6381,79.4950,79.4752,
100,8,1048576,2048,chunked,256/256/256,graph,21,78.6781,23.6381,78.6971,78.6781,
100,8,1048576,2048,chunked,256/256/256,graph,22,82.9579,23.6381,82.9777,82.9579,
100,8,1048576,2048,chunked,256/256/256,graph,23,85.7026,23.6381,85.7292,85.7026,
100,8,1048576,2048,chunked,256/256/256,graph,24,82.5608,23.6381,82.5802,82.5608,
100,8,1048576,2048,chunked,256/256/256,graph,25,81.2807,23.6381,81.3114,81.2807,
100,8,1048576,2048,chunked,256/256/256,graph,26,78.7293,23.6381,78.7610,78.7293,
100,8,1048576,2048,chunked,256/256/256,graph,27,78.7202,23.6381,78.7404,78.7202,
100,8,1048576,2048,chunked,256/256/256,graph,28,79.8966,23.6381,79.9254,79.8966,
100,8,1048576,2048,chunked,256/256/256,graph,29,79.7572,23.6381,79.7786,79.7572,
100,8,1048576,2048,chunked,256/256/256,graph,30,79.7037,23.6381,79.7237,79.7037,
100,8,1048576,2048,chunked,256/256/256,graph,31,78.3360,23.6381,78.3549,78.3360,
100,8,1048576,2048,chunked,256/256/256,graph,32,79.2981,23.6381,79.3164,79.2981,
100,8,1048576,2048,chunked,256/256/256,graph,33,81.5006,23.6381,81.5191,81.5006,
100,8,1048576,2048,chunked,256/256/256,graph,34,82.0218,23.6381,82.0381,82.0218,
100,8,1048576,2048,chunked,256/256/256,graph,35,81.9341,23.6381,81.9508,81.9341,
100,8,1048576,2048,chunked,256/256/256,graph,36,81.7701,23.6381,81.7886,81.7701,
100,8,1048576,2048,chunked,256/256/256,graph,37,82.7052,23.6381,82.7298,82.7052,
100,8,1048576,2048,chunked,256/256/256,graph,38,80.0024,23.6381,80.0219,80.0024,
100,8,1048576,2048,chunked,256/256/256,graph,39,79.5736,23.6381,79.5916,79.5736,
100,8,1048576,2048,chunked,256/256/256,graph,40,79.5870,23.6381,79.6049,79.5870,
100,8,1048576,2048,chunked,256/256/256,graph,41,80.3948,23.6381,80.4135,80.3948,
100,8,1048576,2048,chunked,256/256/256,graph,42,79.0172,23.6381,79.0350,79.0172,
100,8,1048576,2048,chunked,256/256/256,graph,43,78.3278,23.6381,78.3456,78.3278,
100,8,1048576,2048,chunked,256/256/256,graph,44,80.4015,23.6381,80.4193,80.4015,
100,8,1048576,2048,chunked,256/256/256,graph,45,80.4372,23.6381,80.4543,80.4372,
100,8,1048576,2048,chunked,256/256/256,graph,46,82.2688,23.6381,82.2875,82.2688,
100,8,1048576,2048,chunked,256/256/256,graph,47,80.4070,23.6381,80.4238,80.4070,
100,8,1048576,2048,chunked,256/256/256,graph,48,79.6286,23.6381,79.6462,79.6286,
100,8,1048576,2048,chunked,256/256/256,graph,49,82.2171,23.6381,82.2369,82.2171,
100,8,1048576,2048,chunked,256/256/256,graph,50,81.8452,23.6381,81.8622,81.8452,
100,8,1048576,2048,chunked,256/256/256,graph,51,80.8011,23.6381,80.8193,80.8011,
100,8,1048576,2048,chunked,256/256/256,graph,52,79.7114,23.6381,79.7321,79.7114,
100,8,1048576,2048,chunked,256/256/256,graph,53,79.5458,23.6381,79.5649,79.5458,
100,8,1048576,2048,chunked,256/256/256,graph,54,79.0158,23.6381,79.0379,79.0158,
100,8,1048576,2048,chunked,256/256/256,graph,55,80.0834,23.6381,80.1029,80.0834,
100,8,1048576,2048,chunked,256/256/256,graph,56,79.6778,23.6381,79.6962,79.6778,
100,8,1048576,2048,chunked,256/256/256,graph,57,80.5125,23.6381,80.5307,80.5125,
100,8,1048576,2048,chunked,256/256/256,graph,58,81.4846,23.6381,81.5043,81.4846,
100,8,1048576,2048,chunked,256/256/256,graph,59,80.4733,23.6381,80.4911,80.4733,
100,8,1048576,2048,chunked,256/256/256,graph,60,80.5405,23.6381,80.5574,80.5405,
100,8,1048576,2048,chunked,256/256/256,graph,61,81.0218,23.6381,81.0394,81.0218,
100,8,1048576,2048,chunked,256/256/256,graph,62,80.9271,23.6381,80.9461,80.9271,
100,8,1048576,2048,chunked,256/256/256,graph,63,80.7358,23.6381,80.7569,80.7358,
100,8,1048576,2048,chunked,256/256/256,graph,64,80.3793,23.6381,80.3979,80.3793,
100,8,1048576,2048,chunked,256/256/256,graph,65,80.4307,23.6381,80.4502,80.4307,
100,8,1048576,2048,chunked,256/256/256,graph,66,79.8307,23.6381,79.8491,79.8307,
100,8,1048576,2048,chunked,256/256/256,graph,67,79.9468,23.6381,79.9658,79.9468,
100,8,1048576,2048,chunked,256/256/256,graph,68,79.4049,23.6381,79.4242,79.4049,
100,8,1048576,2048,chunked,256/256/256,graph,69,81.2038,23.6381,81.2240,81.2038,
100,8,1048576,2048,chunked,256/256/256,graph,70,80.1260,23.6381,80.1467,80.1260,
100,8,1048576,2048,chunked,256/256/256,graph,71,80.5401,23.6381,80.5589,80.5401,
100,8,1048576,2048,chunked,256/256/256,graph,72,80.4932,23.6381,80.5318,80.4932,
100,8,1048576,2048,chunked,256/256/256,graph,73,80.9917,23.6381,81.0505,80.9917,
100,8,1048576,2048,chunked,256/256/256,graph,74,81.1498,23.6381,81.1695,81.1498,
100,8,1048576,2048,chunked,256/256/256,graph,75,81.3868,23.6381,81.4046,81.3868,
100,8,1048576,2048,chunked,256/256/256,graph,76,81.2809,23.6381,81.3014,81.2809,
100,8,1048576,2048,chunked,256/256/256,graph,77,79.7982,23.6381,79.8152,79.7982,
100,8,1048576,2048,chunked,256/256/256,graph,78,80.5876,23.6381,80.6077,80.5876,
100,8,1048576,2048,chunked,256/256/256,graph,79,79.2105,23.6381,79.2314,79.2105,
100,8,1048576,2048,chunked,256/256/256,graph,80,80.3226,23.6381,80.3427,80.3226,
100,8,1048576,2048,chunked,256/256/256,graph,81,80.1698,23.6381,80.1897,80.1698,
100,8,1048576,2048,chunked,256/256/256,graph,82,79.8976,23.6381,79.9178,79.8976,
100,8,1048576,2048,chunked,256/256/256,graph,83,79.5891,23.6381,79.6070,79.5891,
100,8,1048576,2048,chunked,256/256/256,graph,84,79.0639,23.6381,79.0835,79.0639,
100,8,1048576,2048,chunked,256/256/256,graph,85,81.2477,23.6381,81.2661,81.2477,
100,8,1048576,2048,chunked,256/256/256,graph,86,80.2885,23.6381,80.3071,80.2885,
100,8,1048576,2048,chunked,256/256/256,graph,87,79.8659,23.6381,79.8843,79.8659,
100,8,1048576,2048,chunked,256/256/256,graph,88,79.8363,23.6381,79.8543,79.8363,
100,8,1048576,2048,chunked,256/256/256,graph,89,79.1252,23.6381,79.1437,79.1252,
100,8,1048576,2048,chunked,256/256/256,graph,90,80.3481,23.6381,80.3693,80.3481,
100,8,1048576,2048,chunked,256/256/256,graph,91,80.7332,23.6381,80.7571,80.7332,
100,8,1048576,2048,chunked,256/256/256,graph,92,79.2830,23.6381,79.3023,79.2830,
100,8,1048576,2048,chunked,256/256/256,graph,93,78.4225,23.6381,78.4395,78.4225,
100,8,1048576,2048,chunked,256/256/256,graph,94,80.8090,23.6381,80.8264,80.8090,
100,8,1048576,2048,chunked,256/256/256,graph,95,80.1626,23.6381,80.1845,80.1626,
100,8,1048576,2048,chunked,256/256/256,graph,96,80.6718,23.6381,80.6899,80.6718,
100,8,1048576,2048,chunked,256/256/256,graph,97,79.1295,23.6381,79.1472,79.1295,
100,8,1048576,2048,chunked,256/256/256,graph,98,78.8582,23.6381,78.8756,78.8582,
100,8,1048576,2048,chunked,256/256/256,graph,99,79.0629,23.6381,79.0796,79.0629,
100,8,1048576,2048,chunked,256/256/256,graph,100,80.9071,23.6381,80.9237,80.9071,
100,8,1048576,2048,chunked,256/256/256,graph,101,79.9528,23.6381,79.9686,79.9528,
100,8,1048576,2048,chunked,256/256/256,graph,102,80.6740,23.6381,80.6905,80.6740,
100,8,1048576,2048,chunked,256/256/256,graph,103,81.3890,23.6381,81.4060,81.3890,
100,8,1048576,2048,chunked,256/256/256,graph,104,79.0966,23.6381,79.1131,79.0966,
100,8,1048576,2048,chunked,256/256/256,graph,105,79.6359,23.6381,79.6517,79.6359,
100,8,1048576,2048,chunked,256/256/256,graph,106,79.4252,23.6381,79.4414,79.4252,
100,8,1048576,2048,chunked,256/256/256,graph,107,80.2920,23.6381,80.3097,80.2920,
100,8,1048576,2048,chunked,256/256/256,graph,108,80.2596,23.6381,80.2760,80.2596,
100,8,1048576,2048,chunked,256/256/256,graph,109,80.0539,23.6381,80.0726,80.0539,
100,8,1048576,2048,chunked,256/256/256,graph,110,80.7470,23.6381,80.7645,80.7470,
100,8,1048576,2048,chunked,256/256/256,graph,111,79.7429,23.6381,79.7611,79.7429,
100,8,1048576,2048,chunked,256/256/256,graph,112,80.3060,23.6381,80.3228,80.3060,
100,8,1048576,2048,chunked,256/256/256,graph,113,81.8804,23.6381,81.8974,81.8804,
100,8,1048576,2048,chunked,256/256/256,graph,114,80.8397,23.6381,80.8582,80.8397,
100,8,1048576,2048,chunked,256/256/256,graph,115,80.1150,23.6381,80.1367,80.1150,
100,8,1048576,2048,chunked,256/256/256,graph,116,80.5657,23.6381,80.5883,80.5657,
100,8,1048576,2048,chunked,256/256/256,graph,117,81.0916,23.6381,81.1111,81.0916,
100,8,1048576,2048,chunked,256/256/256,graph,118,79.8740,23.6381,79.8945,79.8740,
100,8,1048576,2048,chunked,256/256/256,graph,119,80.3527,23.6381,80.3741,80.3527,
100,8,1048576,2048,chunked,256/256/256,graph,120,79.6751,23.6381,79.6919,79.6751,
100,8,1048576,2048,chunked,256/256/256,graph,121,80.2765,23.6381,80.2943,80.2765,
100,8,1048576,2048,chunked,256/256/256,graph,122,79.9607,23.6381,79.9778,79.9607,
100,8,1048576,2048,chunked,256/256/256,graph,123,79.0344,23.6381,79.0518,79.0344,
100,8,1048576,2048,chunked,256/256/256,graph,124,79.7150,23.6381,79.7331,79.7150,
100,8,1048576,2048,chunked,256/256/256,graph,125,79.9784,23.6381,79.9970,79.9784,
100,8,1048576,2048,chunked,256/256/256,graph,126,80.6059,23.6381,80.6240,80.6059,
100,8,1048576,2048,chunked,256/256/256,graph,127,79.9363,23.6381,79.9543,79.9363,
100,8,1048576,2048,chunked,256/256/256,graph,128,78.6294,23.6381,78.6498,78.6294,
100,8,1048576,2048,chunked,256/256/256,graph,129,81.2969,23.6381,81.3213,81.2969,
100,8,1048576,2048,chunked,256/256/256,graph,130,79.4780,23.6381,79.4954,79.4780,
100,8,1048576,2048,chunked,256/256/256,graph,131,79.1292,23.6381,79.1483,79.1292,
100,8,1048576,2048,chunked,256/256/256,graph,132,78.6934,23.6381,78.7107,78.6934,
100,8,1048576,2048,chunked,256/256/256,graph,133,81.8417,23.6381,81.8595,81.8417,
100,8,1048576,2048,chunked,256/256/256,graph,134,79.8127,23.6381,79.8301,79.8127,
100,8,1048576,2048,chunked,256/256/256,graph,135,80.0071,23.6381,80.0236,80.0071,
100,8,1048576,2048,chunked,256/256/256,graph,136,79.7758,23.6381,79.7913,79.7758,
100,8,1048576,2048,chunked,256/256/256,graph,137,80.4530,23.6381,80.4687,80.4530,
100,8,1048576,2048,chunked,256/256/256,graph,138,79.1412,23.6381,79.1580,79.1412,
100,8,1048576,2048,chunked,256/256/256,graph,139,81.1020,23.6381,81.1212,81.1020,
100,8,1048576,2048,chunked,256/256/256,graph,140,80.2725,23.6381,80.2999,80.2725,
100,8,1048576,2048,chunked,256/256/256,graph,141,79.9849,23.6381,80.0044,79.9849,
100,8,1048576,2048,chunked,256/256/256,graph,142,82.0482,23.6381,82.0781,82.0482,
100,8,1048576,2048,chunked,256/256/256,graph,143,81.3949,23.6381,81.4236,81.3949,
100,8,1048576,2048,chunked,256/256/256,graph,144,79.8635,23.6381,79.8839,79.8635,
100,8,1048576,2048,chunked,256/256/256,graph,145,80.5580,23.6381,80.5854,80.5580,
100,8,1048576,2048,chunked,256/256/256,graph,146,79.9684,23.6381,79.9869,79.9684,
100,8,1048576,2048,chunked,256/256/256,graph,147,79.9609,23.6381,79.9777,79.9609,
100,8,1048576,2048,chunked,256/256/256,graph,148,79.2960,23.6381,79.3126,79.2960,
100,8,1048576,2048,chunked,256/256/256,graph,149,79.0394,23.6381,79.0578,79.0394,
100,8,1048576,2048,chunked,256/256/256,graph,150,79.3747,23.6381,79.3925,79.3747,
100,8,1048576,2048,chunked,256/256/256,graph,151,81.4572,23.6381,81.4739,81.4572,
100,8,1048576,2048,chunked,256/256/256,graph,152,80.5663,23.6381,80.5859,80.5663,
100,8,1048576,2048,chunked,256/256/256,graph,153,79.1748,23.6381,79.1990,79.1748,
100,8,1048576,2048,chunked,256/256/256,graph,154,79.3052,23.6381,79.3266,79.3052,
100,8,1048576,2048,chunked,256/256/256,graph,155,80.0026,23.6381,80.0192,80.0026,
100,8,1048576,2048,chunked,256/256/256,graph,156,80.7234,23.6381,80.7414,80.7234,
100,8,1048576,2048,chunked,256/256/256,graph,157,80.6731,23.6381,80.6916,80.6731,
100,8,1048576,2048,chunked,256/256/256,graph,158,79.0107,23.6381,79.0307,79.0107,
100,8,1048576,2048,chunked,256/256/256,graph,159,80.0532,23.6381,80.0780,80.0532,
100,8,1048576,2048,chunked,256/256/256,graph,160,79.9735,23.6381,79.9998,79.9735,
100,8,1048576,2048,chunked,256/256/256,graph,161,79.8209,23.6381,79.8495,79.8209,
100,8,1048576,2048,chunked,256/256/256,graph,162,79.6893,23.6381,79.7113,79.6893,
100,8,1048576,2048,chunked,256/256/256,graph,163,80.2292,23.6381,80.2492,80.2292,
100,8,1048576,2048,chunked,256/256/256,graph,164,80.0368,23.6381,80.0603,80.0368,
100,8,1048576,2048,chunked,256/256/256,graph,165,79.9416,23.6381,79.9609,79.9416,
100,8,1048576,2048,chunked,256/256/256,graph,166,81.0402,23.6381,81.0679,81.0402,
100,8,1048576,2048,chunked,256/256/256,graph,167,79.3281,23.6381,79.3574,79.3281,
100,8,1048576,2048,chunked,256/256/256,graph,168,78.4240,23.6381,78.4410,78.4240,
100,8,1048576,2048,chunked,256/256/256,graph,169,80.2759,23.6381,80.2946,80.2759,
100,8,1048576,2048,chunked,256/256/256,graph,170,80.6253,23.6381,80.6521,80.6253,
100,8,1048576,2048,chunked,256/256/256,graph,171,80.0534,23.6381,80.0766,80.0534,
100,8,1048576,2048,chunked,256/256/256,graph,172,78.6179,23.6381,78.6393,78.6179,
100,8,1048576,2048,chunked,256/256/256,graph,173,80.2876,23.6381,80.3146,80.2876,
100,8,1048576,2048,chunked,256/256/256,graph,174,80.2051,23.6381,80.2226,80.2051,
100,8,1048576,2048,chunked,256/256/256,graph,175,80.6749,23.6381,80.6943,80.6749,
100,8,1048576,2048,chunked,256/256/256,graph,176,79.0019,23.6381,79.0263,79.0019,
100,8,1048576,2048,chunked,256/256/256,graph,177,80.5406,23.6381,80.5667,80.5406,
100,8,1048576,2048,chunked,256/256/256,graph,178,79.5428,23.6381,79.5606,79.5428,
100,8,1048576,2048,chunked,256/256/256,graph,179,79.8588,23.6381,79.8762,79.8588,
100,8,1048576,2048,chunked,256/256/256,graph,180,78.1099,23.6381,78.1266,78.1099,
100,8,1048576,2048,chunked,256/256/256,graph,181,80.5187,23.6381,80.5373,80.5187,
100,8,1048576,2048,chunked,256/256/256,graph,182,80.8052,23.6381,80.8233,80.8052,
100,8,1048576,2048,chunked,256/256/256,graph,183,80.8938,23.6381,80.9126,80.8938,
100,8,1048576,2048,chunked,256/256/256,graph,184,79.9814,23.6381,80.0004,79.9814,
100,8,1048576,2048,chunked,256/256/256,graph,185,80.4032,23.6381,80.4247,80.4032,
100,8,1048576,2048,chunked,256/256/256,graph,186,80.8566,23.6381,80.8815,80.8566,
100,8,1048576,2048,chunked,256/256/256,graph,187,81.0572,23.6381,81.0834,81.0572,
100,8,1048576,2048,chunked,256/256/256,graph,188,81.3482,23.6381,81.3659,81.3482,
100,8,1048576,2048,chunked,256/256/256,graph,189,80.7400,23.6381,80.7605,80.7400,
100,8,1048576,2048,chunked,256/256/256,graph,190,80.3865,23.6381,80.4285,80.3865,
100,8,1048576,2048,chunked,256/256/256,graph,191,80.6579,23.6381,80.6924,80.6579,
100,8,1048576,2048,chunked,256/256/256,graph,192,79.4795,23.6381,79.5036,79.4795,
100,8,1048576,2048,chunked,256/256/256,graph,193,79.4419,23.6381,79.4698,79.4419,
100,8,1048576,2048,chunked,256/256/256,graph,194,80.3475,23.6381,80.3796,80.3475,
100,8,1048576,2048,chunked,256/256/256,graph,195,80.5014,23.6381,80.5432,80.5014,
100,8,1048576,2048,chunked,256/256/256,graph,196,80.0982,23.6381,80.1198,80.0982,
100,8,1048576,2048,chunked,256/256/256,graph,197,79.9108,23.6381,79.9302,79.9108,
100,8,1048576,2048,chunked,256/256/256,graph,198,79.6946,23.6381,79.7129,79.6946,
100,8,1048576,2048,chunked,256/256/256,graph,199,78.4026,23.6381,78.4216,78.4026,
100,8,1048576,2048,layered,512/512/512,graph,0,86.6053,20.2157,86.6590,86.6053,
100,8,1048576,2048,layered,512/512/512,graph,1,84.7408,20.2157,84.7880,84.7408,
100,8,1048576,2048,layered,512/512/512,graph,2,85.4796,20.2157,85.5381,85.4796,
100,8,1048576,2048,layered,512/512/512,graph,3,86.9083,20.2157,86.9641,86.9083,
100,8,1048576,2048,layered,512/512/512,graph,4,86.0116,20.2157,86.0622,86.0116,
100,8,1048576,2048,layered,512/512/512,graph,5,84.8413,20.2157,84.8900,84.8413,
100,8,1048576,2048,layered,512/512/512,graph,6,84.5952,20.2157,84.6534,84.5952,
100,8,1048576,2048,layered,512/512/512,graph,7,87.1451,20.2157,87.1999,87.1451,
100,8,1048576,2048,layered,512/512/512,graph,8,86.1557,20.2157,86.2095,86.1557,
100,8,1048576,2048,layered,512/512/512,graph,9,88.0001,20.2157,88.0525,88.0001,
100,8,1048576,2048,layered,512/512/512,graph,10,86.1724,20.2157,86.2268,86.1724,
100,8,1048576,2048,layered,512/512/512,graph,11,87.2109,20.2157,87.2588,87.2109,
100,8,1048576,2048,layered,512/512/512,graph,12,84.3784,20.2157,84.4342,84.3784,
100,8,1048576,2048,layered,512/512/512,graph,13,85.0346,20.2157,85.0839,85.0346,
100,8,1048576,2048,layered,512/512/512,graph,14,85.4959,20.2157,85.5437,85.4959,
100,8,1048576,2048,layered,512/512/512,graph,15,84.8021,20.2157,84.8521,84.8021,
100,8,1048576,2048,layered,512/512/512,graph,16,85.2019,20.2157,85.2571,85.2019,
100,8,1048576,2048,layered,512/512/512,graph,17,87.1707,20.2157,87.2229,87.1707,
100,8,1048576,2048,layered,512/512/512,graph,18,86.6697,20.2157,86.7272,86.6697,
100,8,1048576,2048,layered,512/512/512,graph,19,86.7578,20.2157,86.8078,86.7578,
100,8,1048576,2048,layered,512/512/512,graph,20,86.4339,20.2157,86.4804,86.4339,
100,8,1048576,2048,layered,512/512/512,graph,21,87.2233,20.2157,87.2722,87.2233,
100,8,1048576,2048,layered,512/512/512,graph,22,88.0392,20.2157,88.0874,88.0392,
100,8,1048576,2048,layered,512/512/512,graph,23,86.6559,20.2157,86.7035,86.6559,
100,8,1048576,2048,layered,512/512/512,graph,24,86.0714,20.2157,86.1180,86.0714,
100,8,1048576,2048,layered,512/512/512,graph,25,85.7279,20.2157,85.7822,85.7279,
100,8,1048576,2048,layered,512/512/512,graph,26,87.7049,20.2157,87.7563,87.7049,
100,8,1048576,2048,layered,512/512/512,graph,27,87.5083,20.2157,87.5583,87.5083,
100,8,1048576,2048,layered,512/512/512,graph,28,88.4519,20.2157,88.5023,88.4519,
100,8,1048576,2048,layered,512/512/512,graph,29,87.6810,20.2157,87.7322,87.6810,
100,8,1048576,2048,layered,512/512/512,graph,30,85.5473,20.2157,85.5991,85.5473,
100,8,1048576,2048,layered,512/512/512,graph,31,85.4587,20.2157,85.5115,85.4587,
100,8,1048576,2048,layered,512/512/512,graph,32,86.5558,20.2157,86.6121,86.5558,
100,8,1048576,2048,layered,512/512/512,graph,33,86.9755,20.2157,87.0228,86.9755,
100,8,1048576,2048,layered,512/512/512,graph,34,83.9621,20.2157,84.0158,83.9621,
100,8,1048576,2048,layered,512/512/512,graph,35,84.3865,20.2157,84.4338,84.3865,
100,8,1048576,2048,layered,512/512/512,graph,36,87.2565,20.2157,87.3233,87.2565,
100,8,1048576,2048,layered,512/512/512,graph,37,87.5489,20.2157,87.6018,87.5489,
100,8,1048576,2048,layered,512/512/512,graph,38,88.2493,20.2157,88.3036,88.2493,
100,8,1048576,2048,layered,512/512/512,graph,39,87.3970,20.2157,87.4485,87.3970,
100,8,1048576,2048,layered,512/512/512,graph,40,87.4271,20.4903,87.4771,87.4271,
100,8,1048576,2048,layered,512/512/512,graph,41,86.1262,20.4903,86.1737,86.1262,
100,8,1048576,2048,layered,512/512/512,graph,42,88.2175,20.7649,88.2659,88.2175,
100,8,1048576,2048,layered,512/512/512,graph,43,88.4818,20.7649,88.5349,88.4818,
100,8,1048576,2048,layered,512/512/512,graph,44,88.4640,21.0395,88.5139,88.4640,
100,8,1048576,2048,layered,512/512/512,graph,45,87.0297,21.0395,87.0810,87.0297,
100,8,1048576,2048,layered,512/512/512,graph,46,87.6298,21.0395,87.6791,87.6298,
100,8,1048576,2048,layered,512/512/512,graph,47,86.3499,21.0395,86.3971,86.3499,
100,8,1048576,2048,layered,512/512/512,graph,48,88.2254,21.0395,88.2746,88.2254,
100,8,1048576,2048,layered,512/512/512,graph,49,88.9459,21.0395,89.0079,88.9459,
100,8,1048576,2048,layered,512/512/512,graph,50,89.6419,21.0395,89.6978,89.6419,
100,8,1048576,2048,layered,512/512/512,graph,51,88.5920,21.0395,88.6456,88.5920,
100,8,1048576,2048,layered,512/512/512,graph,52,88.2454,21.0395,88.2966,88.2454,
100,8,1048576,2048,layered,512/512/512,graph,53,88.3297,21.0395,88.3810,88.3297,
100,8,1048576,2048,layered,512/512/512,graph,54,88.3496,21.0395,88.3971,88.3496,
100,8,1048576,2048,layered,512/512/512,graph,55,88.3073,21.0395,88.3560,88.3073,
100,8,1048576,2048,layered,512/512/512,graph,56,88.9179,21.0395,88.9739,88.9179,
100,8,1048576,2048,layered,512/512/512,graph,57,87.1042,21.0395,87.1564,87.1042,
100,8,1048576,2048,layered,512/512/512,graph,58,87.6257,21.0395,87.6757,87.6257,
100,8,1048576,2048,layered,512/512/512,graph,59,87.0172,21.0395,87.0793,87.0172,
100,8,1048576,2048,layered,512/512/512,graph,60,87.6201,21.0395,87.6801,87.6201,
100,8,1048576,2048,layered,512/512/512,graph,61,86.5741,21.0395,86.6409,86.5741,
100,8,1048576,2048,layered,512/512/512,graph,62,87.5242,21.0395,87.5822,87.5242,
100,8,1048576,2048,layered,512/512/512,graph,63,87.1095,21.0395,87.1643,87.1095,
100,8,1048576,2048,layered,512/512/512,graph,64,86.2136,21.0395,86.2772,86.2136,
100,8,1048576,2048,layered,512/512/512,graph,65,88.4531,21.0395,88.5056,88.4531,
100,8,1048576,2048,layered,512/512/512,graph,66,89.0137,21.0395,89.0760,89.0137,
100,8,1048576,2048,layered,512/512/512,graph,67,88.1109,21.0395,88.1651,88.1109,
100,8,1048576,2048,layered,512/512/512,graph,68,86.3945,21.0395,86.4452,86.3945,
100,8,1048576,2048,layered,512/512/512,graph,69,88.2945,21.0395,88.3604,88.2945,
100,8,1048576,2048,layered,512/512/512,graph,70,89.2196,21.0395,89.2812,89.2196,
100,8,1048576,2048,layered,512/512/512,graph,71,88.4309,21.0395,88.4854,88.4309,
100,8,1048576,2048,layered,512/512/512,graph,72,88.0540,20.7649,88.1143,88.0540,
100,8,1048576,2048,layered,512/512/512,graph,73,87.1992,20.7649,87.2517,87.1992,
100,8,1048576,2048,layered,512/512/512,graph,74,85.2173,20.4903,85.2737,85.2173,
100,8,1048576,2048,layered,512/512/512,graph,75,88.4390,20.4903,88.4938,88.4390,
100,8,1048576,2048,layered,512/512/512,graph,76,86.5248,20.2157,86.5756,86.5248,
100,8,1048576,2048,layered,512/512/512,graph,77,86.6054,20.2157,86.6525,86.6054,
100,8,1048576,2048,layered,512/512/512,graph,78,86.9026,20.2157,86.9494,86.9026,
100,8,1048576,2048,layered,512/512/512,graph,79,86.4089,20.2157,86.4597,86.4089,
100,8,1048576,2048,layered,512/512/512,graph,80,86.1799,20.2157,86.2314,86.1799,
100,8,1048576,2048,layered,512/512/512,graph,81,85.3510,20.2157,85.3984,85.3510,
100,8,1048576,2048,layered,512/512/512,graph,82,87.4603,20.2157,87.5081,87.4603,
100,8,1048576,2048,layered,512/512/512,graph,83,85.3416,20.2157,85.3909,85.3416,
100,8,1048576,2048,layered,512/512/512,graph,84,86.9231,20.2157,86.9727,86.9231,
100,8,1048576,2048,layered,512/512/512,graph,85,86.5351,20.2157,86.5862,86.5351,
100,8,1048576,2048,layered,512/512/512,graph,86,85.6462,20.2157,85.6946,85.6462,
100,8,1048576,2048,layered,512/512/512,graph,87,85.7747,20.2157,85.8281,85.7747,
100,8,1048576,2048,layered,512/512/512,graph,88,84.5769,20.2157,84.6307,84.5769,
100,8,1048576,2048,layered,512/512/512,graph,89,87.2776,20.2157,87.3289,87.2776,
100,8,1048576,2048,layered,512/512/512,graph,90,87.4584,20.2157,87.5077,87.4584,
100,8,1048576,2048,layered,512/512/512,graph,91,87.5480,20.2157,87.5982,87.5480,
100,8,1048576,2048,layered,512/512/512,graph,92,87.3796,20.2157,87.4294,87.3796,
100,8,1048576,2048,layered,512/512/512,graph,93,85.3035,20.2157,85.3539,85.3035,
100,8,1048576,2048,layered,512/512/512,graph,94,86.3975,20.2157,86.4470,86.3975,
100,8,1048576,2048,layered,512/512/512,graph,95,86.2127,20.2157,86.2608,86.2127,
100,8,1048576,2048,layered,512/512/512,graph,96,85.4548,20.2157,85.5099,85.4548,
100,8,1048576,2048,layered,512/512/512,graph,97,85.2537,20.2157,85.3121,85.2537,
100,8,1048576,2048,layered,512/512/512,graph,98,85.4916,20.2157,85.5408,85.4916,
100,8,1048576,2048,layered,512/512/512,graph,99,86.8078,20.2157,86.8552,86.8078,
100,8,1048576,2048,layered,512/512/512,graph,100,85.6398,20.2157,85.6891,85.6398,
100,8,1048576,2048,layered,512/512/512,graph,101,87.2846,20.2157,87.3314,87.2846,
100,8,1048576,2048,layered,512/512/512,graph,102,84.6772,20.2157,84.7235,84.6772,
100,8,1048576,2048,layered,512/512/512,graph,103,84.0261,20.2157,84.0737,84.0261,
100,8,1048576,2048,layered,512/512/512,graph,104,87.5995,20.2157,87.6571,87.5995,
100,8,1048576,2048,layered,512/512/512,graph,105,86.8643,20.2157,86.9159,86.8643,
100,8,1048576,2048,layered,512/512/512,graph,106,86.1799,20.2157,86.2277,86.1799,
100,8,1048576,2048,layered,512/512/512,graph,107,87.4743,20.2157,87.5225,87.4743,
100,8,1048576,2048,layered,512/512/512,graph,108,84.5192,20.2157,84.5671,84.5192,
100,8,1048576,2048,layered,512/512/512,graph,109,86.9654,20.2157,87.0168,86.9654,
100,8,1048576,2048,layered,512/512/512,graph,110,87.3282,20.2157,87.3793,87.3282,
100,8,1048576,2048,layered,512/512/512,graph,111,84.8678,20.2157,84.9249,84.8678,
100,8,1048576,2048,layered,512/512/512,graph,112,85.8979,20.2157,85.9455,85.8979,
100,8,1048576,2048,layered,512/512/512,graph,113,86.1459,20.2157,86.1928,86.1459,
100,8,1048576,2048,layered,512/512/512,graph,114,86.4082,20.2157,86.4677,86.4082,
100,8,1048576,2048,layered,512/512/512,graph,115,87.2957,20.2157,87.3516,87.2957,
100,8,1048576,2048,layered,512/512/512,graph,116,87.1783,20.2157,87.2311,87.1783,
100,8,1048576,2048,layered,512/512/512,graph,117,86.8923,20.2157,86.9457,86.8923,
100,8,1048576,2048,layered,512/512/512,graph,118,85.0548,20.2157,85.1068,85.0548,
100,8,1048576,2048,layered,512/512/512,graph,119,87.3232,20.2157,87.3742,87.3232,
100,8,1048576,2048,layered,512/512/512,graph,120,86.7149,20.2157,86.7613,86.7149,
100,8,1048576,2048,layered,512/512/512,graph,121,85.3752,20.2157,85.4252,85.3752,
100,8,1048576,2048,layered,512/512/512,graph,122,87.0945,20.2157,87.1420,87.0945,
100,8,1048576,2048,layered,512/512/512,graph,123,88.2824,20.2157,88.3358,88.2824,
100,8,1048576,2048,layered,512/512/512,graph,124,86.1793,20.2157,86.2270,86.1793,
100,8,1048576,2048,layered,512/512/512,graph,125,87.3606,20.2157,87.4079,87.3606,
100,8,1048576,2048,layered,512/512/512,graph,126,84.1091,20.2157,84.1655,84.1091,
100,8,1048576,2048,layered,512/512/512,graph,127,87.6825,20.2157,87.7418,87.6825,
100,8,1048576,2048,layered,512/512/512,graph,128,87.1177,20.2157,87.1694,87.1177,
100,8,1048576,2048,layered,512/512/512,graph,129,85.8919,20.2157,85.9407,85.8919,
100,8,1048576,2048,layered,512/512/512,graph,130,86.7691,20.2157,86.8155,86.7691,
100,8,1048576,2048,layered,512/512/512,graph,131,86.9748,20.2157,87.0244,86.9748,
100,8,1048576,2048,layered,512/512/512,graph,132,87.2610,20.2157,87.3127,87.2610,
100,8,1048576,2048,layered,512/512/512,graph,133,85.6786,20.2157,85.7290,85.6786,
100,8,1048576,2048,layered,512/512/512,graph,134,87.4515,20.2157,87.4988,87.4515,
100,8,1048576,2048,layered,512/512/512,graph,135,85.6335,20.2157,85.6827,85.6335,
100,8,1048576,2048,layered,512/512/512,graph,136,87.4952,20.4903,87.5449,87.4952,
100,8,1048576,2048,layered,512/512/512,graph,137,85.8007,20.4903,85.8507,85.8007,
100,8,1048576,2048,layered,512/512/512,graph,138,86.2115,20.7649,86.2627,86.2115,
100,8,1048576,2048,layered,512/512/512,graph,139,87.6094,20.7649,87.6668,87.6094,
100,8,1048576,2048,layered,512/512/512,graph,140,87.6244,21.0395,87.6804,87.6244,
100,8,1048576,2048,layered,512/512/512,graph,141,87.6933,21.0395,87.7453,87.6933,
100,8,1048576,2048,layered,512/512/512,graph,142,88.2127,21.0395,88.2609,88.2127,
100,8,1048576,2048,layered,512/512/512,graph,143,87.6284,21.0395,87.6787,87.6284,
100,8,1048576,2048,layered,512/512/512,graph,144,89.1802,21.0395,89.2319,89.1802,
100,8,1048576,2048,layered,512/512/512,graph,145,87.8070,21.0395,87.8547,87.8070,
100,8,1048576,2048,layered,512/512/512,graph,146,85.8748,21.0395,85.9217,85.8748,
100,8,1048576,2048,layered,512/512/512,graph,147,87.4030,21.0395,87.4551,87.4030,
100,8,1048576,2048,layered,512/512/512,graph,148,89.0025,21.0395,89.0542,89.0025,
100,8,1048576,2048,layered,512/512/512,graph,149,88.6903,21.0395,88.7473,88.6903,
100,8,1048576,2048,layered,512/512/512,graph,150,86.9621,21.0395,87.0154,86.9621,
100,8,1048576,2048,layered,512/512/512,graph,151,87.9237,21.0395,87.9741,87.9237,
100,8,1048576,2048,layered,512/512/512,graph,152,86.1507,21.0395,86.2013,86.1507,
100,8,1048576,2048,layered,512/512/512,graph,153,87.9766,21.0395,88.0257,87.9766,
100,8,1048576,2048,layered,512/512/512,graph,154,86.6275,21.0395,86.6756,86.6275,
100,8,1048576,2048,layered,512/512/512,graph,155,88.3732,21.0395,88.4199,88.3732,
100,8,1048576,2048,layered,512/512/512,graph,156,87.8327,21.0395,87.8821,87.8327,
100,8,1048576,2048,layered,512/512/512,graph,157,87.2345,21.0395,87.2859,87.2345,
100,8,1048576,2048,layered,512/512/512,graph,158,87.7870,21.0395,87.8380,87.7870,
100,8,1048576,2048,layered,512/512/512,graph,159,88.0290,21.0395,88.0778,88.0290,
100,8,1048576,2048,layered,512/512/512,graph,160,88.3261,21.0395,88.3808,88.3261,
100,8,1048576,2048,layered,512/512/512,graph,161,88.6971,21.0395,88.7535,88.6971,
100,8,1048576,2048,layered,512/512/512,graph,162,89.2476,21.0395,89.3017,89.2476,
100,8,1048576,2048,layered,512/512/512,graph,163,87.3004,21.0395,87.3504,87.3004,
100,8,1048576,2048,layered,512/512/512,graph,164,88.6277,21.0395,88.6805,88.6277,
100,8,1048576,2048,layered,512/512/512,graph,165,88.0849,21.0395,88.1324,88.0849,
100,8,1048576,2048,layered,512/512/512,graph,166,88.4738,21.0395,88.5345,88.4738,
100,8,1048576,2048,layered,512/512/512,graph,167,88.8198,21.0395,88.8760,88.8198,
100,8,1048576,2048,layered,512/512/512,graph,168,85.6831,20.7649,85.7357,85.6831,
100,8,1048576,2048,layered,512/512/512,graph,169,86.9978,20.7649,87.0472,86.9978,
100,8,1048576,2048,layered,512/512/512,graph,170,86.9288,20.4903,86.9801,86.9288,
100,8,1048576,2048,layered,512/512/512,graph,171,85.1860,20.4903,85.2419,85.1860,
100,8,1048576,2048,layered,512/512/512,graph,172,86.5036,20.2157,86.5558,86.5036,
100,8,1048576,2048,layered,512/512/512,graph,173,86.8500,20.2157,86.9035,86.8500,
100,8,1048576,2048,layered,512/512/512,graph,174,86.8162,20.2157,86.8653,86.8162,
100,8,1048576,2048,layered,512/512/512,graph,175,86.5977,20.2157,86.6560,86.5977,
100,8,1048576,2048,layered,512/512/512,graph,176,84.6396,20.2157,84.6926,84.6396,
100,8,1048576,2048,layered,512/512/512,graph,177,86.5454,20.2157,86.5916,86.5454,
100,8,1048576,2048,layered,512/512/512,graph,178,85.5102,20.2157,85.5606,85.5102,
100,8,1048576,2048,layered,512/512/512,graph,179,85.0856,20.2157,85.1347,85.0856,
100,8,1048576,2048,layered,512/512/512,graph,180,87.9591,20.2157,88.0171,87.9591,
100,8,1048576,2048,layered,512/512/512,graph,181,86.2206,20.2157,86.2744,86.2206,
100,8,1048576,2048,layered,512/512/512,graph,182,85.8629,20.2157,85.9143,85.8629,
100,8,1048576,2048,layered,512/512/512,graph,183,86.7018,20.2157,86.7543,86.7018,
100,8,1048576,2048,layered,512/512/512,graph,184,87.5246,20.2157,87.5788,87.5246,
100,8,1048576,2048,layered,512/512/512,graph,185,87.4292,20.2157,87.4793,87.4292,
100,8,1048576,2048,layered,512/512/512,graph,186,86.1561,20.2157,86.2071,86.1561,
100,8,1048576,2048,layered,512/512/512,graph,187,86.8203,20.2157,86.8740,86.8203,
100,8,1048576,2048,layered,512/512/512,graph,188,86.9468,20.2157,86.9991,86.9468,
100,8,1048576,2048,layered,512/512/512,graph,189,85.8942,20.2157,85.9423,85.8942,
100,8,1048576,2048,layered,512/512/512,graph,190,85.1212,20.2157,85.1671,85.1212,
100,8,1048576,2048,layered,512/512/512,graph,191,85.9270,20.2157,85.9744,85.9270,
100,8,1048576,2048,layered,512/512/512,graph,192,84.9967,20.2157,85.0464,84.9967,
100,8,1048576,2048,layered,512/512/512,graph,193,84.7456,20.2157,84.7979,84.7456,
100,8,1048576,2048,layered,512/512/512,graph,194,87.5985,20.2157,87.6473,87.5985,
100,8,1048576,2048,layered,512/512/512,graph,195,85.6651,20.2157,85.7165,85.6651,
100,8,1048576,2048,layered,512/512/512,graph,196,85.4564,20.2157,85.5061,85.4564,
100,8,1048576,2048,layered,512/512/512,graph,197,84.8639,20.2157,84.9185,84.8639,
100,8,1048576,2048,layered,512/512/512,graph,198,87.0924,20.2157,87.1398,87.0924,
100,8,1048576,2048,layered,512/512/512,graph,199,85.3307,20.2157,85.3887,85.3307,
100,8,1048576,2048,layered,1024/1024/1024,graph,0,80.7063,16.7934,80.7567,80.7063,
100,8,1048576,2048,layered,1024/1024/1024,graph,1,82.7989,16.7934,82.8456,82.7989,
100,8,1048576,2048,layered,1024/1024/1024,graph,2,82.7144,16.7934,82.7649,82.7144,
100,8,1048576,2048,layered,1024/1024/1024,graph,3,83.7085,16.7934,83.7611,83.7085,
100,8,1048576,2048,layered,1024/1024/1024,graph,4,83.2755,16.7934,83.3246,83.2755,
100,8,1048576,2048,layered,1024/1024/1024,graph,5,83.0758,16.7934,83.1242,83.0758,
100,8,1048576,2048,layered,1024/1024/1024,graph,6,80.7220,16.7934,80.7709,80.7220,
100,8,1048576,2048,layered,1024/1024/1024,graph,7,83.4035,16.7934,83.4547,83.4035,
100,8,1048576,2048,layered,1024/1024/1024,graph,8,83.6678,17.0679,83.7217,83.6678,
100,8,1048576,2048,layered,1024/1024/1024,graph,9,83.2503,17.0679,83.3079,83.2503,
100,8,1048576,2048,layered,1024/1024/1024,graph,10,82.3360,17.3425,82.3861,82.3360,
100,8,1048576,2048,layered,1024/1024/1024,graph,11,83.4893,17.3425,83.5372,83.4893,
100,8,1048576,2048,layered,1024/1024/1024,graph,12,85.6213,17.6171,85.6672,85.6213,
100,8,1048576,2048,layered,1024/1024/1024,graph,13,85.5910,17.6171,85.6424,85.5910,
100,8,1048576,2048,layered,1024/1024/1024,graph,14,85.9202,17.6171,85.9791,85.9202,
100,8,1048576,2048,layered,1024/1024/1024,graph,15,85.2078,17.6171,85.2646,85.2078,
100,8,1048576,2048,layered,1024/1024/1024,graph,16,85.8099,17.6171,85.8604,85.8099,
100,8,1048576,2048,layered,1024/1024/1024,graph,17,84.1806,17.6171,84.2283,84.1806,
100,8,1048576,2048,layered,1024/1024/1024,graph,18,83.2283,17.6171,83.2756,83.2283,
100,8,1048576,2048,layered,1024/1024/1024,graph,19,85.7361,17.6171,85.7886,85.7361,
100,8,1048576,2048,layered,1024/1024/1024,graph,20,83.6697,17.6171,83.7221,83.6697,
100,8,1048576,2048,layered,1024/1024/1024,graph,21,85.2401,17.6171,85.2890,85.2401,
100,8,1048576,2048,layered,1024/1024/1024,graph,22,83.6700,17.6171,83.7235,83.6700,
100,8,1048576,2048,layered,1024/1024/1024,graph,23,84.0859,17.6171,84.1351,84.0859,
100,8,1048576,2048,layered,1024/1024/1024,graph,24,84.0449,17.6171,84.0915,84.0449,
100,8,1048576,2048,layered,1024/1024/1024,graph,25,82.9510,17.6171,83.0038,82.9510,
100,8,1048576,2048,layered,1024/1024/1024,graph,26,82.0017,17.6171,82.0529,82.0017,
100,8,1048576,2048,layered,1024/1024/1024,graph,27,85.7214,17.6171,85.7704,85.7214,
100,8,1048576,2048,layered,1024/1024/1024,graph,28,84.4848,17.6171,84.5477,84.4848,
100,8,1048576,2048,layered,1024/1024/1024,graph,29,85.3016,17.6171,85.3638,85.3016,
100,8,1048576,2048,layered,1024/1024/1024,graph,30,83.4566,17.6171,83.5189,83.4566,
100,8,1048576,2048,layered,1024/1024/1024,graph,31,83.7792,17.6171,83.8346,83.7792,
100,8,1048576,2048,layered,1024/1024/1024,graph,32,81.1577,17.6171,81.2154,81.1577,
100,8,1048576,2048,layered,1024/1024/1024,graph,33,84.3993,17.6171,84.4546,84.3993,
100,8,1048576,2048,layered,1024/1024/1024,graph,34,83.5738,17.6171,83.6346,83.5738,
100,8,1048576,2048,layered,1024/1024/1024,graph,35,84.0022,17.6171,84.0562,84.0022,
100,8,1048576,2048,layered,1024/1024/1024,graph,36,82.8791,17.6171,82.9278,82.8791,
100,8,1048576,2048,layered,1024/1024/1024,graph,37,84.2882,17.6171,84.3421,84.2882,
100,8,1048576,2048,layered,1024/1024/1024,graph,38,83.2661,17.6171,83.3377,83.2661,
100,8,1048576,2048,layered,1024/1024/1024,graph,39,83.4667,17.6171,83.5241,83.4667,
100,8,1048576,2048,layered,1024/1024/1024,graph,40,84.9829,17.6171,85.0347,84.9829,
100,8,1048576,2048,layered,1024/1024/1024,graph,41,83.6535,17.6171,83.7016,83.6535,
100,8,1048576,2048,layered,1024/1024/1024,graph,42,84.5336,17.6171,84.5829,84.5336,
100,8,1048576,2048,layered,1024/1024/1024,graph,43,85.5545,17.6171,85.6074,85.5545,
100,8,1048576,2048,layered,1024/1024/1024,graph,44,84.1098,17.6171,84.1613,84.1098,
100,8,1048576,2048,layered,1024/1024/1024,graph,45,81.5827,17.6171,81.6315,81.5827,
100,8,1048576,2048,layered,1024/1024/1024,graph,46,85.0987,17.6171,85.1463,85.0987,
100,8,1048576,2048,layered,1024/1024/1024,graph,47,85.7524,17.6171,85.8041,85.7524,
100,8,1048576,2048,layered,1024/1024/1024,graph,48,84.7158,17.6171,84.7801,84.7158,
100,8,1048576,2048,layered,1024/1024/1024,graph,49,85.1432,17.6171,85.1917,85.1432,
100,8,1048576,2048,layered,1024/1024/1024,graph,50,84.5506,17.6171,84.5986,84.5506,
100,8,1048576,2048,layered,1024/1024/1024,graph,51,85.8124,17.6171,85.8671,85.8124,
100,8,1048576,2048,layered,1024/1024/1024,graph,52,85.6227,17.6171,85.6815,85.6227,
100,8,1048576,2048,layered,1024/1024/1024,graph,53,84.1017,17.6171,84.1574,84.1017,
100,8,1048576,2048,layered,1024/1024/1024,graph,54,85.2212,17.6171,85.2759,85.2212,
100,8,1048576,2048,layered,1024/1024/1024,graph,55,84.9115,17.6171,84.9613,84.9115,
100,8,1048576,2048,layered,1024/1024/1024,graph,56,81.6044,17.6171,81.6525,81.6044,
100,8,1048576,2048,layered,1024/1024/1024,graph,57,83.6203,17.6171,83.6722,83.6203,
100,8,1048576,2048,layered,1024/1024/1024,graph,58,83.5355,17.6171,83.5829,83.5355,
100,8,1048576,2048,layered,1024/1024/1024,graph,59,85.3269,17.6171,85.3756,85.3269,
100,8,1048576,2048,layered,1024/1024/1024,graph,60,81.5360,17.6171,81.5831,81.5360,
100,8,1048576,2048,layered,1024/1024/1024,graph,61,84.4806,17.6171,84.5454,84.4806,
100,8,1048576,2048,layered,1024/1024/1024,graph,62,85.3220,17.6171,85.3717,85.3220,
100,8,1048576,2048,layered,1024/1024/1024,graph,63,85.2161,17.6171,85.2622,85.2161,
100,8,1048576,2048,layered,1024/1024/1024,graph,64,84.5384,17.6171,84.5849,84.5384,
100,8,1048576,2048,layered,1024/1024/1024,graph,65,83.7870,17.6171,83.8357,83.7870,
100,8,1048576,2048,layered,1024/1024/1024,graph,66,85.0296,17.6171,85.0922,85.0296,
100,8,1048576,2048,layered,1024/1024/1024,graph,67,84.7382,17.6171,84.7886,84.7382,
100,8,1048576,2048,layered,1024/1024/1024,graph,68,84.3345,17.6171,84.3881,84.3345,
100,8,1048576,2048,layered,1024/1024/1024,graph,69,85.5895,17.6171,85.6429,85.5895,
100,8,1048576,2048,layered,1024/1024/1024,graph,70,84.3701,17.6171,84.4204,84.3701,
100,8,1048576,2048,layered,1024/1024/1024,graph,71,84.7942,17.6171,84.8448,84.7942,
100,8,1048576,2048,layered,1024/1024/1024,graph,72,83.5772,17.3425,83.6270,83.5772,
100,8,1048576,2048,layered,1024/1024/1024,graph,73,81.0621,17.3425,81.1141,81.0621,
100,8,1048576,2048,layered,1024/1024/1024,graph,74,83.7049,17.0679,83.7615,83.7049,
100,8,1048576,2048,layered,1024/1024/1024,graph,75,83.3668,17.0679,83.4178,83.3668,
100,8,1048576,2048,layered,1024/1024/1024,graph,76,82.4007,16.7934,82.4496,82.4007,
100,8,1048576,2048,layered,1024/1024/1024,graph,77,82.6144,16.7934,82.6646,82.6144,
100,8,1048576,2048,layered,1024/1024/1024,graph,78,79.9479,16.7934,79.9981,79.9479,
100,8,1048576,2048,layered,1024/1024/1024,graph,79,80.8641,16.7934,80.9158,80.8641,
100,8,1048576,2048,layered,1024/1024/1024,graph,80,81.6003,16.7934,81.6464,81.6003,
100,8,1048576,2048,layered,1024/1024/1024,graph,81,82.2505,16.7934,82.2994,82.2505,
100,8,1048576,2048,layered,1024/1024/1024,graph,82,81.6263,16.7934,81.6723,81.6263,
100,8,1048576,2048,layered,1024/1024/1024,graph,83,80.3528,16.7934,80.4158,80.3528,
100,8,1048576,2048,layered,1024/1024/1024,graph,84,82.3328,16.7934,82.3821,82.3328,
100,8,1048576,2048,layered,1024/1024/1024,graph,85,79.9980,16.7934,80.0472,79.9980,
100,8,1048576,2048,layered,1024/1024/1024,graph,86,82.1825,16.7934,82.2328,82.1825,
100,8,1048576,2048,layered,1024/1024/1024,graph,87,83.6547,16.7934,83.7027,83.6547,
100,8,1048576,2048,layered,1024/1024/1024,graph,88,81.9260,16.7934,81.9744,81.9260,
100,8,1048576,2048,layered,1024/1024/1024,graph,89,83.2948,16.7934,83.3420,83.2948,
100,8,1048576,2048,layered,1024/1024/1024,graph,90,83.4890,16.7934,83.5360,83.4890,
100,8,1048576,2048,layered,1024/1024/1024,graph,91,83.0589,16.7934,83.1124,83.0589,
100,8,1048576,2048,layered,1024/1024/1024,graph,92,82.4755,16.7934,82.5308,82.4755,
100,8,1048576,2048,layered,1024/1024/1024,graph,93,80.3495,16.7934,80.3958,80.3495,
100,8,1048576,2048,layered,1024/1024/1024,graph,94,83.0579,16.7934,83.1055,83.0579,
100,8,1048576,2048,layered,1024/1024/1024,graph,95,83.7471,16.7934,83.7940,83.7471,
100,8,1048576,2048,layered,1024/1024/1024,graph,96,82.4577,16.7934,82.5054,82.4577,
100,8,1048576,2048,layered,1024/1024/1024,graph,97,80.5846,16.7934,80.6377,80.5846,
100,8,1048576,2048,layered,1024/1024/1024,graph,98,82.8279,16.7934,82.8770,82.8279,
100,8,1048576,2048,layered,1024/1024/1024,graph,99,83.9254,16.7934,83.9717,83.9254,
100,8,1048576,2048,layered,1024/1024/1024,graph,100,80.7666,16.7934,80.8121,80.7666,
100,8,1048576,2048,layered,1024/1024/1024,graph,101,84.1621,16.7934,84.2080,84.1621,
100,8,1048576,2048,layered,1024/1024/1024,graph,102,80.7582,16.7934,80.8064,80.7582,
100,8,1048576,2048,layered,1024/1024/1024,graph,103,83.5014,16.7934,83.5568,83.5014,
100,8,1048576,2048,layered,1024/1024/1024,graph,104,84.1653,17.0679,84.2172,84.1653,
100,8,1048576,2048,layered,1024/1024/1024,graph,105,83.1456,17.0679,83.1964,83.1456,
100,8,1048576,2048,layered,1024/1024/1024,graph,106,82.6812,17.3425,82.7321,82.6812,
100,8,1048576,2048,layered,1024/1024/1024,graph,107,83.3890,17.3425,83.4349,83.3890,
100,8,1048576,2048,layered,1024/1024/1024,graph,108,85.3119,17.6171,85.3806,85.3119,
100,8,1048576,2048,layered,1024/1024/1024,graph,109,84.5779,17.6171,84.6247,84.5779,
100,8,1048576,2048,layered,1024/1024/1024,graph,110,83.1313,17.6171,83.1831,83.1313,
100,8,1048576,2048,layered,1024/1024/1024,graph,111,85.7235,17.6171,85.7740,85.7235,
100,8,1048576,2048,layered,1024/1024/1024,graph,112,83.2038,17.6171,83.2515,83.2038,
100,8,1048576,2048,layered,1024/1024/1024,graph,113,84.8923,17.6171,84.9459,84.8923,
100,8,1048576,2048,layered,1024/1024/1024,graph,114,85.7930,17.6171,85.8414,85.7930,
100,8,1048576,2048,layered,1024/1024/1024,graph,115,81.8553,17.6171,81.9022,81.8553,
100,8,1048576,2048,layered,1024/1024/1024,graph,116,85.6330,17.6171,85.6794,85.6330,
100,8,1048576,2048,layered,1024/1024/1024,graph,117,85.5140,17.6171,85.5603,85.5140,
100,8,1048576,2048,layered,1024/1024/1024,graph,118,85.2275,17.6171,85.2784,85.2275,
100,8,1048576,2048,layered,1024/1024/1024,graph,119,84.1431,17.6171,84.1901,84.1431,
100,8,1048576,2048,layered,1024/1024/1024,graph,120,82.4784,17.6171,82.5250,82.4784,
100,8,1048576,2048,layered,1024/1024/1024,graph,121,84.4918,17.6171,84.5377,84.4918,
100,8,1048576,2048,layered,1024/1024/1024,graph,122,83.0981,17.6171,83.1441,83.0981,
100,8,1048576,2048,layered,1024/1024/1024,graph,123,85.4627,17.6171,85.5287,85.4627,
100,8,1048576,2048,layered,1024/1024/1024,graph,124,82.0307,17.6171,82.0772,82.0307,
100,8,1048576,2048,layered,1024/1024/1024,graph,125,83.5707,17.6171,83.6170,83.5707,
100,8,1048576,2048,layered,1024/1024/1024,graph,126,85.4969,17.6171,85.5449,85.4969,
100,8,1048576,2048,layered,1024/1024/1024,graph,127,82.7527,17.6171,82.7992,82.7527,
100,8,1048576,2048,layered,1024/1024/1024,graph,128,81.8290,17.6171,81.8764,81.8290,
100,8,1048576,2048,layered,1024/1024/1024,graph,129,84.2744,17.6171,84.3203,84.2744,
100,8,1048576,2048,layered,1024/1024/1024,graph,130,85.5249,17.6171,85.5699,85.5249,
100,8,1048576,2048,layered,1024/1024/1024,graph,131,81.5669,17.6171,81.6146,81.5669,
100,8,1048576,2048,layered,1024/1024/1024,graph,132,83.9037,17.6171,83.9566,83.9037,
100,8,1048576,2048,layered,1024/1024/1024,graph,133,83.0258,17.6171,83.0776,83.0258,
100,8,1048576,2048,layered,1024/1024/1024,graph,134,84.7862,17.6171,84.8351,84.7862,
100,8,1048576,2048,layered,1024/1024/1024,graph,135,85.1702,17.6171,85.2173,85.1702,
100,8,1048576,2048,layered,1024/1024/1024,graph,136,85.1642,17.6171,85.2162,85.1642,
100,8,1048576,2048,layered,1024/1024/1024,graph,137,85.1273,17.6171,85.1746,85.1273,
100,8,1048576,2048,layered,1024/1024/1024,graph,138,82.9345,17.6171,82.9850,82.9345,
100,8,1048576,2048,layered,1024/1024/1024,graph,139,85.2670,17.6171,85.3130,85.2670,
100,8,1048576,2048,layered,1024/1024/1024,graph,140,85.1239,17.6171,85.1745,85.1239,
100,8,1048576,2048,layered,1024/1024/1024,graph,141,85.2557,17.6171,85.3053,85.2557,
100,8,1048576,2048,layered,1024/1024/1024,graph,142,85.2050,17.6171,85.2575,85.2050,
100,8,1048576,2048,layered,1024/1024/1024,graph,143,85.2612,17.6171,85.3186,85.2612,
100,8,1048576,2048,layered,1024/1024/1024,graph,144,83.2912,17.6171,83.3438,83.2912,
100,8,1048576,2048,layered,1024/1024/1024,graph,145,84.1036,17.6171,84.1541,84.1036,
100,8,1048576,2048,layered,1024/1024/1024,graph,146,83.9143,17.6171,83.9613,83.9143,
100,8,1048576,2048,layered,1024/1024/1024,graph,147,82.7030,17.6171,82.7494,82.7030,
100,8,1048576,2048,layered,1024/1024/1024,graph,148,81.8094,17.6171,81.8591,81.8094,
100,8,1048576,2048,layered,1024/1024/1024,graph,149,85.1523,17.6171,85.1991,85.1523,
100,8,1048576,2048,layered,1024/1024/1024,graph,150,83.8624,17.6171,83.9097,83.8624,
100,8,1048576,2048,layered,1024/1024/1024,graph,151,83.3045,17.6171,83.3497,83.3045,
100,8,1048576,2048,layered,1024/1024/1024,graph,152,82.3637,17.6171,82.4229,82.3637,
100,8,1048576,2048,layered,1024/1024/1024,graph,153,84.3180,17.6171,84.3698,84.3180,
100,8,1048576,2048,layered,1024/1024/1024,graph,154,85.0525,17.6171,85.1133,85.0525,
100,8,1048576,2048,layered,1024/1024/1024,graph,155,84.0980,17.6171,84.1495,84.0980,
100,8,1048576,2048,layered,1024/1024/1024,graph,156,82.6592,17.6171,82.7079,82.6592,
100,8,1048576,2048,layered,1024/1024/1024,graph,157,82.2528,17.6171,82.3046,82.2528,
100,8,1048576,2048,layered,1024/1024/1024,graph,158,84.5925,17.6171,84.6410,84.5925,
100,8,1048576,2048,layered,1024/1024/1024,graph,159,82.4773,17.6171,82.5253,82.4773,
100,8,1048576,2048,layered,1024/1024/1024,graph,160,84.9274,17.6171,84.9748,84.9274,
100,8,1048576,2048,layered,1024/1024/1024,graph,161,82.7104,17.6171,83.6925,82.7104,
100,8,1048576,2048,layered,1024/1024/1024,graph,162,84.3656,17.6171,84.4226,84.3656,
100,8,1048576,2048,layered,1024/1024/1024,graph,163,84.8240,17.6171,84.8792,84.8240,
100,8,1048576,2048,layered,1024/1024/1024,graph,164,84.3592,17.6171,84.4086,84.3592,
100,8,1048576,2048,layered,1024/1024/1024,graph,165,82.7651,17.6171,82.8173,82.7651,
100,8,1048576,2048,layered,1024/1024/1024,graph,166,82.0821,17.6171,82.1401,82.0821,
100,8,1048576,2048,layered,1024/1024/1024,graph,167,84.8795,17.6171,84.9279,84.8795,
100,8,1048576,2048,layered,1024/1024/1024,graph,168,80.8315,17.3425,80.8801,80.8315,
100,8,1048576,2048,layered,1024/1024/1024,graph,169,84.3900,17.3425,84.4534,84.3900,
100,8,1048576,2048,layered,1024/1024/1024,graph,170,80.1505,17.0679,80.2030,80.1505,
100,8,1048576,2048,layered,1024/1024/1024,graph,171,83.2758,17.0679,83.3273,83.2758,
100,8,1048576,2048,layered,1024/1024/1024,graph,172,81.6208,16.7934,81.6701,81.6208,
100,8,1048576,2048,layered,1024/1024/1024,graph,173,83.2023,16.7934,83.2501,83.2023,
100,8,1048576,2048,layered,1024/1024/1024,graph,174,82.7395,16.7934,82.7870,82.7395,
100,8,1048576,2048,layered,1024/1024/1024,graph,175,82.8974,16.7934,82.9455,82.8974,
100,8,1048576,2048,layered,1024/1024/1024,graph,176,79.7143,16.7934,79.7643,79.7143,
100,8,1048576,2048,layered,1024/1024/1024,graph,177,81.7444,16.7934,81.7966,81.7444,
100,8,1048576,2048,layered,1024/1024/1024,graph,178,80.4295,16.7934,80.4790,80.4295,
100,8,1048576,2048,layered,1024/1024/1024,graph,179,81.6657,16.7934,81.7138,81.6657,
100,8,1048576,2048,layered,1024/1024/1024,graph,180,80.0065,16.7934,80.0560,80.0065,
100,8,1048576,2048,layered,1024/1024/1024,graph,181,81.4900,16.7934,81.5391,81.4900,
100,8,1048576,2048,layered,1024/1024/1024,graph,182,83.3828,16.7934,83.4351,83.3828,
100,8,1048576,2048,layered,1024/1024/1024,graph,183,82.7226,16.7934,82.7696,82.7226,
100,8,1048576,2048,layered,1024/1024/1024,graph,184,83.5629,16.7934,83.6122,83.5629,
100,8,1048576,2048,layered,1024/1024/1024,graph,185,80.7250,16.7934,80.7822,80.7250,
100,8,1048576,2048,layered,1024/1024/1024,graph,186,81.8510,16.7934,81.8985,81.8510,
100,8,1048576,2048,layered,1024/1024/1024,graph,187,82.6433,16.7934,82.6978,82.6433,
100,8,1048576,2048,layered,1024/1024/1024,graph,188,82.0212,16.7934,82.0693,82.0212,
100,8,1048576,2048,layered,1024/1024/1024,graph,189,84.7215,16.7934,84.7737,84.7215,
100,8,1048576,2048,layered,1024/1024/1024,graph,190,83.0945,16.7934,83.1525,83.0945,
100,8,1048576,2048,layered,1024/1024/1024,graph,191,83.1867,16.7934,83.2423,83.1867,
100,8,1048576,2048,layered,1024/1024/1024,graph,192,83.8958,16.7934,83.9495,83.8958,
100,8,1048576,2048,layered,1024/1024/1024,graph,193,83.1042,16.7934,83.1519,83.1042,
100,8,1048576,2048,layered,1024/1024/1024,graph,194,79.9136,16.7934,79.9630,79.9136,
100,8,1048576,2048,layered,1024/1024/1024,graph,195,80.8437,16.7934,80.9049,80.8437,
100,8,1048576,2048,layered,1024/1024/1024,graph,196,82.4396,16.7934,82.4929,82.4396,
100,8,1048576,2048,layered,1024/1024/1024,graph,197,81.1765,16.7934,81.2250,81.1765,
100,8,1048576,2048,layered,1024/1024/1024,graph,198,83.0709,16.7934,83.1224,83.0709,
100,8,1048576,2048,layered,1024/1024/1024,graph,199,83.9459,16.7934,83.9943,83.9459,
100,8,1048576,2048,layered,2048/2048/2048,graph,0,81.5023,15.9059,81.5551,81.5023,
100,8,1048576,2048,layered,2048/2048/2048,graph,1,80.5533,15.9059,80.6006,80.5533,
100,8,1048576,2048,layered,2048/2048/2048,graph,2,77.7621,15.9059,77.8083,77.7621,
100,8,1048576,2048,layered,2048/2048/2048,graph,3,80.8387,15.9059,80.8858,80.8387,
100,8,1048576,2048,layered,2048/2048/2048,graph,4,81.6406,15.9059,81.7007,81.6406,
100,8,1048576,2048,layered,2048/2048/2048,graph,5,82.0569,15.9059,82.1303,82.0569,
100,8,1048576,2048,layered,2048/2048/2048,graph,6,80.5128,15.9059,80.5626,80.5128,
100,8,1048576,2048,layered,2048/2048/2048,graph,7,80.1135,15.9059,80.1642,80.1135,
100,8,1048576,2048,layered,2048/2048/2048,graph,8,77.2625,15.9059,77.3116,77.2625,
100,8,1048576,2048,layered,2048/2048/2048,graph,9,80.9532,15.9059,81.0087,80.9532,
100,8,1048576,2048,layered,2048/2048/2048,graph,10,78.3113,15.9059,78.3615,78.3113,
100,8,1048576,2048,layered,2048/2048/2048,graph,11,80.4705,15.9059,80.5176,80.4705,
100,8,1048576,2048,layered,2048/2048/2048,graph,12,79.1004,15.9059,79.1468,79.1004,
100,8,1048576,2048,layered,2048/2048/2048,graph,13,81.0124,15.9059,81.0597,81.0124,
100,8,1048576,2048,layered,2048/2048/2048,graph,14,80.5449,15.9059,80.5897,80.5449,
100,8,1048576,2048,layered,2048/2048/2048,graph,15,80.0659,15.9059,80.1130,80.0659,
100,8,1048576,2048,layered,2048/2048/2048,graph,16,81.1056,15.9059,81.1526,81.1056,
100,8,1048576,2048,layered,2048/2048/2048,graph,17,78.9581,15.9059,79.0103,78.9581,
100,8,1048576,2048,layered,2048/2048/2048,graph,18,80.9924,15.9059,81.0515,80.9924,
100,8,1048576,2048,layered,2048/2048/2048,graph,19,80.5510,15.9059,80.6034,80.5510,
100,8,1048576,2048,layered,2048/2048/2048,graph,20,81.0791,15.9059,81.1321,81.0791,
100,8,1048576,2048,layered,2048/2048/2048,graph,21,80.7771,15.9059,80.8329,80.7771,
100,8,1048576,2048,layered,2048/2048/2048,graph,22,79.8374,15.9059,79.8918,79.8374,
100,8,1048576,2048,layered,2048/2048/2048,graph,23,79.7806,15.9059,79.8343,79.7806,
100,8,1048576,2048,layered,2048/2048/2048,graph,24,79.6382,15.9059,79.6843,79.6382,
100,8,1048576,2048,layered,2048/2048/2048,graph,25,77.2402,15.9059,77.2861,77.2402,
100,8,1048576,2048,layered,2048/2048/2048,graph,26,79.1702,15.9059,79.2171,79.1702,
100,8,1048576,2048,layered,2048/2048/2048,graph,27,80.9831,15.9059,81.0447,80.9831,
100,8,1048576,2048,layered,2048/2048/2048,graph,28,79.8369,15.9059,79.8869,79.8369,
100,8,1048576,2048,layered,2048/2048/2048,graph,29,77.0257,15.9059,77.0722,77.0257,
100,8,1048576,2048,layered,2048/2048/2048,graph,30,80.7677,15.9059,80.8141,80.7677,
100,8,1048576,2048,layered,2048/2048/2048,graph,31,79.6643,15.9059,79.7186,79.6643,
100,8,1048576,2048,layered,2048/2048/2048,graph,32,77.2875,15.9059,77.3446,77.2875,
100,8,1048576,2048,layered,2048/2048/2048,graph,33,80.3805,15.9059,80.4501,80.3805,
100,8,1048576,2048,layered,2048/2048/2048,graph,34,81.3285,15.9059,81.3781,81.3285,
100,8,1048576,2048,layered,2048/2048/2048,graph,35,78.6842,15.9059,78.7295,78.6842,
100,8,1048576,2048,layered,2048/2048/2048,graph,36,80.0929,15.9059,80.1391,80.0929,
100,8,1048576,2048,layered,2048/2048/2048,graph,37,81.2506,15.9059,81.3083,81.2506,
100,8,1048576,2048,layered,2048/2048/2048,graph,38,77.8920,15.9059,77.9413,77.8920,
100,8,1048576,2048,layered,2048/2048/2048,graph,39,79.7881,15.9059,79.8475,79.7881,
100,8,1048576,2048,layered,2048/2048/2048,graph,40,78.1224,15.9059,78.1717,78.1224,
100,8,1048576,2048,layered,2048/2048/2048,graph,41,81.0553,15.9059,81.1098,81.0553,
100,8,1048576,2048,layered,2048/2048/2048,graph,42,77.5335,15.9059,77.5817,77.5335,
100,8,1048576,2048,layered,2048/2048/2048,graph,43,80.6229,15.9059,80.6721,80.6229,
100,8,1048576,2048,layered,2048/2048/2048,graph,44,80.9595,15.9059,81.0082,80.9595,
100,8,1048576,2048,layered,2048/2048/2048,graph,45,79.9985,15.9059,80.0471,79.9985,
100,8,1048576,2048,layered,2048/2048/2048,graph,46,80.2595,15.9059,80.3130,80.2595,
100,8,1048576,2048,layered,2048/2048/2048,graph,47,77.9099,15.9059,77.9639,77.9099,
100,8,1048576,2048,layered,2048/2048/2048,graph,48,80.1611,15.9059,80.2113,80.1611,
100,8,1048576,2048,layered,2048/2048/2048,graph,49,79.6555,15.9059,79.7031,79.6555,
100,8,1048576,2048,layered,2048/2048/2048,graph,50,81.3204,15.9059,81.3786,81.3204,
100,8,1048576,2048,layered,2048/2048/2048,graph,51,77.6012,15.9059,77.6518,77.6012,
100,8,1048576,2048,layered,2048/2048/2048,graph,52,80.4587,15.9059,80.5071,80.4587,
100,8,1048576,2048,layered,2048/2048/2048,graph,53,80.1567,15.9059,80.2082,80.1567,
100,8,1048576,2048,layered,2048/2048/2048,graph,54,77.4572,15.9059,77.5068,77.4572,
100,8,1048576,2048,layered,2048/2048/2048,graph,55,79.1219,15.9059,79.1811,79.1219,
100,8,1048576,2048,layered,2048/2048/2048,graph,56,77.5722,15.9059,77.6198,77.5722,
100,8,1048576,2048,layered,2048/2048/2048,graph,57,79.1811,15.9059,79.2287,79.1811,
100,8,1048576,2048,layered,2048/2048/2048,graph,58,78.1122,15.9059,78.1616,78.1122,
100,8,1048576,2048,layered,2048/2048/2048,graph,59,78.5847,15.9059,78.6342,78.5847,
100,8,1048576,2048,layered,2048/2048/2048,graph,60,78.3099,15.9059,78.3579,78.3099,
100,8,1048576,2048,layered,2048/2048/2048,graph,61,79.4701,15.9059,79.5195,79.4701,
100,8,1048576,2048,layered,2048/2048/2048,graph,62,77.5035,15.9059,77.5561,77.5035,
100,8,1048576,2048,layered,2048/2048/2048,graph,63,80.0345,15.9059,80.0975,80.0345,
100,8,1048576,2048,layered,2048/2048/2048,graph,64,80.9741,15.9059,81.0240,80.9741,
100,8,1048576,2048,layered,2048/2048/2048,graph,65,79.7213,15.9059,79.7723,79.7213,
100,8,1048576,2048,layered,2048/2048/2048,graph,66,79.6597,15.9059,79.7085,79.6597,
100,8,1048576,2048,layered,2048/2048/2048,graph,67,80.4096,15.9059,80.4584,80.4096,
100,8,1048576,2048,layered,2048/2048/2048,graph,68,78.7868,15.9059,78.8334,78.7868,
100,8,1048576,2048,layered,2048/2048/2048,graph,69,77.3356,15.9059,77.3822,77.3356,
100,8,1048576,2048,layered,2048/2048/2048,graph,70,80.4583,15.9059,80.5207,80.4583,
100,8,1048576,2048,layered,2048/2048/2048,graph,71,77.3187,15.9059,77.3723,77.3187,
100,8,1048576,2048,layered,2048/2048/2048,graph,72,79.5546,15.6314,79.6151,79.5546,
100,8,1048576,2048,layered,2048/2048/2048,graph,73,78.6566,15.6314,78.7104,78.6566,
100,8,1048576,2048,layered,2048/2048/2048,graph,74,78.3884,15.3568,78.4399,78.3884,
100,8,1048576,2048,layered,2048/2048/2048,graph,75,77.3740,15.3568,77.4253,77.3740,
100,8,1048576,2048,layered,2048/2048/2048,graph,76,77.9417,15.0822,77.9907,77.9417,
100,8,1048576,2048,layered,2048/2048/2048,graph,77,76.3710,15.0822,76.4191,76.3710,
100,8,1048576,2048,layered,2048/2048/2048,graph,78,75.9619,15.0822,76.0190,75.9619,
100,8,1048576,2048,layered,2048/2048/2048,graph,79,79.1584,15.0822,79.2051,79.1584,
100,8,1048576,2048,layered,2048/2048/2048,graph,80,76.8811,15.0822,76.9293,76.8811,
100,8,1048576,2048,layered,2048/2048/2048,graph,81,76.7275,15.0822,76.7743,76.7275,
100,8,1048576,2048,layered,2048/2048/2048,graph,82,78.0843,15.0822,78.1339,78.0843,
100,8,1048576,2048,layered,2048/2048/2048,graph,83,78.0449,15.0822,78.1025,78.0449,
100,8,1048576,2048,layered,2048/2048/2048,graph,84,75.9513,15.0822,76.0018,75.9513,
100,8,1048576,2048,layered,2048/2048/2048,graph,85,78.2261,15.0822,78.2776,78.2261,
100,8,1048576,2048,layered,2048/2048/2048,graph,86,79.1213,15.0822,79.1693,79.1213,
100,8,1048576,2048,layered,2048/2048/2048,graph,87,78.4058,15.0822,78.4858,78.4058,
100,8,1048576,2048,layered,2048/2048/2048,graph,88,79.6432,15.3568,79.6936,79.6432,
100,8,1048576,2048,layered,2048/2048/2048,graph,89,79.9462,15.3568,79.9945,79.9462,
100,8,1048576,2048,layered,2048/2048/2048,graph,90,80.6367,15.6314,80.6845,80.6367,
100,8,1048576,2048,layered,2048/2048/2048,graph,91,79.1777,15.6314,79.2261,79.1777,
100,8,1048576,2048,layered,2048/2048/2048,graph,92,80.9475,15.9059,80.9952,80.9475,
100,8,1048576,2048,layered,2048/2048/2048,graph,93,79.2266,15.9059,79.2736,79.2266,
100,8,1048576,2048,layered,2048/2048/2048,graph,94,78.3172,15.9059,78.3705,78.3172,
100,8,1048576,2048,layered,2048/2048/2048,graph,95,82.0815,15.9059,82.1422,82.0815,
100,8,1048576,2048,layered,2048/2048/2048,graph,96,79.4374,15.9059,79.4888,79.4374,
100,8,1048576,2048,layered,2048/2048/2048,graph,97,80.2042,15.9059,80.2562,80.2042,
100,8,1048576,2048,layered,2048/2048/2048,graph,98,79.1221,15.9059,79.1756,79.1221,
100,8,1048576,2048,layered,2048/2048/2048,graph,99,80.9128,15.9059,80.9675,80.9128,
100,8,1048576,2048,layered,2048/2048/2048,graph,100,81.0010,15.9059,81.0518,81.0010,
100,8,1048576,2048,layered,2048/2048/2048,graph,101,79.6168,15.9059,79.6738,79.6168,
100,8,1048576,2048,layered,2048/2048/2048,graph,102,77.3945,15.9059,77.4527,77.3945,
100,8,1048576,2048,layered,2048/2048/2048,graph,103,81.4394,15.9059,81.4955,81.4394,
100,8,1048576,2048,layered,2048/2048/2048,graph,104,80.8167,15.9059,80.8704,80.8167,
100,8,1048576,2048,layered,2048/2048/2048,graph,105,79.8481,15.9059,79.8982,79.8481,
100,8,1048576,2048,layered,2048/2048/2048,graph,106,80.7620,15.9059,80.8161,80.7620,
100,8,1048576,2048,layered,2048/2048/2048,graph,107,79.9547,15.9059,80.0026,79.9547,
100,8,1048576,2048,layered,2048/2048/2048,graph,108,79.3857,15.9059,79.4384,79.3857,
100,8,1048576,2048,layered,2048/2048/2048,graph,109,79.0468,15.9059,79.0963,79.0468,
100,8,1048576,2048,layered,2048/2048/2048,graph,110,80.3894,15.9059,80.4428,80.3894,
100,8,1048576,2048,layered,2048/2048/2048,graph,111,79.7072,15.9059,79.7824,79.7072,
100,8,1048576,2048,layered,2048/2048/2048,graph,112,81.4029,15.9059,81.4570,81.4029,
100,8,1048576,2048,layered,2048/2048/2048,graph,113,77.5152,15.9059,77.5664,77.5152,
100,8,1048576,2048,layered,2048/2048/2048,graph,114,80.1385,15.9059,80.1936,80.1385,
100,8,1048576,2048,layered,2048/2048/2048,graph,115,80.3922,15.9059,80.4432,80.3922,
100,8,1048576,2048,layered,2048/2048/2048,graph,116,77.7330,15.9059,77.7870,77.7330,
100,8,1048576,2048,layered,2048/2048/2048,graph,117,79.8257,15.9059,79.8796,79.8257,
100,8,1048576,2048,layered,2048/2048/2048,graph,118,79.9680,15.9059,80.0203,79.9680,
100,8,1048576,2048,layered,2048/2048/2048,graph,119,81.0038,15.9059,81.0628,81.0038,
100,8,1048576,2048,layered,2048/2048/2048,graph,120,79.3030,15.9059,79.3533,79.3030,
100,8,1048576,2048,layered,2048/2048/2048,graph,121,78.0586,15.9059,78.1208,78.0586,
100,8,1048576,2048,layered,2048/2048/2048,graph,122,81.3249,15.9059,81.3853,81.3249,
100,8,1048576,2048,layered,2048/2048/2048,graph,123,81.6159,15.9059,81.6691,81.6159,
100,8,1048576,2048,layered,2048/2048/2048,graph,124,80.5020,15.9059,80.5567,80.5020,
100,8,1048576,2048,layered,2048/2048/2048,graph,125,77.8854,15.9059,77.9439,77.8854,
100,8,1048576,2048,layered,2048/2048/2048,graph,126,77.8678,15.9059,77.9219,77.8678,
100,8,1048576,2048,layered,2048/2048/2048,graph,127,80.8162,15.9059,80.8745,80.8162,
100,8,1048576,2048,layered,2048/2048/2048,graph,128,80.6262,15.9059,80.6834,80.6262,
100,8,1048576,2048,layered,2048/2048/2048,graph,129,77.1458,15.9059,77.1943,77.1458,
100,8,1048576,2048,layered,2048/2048/2048,graph,130,80.4957,15.9059,80.5444,80.4957,
100,8,1048576,2048,layered,2048/2048/2048,graph,131,80.5959,15.9059,80.6441,80.5959,
100,8,1048576,2048,layered,2048/2048/2048,graph,132,80.0028,15.9059,80.0644,80.0028,
100,8,1048576,2048,layered,2048/2048/2048,graph,133,79.7982,15.9059,79.8542,79.7982,
100,8,1048576,2048,layered,2048/2048/2048,graph,134,80.7623,15.9059,80.8236,80.7623,
100,8,1048576,2048,layered,2048/2048/2048,graph,135,78.9471,15.9059,79.0050,78.9471,
100,8,1048576,2048,layered,2048/2048/2048,graph,136,77.9014,15.9059,77.9563,77.9014,
100,8,1048576,2048,layered,2048/2048/2048,graph,137,80.2590,15.9059,80.3146,80.2590,
100,8,1048576,2048,layered,2048/2048/2048,graph,138,81.5018,15.9059,81.5575,81.5018,
100,8,1048576,2048,layered,2048/2048/2048,graph,139,79.1008,15.9059,79.1613,79.1008,
100,8,1048576,2048,layered,2048/2048/2048,graph,140,79.9384,15.9059,79.9968,79.9384,
100,8,1048576,2048,layered,2048/2048/2048,graph,141,80.9644,15.9059,81.0237,80.9644,
100,8,1048576,2048,layered,2048/2048/2048,graph,142,78.9236,15.9059,78.9768,78.9236,
100,8,1048576,2048,layered,2048/2048/2048,graph,143,79.3843,15.9059,79.4350,79.3843,
100,8,1048576,2048,layered,2048/2048/2048,graph,144,77.1826,15.9059,77.2313,77.1826,
100,8,1048576,2048,layered,2048/2048/2048,graph,145,77.8385,15.9059,77.8979,77.8385,
100,8,1048576,2048,layered,2048/2048/2048,graph,146,79.5253,15.9059,79.5788,79.5253,
100,8,1048576,2048,layered,2048/2048/2048,graph,147,78.7345,15.9059,78.7867,78.7345,
100,8,1048576,2048,layered,2048/2048/2048,graph,148,79.3182,15.9059,79.3676,79.3182,
100,8,1048576,2048,layered,2048/2048/2048,graph,149,79.9482,15.9059,79.9982,79.9482,
100,8,1048576,2048,layered,2048/2048/2048,graph,150,81.0467,15.9059,81.1045,81.0467,
100,8,1048576,2048,layered,2048/2048/2048,graph,151,80.5753,15.9059,80.6279,80.5753,
100,8,1048576,2048,layered,2048/2048/2048,graph,152,78.8138,15.9059,78.8641,78.8138,
100,8,1048576,2048,layered,2048/2048/2048,graph,153,77.7706,15.9059,77.8206,77.7706,
100,8,1048576,2048,layered,2048/2048/2048,graph,154,77.5200,15.9059,77.5749,77.5200,
100,8,1048576,2048,layered,2048/2048/2048,graph,155,76.2829,15.9059,76.4137,76.2829,
100,8,1048576,2048,layered,2048/2048/2048,graph,156,78.1520,15.9059,78.2069,78.1520,
100,8,1048576,2048,layered,2048/2048/2048,graph,157,80.2391,15.9059,80.2942,80.2391,
100,8,1048576,2048,layered,2048/2048/2048,graph,158,77.5428,15.9059,77.5917,77.5428,
100,8,1048576,2048,layered,2048/2048/2048,graph,159,79.9557,15.9059,80.0081,79.9557,
100,8,1048576,2048,layered,2048/2048/2048,graph,160,79.7200,15.9059,79.7689,79.7200,
100,8,1048576,2048,layered,2048/2048/2048,graph,161,79.1107,15.9059,79.1633,79.1107,
100,8,1048576,2048,layered,2048/2048/2048,graph,162,78.0362,15.9059,78.1014,78.0362,
100,8,1048576,2048,layered,2048/2048/2048,graph,163,77.3392,15.9059,77.4014,77.3392,
100,8,1048576,2048,layered,2048/2048/2048,graph,164,77.1746,15.9059,77.2260,77.1746,
100,8,1048576,2048,layered,2048/2048/2048,graph,165,79.1682,15.9059,79.2210,79.1682,
100,8,1048576,2048,layered,2048/2048/2048,graph,166,79.3161,15.9059,79.3667,79.3161,
100,8,1048576,2048,layered,2048/2048/2048,graph,167,79.7373,15.9059,79.7956,79.7373,
100,8,1048576,2048,layered,2048/2048/2048,graph,168,76.8838,15.6314,76.9432,76.8838,
100,8,1048576,2048,layered,2048/2048/2048,graph,169,76.2805,15.6314,76.3308,76.2805,
100,8,1048576,2048,layered,2048/2048/2048,graph,170,76.4560,15.3568,76.5112,76.4560,
100,8,1048576,2048,layered,2048/2048/2048,graph,171,77.8975,15.3568,77.9477,77.8975,
100,8,1048576,2048,layered,2048/2048/2048,graph,172,76.0747,15.0822,76.1204,76.0747,
100,8,1048576,2048,layered,2048/2048/2048,graph,173,76.1667,15.0822,76.2180,76.1667,
100,8,1048576,2048,layered,2048/2048/2048,graph,174,77.9927,15.0822,78.0388,77.9927,
100,8,1048576,2048,layered,2048/2048/2048,graph,175,77.2197,15.0822,77.2655,77.2197,
100,8,1048576,2048,layered,2048/2048/2048,graph,176,79.7264,15.0822,79.7796,79.7264,
100,8,1048576,2048,layered,2048/2048/2048,graph,177,74.9109,15.0822,74.9577,74.9109,
100,8,1048576,2048,layered,2048/2048/2048,graph,178,75.5609,15.0822,75.6068,75.5609,
100,8,1048576,2048,layered,2048/2048/2048,graph,179,76.4518,15.0822,76.4979,76.4518,
100,8,1048576,2048,layered,2048/2048/2048,graph,180,75.0992,15.0822,75.1457,75.0992,
100,8,1048576,2048,layered,2048/2048/2048,graph,181,75.9378,15.0822,75.9863,75.9378,
100,8,1048576,2048,layered,2048/2048/2048,graph,182,79.4542,15.0822,79.5064,79.4542,
100,8,1048576,2048,layered,2048/2048/2048,graph,183,76.7018,15.0822,76.7549,76.7018,
100,8,1048576,2048,layered,2048/2048/2048,graph,184,79.7612,15.3568,79.8123,79.7612,
100,8,1048576,2048,layered,2048/2048/2048,graph,185,78.7715,15.3568,78.8177,78.7715,
100,8,1048576,2048,layered,2048/2048/2048,graph,186,79.7314,15.6314,79.7789,79.7314,
100,8,1048576,2048,layered,2048/2048/2048,graph,187,78.4061,15.6314,78.4549,78.4061,
100,8,1048576,2048,layered,2048/2048/2048,graph,188,79.4809,15.9059,79.5265,79.4809,
100,8,1048576,2048,layered,2048/2048/2048,graph,189,80.9340,15.9059,80.9798,80.9340,
100,8,1048576,2048,layered,2048/2048/2048,graph,190,80.5480,15.9059,80.5935,80.5480,
100,8,1048576,2048,layered,2048/2048/2048,graph,191,79.8123,15.9059,79.8628,79.8123,
100,8,1048576,2048,layered,2048/2048/2048,graph,192,81.0651,15.9059,81.1174,81.0651,
100,8,1048576,2048,layered,2048/2048/2048,graph,193,79.0669,15.9059,79.1279,79.0669,
100,8,1048576,2048,layered,2048/2048/2048,graph,194,78.4777,15.9059,78.5377,78.4777,
100,8,1048576,2048,layered,2048/2048/2048,graph,195,81.6028,15.9059,81.6617,81.6028,
100,8,1048576,2048,layered,2048/2048/2048,graph,196,80.5447,15.9059,80.5957,80.5447,
100,8,1048576,2048,layered,2048/2048/2048,graph,197,81.1238,15.9059,81.1885,81.1238,
100,8,1048576,2048,layered,2048/2048/2048,graph,198,81.1740,15.9059,81.2299,81.1740,
100,8,1048576,2048,layered,2048/2048/2048,graph,199,78.9450,15.9059,78.9990,78.9450,
100,8,1048576,2048,layered,256/256/256,graph,0,73.0127,23.6381,73.0675,73.0127,
100,8,1048576,2048,layered,256/256/256,graph,1,77.5312,23.6381,77.5563,77.5312,
100,8,1048576,2048,layered,256/256/256,graph,2,79.4298,23.6381,79.4512,79.4298,
100,8,1048576,2048,layered,256/256/256,graph,3,80.2688,23.6381,80.2919,80.2688,
100,8,1048576,2048,layered,256/256/256,graph,4,79.7394,23.6381,79.7702,79.7394,
100,8,1048576,2048,layered,256/256/256,graph,5,78.6426,23.6381,78.6722,78.6426,
100,8,1048576,2048,layered,256/256/256,graph,6,77.4658,23.6381,77.4950,77.4658,
100,8,1048576,2048,layered,256/256/256,graph,7,78.4195,23.6381,78.4468,78.4195,
100,8,1048576,2048,layered,256/256/256,graph,8,79.0846,23.6381,79.1099,79.0846,
100,8,1048576,2048,layered,256/256/256,graph,9,79.4665,23.6381,79.5141,79.4665,
100,8,1048576,2048,layered,256/256/256,graph,10,84.9859,23.6381,85.0310,84.9859,
100,8,1048576,2048,layered,256/256/256,graph,11,91.7506,23.6381,91.7767,91.7506,
100,8,1048576,2048,layered,256/256/256,graph,12,83.6217,23.6381,83.6456,83.6217,
100,8,1048576,2048,layered,256/256/256,graph,13,80.4206,23.6381,80.4460,80.4206,
100,8,1048576,2048,layered,256/256/256,graph,14,78.7359,23.6381,78.7699,78.7359,
100,8,1048576,2048,layered,256/256/256,graph,15,79.5440,23.6381,79.5679,79.5440,
100,8,1048576,2048,layered,256/256/256,graph,16,81.2022,23.6381,81.2315,81.2022,
100,8,1048576,2048,layered,256/256/256,graph,17,79.5754,23.6381,79.5998,79.5754,
100,8,1048576,2048,layered,256/256/256,graph,18,79.6766,23.6381,79.6984,79.6766,
100,8,1048576,2048,layered,256/256/256,graph,19,79.5695,23.6381,79.5953,79.5695,
100,8,1048576,2048,layered,256/256/256,graph,20,79.8234,23.6381,79.8451,79.8234,
100,8,1048576,2048,layered,256/256/256,graph,21,80.2886,23.6381,80.3071,80.2886,
100,8,1048576,2048,layered,256/256/256,graph,22,85.2660,23.6381,85.2865,85.2660,
100,8,1048576,2048,layered,256/256/256,graph,23,85.7157,23.6381,85.7381,85.7157,
100,8,1048576,2048,layered,256/256/256,graph,24,83.3835,23.6381,83.4077,83.3835,
100,8,1048576,2048,layered,256/256/256,graph,25,80.1462,23.6381,80.1742,80.1462,
100,8,1048576,2048,layered,256/256/256,graph,26,79.5912,23.6381,79.6202,79.5912,
100,8,1048576,2048,layered,256/256/256,graph,27,80.2245,23.6381,80.2480,80.2245,
100,8,1048576,2048,layered,256/256/256,graph,28,79.6579,23.6381,79.6829,79.6579,
100,8,1048576,2048,layered,256/256/256,graph,29,79.7518,23.6381,79.7804,79.7518,
100,8,1048576,2048,layered,256/256/256,graph,30,79.7162,23.6381,79.7449,79.7162,
100,8,1048576,2048,layered,256/256/256,graph,31,79.7602,23.6381,79.7908,79.7602,
100,8,1048576,2048,layered,256/256/256,graph,32,80.6982,23.6381,80.7310,80.6982,
100,8,1048576,2048,layered,256/256/256,graph,33,80.6628,23.6381,80.6909,80.6628,
100,8,1048576,2048,layered,256/256/256,graph,34,84.2582,23.6381,84.2867,84.2582,
100,8,1048576,2048,layered,256/256/256,graph,35,84.5332,23.6381,84.5591,84.5332,
100,8,1048576,2048,layered,256/256/256,graph,36,81.3230,23.6381,81.3450,81.3230,
100,8,1048576,2048,layered,256/256/256,graph,37,80.6398,23.6381,80.6618,80.6398,
100,8,1048576,2048,layered,256/256/256,graph,38,81.4103,23.6381,81.4345,81.4103,
100,8,1048576,2048,layered,256/256/256,graph,39,79.4657,23.6381,79.4922,79.4657,
100,8,1048576,2048,layered,256/256/256,graph,40,79.4259,23.6381,79.4528,79.4259,
100,8,1048576,2048,layered,256/256/256,graph,41,79.6129,23.6381,79.6431,79.6129,
100,8,1048576,2048,layered,256/256/256,graph,42,79.0190,23.6381,79.0503,79.0190,
100,8,1048576,2048,layered,256/256/256,graph,43,80.3645,23.6381,80.3917,80.3645,
100,8,1048576,2048,layered,256/256/256,graph,44,80.9532,23.6381,80.9814,80.9532,
100,8,1048576,2048,layered,256/256/256,graph,45,80.3710,23.6381,80.3968,80.3710,
100,8,1048576,2048,layered,256/256/256,graph,46,81.8491,23.6381,81.8846,81.8491,
100,8,1048576,2048,layered,256/256/256,graph,47,81.0484,23.6381,81.0740,81.0484,
100,8,1048576,2048,layered,256/256/256,graph,48,81.7985,23.6381,81.8265,81.7985,
100,8,1048576,2048,layered,256/256/256,graph,49,81.1992,23.6381,81.2238,81.1992,
100,8,1048576,2048,layered,256/256/256,graph,50,81.6698,23.6381,81.6960,81.6698,
100,8,1048576,2048,layered,256/256/256,graph,51,79.4670,23.6381,79.4884,79.4670,
100,8,1048576,2048,layered,256/256/256,graph,52,78.7190,23.6381,78.7423,78.7190,
100,8,1048576,2048,layered,256/256/256,graph,53,80.1231,23.6381,80.1532,80.1231,
100,8,1048576,2048,layered,256/256/256,graph,54,79.5343,23.6381,79.5620,79.5343,
100,8,1048576,2048,layered,256/256/256,graph,55,78.6072,23.6381,78.6357,78.6072,
100,8,1048576,2048,layered,256/256/256,graph,56,80.0645,23.6381,80.0909,80.0645,
100,8,1048576,2048,layered,256/256/256,graph,57,80.7899,23.6381,80.8119,80.7899,
100,8,1048576,2048,layered,256/256/256,graph,58,81.5562,23.6381,81.5866,81.5562,
100,8,1048576,2048,layered,256/256/256,graph,59,80.3346,23.6381,80.3617,80.3346,
100,8,1048576,2048,layered,256/256/256,graph,60,80.0535,23.6381,80.0772,80.0535,
100,8,1048576,2048,layered,256/256/256,graph,61,80.4245,23.6381,80.4507,80.4245,
100,8,1048576,2048,layered,256/256/256,graph,62,81.9113,23.6381,81.9357,81.9113,
100,8,1048576,2048,layered,256/256/256,graph,63,81.2264,23.6381,81.2520,81.2264,
100,8,1048576,2048,layered,256/256/256,graph,64,80.0896,23.6381,80.1174,80.0896,
100,8,1048576,2048,layered,256/256/256,graph,65,79.5931,23.6381,79.6172,79.5931,
100,8,1048576,2048,layered,256/256/256,graph,66,80.5075,23.6381,80.5309,80.5075,
100,8,1048576,2048,layered,256/256/256,graph,67,80.0659,23.6381,80.0993,80.0659,
100,8,1048576,2048,layered,256/256/256,graph,68,79.8173,23.6381,79.8433,79.8173,
100,8,1048576,2048,layered,256/256/256,graph,69,80.6732,23.6381,80.6973,80.6732,
100,8,1048576,2048,layered,256/256/256,graph,70,80.5091,23.6381,80.5375,80.5091,
100,8,1048576,2048,layered,256/256/256,graph,71,80.1883,23.6381,80.2142,80.1883,
100,8,1048576,2048,layered,256/256/256,graph,72,80.0032,23.6381,80.0289,80.0032,
100,8,1048576,2048,layered,256/256/256,graph,73,79.6140,23.6381,79.6417,79.6140,
100,8,1048576,2048,layered,256/256/256,graph,74,78.9191,23.6381,78.9437,78.9191,
100,8,1048576,2048,layered,256/256/256,graph,75,79.4053,23.6381,79.4283,79.4053,
100,8,1048576,2048,layered,256/256/256,graph,76,80.8090,23.6381,80.8320,80.8090,
100,8,1048576,2048,layered,256/256/256,graph,77,79.5642,23.6381,79.5874,79.5642,
100,8,1048576,2048,layered,256/256/256,graph,78,79.3005,23.6381,79.3241,79.3005,
100,8,1048576,2048,layered,256/256/256,graph,79,79.4193,23.6381,79.4646,79.4193,
100,8,1048576,2048,layered,256/256/256,graph,80,80.1707,23.6381,80.2295,80.1707,
100,8,1048576,2048,layered,256/256/256,graph,81,80.5002,23.6381,80.5269,80.5002,
100,8,1048576,2048,layered,256/256/256,graph,82,80.4698,23.6381,80.4943,80.4698,
100,8,1048576,2048,layered,256/256/256,graph,83,80.9153,23.6381,80.9360,80.9153,
100,8,1048576,2048,layered,256/256/256,graph,84,80.1539,23.6381,80.1735,80.1539,
100,8,1048576,2048,layered,256/256/256,graph,85,80.5808,23.6381,80.6046,80.5808,
100,8,1048576,2048,layered,256/256/256,graph,86,81.6967,23.6381,81.7225,81.6967,
100,8,1048576,2048,layered,256/256/256,graph,87,80.6551,23.6381,80.6799,80.6551,
100,8,1048576,2048,layered,256/256/256,graph,88,80.0973,23.6381,80.1229,80.0973,
100,8,1048576,2048,layered,256/256/256,graph,89,80.6783,23.6381,80.6997,80.6783,
100,8,1048576,2048,layered,256/256/256,graph,90,79.1587,23.6381,79.1801,79.1587,
100,8,1048576,2048,layered,256/256/256,graph,91,80.4246,23.6381,80.4519,80.4246,
100,8,1048576,2048,layered,256/256/256,graph,92,80.4302,23.6381,80.4660,80.4302,
100,8,1048576,2048,layered,256/256/256,graph,93,79.6204,23.6381,79.6430,79.6204,
100,8,1048576,2048,layered,256/256/256,graph,94,81.3265,23.6381,81.3490,81.3265,
100,8,1048576,2048,layered,256/256/256,graph,95,79.1999,23.6381,79.2220,79.1999,
100,8,1048576,2048,layered,256/256/256,graph,96,80.3246,23.6381,80.3454,80.3246,
100,8,1048576,2048,layered,256/256/256,graph,97,80.5841,23.6381,80.6056,80.5841,
100,8,1048576,2048,layered,256/256/256,graph,98,81.3263,23.6381,81.3481,81.3263,
100,8,1048576,2048,layered,256/256/256,graph,99,80.2478,23.6381,80.2678,80.2478,
100,8,1048576,2048,layered,256/256/256,graph,100,80.9946,23.6381,81.0156,80.9946,
100,8,1048576,2048,layered,256/256/256,graph,101,82.0835,23.6381,82.1063,82.0835,
100,8,1048576,2048,layered,256/256/256,graph,102,80.0935,23.6381,80.1156,80.0935,
100,8,1048576,2048,layered,256/256/256,graph,103,80.7460,23.6381,80.7663,80.7460,
100,8,1048576,2048,layered,256/256/256,graph,104,79.6051,23.6381,79.6273,79.6051,
100,8,1048576,2048,layered,256/256/256,graph,105,80.0101,23.6381,80.0335,80.0101,
100,8,1048576,2048,layered,256/256/256,graph,106,79.8961,23.6381,79.9162,79.8961,
100,8,1048576,2048,layered,256/256/256,graph,107,80.8593,23.6381,80.8879,80.8593,
100,8,1048576,2048,layered,256/256/256,graph,108,80.2797,23.6381,80.3187,80.2797,
100,8,1048576,2048,layered,256/256/256,graph,109,81.2788,23.6381,81.2994,81.2788,
100,8,1048576,2048,layered,256/256/256,graph,110,81.6534,23.6381,81.6717,81.6534,
100,8,1048576,2048,layered,256/256/256,graph,111,80.0843,23.6381,80.1039,80.0843,
100,8,1048576,2048,layered,256/256/256,graph,112,80.7934,23.6381,80.8121,80.7934,
100,8,1048576,2048,layered,256/256/256,graph,113,80.0407,23.6381,80.0592,80.0407,
100,8,1048576,2048,layered,256/256/256,graph,114,80.2650,23.6381,80.2833,80.2650,
100,8,1048576,2048,layered,256/256/256,graph,115,80.1949,23.6381,80.2118,80.1949,
100,8,1048576,2048,layered,256/256/256,graph,116,79.5963,23.6381,79.6183,79.5963,
100,8,1048576,2048,layered,256/256/256,graph,117,79.0760,23.6381,79.1084,79.0760,
100,8,1048576,2048,layered,256/256/256,graph,118,79.9183,23.6381,79.9418,79.9183,
100,8,1048576,2048,layered,256/256/256,graph,119,81.4427,23.6381,81.4631,81.4427,
100,8,1048576,2048,layered,256/256/256,graph,120,80.3302,23.6381,80.3513,80.3302,
100,8,1048576,2048,layered,256/256/256,graph,121,79.8173,23.6381,79.8387,79.8173,
100,8,1048576,2048,layered,256/256/256,graph,122,80.9265,23.6381,80.9466,80.9265,
100,8,1048576,2048,layered,256/256/256,graph,123,79.7069,23.6381,79.7297,79.7069,
100,8,1048576,2048,layered,256/256/256,graph,124,82.0614,23.6381,82.0796,82.0614,
100,8,1048576,2048,layered,256/256/256,graph,125,80.3494,23.6381,80.3716,80.3494,
100,8,1048576,2048,layered,256/256/256,graph,126,81.1357,23.6381,81.1585,81.1357,
100,8,1048576,2048,layered,256/256/256,graph,127,80.5614,23.6381,80.5806,80.5614,
100,8,1048576,2048,layered,256/256/256,graph,128,80.0140,23.6381,80.0346,80.0140,
100,8,1048576,2048,layered,256/256/256,graph,129,78.8739,23.6381,78.8947,78.8739,
100,8,1048576,2048,layered,256/256/256,graph,130,80.3545,23.6381,80.3777,80.3545,
100,8,1048576,2048,layered,256/256/256,graph,131,80.0422,23.6381,80.0645,80.0422,
100,8,1048576,2048,layered,256/256/256,graph,132,79.9569,23.6381,79.9792,79.9569,
100,8,1048576,2048,layered,256/256/256,graph,133,81.1237,23.6381,81.1420,81.1237,
100,8,1048576,2048,layered,256/256/256,graph,134,80.9061,23.6381,80.9247,80.9061,
100,8,1048576,2048,layered,256/256/256,graph,135,79.9441,23.6381,79.9633,79.9441,
100,8,1048576,2048,layered,256/256/256,graph,136,78.9402,23.6381,78.9600,78.9402,
100,8,1048576,2048,layered,256/256/256,graph,137,78.6478,23.6381,78.6670,78.6478,
100,8,1048576,2048,layered,256/256/256,graph,138,81.0993,23.6381,81.1169,81.0993,
100,8,1048576,2048,layered,256/256/256,graph,139,80.2064,23.6381,80.2240,80.2064,
100,8,1048576,2048,layered,256/256/256,graph,140,79.0093,23.6381,79.0296,79.0093,
100,8,1048576,2048,layered,256/256/256,graph,141,79.8130,23.6381,79.8352,79.8130,
100,8,1048576,2048,layered,256/256/256,graph,142,80.8987,23.6381,80.9270,80.8987,
100,8,1048576,2048,layered,256/256/256,graph,143,80.1068,23.6381,80.1287,80.1068,
100,8,1048576,2048,layered,256/256/256,graph,144,79.5328,23.6381,79.5527,79.5328,
100,8,1048576,2048,layered,256/256/256,graph,145,80.3086,23.6381,80.3316,80.3086,
100,8,1048576,2048,layered,256/256/256,graph,146,80.8870,23.6381,80.9078,80.8870,
100,8,1048576,2048,layered,256/256/256,graph,147,81.8118,23.6381,81.8313,81.8118,
100,8,1048576,2048,layered,256/256/256,graph,148,81.4876,23.6381,81.5085,81.4876,
100,8,1048576,2048,layered,256/256/256,graph,149,80.2689,23.6381,80.2980,80.2689,
100,8,1048576,2048,layered,256/256/256,graph,150,81.3178,23.6381,81.3487,81.3178,
100,8,1048576,2048,layered,256/256/256,graph,151,79.4698,23.6381,79.4914,79.4698,
100,8,1048576,2048,layered,256/256/256,graph,152,80.3619,23.6381,80.3820,80.3619,
100,8,1048576,2048,layered,256/256/256,graph,153,79.4738,23.6381,79.4984,79.4738,
100,8,1048576,2048,layered,256/256/256,graph,154,80.2109,23.6381,80.2339,80.2109,
100,8,1048576,2048,layered,256/256/256,graph,155,79.7377,23.6381,79.7563,79.7377,
100,8,1048576,2048,layered,256/256/256,graph,156,80.1072,23.6381,80.1286,80.1072,
100,8,1048576,2048,layered,256/256/256,graph,157,80.1052,23.6381,80.1275,80.1052,
100,8,1048576,2048,layered,256/256/256,graph,158,80.1746,23.6381,80.2027,80.1746,
100,8,1048576,2048,layered,256/256/256,graph,159,79.6227,23.6381,79.6622,79.6227,
100,8,1048576,2048,layered,256/256/256,graph,160,80.0395,23.6381,80.0715,80.0395,
100,8,1048576,2048,layered,256/256/256,graph,161,80.3616,23.6381,80.3792,80.3616,
100,8,1048576,2048,layered,256/256/256,graph,162,80.0245,23.6381,80.0439,80.0245,
100,8,1048576,2048,layered,256/256/256,graph,163,79.2044,23.6381,79.2229,79.2044,
100,8,1048576,2048,layered,256/256/256,graph,164,79.1076,23.6381,79.1285,79.1076,
100,8,1048576,2048,layered,256/256/256,graph,165,80.3632,23.6381,80.3827,80.3632,
100,8,1048576,2048,layered,256/256/256,graph,166,79.5116,23.6381,79.5299,79.5116,
100,8,1048576,2048,layered,256/256/256,graph,167,80.2876,23.6381,80.3082,80.2876,
100,8,1048576,2048,layered,256/256/256,graph,168,80.7443,23.6381,80.7634,80.7443,
100,8,1048576,2048,layered,256/256/256,graph,169,79.8768,23.6381,79.8959,79.8768,
100,8,1048576,2048,layered,256/256/256,graph,170,80.4271,23.6381,80.4465,80.4271,
100,8,1048576,2048,layered,256/256/256,graph,171,80.7429,23.6381,80.7599,80.7429,
100,8,1048576,2048,layered,256/256/256,graph,172,81.3196,23.6381,81.3372,81.3196,
100,8,1048576,2048,layered,256/256/256,graph,173,81.4646,23.6381,81.4950,81.4646,
100,8,1048576,2048,layered,256/256/256,graph,174,80.0425,23.6381,80.0696,80.0425,
100,8,1048576,2048,layered,256/256/256,graph,175,80.7477,23.6381,80.7667,80.7477,
100,8,1048576,2048,layered,256/256/256,graph,176,80.6583,23.6381,80.6751,80.6583,
100,8,1048576,2048,layered,256/256/256,graph,177,78.5958,23.6381,78.6131,78.5958,
100,8,1048576,2048,layered,256/256/256,graph,178,79.5524,23.6381,79.5711,79.5524,
100,8,1048576,2048,layered,256/256/256,graph,179,80.6038,23.6381,80.6291,80.6038,
100,8,1048576,2048,layered,256/256/256,graph,180,81.5626,23.6381,81.5838,81.5626,
100,8,1048576,2048,layered,256/256/256,graph,181,80.2980,23.6381,80.3217,80.2980,
100,8,1048576,2048,layered,256/256/256,graph,182,80.1216,23.6381,80.1420,80.1216,
100,8,1048576,2048,layered,256/256/256,graph,183,80.2601,23.6381,80.2800,80.2601,
100,8,1048576,2048,layered,256/256/256,graph,184,80.5753,23.6381,80.6003,80.5753,
100,8,1048576,2048,layered,256/256/256,graph,185,80.5004,23.6381,80.5205,80.5004,
100,8,1048576,2048,layered,256/256/256,graph,186,81.7393,23.6381,81.7570,81.7393,
100,8,1048576,2048,layered,256/256/256,graph,187,81.0279,23.6381,81.0449,81.0279,
100,8,1048576,2048,layered,256/256/256,graph,188,81.0574,23.6381,81.0749,81.0574,
100,8,1048576,2048,layered,256/256/256,graph,189,79.4015,23.6381,79.4200,79.4015,
100,8,1048576,2048,layered,256/256/256,graph,190,79.7236,23.6381,79.7425,79.7236,
100,8,1048576,2048,layered,256/256/256,graph,191,79.1024,23.6381,79.1221,79.1024,
100,8,1048576,2048,layered,256/256/256,graph,192,80.6460,23.6381,80.6646,80.6460,
100,8,1048576,2048,layered,256/256/256,graph,193,80.5552,23.6381,80.5754,80.5552,
100,8,1048576,2048,layered,256/256/256,graph,194,79.6656,23.6381,79.6870,79.6656,
100,8,1048576,2048,layered,256/256/256,graph,195,78.8868,23.6381,78.9060,78.8868,
100,8,1048576,2048,layered,256/256/256,graph,196,78.9459,23.6381,78.9649,78.9459,
100,8,1048576,2048,layered,256/256/256,graph,197,79.1884,23.6381,79.2105,79.1884,
100,8,1048576,2048,layered,256/256/256,graph,198,80.4693,23.6381,80.4953,80.4693,
100,8,1048576,2048,layered,256/256/256,graph,199,80.2579,23.6381,80.2742,80.2579,
100,8,1048576,2048,layered,768/768/768,graph,0,91.7325,16.7934,91.7805,91.7325,
100,8,1048576,2048,layered,768/768/768,graph,1,90.7892,16.7934,90.8401,90.7892,
100,8,1048576,2048,layered,768/768/768,graph,2,91.2598,16.7934,91.3057,91.2598,
100,8,1048576,2048,layered,768/768/768,graph,3,90.9920,16.7934,91.0381,90.9920,
100,8,1048576,2048,layered,768/768/768,graph,4,92.8304,16.7934,92.8774,92.8304,
100,8,1048576,2048,layered,768/768/768,graph,5,91.7215,16.7934,91.7708,91.7215,
100,8,1048576,2048,layered,768/768/768,graph,6,91.9828,16.7934,92.0322,91.9828,
100,8,1048576,2048,layered,768/768/768,graph,7,91.2850,16.7934,91.3319,91.2850,
100,8,1048576,2048,layered,768/768/768,graph,8,92.0988,17.0679,92.1458,92.0988,
100,8,1048576,2048,layered,768/768/768,graph,9,91.3959,17.0679,91.4415,91.3959,
100,8,1048576,2048,layered,768/768/768,graph,10,91.4122,17.3425,91.4670,91.4122,
100,8,1048576,2048,layered,768/768/768,graph,11,91.6662,17.3425,91.7142,91.6662,
100,8,1048576,2048,layered,768/768/768,graph,12,92.2133,17.6171,92.2623,92.2133,
100,8,1048576,2048,layered,768/768/768,graph,13,93.7682,17.6171,93.8288,93.7682,
100,8,1048576,2048,layered,768/768/768,graph,14,91.9332,17.6171,91.9806,91.9332,
100,8,1048576,2048,layered,768/768/768,graph,15,92.4700,17.6171,92.5178,92.4700,
100,8,1048576,2048,layered,768/768/768,graph,16,92.4920,17.6171,92.5407,92.4920,
100,8,1048576,2048,layered,768/768/768,graph,17,93.0878,17.6171,93.1344,93.0878,
100,8,1048576,2048,layered,768/768/768,graph,18,92.2978,17.6171,92.3455,92.2978,
100,8,1048576,2048,layered,768/768/768,graph,19,92.7342,17.6171,92.7872,92.7342,
100,8,1048576,2048,layered,768/768/768,graph,20,92.8617,17.6171,92.9084,92.8617,
100,8,1048576,2048,layered,768/768/768,graph,21,92.2852,17.6171,92.3313,92.2852,
100,8,1048576,2048,layered,768/768/768,graph,22,92.3743,17.6171,92.4232,92.3743,
100,8,1048576,2048,layered,768/768/768,graph,23,92.0535,17.6171,92.1014,92.0535,
100,8,1048576,2048,layered,768/768/768,graph,24,92.2352,17.6171,92.2830,92.2352,
100,8,1048576,2048,layered,768/768/768,graph,25,93.6320,17.6171,93.6806,93.6320,
100,8,1048576,2048,layered,768/768/768,graph,26,92.9051,17.6171,92.9532,92.9051,
100,8,1048576,2048,layered,768/768/768,graph,27,92.5790,17.6171,92.6406,92.5790,
100,8,1048576,2048,layered,768/768/768,graph,28,93.7565,17.6171,93.8132,93.7565,
100,8,1048576,2048,layered,768/768/768,graph,29,92.4694,17.6171,92.5193,92.4694,
100,8,1048576,2048,layered,768/768/768,graph,30,91.9511,17.6171,92.0106,91.9511,
100,8,1048576,2048,layered,768/768/768,graph,31,92.4964,17.6171,92.5460,92.4964,
100,8,1048576,2048,layered,768/768/768,graph,32,92.8599,17.6171,92.9077,92.8599,
100,8,1048576,2048,layered,768/768/768,graph,33,92.1444,17.6171,92.1930,92.1444,
100,8,1048576,2048,layered,768/768/768,graph,34,92.2235,17.6171,92.2722,92.2235,
100,8,1048576,2048,layered,768/768/768,graph,35,93.6972,17.6171,93.7512,93.6972,
100,8,1048576,2048,layered,768/768/768,graph,36,93.4564,17.6171,93.5082,93.4564,
100,8,1048576,2048,layered,768/768/768,graph,37,94.2489,17.6171,94.2972,94.2489,
100,8,1048576,2048,layered,768/768/768,graph,38,92.2203,17.6171,92.2685,92.2203,
100,8,1048576,2048,layered,768/768/768,graph,39,92.4461,17.6171,92.4941,92.4461,
100,8,1048576,2048,layered,768/768/768,graph,40,93.1295,17.6171,93.1779,93.1295,
100,8,1048576,2048,layered,768/768/768,graph,41,92.3628,17.6171,92.4095,92.3628,
100,8,1048576,2048,layered,768/768/768,graph,42,92.2661,17.6171,92.3130,92.2661,
100,8,1048576,2048,layered,768/768/768,graph,43,93.0821,17.6171,93.1316,93.0821,
100,8,1048576,2048,layered,768/768/768,graph,44,92.8844,17.6171,92.9390,92.8844,
100,8,1048576,2048,layered,768/768/768,graph,45,93.7647,17.6171,93.8137,93.7647,
100,8,1048576,2048,layered,768/768/768,graph,46,92.3966,17.6171,92.4465,92.3966,
100,8,1048576,2048,layered,768/768/768,graph,47,93.9597,17.6171,94.0088,93.9597,
100,8,1048576,2048,layered,768/768/768,graph,48,95.6567,17.6171,95.7175,95.6567,
100,8,1048576,2048,layered,768/768/768,graph,49,91.9288,17.6171,91.9811,91.9288,
100,8,1048576,2048,layered,768/768/768,graph,50,95.2127,17.6171,95.2653,95.2127,
100,8,1048576,2048,layered,768/768/768,graph,51,92.8528,17.6171,92.9068,92.8528,
100,8,1048576,2048,layered,768/768/768,graph,52,92.3299,17.6171,92.3813,92.3299,
100,8,1048576,2048,layered,768/768/768,graph,53,92.3436,17.6171,92.3910,92.3436,
100,8,1048576,2048,layered,768/768/768,graph,54,92.4156,17.6171,92.4635,92.4156,
100,8,1048576,2048,layered,768/768/768,graph,55,94.4182,17.6171,94.4674,94.4182,
100,8,1048576,2048,layered,768/768/768,graph,56,93.3602,17.6171,93.4154,93.3602,
100,8,1048576,2048,layered,768/768/768,graph,57,92.6578,17.6171,92.7050,92.6578,
100,8,1048576,2048,layered,768/768/768,graph,58,93.5404,17.6171,93.5879,93.5404,
100,8,1048576,2048,layered,768/768/768,graph,59,92.7379,17.6171,92.7930,92.7379,
100,8,1048576,2048,layered,768/768/768,graph,60,93.2615,17.6171,93.3317,93.2615,
100,8,1048576,2048,layered,768/768/768,graph,61,93.7570,17.6171,93.8046,93.7570,
100,8,1048576,2048,layered,768/768/768,graph,62,92.5113,17.6171,92.5643,92.5113,
100,8,1048576,2048,layered,768/768/768,graph,63,92.3141,17.6171,92.3750,92.3141,
100,8,1048576,2048,layered,768/768/768,graph,64,92.6041,17.6171,92.6614,92.6041,
100,8,1048576,2048,layered,768/768/768,graph,65,94.0487,17.6171,94.0974,94.0487,
100,8,1048576,2048,layered,768/768/768,graph,66,92.4115,17.6171,92.4594,92.4115,
100,8,1048576,2048,layered,768/768/768,graph,67,92.3556,17.6171,92.4050,92.3556,
100,8,1048576,2048,layered,768/768/768,graph,68,92.8403,17.6171,92.8894,92.8403,
100,8,1048576,2048,layered,768/768/768,graph,69,92.6501,17.6171,92.6975,92.6501,
100,8,1048576,2048,layered,768/768/768,graph,70,92.1607,17.6171,92.2317,92.1607,
100,8,1048576,2048,layered,768/768/768,graph,71,91.8485,17.6171,91.8983,91.8485,
100,8,1048576,2048,layered,768/768/768,graph,72,92.7627,17.3425,92.8108,92.7627,
100,8,1048576,2048,layered,768/768/768,graph,73,91.7689,17.3425,91.8159,91.7689,
100,8,1048576,2048,layered,768/768/768,graph,74,92.5351,17.0679,92.5852,92.5351,
100,8,1048576,2048,layered,768/768/768,graph,75,91.4803,17.0679,91.5352,91.4803,
100,8,1048576,2048,layered,768/768/768,graph,76,91.4563,16.7934,91.5057,91.4563,
100,8,1048576,2048,layered,768/768/768,graph,77,92.1277,16.7934,92.1773,92.1277,
100,8,1048576,2048,layered,768/768/768,graph,78,91.1023,16.7934,91.1545,91.1023,
100,8,1048576,2048,layered,768/768/768,graph,79,91.4941,16.7934,91.5465,91.4941,
100,8,1048576,2048,layered,768/768/768,graph,80,91.6740,16.7934,91.7250,91.6740,
100,8,1048576,2048,layered,768/768/768,graph,81,92.6155,16.7934,92.6644,92.6155,
100,8,1048576,2048,layered,768/768/768,graph,82,93.2618,16.7934,93.3132,93.2618,
100,8,1048576,2048,layered,768/768/768,graph,83,93.5265,16.7934,93.5844,93.5265,
100,8,1048576,2048,layered,768/768/768,graph,84,90.8060,16.7934,90.8629,90.8060,
100,8,1048576,2048,layered,768/768/768,graph,85,91.9811,16.7934,92.0407,91.9811,
100,8,1048576,2048,layered,768/768/768,graph,86,91.3880,16.7934,91.4424,91.3880,
100,8,1048576,2048,layered,768/768/768,graph,87,90.9194,16.7934,90.9760,90.9194,
100,8,1048576,2048,layered,768/768/768,graph,88,91.1130,16.7934,91.1647,91.1130,
100,8,1048576,2048,layered,768/768/768,graph,89,91.0145,16.7934,91.0642,91.0145,
100,8,1048576,2048,layered,768/768/768,graph,90,91.4489,16.7934,91.4991,91.4489,
100,8,1048576,2048,layered,768/768/768,graph,91,92.7177,16.7934,92.7669,92.7177,
100,8,1048576,2048,layered,768/768/768,graph,92,90.9796,16.7934,91.0301,90.9796,
100,8,1048576,2048,layered,768/768/768,graph,93,91.8450,16.7934,91.8915,91.8450,
100,8,1048576,2048,layered,768/768/768,graph,94,91.8462,16.7934,91.9004,91.8462,
100,8,1048576,2048,layered,768/768/768,graph,95,90.9060,16.7934,90.9574,90.9060,
100,8,1048576,2048,layered,768/768/768,graph,96,91.4346,16.7934,91.4850,91.4346,
100,8,1048576,2048,layered,768/768/768,graph,97,91.1606,16.7934,91.2094,91.1606,
100,8,1048576,2048,layered,768/768/768,graph,98,91.1537,16.7934,91.2083,91.1537,
100,8,1048576,2048,layered,768/768/768,graph,99,92.1509,16.7934,92.2034,92.1509,
100,8,1048576,2048,layered,768/768/768,graph,100,91.4355,16.7934,91.4851,91.4355,
100,8,1048576,2048,layered,768/768/768,graph,101,91.5033,16.7934,91.5671,91.5033,
100,8,1048576,2048,layered,768/768/768,graph,102,90.8262,16.7934,90.8883,90.8262,
100,8,1048576,2048,layered,768/768/768,graph,103,90.9166,16.7934,90.9704,90.9166,
100,8,1048576,2048,layered,768/768/768,graph,104,91.1696,17.0679,91.2193,91.1696,
100,8,1048576,2048,layered,768/768/768,graph,105,91.6568,17.0679,91.7086,91.6568,
100,8,1048576,2048,layered,768/768/768,graph,106,91.7024,17.3425,91.7567,91.7024,
100,8,1048576,2048,layered,768/768/768,graph,107,92.0062,17.3425,92.0555,92.0062,
100,8,1048576,2048,layered,768/768/768,graph,108,92.4292,17.6171,92.4827,92.4292,
100,8,1048576,2048,layered,768/768/768,graph,109,93.2970,17.6171,93.3501,93.2970,
100,8,1048576,2048,layered,768/768/768,graph,110,91.9861,17.6171,92.0422,91.9861,
100,8,1048576,2048,layered,768/768/768,graph,111,94.2654,17.6171,94.3172,94.2654,
100,8,1048576,2048,layered,768/768/768,graph,112,92.3513,17.6171,92.4030,92.3513,
100,8,1048576,2048,layered,768/768/768,graph,113,92.2682,17.6171,92.3260,92.2682,
100,8,1048576,2048,layered,768/768/768,graph,114,93.3027,17.6171,93.3578,93.3027,
100,8,1048576,2048,layered,768/768/768,graph,115,92.3310,17.6171,92.3864,92.3310,
100,8,1048576,2048,layered,768/768/768,graph,116,92.3187,17.6171,92.3726,92.3187,
100,8,1048576,2048,layered,768/768/768,graph,117,92.3754,17.6171,92.4351,92.3754,
100,8,1048576,2048,layered,768/768/768,graph,118,92.5918,17.6171,92.6505,92.5918,
100,8,1048576,2048,layered,768/768/768,graph,119,92.3008,17.6171,92.3581,92.3008,
100,8,1048576,2048,layered,768/768/768,graph,120,92.6902,17.6171,92.7423,92.6902,
100,8,1048576,2048,layered,768/768/768,graph,121,91.8836,17.6171,91.9384,91.8836,
100,8,1048576,2048,layered,768/768/768,graph,122,92.1104,17.6171,92.1615,92.1104,
100,8,1048576,2048,layered,768/768/768,graph,123,93.1066,17.6171,93.1598,93.1066,
100,8,1048576,2048,layered,768/768/768,graph,124,92.8627,17.6171,92.9182,92.8627,
100,8,1048576,2048,layered,768/768/768,graph,125,92.5860,17.6171,92.6354,92.5860,
100,8,1048576,2048,layered,768/768/768,graph,126,92.2638,17.6171,92.3128,92.2638,
100,8,1048576,2048,layered,768/768/768,graph,127,92.0784,17.6171,92.1275,92.0784,
100,8,1048576,2048,layered,768/768/768,graph,128,93.2615,17.6171,93.3166,93.2615,
100,8,1048576,2048,layered,768/768/768,graph,129,94.3146,17.6171,94.3677,94.3146,
100,8,1048576,2048,layered,768/768/768,graph,130,92.5862,17.6171,92.6357,92.5862,
100,8,1048576,2048,layered,768/768/768,graph,131,92.3253,17.6171,92.3772,92.3253,
100,8,1048576,2048,layered,768/768/768,graph,132,91.8419,17.6171,91.8898,91.8419,
100,8,1048576,2048,layered,768/768/768,graph,133,92.1415,17.6171,92.1978,92.1415,
100,8,1048576,2048,layered,768/768/768,graph,134,94.6488,17.6171,94.6989,94.6488,
100,8,1048576,2048,layered,768/768/768,graph,135,92.2683,17.6171,92.3178,92.2683,
100,8,1048576,2048,layered,768/768/768,graph,136,93.3313,17.6171,93.3908,93.3313,
100,8,1048576,2048,layered,768/768/768,graph,137,92.6004,17.6171,92.6524,92.6004,
100,8,1048576,2048,layered,768/768/768,graph,138,92.9203,17.6171,92.9670,92.9203,
100,8,1048576,2048,layered,768/768/768,graph,139,93.4269,17.6171,93.4801,93.4269,
100,8,1048576,2048,layered,768/768/768,graph,140,92.3126,17.6171,92.3635,92.3126,
100,8,1048576,2048,layered,768/768/768,graph,141,93.6510,17.6171,93.6988,93.6510,
100,8,1048576,2048,layered,768/768/768,graph,142,92.9922,17.6171,93.0396,92.9922,
100,8,1048576,2048,layered,768/768/768,graph,143,93.3196,17.6171,93.3686,93.3196,
100,8,1048576,2048,layered,768/768/768,graph,144,94.7593,17.6171,94.8069,94.7593,
100,8,1048576,2048,layered,768/768/768,graph,145,93.7572,17.6171,93.8047,93.7572,
100,8,1048576,2048,layered,768/768/768,graph,146,92.2868,17.6171,92.3351,92.2868,
100,8,1048576,2048,layered,768/768/768,graph,147,92.1895,17.6171,92.2410,92.1895,
100,8,1048576,2048,layered,768/768/768,graph,148,93.5219,17.6171,93.5690,93.5219,
100,8,1048576,2048,layered,768/768/768,graph,149,94.3825,17.6171,94.4301,94.3825,
100,8,1048576,2048,layered,768/768/768,graph,150,92.3679,17.6171,92.4493,92.3679,
100,8,1048576,2048,layered,768/768/768,graph,151,93.6864,17.6171,93.7354,93.6864,
100,8,1048576,2048,layered,768/768/768,graph,152,94.9569,17.6171,95.0074,94.9569,
100,8,1048576,2048,layered,768/768/768,graph,153,92.6961,17.6171,92.7437,92.6961,
100,8,1048576,2048,layered,768/768/768,graph,154,92.2500,17.6171,92.2987,92.2500,
100,8,1048576,2048,layered,768/768/768,graph,155,94.1997,17.6171,94.2464,94.1997,
100,8,1048576,2048,layered,768/768/768,graph,156,92.2812,17.6171,92.3328,92.2812,
100,8,1048576,2048,layered,768/768/768,graph,157,92.8811,17.6171,92.9328,92.8811,
100,8,1048576,2048,layered,768/768/768,graph,158,92.3584,17.6171,92.4069,92.3584,
100,8,1048576,2048,layered,768/768/768,graph,159,96.1573,17.6171,96.2061,96.1573,
100,8,1048576,2048,layered,768/768/768,graph,160,92.7955,17.6171,92.8434,92.7955,
100,8,1048576,2048,layered,768/768/768,graph,161,92.4078,17.6171,92.4574,92.4078,
100,8,1048576,2048,layered,768/768/768,graph,162,96.1427,17.6171,96.1897,96.1427,
100,8,1048576,2048,layered,768/768/768,graph,163,93.7996,17.6171,93.8483,93.7996,
100,8,1048576,2048,layered,768/768/768,graph,164,92.2510,17.6171,92.3032,92.2510,
100,8,1048576,2048,layered,768/768/768,graph,165,92.5256,17.6171,92.5850,92.5256,
100,8,1048576,2048,layered,768/768/768,graph,166,93.9957,17.6171,94.0467,93.9957,
100,8,1048576,2048,layered,768/768/768,graph,167,94.5210,17.6171,94.5742,94.5210,
100,8,1048576,2048,layered,768/768/768,graph,168,93.2307,17.3425,93.2795,93.2307,
100,8,1048576,2048,layered,768/768/768,graph,169,93.4912,17.3425,93.5516,93.4912,
100,8,1048576,2048,layered,768/768/768,graph,170,91.9690,17.0679,92.0239,91.9690,
100,8,1048576,2048,layered,768/768/768,graph,171,91.6214,17.0679,91.6715,91.6214,
100,8,1048576,2048,layered,768/768/768,graph,172,92.1429,16.7934,92.1872,92.1429,
100,8,1048576,2048,layered,768/768/768,graph,173,91.9396,16.7934,91.9889,91.9396,
100,8,1048576,2048,layered,768/768/768,graph,174,91.0986,16.7934,91.1581,91.0986,
100,8,1048576,2048,layered,768/768/768,graph,175,92.0321,16.7934,92.0814,92.0321,
100,8,1048576,2048,layered,768/768/768,graph,176,91.6858,16.7934,91.7354,91.6858,
100,8,1048576,2048,layered,768/768/768,graph,177,91.6244,16.7934,91.6780,91.6244,
100,8,1048576,2048,layered,768/768/768,graph,178,93.7996,16.7934,93.8559,93.7996,
100,8,1048576,2048,layered,768/768/768,graph,179,93.7401,16.7934,93.7890,93.7401,
100,8,1048576,2048,layered,768/768/768,graph,180,90.7205,16.7934,90.7678,90.7205,
100,8,1048576,2048,layered,768/768/768,graph,181,91.7778,16.7934,91.8326,91.7778,
100,8,1048576,2048,layered,768/768/768,graph,182,91.3954,16.7934,91.4585,91.3954,
100,8,1048576,2048,layered,768/768/768,graph,183,91.7187,16.7934,91.7675,91.7187,
100,8,1048576,2048,layered,768/768/768,graph,184,91.5224,16.7934,91.5685,91.5224,
100,8,1048576,2048,layered,768/768/768,graph,185,91.8363,16.7934,91.8898,91.8363,
100,8,1048576,2048,layered,768/768/768,graph,186,92.1310,16.7934,92.1810,92.1310,
100,8,1048576,2048,layered,768/768/768,graph,187,91.8092,16.7934,91.8557,91.8092,
100,8,1048576,2048,layered,768/768/768,graph,188,92.2215,16.7934,92.2684,92.2215,
100,8,1048576,2048,layered,768/768/768,graph,189,91.1371,16.7934,91.1828,91.1371,
100,8,1048576,2048,layered,768/768/768,graph,190,91.4200,16.7934,91.4876,91.4200,
100,8,1048576,2048,layered,768/768/768,graph,191,92.9565,16.7934,93.0167,92.9565,
100,8,1048576,2048,layered,768/768/768,graph,192,91.1324,16.7934,91.1796,91.1324,
100,8,1048576,2048,layered,768/768/768,graph,193,91.0264,16.7934,91.0736,91.0264,
100,8,1048576,2048,layered,768/768/768,graph,194,91.7633,16.7934,91.8082,91.7633,
100,8,1048576,2048,layered,768/768/768,graph,195,91.2699,16.7934,91.3153,91.2699,
100,8,1048576,2048,layered,768/768/768,graph,196,91.4286,16.7934,91.4741,91.4286,
100,8,1048576,2048,layered,768/768/768,graph,197,91.2814,16.7934,91.3369,91.2814,
100,8,1048576,2048,layered,768/768/768,graph,198,91.2668,16.7934,91.3297,91.2668,
100,8,1048576,2048,layered,768/768/768,graph,199,91.5936,16.7934,91.6705,91.5936,
100,8,1048576,2048,hyprefill,512/1536/1536,graph,0,88.9167,16.6779,88.9743,88.9167,
100,8,1048576,2048,hyprefill,512/1536/1536,graph,1,90.3734,16.6779,90.4271,90.3734,
100,8,1048576,2048,hyprefill,512/1536/1536,graph,2,90.2342,16.6779,90.2854,90.2342,
100,8,1048576,2048,hyprefill,512/1536/1536,graph,3,87.5148,16.4033,87.5641,87.5148,
100,8,1048576,2048,hyprefill,512/1536/1536,graph,4,90.9727,16.6779,91.0228,90.9727,
100,8,1048576,2048,hyprefill,512/1536/1536,graph,5,89.7798,16.4033,89.8463,89.7798,
100,8,1048576,2048,hyprefill,512/1536/1536,graph,6,90.4308,16.6779,90.4861,90.4308,
100,8,1048576,2048,hyprefill,512/1536/1536,graph,7,88.5058,16.6779,88.5577,88.5058,
100,8,1048576,2048,hyprefill,512/1536/1536,graph,8,88.4482,16.6779,88.4959,88.4482,
100,8,1048576,2048,hyprefill,512/1536/1536,graph,9,88.3189,16.6779,88.3713,88.3189,
100,8,1048576,2048,hyprefill,512/1536/1536,graph,10,87.3287,16.6779,87.3808,87.3287,
100,8,1048576,2048,hyprefill,512/1536/1536,graph,11,90.6275,16.6779,90.6774,90.6275,
100,8,1048576,2048,hyprefill,512/1536/1536,graph,12,89.4638,16.6779,89.5168,89.4638,
100,8,1048576,2048,hyprefill,512/1536/1536,graph,13,91.8764,16.6779,91.9285,91.8764,
100,8,1048576,2048,hyprefill,512/1536/1536,graph,14,89.4869,16.6779,89.5415,89.4869,
100,8,1048576,2048,hyprefill,512/1536/1536,graph,15,90.6261,16.6779,90.6751,90.6261,
100,8,1048576,2048,hyprefill,512/1536/1536,graph,16,87.8333,16.6779,87.8895,87.8333,
100,8,1048576,2048,hyprefill,512/1536/1536,graph,17,89.0678,16.6779,89.1162,89.0678,
100,8,1048576,2048,hyprefill,512/1536/1536,graph,18,88.9407,16.6779,88.9860,88.9407,
100,8,1048576,2048,hyprefill,512/1536/1536,graph,19,90.0416,16.6779,90.0915,90.0416,
100,8,1048576,2048,hyprefill,512/1536/1536,graph,20,88.9844,16.6779,89.0382,88.9844,
100,8,1048576,2048,hyprefill,512/1536/1536,graph,21,90.5476,16.6779,90.6034,90.5476,
100,8,1048576,2048,hyprefill,512/1536/1536,graph,22,89.8150,16.6779,89.8655,89.8150,
100,8,1048576,2048,hyprefill,512/1536/1536,graph,23,89.9591,16.6779,90.0069,89.9591,
100,8,1048576,2048,hyprefill,512/1536/1536,graph,24,89.2107,16.6779,89.2567,89.2107,
100,8,1048576,2048,hyprefill,512/1536/1536,graph,25,91.0766,16.6779,91.1255,91.0766,
100,8,1048576,2048,hyprefill,512/1536/1536,graph,26,87.6454,16.6779,87.6976,87.6454,
100,8,1048576,2048,hyprefill,512/1536/1536,graph,27,88.7249,16.6779,88.7748,88.7249,
100,8,1048576,2048,hyprefill,512/1536/1536,graph,28,89.5426,16.6779,89.5964,89.5426,
100,8,1048576,2048,hyprefill,512/1536/1536,graph,29,88.6647,16.6779,88.7214,88.6647,
100,8,1048576,2048,hyprefill,512/1536/1536,graph,30,90.2107,16.6779,90.2586,90.2107,
100,8,1048576,2048,hyprefill,512/1536/1536,graph,31,88.8560,16.6779,88.9052,88.8560,
100,8,1048576,2048,hyprefill,512/1536/1536,graph,32,90.3316,16.6779,90.3826,90.3316,
100,8,1048576,2048,hyprefill,512/1536/1536,graph,33,90.8219,16.6779,90.8690,90.8219,
100,8,1048576,2048,hyprefill,512/1536/1536,graph,34,88.2892,16.6779,88.3363,88.2892,
100,8,1048576,2048,hyprefill,512/1536/1536,graph,35,90.9160,16.6779,90.9816,90.9160,
100,8,1048576,2048,hyprefill,512/1536/1536,graph,36,89.1460,16.6779,89.1928,89.1460,
100,8,1048576,2048,hyprefill,512/1536/1536,graph,37,89.0728,16.6779,89.1325,89.0728,
100,8,1048576,2048,hyprefill,512/1536/1536,graph,38,90.5818,16.4033,90.6293,90.5818,
100,8,1048576,2048,hyprefill,512/1536/1536,graph,39,89.5851,16.6779,89.6342,89.5851,
100,8,1048576,2048,hyprefill,512/1536/1536,graph,40,88.5488,16.4033,88.6048,88.5488,
100,8,1048576,2048,hyprefill,512/1536/1536,graph,41,90.7045,16.6779,90.7623,90.7045,
100,8,1048576,2048,hyprefill,512/1536/1536,graph,42,90.0215,16.6779,90.0871,90.0215,
100,8,1048576,2048,hyprefill,512/1536/1536,graph,43,89.6023,16.6779,89.6597,89.6023,
100,8,1048576,2048,hyprefill,512/1536/1536,graph,44,87.2441,16.6779,87.2954,87.2441,
100,8,1048576,2048,hyprefill,512/1536/1536,graph,45,89.9765,16.6779,90.0310,89.9765,
100,8,1048576,2048,hyprefill,512/1536/1536,graph,46,91.6528,16.4033,91.7087,91.6528,
100,8,1048576,2048,hyprefill,512/1536/1536,graph,47,89.3251,16.6779,89.3758,89.3251,
100,8,1048576,2048,hyprefill,512/1536/1536,graph,48,90.9587,16.4033,91.0057,90.9587,
100,8,1048576,2048,hyprefill,512/1536/1536,graph,49,88.3331,16.6779,88.3808,88.3331,
100,8,1048576,2048,hyprefill,512/1536/1536,graph,50,90.1935,16.6779,90.2411,90.1935,
100,8,1048576,2048,hyprefill,512/1536/1536,graph,51,88.9244,16.6779,88.9804,88.9244,
100,8,1048576,2048,hyprefill,512/1536/1536,graph,52,89.7429,16.6779,89.7915,89.7429,
100,8,1048576,2048,hyprefill,512/1536/1536,graph,53,90.7669,16.6779,90.8132,90.7669,
100,8,1048576,2048,hyprefill,512/1536/1536,graph,54,87.1191,16.6779,87.1669,87.1191,
100,8,1048576,2048,hyprefill,512/1536/1536,graph,55,89.7632,16.6779,89.8100,89.7632,
100,8,1048576,2048,hyprefill,512/1536/1536,graph,56,90.5400,16.6779,90.5979,90.5400,
100,8,1048576,2048,hyprefill,512/1536/1536,graph,57,90.5397,16.6779,90.6015,90.5397,
100,8,1048576,2048,hyprefill,512/1536/1536,graph,58,89.0576,16.6779,89.1108,89.0576,
100,8,1048576,2048,hyprefill,512/1536/1536,graph,59,89.8419,16.6779,89.8937,89.8419,
100,8,1048576,2048,hyprefill,512/1536/1536,graph,60,91.0993,16.6779,91.1546,91.0993,
100,8,1048576,2048,hyprefill,512/1536/1536,graph,61,91.0417,16.6779,91.0954,91.0417,
100,8,1048576,2048,hyprefill,512/1536/1536,graph,62,90.2640,16.6779,90.3136,90.2640,
100,8,1048576,2048,hyprefill,512/1536/1536,graph,63,90.7300,16.6779,90.7875,90.7300,
100,8,1048576,2048,hyprefill,512/1536/1536,graph,64,90.2191,16.6779,90.2690,90.2191,
100,8,1048576,2048,hyprefill,512/1536/1536,graph,65,89.3612,16.6779,89.4180,89.3612,
100,8,1048576,2048,hyprefill,512/1536/1536,graph,66,91.6474,16.6779,91.6951,91.6474,
100,8,1048576,2048,hyprefill,512/1536/1536,graph,67,88.4092,16.6779,88.4572,88.4092,
100,8,1048576,2048,hyprefill,512/1536/1536,graph,68,90.3542,16.6779,90.3994,90.3542,
100,8,1048576,2048,hyprefill,512/1536/1536,graph,69,91.0680,16.6779,91.1141,91.0680,
100,8,1048576,2048,hyprefill,512/1536/1536,graph,70,90.1486,16.6779,90.1945,90.1486,
100,8,1048576,2048,hyprefill,512/1536/1536,graph,71,86.7338,16.6779,86.7797,86.7338,
100,8,1048576,2048,hyprefill,512/1536/1536,graph,72,91.8588,16.6779,91.9038,91.8588,
100,8,1048576,2048,hyprefill,512/1536/1536,graph,73,89.0253,16.6779,89.0794,89.0253,
100,8,1048576,2048,hyprefill,512/1536/1536,graph,74,87.2836,16.6779,87.3329,87.2836,
100,8,1048576,2048,hyprefill,512/1536/1536,graph,75,89.1759,16.6779,89.2253,89.1759,
100,8,1048576,2048,hyprefill,512/1536/1536,graph,76,89.6136,16.6779,89.6674,89.6136,
100,8,1048576,2048,hyprefill,512/1536/1536,graph,77,91.3086,16.6779,91.3569,91.3086,
100,8,1048576,2048,hyprefill,512/1536/1536,graph,78,91.0254,16.6779,91.0746,91.0254,
100,8,1048576,2048,hyprefill,512/1536/1536,graph,79,89.8386,16.4033,89.8885,89.8386,
100,8,1048576,2048,hyprefill,512/1536/1536,graph,80,89.9911,16.6779,90.0421,89.9911,
100,8,1048576,2048,hyprefill,512/1536/1536,graph,81,91.0858,16.4033,91.1376,91.0858,
100,8,1048576,2048,hyprefill,512/1536/1536,graph,82,87.6753,16.6779,87.7320,87.6753,
100,8,1048576,2048,hyprefill,512/1536/1536,graph,83,91.7784,16.6779,91.8329,91.7784,
100,8,1048576,2048,hyprefill,512/1536/1536,graph,84,90.4359,16.4033,90.4837,90.4359,
100,8,1048576,2048,hyprefill,512/1536/1536,graph,85,90.7254,16.6779,90.7802,90.7254,
100,8,1048576,2048,hyprefill,512/1536/1536,graph,86,90.1272,16.6779,90.1791,90.1272,
100,8,1048576,2048,hyprefill,512/1536/1536,graph,87,90.3936,16.4033,90.4430,90.3936,
100,8,1048576,2048,hyprefill,512/1536/1536,graph,88,89.7546,16.4033,89.8028,89.7546,
100,8,1048576,2048,hyprefill,512/1536/1536,graph,89,87.1191,16.4033,87.1683,87.1191,
100,8,1048576,2048,hyprefill,512/1536/1536,graph,90,89.3608,16.6779,89.4086,89.3608,
100,8,1048576,2048,hyprefill,512/1536/1536,graph,91,90.0086,16.1287,90.0565,90.0086,
100,8,1048576,2048,hyprefill,512/1536/1536,graph,92,90.2772,16.9525,90.3255,90.2772,
100,8,1048576,2048,hyprefill,512/1536/1536,graph,93,88.9567,16.4033,89.0040,88.9567,
100,8,1048576,2048,hyprefill,512/1536/1536,graph,94,86.8407,16.4033,86.8952,86.8407,
100,8,1048576,2048,hyprefill,512/1536/1536,graph,95,90.6168,16.6779,90.6699,90.6168,
100,8,1048576,2048,hyprefill,512/1536/1536,graph,96,90.8244,16.4033,90.8779,90.8244,
100,8,1048576,2048,hyprefill,512/1536/1536,graph,97,90.4971,16.6779,90.5502,90.4971,
100,8,1048576,2048,hyprefill,512/1536/1536,graph,98,88.1929,16.4033,88.2454,88.1929,
100,8,1048576,2048,hyprefill,512/1536/1536,graph,99,90.6201,16.4033,90.6729,90.6201,
100,8,1048576,2048,hyprefill,512/1536/1536,graph,100,90.0888,16.9525,90.1416,90.0888,
100,8,1048576,2048,hyprefill,512/1536/1536,graph,101,91.3629,16.1287,91.4168,91.3629,
100,8,1048576,2048,hyprefill,512/1536/1536,graph,102,86.3606,16.9525,86.4155,86.3606,
100,8,1048576,2048,hyprefill,512/1536/1536,graph,103,90.1074,16.1287,90.1570,90.1074,
100,8,1048576,2048,hyprefill,512/1536/1536,graph,104,90.0353,16.6779,90.0902,90.0353,
100,8,1048576,2048,hyprefill,512/1536/1536,graph,105,88.3390,16.4033,88.3905,88.3390,
100,8,1048576,2048,hyprefill,512/1536/1536,graph,106,91.6745,16.6779,91.7234,91.6745,
100,8,1048576,2048,hyprefill,512/1536/1536,graph,107,90.9842,16.6779,91.0339,90.9842,
100,8,1048576,2048,hyprefill,512/1536/1536,graph,108,90.1153,16.9525,90.1690,90.1153,
100,8,1048576,2048,hyprefill,512/1536/1536,graph,109,89.1868,16.9525,89.2395,89.1868,
100,8,1048576,2048,hyprefill,512/1536/1536,graph,110,91.5412,16.6779,91.5916,91.5412,
100,8,1048576,2048,hyprefill,512/1536/1536,graph,111,90.8344,16.4033,90.8893,90.8344,
100,8,1048576,2048,hyprefill,512/1536/1536,graph,112,91.4020,16.9525,91.4533,91.4020,
100,8,1048576,2048,hyprefill,512/1536/1536,graph,113,90.2371,16.6779,90.2919,90.2371,
100,8,1048576,2048,hyprefill,512/1536/1536,graph,114,91.1781,16.9525,91.2316,91.1781,
100,8,1048576,2048,hyprefill,512/1536/1536,graph,115,90.6360,16.6779,90.6847,90.6360,
100,8,1048576,2048,hyprefill,512/1536/1536,graph,116,87.0669,16.6779,87.1147,87.0669,
100,8,1048576,2048,hyprefill,512/1536/1536,graph,117,90.9348,16.9525,90.9859,90.9348,
100,8,1048576,2048,hyprefill,512/1536/1536,graph,118,88.9970,16.6779,89.0448,88.9970,
100,8,1048576,2048,hyprefill,512/1536/1536,graph,119,88.2070,16.9525,88.2599,88.2070,
100,8,1048576,2048,hyprefill,512/1536/1536,graph,120,91.5265,16.6779,91.5749,91.5265,
100,8,1048576,2048,hyprefill,512/1536/1536,graph,121,90.7750,16.9525,90.8266,90.7750,
100,8,1048576,2048,hyprefill,512/1536/1536,graph,122,90.7348,16.6779,90.7868,90.7348,
100,8,1048576,2048,hyprefill,512/1536/1536,graph,123,90.5310,16.4033,90.5792,90.5310,
100,8,1048576,2048,hyprefill,512/1536/1536,graph,124,92.0851,16.6779,92.1336,92.0851,
100,8,1048576,2048,hyprefill,512/1536/1536,graph,125,89.7457,16.6779,89.7995,89.7457,
100,8,1048576,2048,hyprefill,512/1536/1536,graph,126,90.6086,16.6779,90.6590,90.6086,
100,8,1048576,2048,hyprefill,512/1536/1536,graph,127,89.9122,16.6779,89.9620,89.9122,
100,8,1048576,2048,hyprefill,512/1536/1536,graph,128,89.9499,16.6779,90.0018,89.9499,
100,8,1048576,2048,hyprefill,512/1536/1536,graph,129,88.8218,16.6779,88.8719,88.8218,
100,8,1048576,2048,hyprefill,512/1536/1536,graph,130,89.4117,16.6779,89.4830,89.4117,
100,8,1048576,2048,hyprefill,512/1536/1536,graph,131,89.5884,16.6779,89.6605,89.5884,
100,8,1048576,2048,hyprefill,512/1536/1536,graph,132,89.3085,16.6779,89.3544,89.3085,
100,8,1048576,2048,hyprefill,512/1536/1536,graph,133,89.3847,16.6779,89.4432,89.3847,
100,8,1048576,2048,hyprefill,512/1536/1536,graph,134,88.1725,16.6779,88.2334,88.1725,
100,8,1048576,2048,hyprefill,512/1536/1536,graph,135,90.2814,16.6779,90.3300,90.2814,
100,8,1048576,2048,hyprefill,512/1536/1536,graph,136,89.8964,16.6779,89.9426,89.8964,
100,8,1048576,2048,hyprefill,512/1536/1536,graph,137,90.4188,16.6779,90.4630,90.4188,
100,8,1048576,2048,hyprefill,512/1536/1536,graph,138,90.8298,16.6779,90.8762,90.8298,
100,8,1048576,2048,hyprefill,512/1536/1536,graph,139,89.2735,16.6779,89.3234,89.2735,
100,8,1048576,2048,hyprefill,512/1536/1536,graph,140,88.3355,16.6779,88.3820,88.3355,
100,8,1048576,2048,hyprefill,512/1536/1536,graph,141,91.1046,16.6779,91.1489,91.1046,
100,8,1048576,2048,hyprefill,512/1536/1536,graph,142,89.7872,16.6779,89.8478,89.7872,
100,8,1048576,2048,hyprefill,512/1536/1536,graph,143,90.0149,16.6779,90.0618,90.0149,
100,8,1048576,2048,hyprefill,512/1536/1536,graph,144,88.3781,16.6779,88.4252,88.3781,
100,8,1048576,2048,hyprefill,512/1536/1536,graph,145,91.0470,16.6779,91.0958,91.0470,
100,8,1048576,2048,hyprefill,512/1536/1536,graph,146,89.2235,16.6779,89.2713,89.2235,
100,8,1048576,2048,hyprefill,512/1536/1536,graph,147,90.3192,16.6779,90.3704,90.3192,
100,8,1048576,2048,hyprefill,512/1536/1536,graph,148,89.4035,16.6779,89.4516,89.4035,
100,8,1048576,2048,hyprefill,512/1536/1536,graph,149,90.9957,16.6779,91.0422,90.9957,
100,8,1048576,2048,hyprefill,512/1536/1536,graph,150,87.7440,16.6779,87.7957,87.7440,
100,8,1048576,2048,hyprefill,512/1536/1536,graph,151,89.6781,16.6779,89.7284,89.6781,
100,8,1048576,2048,hyprefill,512/1536/1536,graph,152,89.4275,16.6779,89.4772,89.4275,
100,8,1048576,2048,hyprefill,512/1536/1536,graph,153,88.8199,16.6779,88.8655,88.8199,
100,8,1048576,2048,hyprefill,512/1536/1536,graph,154,90.0720,16.6779,90.1276,90.0720,
100,8,1048576,2048,hyprefill,512/1536/1536,graph,155,90.2053,16.6779,90.2631,90.2053,
100,8,1048576,2048,hyprefill,512/1536/1536,graph,156,89.3823,16.6779,89.4320,89.3823,
100,8,1048576,2048,hyprefill,512/1536/1536,graph,157,91.4523,16.6779,91.5009,91.4523,
100,8,1048576,2048,hyprefill,512/1536/1536,graph,158,90.5505,16.6779,90.5976,90.5505,
100,8,1048576,2048,hyprefill,512/1536/1536,graph,159,89.0387,16.6779,89.1024,89.0387,
100,8,1048576,2048,hyprefill,512/1536/1536,graph,160,89.4638,16.4033,89.5160,89.4638,
100,8,1048576,2048,hyprefill,512/1536/1536,graph,161,88.8951,16.6779,88.9465,88.8951,
100,8,1048576,2048,hyprefill,512/1536/1536,graph,162,89.7883,16.4033,89.8394,89.7883,
100,8,1048576,2048,hyprefill,512/1536/1536,graph,163,88.5148,16.6779,88.5647,88.5148,
100,8,1048576,2048,hyprefill,512/1536/1536,graph,164,89.1737,16.6779,89.2227,89.1737,
100,8,1048576,2048,hyprefill,512/1536/1536,graph,165,90.6446,16.6779,90.6946,90.6446,
100,8,1048576,2048,hyprefill,512/1536/1536,graph,166,88.3338,16.6779,88.3824,88.3338,
100,8,1048576,2048,hyprefill,512/1536/1536,graph,167,90.9295,16.6779,90.9777,90.9295,
100,8,1048576,2048,hyprefill,512/1536/1536,graph,168,90.5274,16.6779,90.5807,90.5274,
100,8,1048576,2048,hyprefill,512/1536/1536,graph,169,87.8984,16.6779,87.9523,87.8984,
100,8,1048576,2048,hyprefill,512/1536/1536,graph,170,88.5051,16.6779,88.5527,88.5051,
100,8,1048576,2048,hyprefill,512/1536/1536,graph,171,90.3531,16.6779,90.4012,90.3531,
100,8,1048576,2048,hyprefill,512/1536/1536,graph,172,90.4817,16.6779,90.5268,90.4817,
100,8,1048576,2048,hyprefill,512/1536/1536,graph,173,89.4626,16.6779,89.5121,89.4626,
100,8,1048576,2048,hyprefill,512/1536/1536,graph,174,89.1060,16.6779,89.1610,89.1060,
100,8,1048576,2048,hyprefill,512/1536/1536,graph,175,91.4437,16.6779,91.4950,91.4437,
100,8,1048576,2048,hyprefill,512/1536/1536,graph,176,90.1948,16.6779,90.2476,90.1948,
100,8,1048576,2048,hyprefill,512/1536/1536,graph,177,89.7236,16.6779,89.7719,89.7236,
100,8,1048576,2048,hyprefill,512/1536/1536,graph,178,89.2321,16.6779,89.2860,89.2321,
100,8,1048576,2048,hyprefill,512/1536/1536,graph,179,87.6759,16.6779,87.7249,87.6759,
100,8,1048576,2048,hyprefill,512/1536/1536,graph,180,91.4960,16.6779,91.5441,91.4960,
100,8,1048576,2048,hyprefill,512/1536/1536,graph,181,89.6111,16.6779,89.6616,89.6111,
100,8,1048576,2048,hyprefill,512/1536/1536,graph,182,91.1950,16.6779,91.2454,91.1950,
100,8,1048576,2048,hyprefill,512/1536/1536,graph,183,88.5253,16.6779,88.5732,88.5253,
100,8,1048576,2048,hyprefill,512/1536/1536,graph,184,90.3963,16.6779,90.4570,90.3963,
100,8,1048576,2048,hyprefill,512/1536/1536,graph,185,89.2500,16.6779,89.3059,89.2500,
100,8,1048576,2048,hyprefill,512/1536/1536,graph,186,91.2022,16.6779,91.2646,91.2022,
100,8,1048576,2048,hyprefill,512/1536/1536,graph,187,89.7216,16.6779,89.7820,89.7216,
100,8,1048576,2048,hyprefill,512/1536/1536,graph,188,90.2928,16.6779,90.3475,90.2928,
100,8,1048576,2048,hyprefill,512/1536/1536,graph,189,89.5260,16.6779,89.5860,89.5260,
100,8,1048576,2048,hyprefill,512/1536/1536,graph,190,91.6861,16.6779,91.7345,91.6861,
100,8,1048576,2048,hyprefill,512/1536/1536,graph,191,90.1872,16.6779,90.2335,90.1872,
100,8,1048576,2048,hyprefill,512/1536/1536,graph,192,89.2697,16.6779,89.3209,89.2697,
100,8,1048576,2048,hyprefill,512/1536/1536,graph,193,91.5066,16.6779,91.5552,91.5066,
100,8,1048576,2048,hyprefill,512/1536/1536,graph,194,91.8824,16.6779,91.9294,91.8824,
100,8,1048576,2048,hyprefill,512/1536/1536,graph,195,91.2510,16.6779,91.3096,91.2510,
100,8,1048576,2048,hyprefill,512/1536/1536,graph,196,88.6036,16.4033,88.6512,88.6036,
100,8,1048576,2048,hyprefill,512/1536/1536,graph,197,89.7584,16.6779,89.8075,89.7584,
100,8,1048576,2048,hyprefill,512/1536/1536,graph,198,90.4707,16.4033,90.5177,90.4707,
100,8,1048576,2048,hyprefill,512/1536/1536,graph,199,88.0723,16.6779,88.1257,88.0723,
100,8,1048576,2048,hyprefill,512/1024/1024,graph,0,82.1585,17.1952,82.2293,82.1585,
100,8,1048576,2048,hyprefill,512/1024/1024,graph,1,91.1092,18.3254,91.1589,91.1092,
100,8,1048576,2048,hyprefill,512/1024/1024,graph,2,91.7549,17.2271,91.8110,91.7549,
100,8,1048576,2048,hyprefill,512/1024/1024,graph,3,88.4306,17.7763,88.4770,88.4306,
100,8,1048576,2048,hyprefill,512/1024/1024,graph,4,84.2453,16.9207,84.2897,84.2453,
100,8,1048576,2048,hyprefill,512/1024/1024,graph,5,88.7630,17.7763,88.8086,88.7630,
100,8,1048576,2048,hyprefill,512/1024/1024,graph,6,90.8962,17.2271,90.9428,90.8962,
100,8,1048576,2048,hyprefill,512/1024/1024,graph,7,90.7310,17.2271,90.7790,90.7310,
100,8,1048576,2048,hyprefill,512/1024/1024,graph,8,90.4383,17.2271,90.4870,90.4383,
100,8,1048576,2048,hyprefill,512/1024/1024,graph,9,83.5084,17.1952,83.5586,83.5084,
100,8,1048576,2048,hyprefill,512/1024/1024,graph,10,92.2918,17.7763,92.3387,92.2918,
100,8,1048576,2048,hyprefill,512/1024/1024,graph,11,91.1635,17.2271,91.2093,91.1635,
100,8,1048576,2048,hyprefill,512/1024/1024,graph,12,90.8882,17.7763,90.9368,90.8882,
100,8,1048576,2048,hyprefill,512/1024/1024,graph,13,85.1959,17.4698,85.2421,85.1959,
100,8,1048576,2048,hyprefill,512/1024/1024,graph,14,89.8662,17.5017,89.9199,89.8662,
100,8,1048576,2048,hyprefill,512/1024/1024,graph,15,90.3355,16.9525,90.3852,90.3355,
100,8,1048576,2048,hyprefill,512/1024/1024,graph,16,83.4011,18.0190,83.4542,83.4011,
100,8,1048576,2048,hyprefill,512/1024/1024,graph,17,86.5071,18.0190,86.5638,86.5071,
100,8,1048576,2048,hyprefill,512/1024/1024,graph,18,87.0423,16.9525,87.0956,87.0423,
100,8,1048576,2048,hyprefill,512/1024/1024,graph,19,90.9016,17.5017,90.9476,90.9016,
100,8,1048576,2048,hyprefill,512/1024/1024,graph,20,92.9346,17.2271,92.9830,92.9346,
100,8,1048576,2048,hyprefill,512/1024/1024,graph,21,87.6347,18.6000,87.6930,87.6347,
100,8,1048576,2048,hyprefill,512/1024/1024,graph,22,85.9365,16.9207,85.9930,85.9365,
100,8,1048576,2048,hyprefill,512/1024/1024,graph,23,88.6833,18.3254,88.7330,88.6833,
100,8,1048576,2048,hyprefill,512/1024/1024,graph,24,85.2159,16.9207,85.2651,85.2159,
100,8,1048576,2048,hyprefill,512/1024/1024,graph,25,90.5534,17.7763,90.6196,90.5534,
100,8,1048576,2048,hyprefill,512/1024/1024,graph,26,89.4277,16.9525,89.4803,89.4277,
100,8,1048576,2048,hyprefill,512/1024/1024,graph,27,88.8491,17.2271,88.9018,88.8491,
100,8,1048576,2048,hyprefill,512/1024/1024,graph,28,91.3770,17.7763,91.4286,91.3770,
100,8,1048576,2048,hyprefill,512/1024/1024,graph,29,82.1770,16.3715,82.2412,82.1770,
100,8,1048576,2048,hyprefill,512/1024/1024,graph,30,90.9290,19.1492,90.9811,90.9290,
100,8,1048576,2048,hyprefill,512/1024/1024,graph,31,84.5007,16.6461,84.5470,84.5007,
100,8,1048576,2048,hyprefill,512/1024/1024,graph,32,89.9572,18.8746,90.0095,89.9572,
100,8,1048576,2048,hyprefill,512/1024/1024,graph,33,86.4135,17.1952,86.4684,86.4135,
100,8,1048576,2048,hyprefill,512/1024/1024,graph,34,90.8868,18.3254,90.9409,90.8868,
100,8,1048576,2048,hyprefill,512/1024/1024,graph,35,90.9781,17.5017,91.0246,90.9781,
100,8,1048576,2048,hyprefill,512/1024/1024,graph,36,90.8825,17.5017,90.9338,90.8825,
100,8,1048576,2048,hyprefill,512/1024/1024,graph,37,88.4991,17.5017,88.5534,88.4991,
100,8,1048576,2048,hyprefill,512/1024/1024,graph,38,83.9146,16.9207,83.9641,83.9146,
100,8,1048576,2048,hyprefill,512/1024/1024,graph,39,89.4801,18.6000,89.5332,89.4801,
100,8,1048576,2048,hyprefill,512/1024/1024,graph,40,88.1557,16.6779,88.2121,88.1557,
100,8,1048576,2048,hyprefill,512/1024/1024,graph,41,87.5015,18.6000,87.5621,87.5015,
100,8,1048576,2048,hyprefill,512/1024/1024,graph,42,85.0798,16.9207,85.1298,85.0798,
100,8,1048576,2048,hyprefill,512/1024/1024,graph,43,90.8591,18.0508,90.9178,90.8591,
100,8,1048576,2048,hyprefill,512/1024/1024,graph,44,84.4720,16.6461,84.5222,84.4720,
100,8,1048576,2048,hyprefill,512/1024/1024,graph,45,91.9582,18.0508,92.0089,91.9582,
100,8,1048576,2048,hyprefill,512/1024/1024,graph,46,88.5531,17.2271,88.6173,88.5531,
100,8,1048576,2048,hyprefill,512/1024/1024,graph,47,87.7584,17.2271,87.8166,87.7584,
100,8,1048576,2048,hyprefill,512/1024/1024,graph,48,90.9252,18.0508,90.9837,90.9252,
100,8,1048576,2048,hyprefill,512/1024/1024,graph,49,82.1590,16.9207,82.2089,82.1590,
100,8,1048576,2048,hyprefill,512/1024/1024,graph,50,88.9773,18.3254,89.0302,88.9773,
100,8,1048576,2048,hyprefill,512/1024/1024,graph,51,89.4436,15.8541,89.5061,89.4436,
100,8,1048576,2048,hyprefill,512/1024/1024,graph,52,90.4848,18.8746,90.5344,90.4848,
100,8,1048576,2048,hyprefill,512/1024/1024,graph,53,82.4325,16.6461,82.4800,82.4325,
100,8,1048576,2048,hyprefill,512/1024/1024,graph,54,89.0685,18.8746,89.1261,89.0685,
100,8,1048576,2048,hyprefill,512/1024/1024,graph,55,90.7289,16.4033,90.7874,90.7289,
100,8,1048576,2048,hyprefill,512/1024/1024,graph,56,88.7713,17.7763,88.8248,88.7713,
100,8,1048576,2048,hyprefill,512/1024/1024,graph,57,91.3325,17.5017,91.3893,91.3325,
100,8,1048576,2048,hyprefill,512/1024/1024,graph,58,84.6668,17.4698,84.7193,84.6668,
100,8,1048576,2048,hyprefill,512/1024/1024,graph,59,90.1936,18.3254,90.2450,90.1936,
100,8,1048576,2048,hyprefill,512/1024/1024,graph,60,91.6528,16.4033,91.7142,91.6528,
100,8,1048576,2048,hyprefill,512/1024/1024,graph,61,89.1843,18.3254,89.2401,89.1843,
100,8,1048576,2048,hyprefill,512/1024/1024,graph,62,91.8779,16.1287,91.9311,91.8779,
100,8,1048576,2048,hyprefill,512/1024/1024,graph,63,88.5268,18.3254,88.5754,88.5268,
100,8,1048576,2048,hyprefill,512/1024/1024,graph,64,85.8957,17.1952,85.9535,85.8957,
100,8,1048576,2048,hyprefill,512/1024/1024,graph,65,89.8910,17.7763,89.9435,89.8910,
100,8,1048576,2048,hyprefill,512/1024/1024,graph,66,90.5840,17.7763,90.6353,90.5840,
100,8,1048576,2048,hyprefill,512/1024/1024,graph,67,84.2445,16.6461,84.2936,84.2445,
100,8,1048576,2048,hyprefill,512/1024/1024,graph,68,89.0964,18.8746,89.1570,89.0964,
100,8,1048576,2048,hyprefill,512/1024/1024,graph,69,83.0970,16.0969,83.1530,83.0970,
100,8,1048576,2048,hyprefill,512/1024/1024,graph,70,88.6731,18.8746,88.7214,88.6731,
100,8,1048576,2048,hyprefill,512/1024/1024,graph,71,92.1751,15.8541,92.2262,92.1751,
100,8,1048576,2048,hyprefill,512/1024/1024,graph,72,90.3608,18.6000,90.4169,90.3608,
100,8,1048576,2048,hyprefill,512/1024/1024,graph,73,81.8219,16.6461,81.8774,81.8219,
100,8,1048576,2048,hyprefill,512/1024/1024,graph,74,89.3042,18.0508,89.3606,89.3042,
100,8,1048576,2048,hyprefill,512/1024/1024,graph,75,90.8818,17.2271,90.9323,90.8818,
100,8,1048576,2048,hyprefill,512/1024/1024,graph,76,85.1203,17.4698,85.1882,85.1203,
100,8,1048576,2048,hyprefill,512/1024/1024,graph,77,89.8372,18.0508,89.8872,89.8372,
100,8,1048576,2048,hyprefill,512/1024/1024,graph,78,84.0890,17.1952,84.1438,84.0890,
100,8,1048576,2048,hyprefill,512/1024/1024,graph,79,90.9145,17.7763,90.9694,90.9145,
100,8,1048576,2048,hyprefill,512/1024/1024,graph,80,91.4537,16.9525,91.5043,91.4537,
100,8,1048576,2048,hyprefill,512/1024/1024,graph,81,89.5349,17.7763,89.5856,89.5349,
100,8,1048576,2048,hyprefill,512/1024/1024,graph,82,84.1393,17.7444,84.1942,84.1393,
100,8,1048576,2048,hyprefill,512/1024/1024,graph,83,90.9005,17.2271,90.9578,90.9005,
100,8,1048576,2048,hyprefill,512/1024/1024,graph,84,91.0215,17.7763,91.0760,91.0215,
100,8,1048576,2048,hyprefill,512/1024/1024,graph,85,85.0629,16.6461,85.1161,85.0629,
100,8,1048576,2048,hyprefill,512/1024/1024,graph,86,89.5698,18.6000,89.6248,89.5698,
100,8,1048576,2048,hyprefill,512/1024/1024,graph,87,85.6407,16.3715,85.6923,85.6407,
100,8,1048576,2048,hyprefill,512/1024/1024,graph,88,90.6192,18.8746,90.6706,90.6192,
100,8,1048576,2048,hyprefill,512/1024/1024,graph,89,90.0032,15.8541,90.0555,90.0032,
100,8,1048576,2048,hyprefill,512/1024/1024,graph,90,91.0432,18.6000,91.1048,91.0432,
100,8,1048576,2048,hyprefill,512/1024/1024,graph,91,84.5741,16.6461,84.6220,84.5741,
100,8,1048576,2048,hyprefill,512/1024/1024,graph,92,91.0646,18.0508,91.1444,91.0646,
100,8,1048576,2048,hyprefill,512/1024/1024,graph,93,91.6348,16.9525,91.6833,91.6348,
100,8,1048576,2048,hyprefill,512/1024/1024,graph,94,82.9047,17.4698,82.9613,82.9047,
100,8,1048576,2048,hyprefill,512/1024/1024,graph,95,91.1738,17.7763,91.2253,91.1738,
100,8,1048576,2048,hyprefill,512/1024/1024,graph,96,82.7473,17.1952,82.7955,82.7473,
100,8,1048576,2048,hyprefill,512/1024/1024,graph,97,91.4444,17.7763,91.4921,91.4444,
100,8,1048576,2048,hyprefill,512/1024/1024,graph,98,88.9507,16.4033,89.0024,88.9507,
100,8,1048576,2048,hyprefill,512/1024/1024,graph,99,88.8511,17.7763,88.9025,88.8511,
100,8,1048576,2048,hyprefill,512/1024/1024,graph,100,85.4573,17.4698,85.5046,85.4573,
100,8,1048576,2048,hyprefill,512/1024/1024,graph,101,90.6362,17.2271,90.6829,90.6362,
100,8,1048576,2048,hyprefill,512/1024/1024,graph,102,91.3696,18.0508,91.4157,91.3696,
100,8,1048576,2048,hyprefill,512/1024/1024,graph,103,85.3809,16.6461,85.4274,85.3809,
100,8,1048576,2048,hyprefill,512/1024/1024,graph,104,90.8426,18.8746,90.8926,90.8426,
100,8,1048576,2048,hyprefill,512/1024/1024,graph,105,85.5949,16.6461,85.6439,85.5949,
100,8,1048576,2048,hyprefill,512/1024/1024,graph,106,91.8553,18.6000,91.9175,91.8553,
100,8,1048576,2048,hyprefill,512/1024/1024,graph,107,90.1077,15.8541,90.1586,90.1077,
100,8,1048576,2048,hyprefill,512/1024/1024,graph,108,90.1191,18.0508,90.1717,90.1191,
100,8,1048576,2048,hyprefill,512/1024/1024,graph,109,85.3609,17.4698,85.4081,85.3609,
100,8,1048576,2048,hyprefill,512/1024/1024,graph,110,91.5840,17.5017,91.6330,91.5840,
100,8,1048576,2048,hyprefill,512/1024/1024,graph,111,87.1603,16.9525,87.2062,87.1603,
100,8,1048576,2048,hyprefill,512/1024/1024,graph,112,91.3663,16.6779,91.4145,91.3663,
100,8,1048576,2048,hyprefill,512/1024/1024,graph,113,90.5609,18.0508,90.6084,90.5609,
100,8,1048576,2048,hyprefill,512/1024/1024,graph,114,86.2199,16.9207,86.2669,86.2199,
100,8,1048576,2048,hyprefill,512/1024/1024,graph,115,89.9581,18.3254,90.0090,89.9581,
100,8,1048576,2048,hyprefill,512/1024/1024,graph,116,91.6378,16.4033,91.6841,91.6378,
100,8,1048576,2048,hyprefill,512/1024/1024,graph,117,92.1356,18.6000,92.1864,92.1356,
100,8,1048576,2048,hyprefill,512/1024/1024,graph,118,84.1708,17.1952,84.2165,84.1708,
100,8,1048576,2048,hyprefill,512/1024/1024,graph,119,89.2348,18.3254,89.2842,89.2348,
100,8,1048576,2048,hyprefill,512/1024/1024,graph,120,83.0708,16.9207,83.1165,83.0708,
100,8,1048576,2048,hyprefill,512/1024/1024,graph,121,92.3595,18.0508,92.4058,92.3595,
100,8,1048576,2048,hyprefill,512/1024/1024,graph,122,88.9953,17.7763,92.1396,88.9953,
100,8,1048576,2048,hyprefill,512/1024/1024,graph,123,82.7388,17.4698,82.7926,82.7388,
100,8,1048576,2048,hyprefill,512/1024/1024,graph,124,90.0504,18.0508,90.1046,90.0504,
100,8,1048576,2048,hyprefill,512/1024/1024,graph,125,90.0875,16.4033,90.1335,90.0875,
100,8,1048576,2048,hyprefill,512/1024/1024,graph,126,90.0732,18.0508,90.1208,90.0732,
100,8,1048576,2048,hyprefill,512/1024/1024,graph,127,84.8382,16.6461,84.8897,84.8382,
100,8,1048576,2048,hyprefill,512/1024/1024,graph,128,92.5203,18.6000,92.5739,92.5203,
100,8,1048576,2048,hyprefill,512/1024/1024,graph,129,89.3838,16.1287,89.4349,89.3838,
100,8,1048576,2048,hyprefill,512/1024/1024,graph,130,91.2851,18.3254,91.3365,91.2851,
100,8,1048576,2048,hyprefill,512/1024/1024,graph,131,90.9732,16.9525,91.0222,90.9732,
100,8,1048576,2048,hyprefill,512/1024/1024,graph,132,90.0416,17.2271,90.0900,90.0416,
100,8,1048576,2048,hyprefill,512/1024/1024,graph,133,90.6620,17.7763,90.7088,90.6620,
100,8,1048576,2048,hyprefill,512/1024/1024,graph,134,90.7659,16.6779,90.8185,90.7659,
100,8,1048576,2048,hyprefill,512/1024/1024,graph,135,87.5509,18.0508,87.6018,87.5509,
100,8,1048576,2048,hyprefill,512/1024/1024,graph,136,85.3965,16.9207,85.4432,85.3965,
100,8,1048576,2048,hyprefill,512/1024/1024,graph,137,91.2772,18.3254,91.3239,91.2772,
100,8,1048576,2048,hyprefill,512/1024/1024,graph,138,84.7188,17.4698,84.7696,84.7188,
100,8,1048576,2048,hyprefill,512/1024/1024,graph,139,90.3028,18.0508,90.3537,90.3028,
100,8,1048576,2048,hyprefill,512/1024/1024,graph,140,90.7681,17.5017,90.8170,90.7681,
100,8,1048576,2048,hyprefill,512/1024/1024,graph,141,91.6472,17.5017,91.6939,91.6472,
100,8,1048576,2048,hyprefill,512/1024/1024,graph,142,91.5997,17.7763,91.6470,91.5997,
100,8,1048576,2048,hyprefill,512/1024/1024,graph,143,88.6424,16.9525,88.6894,88.6424,
100,8,1048576,2048,hyprefill,512/1024/1024,graph,144,90.5551,18.0508,90.6052,90.5551,
100,8,1048576,2048,hyprefill,512/1024/1024,graph,145,89.7178,16.9525,89.7670,89.7178,
100,8,1048576,2048,hyprefill,512/1024/1024,graph,146,91.0816,17.7763,91.1367,91.0816,
100,8,1048576,2048,hyprefill,512/1024/1024,graph,147,84.8698,18.0190,84.9203,84.8698,
100,8,1048576,2048,hyprefill,512/1024/1024,graph,148,90.2858,17.7763,90.3368,90.2858,
100,8,1048576,2048,hyprefill,512/1024/1024,graph,149,88.3536,17.5017,88.4007,88.3536,
100,8,1048576,2048,hyprefill,512/1024/1024,graph,150,91.1395,16.9525,91.1878,91.1395,
100,8,1048576,2048,hyprefill,512/1024/1024,graph,151,91.0492,17.5017,91.1045,91.0492,
100,8,1048576,2048,hyprefill,512/1024/1024,graph,152,88.9172,16.9525,88.9698,88.9172,
100,8,1048576,2048,hyprefill,512/1024/1024,graph,153,89.1179,17.2271,89.1733,89.1179,
100,8,1048576,2048,hyprefill,512/1024/1024,graph,154,91.0665,17.7763,91.1243,91.0665,
100,8,1048576,2048,hyprefill,512/1024/1024,graph,155,91.4660,17.2271,91.5184,91.4660,
100,8,1048576,2048,hyprefill,512/1024/1024,graph,156,82.4273,17.4698,82.4774,82.4273,
100,8,1048576,2048,hyprefill,512/1024/1024,graph,157,89.5794,18.0508,89.6316,89.5794,
100,8,1048576,2048,hyprefill,512/1024/1024,graph,158,92.0481,16.9525,92.1116,92.0481,
100,8,1048576,2048,hyprefill,512/1024/1024,graph,159,91.1212,18.6000,91.1767,91.1212,
100,8,1048576,2048,hyprefill,512/1024/1024,graph,160,83.6628,16.6461,83.7133,83.6628,
100,8,1048576,2048,hyprefill,512/1024/1024,graph,161,88.6235,18.8746,88.6811,88.6235,
100,8,1048576,2048,hyprefill,512/1024/1024,graph,162,90.0699,16.4033,90.1197,90.0699,
100,8,1048576,2048,hyprefill,512/1024/1024,graph,163,90.9171,17.5017,90.9680,90.9171,
100,8,1048576,2048,hyprefill,512/1024/1024,graph,164,89.8537,17.2271,89.9070,89.8537,
100,8,1048576,2048,hyprefill,512/1024/1024,graph,165,84.3719,17.1952,84.4198,84.3719,
100,8,1048576,2048,hyprefill,512/1024/1024,graph,166,91.7288,17.7763,91.7758,91.7288,
100,8,1048576,2048,hyprefill,512/1024/1024,graph,167,88.3829,17.2271,88.4346,88.3829,
100,8,1048576,2048,hyprefill,512/1024/1024,graph,168,91.0700,17.7763,91.1172,91.0700,
100,8,1048576,2048,hyprefill,512/1024/1024,graph,169,84.4536,17.1952,84.4999,84.4536,
100,8,1048576,2048,hyprefill,512/1024/1024,graph,170,90.5816,17.7763,90.6280,90.5816,
100,8,1048576,2048,hyprefill,512/1024/1024,graph,171,90.0605,17.5017,90.1089,90.0605,
100,8,1048576,2048,hyprefill,512/1024/1024,graph,172,90.4313,16.9525,90.4755,90.4313,
100,8,1048576,2048,hyprefill,512/1024/1024,graph,173,89.4195,17.7763,89.4670,89.4195,
100,8,1048576,2048,hyprefill,512/1024/1024,graph,174,84.9995,17.1952,85.0505,84.9995,
100,8,1048576,2048,hyprefill,512/1024/1024,graph,175,82.7011,18.0190,82.7513,82.7011,
100,8,1048576,2048,hyprefill,512/1024/1024,graph,176,91.6496,17.5017,91.7010,91.6496,
100,8,1048576,2048,hyprefill,512/1024/1024,graph,177,90.7102,16.9525,90.7645,90.7102,
100,8,1048576,2048,hyprefill,512/1024/1024,graph,178,90.6742,17.7763,90.7215,90.6742,
100,8,1048576,2048,hyprefill,512/1024/1024,graph,179,92.0288,16.4033,92.0745,92.0288,
100,8,1048576,2048,hyprefill,512/1024/1024,graph,180,89.5995,18.6000,89.6482,89.5995,
100,8,1048576,2048,hyprefill,512/1024/1024,graph,181,85.3028,16.3715,85.3487,85.3028,
100,8,1048576,2048,hyprefill,512/1024/1024,graph,182,90.2467,18.6000,90.2982,90.2467,
100,8,1048576,2048,hyprefill,512/1024/1024,graph,183,85.6536,16.9207,85.7044,85.6536,
100,8,1048576,2048,hyprefill,512/1024/1024,graph,184,83.7470,18.2936,83.7952,83.7470,
100,8,1048576,2048,hyprefill,512/1024/1024,graph,185,91.3539,16.9525,91.4020,91.3539,
100,8,1048576,2048,hyprefill,512/1024/1024,graph,186,89.7057,17.5017,89.7532,89.7057,
100,8,1048576,2048,hyprefill,512/1024/1024,graph,187,88.9847,17.5017,89.0313,88.9847,
100,8,1048576,2048,hyprefill,512/1024/1024,graph,188,90.7228,17.5017,90.7709,90.7228,
100,8,1048576,2048,hyprefill,512/1024/1024,graph,189,90.4183,17.5017,90.4649,90.4183,
100,8,1048576,2048,hyprefill,512/1024/1024,graph,190,82.1216,17.4698,82.1724,82.1216,
100,8,1048576,2048,hyprefill,512/1024/1024,graph,191,90.8756,17.5017,90.9218,90.8756,
100,8,1048576,2048,hyprefill,512/1024/1024,graph,192,85.6981,17.7444,85.7446,85.6981,
100,8,1048576,2048,hyprefill,512/1024/1024,graph,193,82.8070,17.4698,82.8535,82.8070,
100,8,1048576,2048,hyprefill,512/1024/1024,graph,194,89.9035,17.7763,89.9495,89.9035,
100,8,1048576,2048,hyprefill,512/1024/1024,graph,195,90.9719,16.9525,91.0200,90.9719,
100,8,1048576,2048,hyprefill,512/1024/1024,graph,196,88.3775,18.3254,88.4289,88.3775,
100,8,1048576,2048,hyprefill,512/1024/1024,graph,197,89.5523,16.6779,89.5992,89.5523,
100,8,1048576,2048,hyprefill,512/1024/1024,graph,198,89.2926,18.3254,89.3393,89.2926,
100,8,1048576,2048,hyprefill,512/1024/1024,graph,199,84.7388,16.6461,84.7858,84.7388,
100,8,1048576,2048,hyprefill,512/2048/2048,graph,0,85.9057,15.3049,85.9602,85.9057,
100,8,1048576,2048,hyprefill,512/2048/2048,graph,1,88.7345,16.4033,88.7889,88.7345,
100,8,1048576,2048,hyprefill,512/2048/2048,graph,2,76.2710,14.9667,76.3184,76.2710,
100,8,1048576,2048,hyprefill,512/2048/2048,graph,3,68.2739,16.8570,68.3189,68.2739,
100,8,1048576,2048,hyprefill,512/2048/2048,graph,4,64.6532,16.0014,64.7023,64.6532,
100,8,1048576,2048,hyprefill,512/2048/2048,graph,5,90.6142,16.4033,90.6686,90.6142,
100,8,1048576,2048,hyprefill,512/2048/2048,graph,6,86.0049,15.8541,86.0590,86.0049,
100,8,1048576,2048,hyprefill,512/2048/2048,graph,7,82.8187,16.3715,82.8719,82.8187,
100,8,1048576,2048,hyprefill,512/2048/2048,graph,8,80.6883,16.0969,80.7386,80.6883,
100,8,1048576,2048,hyprefill,512/2048/2048,graph,9,84.5748,15.5477,84.6237,84.5748,
100,8,1048576,2048,hyprefill,512/2048/2048,graph,10,87.3482,16.1287,87.3955,87.3482,
100,8,1048576,2048,hyprefill,512/2048/2048,graph,11,86.6805,15.3049,86.7301,86.6805,
100,8,1048576,2048,hyprefill,512/2048/2048,graph,12,89.5965,16.4033,89.6587,89.5965,
100,8,1048576,2048,hyprefill,512/2048/2048,graph,13,84.3236,14.9985,84.3771,84.3236,
100,8,1048576,2048,hyprefill,512/2048/2048,graph,14,68.2578,16.8570,68.3133,68.2578,
100,8,1048576,2048,hyprefill,512/2048/2048,graph,15,64.6297,15.7268,64.6806,64.6297,
100,8,1048576,2048,hyprefill,512/2048/2048,graph,16,89.9109,16.1287,89.9616,89.9109,
100,8,1048576,2048,hyprefill,512/2048/2048,graph,17,89.8812,15.8541,89.9371,89.8812,
100,8,1048576,2048,hyprefill,512/2048/2048,graph,18,88.8175,16.4033,88.8739,88.8175,
100,8,1048576,2048,hyprefill,512/2048/2048,graph,19,88.6184,16.4033,88.6693,88.6184,
100,8,1048576,2048,hyprefill,512/2048/2048,graph,20,84.7233,15.2731,84.7740,84.7233,
100,8,1048576,2048,hyprefill,512/2048/2048,graph,21,87.8399,16.4033,87.8900,87.8399,
100,8,1048576,2048,hyprefill,512/2048/2048,graph,22,90.1216,15.5795,90.1931,90.1216,
100,8,1048576,2048,hyprefill,512/2048/2048,graph,23,89.6974,16.4033,89.7517,89.6974,
100,8,1048576,2048,hyprefill,512/2048/2048,graph,24,89.2884,14.7558,89.3401,89.2884,
100,8,1048576,2048,hyprefill,512/2048/2048,graph,25,74.5132,16.3397,74.5624,74.5132,
100,8,1048576,2048,hyprefill,512/2048/2048,graph,26,70.8646,16.0332,70.9158,70.8646,
100,8,1048576,2048,hyprefill,512/2048/2048,graph,27,87.2976,15.8541,87.3538,87.2976,
100,8,1048576,2048,hyprefill,512/2048/2048,graph,28,89.0528,15.8541,89.1392,89.0528,
100,8,1048576,2048,hyprefill,512/2048/2048,graph,29,89.1745,16.4033,89.2256,89.1745,
100,8,1048576,2048,hyprefill,512/2048/2048,graph,30,84.0038,16.3715,84.0516,84.0038,
100,8,1048576,2048,hyprefill,512/2048/2048,graph,31,76.0548,15.7905,76.1035,76.0548,
100,8,1048576,2048,hyprefill,512/2048/2048,graph,32,91.1868,16.1287,91.2353,91.1868,
100,8,1048576,2048,hyprefill,512/2048/2048,graph,33,89.9733,15.8541,90.0226,89.9733,
100,8,1048576,2048,hyprefill,512/2048/2048,graph,34,85.5969,16.4033,85.6550,85.5969,
100,8,1048576,2048,hyprefill,512/2048/2048,graph,35,87.1120,15.3049,87.1600,87.1120,
100,8,1048576,2048,hyprefill,512/2048/2048,graph,36,83.0529,16.3715,83.1016,83.0529,
100,8,1048576,2048,hyprefill,512/2048/2048,graph,37,79.4841,15.7905,79.5326,79.4841,
100,8,1048576,2048,hyprefill,512/2048/2048,graph,38,88.0916,16.4033,88.1380,88.0916,
100,8,1048576,2048,hyprefill,512/2048/2048,graph,39,88.1574,15.5795,88.2036,88.1574,
100,8,1048576,2048,hyprefill,512/2048/2048,graph,40,89.3430,16.4033,89.3898,89.3430,
100,8,1048576,2048,hyprefill,512/2048/2048,graph,41,83.1175,16.0969,83.1666,83.1175,
100,8,1048576,2048,hyprefill,512/2048/2048,graph,42,78.6652,16.3397,78.7101,78.6652,
100,8,1048576,2048,hyprefill,512/2048/2048,graph,43,81.4929,16.0969,81.5463,81.4929,
100,8,1048576,2048,hyprefill,512/2048/2048,graph,44,90.3399,16.1287,90.3956,90.3399,
100,8,1048576,2048,hyprefill,512/2048/2048,graph,45,89.2598,16.1287,89.3173,89.2598,
100,8,1048576,2048,hyprefill,512/2048/2048,graph,46,91.1226,15.8541,91.1774,91.1226,
100,8,1048576,2048,hyprefill,512/2048/2048,graph,47,87.2634,15.8541,87.3177,87.2634,
100,8,1048576,2048,hyprefill,512/2048/2048,graph,48,85.1435,16.0969,85.2020,85.1435,
100,8,1048576,2048,hyprefill,512/2048/2048,graph,49,89.7388,15.8541,89.7935,89.7388,
100,8,1048576,2048,hyprefill,512/2048/2048,graph,50,87.7535,15.8541,87.8026,87.7535,
100,8,1048576,2048,hyprefill,512/2048/2048,graph,51,87.2610,16.1287,87.3104,87.2610,
100,8,1048576,2048,hyprefill,512/2048/2048,graph,52,80.7406,16.0969,80.7897,80.7406,
100,8,1048576,2048,hyprefill,512/2048/2048,graph,53,76.8045,16.0651,76.8535,76.8045,
100,8,1048576,2048,hyprefill,512/2048/2048,graph,54,83.1997,16.3715,83.2589,83.1997,
100,8,1048576,2048,hyprefill,512/2048/2048,graph,55,90.2670,15.8541,90.3180,90.2670,
100,8,1048576,2048,hyprefill,512/2048/2048,graph,56,88.9155,16.4033,88.9649,88.9155,
100,8,1048576,2048,hyprefill,512/2048/2048,graph,57,90.1189,15.5795,90.1755,90.1189,
100,8,1048576,2048,hyprefill,512/2048/2048,graph,58,83.4016,16.3715,83.4559,83.4016,
100,8,1048576,2048,hyprefill,512/2048/2048,graph,59,81.5778,15.5477,81.6259,81.5778,
100,8,1048576,2048,hyprefill,512/2048/2048,graph,60,85.0623,15.8541,85.1112,85.0623,
100,8,1048576,2048,hyprefill,512/2048/2048,graph,61,89.2156,15.5795,89.2653,89.2156,
100,8,1048576,2048,hyprefill,512/2048/2048,graph,62,89.1146,16.4033,89.1695,89.1146,
100,8,1048576,2048,hyprefill,512/2048/2048,graph,63,83.0230,15.8223,83.0721,83.0230,
100,8,1048576,2048,hyprefill,512/2048/2048,graph,64,75.2424,16.3397,75.2899,75.2424,
100,8,1048576,2048,hyprefill,512/2048/2048,graph,65,83.1410,15.8223,83.2120,83.1410,
100,8,1048576,2048,hyprefill,512/2048/2048,graph,66,89.5938,16.4033,89.6427,89.5938,
100,8,1048576,2048,hyprefill,512/2048/2048,graph,67,88.8443,15.8541,88.9000,88.8443,
100,8,1048576,2048,hyprefill,512/2048/2048,graph,68,90.3885,16.4033,90.4386,90.3885,
100,8,1048576,2048,hyprefill,512/2048/2048,graph,69,81.0337,15.5477,81.0857,81.0337,
100,8,1048576,2048,hyprefill,512/2048/2048,graph,70,90.6363,16.4033,90.6867,90.6363,
100,8,1048576,2048,hyprefill,512/2048/2048,graph,71,89.1423,15.3049,89.1900,89.1423,
100,8,1048576,2048,hyprefill,512/2048/2048,graph,72,89.2621,16.4033,89.3165,89.2621,
100,8,1048576,2048,hyprefill,512/2048/2048,graph,73,90.2149,15.8541,90.2626,90.2149,
100,8,1048576,2048,hyprefill,512/2048/2048,graph,74,81.8313,16.3715,81.8822,81.8313,
100,8,1048576,2048,hyprefill,512/2048/2048,graph,75,75.9555,16.3397,76.0043,75.9555,
100,8,1048576,2048,hyprefill,512/2048/2048,graph,76,84.1785,15.8223,84.2257,84.1785,
100,8,1048576,2048,hyprefill,512/2048/2048,graph,77,89.2497,16.4033,89.2998,89.2497,
100,8,1048576,2048,hyprefill,512/2048/2048,graph,78,88.1146,15.5795,88.1612,88.1146,
100,8,1048576,2048,hyprefill,512/2048/2048,graph,79,90.0454,16.4033,90.1007,90.0454,
100,8,1048576,2048,hyprefill,512/2048/2048,graph,80,90.1256,15.3049,90.1724,90.1256,
100,8,1048576,2048,hyprefill,512/2048/2048,graph,81,89.0375,16.1287,89.0855,89.0375,
100,8,1048576,2048,hyprefill,512/2048/2048,graph,82,91.1569,15.5795,91.2141,91.1569,
100,8,1048576,2048,hyprefill,512/2048/2048,graph,83,87.1478,16.1287,87.1961,87.1478,
100,8,1048576,2048,hyprefill,512/2048/2048,graph,84,88.8703,16.1287,88.9204,88.8703,
100,8,1048576,2048,hyprefill,512/2048/2048,graph,85,85.3130,16.0969,85.3616,85.3130,
100,8,1048576,2048,hyprefill,512/2048/2048,graph,86,83.2563,16.6461,83.3110,83.2563,
100,8,1048576,2048,hyprefill,512/2048/2048,graph,87,85.7822,15.8223,85.8309,85.7822,
100,8,1048576,2048,hyprefill,512/2048/2048,graph,88,83.9784,16.9207,84.0269,83.9784,
100,8,1048576,2048,hyprefill,512/2048/2048,graph,89,82.5191,15.8223,82.5678,82.5191,
100,8,1048576,2048,hyprefill,512/2048/2048,graph,90,90.1726,16.6779,90.2473,90.1726,
100,8,1048576,2048,hyprefill,512/2048/2048,graph,91,88.2734,15.3049,88.3244,88.2734,
100,8,1048576,2048,hyprefill,512/2048/2048,graph,92,89.0092,16.4033,89.0567,89.0092,
100,8,1048576,2048,hyprefill,512/2048/2048,graph,93,90.2402,15.5795,90.2884,90.2402,
100,8,1048576,2048,hyprefill,512/2048/2048,graph,94,88.8149,16.1287,88.8648,88.8149,
100,8,1048576,2048,hyprefill,512/2048/2048,graph,95,90.9144,15.3049,90.9618,90.9144,
100,8,1048576,2048,hyprefill,512/2048/2048,graph,96,90.1434,16.1287,90.1918,90.1434,
100,8,1048576,2048,hyprefill,512/2048/2048,graph,97,82.8194,16.0969,82.8735,82.8194,
100,8,1048576,2048,hyprefill,512/2048/2048,graph,98,84.2707,16.0969,84.3224,84.2707,
100,8,1048576,2048,hyprefill,512/2048/2048,graph,99,77.5136,16.0651,77.5628,77.5136,
100,8,1048576,2048,hyprefill,512/2048/2048,graph,100,75.9400,16.3397,75.9959,75.9400,
100,8,1048576,2048,hyprefill,512/2048/2048,graph,101,83.2210,16.3715,83.2708,83.2210,
100,8,1048576,2048,hyprefill,512/2048/2048,graph,102,91.4094,15.8541,91.4618,91.4094,
100,8,1048576,2048,hyprefill,512/2048/2048,graph,103,90.0052,15.8541,90.0535,90.0052,
100,8,1048576,2048,hyprefill,512/2048/2048,graph,104,86.6448,15.8541,86.6921,86.6448,
100,8,1048576,2048,hyprefill,512/2048/2048,graph,105,89.3324,15.8541,89.3798,89.3324,
100,8,1048576,2048,hyprefill,512/2048/2048,graph,106,88.6000,15.3049,88.6474,88.6000,
100,8,1048576,2048,hyprefill,512/2048/2048,graph,107,89.0953,15.8541,89.1400,89.0953,
100,8,1048576,2048,hyprefill,512/2048/2048,graph,108,89.7379,16.1287,89.7880,89.7379,
100,8,1048576,2048,hyprefill,512/2048/2048,graph,109,83.6649,15.8223,83.7141,83.6649,
100,8,1048576,2048,hyprefill,512/2048/2048,graph,110,76.8147,16.0651,76.8615,76.8147,
100,8,1048576,2048,hyprefill,512/2048/2048,graph,111,76.2132,16.6142,76.2633,76.2132,
100,8,1048576,2048,hyprefill,512/2048/2048,graph,112,80.7561,16.3715,80.8056,80.7561,
100,8,1048576,2048,hyprefill,512/2048/2048,graph,113,90.1612,16.1287,90.2179,90.1612,
100,8,1048576,2048,hyprefill,512/2048/2048,graph,114,88.3027,15.5795,88.3562,88.3027,
100,8,1048576,2048,hyprefill,512/2048/2048,graph,115,81.0898,16.9207,81.1496,81.0898,
100,8,1048576,2048,hyprefill,512/2048/2048,graph,116,90.8893,15.3049,90.9444,90.8893,
100,8,1048576,2048,hyprefill,512/2048/2048,graph,117,89.2478,15.8541,89.2996,89.2478,
100,8,1048576,2048,hyprefill,512/2048/2048,graph,118,87.7613,15.3049,87.8086,87.7613,
100,8,1048576,2048,hyprefill,512/2048/2048,graph,119,88.6682,16.6779,88.7154,88.6682,
100,8,1048576,2048,hyprefill,512/2048/2048,graph,120,90.5323,15.3049,90.5947,90.5323,
100,8,1048576,2048,hyprefill,512/2048/2048,graph,121,80.6729,15.8223,80.7225,80.6729,
100,8,1048576,2048,hyprefill,512/2048/2048,graph,122,77.0818,16.0651,77.1305,77.0818,
100,8,1048576,2048,hyprefill,512/2048/2048,graph,123,81.1301,16.3715,81.1811,81.1301,
100,8,1048576,2048,hyprefill,512/2048/2048,graph,124,89.0200,15.8541,89.0702,89.0200,
100,8,1048576,2048,hyprefill,512/2048/2048,graph,125,89.2581,16.1287,89.3053,89.2581,
100,8,1048576,2048,hyprefill,512/2048/2048,graph,126,81.2817,16.6461,81.3339,81.2817,
100,8,1048576,2048,hyprefill,512/2048/2048,graph,127,84.0742,16.0969,84.1283,84.0742,
100,8,1048576,2048,hyprefill,512/2048/2048,graph,128,89.5070,15.8541,89.5566,89.5070,
100,8,1048576,2048,hyprefill,512/2048/2048,graph,129,89.9933,15.8541,90.0406,89.9933,
100,8,1048576,2048,hyprefill,512/2048/2048,graph,130,87.6271,16.4033,87.6737,87.6271,
100,8,1048576,2048,hyprefill,512/2048/2048,graph,131,87.0797,15.5795,87.1301,87.0797,
100,8,1048576,2048,hyprefill,512/2048/2048,graph,132,88.2984,15.5795,88.3469,88.2984,
100,8,1048576,2048,hyprefill,512/2048/2048,graph,133,81.4137,15.8223,81.4649,81.4137,
100,8,1048576,2048,hyprefill,512/2048/2048,graph,134,82.7327,16.3715,82.7835,82.7327,
100,8,1048576,2048,hyprefill,512/2048/2048,graph,135,90.7011,15.8541,90.7549,90.7011,
100,8,1048576,2048,hyprefill,512/2048/2048,graph,136,87.6415,16.1287,87.7034,87.6415,
100,8,1048576,2048,hyprefill,512/2048/2048,graph,137,75.6409,16.0651,75.6986,75.6409,
100,8,1048576,2048,hyprefill,512/2048/2048,graph,138,74.5097,16.6142,74.5592,74.5097,
100,8,1048576,2048,hyprefill,512/2048/2048,graph,139,85.3645,15.5477,85.4156,85.3645,
100,8,1048576,2048,hyprefill,512/2048/2048,graph,140,91.2804,16.4033,91.3299,91.2804,
100,8,1048576,2048,hyprefill,512/2048/2048,graph,141,90.0053,15.5795,90.0559,90.0053,
100,8,1048576,2048,hyprefill,512/2048/2048,graph,142,88.0817,16.1287,88.1356,88.0817,
100,8,1048576,2048,hyprefill,512/2048/2048,graph,143,90.4397,15.5795,90.4910,90.4397,
100,8,1048576,2048,hyprefill,512/2048/2048,graph,144,83.8374,16.0969,83.8878,83.8374,
100,8,1048576,2048,hyprefill,512/2048/2048,graph,145,84.7597,16.3715,84.8065,84.7597,
100,8,1048576,2048,hyprefill,512/2048/2048,graph,146,88.8561,15.8541,88.9117,88.8561,
100,8,1048576,2048,hyprefill,512/2048/2048,graph,147,91.0638,16.1287,91.1160,91.0638,
100,8,1048576,2048,hyprefill,512/2048/2048,graph,148,77.0782,16.0651,77.1310,77.0782,
100,8,1048576,2048,hyprefill,512/2048/2048,graph,149,77.3738,16.6142,77.4303,77.3738,
100,8,1048576,2048,hyprefill,512/2048/2048,graph,150,81.2904,15.5477,81.3412,81.2904,
100,8,1048576,2048,hyprefill,512/2048/2048,graph,151,89.2565,16.4033,89.3136,89.2565,
100,8,1048576,2048,hyprefill,512/2048/2048,graph,152,88.4893,15.5795,88.5379,88.4893,
100,8,1048576,2048,hyprefill,512/2048/2048,graph,153,88.6661,16.1287,88.7185,88.6661,
100,8,1048576,2048,hyprefill,512/2048/2048,graph,154,89.6343,15.5795,89.6844,89.6343,
100,8,1048576,2048,hyprefill,512/2048/2048,graph,155,83.3187,15.8223,83.3678,83.3187,
100,8,1048576,2048,hyprefill,512/2048/2048,graph,156,83.2157,16.0969,83.2635,83.2157,
100,8,1048576,2048,hyprefill,512/2048/2048,graph,157,88.8810,15.5795,88.9299,88.8810,
100,8,1048576,2048,hyprefill,512/2048/2048,graph,158,89.6933,15.8541,89.7460,89.6933,
100,8,1048576,2048,hyprefill,512/2048/2048,graph,159,76.7994,16.3397,76.8465,76.7994,
100,8,1048576,2048,hyprefill,512/2048/2048,graph,160,76.5092,16.3397,76.5569,76.5092,
100,8,1048576,2048,hyprefill,512/2048/2048,graph,161,82.6221,15.8223,82.6722,82.6221,
100,8,1048576,2048,hyprefill,512/2048/2048,graph,162,83.5188,16.0969,83.5697,83.5188,
100,8,1048576,2048,hyprefill,512/2048/2048,graph,163,88.2064,16.1287,88.2558,88.2064,
100,8,1048576,2048,hyprefill,512/2048/2048,graph,164,88.7584,15.8541,88.8077,88.7584,
100,8,1048576,2048,hyprefill,512/2048/2048,graph,165,90.4709,15.8541,90.5211,90.4709,
100,8,1048576,2048,hyprefill,512/2048/2048,graph,166,90.3469,15.5795,90.3965,90.3469,
100,8,1048576,2048,hyprefill,512/2048/2048,graph,167,84.6733,16.3715,84.7300,84.6733,
100,8,1048576,2048,hyprefill,512/2048/2048,graph,168,89.9445,15.8541,89.9957,89.9445,
100,8,1048576,2048,hyprefill,512/2048/2048,graph,169,89.3596,15.8541,89.4063,89.3596,
100,8,1048576,2048,hyprefill,512/2048/2048,graph,170,77.1134,16.3397,77.1601,77.1134,
100,8,1048576,2048,hyprefill,512/2048/2048,graph,171,74.7810,16.3397,74.8338,74.7810,
100,8,1048576,2048,hyprefill,512/2048/2048,graph,172,78.1347,16.0651,78.1853,78.1347,
100,8,1048576,2048,hyprefill,512/2048/2048,graph,173,76.4881,16.3397,76.5426,76.4881,
100,8,1048576,2048,hyprefill,512/2048/2048,graph,174,89.6129,16.1287,89.6619,89.6129,
100,8,1048576,2048,hyprefill,512/2048/2048,graph,175,89.3067,16.1287,89.3565,89.3067,
100,8,1048576,2048,hyprefill,512/2048/2048,graph,176,88.5597,15.5795,88.6162,88.5597,
100,8,1048576,2048,hyprefill,512/2048/2048,graph,177,87.8500,15.8541,87.9065,87.8500,
100,8,1048576,2048,hyprefill,512/2048/2048,graph,178,84.4010,16.0969,84.4577,84.4010,
100,8,1048576,2048,hyprefill,512/2048/2048,graph,179,85.9176,15.8541,85.9747,85.9176,
100,8,1048576,2048,hyprefill,512/2048/2048,graph,180,89.7943,15.3049,89.8507,89.7943,
100,8,1048576,2048,hyprefill,512/2048/2048,graph,181,83.1136,16.3715,83.1703,83.1136,
100,8,1048576,2048,hyprefill,512/2048/2048,graph,182,77.9054,16.0651,77.9617,77.9054,
100,8,1048576,2048,hyprefill,512/2048/2048,graph,183,76.3900,16.3397,76.4493,76.3900,
100,8,1048576,2048,hyprefill,512/2048/2048,graph,184,70.0652,15.7586,70.1187,70.0652,
100,8,1048576,2048,hyprefill,512/2048/2048,graph,185,88.9679,16.4033,89.0196,88.9679,
100,8,1048576,2048,hyprefill,512/2048/2048,graph,186,88.8934,15.8541,88.9427,88.8934,
100,8,1048576,2048,hyprefill,512/2048/2048,graph,187,90.1103,16.1287,90.1663,90.1103,
100,8,1048576,2048,hyprefill,512/2048/2048,graph,188,90.0258,15.5795,90.0792,90.0258,
100,8,1048576,2048,hyprefill,512/2048/2048,graph,189,82.8725,16.0969,82.9293,82.8725,
100,8,1048576,2048,hyprefill,512/2048/2048,graph,190,86.6222,15.8541,86.6801,86.6222,
100,8,1048576,2048,hyprefill,512/2048/2048,graph,191,87.9368,15.5795,87.9875,87.9368,
100,8,1048576,2048,hyprefill,512/2048/2048,graph,192,83.4032,16.3715,83.4563,83.4032,
100,8,1048576,2048,hyprefill,512/2048/2048,graph,193,77.8164,15.7905,77.8705,77.8164,
100,8,1048576,2048,hyprefill,512/2048/2048,graph,194,76.5570,16.0651,76.6056,76.5570,
100,8,1048576,2048,hyprefill,512/2048/2048,graph,195,69.3178,16.0332,69.3658,69.3178,
100,8,1048576,2048,hyprefill,512/2048/2048,graph,196,90.4249,16.1287,90.4764,90.4249,
100,8,1048576,2048,hyprefill,512/2048/2048,graph,197,88.3447,16.1287,88.3975,88.3447,
100,8,1048576,2048,hyprefill,512/2048/2048,graph,198,88.0231,15.3049,88.0733,88.0231,
100,8,1048576,2048,hyprefill,512/2048/2048,graph,199,87.8579,15.8541,87.9102,87.8579,
100,8,1048576,2048,hyprefill,512/768/768,graph,0,89.0232,18.6000,89.0808,89.0232,
100,8,1048576,2048,hyprefill,512/768/768,graph,1,89.6387,18.6000,89.6867,89.6387,
100,8,1048576,2048,hyprefill,512/768/768,graph,2,78.5986,18.5364,78.6499,78.5986,
100,8,1048576,2048,hyprefill,512/768/768,graph,3,90.6869,18.3254,90.7415,90.6869,
100,8,1048576,2048,hyprefill,512/768/768,graph,4,82.8314,18.8428,82.8923,82.8314,
100,8,1048576,2048,hyprefill,512/768/768,graph,5,90.6656,18.0508,90.7236,90.6656,
100,8,1048576,2048,hyprefill,512/768/768,graph,6,84.1503,18.8428,84.2073,84.1503,
100,8,1048576,2048,hyprefill,512/768/768,graph,7,91.5011,17.7763,91.5509,91.5011,
100,8,1048576,2048,hyprefill,512/768/768,graph,8,83.5889,18.0190,83.6370,83.5889,
100,8,1048576,2048,hyprefill,512/768/768,graph,9,89.6451,18.3254,89.6977,89.6451,
100,8,1048576,2048,hyprefill,512/768/768,graph,10,86.3178,18.5682,86.3686,86.3178,
100,8,1048576,2048,hyprefill,512/768/768,graph,11,83.4455,19.1174,83.4949,83.4455,
100,8,1048576,2048,hyprefill,512/768/768,graph,12,90.5803,17.7763,90.6413,90.5803,
100,8,1048576,2048,hyprefill,512/768/768,graph,13,77.5001,19.0856,77.5503,77.5001,
100,8,1048576,2048,hyprefill,512/768/768,graph,14,91.4487,18.6000,91.4986,91.4487,
100,8,1048576,2048,hyprefill,512/768/768,graph,15,90.8691,18.6000,90.9187,90.8691,
100,8,1048576,2048,hyprefill,512/768/768,graph,16,87.9218,17.7763,87.9766,87.9218,
100,8,1048576,2048,hyprefill,512/768/768,graph,17,90.1431,17.2271,90.1985,90.1431,
100,8,1048576,2048,hyprefill,512/768/768,graph,18,90.5886,18.6000,90.6409,90.5886,
100,8,1048576,2048,hyprefill,512/768/768,graph,19,86.6280,18.0190,86.6753,86.6280,
100,8,1048576,2048,hyprefill,512/768/768,graph,20,84.3580,19.3920,84.4090,84.3580,
100,8,1048576,2048,hyprefill,512/768/768,graph,21,85.2077,18.2936,85.2561,85.2077,
100,8,1048576,2048,hyprefill,512/768/768,graph,22,78.2886,19.9093,78.3365,78.2886,
100,8,1048576,2048,hyprefill,512/768/768,graph,23,83.8500,18.5682,83.8996,83.8500,
100,8,1048576,2048,hyprefill,512/768/768,graph,24,89.9669,19.1492,90.0165,89.9669,
100,8,1048576,2048,hyprefill,512/768/768,graph,25,90.1966,17.5017,90.2500,90.1966,
100,8,1048576,2048,hyprefill,512/768/768,graph,26,89.2306,17.7763,89.2892,89.2306,
100,8,1048576,2048,hyprefill,512/768/768,graph,27,89.3255,17.5017,89.3754,89.3255,
100,8,1048576,2048,hyprefill,512/768/768,graph,28,89.8260,18.3254,89.8818,89.8260,
100,8,1048576,2048,hyprefill,512/768/768,graph,29,79.6013,18.5364,79.6621,79.6013,
100,8,1048576,2048,hyprefill,512/768/768,graph,30,83.6218,18.8428,83.6821,83.6218,
100,8,1048576,2048,hyprefill,512/768/768,graph,31,78.4964,19.0856,78.5597,78.4964,
100,8,1048576,2048,hyprefill,512/768/768,graph,32,90.1841,18.0508,90.2439,90.1841,
100,8,1048576,2048,hyprefill,512/768/768,graph,33,77.6730,19.0856,77.7289,77.6730,
100,8,1048576,2048,hyprefill,512/768/768,graph,34,90.3547,17.7763,90.4061,90.3547,
100,8,1048576,2048,hyprefill,512/768/768,graph,35,88.8584,18.3254,88.9165,88.8584,
100,8,1048576,2048,hyprefill,512/768/768,graph,36,89.9756,18.0508,90.0290,89.9756,
100,8,1048576,2048,hyprefill,512/768/768,graph,37,87.5299,18.0508,87.5807,87.5299,
100,8,1048576,2048,hyprefill,512/768/768,graph,38,84.1674,18.2936,84.2220,84.1674,
100,8,1048576,2048,hyprefill,512/768/768,graph,39,86.4609,18.5682,86.5153,86.4609,
100,8,1048576,2048,hyprefill,512/768/768,graph,40,78.9632,19.0856,79.0117,78.9632,
100,8,1048576,2048,hyprefill,512/768/768,graph,41,85.9082,18.5682,85.9634,85.9082,
100,8,1048576,2048,hyprefill,512/768/768,graph,42,83.6372,19.3920,83.6845,83.6372,
100,8,1048576,2048,hyprefill,512/768/768,graph,43,84.9445,18.8428,84.9927,84.9445,
100,8,1048576,2048,hyprefill,512/768/768,graph,44,91.3930,18.8746,91.4428,91.3930,
100,8,1048576,2048,hyprefill,512/768/768,graph,45,88.3627,17.7763,88.4115,88.3627,
100,8,1048576,2048,hyprefill,512/768/768,graph,46,91.7879,18.0508,91.8469,91.7879,
100,8,1048576,2048,hyprefill,512/768/768,graph,47,85.2196,18.5682,85.2737,85.2196,
100,8,1048576,2048,hyprefill,512/768/768,graph,48,88.7484,17.7763,88.8005,88.7484,
100,8,1048576,2048,hyprefill,512/768/768,graph,49,85.6896,18.2936,85.7394,85.6896,
100,8,1048576,2048,hyprefill,512/768/768,graph,50,86.6728,18.8428,86.7310,86.6728,
100,8,1048576,2048,hyprefill,512/768/768,graph,51,82.8026,18.8428,82.8571,82.8026,
100,8,1048576,2048,hyprefill,512/768/768,graph,52,87.8553,18.8746,87.9124,87.8553,
100,8,1048576,2048,hyprefill,512/768/768,graph,53,91.5062,18.3254,91.5606,91.5062,
100,8,1048576,2048,hyprefill,512/768/768,graph,54,83.8524,18.8428,83.9094,83.8524,
100,8,1048576,2048,hyprefill,512/768/768,graph,55,91.9744,18.6000,92.0262,91.9744,
100,8,1048576,2048,hyprefill,512/768/768,graph,56,86.5195,18.0190,86.5773,86.5195,
100,8,1048576,2048,hyprefill,512/768/768,graph,57,90.2985,18.3254,90.3483,90.2985,
100,8,1048576,2048,hyprefill,512/768/768,graph,58,91.5771,18.0508,91.6249,91.5771,
100,8,1048576,2048,hyprefill,512/768/768,graph,59,85.2451,18.8428,85.2991,85.2451,
100,8,1048576,2048,hyprefill,512/768/768,graph,60,83.7453,18.8428,83.7934,83.7453,
100,8,1048576,2048,hyprefill,512/768/768,graph,61,90.1924,18.3254,90.2415,90.1924,
100,8,1048576,2048,hyprefill,512/768/768,graph,62,91.1154,18.3254,91.1680,91.1154,
100,8,1048576,2048,hyprefill,512/768/768,graph,63,84.0082,18.5682,84.0617,84.0082,
100,8,1048576,2048,hyprefill,512/768/768,graph,64,89.3877,18.3254,89.4373,89.3877,
100,8,1048576,2048,hyprefill,512/768/768,graph,65,85.4234,18.5682,85.5358,85.4234,
100,8,1048576,2048,hyprefill,512/768/768,graph,66,90.5423,18.0508,90.5919,90.5423,
100,8,1048576,2048,hyprefill,512/768/768,graph,67,90.6814,18.6000,90.7305,90.6814,
100,8,1048576,2048,hyprefill,512/768/768,graph,68,86.9411,18.5682,86.9983,86.9411,
100,8,1048576,2048,hyprefill,512/768/768,graph,69,86.4878,18.8428,86.5420,86.4878,
100,8,1048576,2048,hyprefill,512/768/768,graph,70,92.0752,18.6000,92.1254,92.0752,
100,8,1048576,2048,hyprefill,512/768/768,graph,71,85.1347,18.5682,85.1831,85.1347,
100,8,1048576,2048,hyprefill,512/768/768,graph,72,85.3366,18.8428,85.3881,85.3366,
100,8,1048576,2048,hyprefill,512/768/768,graph,73,84.8250,18.8428,84.8876,84.8250,
100,8,1048576,2048,hyprefill,512/768/768,graph,74,83.0508,18.5682,83.0999,83.0508,
100,8,1048576,2048,hyprefill,512/768/768,graph,75,92.2203,18.3254,92.2730,92.2203,
100,8,1048576,2048,hyprefill,512/768/768,graph,76,91.2436,18.0508,91.2961,91.2436,
100,8,1048576,2048,hyprefill,512/768/768,graph,77,86.2078,18.5682,86.2552,86.2078,
100,8,1048576,2048,hyprefill,512/768/768,graph,78,85.1965,18.2936,85.2523,85.1965,
100,8,1048576,2048,hyprefill,512/768/768,graph,79,90.1446,18.3254,90.1977,90.1446,
100,8,1048576,2048,hyprefill,512/768/768,graph,80,82.7507,18.5682,82.7999,82.7507,
100,8,1048576,2048,hyprefill,512/768/768,graph,81,83.2459,18.5682,83.2943,83.2459,
100,8,1048576,2048,hyprefill,512/768/768,graph,82,75.2813,18.8110,75.3288,75.2813,
100,8,1048576,2048,hyprefill,512/768/768,graph,83,84.3547,18.2936,84.4021,84.3547,
100,8,1048576,2048,hyprefill,512/768/768,graph,84,91.0785,17.7763,91.1313,91.0785,
100,8,1048576,2048,hyprefill,512/768/768,graph,85,91.6127,18.0508,91.6614,91.6127,
100,8,1048576,2048,hyprefill,512/768/768,graph,86,86.4151,18.5682,86.4635,86.4151,
100,8,1048576,2048,hyprefill,512/768/768,graph,87,82.4781,18.5682,82.5259,82.4781,
100,8,1048576,2048,hyprefill,512/768/768,graph,88,88.4580,18.6000,88.5314,88.4580,
100,8,1048576,2048,hyprefill,512/768/768,graph,89,82.9268,18.5682,82.9863,82.9268,
100,8,1048576,2048,hyprefill,512/768/768,graph,90,82.9364,18.5682,82.9886,82.9364,
100,8,1048576,2048,hyprefill,512/768/768,graph,91,76.5140,18.8110,76.5637,76.5140,
100,8,1048576,2048,hyprefill,512/768/768,graph,92,90.9462,18.3254,90.9966,90.9462,
100,8,1048576,2048,hyprefill,512/768/768,graph,93,90.2113,17.5017,90.2674,90.2113,
100,8,1048576,2048,hyprefill,512/768/768,graph,94,91.1213,18.0508,91.1749,91.1213,
100,8,1048576,2048,hyprefill,512/768/768,graph,95,85.1107,18.2936,85.1624,85.1107,
100,8,1048576,2048,hyprefill,512/768/768,graph,96,82.2116,18.2936,82.2642,82.2116,
100,8,1048576,2048,hyprefill,512/768/768,graph,97,91.7294,17.7763,91.7913,91.7294,
100,8,1048576,2048,hyprefill,512/768/768,graph,98,82.7968,18.5682,82.8493,82.7968,
100,8,1048576,2048,hyprefill,512/768/768,graph,99,86.5439,18.8428,86.5938,86.5439,
100,8,1048576,2048,hyprefill,512/768/768,graph,100,77.3667,18.8110,77.4179,77.3667,
100,8,1048576,2048,hyprefill,512/768/768,graph,101,91.4708,18.0508,91.5258,91.4708,
100,8,1048576,2048,hyprefill,512/768/768,graph,102,88.6226,18.0508,88.6710,88.6226,
100,8,1048576,2048,hyprefill,512/768/768,graph,103,90.5371,17.7763,90.5857,90.5371,
100,8,1048576,2048,hyprefill,512/768/768,graph,104,84.3143,18.5682,84.3640,84.3143,
100,8,1048576,2048,hyprefill,512/768/768,graph,105,90.1599,17.7763,90.2103,90.1599,
100,8,1048576,2048,hyprefill,512/768/768,graph,106,88.5433,18.0508,88.5952,88.5433,
100,8,1048576,2048,hyprefill,512/768/768,graph,107,86.8146,18.8428,86.8681,86.8146,
100,8,1048576,2048,hyprefill,512/768/768,graph,108,83.5717,18.8428,83.6231,83.5717,
100,8,1048576,2048,hyprefill,512/768/768,graph,109,76.1832,19.3601,76.2325,76.1832,
100,8,1048576,2048,hyprefill,512/768/768,graph,110,90.3652,17.7763,90.4127,90.3652,
100,8,1048576,2048,hyprefill,512/768/768,graph,111,90.9361,18.6000,90.9889,90.9361,
100,8,1048576,2048,hyprefill,512/768/768,graph,112,91.3477,18.6000,91.4009,91.3477,
100,8,1048576,2048,hyprefill,512/768/768,graph,113,83.0822,18.8428,83.1356,83.0822,
100,8,1048576,2048,hyprefill,512/768/768,graph,114,90.1736,17.2271,90.2286,90.1736,
100,8,1048576,2048,hyprefill,512/768/768,graph,115,88.9396,17.7763,88.9959,88.9396,
100,8,1048576,2048,hyprefill,512/768/768,graph,116,84.5891,18.8428,84.6478,84.5891,
100,8,1048576,2048,hyprefill,512/768/768,graph,117,78.3469,18.8110,78.4005,78.3469,
100,8,1048576,2048,hyprefill,512/768/768,graph,118,79.3972,19.3601,79.4469,79.3972,
100,8,1048576,2048,hyprefill,512/768/768,graph,119,91.8264,18.6000,91.8836,91.8264,
100,8,1048576,2048,hyprefill,512/768/768,graph,120,90.8101,18.3254,90.8758,90.8101,
100,8,1048576,2048,hyprefill,512/768/768,graph,121,90.4028,17.7763,90.4573,90.4028,
100,8,1048576,2048,hyprefill,512/768/768,graph,122,84.1993,19.1174,84.2473,84.1993,
100,8,1048576,2048,hyprefill,512/768/768,graph,123,91.5658,17.7763,91.6294,91.5658,
100,8,1048576,2048,hyprefill,512/768/768,graph,124,89.2365,17.7763,89.2979,89.2365,
100,8,1048576,2048,hyprefill,512/768/768,graph,125,90.6584,18.3254,90.7225,90.6584,
100,8,1048576,2048,hyprefill,512/768/768,graph,126,79.8967,18.5364,79.9557,79.8967,
100,8,1048576,2048,hyprefill,512/768/768,graph,127,79.0623,19.3601,79.1116,79.0623,
100,8,1048576,2048,hyprefill,512/768/768,graph,128,92.1765,18.0508,92.2248,92.1765,
100,8,1048576,2048,hyprefill,512/768/768,graph,129,90.5823,18.6000,90.6395,90.5823,
100,8,1048576,2048,hyprefill,512/768/768,graph,130,89.9766,18.3254,90.0303,89.9766,
100,8,1048576,2048,hyprefill,512/768/768,graph,131,76.9900,18.8110,77.0526,76.9900,
100,8,1048576,2048,hyprefill,512/768/768,graph,132,90.5340,18.3254,90.5936,90.5340,
100,8,1048576,2048,hyprefill,512/768/768,graph,133,89.1148,17.7763,89.1698,89.1148,
100,8,1048576,2048,hyprefill,512/768/768,graph,134,88.4522,18.0508,88.5143,88.4522,
100,8,1048576,2048,hyprefill,512/768/768,graph,135,84.1012,18.2936,84.1509,84.1012,
100,8,1048576,2048,hyprefill,512/768/768,graph,136,83.6530,18.8428,83.7099,83.6530,
100,8,1048576,2048,hyprefill,512/768/768,graph,137,88.1643,17.5017,88.2195,88.1643,
100,8,1048576,2048,hyprefill,512/768/768,graph,138,88.9227,18.0508,88.9817,88.9227,
100,8,1048576,2048,hyprefill,512/768/768,graph,139,90.7914,18.8746,90.8450,90.7914,
100,8,1048576,2048,hyprefill,512/768/768,graph,140,71.3042,19.0537,71.3530,71.3042,
100,8,1048576,2048,hyprefill,512/768/768,graph,141,91.3503,18.6000,91.4062,91.3503,
100,8,1048576,2048,hyprefill,512/768/768,graph,142,91.3113,18.0508,91.3595,91.3113,
100,8,1048576,2048,hyprefill,512/768/768,graph,143,90.1024,18.3254,90.1553,90.1024,
100,8,1048576,2048,hyprefill,512/768/768,graph,144,92.2124,18.0508,92.2699,92.2124,
100,8,1048576,2048,hyprefill,512/768/768,graph,145,84.3199,18.2936,84.3691,84.3199,
100,8,1048576,2048,hyprefill,512/768/768,graph,146,90.5854,17.7763,90.6355,90.5854,
100,8,1048576,2048,hyprefill,512/768/768,graph,147,82.3829,18.8428,82.4356,82.3829,
100,8,1048576,2048,hyprefill,512/768/768,graph,148,90.9403,18.3254,90.9937,90.9403,
100,8,1048576,2048,hyprefill,512/768/768,graph,149,77.9354,18.8110,77.9830,77.9354,
100,8,1048576,2048,hyprefill,512/768/768,graph,150,84.5993,18.8428,84.6480,84.5993,
100,8,1048576,2048,hyprefill,512/768/768,graph,151,90.1670,18.6000,90.2212,90.1670,
100,8,1048576,2048,hyprefill,512/768/768,graph,152,90.5286,18.0508,90.5829,90.5286,
100,8,1048576,2048,hyprefill,512/768/768,graph,153,91.8605,18.0508,91.9075,91.8605,
100,8,1048576,2048,hyprefill,512/768/768,graph,154,90.0194,18.3254,90.0676,90.0194,
100,8,1048576,2048,hyprefill,512/768/768,graph,155,88.1540,17.7763,88.2053,88.1540,
100,8,1048576,2048,hyprefill,512/768/768,graph,156,87.6030,18.0508,87.6570,87.6030,
100,8,1048576,2048,hyprefill,512/768/768,graph,157,90.7603,17.7763,90.8092,90.7603,
100,8,1048576,2048,hyprefill,512/768/768,graph,158,77.5373,19.0856,77.5851,77.5373,
100,8,1048576,2048,hyprefill,512/768/768,graph,159,86.2984,18.5682,86.3455,86.2984,
100,8,1048576,2048,hyprefill,512/768/768,graph,160,85.2072,19.1174,85.2529,85.2072,
100,8,1048576,2048,hyprefill,512/768/768,graph,161,84.0491,18.5682,84.0974,84.0491,
100,8,1048576,2048,hyprefill,512/768/768,graph,162,89.2228,18.0508,89.2688,89.2228,
100,8,1048576,2048,hyprefill,512/768/768,graph,163,91.6516,17.2271,91.6979,91.6516,
100,8,1048576,2048,hyprefill,512/768/768,graph,164,89.6713,18.0508,89.7240,89.6713,
100,8,1048576,2048,hyprefill,512/768/768,graph,165,91.7640,17.7763,91.8132,91.7640,
100,8,1048576,2048,hyprefill,512/768/768,graph,166,90.1605,18.3254,90.2083,90.1605,
100,8,1048576,2048,hyprefill,512/768/768,graph,167,79.1335,18.5364,79.1784,79.1335,
100,8,1048576,2048,hyprefill,512/768/768,graph,168,84.1244,18.8428,84.1700,84.1244,
100,8,1048576,2048,hyprefill,512/768/768,graph,169,77.6106,19.0856,77.6597,77.6106,
100,8,1048576,2048,hyprefill,512/768/768,graph,170,85.7537,18.5682,85.8004,85.7537,
100,8,1048576,2048,hyprefill,512/768/768,graph,171,84.8065,18.8428,84.8531,84.8065,
100,8,1048576,2048,hyprefill,512/768/768,graph,172,91.0846,18.0508,91.1305,91.0846,
100,8,1048576,2048,hyprefill,512/768/768,graph,173,90.8265,18.0508,90.8746,90.8265,
100,8,1048576,2048,hyprefill,512/768/768,graph,174,89.2360,18.0508,89.2864,89.2360,
100,8,1048576,2048,hyprefill,512/768/768,graph,175,86.8438,17.7763,86.8957,86.8438,
100,8,1048576,2048,hyprefill,512/768/768,graph,176,77.7605,18.2618,77.8175,77.7605,
100,8,1048576,2048,hyprefill,512/768/768,graph,177,82.9639,18.8428,83.0138,82.9639,
100,8,1048576,2048,hyprefill,512/768/768,graph,178,76.8990,18.5364,76.9473,76.8990,
100,8,1048576,2048,hyprefill,512/768/768,graph,179,85.4639,19.1174,85.5106,85.4639,
100,8,1048576,2048,hyprefill,512/768/768,graph,180,81.9434,18.5682,81.9906,81.9434,
100,8,1048576,2048,hyprefill,512/768/768,graph,181,92.2085,18.3254,92.2599,92.2085,
100,8,1048576,2048,hyprefill,512/768/768,graph,182,90.2908,17.2271,90.3395,90.2908,
100,8,1048576,2048,hyprefill,512/768/768,graph,183,89.3691,18.3254,89.4199,89.3691,
100,8,1048576,2048,hyprefill,512/768/768,graph,184,90.8552,17.5017,90.9048,90.8552,
100,8,1048576,2048,hyprefill,512/768/768,graph,185,85.4341,18.5682,85.4816,85.4341,
100,8,1048576,2048,hyprefill,512/768/768,graph,186,85.3148,18.5682,85.3612,85.3148,
100,8,1048576,2048,hyprefill,512/768/768,graph,187,76.1541,19.0856,76.2041,76.1541,
100,8,1048576,2048,hyprefill,512/768/768,graph,188,79.0599,18.5364,79.1064,79.0599,
100,8,1048576,2048,hyprefill,512/768/768,graph,189,82.0798,19.1174,82.1382,82.0798,
100,8,1048576,2048,hyprefill,512/768/768,graph,190,85.6054,18.2936,85.6520,85.6054,
100,8,1048576,2048,hyprefill,512/768/768,graph,191,87.8422,18.0508,87.8884,87.8422,
100,8,1048576,2048,hyprefill,512/768/768,graph,192,92.3916,17.5017,92.4398,92.3916,
100,8,1048576,2048,hyprefill,512/768/768,graph,193,91.0129,17.7763,91.0597,91.0129,
100,8,1048576,2048,hyprefill,512/768/768,graph,194,85.8074,18.0190,85.8539,85.8074,
100,8,1048576,2048,hyprefill,512/768/768,graph,195,85.7972,18.2936,85.9314,85.7972,
100,8,1048576,2048,hyprefill,512/768/768,graph,196,78.7869,18.5364,78.8377,78.7869,
100,8,1048576,2048,hyprefill,512/768/768,graph,197,77.4889,19.0856,77.5469,77.4889,
100,8,1048576,2048,hyprefill,512/768/768,graph,198,77.4457,18.5364,77.4971,77.4457,
100,8,1048576,2048,hyprefill,512/768/768,graph,199,90.9607,18.6000,91.0127,90.9607,
100,8,1048576,2048,hyprefill,2048/1536/1536,graph,0,79.9187,16.4551,79.9733,79.9187,
100,8,1048576,2048,hyprefill,2048/1536/1536,graph,1,80.2996,16.4551,80.3499,80.2996,
100,8,1048576,2048,hyprefill,2048/1536/1536,graph,2,79.6407,16.4551,79.6894,79.6407,
100,8,1048576,2048,hyprefill,2048/1536/1536,graph,3,80.2442,16.4551,80.2908,80.2442,
100,8,1048576,2048,hyprefill,2048/1536/1536,graph,4,77.4924,16.4551,77.5423,77.4924,
100,8,1048576,2048,hyprefill,2048/1536/1536,graph,5,79.3315,16.4551,79.3787,79.3315,
100,8,1048576,2048,hyprefill,2048/1536/1536,graph,6,82.1169,16.4551,82.1634,82.1169,
100,8,1048576,2048,hyprefill,2048/1536/1536,graph,7,81.7540,16.4551,81.8030,81.7540,
100,8,1048576,2048,hyprefill,2048/1536/1536,graph,8,80.9812,16.4551,81.0277,80.9812,
100,8,1048576,2048,hyprefill,2048/1536/1536,graph,9,81.3796,16.4551,81.4271,81.3796,
100,8,1048576,2048,hyprefill,2048/1536/1536,graph,10,81.0355,16.4551,81.0878,81.0355,
100,8,1048576,2048,hyprefill,2048/1536/1536,graph,11,77.7244,16.4551,77.7728,77.7244,
100,8,1048576,2048,hyprefill,2048/1536/1536,graph,12,79.1832,16.4551,79.2322,79.1832,
100,8,1048576,2048,hyprefill,2048/1536/1536,graph,13,80.8487,16.4551,80.8953,80.8487,
100,8,1048576,2048,hyprefill,2048/1536/1536,graph,14,77.6421,16.4551,77.6942,77.6421,
100,8,1048576,2048,hyprefill,2048/1536/1536,graph,15,81.5688,16.4551,81.6162,81.5688,
100,8,1048576,2048,hyprefill,2048/1536/1536,graph,16,80.6445,16.4551,80.6911,80.6445,
100,8,1048576,2048,hyprefill,2048/1536/1536,graph,17,81.5329,16.4551,81.5802,81.5329,
100,8,1048576,2048,hyprefill,2048/1536/1536,graph,18,79.8991,16.4551,79.9466,79.8991,
100,8,1048576,2048,hyprefill,2048/1536/1536,graph,19,80.6589,16.4551,80.7049,80.6589,
100,8,1048576,2048,hyprefill,2048/1536/1536,graph,20,81.4658,16.4551,81.5120,81.4658,
100,8,1048576,2048,hyprefill,2048/1536/1536,graph,21,80.2960,16.4551,80.3424,80.2960,
100,8,1048576,2048,hyprefill,2048/1536/1536,graph,22,79.9004,16.1805,79.9522,79.9004,
100,8,1048576,2048,hyprefill,2048/1536/1536,graph,23,78.1739,16.1805,78.2219,78.1739,
100,8,1048576,2048,hyprefill,2048/1536/1536,graph,24,79.6281,15.9059,79.6762,79.6281,
100,8,1048576,2048,hyprefill,2048/1536/1536,graph,25,78.8847,15.9059,78.9328,78.8847,
100,8,1048576,2048,hyprefill,2048/1536/1536,graph,26,78.1997,15.9059,78.2600,78.1997,
100,8,1048576,2048,hyprefill,2048/1536/1536,graph,27,79.2492,15.9059,79.3011,79.2492,
100,8,1048576,2048,hyprefill,2048/1536/1536,graph,28,78.6815,16.1805,78.7391,78.6815,
100,8,1048576,2048,hyprefill,2048/1536/1536,graph,29,78.0552,16.1805,78.1049,78.0552,
100,8,1048576,2048,hyprefill,2048/1536/1536,graph,30,77.9385,16.4551,77.9847,77.9385,
100,8,1048576,2048,hyprefill,2048/1536/1536,graph,31,80.1212,16.4551,80.1730,80.1212,
100,8,1048576,2048,hyprefill,2048/1536/1536,graph,32,77.9279,16.4551,77.9876,77.9279,
100,8,1048576,2048,hyprefill,2048/1536/1536,graph,33,79.6905,16.4551,79.7446,79.6905,
100,8,1048576,2048,hyprefill,2048/1536/1536,graph,34,77.5962,16.4551,77.6499,77.5962,
100,8,1048576,2048,hyprefill,2048/1536/1536,graph,35,81.7716,16.4551,81.8234,81.7716,
100,8,1048576,2048,hyprefill,2048/1536/1536,graph,36,78.1064,16.4551,78.1589,78.1064,
100,8,1048576,2048,hyprefill,2048/1536/1536,graph,37,78.8645,16.4551,78.9129,78.8645,
100,8,1048576,2048,hyprefill,2048/1536/1536,graph,38,81.0464,16.4551,81.0980,81.0464,
100,8,1048576,2048,hyprefill,2048/1536/1536,graph,39,78.9697,16.4551,79.0187,78.9697,
100,8,1048576,2048,hyprefill,2048/1536/1536,graph,40,77.2414,16.4551,77.2913,77.2414,
100,8,1048576,2048,hyprefill,2048/1536/1536,graph,41,81.4355,16.4551,81.4888,81.4355,
100,8,1048576,2048,hyprefill,2048/1536/1536,graph,42,79.2360,16.1805,79.2863,79.2360,
100,8,1048576,2048,hyprefill,2048/1536/1536,graph,43,77.6403,16.1805,77.6903,77.6403,
100,8,1048576,2048,hyprefill,2048/1536/1536,graph,44,77.3073,15.9059,77.3550,77.3073,
100,8,1048576,2048,hyprefill,2048/1536/1536,graph,45,80.1532,15.9059,80.2015,80.1532,
100,8,1048576,2048,hyprefill,2048/1536/1536,graph,46,78.5865,15.9059,78.6348,78.5865,
100,8,1048576,2048,hyprefill,2048/1536/1536,graph,47,77.1787,15.9059,77.2258,77.1787,
100,8,1048576,2048,hyprefill,2048/1536/1536,graph,48,78.4925,16.1805,78.5399,78.4925,
100,8,1048576,2048,hyprefill,2048/1536/1536,graph,49,80.3291,16.1805,80.3761,80.3291,
100,8,1048576,2048,hyprefill,2048/1536/1536,graph,50,81.3572,16.4551,81.4041,81.3572,
100,8,1048576,2048,hyprefill,2048/1536/1536,graph,51,79.2158,16.4551,79.2631,79.2158,
100,8,1048576,2048,hyprefill,2048/1536/1536,graph,52,77.5706,16.4551,77.6164,77.5706,
100,8,1048576,2048,hyprefill,2048/1536/1536,graph,53,78.9886,16.4551,79.0350,78.9886,
100,8,1048576,2048,hyprefill,2048/1536/1536,graph,54,81.0891,16.4551,81.1379,81.0891,
100,8,1048576,2048,hyprefill,2048/1536/1536,graph,55,77.3795,16.4551,77.4274,77.3795,
100,8,1048576,2048,hyprefill,2048/1536/1536,graph,56,80.0570,16.4551,80.1094,80.0570,
100,8,1048576,2048,hyprefill,2048/1536/1536,graph,57,78.4822,16.1805,78.5320,78.4822,
100,8,1048576,2048,hyprefill,2048/1536/1536,graph,58,80.2437,16.1805,80.2996,80.2437,
100,8,1048576,2048,hyprefill,2048/1536/1536,graph,59,81.3709,15.9059,81.4263,81.3709,
100,8,1048576,2048,hyprefill,2048/1536/1536,graph,60,78.4902,15.9059,78.5399,78.4902,
100,8,1048576,2048,hyprefill,2048/1536/1536,graph,61,77.2421,15.6314,77.2931,77.2421,
100,8,1048576,2048,hyprefill,2048/1536/1536,graph,62,79.0900,15.6314,79.1403,79.0900,
100,8,1048576,2048,hyprefill,2048/1536/1536,graph,63,79.5195,15.6314,79.5685,79.5195,
100,8,1048576,2048,hyprefill,2048/1536/1536,graph,64,77.9984,15.6314,78.0462,77.9984,
100,8,1048576,2048,hyprefill,2048/1536/1536,graph,65,78.5976,15.9059,78.6457,78.5976,
100,8,1048576,2048,hyprefill,2048/1536/1536,graph,66,79.3901,15.9059,79.4374,79.3901,
100,8,1048576,2048,hyprefill,2048/1536/1536,graph,67,79.5033,16.1805,79.5506,79.5033,
100,8,1048576,2048,hyprefill,2048/1536/1536,graph,68,78.0188,16.1805,78.0670,78.0188,
100,8,1048576,2048,hyprefill,2048/1536/1536,graph,69,80.6778,16.4551,80.7278,80.6778,
100,8,1048576,2048,hyprefill,2048/1536/1536,graph,70,80.1980,16.4551,80.2486,80.1980,
100,8,1048576,2048,hyprefill,2048/1536/1536,graph,71,80.6802,16.4551,80.7306,80.6802,
100,8,1048576,2048,hyprefill,2048/1536/1536,graph,72,79.7789,16.1805,79.8364,79.7789,
100,8,1048576,2048,hyprefill,2048/1536/1536,graph,73,79.2542,16.1805,79.3083,79.2542,
100,8,1048576,2048,hyprefill,2048/1536/1536,graph,74,80.3772,15.9059,80.4472,80.3772,
100,8,1048576,2048,hyprefill,2048/1536/1536,graph,75,79.0692,15.9059,79.1210,79.0692,
100,8,1048576,2048,hyprefill,2048/1536/1536,graph,76,78.5303,15.9059,78.5852,78.5303,
100,8,1048576,2048,hyprefill,2048/1536/1536,graph,77,79.4576,15.9059,79.5083,79.4576,
100,8,1048576,2048,hyprefill,2048/1536/1536,graph,78,78.6431,16.1805,78.6949,78.6431,
100,8,1048576,2048,hyprefill,2048/1536/1536,graph,79,81.3427,16.1805,81.3978,81.3427,
100,8,1048576,2048,hyprefill,2048/1536/1536,graph,80,77.6760,16.4551,77.7281,77.6760,
100,8,1048576,2048,hyprefill,2048/1536/1536,graph,81,78.9585,16.4551,79.0149,78.9585,
100,8,1048576,2048,hyprefill,2048/1536/1536,graph,82,80.8826,16.4551,80.9436,80.8826,
100,8,1048576,2048,hyprefill,2048/1536/1536,graph,83,81.7284,16.4551,81.7756,81.7284,
100,8,1048576,2048,hyprefill,2048/1536/1536,graph,84,77.6853,16.4551,77.7329,77.6853,
100,8,1048576,2048,hyprefill,2048/1536/1536,graph,85,80.0727,16.4551,80.1192,80.0727,
100,8,1048576,2048,hyprefill,2048/1536/1536,graph,86,82.0557,16.4551,82.1192,82.0557,
100,8,1048576,2048,hyprefill,2048/1536/1536,graph,87,78.2372,16.4551,78.2939,78.2372,
100,8,1048576,2048,hyprefill,2048/1536/1536,graph,88,81.7487,16.4551,81.7972,81.7487,
100,8,1048576,2048,hyprefill,2048/1536/1536,graph,89,82.2518,16.4551,82.3021,82.2518,
100,8,1048576,2048,hyprefill,2048/1536/1536,graph,90,78.3741,16.4551,78.4284,78.3741,
100,8,1048576,2048,hyprefill,2048/1536/1536,graph,91,77.4205,16.4551,77.4748,77.4205,
100,8,1048576,2048,hyprefill,2048/1536/1536,graph,92,79.7300,16.4551,79.7945,79.7300,
100,8,1048576,2048,hyprefill,2048/1536/1536,graph,93,81.3619,16.4551,81.4156,81.3619,
100,8,1048576,2048,hyprefill,2048/1536/1536,graph,94,79.6897,16.4551,79.7394,79.6897,
100,8,1048576,2048,hyprefill,2048/1536/1536,graph,95,81.2844,16.4551,81.3388,81.2844,
100,8,1048576,2048,hyprefill,2048/1536/1536,graph,96,80.5132,16.4551,80.5698,80.5132,
100,8,1048576,2048,hyprefill,2048/1536/1536,graph,97,81.1837,16.4551,81.2421,81.1837,
100,8,1048576,2048,hyprefill,2048/1536/1536,graph,98,78.7718,16.4551,78.8212,78.7718,
100,8,1048576,2048,hyprefill,2048/1536/1536,graph,99,77.6846,16.4551,77.7346,77.6846,
100,8,1048576,2048,hyprefill,2048/1536/1536,graph,100,77.5146,16.1805,77.5660,77.5146,
100,8,1048576,2048,hyprefill,2048/1536/1536,graph,101,79.4466,16.1805,79.4987,79.4466,
100,8,1048576,2048,hyprefill,2048/1536/1536,graph,102,78.2731,15.9059,78.3281,78.2731,
100,8,1048576,2048,hyprefill,2048/1536/1536,graph,103,78.2873,15.9059,78.3388,78.2873,
100,8,1048576,2048,hyprefill,2048/1536/1536,graph,104,80.7011,15.9059,80.7487,80.7011,
100,8,1048576,2048,hyprefill,2048/1536/1536,graph,105,80.6124,15.9059,80.6661,80.6124,
100,8,1048576,2048,hyprefill,2048/1536/1536,graph,106,76.8474,16.1805,76.8980,76.8474,
100,8,1048576,2048,hyprefill,2048/1536/1536,graph,107,80.9174,16.1805,80.9728,80.9174,
100,8,1048576,2048,hyprefill,2048/1536/1536,graph,108,80.0155,16.4551,80.0660,80.0155,
100,8,1048576,2048,hyprefill,2048/1536/1536,graph,109,81.0462,16.4551,81.1044,81.0462,
100,8,1048576,2048,hyprefill,2048/1536/1536,graph,110,80.0566,16.4551,80.1065,80.0566,
100,8,1048576,2048,hyprefill,2048/1536/1536,graph,111,81.6688,16.4551,81.7157,81.6688,
100,8,1048576,2048,hyprefill,2048/1536/1536,graph,112,81.0139,16.4551,81.0605,81.0139,
100,8,1048576,2048,hyprefill,2048/1536/1536,graph,113,80.5270,16.4551,80.5749,80.5270,
100,8,1048576,2048,hyprefill,2048/1536/1536,graph,114,80.9619,16.4551,81.0172,80.9619,
100,8,1048576,2048,hyprefill,2048/1536/1536,graph,115,82.0004,16.4551,82.0571,82.0004,
100,8,1048576,2048,hyprefill,2048/1536/1536,graph,116,80.0727,16.4551,80.1284,80.0727,
100,8,1048576,2048,hyprefill,2048/1536/1536,graph,117,82.2010,16.4551,82.2506,82.2010,
100,8,1048576,2048,hyprefill,2048/1536/1536,graph,118,79.9693,16.4551,80.0283,79.9693,
100,8,1048576,2048,hyprefill,2048/1536/1536,graph,119,78.0242,16.4551,78.0750,78.0242,
100,8,1048576,2048,hyprefill,2048/1536/1536,graph,120,80.9750,16.4551,81.0334,80.9750,
100,8,1048576,2048,hyprefill,2048/1536/1536,graph,121,77.6397,16.4551,77.6911,77.6397,
100,8,1048576,2048,hyprefill,2048/1536/1536,graph,122,80.1686,16.4551,80.2230,80.1686,
100,8,1048576,2048,hyprefill,2048/1536/1536,graph,123,80.4975,16.4551,80.5452,80.4975,
100,8,1048576,2048,hyprefill,2048/1536/1536,graph,124,79.0012,16.4551,79.0496,79.0012,
100,8,1048576,2048,hyprefill,2048/1536/1536,graph,125,81.9420,16.4551,81.9946,81.9420,
100,8,1048576,2048,hyprefill,2048/1536/1536,graph,126,81.4724,16.4551,81.5229,81.4724,
100,8,1048576,2048,hyprefill,2048/1536/1536,graph,127,80.6771,16.4551,80.7271,80.6771,
100,8,1048576,2048,hyprefill,2048/1536/1536,graph,128,79.1429,16.4551,79.1891,79.1429,
100,8,1048576,2048,hyprefill,2048/1536/1536,graph,129,81.1726,16.4551,81.2212,81.1726,
100,8,1048576,2048,hyprefill,2048/1536/1536,graph,130,77.1935,16.1805,77.2511,77.1935,
100,8,1048576,2048,hyprefill,2048/1536/1536,graph,131,80.4178,16.1805,80.4673,80.4178,
100,8,1048576,2048,hyprefill,2048/1536/1536,graph,132,79.7858,15.9059,79.8337,79.7858,
100,8,1048576,2048,hyprefill,2048/1536/1536,graph,133,80.2150,15.9059,80.2613,80.2150,
100,8,1048576,2048,hyprefill,2048/1536/1536,graph,134,80.0799,15.9059,80.1275,80.0799,
100,8,1048576,2048,hyprefill,2048/1536/1536,graph,135,77.0237,15.9059,77.0722,77.0237,
100,8,1048576,2048,hyprefill,2048/1536/1536,graph,136,77.8750,16.1805,77.9274,77.8750,
100,8,1048576,2048,hyprefill,2048/1536/1536,graph,137,78.9036,16.1805,78.9570,78.9036,
100,8,1048576,2048,hyprefill,2048/1536/1536,graph,138,78.0521,16.4551,78.1009,78.0521,
100,8,1048576,2048,hyprefill,2048/1536/1536,graph,139,80.2147,16.4551,80.2677,80.2147,
100,8,1048576,2048,hyprefill,2048/1536/1536,graph,140,80.8595,16.4551,80.9059,80.8595,
100,8,1048576,2048,hyprefill,2048/1536/1536,graph,141,81.0911,16.4551,81.1398,81.0911,
100,8,1048576,2048,hyprefill,2048/1536/1536,graph,142,79.6823,16.4551,79.7377,79.6823,
100,8,1048576,2048,hyprefill,2048/1536/1536,graph,143,80.2796,16.4551,80.3297,80.2796,
100,8,1048576,2048,hyprefill,2048/1536/1536,graph,144,81.2870,16.4551,81.3465,81.2870,
100,8,1048576,2048,hyprefill,2048/1536/1536,graph,145,79.4991,16.4551,79.5582,79.4991,
100,8,1048576,2048,hyprefill,2048/1536/1536,graph,146,80.1915,16.4551,80.2474,80.1915,
100,8,1048576,2048,hyprefill,2048/1536/1536,graph,147,80.6190,16.4551,80.6797,80.6190,
100,8,1048576,2048,hyprefill,2048/1536/1536,graph,148,78.0304,16.4551,78.0863,78.0304,
100,8,1048576,2048,hyprefill,2048/1536/1536,graph,149,79.4295,16.4551,79.4794,79.4295,
100,8,1048576,2048,hyprefill,2048/1536/1536,graph,150,77.7351,16.1805,77.7962,77.7351,
100,8,1048576,2048,hyprefill,2048/1536/1536,graph,151,78.5223,16.1805,78.5733,78.5223,
100,8,1048576,2048,hyprefill,2048/1536/1536,graph,152,78.8439,15.9059,78.8911,78.8439,
100,8,1048576,2048,hyprefill,2048/1536/1536,graph,153,79.9125,15.9059,79.9597,79.9125,
100,8,1048576,2048,hyprefill,2048/1536/1536,graph,154,77.0199,15.9059,77.0716,77.0199,
100,8,1048576,2048,hyprefill,2048/1536/1536,graph,155,78.9292,15.9059,78.9831,78.9292,
100,8,1048576,2048,hyprefill,2048/1536/1536,graph,156,78.9461,16.1805,78.9985,78.9461,
100,8,1048576,2048,hyprefill,2048/1536/1536,graph,157,80.0759,16.1805,80.1235,80.0759,
100,8,1048576,2048,hyprefill,2048/1536/1536,graph,158,79.2077,16.4551,79.2569,79.2077,
100,8,1048576,2048,hyprefill,2048/1536/1536,graph,159,78.0690,16.4551,78.1255,78.0690,
100,8,1048576,2048,hyprefill,2048/1536/1536,graph,160,79.9376,16.4551,79.9964,79.9376,
100,8,1048576,2048,hyprefill,2048/1536/1536,graph,161,77.8675,16.4551,77.9223,77.8675,
100,8,1048576,2048,hyprefill,2048/1536/1536,graph,162,80.1496,16.4551,80.1962,80.1496,
100,8,1048576,2048,hyprefill,2048/1536/1536,graph,163,78.0904,16.4551,78.1390,78.0904,
100,8,1048576,2048,hyprefill,2048/1536/1536,graph,164,81.6235,16.4551,81.6792,81.6235,
100,8,1048576,2048,hyprefill,2048/1536/1536,graph,165,79.5719,16.1805,79.6240,79.5719,
100,8,1048576,2048,hyprefill,2048/1536/1536,graph,166,80.0948,16.1805,80.1424,80.0948,
100,8,1048576,2048,hyprefill,2048/1536/1536,graph,167,80.2986,15.9059,80.3459,80.2986,
100,8,1048576,2048,hyprefill,2048/1536/1536,graph,168,79.9509,15.9059,80.0000,79.9509,
100,8,1048576,2048,hyprefill,2048/1536/1536,graph,169,77.3425,15.6314,77.3892,77.3425,
100,8,1048576,2048,hyprefill,2048/1536/1536,graph,170,79.0946,15.6314,79.1447,79.0946,
100,8,1048576,2048,hyprefill,2048/1536/1536,graph,171,76.8864,15.6314,76.9329,76.8864,
100,8,1048576,2048,hyprefill,2048/1536/1536,graph,172,79.4201,15.6314,79.4819,79.4201,
100,8,1048576,2048,hyprefill,2048/1536/1536,graph,173,76.3329,15.9059,76.3848,76.3329,
100,8,1048576,2048,hyprefill,2048/1536/1536,graph,174,79.0710,15.9059,79.1204,79.0710,
100,8,1048576,2048,hyprefill,2048/1536/1536,graph,175,78.9322,16.1805,78.9769,78.9322,
100,8,1048576,2048,hyprefill,2048/1536/1536,graph,176,79.1334,16.1805,79.1798,79.1334,
100,8,1048576,2048,hyprefill,2048/1536/1536,graph,177,81.8238,16.4551,81.8730,81.8238,
100,8,1048576,2048,hyprefill,2048/1536/1536,graph,178,78.3504,16.4551,78.4008,78.3504,
100,8,1048576,2048,hyprefill,2048/1536/1536,graph,179,77.5651,16.4551,77.6238,77.5651,
100,8,1048576,2048,hyprefill,2048/1536/1536,graph,180,80.9377,16.1805,80.9874,80.9377,
100,8,1048576,2048,hyprefill,2048/1536/1536,graph,181,77.1354,16.1805,77.1835,77.1354,
100,8,1048576,2048,hyprefill,2048/1536/1536,graph,182,79.4962,15.9059,79.5431,79.4962,
100,8,1048576,2048,hyprefill,2048/1536/1536,graph,183,77.8594,15.9059,77.9072,77.8594,
100,8,1048576,2048,hyprefill,2048/1536/1536,graph,184,79.2475,15.9059,79.3021,79.2475,
100,8,1048576,2048,hyprefill,2048/1536/1536,graph,185,79.6711,15.9059,79.7261,79.6711,
100,8,1048576,2048,hyprefill,2048/1536/1536,graph,186,80.0713,16.1805,80.1260,80.0713,
100,8,1048576,2048,hyprefill,2048/1536/1536,graph,187,78.2000,16.1805,78.2480,78.2000,
100,8,1048576,2048,hyprefill,2048/1536/1536,graph,188,78.8303,16.4551,78.8750,78.8303,
100,8,1048576,2048,hyprefill,2048/1536/1536,graph,189,81.5937,16.4551,81.6395,81.5937,
100,8,1048576,2048,hyprefill,2048/1536/1536,graph,190,79.6009,16.4551,79.6468,79.6009,
100,8,1048576,2048,hyprefill,2048/1536/1536,graph,191,80.1488,16.4551,80.1945,80.1488,
100,8,1048576,2048,hyprefill,2048/1536/1536,graph,192,80.6162,16.4551,80.6675,80.6162,
100,8,1048576,2048,hyprefill,2048/1536/1536,graph,193,81.6253,16.4551,81.6762,81.6253,
100,8,1048576,2048,hyprefill,2048/1536/1536,graph,194,80.7417,16.4551,80.7902,80.7417,
100,8,1048576,2048,hyprefill,2048/1536/1536,graph,195,79.4969,16.4551,79.5757,79.4969,
100,8,1048576,2048,hyprefill,2048/1536/1536,graph,196,82.2691,16.4551,82.3174,82.2691,
100,8,1048576,2048,hyprefill,2048/1536/1536,graph,197,82.5417,16.4551,82.5909,82.5417,
100,8,1048576,2048,hyprefill,2048/1536/1536,graph,198,80.1456,16.4551,80.2075,80.1456,
100,8,1048576,2048,hyprefill,2048/1536/1536,graph,199,81.0955,16.4551,81.1509,81.0955,
100,8,1048576,2048,hyprefill,512/512/512,graph,0,84.8425,20.2157,84.8950,84.8425,
100,8,1048576,2048,hyprefill,512/512/512,graph,1,86.5926,20.2157,86.6430,86.5926,
100,8,1048576,2048,hyprefill,512/512/512,graph,2,85.1518,20.2157,85.2054,85.1518,
100,8,1048576,2048,hyprefill,512/512/512,graph,3,85.6408,20.2157,85.6964,85.6408,
100,8,1048576,2048,hyprefill,512/512/512,graph,4,87.0383,20.2157,87.0884,87.0383,
100,8,1048576,2048,hyprefill,512/512/512,graph,5,86.8981,20.2157,86.9464,86.8981,
100,8,1048576,2048,hyprefill,512/512/512,graph,6,86.0116,20.2157,86.0591,86.0116,
100,8,1048576,2048,hyprefill,512/512/512,graph,7,87.4170,20.2157,87.4667,87.4170,
100,8,1048576,2048,hyprefill,512/512/512,graph,8,85.9343,20.2157,85.9914,85.9343,
100,8,1048576,2048,hyprefill,512/512/512,graph,9,84.6111,20.2157,84.6575,84.6111,
100,8,1048576,2048,hyprefill,512/512/512,graph,10,85.4662,20.2157,85.5161,85.4662,
100,8,1048576,2048,hyprefill,512/512/512,graph,11,85.5715,20.2157,85.6235,85.5715,
100,8,1048576,2048,hyprefill,512/512/512,graph,12,87.0533,20.2157,87.1041,87.0533,
100,8,1048576,2048,hyprefill,512/512/512,graph,13,84.9260,20.2157,84.9836,84.9260,
100,8,1048576,2048,hyprefill,512/512/512,graph,14,87.2919,20.2157,87.3393,87.2919,
100,8,1048576,2048,hyprefill,512/512/512,graph,15,86.3383,20.2157,86.3867,86.3383,
100,8,1048576,2048,hyprefill,512/512/512,graph,16,88.2933,20.2157,88.3398,88.2933,
100,8,1048576,2048,hyprefill,512/512/512,graph,17,88.4802,20.2157,88.5257,88.4802,
100,8,1048576,2048,hyprefill,512/512/512,graph,18,85.6182,20.2157,85.6636,85.6182,
100,8,1048576,2048,hyprefill,512/512/512,graph,19,86.3012,20.2157,86.3481,86.3012,
100,8,1048576,2048,hyprefill,512/512/512,graph,20,87.1425,20.2157,87.1887,87.1425,
100,8,1048576,2048,hyprefill,512/512/512,graph,21,84.8181,20.2157,84.8660,84.8181,
100,8,1048576,2048,hyprefill,512/512/512,graph,22,87.9632,20.2157,88.0106,87.9632,
100,8,1048576,2048,hyprefill,512/512/512,graph,23,87.6265,20.2157,87.6767,87.6265,
100,8,1048576,2048,hyprefill,512/512/512,graph,24,86.5979,20.2157,86.6603,86.5979,
100,8,1048576,2048,hyprefill,512/512/512,graph,25,87.0238,20.2157,87.0709,87.0238,
100,8,1048576,2048,hyprefill,512/512/512,graph,26,85.6004,20.2157,85.6473,85.6004,
100,8,1048576,2048,hyprefill,512/512/512,graph,27,88.1907,20.2157,88.2369,88.1907,
100,8,1048576,2048,hyprefill,512/512/512,graph,28,87.5700,20.2157,87.6157,87.5700,
100,8,1048576,2048,hyprefill,512/512/512,graph,29,84.4647,20.2157,84.5129,84.4647,
100,8,1048576,2048,hyprefill,512/512/512,graph,30,87.7598,20.2157,87.8103,87.7598,
100,8,1048576,2048,hyprefill,512/512/512,graph,31,87.5227,20.2157,87.5812,87.5227,
100,8,1048576,2048,hyprefill,512/512/512,graph,32,86.9168,20.2157,86.9702,86.9168,
100,8,1048576,2048,hyprefill,512/512/512,graph,33,85.6873,20.2157,85.7386,85.6873,
100,8,1048576,2048,hyprefill,512/512/512,graph,34,86.8538,20.2157,86.9021,86.8538,
100,8,1048576,2048,hyprefill,512/512/512,graph,35,86.0316,20.2157,86.0791,86.0316,
100,8,1048576,2048,hyprefill,512/512/512,graph,36,87.8643,20.2157,87.9124,87.8643,
100,8,1048576,2048,hyprefill,512/512/512,graph,37,87.6590,20.2157,87.7084,87.6590,
100,8,1048576,2048,hyprefill,512/512/512,graph,38,85.9313,20.2157,85.9795,85.9313,
100,8,1048576,2048,hyprefill,512/512/512,graph,39,87.0643,20.2157,87.1133,87.0643,
100,8,1048576,2048,hyprefill,512/512/512,graph,40,88.5169,20.4903,88.5683,88.5169,
100,8,1048576,2048,hyprefill,512/512/512,graph,41,87.6369,20.4903,87.6917,87.6369,
100,8,1048576,2048,hyprefill,512/512/512,graph,42,87.7096,20.7649,87.7577,87.7096,
100,8,1048576,2048,hyprefill,512/512/512,graph,43,87.1144,20.7649,87.1659,87.1144,
100,8,1048576,2048,hyprefill,512/512/512,graph,44,87.9430,21.0395,87.9958,87.9430,
100,8,1048576,2048,hyprefill,512/512/512,graph,45,87.7777,21.0395,87.8276,87.7777,
100,8,1048576,2048,hyprefill,512/512/512,graph,46,88.1202,21.0395,88.1781,88.1202,
100,8,1048576,2048,hyprefill,512/512/512,graph,47,85.4315,21.0395,85.4814,85.4315,
100,8,1048576,2048,hyprefill,512/512/512,graph,48,88.9164,21.0395,88.9703,88.9164,
100,8,1048576,2048,hyprefill,512/512/512,graph,49,86.7129,21.0395,86.7626,86.7129,
100,8,1048576,2048,hyprefill,512/512/512,graph,50,87.6458,21.0395,87.7009,87.6458,
100,8,1048576,2048,hyprefill,512/512/512,graph,51,86.8570,21.0395,86.9064,86.8570,
100,8,1048576,2048,hyprefill,512/512/512,graph,52,88.7641,21.0395,88.8126,88.7641,
100,8,1048576,2048,hyprefill,512/512/512,graph,53,87.9624,21.0395,88.0125,87.9624,
100,8,1048576,2048,hyprefill,512/512/512,graph,54,86.4530,21.0395,86.5057,86.4530,
100,8,1048576,2048,hyprefill,512/512/512,graph,55,88.3967,21.0395,88.4464,88.3967,
100,8,1048576,2048,hyprefill,512/512/512,graph,56,88.0731,21.0395,88.1245,88.0731,
100,8,1048576,2048,hyprefill,512/512/512,graph,57,88.1866,21.0395,88.2335,88.1866,
100,8,1048576,2048,hyprefill,512/512/512,graph,58,86.0649,21.0395,86.1160,86.0649,
100,8,1048576,2048,hyprefill,512/512/512,graph,59,87.0084,21.0395,87.0558,87.0084,
100,8,1048576,2048,hyprefill,512/512/512,graph,60,88.9074,21.0395,88.9537,88.9074,
100,8,1048576,2048,hyprefill,512/512/512,graph,61,88.4283,21.0395,88.4824,88.4283,
100,8,1048576,2048,hyprefill,512/512/512,graph,62,88.6684,21.0395,88.7171,88.6684,
100,8,1048576,2048,hyprefill,512/512/512,graph,63,88.9658,21.0395,89.0146,88.9658,
100,8,1048576,2048,hyprefill,512/512/512,graph,64,88.3403,21.0395,88.3882,88.3403,
100,8,1048576,2048,hyprefill,512/512/512,graph,65,87.8347,21.0395,87.8891,87.8347,
100,8,1048576,2048,hyprefill,512/512/512,graph,66,87.5666,21.0395,87.6171,87.5666,
100,8,1048576,2048,hyprefill,512/512/512,graph,67,88.9014,21.0395,88.9513,88.9014,
100,8,1048576,2048,hyprefill,512/512/512,graph,68,86.8191,21.0395,86.8769,86.8191,
100,8,1048576,2048,hyprefill,512/512/512,graph,69,86.0020,21.0395,86.0496,86.0020,
100,8,1048576,2048,hyprefill,512/512/512,graph,70,87.3923,21.0395,87.4484,87.3923,
100,8,1048576,2048,hyprefill,512/512/512,graph,71,86.4827,21.0395,86.5374,86.4827,
100,8,1048576,2048,hyprefill,512/512/512,graph,72,87.2294,20.7649,87.2791,87.2294,
100,8,1048576,2048,hyprefill,512/512/512,graph,73,88.4067,20.7649,88.4632,88.4067,
100,8,1048576,2048,hyprefill,512/512/512,graph,74,87.7784,20.4903,87.8293,87.7784,
100,8,1048576,2048,hyprefill,512/512/512,graph,75,88.2886,20.4903,88.3408,88.2886,
100,8,1048576,2048,hyprefill,512/512/512,graph,76,85.5587,20.2157,85.6062,85.5587,
100,8,1048576,2048,hyprefill,512/512/512,graph,77,84.7385,20.2157,84.7927,84.7385,
100,8,1048576,2048,hyprefill,512/512/512,graph,78,87.1498,20.2157,87.2046,87.1498,
100,8,1048576,2048,hyprefill,512/512/512,graph,79,86.9903,20.2157,87.0434,86.9903,
100,8,1048576,2048,hyprefill,512/512/512,graph,80,85.2610,20.2157,85.3146,85.2610,
100,8,1048576,2048,hyprefill,512/512/512,graph,81,87.3009,20.2157,87.3502,87.3009,
100,8,1048576,2048,hyprefill,512/512/512,graph,82,87.2462,20.2157,87.2968,87.2462,
100,8,1048576,2048,hyprefill,512/512/512,graph,83,85.5422,20.2157,85.5962,85.5422,
100,8,1048576,2048,hyprefill,512/512/512,graph,84,87.5334,20.2157,87.5862,87.5334,
100,8,1048576,2048,hyprefill,512/512/512,graph,85,85.7991,20.2157,85.8514,85.7991,
100,8,1048576,2048,hyprefill,512/512/512,graph,86,86.0404,20.2157,86.0930,86.0404,
100,8,1048576,2048,hyprefill,512/512/512,graph,87,85.5468,20.2157,85.5998,85.5468,
100,8,1048576,2048,hyprefill,512/512/512,graph,88,84.9365,20.2157,84.9903,84.9365,
100,8,1048576,2048,hyprefill,512/512/512,graph,89,84.8167,20.2157,84.8698,84.8167,
100,8,1048576,2048,hyprefill,512/512/512,graph,90,85.8223,20.2157,85.8736,85.8223,
100,8,1048576,2048,hyprefill,512/512/512,graph,91,85.4609,20.2157,85.5181,85.4609,
100,8,1048576,2048,hyprefill,512/512/512,graph,92,86.7825,20.2157,86.8317,86.7825,
100,8,1048576,2048,hyprefill,512/512/512,graph,93,86.2609,20.2157,86.3173,86.2609,
100,8,1048576,2048,hyprefill,512/512/512,graph,94,86.6136,20.2157,86.6606,86.6136,
100,8,1048576,2048,hyprefill,512/512/512,graph,95,87.6365,20.2157,87.6893,87.6365,
100,8,1048576,2048,hyprefill,512/512/512,graph,96,86.9117,20.2157,86.9689,86.9117,
100,8,1048576,2048,hyprefill,512/512/512,graph,97,86.8698,20.2157,86.9210,86.8698,
100,8,1048576,2048,hyprefill,512/512/512,graph,98,87.3846,20.2157,87.4329,87.3846,
100,8,1048576,2048,hyprefill,512/512/512,graph,99,87.3763,20.2157,87.4238,87.3763,
100,8,1048576,2048,hyprefill,512/512/512,graph,100,86.4887,20.2157,86.5383,86.4887,
100,8,1048576,2048,hyprefill,512/512/512,graph,101,86.1470,20.2157,86.2027,86.1470,
100,8,1048576,2048,hyprefill,512/512/512,graph,102,86.8175,20.2157,86.8716,86.8175,
100,8,1048576,2048,hyprefill,512/512/512,graph,103,87.6917,20.2157,87.7415,87.6917,
100,8,1048576,2048,hyprefill,512/512/512,graph,104,87.9164,20.2157,87.9746,87.9164,
100,8,1048576,2048,hyprefill,512/512/512,graph,105,86.9124,20.2157,86.9646,86.9124,
100,8,1048576,2048,hyprefill,512/512/512,graph,106,86.6270,20.2157,86.6751,86.6270,
100,8,1048576,2048,hyprefill,512/512/512,graph,107,86.1315,20.2157,86.1772,86.1315,
100,8,1048576,2048,hyprefill,512/512/512,graph,108,86.8075,20.2157,86.8545,86.8075,
100,8,1048576,2048,hyprefill,512/512/512,graph,109,85.9585,20.2157,86.0141,85.9585,
100,8,1048576,2048,hyprefill,512/512/512,graph,110,84.9202,20.2157,84.9849,84.9202,
100,8,1048576,2048,hyprefill,512/512/512,graph,111,85.8354,20.2157,85.8889,85.8354,
100,8,1048576,2048,hyprefill,512/512/512,graph,112,85.3336,20.2157,85.3969,85.3336,
100,8,1048576,2048,hyprefill,512/512/512,graph,113,86.3164,20.2157,86.3701,86.3164,
100,8,1048576,2048,hyprefill,512/512/512,graph,114,85.0234,20.2157,85.0749,85.0234,
100,8,1048576,2048,hyprefill,512/512/512,graph,115,84.4609,20.2157,84.5099,84.4609,
100,8,1048576,2048,hyprefill,512/512/512,graph,116,85.8121,20.2157,85.8641,85.8121,
100,8,1048576,2048,hyprefill,512/512/512,graph,117,87.1287,20.2157,87.1970,87.1287,
100,8,1048576,2048,hyprefill,512/512/512,graph,118,87.2082,20.2157,87.2645,87.2082,
100,8,1048576,2048,hyprefill,512/512/512,graph,119,87.1547,20.2157,87.2059,87.1547,
100,8,1048576,2048,hyprefill,512/512/512,graph,120,86.8550,20.2157,86.9088,86.8550,
100,8,1048576,2048,hyprefill,512/512/512,graph,121,86.1747,20.2157,86.2316,86.1747,
100,8,1048576,2048,hyprefill,512/512/512,graph,122,87.3197,20.2157,87.3791,87.3197,
100,8,1048576,2048,hyprefill,512/512/512,graph,123,87.0712,20.2157,87.1280,87.0712,
100,8,1048576,2048,hyprefill,512/512/512,graph,124,86.2515,20.2157,86.3002,86.2515,
100,8,1048576,2048,hyprefill,512/512/512,graph,125,84.3920,20.2157,84.4458,84.3920,
100,8,1048576,2048,hyprefill,512/512/512,graph,126,87.3581,20.2157,87.4138,87.3581,
100,8,1048576,2048,hyprefill,512/512/512,graph,127,87.3863,20.2157,87.4492,87.3863,
100,8,1048576,2048,hyprefill,512/512/512,graph,128,85.5463,20.2157,85.6028,85.5463,
100,8,1048576,2048,hyprefill,512/512/512,graph,129,88.0698,20.2157,88.1366,88.0698,
100,8,1048576,2048,hyprefill,512/512/512,graph,130,87.7424,20.2157,87.7941,87.7424,
100,8,1048576,2048,hyprefill,512/512/512,graph,131,85.8452,20.2157,85.8972,85.8452,
100,8,1048576,2048,hyprefill,512/512/512,graph,132,87.8949,20.2157,87.9513,87.8949,
100,8,1048576,2048,hyprefill,512/512/512,graph,133,87.9300,20.2157,87.9921,87.9300,
100,8,1048576,2048,hyprefill,512/512/512,graph,134,84.4022,20.2157,84.4512,84.4022,
100,8,1048576,2048,hyprefill,512/512/512,graph,135,85.9406,20.2157,85.9925,85.9406,
100,8,1048576,2048,hyprefill,512/512/512,graph,136,87.5491,20.4903,87.6041,87.5491,
100,8,1048576,2048,hyprefill,512/512/512,graph,137,87.8940,20.4903,87.9541,87.8940,
100,8,1048576,2048,hyprefill,512/512/512,graph,138,86.6352,20.7649,86.6869,86.6352,
100,8,1048576,2048,hyprefill,512/512/512,graph,139,86.5965,20.7649,86.6468,86.5965,
100,8,1048576,2048,hyprefill,512/512/512,graph,140,87.4404,21.0395,87.4920,87.4404,
100,8,1048576,2048,hyprefill,512/512/512,graph,141,88.1564,21.0395,88.2135,88.1564,
100,8,1048576,2048,hyprefill,512/512/512,graph,142,86.9107,21.0395,86.9719,86.9107,
100,8,1048576,2048,hyprefill,512/512/512,graph,143,86.8589,21.0395,86.9137,86.8589,
100,8,1048576,2048,hyprefill,512/512/512,graph,144,88.1580,21.0395,88.2106,88.1580,
100,8,1048576,2048,hyprefill,512/512/512,graph,145,88.5958,21.0395,88.6539,88.5958,
100,8,1048576,2048,hyprefill,512/512/512,graph,146,88.3185,21.0395,88.3764,88.3185,
100,8,1048576,2048,hyprefill,512/512/512,graph,147,88.1199,21.0395,88.1776,88.1199,
100,8,1048576,2048,hyprefill,512/512/512,graph,148,89.0517,21.0395,89.1028,89.0517,
100,8,1048576,2048,hyprefill,512/512/512,graph,149,85.7928,21.0395,85.8468,85.7928,
100,8,1048576,2048,hyprefill,512/512/512,graph,150,86.8042,21.0395,86.8628,86.8042,
100,8,1048576,2048,hyprefill,512/512/512,graph,151,86.5396,21.0395,86.5910,86.5396,
100,8,1048576,2048,hyprefill,512/512/512,graph,152,87.3627,21.0395,87.4186,87.3627,
100,8,1048576,2048,hyprefill,512/512/512,graph,153,85.9912,21.0395,86.0444,85.9912,
100,8,1048576,2048,hyprefill,512/512/512,graph,154,88.4804,21.0395,88.5383,88.4804,
100,8,1048576,2048,hyprefill,512/512/512,graph,155,89.0295,21.0395,89.0860,89.0295,
100,8,1048576,2048,hyprefill,512/512/512,graph,156,87.7763,21.0395,87.8323,87.7763,
100,8,1048576,2048,hyprefill,512/512/512,graph,157,87.2800,21.0395,87.3415,87.2800,
100,8,1048576,2048,hyprefill,512/512/512,graph,158,88.5338,21.0395,88.5886,88.5338,
100,8,1048576,2048,hyprefill,512/512/512,graph,159,87.9436,21.0395,87.9929,87.9436,
100,8,1048576,2048,hyprefill,512/512/512,graph,160,85.4449,21.0395,85.5003,85.4449,
100,8,1048576,2048,hyprefill,512/512/512,graph,161,86.3754,21.0395,86.4252,86.3754,
100,8,1048576,2048,hyprefill,512/512/512,graph,162,85.9308,21.0395,85.9843,85.9308,
100,8,1048576,2048,hyprefill,512/512/512,graph,163,87.3381,21.0395,87.3949,87.3381,
100,8,1048576,2048,hyprefill,512/512/512,graph,164,88.4705,21.0395,88.5270,88.4705,
100,8,1048576,2048,hyprefill,512/512/512,graph,165,86.5678,21.0395,86.6200,86.5678,
100,8,1048576,2048,hyprefill,512/512/512,graph,166,87.7538,21.0395,87.8088,87.7538,
100,8,1048576,2048,hyprefill,512/512/512,graph,167,87.4626,21.0395,87.5153,87.4626,
100,8,1048576,2048,hyprefill,512/512/512,graph,168,86.9075,20.7649,86.9607,86.9075,
100,8,1048576,2048,hyprefill,512/512/512,graph,169,87.9998,20.7649,88.0499,87.9998,
100,8,1048576,2048,hyprefill,512/512/512,graph,170,88.3065,20.4903,88.3565,88.3065,
100,8,1048576,2048,hyprefill,512/512/512,graph,171,88.0487,20.4903,88.1015,88.0487,
100,8,1048576,2048,hyprefill,512/512/512,graph,172,88.1458,20.2157,88.1986,88.1458,
100,8,1048576,2048,hyprefill,512/512/512,graph,173,86.6824,20.2157,86.7388,86.6824,
100,8,1048576,2048,hyprefill,512/512/512,graph,174,85.6197,20.2157,85.6704,85.6197,
100,8,1048576,2048,hyprefill,512/512/512,graph,175,86.5970,20.2157,86.6449,86.5970,
100,8,1048576,2048,hyprefill,512/512/512,graph,176,86.9785,20.2157,87.0427,86.9785,
100,8,1048576,2048,hyprefill,512/512/512,graph,177,86.6626,20.2157,86.7091,86.6626,
100,8,1048576,2048,hyprefill,512/512/512,graph,178,86.9914,20.2157,87.0378,86.9914,
100,8,1048576,2048,hyprefill,512/512/512,graph,179,84.4989,20.2157,84.5443,84.4989,
100,8,1048576,2048,hyprefill,512/512/512,graph,180,86.7651,20.2157,86.8139,86.7651,
100,8,1048576,2048,hyprefill,512/512/512,graph,181,86.6786,20.2157,86.7358,86.6786,
100,8,1048576,2048,hyprefill,512/512/512,graph,182,85.6933,20.2157,85.7429,85.6933,
100,8,1048576,2048,hyprefill,512/512/512,graph,183,86.0159,20.2157,86.0690,86.0159,
100,8,1048576,2048,hyprefill,512/512/512,graph,184,86.2831,20.2157,86.3299,86.2831,
100,8,1048576,2048,hyprefill,512/512/512,graph,185,86.0397,20.2157,86.0881,86.0397,
100,8,1048576,2048,hyprefill,512/512/512,graph,186,86.6926,20.2157,86.7384,86.6926,
100,8,1048576,2048,hyprefill,512/512/512,graph,187,85.9729,20.2157,86.0389,85.9729,
100,8,1048576,2048,hyprefill,512/512/512,graph,188,86.6275,20.2157,86.6954,86.6275,
100,8,1048576,2048,hyprefill,512/512/512,graph,189,87.0163,20.2157,87.0632,87.0163,
100,8,1048576,2048,hyprefill,512/512/512,graph,190,87.2626,20.2157,87.3103,87.2626,
100,8,1048576,2048,hyprefill,512/512/512,graph,191,87.0055,20.2157,87.0542,87.0055,
100,8,1048576,2048,hyprefill,512/512/512,graph,192,86.0576,20.2157,86.1039,86.0576,
100,8,1048576,2048,hyprefill,512/512/512,graph,193,85.0690,20.2157,85.1239,85.0690,
100,8,1048576,2048,hyprefill,512/512/512,graph,194,87.2380,20.2157,87.2871,87.2380,
100,8,1048576,2048,hyprefill,512/512/512,graph,195,85.1017,20.2157,85.1525,85.1017,
100,8,1048576,2048,hyprefill,512/512/512,graph,196,85.6273,20.2157,85.6781,85.6273,
100,8,1048576,2048,hyprefill,512/512/512,graph,197,85.5227,20.2157,85.5726,85.5227,
100,8,1048576,2048,hyprefill,512/512/512,graph,198,86.9404,20.2157,86.9901,86.9404,
100,8,1048576,2048,hyprefill,512/512/512,graph,199,87.2702,20.2157,87.3195,87.2702,
100,8,1048576,2048,hyprefill,1024/1024/1024,graph,0,83.0281,16.7934,83.0774,83.0281,
100,8,1048576,2048,hyprefill,1024/1024/1024,graph,1,81.0308,16.7934,81.0794,81.0308,
100,8,1048576,2048,hyprefill,1024/1024/1024,graph,2,82.0845,16.7934,82.1307,82.0845,
100,8,1048576,2048,hyprefill,1024/1024/1024,graph,3,79.9401,16.7934,79.9909,79.9401,
100,8,1048576,2048,hyprefill,1024/1024/1024,graph,4,83.9373,16.7934,83.9842,83.9373,
100,8,1048576,2048,hyprefill,1024/1024/1024,graph,5,83.2429,16.7934,83.3042,83.2429,
100,8,1048576,2048,hyprefill,1024/1024/1024,graph,6,83.5338,16.7934,83.5877,83.5338,
100,8,1048576,2048,hyprefill,1024/1024/1024,graph,7,83.6255,16.7934,83.6728,83.6255,
100,8,1048576,2048,hyprefill,1024/1024/1024,graph,8,83.8040,17.0679,83.8521,83.8040,
100,8,1048576,2048,hyprefill,1024/1024/1024,graph,9,84.1818,17.0679,84.2296,84.1818,
100,8,1048576,2048,hyprefill,1024/1024/1024,graph,10,84.7278,17.3425,84.7753,84.7278,
100,8,1048576,2048,hyprefill,1024/1024/1024,graph,11,83.8586,17.3425,83.9224,83.8586,
100,8,1048576,2048,hyprefill,1024/1024/1024,graph,12,83.4297,17.6171,83.4794,83.4297,
100,8,1048576,2048,hyprefill,1024/1024/1024,graph,13,84.6972,17.6171,84.7470,84.6972,
100,8,1048576,2048,hyprefill,1024/1024/1024,graph,14,85.4341,17.6171,85.4862,85.4341,
100,8,1048576,2048,hyprefill,1024/1024/1024,graph,15,83.5135,17.6171,83.5664,83.5135,
100,8,1048576,2048,hyprefill,1024/1024/1024,graph,16,85.9563,17.6171,86.0042,85.9563,
100,8,1048576,2048,hyprefill,1024/1024/1024,graph,17,84.1705,17.6171,84.2161,84.1705,
100,8,1048576,2048,hyprefill,1024/1024/1024,graph,18,85.1446,17.6171,85.1901,85.1446,
100,8,1048576,2048,hyprefill,1024/1024/1024,graph,19,83.0355,17.6171,83.0816,83.0355,
100,8,1048576,2048,hyprefill,1024/1024/1024,graph,20,84.0941,17.6171,84.1428,84.0941,
100,8,1048576,2048,hyprefill,1024/1024/1024,graph,21,82.2849,17.6171,82.3328,82.2849,
100,8,1048576,2048,hyprefill,1024/1024/1024,graph,22,82.2244,17.6171,82.2702,82.2244,
100,8,1048576,2048,hyprefill,1024/1024/1024,graph,23,84.5745,17.6171,84.6233,84.5745,
100,8,1048576,2048,hyprefill,1024/1024/1024,graph,24,82.4869,17.6171,82.5327,82.4869,
100,8,1048576,2048,hyprefill,1024/1024/1024,graph,25,83.6993,17.6171,83.7455,83.6993,
100,8,1048576,2048,hyprefill,1024/1024/1024,graph,26,84.7619,17.6171,84.8064,84.7619,
100,8,1048576,2048,hyprefill,1024/1024/1024,graph,27,85.1474,17.6171,85.2030,85.1474,
100,8,1048576,2048,hyprefill,1024/1024/1024,graph,28,82.8115,17.6171,82.8650,82.8115,
100,8,1048576,2048,hyprefill,1024/1024/1024,graph,29,84.8243,17.6171,84.8726,84.8243,
100,8,1048576,2048,hyprefill,1024/1024/1024,graph,30,83.3946,17.6171,83.4410,83.3946,
100,8,1048576,2048,hyprefill,1024/1024/1024,graph,31,84.6772,17.6171,84.7378,84.6772,
100,8,1048576,2048,hyprefill,1024/1024/1024,graph,32,84.2513,17.6171,84.3058,84.2513,
100,8,1048576,2048,hyprefill,1024/1024/1024,graph,33,84.0519,17.6171,84.1086,84.0519,
100,8,1048576,2048,hyprefill,1024/1024/1024,graph,34,85.3759,17.6171,85.4268,85.3759,
100,8,1048576,2048,hyprefill,1024/1024/1024,graph,35,83.8227,17.6171,83.8704,83.8227,
100,8,1048576,2048,hyprefill,1024/1024/1024,graph,36,81.9194,17.6171,81.9676,81.9194,
100,8,1048576,2048,hyprefill,1024/1024/1024,graph,37,85.4766,17.6171,85.5244,85.4766,
100,8,1048576,2048,hyprefill,1024/1024/1024,graph,38,85.2981,17.6171,85.3458,85.2981,
100,8,1048576,2048,hyprefill,1024/1024/1024,graph,39,85.1182,17.6171,85.1689,85.1182,
100,8,1048576,2048,hyprefill,1024/1024/1024,graph,40,83.1628,17.6171,83.2117,83.1628,
100,8,1048576,2048,hyprefill,1024/1024/1024,graph,41,84.4426,17.6171,84.4890,84.4426,
100,8,1048576,2048,hyprefill,1024/1024/1024,graph,42,85.0602,17.6171,85.1088,85.0602,
100,8,1048576,2048,hyprefill,1024/1024/1024,graph,43,85.1940,17.6171,85.2445,85.1940,
100,8,1048576,2048,hyprefill,1024/1024/1024,graph,44,82.6776,17.6171,82.7277,82.6776,
100,8,1048576,2048,hyprefill,1024/1024/1024,graph,45,86.1963,17.6171,86.2453,86.1963,
100,8,1048576,2048,hyprefill,1024/1024/1024,graph,46,84.6984,17.6171,84.7512,84.6984,
100,8,1048576,2048,hyprefill,1024/1024/1024,graph,47,84.2668,17.6171,84.3161,84.2668,
100,8,1048576,2048,hyprefill,1024/1024/1024,graph,48,84.7167,17.6171,84.7637,84.7167,
100,8,1048576,2048,hyprefill,1024/1024/1024,graph,49,83.6689,17.6171,83.7141,83.6689,
100,8,1048576,2048,hyprefill,1024/1024/1024,graph,50,83.5848,17.6171,83.6335,83.5848,
100,8,1048576,2048,hyprefill,1024/1024/1024,graph,51,84.1702,17.6171,84.2189,84.1702,
100,8,1048576,2048,hyprefill,1024/1024/1024,graph,52,82.6403,17.6171,82.6895,82.6403,
100,8,1048576,2048,hyprefill,1024/1024/1024,graph,53,84.5212,17.6171,84.5763,84.5212,
100,8,1048576,2048,hyprefill,1024/1024/1024,graph,54,83.5534,17.6171,83.6088,83.5534,
100,8,1048576,2048,hyprefill,1024/1024/1024,graph,55,81.1813,17.6171,81.2324,81.1813,
100,8,1048576,2048,hyprefill,1024/1024/1024,graph,56,83.8927,17.6171,83.9460,83.8927,
100,8,1048576,2048,hyprefill,1024/1024/1024,graph,57,84.1313,17.6171,84.1907,84.1313,
100,8,1048576,2048,hyprefill,1024/1024/1024,graph,58,85.7407,17.6171,85.7899,85.7407,
100,8,1048576,2048,hyprefill,1024/1024/1024,graph,59,83.5476,17.6171,83.6013,83.5476,
100,8,1048576,2048,hyprefill,1024/1024/1024,graph,60,81.3943,17.6171,81.4461,81.3943,
100,8,1048576,2048,hyprefill,1024/1024/1024,graph,61,82.8816,17.6171,82.9296,82.8816,
100,8,1048576,2048,hyprefill,1024/1024/1024,graph,62,81.2977,17.6171,81.3530,81.2977,
100,8,1048576,2048,hyprefill,1024/1024/1024,graph,63,84.7486,17.6171,84.7982,84.7486,
100,8,1048576,2048,hyprefill,1024/1024/1024,graph,64,84.0806,17.6171,84.1291,84.0806,
100,8,1048576,2048,hyprefill,1024/1024/1024,graph,65,82.5326,17.6171,82.5796,82.5326,
100,8,1048576,2048,hyprefill,1024/1024/1024,graph,66,84.6376,17.6171,84.6897,84.6376,
100,8,1048576,2048,hyprefill,1024/1024/1024,graph,67,84.5292,17.6171,84.5753,84.5292,
100,8,1048576,2048,hyprefill,1024/1024/1024,graph,68,84.8793,17.6171,84.9281,84.8793,
100,8,1048576,2048,hyprefill,1024/1024/1024,graph,69,84.1028,17.6171,84.1574,84.1028,
100,8,1048576,2048,hyprefill,1024/1024/1024,graph,70,83.1976,17.6171,83.2458,83.1976,
100,8,1048576,2048,hyprefill,1024/1024/1024,graph,71,83.8975,17.6171,83.9465,83.8975,
100,8,1048576,2048,hyprefill,1024/1024/1024,graph,72,82.3162,17.3425,82.3641,82.3162,
100,8,1048576,2048,hyprefill,1024/1024/1024,graph,73,81.9135,17.3425,81.9679,81.9135,
100,8,1048576,2048,hyprefill,1024/1024/1024,graph,74,84.0621,17.0679,84.1194,84.0621,
100,8,1048576,2048,hyprefill,1024/1024/1024,graph,75,82.5037,17.0679,82.5512,82.5037,
100,8,1048576,2048,hyprefill,1024/1024/1024,graph,76,83.8428,16.7934,83.8942,83.8428,
100,8,1048576,2048,hyprefill,1024/1024/1024,graph,77,82.5550,16.7934,82.6073,82.5550,
100,8,1048576,2048,hyprefill,1024/1024/1024,graph,78,80.7388,16.7934,80.7874,80.7388,
100,8,1048576,2048,hyprefill,1024/1024/1024,graph,79,80.3767,16.7934,80.4260,80.3767,
100,8,1048576,2048,hyprefill,1024/1024/1024,graph,80,83.0240,16.7934,83.0723,83.0240,
100,8,1048576,2048,hyprefill,1024/1024/1024,graph,81,79.7855,16.7934,79.8330,79.7855,
100,8,1048576,2048,hyprefill,1024/1024/1024,graph,82,82.4437,16.7934,82.4906,82.4437,
100,8,1048576,2048,hyprefill,1024/1024/1024,graph,83,79.7666,16.7934,79.8117,79.7666,
100,8,1048576,2048,hyprefill,1024/1024/1024,graph,84,82.8793,16.7934,82.9321,82.8793,
100,8,1048576,2048,hyprefill,1024/1024/1024,graph,85,80.7462,16.7934,80.7970,80.7462,
100,8,1048576,2048,hyprefill,1024/1024/1024,graph,86,82.5925,16.7934,82.6401,82.5925,
100,8,1048576,2048,hyprefill,1024/1024/1024,graph,87,81.3423,16.7934,81.3965,81.3423,
100,8,1048576,2048,hyprefill,1024/1024/1024,graph,88,81.2583,16.7934,81.3408,81.2583,
100,8,1048576,2048,hyprefill,1024/1024/1024,graph,89,84.7154,16.7934,84.7638,84.7154,
100,8,1048576,2048,hyprefill,1024/1024/1024,graph,90,82.4956,16.7934,82.5460,82.4956,
100,8,1048576,2048,hyprefill,1024/1024/1024,graph,91,81.5998,16.7934,81.6503,81.5998,
100,8,1048576,2048,hyprefill,1024/1024/1024,graph,92,81.4451,16.7934,81.4979,81.4451,
100,8,1048576,2048,hyprefill,1024/1024/1024,graph,93,84.4591,16.7934,84.5048,84.4591,
100,8,1048576,2048,hyprefill,1024/1024/1024,graph,94,82.3544,16.7934,82.4049,82.3544,
100,8,1048576,2048,hyprefill,1024/1024/1024,graph,95,83.3287,16.7934,83.3795,83.3287,
100,8,1048576,2048,hyprefill,1024/1024/1024,graph,96,82.8805,16.7934,82.9362,82.8805,
100,8,1048576,2048,hyprefill,1024/1024/1024,graph,97,83.4867,16.7934,83.5415,83.4867,
100,8,1048576,2048,hyprefill,1024/1024/1024,graph,98,79.8675,16.7934,79.9170,79.8675,
100,8,1048576,2048,hyprefill,1024/1024/1024,graph,99,83.9048,16.7934,83.9556,83.9048,
100,8,1048576,2048,hyprefill,1024/1024/1024,graph,100,79.4166,16.7934,79.4669,79.4166,
100,8,1048576,2048,hyprefill,1024/1024/1024,graph,101,84.5309,16.7934,84.5785,84.5309,
100,8,1048576,2048,hyprefill,1024/1024/1024,graph,102,83.3664,16.7934,83.4151,83.3664,
100,8,1048576,2048,hyprefill,1024/1024/1024,graph,103,80.5596,16.7934,80.6107,80.5596,
100,8,1048576,2048,hyprefill,1024/1024/1024,graph,104,83.6701,17.0679,83.7211,83.6701,
100,8,1048576,2048,hyprefill,1024/1024/1024,graph,105,81.3716,17.0679,81.4170,81.3716,
100,8,1048576,2048,hyprefill,1024/1024/1024,graph,106,82.7048,17.3425,82.7516,82.7048,
100,8,1048576,2048,hyprefill,1024/1024/1024,graph,107,83.7747,17.3425,83.8185,83.7747,
100,8,1048576,2048,hyprefill,1024/1024/1024,graph,108,84.8462,17.6171,84.8992,84.8462,
100,8,1048576,2048,hyprefill,1024/1024/1024,graph,109,84.5434,17.6171,84.5992,84.5434,
100,8,1048576,2048,hyprefill,1024/1024/1024,graph,110,84.5833,17.6171,84.6342,84.5833,
100,8,1048576,2048,hyprefill,1024/1024/1024,graph,111,83.2534,17.6171,83.3042,83.2534,
100,8,1048576,2048,hyprefill,1024/1024/1024,graph,112,84.8421,17.6171,84.8971,84.8421,
100,8,1048576,2048,hyprefill,1024/1024/1024,graph,113,84.0396,17.6171,84.0877,84.0396,
100,8,1048576,2048,hyprefill,1024/1024/1024,graph,114,85.1367,17.6171,85.1933,85.1367,
100,8,1048576,2048,hyprefill,1024/1024/1024,graph,115,86.5442,17.6171,86.5948,86.5442,
100,8,1048576,2048,hyprefill,1024/1024/1024,graph,116,82.2749,17.6171,82.3224,82.2749,
100,8,1048576,2048,hyprefill,1024/1024/1024,graph,117,84.7123,17.6171,84.7611,84.7123,
100,8,1048576,2048,hyprefill,1024/1024/1024,graph,118,84.0904,17.6171,84.1471,84.0904,
100,8,1048576,2048,hyprefill,1024/1024/1024,graph,119,83.7954,17.6171,83.8523,83.7954,
100,8,1048576,2048,hyprefill,1024/1024/1024,graph,120,84.7486,17.6171,84.8017,84.7486,
100,8,1048576,2048,hyprefill,1024/1024/1024,graph,121,84.7708,17.6171,84.8269,84.7708,
100,8,1048576,2048,hyprefill,1024/1024/1024,graph,122,82.6748,17.6171,82.7228,82.6748,
100,8,1048576,2048,hyprefill,1024/1024/1024,graph,123,85.7074,17.6171,85.7579,85.7074,
100,8,1048576,2048,hyprefill,1024/1024/1024,graph,124,85.6673,17.6171,85.7155,85.6673,
100,8,1048576,2048,hyprefill,1024/1024/1024,graph,125,82.3274,17.6171,82.3771,82.3274,
100,8,1048576,2048,hyprefill,1024/1024/1024,graph,126,85.3363,17.6171,85.3856,85.3363,
100,8,1048576,2048,hyprefill,1024/1024/1024,graph,127,83.9832,17.6171,84.0450,83.9832,
100,8,1048576,2048,hyprefill,1024/1024/1024,graph,128,83.0270,17.6171,83.0824,83.0270,
100,8,1048576,2048,hyprefill,1024/1024/1024,graph,129,85.1843,17.6171,85.2336,85.1843,
100,8,1048576,2048,hyprefill,1024/1024/1024,graph,130,85.1169,17.6171,85.1667,85.1169,
100,8,1048576,2048,hyprefill,1024/1024/1024,graph,131,82.2297,17.6171,82.2858,82.2297,
100,8,1048576,2048,hyprefill,1024/1024/1024,graph,132,85.0659,17.6171,85.1200,85.0659,
100,8,1048576,2048,hyprefill,1024/1024/1024,graph,133,81.1090,17.6171,81.1634,81.1090,
100,8,1048576,2048,hyprefill,1024/1024/1024,graph,134,83.9628,17.6171,84.0125,83.9628,
100,8,1048576,2048,hyprefill,1024/1024/1024,graph,135,84.1995,17.6171,84.2747,84.1995,
100,8,1048576,2048,hyprefill,1024/1024/1024,graph,136,85.7363,17.6171,85.7875,85.7363,
100,8,1048576,2048,hyprefill,1024/1024/1024,graph,137,84.8888,17.6171,84.9390,84.8888,
100,8,1048576,2048,hyprefill,1024/1024/1024,graph,138,83.5977,17.6171,83.6445,83.5977,
100,8,1048576,2048,hyprefill,1024/1024/1024,graph,139,84.7571,17.6171,84.8050,84.7571,
100,8,1048576,2048,hyprefill,1024/1024/1024,graph,140,85.5592,17.6171,85.6160,85.5592,
100,8,1048576,2048,hyprefill,1024/1024/1024,graph,141,81.9917,17.6171,82.0442,81.9917,
100,8,1048576,2048,hyprefill,1024/1024/1024,graph,142,83.0331,17.6171,83.0860,83.0331,
100,8,1048576,2048,hyprefill,1024/1024/1024,graph,143,85.5859,17.6171,85.6362,85.5859,
100,8,1048576,2048,hyprefill,1024/1024/1024,graph,144,84.4493,17.6171,84.5008,84.4493,
100,8,1048576,2048,hyprefill,1024/1024/1024,graph,145,83.6670,17.6171,83.7176,83.6670,
100,8,1048576,2048,hyprefill,1024/1024/1024,graph,146,83.8398,17.6171,83.8885,83.8398,
100,8,1048576,2048,hyprefill,1024/1024/1024,graph,147,84.7465,17.6171,84.7945,84.7465,
100,8,1048576,2048,hyprefill,1024/1024/1024,graph,148,83.5883,17.6171,83.6374,83.5883,
100,8,1048576,2048,hyprefill,1024/1024/1024,graph,149,82.4222,17.6171,82.4735,82.4222,
100,8,1048576,2048,hyprefill,1024/1024/1024,graph,150,84.9351,17.6171,84.9859,84.9351,
100,8,1048576,2048,hyprefill,1024/1024/1024,graph,151,85.2712,17.6171,85.3191,85.2712,
100,8,1048576,2048,hyprefill,1024/1024/1024,graph,152,82.3720,17.6171,82.4299,82.3720,
100,8,1048576,2048,hyprefill,1024/1024/1024,graph,153,84.1922,17.6171,84.2389,84.1922,
100,8,1048576,2048,hyprefill,1024/1024/1024,graph,154,83.4316,17.6171,83.4834,83.4316,
100,8,1048576,2048,hyprefill,1024/1024/1024,graph,155,84.0653,17.6171,84.1155,84.0653,
100,8,1048576,2048,hyprefill,1024/1024/1024,graph,156,84.9479,17.6171,84.9963,84.9479,
100,8,1048576,2048,hyprefill,1024/1024/1024,graph,157,84.2811,17.6171,84.3333,84.2811,
100,8,1048576,2048,hyprefill,1024/1024/1024,graph,158,82.9339,17.6171,82.9850,82.9339,
100,8,1048576,2048,hyprefill,1024/1024/1024,graph,159,83.9443,17.6171,83.9948,83.9443,
100,8,1048576,2048,hyprefill,1024/1024/1024,graph,160,82.1449,17.6171,82.1930,82.1449,
100,8,1048576,2048,hyprefill,1024/1024/1024,graph,161,84.1714,17.6171,84.2167,84.1714,
100,8,1048576,2048,hyprefill,1024/1024/1024,graph,162,82.6406,17.6171,82.6890,82.6406,
100,8,1048576,2048,hyprefill,1024/1024/1024,graph,163,84.9924,17.6171,85.0436,84.9924,
100,8,1048576,2048,hyprefill,1024/1024/1024,graph,164,83.9512,17.6171,84.0044,83.9512,
100,8,1048576,2048,hyprefill,1024/1024/1024,graph,165,85.0030,17.6171,85.0519,85.0030,
100,8,1048576,2048,hyprefill,1024/1024/1024,graph,166,81.6267,17.6171,81.6784,81.6267,
100,8,1048576,2048,hyprefill,1024/1024/1024,graph,167,83.8530,17.6171,83.9020,83.8530,
100,8,1048576,2048,hyprefill,1024/1024/1024,graph,168,83.9499,17.3425,84.0003,83.9499,
100,8,1048576,2048,hyprefill,1024/1024/1024,graph,169,82.6813,17.3425,82.7348,82.6813,
100,8,1048576,2048,hyprefill,1024/1024/1024,graph,170,82.8435,17.0679,82.8971,82.8435,
100,8,1048576,2048,hyprefill,1024/1024/1024,graph,171,83.1649,17.0679,83.2137,83.1649,
100,8,1048576,2048,hyprefill,1024/1024/1024,graph,172,83.0140,16.7934,83.0597,83.0140,
100,8,1048576,2048,hyprefill,1024/1024/1024,graph,173,80.9377,16.7934,80.9887,80.9377,
100,8,1048576,2048,hyprefill,1024/1024/1024,graph,174,82.0824,16.7934,82.1341,82.0824,
100,8,1048576,2048,hyprefill,1024/1024/1024,graph,175,82.6196,16.7934,82.6690,82.6196,
100,8,1048576,2048,hyprefill,1024/1024/1024,graph,176,82.3975,16.7934,82.4450,82.3975,
100,8,1048576,2048,hyprefill,1024/1024/1024,graph,177,80.2884,16.7934,80.3357,80.2884,
100,8,1048576,2048,hyprefill,1024/1024/1024,graph,178,82.7633,16.7934,82.8145,82.7633,
100,8,1048576,2048,hyprefill,1024/1024/1024,graph,179,81.0397,16.7934,81.1067,81.0397,
100,8,1048576,2048,hyprefill,1024/1024/1024,graph,180,82.0779,16.7934,82.1294,82.0779,
100,8,1048576,2048,hyprefill,1024/1024/1024,graph,181,82.9300,16.7934,82.9815,82.9300,
100,8,1048576,2048,hyprefill,1024/1024/1024,graph,182,81.5284,16.7934,81.5780,81.5284,
100,8,1048576,2048,hyprefill,1024/1024/1024,graph,183,82.8631,16.7934,82.9133,82.8631,
100,8,1048576,2048,hyprefill,1024/1024/1024,graph,184,82.6469,16.7934,82.6976,82.6469,
100,8,1048576,2048,hyprefill,1024/1024/1024,graph,185,79.6119,16.7934,79.6645,79.6119,
100,8,1048576,2048,hyprefill,1024/1024/1024,graph,186,84.0958,16.7934,84.1501,84.0958,
100,8,1048576,2048,hyprefill,1024/1024/1024,graph,187,80.0340,16.7934,80.0871,80.0340,
100,8,1048576,2048,hyprefill,1024/1024/1024,graph,188,82.6766,16.7934,82.7295,82.6766,
100,8,1048576,2048,hyprefill,1024/1024/1024,graph,189,80.8040,16.7934,80.8646,80.8040,
100,8,1048576,2048,hyprefill,1024/1024/1024,graph,190,83.6610,16.7934,83.7088,83.6610,
100,8,1048576,2048,hyprefill,1024/1024/1024,graph,191,84.3726,16.7934,84.4281,84.3726,
100,8,1048576,2048,hyprefill,1024/1024/1024,graph,192,82.8711,16.7934,82.9215,82.8711,
100,8,1048576,2048,hyprefill,1024/1024/1024,graph,193,82.7961,16.7934,82.8443,82.7961,
100,8,1048576,2048,hyprefill,1024/1024/1024,graph,194,84.5800,16.7934,84.6342,84.5800,
100,8,1048576,2048,hyprefill,1024/1024/1024,graph,195,84.5666,16.7934,84.6177,84.5666,
100,8,1048576,2048,hyprefill,1024/1024/1024,graph,196,79.7672,16.7934,79.8185,79.7672,
100,8,1048576,2048,hyprefill,1024/1024/1024,graph,197,80.8101,16.7934,80.8636,80.8101,
100,8,1048576,2048,hyprefill,1024/1024/1024,graph,198,82.8937,16.7934,82.9434,82.8937,
100,8,1048576,2048,hyprefill,1024/1024/1024,graph,199,82.8655,16.7934,82.9140,82.8655,
100,8,1048576,2048,hyprefill,2048/2048/2048,graph,0,81.4773,15.9059,81.5286,81.4773,
100,8,1048576,2048,hyprefill,2048/2048/2048,graph,1,80.2946,15.9059,80.3419,80.2946,
100,8,1048576,2048,hyprefill,2048/2048/2048,graph,2,80.9025,15.9059,80.9494,80.9025,
100,8,1048576,2048,hyprefill,2048/2048/2048,graph,3,80.8049,15.9059,80.8543,80.8049,
100,8,1048576,2048,hyprefill,2048/2048/2048,graph,4,81.4557,15.9059,81.5032,81.4557,
100,8,1048576,2048,hyprefill,2048/2048/2048,graph,5,80.8141,15.9059,80.8605,80.8141,
100,8,1048576,2048,hyprefill,2048/2048/2048,graph,6,78.3948,15.9059,78.4405,78.3948,
100,8,1048576,2048,hyprefill,2048/2048/2048,graph,7,81.5062,15.9059,81.5522,81.5062,
100,8,1048576,2048,hyprefill,2048/2048/2048,graph,8,80.2278,15.9059,80.2751,80.2278,
100,8,1048576,2048,hyprefill,2048/2048/2048,graph,9,77.1684,15.9059,77.2156,77.1684,
100,8,1048576,2048,hyprefill,2048/2048/2048,graph,10,81.1551,15.9059,81.2084,81.1551,
100,8,1048576,2048,hyprefill,2048/2048/2048,graph,11,79.2986,15.9059,79.3489,79.2986,
100,8,1048576,2048,hyprefill,2048/2048/2048,graph,12,81.0401,15.9059,81.0877,81.0401,
100,8,1048576,2048,hyprefill,2048/2048/2048,graph,13,78.4414,15.9059,78.4905,78.4414,
100,8,1048576,2048,hyprefill,2048/2048/2048,graph,14,81.5122,15.9059,81.5619,81.5122,
100,8,1048576,2048,hyprefill,2048/2048/2048,graph,15,80.0133,15.9059,80.0643,80.0133,
100,8,1048576,2048,hyprefill,2048/2048/2048,graph,16,77.1829,15.9059,77.2330,77.1829,
100,8,1048576,2048,hyprefill,2048/2048/2048,graph,17,81.3491,15.9059,81.4036,81.3491,
100,8,1048576,2048,hyprefill,2048/2048/2048,graph,18,79.3771,15.9059,79.4305,79.3771,
100,8,1048576,2048,hyprefill,2048/2048/2048,graph,19,81.3446,15.9059,81.3977,81.3446,
100,8,1048576,2048,hyprefill,2048/2048/2048,graph,20,80.9844,15.9059,81.0392,80.9844,
100,8,1048576,2048,hyprefill,2048/2048/2048,graph,21,80.2262,15.9059,80.2794,80.2262,
100,8,1048576,2048,hyprefill,2048/2048/2048,graph,22,78.9657,15.9059,79.0151,78.9657,
100,8,1048576,2048,hyprefill,2048/2048/2048,graph,23,79.9846,15.9059,80.0357,79.9846,
100,8,1048576,2048,hyprefill,2048/2048/2048,graph,24,78.7990,15.9059,78.8569,78.7990,
100,8,1048576,2048,hyprefill,2048/2048/2048,graph,25,78.2149,15.9059,78.2687,78.2149,
100,8,1048576,2048,hyprefill,2048/2048/2048,graph,26,81.4406,15.9059,81.5093,81.4406,
100,8,1048576,2048,hyprefill,2048/2048/2048,graph,27,77.9140,15.9059,77.9653,77.9140,
100,8,1048576,2048,hyprefill,2048/2048/2048,graph,28,81.2384,15.9059,81.2964,81.2384,
100,8,1048576,2048,hyprefill,2048/2048/2048,graph,29,79.6150,15.9059,79.6637,79.6150,
100,8,1048576,2048,hyprefill,2048/2048/2048,graph,30,78.9330,15.9059,78.9906,78.9330,
100,8,1048576,2048,hyprefill,2048/2048/2048,graph,31,80.3771,15.9059,80.4403,80.3771,
100,8,1048576,2048,hyprefill,2048/2048/2048,graph,32,79.5278,15.9059,79.5880,79.5278,
100,8,1048576,2048,hyprefill,2048/2048/2048,graph,33,80.2125,15.9059,80.2649,80.2125,
100,8,1048576,2048,hyprefill,2048/2048/2048,graph,34,77.5675,15.9059,77.6214,77.5675,
100,8,1048576,2048,hyprefill,2048/2048/2048,graph,35,78.6689,15.9059,78.7343,78.6689,
100,8,1048576,2048,hyprefill,2048/2048/2048,graph,36,79.5071,15.9059,79.5643,79.5071,
100,8,1048576,2048,hyprefill,2048/2048/2048,graph,37,81.1972,15.9059,81.2483,81.1972,
100,8,1048576,2048,hyprefill,2048/2048/2048,graph,38,78.2594,15.9059,78.3119,78.2594,
100,8,1048576,2048,hyprefill,2048/2048/2048,graph,39,78.1471,15.9059,78.1966,78.1471,
100,8,1048576,2048,hyprefill,2048/2048/2048,graph,40,81.3906,15.9059,81.4469,81.3906,
100,8,1048576,2048,hyprefill,2048/2048/2048,graph,41,77.5257,15.9059,77.5775,77.5257,
100,8,1048576,2048,hyprefill,2048/2048/2048,graph,42,80.9224,15.9059,80.9706,80.9224,
100,8,1048576,2048,hyprefill,2048/2048/2048,graph,43,80.4860,15.9059,80.5349,80.4860,
100,8,1048576,2048,hyprefill,2048/2048/2048,graph,44,79.5592,15.9059,79.6229,79.5592,
100,8,1048576,2048,hyprefill,2048/2048/2048,graph,45,77.8116,15.9059,77.8622,77.8116,
100,8,1048576,2048,hyprefill,2048/2048/2048,graph,46,81.0005,15.9059,81.0478,81.0005,
100,8,1048576,2048,hyprefill,2048/2048/2048,graph,47,79.8772,15.9059,79.9331,79.8772,
100,8,1048576,2048,hyprefill,2048/2048/2048,graph,48,80.7113,15.9059,80.7656,80.7113,
100,8,1048576,2048,hyprefill,2048/2048/2048,graph,49,81.2993,15.9059,81.3610,81.2993,
100,8,1048576,2048,hyprefill,2048/2048/2048,graph,50,80.6895,15.9059,80.7425,80.6895,
100,8,1048576,2048,hyprefill,2048/2048/2048,graph,51,81.3172,15.9059,81.3693,81.3172,
100,8,1048576,2048,hyprefill,2048/2048/2048,graph,52,79.9997,15.9059,80.0517,79.9997,
100,8,1048576,2048,hyprefill,2048/2048/2048,graph,53,81.3768,15.9059,81.4279,81.3768,
100,8,1048576,2048,hyprefill,2048/2048/2048,graph,54,79.7053,15.9059,79.7592,79.7053,
100,8,1048576,2048,hyprefill,2048/2048/2048,graph,55,77.2373,15.9059,77.2903,77.2373,
100,8,1048576,2048,hyprefill,2048/2048/2048,graph,56,77.1187,15.9059,77.1732,77.1187,
100,8,1048576,2048,hyprefill,2048/2048/2048,graph,57,79.8531,15.9059,79.9032,79.8531,
100,8,1048576,2048,hyprefill,2048/2048/2048,graph,58,79.1499,15.9059,79.2132,79.1499,
100,8,1048576,2048,hyprefill,2048/2048/2048,graph,59,79.6492,15.9059,79.7034,79.6492,
100,8,1048576,2048,hyprefill,2048/2048/2048,graph,60,76.9117,15.9059,76.9604,76.9117,
100,8,1048576,2048,hyprefill,2048/2048/2048,graph,61,77.1626,15.9059,77.2113,77.1626,
100,8,1048576,2048,hyprefill,2048/2048/2048,graph,62,77.0031,15.9059,77.0563,77.0031,
100,8,1048576,2048,hyprefill,2048/2048/2048,graph,63,79.9926,15.9059,80.0446,79.9926,
100,8,1048576,2048,hyprefill,2048/2048/2048,graph,64,77.3158,15.9059,77.3685,77.3158,
100,8,1048576,2048,hyprefill,2048/2048/2048,graph,65,76.9076,15.9059,76.9644,76.9076,
100,8,1048576,2048,hyprefill,2048/2048/2048,graph,66,79.7889,15.9059,79.8462,79.7889,
100,8,1048576,2048,hyprefill,2048/2048/2048,graph,67,78.6059,15.9059,78.6536,78.6059,
100,8,1048576,2048,hyprefill,2048/2048/2048,graph,68,80.4031,15.9059,80.4550,80.4031,
100,8,1048576,2048,hyprefill,2048/2048/2048,graph,69,76.9586,15.9059,77.0125,76.9586,
100,8,1048576,2048,hyprefill,2048/2048/2048,graph,70,79.8829,15.9059,79.9329,79.8829,
100,8,1048576,2048,hyprefill,2048/2048/2048,graph,71,77.9286,15.9059,77.9917,77.9286,
100,8,1048576,2048,hyprefill,2048/2048/2048,graph,72,77.2793,15.6314,77.3298,77.2793,
100,8,1048576,2048,hyprefill,2048/2048/2048,graph,73,76.5164,15.6314,76.5646,76.5164,
100,8,1048576,2048,hyprefill,2048/2048/2048,graph,74,79.6537,15.3568,79.7030,79.6537,
100,8,1048576,2048,hyprefill,2048/2048/2048,graph,75,76.0003,15.3568,76.0478,76.0003,
100,8,1048576,2048,hyprefill,2048/2048/2048,graph,76,78.1619,15.0822,78.2089,78.1619,
100,8,1048576,2048,hyprefill,2048/2048/2048,graph,77,75.1342,15.0822,75.1867,75.1342,
100,8,1048576,2048,hyprefill,2048/2048/2048,graph,78,78.1582,15.0822,78.2081,78.1582,
100,8,1048576,2048,hyprefill,2048/2048/2048,graph,79,75.1661,15.0822,75.2143,75.1661,
100,8,1048576,2048,hyprefill,2048/2048/2048,graph,80,77.3210,15.0822,77.3727,77.3210,
100,8,1048576,2048,hyprefill,2048/2048/2048,graph,81,74.8652,15.0822,74.9194,74.8652,
100,8,1048576,2048,hyprefill,2048/2048/2048,graph,82,75.7083,15.0822,75.7750,75.7083,
100,8,1048576,2048,hyprefill,2048/2048/2048,graph,83,75.9415,15.0822,75.9882,75.9415,
100,8,1048576,2048,hyprefill,2048/2048/2048,graph,84,79.0235,15.0822,79.0722,79.0235,
100,8,1048576,2048,hyprefill,2048/2048/2048,graph,85,75.5024,15.0822,75.5483,75.5024,
100,8,1048576,2048,hyprefill,2048/2048/2048,graph,86,74.9721,15.0822,75.0178,74.9721,
100,8,1048576,2048,hyprefill,2048/2048/2048,graph,87,79.1948,15.0822,79.2424,79.1948,
100,8,1048576,2048,hyprefill,2048/2048/2048,graph,88,78.9997,15.3568,79.0522,78.9997,
100,8,1048576,2048,hyprefill,2048/2048/2048,graph,89,79.6706,15.3568,79.7328,79.6706,
100,8,1048576,2048,hyprefill,2048/2048/2048,graph,90,79.7777,15.6314,79.8489,79.7777,
100,8,1048576,2048,hyprefill,2048/2048/2048,graph,91,77.9483,15.6314,77.9962,77.9483,
100,8,1048576,2048,hyprefill,2048/2048/2048,graph,92,79.7453,15.9059,79.7928,79.7453,
100,8,1048576,2048,hyprefill,2048/2048/2048,graph,93,80.9963,15.9059,81.0568,80.9963,
100,8,1048576,2048,hyprefill,2048/2048/2048,graph,94,77.7763,15.9059,77.8270,77.7763,
100,8,1048576,2048,hyprefill,2048/2048/2048,graph,95,79.6237,15.9059,79.6745,79.6237,
100,8,1048576,2048,hyprefill,2048/2048/2048,graph,96,78.6582,15.9059,78.7175,78.6582,
100,8,1048576,2048,hyprefill,2048/2048/2048,graph,97,81.4352,15.9059,81.4904,81.4352,
100,8,1048576,2048,hyprefill,2048/2048/2048,graph,98,81.1069,15.9059,81.1614,81.1069,
100,8,1048576,2048,hyprefill,2048/2048/2048,graph,99,79.7795,15.9059,79.8279,79.7795,
100,8,1048576,2048,hyprefill,2048/2048/2048,graph,100,79.8316,15.9059,79.8802,79.8316,
100,8,1048576,2048,hyprefill,2048/2048/2048,graph,101,81.3830,15.9059,81.4311,81.3830,
100,8,1048576,2048,hyprefill,2048/2048/2048,graph,102,80.7520,15.9059,80.7997,80.7520,
100,8,1048576,2048,hyprefill,2048/2048/2048,graph,103,76.9252,15.9059,76.9715,76.9252,
100,8,1048576,2048,hyprefill,2048/2048/2048,graph,104,80.6941,15.9059,80.7402,80.6941,
100,8,1048576,2048,hyprefill,2048/2048/2048,graph,105,76.8027,15.9059,76.8554,76.8027,
100,8,1048576,2048,hyprefill,2048/2048/2048,graph,106,80.5151,15.9059,80.5693,80.5151,
100,8,1048576,2048,hyprefill,2048/2048/2048,graph,107,80.5624,15.9059,80.6121,80.5624,
100,8,1048576,2048,hyprefill,2048/2048/2048,graph,108,78.3638,15.9059,78.4136,78.3638,
100,8,1048576,2048,hyprefill,2048/2048/2048,graph,109,79.2583,15.9059,79.3074,79.2583,
100,8,1048576,2048,hyprefill,2048/2048/2048,graph,110,80.5076,15.9059,80.5607,80.5076,
100,8,1048576,2048,hyprefill,2048/2048/2048,graph,111,79.8565,15.9059,79.9133,79.8565,
100,8,1048576,2048,hyprefill,2048/2048/2048,graph,112,80.2938,15.9059,80.3531,80.2938,
100,8,1048576,2048,hyprefill,2048/2048/2048,graph,113,81.3664,15.9059,81.4174,81.3664,
100,8,1048576,2048,hyprefill,2048/2048/2048,graph,114,80.9144,15.9059,80.9719,80.9144,
100,8,1048576,2048,hyprefill,2048/2048/2048,graph,115,78.5405,15.9059,78.5929,78.5405,
100,8,1048576,2048,hyprefill,2048/2048/2048,graph,116,81.7250,15.9059,81.7736,81.7250,
100,8,1048576,2048,hyprefill,2048/2048/2048,graph,117,81.1268,15.9059,81.1801,81.1268,
100,8,1048576,2048,hyprefill,2048/2048/2048,graph,118,79.9821,15.9059,80.0364,79.9821,
100,8,1048576,2048,hyprefill,2048/2048/2048,graph,119,77.6579,15.9059,77.7235,77.6579,
100,8,1048576,2048,hyprefill,2048/2048/2048,graph,120,77.7696,15.9059,77.8216,77.7696,
100,8,1048576,2048,hyprefill,2048/2048/2048,graph,121,79.5976,15.9059,79.6458,79.5976,
100,8,1048576,2048,hyprefill,2048/2048/2048,graph,122,81.0882,15.9059,81.1420,81.0882,
100,8,1048576,2048,hyprefill,2048/2048/2048,graph,123,80.7074,15.9059,80.7562,80.7074,
100,8,1048576,2048,hyprefill,2048/2048/2048,graph,124,79.2036,15.9059,79.2509,79.2036,
100,8,1048576,2048,hyprefill,2048/2048/2048,graph,125,80.5653,15.9059,80.6238,80.5653,
100,8,1048576,2048,hyprefill,2048/2048/2048,graph,126,79.6092,15.9059,79.6562,79.6092,
100,8,1048576,2048,hyprefill,2048/2048/2048,graph,127,81.3500,15.9059,81.3964,81.3500,
100,8,1048576,2048,hyprefill,2048/2048/2048,graph,128,81.2408,15.9059,81.2862,81.2408,
100,8,1048576,2048,hyprefill,2048/2048/2048,graph,129,80.5699,15.9059,80.6164,80.5699,
100,8,1048576,2048,hyprefill,2048/2048/2048,graph,130,79.5850,15.9059,79.6340,79.5850,
100,8,1048576,2048,hyprefill,2048/2048/2048,graph,131,80.6660,15.9059,80.7121,80.6660,
100,8,1048576,2048,hyprefill,2048/2048/2048,graph,132,78.1888,15.9059,78.2354,78.1888,
100,8,1048576,2048,hyprefill,2048/2048/2048,graph,133,77.8520,15.9059,77.9023,77.8520,
100,8,1048576,2048,hyprefill,2048/2048/2048,graph,134,80.3808,15.9059,80.4271,80.3808,
100,8,1048576,2048,hyprefill,2048/2048/2048,graph,135,81.3482,15.9059,81.3954,81.3482,
100,8,1048576,2048,hyprefill,2048/2048/2048,graph,136,80.5577,15.9059,80.6076,80.5577,
100,8,1048576,2048,hyprefill,2048/2048/2048,graph,137,80.6344,15.9059,80.6856,80.6344,
100,8,1048576,2048,hyprefill,2048/2048/2048,graph,138,78.4104,15.9059,78.4621,78.4104,
100,8,1048576,2048,hyprefill,2048/2048/2048,graph,139,79.5176,15.9059,79.5663,79.5176,
100,8,1048576,2048,hyprefill,2048/2048/2048,graph,140,80.9906,15.9059,81.0413,80.9906,
100,8,1048576,2048,hyprefill,2048/2048/2048,graph,141,78.4593,15.9059,78.5118,78.4593,
100,8,1048576,2048,hyprefill,2048/2048/2048,graph,142,80.9039,15.9059,80.9564,80.9039,
100,8,1048576,2048,hyprefill,2048/2048/2048,graph,143,80.1385,15.9059,80.1872,80.1385,
100,8,1048576,2048,hyprefill,2048/2048/2048,graph,144,80.5080,15.9059,80.5553,80.5080,
100,8,1048576,2048,hyprefill,2048/2048/2048,graph,145,80.3827,15.9059,80.4310,80.3827,
100,8,1048576,2048,hyprefill,2048/2048/2048,graph,146,78.5493,15.9059,78.6021,78.5493,
100,8,1048576,2048,hyprefill,2048/2048/2048,graph,147,79.9367,15.9059,79.9852,79.9367,
100,8,1048576,2048,hyprefill,2048/2048/2048,graph,148,81.4177,15.9059,81.4657,81.4177,
100,8,1048576,2048,hyprefill,2048/2048/2048,graph,149,81.4658,15.9059,81.5136,81.4658,
100,8,1048576,2048,hyprefill,2048/2048/2048,graph,150,78.7262,15.9059,78.7759,78.7262,
100,8,1048576,2048,hyprefill,2048/2048/2048,graph,151,80.5825,15.9059,80.6397,80.5825,
100,8,1048576,2048,hyprefill,2048/2048/2048,graph,152,80.7645,15.9059,80.8255,80.7645,
100,8,1048576,2048,hyprefill,2048/2048/2048,graph,153,77.1719,15.9059,77.2223,77.1719,
100,8,1048576,2048,hyprefill,2048/2048/2048,graph,154,80.6728,15.9059,80.7262,80.6728,
100,8,1048576,2048,hyprefill,2048/2048/2048,graph,155,76.9489,15.9059,76.9971,76.9489,
100,8,1048576,2048,hyprefill,2048/2048/2048,graph,156,79.7559,15.9059,79.8124,79.7559,
100,8,1048576,2048,hyprefill,2048/2048/2048,graph,157,81.3733,15.9059,81.4275,81.3733,
100,8,1048576,2048,hyprefill,2048/2048/2048,graph,158,78.0251,15.9059,78.0734,78.0251,
100,8,1048576,2048,hyprefill,2048/2048/2048,graph,159,79.9898,15.9059,80.0361,79.9898,
100,8,1048576,2048,hyprefill,2048/2048/2048,graph,160,80.4038,15.9059,80.4569,80.4038,
100,8,1048576,2048,hyprefill,2048/2048/2048,graph,161,77.1065,15.9059,77.1553,77.1065,
100,8,1048576,2048,hyprefill,2048/2048/2048,graph,162,77.9686,15.9059,78.0188,77.9686,
100,8,1048576,2048,hyprefill,2048/2048/2048,graph,163,80.8333,15.9059,80.8854,80.8333,
100,8,1048576,2048,hyprefill,2048/2048/2048,graph,164,80.4871,15.9059,80.5357,80.4871,
100,8,1048576,2048,hyprefill,2048/2048/2048,graph,165,79.7363,15.9059,79.7874,79.7363,
100,8,1048576,2048,hyprefill,2048/2048/2048,graph,166,78.3199,15.9059,78.3771,78.3199,
100,8,1048576,2048,hyprefill,2048/2048/2048,graph,167,79.6659,15.9059,79.7226,79.6659,
100,8,1048576,2048,hyprefill,2048/2048/2048,graph,168,77.2297,15.6314,77.2787,77.2297,
100,8,1048576,2048,hyprefill,2048/2048/2048,graph,169,78.8164,15.6314,78.8685,78.8164,
100,8,1048576,2048,hyprefill,2048/2048/2048,graph,170,76.1750,15.3568,76.2229,76.1750,
100,8,1048576,2048,hyprefill,2048/2048/2048,graph,171,77.9306,15.3568,77.9761,77.9306,
100,8,1048576,2048,hyprefill,2048/2048/2048,graph,172,75.9428,15.0822,75.9891,75.9428,
100,8,1048576,2048,hyprefill,2048/2048/2048,graph,173,78.0131,15.0822,78.0677,78.0131,
100,8,1048576,2048,hyprefill,2048/2048/2048,graph,174,75.0546,15.0822,75.1007,75.0546,
100,8,1048576,2048,hyprefill,2048/2048/2048,graph,175,75.3808,15.0822,75.4271,75.3808,
100,8,1048576,2048,hyprefill,2048/2048/2048,graph,176,75.7606,15.0822,75.8059,75.7606,
100,8,1048576,2048,hyprefill,2048/2048/2048,graph,177,81.2309,15.0822,81.2778,81.2309,
100,8,1048576,2048,hyprefill,2048/2048/2048,graph,178,76.8318,15.0822,76.8790,76.8318,
100,8,1048576,2048,hyprefill,2048/2048/2048,graph,179,75.5221,15.0822,75.5678,75.5221,
100,8,1048576,2048,hyprefill,2048/2048/2048,graph,180,79.0692,15.0822,79.1275,79.0692,
100,8,1048576,2048,hyprefill,2048/2048/2048,graph,181,75.7099,15.0822,75.7615,75.7099,
100,8,1048576,2048,hyprefill,2048/2048/2048,graph,182,75.6981,15.0822,75.7497,75.6981,
100,8,1048576,2048,hyprefill,2048/2048/2048,graph,183,78.8344,15.0822,78.8847,78.8344,
100,8,1048576,2048,hyprefill,2048/2048/2048,graph,184,79.7828,15.3568,79.8315,79.7828,
100,8,1048576,2048,hyprefill,2048/2048/2048,graph,185,77.4023,15.3568,77.4511,77.4023,
100,8,1048576,2048,hyprefill,2048/2048/2048,graph,186,78.3085,15.6314,78.3548,78.3085,
100,8,1048576,2048,hyprefill,2048/2048/2048,graph,187,79.3172,15.6314,79.3758,79.3172,
100,8,1048576,2048,hyprefill,2048/2048/2048,graph,188,79.8416,15.9059,79.8956,79.8416,
100,8,1048576,2048,hyprefill,2048/2048/2048,graph,189,79.2579,15.9059,79.3124,79.2579,
100,8,1048576,2048,hyprefill,2048/2048/2048,graph,190,79.0341,15.9059,79.0886,79.0341,
100,8,1048576,2048,hyprefill,2048/2048/2048,graph,191,79.2322,15.9059,79.2788,79.2322,
100,8,1048576,2048,hyprefill,2048/2048/2048,graph,192,79.6049,15.9059,79.6573,79.6049,
100,8,1048576,2048,hyprefill,2048/2048/2048,graph,193,81.8487,15.9059,81.9126,81.8487,
100,8,1048576,2048,hyprefill,2048/2048/2048,graph,194,78.5603,15.9059,78.6177,78.5603,
100,8,1048576,2048,hyprefill,2048/2048/2048,graph,195,80.3669,15.9059,80.4217,80.3669,
100,8,1048576,2048,hyprefill,2048/2048/2048,graph,196,79.1500,15.9059,79.2058,79.1500,
100,8,1048576,2048,hyprefill,2048/2048/2048,graph,197,81.0290,15.9059,81.0871,81.0290,
100,8,1048576,2048,hyprefill,2048/2048/2048,graph,198,78.9149,15.9059,78.9628,78.9149,
100,8,1048576,2048,hyprefill,2048/2048/2048,graph,199,80.0392,15.9059,80.0882,80.0392,
100,8,1048576,2048,hyprefill,256/256/256,graph,0,73.6515,23.6381,73.7103,73.6515,
100,8,1048576,2048,hyprefill,256/256/256,graph,1,78.7347,23.6381,78.7582,78.7347,
100,8,1048576,2048,hyprefill,256/256/256,graph,2,77.9197,23.6381,77.9471,77.9197,
100,8,1048576,2048,hyprefill,256/256/256,graph,3,79.4344,23.6381,79.4770,79.4344,
100,8,1048576,2048,hyprefill,256/256/256,graph,4,79.4301,23.6381,79.4537,79.4301,
100,8,1048576,2048,hyprefill,256/256/256,graph,5,79.5332,23.6381,79.5577,79.5332,
100,8,1048576,2048,hyprefill,256/256/256,graph,6,78.4001,23.6381,78.4247,78.4001,
100,8,1048576,2048,hyprefill,256/256/256,graph,7,77.7675,23.6381,77.7920,77.7675,
100,8,1048576,2048,hyprefill,256/256/256,graph,8,79.4542,23.6381,79.4855,79.4542,
100,8,1048576,2048,hyprefill,256/256/256,graph,9,79.4326,23.6381,79.4562,79.4326,
100,8,1048576,2048,hyprefill,256/256/256,graph,10,81.7335,23.6381,81.7597,81.7335,
100,8,1048576,2048,hyprefill,256/256/256,graph,11,91.9927,23.6381,92.0187,91.9927,
100,8,1048576,2048,hyprefill,256/256/256,graph,12,85.5571,23.6381,85.5792,85.5571,
100,8,1048576,2048,hyprefill,256/256/256,graph,13,80.8280,23.6381,80.8525,80.8280,
100,8,1048576,2048,hyprefill,256/256/256,graph,14,80.0001,23.6381,80.0246,80.0001,
100,8,1048576,2048,hyprefill,256/256/256,graph,15,80.0575,23.6381,80.0793,80.0575,
100,8,1048576,2048,hyprefill,256/256/256,graph,16,79.0561,23.6381,79.0769,79.0561,
100,8,1048576,2048,hyprefill,256/256/256,graph,17,79.7924,23.6381,79.8113,79.7924,
100,8,1048576,2048,hyprefill,256/256/256,graph,18,80.0341,23.6381,80.0558,80.0341,
100,8,1048576,2048,hyprefill,256/256/256,graph,19,78.9738,23.6381,78.9966,78.9738,
100,8,1048576,2048,hyprefill,256/256/256,graph,20,80.0795,23.6381,80.1069,80.0795,
100,8,1048576,2048,hyprefill,256/256/256,graph,21,79.2999,23.6381,79.3225,79.2999,
100,8,1048576,2048,hyprefill,256/256/256,graph,22,82.9040,23.6381,82.9316,82.9040,
100,8,1048576,2048,hyprefill,256/256/256,graph,23,86.0328,23.6381,86.0534,86.0328,
100,8,1048576,2048,hyprefill,256/256/256,graph,24,85.2371,23.6381,85.2598,85.2371,
100,8,1048576,2048,hyprefill,256/256/256,graph,25,82.4537,23.6381,82.4779,82.4537,
100,8,1048576,2048,hyprefill,256/256/256,graph,26,79.3665,23.6381,79.3891,79.3665,
100,8,1048576,2048,hyprefill,256/256/256,graph,27,79.6335,23.6381,79.6589,79.6335,
100,8,1048576,2048,hyprefill,256/256/256,graph,28,79.5793,23.6381,79.6081,79.5793,
100,8,1048576,2048,hyprefill,256/256/256,graph,29,79.4516,23.6381,79.4766,79.4516,
100,8,1048576,2048,hyprefill,256/256/256,graph,30,79.5922,23.6381,79.6224,79.5922,
100,8,1048576,2048,hyprefill,256/256/256,graph,31,79.0468,23.6381,79.0671,79.0468,
100,8,1048576,2048,hyprefill,256/256/256,graph,32,80.5244,23.6381,80.5452,80.5244,
100,8,1048576,2048,hyprefill,256/256/256,graph,33,80.2653,23.6381,80.2872,80.2653,
100,8,1048576,2048,hyprefill,256/256/256,graph,34,81.8357,23.6381,81.8555,81.8357,
100,8,1048576,2048,hyprefill,256/256/256,graph,35,81.3640,23.6381,81.3843,81.3640,
100,8,1048576,2048,hyprefill,256/256/256,graph,36,82.5096,23.6381,82.5289,82.5096,
100,8,1048576,2048,hyprefill,256/256/256,graph,37,83.5961,23.6381,83.6166,83.5961,
100,8,1048576,2048,hyprefill,256/256/256,graph,38,80.9856,23.6381,81.0072,80.9856,
100,8,1048576,2048,hyprefill,256/256/256,graph,39,80.6832,23.6381,80.7030,80.6832,
100,8,1048576,2048,hyprefill,256/256/256,graph,40,80.6230,23.6381,80.6455,80.6230,
100,8,1048576,2048,hyprefill,256/256/256,graph,41,80.1292,23.6381,80.1550,80.1292,
100,8,1048576,2048,hyprefill,256/256/256,graph,42,79.7123,23.6381,79.7303,79.7123,
100,8,1048576,2048,hyprefill,256/256/256,graph,43,80.1955,23.6381,80.2153,80.1955,
100,8,1048576,2048,hyprefill,256/256/256,graph,44,79.8324,23.6381,79.8600,79.8324,
100,8,1048576,2048,hyprefill,256/256/256,graph,45,79.5686,23.6381,79.5919,79.5686,
100,8,1048576,2048,hyprefill,256/256/256,graph,46,81.3172,23.6381,81.3405,81.3172,
100,8,1048576,2048,hyprefill,256/256/256,graph,47,81.9699,23.6381,81.9936,81.9699,
100,8,1048576,2048,hyprefill,256/256/256,graph,48,80.9677,23.6381,80.9872,80.9677,
100,8,1048576,2048,hyprefill,256/256/256,graph,49,80.8276,23.6381,80.8487,80.8276,
100,8,1048576,2048,hyprefill,256/256/256,graph,50,81.8334,23.6381,81.8561,81.8334,
100,8,1048576,2048,hyprefill,256/256/256,graph,51,81.0657,23.6381,81.0881,81.0657,
100,8,1048576,2048,hyprefill,256/256/256,graph,52,80.7537,23.6381,80.7817,80.7537,
100,8,1048576,2048,hyprefill,256/256/256,graph,53,79.9939,23.6381,80.0161,79.9939,
100,8,1048576,2048,hyprefill,256/256/256,graph,54,79.6518,23.6381,79.6727,79.6518,
100,8,1048576,2048,hyprefill,256/256/256,graph,55,79.4111,23.6381,79.4347,79.4111,
100,8,1048576,2048,hyprefill,256/256/256,graph,56,79.7125,23.6381,79.7348,79.7125,
100,8,1048576,2048,hyprefill,256/256/256,graph,57,80.1913,23.6381,80.2211,80.1913,
100,8,1048576,2048,hyprefill,256/256/256,graph,58,79.6413,23.6381,79.6612,79.6413,
100,8,1048576,2048,hyprefill,256/256/256,graph,59,80.6481,23.6381,80.6675,80.6481,
100,8,1048576,2048,hyprefill,256/256/256,graph,60,80.4836,23.6381,80.5054,80.4836,
100,8,1048576,2048,hyprefill,256/256/256,graph,61,81.2656,23.6381,81.2897,81.2656,
100,8,1048576,2048,hyprefill,256/256/256,graph,62,80.2540,23.6381,80.2751,80.2540,
100,8,1048576,2048,hyprefill,256/256/256,graph,63,81.8722,23.6381,81.8931,81.8722,
100,8,1048576,2048,hyprefill,256/256/256,graph,64,81.5474,23.6381,81.5709,81.5474,
100,8,1048576,2048,hyprefill,256/256/256,graph,65,79.8726,23.6381,79.8936,79.8726,
100,8,1048576,2048,hyprefill,256/256/256,graph,66,80.0544,23.6381,80.0766,80.0544,
100,8,1048576,2048,hyprefill,256/256/256,graph,67,79.8868,23.6381,79.9056,79.8868,
100,8,1048576,2048,hyprefill,256/256/256,graph,68,79.7567,23.6381,79.7759,79.7567,
100,8,1048576,2048,hyprefill,256/256/256,graph,69,80.1728,23.6381,80.1964,80.1728,
100,8,1048576,2048,hyprefill,256/256/256,graph,70,80.9653,23.6381,80.9941,80.9653,
100,8,1048576,2048,hyprefill,256/256/256,graph,71,80.4530,23.6381,80.4810,80.4530,
100,8,1048576,2048,hyprefill,256/256/256,graph,72,79.4629,23.6381,79.5087,79.4629,
100,8,1048576,2048,hyprefill,256/256/256,graph,73,79.2216,23.6381,79.2768,79.2216,
100,8,1048576,2048,hyprefill,256/256/256,graph,74,80.1839,23.6381,80.2029,80.1839,
100,8,1048576,2048,hyprefill,256/256/256,graph,75,80.1505,23.6381,80.1710,80.1505,
100,8,1048576,2048,hyprefill,256/256/256,graph,76,79.7627,23.6381,79.7821,79.7627,
100,8,1048576,2048,hyprefill,256/256/256,graph,77,79.0275,23.6381,79.0548,79.0275,
100,8,1048576,2048,hyprefill,256/256/256,graph,78,79.2719,23.6381,79.2977,79.2719,
100,8,1048576,2048,hyprefill,256/256/256,graph,79,80.2385,23.6381,80.2593,80.2385,
100,8,1048576,2048,hyprefill,256/256/256,graph,80,79.8630,23.6381,79.8821,79.8630,
100,8,1048576,2048,hyprefill,256/256/256,graph,81,80.5793,23.6381,80.5973,80.5793,
100,8,1048576,2048,hyprefill,256/256/256,graph,82,79.9739,23.6381,79.9917,79.9739,
100,8,1048576,2048,hyprefill,256/256/256,graph,83,80.6812,23.6381,80.6998,80.6812,
100,8,1048576,2048,hyprefill,256/256/256,graph,84,80.7525,23.6381,80.7720,80.7525,
100,8,1048576,2048,hyprefill,256/256/256,graph,85,79.9669,23.6381,79.9874,79.9669,
100,8,1048576,2048,hyprefill,256/256/256,graph,86,80.7047,23.6381,80.7282,80.7047,
100,8,1048576,2048,hyprefill,256/256/256,graph,87,81.7993,23.6381,81.8198,81.7993,
100,8,1048576,2048,hyprefill,256/256/256,graph,88,81.1007,23.6381,81.1189,81.1007,
100,8,1048576,2048,hyprefill,256/256/256,graph,89,80.2608,23.6381,80.2793,80.2608,
100,8,1048576,2048,hyprefill,256/256/256,graph,90,80.8116,23.6381,80.8295,80.8116,
100,8,1048576,2048,hyprefill,256/256/256,graph,91,79.6903,23.6381,79.7075,79.6903,
100,8,1048576,2048,hyprefill,256/256/256,graph,92,79.5546,23.6381,79.5741,79.5546,
100,8,1048576,2048,hyprefill,256/256/256,graph,93,79.7739,23.6381,79.7959,79.7739,
100,8,1048576,2048,hyprefill,256/256/256,graph,94,79.8624,23.6381,79.8827,79.8624,
100,8,1048576,2048,hyprefill,256/256/256,graph,95,80.7592,23.6381,80.7784,80.7592,
100,8,1048576,2048,hyprefill,256/256/256,graph,96,78.6348,23.6381,78.6520,78.6348,
100,8,1048576,2048,hyprefill,256/256/256,graph,97,80.2960,23.6381,80.3148,80.2960,
100,8,1048576,2048,hyprefill,256/256/256,graph,98,80.3441,23.6381,80.3627,80.3441,
100,8,1048576,2048,hyprefill,256/256/256,graph,99,80.7649,23.6381,80.7817,80.7649,
100,8,1048576,2048,hyprefill,256/256/256,graph,100,80.3829,23.6381,80.4002,80.3829,
100,8,1048576,2048,hyprefill,256/256/256,graph,101,80.6281,23.6381,80.6463,80.6281,
100,8,1048576,2048,hyprefill,256/256/256,graph,102,80.5804,23.6381,80.6024,80.5804,
100,8,1048576,2048,hyprefill,256/256/256,graph,103,80.6581,23.6381,80.6771,80.6581,
100,8,1048576,2048,hyprefill,256/256/256,graph,104,81.3374,23.6381,81.3578,81.3374,
100,8,1048576,2048,hyprefill,256/256/256,graph,105,79.9827,23.6381,80.0053,79.9827,
100,8,1048576,2048,hyprefill,256/256/256,graph,106,80.7004,23.6381,80.7209,80.7004,
100,8,1048576,2048,hyprefill,256/256/256,graph,107,81.4064,23.6381,81.4290,81.4064,
100,8,1048576,2048,hyprefill,256/256/256,graph,108,79.6573,23.6381,79.6748,79.6573,
100,8,1048576,2048,hyprefill,256/256/256,graph,109,79.7393,23.6381,79.7564,79.7393,
100,8,1048576,2048,hyprefill,256/256/256,graph,110,80.9223,23.6381,80.9393,80.9223,
100,8,1048576,2048,hyprefill,256/256/256,graph,111,80.6197,23.6381,80.6385,80.6197,
100,8,1048576,2048,hyprefill,256/256/256,graph,112,78.8559,23.6381,78.8752,78.8559,
100,8,1048576,2048,hyprefill,256/256/256,graph,113,80.1223,23.6381,80.1418,80.1223,
100,8,1048576,2048,hyprefill,256/256/256,graph,114,80.6059,23.6381,80.6265,80.6059,
100,8,1048576,2048,hyprefill,256/256/256,graph,115,81.0637,23.6381,81.0820,81.0637,
100,8,1048576,2048,hyprefill,256/256/256,graph,116,80.6149,23.6381,80.6327,80.6149,
100,8,1048576,2048,hyprefill,256/256/256,graph,117,80.5647,23.6381,80.5847,80.5647,
100,8,1048576,2048,hyprefill,256/256/256,graph,118,80.8129,23.6381,80.8375,80.8129,
100,8,1048576,2048,hyprefill,256/256/256,graph,119,80.9441,23.6381,80.9664,80.9441,
100,8,1048576,2048,hyprefill,256/256/256,graph,120,80.1233,23.6381,80.1425,80.1233,
100,8,1048576,2048,hyprefill,256/256/256,graph,121,79.2318,23.6381,79.2499,79.2318,
100,8,1048576,2048,hyprefill,256/256/256,graph,122,80.5547,23.6381,80.5729,80.5547,
100,8,1048576,2048,hyprefill,256/256/256,graph,123,81.4533,23.6381,81.4799,81.4533,
100,8,1048576,2048,hyprefill,256/256/256,graph,124,79.9879,23.6381,80.0079,79.9879,
100,8,1048576,2048,hyprefill,256/256/256,graph,125,80.2163,23.6381,80.2359,80.2163,
100,8,1048576,2048,hyprefill,256/256/256,graph,126,80.6257,23.6381,80.6456,80.6257,
100,8,1048576,2048,hyprefill,256/256/256,graph,127,80.8218,23.6381,80.8449,80.8218,
100,8,1048576,2048,hyprefill,256/256/256,graph,128,81.2537,23.6381,81.2830,81.2537,
100,8,1048576,2048,hyprefill,256/256/256,graph,129,80.6934,23.6381,80.7172,80.6934,
100,8,1048576,2048,hyprefill,256/256/256,graph,130,80.8258,23.6381,80.8553,80.8258,
100,8,1048576,2048,hyprefill,256/256/256,graph,131,80.6622,23.6381,80.7013,80.6622,
100,8,1048576,2048,hyprefill,256/256/256,graph,132,80.4114,23.6381,80.4319,80.4114,
100,8,1048576,2048,hyprefill,256/256/256,graph,133,80.7444,23.6381,80.7653,80.7444,
100,8,1048576,2048,hyprefill,256/256/256,graph,134,80.4612,23.6381,80.4810,80.4612,
100,8,1048576,2048,hyprefill,256/256/256,graph,135,80.3041,23.6381,80.3237,80.3041,
100,8,1048576,2048,hyprefill,256/256/256,graph,136,79.8921,23.6381,79.9111,79.8921,
100,8,1048576,2048,hyprefill,256/256/256,graph,137,81.1259,23.6381,81.1451,81.1259,
100,8,1048576,2048,hyprefill,256/256/256,graph,138,81.4270,23.6381,81.4464,81.4270,
100,8,1048576,2048,hyprefill,256/256/256,graph,139,79.9222,23.6381,79.9437,79.9222,
100,8,1048576,2048,hyprefill,256/256/256,graph,140,80.2881,23.6381,80.3076,80.2881,
100,8,1048576,2048,hyprefill,256/256/256,graph,141,80.7845,23.6381,80.8107,80.7845,
100,8,1048576,2048,hyprefill,256/256/256,graph,142,79.9345,23.6381,79.9708,79.9345,
100,8,1048576,2048,hyprefill,256/256/256,graph,143,81.0393,23.6381,81.0895,81.0393,
100,8,1048576,2048,hyprefill,256/256/256,graph,144,80.1091,23.6381,80.1332,80.1091,
100,8,1048576,2048,hyprefill,256/256/256,graph,145,81.4586,23.6381,81.4865,81.4586,
100,8,1048576,2048,hyprefill,256/256/256,graph,146,82.1654,23.6381,82.1873,82.1654,
100,8,1048576,2048,hyprefill,256/256/256,graph,147,80.9298,23.6381,80.9544,80.9298,
100,8,1048576,2048,hyprefill,256/256/256,graph,148,79.8356,23.6381,79.8568,79.8356,
100,8,1048576,2048,hyprefill,256/256/256,graph,149,80.6990,23.6381,80.7180,80.6990,
100,8,1048576,2048,hyprefill,256/256/256,graph,150,79.5886,23.6381,79.6073,79.5886,
100,8,1048576,2048,hyprefill,256/256/256,graph,151,80.4967,23.6381,80.5155,80.4967,
100,8,1048576,2048,hyprefill,256/256/256,graph,152,80.1218,23.6381,80.1424,80.1218,
100,8,1048576,2048,hyprefill,256/256/256,graph,153,79.9600,23.6381,79.9829,79.9600,
100,8,1048576,2048,hyprefill,256/256/256,graph,154,80.0548,23.6381,80.0788,80.0548,
100,8,1048576,2048,hyprefill,256/256/256,graph,155,79.6932,23.6381,79.7156,79.6932,
100,8,1048576,2048,hyprefill,256/256/256,graph,156,79.3883,23.6381,79.4105,79.3883,
100,8,1048576,2048,hyprefill,256/256/256,graph,157,80.4476,23.6381,80.4708,80.4476,
100,8,1048576,2048,hyprefill,256/256/256,graph,158,81.7714,23.6381,81.7953,81.7714,
100,8,1048576,2048,hyprefill,256/256/256,graph,159,80.5567,23.6381,80.5764,80.5567,
100,8,1048576,2048,hyprefill,256/256/256,graph,160,80.9827,23.6381,81.0040,80.9827,
100,8,1048576,2048,hyprefill,256/256/256,graph,161,80.9507,23.6381,80.9700,80.9507,
100,8,1048576,2048,hyprefill,256/256/256,graph,162,80.2802,23.6381,80.3007,80.2802,
100,8,1048576,2048,hyprefill,256/256/256,graph,163,80.2400,23.6381,80.2574,80.2400,
100,8,1048576,2048,hyprefill,256/256/256,graph,164,80.1992,23.6381,80.2171,80.1992,
100,8,1048576,2048,hyprefill,256/256/256,graph,165,80.3254,23.6381,80.3504,80.3254,
100,8,1048576,2048,hyprefill,256/256/256,graph,166,79.1492,23.6381,79.1837,79.1492,
100,8,1048576,2048,hyprefill,256/256/256,graph,167,79.4119,23.6381,79.4315,79.4119,
100,8,1048576,2048,hyprefill,256/256/256,graph,168,80.1414,23.6381,80.1614,80.1414,
100,8,1048576,2048,hyprefill,256/256/256,graph,169,81.0091,23.6381,81.0294,81.0091,
100,8,1048576,2048,hyprefill,256/256/256,graph,170,79.4850,23.6381,79.5035,79.4850,
100,8,1048576,2048,hyprefill,256/256/256,graph,171,79.6647,23.6381,79.6834,79.6647,
100,8,1048576,2048,hyprefill,256/256/256,graph,172,80.8397,23.6381,80.8579,80.8397,
100,8,1048576,2048,hyprefill,256/256/256,graph,173,79.7975,23.6381,79.8145,79.7975,
100,8,1048576,2048,hyprefill,256/256/256,graph,174,80.0107,23.6381,80.0295,80.0107,
100,8,1048576,2048,hyprefill,256/256/256,graph,175,78.8362,23.6381,78.8696,78.8362,
100,8,1048576,2048,hyprefill,256/256/256,graph,176,80.0500,23.6381,80.0733,80.0500,
100,8,1048576,2048,hyprefill,256/256/256,graph,177,80.4618,23.6381,80.5005,80.4618,
100,8,1048576,2048,hyprefill,256/256/256,graph,178,80.0177,23.6381,80.0518,80.0177,
100,8,1048576,2048,hyprefill,256/256/256,graph,179,78.7496,23.6381,78.7792,78.7496,
100,8,1048576,2048,hyprefill,256/256/256,graph,180,80.4086,23.6381,80.4287,80.4086,
100,8,1048576,2048,hyprefill,256/256/256,graph,181,80.4876,23.6381,80.5052,80.4876,
100,8,1048576,2048,hyprefill,256/256/256,graph,182,79.6583,23.6381,79.6771,79.6583,
100,8,1048576,2048,hyprefill,256/256/256,graph,183,80.2052,23.6381,80.2250,80.2052,
100,8,1048576,2048,hyprefill,256/256/256,graph,184,79.8683,23.6381,79.8883,79.8683,
100,8,1048576,2048,hyprefill,256/256/256,graph,185,80.0529,23.6381,80.0735,80.0529,
100,8,1048576,2048,hyprefill,256/256/256,graph,186,79.8888,23.6381,79.9101,79.8888,
100,8,1048576,2048,hyprefill,256/256/256,graph,187,79.7227,23.6381,79.7486,79.7227,
100,8,1048576,2048,hyprefill,256/256/256,graph,188,80.0517,23.6381,80.0749,80.0517,
100,8,1048576,2048,hyprefill,256/256/256,graph,189,79.9741,23.6381,79.9938,79.9741,
100,8,1048576,2048,hyprefill,256/256/256,graph,190,80.2987,23.6381,80.3221,80.2987,
100,8,1048576,2048,hyprefill,256/256/256,graph,191,80.0838,23.6381,80.1134,80.0838,
100,8,1048576,2048,hyprefill,256/256/256,graph,192,79.6084,23.6381,79.6254,79.6084,
100,8,1048576,2048,hyprefill,256/256/256,graph,193,79.9977,23.6381,80.0159,79.9977,
100,8,1048576,2048,hyprefill,256/256/256,graph,194,78.7250,23.6381,78.7462,78.7250,
100,8,1048576,2048,hyprefill,256/256/256,graph,195,80.2613,23.6381,80.2822,80.2613,
100,8,1048576,2048,hyprefill,256/256/256,graph,196,79.7746,23.6381,79.8043,79.7746,
100,8,1048576,2048,hyprefill,256/256/256,graph,197,79.0710,23.6381,79.1104,79.0710,
100,8,1048576,2048,hyprefill,256/256/256,graph,198,80.3775,23.6381,80.4180,80.3775,
100,8,1048576,2048,hyprefill,256/256/256,graph,199,80.6235,23.6381,80.6453,80.6235,
100,8,1048576,2048,hyprefill,768/768/768,graph,0,91.6788,16.7934,91.7340,91.6788,
100,8,1048576,2048,hyprefill,768/768/768,graph,1,91.1267,16.7934,91.1802,91.1267,
100,8,1048576,2048,hyprefill,768/768/768,graph,2,91.4448,16.7934,91.5009,91.4448,
100,8,1048576,2048,hyprefill,768/768/768,graph,3,91.6197,16.7934,91.6966,91.6197,
100,8,1048576,2048,hyprefill,768/768/768,graph,4,91.1695,16.7934,91.2281,91.1695,
100,8,1048576,2048,hyprefill,768/768/768,graph,5,91.5558,16.7934,91.6093,91.5558,
100,8,1048576,2048,hyprefill,768/768/768,graph,6,91.9699,16.7934,92.0328,91.9699,
100,8,1048576,2048,hyprefill,768/768/768,graph,7,92.5148,16.7934,92.5666,92.5148,
100,8,1048576,2048,hyprefill,768/768/768,graph,8,91.0862,17.0679,91.1356,91.0862,
100,8,1048576,2048,hyprefill,768/768/768,graph,9,91.7111,17.0679,91.7581,91.7111,
100,8,1048576,2048,hyprefill,768/768/768,graph,10,91.7885,17.3425,91.8442,91.7885,
100,8,1048576,2048,hyprefill,768/768/768,graph,11,92.9908,17.3425,93.0452,92.9908,
100,8,1048576,2048,hyprefill,768/768/768,graph,12,93.3590,17.6171,93.4112,93.3590,
100,8,1048576,2048,hyprefill,768/768/768,graph,13,92.2440,17.6171,92.2939,92.2440,
100,8,1048576,2048,hyprefill,768/768/768,graph,14,91.7185,17.6171,91.7663,91.7185,
100,8,1048576,2048,hyprefill,768/768/768,graph,15,93.3873,17.6171,93.4450,93.3873,
100,8,1048576,2048,hyprefill,768/768/768,graph,16,94.3458,17.6171,94.3995,94.3458,
100,8,1048576,2048,hyprefill,768/768/768,graph,17,92.3620,17.6171,92.4108,92.3620,
100,8,1048576,2048,hyprefill,768/768/768,graph,18,93.7385,17.6171,93.8056,93.7385,
100,8,1048576,2048,hyprefill,768/768/768,graph,19,92.7049,17.6171,92.7551,92.7049,
100,8,1048576,2048,hyprefill,768/768/768,graph,20,94.1929,17.6171,94.2508,94.1929,
100,8,1048576,2048,hyprefill,768/768/768,graph,21,92.3364,17.6171,92.3916,92.3364,
100,8,1048576,2048,hyprefill,768/768/768,graph,22,92.2056,17.6171,92.2633,92.2056,
100,8,1048576,2048,hyprefill,768/768/768,graph,23,91.9633,17.6171,92.0126,91.9633,
100,8,1048576,2048,hyprefill,768/768/768,graph,24,92.0524,17.6171,92.1026,92.0524,
100,8,1048576,2048,hyprefill,768/768/768,graph,25,92.3201,17.6171,92.3936,92.3201,
100,8,1048576,2048,hyprefill,768/768/768,graph,26,92.2473,17.6171,92.3008,92.2473,
100,8,1048576,2048,hyprefill,768/768/768,graph,27,92.1324,17.6171,92.1866,92.1324,
100,8,1048576,2048,hyprefill,768/768/768,graph,28,91.7378,17.6171,91.7864,91.7378,
100,8,1048576,2048,hyprefill,768/768/768,graph,29,92.3850,17.6171,92.4360,92.3850,
100,8,1048576,2048,hyprefill,768/768/768,graph,30,93.0263,17.6171,93.0793,93.0263,
100,8,1048576,2048,hyprefill,768/768/768,graph,31,92.0502,17.6171,92.1010,92.0502,
100,8,1048576,2048,hyprefill,768/768/768,graph,32,92.6081,17.6171,92.6594,92.6081,
100,8,1048576,2048,hyprefill,768/768/768,graph,33,94.7201,17.6171,94.7708,94.7201,
100,8,1048576,2048,hyprefill,768/768/768,graph,34,93.7421,17.6171,93.7896,93.7421,
100,8,1048576,2048,hyprefill,768/768/768,graph,35,93.9921,17.6171,94.0411,93.9921,
100,8,1048576,2048,hyprefill,768/768/768,graph,36,93.7018,17.6171,93.7487,93.7018,
100,8,1048576,2048,hyprefill,768/768/768,graph,37,92.9773,17.6171,93.0289,92.9773,
100,8,1048576,2048,hyprefill,768/768/768,graph,38,92.3146,17.6171,92.3710,92.3146,
100,8,1048576,2048,hyprefill,768/768/768,graph,39,94.0945,17.6171,94.1445,94.0945,
100,8,1048576,2048,hyprefill,768/768/768,graph,40,92.4683,17.6171,92.5171,92.4683,
100,8,1048576,2048,hyprefill,768/768/768,graph,41,93.1764,17.6171,93.2402,93.1764,
100,8,1048576,2048,hyprefill,768/768/768,graph,42,93.9398,17.6171,93.9880,93.9398,
100,8,1048576,2048,hyprefill,768/768/768,graph,43,93.7787,17.6171,93.8290,93.7787,
100,8,1048576,2048,hyprefill,768/768/768,graph,44,92.5113,17.6171,92.5602,92.5113,
100,8,1048576,2048,hyprefill,768/768/768,graph,45,93.8263,17.6171,93.8793,93.8263,
100,8,1048576,2048,hyprefill,768/768/768,graph,46,92.4545,17.6171,92.5034,92.4545,
100,8,1048576,2048,hyprefill,768/768/768,graph,47,92.1994,17.6171,92.2479,92.1994,
100,8,1048576,2048,hyprefill,768/768/768,graph,48,92.4567,17.6171,92.5167,92.4567,
100,8,1048576,2048,hyprefill,768/768/768,graph,49,94.3552,17.6171,94.4110,94.3552,
100,8,1048576,2048,hyprefill,768/768/768,graph,50,95.8300,17.6171,95.8884,95.8300,
100,8,1048576,2048,hyprefill,768/768/768,graph,51,92.4481,17.6171,92.5013,92.4481,
100,8,1048576,2048,hyprefill,768/768/768,graph,52,94.7864,17.6171,94.8379,94.7864,
100,8,1048576,2048,hyprefill,768/768/768,graph,53,93.3674,17.6171,93.4174,93.3674,
100,8,1048576,2048,hyprefill,768/768/768,graph,54,92.6048,17.6171,92.6549,92.6048,
100,8,1048576,2048,hyprefill,768/768/768,graph,55,93.0015,17.6171,93.0544,93.0015,
100,8,1048576,2048,hyprefill,768/768/768,graph,56,92.7556,17.6171,92.8090,92.7556,
100,8,1048576,2048,hyprefill,768/768/768,graph,57,92.8045,17.6171,92.8535,92.8045,
100,8,1048576,2048,hyprefill,768/768/768,graph,58,92.6089,17.6171,92.6616,92.6089,
100,8,1048576,2048,hyprefill,768/768/768,graph,59,92.8871,17.6171,92.9363,92.8871,
100,8,1048576,2048,hyprefill,768/768/768,graph,60,94.6187,17.6171,94.6767,94.6187,
100,8,1048576,2048,hyprefill,768/768/768,graph,61,92.5820,17.6171,92.6452,92.5820,
100,8,1048576,2048,hyprefill,768/768/768,graph,62,93.9223,17.6171,93.9771,93.9223,
100,8,1048576,2048,hyprefill,768/768/768,graph,63,92.3818,17.6171,92.4294,92.3818,
100,8,1048576,2048,hyprefill,768/768/768,graph,64,92.3826,17.6171,92.4321,92.3826,
100,8,1048576,2048,hyprefill,768/768/768,graph,65,95.6889,17.6171,95.7382,95.6889,
100,8,1048576,2048,hyprefill,768/768/768,graph,66,92.4371,17.6171,92.4859,92.4371,
100,8,1048576,2048,hyprefill,768/768/768,graph,67,92.7082,17.6171,92.7597,92.7082,
100,8,1048576,2048,hyprefill,768/768/768,graph,68,92.3454,17.6171,92.3934,92.3454,
100,8,1048576,2048,hyprefill,768/768/768,graph,69,93.6177,17.6171,93.6714,93.6177,
100,8,1048576,2048,hyprefill,768/768/768,graph,70,92.7784,17.6171,92.8243,92.7784,
100,8,1048576,2048,hyprefill,768/768/768,graph,71,92.9704,17.6171,93.0184,92.9704,
100,8,1048576,2048,hyprefill,768/768/768,graph,72,93.6702,17.3425,93.7219,93.6702,
100,8,1048576,2048,hyprefill,768/768/768,graph,73,91.7035,17.3425,91.7587,91.7035,
100,8,1048576,2048,hyprefill,768/768/768,graph,74,94.5853,17.0679,94.6424,94.5853,
100,8,1048576,2048,hyprefill,768/768/768,graph,75,92.7325,17.0679,92.7814,92.7325,
100,8,1048576,2048,hyprefill,768/768/768,graph,76,91.5265,16.7934,91.5862,91.5265,
100,8,1048576,2048,hyprefill,768/768/768,graph,77,91.0816,16.7934,91.1427,91.0816,
100,8,1048576,2048,hyprefill,768/768/768,graph,78,91.7872,16.7934,91.8491,91.7872,
100,8,1048576,2048,hyprefill,768/768/768,graph,79,91.1772,16.7934,91.2301,91.1772,
100,8,1048576,2048,hyprefill,768/768/768,graph,80,91.9478,16.7934,92.0029,91.9478,
100,8,1048576,2048,hyprefill,768/768/768,graph,81,94.1570,16.7934,94.2125,94.1570,
100,8,1048576,2048,hyprefill,768/768/768,graph,82,91.3996,16.7934,91.4527,91.3996,
100,8,1048576,2048,hyprefill,768/768/768,graph,83,91.3975,16.7934,91.4464,91.3975,
100,8,1048576,2048,hyprefill,768/768/768,graph,84,90.5938,16.7934,90.6443,90.5938,
100,8,1048576,2048,hyprefill,768/768/768,graph,85,93.2413,16.7934,93.2966,93.2413,
100,8,1048576,2048,hyprefill,768/768/768,graph,86,92.4818,16.7934,92.5353,92.4818,
100,8,1048576,2048,hyprefill,768/768/768,graph,87,91.6543,16.7934,91.7030,91.6543,
100,8,1048576,2048,hyprefill,768/768/768,graph,88,91.3334,16.7934,91.3835,91.3334,
100,8,1048576,2048,hyprefill,768/768/768,graph,89,92.6576,16.7934,92.7043,92.6576,
100,8,1048576,2048,hyprefill,768/768/768,graph,90,93.0926,16.7934,93.1384,93.0926,
100,8,1048576,2048,hyprefill,768/768/768,graph,91,91.6768,16.7934,91.7231,91.6768,
100,8,1048576,2048,hyprefill,768/768/768,graph,92,91.3443,16.7934,91.3976,91.3443,
100,8,1048576,2048,hyprefill,768/768/768,graph,93,92.0526,16.7934,92.1103,92.0526,
100,8,1048576,2048,hyprefill,768/768/768,graph,94,91.5516,16.7934,91.6106,91.5516,
100,8,1048576,2048,hyprefill,768/768/768,graph,95,90.7923,16.7934,90.8438,90.7923,
100,8,1048576,2048,hyprefill,768/768/768,graph,96,91.0843,16.7934,91.1314,91.0843,
100,8,1048576,2048,hyprefill,768/768/768,graph,97,90.6425,16.7934,90.6924,90.6425,
100,8,1048576,2048,hyprefill,768/768/768,graph,98,92.7328,16.7934,92.7877,92.7328,
100,8,1048576,2048,hyprefill,768/768/768,graph,99,91.0475,16.7934,91.1009,91.0475,
100,8,1048576,2048,hyprefill,768/768/768,graph,100,91.6793,16.7934,91.7261,91.6793,
100,8,1048576,2048,hyprefill,768/768/768,graph,101,91.2647,16.7934,91.3269,91.2647,
100,8,1048576,2048,hyprefill,768/768/768,graph,102,91.0526,16.7934,91.1117,91.0526,
100,8,1048576,2048,hyprefill,768/768/768,graph,103,91.5700,16.7934,91.6273,91.5700,
100,8,1048576,2048,hyprefill,768/768/768,graph,104,91.2503,17.0679,91.3049,91.2503,
100,8,1048576,2048,hyprefill,768/768/768,graph,105,91.9903,17.0679,92.0432,91.9903,
100,8,1048576,2048,hyprefill,768/768/768,graph,106,92.1784,17.3425,92.2431,92.1784,
100,8,1048576,2048,hyprefill,768/768/768,graph,107,92.0133,17.3425,92.0717,92.0133,
100,8,1048576,2048,hyprefill,768/768/768,graph,108,91.8144,17.6171,91.8762,91.8144,
100,8,1048576,2048,hyprefill,768/768/768,graph,109,93.0058,17.6171,93.0581,93.0058,
100,8,1048576,2048,hyprefill,768/768/768,graph,110,92.9784,17.6171,93.0263,92.9784,
100,8,1048576,2048,hyprefill,768/768/768,graph,111,92.4406,17.6171,92.4973,92.4406,
100,8,1048576,2048,hyprefill,768/768/768,graph,112,92.1781,17.6171,92.2423,92.1781,
100,8,1048576,2048,hyprefill,768/768/768,graph,113,92.4764,17.6171,92.5369,92.4764,
100,8,1048576,2048,hyprefill,768/768/768,graph,114,92.4336,17.6171,92.4829,92.4336,
100,8,1048576,2048,hyprefill,768/768/768,graph,115,93.7174,17.6171,93.7716,93.7174,
100,8,1048576,2048,hyprefill,768/768/768,graph,116,92.4565,17.6171,92.5130,92.4565,
100,8,1048576,2048,hyprefill,768/768/768,graph,117,92.1189,17.6171,92.1805,92.1189,
100,8,1048576,2048,hyprefill,768/768/768,graph,118,93.1528,17.6171,93.2054,93.1528,
100,8,1048576,2048,hyprefill,768/768/768,graph,119,92.3102,17.6171,92.3686,92.3102,
100,8,1048576,2048,hyprefill,768/768/768,graph,120,93.0850,17.6171,93.1472,93.0850,
100,8,1048576,2048,hyprefill,768/768/768,graph,121,91.7214,17.6171,91.7701,91.7214,
100,8,1048576,2048,hyprefill,768/768/768,graph,122,92.4979,17.6171,92.5561,92.4979,
100,8,1048576,2048,hyprefill,768/768/768,graph,123,91.9142,17.6171,91.9658,91.9142,
100,8,1048576,2048,hyprefill,768/768/768,graph,124,92.3684,17.6171,92.4157,92.3684,
100,8,1048576,2048,hyprefill,768/768/768,graph,125,92.4115,17.6171,92.4720,92.4115,
100,8,1048576,2048,hyprefill,768/768/768,graph,126,94.0011,17.6171,94.0607,94.0011,
100,8,1048576,2048,hyprefill,768/768/768,graph,127,92.1096,17.6171,92.1646,92.1096,
100,8,1048576,2048,hyprefill,768/768/768,graph,128,93.9452,17.6171,93.9944,93.9452,
100,8,1048576,2048,hyprefill,768/768/768,graph,129,92.9982,17.6171,93.0452,92.9982,
100,8,1048576,2048,hyprefill,768/768/768,graph,130,93.4220,17.6171,93.4675,93.4220,
100,8,1048576,2048,hyprefill,768/768/768,graph,131,92.4073,17.6171,92.4535,92.4073,
100,8,1048576,2048,hyprefill,768/768/768,graph,132,91.9677,17.6171,92.0129,91.9677,
100,8,1048576,2048,hyprefill,768/768/768,graph,133,94.4525,17.6171,94.4989,94.4525,
100,8,1048576,2048,hyprefill,768/768/768,graph,134,92.1390,17.6171,92.1844,92.1390,
100,8,1048576,2048,hyprefill,768/768/768,graph,135,93.1190,17.6171,93.1640,93.1190,
100,8,1048576,2048,hyprefill,768/768/768,graph,136,93.0650,17.6171,93.1157,93.0650,
100,8,1048576,2048,hyprefill,768/768/768,graph,137,92.5868,17.6171,92.6325,92.5868,
100,8,1048576,2048,hyprefill,768/768/768,graph,138,94.6765,17.6171,94.7240,94.6765,
100,8,1048576,2048,hyprefill,768/768/768,graph,139,93.5351,17.6171,93.5855,93.5351,
100,8,1048576,2048,hyprefill,768/768/768,graph,140,94.8549,17.6171,94.9073,94.8549,
100,8,1048576,2048,hyprefill,768/768/768,graph,141,94.6613,17.6171,94.7119,94.6613,
100,8,1048576,2048,hyprefill,768/768/768,graph,142,94.3345,17.6171,94.3828,94.3345,
100,8,1048576,2048,hyprefill,768/768/768,graph,143,92.2339,17.6171,92.2856,92.2339,
100,8,1048576,2048,hyprefill,768/768/768,graph,144,92.5981,17.6171,92.6502,92.5981,
100,8,1048576,2048,hyprefill,768/768/768,graph,145,94.3835,17.6171,94.4349,94.3835,
100,8,1048576,2048,hyprefill,768/768/768,graph,146,92.4950,17.6171,92.5443,92.4950,
100,8,1048576,2048,hyprefill,768/768/768,graph,147,92.3077,17.6171,92.3558,92.3077,
100,8,1048576,2048,hyprefill,768/768/768,graph,148,92.2825,17.6171,92.3395,92.2825,
100,8,1048576,2048,hyprefill,768/768/768,graph,149,92.4931,17.6171,92.5531,92.4931,
100,8,1048576,2048,hyprefill,768/768/768,graph,150,94.3597,17.6171,94.4162,94.3597,
100,8,1048576,2048,hyprefill,768/768/768,graph,151,95.7339,17.6171,95.7908,95.7339,
100,8,1048576,2048,hyprefill,768/768/768,graph,152,92.5142,17.6171,92.5649,92.5142,
100,8,1048576,2048,hyprefill,768/768/768,graph,153,92.6453,17.6171,92.6928,92.6453,
100,8,1048576,2048,hyprefill,768/768/768,graph,154,92.3994,17.6171,92.4482,92.3994,
100,8,1048576,2048,hyprefill,768/768/768,graph,155,93.8935,17.6171,93.9420,93.8935,
100,8,1048576,2048,hyprefill,768/768/768,graph,156,91.9421,17.6171,91.9923,91.9421,
100,8,1048576,2048,hyprefill,768/768/768,graph,157,92.5723,17.6171,92.6206,92.5723,
100,8,1048576,2048,hyprefill,768/768/768,graph,158,92.3935,17.6171,92.4415,92.3935,
100,8,1048576,2048,hyprefill,768/768/768,graph,159,92.4166,17.6171,92.4708,92.4166,
100,8,1048576,2048,hyprefill,768/768/768,graph,160,92.7435,17.6171,92.7959,92.7435,
100,8,1048576,2048,hyprefill,768/768/768,graph,161,94.1029,17.6171,94.1595,94.1029,
100,8,1048576,2048,hyprefill,768/768/768,graph,162,92.1529,17.6171,92.2016,92.1529,
100,8,1048576,2048,hyprefill,768/768/768,graph,163,93.4927,17.6171,93.5403,93.4927,
100,8,1048576,2048,hyprefill,768/768/768,graph,164,92.7967,17.6171,92.8456,92.7967,
100,8,1048576,2048,hyprefill,768/768/768,graph,165,94.5051,17.6171,94.5523,94.5051,
100,8,1048576,2048,hyprefill,768/768/768,graph,166,95.1801,17.6171,95.2265,95.1801,
100,8,1048576,2048,hyprefill,768/768/768,graph,167,96.1250,17.6171,96.1705,96.1250,
100,8,1048576,2048,hyprefill,768/768/768,graph,168,93.0434,17.3425,93.0898,93.0434,
100,8,1048576,2048,hyprefill,768/768/768,graph,169,91.7303,17.3425,91.7753,91.7303,
100,8,1048576,2048,hyprefill,768/768/768,graph,170,91.7311,17.0679,91.7785,91.7311,
100,8,1048576,2048,hyprefill,768/768/768,graph,171,95.0488,17.0679,95.0945,95.0488,
100,8,1048576,2048,hyprefill,768/768/768,graph,172,93.9543,16.7934,93.9956,93.9543,
100,8,1048576,2048,hyprefill,768/768/768,graph,173,91.1844,16.7934,91.2318,91.1844,
100,8,1048576,2048,hyprefill,768/768/768,graph,174,90.7651,16.7934,90.8154,90.7651,
100,8,1048576,2048,hyprefill,768/768/768,graph,175,90.8466,16.7934,90.8939,90.8466,
100,8,1048576,2048,hyprefill,768/768/768,graph,176,90.6709,16.7934,90.7175,90.6709,
100,8,1048576,2048,hyprefill,768/768/768,graph,177,91.4619,16.7934,91.5127,91.4619,
100,8,1048576,2048,hyprefill,768/768/768,graph,178,90.7373,16.7934,90.7848,90.7373,
100,8,1048576,2048,hyprefill,768/768/768,graph,179,91.3340,16.7934,91.3800,91.3340,
100,8,1048576,2048,hyprefill,768/768/768,graph,180,91.6203,16.7934,91.6664,91.6203,
100,8,1048576,2048,hyprefill,768/768/768,graph,181,92.5827,16.7934,92.6375,92.5827,
100,8,1048576,2048,hyprefill,768/768/768,graph,182,92.3464,16.7934,92.4002,92.3464,
100,8,1048576,2048,hyprefill,768/768/768,graph,183,91.9554,16.7934,92.0092,91.9554,
100,8,1048576,2048,hyprefill,768/768/768,graph,184,92.1882,16.7934,92.2420,92.1882,
100,8,1048576,2048,hyprefill,768/768/768,graph,185,91.9226,16.7934,91.9733,91.9226,
100,8,1048576,2048,hyprefill,768/768/768,graph,186,91.0775,16.7934,91.1270,91.0775,
100,8,1048576,2048,hyprefill,768/768/768,graph,187,92.3968,16.7934,92.4495,92.3968,
100,8,1048576,2048,hyprefill,768/768/768,graph,188,91.2626,16.7934,91.3088,91.2626,
100,8,1048576,2048,hyprefill,768/768/768,graph,189,91.5435,16.7934,91.5898,91.5435,
100,8,1048576,2048,hyprefill,768/768/768,graph,190,90.8635,16.7934,90.9190,90.8635,
100,8,1048576,2048,hyprefill,768/768/768,graph,191,91.0576,16.7934,91.1077,91.0576,
100,8,1048576,2048,hyprefill,768/768/768,graph,192,93.0738,16.7934,93.1208,93.0738,
100,8,1048576,2048,hyprefill,768/768/768,graph,193,91.6573,16.7934,91.7031,91.6573,
100,8,1048576,2048,hyprefill,768/768/768,graph,194,91.3298,16.7934,91.3773,91.3298,
100,8,1048576,2048,hyprefill,768/768/768,graph,195,90.8740,16.7934,90.9272,90.8740,
100,8,1048576,2048,hyprefill,768/768/768,graph,196,91.6727,16.7934,91.7232,91.6727,
100,8,1048576,2048,hyprefill,768/768/768,graph,197,90.9508,16.7934,90.9999,90.9508,
100,8,1048576,2048,hyprefill,768/768/768,graph,198,92.6291,16.7934,92.7013,92.6291,
100,8,1048576,2048,hyprefill,768/768/768,graph,199,91.2808,16.7934,91.3344,91.2808,
50,8,1048576,8192,layered,256/256/256,graph,0,45.2899,17.6490,45.3412,45.2899,
50,8,1048576,8192,layered,256/256/256,graph,1,45.1458,17.6490,45.1914,45.1458,
50,8,1048576,8192,layered,256/256/256,graph,2,45.1147,17.6490,45.1602,45.1147,
50,8,1048576,8192,layered,256/256/256,graph,3,44.9594,17.6490,45.0098,44.9594,
50,8,1048576,8192,layered,256/256/256,graph,4,45.4168,17.6490,45.4621,45.4168,
50,8,1048576,8192,layered,256/256/256,graph,5,44.9049,17.6490,44.9514,44.9049,
50,8,1048576,8192,layered,256/256/256,graph,6,45.4657,17.6490,45.5109,45.4657,
50,8,1048576,8192,layered,256/256/256,graph,7,44.9520,17.6490,45.0151,44.9520,
50,8,1048576,8192,layered,256/256/256,graph,8,45.4162,17.6490,45.4641,45.4162,
50,8,1048576,8192,layered,256/256/256,graph,9,45.2031,17.6490,45.2516,45.2031,
50,8,1048576,8192,layered,256/256/256,graph,10,45.0320,17.6490,45.0777,45.0320,
50,8,1048576,8192,layered,256/256/256,graph,11,45.6747,17.6490,45.7192,45.6747,
50,8,1048576,8192,layered,256/256/256,graph,12,45.2673,17.6490,45.3120,45.2673,
50,8,1048576,8192,layered,256/256/256,graph,13,45.3524,17.6490,45.3967,45.3524,
50,8,1048576,8192,layered,256/256/256,graph,14,45.7548,17.6490,45.7988,45.7548,
50,8,1048576,8192,layered,256/256/256,graph,15,45.6451,17.6490,45.6919,45.6451,
50,8,1048576,8192,layered,256/256/256,graph,16,45.0601,17.9235,45.1066,45.0601,
50,8,1048576,8192,layered,256/256/256,graph,17,45.6557,17.9235,45.7011,45.6557,
50,8,1048576,8192,layered,256/256/256,graph,18,45.2775,18.1981,45.3234,45.2775,
50,8,1048576,8192,layered,256/256/256,graph,19,45.9562,18.1981,46.0020,45.9562,
50,8,1048576,8192,layered,256/256/256,graph,20,46.3974,18.4727,46.4462,46.3974,
50,8,1048576,8192,layered,256/256/256,graph,21,46.0476,18.4727,46.0955,46.0476,
50,8,1048576,8192,layered,256/256/256,graph,22,46.4786,18.4727,46.5241,46.4786,
50,8,1048576,8192,layered,256/256/256,graph,23,46.3240,18.4727,46.3730,46.3240,
50,8,1048576,8192,layered,256/256/256,graph,24,46.7241,18.4727,46.7720,46.7241,
50,8,1048576,8192,layered,256/256/256,graph,25,45.8058,18.4727,45.8516,45.8058,
50,8,1048576,8192,layered,256/256/256,graph,26,46.0266,18.4727,46.0727,46.0266,
50,8,1048576,8192,layered,256/256/256,graph,27,45.9023,18.4727,45.9491,45.9023,
50,8,1048576,8192,layered,256/256/256,graph,28,45.8796,18.4727,45.9259,45.8796,
50,8,1048576,8192,layered,256/256/256,graph,29,46.0570,18.4727,46.1036,46.0570,
50,8,1048576,8192,layered,256/256/256,graph,30,46.2620,18.4727,46.3104,46.2620,
50,8,1048576,8192,layered,256/256/256,graph,31,45.7431,18.4727,45.7903,45.7431,
50,8,1048576,8192,layered,256/256/256,graph,32,45.8110,18.4727,45.8581,45.8110,
50,8,1048576,8192,layered,256/256/256,graph,33,46.2783,18.4727,46.3247,46.2783,
50,8,1048576,8192,layered,256/256/256,graph,34,45.8827,18.4727,45.9299,45.8827,
50,8,1048576,8192,layered,256/256/256,graph,35,45.9315,18.4727,45.9770,45.9315,
50,8,1048576,8192,layered,256/256/256,graph,36,45.8378,18.4727,45.8850,45.8378,
50,8,1048576,8192,layered,256/256/256,graph,37,46.1145,18.4727,46.1630,46.1145,
50,8,1048576,8192,layered,256/256/256,graph,38,46.4731,18.4727,46.5333,46.4731,
50,8,1048576,8192,layered,256/256/256,graph,39,46.2993,18.4727,46.3519,46.2993,
50,8,1048576,8192,layered,256/256/256,graph,40,45.9879,18.4727,46.0373,45.9879,
50,8,1048576,8192,layered,256/256/256,graph,41,46.1396,18.4727,46.1916,46.1396,
50,8,1048576,8192,layered,256/256/256,graph,42,46.0447,18.4727,46.0901,46.0447,
50,8,1048576,8192,layered,256/256/256,graph,43,45.8772,18.4727,45.9359,45.8772,
50,8,1048576,8192,layered,256/256/256,graph,44,46.2259,18.4727,46.2780,46.2259,
50,8,1048576,8192,layered,256/256/256,graph,45,46.4020,18.4727,46.4525,46.4020,
50,8,1048576,8192,layered,256/256/256,graph,46,46.4402,18.4727,46.4904,46.4402,
50,8,1048576,8192,layered,256/256/256,graph,47,45.9092,18.4727,45.9562,45.9092,
50,8,1048576,8192,layered,256/256/256,graph,48,46.5247,18.4727,46.5727,46.5247,
50,8,1048576,8192,layered,256/256/256,graph,49,46.3281,18.4727,46.3748,46.3281,
50,8,1048576,8192,layered,256/256/256,graph,50,45.9296,18.4727,45.9778,45.9296,
50,8,1048576,8192,layered,256/256/256,graph,51,45.9063,18.4727,45.9534,45.9063,
50,8,1048576,8192,layered,256/256/256,graph,52,45.7690,18.4727,45.8164,45.7690,
50,8,1048576,8192,layered,256/256/256,graph,53,46.0996,18.4727,46.1465,46.0996,
50,8,1048576,8192,layered,256/256/256,graph,54,45.6332,18.4727,45.6787,45.6332,
50,8,1048576,8192,layered,256/256/256,graph,55,46.0956,18.4727,46.1450,46.0956,
50,8,1048576,8192,layered,256/256/256,graph,56,45.8547,18.4727,45.9019,45.8547,
50,8,1048576,8192,layered,256/256/256,graph,57,45.9504,18.4727,46.0024,45.9504,
50,8,1048576,8192,layered,256/256/256,graph,58,45.9225,18.4727,45.9787,45.9225,
50,8,1048576,8192,layered,256/256/256,graph,59,46.2681,18.4727,46.3190,46.2681,
50,8,1048576,8192,layered,256/256/256,graph,60,45.8877,18.1981,45.9363,45.8877,
50,8,1048576,8192,layered,256/256/256,graph,61,45.6964,18.1981,45.7474,45.6964,
50,8,1048576,8192,layered,256/256/256,graph,62,45.8967,18.4727,45.9477,45.8967,
50,8,1048576,8192,layered,256/256/256,graph,63,45.8745,18.1981,45.9230,45.8745,
50,8,1048576,8192,layered,256/256/256,graph,64,45.9368,18.4727,45.9864,45.9368,
50,8,1048576,8192,layered,256/256/256,graph,65,45.9316,18.1981,45.9850,45.9316,
50,8,1048576,8192,layered,256/256/256,graph,66,46.0504,18.4727,46.1162,46.0504,
50,8,1048576,8192,layered,256/256/256,graph,67,46.2533,18.4727,46.3065,46.2533,
50,8,1048576,8192,layered,256/256/256,graph,68,46.1824,18.4727,46.2310,46.1824,
50,8,1048576,8192,layered,256/256/256,graph,69,46.0588,18.4727,46.1066,46.0588,
50,8,1048576,8192,layered,256/256/256,graph,70,45.7670,18.4727,45.8139,45.7670,
50,8,1048576,8192,layered,256/256/256,graph,71,46.1952,18.4727,46.2467,46.1952,
50,8,1048576,8192,layered,256/256/256,graph,72,46.1679,18.1981,46.2172,46.1679,
50,8,1048576,8192,layered,256/256/256,graph,73,45.8377,18.1981,45.8839,45.8377,
50,8,1048576,8192,layered,256/256/256,graph,74,45.6319,17.9235,45.6776,45.6319,
50,8,1048576,8192,layered,256/256/256,graph,75,45.4668,17.9235,45.5135,45.4668,
50,8,1048576,8192,layered,256/256/256,graph,76,45.2948,17.6490,45.3482,45.2948,
50,8,1048576,8192,layered,256/256/256,graph,77,45.2585,17.6490,45.3081,45.2585,
50,8,1048576,8192,layered,256/256/256,graph,78,45.1937,17.6490,45.2433,45.1937,
50,8,1048576,8192,layered,256/256/256,graph,79,44.9060,17.6490,44.9551,44.9060,
50,8,1048576,8192,layered,256/256/256,graph,80,45.1565,17.6490,45.2039,45.1565,
50,8,1048576,8192,layered,256/256/256,graph,81,44.9030,17.6490,44.9498,44.9030,
50,8,1048576,8192,layered,256/256/256,graph,82,45.2603,17.6490,45.3093,45.2603,
50,8,1048576,8192,layered,256/256/256,graph,83,44.8790,17.6490,44.9237,44.8790,
50,8,1048576,8192,layered,256/256/256,graph,84,45.0754,17.6490,45.1217,45.0754,
50,8,1048576,8192,layered,256/256/256,graph,85,45.1527,17.6490,45.2110,45.1527,
50,8,1048576,8192,layered,256/256/256,graph,86,45.2325,17.6490,45.2781,45.2325,
50,8,1048576,8192,layered,256/256/256,graph,87,45.0861,17.6490,45.1392,45.0861,
50,8,1048576,8192,layered,256/256/256,graph,88,45.1789,17.6490,45.2326,45.1789,
50,8,1048576,8192,layered,256/256/256,graph,89,45.1982,17.6490,45.2496,45.1982,
50,8,1048576,8192,layered,256/256/256,graph,90,45.0372,17.6490,45.0855,45.0372,
50,8,1048576,8192,layered,256/256/256,graph,91,45.3024,17.6490,45.3512,45.3024,
50,8,1048576,8192,layered,256/256/256,graph,92,45.1442,17.6490,45.1998,45.1442,
50,8,1048576,8192,layered,256/256/256,graph,93,45.3131,17.6490,45.3698,45.3131,
50,8,1048576,8192,layered,256/256/256,graph,94,44.9486,17.6490,45.0027,44.9486,
50,8,1048576,8192,layered,256/256/256,graph,95,45.2840,17.6490,45.3334,45.2840,
50,8,1048576,8192,layered,256/256/256,graph,96,45.2999,17.6490,45.3480,45.2999,
50,8,1048576,8192,layered,256/256/256,graph,97,45.0717,17.6490,45.1190,45.0717,
50,8,1048576,8192,layered,256/256/256,graph,98,45.0636,17.6490,45.1181,45.0636,
50,8,1048576,8192,layered,256/256/256,graph,99,45.2685,17.6490,45.3153,45.2685,
50,8,1048576,8192,layered,256/256/256,graph,100,45.0697,17.6490,45.1279,45.0697,
50,8,1048576,8192,layered,256/256/256,graph,101,44.9486,17.6490,44.9986,44.9486,
50,8,1048576,8192,layered,256/256/256,graph,102,45.5279,17.6490,45.5780,45.5279,
50,8,1048576,8192,layered,256/256/256,graph,103,44.8960,17.6490,44.9498,44.8960,
50,8,1048576,8192,layered,256/256/256,graph,104,45.0898,17.6490,45.1383,45.0898,
50,8,1048576,8192,layered,256/256/256,graph,105,45.5577,17.6490,45.6036,45.5577,
50,8,1048576,8192,layered,256/256/256,graph,106,45.4568,17.6490,45.5056,45.4568,
50,8,1048576,8192,layered,256/256/256,graph,107,45.1882,17.6490,45.2346,45.1882,
50,8,1048576,8192,layered,256/256/256,graph,108,45.2697,17.6490,45.3274,45.2697,
50,8,1048576,8192,layered,256/256/256,graph,109,45.2025,17.6490,45.2528,45.2025,
50,8,1048576,8192,layered,256/256/256,graph,110,45.1035,17.6490,45.1569,45.1035,
50,8,1048576,8192,layered,256/256/256,graph,111,45.7933,17.6490,45.8399,45.7933,
50,8,1048576,8192,layered,256/256/256,graph,112,45.2243,17.9235,45.2712,45.2243,
50,8,1048576,8192,layered,256/256/256,graph,113,45.4771,17.9235,45.5243,45.4771,
50,8,1048576,8192,layered,256/256/256,graph,114,45.2989,18.1981,45.3514,45.2989,
50,8,1048576,8192,layered,256/256/256,graph,115,46.6940,18.1981,46.7766,46.6940,
50,8,1048576,8192,layered,256/256/256,graph,116,45.8547,18.4727,45.9019,45.8547,
50,8,1048576,8192,layered,256/256/256,graph,117,46.7342,18.4727,46.7807,46.7342,
50,8,1048576,8192,layered,256/256/256,graph,118,46.2056,18.4727,46.2530,46.2056,
50,8,1048576,8192,layered,256/256/256,graph,119,45.9911,18.4727,46.0457,45.9911,
50,8,1048576,8192,layered,256/256/256,graph,120,46.3285,18.4727,46.3839,46.3285,
50,8,1048576,8192,layered,256/256/256,graph,121,45.8634,18.4727,45.9214,45.8634,
50,8,1048576,8192,layered,256/256/256,graph,122,46.1593,18.4727,46.2202,46.1593,
50,8,1048576,8192,layered,256/256/256,graph,123,45.8118,18.4727,45.8673,45.8118,
50,8,1048576,8192,layered,256/256/256,graph,124,46.6789,18.4727,46.7363,46.6789,
50,8,1048576,8192,layered,256/256/256,graph,125,45.4674,18.4727,45.5279,45.4674,
50,8,1048576,8192,layered,256/256/256,graph,126,45.9869,18.4727,46.0420,45.9869,
50,8,1048576,8192,layered,256/256/256,graph,127,46.0858,18.4727,46.1415,46.0858,
50,8,1048576,8192,layered,256/256/256,graph,128,45.8067,18.4727,45.8666,45.8067,
50,8,1048576,8192,layered,256/256/256,graph,129,46.1703,18.4727,46.2266,46.1703,
50,8,1048576,8192,layered,256/256/256,graph,130,46.1329,18.4727,46.2110,46.1329,
50,8,1048576,8192,layered,256/256/256,graph,131,46.2884,18.4727,46.3418,46.2884,
50,8,1048576,8192,layered,256/256/256,graph,132,45.5828,18.4727,45.6379,45.5828,
50,8,1048576,8192,layered,256/256/256,graph,133,45.9895,18.4727,46.0445,45.9895,
50,8,1048576,8192,layered,256/256/256,graph,134,45.8804,18.4727,45.9416,45.8804,
50,8,1048576,8192,layered,256/256/256,graph,135,46.2997,18.4727,46.3521,46.2997,
50,8,1048576,8192,layered,256/256/256,graph,136,46.3876,18.4727,46.4375,46.3876,
50,8,1048576,8192,layered,256/256/256,graph,137,46.0815,18.4727,46.1322,46.0815,
50,8,1048576,8192,layered,256/256/256,graph,138,46.0293,18.4727,46.0899,46.0293,
50,8,1048576,8192,layered,256/256/256,graph,139,46.5439,18.4727,46.5985,46.5439,
50,8,1048576,8192,layered,256/256/256,graph,140,46.0264,18.4727,46.0769,46.0264,
50,8,1048576,8192,layered,256/256/256,graph,141,45.9495,18.4727,45.9970,45.9495,
50,8,1048576,8192,layered,256/256/256,graph,142,46.1047,18.4727,46.1517,46.1047,
50,8,1048576,8192,layered,256/256/256,graph,143,45.7881,18.4727,45.8391,45.7881,
50,8,1048576,8192,layered,256/256/256,graph,144,45.9217,18.4727,45.9791,45.9217,
50,8,1048576,8192,layered,256/256/256,graph,145,46.0949,18.4727,46.1461,46.0949,
50,8,1048576,8192,layered,256/256/256,graph,146,46.2347,18.4727,46.2833,46.2347,
50,8,1048576,8192,layered,256/256/256,graph,147,46.2745,18.4727,46.3232,46.2745,
50,8,1048576,8192,layered,256/256/256,graph,148,46.0514,18.4727,46.0992,46.0514,
50,8,1048576,8192,layered,256/256/256,graph,149,46.2259,18.4727,46.2794,46.2259,
50,8,1048576,8192,layered,256/256/256,graph,150,45.6845,18.4727,45.7349,45.6845,
50,8,1048576,8192,layered,256/256/256,graph,151,45.9855,18.4727,46.0341,45.9855,
50,8,1048576,8192,layered,256/256/256,graph,152,45.6380,18.4727,45.6861,45.6380,
50,8,1048576,8192,layered,256/256/256,graph,153,46.0716,18.4727,46.1215,46.0716,
50,8,1048576,8192,layered,256/256/256,graph,154,45.9728,18.4727,46.0328,45.9728,
50,8,1048576,8192,layered,256/256/256,graph,155,46.1684,18.4727,46.2217,46.1684,
50,8,1048576,8192,layered,256/256/256,graph,156,45.9929,18.4727,46.0429,45.9929,
50,8,1048576,8192,layered,256/256/256,graph,157,45.8315,18.4727,45.8797,45.8315,
50,8,1048576,8192,layered,256/256/256,graph,158,46.3516,18.4727,46.3994,46.3516,
50,8,1048576,8192,layered,256/256/256,graph,159,45.8326,18.4727,45.8822,45.8326,
50,8,1048576,8192,layered,256/256/256,graph,160,45.9653,18.4727,46.0209,45.9653,
50,8,1048576,8192,layered,256/256/256,graph,161,45.9720,18.4727,46.0290,45.9720,
50,8,1048576,8192,layered,256/256/256,graph,162,46.0847,18.4727,46.1362,46.0847,
50,8,1048576,8192,layered,256/256/256,graph,163,46.1898,18.4727,46.2393,46.1898,
50,8,1048576,8192,layered,256/256/256,graph,164,45.9979,18.4727,46.0558,45.9979,
50,8,1048576,8192,layered,256/256/256,graph,165,46.5061,18.4727,46.5616,46.5061,
50,8,1048576,8192,layered,256/256/256,graph,166,45.9006,18.4727,45.9551,45.9006,
50,8,1048576,8192,layered,256/256/256,graph,167,45.9905,18.4727,46.0397,45.9905,
50,8,1048576,8192,layered,256/256/256,graph,168,45.6036,18.1981,45.6531,45.6036,
50,8,1048576,8192,layered,256/256/256,graph,169,45.7849,18.1981,45.8341,45.7849,
50,8,1048576,8192,layered,256/256/256,graph,170,45.4923,17.9235,45.5400,45.4923,
50,8,1048576,8192,layered,256/256/256,graph,171,45.5006,17.9235,45.5555,45.5006,
50,8,1048576,8192,layered,256/256/256,graph,172,45.4092,17.6490,45.4554,45.4092,
50,8,1048576,8192,layered,256/256/256,graph,173,45.0156,17.6490,45.0679,45.0156,
50,8,1048576,8192,layered,256/256/256,graph,174,45.1415,17.6490,45.1985,45.1415,
50,8,1048576,8192,layered,256/256/256,graph,175,44.9202,17.6490,44.9708,44.9202,
50,8,1048576,8192,layered,256/256/256,graph,176,45.1156,17.6490,45.1641,45.1156,
50,8,1048576,8192,layered,256/256/256,graph,177,44.7872,17.6490,44.8344,44.7872,
50,8,1048576,8192,layered,256/256/256,graph,178,44.9753,17.6490,45.0242,44.9753,
50,8,1048576,8192,layered,256/256/256,graph,179,44.8756,17.6490,44.9255,44.8756,
50,8,1048576,8192,layered,256/256/256,graph,180,45.1741,17.6490,45.2317,45.1741,
50,8,1048576,8192,layered,256/256/256,graph,181,45.3388,17.6490,45.3879,45.3388,
50,8,1048576,8192,layered,256/256/256,graph,182,45.1603,17.6490,45.2103,45.1603,
50,8,1048576,8192,layered,256/256/256,graph,183,45.1397,17.6490,45.1888,45.1397,
50,8,1048576,8192,layered,256/256/256,graph,184,45.0791,17.6490,45.1266,45.0791,
50,8,1048576,8192,layered,256/256/256,graph,185,45.2271,17.6490,45.2790,45.2271,
50,8,1048576,8192,layered,256/256/256,graph,186,45.0784,17.6490,45.1273,45.0784,
50,8,1048576,8192,layered,256/256/256,graph,187,45.3773,17.6490,45.4252,45.3773,
50,8,1048576,8192,layered,256/256/256,graph,188,45.2360,17.6490,45.2888,45.2360,
50,8,1048576,8192,layered,256/256/256,graph,189,45.2923,17.6490,45.3399,45.2923,
50,8,1048576,8192,layered,256/256/256,graph,190,44.9745,17.6490,45.0224,44.9745,
50,8,1048576,8192,layered,256/256/256,graph,191,45.3171,17.6490,45.3730,45.3171,
50,8,1048576,8192,layered,256/256/256,graph,192,45.2224,17.6490,45.2711,45.2224,
50,8,1048576,8192,layered,256/256/256,graph,193,45.3127,17.6490,45.3599,45.3127,
50,8,1048576,8192,layered,256/256/256,graph,194,45.2811,17.6490,45.3461,45.2811,
50,8,1048576,8192,layered,256/256/256,graph,195,45.1006,17.6490,45.1560,45.1006,
50,8,1048576,8192,layered,256/256/256,graph,196,45.0860,17.6490,45.1441,45.0860,
50,8,1048576,8192,layered,256/256/256,graph,197,45.0796,17.6490,45.1339,45.0796,
50,8,1048576,8192,layered,256/256/256,graph,198,45.2976,17.6490,45.3515,45.2976,
50,8,1048576,8192,layered,256/256/256,graph,199,45.2502,17.6490,45.3006,45.2502,
50,8,1048576,8192,layered,512/512/512,graph,0,45.8223,15.1140,45.8728,45.8223,
50,8,1048576,8192,layered,512/512/512,graph,1,41.1588,15.3568,41.2093,41.1588,
50,8,1048576,8192,layered,512/512/512,graph,2,41.6425,15.9059,41.6890,41.6425,
50,8,1048576,8192,layered,512/512/512,graph,3,41.1693,15.9059,41.2159,41.1693,
50,8,1048576,8192,layered,512/512/512,graph,4,41.4058,15.9059,41.4613,41.4058,
50,8,1048576,8192,layered,512/512/512,graph,5,40.8257,15.6314,40.8853,40.8257,
50,8,1048576,8192,layered,512/512/512,graph,6,41.1164,16.1805,41.1672,41.1164,
50,8,1048576,8192,layered,512/512/512,graph,7,41.1883,15.6314,41.2420,41.1883,
50,8,1048576,8192,layered,512/512/512,graph,8,40.9910,15.9059,41.0380,40.9910,
50,8,1048576,8192,layered,512/512/512,graph,9,41.1305,15.6314,41.1796,41.1305,
50,8,1048576,8192,layered,512/512/512,graph,10,46.7744,14.8394,46.8235,46.7744,
50,8,1048576,8192,layered,512/512/512,graph,11,41.3028,15.9059,41.3478,41.3028,
50,8,1048576,8192,layered,512/512/512,graph,12,41.1934,15.9059,41.2372,41.1934,
50,8,1048576,8192,layered,512/512/512,graph,13,41.3410,15.9059,41.3866,41.3410,
50,8,1048576,8192,layered,512/512/512,graph,14,41.2613,15.6314,41.3054,41.2613,
50,8,1048576,8192,layered,512/512/512,graph,15,41.2267,15.9059,41.2710,41.2267,
50,8,1048576,8192,layered,512/512/512,graph,16,41.2061,15.9059,41.2607,41.2061,
50,8,1048576,8192,layered,512/512/512,graph,17,41.0971,15.9059,41.1550,41.0971,
50,8,1048576,8192,layered,512/512/512,graph,18,41.5739,15.6314,41.6277,41.5739,
50,8,1048576,8192,layered,512/512/512,graph,19,45.4001,15.1140,45.4468,45.4001,
50,8,1048576,8192,layered,512/512/512,graph,20,41.3793,15.9059,41.4243,41.3793,
50,8,1048576,8192,layered,512/512/512,graph,21,41.3243,16.1805,41.3738,41.3243,
50,8,1048576,8192,layered,512/512/512,graph,22,41.3016,15.6314,41.3504,41.3016,
50,8,1048576,8192,layered,512/512/512,graph,23,41.1168,16.1805,41.1619,41.1168,
50,8,1048576,8192,layered,512/512/512,graph,24,41.3127,15.6314,41.3577,41.3127,
50,8,1048576,8192,layered,512/512/512,graph,25,41.2369,16.1805,41.2820,41.2369,
50,8,1048576,8192,layered,512/512/512,graph,26,41.7596,15.6314,41.8047,41.7596,
50,8,1048576,8192,layered,512/512/512,graph,27,44.9384,15.1140,44.9858,44.9384,
50,8,1048576,8192,layered,512/512/512,graph,28,35.7424,15.5995,35.7873,35.7424,
50,8,1048576,8192,layered,512/512/512,graph,29,45.7731,15.6632,45.8217,45.7731,
50,8,1048576,8192,layered,512/512/512,graph,30,41.1743,15.0822,41.2223,41.1743,
50,8,1048576,8192,layered,512/512/512,graph,31,41.1619,16.1805,41.2159,41.1619,
50,8,1048576,8192,layered,512/512/512,graph,32,41.1840,15.6314,41.2364,41.1840,
50,8,1048576,8192,layered,512/512/512,graph,33,41.1911,15.9059,41.2395,41.1911,
50,8,1048576,8192,layered,512/512/512,graph,34,45.8910,14.8394,45.9385,45.8910,
50,8,1048576,8192,layered,512/512/512,graph,35,40.8482,15.9059,40.9185,40.8482,
50,8,1048576,8192,layered,512/512/512,graph,36,40.9827,16.1805,41.0291,40.9827,
50,8,1048576,8192,layered,512/512/512,graph,37,41.4822,15.9059,41.5285,41.4822,
50,8,1048576,8192,layered,512/512/512,graph,38,41.0409,16.1805,41.0865,41.0409,
50,8,1048576,8192,layered,512/512/512,graph,39,41.7630,15.6314,41.8163,41.7630,
50,8,1048576,8192,layered,512/512/512,graph,40,40.5897,15.9059,40.6352,40.5897,
50,8,1048576,8192,layered,512/512/512,graph,41,41.1856,15.6314,41.2322,41.1856,
50,8,1048576,8192,layered,512/512/512,graph,42,41.0387,15.6314,41.0817,41.0387,
50,8,1048576,8192,layered,512/512/512,graph,43,46.3634,15.1140,46.4099,46.3634,
50,8,1048576,8192,layered,512/512/512,graph,44,40.7680,15.6314,40.8135,40.7680,
50,8,1048576,8192,layered,512/512/512,graph,45,40.9237,15.9059,40.9672,40.9237,
50,8,1048576,8192,layered,512/512/512,graph,46,41.2034,15.9059,41.2596,41.2034,
50,8,1048576,8192,layered,512/512/512,graph,47,41.2882,16.1805,41.3418,41.2882,
50,8,1048576,8192,layered,512/512/512,graph,48,41.5666,15.9059,41.6150,41.5666,
50,8,1048576,8192,layered,512/512/512,graph,49,41.7202,16.1805,41.7652,41.7202,
50,8,1048576,8192,layered,512/512/512,graph,50,41.5134,15.9059,41.5575,41.5134,
50,8,1048576,8192,layered,512/512/512,graph,51,46.2269,15.1140,46.2775,46.2269,
50,8,1048576,8192,layered,512/512/512,graph,52,41.7268,15.6314,41.7746,41.7268,
50,8,1048576,8192,layered,512/512/512,graph,53,41.4822,16.4551,41.5321,41.4822,
50,8,1048576,8192,layered,512/512/512,graph,54,41.8106,15.9059,41.8622,41.8106,
50,8,1048576,8192,layered,512/512/512,graph,55,41.3168,16.1805,41.3655,41.3168,
50,8,1048576,8192,layered,512/512/512,graph,56,41.4716,15.9059,41.5228,41.4716,
50,8,1048576,8192,layered,512/512/512,graph,57,40.9714,15.9059,41.0189,40.9714,
50,8,1048576,8192,layered,512/512/512,graph,58,41.4153,15.9059,41.4642,41.4153,
50,8,1048576,8192,layered,512/512/512,graph,59,46.1976,14.5648,46.2492,46.1976,
50,8,1048576,8192,layered,512/512/512,graph,60,46.1582,15.1140,46.2090,46.1582,
50,8,1048576,8192,layered,512/512/512,graph,61,41.1280,15.3568,41.1772,41.1280,
50,8,1048576,8192,layered,512/512/512,graph,62,41.0174,16.4551,41.0704,41.0174,
50,8,1048576,8192,layered,512/512/512,graph,63,41.5920,15.9059,41.6390,41.5920,
50,8,1048576,8192,layered,512/512/512,graph,64,45.5869,15.1140,45.6358,45.5869,
50,8,1048576,8192,layered,512/512/512,graph,65,41.5509,16.1805,41.6021,41.5509,
50,8,1048576,8192,layered,512/512/512,graph,66,41.6431,16.1805,41.6943,41.6431,
50,8,1048576,8192,layered,512/512/512,graph,67,45.5351,14.5648,45.5890,45.5351,
50,8,1048576,8192,layered,512/512/512,graph,68,42.1442,15.6314,42.1946,42.1442,
50,8,1048576,8192,layered,512/512/512,graph,69,44.9945,15.3886,45.0453,44.9945,
50,8,1048576,8192,layered,512/512/512,graph,70,42.0165,15.3568,42.0647,42.0165,
50,8,1048576,8192,layered,512/512/512,graph,71,40.9189,17.2789,40.9694,40.9189,
50,8,1048576,8192,layered,512/512/512,graph,72,42.3538,15.3568,42.4003,42.3538,
50,8,1048576,8192,layered,512/512/512,graph,73,40.5305,16.7297,40.5783,40.5305,
50,8,1048576,8192,layered,512/512/512,graph,74,42.0600,15.6314,42.1105,42.0600,
50,8,1048576,8192,layered,512/512/512,graph,75,45.0352,15.1140,45.0950,45.0352,
50,8,1048576,8192,layered,512/512/512,graph,76,42.4003,15.6314,42.4491,42.4003,
50,8,1048576,8192,layered,512/512/512,graph,77,46.0839,15.6632,46.1385,46.0839,
50,8,1048576,8192,layered,512/512/512,graph,78,41.6507,15.0822,41.7006,41.6507,
50,8,1048576,8192,layered,512/512/512,graph,79,41.2680,17.2789,41.3166,41.2680,
50,8,1048576,8192,layered,512/512/512,graph,80,42.4774,15.6314,42.5255,42.4774,
50,8,1048576,8192,layered,512/512/512,graph,81,45.3092,15.3886,45.3712,45.3092,
50,8,1048576,8192,layered,512/512/512,graph,82,42.2345,15.9059,42.2896,42.2345,
50,8,1048576,8192,layered,512/512/512,graph,83,45.2890,15.1140,45.3456,45.2890,
50,8,1048576,8192,layered,512/512/512,graph,84,42.0297,15.3568,42.0756,42.0297,
50,8,1048576,8192,layered,512/512/512,graph,85,45.1239,14.8394,45.1732,45.1239,
50,8,1048576,8192,layered,512/512/512,graph,86,41.3538,15.9059,41.3988,41.3538,
50,8,1048576,8192,layered,512/512/512,graph,87,42.0598,16.7297,42.1131,42.0598,
50,8,1048576,8192,layered,512/512/512,graph,88,41.9596,16.1805,42.0094,41.9596,
50,8,1048576,8192,layered,512/512/512,graph,89,41.9921,16.7297,42.0405,41.9921,
50,8,1048576,8192,layered,512/512/512,graph,90,42.1407,16.1805,42.1881,42.1407,
50,8,1048576,8192,layered,512/512/512,graph,91,45.1601,15.3886,45.2094,45.1601,
50,8,1048576,8192,layered,512/512/512,graph,92,42.4930,15.0822,42.5383,42.4930,
50,8,1048576,8192,layered,512/512/512,graph,93,45.0353,14.8394,45.0875,45.0353,
50,8,1048576,8192,layered,512/512/512,graph,94,41.3113,16.1805,41.3625,41.3113,
50,8,1048576,8192,layered,512/512/512,graph,95,41.6656,16.1805,41.7162,41.6656,
50,8,1048576,8192,layered,512/512/512,graph,96,41.2683,15.9059,41.3236,41.2683,
50,8,1048576,8192,layered,512/512/512,graph,97,41.4932,16.1805,41.5405,41.4932,
50,8,1048576,8192,layered,512/512/512,graph,98,41.4070,16.1805,41.4533,41.4070,
50,8,1048576,8192,layered,512/512/512,graph,99,41.7382,16.1805,41.7842,41.7382,
50,8,1048576,8192,layered,512/512/512,graph,100,45.2901,14.0156,45.3405,45.2901,
50,8,1048576,8192,layered,512/512/512,graph,101,45.5483,15.3886,45.5970,45.5483,
50,8,1048576,8192,layered,512/512/512,graph,102,41.5671,15.6314,41.6166,41.5671,
50,8,1048576,8192,layered,512/512/512,graph,103,41.4092,16.7297,41.4582,41.4092,
50,8,1048576,8192,layered,512/512/512,graph,104,41.7357,15.6314,41.7874,41.7357,
50,8,1048576,8192,layered,512/512/512,graph,105,41.0578,16.4551,41.1058,41.0578,
50,8,1048576,8192,layered,512/512/512,graph,106,42.2666,16.1805,42.3132,42.2666,
50,8,1048576,8192,layered,512/512/512,graph,107,41.6487,16.1805,41.6920,41.6487,
50,8,1048576,8192,layered,512/512/512,graph,108,45.8582,15.1140,45.9057,45.8582,
50,8,1048576,8192,layered,512/512/512,graph,109,45.0391,14.8394,45.0925,45.0391,
50,8,1048576,8192,layered,512/512/512,graph,110,41.8391,14.8076,41.8878,41.8391,
50,8,1048576,8192,layered,512/512/512,graph,111,41.0608,16.7297,41.1198,41.0608,
50,8,1048576,8192,layered,512/512/512,graph,112,42.0214,15.6314,42.0716,42.0214,
50,8,1048576,8192,layered,512/512/512,graph,113,45.2859,15.1140,45.3376,45.2859,
50,8,1048576,8192,layered,512/512/512,graph,114,42.0806,16.1805,42.1388,42.0806,
50,8,1048576,8192,layered,512/512/512,graph,115,41.8492,16.7297,41.9006,41.8492,
50,8,1048576,8192,layered,512/512/512,graph,116,44.9473,14.0156,44.9987,44.9473,
50,8,1048576,8192,layered,512/512/512,graph,117,42.1635,16.1805,42.2083,42.1635,
50,8,1048576,8192,layered,512/512/512,graph,118,41.5555,16.1805,41.6083,41.5555,
50,8,1048576,8192,layered,512/512/512,graph,119,41.5869,16.1805,41.6327,41.5869,
50,8,1048576,8192,layered,512/512/512,graph,120,41.6405,16.1805,41.6868,41.6405,
50,8,1048576,8192,layered,512/512/512,graph,121,47.1362,15.3886,47.1911,47.1362,
50,8,1048576,8192,layered,512/512/512,graph,122,41.6268,15.6314,41.6787,41.6268,
50,8,1048576,8192,layered,512/512/512,graph,123,41.6947,16.4551,41.7413,41.6947,
50,8,1048576,8192,layered,512/512/512,graph,124,45.6834,14.5648,45.7330,45.6834,
50,8,1048576,8192,layered,512/512/512,graph,125,41.7956,15.9059,41.8468,41.7956,
50,8,1048576,8192,layered,512/512/512,graph,126,41.2327,16.1805,41.2785,41.2327,
50,8,1048576,8192,layered,512/512/512,graph,127,41.3047,15.9059,41.3546,41.3047,
50,8,1048576,8192,layered,512/512/512,graph,128,46.3681,15.9378,46.4382,46.3681,
50,8,1048576,8192,layered,512/512/512,graph,129,44.3622,14.0156,44.4150,44.3622,
50,8,1048576,8192,layered,512/512/512,graph,130,35.6045,15.8741,35.6782,35.6045,
50,8,1048576,8192,layered,512/512/512,graph,131,41.8667,16.7297,41.9162,41.8667,
50,8,1048576,8192,layered,512/512/512,graph,132,46.6607,14.5648,46.7102,46.6607,
50,8,1048576,8192,layered,512/512/512,graph,133,44.8544,15.3886,44.9033,44.8544,
50,8,1048576,8192,layered,512/512/512,graph,134,42.3540,15.6314,42.4028,42.3540,
50,8,1048576,8192,layered,512/512/512,graph,135,41.1615,17.0043,41.2116,41.1615,
50,8,1048576,8192,layered,512/512/512,graph,136,42.6276,15.9059,42.6781,42.6276,
50,8,1048576,8192,layered,512/512/512,graph,137,44.8604,14.8394,44.9100,44.8604,
50,8,1048576,8192,layered,512/512/512,graph,138,41.6205,16.1805,41.6661,41.6205,
50,8,1048576,8192,layered,512/512/512,graph,139,41.8511,16.7297,41.9035,41.8511,
50,8,1048576,8192,layered,512/512/512,graph,140,45.1824,14.2902,45.2399,45.1824,
50,8,1048576,8192,layered,512/512/512,graph,141,41.9876,16.1805,42.0461,41.9876,
50,8,1048576,8192,layered,512/512/512,graph,142,45.9656,15.9378,46.0199,45.9656,
50,8,1048576,8192,layered,512/512/512,graph,143,42.8082,15.6314,42.8571,42.8082,
50,8,1048576,8192,layered,512/512/512,graph,144,41.3745,17.0043,41.4249,41.3745,
50,8,1048576,8192,layered,512/512/512,graph,145,45.8762,14.0156,45.9265,45.8762,
50,8,1048576,8192,layered,512/512/512,graph,146,41.9947,16.7297,42.0466,41.9947,
50,8,1048576,8192,layered,512/512/512,graph,147,42.4590,16.1805,42.5054,42.4590,
50,8,1048576,8192,layered,512/512/512,graph,148,45.4653,15.1140,45.5190,45.4653,
50,8,1048576,8192,layered,512/512/512,graph,149,43.2191,15.6314,43.2679,43.2191,
50,8,1048576,8192,layered,512/512/512,graph,150,41.2086,16.7297,41.2572,41.2086,
50,8,1048576,8192,layered,512/512/512,graph,151,45.3853,14.5648,45.4389,45.3853,
50,8,1048576,8192,layered,512/512/512,graph,152,42.1956,16.1805,42.2432,42.1956,
50,8,1048576,8192,layered,512/512/512,graph,153,41.7614,16.4551,41.8178,41.7614,
50,8,1048576,8192,layered,512/512/512,graph,154,41.6640,16.1805,41.7157,41.6640,
50,8,1048576,8192,layered,512/512/512,graph,155,41.7912,16.4551,41.8435,41.7912,
50,8,1048576,8192,layered,512/512/512,graph,156,45.3933,15.1140,45.4429,45.3933,
50,8,1048576,8192,layered,512/512/512,graph,157,42.4488,15.3568,42.4961,42.4488,
50,8,1048576,8192,layered,512/512/512,graph,158,45.5436,15.6632,45.5950,45.5436,
50,8,1048576,8192,layered,512/512/512,graph,159,45.4416,14.5648,45.4932,45.4416,
50,8,1048576,8192,layered,512/512/512,graph,160,41.5120,15.6314,41.5606,41.5120,
50,8,1048576,8192,layered,512/512/512,graph,161,41.4544,16.1805,41.5038,41.4544,
50,8,1048576,8192,layered,512/512/512,graph,162,41.4243,15.9059,41.4850,41.4243,
50,8,1048576,8192,layered,512/512/512,graph,163,35.4924,16.6979,35.5404,35.4924,
50,8,1048576,8192,layered,512/512/512,graph,164,41.5934,15.9059,41.6468,41.5934,
50,8,1048576,8192,layered,512/512/512,graph,165,45.4043,14.5648,45.4580,45.4043,
50,8,1048576,8192,layered,512/512/512,graph,166,40.8493,15.9059,40.8977,40.8493,
50,8,1048576,8192,layered,512/512/512,graph,167,41.2447,15.9059,41.2937,41.2447,
50,8,1048576,8192,layered,512/512/512,graph,168,40.9246,15.9059,40.9706,40.9246,
50,8,1048576,8192,layered,512/512/512,graph,169,45.9168,14.8394,45.9729,45.9168,
50,8,1048576,8192,layered,512/512/512,graph,170,41.0075,15.6314,41.0603,41.0075,
50,8,1048576,8192,layered,512/512/512,graph,171,41.0726,16.4551,41.1197,41.0726,
50,8,1048576,8192,layered,512/512/512,graph,172,41.5635,15.9059,41.6145,41.5635,
50,8,1048576,8192,layered,512/512/512,graph,173,45.3329,14.5648,45.3821,45.3329,
50,8,1048576,8192,layered,512/512/512,graph,174,41.4138,15.9059,41.4653,41.4138,
50,8,1048576,8192,layered,512/512/512,graph,175,41.1956,16.1805,41.2452,41.1956,
50,8,1048576,8192,layered,512/512/512,graph,176,41.5844,16.1805,41.6374,41.5844,
50,8,1048576,8192,layered,512/512/512,graph,177,45.5804,15.1140,45.6362,45.5804,
50,8,1048576,8192,layered,512/512/512,graph,178,41.4015,15.3568,41.4477,41.4015,
50,8,1048576,8192,layered,512/512/512,graph,179,35.3391,16.9725,35.3871,35.3391,
50,8,1048576,8192,layered,512/512/512,graph,180,42.0296,15.6314,42.0761,42.0296,
50,8,1048576,8192,layered,512/512/512,graph,181,46.0114,14.8394,46.0598,46.0114,
50,8,1048576,8192,layered,512/512/512,graph,182,41.5947,15.6314,41.6518,41.5947,
50,8,1048576,8192,layered,512/512/512,graph,183,45.3284,15.3886,45.3998,45.3284,
50,8,1048576,8192,layered,512/512/512,graph,184,41.9694,15.6314,42.0211,41.9694,
50,8,1048576,8192,layered,512/512/512,graph,185,45.9378,14.8394,45.9880,45.9378,
50,8,1048576,8192,layered,512/512/512,graph,186,41.7772,15.3568,41.8225,41.7772,
50,8,1048576,8192,layered,512/512/512,graph,187,41.0344,17.0043,41.0814,41.0344,
50,8,1048576,8192,layered,512/512/512,graph,188,42.1339,15.6314,42.1812,42.1339,
50,8,1048576,8192,layered,512/512/512,graph,189,44.7181,14.5648,44.7690,44.7181,
50,8,1048576,8192,layered,512/512/512,graph,190,41.7236,16.4551,41.7688,41.7236,
50,8,1048576,8192,layered,512/512/512,graph,191,41.6032,16.1805,41.6574,41.6032,
50,8,1048576,8192,layered,512/512/512,graph,192,42.6902,16.4551,42.7393,42.6902,
50,8,1048576,8192,layered,512/512/512,graph,193,45.2008,14.5648,45.2571,45.2008,
50,8,1048576,8192,layered,512/512/512,graph,194,42.1384,15.9059,42.1851,42.1384,
50,8,1048576,8192,layered,512/512/512,graph,195,41.3017,16.7297,41.4133,41.3017,
50,8,1048576,8192,layered,512/512/512,graph,196,42.2726,15.6314,42.3193,42.2726,
50,8,1048576,8192,layered,512/512/512,graph,197,45.2314,15.6632,45.2810,45.2314,
50,8,1048576,8192,layered,512/512/512,graph,198,41.9063,15.3568,41.9638,41.9063,
50,8,1048576,8192,layered,512/512/512,graph,199,41.1309,16.7297,41.1854,41.1309,
50,8,1048576,8192,layered,1024/1024/1024,graph,0,40.2456,15.0503,40.3126,40.2456,
50,8,1048576,8192,layered,1024/1024/1024,graph,1,39.9563,15.0503,40.0217,39.9563,
50,8,1048576,8192,layered,1024/1024/1024,graph,2,40.0799,15.0503,40.1375,40.0799,
50,8,1048576,8192,layered,1024/1024/1024,graph,3,39.9360,15.0503,39.9853,39.9360,
50,8,1048576,8192,layered,1024/1024/1024,graph,4,40.1248,15.0503,40.1736,40.1248,
50,8,1048576,8192,layered,1024/1024/1024,graph,5,39.8828,15.0503,39.9455,39.8828,
50,8,1048576,8192,layered,1024/1024/1024,graph,6,39.9923,15.0503,40.0482,39.9923,
50,8,1048576,8192,layered,1024/1024/1024,graph,7,39.8327,15.0503,39.8862,39.8327,
50,8,1048576,8192,layered,1024/1024/1024,graph,8,40.0963,15.0503,40.1490,40.0963,
50,8,1048576,8192,layered,1024/1024/1024,graph,9,39.9294,15.0503,39.9834,39.9294,
50,8,1048576,8192,layered,1024/1024/1024,graph,10,40.1684,15.0503,40.2160,40.1684,
50,8,1048576,8192,layered,1024/1024/1024,graph,11,39.9593,15.0503,40.0060,39.9593,
50,8,1048576,8192,layered,1024/1024/1024,graph,12,40.9892,15.0503,41.0355,40.9892,
50,8,1048576,8192,layered,1024/1024/1024,graph,13,40.0823,15.0503,40.1362,40.0823,
50,8,1048576,8192,layered,1024/1024/1024,graph,14,40.6830,15.0503,40.7291,40.6830,
50,8,1048576,8192,layered,1024/1024/1024,graph,15,40.0467,15.0503,40.1028,40.0467,
50,8,1048576,8192,layered,1024/1024/1024,graph,16,40.8038,15.0503,40.8570,40.8038,
50,8,1048576,8192,layered,1024/1024/1024,graph,17,40.2802,15.0503,40.3291,40.2802,
50,8,1048576,8192,layered,1024/1024/1024,graph,18,40.8608,15.0503,40.9104,40.8608,
50,8,1048576,8192,layered,1024/1024/1024,graph,19,40.7177,15.0503,40.7668,40.7177,
50,8,1048576,8192,layered,1024/1024/1024,graph,20,40.3158,15.0503,40.3649,40.3158,
50,8,1048576,8192,layered,1024/1024/1024,graph,21,40.2505,15.0503,40.2983,40.2505,
50,8,1048576,8192,layered,1024/1024/1024,graph,22,40.1652,15.0503,40.2199,40.1652,
50,8,1048576,8192,layered,1024/1024/1024,graph,23,39.9466,15.0503,39.9983,39.9466,
50,8,1048576,8192,layered,1024/1024/1024,graph,24,40.1653,15.0503,40.2138,40.1653,
50,8,1048576,8192,layered,1024/1024/1024,graph,25,39.7704,15.0503,39.8214,39.7704,
50,8,1048576,8192,layered,1024/1024/1024,graph,26,40.6217,15.0503,40.6661,40.6217,
50,8,1048576,8192,layered,1024/1024/1024,graph,27,39.9842,15.0503,40.0311,39.9842,
50,8,1048576,8192,layered,1024/1024/1024,graph,28,40.2776,15.0503,40.3278,40.2776,
50,8,1048576,8192,layered,1024/1024/1024,graph,29,39.8986,15.0503,39.9598,39.8986,
50,8,1048576,8192,layered,1024/1024/1024,graph,30,40.6770,15.0503,40.7335,40.6770,
50,8,1048576,8192,layered,1024/1024/1024,graph,31,39.8553,15.0503,39.9052,39.8553,
50,8,1048576,8192,layered,1024/1024/1024,graph,32,40.1685,15.0503,40.2214,40.1685,
50,8,1048576,8192,layered,1024/1024/1024,graph,33,40.2734,15.0503,40.3198,40.2734,
50,8,1048576,8192,layered,1024/1024/1024,graph,34,40.4459,15.0503,40.4944,40.4459,
50,8,1048576,8192,layered,1024/1024/1024,graph,35,40.4046,15.0503,40.4529,40.4046,
50,8,1048576,8192,layered,1024/1024/1024,graph,36,40.3358,15.0503,40.3840,40.3358,
50,8,1048576,8192,layered,1024/1024/1024,graph,37,40.4514,15.0503,40.5031,40.4514,
50,8,1048576,8192,layered,1024/1024/1024,graph,38,40.6843,15.0503,40.7333,40.6843,
50,8,1048576,8192,layered,1024/1024/1024,graph,39,40.5212,15.0503,40.5670,40.5212,
50,8,1048576,8192,layered,1024/1024/1024,graph,40,40.4479,15.0503,40.5000,40.4479,
50,8,1048576,8192,layered,1024/1024/1024,graph,41,40.4903,15.0503,40.5432,40.4903,
50,8,1048576,8192,layered,1024/1024/1024,graph,42,40.5828,15.0503,40.6252,40.5828,
50,8,1048576,8192,layered,1024/1024/1024,graph,43,40.9769,15.0503,41.0225,40.9769,
50,8,1048576,8192,layered,1024/1024/1024,graph,44,41.0531,15.0503,41.1004,41.0531,
50,8,1048576,8192,layered,1024/1024/1024,graph,45,40.5046,15.0503,40.5486,40.5046,
50,8,1048576,8192,layered,1024/1024/1024,graph,46,40.7349,15.0503,40.7807,40.7349,
50,8,1048576,8192,layered,1024/1024/1024,graph,47,40.1862,15.0503,40.2325,40.1862,
50,8,1048576,8192,layered,1024/1024/1024,graph,48,40.3299,15.0503,40.3759,40.3299,
50,8,1048576,8192,layered,1024/1024/1024,graph,49,40.3663,15.0503,40.4118,40.3663,
50,8,1048576,8192,layered,1024/1024/1024,graph,50,40.2734,15.0503,40.3246,40.2734,
50,8,1048576,8192,layered,1024/1024/1024,graph,51,40.5506,15.0503,40.5987,40.5506,
50,8,1048576,8192,layered,1024/1024/1024,graph,52,40.6561,15.0503,40.7116,40.6561,
50,8,1048576,8192,layered,1024/1024/1024,graph,53,40.2713,15.0503,40.3287,40.2713,
50,8,1048576,8192,layered,1024/1024/1024,graph,54,40.3892,15.0503,40.4482,40.3892,
50,8,1048576,8192,layered,1024/1024/1024,graph,55,40.1648,15.0503,40.2212,40.1648,
50,8,1048576,8192,layered,1024/1024/1024,graph,56,40.3047,15.0503,40.3673,40.3047,
50,8,1048576,8192,layered,1024/1024/1024,graph,57,40.2077,15.0503,40.2574,40.2077,
50,8,1048576,8192,layered,1024/1024/1024,graph,58,40.2403,15.0503,40.2887,40.2403,
50,8,1048576,8192,layered,1024/1024/1024,graph,59,40.3131,15.0503,40.3678,40.3131,
50,8,1048576,8192,layered,1024/1024/1024,graph,60,40.3119,15.0503,40.3700,40.3119,
50,8,1048576,8192,layered,1024/1024/1024,graph,61,40.6298,15.0503,40.6819,40.6298,
50,8,1048576,8192,layered,1024/1024/1024,graph,62,40.1849,15.0503,40.2342,40.1849,
50,8,1048576,8192,layered,1024/1024/1024,graph,63,40.2777,15.0503,40.3292,40.2777,
50,8,1048576,8192,layered,1024/1024/1024,graph,64,40.2009,15.0503,40.2524,40.2009,
50,8,1048576,8192,layered,1024/1024/1024,graph,65,40.3263,15.0503,40.3784,40.3263,
50,8,1048576,8192,layered,1024/1024/1024,graph,66,40.2356,15.0503,40.2855,40.2356,
50,8,1048576,8192,layered,1024/1024/1024,graph,67,40.1901,15.0503,40.2417,40.1901,
50,8,1048576,8192,layered,1024/1024/1024,graph,68,40.2800,15.0503,40.3311,40.2800,
50,8,1048576,8192,layered,1024/1024/1024,graph,69,40.2595,15.0503,40.3124,40.2595,
50,8,1048576,8192,layered,1024/1024/1024,graph,70,40.0333,15.0503,40.0847,40.0333,
50,8,1048576,8192,layered,1024/1024/1024,graph,71,40.0612,15.0503,40.1163,40.0612,
50,8,1048576,8192,layered,1024/1024/1024,graph,72,39.9713,14.7758,40.0188,39.9713,
50,8,1048576,8192,layered,1024/1024/1024,graph,73,39.7387,14.7758,39.7888,39.7387,
50,8,1048576,8192,layered,1024/1024/1024,graph,74,39.5504,14.5012,39.6071,39.5504,
50,8,1048576,8192,layered,1024/1024/1024,graph,75,39.3256,14.5012,39.3809,39.3256,
50,8,1048576,8192,layered,1024/1024/1024,graph,76,39.1067,14.2266,39.1581,39.1067,
50,8,1048576,8192,layered,1024/1024/1024,graph,77,38.9436,14.2266,38.9966,38.9436,
50,8,1048576,8192,layered,1024/1024/1024,graph,78,38.9112,14.2266,38.9647,38.9112,
50,8,1048576,8192,layered,1024/1024/1024,graph,79,38.9418,14.2266,38.9923,38.9418,
50,8,1048576,8192,layered,1024/1024/1024,graph,80,39.0167,14.5012,39.0641,39.0167,
50,8,1048576,8192,layered,1024/1024/1024,graph,81,39.4180,14.5012,39.4645,39.4180,
50,8,1048576,8192,layered,1024/1024/1024,graph,82,39.5084,14.7758,39.5536,39.5084,
50,8,1048576,8192,layered,1024/1024/1024,graph,83,39.9520,14.7758,39.9967,39.9520,
50,8,1048576,8192,layered,1024/1024/1024,graph,84,40.4998,15.0503,40.5449,40.4998,
50,8,1048576,8192,layered,1024/1024/1024,graph,85,40.4230,15.0503,40.4701,40.4230,
50,8,1048576,8192,layered,1024/1024/1024,graph,86,40.5812,15.0503,40.6342,40.5812,
50,8,1048576,8192,layered,1024/1024/1024,graph,87,40.4696,15.0503,40.5240,40.4696,
50,8,1048576,8192,layered,1024/1024/1024,graph,88,41.1706,15.0503,41.2158,41.1706,
50,8,1048576,8192,layered,1024/1024/1024,graph,89,40.4847,15.0503,40.5305,40.4847,
50,8,1048576,8192,layered,1024/1024/1024,graph,90,40.9334,15.0503,40.9781,40.9334,
50,8,1048576,8192,layered,1024/1024/1024,graph,91,40.6423,15.0503,40.6858,40.6423,
50,8,1048576,8192,layered,1024/1024/1024,graph,92,41.1475,15.0503,41.1920,41.1475,
50,8,1048576,8192,layered,1024/1024/1024,graph,93,40.6491,15.0503,40.6965,40.6491,
50,8,1048576,8192,layered,1024/1024/1024,graph,94,40.2938,15.0503,40.3399,40.2938,
50,8,1048576,8192,layered,1024/1024/1024,graph,95,40.2127,15.0503,40.2583,40.2127,
50,8,1048576,8192,layered,1024/1024/1024,graph,96,40.2732,15.0503,40.3178,40.2732,
50,8,1048576,8192,layered,1024/1024/1024,graph,97,40.9674,15.0503,41.0119,40.9674,
50,8,1048576,8192,layered,1024/1024/1024,graph,98,40.2464,15.0503,40.2998,40.2464,
50,8,1048576,8192,layered,1024/1024/1024,graph,99,40.2704,15.0503,40.3178,40.2704,
50,8,1048576,8192,layered,1024/1024/1024,graph,100,40.8256,15.0503,40.8831,40.8256,
50,8,1048576,8192,layered,1024/1024/1024,graph,101,40.2317,15.0503,40.2789,40.2317,
50,8,1048576,8192,layered,1024/1024/1024,graph,102,40.1026,15.0503,40.1483,40.1026,
50,8,1048576,8192,layered,1024/1024/1024,graph,103,40.3764,15.0503,40.4226,40.3764,
50,8,1048576,8192,layered,1024/1024/1024,graph,104,40.4718,15.0503,40.5157,40.4718,
50,8,1048576,8192,layered,1024/1024/1024,graph,105,40.4478,15.0503,40.5006,40.4478,
50,8,1048576,8192,layered,1024/1024/1024,graph,106,40.6513,15.0503,40.6997,40.6513,
50,8,1048576,8192,layered,1024/1024/1024,graph,107,40.4631,15.0503,40.5150,40.4631,
50,8,1048576,8192,layered,1024/1024/1024,graph,108,40.2373,15.0503,40.2866,40.2373,
50,8,1048576,8192,layered,1024/1024/1024,graph,109,40.6535,15.0503,40.7196,40.6535,
50,8,1048576,8192,layered,1024/1024/1024,graph,110,40.3047,15.0503,40.3610,40.3047,
50,8,1048576,8192,layered,1024/1024/1024,graph,111,40.6277,15.0503,40.6797,40.6277,
50,8,1048576,8192,layered,1024/1024/1024,graph,112,40.9085,15.0503,40.9597,40.9085,
50,8,1048576,8192,layered,1024/1024/1024,graph,113,40.4606,15.0503,40.5079,40.4606,
50,8,1048576,8192,layered,1024/1024/1024,graph,114,40.6915,15.0503,40.7453,40.6915,
50,8,1048576,8192,layered,1024/1024/1024,graph,115,40.3790,15.0503,40.4281,40.3790,
50,8,1048576,8192,layered,1024/1024/1024,graph,116,40.8429,15.0503,40.8947,40.8429,
50,8,1048576,8192,layered,1024/1024/1024,graph,117,40.8779,15.0503,40.9269,40.8779,
50,8,1048576,8192,layered,1024/1024/1024,graph,118,40.2251,15.0503,40.2715,40.2251,
50,8,1048576,8192,layered,1024/1024/1024,graph,119,40.4536,15.0503,40.5030,40.4536,
50,8,1048576,8192,layered,1024/1024/1024,graph,120,40.0908,15.0503,40.1392,40.0908,
50,8,1048576,8192,layered,1024/1024/1024,graph,121,40.2251,15.0503,40.2708,40.2251,
50,8,1048576,8192,layered,1024/1024/1024,graph,122,40.5580,15.0503,40.6044,40.5580,
50,8,1048576,8192,layered,1024/1024/1024,graph,123,40.1316,15.0503,40.1782,40.1316,
50,8,1048576,8192,layered,1024/1024/1024,graph,124,40.1735,15.0503,40.2192,40.1735,
50,8,1048576,8192,layered,1024/1024/1024,graph,125,40.2579,15.0503,40.3038,40.2579,
50,8,1048576,8192,layered,1024/1024/1024,graph,126,40.0847,15.0503,40.1315,40.0847,
50,8,1048576,8192,layered,1024/1024/1024,graph,127,40.1972,15.0503,40.2495,40.1972,
50,8,1048576,8192,layered,1024/1024/1024,graph,128,40.4975,15.0503,40.5435,40.4975,
50,8,1048576,8192,layered,1024/1024/1024,graph,129,40.4063,15.0503,40.4570,40.4063,
50,8,1048576,8192,layered,1024/1024/1024,graph,130,40.1864,15.0503,40.2409,40.1864,
50,8,1048576,8192,layered,1024/1024/1024,graph,131,40.4267,15.0503,40.4802,40.4267,
50,8,1048576,8192,layered,1024/1024/1024,graph,132,40.3300,15.0503,40.3763,40.3300,
50,8,1048576,8192,layered,1024/1024/1024,graph,133,40.8716,15.0503,40.9177,40.8716,
50,8,1048576,8192,layered,1024/1024/1024,graph,134,40.5255,15.0503,40.5703,40.5255,
50,8,1048576,8192,layered,1024/1024/1024,graph,135,41.5106,15.0503,41.5568,41.5106,
50,8,1048576,8192,layered,1024/1024/1024,graph,136,40.4786,15.0503,40.5476,40.4786,
50,8,1048576,8192,layered,1024/1024/1024,graph,137,40.5333,15.0503,40.5935,40.5333,
50,8,1048576,8192,layered,1024/1024/1024,graph,138,40.7440,15.0503,40.7914,40.7440,
50,8,1048576,8192,layered,1024/1024/1024,graph,139,40.7377,15.0503,40.7859,40.7377,
50,8,1048576,8192,layered,1024/1024/1024,graph,140,40.4602,15.0503,40.5089,40.4602,
50,8,1048576,8192,layered,1024/1024/1024,graph,141,40.4081,15.0503,40.4553,40.4081,
50,8,1048576,8192,layered,1024/1024/1024,graph,142,40.3400,15.0503,40.3860,40.3400,
50,8,1048576,8192,layered,1024/1024/1024,graph,143,40.2595,15.0503,40.3097,40.2595,
50,8,1048576,8192,layered,1024/1024/1024,graph,144,40.2212,15.0503,40.2712,40.2212,
50,8,1048576,8192,layered,1024/1024/1024,graph,145,40.1909,15.0503,40.2441,40.1909,
50,8,1048576,8192,layered,1024/1024/1024,graph,146,40.2004,15.0503,40.2489,40.2004,
50,8,1048576,8192,layered,1024/1024/1024,graph,147,40.2908,15.0503,40.3401,40.2908,
50,8,1048576,8192,layered,1024/1024/1024,graph,148,40.2771,15.0503,40.3377,40.2771,
50,8,1048576,8192,layered,1024/1024/1024,graph,149,40.3028,15.0503,40.3609,40.3028,
50,8,1048576,8192,layered,1024/1024/1024,graph,150,39.9957,15.0503,40.0453,39.9957,
50,8,1048576,8192,layered,1024/1024/1024,graph,151,40.0844,15.0503,40.1334,40.0844,
50,8,1048576,8192,layered,1024/1024/1024,graph,152,40.1484,15.0503,40.2048,40.1484,
50,8,1048576,8192,layered,1024/1024/1024,graph,153,40.1955,15.0503,40.2442,40.1955,
50,8,1048576,8192,layered,1024/1024/1024,graph,154,40.2417,15.0503,40.2935,40.2417,
50,8,1048576,8192,layered,1024/1024/1024,graph,155,40.2239,15.0503,40.2732,40.2239,
50,8,1048576,8192,layered,1024/1024/1024,graph,156,40.3635,15.0503,40.4116,40.3635,
50,8,1048576,8192,layered,1024/1024/1024,graph,157,40.7103,15.0503,40.7625,40.7103,
50,8,1048576,8192,layered,1024/1024/1024,graph,158,40.2620,15.0503,40.3167,40.2620,
50,8,1048576,8192,layered,1024/1024/1024,graph,159,40.1695,15.0503,40.2206,40.1695,
50,8,1048576,8192,layered,1024/1024/1024,graph,160,40.0963,15.0503,40.1448,40.0963,
50,8,1048576,8192,layered,1024/1024/1024,graph,161,40.1402,15.0503,40.1910,40.1402,
50,8,1048576,8192,layered,1024/1024/1024,graph,162,40.2548,15.0503,40.3059,40.2548,
50,8,1048576,8192,layered,1024/1024/1024,graph,163,40.1490,15.0503,40.1970,40.1490,
50,8,1048576,8192,layered,1024/1024/1024,graph,164,40.1988,15.0503,40.2469,40.1988,
50,8,1048576,8192,layered,1024/1024/1024,graph,165,40.3986,15.0503,40.4459,40.3986,
50,8,1048576,8192,layered,1024/1024/1024,graph,166,40.1285,15.0503,40.1774,40.1285,
50,8,1048576,8192,layered,1024/1024/1024,graph,167,40.0790,15.0503,40.1271,40.0790,
50,8,1048576,8192,layered,1024/1024/1024,graph,168,39.8819,14.7758,39.9352,39.8819,
50,8,1048576,8192,layered,1024/1024/1024,graph,169,39.7299,14.7758,39.7762,39.7299,
50,8,1048576,8192,layered,1024/1024/1024,graph,170,39.5139,14.5012,39.5613,39.5139,
50,8,1048576,8192,layered,1024/1024/1024,graph,171,39.2825,14.5012,39.3320,39.2825,
50,8,1048576,8192,layered,1024/1024/1024,graph,172,39.0689,14.2266,39.1176,39.0689,
50,8,1048576,8192,layered,1024/1024/1024,graph,173,38.8699,14.2266,38.9170,38.8699,
50,8,1048576,8192,layered,1024/1024/1024,graph,174,38.7366,14.2266,38.7902,38.7366,
50,8,1048576,8192,layered,1024/1024/1024,graph,175,38.9205,14.2266,38.9684,38.9205,
50,8,1048576,8192,layered,1024/1024/1024,graph,176,38.8993,14.5012,38.9473,38.8993,
50,8,1048576,8192,layered,1024/1024/1024,graph,177,39.2651,14.5012,39.3127,39.2651,
50,8,1048576,8192,layered,1024/1024/1024,graph,178,39.4196,14.7758,39.4654,39.4196,
50,8,1048576,8192,layered,1024/1024/1024,graph,179,39.9509,14.7758,39.9957,39.9509,
50,8,1048576,8192,layered,1024/1024/1024,graph,180,39.9329,15.0503,39.9890,39.9329,
50,8,1048576,8192,layered,1024/1024/1024,graph,181,40.3527,15.0503,40.4056,40.3527,
50,8,1048576,8192,layered,1024/1024/1024,graph,182,40.5972,15.0503,40.6467,40.5972,
50,8,1048576,8192,layered,1024/1024/1024,graph,183,40.4753,15.0503,40.5239,40.4753,
50,8,1048576,8192,layered,1024/1024/1024,graph,184,40.3958,15.0503,40.4427,40.3958,
50,8,1048576,8192,layered,1024/1024/1024,graph,185,40.4538,15.0503,40.4999,40.4538,
50,8,1048576,8192,layered,1024/1024/1024,graph,186,40.7906,15.0503,40.8370,40.7906,
50,8,1048576,8192,layered,1024/1024/1024,graph,187,40.4159,15.0503,40.4617,40.4159,
50,8,1048576,8192,layered,1024/1024/1024,graph,188,40.3867,15.0503,40.4428,40.3867,
50,8,1048576,8192,layered,1024/1024/1024,graph,189,40.3546,15.0503,40.4201,40.3546,
50,8,1048576,8192,layered,1024/1024/1024,graph,190,40.1759,15.0503,40.2248,40.1759,
50,8,1048576,8192,layered,1024/1024/1024,graph,191,40.3560,15.0503,40.4073,40.3560,
50,8,1048576,8192,layered,1024/1024/1024,graph,192,40.7788,15.0503,40.8381,40.7788,
50,8,1048576,8192,layered,1024/1024/1024,graph,193,40.4088,15.0503,40.4586,40.4088,
50,8,1048576,8192,layered,1024/1024/1024,graph,194,40.1442,15.0503,40.1936,40.1442,
50,8,1048576,8192,layered,1024/1024/1024,graph,195,40.7994,15.0503,40.8502,40.7994,
50,8,1048576,8192,layered,1024/1024/1024,graph,196,40.2748,15.0503,40.3223,40.2748,
50,8,1048576,8192,layered,1024/1024/1024,graph,197,40.3084,15.0503,40.3567,40.3084,
50,8,1048576,8192,layered,1024/1024/1024,graph,198,40.0296,15.0503,40.0802,40.0296,
50,8,1048576,8192,layered,1024/1024/1024,graph,199,40.1580,15.0503,40.2117,40.1580,
50,8,1048576,8192,layered,768/768/768,graph,0,42.8164,15.0503,42.8662,42.8164,
50,8,1048576,8192,layered,768/768/768,graph,1,42.8914,15.0503,42.9618,42.8914,
50,8,1048576,8192,layered,768/768/768,graph,2,42.8644,15.0503,42.9118,42.8644,
50,8,1048576,8192,layered,768/768/768,graph,3,42.8452,15.0503,42.8925,42.8452,
50,8,1048576,8192,layered,768/768/768,graph,4,42.7326,15.0503,42.7825,42.7326,
50,8,1048576,8192,layered,768/768/768,graph,5,42.9630,15.0503,43.0206,42.9630,
50,8,1048576,8192,layered,768/768/768,graph,6,42.8331,15.0503,42.8924,42.8331,
50,8,1048576,8192,layered,768/768/768,graph,7,42.7953,15.0503,42.8500,42.7953,
50,8,1048576,8192,layered,768/768/768,graph,8,42.7422,15.0503,42.7954,42.7422,
50,8,1048576,8192,layered,768/768/768,graph,9,42.7835,15.0503,42.8333,42.7835,
50,8,1048576,8192,layered,768/768/768,graph,10,42.8558,15.0503,42.9054,42.8558,
50,8,1048576,8192,layered,768/768/768,graph,11,42.9142,15.0503,42.9636,42.9142,
50,8,1048576,8192,layered,768/768/768,graph,12,42.8313,15.0503,42.8893,42.8313,
50,8,1048576,8192,layered,768/768/768,graph,13,43.0304,15.0503,43.0816,43.0304,
50,8,1048576,8192,layered,768/768/768,graph,14,42.7239,15.0503,42.7749,42.7239,
50,8,1048576,8192,layered,768/768/768,graph,15,42.9912,15.0503,43.0384,42.9912,
50,8,1048576,8192,layered,768/768/768,graph,16,42.9826,15.0503,43.0312,42.9826,
50,8,1048576,8192,layered,768/768/768,graph,17,43.0483,15.0503,43.0960,43.0483,
50,8,1048576,8192,layered,768/768/768,graph,18,43.0948,15.0503,43.1425,43.0948,
50,8,1048576,8192,layered,768/768/768,graph,19,42.9891,15.0503,43.0372,42.9891,
50,8,1048576,8192,layered,768/768/768,graph,20,42.8262,15.0503,42.8773,42.8262,
50,8,1048576,8192,layered,768/768/768,graph,21,42.8683,15.0503,42.9191,42.8683,
50,8,1048576,8192,layered,768/768/768,graph,22,42.7827,15.0503,42.8352,42.7827,
50,8,1048576,8192,layered,768/768/768,graph,23,42.7841,15.0503,42.8320,42.7841,
50,8,1048576,8192,layered,768/768/768,graph,24,43.1570,15.0503,43.2039,43.1570,
50,8,1048576,8192,layered,768/768/768,graph,25,42.8509,15.0503,42.9027,42.8509,
50,8,1048576,8192,layered,768/768/768,graph,26,42.7096,15.0503,42.7583,42.7096,
50,8,1048576,8192,layered,768/768/768,graph,27,42.6591,15.0503,42.7062,42.6591,
50,8,1048576,8192,layered,768/768/768,graph,28,42.5107,15.0503,42.5576,42.5107,
50,8,1048576,8192,layered,768/768/768,graph,29,42.8649,15.0503,42.9108,42.8649,
50,8,1048576,8192,layered,768/768/768,graph,30,42.7601,15.0503,42.8055,42.7601,
50,8,1048576,8192,layered,768/768/768,graph,31,42.7489,15.0503,42.8022,42.7489,
50,8,1048576,8192,layered,768/768/768,graph,32,42.8208,15.0503,42.8670,42.8208,
50,8,1048576,8192,layered,768/768/768,graph,33,42.9480,15.0503,43.0034,42.9480,
50,8,1048576,8192,layered,768/768/768,graph,34,42.8850,15.0503,42.9584,42.8850,
50,8,1048576,8192,layered,768/768/768,graph,35,43.1094,15.0503,43.1578,43.1094,
50,8,1048576,8192,layered,768/768/768,graph,36,42.8749,15.0503,42.9236,42.8749,
50,8,1048576,8192,layered,768/768/768,graph,37,42.9717,15.0503,43.0177,42.9717,
50,8,1048576,8192,layered,768/768/768,graph,38,42.9637,15.0503,43.0096,42.9637,
50,8,1048576,8192,layered,768/768/768,graph,39,43.1468,15.0503,43.1937,43.1468,
50,8,1048576,8192,layered,768/768/768,graph,40,43.0546,15.0503,43.1002,43.0546,
50,8,1048576,8192,layered,768/768/768,graph,41,43.2126,15.0503,43.2602,43.2126,
50,8,1048576,8192,layered,768/768/768,graph,42,43.1205,15.0503,43.1733,43.1205,
50,8,1048576,8192,layered,768/768/768,graph,43,43.1315,15.0503,43.1780,43.1315,
50,8,1048576,8192,layered,768/768/768,graph,44,42.8696,15.0503,42.9161,42.8696,
50,8,1048576,8192,layered,768/768/768,graph,45,42.9777,15.0503,43.0265,42.9777,
50,8,1048576,8192,layered,768/768/768,graph,46,42.8272,15.0503,42.8778,42.8272,
50,8,1048576,8192,layered,768/768/768,graph,47,42.9254,15.0503,42.9701,42.9254,
50,8,1048576,8192,layered,768/768/768,graph,48,42.8633,15.0503,42.9107,42.8633,
50,8,1048576,8192,layered,768/768/768,graph,49,42.9412,15.0503,42.9902,42.9412,
50,8,1048576,8192,layered,768/768/768,graph,50,42.6906,15.0503,42.7383,42.6906,
50,8,1048576,8192,layered,768/768/768,graph,51,43.1243,15.0503,43.1707,43.1243,
50,8,1048576,8192,layered,768/768/768,graph,52,42.7310,15.0503,42.7786,42.7310,
50,8,1048576,8192,layered,768/768/768,graph,53,42.8040,15.0503,42.8493,42.8040,
50,8,1048576,8192,layered,768/768/768,graph,54,42.7154,15.0503,42.7657,42.7154,
50,8,1048576,8192,layered,768/768/768,graph,55,43.4297,15.0503,43.4788,43.4297,
50,8,1048576,8192,layered,768/768/768,graph,56,42.7528,15.0503,42.7992,42.7528,
50,8,1048576,8192,layered,768/768/768,graph,57,42.8566,15.0503,42.9091,42.8566,
50,8,1048576,8192,layered,768/768/768,graph,58,42.8077,15.0503,42.8553,42.8077,
50,8,1048576,8192,layered,768/768/768,graph,59,42.9622,15.0503,43.0095,42.9622,
50,8,1048576,8192,layered,768/768/768,graph,60,42.7207,15.0503,42.7703,42.7207,
50,8,1048576,8192,layered,768/768/768,graph,61,43.0922,15.0503,43.1390,43.0922,
50,8,1048576,8192,layered,768/768/768,graph,62,42.8778,15.0503,42.9274,42.8778,
50,8,1048576,8192,layered,768/768/768,graph,63,43.0872,15.0503,43.1350,43.0872,
50,8,1048576,8192,layered,768/768/768,graph,64,42.7762,15.0503,42.8234,42.7762,
50,8,1048576,8192,layered,768/768/768,graph,65,42.9118,15.0503,42.9631,42.9118,
50,8,1048576,8192,layered,768/768/768,graph,66,42.8243,15.0503,42.8726,42.8243,
50,8,1048576,8192,layered,768/768/768,graph,67,42.9958,15.0503,43.0458,42.9958,
50,8,1048576,8192,layered,768/768/768,graph,68,43.3653,15.0503,43.4205,43.3653,
50,8,1048576,8192,layered,768/768/768,graph,69,42.7568,15.0503,42.8062,42.7568,
50,8,1048576,8192,layered,768/768/768,graph,70,42.8861,15.0503,42.9355,42.8861,
50,8,1048576,8192,layered,768/768/768,graph,71,42.8204,15.0503,42.8702,42.8204,
50,8,1048576,8192,layered,768/768/768,graph,72,42.6490,14.7758,42.7012,42.6490,
50,8,1048576,8192,layered,768/768/768,graph,73,42.5499,14.7758,42.5973,42.5499,
50,8,1048576,8192,layered,768/768/768,graph,74,42.3261,14.5012,42.3722,42.3261,
50,8,1048576,8192,layered,768/768/768,graph,75,42.5823,14.5012,42.6307,42.5823,
50,8,1048576,8192,layered,768/768/768,graph,76,41.7347,14.2266,41.7817,41.7347,
50,8,1048576,8192,layered,768/768/768,graph,77,41.6666,14.2266,41.7130,41.6666,
50,8,1048576,8192,layered,768/768/768,graph,78,41.5615,14.2266,41.6080,41.5615,
50,8,1048576,8192,layered,768/768/768,graph,79,41.6423,14.2266,41.6923,41.6423,
50,8,1048576,8192,layered,768/768/768,graph,80,41.6363,14.5012,41.6834,41.6363,
50,8,1048576,8192,layered,768/768/768,graph,81,42.0613,14.5012,42.1103,42.0613,
50,8,1048576,8192,layered,768/768/768,graph,82,42.0972,14.7758,42.1444,42.0972,
50,8,1048576,8192,layered,768/768/768,graph,83,42.5631,14.7758,42.6082,42.5631,
50,8,1048576,8192,layered,768/768/768,graph,84,42.5339,15.0503,42.5818,42.5339,
50,8,1048576,8192,layered,768/768/768,graph,85,43.0512,15.0503,43.0965,43.0512,
50,8,1048576,8192,layered,768/768/768,graph,86,42.8923,15.0503,42.9411,42.8923,
50,8,1048576,8192,layered,768/768/768,graph,87,43.0134,15.0503,43.0637,43.0134,
50,8,1048576,8192,layered,768/768/768,graph,88,42.9968,15.0503,43.0480,42.9968,
50,8,1048576,8192,layered,768/768/768,graph,89,42.9591,15.0503,43.0095,42.9591,
50,8,1048576,8192,layered,768/768/768,graph,90,42.9806,15.0503,43.0308,42.9806,
50,8,1048576,8192,layered,768/768/768,graph,91,43.0626,15.0503,43.1125,43.0626,
50,8,1048576,8192,layered,768/768/768,graph,92,42.9343,15.0503,42.9925,42.9343,
50,8,1048576,8192,layered,768/768/768,graph,93,43.0981,15.0503,43.1614,43.0981,
50,8,1048576,8192,layered,768/768/768,graph,94,42.7890,15.0503,42.8396,42.7890,
50,8,1048576,8192,layered,768/768/768,graph,95,42.8604,15.0503,42.9147,42.8604,
50,8,1048576,8192,layered,768/768/768,graph,96,42.7453,15.0503,42.8021,42.7453,
50,8,1048576,8192,layered,768/768/768,graph,97,42.8124,15.0503,42.8605,42.8124,
50,8,1048576,8192,layered,768/768/768,graph,98,42.6917,15.0503,42.7426,42.6917,
50,8,1048576,8192,layered,768/768/768,graph,99,42.8275,15.0503,42.8747,42.8275,
50,8,1048576,8192,layered,768/768/768,graph,100,42.7011,15.0503,42.7498,42.7011,
50,8,1048576,8192,layered,768/768/768,graph,101,42.8711,15.0503,42.9199,42.8711,
50,8,1048576,8192,layered,768/768/768,graph,102,42.6552,15.0503,42.7114,42.6552,
50,8,1048576,8192,layered,768/768/768,graph,103,42.8580,15.0503,42.9079,42.8580,
50,8,1048576,8192,layered,768/768/768,graph,104,42.7248,15.0503,42.7709,42.7248,
50,8,1048576,8192,layered,768/768/768,graph,105,42.8301,15.0503,42.8799,42.8301,
50,8,1048576,8192,layered,768/768/768,graph,106,42.7845,15.0503,42.8311,42.7845,
50,8,1048576,8192,layered,768/768/768,graph,107,42.9118,15.0503,42.9535,42.9118,
50,8,1048576,8192,layered,768/768/768,graph,108,42.7143,15.0503,42.7627,42.7143,
50,8,1048576,8192,layered,768/768/768,graph,109,43.0966,15.0503,43.1539,43.0966,
50,8,1048576,8192,layered,768/768/768,graph,110,42.7952,15.0503,42.8563,42.7952,
50,8,1048576,8192,layered,768/768/768,graph,111,42.8695,15.0503,42.9194,42.8695,
50,8,1048576,8192,layered,768/768/768,graph,112,43.1998,15.0503,43.2480,43.1998,
50,8,1048576,8192,layered,768/768/768,graph,113,43.1084,15.0503,43.1585,43.1084,
50,8,1048576,8192,layered,768/768/768,graph,114,42.8607,15.0503,42.9086,42.8607,
50,8,1048576,8192,layered,768/768/768,graph,115,43.0164,15.0503,43.0655,43.0164,
50,8,1048576,8192,layered,768/768/768,graph,116,42.8428,15.0503,42.8904,42.8428,
50,8,1048576,8192,layered,768/768/768,graph,117,42.9831,15.0503,43.0299,42.9831,
50,8,1048576,8192,layered,768/768/768,graph,118,42.5919,15.0503,42.6458,42.5919,
50,8,1048576,8192,layered,768/768/768,graph,119,42.8095,15.0503,42.8650,42.8095,
50,8,1048576,8192,layered,768/768/768,graph,120,42.4904,15.0503,42.5379,42.4904,
50,8,1048576,8192,layered,768/768/768,graph,121,42.6969,15.0503,42.7438,42.6969,
50,8,1048576,8192,layered,768/768/768,graph,122,42.5895,15.0503,42.6390,42.5895,
50,8,1048576,8192,layered,768/768/768,graph,123,43.5963,15.0503,43.6629,43.5963,
50,8,1048576,8192,layered,768/768/768,graph,124,42.6181,15.0503,42.6735,42.6181,
50,8,1048576,8192,layered,768/768/768,graph,125,43.5291,15.0503,43.5814,43.5291,
50,8,1048576,8192,layered,768/768/768,graph,126,42.5832,15.0503,42.6321,42.5832,
50,8,1048576,8192,layered,768/768/768,graph,127,42.9116,15.0503,42.9583,42.9116,
50,8,1048576,8192,layered,768/768/768,graph,128,42.6045,15.0503,42.6510,42.6045,
50,8,1048576,8192,layered,768/768/768,graph,129,43.3759,15.0503,43.4241,43.3759,
50,8,1048576,8192,layered,768/768/768,graph,130,42.7793,15.0503,42.8272,42.7793,
50,8,1048576,8192,layered,768/768/768,graph,131,43.0264,15.0503,43.0778,43.0264,
50,8,1048576,8192,layered,768/768/768,graph,132,42.8279,15.0503,42.8773,42.8279,
50,8,1048576,8192,layered,768/768/768,graph,133,43.1961,15.0503,43.2589,43.1961,
50,8,1048576,8192,layered,768/768/768,graph,134,42.7129,15.0503,42.7625,42.7129,
50,8,1048576,8192,layered,768/768/768,graph,135,43.1058,15.0503,43.1531,43.1058,
50,8,1048576,8192,layered,768/768/768,graph,136,42.8572,15.0503,42.9051,42.8572,
50,8,1048576,8192,layered,768/768/768,graph,137,43.9175,15.0503,43.9666,43.9175,
50,8,1048576,8192,layered,768/768/768,graph,138,42.8894,15.0503,42.9355,42.8894,
50,8,1048576,8192,layered,768/768/768,graph,139,43.1348,15.0503,43.1826,43.1348,
50,8,1048576,8192,layered,768/768/768,graph,140,42.9457,15.0503,43.0829,42.9457,
50,8,1048576,8192,layered,768/768/768,graph,141,43.7356,15.0503,43.7934,43.7356,
50,8,1048576,8192,layered,768/768/768,graph,142,42.6469,15.0503,42.6939,42.6469,
50,8,1048576,8192,layered,768/768/768,graph,143,42.9199,15.0503,42.9667,42.9199,
50,8,1048576,8192,layered,768/768/768,graph,144,42.7178,15.0503,42.7641,42.7178,
50,8,1048576,8192,layered,768/768/768,graph,145,42.8655,15.0503,42.9120,42.8655,
50,8,1048576,8192,layered,768/768/768,graph,146,43.1796,15.0503,43.2284,43.1796,
50,8,1048576,8192,layered,768/768/768,graph,147,42.7823,15.0503,42.8290,42.7823,
50,8,1048576,8192,layered,768/768/768,graph,148,42.6494,15.0503,42.7044,42.6494,
50,8,1048576,8192,layered,768/768/768,graph,149,43.6915,15.0503,43.7424,43.6915,
50,8,1048576,8192,layered,768/768/768,graph,150,42.4975,15.0503,42.5434,42.4975,
50,8,1048576,8192,layered,768/768/768,graph,151,42.9116,15.0503,42.9597,42.9116,
50,8,1048576,8192,layered,768/768/768,graph,152,42.5375,15.0503,42.5844,42.5375,
50,8,1048576,8192,layered,768/768/768,graph,153,43.6541,15.0503,43.7011,43.6541,
50,8,1048576,8192,layered,768/768/768,graph,154,42.5401,15.0503,42.5863,42.5401,
50,8,1048576,8192,layered,768/768/768,graph,155,42.9638,15.0503,43.0132,42.9638,
50,8,1048576,8192,layered,768/768/768,graph,156,42.7279,15.0503,42.7733,42.7279,
50,8,1048576,8192,layered,768/768/768,graph,157,43.0035,15.0503,43.0489,43.0035,
50,8,1048576,8192,layered,768/768/768,graph,158,42.6224,15.0503,42.6731,42.6224,
50,8,1048576,8192,layered,768/768/768,graph,159,42.9236,15.0503,42.9701,42.9236,
50,8,1048576,8192,layered,768/768/768,graph,160,42.5754,15.0503,42.6215,42.5754,
50,8,1048576,8192,layered,768/768/768,graph,161,42.8189,15.0503,42.8684,42.8189,
50,8,1048576,8192,layered,768/768/768,graph,162,42.7427,15.0503,42.7896,42.7427,
50,8,1048576,8192,layered,768/768/768,graph,163,42.8930,15.0503,42.9391,42.8930,
50,8,1048576,8192,layered,768/768/768,graph,164,43.0199,15.0503,43.0669,43.0199,
50,8,1048576,8192,layered,768/768/768,graph,165,43.3427,15.0503,43.3883,43.3427,
50,8,1048576,8192,layered,768/768/768,graph,166,42.8335,15.0503,42.8819,42.8335,
50,8,1048576,8192,layered,768/768/768,graph,167,42.8405,15.0503,42.8858,42.8405,
50,8,1048576,8192,layered,768/768/768,graph,168,42.7134,14.7758,42.7621,42.7134,
50,8,1048576,8192,layered,768/768/768,graph,169,42.5223,14.7758,42.5729,42.5223,
50,8,1048576,8192,layered,768/768/768,graph,170,42.3652,14.5012,42.4120,42.3652,
50,8,1048576,8192,layered,768/768/768,graph,171,42.3748,14.5012,42.4211,42.3748,
50,8,1048576,8192,layered,768/768/768,graph,172,42.6137,14.2266,42.6568,42.6137,
50,8,1048576,8192,layered,768/768/768,graph,173,41.8041,14.2266,41.8508,41.8041,
50,8,1048576,8192,layered,768/768/768,graph,174,41.6330,14.2266,41.6776,41.6330,
50,8,1048576,8192,layered,768/768/768,graph,175,41.6217,14.2266,41.6678,41.6217,
50,8,1048576,8192,layered,768/768/768,graph,176,41.7938,14.5012,41.8422,41.7938,
50,8,1048576,8192,layered,768/768/768,graph,177,42.0530,14.5012,42.1006,42.0530,
50,8,1048576,8192,layered,768/768/768,graph,178,42.1988,14.7758,42.2438,42.1988,
50,8,1048576,8192,layered,768/768/768,graph,179,42.4922,14.7758,42.5391,42.4922,
50,8,1048576,8192,layered,768/768/768,graph,180,42.6850,15.0503,42.7314,42.6850,
50,8,1048576,8192,layered,768/768/768,graph,181,43.0511,15.0503,43.1035,43.0511,
50,8,1048576,8192,layered,768/768/768,graph,182,43.0216,15.0503,43.0661,43.0216,
50,8,1048576,8192,layered,768/768/768,graph,183,43.0946,15.0503,43.1396,43.0946,
50,8,1048576,8192,layered,768/768/768,graph,184,43.0884,15.0503,43.1342,43.0884,
50,8,1048576,8192,layered,768/768/768,graph,185,43.0823,15.0503,43.1321,43.0823,
50,8,1048576,8192,layered,768/768/768,graph,186,43.0973,15.0503,43.1480,43.0973,
50,8,1048576,8192,layered,768/768/768,graph,187,43.0447,15.0503,43.0902,43.0447,
50,8,1048576,8192,layered,768/768/768,graph,188,43.0332,15.0503,43.0945,43.0332,
50,8,1048576,8192,layered,768/768/768,graph,189,42.9705,15.0503,43.0174,42.9705,
50,8,1048576,8192,layered,768/768/768,graph,190,42.8767,15.0503,42.9228,42.8767,
50,8,1048576,8192,layered,768/768/768,graph,191,42.8580,15.0503,42.9031,42.8580,
50,8,1048576,8192,layered,768/768/768,graph,192,42.8146,15.0503,42.8638,42.8146,
50,8,1048576,8192,layered,768/768/768,graph,193,42.7511,15.0503,42.8019,42.7511,
50,8,1048576,8192,layered,768/768/768,graph,194,42.7999,15.0503,42.8508,42.7999,
50,8,1048576,8192,layered,768/768/768,graph,195,42.8380,15.0503,42.8911,42.8380,
50,8,1048576,8192,layered,768/768/768,graph,196,42.8663,15.0503,42.9167,42.8663,
50,8,1048576,8192,layered,768/768/768,graph,197,43.0434,15.0503,43.0924,43.0434,
50,8,1048576,8192,layered,768/768/768,graph,198,42.7823,15.0503,42.8297,42.7823,
50,8,1048576,8192,layered,768/768/768,graph,199,42.7508,15.0503,42.7973,42.7508,
50,8,1048576,8192,hyprefill,512/8192/8192,graph,0,44.8151,13.7410,44.9163,44.8151,
50,8,1048576,8192,hyprefill,512/8192/8192,graph,1,45.4591,13.4665,45.5239,45.4591,
50,8,1048576,8192,hyprefill,512/8192/8192,graph,2,44.9470,13.7410,45.0037,44.9470,
50,8,1048576,8192,hyprefill,512/8192/8192,graph,3,45.7617,13.7410,45.8177,45.7617,
50,8,1048576,8192,hyprefill,512/8192/8192,graph,4,45.2911,13.7410,45.3490,45.2911,
50,8,1048576,8192,hyprefill,512/8192/8192,graph,5,44.7955,13.7410,44.8456,44.7955,
50,8,1048576,8192,hyprefill,512/8192/8192,graph,6,45.7713,13.7410,45.8253,45.7713,
50,8,1048576,8192,hyprefill,512/8192/8192,graph,7,42.5564,13.9838,42.6069,42.5564,
50,8,1048576,8192,hyprefill,512/8192/8192,graph,8,44.9976,13.7410,45.0537,44.9976,
50,8,1048576,8192,hyprefill,512/8192/8192,graph,9,44.1709,13.4665,44.2246,44.1709,
50,8,1048576,8192,hyprefill,512/8192/8192,graph,10,44.4327,14.0156,44.4902,44.4327,
50,8,1048576,8192,hyprefill,512/8192/8192,graph,11,44.9364,13.4665,44.9907,44.9364,
50,8,1048576,8192,hyprefill,512/8192/8192,graph,12,44.4061,14.0156,44.4587,44.4061,
50,8,1048576,8192,hyprefill,512/8192/8192,graph,13,44.3186,13.4665,44.3769,44.3186,
50,8,1048576,8192,hyprefill,512/8192/8192,graph,14,44.8957,13.7410,44.9510,44.8957,
50,8,1048576,8192,hyprefill,512/8192/8192,graph,15,44.8594,13.7410,44.9141,44.8594,
50,8,1048576,8192,hyprefill,512/8192/8192,graph,16,44.8454,13.7410,44.9023,44.8454,
50,8,1048576,8192,hyprefill,512/8192/8192,graph,17,44.8287,13.7410,44.8854,44.8287,
50,8,1048576,8192,hyprefill,512/8192/8192,graph,18,45.1703,13.7410,45.2269,45.1703,
50,8,1048576,8192,hyprefill,512/8192/8192,graph,19,45.1219,13.7410,45.1794,45.1219,
50,8,1048576,8192,hyprefill,512/8192/8192,graph,20,45.0149,13.7410,45.0741,45.0149,
50,8,1048576,8192,hyprefill,512/8192/8192,graph,21,45.0336,13.7410,45.0827,45.0336,
50,8,1048576,8192,hyprefill,512/8192/8192,graph,22,44.9410,13.7410,44.9913,44.9410,
50,8,1048576,8192,hyprefill,512/8192/8192,graph,23,45.1408,13.7410,45.1953,45.1408,
50,8,1048576,8192,hyprefill,512/8192/8192,graph,24,44.6320,13.4665,44.6840,44.6320,
50,8,1048576,8192,hyprefill,512/8192/8192,graph,25,44.9442,14.0156,44.9935,44.9442,
50,8,1048576,8192,hyprefill,512/8192/8192,graph,26,44.5966,13.4665,44.6441,44.5966,
50,8,1048576,8192,hyprefill,512/8192/8192,graph,27,44.7649,14.0156,44.8141,44.7649,
50,8,1048576,8192,hyprefill,512/8192/8192,graph,28,44.4141,13.4665,44.4706,44.4141,
50,8,1048576,8192,hyprefill,512/8192/8192,graph,29,45.0792,14.0156,45.1336,45.0792,
50,8,1048576,8192,hyprefill,512/8192/8192,graph,30,41.4398,13.7092,41.4878,41.4398,
50,8,1048576,8192,hyprefill,512/8192/8192,graph,31,44.3286,14.0156,44.3807,44.3286,
50,8,1048576,8192,hyprefill,512/8192/8192,graph,32,44.9886,13.4665,45.0359,44.9886,
50,8,1048576,8192,hyprefill,512/8192/8192,graph,33,44.4679,14.0156,44.5156,44.4679,
50,8,1048576,8192,hyprefill,512/8192/8192,graph,34,44.5231,13.4665,44.5697,44.5231,
50,8,1048576,8192,hyprefill,512/8192/8192,graph,35,44.5972,14.0156,44.6587,44.5972,
50,8,1048576,8192,hyprefill,512/8192/8192,graph,36,44.3969,13.4665,44.4528,44.3969,
50,8,1048576,8192,hyprefill,512/8192/8192,graph,37,44.9609,13.4665,45.0119,44.9609,
50,8,1048576,8192,hyprefill,512/8192/8192,graph,38,44.4146,14.0156,44.4644,44.4146,
50,8,1048576,8192,hyprefill,512/8192/8192,graph,39,44.1408,13.4665,44.1932,44.1408,
50,8,1048576,8192,hyprefill,512/8192/8192,graph,40,42.3539,13.9838,42.4098,42.3539,
50,8,1048576,8192,hyprefill,512/8192/8192,graph,41,42.6268,14.5330,42.6770,42.6268,
50,8,1048576,8192,hyprefill,512/8192/8192,graph,42,44.2274,14.2584,44.2728,44.2274,
50,8,1048576,8192,hyprefill,512/8192/8192,graph,43,44.1673,14.5330,44.2200,44.1673,
50,8,1048576,8192,hyprefill,512/8192/8192,graph,44,44.5941,13.4665,44.6452,44.5941,
50,8,1048576,8192,hyprefill,512/8192/8192,graph,45,44.6765,14.0156,44.7295,44.6765,
50,8,1048576,8192,hyprefill,512/8192/8192,graph,46,44.6786,13.4665,44.7281,44.6786,
50,8,1048576,8192,hyprefill,512/8192/8192,graph,47,44.2466,13.4665,44.2959,44.2466,
50,8,1048576,8192,hyprefill,512/8192/8192,graph,48,44.3227,14.0156,44.3720,44.3227,
50,8,1048576,8192,hyprefill,512/8192/8192,graph,49,45.0662,13.4665,45.1200,45.0662,
50,8,1048576,8192,hyprefill,512/8192/8192,graph,50,44.4402,14.0156,44.4894,44.4402,
50,8,1048576,8192,hyprefill,512/8192/8192,graph,51,45.3595,13.4665,45.4089,45.3595,
50,8,1048576,8192,hyprefill,512/8192/8192,graph,52,44.8601,14.0156,44.9133,44.8601,
50,8,1048576,8192,hyprefill,512/8192/8192,graph,53,43.9679,13.7092,44.0182,43.9679,
50,8,1048576,8192,hyprefill,512/8192/8192,graph,54,44.9476,13.7410,45.0011,44.9476,
50,8,1048576,8192,hyprefill,512/8192/8192,graph,55,45.1024,13.7410,45.1743,45.1024,
50,8,1048576,8192,hyprefill,512/8192/8192,graph,56,45.2480,13.7410,45.2970,45.2480,
50,8,1048576,8192,hyprefill,512/8192/8192,graph,57,45.4809,13.4665,45.5274,45.4809,
50,8,1048576,8192,hyprefill,512/8192/8192,graph,58,45.4365,14.2902,45.5019,45.4365,
50,8,1048576,8192,hyprefill,512/8192/8192,graph,59,46.3334,13.4665,46.4007,46.3334,
50,8,1048576,8192,hyprefill,512/8192/8192,graph,60,45.3231,13.4665,45.3775,45.3231,
50,8,1048576,8192,hyprefill,512/8192/8192,graph,61,45.1723,14.2902,45.2279,45.1723,
50,8,1048576,8192,hyprefill,512/8192/8192,graph,62,45.5782,13.4665,45.6272,45.5782,
50,8,1048576,8192,hyprefill,512/8192/8192,graph,63,44.8496,13.7410,44.9005,44.8496,
50,8,1048576,8192,hyprefill,512/8192/8192,graph,64,44.8677,13.7410,44.9168,44.8677,
50,8,1048576,8192,hyprefill,512/8192/8192,graph,65,44.9487,13.7410,45.0104,44.9487,
50,8,1048576,8192,hyprefill,512/8192/8192,graph,66,45.1110,13.7410,45.1762,45.1110,
50,8,1048576,8192,hyprefill,512/8192/8192,graph,67,45.9673,13.4665,46.0253,45.9673,
50,8,1048576,8192,hyprefill,512/8192/8192,graph,68,45.5892,14.0156,45.6408,45.5892,
50,8,1048576,8192,hyprefill,512/8192/8192,graph,69,45.7077,13.4665,45.7557,45.7077,
50,8,1048576,8192,hyprefill,512/8192/8192,graph,70,45.2146,13.7410,45.2628,45.2146,
50,8,1048576,8192,hyprefill,512/8192/8192,graph,71,45.3468,13.7410,45.3984,45.3468,
50,8,1048576,8192,hyprefill,512/8192/8192,graph,72,44.7766,13.7410,44.8249,44.7766,
50,8,1048576,8192,hyprefill,512/8192/8192,graph,73,45.3339,13.7410,45.3806,45.3339,
50,8,1048576,8192,hyprefill,512/8192/8192,graph,74,45.1865,13.7410,45.2361,45.1865,
50,8,1048576,8192,hyprefill,512/8192/8192,graph,75,45.3927,13.7410,45.4408,45.3927,
50,8,1048576,8192,hyprefill,512/8192/8192,graph,76,41.2492,13.7092,41.3001,41.2492,
50,8,1048576,8192,hyprefill,512/8192/8192,graph,77,44.8017,14.0156,44.8520,44.8017,
50,8,1048576,8192,hyprefill,512/8192/8192,graph,78,44.2059,13.4665,44.2531,44.2059,
50,8,1048576,8192,hyprefill,512/8192/8192,graph,79,44.6485,14.0156,44.6995,44.6485,
50,8,1048576,8192,hyprefill,512/8192/8192,graph,80,44.1781,13.4665,44.2275,44.1781,
50,8,1048576,8192,hyprefill,512/8192/8192,graph,81,44.4437,14.0156,44.4963,44.4437,
50,8,1048576,8192,hyprefill,512/8192/8192,graph,82,44.5698,13.4665,44.6171,44.5698,
50,8,1048576,8192,hyprefill,512/8192/8192,graph,83,44.8735,13.7410,44.9211,44.8735,
50,8,1048576,8192,hyprefill,512/8192/8192,graph,84,44.9511,13.7410,45.0019,44.9511,
50,8,1048576,8192,hyprefill,512/8192/8192,graph,85,44.9296,13.7410,44.9788,44.9296,
50,8,1048576,8192,hyprefill,512/8192/8192,graph,86,44.8350,13.7410,44.8896,44.8350,
50,8,1048576,8192,hyprefill,512/8192/8192,graph,87,46.2141,13.7410,46.2641,46.2141,
50,8,1048576,8192,hyprefill,512/8192/8192,graph,88,45.2274,13.7410,45.2777,45.2274,
50,8,1048576,8192,hyprefill,512/8192/8192,graph,89,45.1297,13.7410,45.1887,45.1297,
50,8,1048576,8192,hyprefill,512/8192/8192,graph,90,44.2892,13.4665,44.3383,44.2892,
50,8,1048576,8192,hyprefill,512/8192/8192,graph,91,44.6113,14.0156,44.6615,44.6113,
50,8,1048576,8192,hyprefill,512/8192/8192,graph,92,44.9602,13.7410,45.0124,44.9602,
50,8,1048576,8192,hyprefill,512/8192/8192,graph,93,44.2042,13.4665,44.2523,44.2042,
50,8,1048576,8192,hyprefill,512/8192/8192,graph,94,44.2680,13.4665,44.3160,44.2680,
50,8,1048576,8192,hyprefill,512/8192/8192,graph,95,44.2700,13.4665,44.3211,44.2700,
50,8,1048576,8192,hyprefill,512/8192/8192,graph,96,44.4562,14.0156,44.5058,44.4562,
50,8,1048576,8192,hyprefill,512/8192/8192,graph,97,44.8978,13.4665,44.9468,44.8978,
50,8,1048576,8192,hyprefill,512/8192/8192,graph,98,44.8936,14.0156,44.9567,44.8936,
50,8,1048576,8192,hyprefill,512/8192/8192,graph,99,44.4156,13.4665,44.4639,44.4156,
50,8,1048576,8192,hyprefill,512/8192/8192,graph,100,44.6167,14.0156,44.6661,44.6167,
50,8,1048576,8192,hyprefill,512/8192/8192,graph,101,44.3220,13.4665,44.3688,44.3220,
50,8,1048576,8192,hyprefill,512/8192/8192,graph,102,44.7173,14.0156,44.7686,44.7173,
50,8,1048576,8192,hyprefill,512/8192/8192,graph,103,44.1760,13.7092,44.2204,44.1760,
50,8,1048576,8192,hyprefill,512/8192/8192,graph,104,44.6404,14.0156,44.6952,44.6404,
50,8,1048576,8192,hyprefill,512/8192/8192,graph,105,42.2283,13.9838,42.2819,42.2283,
50,8,1048576,8192,hyprefill,512/8192/8192,graph,106,45.6753,14.0156,45.7359,45.6753,
50,8,1048576,8192,hyprefill,512/8192/8192,graph,107,45.0246,13.7410,45.0718,45.0246,
50,8,1048576,8192,hyprefill,512/8192/8192,graph,108,45.2353,13.7410,45.2861,45.2353,
50,8,1048576,8192,hyprefill,512/8192/8192,graph,109,43.7011,13.9838,43.7514,43.7011,
50,8,1048576,8192,hyprefill,512/8192/8192,graph,110,44.9790,13.7410,45.0273,44.9790,
50,8,1048576,8192,hyprefill,512/8192/8192,graph,111,45.8556,13.7410,45.9060,45.8556,
50,8,1048576,8192,hyprefill,512/8192/8192,graph,112,45.9174,13.7410,45.9659,45.9174,
50,8,1048576,8192,hyprefill,512/8192/8192,graph,113,45.0212,13.7410,45.0790,45.0212,
50,8,1048576,8192,hyprefill,512/8192/8192,graph,114,45.0204,13.7410,45.0665,45.0204,
50,8,1048576,8192,hyprefill,512/8192/8192,graph,115,45.0964,13.7410,45.1480,45.0964,
50,8,1048576,8192,hyprefill,512/8192/8192,graph,116,45.6434,13.7410,45.6964,45.6434,
50,8,1048576,8192,hyprefill,512/8192/8192,graph,117,44.8539,13.7410,44.9027,44.8539,
50,8,1048576,8192,hyprefill,512/8192/8192,graph,118,46.2665,13.7410,46.3144,46.2665,
50,8,1048576,8192,hyprefill,512/8192/8192,graph,119,45.6433,13.7410,45.6911,45.6433,
50,8,1048576,8192,hyprefill,512/8192/8192,graph,120,45.6073,13.7410,45.6552,45.6073,
50,8,1048576,8192,hyprefill,512/8192/8192,graph,121,44.9456,13.7410,44.9936,44.9456,
50,8,1048576,8192,hyprefill,512/8192/8192,graph,122,45.4602,13.4665,45.5090,45.4602,
50,8,1048576,8192,hyprefill,512/8192/8192,graph,123,45.5140,14.2902,45.5663,45.5140,
50,8,1048576,8192,hyprefill,512/8192/8192,graph,124,46.2438,13.4665,46.2906,46.2438,
50,8,1048576,8192,hyprefill,512/8192/8192,graph,125,45.2574,13.7410,45.3109,45.2574,
50,8,1048576,8192,hyprefill,512/8192/8192,graph,126,45.2667,13.7410,45.3417,45.2667,
50,8,1048576,8192,hyprefill,512/8192/8192,graph,127,45.0190,13.7410,45.0681,45.0190,
50,8,1048576,8192,hyprefill,512/8192/8192,graph,128,45.0640,13.7410,45.1140,45.0640,
50,8,1048576,8192,hyprefill,512/8192/8192,graph,129,44.4503,13.4665,44.4981,44.4503,
50,8,1048576,8192,hyprefill,512/8192/8192,graph,130,44.5618,14.0156,44.6224,44.5618,
50,8,1048576,8192,hyprefill,512/8192/8192,graph,131,44.5210,13.4665,44.5763,44.5210,
50,8,1048576,8192,hyprefill,512/8192/8192,graph,132,42.1228,13.9838,42.1715,42.1228,
50,8,1048576,8192,hyprefill,512/8192/8192,graph,133,42.6437,14.5330,42.6913,42.6437,
50,8,1048576,8192,hyprefill,512/8192/8192,graph,134,44.3612,14.2584,44.4135,44.3612,
50,8,1048576,8192,hyprefill,512/8192/8192,graph,135,45.1454,14.8076,45.1935,45.1454,
50,8,1048576,8192,hyprefill,512/8192/8192,graph,136,45.4521,14.2584,45.4987,45.4521,
50,8,1048576,8192,hyprefill,512/8192/8192,graph,137,44.7786,14.0156,44.8356,44.7786,
50,8,1048576,8192,hyprefill,512/8192/8192,graph,138,46.0139,14.2584,46.0614,46.0139,
50,8,1048576,8192,hyprefill,512/8192/8192,graph,139,44.2075,13.4665,44.2555,44.2075,
50,8,1048576,8192,hyprefill,512/8192/8192,graph,140,44.4114,14.0156,44.4666,44.4114,
50,8,1048576,8192,hyprefill,512/8192/8192,graph,141,44.2847,13.4665,44.3145,44.2847,
50,8,1048576,8192,hyprefill,512/8192/8192,graph,142,44.6047,13.4665,44.6511,44.6047,
50,8,1048576,8192,hyprefill,512/8192/8192,graph,143,44.5587,14.0156,44.6171,44.5587,
50,8,1048576,8192,hyprefill,512/8192/8192,graph,144,48.6711,13.4665,48.6971,48.6711,
50,8,1048576,8192,hyprefill,512/8192/8192,graph,145,44.1402,13.4665,44.1906,44.1402,
50,8,1048576,8192,hyprefill,512/8192/8192,graph,146,44.7630,14.0156,44.8224,44.7630,
50,8,1048576,8192,hyprefill,512/8192/8192,graph,147,44.2235,13.4665,44.2799,44.2235,
50,8,1048576,8192,hyprefill,512/8192/8192,graph,148,44.5196,14.0156,44.5760,44.5196,
50,8,1048576,8192,hyprefill,512/8192/8192,graph,149,44.6907,13.4665,44.7410,44.6907,
50,8,1048576,8192,hyprefill,512/8192/8192,graph,150,44.4893,14.0156,44.5522,44.4893,
50,8,1048576,8192,hyprefill,512/8192/8192,graph,151,44.3849,13.4665,44.4398,44.3849,
50,8,1048576,8192,hyprefill,512/8192/8192,graph,152,44.0237,13.4665,44.0769,44.0237,
50,8,1048576,8192,hyprefill,512/8192/8192,graph,153,44.3961,14.0156,44.4465,44.3961,
50,8,1048576,8192,hyprefill,512/8192/8192,graph,154,44.5441,13.4665,44.6056,44.5441,
50,8,1048576,8192,hyprefill,512/8192/8192,graph,155,42.0986,13.9838,42.1494,42.0986,
50,8,1048576,8192,hyprefill,512/8192/8192,graph,156,44.7178,13.4665,44.7736,44.7178,
50,8,1048576,8192,hyprefill,512/8192/8192,graph,157,44.8312,14.0156,44.8814,44.8312,
50,8,1048576,8192,hyprefill,512/8192/8192,graph,158,44.4553,13.4665,44.5055,44.4553,
50,8,1048576,8192,hyprefill,512/8192/8192,graph,159,44.4147,13.4665,44.4649,44.4147,
50,8,1048576,8192,hyprefill,512/8192/8192,graph,160,44.1380,13.7410,44.2067,44.1380,
50,8,1048576,8192,hyprefill,512/8192/8192,graph,161,43.4802,13.9838,43.5419,43.4802,
50,8,1048576,8192,hyprefill,512/8192/8192,graph,162,44.7739,14.0156,44.8473,44.7739,
50,8,1048576,8192,hyprefill,512/8192/8192,graph,163,43.4334,13.9838,43.4808,43.4334,
50,8,1048576,8192,hyprefill,512/8192/8192,graph,164,44.5764,14.0156,44.6248,44.5764,
50,8,1048576,8192,hyprefill,512/8192/8192,graph,165,45.0490,14.2584,45.0967,45.0490,
50,8,1048576,8192,hyprefill,512/8192/8192,graph,166,44.9753,13.7410,45.0274,44.9753,
50,8,1048576,8192,hyprefill,512/8192/8192,graph,167,44.9016,13.7410,44.9586,44.9016,
50,8,1048576,8192,hyprefill,512/8192/8192,graph,168,45.0174,13.7410,45.0744,45.0174,
50,8,1048576,8192,hyprefill,512/8192/8192,graph,169,45.3143,13.7410,45.3735,45.3143,
50,8,1048576,8192,hyprefill,512/8192/8192,graph,170,44.8963,13.7410,44.9476,44.8963,
50,8,1048576,8192,hyprefill,512/8192/8192,graph,171,44.7812,13.7410,44.8314,44.7812,
50,8,1048576,8192,hyprefill,512/8192/8192,graph,172,44.8140,13.7410,44.8706,44.8140,
50,8,1048576,8192,hyprefill,512/8192/8192,graph,173,45.2097,13.7410,45.2839,45.2097,
50,8,1048576,8192,hyprefill,512/8192/8192,graph,174,45.2988,13.7410,45.3471,45.2988,
50,8,1048576,8192,hyprefill,512/8192/8192,graph,175,45.4200,13.7410,45.4705,45.4200,
50,8,1048576,8192,hyprefill,512/8192/8192,graph,176,44.9399,13.7410,44.9899,44.9399,
50,8,1048576,8192,hyprefill,512/8192/8192,graph,177,45.2546,13.7410,45.3075,45.2546,
50,8,1048576,8192,hyprefill,512/8192/8192,graph,178,45.3987,13.7410,45.4561,45.3987,
50,8,1048576,8192,hyprefill,512/8192/8192,graph,179,45.1503,13.7410,45.2095,45.1503,
50,8,1048576,8192,hyprefill,512/8192/8192,graph,180,45.1900,13.7410,45.2398,45.1900,
50,8,1048576,8192,hyprefill,512/8192/8192,graph,181,45.2361,13.7410,45.2865,45.2361,
50,8,1048576,8192,hyprefill,512/8192/8192,graph,182,45.0666,13.7410,45.1147,45.0666,
50,8,1048576,8192,hyprefill,512/8192/8192,graph,183,44.9100,13.7410,44.9641,44.9100,
50,8,1048576,8192,hyprefill,512/8192/8192,graph,184,42.3858,13.9838,42.4524,42.3858,
50,8,1048576,8192,hyprefill,512/8192/8192,graph,185,44.4796,14.0156,44.5362,44.4796,
50,8,1048576,8192,hyprefill,512/8192/8192,graph,186,43.4770,13.9838,43.5252,43.4770,
50,8,1048576,8192,hyprefill,512/8192/8192,graph,187,44.4874,14.0156,44.5378,44.4874,
50,8,1048576,8192,hyprefill,512/8192/8192,graph,188,43.4548,13.9838,43.5035,43.4548,
50,8,1048576,8192,hyprefill,512/8192/8192,graph,189,44.4353,14.0156,44.4841,44.4353,
50,8,1048576,8192,hyprefill,512/8192/8192,graph,190,44.6076,13.4665,44.6699,44.6076,
50,8,1048576,8192,hyprefill,512/8192/8192,graph,191,44.7946,13.7410,44.8513,44.7946,
50,8,1048576,8192,hyprefill,512/8192/8192,graph,192,45.8027,13.7410,45.8619,45.8027,
50,8,1048576,8192,hyprefill,512/8192/8192,graph,193,45.2255,13.7410,45.2765,45.2255,
50,8,1048576,8192,hyprefill,512/8192/8192,graph,194,44.8979,13.7410,44.9462,44.8979,
50,8,1048576,8192,hyprefill,512/8192/8192,graph,195,44.8989,13.7410,44.9478,44.8989,
50,8,1048576,8192,hyprefill,512/8192/8192,graph,196,44.8761,13.7410,44.9433,44.8761,
50,8,1048576,8192,hyprefill,512/8192/8192,graph,197,44.3910,13.4665,44.4853,44.3910,
50,8,1048576,8192,hyprefill,512/8192/8192,graph,198,44.2546,13.4665,44.3054,44.2546,
50,8,1048576,8192,hyprefill,512/8192/8192,graph,199,44.4595,14.0156,44.5092,44.4595,
50,8,1048576,8192,hyprefill,256/8192/8192,graph,0,45.3748,14.0793,45.4391,45.3748,
50,8,1048576,8192,hyprefill,256/8192/8192,graph,1,45.4219,14.0793,45.4775,45.4219,
50,8,1048576,8192,hyprefill,256/8192/8192,graph,2,45.3163,14.0793,45.3652,45.3163,
50,8,1048576,8192,hyprefill,256/8192/8192,graph,3,45.7032,14.6285,45.7498,45.7032,
50,8,1048576,8192,hyprefill,256/8192/8192,graph,4,46.2593,13.8047,46.3066,46.2593,
50,8,1048576,8192,hyprefill,256/8192/8192,graph,5,45.8585,14.6285,45.9091,45.8585,
50,8,1048576,8192,hyprefill,256/8192/8192,graph,6,46.2046,14.0475,46.2624,46.2046,
50,8,1048576,8192,hyprefill,256/8192/8192,graph,7,45.7629,14.6285,45.8183,45.7629,
50,8,1048576,8192,hyprefill,256/8192/8192,graph,8,46.0728,13.8047,46.1206,46.0728,
50,8,1048576,8192,hyprefill,256/8192/8192,graph,9,46.0897,14.6285,46.1373,46.0897,
50,8,1048576,8192,hyprefill,256/8192/8192,graph,10,46.0357,13.8047,46.0825,46.0357,
50,8,1048576,8192,hyprefill,256/8192/8192,graph,11,45.6855,14.6285,45.7452,45.6855,
50,8,1048576,8192,hyprefill,256/8192/8192,graph,12,46.3658,14.3539,46.4282,46.3658,
50,8,1048576,8192,hyprefill,256/8192/8192,graph,13,45.5036,13.8365,45.5585,45.5036,
50,8,1048576,8192,hyprefill,256/8192/8192,graph,14,45.0676,13.8365,45.1186,45.0676,
50,8,1048576,8192,hyprefill,256/8192/8192,graph,15,45.0773,13.8365,45.1262,45.0773,
50,8,1048576,8192,hyprefill,256/8192/8192,graph,16,45.7177,13.8365,45.7704,45.7177,
50,8,1048576,8192,hyprefill,256/8192/8192,graph,17,47.4043,13.8365,47.4306,47.4043,
50,8,1048576,8192,hyprefill,256/8192/8192,graph,18,49.6665,13.8365,49.6848,49.6665,
50,8,1048576,8192,hyprefill,256/8192/8192,graph,19,49.0667,13.8365,49.0852,49.0667,
50,8,1048576,8192,hyprefill,256/8192/8192,graph,20,46.1337,13.5619,46.1826,46.1337,
50,8,1048576,8192,hyprefill,256/8192/8192,graph,21,45.5576,14.3857,45.6070,45.5576,
50,8,1048576,8192,hyprefill,256/8192/8192,graph,22,45.5771,13.5619,45.6243,45.5771,
50,8,1048576,8192,hyprefill,256/8192/8192,graph,23,45.5028,13.8365,45.5505,45.5028,
50,8,1048576,8192,hyprefill,256/8192/8192,graph,24,45.7328,13.8365,45.7804,45.7328,
50,8,1048576,8192,hyprefill,256/8192/8192,graph,25,45.0604,13.8365,45.1089,45.0604,
50,8,1048576,8192,hyprefill,256/8192/8192,graph,26,45.4916,13.8365,45.5522,45.4916,
50,8,1048576,8192,hyprefill,256/8192/8192,graph,27,46.4265,13.5619,46.4780,46.4265,
50,8,1048576,8192,hyprefill,256/8192/8192,graph,28,45.6307,13.8365,45.6782,45.6307,
50,8,1048576,8192,hyprefill,256/8192/8192,graph,29,45.7194,13.8365,45.7822,45.7194,
50,8,1048576,8192,hyprefill,256/8192/8192,graph,30,45.1011,13.8365,45.1591,45.1011,
50,8,1048576,8192,hyprefill,256/8192/8192,graph,31,45.3643,14.0793,45.4177,45.3643,
50,8,1048576,8192,hyprefill,256/8192/8192,graph,32,45.0724,14.3539,45.1215,45.0724,
50,8,1048576,8192,hyprefill,256/8192/8192,graph,33,45.4408,14.0793,45.4885,45.4408,
50,8,1048576,8192,hyprefill,256/8192/8192,graph,34,44.9312,14.3539,44.9788,44.9312,
50,8,1048576,8192,hyprefill,256/8192/8192,graph,35,45.6017,14.0793,45.6518,45.6017,
50,8,1048576,8192,hyprefill,256/8192/8192,graph,36,45.4673,14.0793,45.5189,45.4673,
50,8,1048576,8192,hyprefill,256/8192/8192,graph,37,45.5563,14.0793,45.6137,45.5563,
50,8,1048576,8192,hyprefill,256/8192/8192,graph,38,44.3759,13.5619,44.4290,44.3759,
50,8,1048576,8192,hyprefill,256/8192/8192,graph,39,45.1388,14.3539,45.1886,45.1388,
50,8,1048576,8192,hyprefill,256/8192/8192,graph,40,45.3342,14.3539,45.3840,45.3342,
50,8,1048576,8192,hyprefill,256/8192/8192,graph,41,44.6903,13.8047,44.7420,44.6903,
50,8,1048576,8192,hyprefill,256/8192/8192,graph,42,44.9848,14.3539,45.0322,44.9848,
50,8,1048576,8192,hyprefill,256/8192/8192,graph,43,44.6072,13.8047,44.6554,44.6072,
50,8,1048576,8192,hyprefill,256/8192/8192,graph,44,45.2541,14.3539,45.3021,45.2541,
50,8,1048576,8192,hyprefill,256/8192/8192,graph,45,45.1551,14.2902,45.2012,45.1551,
50,8,1048576,8192,hyprefill,256/8192/8192,graph,46,45.7529,15.1458,45.8061,45.7529,
50,8,1048576,8192,hyprefill,256/8192/8192,graph,47,46.3628,14.0475,46.4182,46.3628,
50,8,1048576,8192,hyprefill,256/8192/8192,graph,48,45.6641,15.1458,45.7123,45.6641,
50,8,1048576,8192,hyprefill,256/8192/8192,graph,49,46.0321,14.0475,46.0794,46.0321,
50,8,1048576,8192,hyprefill,256/8192/8192,graph,50,45.7895,15.1458,45.8369,45.7895,
50,8,1048576,8192,hyprefill,256/8192/8192,graph,51,46.7632,14.0475,46.8097,46.7632,
50,8,1048576,8192,hyprefill,256/8192/8192,graph,52,45.6672,13.8365,45.7182,45.6672,
50,8,1048576,8192,hyprefill,256/8192/8192,graph,53,45.9713,13.8365,46.0211,45.9713,
50,8,1048576,8192,hyprefill,256/8192/8192,graph,54,45.3571,13.8365,45.4069,45.3571,
50,8,1048576,8192,hyprefill,256/8192/8192,graph,55,45.6019,13.8365,45.6597,45.6019,
50,8,1048576,8192,hyprefill,256/8192/8192,graph,56,47.7543,13.8365,47.7843,47.7543,
50,8,1048576,8192,hyprefill,256/8192/8192,graph,57,45.2940,13.8365,45.3505,45.2940,
50,8,1048576,8192,hyprefill,256/8192/8192,graph,58,45.2705,13.8365,45.3215,45.2705,
50,8,1048576,8192,hyprefill,256/8192/8192,graph,59,45.5215,13.8365,45.5709,45.5215,
50,8,1048576,8192,hyprefill,256/8192/8192,graph,60,46.4113,13.5619,46.4735,46.4113,
50,8,1048576,8192,hyprefill,256/8192/8192,graph,61,46.1445,14.3857,46.2032,46.1445,
50,8,1048576,8192,hyprefill,256/8192/8192,graph,62,46.1123,13.5619,46.1770,46.1123,
50,8,1048576,8192,hyprefill,256/8192/8192,graph,63,45.6565,13.8365,45.7121,45.6565,
50,8,1048576,8192,hyprefill,256/8192/8192,graph,64,45.2660,13.8365,45.3215,45.2660,
50,8,1048576,8192,hyprefill,256/8192/8192,graph,65,47.9094,13.5619,47.9420,47.9094,
50,8,1048576,8192,hyprefill,256/8192/8192,graph,66,49.8261,14.3857,49.9791,49.8261,
50,8,1048576,8192,hyprefill,256/8192/8192,graph,67,49.7940,13.5619,49.8262,49.7940,
50,8,1048576,8192,hyprefill,256/8192/8192,graph,68,49.1057,13.8365,49.1585,49.1057,
50,8,1048576,8192,hyprefill,256/8192/8192,graph,69,49.9960,13.8365,50.0376,49.9960,
50,8,1048576,8192,hyprefill,256/8192/8192,graph,70,45.6891,13.8047,45.7436,45.6891,
50,8,1048576,8192,hyprefill,256/8192/8192,graph,71,45.2665,14.6285,45.3227,45.2665,
50,8,1048576,8192,hyprefill,256/8192/8192,graph,72,45.8660,13.8047,45.9226,45.8660,
50,8,1048576,8192,hyprefill,256/8192/8192,graph,73,46.5248,14.6285,46.5736,46.5248,
50,8,1048576,8192,hyprefill,256/8192/8192,graph,74,46.0749,14.0793,46.1300,46.0749,
50,8,1048576,8192,hyprefill,256/8192/8192,graph,75,46.2753,14.0793,46.3270,46.2753,
50,8,1048576,8192,hyprefill,256/8192/8192,graph,76,45.6347,14.0793,45.6851,45.6347,
50,8,1048576,8192,hyprefill,256/8192/8192,graph,77,46.5392,13.5619,46.5868,46.5392,
50,8,1048576,8192,hyprefill,256/8192/8192,graph,78,45.4040,14.3539,45.4534,45.4040,
50,8,1048576,8192,hyprefill,256/8192/8192,graph,79,45.6748,14.0793,45.7254,45.6748,
50,8,1048576,8192,hyprefill,256/8192/8192,graph,80,46.6157,14.0793,46.6687,46.6157,
50,8,1048576,8192,hyprefill,256/8192/8192,graph,81,45.8378,14.6285,45.8869,45.8378,
50,8,1048576,8192,hyprefill,256/8192/8192,graph,82,46.8928,13.8047,46.9397,46.8928,
50,8,1048576,8192,hyprefill,256/8192/8192,graph,83,46.0986,14.6285,46.1560,46.0986,
50,8,1048576,8192,hyprefill,256/8192/8192,graph,84,42.5343,13.9838,42.5793,42.5343,
50,8,1048576,8192,hyprefill,256/8192/8192,graph,85,42.6092,15.3886,42.6562,42.6092,
50,8,1048576,8192,hyprefill,256/8192/8192,graph,86,45.1374,14.2902,45.1925,45.1374,
50,8,1048576,8192,hyprefill,256/8192/8192,graph,87,43.4129,15.3886,43.4636,43.4129,
50,8,1048576,8192,hyprefill,256/8192/8192,graph,88,45.0091,14.2902,45.0601,45.0091,
50,8,1048576,8192,hyprefill,256/8192/8192,graph,89,43.5626,15.3886,43.6094,43.5626,
50,8,1048576,8192,hyprefill,256/8192/8192,graph,90,45.4433,14.2902,45.4899,45.4433,
50,8,1048576,8192,hyprefill,256/8192/8192,graph,91,47.2915,13.5938,47.3402,47.2915,
50,8,1048576,8192,hyprefill,256/8192/8192,graph,92,49.5408,13.5938,49.5672,49.5408,
50,8,1048576,8192,hyprefill,256/8192/8192,graph,93,49.8234,13.5938,49.8500,49.8234,
50,8,1048576,8192,hyprefill,256/8192/8192,graph,94,50.7170,13.5938,50.7411,50.7170,
50,8,1048576,8192,hyprefill,256/8192/8192,graph,95,50.8680,13.5938,50.8885,50.8680,
50,8,1048576,8192,hyprefill,256/8192/8192,graph,96,50.9758,13.5938,51.0045,50.9758,
50,8,1048576,8192,hyprefill,256/8192/8192,graph,97,50.4989,13.5938,50.5368,50.4989,
50,8,1048576,8192,hyprefill,256/8192/8192,graph,98,51.2168,13.5938,51.2424,51.2168,
50,8,1048576,8192,hyprefill,256/8192/8192,graph,99,50.1611,13.5938,50.1853,50.1611,
50,8,1048576,8192,hyprefill,256/8192/8192,graph,100,50.5843,13.5938,50.6084,50.5843,
50,8,1048576,8192,hyprefill,256/8192/8192,graph,101,50.8060,13.5938,50.8355,50.8060,
50,8,1048576,8192,hyprefill,256/8192/8192,graph,102,51.0919,13.5938,51.1160,51.0919,
50,8,1048576,8192,hyprefill,256/8192/8192,graph,103,50.7665,13.5938,50.7942,50.7665,
50,8,1048576,8192,hyprefill,256/8192/8192,graph,104,50.6394,13.5938,50.6710,50.6394,
50,8,1048576,8192,hyprefill,256/8192/8192,graph,105,50.8347,13.5938,50.8612,50.8347,
50,8,1048576,8192,hyprefill,256/8192/8192,graph,106,51.4070,13.5938,51.4254,51.4070,
50,8,1048576,8192,hyprefill,256/8192/8192,graph,107,51.9483,13.5938,51.9708,51.9483,
50,8,1048576,8192,hyprefill,256/8192/8192,graph,108,56.7654,13.5938,56.7861,56.7654,
50,8,1048576,8192,hyprefill,256/8192/8192,graph,109,45.6319,13.5619,45.6833,45.6319,
50,8,1048576,8192,hyprefill,256/8192/8192,graph,110,46.4371,14.1111,46.4960,46.4371,
50,8,1048576,8192,hyprefill,256/8192/8192,graph,111,46.6371,13.5619,46.6859,46.6371,
50,8,1048576,8192,hyprefill,256/8192/8192,graph,112,45.6104,14.3857,45.6590,45.6104,
50,8,1048576,8192,hyprefill,256/8192/8192,graph,113,46.6738,13.5619,46.7231,46.6738,
50,8,1048576,8192,hyprefill,256/8192/8192,graph,114,47.1205,14.1111,47.1733,47.1205,
50,8,1048576,8192,hyprefill,256/8192/8192,graph,115,46.4780,13.8365,46.5294,46.4780,
50,8,1048576,8192,hyprefill,256/8192/8192,graph,116,46.8998,13.5619,46.9468,46.8998,
50,8,1048576,8192,hyprefill,256/8192/8192,graph,117,46.4277,14.1111,46.4794,46.4277,
50,8,1048576,8192,hyprefill,256/8192/8192,graph,118,45.8431,14.1111,45.8940,45.8431,
50,8,1048576,8192,hyprefill,256/8192/8192,graph,119,45.9701,14.1111,46.0350,45.9701,
50,8,1048576,8192,hyprefill,256/8192/8192,graph,120,46.2249,14.1111,46.2739,46.2249,
50,8,1048576,8192,hyprefill,256/8192/8192,graph,121,45.8236,14.1111,45.8879,45.8236,
50,8,1048576,8192,hyprefill,256/8192/8192,graph,122,46.5951,14.1111,46.6481,46.5951,
50,8,1048576,8192,hyprefill,256/8192/8192,graph,123,42.2653,13.7410,42.3147,42.2653,
50,8,1048576,8192,hyprefill,256/8192/8192,graph,124,43.0483,15.1458,43.0982,43.0483,
50,8,1048576,8192,hyprefill,256/8192/8192,graph,125,45.9870,14.0475,46.0440,45.9870,
50,8,1048576,8192,hyprefill,256/8192/8192,graph,126,45.0069,15.4204,45.0571,45.0069,
50,8,1048576,8192,hyprefill,256/8192/8192,graph,127,46.0252,14.0475,46.0740,46.0252,
50,8,1048576,8192,hyprefill,256/8192/8192,graph,128,45.7381,15.1458,45.7849,45.7381,
50,8,1048576,8192,hyprefill,256/8192/8192,graph,129,46.7212,14.0475,46.7686,46.7212,
50,8,1048576,8192,hyprefill,256/8192/8192,graph,130,46.0620,13.5619,46.1085,46.0620,
50,8,1048576,8192,hyprefill,256/8192/8192,graph,131,46.1897,14.3857,46.2477,46.1897,
50,8,1048576,8192,hyprefill,256/8192/8192,graph,132,48.8810,13.5619,48.9103,48.8810,
50,8,1048576,8192,hyprefill,256/8192/8192,graph,133,45.0439,13.8365,45.0954,45.0439,
50,8,1048576,8192,hyprefill,256/8192/8192,graph,134,45.0926,13.8365,45.1387,45.0926,
50,8,1048576,8192,hyprefill,256/8192/8192,graph,135,46.1000,13.5619,46.1467,46.1000,
50,8,1048576,8192,hyprefill,256/8192/8192,graph,136,48.7597,14.3857,48.7892,48.7597,
50,8,1048576,8192,hyprefill,256/8192/8192,graph,137,49.9195,13.5619,49.9570,49.9195,
50,8,1048576,8192,hyprefill,256/8192/8192,graph,138,49.8896,13.8365,49.9161,49.8896,
50,8,1048576,8192,hyprefill,256/8192/8192,graph,139,49.3346,13.8365,49.3580,49.3346,
50,8,1048576,8192,hyprefill,256/8192/8192,graph,140,49.7895,13.5619,49.8617,49.7895,
50,8,1048576,8192,hyprefill,256/8192/8192,graph,141,50.1380,14.3857,50.1651,50.1380,
50,8,1048576,8192,hyprefill,256/8192/8192,graph,142,45.3597,13.8365,45.4248,45.3597,
50,8,1048576,8192,hyprefill,256/8192/8192,graph,143,45.6584,13.8365,45.7160,45.6584,
50,8,1048576,8192,hyprefill,256/8192/8192,graph,144,47.7206,13.8365,47.7456,47.7206,
50,8,1048576,8192,hyprefill,256/8192/8192,graph,145,50.0964,13.8365,50.1160,50.0964,
50,8,1048576,8192,hyprefill,256/8192/8192,graph,146,49.4111,13.8365,49.4363,49.4111,
50,8,1048576,8192,hyprefill,256/8192/8192,graph,147,49.9535,13.8365,50.0001,49.9535,
50,8,1048576,8192,hyprefill,256/8192/8192,graph,148,45.6975,13.5619,45.7569,45.6975,
50,8,1048576,8192,hyprefill,256/8192/8192,graph,149,45.6333,14.3857,45.6854,45.6333,
50,8,1048576,8192,hyprefill,256/8192/8192,graph,150,46.2187,13.5619,46.2689,46.2187,
50,8,1048576,8192,hyprefill,256/8192/8192,graph,151,45.8828,14.3857,45.9357,45.8828,
50,8,1048576,8192,hyprefill,256/8192/8192,graph,152,47.0452,13.5619,47.0936,47.0452,
50,8,1048576,8192,hyprefill,256/8192/8192,graph,153,45.9024,13.8365,45.9530,45.9024,
50,8,1048576,8192,hyprefill,256/8192/8192,graph,154,45.2630,13.8365,45.3147,45.2630,
50,8,1048576,8192,hyprefill,256/8192/8192,graph,155,45.6207,13.5619,45.6752,45.6207,
50,8,1048576,8192,hyprefill,256/8192/8192,graph,156,46.5453,14.1111,50.0743,46.5453,
50,8,1048576,8192,hyprefill,256/8192/8192,graph,157,46.7995,14.1111,46.8497,46.7995,
50,8,1048576,8192,hyprefill,256/8192/8192,graph,158,46.1210,13.5619,46.1724,46.1210,
50,8,1048576,8192,hyprefill,256/8192/8192,graph,159,46.0414,14.1111,46.0913,46.0414,
50,8,1048576,8192,hyprefill,256/8192/8192,graph,160,47.1127,13.5619,47.1603,47.1127,
50,8,1048576,8192,hyprefill,256/8192/8192,graph,161,46.8987,14.1111,46.9485,46.8987,
50,8,1048576,8192,hyprefill,256/8192/8192,graph,162,44.2722,14.0156,44.3198,44.2722,
50,8,1048576,8192,hyprefill,256/8192/8192,graph,163,45.0592,15.4204,45.1074,45.0592,
50,8,1048576,8192,hyprefill,256/8192/8192,graph,164,46.1597,14.0475,46.2095,46.1597,
50,8,1048576,8192,hyprefill,256/8192/8192,graph,165,45.8217,15.1458,45.8681,45.8217,
50,8,1048576,8192,hyprefill,256/8192/8192,graph,166,46.4300,14.0475,46.4760,46.4300,
50,8,1048576,8192,hyprefill,256/8192/8192,graph,167,45.5386,15.1458,45.5846,45.5386,
50,8,1048576,8192,hyprefill,256/8192/8192,graph,168,46.4662,14.0475,46.5154,46.4662,
50,8,1048576,8192,hyprefill,256/8192/8192,graph,169,47.0673,13.5938,47.1400,47.0673,
50,8,1048576,8192,hyprefill,256/8192/8192,graph,170,49.2943,13.5938,49.3191,49.2943,
50,8,1048576,8192,hyprefill,256/8192/8192,graph,171,49.9556,13.5938,49.9820,49.9556,
50,8,1048576,8192,hyprefill,256/8192/8192,graph,172,50.0805,13.5938,50.1014,50.0805,
50,8,1048576,8192,hyprefill,256/8192/8192,graph,173,50.5449,13.5938,50.5671,50.5449,
50,8,1048576,8192,hyprefill,256/8192/8192,graph,174,46.9077,13.8365,46.9550,46.9077,
50,8,1048576,8192,hyprefill,256/8192/8192,graph,175,46.7522,13.8365,46.7976,46.7522,
50,8,1048576,8192,hyprefill,256/8192/8192,graph,176,46.4620,14.1111,46.5108,46.4620,
50,8,1048576,8192,hyprefill,256/8192/8192,graph,177,46.6609,13.8365,46.7115,46.6609,
50,8,1048576,8192,hyprefill,256/8192/8192,graph,178,46.3932,13.8365,46.4429,46.3932,
50,8,1048576,8192,hyprefill,256/8192/8192,graph,179,46.5289,14.1111,46.5764,46.5289,
50,8,1048576,8192,hyprefill,256/8192/8192,graph,180,47.2625,13.8365,47.3105,47.2625,
50,8,1048576,8192,hyprefill,256/8192/8192,graph,181,47.1782,13.5938,47.2247,47.1782,
50,8,1048576,8192,hyprefill,256/8192/8192,graph,182,48.4817,13.5938,48.5059,48.4817,
50,8,1048576,8192,hyprefill,256/8192/8192,graph,183,51.2786,13.5938,51.2975,51.2786,
50,8,1048576,8192,hyprefill,256/8192/8192,graph,184,50.5633,13.5938,50.5866,50.5633,
50,8,1048576,8192,hyprefill,256/8192/8192,graph,185,50.9176,13.5938,50.9479,50.9176,
50,8,1048576,8192,hyprefill,256/8192/8192,graph,186,51.3548,13.5938,51.3729,51.3548,
50,8,1048576,8192,hyprefill,256/8192/8192,graph,187,46.7414,14.1111,46.8110,46.7414,
50,8,1048576,8192,hyprefill,256/8192/8192,graph,188,46.7343,14.1111,46.7840,46.7343,
50,8,1048576,8192,hyprefill,256/8192/8192,graph,189,45.5133,13.5619,45.5603,45.5133,
50,8,1048576,8192,hyprefill,256/8192/8192,graph,190,46.5165,14.1111,46.5667,46.5165,
50,8,1048576,8192,hyprefill,256/8192/8192,graph,191,46.2149,13.5619,46.2606,46.2149,
50,8,1048576,8192,hyprefill,256/8192/8192,graph,192,45.9005,14.3857,45.9502,45.9005,
50,8,1048576,8192,hyprefill,256/8192/8192,graph,193,45.9308,13.5619,46.0000,45.9308,
50,8,1048576,8192,hyprefill,256/8192/8192,graph,194,47.6063,13.5938,47.6581,47.6063,
50,8,1048576,8192,hyprefill,256/8192/8192,graph,195,45.5383,13.8365,45.5974,45.5383,
50,8,1048576,8192,hyprefill,256/8192/8192,graph,196,45.6173,13.8365,45.6646,45.6173,
50,8,1048576,8192,hyprefill,256/8192/8192,graph,197,46.2986,13.8365,46.3459,46.2986,
50,8,1048576,8192,hyprefill,256/8192/8192,graph,198,46.8823,13.8365,46.9292,46.8823,
50,8,1048576,8192,hyprefill,256/8192/8192,graph,199,45.9389,13.8365,45.9927,45.9389,
50,8,1048576,8192,hyprefill,512/2048/2048,graph,0,45.0981,14.0156,45.1509,45.0981,
50,8,1048576,8192,hyprefill,512/2048/2048,graph,1,44.9677,14.0156,45.0137,44.9677,
50,8,1048576,8192,hyprefill,512/2048/2048,graph,2,44.9495,14.5648,44.9995,44.9495,
50,8,1048576,8192,hyprefill,512/2048/2048,graph,3,45.7264,14.2902,45.7805,45.7264,
50,8,1048576,8192,hyprefill,512/2048/2048,graph,4,45.1484,14.0156,45.1984,45.1484,
50,8,1048576,8192,hyprefill,512/2048/2048,graph,5,45.0393,13.7410,45.0867,45.0393,
50,8,1048576,8192,hyprefill,512/2048/2048,graph,6,44.5058,14.5648,44.5583,44.5058,
50,8,1048576,8192,hyprefill,512/2048/2048,graph,7,44.9411,14.0156,45.0153,44.9411,
50,8,1048576,8192,hyprefill,512/2048/2048,graph,8,44.8438,13.7410,44.8930,44.8438,
50,8,1048576,8192,hyprefill,512/2048/2048,graph,9,40.6828,14.5330,40.7296,40.6828,
50,8,1048576,8192,hyprefill,512/2048/2048,graph,10,45.1025,14.2902,45.1497,45.1025,
50,8,1048576,8192,hyprefill,512/2048/2048,graph,11,45.5389,14.5648,45.5851,45.5389,
50,8,1048576,8192,hyprefill,512/2048/2048,graph,12,41.0098,14.5330,41.0556,41.0098,
50,8,1048576,8192,hyprefill,512/2048/2048,graph,13,45.7048,14.5648,45.7511,45.7048,
50,8,1048576,8192,hyprefill,512/2048/2048,graph,14,45.2649,14.2902,45.3150,45.2649,
50,8,1048576,8192,hyprefill,512/2048/2048,graph,15,42.0382,13.9838,42.0865,42.0382,
50,8,1048576,8192,hyprefill,512/2048/2048,graph,16,44.8621,14.5648,44.9096,44.8621,
50,8,1048576,8192,hyprefill,512/2048/2048,graph,17,45.5338,13.7410,45.5793,45.5338,
50,8,1048576,8192,hyprefill,512/2048/2048,graph,18,45.1061,14.8394,45.1554,45.1061,
50,8,1048576,8192,hyprefill,512/2048/2048,graph,19,46.0607,14.0156,46.1105,46.0607,
50,8,1048576,8192,hyprefill,512/2048/2048,graph,20,45.5793,14.8394,45.6288,45.5793,
50,8,1048576,8192,hyprefill,512/2048/2048,graph,21,46.3332,14.0156,46.3791,46.3332,
50,8,1048576,8192,hyprefill,512/2048/2048,graph,22,44.9855,14.2902,45.0336,44.9855,
50,8,1048576,8192,hyprefill,512/2048/2048,graph,23,40.2867,14.2584,40.3324,40.2867,
50,8,1048576,8192,hyprefill,512/2048/2048,graph,24,39.8912,14.8076,39.9432,39.8912,
50,8,1048576,8192,hyprefill,512/2048/2048,graph,25,45.1741,14.2902,45.2218,45.1741,
50,8,1048576,8192,hyprefill,512/2048/2048,graph,26,40.9839,14.5330,41.0299,40.9839,
50,8,1048576,8192,hyprefill,512/2048/2048,graph,27,44.8037,14.5648,44.8501,44.8037,
50,8,1048576,8192,hyprefill,512/2048/2048,graph,28,45.5901,13.7410,45.6383,45.5901,
50,8,1048576,8192,hyprefill,512/2048/2048,graph,29,44.8554,14.5648,44.9017,44.8554,
50,8,1048576,8192,hyprefill,512/2048/2048,graph,30,45.5458,13.4665,45.5922,45.5458,
50,8,1048576,8192,hyprefill,512/2048/2048,graph,31,46.0040,14.2902,46.0506,46.0040,
50,8,1048576,8192,hyprefill,512/2048/2048,graph,32,46.4261,14.0156,46.4720,46.4261,
50,8,1048576,8192,hyprefill,512/2048/2048,graph,33,45.4851,14.0156,45.5312,45.4851,
50,8,1048576,8192,hyprefill,512/2048/2048,graph,34,45.2144,14.5648,45.2619,45.2144,
50,8,1048576,8192,hyprefill,512/2048/2048,graph,35,45.1723,14.2902,45.2180,45.1723,
50,8,1048576,8192,hyprefill,512/2048/2048,graph,36,41.1219,14.2584,41.1661,41.1219,
50,8,1048576,8192,hyprefill,512/2048/2048,graph,37,40.2126,15.0822,40.2590,40.2126,
50,8,1048576,8192,hyprefill,512/2048/2048,graph,38,41.9166,14.5330,41.9617,41.9166,
50,8,1048576,8192,hyprefill,512/2048/2048,graph,39,40.3632,15.3568,40.4098,40.3632,
50,8,1048576,8192,hyprefill,512/2048/2048,graph,40,41.5514,14.8076,41.6000,41.5514,
50,8,1048576,8192,hyprefill,512/2048/2048,graph,41,41.3865,15.0822,41.4342,41.3865,
50,8,1048576,8192,hyprefill,512/2048/2048,graph,42,41.5748,14.8076,41.6197,41.5748,
50,8,1048576,8192,hyprefill,512/2048/2048,graph,43,44.9657,14.2902,45.0170,44.9657,
50,8,1048576,8192,hyprefill,512/2048/2048,graph,44,45.1107,14.0156,45.1606,45.1107,
50,8,1048576,8192,hyprefill,512/2048/2048,graph,45,45.1537,14.0156,45.2027,45.1537,
50,8,1048576,8192,hyprefill,512/2048/2048,graph,46,44.8478,14.0156,44.8998,44.8478,
50,8,1048576,8192,hyprefill,512/2048/2048,graph,47,44.8378,14.5648,44.8877,44.8378,
50,8,1048576,8192,hyprefill,512/2048/2048,graph,48,45.4736,13.7410,45.5222,45.4736,
50,8,1048576,8192,hyprefill,512/2048/2048,graph,49,44.8355,14.2902,44.8847,44.8355,
50,8,1048576,8192,hyprefill,512/2048/2048,graph,50,45.8569,14.0156,45.9047,45.8569,
50,8,1048576,8192,hyprefill,512/2048/2048,graph,51,45.5392,14.5648,45.5844,45.5392,
50,8,1048576,8192,hyprefill,512/2048/2048,graph,52,45.7124,13.4665,45.7640,45.7124,
50,8,1048576,8192,hyprefill,512/2048/2048,graph,53,40.0154,15.3568,40.0689,40.0154,
50,8,1048576,8192,hyprefill,512/2048/2048,graph,54,41.1616,14.5330,41.2122,41.1616,
50,8,1048576,8192,hyprefill,512/2048/2048,graph,55,44.8780,14.5648,44.9299,44.8780,
50,8,1048576,8192,hyprefill,512/2048/2048,graph,56,45.3975,14.0156,45.4466,45.3975,
50,8,1048576,8192,hyprefill,512/2048/2048,graph,57,45.4493,14.0156,45.4976,45.4493,
50,8,1048576,8192,hyprefill,512/2048/2048,graph,58,45.3986,14.5648,45.4601,45.3986,
50,8,1048576,8192,hyprefill,512/2048/2048,graph,59,45.3027,14.0156,45.3620,45.3027,
50,8,1048576,8192,hyprefill,512/2048/2048,graph,60,45.5106,14.0156,45.5644,45.5106,
50,8,1048576,8192,hyprefill,512/2048/2048,graph,61,45.2086,14.0156,45.2740,45.2086,
50,8,1048576,8192,hyprefill,512/2048/2048,graph,62,45.0266,14.5648,45.0858,45.0266,
50,8,1048576,8192,hyprefill,512/2048/2048,graph,63,44.6004,13.7410,44.6526,44.6004,
50,8,1048576,8192,hyprefill,512/2048/2048,graph,64,44.4297,13.7410,44.4774,44.4297,
50,8,1048576,8192,hyprefill,512/2048/2048,graph,65,44.8479,14.2902,44.8956,44.8479,
50,8,1048576,8192,hyprefill,512/2048/2048,graph,66,44.7561,14.2902,44.8095,44.7561,
50,8,1048576,8192,hyprefill,512/2048/2048,graph,67,44.9216,13.7410,44.9762,44.9216,
50,8,1048576,8192,hyprefill,512/2048/2048,graph,68,45.2402,14.0156,45.2871,45.2402,
50,8,1048576,8192,hyprefill,512/2048/2048,graph,69,45.3382,14.0156,45.3850,45.3382,
50,8,1048576,8192,hyprefill,512/2048/2048,graph,70,45.2962,14.5648,45.3431,45.2962,
50,8,1048576,8192,hyprefill,512/2048/2048,graph,71,45.3417,14.0156,45.3889,45.3417,
50,8,1048576,8192,hyprefill,512/2048/2048,graph,72,45.1015,14.2902,45.1491,45.1015,
50,8,1048576,8192,hyprefill,512/2048/2048,graph,73,40.1384,14.5330,40.1882,40.1384,
50,8,1048576,8192,hyprefill,512/2048/2048,graph,74,45.2433,14.5648,45.2951,45.2433,
50,8,1048576,8192,hyprefill,512/2048/2048,graph,75,45.1622,13.7410,45.2100,45.1622,
50,8,1048576,8192,hyprefill,512/2048/2048,graph,76,45.1671,14.5648,45.2161,45.1671,
50,8,1048576,8192,hyprefill,512/2048/2048,graph,77,45.4251,14.2902,45.4714,45.4251,
50,8,1048576,8192,hyprefill,512/2048/2048,graph,78,45.2212,13.7410,45.2932,45.2212,
50,8,1048576,8192,hyprefill,512/2048/2048,graph,79,45.4660,14.2902,45.5155,45.4660,
50,8,1048576,8192,hyprefill,512/2048/2048,graph,80,45.7681,14.2902,45.8252,45.7681,
50,8,1048576,8192,hyprefill,512/2048/2048,graph,81,45.0488,14.2902,45.0971,45.0488,
50,8,1048576,8192,hyprefill,512/2048/2048,graph,82,40.2140,14.5330,40.2635,40.2140,
50,8,1048576,8192,hyprefill,512/2048/2048,graph,83,45.6931,14.2902,45.7404,45.6931,
50,8,1048576,8192,hyprefill,512/2048/2048,graph,84,40.5079,14.5330,40.5560,40.5079,
50,8,1048576,8192,hyprefill,512/2048/2048,graph,85,44.8098,14.5648,44.8707,44.8098,
50,8,1048576,8192,hyprefill,512/2048/2048,graph,86,45.2896,13.7410,45.3381,45.2896,
50,8,1048576,8192,hyprefill,512/2048/2048,graph,87,44.6966,14.0156,44.7438,44.6966,
50,8,1048576,8192,hyprefill,512/2048/2048,graph,88,44.7340,14.5648,44.7814,44.7340,
50,8,1048576,8192,hyprefill,512/2048/2048,graph,89,44.7307,14.0156,44.7849,44.7307,
50,8,1048576,8192,hyprefill,512/2048/2048,graph,90,44.4667,13.7410,44.5217,44.4667,
50,8,1048576,8192,hyprefill,512/2048/2048,graph,91,44.4566,14.0156,44.5162,44.4566,
50,8,1048576,8192,hyprefill,512/2048/2048,graph,92,44.6487,14.0156,44.7025,44.6487,
50,8,1048576,8192,hyprefill,512/2048/2048,graph,93,44.8771,13.7410,44.9241,44.8771,
50,8,1048576,8192,hyprefill,512/2048/2048,graph,94,46.0620,14.0156,46.1075,46.0620,
50,8,1048576,8192,hyprefill,512/2048/2048,graph,95,39.5254,14.5330,39.5730,39.5254,
50,8,1048576,8192,hyprefill,512/2048/2048,graph,96,39.8732,14.8076,39.9260,39.8732,
50,8,1048576,8192,hyprefill,512/2048/2048,graph,97,45.2697,14.2902,45.3192,45.2697,
50,8,1048576,8192,hyprefill,512/2048/2048,graph,98,40.5229,14.5330,40.5736,40.5229,
50,8,1048576,8192,hyprefill,512/2048/2048,graph,99,45.0405,14.8394,45.0897,45.0405,
50,8,1048576,8192,hyprefill,512/2048/2048,graph,100,45.2279,13.7410,45.2761,45.2279,
50,8,1048576,8192,hyprefill,512/2048/2048,graph,101,45.1796,14.2902,45.2326,45.1796,
50,8,1048576,8192,hyprefill,512/2048/2048,graph,102,46.0187,13.4665,46.0842,46.0187,
50,8,1048576,8192,hyprefill,512/2048/2048,graph,103,44.8264,14.8394,44.8755,44.8264,
50,8,1048576,8192,hyprefill,512/2048/2048,graph,104,46.3576,13.4665,46.4033,46.3576,
50,8,1048576,8192,hyprefill,512/2048/2048,graph,105,44.8947,14.2902,44.9465,44.8947,
50,8,1048576,8192,hyprefill,512/2048/2048,graph,106,44.7390,13.7410,44.7914,44.7390,
50,8,1048576,8192,hyprefill,512/2048/2048,graph,107,44.8515,14.2902,44.9001,44.8515,
50,8,1048576,8192,hyprefill,512/2048/2048,graph,108,40.1969,14.5330,40.2522,40.1969,
50,8,1048576,8192,hyprefill,512/2048/2048,graph,109,45.2700,14.2902,45.3312,45.2700,
50,8,1048576,8192,hyprefill,512/2048/2048,graph,110,46.1160,14.0156,46.1692,46.1160,
50,8,1048576,8192,hyprefill,512/2048/2048,graph,111,45.4458,14.5648,45.4953,45.4458,
50,8,1048576,8192,hyprefill,512/2048/2048,graph,112,45.2173,13.7410,45.2675,45.2173,
50,8,1048576,8192,hyprefill,512/2048/2048,graph,113,45.2012,14.5648,45.2500,45.2012,
50,8,1048576,8192,hyprefill,512/2048/2048,graph,114,45.2272,14.2902,45.2841,45.2272,
50,8,1048576,8192,hyprefill,512/2048/2048,graph,115,44.5436,13.7410,44.5984,44.5436,
50,8,1048576,8192,hyprefill,512/2048/2048,graph,116,44.5325,14.2902,44.5843,44.5325,
50,8,1048576,8192,hyprefill,512/2048/2048,graph,117,41.3743,14.2584,41.4257,41.3743,
50,8,1048576,8192,hyprefill,512/2048/2048,graph,118,45.2624,14.5648,45.3187,45.2624,
50,8,1048576,8192,hyprefill,512/2048/2048,graph,119,45.2961,13.7410,45.3461,45.2961,
50,8,1048576,8192,hyprefill,512/2048/2048,graph,120,45.9211,14.5648,45.9680,45.9211,
50,8,1048576,8192,hyprefill,512/2048/2048,graph,121,45.9750,14.2902,46.0214,45.9750,
50,8,1048576,8192,hyprefill,512/2048/2048,graph,122,45.3334,14.2902,45.3822,45.3334,
50,8,1048576,8192,hyprefill,512/2048/2048,graph,123,45.3736,14.0156,45.4199,45.3736,
50,8,1048576,8192,hyprefill,512/2048/2048,graph,124,46.2184,14.0156,46.2654,46.2184,
50,8,1048576,8192,hyprefill,512/2048/2048,graph,125,45.1913,14.5648,45.2384,45.1913,
50,8,1048576,8192,hyprefill,512/2048/2048,graph,126,45.9434,13.7410,45.9917,45.9434,
50,8,1048576,8192,hyprefill,512/2048/2048,graph,127,45.1274,14.8394,45.1758,45.1274,
50,8,1048576,8192,hyprefill,512/2048/2048,graph,128,45.7802,14.0156,45.8276,45.7802,
50,8,1048576,8192,hyprefill,512/2048/2048,graph,129,45.4532,14.0156,45.5048,45.4532,
50,8,1048576,8192,hyprefill,512/2048/2048,graph,130,44.7142,14.0156,44.7595,44.7142,
50,8,1048576,8192,hyprefill,512/2048/2048,graph,131,44.6190,14.2902,44.6675,44.6190,
50,8,1048576,8192,hyprefill,512/2048/2048,graph,132,44.5811,14.2902,44.6371,44.5811,
50,8,1048576,8192,hyprefill,512/2048/2048,graph,133,44.9162,14.0156,44.9644,44.9162,
50,8,1048576,8192,hyprefill,512/2048/2048,graph,134,40.1336,14.2584,40.1782,40.1336,
50,8,1048576,8192,hyprefill,512/2048/2048,graph,135,44.7356,14.0156,44.7831,44.7356,
50,8,1048576,8192,hyprefill,512/2048/2048,graph,136,40.1278,14.8076,40.1723,40.1278,
50,8,1048576,8192,hyprefill,512/2048/2048,graph,137,45.0577,14.2902,45.1055,45.0577,
50,8,1048576,8192,hyprefill,512/2048/2048,graph,138,44.3672,14.2902,44.4169,44.3672,
50,8,1048576,8192,hyprefill,512/2048/2048,graph,139,40.5931,14.2584,40.6396,40.5931,
50,8,1048576,8192,hyprefill,512/2048/2048,graph,140,45.2417,14.5648,45.2930,45.2417,
50,8,1048576,8192,hyprefill,512/2048/2048,graph,141,45.3456,13.7410,45.3971,45.3456,
50,8,1048576,8192,hyprefill,512/2048/2048,graph,142,45.1542,14.2902,45.2055,45.1542,
50,8,1048576,8192,hyprefill,512/2048/2048,graph,143,45.8792,14.0156,45.9269,45.8792,
50,8,1048576,8192,hyprefill,512/2048/2048,graph,144,45.1064,14.5648,45.1604,45.1064,
50,8,1048576,8192,hyprefill,512/2048/2048,graph,145,45.1872,14.0156,45.2393,45.1872,
50,8,1048576,8192,hyprefill,512/2048/2048,graph,146,45.9663,14.0156,46.0142,45.9663,
50,8,1048576,8192,hyprefill,512/2048/2048,graph,147,45.4557,14.5648,45.5030,45.4557,
50,8,1048576,8192,hyprefill,512/2048/2048,graph,148,45.5653,14.0156,45.6160,45.5653,
50,8,1048576,8192,hyprefill,512/2048/2048,graph,149,45.7903,14.5648,45.8414,45.7903,
50,8,1048576,8192,hyprefill,512/2048/2048,graph,150,41.7648,13.9838,41.8122,41.7648,
50,8,1048576,8192,hyprefill,512/2048/2048,graph,151,45.2005,14.8394,45.2473,45.2005,
50,8,1048576,8192,hyprefill,512/2048/2048,graph,152,46.3844,14.0156,46.4315,46.3844,
50,8,1048576,8192,hyprefill,512/2048/2048,graph,153,45.4685,14.8394,45.5180,45.4685,
50,8,1048576,8192,hyprefill,512/2048/2048,graph,154,45.7350,14.5648,45.7850,45.7350,
50,8,1048576,8192,hyprefill,512/2048/2048,graph,155,45.8764,14.0156,45.9231,45.8764,
50,8,1048576,8192,hyprefill,512/2048/2048,graph,156,39.5193,14.5330,39.5656,39.5193,
50,8,1048576,8192,hyprefill,512/2048/2048,graph,157,40.1700,14.5330,40.2147,40.1700,
50,8,1048576,8192,hyprefill,512/2048/2048,graph,158,40.0616,14.8076,40.1060,40.0616,
50,8,1048576,8192,hyprefill,512/2048/2048,graph,159,40.8303,14.5330,40.8780,40.8303,
50,8,1048576,8192,hyprefill,512/2048/2048,graph,160,44.7304,14.5648,44.7772,44.7304,
50,8,1048576,8192,hyprefill,512/2048/2048,graph,161,40.6834,14.2584,40.7293,40.6834,
50,8,1048576,8192,hyprefill,512/2048/2048,graph,162,45.1997,14.8394,45.2676,45.1997,
50,8,1048576,8192,hyprefill,512/2048/2048,graph,163,46.3028,13.4665,46.3468,46.3028,
50,8,1048576,8192,hyprefill,512/2048/2048,graph,164,44.9612,14.5648,45.0073,44.9612,
50,8,1048576,8192,hyprefill,512/2048/2048,graph,165,45.2022,13.4665,45.2495,45.2022,
50,8,1048576,8192,hyprefill,512/2048/2048,graph,166,44.8350,14.2902,44.8810,44.8350,
50,8,1048576,8192,hyprefill,512/2048/2048,graph,167,44.8490,14.0156,44.8965,44.8490,
50,8,1048576,8192,hyprefill,512/2048/2048,graph,168,45.2069,14.0156,45.2515,45.2069,
50,8,1048576,8192,hyprefill,512/2048/2048,graph,169,45.3812,14.0156,45.4262,45.3812,
50,8,1048576,8192,hyprefill,512/2048/2048,graph,170,45.7637,14.2902,45.8118,45.7637,
50,8,1048576,8192,hyprefill,512/2048/2048,graph,171,45.3124,14.2902,45.3577,45.3124,
50,8,1048576,8192,hyprefill,512/2048/2048,graph,172,40.2113,14.5330,40.2541,40.2113,
50,8,1048576,8192,hyprefill,512/2048/2048,graph,173,45.0632,14.2902,45.1100,45.0632,
50,8,1048576,8192,hyprefill,512/2048/2048,graph,174,40.5876,14.2584,40.6329,40.5876,
50,8,1048576,8192,hyprefill,512/2048/2048,graph,175,44.6206,14.2902,44.6655,44.6206,
50,8,1048576,8192,hyprefill,512/2048/2048,graph,176,45.3407,14.0156,45.3883,45.3407,
50,8,1048576,8192,hyprefill,512/2048/2048,graph,177,45.3175,14.2902,45.3632,45.3175,
50,8,1048576,8192,hyprefill,512/2048/2048,graph,178,45.5533,14.0156,45.6140,45.5533,
50,8,1048576,8192,hyprefill,512/2048/2048,graph,179,45.2268,14.5648,45.2806,45.2268,
50,8,1048576,8192,hyprefill,512/2048/2048,graph,180,45.8979,14.2902,45.9451,45.8979,
50,8,1048576,8192,hyprefill,512/2048/2048,graph,181,45.2177,13.7410,45.2634,45.2177,
50,8,1048576,8192,hyprefill,512/2048/2048,graph,182,45.0550,14.5648,45.1029,45.0550,
50,8,1048576,8192,hyprefill,512/2048/2048,graph,183,40.8569,14.2584,40.9025,40.8569,
50,8,1048576,8192,hyprefill,512/2048/2048,graph,184,39.8084,15.0822,39.8569,39.8084,
50,8,1048576,8192,hyprefill,512/2048/2048,graph,185,41.1651,14.2584,41.2143,41.1651,
50,8,1048576,8192,hyprefill,512/2048/2048,graph,186,44.8950,15.1140,44.9433,44.8950,
50,8,1048576,8192,hyprefill,512/2048/2048,graph,187,44.7775,13.7410,44.8247,44.7775,
50,8,1048576,8192,hyprefill,512/2048/2048,graph,188,45.2264,14.2902,45.2731,45.2264,
50,8,1048576,8192,hyprefill,512/2048/2048,graph,189,45.4989,13.7410,45.5459,45.4989,
50,8,1048576,8192,hyprefill,512/2048/2048,graph,190,44.9352,14.0156,44.9838,44.9352,
50,8,1048576,8192,hyprefill,512/2048/2048,graph,191,44.9445,14.0156,45.6621,44.9445,
50,8,1048576,8192,hyprefill,512/2048/2048,graph,192,44.8657,13.7410,44.9121,44.8657,
50,8,1048576,8192,hyprefill,512/2048/2048,graph,193,45.1918,14.5648,45.2387,45.1918,
50,8,1048576,8192,hyprefill,512/2048/2048,graph,194,45.2496,14.2902,45.2977,45.2496,
50,8,1048576,8192,hyprefill,512/2048/2048,graph,195,45.0034,13.7410,45.0483,45.0034,
50,8,1048576,8192,hyprefill,512/2048/2048,graph,196,44.8456,14.0156,44.8931,44.8456,
50,8,1048576,8192,hyprefill,512/2048/2048,graph,197,44.9112,14.2902,44.9577,44.9112,
50,8,1048576,8192,hyprefill,512/2048/2048,graph,198,44.9623,14.2902,45.0090,44.9623,
50,8,1048576,8192,hyprefill,512/2048/2048,graph,199,41.0786,13.9838,41.1234,41.0786,
50,8,1048576,8192,hyprefill,256/1536/1536,graph,0,46.6346,14.9349,46.6841,46.6346,
50,8,1048576,8192,hyprefill,256/1536/1536,graph,1,47.4421,14.9349,47.4882,47.4421,
50,8,1048576,8192,hyprefill,256/1536/1536,graph,2,46.6333,14.9349,46.6788,46.6333,
50,8,1048576,8192,hyprefill,256/1536/1536,graph,3,47.1474,15.2095,47.1922,47.1474,
50,8,1048576,8192,hyprefill,256/1536/1536,graph,4,46.5165,14.6603,46.5635,46.5165,
50,8,1048576,8192,hyprefill,256/1536/1536,graph,5,46.3085,14.6603,46.3547,46.3085,
50,8,1048576,8192,hyprefill,256/1536/1536,graph,6,46.1874,14.6603,46.2342,46.1874,
50,8,1048576,8192,hyprefill,256/1536/1536,graph,7,46.1119,14.6603,46.1587,46.1119,
50,8,1048576,8192,hyprefill,256/1536/1536,graph,8,46.3418,14.6603,46.3880,46.3418,
50,8,1048576,8192,hyprefill,256/1536/1536,graph,9,46.5276,14.6603,46.5737,46.5276,
50,8,1048576,8192,hyprefill,256/1536/1536,graph,10,46.5769,14.6603,46.6342,46.5769,
50,8,1048576,8192,hyprefill,256/1536/1536,graph,11,46.8984,14.9349,46.9468,46.8984,
50,8,1048576,8192,hyprefill,256/1536/1536,graph,12,46.1987,14.6603,46.2460,46.1987,
50,8,1048576,8192,hyprefill,256/1536/1536,graph,13,46.9369,14.9349,46.9925,46.9369,
50,8,1048576,8192,hyprefill,256/1536/1536,graph,14,46.6951,14.6603,46.7427,46.6951,
50,8,1048576,8192,hyprefill,256/1536/1536,graph,15,46.5090,14.6603,46.5588,46.5090,
50,8,1048576,8192,hyprefill,256/1536/1536,graph,16,47.3052,15.2095,47.3628,47.3052,
50,8,1048576,8192,hyprefill,256/1536/1536,graph,17,46.7493,14.6603,46.7967,46.7493,
50,8,1048576,8192,hyprefill,256/1536/1536,graph,18,46.3926,14.6603,46.4408,46.3926,
50,8,1048576,8192,hyprefill,256/1536/1536,graph,19,45.7476,14.3857,45.7977,45.7476,
50,8,1048576,8192,hyprefill,256/1536/1536,graph,20,46.0484,14.9349,46.1206,46.0484,
50,8,1048576,8192,hyprefill,256/1536/1536,graph,21,45.7027,14.6603,45.7542,45.7027,
50,8,1048576,8192,hyprefill,256/1536/1536,graph,22,45.7814,14.6603,45.8545,45.7814,
50,8,1048576,8192,hyprefill,256/1536/1536,graph,23,45.6649,14.6603,45.7139,45.6649,
50,8,1048576,8192,hyprefill,256/1536/1536,graph,24,45.9176,14.1111,45.9773,45.9176,
50,8,1048576,8192,hyprefill,256/1536/1536,graph,25,45.9698,14.3857,46.0186,45.9698,
50,8,1048576,8192,hyprefill,256/1536/1536,graph,26,45.8778,14.3857,45.9264,45.8778,
50,8,1048576,8192,hyprefill,256/1536/1536,graph,27,46.7641,14.3857,46.8123,46.7641,
50,8,1048576,8192,hyprefill,256/1536/1536,graph,28,45.6510,14.3857,45.6997,45.6510,
50,8,1048576,8192,hyprefill,256/1536/1536,graph,29,45.7827,14.6603,45.8330,45.7827,
50,8,1048576,8192,hyprefill,256/1536/1536,graph,30,46.1742,14.3857,46.2241,46.1742,
50,8,1048576,8192,hyprefill,256/1536/1536,graph,31,45.7916,14.6603,45.8409,45.7916,
50,8,1048576,8192,hyprefill,256/1536/1536,graph,32,46.2098,14.6603,46.2601,46.2098,
50,8,1048576,8192,hyprefill,256/1536/1536,graph,33,46.4688,14.9349,46.5167,46.4688,
50,8,1048576,8192,hyprefill,256/1536/1536,graph,34,46.5066,14.6603,46.5545,46.5066,
50,8,1048576,8192,hyprefill,256/1536/1536,graph,35,46.3797,14.9349,46.4271,46.3797,
50,8,1048576,8192,hyprefill,256/1536/1536,graph,36,46.7975,14.6603,46.8438,46.7975,
50,8,1048576,8192,hyprefill,256/1536/1536,graph,37,46.5129,14.9349,46.5601,46.5129,
50,8,1048576,8192,hyprefill,256/1536/1536,graph,38,46.5924,14.6603,46.6397,46.5924,
50,8,1048576,8192,hyprefill,256/1536/1536,graph,39,47.5701,14.9349,47.6265,47.5701,
50,8,1048576,8192,hyprefill,256/1536/1536,graph,40,46.7749,14.6603,46.8515,46.7749,
50,8,1048576,8192,hyprefill,256/1536/1536,graph,41,46.6559,15.2095,46.7050,46.6559,
50,8,1048576,8192,hyprefill,256/1536/1536,graph,42,46.6942,14.6603,46.7500,46.6942,
50,8,1048576,8192,hyprefill,256/1536/1536,graph,43,45.5808,14.6603,45.6380,45.5808,
50,8,1048576,8192,hyprefill,256/1536/1536,graph,44,45.8018,14.3857,45.8506,45.8018,
50,8,1048576,8192,hyprefill,256/1536/1536,graph,45,45.6600,14.6603,45.7075,45.6600,
50,8,1048576,8192,hyprefill,256/1536/1536,graph,46,46.4761,14.6603,46.5428,46.4761,
50,8,1048576,8192,hyprefill,256/1536/1536,graph,47,45.9290,14.6603,45.9747,45.9290,
50,8,1048576,8192,hyprefill,256/1536/1536,graph,48,46.0305,14.6603,46.0771,46.0305,
50,8,1048576,8192,hyprefill,256/1536/1536,graph,49,46.2282,14.9349,46.2754,46.2282,
50,8,1048576,8192,hyprefill,256/1536/1536,graph,50,46.2312,14.1111,46.2783,46.2312,
50,8,1048576,8192,hyprefill,256/1536/1536,graph,51,45.9860,14.9349,46.0384,45.9860,
50,8,1048576,8192,hyprefill,256/1536/1536,graph,52,46.4351,14.3857,46.4811,46.4351,
50,8,1048576,8192,hyprefill,256/1536/1536,graph,53,45.9674,14.6603,46.0140,45.9674,
50,8,1048576,8192,hyprefill,256/1536/1536,graph,54,46.3281,14.6603,46.3727,46.3281,
50,8,1048576,8192,hyprefill,256/1536/1536,graph,55,46.3089,14.6603,46.3552,46.3089,
50,8,1048576,8192,hyprefill,256/1536/1536,graph,56,45.8670,14.1111,45.9179,45.8670,
50,8,1048576,8192,hyprefill,256/1536/1536,graph,57,45.6778,14.6603,45.7384,45.6778,
50,8,1048576,8192,hyprefill,256/1536/1536,graph,58,45.7476,14.1111,45.8001,45.7476,
50,8,1048576,8192,hyprefill,256/1536/1536,graph,59,45.2064,14.9349,45.2566,45.2064,
50,8,1048576,8192,hyprefill,256/1536/1536,graph,60,45.6745,14.1111,45.7301,45.6745,
50,8,1048576,8192,hyprefill,256/1536/1536,graph,61,45.3591,14.9349,45.4171,45.3591,
50,8,1048576,8192,hyprefill,256/1536/1536,graph,62,45.5312,14.3857,45.5845,45.5312,
50,8,1048576,8192,hyprefill,256/1536/1536,graph,63,45.0323,14.6603,45.0806,45.0323,
50,8,1048576,8192,hyprefill,256/1536/1536,graph,64,45.4550,14.3857,45.5041,45.4550,
50,8,1048576,8192,hyprefill,256/1536/1536,graph,65,45.1435,14.6603,45.1909,45.1435,
50,8,1048576,8192,hyprefill,256/1536/1536,graph,66,45.4717,14.3857,45.5276,45.4717,
50,8,1048576,8192,hyprefill,256/1536/1536,graph,67,45.1921,14.6603,45.2507,45.1921,
50,8,1048576,8192,hyprefill,256/1536/1536,graph,68,45.4882,14.3857,45.5508,45.4882,
50,8,1048576,8192,hyprefill,256/1536/1536,graph,69,45.5011,14.3857,45.5573,45.5011,
50,8,1048576,8192,hyprefill,256/1536/1536,graph,70,45.9719,14.1111,46.0202,45.9719,
50,8,1048576,8192,hyprefill,256/1536/1536,graph,71,45.4560,14.6603,45.5054,45.4560,
50,8,1048576,8192,hyprefill,256/1536/1536,graph,72,46.1882,14.1111,46.2340,46.1882,
50,8,1048576,8192,hyprefill,256/1536/1536,graph,73,45.4988,14.9349,45.5490,45.4988,
50,8,1048576,8192,hyprefill,256/1536/1536,graph,74,45.7644,14.1111,45.8103,45.7644,
50,8,1048576,8192,hyprefill,256/1536/1536,graph,75,45.8805,14.6603,45.9273,45.8805,
50,8,1048576,8192,hyprefill,256/1536/1536,graph,76,45.7059,14.6603,45.7773,45.7059,
50,8,1048576,8192,hyprefill,256/1536/1536,graph,77,45.3739,14.3857,45.4324,45.3739,
50,8,1048576,8192,hyprefill,256/1536/1536,graph,78,45.6058,14.3857,45.6522,45.6058,
50,8,1048576,8192,hyprefill,256/1536/1536,graph,79,45.3842,14.3857,45.4326,45.3842,
50,8,1048576,8192,hyprefill,256/1536/1536,graph,80,45.8446,14.6603,45.8957,45.8446,
50,8,1048576,8192,hyprefill,256/1536/1536,graph,81,45.5466,14.3857,45.5973,45.5466,
50,8,1048576,8192,hyprefill,256/1536/1536,graph,82,46.2516,14.6603,46.2989,46.2516,
50,8,1048576,8192,hyprefill,256/1536/1536,graph,83,46.2698,14.9349,46.3195,46.2698,
50,8,1048576,8192,hyprefill,256/1536/1536,graph,84,46.2685,14.3857,46.3158,46.2685,
50,8,1048576,8192,hyprefill,256/1536/1536,graph,85,46.4451,14.9349,46.4933,46.4451,
50,8,1048576,8192,hyprefill,256/1536/1536,graph,86,46.4689,14.3857,46.5193,46.4689,
50,8,1048576,8192,hyprefill,256/1536/1536,graph,87,45.9125,15.2095,45.9634,45.9125,
50,8,1048576,8192,hyprefill,256/1536/1536,graph,88,46.3759,14.3857,46.4274,46.3759,
50,8,1048576,8192,hyprefill,256/1536/1536,graph,89,46.8011,14.9349,46.8517,46.8011,
50,8,1048576,8192,hyprefill,256/1536/1536,graph,90,46.4871,14.3857,46.5347,46.4871,
50,8,1048576,8192,hyprefill,256/1536/1536,graph,91,47.0050,14.9349,47.0511,47.0050,
50,8,1048576,8192,hyprefill,256/1536/1536,graph,92,46.2646,14.9349,46.3131,46.2646,
50,8,1048576,8192,hyprefill,256/1536/1536,graph,93,46.2011,14.6603,46.2499,46.2011,
50,8,1048576,8192,hyprefill,256/1536/1536,graph,94,46.6067,14.3857,46.6573,46.6067,
50,8,1048576,8192,hyprefill,256/1536/1536,graph,95,47.2318,14.9349,47.2794,47.2318,
50,8,1048576,8192,hyprefill,256/1536/1536,graph,96,46.4136,14.3857,46.4611,46.4136,
50,8,1048576,8192,hyprefill,256/1536/1536,graph,97,46.4544,14.9349,46.5122,46.4544,
50,8,1048576,8192,hyprefill,256/1536/1536,graph,98,46.5387,14.6603,46.5866,46.5387,
50,8,1048576,8192,hyprefill,256/1536/1536,graph,99,46.5640,14.9349,46.6127,46.5640,
50,8,1048576,8192,hyprefill,256/1536/1536,graph,100,47.1058,14.3857,47.1552,47.1058,
50,8,1048576,8192,hyprefill,256/1536/1536,graph,101,46.3453,14.9349,46.3971,46.3453,
50,8,1048576,8192,hyprefill,256/1536/1536,graph,102,46.2604,14.9349,46.3075,46.2604,
50,8,1048576,8192,hyprefill,256/1536/1536,graph,103,48.0227,14.6603,48.0684,48.0227,
50,8,1048576,8192,hyprefill,256/1536/1536,graph,104,46.4878,15.2095,46.5338,46.4878,
50,8,1048576,8192,hyprefill,256/1536/1536,graph,105,46.8938,14.6603,46.9422,46.8938,
50,8,1048576,8192,hyprefill,256/1536/1536,graph,106,46.2815,14.9349,46.3271,46.2815,
50,8,1048576,8192,hyprefill,256/1536/1536,graph,107,47.2345,14.6603,47.2770,47.2345,
50,8,1048576,8192,hyprefill,256/1536/1536,graph,108,46.2287,14.3857,46.2747,46.2287,
50,8,1048576,8192,hyprefill,256/1536/1536,graph,109,46.2056,14.9349,46.2534,46.2056,
50,8,1048576,8192,hyprefill,256/1536/1536,graph,110,45.9029,14.3857,45.9527,45.9029,
50,8,1048576,8192,hyprefill,256/1536/1536,graph,111,46.4090,14.3857,46.4566,46.4090,
50,8,1048576,8192,hyprefill,256/1536/1536,graph,112,45.9289,14.6603,45.9886,45.9289,
50,8,1048576,8192,hyprefill,256/1536/1536,graph,113,45.6078,14.6603,45.6634,45.6078,
50,8,1048576,8192,hyprefill,256/1536/1536,graph,114,45.7098,14.6603,45.7594,45.7098,
50,8,1048576,8192,hyprefill,256/1536/1536,graph,115,47.0486,14.3857,47.0967,47.0486,
50,8,1048576,8192,hyprefill,256/1536/1536,graph,116,46.7115,14.6603,46.7675,46.7115,
50,8,1048576,8192,hyprefill,256/1536/1536,graph,117,46.7509,14.9349,46.8275,46.7509,
50,8,1048576,8192,hyprefill,256/1536/1536,graph,118,46.0502,14.6603,46.1056,46.0502,
50,8,1048576,8192,hyprefill,256/1536/1536,graph,119,46.6342,14.6603,46.6827,46.6342,
50,8,1048576,8192,hyprefill,256/1536/1536,graph,120,46.4421,14.3857,46.4892,46.4421,
50,8,1048576,8192,hyprefill,256/1536/1536,graph,121,46.4383,14.9349,46.4847,46.4383,
50,8,1048576,8192,hyprefill,256/1536/1536,graph,122,46.8396,14.6603,46.8859,46.8396,
50,8,1048576,8192,hyprefill,256/1536/1536,graph,123,47.5837,15.2095,47.6317,47.5837,
50,8,1048576,8192,hyprefill,256/1536/1536,graph,124,46.5063,14.6603,46.5527,46.5063,
50,8,1048576,8192,hyprefill,256/1536/1536,graph,125,47.5924,14.6603,47.6370,47.5924,
50,8,1048576,8192,hyprefill,256/1536/1536,graph,126,46.3416,14.9349,46.3885,46.3416,
50,8,1048576,8192,hyprefill,256/1536/1536,graph,127,46.6756,14.6603,46.7233,46.6756,
50,8,1048576,8192,hyprefill,256/1536/1536,graph,128,46.8207,15.2095,46.8677,46.8207,
50,8,1048576,8192,hyprefill,256/1536/1536,graph,129,46.9318,14.6603,46.9837,46.9318,
50,8,1048576,8192,hyprefill,256/1536/1536,graph,130,46.0218,14.6603,46.0695,46.0218,
50,8,1048576,8192,hyprefill,256/1536/1536,graph,131,46.2028,14.6603,46.2503,46.2028,
50,8,1048576,8192,hyprefill,256/1536/1536,graph,132,46.9422,14.6603,46.9890,46.9422,
50,8,1048576,8192,hyprefill,256/1536/1536,graph,133,46.9491,14.6603,46.9951,46.9491,
50,8,1048576,8192,hyprefill,256/1536/1536,graph,134,46.3220,14.6603,46.3669,46.3220,
50,8,1048576,8192,hyprefill,256/1536/1536,graph,135,47.5244,14.9349,47.5717,47.5244,
50,8,1048576,8192,hyprefill,256/1536/1536,graph,136,46.5899,14.9349,46.6357,46.5899,
50,8,1048576,8192,hyprefill,256/1536/1536,graph,137,46.5153,15.2095,46.5666,46.5153,
50,8,1048576,8192,hyprefill,256/1536/1536,graph,138,47.1267,14.6603,47.1728,47.1267,
50,8,1048576,8192,hyprefill,256/1536/1536,graph,139,47.2510,14.6603,47.3003,47.2510,
50,8,1048576,8192,hyprefill,256/1536/1536,graph,140,46.6013,14.6603,46.6472,46.6013,
50,8,1048576,8192,hyprefill,256/1536/1536,graph,141,46.7090,14.9349,46.7557,46.7090,
50,8,1048576,8192,hyprefill,256/1536/1536,graph,142,46.5143,14.9349,46.5631,46.5143,
50,8,1048576,8192,hyprefill,256/1536/1536,graph,143,47.8322,15.2095,47.8791,47.8322,
50,8,1048576,8192,hyprefill,256/1536/1536,graph,144,46.7939,14.6603,46.8387,46.7939,
50,8,1048576,8192,hyprefill,256/1536/1536,graph,145,47.1414,15.2095,47.1879,47.1414,
50,8,1048576,8192,hyprefill,256/1536/1536,graph,146,46.7353,15.2095,46.7862,46.7353,
50,8,1048576,8192,hyprefill,256/1536/1536,graph,147,46.8897,14.9349,46.9442,46.8897,
50,8,1048576,8192,hyprefill,256/1536/1536,graph,148,46.5860,14.9349,46.6401,46.5860,
50,8,1048576,8192,hyprefill,256/1536/1536,graph,149,47.3870,14.9349,47.4326,47.3870,
50,8,1048576,8192,hyprefill,256/1536/1536,graph,150,47.5512,14.9349,47.5996,47.5512,
50,8,1048576,8192,hyprefill,256/1536/1536,graph,151,46.8036,14.9349,46.8504,46.8036,
50,8,1048576,8192,hyprefill,256/1536/1536,graph,152,46.5123,14.9349,46.5580,46.5123,
50,8,1048576,8192,hyprefill,256/1536/1536,graph,153,47.4252,14.6603,47.4715,47.4252,
50,8,1048576,8192,hyprefill,256/1536/1536,graph,154,46.6209,14.6603,46.6656,46.6209,
50,8,1048576,8192,hyprefill,256/1536/1536,graph,155,47.3583,14.9349,47.4091,47.3583,
50,8,1048576,8192,hyprefill,256/1536/1536,graph,156,46.8762,14.9349,46.9225,46.8762,
50,8,1048576,8192,hyprefill,256/1536/1536,graph,157,47.8491,15.2095,47.9000,47.8491,
50,8,1048576,8192,hyprefill,256/1536/1536,graph,158,47.7879,14.9349,47.8334,47.7879,
50,8,1048576,8192,hyprefill,256/1536/1536,graph,159,47.1026,15.2095,47.1481,47.1026,
50,8,1048576,8192,hyprefill,256/1536/1536,graph,160,46.7360,14.9349,46.7833,46.7360,
50,8,1048576,8192,hyprefill,256/1536/1536,graph,161,46.4439,14.3857,46.4907,46.4439,
50,8,1048576,8192,hyprefill,256/1536/1536,graph,162,46.2915,14.3857,46.3475,46.2915,
50,8,1048576,8192,hyprefill,256/1536/1536,graph,163,45.9969,14.9349,46.0443,45.9969,
50,8,1048576,8192,hyprefill,256/1536/1536,graph,164,46.3345,14.3857,46.3814,46.3345,
50,8,1048576,8192,hyprefill,256/1536/1536,graph,165,46.1619,14.3857,46.2084,46.1619,
50,8,1048576,8192,hyprefill,256/1536/1536,graph,166,45.9940,14.9349,46.0435,45.9940,
50,8,1048576,8192,hyprefill,256/1536/1536,graph,167,47.9334,14.6603,47.9839,47.9334,
50,8,1048576,8192,hyprefill,256/1536/1536,graph,168,46.1881,14.9349,46.2455,46.1881,
50,8,1048576,8192,hyprefill,256/1536/1536,graph,169,46.1054,14.3857,46.1600,46.1054,
50,8,1048576,8192,hyprefill,256/1536/1536,graph,170,46.5055,14.3857,46.5537,46.5055,
50,8,1048576,8192,hyprefill,256/1536/1536,graph,171,46.5406,14.9349,46.5906,46.5406,
50,8,1048576,8192,hyprefill,256/1536/1536,graph,172,46.1557,14.3857,46.2092,46.1557,
50,8,1048576,8192,hyprefill,256/1536/1536,graph,173,45.9979,14.3857,46.0552,45.9979,
50,8,1048576,8192,hyprefill,256/1536/1536,graph,174,46.1805,14.9349,46.2299,46.1805,
50,8,1048576,8192,hyprefill,256/1536/1536,graph,175,46.6758,14.3857,46.7228,46.6758,
50,8,1048576,8192,hyprefill,256/1536/1536,graph,176,47.3246,14.3857,47.3741,47.3246,
50,8,1048576,8192,hyprefill,256/1536/1536,graph,177,45.9014,14.9349,45.9507,45.9014,
50,8,1048576,8192,hyprefill,256/1536/1536,graph,178,46.2375,14.6603,46.2863,46.2375,
50,8,1048576,8192,hyprefill,256/1536/1536,graph,179,45.9248,14.9349,45.9788,45.9248,
50,8,1048576,8192,hyprefill,256/1536/1536,graph,180,46.1154,14.3857,46.1639,46.1154,
50,8,1048576,8192,hyprefill,256/1536/1536,graph,181,46.2118,14.6603,46.2602,46.2118,
50,8,1048576,8192,hyprefill,256/1536/1536,graph,182,46.0153,14.3857,46.0692,46.0153,
50,8,1048576,8192,hyprefill,256/1536/1536,graph,183,46.1213,14.9349,46.1751,46.1213,
50,8,1048576,8192,hyprefill,256/1536/1536,graph,184,46.3548,14.6603,46.4102,46.3548,
50,8,1048576,8192,hyprefill,256/1536/1536,graph,185,45.8649,14.6603,45.9136,45.8649,
50,8,1048576,8192,hyprefill,256/1536/1536,graph,186,46.4676,14.3857,46.5140,46.4676,
50,8,1048576,8192,hyprefill,256/1536/1536,graph,187,45.9911,14.9349,46.0489,45.9911,
50,8,1048576,8192,hyprefill,256/1536/1536,graph,188,47.0515,14.6603,47.1063,47.0515,
50,8,1048576,8192,hyprefill,256/1536/1536,graph,189,46.5806,15.2095,46.6353,46.5806,
50,8,1048576,8192,hyprefill,256/1536/1536,graph,190,46.9727,14.6603,47.0268,46.9727,
50,8,1048576,8192,hyprefill,256/1536/1536,graph,191,46.8382,14.9349,46.8870,46.8382,
50,8,1048576,8192,hyprefill,256/1536/1536,graph,192,46.8534,14.9349,46.9018,46.8534,
50,8,1048576,8192,hyprefill,256/1536/1536,graph,193,46.4119,14.9349,46.4680,46.4119,
50,8,1048576,8192,hyprefill,256/1536/1536,graph,194,46.5552,14.3857,46.6087,46.5552,
50,8,1048576,8192,hyprefill,256/1536/1536,graph,195,46.0820,14.6603,46.1287,46.0820,
50,8,1048576,8192,hyprefill,256/1536/1536,graph,196,46.2483,14.3857,46.2955,46.2483,
50,8,1048576,8192,hyprefill,256/1536/1536,graph,197,46.2357,15.2095,46.2822,46.2357,
50,8,1048576,8192,hyprefill,256/1536/1536,graph,198,46.6338,14.3857,46.6783,46.6338,
50,8,1048576,8192,hyprefill,256/1536/1536,graph,199,46.0559,14.9349,46.1052,46.0559,
50,8,1048576,8192,hyprefill,256/768/768,graph,0,47.2891,14.9349,47.3359,47.2891,
50,8,1048576,8192,hyprefill,256/768/768,graph,1,46.5616,15.4841,46.6074,46.5616,
50,8,1048576,8192,hyprefill,256/768/768,graph,2,48.0513,15.2095,48.0971,48.0513,
50,8,1048576,8192,hyprefill,256/768/768,graph,3,44.1003,15.4522,44.1476,44.1003,
50,8,1048576,8192,hyprefill,256/768/768,graph,4,44.0094,15.7268,44.0600,44.0094,
50,8,1048576,8192,hyprefill,256/768/768,graph,5,43.7884,16.0014,43.8353,43.7884,
50,8,1048576,8192,hyprefill,256/768/768,graph,6,45.0342,15.7268,45.0839,45.0342,
50,8,1048576,8192,hyprefill,256/768/768,graph,7,46.7152,15.7586,46.7612,46.7152,
50,8,1048576,8192,hyprefill,256/768/768,graph,8,46.8808,15.4841,46.9281,46.8808,
50,8,1048576,8192,hyprefill,256/768/768,graph,9,46.5822,15.2095,46.6306,46.5822,
50,8,1048576,8192,hyprefill,256/768/768,graph,10,46.6134,14.9349,46.6697,46.6134,
50,8,1048576,8192,hyprefill,256/768/768,graph,11,46.7447,15.4841,46.7919,46.7447,
50,8,1048576,8192,hyprefill,256/768/768,graph,12,47.0724,15.4841,47.1186,47.0724,
50,8,1048576,8192,hyprefill,256/768/768,graph,13,46.6921,15.2095,46.7474,46.6921,
50,8,1048576,8192,hyprefill,256/768/768,graph,14,46.1879,14.9349,46.2383,46.1879,
50,8,1048576,8192,hyprefill,256/768/768,graph,15,46.1262,15.7586,46.1799,46.1262,
50,8,1048576,8192,hyprefill,256/768/768,graph,16,44.6270,15.1776,44.6749,44.6270,
50,8,1048576,8192,hyprefill,256/768/768,graph,17,46.4129,16.3078,46.4617,46.4129,
50,8,1048576,8192,hyprefill,256/768/768,graph,18,46.7203,14.6603,46.7717,46.7203,
50,8,1048576,8192,hyprefill,256/768/768,graph,19,47.5570,15.7586,47.6018,47.5570,
50,8,1048576,8192,hyprefill,256/768/768,graph,20,46.4957,14.6603,46.5452,46.4957,
50,8,1048576,8192,hyprefill,256/768/768,graph,21,47.0384,15.7586,47.0877,47.0384,
50,8,1048576,8192,hyprefill,256/768/768,graph,22,46.5660,14.9349,46.6207,46.5660,
50,8,1048576,8192,hyprefill,256/768/768,graph,23,46.7359,14.6603,46.7851,46.7359,
50,8,1048576,8192,hyprefill,256/768/768,graph,24,46.1524,15.7586,46.2016,46.1524,
50,8,1048576,8192,hyprefill,256/768/768,graph,25,44.7459,15.4522,44.7934,44.7459,
50,8,1048576,8192,hyprefill,256/768/768,graph,26,46.7416,15.7586,46.7912,46.7416,
50,8,1048576,8192,hyprefill,256/768/768,graph,27,46.3810,15.2095,46.4274,46.3810,
50,8,1048576,8192,hyprefill,256/768/768,graph,28,46.2550,15.2095,46.3050,46.2550,
50,8,1048576,8192,hyprefill,256/768/768,graph,29,44.1864,15.4522,44.2343,44.1864,
50,8,1048576,8192,hyprefill,256/768/768,graph,30,46.0858,15.2095,46.1374,46.0858,
50,8,1048576,8192,hyprefill,256/768/768,graph,31,46.3759,15.4841,46.4243,46.3759,
50,8,1048576,8192,hyprefill,256/768/768,graph,32,46.1191,14.9349,46.1686,46.1191,
50,8,1048576,8192,hyprefill,256/768/768,graph,33,45.7208,14.6603,45.7727,45.7208,
50,8,1048576,8192,hyprefill,256/768/768,graph,34,44.2862,15.7268,44.3398,44.2862,
50,8,1048576,8192,hyprefill,256/768/768,graph,35,41.4479,15.9696,41.4960,41.4479,
50,8,1048576,8192,hyprefill,256/768/768,graph,36,44.4468,15.4522,44.4926,44.4468,
50,8,1048576,8192,hyprefill,256/768/768,graph,37,47.2133,16.3078,47.2617,47.2133,
50,8,1048576,8192,hyprefill,256/768/768,graph,38,46.6089,15.2095,46.6536,46.6089,
50,8,1048576,8192,hyprefill,256/768/768,graph,39,46.6524,15.4841,46.7008,46.6524,
50,8,1048576,8192,hyprefill,256/768/768,graph,40,46.3698,15.2095,46.4190,46.3698,
50,8,1048576,8192,hyprefill,256/768/768,graph,41,45.8831,14.9349,45.9567,45.8831,
50,8,1048576,8192,hyprefill,256/768/768,graph,42,47.3740,14.9349,47.4187,47.3740,
50,8,1048576,8192,hyprefill,256/768/768,graph,43,46.4022,15.4841,46.4490,46.4022,
50,8,1048576,8192,hyprefill,256/768/768,graph,44,46.0714,14.9349,46.1167,46.0714,
50,8,1048576,8192,hyprefill,256/768/768,graph,45,44.4608,15.4522,44.5080,44.4608,
50,8,1048576,8192,hyprefill,256/768/768,graph,46,43.8531,15.7268,43.9026,43.8531,
50,8,1048576,8192,hyprefill,256/768/768,graph,47,45.8504,15.7586,45.9019,45.8504,
50,8,1048576,8192,hyprefill,256/768/768,graph,48,45.8655,14.9349,45.9129,45.8655,
50,8,1048576,8192,hyprefill,256/768/768,graph,49,44.5570,15.1776,44.6025,44.5570,
50,8,1048576,8192,hyprefill,256/768/768,graph,50,44.9114,16.2760,44.9596,44.9114,
50,8,1048576,8192,hyprefill,256/768/768,graph,51,46.3995,14.9349,46.4455,46.3995,
50,8,1048576,8192,hyprefill,256/768/768,graph,52,46.7381,15.2095,46.7849,46.7381,
50,8,1048576,8192,hyprefill,256/768/768,graph,53,47.1586,15.4841,47.2043,47.1586,
50,8,1048576,8192,hyprefill,256/768/768,graph,54,46.8318,15.7586,46.8773,46.8318,
50,8,1048576,8192,hyprefill,256/768/768,graph,55,44.5899,15.1776,44.6358,44.5899,
50,8,1048576,8192,hyprefill,256/768/768,graph,56,44.2199,15.4522,44.2653,44.2199,
50,8,1048576,8192,hyprefill,256/768/768,graph,57,45.5956,15.4841,45.6434,45.5956,
50,8,1048576,8192,hyprefill,256/768/768,graph,58,45.9471,14.6603,45.9936,45.9471,
50,8,1048576,8192,hyprefill,256/768/768,graph,59,44.2955,15.1776,44.3430,44.2955,
50,8,1048576,8192,hyprefill,256/768/768,graph,60,43.8398,16.2760,43.8871,43.8398,
50,8,1048576,8192,hyprefill,256/768/768,graph,61,44.1981,15.4522,44.2473,44.1981,
50,8,1048576,8192,hyprefill,256/768/768,graph,62,46.2387,14.9349,46.2878,46.2387,
50,8,1048576,8192,hyprefill,256/768/768,graph,63,46.5275,14.3857,46.5797,46.5275,
50,8,1048576,8192,hyprefill,256/768/768,graph,64,47.1861,16.3078,47.2375,47.1861,
50,8,1048576,8192,hyprefill,256/768/768,graph,65,41.6772,15.1458,41.7215,41.6772,
50,8,1048576,8192,hyprefill,256/768/768,graph,66,47.5445,15.7586,47.5940,47.5445,
50,8,1048576,8192,hyprefill,256/768/768,graph,67,46.3474,14.9349,46.3935,46.3474,
50,8,1048576,8192,hyprefill,256/768/768,graph,68,46.2854,15.7586,46.3321,46.2854,
50,8,1048576,8192,hyprefill,256/768/768,graph,69,38.4948,14.8394,38.5388,38.4948,
50,8,1048576,8192,hyprefill,256/768/768,graph,70,43.6052,16.2760,43.6538,43.6052,
50,8,1048576,8192,hyprefill,256/768/768,graph,71,46.3421,15.2095,46.3966,46.3421,
50,8,1048576,8192,hyprefill,256/768/768,graph,72,45.8506,14.9349,45.9006,45.8506,
50,8,1048576,8192,hyprefill,256/768/768,graph,73,45.9324,14.1111,45.9784,45.9324,
50,8,1048576,8192,hyprefill,256/768/768,graph,74,46.5147,15.7586,46.5609,46.5147,
50,8,1048576,8192,hyprefill,256/768/768,graph,75,38.5858,15.1140,38.6306,38.5858,
50,8,1048576,8192,hyprefill,256/768/768,graph,76,47.1996,16.0332,47.2483,47.1996,
50,8,1048576,8192,hyprefill,256/768/768,graph,77,46.9006,15.7586,46.9442,46.9006,
50,8,1048576,8192,hyprefill,256/768/768,graph,78,46.7628,15.4841,46.8108,46.7628,
50,8,1048576,8192,hyprefill,256/768/768,graph,79,41.2405,15.4204,41.2883,41.2405,
50,8,1048576,8192,hyprefill,256/768/768,graph,80,41.1724,16.5188,41.2174,41.1724,
50,8,1048576,8192,hyprefill,256/768/768,graph,81,44.2988,15.1776,44.3432,44.2988,
50,8,1048576,8192,hyprefill,256/768/768,graph,82,46.4402,15.2095,46.4848,46.4402,
50,8,1048576,8192,hyprefill,256/768/768,graph,83,46.5427,14.6603,46.5876,46.5427,
50,8,1048576,8192,hyprefill,256/768/768,graph,84,46.1652,15.7586,46.2102,46.1652,
50,8,1048576,8192,hyprefill,256/768/768,graph,85,44.7917,14.9031,44.8366,44.7917,
50,8,1048576,8192,hyprefill,256/768/768,graph,86,46.7343,15.4841,46.7789,46.7343,
50,8,1048576,8192,hyprefill,256/768/768,graph,87,47.2994,15.7586,47.3449,47.2994,
50,8,1048576,8192,hyprefill,256/768/768,graph,88,46.6045,15.2095,46.6501,46.6045,
50,8,1048576,8192,hyprefill,256/768/768,graph,89,41.4886,15.6950,41.5341,41.4886,
50,8,1048576,8192,hyprefill,256/768/768,graph,90,41.5828,16.5188,41.6283,41.5828,
50,8,1048576,8192,hyprefill,256/768/768,graph,91,41.8504,15.6950,41.8959,41.8504,
50,8,1048576,8192,hyprefill,256/768/768,graph,92,44.4829,16.0014,44.5281,44.4829,
50,8,1048576,8192,hyprefill,256/768/768,graph,93,46.8037,15.4841,46.8481,46.8037,
50,8,1048576,8192,hyprefill,256/768/768,graph,94,47.1305,16.0332,47.1755,47.1305,
50,8,1048576,8192,hyprefill,256/768/768,graph,95,44.6448,15.1776,44.6894,44.6448,
50,8,1048576,8192,hyprefill,256/768/768,graph,96,46.3849,14.9349,46.4313,46.3849,
50,8,1048576,8192,hyprefill,256/768/768,graph,97,45.3167,14.9349,45.3637,45.3167,
50,8,1048576,8192,hyprefill,256/768/768,graph,98,45.1807,14.9349,45.2289,45.1807,
50,8,1048576,8192,hyprefill,256/768/768,graph,99,41.8830,14.3220,41.9283,41.8830,
50,8,1048576,8192,hyprefill,256/768/768,graph,100,43.0896,17.0998,43.1362,43.0896,
50,8,1048576,8192,hyprefill,256/768/768,graph,101,45.5583,14.9031,45.6030,45.5583,
50,8,1048576,8192,hyprefill,256/768/768,graph,102,44.1323,16.2760,44.1763,44.1323,
50,8,1048576,8192,hyprefill,256/768/768,graph,103,47.1008,14.6603,47.1497,47.1008,
50,8,1048576,8192,hyprefill,256/768/768,graph,104,46.2696,16.0332,46.3152,46.2696,
50,8,1048576,8192,hyprefill,256/768/768,graph,105,44.7092,15.1776,44.7534,44.7092,
50,8,1048576,8192,hyprefill,256/768/768,graph,106,47.6898,15.7586,47.7359,47.6898,
50,8,1048576,8192,hyprefill,256/768/768,graph,107,46.8422,15.4841,46.8837,46.8422,
50,8,1048576,8192,hyprefill,256/768/768,graph,108,46.2291,15.4841,46.2769,46.2291,
50,8,1048576,8192,hyprefill,256/768/768,graph,109,44.9930,14.9031,45.0389,44.9930,
50,8,1048576,8192,hyprefill,256/768/768,graph,110,47.1058,16.3078,47.1491,47.1058,
50,8,1048576,8192,hyprefill,256/768/768,graph,111,44.5389,15.1776,44.5836,44.5389,
50,8,1048576,8192,hyprefill,256/768/768,graph,112,44.2141,16.0014,44.2690,44.2141,
50,8,1048576,8192,hyprefill,256/768/768,graph,113,44.4124,15.7268,44.4560,44.4124,
50,8,1048576,8192,hyprefill,256/768/768,graph,114,46.2603,15.7586,46.3052,46.2603,
50,8,1048576,8192,hyprefill,256/768/768,graph,115,44.6812,14.9031,44.7308,44.6812,
50,8,1048576,8192,hyprefill,256/768/768,graph,116,46.7844,15.4841,46.8334,46.7844,
50,8,1048576,8192,hyprefill,256/768/768,graph,117,46.5572,15.7586,46.6037,46.5572,
50,8,1048576,8192,hyprefill,256/768/768,graph,118,47.6797,14.6603,47.7310,47.6797,
50,8,1048576,8192,hyprefill,256/768/768,graph,119,44.0035,14.6285,44.0488,44.0035,
50,8,1048576,8192,hyprefill,256/768/768,graph,120,46.4116,16.5824,46.4594,46.4116,
50,8,1048576,8192,hyprefill,256/768/768,graph,121,47.3012,14.6603,47.3491,47.3012,
50,8,1048576,8192,hyprefill,256/768/768,graph,122,41.0099,15.6950,41.0554,41.0099,
50,8,1048576,8192,hyprefill,256/768/768,graph,123,44.2383,15.7268,44.2875,44.2383,
50,8,1048576,8192,hyprefill,256/768/768,graph,124,46.2367,15.7586,46.2951,46.2367,
50,8,1048576,8192,hyprefill,256/768/768,graph,125,44.7237,15.4522,44.7699,44.7237,
50,8,1048576,8192,hyprefill,256/768/768,graph,126,46.1104,14.9349,46.1573,46.1104,
50,8,1048576,8192,hyprefill,256/768/768,graph,127,45.6786,15.4841,45.7278,45.6786,
50,8,1048576,8192,hyprefill,256/768/768,graph,128,45.9452,14.6603,45.9934,45.9452,
50,8,1048576,8192,hyprefill,256/768/768,graph,129,45.1024,14.9031,45.1509,45.1024,
50,8,1048576,8192,hyprefill,256/768/768,graph,130,46.7113,15.4841,46.7585,46.7113,
50,8,1048576,8192,hyprefill,256/768/768,graph,131,45.5447,14.9349,45.5924,45.5447,
50,8,1048576,8192,hyprefill,256/768/768,graph,132,44.4808,15.4522,44.5262,44.4808,
50,8,1048576,8192,hyprefill,256/768/768,graph,133,44.0582,15.7268,44.1133,44.0582,
50,8,1048576,8192,hyprefill,256/768/768,graph,134,44.2187,16.0014,44.2648,44.2187,
50,8,1048576,8192,hyprefill,256/768/768,graph,135,46.7937,15.2095,46.8387,46.7937,
50,8,1048576,8192,hyprefill,256/768/768,graph,136,46.3389,14.9349,46.3851,46.3389,
50,8,1048576,8192,hyprefill,256/768/768,graph,137,45.9628,15.4841,46.0083,45.9628,
50,8,1048576,8192,hyprefill,256/768/768,graph,138,46.5272,15.2095,46.5768,46.5272,
50,8,1048576,8192,hyprefill,256/768/768,graph,139,47.2709,15.2095,47.3157,47.2709,
50,8,1048576,8192,hyprefill,256/768/768,graph,140,47.2063,15.7586,47.2538,47.2063,
50,8,1048576,8192,hyprefill,256/768/768,graph,141,45.4584,14.9349,45.5083,45.4584,
50,8,1048576,8192,hyprefill,256/768/768,graph,142,44.7980,15.4522,44.8446,44.7980,
50,8,1048576,8192,hyprefill,256/768/768,graph,143,44.0163,16.2760,44.0639,44.0163,
50,8,1048576,8192,hyprefill,256/768/768,graph,144,44.8117,16.0014,44.8574,44.8117,
50,8,1048576,8192,hyprefill,256/768/768,graph,145,44.5723,16.0014,44.6178,44.5723,
50,8,1048576,8192,hyprefill,256/768/768,graph,146,46.6811,15.2095,46.7290,46.6811,
50,8,1048576,8192,hyprefill,256/768/768,graph,147,46.6198,14.9349,46.6704,46.6198,
50,8,1048576,8192,hyprefill,256/768/768,graph,148,47.0379,15.4841,47.0869,47.0379,
50,8,1048576,8192,hyprefill,256/768/768,graph,149,46.9594,15.2095,47.0053,46.9594,
50,8,1048576,8192,hyprefill,256/768/768,graph,150,46.5827,15.2095,46.6298,46.5827,
50,8,1048576,8192,hyprefill,256/768/768,graph,151,46.4760,15.4841,46.5218,46.4760,
50,8,1048576,8192,hyprefill,256/768/768,graph,152,47.6379,15.2095,47.6842,47.6379,
50,8,1048576,8192,hyprefill,256/768/768,graph,153,44.3123,15.7268,44.3599,44.3123,
50,8,1048576,8192,hyprefill,256/768/768,graph,154,44.4094,16.0014,44.4568,44.4094,
50,8,1048576,8192,hyprefill,256/768/768,graph,155,46.3201,14.6603,46.3696,46.3201,
50,8,1048576,8192,hyprefill,256/768/768,graph,156,46.3463,15.7586,46.4059,46.3463,
50,8,1048576,8192,hyprefill,256/768/768,graph,157,46.2972,14.9349,46.3468,46.2972,
50,8,1048576,8192,hyprefill,256/768/768,graph,158,44.2252,15.4522,44.2734,44.2252,
50,8,1048576,8192,hyprefill,256/768/768,graph,159,44.4434,16.0014,44.4898,44.4434,
50,8,1048576,8192,hyprefill,256/768/768,graph,160,46.4431,15.2095,46.4922,46.4431,
50,8,1048576,8192,hyprefill,256/768/768,graph,161,47.2668,15.4841,47.3139,47.2668,
50,8,1048576,8192,hyprefill,256/768/768,graph,162,46.3387,14.3857,46.3965,46.3387,
50,8,1048576,8192,hyprefill,256/768/768,graph,163,46.7043,15.4841,46.7561,46.7043,
50,8,1048576,8192,hyprefill,256/768/768,graph,164,44.6000,15.4522,44.6468,44.6000,
50,8,1048576,8192,hyprefill,256/768/768,graph,165,46.4069,15.2095,46.4542,46.4069,
50,8,1048576,8192,hyprefill,256/768/768,graph,166,47.0374,15.7586,47.0828,47.0374,
50,8,1048576,8192,hyprefill,256/768/768,graph,167,47.6647,15.4841,47.7109,47.6647,
50,8,1048576,8192,hyprefill,256/768/768,graph,168,41.2949,15.6950,41.3496,41.2949,
50,8,1048576,8192,hyprefill,256/768/768,graph,169,44.9081,16.2760,44.9547,44.9081,
50,8,1048576,8192,hyprefill,256/768/768,graph,170,46.1678,14.9349,46.2203,46.1678,
50,8,1048576,8192,hyprefill,256/768/768,graph,171,46.3760,15.2095,46.4232,46.3760,
50,8,1048576,8192,hyprefill,256/768/768,graph,172,44.4044,15.1776,44.4481,44.4044,
50,8,1048576,8192,hyprefill,256/768/768,graph,173,46.6106,15.7586,46.6666,46.6106,
50,8,1048576,8192,hyprefill,256/768/768,graph,174,47.1696,15.2095,47.2199,47.1696,
50,8,1048576,8192,hyprefill,256/768/768,graph,175,46.9305,14.9349,46.9777,46.9305,
50,8,1048576,8192,hyprefill,256/768/768,graph,176,45.6081,15.2095,45.6566,45.6081,
50,8,1048576,8192,hyprefill,256/768/768,graph,177,46.6168,14.9349,46.6642,46.6168,
50,8,1048576,8192,hyprefill,256/768/768,graph,178,43.9049,15.1776,43.9564,43.9049,
50,8,1048576,8192,hyprefill,256/768/768,graph,179,46.6779,15.7586,46.7289,46.6779,
50,8,1048576,8192,hyprefill,256/768/768,graph,180,47.2422,15.2095,47.2908,47.2422,
50,8,1048576,8192,hyprefill,256/768/768,graph,181,46.9366,16.0332,46.9903,46.9366,
50,8,1048576,8192,hyprefill,256/768/768,graph,182,47.0441,14.9349,47.0966,47.0441,
50,8,1048576,8192,hyprefill,256/768/768,graph,183,46.7349,15.4841,46.7914,46.7349,
50,8,1048576,8192,hyprefill,256/768/768,graph,184,44.6263,15.7268,44.6798,44.6263,
50,8,1048576,8192,hyprefill,256/768/768,graph,185,46.7028,14.9349,46.7541,46.7028,
50,8,1048576,8192,hyprefill,256/768/768,graph,186,43.7764,15.4522,43.8216,43.7764,
50,8,1048576,8192,hyprefill,256/768/768,graph,187,45.5894,14.9349,45.6396,45.5894,
50,8,1048576,8192,hyprefill,256/768/768,graph,188,44.3524,15.1776,44.4059,44.3524,
50,8,1048576,8192,hyprefill,256/768/768,graph,189,44.2639,16.2760,44.3144,44.2639,
50,8,1048576,8192,hyprefill,256/768/768,graph,190,46.2731,14.6603,46.3247,46.2731,
50,8,1048576,8192,hyprefill,256/768/768,graph,191,45.8892,15.4841,45.9384,45.8892,
50,8,1048576,8192,hyprefill,256/768/768,graph,192,46.6911,14.9349,46.7432,46.6911,
50,8,1048576,8192,hyprefill,256/768/768,graph,193,47.0567,15.4841,47.1174,47.0567,
50,8,1048576,8192,hyprefill,256/768/768,graph,194,44.7088,15.4522,44.7701,44.7088,
50,8,1048576,8192,hyprefill,256/768/768,graph,195,47.8582,14.9349,47.9040,47.8582,
50,8,1048576,8192,hyprefill,256/768/768,graph,196,46.3380,15.2095,46.3927,46.3380,
50,8,1048576,8192,hyprefill,256/768/768,graph,197,46.1818,15.7586,46.2325,46.1818,
50,8,1048576,8192,hyprefill,256/768/768,graph,198,44.7905,15.4522,44.8487,44.7905,
50,8,1048576,8192,hyprefill,256/768/768,graph,199,44.0212,16.5506,44.0782,44.0212,
50,8,1048576,8192,hyprefill,256/256/256,graph,0,45.0799,17.6490,45.1308,45.0799,
50,8,1048576,8192,hyprefill,256/256/256,graph,1,44.9176,17.6490,44.9660,44.9176,
50,8,1048576,8192,hyprefill,256/256/256,graph,2,45.2299,17.6490,45.2871,45.2299,
50,8,1048576,8192,hyprefill,256/256/256,graph,3,44.7913,17.6490,44.8520,44.7913,
50,8,1048576,8192,hyprefill,256/256/256,graph,4,45.1371,17.6490,45.1881,45.1371,
50,8,1048576,8192,hyprefill,256/256/256,graph,5,45.1087,17.6490,45.1577,45.1087,
50,8,1048576,8192,hyprefill,256/256/256,graph,6,45.0131,17.6490,45.0614,45.0131,
50,8,1048576,8192,hyprefill,256/256/256,graph,7,45.0892,17.6490,45.1361,45.0892,
50,8,1048576,8192,hyprefill,256/256/256,graph,8,45.1337,17.6490,45.1892,45.1337,
50,8,1048576,8192,hyprefill,256/256/256,graph,9,45.0482,17.6490,45.1008,45.0482,
50,8,1048576,8192,hyprefill,256/256/256,graph,10,44.9983,17.6490,45.0432,44.9983,
50,8,1048576,8192,hyprefill,256/256/256,graph,11,45.2650,17.6490,45.3099,45.2650,
50,8,1048576,8192,hyprefill,256/256/256,graph,12,45.2119,17.6490,45.2571,45.2119,
50,8,1048576,8192,hyprefill,256/256/256,graph,13,45.4259,17.6490,45.4696,45.4259,
50,8,1048576,8192,hyprefill,256/256/256,graph,14,45.3290,17.6490,45.4102,45.3290,
50,8,1048576,8192,hyprefill,256/256/256,graph,15,46.0539,17.6490,46.1097,46.0539,
50,8,1048576,8192,hyprefill,256/256/256,graph,16,45.2588,17.9235,45.3056,45.2588,
50,8,1048576,8192,hyprefill,256/256/256,graph,17,45.4653,17.9235,45.5125,45.4653,
50,8,1048576,8192,hyprefill,256/256/256,graph,18,46.2226,18.1981,46.2817,46.2226,
50,8,1048576,8192,hyprefill,256/256/256,graph,19,45.6509,18.1981,45.7003,45.6509,
50,8,1048576,8192,hyprefill,256/256/256,graph,20,46.5237,18.4727,46.5757,46.5237,
50,8,1048576,8192,hyprefill,256/256/256,graph,21,45.8322,18.4727,45.8860,45.8322,
50,8,1048576,8192,hyprefill,256/256/256,graph,22,46.2958,18.4727,46.3442,46.2958,
50,8,1048576,8192,hyprefill,256/256/256,graph,23,45.9255,18.4727,45.9733,45.9255,
50,8,1048576,8192,hyprefill,256/256/256,graph,24,46.4816,18.4727,46.5336,46.4816,
50,8,1048576,8192,hyprefill,256/256/256,graph,25,45.8824,18.4727,45.9471,45.8824,
50,8,1048576,8192,hyprefill,256/256/256,graph,26,46.1831,18.4727,46.2400,46.1831,
50,8,1048576,8192,hyprefill,256/256/256,graph,27,47.0612,18.4727,47.1119,47.0612,
50,8,1048576,8192,hyprefill,256/256/256,graph,28,46.6003,18.4727,46.6588,46.6003,
50,8,1048576,8192,hyprefill,256/256/256,graph,29,46.5178,18.4727,46.5698,46.5178,
50,8,1048576,8192,hyprefill,256/256/256,graph,30,45.6521,18.4727,45.7103,45.6521,
50,8,1048576,8192,hyprefill,256/256/256,graph,31,45.9380,18.4727,45.9920,45.9380,
50,8,1048576,8192,hyprefill,256/256/256,graph,32,46.1725,18.4727,46.2217,46.1725,
50,8,1048576,8192,hyprefill,256/256/256,graph,33,45.6503,18.4727,45.6978,45.6503,
50,8,1048576,8192,hyprefill,256/256/256,graph,34,46.0369,18.4727,46.0863,46.0369,
50,8,1048576,8192,hyprefill,256/256/256,graph,35,45.8278,18.4727,45.8789,45.8278,
50,8,1048576,8192,hyprefill,256/256/256,graph,36,46.4517,18.4727,46.4991,46.4517,
50,8,1048576,8192,hyprefill,256/256/256,graph,37,46.0264,18.4727,46.0729,46.0264,
50,8,1048576,8192,hyprefill,256/256/256,graph,38,45.9526,18.4727,46.0037,45.9526,
50,8,1048576,8192,hyprefill,256/256/256,graph,39,45.7856,18.4727,45.8344,45.7856,
50,8,1048576,8192,hyprefill,256/256/256,graph,40,46.0317,18.4727,46.0876,46.0317,
50,8,1048576,8192,hyprefill,256/256/256,graph,41,45.6429,18.4727,45.6906,45.6429,
50,8,1048576,8192,hyprefill,256/256/256,graph,42,46.0998,18.4727,46.1500,46.0998,
50,8,1048576,8192,hyprefill,256/256/256,graph,43,46.1552,18.4727,46.2035,46.1552,
50,8,1048576,8192,hyprefill,256/256/256,graph,44,46.3101,18.4727,46.3600,46.3101,
50,8,1048576,8192,hyprefill,256/256/256,graph,45,46.0982,18.4727,46.1504,46.0982,
50,8,1048576,8192,hyprefill,256/256/256,graph,46,45.7894,18.4727,45.8366,45.7894,
50,8,1048576,8192,hyprefill,256/256/256,graph,47,45.9473,18.4727,45.9953,45.9473,
50,8,1048576,8192,hyprefill,256/256/256,graph,48,45.8565,18.4727,45.9081,45.8565,
50,8,1048576,8192,hyprefill,256/256/256,graph,49,46.4663,18.4727,46.5133,46.4663,
50,8,1048576,8192,hyprefill,256/256/256,graph,50,45.9603,18.4727,46.0074,45.9603,
50,8,1048576,8192,hyprefill,256/256/256,graph,51,45.9737,18.4727,46.0189,45.9737,
50,8,1048576,8192,hyprefill,256/256/256,graph,52,46.2986,18.4727,46.3454,46.2986,
50,8,1048576,8192,hyprefill,256/256/256,graph,53,46.4885,18.4727,46.5373,46.4885,
50,8,1048576,8192,hyprefill,256/256/256,graph,54,46.1413,18.4727,46.1924,46.1413,
50,8,1048576,8192,hyprefill,256/256/256,graph,55,45.6598,18.4727,45.7059,45.6598,
50,8,1048576,8192,hyprefill,256/256/256,graph,56,46.4003,18.4727,46.4460,46.4003,
50,8,1048576,8192,hyprefill,256/256/256,graph,57,45.6756,18.4727,45.7294,45.6756,
50,8,1048576,8192,hyprefill,256/256/256,graph,58,46.1066,18.4727,46.1728,46.1066,
50,8,1048576,8192,hyprefill,256/256/256,graph,59,45.9803,18.4727,46.0279,45.9803,
50,8,1048576,8192,hyprefill,256/256/256,graph,60,45.9563,18.1981,46.0021,45.9563,
50,8,1048576,8192,hyprefill,256/256/256,graph,61,46.3491,18.1981,46.3956,46.3491,
50,8,1048576,8192,hyprefill,256/256/256,graph,62,45.7982,18.4727,45.8480,45.7982,
50,8,1048576,8192,hyprefill,256/256/256,graph,63,46.6505,18.1981,46.7071,46.6505,
50,8,1048576,8192,hyprefill,256/256/256,graph,64,45.7524,18.4727,45.8156,45.7524,
50,8,1048576,8192,hyprefill,256/256/256,graph,65,46.2312,18.1981,46.2759,46.2312,
50,8,1048576,8192,hyprefill,256/256/256,graph,66,45.5943,18.4727,45.6438,45.5943,
50,8,1048576,8192,hyprefill,256/256/256,graph,67,46.1860,18.4727,46.2384,46.1860,
50,8,1048576,8192,hyprefill,256/256/256,graph,68,45.8220,18.4727,45.8679,45.8220,
50,8,1048576,8192,hyprefill,256/256/256,graph,69,45.9427,18.4727,45.9886,45.9427,
50,8,1048576,8192,hyprefill,256/256/256,graph,70,46.0867,18.4727,46.1366,46.0867,
50,8,1048576,8192,hyprefill,256/256/256,graph,71,46.0720,18.4727,46.1178,46.0720,
50,8,1048576,8192,hyprefill,256/256/256,graph,72,46.1418,18.1981,46.1907,46.1418,
50,8,1048576,8192,hyprefill,256/256/256,graph,73,45.6650,18.1981,45.7131,45.6650,
50,8,1048576,8192,hyprefill,256/256/256,graph,74,45.6786,17.9235,45.7243,45.6786,
50,8,1048576,8192,hyprefill,256/256/256,graph,75,45.3398,17.9235,45.3929,45.3398,
50,8,1048576,8192,hyprefill,256/256/256,graph,76,45.7870,17.6490,45.8323,45.7870,
50,8,1048576,8192,hyprefill,256/256/256,graph,77,45.0969,17.6490,45.1423,45.0969,
50,8,1048576,8192,hyprefill,256/256/256,graph,78,45.1837,17.6490,45.2278,45.1837,
50,8,1048576,8192,hyprefill,256/256/256,graph,79,44.9752,17.6490,45.0198,44.9752,
50,8,1048576,8192,hyprefill,256/256/256,graph,80,45.4449,17.6490,45.4893,45.4449,
50,8,1048576,8192,hyprefill,256/256/256,graph,81,44.9979,17.6490,45.0406,44.9979,
50,8,1048576,8192,hyprefill,256/256/256,graph,82,45.0591,17.6490,45.1037,45.0591,
50,8,1048576,8192,hyprefill,256/256/256,graph,83,45.3277,17.6490,45.3720,45.3277,
50,8,1048576,8192,hyprefill,256/256/256,graph,84,45.0032,17.6490,45.0543,45.0032,
50,8,1048576,8192,hyprefill,256/256/256,graph,85,45.3524,17.6490,45.3972,45.3524,
50,8,1048576,8192,hyprefill,256/256/256,graph,86,45.0610,17.6490,45.1065,45.0610,
50,8,1048576,8192,hyprefill,256/256/256,graph,87,45.2905,17.6490,45.3460,45.2905,
50,8,1048576,8192,hyprefill,256/256/256,graph,88,45.0359,17.6490,45.0841,45.0359,
50,8,1048576,8192,hyprefill,256/256/256,graph,89,45.2104,17.6490,45.2670,45.2104,
50,8,1048576,8192,hyprefill,256/256/256,graph,90,45.0765,17.6490,45.1291,45.0765,
50,8,1048576,8192,hyprefill,256/256/256,graph,91,45.3405,17.6490,45.3868,45.3405,
50,8,1048576,8192,hyprefill,256/256/256,graph,92,45.3727,17.6490,45.4184,45.3727,
50,8,1048576,8192,hyprefill,256/256/256,graph,93,45.2166,17.6490,45.2623,45.2166,
50,8,1048576,8192,hyprefill,256/256/256,graph,94,45.2649,17.6490,45.3111,45.2649,
50,8,1048576,8192,hyprefill,256/256/256,graph,95,45.0401,17.6490,45.0875,45.0401,
50,8,1048576,8192,hyprefill,256/256/256,graph,96,45.2164,17.6490,45.2636,45.2164,
50,8,1048576,8192,hyprefill,256/256/256,graph,97,44.9164,17.6490,44.9626,44.9164,
50,8,1048576,8192,hyprefill,256/256/256,graph,98,45.1748,17.6490,45.2211,45.1748,
50,8,1048576,8192,hyprefill,256/256/256,graph,99,44.7957,17.6490,44.8398,44.7957,
50,8,1048576,8192,hyprefill,256/256/256,graph,100,45.1616,17.6490,45.2191,45.1616,
50,8,1048576,8192,hyprefill,256/256/256,graph,101,44.8312,17.6490,44.8823,44.8312,
50,8,1048576,8192,hyprefill,256/256/256,graph,102,45.3339,17.6490,45.3837,45.3339,
50,8,1048576,8192,hyprefill,256/256/256,graph,103,45.0684,17.6490,45.1133,45.0684,
50,8,1048576,8192,hyprefill,256/256/256,graph,104,45.2152,17.6490,45.2607,45.2152,
50,8,1048576,8192,hyprefill,256/256/256,graph,105,45.3477,17.6490,45.3931,45.3477,
50,8,1048576,8192,hyprefill,256/256/256,graph,106,45.3884,17.6490,45.4409,45.3884,
50,8,1048576,8192,hyprefill,256/256/256,graph,107,45.1170,17.6490,45.1727,45.1170,
50,8,1048576,8192,hyprefill,256/256/256,graph,108,45.1548,17.6490,45.2056,45.1548,
50,8,1048576,8192,hyprefill,256/256/256,graph,109,45.3733,17.6490,45.4323,45.3733,
50,8,1048576,8192,hyprefill,256/256/256,graph,110,44.9061,17.6490,44.9562,44.9061,
50,8,1048576,8192,hyprefill,256/256/256,graph,111,45.6186,17.6490,45.6744,45.6186,
50,8,1048576,8192,hyprefill,256/256/256,graph,112,45.0329,17.9235,45.0832,45.0329,
50,8,1048576,8192,hyprefill,256/256/256,graph,113,46.3363,17.9235,46.3816,46.3363,
50,8,1048576,8192,hyprefill,256/256/256,graph,114,45.7511,18.1981,45.7971,45.7511,
50,8,1048576,8192,hyprefill,256/256/256,graph,115,45.6112,18.1981,45.6619,45.6112,
50,8,1048576,8192,hyprefill,256/256/256,graph,116,45.7925,18.4727,45.8481,45.7925,
50,8,1048576,8192,hyprefill,256/256/256,graph,117,46.3791,18.4727,46.4389,46.3791,
50,8,1048576,8192,hyprefill,256/256/256,graph,118,45.9654,18.4727,46.0188,45.9654,
50,8,1048576,8192,hyprefill,256/256/256,graph,119,45.7846,18.4727,45.8379,45.7846,
50,8,1048576,8192,hyprefill,256/256/256,graph,120,46.1108,18.4727,46.1625,46.1108,
50,8,1048576,8192,hyprefill,256/256/256,graph,121,46.3036,18.4727,46.3511,46.3036,
50,8,1048576,8192,hyprefill,256/256/256,graph,122,46.0625,18.4727,46.1142,46.0625,
50,8,1048576,8192,hyprefill,256/256/256,graph,123,46.0491,18.4727,46.1020,46.0491,
50,8,1048576,8192,hyprefill,256/256/256,graph,124,45.9551,18.4727,46.0055,45.9551,
50,8,1048576,8192,hyprefill,256/256/256,graph,125,46.7087,18.4727,46.7564,46.7087,
50,8,1048576,8192,hyprefill,256/256/256,graph,126,45.9216,18.4727,45.9675,45.9216,
50,8,1048576,8192,hyprefill,256/256/256,graph,127,45.7402,18.4727,45.7872,45.7402,
50,8,1048576,8192,hyprefill,256/256/256,graph,128,45.5869,18.4727,45.6388,45.5869,
50,8,1048576,8192,hyprefill,256/256/256,graph,129,46.5275,18.4727,46.5791,46.5275,
50,8,1048576,8192,hyprefill,256/256/256,graph,130,45.4134,18.4727,45.4580,45.4134,
50,8,1048576,8192,hyprefill,256/256/256,graph,131,46.4360,18.4727,46.4968,46.4360,
50,8,1048576,8192,hyprefill,256/256/256,graph,132,46.2776,18.4727,46.3255,46.2776,
50,8,1048576,8192,hyprefill,256/256/256,graph,133,46.0194,18.4727,46.0714,46.0194,
50,8,1048576,8192,hyprefill,256/256/256,graph,134,45.9135,18.4727,45.9588,45.9135,
50,8,1048576,8192,hyprefill,256/256/256,graph,135,46.4252,18.4727,46.4829,46.4252,
50,8,1048576,8192,hyprefill,256/256/256,graph,136,46.4659,18.4727,46.5177,46.4659,
50,8,1048576,8192,hyprefill,256/256/256,graph,137,46.3110,18.4727,46.3592,46.3110,
50,8,1048576,8192,hyprefill,256/256/256,graph,138,46.0626,18.4727,46.1146,46.0626,
50,8,1048576,8192,hyprefill,256/256/256,graph,139,45.7168,18.4727,45.7683,45.7168,
50,8,1048576,8192,hyprefill,256/256/256,graph,140,46.8254,18.4727,46.8736,46.8254,
50,8,1048576,8192,hyprefill,256/256/256,graph,141,45.9475,18.4727,46.0004,45.9475,
50,8,1048576,8192,hyprefill,256/256/256,graph,142,46.5556,18.4727,46.6031,46.5556,
50,8,1048576,8192,hyprefill,256/256/256,graph,143,45.9660,18.4727,46.0208,45.9660,
50,8,1048576,8192,hyprefill,256/256/256,graph,144,46.4249,18.4727,46.4770,46.4249,
50,8,1048576,8192,hyprefill,256/256/256,graph,145,45.9824,18.4727,46.0286,45.9824,
50,8,1048576,8192,hyprefill,256/256/256,graph,146,46.2807,18.4727,46.3327,46.2807,
50,8,1048576,8192,hyprefill,256/256/256,graph,147,45.9580,18.4727,46.0133,45.9580,
50,8,1048576,8192,hyprefill,256/256/256,graph,148,45.6510,18.4727,45.7051,45.6510,
50,8,1048576,8192,hyprefill,256/256/256,graph,149,45.9069,18.4727,45.9688,45.9069,
50,8,1048576,8192,hyprefill,256/256/256,graph,150,45.9304,18.4727,45.9808,45.9304,
50,8,1048576,8192,hyprefill,256/256/256,graph,151,45.8924,18.4727,45.9397,45.8924,
50,8,1048576,8192,hyprefill,256/256/256,graph,152,46.0454,18.4727,46.0965,46.0454,
50,8,1048576,8192,hyprefill,256/256/256,graph,153,46.0625,18.4727,46.1139,46.0625,
50,8,1048576,8192,hyprefill,256/256/256,graph,154,46.4400,18.4727,46.4958,46.4400,
50,8,1048576,8192,hyprefill,256/256/256,graph,155,45.9139,18.4727,45.9725,45.9139,
50,8,1048576,8192,hyprefill,256/256/256,graph,156,46.5955,18.4727,46.6500,46.5955,
50,8,1048576,8192,hyprefill,256/256/256,graph,157,46.3207,18.4727,46.3765,46.3207,
50,8,1048576,8192,hyprefill,256/256/256,graph,158,46.0894,18.4727,46.1399,46.0894,
50,8,1048576,8192,hyprefill,256/256/256,graph,159,45.9428,18.4727,45.9898,45.9428,
50,8,1048576,8192,hyprefill,256/256/256,graph,160,46.0761,18.4727,46.1239,46.0761,
50,8,1048576,8192,hyprefill,256/256/256,graph,161,45.9021,18.4727,45.9516,45.9021,
50,8,1048576,8192,hyprefill,256/256/256,graph,162,45.9977,18.4727,46.0428,45.9977,
50,8,1048576,8192,hyprefill,256/256/256,graph,163,46.4522,18.4727,46.5005,46.4522,
50,8,1048576,8192,hyprefill,256/256/256,graph,164,46.0409,18.4727,46.0906,46.0409,
50,8,1048576,8192,hyprefill,256/256/256,graph,165,46.3624,18.4727,46.4111,46.3624,
50,8,1048576,8192,hyprefill,256/256/256,graph,166,45.8285,18.4727,45.8790,45.8285,
50,8,1048576,8192,hyprefill,256/256/256,graph,167,45.9690,18.4727,46.0183,45.9690,
50,8,1048576,8192,hyprefill,256/256/256,graph,168,46.0668,18.1981,46.1214,46.0668,
50,8,1048576,8192,hyprefill,256/256/256,graph,169,45.6420,18.1981,45.6893,45.6420,
50,8,1048576,8192,hyprefill,256/256/256,graph,170,45.7001,17.9235,45.7452,45.7001,
50,8,1048576,8192,hyprefill,256/256/256,graph,171,45.6330,17.9235,45.6777,45.6330,
50,8,1048576,8192,hyprefill,256/256/256,graph,172,45.5274,17.6490,45.5700,45.5274,
50,8,1048576,8192,hyprefill,256/256/256,graph,173,45.1440,17.6490,45.1912,45.1440,
50,8,1048576,8192,hyprefill,256/256/256,graph,174,45.1843,17.6490,45.2312,45.1843,
50,8,1048576,8192,hyprefill,256/256/256,graph,175,44.8918,17.6490,44.9370,44.8918,
50,8,1048576,8192,hyprefill,256/256/256,graph,176,44.9740,17.6490,45.0272,44.9740,
50,8,1048576,8192,hyprefill,256/256/256,graph,177,44.7771,17.6490,44.8241,44.7771,
50,8,1048576,8192,hyprefill,256/256/256,graph,178,45.0859,17.6490,45.1349,45.0859,
50,8,1048576,8192,hyprefill,256/256/256,graph,179,45.2316,17.6490,45.2765,45.2316,
50,8,1048576,8192,hyprefill,256/256/256,graph,180,45.0620,17.6490,45.1071,45.0620,
50,8,1048576,8192,hyprefill,256/256/256,graph,181,45.3999,17.6490,45.4449,45.3999,
50,8,1048576,8192,hyprefill,256/256/256,graph,182,45.2116,17.6490,45.2566,45.2116,
50,8,1048576,8192,hyprefill,256/256/256,graph,183,45.1642,17.6490,45.2086,45.1642,
50,8,1048576,8192,hyprefill,256/256/256,graph,184,45.1541,17.6490,45.1996,45.1541,
50,8,1048576,8192,hyprefill,256/256/256,graph,185,45.2479,17.6490,45.2932,45.2479,
50,8,1048576,8192,hyprefill,256/256/256,graph,186,45.1009,17.6490,45.1497,45.1009,
50,8,1048576,8192,hyprefill,256/256/256,graph,187,45.3233,17.6490,45.3705,45.3233,
50,8,1048576,8192,hyprefill,256/256/256,graph,188,44.9750,17.6490,45.0197,44.9750,
50,8,1048576,8192,hyprefill,256/256/256,graph,189,45.3800,17.6490,45.4338,45.3800,
50,8,1048576,8192,hyprefill,256/256/256,graph,190,45.2002,17.6490,45.2438,45.2002,
50,8,1048576,8192,hyprefill,256/256/256,graph,191,45.3216,17.6490,45.3654,45.3216,
50,8,1048576,8192,hyprefill,256/256/256,graph,192,45.2171,17.6490,45.2639,45.2171,
50,8,1048576,8192,hyprefill,256/256/256,graph,193,45.0132,17.6490,45.0592,45.0132,
50,8,1048576,8192,hyprefill,256/256/256,graph,194,45.1839,17.6490,45.2280,45.1839,
50,8,1048576,8192,hyprefill,256/256/256,graph,195,44.8653,17.6490,44.9105,44.8653,
50,8,1048576,8192,hyprefill,256/256/256,graph,196,45.1767,17.6490,45.2206,45.1767,
50,8,1048576,8192,hyprefill,256/256/256,graph,197,44.8208,17.6490,44.8685,44.8208,
50,8,1048576,8192,hyprefill,256/256/256,graph,198,45.1155,17.6490,45.1717,45.1155,
50,8,1048576,8192,hyprefill,256/256/256,graph,199,45.0511,17.6490,45.1032,45.0511,
50,8,1048576,8192,hyprefill,512/512/512,graph,0,45.8098,15.1140,45.8622,45.8098,
50,8,1048576,8192,hyprefill,512/512/512,graph,1,41.1056,15.3568,41.1521,41.1056,
50,8,1048576,8192,hyprefill,512/512/512,graph,2,41.8584,15.9059,41.9041,41.8584,
50,8,1048576,8192,hyprefill,512/512/512,graph,3,41.2560,15.9059,41.3020,41.2560,
50,8,1048576,8192,hyprefill,512/512/512,graph,4,41.3356,15.9059,41.3804,41.3356,
50,8,1048576,8192,hyprefill,512/512/512,graph,5,41.0886,15.6314,41.1340,41.0886,
50,8,1048576,8192,hyprefill,512/512/512,graph,6,41.1884,16.1805,41.2361,41.1884,
50,8,1048576,8192,hyprefill,512/512/512,graph,7,41.5001,15.6314,41.5467,41.5001,
50,8,1048576,8192,hyprefill,512/512/512,graph,8,40.8850,15.9059,40.9352,40.8850,
50,8,1048576,8192,hyprefill,512/512/512,graph,9,41.1826,15.6314,41.2307,41.1826,
50,8,1048576,8192,hyprefill,512/512/512,graph,10,45.9122,14.8394,45.9628,45.9122,
50,8,1048576,8192,hyprefill,512/512/512,graph,11,41.1692,15.9059,41.2154,41.1692,
50,8,1048576,8192,hyprefill,512/512/512,graph,12,41.5498,15.9059,41.5946,41.5498,
50,8,1048576,8192,hyprefill,512/512/512,graph,13,41.1473,15.9059,41.1950,41.1473,
50,8,1048576,8192,hyprefill,512/512/512,graph,14,41.3708,15.6314,41.4185,41.3708,
50,8,1048576,8192,hyprefill,512/512/512,graph,15,41.5296,15.9059,41.5753,41.5296,
50,8,1048576,8192,hyprefill,512/512/512,graph,16,41.3264,15.9059,41.3798,41.3264,
50,8,1048576,8192,hyprefill,512/512/512,graph,17,41.7078,15.9059,41.7554,41.7078,
50,8,1048576,8192,hyprefill,512/512/512,graph,18,41.1263,15.6314,41.1731,41.1263,
50,8,1048576,8192,hyprefill,512/512/512,graph,19,45.4698,15.1140,45.5172,45.4698,
50,8,1048576,8192,hyprefill,512/512/512,graph,20,41.1774,15.9059,41.2273,41.1774,
50,8,1048576,8192,hyprefill,512/512/512,graph,21,41.3070,16.1805,41.3512,41.3070,
50,8,1048576,8192,hyprefill,512/512/512,graph,22,41.3292,15.6314,41.3750,41.3292,
50,8,1048576,8192,hyprefill,512/512/512,graph,23,41.3874,16.1805,41.4331,41.3874,
50,8,1048576,8192,hyprefill,512/512/512,graph,24,41.4419,15.6314,41.4864,41.4419,
50,8,1048576,8192,hyprefill,512/512/512,graph,25,41.2163,16.1805,41.2633,41.2163,
50,8,1048576,8192,hyprefill,512/512/512,graph,26,41.1570,15.6314,41.2116,41.1570,
50,8,1048576,8192,hyprefill,512/512/512,graph,27,45.0616,15.1140,45.1131,45.0616,
50,8,1048576,8192,hyprefill,512/512/512,graph,28,35.6313,15.5995,35.6767,35.6313,
50,8,1048576,8192,hyprefill,512/512/512,graph,29,45.5813,15.6632,45.6280,45.5813,
50,8,1048576,8192,hyprefill,512/512/512,graph,30,41.1494,15.0822,41.1980,41.1494,
50,8,1048576,8192,hyprefill,512/512/512,graph,31,41.5307,16.1805,41.5822,41.5307,
50,8,1048576,8192,hyprefill,512/512/512,graph,32,41.0837,15.6314,41.1289,41.0837,
50,8,1048576,8192,hyprefill,512/512/512,graph,33,41.1701,15.9059,41.2191,41.1701,
50,8,1048576,8192,hyprefill,512/512/512,graph,34,45.9830,14.8394,46.0319,45.9830,
50,8,1048576,8192,hyprefill,512/512/512,graph,35,41.4532,15.9059,41.5092,41.4532,
50,8,1048576,8192,hyprefill,512/512/512,graph,36,40.9553,16.1805,41.0076,40.9553,
50,8,1048576,8192,hyprefill,512/512/512,graph,37,41.4428,15.9059,41.4896,41.4428,
50,8,1048576,8192,hyprefill,512/512/512,graph,38,41.3404,16.1805,41.3864,41.3404,
50,8,1048576,8192,hyprefill,512/512/512,graph,39,41.7652,15.6314,41.8108,41.7652,
50,8,1048576,8192,hyprefill,512/512/512,graph,40,41.0221,15.9059,41.0678,41.0221,
50,8,1048576,8192,hyprefill,512/512/512,graph,41,41.1566,15.6314,41.2027,41.1566,
50,8,1048576,8192,hyprefill,512/512/512,graph,42,41.1908,15.6314,41.2432,41.1908,
50,8,1048576,8192,hyprefill,512/512/512,graph,43,46.5415,15.1140,46.5944,46.5415,
50,8,1048576,8192,hyprefill,512/512/512,graph,44,41.7044,15.6314,41.7509,41.7044,
50,8,1048576,8192,hyprefill,512/512/512,graph,45,40.7848,15.9059,40.8286,40.7848,
50,8,1048576,8192,hyprefill,512/512/512,graph,46,41.0469,15.9059,41.0932,41.0469,
50,8,1048576,8192,hyprefill,512/512/512,graph,47,41.2341,16.1805,41.2852,41.2341,
50,8,1048576,8192,hyprefill,512/512/512,graph,48,41.8858,15.9059,41.9368,41.8858,
50,8,1048576,8192,hyprefill,512/512/512,graph,49,41.6152,16.1805,41.6615,41.6152,
50,8,1048576,8192,hyprefill,512/512/512,graph,50,41.6594,15.9059,41.7048,41.6594,
50,8,1048576,8192,hyprefill,512/512/512,graph,51,45.6388,15.1140,45.6869,45.6388,
50,8,1048576,8192,hyprefill,512/512/512,graph,52,42.1654,15.6314,42.2295,42.1654,
50,8,1048576,8192,hyprefill,512/512/512,graph,53,40.9848,16.4551,41.0379,40.9848,
50,8,1048576,8192,hyprefill,512/512/512,graph,54,41.8888,15.9059,41.9380,41.8888,
50,8,1048576,8192,hyprefill,512/512/512,graph,55,41.4124,16.1805,41.4592,41.4124,
50,8,1048576,8192,hyprefill,512/512/512,graph,56,41.5959,15.9059,41.6426,41.5959,
50,8,1048576,8192,hyprefill,512/512/512,graph,57,41.1355,15.9059,41.1804,41.1355,
50,8,1048576,8192,hyprefill,512/512/512,graph,58,41.3228,15.9059,41.3829,41.3228,
50,8,1048576,8192,hyprefill,512/512/512,graph,59,45.3146,14.5648,45.3697,45.3146,
50,8,1048576,8192,hyprefill,512/512/512,graph,60,46.6432,15.1140,46.6931,46.6432,
50,8,1048576,8192,hyprefill,512/512/512,graph,61,41.0720,15.3568,41.1195,41.0720,
50,8,1048576,8192,hyprefill,512/512/512,graph,62,40.9539,16.4551,41.0000,40.9539,
50,8,1048576,8192,hyprefill,512/512/512,graph,63,41.6590,15.9059,41.7213,41.6590,
50,8,1048576,8192,hyprefill,512/512/512,graph,64,45.5985,15.1140,45.6530,45.5985,
50,8,1048576,8192,hyprefill,512/512/512,graph,65,41.4637,16.1805,41.5117,41.4637,
50,8,1048576,8192,hyprefill,512/512/512,graph,66,41.6551,16.1805,41.7010,41.6551,
50,8,1048576,8192,hyprefill,512/512/512,graph,67,44.6197,14.5648,44.6675,44.6197,
50,8,1048576,8192,hyprefill,512/512/512,graph,68,42.0703,15.6314,42.1156,42.0703,
50,8,1048576,8192,hyprefill,512/512/512,graph,69,44.8652,15.3886,44.9299,44.8652,
50,8,1048576,8192,hyprefill,512/512/512,graph,70,42.0038,15.3568,42.0519,42.0038,
50,8,1048576,8192,hyprefill,512/512/512,graph,71,40.8845,17.2789,40.9420,40.8845,
50,8,1048576,8192,hyprefill,512/512/512,graph,72,42.3425,15.3568,42.3895,42.3425,
50,8,1048576,8192,hyprefill,512/512/512,graph,73,40.9708,16.7297,41.0182,40.9708,
50,8,1048576,8192,hyprefill,512/512/512,graph,74,42.0448,15.6314,42.1009,42.0448,
50,8,1048576,8192,hyprefill,512/512/512,graph,75,45.2147,15.1140,45.2653,45.2147,
50,8,1048576,8192,hyprefill,512/512/512,graph,76,42.5474,15.6314,42.5949,42.5474,
50,8,1048576,8192,hyprefill,512/512/512,graph,77,46.0715,15.6632,46.1172,46.0715,
50,8,1048576,8192,hyprefill,512/512/512,graph,78,41.6425,15.0822,41.6880,41.6425,
50,8,1048576,8192,hyprefill,512/512/512,graph,79,41.3300,17.2789,41.3764,41.3300,
50,8,1048576,8192,hyprefill,512/512/512,graph,80,42.4300,15.6314,42.4742,42.4300,
50,8,1048576,8192,hyprefill,512/512/512,graph,81,45.8514,15.3886,45.8982,45.8514,
50,8,1048576,8192,hyprefill,512/512/512,graph,82,42.1768,15.9059,42.2223,42.1768,
50,8,1048576,8192,hyprefill,512/512/512,graph,83,45.1801,15.1140,45.2267,45.1801,
50,8,1048576,8192,hyprefill,512/512/512,graph,84,42.2869,15.3568,42.3320,42.2869,
50,8,1048576,8192,hyprefill,512/512/512,graph,85,45.5508,14.8394,45.5968,45.5508,
50,8,1048576,8192,hyprefill,512/512/512,graph,86,41.1988,15.9059,41.2422,41.1988,
50,8,1048576,8192,hyprefill,512/512/512,graph,87,41.7917,16.7297,41.8379,41.7917,
50,8,1048576,8192,hyprefill,512/512/512,graph,88,42.1090,16.1805,42.1530,42.1090,
50,8,1048576,8192,hyprefill,512/512/512,graph,89,41.8965,16.7297,41.9489,41.8965,
50,8,1048576,8192,hyprefill,512/512/512,graph,90,42.1900,16.1805,42.2367,42.1900,
50,8,1048576,8192,hyprefill,512/512/512,graph,91,45.8323,15.3886,45.8822,45.8323,
50,8,1048576,8192,hyprefill,512/512/512,graph,92,42.4882,15.0822,42.5406,42.4882,
50,8,1048576,8192,hyprefill,512/512/512,graph,93,45.0438,14.8394,45.0947,45.0438,
50,8,1048576,8192,hyprefill,512/512/512,graph,94,41.1043,16.1805,41.1509,41.1043,
50,8,1048576,8192,hyprefill,512/512/512,graph,95,41.7454,16.1805,41.7911,41.7454,
50,8,1048576,8192,hyprefill,512/512/512,graph,96,41.1971,15.9059,41.2425,41.1971,
50,8,1048576,8192,hyprefill,512/512/512,graph,97,41.3742,16.1805,41.4216,41.3742,
50,8,1048576,8192,hyprefill,512/512/512,graph,98,41.4232,16.1805,41.4690,41.4232,
50,8,1048576,8192,hyprefill,512/512/512,graph,99,41.7275,16.1805,41.7768,41.7275,
50,8,1048576,8192,hyprefill,512/512/512,graph,100,45.5984,14.0156,45.6618,45.5984,
50,8,1048576,8192,hyprefill,512/512/512,graph,101,45.5122,15.3886,45.5642,45.5122,
50,8,1048576,8192,hyprefill,512/512/512,graph,102,41.3436,15.6314,41.3897,41.3436,
50,8,1048576,8192,hyprefill,512/512/512,graph,103,41.3657,16.7297,41.4167,41.3657,
50,8,1048576,8192,hyprefill,512/512/512,graph,104,41.9537,15.6314,42.0091,41.9537,
50,8,1048576,8192,hyprefill,512/512/512,graph,105,41.1985,16.4551,41.2464,41.1985,
50,8,1048576,8192,hyprefill,512/512/512,graph,106,41.7769,16.1805,41.8236,41.7769,
50,8,1048576,8192,hyprefill,512/512/512,graph,107,41.6138,16.1805,41.6558,41.6138,
50,8,1048576,8192,hyprefill,512/512/512,graph,108,46.5531,15.1140,46.6011,46.5531,
50,8,1048576,8192,hyprefill,512/512/512,graph,109,45.1465,14.8394,45.1944,45.1465,
50,8,1048576,8192,hyprefill,512/512/512,graph,110,41.9179,14.8076,41.9715,41.9179,
50,8,1048576,8192,hyprefill,512/512/512,graph,111,40.9439,16.7297,40.9910,40.9439,
50,8,1048576,8192,hyprefill,512/512/512,graph,112,41.9931,15.6314,42.0392,41.9931,
50,8,1048576,8192,hyprefill,512/512/512,graph,113,46.2980,15.1140,46.3452,46.2980,
50,8,1048576,8192,hyprefill,512/512/512,graph,114,41.7188,16.1805,41.7627,41.7188,
50,8,1048576,8192,hyprefill,512/512/512,graph,115,42.1794,16.7297,43.2217,42.1794,
50,8,1048576,8192,hyprefill,512/512/512,graph,116,45.0715,14.0156,45.1199,45.0715,
50,8,1048576,8192,hyprefill,512/512/512,graph,117,41.8800,16.1805,41.9248,41.8800,
50,8,1048576,8192,hyprefill,512/512/512,graph,118,41.7107,16.1805,41.7562,41.7107,
50,8,1048576,8192,hyprefill,512/512/512,graph,119,41.4706,16.1805,41.5141,41.4706,
50,8,1048576,8192,hyprefill,512/512/512,graph,120,41.7288,16.1805,41.7740,41.7288,
50,8,1048576,8192,hyprefill,512/512/512,graph,121,45.9903,15.3886,46.0412,45.9903,
50,8,1048576,8192,hyprefill,512/512/512,graph,122,41.8304,15.6314,41.8763,41.8304,
50,8,1048576,8192,hyprefill,512/512/512,graph,123,42.0655,16.4551,42.1101,42.0655,
50,8,1048576,8192,hyprefill,512/512/512,graph,124,46.3516,14.5648,46.3996,46.3516,
50,8,1048576,8192,hyprefill,512/512/512,graph,125,41.8278,15.9059,41.8730,41.8278,
50,8,1048576,8192,hyprefill,512/512/512,graph,126,41.7054,16.1805,41.7505,41.7054,
50,8,1048576,8192,hyprefill,512/512/512,graph,127,41.2916,15.9059,41.3386,41.2916,
50,8,1048576,8192,hyprefill,512/512/512,graph,128,47.2980,15.9378,47.3442,47.2980,
50,8,1048576,8192,hyprefill,512/512/512,graph,129,45.2946,14.0156,45.3444,45.2946,
50,8,1048576,8192,hyprefill,512/512/512,graph,130,35.7028,15.8741,35.7477,35.7028,
50,8,1048576,8192,hyprefill,512/512/512,graph,131,42.2619,16.7297,42.3076,42.2619,
50,8,1048576,8192,hyprefill,512/512/512,graph,132,46.9140,14.5648,46.9608,46.9140,
50,8,1048576,8192,hyprefill,512/512/512,graph,133,45.2580,15.3886,45.3075,45.2580,
50,8,1048576,8192,hyprefill,512/512/512,graph,134,42.3987,15.6314,42.4449,42.3987,
50,8,1048576,8192,hyprefill,512/512/512,graph,135,41.0316,17.0043,41.0806,41.0316,
50,8,1048576,8192,hyprefill,512/512/512,graph,136,42.4499,15.9059,42.4972,42.4499,
50,8,1048576,8192,hyprefill,512/512/512,graph,137,45.3872,14.8394,45.4366,45.3872,
50,8,1048576,8192,hyprefill,512/512/512,graph,138,42.3952,16.1805,42.4413,42.3952,
50,8,1048576,8192,hyprefill,512/512/512,graph,139,42.2438,16.7297,42.2920,42.2438,
50,8,1048576,8192,hyprefill,512/512/512,graph,140,45.4070,14.2902,45.4540,45.4070,
50,8,1048576,8192,hyprefill,512/512/512,graph,141,42.4423,16.1805,42.4902,42.4423,
50,8,1048576,8192,hyprefill,512/512/512,graph,142,46.0439,15.9378,46.0938,46.0439,
50,8,1048576,8192,hyprefill,512/512/512,graph,143,43.0661,15.6314,43.1131,43.0661,
50,8,1048576,8192,hyprefill,512/512/512,graph,144,41.4531,17.0043,41.5070,41.4531,
50,8,1048576,8192,hyprefill,512/512/512,graph,145,45.5716,14.0156,45.6266,45.5716,
50,8,1048576,8192,hyprefill,512/512/512,graph,146,41.7714,16.7297,41.8197,41.7714,
50,8,1048576,8192,hyprefill,512/512/512,graph,147,42.7060,16.1805,42.7554,42.7060,
50,8,1048576,8192,hyprefill,512/512/512,graph,148,45.4644,15.1140,45.5126,45.4644,
50,8,1048576,8192,hyprefill,512/512/512,graph,149,42.3229,15.6314,42.3676,42.3229,
50,8,1048576,8192,hyprefill,512/512/512,graph,150,41.4327,16.7297,41.4783,41.4327,
50,8,1048576,8192,hyprefill,512/512/512,graph,151,45.4887,14.5648,45.5364,45.4887,
50,8,1048576,8192,hyprefill,512/512/512,graph,152,42.1904,16.1805,42.2359,42.1904,
50,8,1048576,8192,hyprefill,512/512/512,graph,153,41.6830,16.4551,41.7277,41.6830,
50,8,1048576,8192,hyprefill,512/512/512,graph,154,41.5900,16.1805,41.6356,41.5900,
50,8,1048576,8192,hyprefill,512/512/512,graph,155,41.8805,16.4551,41.9263,41.8805,
50,8,1048576,8192,hyprefill,512/512/512,graph,156,45.3219,15.1140,45.3752,45.3219,
50,8,1048576,8192,hyprefill,512/512/512,graph,157,42.6986,15.3568,42.7473,42.6986,
50,8,1048576,8192,hyprefill,512/512/512,graph,158,45.7596,15.6632,45.8110,45.7596,
50,8,1048576,8192,hyprefill,512/512/512,graph,159,45.8746,14.5648,45.9230,45.8746,
50,8,1048576,8192,hyprefill,512/512/512,graph,160,41.5729,15.6314,41.6174,41.5729,
50,8,1048576,8192,hyprefill,512/512/512,graph,161,41.4850,16.1805,41.5310,41.4850,
50,8,1048576,8192,hyprefill,512/512/512,graph,162,41.1869,15.9059,41.2327,41.1869,
50,8,1048576,8192,hyprefill,512/512/512,graph,163,35.4404,16.6979,35.4898,35.4404,
50,8,1048576,8192,hyprefill,512/512/512,graph,164,41.4359,15.9059,41.4859,41.4359,
50,8,1048576,8192,hyprefill,512/512/512,graph,165,46.3726,14.5648,46.4201,46.3726,
50,8,1048576,8192,hyprefill,512/512/512,graph,166,40.8333,15.9059,40.8789,40.8333,
50,8,1048576,8192,hyprefill,512/512/512,graph,167,41.3010,15.9059,41.3447,41.3010,
50,8,1048576,8192,hyprefill,512/512/512,graph,168,40.9256,15.9059,40.9704,40.9256,
50,8,1048576,8192,hyprefill,512/512/512,graph,169,46.3788,14.8394,46.4277,46.3788,
50,8,1048576,8192,hyprefill,512/512/512,graph,170,41.3823,15.6314,41.4273,41.3823,
50,8,1048576,8192,hyprefill,512/512/512,graph,171,41.0317,16.4551,41.0786,41.0317,
50,8,1048576,8192,hyprefill,512/512/512,graph,172,41.8948,15.9059,41.9391,41.8948,
50,8,1048576,8192,hyprefill,512/512/512,graph,173,45.4284,14.5648,45.4786,45.4284,
50,8,1048576,8192,hyprefill,512/512/512,graph,174,42.0618,15.9059,42.1188,42.0618,
50,8,1048576,8192,hyprefill,512/512/512,graph,175,41.1839,16.1805,41.2287,41.1839,
50,8,1048576,8192,hyprefill,512/512/512,graph,176,41.5638,16.1805,41.6129,41.5638,
50,8,1048576,8192,hyprefill,512/512/512,graph,177,45.7140,15.1140,45.7659,45.7140,
50,8,1048576,8192,hyprefill,512/512/512,graph,178,41.5225,15.3568,41.5755,41.5225,
50,8,1048576,8192,hyprefill,512/512/512,graph,179,35.4147,16.9725,35.4626,35.4147,
50,8,1048576,8192,hyprefill,512/512/512,graph,180,42.1269,15.6314,42.1764,42.1269,
50,8,1048576,8192,hyprefill,512/512/512,graph,181,45.7994,14.8394,45.8501,45.7994,
50,8,1048576,8192,hyprefill,512/512/512,graph,182,42.0015,15.6314,42.0491,42.0015,
50,8,1048576,8192,hyprefill,512/512/512,graph,183,45.2779,15.3886,45.3265,45.2779,
50,8,1048576,8192,hyprefill,512/512/512,graph,184,41.9878,15.6314,42.0332,41.9878,
50,8,1048576,8192,hyprefill,512/512/512,graph,185,45.1234,14.8394,45.1712,45.1234,
50,8,1048576,8192,hyprefill,512/512/512,graph,186,41.8066,15.3568,41.8519,41.8066,
50,8,1048576,8192,hyprefill,512/512/512,graph,187,41.4465,17.0043,41.4931,41.4465,
50,8,1048576,8192,hyprefill,512/512/512,graph,188,42.0996,15.6314,42.1470,42.0996,
50,8,1048576,8192,hyprefill,512/512/512,graph,189,44.7426,14.5648,44.7921,44.7426,
50,8,1048576,8192,hyprefill,512/512/512,graph,190,41.9250,16.4551,41.9699,41.9250,
50,8,1048576,8192,hyprefill,512/512/512,graph,191,41.7677,16.1805,41.8135,41.7677,
50,8,1048576,8192,hyprefill,512/512/512,graph,192,42.0783,16.4551,42.1239,42.0783,
50,8,1048576,8192,hyprefill,512/512/512,graph,193,45.0416,14.5648,45.0880,45.0416,
50,8,1048576,8192,hyprefill,512/512/512,graph,194,42.1700,15.9059,42.2177,42.1700,
50,8,1048576,8192,hyprefill,512/512/512,graph,195,41.6456,16.7297,41.6982,41.6456,
50,8,1048576,8192,hyprefill,512/512/512,graph,196,42.3320,15.6314,42.3821,42.3320,
50,8,1048576,8192,hyprefill,512/512/512,graph,197,45.5340,15.6632,45.6004,45.5340,
50,8,1048576,8192,hyprefill,512/512/512,graph,198,41.9367,15.3568,41.9897,41.9367,
50,8,1048576,8192,hyprefill,512/512/512,graph,199,40.9629,16.7297,41.0153,40.9629,
50,8,1048576,8192,hyprefill,1024/1024/1024,graph,0,40.4462,15.0503,40.5001,40.4462,
50,8,1048576,8192,hyprefill,1024/1024/1024,graph,1,40.2001,15.0503,40.2584,40.2001,
50,8,1048576,8192,hyprefill,1024/1024/1024,graph,2,40.3404,15.0503,40.3962,40.3404,
50,8,1048576,8192,hyprefill,1024/1024/1024,graph,3,39.9203,15.0503,39.9717,39.9203,
50,8,1048576,8192,hyprefill,1024/1024/1024,graph,4,40.2707,15.0503,40.3188,40.2707,
50,8,1048576,8192,hyprefill,1024/1024/1024,graph,5,40.0389,15.0503,40.0841,40.0389,
50,8,1048576,8192,hyprefill,1024/1024/1024,graph,6,40.2766,15.0503,40.3228,40.2766,
50,8,1048576,8192,hyprefill,1024/1024/1024,graph,7,40.1336,15.0503,40.2104,40.1336,
50,8,1048576,8192,hyprefill,1024/1024/1024,graph,8,40.4398,15.0503,40.4893,40.4398,
50,8,1048576,8192,hyprefill,1024/1024/1024,graph,9,40.1566,15.0503,40.2188,40.1566,
50,8,1048576,8192,hyprefill,1024/1024/1024,graph,10,40.8913,15.0503,40.9430,40.8913,
50,8,1048576,8192,hyprefill,1024/1024/1024,graph,11,40.4596,15.0503,40.5096,40.4596,
50,8,1048576,8192,hyprefill,1024/1024/1024,graph,12,40.5968,15.0503,40.6446,40.5968,
50,8,1048576,8192,hyprefill,1024/1024/1024,graph,13,40.0683,15.0503,40.1188,40.0683,
50,8,1048576,8192,hyprefill,1024/1024/1024,graph,14,40.3358,15.0503,40.3829,40.3358,
50,8,1048576,8192,hyprefill,1024/1024/1024,graph,15,40.1114,15.0503,40.1583,40.1114,
50,8,1048576,8192,hyprefill,1024/1024/1024,graph,16,40.5428,15.0503,40.5893,40.5428,
50,8,1048576,8192,hyprefill,1024/1024/1024,graph,17,40.5933,15.0503,40.6389,40.5933,
50,8,1048576,8192,hyprefill,1024/1024/1024,graph,18,41.2784,15.0503,41.3246,41.2784,
50,8,1048576,8192,hyprefill,1024/1024/1024,graph,19,40.1573,15.0503,40.2048,40.1573,
50,8,1048576,8192,hyprefill,1024/1024/1024,graph,20,40.4063,15.0503,40.4574,40.4063,
50,8,1048576,8192,hyprefill,1024/1024/1024,graph,21,39.9386,15.0503,39.9873,39.9386,
50,8,1048576,8192,hyprefill,1024/1024/1024,graph,22,40.2458,15.0503,40.2935,40.2458,
50,8,1048576,8192,hyprefill,1024/1024/1024,graph,23,40.2700,15.0503,40.3168,40.2700,
50,8,1048576,8192,hyprefill,1024/1024/1024,graph,24,40.1918,15.0503,40.2372,40.1918,
50,8,1048576,8192,hyprefill,1024/1024/1024,graph,25,40.7036,15.0503,40.7481,40.7036,
50,8,1048576,8192,hyprefill,1024/1024/1024,graph,26,40.5963,15.0503,40.6406,40.5963,
50,8,1048576,8192,hyprefill,1024/1024/1024,graph,27,40.8125,15.0503,40.8588,40.8125,
50,8,1048576,8192,hyprefill,1024/1024/1024,graph,28,40.8688,15.0503,40.9169,40.8688,
50,8,1048576,8192,hyprefill,1024/1024/1024,graph,29,40.2091,15.0503,40.2585,40.2091,
50,8,1048576,8192,hyprefill,1024/1024/1024,graph,30,40.5188,15.0503,40.5740,40.5188,
50,8,1048576,8192,hyprefill,1024/1024/1024,graph,31,40.2918,15.0503,40.3452,40.2918,
50,8,1048576,8192,hyprefill,1024/1024/1024,graph,32,40.2735,15.0503,40.3209,40.2735,
50,8,1048576,8192,hyprefill,1024/1024/1024,graph,33,40.8026,15.0503,40.8504,40.8026,
50,8,1048576,8192,hyprefill,1024/1024/1024,graph,34,40.2603,15.0503,40.3098,40.2603,
50,8,1048576,8192,hyprefill,1024/1024/1024,graph,35,40.4930,15.0503,40.5397,40.4930,
50,8,1048576,8192,hyprefill,1024/1024/1024,graph,36,40.4422,15.0503,40.4873,40.4422,
50,8,1048576,8192,hyprefill,1024/1024/1024,graph,37,40.5783,15.0503,40.6240,40.5783,
50,8,1048576,8192,hyprefill,1024/1024/1024,graph,38,40.4359,15.0503,40.4859,40.4359,
50,8,1048576,8192,hyprefill,1024/1024/1024,graph,39,40.4736,15.0503,40.5298,40.4736,
50,8,1048576,8192,hyprefill,1024/1024/1024,graph,40,40.5783,15.0503,40.6251,40.5783,
50,8,1048576,8192,hyprefill,1024/1024/1024,graph,41,40.6872,15.0503,40.7328,40.6872,
50,8,1048576,8192,hyprefill,1024/1024/1024,graph,42,40.4993,15.0503,40.5424,40.4993,
50,8,1048576,8192,hyprefill,1024/1024/1024,graph,43,41.2787,15.0503,41.3247,41.2787,
50,8,1048576,8192,hyprefill,1024/1024/1024,graph,44,40.5197,15.0503,40.5669,40.5197,
50,8,1048576,8192,hyprefill,1024/1024/1024,graph,45,40.5098,15.0503,40.5593,40.5098,
50,8,1048576,8192,hyprefill,1024/1024/1024,graph,46,40.5753,15.0503,40.6287,40.5753,
50,8,1048576,8192,hyprefill,1024/1024/1024,graph,47,40.4484,15.0503,40.4991,40.4484,
50,8,1048576,8192,hyprefill,1024/1024/1024,graph,48,40.7895,15.0503,40.8374,40.7895,
50,8,1048576,8192,hyprefill,1024/1024/1024,graph,49,40.5990,15.0503,40.6454,40.5990,
50,8,1048576,8192,hyprefill,1024/1024/1024,graph,50,40.2378,15.0503,40.2832,40.2378,
50,8,1048576,8192,hyprefill,1024/1024/1024,graph,51,40.2412,15.0503,40.2970,40.2412,
50,8,1048576,8192,hyprefill,1024/1024/1024,graph,52,40.2219,15.0503,40.2765,40.2219,
50,8,1048576,8192,hyprefill,1024/1024/1024,graph,53,40.6124,15.0503,40.6609,40.6124,
50,8,1048576,8192,hyprefill,1024/1024/1024,graph,54,40.1267,15.0503,40.1727,40.1267,
50,8,1048576,8192,hyprefill,1024/1024/1024,graph,55,40.2616,15.0503,40.3066,40.2616,
50,8,1048576,8192,hyprefill,1024/1024/1024,graph,56,40.2224,15.0503,40.2684,40.2224,
50,8,1048576,8192,hyprefill,1024/1024/1024,graph,57,40.5200,15.0503,40.5692,40.5200,
50,8,1048576,8192,hyprefill,1024/1024/1024,graph,58,40.2992,15.0503,40.3511,40.2992,
50,8,1048576,8192,hyprefill,1024/1024/1024,graph,59,40.2987,15.0503,40.3557,40.2987,
50,8,1048576,8192,hyprefill,1024/1024/1024,graph,60,40.7364,15.0503,40.7862,40.7364,
50,8,1048576,8192,hyprefill,1024/1024/1024,graph,61,40.3701,15.0503,40.4166,40.3701,
50,8,1048576,8192,hyprefill,1024/1024/1024,graph,62,40.1925,15.0503,40.2390,40.1925,
50,8,1048576,8192,hyprefill,1024/1024/1024,graph,63,40.1752,15.0503,40.2217,40.1752,
50,8,1048576,8192,hyprefill,1024/1024/1024,graph,64,40.2011,15.0503,40.2495,40.2011,
50,8,1048576,8192,hyprefill,1024/1024/1024,graph,65,40.2353,15.0503,40.3107,40.2353,
50,8,1048576,8192,hyprefill,1024/1024/1024,graph,66,40.2122,15.0503,40.2640,40.2122,
50,8,1048576,8192,hyprefill,1024/1024/1024,graph,67,40.2667,15.0503,40.3217,40.2667,
50,8,1048576,8192,hyprefill,1024/1024/1024,graph,68,40.5793,15.0503,40.6367,40.5793,
50,8,1048576,8192,hyprefill,1024/1024/1024,graph,69,40.2674,15.0503,40.3175,40.2674,
50,8,1048576,8192,hyprefill,1024/1024/1024,graph,70,40.0741,15.0503,40.1268,40.0741,
50,8,1048576,8192,hyprefill,1024/1024/1024,graph,71,40.1360,15.0503,40.1815,40.1360,
50,8,1048576,8192,hyprefill,1024/1024/1024,graph,72,40.0445,14.7758,40.0905,40.0445,
50,8,1048576,8192,hyprefill,1024/1024/1024,graph,73,39.9482,14.7758,39.9969,39.9482,
50,8,1048576,8192,hyprefill,1024/1024/1024,graph,74,39.7028,14.5012,39.7488,39.7028,
50,8,1048576,8192,hyprefill,1024/1024/1024,graph,75,39.3733,14.5012,39.4193,39.3733,
50,8,1048576,8192,hyprefill,1024/1024/1024,graph,76,39.2192,14.2266,39.2654,39.2192,
50,8,1048576,8192,hyprefill,1024/1024/1024,graph,77,39.0176,14.2266,39.0629,39.0176,
50,8,1048576,8192,hyprefill,1024/1024/1024,graph,78,39.0018,14.2266,39.0458,39.0018,
50,8,1048576,8192,hyprefill,1024/1024/1024,graph,79,38.9088,14.2266,38.9537,38.9088,
50,8,1048576,8192,hyprefill,1024/1024/1024,graph,80,39.0396,14.5012,39.0865,39.0396,
50,8,1048576,8192,hyprefill,1024/1024/1024,graph,81,39.6133,14.5012,39.6606,39.6133,
50,8,1048576,8192,hyprefill,1024/1024/1024,graph,82,39.4872,14.7758,39.5308,39.4872,
50,8,1048576,8192,hyprefill,1024/1024/1024,graph,83,39.8450,14.7758,39.8896,39.8450,
50,8,1048576,8192,hyprefill,1024/1024/1024,graph,84,39.9576,15.0503,40.0024,39.9576,
50,8,1048576,8192,hyprefill,1024/1024/1024,graph,85,40.6661,15.0503,40.7140,40.6661,
50,8,1048576,8192,hyprefill,1024/1024/1024,graph,86,40.4288,15.0503,40.4731,40.4288,
50,8,1048576,8192,hyprefill,1024/1024/1024,graph,87,40.4067,15.0503,40.4566,40.4067,
50,8,1048576,8192,hyprefill,1024/1024/1024,graph,88,40.7719,15.0503,40.8254,40.7719,
50,8,1048576,8192,hyprefill,1024/1024/1024,graph,89,40.9196,15.0503,40.9677,40.9196,
50,8,1048576,8192,hyprefill,1024/1024/1024,graph,90,40.8681,15.0503,40.9132,40.8681,
50,8,1048576,8192,hyprefill,1024/1024/1024,graph,91,40.8148,15.0503,40.8607,40.8148,
50,8,1048576,8192,hyprefill,1024/1024/1024,graph,92,40.5325,15.0503,40.5839,40.5325,
50,8,1048576,8192,hyprefill,1024/1024/1024,graph,93,40.4647,15.0503,40.5227,40.4647,
50,8,1048576,8192,hyprefill,1024/1024/1024,graph,94,40.3219,15.0503,40.3708,40.3219,
50,8,1048576,8192,hyprefill,1024/1024/1024,graph,95,40.1648,15.0503,40.2279,40.1648,
50,8,1048576,8192,hyprefill,1024/1024/1024,graph,96,40.3138,15.0503,40.3728,40.3138,
50,8,1048576,8192,hyprefill,1024/1024/1024,graph,97,40.2689,15.0503,40.3208,40.2689,
50,8,1048576,8192,hyprefill,1024/1024/1024,graph,98,40.6145,15.0503,40.6618,40.6145,
50,8,1048576,8192,hyprefill,1024/1024/1024,graph,99,40.1740,15.0503,40.2215,40.1740,
50,8,1048576,8192,hyprefill,1024/1024/1024,graph,100,40.2597,15.0503,40.3114,40.2597,
50,8,1048576,8192,hyprefill,1024/1024/1024,graph,101,40.2147,15.0503,40.2632,40.2147,
50,8,1048576,8192,hyprefill,1024/1024/1024,graph,102,40.1206,15.0503,40.1669,40.1206,
50,8,1048576,8192,hyprefill,1024/1024/1024,graph,103,40.2432,15.0503,40.2932,40.2432,
50,8,1048576,8192,hyprefill,1024/1024/1024,graph,104,40.3235,15.0503,40.3712,40.3235,
50,8,1048576,8192,hyprefill,1024/1024/1024,graph,105,40.9823,15.0503,41.0347,40.9823,
50,8,1048576,8192,hyprefill,1024/1024/1024,graph,106,40.6416,15.0503,40.6876,40.6416,
50,8,1048576,8192,hyprefill,1024/1024/1024,graph,107,40.2951,15.0503,40.3389,40.2951,
50,8,1048576,8192,hyprefill,1024/1024/1024,graph,108,40.1897,15.0503,40.2402,40.1897,
50,8,1048576,8192,hyprefill,1024/1024/1024,graph,109,40.5926,15.0503,40.6400,40.5926,
50,8,1048576,8192,hyprefill,1024/1024/1024,graph,110,40.9308,15.0503,40.9787,40.9308,
50,8,1048576,8192,hyprefill,1024/1024/1024,graph,111,40.5410,15.0503,40.5883,40.5410,
50,8,1048576,8192,hyprefill,1024/1024/1024,graph,112,40.9546,15.0503,41.0017,40.9546,
50,8,1048576,8192,hyprefill,1024/1024/1024,graph,113,41.2334,15.0503,41.2814,41.2334,
50,8,1048576,8192,hyprefill,1024/1024/1024,graph,114,40.4359,15.0503,40.4826,40.4359,
50,8,1048576,8192,hyprefill,1024/1024/1024,graph,115,40.3845,15.0503,40.4302,40.3845,
50,8,1048576,8192,hyprefill,1024/1024/1024,graph,116,40.3362,15.0503,40.3811,40.3362,
50,8,1048576,8192,hyprefill,1024/1024/1024,graph,117,40.4737,15.0503,40.5198,40.4737,
50,8,1048576,8192,hyprefill,1024/1024/1024,graph,118,40.6728,15.0503,40.7214,40.6728,
50,8,1048576,8192,hyprefill,1024/1024/1024,graph,119,40.6062,15.0503,40.6591,40.6062,
50,8,1048576,8192,hyprefill,1024/1024/1024,graph,120,40.6026,15.0503,40.6554,40.6026,
50,8,1048576,8192,hyprefill,1024/1024/1024,graph,121,40.4384,15.0503,40.4906,40.4384,
50,8,1048576,8192,hyprefill,1024/1024/1024,graph,122,40.1431,15.0503,40.2026,40.1431,
50,8,1048576,8192,hyprefill,1024/1024/1024,graph,123,40.2362,15.0503,40.2821,40.2362,
50,8,1048576,8192,hyprefill,1024/1024/1024,graph,124,40.3767,15.0503,40.4232,40.3767,
50,8,1048576,8192,hyprefill,1024/1024/1024,graph,125,40.2694,15.0503,40.3154,40.2694,
50,8,1048576,8192,hyprefill,1024/1024/1024,graph,126,40.2141,15.0503,40.2795,40.2141,
50,8,1048576,8192,hyprefill,1024/1024/1024,graph,127,40.6097,15.0503,40.6585,40.6097,
50,8,1048576,8192,hyprefill,1024/1024/1024,graph,128,40.2596,15.0503,40.3189,40.2596,
50,8,1048576,8192,hyprefill,1024/1024/1024,graph,129,40.4573,15.0503,40.5097,40.4573,
50,8,1048576,8192,hyprefill,1024/1024/1024,graph,130,40.2739,15.0503,40.3211,40.2739,
50,8,1048576,8192,hyprefill,1024/1024/1024,graph,131,40.5605,15.0503,40.6054,40.5605,
50,8,1048576,8192,hyprefill,1024/1024/1024,graph,132,40.3216,15.0503,40.3697,40.3216,
50,8,1048576,8192,hyprefill,1024/1024/1024,graph,133,40.9074,15.0503,40.9622,40.9074,
50,8,1048576,8192,hyprefill,1024/1024/1024,graph,134,40.7309,15.0503,40.7819,40.7309,
50,8,1048576,8192,hyprefill,1024/1024/1024,graph,135,40.5893,15.0503,40.6342,40.5893,
50,8,1048576,8192,hyprefill,1024/1024/1024,graph,136,40.5572,15.0503,40.6029,40.5572,
50,8,1048576,8192,hyprefill,1024/1024/1024,graph,137,40.5971,15.0503,40.6423,40.5971,
50,8,1048576,8192,hyprefill,1024/1024/1024,graph,138,40.4092,15.0503,40.4547,40.4092,
50,8,1048576,8192,hyprefill,1024/1024/1024,graph,139,41.1776,15.0503,41.2219,41.1776,
50,8,1048576,8192,hyprefill,1024/1024/1024,graph,140,41.4396,15.0503,41.4836,41.4396,
50,8,1048576,8192,hyprefill,1024/1024/1024,graph,141,40.4597,15.0503,40.5078,40.4597,
50,8,1048576,8192,hyprefill,1024/1024/1024,graph,142,40.4401,15.0503,40.4881,40.4401,
50,8,1048576,8192,hyprefill,1024/1024/1024,graph,143,40.6512,15.0503,40.7081,40.6512,
50,8,1048576,8192,hyprefill,1024/1024/1024,graph,144,40.2741,15.0503,40.3187,40.2741,
50,8,1048576,8192,hyprefill,1024/1024/1024,graph,145,40.2323,15.0503,40.2856,40.2323,
50,8,1048576,8192,hyprefill,1024/1024/1024,graph,146,40.1968,15.0503,40.2457,40.1968,
50,8,1048576,8192,hyprefill,1024/1024/1024,graph,147,40.2138,15.0503,40.2596,40.2138,
50,8,1048576,8192,hyprefill,1024/1024/1024,graph,148,40.1407,15.0503,40.1968,40.1407,
50,8,1048576,8192,hyprefill,1024/1024/1024,graph,149,40.2807,15.0503,40.3301,40.2807,
50,8,1048576,8192,hyprefill,1024/1024/1024,graph,150,40.0776,15.0503,40.1335,40.0776,
50,8,1048576,8192,hyprefill,1024/1024/1024,graph,151,40.5281,15.0503,40.5866,40.5281,
50,8,1048576,8192,hyprefill,1024/1024/1024,graph,152,40.1631,15.0503,40.2233,40.1631,
50,8,1048576,8192,hyprefill,1024/1024/1024,graph,153,40.4696,15.0503,40.5172,40.4696,
50,8,1048576,8192,hyprefill,1024/1024/1024,graph,154,40.3280,15.0503,40.3752,40.3280,
50,8,1048576,8192,hyprefill,1024/1024/1024,graph,155,40.4966,15.0503,40.5464,40.4966,
50,8,1048576,8192,hyprefill,1024/1024/1024,graph,156,40.4180,15.0503,40.4658,40.4180,
50,8,1048576,8192,hyprefill,1024/1024/1024,graph,157,40.4288,15.0503,40.4810,40.4288,
50,8,1048576,8192,hyprefill,1024/1024/1024,graph,158,40.2432,15.0503,40.2988,40.2432,
50,8,1048576,8192,hyprefill,1024/1024/1024,graph,159,40.2657,15.0503,40.3178,40.2657,
50,8,1048576,8192,hyprefill,1024/1024/1024,graph,160,40.2196,15.0503,40.2702,40.2196,
50,8,1048576,8192,hyprefill,1024/1024/1024,graph,161,40.3380,15.0503,40.4042,40.3380,
50,8,1048576,8192,hyprefill,1024/1024/1024,graph,162,40.3868,15.0503,40.4446,40.3868,
50,8,1048576,8192,hyprefill,1024/1024/1024,graph,163,40.4087,15.0503,40.4722,40.4087,
50,8,1048576,8192,hyprefill,1024/1024/1024,graph,164,40.5918,15.0503,40.6599,40.5918,
50,8,1048576,8192,hyprefill,1024/1024/1024,graph,165,40.2610,15.0503,40.3078,40.2610,
50,8,1048576,8192,hyprefill,1024/1024/1024,graph,166,40.0741,15.0503,40.1203,40.0741,
50,8,1048576,8192,hyprefill,1024/1024/1024,graph,167,40.1975,15.0503,40.2439,40.1975,
50,8,1048576,8192,hyprefill,1024/1024/1024,graph,168,40.0518,14.7758,40.1015,40.0518,
50,8,1048576,8192,hyprefill,1024/1024/1024,graph,169,39.7485,14.7758,39.7938,39.7485,
50,8,1048576,8192,hyprefill,1024/1024/1024,graph,170,39.4935,14.5012,39.5394,39.4935,
50,8,1048576,8192,hyprefill,1024/1024/1024,graph,171,39.4465,14.5012,39.4986,39.4465,
50,8,1048576,8192,hyprefill,1024/1024/1024,graph,172,39.1372,14.2266,39.1842,39.1372,
50,8,1048576,8192,hyprefill,1024/1024/1024,graph,173,38.9607,14.2266,39.0147,38.9607,
50,8,1048576,8192,hyprefill,1024/1024/1024,graph,174,38.9990,14.2266,39.0498,38.9990,
50,8,1048576,8192,hyprefill,1024/1024/1024,graph,175,38.8224,14.2266,38.8712,38.8224,
50,8,1048576,8192,hyprefill,1024/1024/1024,graph,176,39.1466,14.5012,39.1952,39.1466,
50,8,1048576,8192,hyprefill,1024/1024/1024,graph,177,39.4317,14.5012,39.4840,39.4317,
50,8,1048576,8192,hyprefill,1024/1024/1024,graph,178,39.5092,14.7758,39.5555,39.5092,
50,8,1048576,8192,hyprefill,1024/1024/1024,graph,179,39.8397,14.7758,39.8907,39.8397,
50,8,1048576,8192,hyprefill,1024/1024/1024,graph,180,40.1461,15.0503,40.1941,40.1461,
50,8,1048576,8192,hyprefill,1024/1024/1024,graph,181,40.6456,15.0503,40.6955,40.6456,
50,8,1048576,8192,hyprefill,1024/1024/1024,graph,182,40.4466,15.0503,40.4942,40.4466,
50,8,1048576,8192,hyprefill,1024/1024/1024,graph,183,40.4315,15.0503,40.4777,40.4315,
50,8,1048576,8192,hyprefill,1024/1024/1024,graph,184,40.5727,15.0503,40.6178,40.5727,
50,8,1048576,8192,hyprefill,1024/1024/1024,graph,185,40.6958,15.0503,40.7441,40.6958,
50,8,1048576,8192,hyprefill,1024/1024/1024,graph,186,40.4829,15.0503,40.5292,40.4829,
50,8,1048576,8192,hyprefill,1024/1024/1024,graph,187,40.6281,15.0503,40.7019,40.6281,
50,8,1048576,8192,hyprefill,1024/1024/1024,graph,188,40.4423,15.0503,40.4905,40.4423,
50,8,1048576,8192,hyprefill,1024/1024/1024,graph,189,40.6616,15.0503,40.7092,40.6616,
50,8,1048576,8192,hyprefill,1024/1024/1024,graph,190,40.3260,15.0503,40.3724,40.3260,
50,8,1048576,8192,hyprefill,1024/1024/1024,graph,191,40.2634,15.0503,40.3089,40.2634,
50,8,1048576,8192,hyprefill,1024/1024/1024,graph,192,40.2800,15.0503,40.3249,40.2800,
50,8,1048576,8192,hyprefill,1024/1024/1024,graph,193,40.2220,15.0503,40.2681,40.2220,
50,8,1048576,8192,hyprefill,1024/1024/1024,graph,194,40.6144,15.0503,40.6634,40.6144,
50,8,1048576,8192,hyprefill,1024/1024/1024,graph,195,40.1543,15.0503,40.1989,40.1543,
50,8,1048576,8192,hyprefill,1024/1024/1024,graph,196,40.2811,15.0503,40.3255,40.2811,
50,8,1048576,8192,hyprefill,1024/1024/1024,graph,197,40.5503,15.0503,40.5946,40.5503,
50,8,1048576,8192,hyprefill,1024/1024/1024,graph,198,40.2164,15.0503,40.2616,40.2164,
50,8,1048576,8192,hyprefill,1024/1024/1024,graph,199,40.3180,15.0503,40.3628,40.3180,
50,8,1048576,8192,hyprefill,768/768/768,graph,0,42.8928,15.0503,42.9386,42.8928,
50,8,1048576,8192,hyprefill,768/768/768,graph,1,42.8771,15.0503,42.9232,42.8771,
50,8,1048576,8192,hyprefill,768/768/768,graph,2,43.0479,15.0503,43.0931,43.0479,
50,8,1048576,8192,hyprefill,768/768/768,graph,3,42.8658,15.0503,42.9118,42.8658,
50,8,1048576,8192,hyprefill,768/768/768,graph,4,42.7172,15.0503,42.7645,42.7172,
50,8,1048576,8192,hyprefill,768/768/768,graph,5,42.6517,15.0503,42.6987,42.6517,
50,8,1048576,8192,hyprefill,768/768/768,graph,6,42.7825,15.0503,42.8276,42.7825,
50,8,1048576,8192,hyprefill,768/768/768,graph,7,42.8846,15.0503,42.9304,42.8846,
50,8,1048576,8192,hyprefill,768/768/768,graph,8,42.8778,15.0503,42.9224,42.8778,
50,8,1048576,8192,hyprefill,768/768/768,graph,9,42.9643,15.0503,43.0106,42.9643,
50,8,1048576,8192,hyprefill,768/768/768,graph,10,42.8689,15.0503,42.9170,42.8689,
50,8,1048576,8192,hyprefill,768/768/768,graph,11,42.9680,15.0503,43.0189,42.9680,
50,8,1048576,8192,hyprefill,768/768/768,graph,12,42.8176,15.0503,42.8711,42.8176,
50,8,1048576,8192,hyprefill,768/768/768,graph,13,42.9964,15.0503,43.0464,42.9964,
50,8,1048576,8192,hyprefill,768/768/768,graph,14,42.8379,15.0503,42.8845,42.8379,
50,8,1048576,8192,hyprefill,768/768/768,graph,15,43.1608,15.0503,43.2075,43.1608,
50,8,1048576,8192,hyprefill,768/768/768,graph,16,42.9514,15.0503,42.9970,42.9514,
50,8,1048576,8192,hyprefill,768/768/768,graph,17,43.1026,15.0503,43.1489,43.1026,
50,8,1048576,8192,hyprefill,768/768/768,graph,18,43.0473,15.0503,43.1061,43.0473,
50,8,1048576,8192,hyprefill,768/768/768,graph,19,43.5842,15.0503,43.6400,43.5842,
50,8,1048576,8192,hyprefill,768/768/768,graph,20,42.9741,15.0503,43.0228,42.9741,
50,8,1048576,8192,hyprefill,768/768/768,graph,21,42.9590,15.0503,43.0059,42.9590,
50,8,1048576,8192,hyprefill,768/768/768,graph,22,42.8307,15.0503,42.8790,42.8307,
50,8,1048576,8192,hyprefill,768/768/768,graph,23,42.8517,15.0503,42.9055,42.8517,
50,8,1048576,8192,hyprefill,768/768/768,graph,24,43.3435,15.0503,43.3897,43.3435,
50,8,1048576,8192,hyprefill,768/768/768,graph,25,42.8320,15.0503,42.8878,42.8320,
50,8,1048576,8192,hyprefill,768/768/768,graph,26,42.7812,15.0503,42.8306,42.7812,
50,8,1048576,8192,hyprefill,768/768/768,graph,27,42.8239,15.0503,42.8722,42.8239,
50,8,1048576,8192,hyprefill,768/768/768,graph,28,42.6513,15.0503,42.6987,42.6513,
50,8,1048576,8192,hyprefill,768/768/768,graph,29,42.8301,15.0503,42.8840,42.8301,
50,8,1048576,8192,hyprefill,768/768/768,graph,30,42.7188,15.0503,42.7655,42.7188,
50,8,1048576,8192,hyprefill,768/768/768,graph,31,43.4616,15.0503,43.5109,43.4616,
50,8,1048576,8192,hyprefill,768/768/768,graph,32,43.0734,15.0503,43.1186,43.0734,
50,8,1048576,8192,hyprefill,768/768/768,graph,33,42.9592,15.0503,43.0044,42.9592,
50,8,1048576,8192,hyprefill,768/768/768,graph,34,43.2169,15.0503,43.2624,43.2169,
50,8,1048576,8192,hyprefill,768/768/768,graph,35,43.4094,15.0503,43.4740,43.4094,
50,8,1048576,8192,hyprefill,768/768/768,graph,36,42.8727,15.0503,42.9193,42.8727,
50,8,1048576,8192,hyprefill,768/768/768,graph,37,44.1902,15.0503,44.2472,44.1902,
50,8,1048576,8192,hyprefill,768/768/768,graph,38,43.0672,15.0503,43.1152,43.0672,
50,8,1048576,8192,hyprefill,768/768/768,graph,39,43.0837,15.0503,43.1316,43.0837,
50,8,1048576,8192,hyprefill,768/768/768,graph,40,43.5353,15.0503,43.5826,43.5353,
50,8,1048576,8192,hyprefill,768/768/768,graph,41,43.4541,15.0503,43.5097,43.4541,
50,8,1048576,8192,hyprefill,768/768/768,graph,42,43.0070,15.0503,43.0583,43.0070,
50,8,1048576,8192,hyprefill,768/768/768,graph,43,43.1361,15.0503,43.1842,43.1361,
50,8,1048576,8192,hyprefill,768/768/768,graph,44,42.9397,15.0503,42.9868,42.9397,
50,8,1048576,8192,hyprefill,768/768/768,graph,45,42.9482,15.0503,42.9961,42.9482,
50,8,1048576,8192,hyprefill,768/768/768,graph,46,42.8719,15.0503,42.9227,42.8719,
50,8,1048576,8192,hyprefill,768/768/768,graph,47,42.8910,15.0503,42.9376,42.8910,
50,8,1048576,8192,hyprefill,768/768/768,graph,48,43.0990,15.0503,43.1455,43.0990,
50,8,1048576,8192,hyprefill,768/768/768,graph,49,42.9778,15.0503,43.0251,42.9778,
50,8,1048576,8192,hyprefill,768/768/768,graph,50,42.8391,15.0503,42.8913,42.8391,
50,8,1048576,8192,hyprefill,768/768/768,graph,51,42.8955,15.0503,42.9432,42.8955,
50,8,1048576,8192,hyprefill,768/768/768,graph,52,42.6059,15.0503,42.6533,42.6059,
50,8,1048576,8192,hyprefill,768/768/768,graph,53,42.8332,15.0503,42.8803,42.8332,
50,8,1048576,8192,hyprefill,768/768/768,graph,54,42.7053,15.0503,42.7502,42.7053,
50,8,1048576,8192,hyprefill,768/768/768,graph,55,42.8262,15.0503,42.8723,42.8262,
50,8,1048576,8192,hyprefill,768/768/768,graph,56,42.8216,15.0503,42.8677,42.8216,
50,8,1048576,8192,hyprefill,768/768/768,graph,57,43.0125,15.0503,43.0579,43.0125,
50,8,1048576,8192,hyprefill,768/768/768,graph,58,42.8319,15.0503,42.8778,42.8319,
50,8,1048576,8192,hyprefill,768/768/768,graph,59,43.2058,15.0503,43.2579,43.2058,
50,8,1048576,8192,hyprefill,768/768/768,graph,60,42.7978,15.0503,42.8433,42.7978,
50,8,1048576,8192,hyprefill,768/768/768,graph,61,43.0327,15.0503,43.0783,43.0327,
50,8,1048576,8192,hyprefill,768/768/768,graph,62,43.1229,15.0503,43.1684,43.1229,
50,8,1048576,8192,hyprefill,768/768/768,graph,63,43.0456,15.0503,43.0909,43.0456,
50,8,1048576,8192,hyprefill,768/768/768,graph,64,42.8335,15.0503,42.8817,42.8335,
50,8,1048576,8192,hyprefill,768/768/768,graph,65,42.9295,15.0503,42.9774,42.9295,
50,8,1048576,8192,hyprefill,768/768/768,graph,66,42.8591,15.0503,42.9109,42.8591,
50,8,1048576,8192,hyprefill,768/768/768,graph,67,42.9944,15.0503,43.0385,42.9944,
50,8,1048576,8192,hyprefill,768/768/768,graph,68,42.6989,15.0503,42.7445,42.6989,
50,8,1048576,8192,hyprefill,768/768/768,graph,69,42.8100,15.0503,42.8541,42.8100,
50,8,1048576,8192,hyprefill,768/768/768,graph,70,42.7208,15.0503,42.7675,42.7208,
50,8,1048576,8192,hyprefill,768/768/768,graph,71,43.0256,15.0503,43.0961,43.0256,
50,8,1048576,8192,hyprefill,768/768/768,graph,72,42.5663,14.7758,42.6208,42.5663,
50,8,1048576,8192,hyprefill,768/768/768,graph,73,42.5348,14.7758,42.5833,42.5348,
50,8,1048576,8192,hyprefill,768/768/768,graph,74,42.2492,14.5012,42.3022,42.2492,
50,8,1048576,8192,hyprefill,768/768/768,graph,75,42.2109,14.5012,42.2562,42.2109,
50,8,1048576,8192,hyprefill,768/768/768,graph,76,42.1183,14.2266,42.1713,42.1183,
50,8,1048576,8192,hyprefill,768/768/768,graph,77,42.3910,14.2266,42.4401,42.3910,
50,8,1048576,8192,hyprefill,768/768/768,graph,78,41.5292,14.2266,41.5754,41.5292,
50,8,1048576,8192,hyprefill,768/768/768,graph,79,41.6698,14.2266,41.7137,41.6698,
50,8,1048576,8192,hyprefill,768/768/768,graph,80,41.6314,14.5012,41.6772,41.6314,
50,8,1048576,8192,hyprefill,768/768/768,graph,81,42.0902,14.5012,42.1444,42.0902,
50,8,1048576,8192,hyprefill,768/768/768,graph,82,42.1405,14.7758,42.1867,42.1405,
50,8,1048576,8192,hyprefill,768/768/768,graph,83,42.5084,14.7758,42.5607,42.5084,
50,8,1048576,8192,hyprefill,768/768/768,graph,84,42.5690,15.0503,42.6146,42.5690,
50,8,1048576,8192,hyprefill,768/768/768,graph,85,43.1168,15.0503,43.1620,43.1168,
50,8,1048576,8192,hyprefill,768/768/768,graph,86,42.8858,15.0503,42.9317,42.8858,
50,8,1048576,8192,hyprefill,768/768/768,graph,87,43.0336,15.0503,43.0796,43.0336,
50,8,1048576,8192,hyprefill,768/768/768,graph,88,42.9761,15.0503,43.0388,42.9761,
50,8,1048576,8192,hyprefill,768/768/768,graph,89,43.2893,15.0503,43.3629,43.2893,
50,8,1048576,8192,hyprefill,768/768/768,graph,90,43.0154,15.0503,43.0641,43.0154,
50,8,1048576,8192,hyprefill,768/768/768,graph,91,43.1231,15.0503,43.1704,43.1231,
50,8,1048576,8192,hyprefill,768/768/768,graph,92,42.9755,15.0503,43.0292,42.9755,
50,8,1048576,8192,hyprefill,768/768/768,graph,93,43.2007,15.0503,43.2540,43.2007,
50,8,1048576,8192,hyprefill,768/768/768,graph,94,42.7718,15.0503,42.8284,42.7718,
50,8,1048576,8192,hyprefill,768/768/768,graph,95,42.8737,15.0503,42.9284,42.8737,
50,8,1048576,8192,hyprefill,768/768/768,graph,96,42.7586,15.0503,42.8139,42.7586,
50,8,1048576,8192,hyprefill,768/768/768,graph,97,42.8244,15.0503,42.8745,42.8244,
50,8,1048576,8192,hyprefill,768/768/768,graph,98,42.7383,15.0503,42.7917,42.7383,
50,8,1048576,8192,hyprefill,768/768/768,graph,99,42.8421,15.0503,42.8908,42.8421,
50,8,1048576,8192,hyprefill,768/768/768,graph,100,42.6284,15.0503,42.6909,42.6284,
50,8,1048576,8192,hyprefill,768/768/768,graph,101,42.9188,15.0503,42.9720,42.9188,
50,8,1048576,8192,hyprefill,768/768/768,graph,102,42.6193,15.0503,42.6681,42.6193,
50,8,1048576,8192,hyprefill,768/768/768,graph,103,42.7407,15.0503,42.7912,42.7407,
50,8,1048576,8192,hyprefill,768/768/768,graph,104,42.5978,15.0503,42.6450,42.5978,
50,8,1048576,8192,hyprefill,768/768/768,graph,105,42.8695,15.0503,42.9175,42.8695,
50,8,1048576,8192,hyprefill,768/768/768,graph,106,42.7281,15.0503,42.7754,42.7281,
50,8,1048576,8192,hyprefill,768/768/768,graph,107,42.9112,15.0503,42.9553,42.9112,
50,8,1048576,8192,hyprefill,768/768/768,graph,108,42.7888,15.0503,42.8362,42.7888,
50,8,1048576,8192,hyprefill,768/768/768,graph,109,43.0775,15.0503,43.1227,43.0775,
50,8,1048576,8192,hyprefill,768/768/768,graph,110,42.8502,15.0503,42.8974,42.8502,
50,8,1048576,8192,hyprefill,768/768/768,graph,111,43.0570,15.0503,43.1028,43.0570,
50,8,1048576,8192,hyprefill,768/768/768,graph,112,42.8237,15.0503,42.8731,42.8237,
50,8,1048576,8192,hyprefill,768/768/768,graph,113,43.0421,15.0503,43.0909,43.0421,
50,8,1048576,8192,hyprefill,768/768/768,graph,114,42.8793,15.0503,42.9288,42.8793,
50,8,1048576,8192,hyprefill,768/768/768,graph,115,43.0276,15.0503,43.0776,43.0276,
50,8,1048576,8192,hyprefill,768/768/768,graph,116,42.7722,15.0503,42.8255,42.7722,
50,8,1048576,8192,hyprefill,768/768/768,graph,117,43.2029,15.0503,43.2718,43.2029,
50,8,1048576,8192,hyprefill,768/768/768,graph,118,42.7108,15.0503,42.7656,42.7108,
50,8,1048576,8192,hyprefill,768/768/768,graph,119,42.8867,15.0503,42.9367,42.8867,
50,8,1048576,8192,hyprefill,768/768/768,graph,120,42.7919,15.0503,42.8406,42.7919,
50,8,1048576,8192,hyprefill,768/768/768,graph,121,42.8256,15.0503,42.8739,42.8256,
50,8,1048576,8192,hyprefill,768/768/768,graph,122,42.6082,15.0503,42.6583,42.6082,
50,8,1048576,8192,hyprefill,768/768/768,graph,123,42.7989,15.0503,42.8449,42.7989,
50,8,1048576,8192,hyprefill,768/768/768,graph,124,42.5621,15.0503,42.6134,42.5621,
50,8,1048576,8192,hyprefill,768/768/768,graph,125,43.3420,15.0503,43.3912,43.3420,
50,8,1048576,8192,hyprefill,768/768/768,graph,126,42.5919,15.0503,42.6437,42.5919,
50,8,1048576,8192,hyprefill,768/768/768,graph,127,42.9121,15.0503,42.9605,42.9121,
50,8,1048576,8192,hyprefill,768/768/768,graph,128,42.7180,15.0503,42.7647,42.7180,
50,8,1048576,8192,hyprefill,768/768/768,graph,129,43.5120,15.0503,43.5587,43.5120,
50,8,1048576,8192,hyprefill,768/768/768,graph,130,42.7303,15.0503,42.7761,42.7303,
50,8,1048576,8192,hyprefill,768/768/768,graph,131,43.0164,15.0503,43.0640,43.0164,
50,8,1048576,8192,hyprefill,768/768/768,graph,132,43.1626,15.0503,43.2078,43.1626,
50,8,1048576,8192,hyprefill,768/768/768,graph,133,43.2580,15.0503,43.3045,43.2580,
50,8,1048576,8192,hyprefill,768/768/768,graph,134,42.9265,15.0503,42.9712,42.9265,
50,8,1048576,8192,hyprefill,768/768/768,graph,135,43.5335,15.0503,43.5780,43.5335,
50,8,1048576,8192,hyprefill,768/768/768,graph,136,42.8092,15.0503,42.8578,42.8092,
50,8,1048576,8192,hyprefill,768/768/768,graph,137,43.0772,15.0503,43.1266,43.0772,
50,8,1048576,8192,hyprefill,768/768/768,graph,138,42.7517,15.0503,42.7987,42.7517,
50,8,1048576,8192,hyprefill,768/768/768,graph,139,43.4962,15.0503,43.5430,43.4962,
50,8,1048576,8192,hyprefill,768/768/768,graph,140,42.8553,15.0503,42.9018,42.8553,
50,8,1048576,8192,hyprefill,768/768/768,graph,141,43.0847,15.0503,43.1314,43.0847,
50,8,1048576,8192,hyprefill,768/768/768,graph,142,42.6306,15.0503,42.6767,42.6306,
50,8,1048576,8192,hyprefill,768/768/768,graph,143,42.9993,15.0503,43.0513,42.9993,
50,8,1048576,8192,hyprefill,768/768/768,graph,144,42.6883,15.0503,42.7450,42.6883,
50,8,1048576,8192,hyprefill,768/768/768,graph,145,43.6425,15.0503,43.6955,43.6425,
50,8,1048576,8192,hyprefill,768/768/768,graph,146,42.5980,15.0503,42.6454,42.5980,
50,8,1048576,8192,hyprefill,768/768/768,graph,147,42.8774,15.0503,42.9262,42.8774,
50,8,1048576,8192,hyprefill,768/768/768,graph,148,42.5677,15.0503,42.6177,42.5677,
50,8,1048576,8192,hyprefill,768/768/768,graph,149,42.9292,15.0503,42.9797,42.9292,
50,8,1048576,8192,hyprefill,768/768/768,graph,150,42.5237,15.0503,42.5754,42.5237,
50,8,1048576,8192,hyprefill,768/768/768,graph,151,43.0188,15.0503,43.0766,43.0188,
50,8,1048576,8192,hyprefill,768/768/768,graph,152,43.3420,15.0503,43.3908,43.3420,
50,8,1048576,8192,hyprefill,768/768/768,graph,153,42.8385,15.0503,42.8845,42.8385,
50,8,1048576,8192,hyprefill,768/768/768,graph,154,42.9290,15.0503,42.9773,42.9290,
50,8,1048576,8192,hyprefill,768/768/768,graph,155,43.0505,15.0503,43.1044,43.0505,
50,8,1048576,8192,hyprefill,768/768/768,graph,156,42.6169,15.0503,42.6648,42.6169,
50,8,1048576,8192,hyprefill,768/768/768,graph,157,43.9185,15.0503,43.9661,43.9185,
50,8,1048576,8192,hyprefill,768/768/768,graph,158,42.8591,15.0503,42.9067,42.8591,
50,8,1048576,8192,hyprefill,768/768/768,graph,159,42.8815,15.0503,42.9271,42.8815,
50,8,1048576,8192,hyprefill,768/768/768,graph,160,43.1745,15.0503,43.2198,43.1745,
50,8,1048576,8192,hyprefill,768/768/768,graph,161,42.8784,15.0503,42.9291,42.8784,
50,8,1048576,8192,hyprefill,768/768/768,graph,162,42.6667,15.0503,42.7233,42.6667,
50,8,1048576,8192,hyprefill,768/768/768,graph,163,42.8967,15.0503,42.9452,42.8967,
50,8,1048576,8192,hyprefill,768/768/768,graph,164,43.1616,15.0503,43.2078,43.1616,
50,8,1048576,8192,hyprefill,768/768/768,graph,165,42.8976,15.0503,42.9471,42.8976,
50,8,1048576,8192,hyprefill,768/768/768,graph,166,42.8628,15.0503,42.9152,42.8628,
50,8,1048576,8192,hyprefill,768/768/768,graph,167,42.9068,15.0503,42.9553,42.9068,
50,8,1048576,8192,hyprefill,768/768/768,graph,168,42.7959,14.7758,42.8425,42.7959,
50,8,1048576,8192,hyprefill,768/768/768,graph,169,43.0110,14.7758,43.0575,43.0110,
50,8,1048576,8192,hyprefill,768/768/768,graph,170,42.3817,14.5012,42.4292,42.3817,
50,8,1048576,8192,hyprefill,768/768/768,graph,171,42.1323,14.5012,42.1824,42.1323,
50,8,1048576,8192,hyprefill,768/768/768,graph,172,42.0081,14.2266,42.0543,42.0081,
50,8,1048576,8192,hyprefill,768/768/768,graph,173,41.8230,14.2266,41.8732,41.8230,
50,8,1048576,8192,hyprefill,768/768/768,graph,174,41.7036,14.2266,41.7534,41.7036,
50,8,1048576,8192,hyprefill,768/768/768,graph,175,41.6223,14.2266,41.6688,41.6223,
50,8,1048576,8192,hyprefill,768/768/768,graph,176,41.8034,14.5012,41.8487,41.8034,
50,8,1048576,8192,hyprefill,768/768/768,graph,177,42.1339,14.5012,42.1829,42.1339,
50,8,1048576,8192,hyprefill,768/768/768,graph,178,42.1826,14.7758,42.2298,42.1826,
50,8,1048576,8192,hyprefill,768/768/768,graph,179,42.3341,14.7758,42.3892,42.3341,
50,8,1048576,8192,hyprefill,768/768/768,graph,180,42.6380,15.0503,42.6829,42.6380,
50,8,1048576,8192,hyprefill,768/768/768,graph,181,43.0739,15.0503,43.1235,43.0739,
50,8,1048576,8192,hyprefill,768/768/768,graph,182,42.9132,15.0503,42.9641,42.9132,
50,8,1048576,8192,hyprefill,768/768/768,graph,183,43.1138,15.0503,43.1596,43.1138,
50,8,1048576,8192,hyprefill,768/768/768,graph,184,43.0159,15.0503,43.0617,43.0159,
50,8,1048576,8192,hyprefill,768/768/768,graph,185,43.0696,15.0503,43.1177,43.0696,
50,8,1048576,8192,hyprefill,768/768/768,graph,186,43.1001,15.0503,43.1515,43.1001,
50,8,1048576,8192,hyprefill,768/768/768,graph,187,43.1383,15.0503,43.1947,43.1383,
50,8,1048576,8192,hyprefill,768/768/768,graph,188,42.9544,15.0503,43.0044,42.9544,
50,8,1048576,8192,hyprefill,768/768/768,graph,189,42.9358,15.0503,42.9853,42.9358,
50,8,1048576,8192,hyprefill,768/768/768,graph,190,42.8525,15.0503,42.8999,42.8525,
50,8,1048576,8192,hyprefill,768/768/768,graph,191,42.8557,15.0503,42.9018,42.8557,
50,8,1048576,8192,hyprefill,768/768/768,graph,192,42.8304,15.0503,42.8810,42.8304,
50,8,1048576,8192,hyprefill,768/768/768,graph,193,42.8733,15.0503,42.9209,42.8733,
50,8,1048576,8192,hyprefill,768/768/768,graph,194,42.7731,15.0503,42.8271,42.7731,
50,8,1048576,8192,hyprefill,768/768/768,graph,195,42.8285,15.0503,42.8812,42.8285,
50,8,1048576,8192,hyprefill,768/768/768,graph,196,42.9128,15.0503,42.9644,42.9128,
50,8,1048576,8192,hyprefill,768/768/768,graph,197,42.9718,15.0503,43.0185,42.9718,
50,8,1048576,8192,hyprefill,768/768/768,graph,198,42.8851,15.0503,42.9334,42.8851,
50,8,1048576,8192,hyprefill,768/768/768,graph,199,42.7962,15.0503,42.8448,42.7962,
100,8,1048576,8192,chunked,256/256/256,graph,0,73.3670,23.6381,73.4178,73.3670,
100,8,1048576,8192,chunked,256/256/256,graph,1,77.8564,23.6381,77.8804,77.8564,
100,8,1048576,8192,chunked,256/256/256,graph,2,78.8704,23.6381,78.8952,78.8704,
100,8,1048576,8192,chunked,256/256/256,graph,3,78.7923,23.6381,78.8468,78.7923,
100,8,1048576,8192,chunked,256/256/256,graph,4,80.0741,23.6381,80.1143,80.0741,
100,8,1048576,8192,chunked,256/256/256,graph,5,79.3169,23.6381,79.3502,79.3169,
100,8,1048576,8192,chunked,256/256/256,graph,6,79.8089,23.6381,79.8319,79.8089,
100,8,1048576,8192,chunked,256/256/256,graph,7,79.8151,23.6381,79.8338,79.8151,
100,8,1048576,8192,chunked,256/256/256,graph,8,79.4497,23.6381,79.4678,79.4497,
100,8,1048576,8192,chunked,256/256/256,graph,9,79.0138,23.6381,79.0327,79.0138,
100,8,1048576,8192,chunked,256/256/256,graph,10,81.5608,23.6381,81.5783,81.5608,
100,8,1048576,8192,chunked,256/256/256,graph,11,91.4886,23.6381,91.5075,91.4886,
100,8,1048576,8192,chunked,256/256/256,graph,12,82.4226,23.6381,82.4724,82.4226,
100,8,1048576,8192,chunked,256/256/256,graph,13,80.0273,23.6381,80.0940,80.0273,
100,8,1048576,8192,chunked,256/256/256,graph,14,79.8552,23.6381,79.8812,79.8552,
100,8,1048576,8192,chunked,256/256/256,graph,15,79.7931,23.6381,79.8261,79.7931,
100,8,1048576,8192,chunked,256/256/256,graph,16,79.6183,23.6381,79.6416,79.6183,
100,8,1048576,8192,chunked,256/256/256,graph,17,79.7813,23.6381,79.8031,79.7813,
100,8,1048576,8192,chunked,256/256/256,graph,18,79.7200,23.6381,79.7386,79.7200,
100,8,1048576,8192,chunked,256/256/256,graph,19,80.1839,23.6381,80.2021,80.1839,
100,8,1048576,8192,chunked,256/256/256,graph,20,79.8675,23.6381,79.8875,79.8675,
100,8,1048576,8192,chunked,256/256/256,graph,21,80.5000,23.6381,80.5202,80.5000,
100,8,1048576,8192,chunked,256/256/256,graph,22,84.8669,23.6381,84.8919,84.8669,
100,8,1048576,8192,chunked,256/256/256,graph,23,85.1823,23.6381,85.2018,85.1823,
100,8,1048576,8192,chunked,256/256/256,graph,24,82.5389,23.6381,82.5601,82.5389,
100,8,1048576,8192,chunked,256/256/256,graph,25,81.5309,23.6381,81.5522,81.5309,
100,8,1048576,8192,chunked,256/256/256,graph,26,80.2110,23.6381,80.2359,80.2110,
100,8,1048576,8192,chunked,256/256/256,graph,27,78.8637,23.6381,78.8848,78.8637,
100,8,1048576,8192,chunked,256/256/256,graph,28,79.3434,23.6381,79.3625,79.3434,
100,8,1048576,8192,chunked,256/256/256,graph,29,79.7728,23.6381,79.7898,79.7728,
100,8,1048576,8192,chunked,256/256/256,graph,30,80.0407,23.6381,80.0576,80.0407,
100,8,1048576,8192,chunked,256/256/256,graph,31,79.9687,23.6381,79.9886,79.9687,
100,8,1048576,8192,chunked,256/256/256,graph,32,79.3341,23.6381,79.3539,79.3341,
100,8,1048576,8192,chunked,256/256/256,graph,33,81.2006,23.6381,81.2198,81.2006,
100,8,1048576,8192,chunked,256/256/256,graph,34,82.0864,23.6381,82.1084,82.0864,
100,8,1048576,8192,chunked,256/256/256,graph,35,82.1138,23.6381,82.1417,82.1138,
100,8,1048576,8192,chunked,256/256/256,graph,36,83.1620,23.6381,83.1837,83.1620,
100,8,1048576,8192,chunked,256/256/256,graph,37,83.0498,23.6381,83.0702,83.0498,
100,8,1048576,8192,chunked,256/256/256,graph,38,80.9903,23.6381,81.0120,80.9903,
100,8,1048576,8192,chunked,256/256/256,graph,39,80.8906,23.6381,80.9181,80.8906,
100,8,1048576,8192,chunked,256/256/256,graph,40,79.5859,23.6381,79.6079,79.5859,
100,8,1048576,8192,chunked,256/256/256,graph,41,80.0291,23.6381,80.0503,80.0291,
100,8,1048576,8192,chunked,256/256/256,graph,42,79.8937,23.6381,79.9190,79.8937,
100,8,1048576,8192,chunked,256/256/256,graph,43,80.0413,23.6381,80.0653,80.0413,
100,8,1048576,8192,chunked,256/256/256,graph,44,80.2698,23.6381,80.2910,80.2698,
100,8,1048576,8192,chunked,256/256/256,graph,45,80.1484,23.6381,80.1709,80.1484,
100,8,1048576,8192,chunked,256/256/256,graph,46,82.3235,23.6381,82.3471,82.3235,
100,8,1048576,8192,chunked,256/256/256,graph,47,80.0652,23.6381,80.0857,80.0652,
100,8,1048576,8192,chunked,256/256/256,graph,48,80.9819,23.6381,81.0010,80.9819,
100,8,1048576,8192,chunked,256/256/256,graph,49,81.9271,23.6381,81.9462,81.9271,
100,8,1048576,8192,chunked,256/256/256,graph,50,81.5291,23.6381,81.5497,81.5291,
100,8,1048576,8192,chunked,256/256/256,graph,51,80.4748,23.6381,80.4949,80.4748,
100,8,1048576,8192,chunked,256/256/256,graph,52,79.9567,23.6381,79.9773,79.9567,
100,8,1048576,8192,chunked,256/256/256,graph,53,79.3634,23.6381,79.3815,79.3634,
100,8,1048576,8192,chunked,256/256/256,graph,54,79.0907,23.6381,79.1100,79.0907,
100,8,1048576,8192,chunked,256/256/256,graph,55,78.7629,23.6381,78.7871,78.7629,
100,8,1048576,8192,chunked,256/256/256,graph,56,80.3540,23.6381,80.3749,80.3540,
100,8,1048576,8192,chunked,256/256/256,graph,57,81.8482,23.6381,81.8683,81.8482,
100,8,1048576,8192,chunked,256/256/256,graph,58,80.5850,23.6381,80.6051,80.5850,
100,8,1048576,8192,chunked,256/256/256,graph,59,79.9857,23.6381,80.0121,79.9857,
100,8,1048576,8192,chunked,256/256/256,graph,60,81.3050,23.6381,81.3281,81.3050,
100,8,1048576,8192,chunked,256/256/256,graph,61,82.0700,23.6381,82.0903,82.0700,
100,8,1048576,8192,chunked,256/256/256,graph,62,81.4972,23.6381,81.5148,81.4972,
100,8,1048576,8192,chunked,256/256/256,graph,63,80.8071,23.6381,80.8242,80.8071,
100,8,1048576,8192,chunked,256/256/256,graph,64,79.9819,23.6381,80.0010,79.9819,
100,8,1048576,8192,chunked,256/256/256,graph,65,79.9799,23.6381,79.9990,79.9799,
100,8,1048576,8192,chunked,256/256/256,graph,66,79.2683,23.6381,79.2928,79.2683,
100,8,1048576,8192,chunked,256/256/256,graph,67,79.3327,23.6381,79.3556,79.3327,
100,8,1048576,8192,chunked,256/256/256,graph,68,80.4299,23.6381,80.4552,80.4299,
100,8,1048576,8192,chunked,256/256/256,graph,69,80.5237,23.6381,80.5474,80.5237,
100,8,1048576,8192,chunked,256/256/256,graph,70,80.7056,23.6381,80.7289,80.7056,
100,8,1048576,8192,chunked,256/256/256,graph,71,80.3759,23.6381,80.3983,80.3759,
100,8,1048576,8192,chunked,256/256/256,graph,72,79.6158,23.6381,79.6348,79.6158,
100,8,1048576,8192,chunked,256/256/256,graph,73,80.3271,23.6381,80.3466,80.3271,
100,8,1048576,8192,chunked,256/256/256,graph,74,79.0105,23.6381,79.0313,79.0105,
100,8,1048576,8192,chunked,256/256/256,graph,75,80.2923,23.6381,80.3104,80.2923,
100,8,1048576,8192,chunked,256/256/256,graph,76,79.8969,23.6381,79.9158,79.8969,
100,8,1048576,8192,chunked,256/256/256,graph,77,79.3477,23.6381,79.3663,79.3477,
100,8,1048576,8192,chunked,256/256/256,graph,78,78.7562,23.6381,78.7733,78.7562,
100,8,1048576,8192,chunked,256/256/256,graph,79,79.5573,23.6381,79.5757,79.5573,
100,8,1048576,8192,chunked,256/256/256,graph,80,79.6025,23.6381,79.6223,79.6025,
100,8,1048576,8192,chunked,256/256/256,graph,81,80.4204,23.6381,80.4427,80.4204,
100,8,1048576,8192,chunked,256/256/256,graph,82,80.4709,23.6381,80.5062,80.4709,
100,8,1048576,8192,chunked,256/256/256,graph,83,80.0994,23.6381,80.1268,80.0994,
100,8,1048576,8192,chunked,256/256/256,graph,84,80.8848,23.6381,80.9048,80.8848,
100,8,1048576,8192,chunked,256/256/256,graph,85,81.0876,23.6381,81.1076,81.0876,
100,8,1048576,8192,chunked,256/256/256,graph,86,79.8612,23.6381,79.8880,79.8612,
100,8,1048576,8192,chunked,256/256/256,graph,87,80.6720,23.6381,80.7090,80.6720,
100,8,1048576,8192,chunked,256/256/256,graph,88,81.8261,23.6381,81.8549,81.8261,
100,8,1048576,8192,chunked,256/256/256,graph,89,81.4792,23.6381,81.5028,81.4792,
100,8,1048576,8192,chunked,256/256/256,graph,90,79.2574,23.6381,79.2849,79.2574,
100,8,1048576,8192,chunked,256/256/256,graph,91,79.8004,23.6381,79.8207,79.8004,
100,8,1048576,8192,chunked,256/256/256,graph,92,80.0501,23.6381,80.0726,80.0501,
100,8,1048576,8192,chunked,256/256/256,graph,93,81.9899,23.6381,82.0115,81.9899,
100,8,1048576,8192,chunked,256/256/256,graph,94,78.9710,23.6381,78.9893,78.9710,
100,8,1048576,8192,chunked,256/256/256,graph,95,80.6826,23.6381,80.7026,80.6826,
100,8,1048576,8192,chunked,256/256/256,graph,96,80.0476,23.6381,80.0652,80.0476,
100,8,1048576,8192,chunked,256/256/256,graph,97,80.5343,23.6381,80.5545,80.5343,
100,8,1048576,8192,chunked,256/256/256,graph,98,81.5088,23.6381,81.5262,81.5088,
100,8,1048576,8192,chunked,256/256/256,graph,99,81.3274,23.6381,81.3450,81.3274,
100,8,1048576,8192,chunked,256/256/256,graph,100,81.7741,23.6381,81.7913,81.7741,
100,8,1048576,8192,chunked,256/256/256,graph,101,80.3615,23.6381,80.3795,80.3615,
100,8,1048576,8192,chunked,256/256/256,graph,102,79.8563,23.6381,79.8750,79.8563,
100,8,1048576,8192,chunked,256/256/256,graph,103,80.8537,23.6381,80.8785,80.8537,
100,8,1048576,8192,chunked,256/256/256,graph,104,79.4692,23.6381,79.4908,79.4692,
100,8,1048576,8192,chunked,256/256/256,graph,105,80.8531,23.6381,80.8736,80.8531,
100,8,1048576,8192,chunked,256/256/256,graph,106,78.9252,23.6381,78.9580,78.9252,
100,8,1048576,8192,chunked,256/256/256,graph,107,80.4562,23.6381,80.4894,80.4562,
100,8,1048576,8192,chunked,256/256/256,graph,108,79.0541,23.6381,79.0771,79.0541,
100,8,1048576,8192,chunked,256/256/256,graph,109,80.3982,23.6381,80.4229,80.3982,
100,8,1048576,8192,chunked,256/256/256,graph,110,79.9479,23.6381,79.9680,79.9479,
100,8,1048576,8192,chunked,256/256/256,graph,111,80.4739,23.6381,80.4919,80.4739,
100,8,1048576,8192,chunked,256/256/256,graph,112,79.9454,23.6381,79.9627,79.9454,
100,8,1048576,8192,chunked,256/256/256,graph,113,79.4136,23.6381,79.4331,79.4136,
100,8,1048576,8192,chunked,256/256/256,graph,114,81.2681,23.6381,81.2919,81.2681,
100,8,1048576,8192,chunked,256/256/256,graph,115,81.2275,23.6381,81.2476,81.2275,
100,8,1048576,8192,chunked,256/256/256,graph,116,81.6932,23.6381,81.7121,81.6932,
100,8,1048576,8192,chunked,256/256/256,graph,117,80.9346,23.6381,80.9554,80.9346,
100,8,1048576,8192,chunked,256/256/256,graph,118,78.8980,23.6381,78.9287,78.8980,
100,8,1048576,8192,chunked,256/256/256,graph,119,80.8475,23.6381,80.8869,80.8475,
100,8,1048576,8192,chunked,256/256/256,graph,120,80.0879,23.6381,80.1042,80.0879,
100,8,1048576,8192,chunked,256/256/256,graph,121,80.9697,23.6381,80.9859,80.9697,
100,8,1048576,8192,chunked,256/256/256,graph,122,79.4643,23.6381,79.4802,79.4643,
100,8,1048576,8192,chunked,256/256/256,graph,123,79.5366,23.6381,79.5524,79.5366,
100,8,1048576,8192,chunked,256/256/256,graph,124,80.1174,23.6381,80.1344,80.1174,
100,8,1048576,8192,chunked,256/256/256,graph,125,79.4933,23.6381,79.5118,79.4933,
100,8,1048576,8192,chunked,256/256/256,graph,126,80.3023,23.6381,80.3227,80.3023,
100,8,1048576,8192,chunked,256/256/256,graph,127,80.0477,23.6381,80.0697,80.0477,
100,8,1048576,8192,chunked,256/256/256,graph,128,79.7318,23.6381,79.7557,79.7318,
100,8,1048576,8192,chunked,256/256/256,graph,129,80.8044,23.6381,80.8258,80.8044,
100,8,1048576,8192,chunked,256/256/256,graph,130,79.3066,23.6381,79.3332,79.3066,
100,8,1048576,8192,chunked,256/256/256,graph,131,79.7932,23.6381,79.8202,79.7932,
100,8,1048576,8192,chunked,256/256/256,graph,132,78.9272,23.6381,78.9485,78.9272,
100,8,1048576,8192,chunked,256/256/256,graph,133,82.2203,23.6381,82.2371,82.2203,
100,8,1048576,8192,chunked,256/256/256,graph,134,81.3526,23.6381,81.3694,81.3526,
100,8,1048576,8192,chunked,256/256/256,graph,135,80.4251,23.6381,80.4421,80.4251,
100,8,1048576,8192,chunked,256/256/256,graph,136,80.2595,23.6381,80.2759,80.2595,
100,8,1048576,8192,chunked,256/256/256,graph,137,80.4810,23.6381,80.4981,80.4810,
100,8,1048576,8192,chunked,256/256/256,graph,138,80.9962,23.6381,81.0130,80.9962,
100,8,1048576,8192,chunked,256/256/256,graph,139,78.7417,23.6381,78.7620,78.7417,
100,8,1048576,8192,chunked,256/256/256,graph,140,81.0842,23.6381,81.1071,81.0842,
100,8,1048576,8192,chunked,256/256/256,graph,141,80.5899,23.6381,80.6122,80.5899,
100,8,1048576,8192,chunked,256/256/256,graph,142,81.0509,23.6381,81.0702,81.0509,
100,8,1048576,8192,chunked,256/256/256,graph,143,79.7382,23.6381,79.7570,79.7382,
100,8,1048576,8192,chunked,256/256/256,graph,144,78.4602,23.6381,78.4817,78.4602,
100,8,1048576,8192,chunked,256/256/256,graph,145,79.9517,23.6381,79.9766,79.9517,
100,8,1048576,8192,chunked,256/256/256,graph,146,80.7903,23.6381,80.8139,80.7903,
100,8,1048576,8192,chunked,256/256/256,graph,147,78.9796,23.6381,79.0079,78.9796,
100,8,1048576,8192,chunked,256/256/256,graph,148,80.0921,23.6381,80.1122,80.0921,
100,8,1048576,8192,chunked,256/256/256,graph,149,80.1434,23.6381,80.1652,80.1434,
100,8,1048576,8192,chunked,256/256/256,graph,150,79.1154,23.6381,79.1339,79.1154,
100,8,1048576,8192,chunked,256/256/256,graph,151,78.8274,23.6381,78.8453,78.8274,
100,8,1048576,8192,chunked,256/256/256,graph,152,80.7000,23.6381,80.7251,80.7000,
100,8,1048576,8192,chunked,256/256/256,graph,153,80.6773,23.6381,80.7073,80.6773,
100,8,1048576,8192,chunked,256/256/256,graph,154,80.7494,23.6381,80.7753,80.7494,
100,8,1048576,8192,chunked,256/256/256,graph,155,79.1873,23.6381,79.2206,79.1873,
100,8,1048576,8192,chunked,256/256/256,graph,156,79.6420,23.6381,79.6843,79.6420,
100,8,1048576,8192,chunked,256/256/256,graph,157,80.6656,23.6381,80.6876,80.6656,
100,8,1048576,8192,chunked,256/256/256,graph,158,79.6126,23.6381,79.6350,79.6126,
100,8,1048576,8192,chunked,256/256/256,graph,159,79.5017,23.6381,79.5265,79.5017,
100,8,1048576,8192,chunked,256/256/256,graph,160,79.0138,23.6381,79.0356,79.0138,
100,8,1048576,8192,chunked,256/256/256,graph,161,80.0613,23.6381,80.0827,80.0613,
100,8,1048576,8192,chunked,256/256/256,graph,162,81.1792,23.6381,81.1988,81.1792,
100,8,1048576,8192,chunked,256/256/256,graph,163,79.6965,23.6381,79.7155,79.6965,
100,8,1048576,8192,chunked,256/256/256,graph,164,79.1087,23.6381,79.1297,79.1087,
100,8,1048576,8192,chunked,256/256/256,graph,165,80.8022,23.6381,80.8215,80.8022,
100,8,1048576,8192,chunked,256/256/256,graph,166,80.7475,23.6381,80.7726,80.7475,
100,8,1048576,8192,chunked,256/256/256,graph,167,80.0486,23.6381,80.0739,80.0486,
100,8,1048576,8192,chunked,256/256/256,graph,168,81.1450,23.6381,81.1653,81.1450,
100,8,1048576,8192,chunked,256/256/256,graph,169,82.2282,23.6381,82.2486,82.2282,
100,8,1048576,8192,chunked,256/256/256,graph,170,80.2431,23.6381,80.2621,80.2431,
100,8,1048576,8192,chunked,256/256/256,graph,171,79.3380,23.6381,79.3578,79.3380,
100,8,1048576,8192,chunked,256/256/256,graph,172,81.0164,23.6381,81.0367,81.0164,
100,8,1048576,8192,chunked,256/256/256,graph,173,80.9078,23.6381,80.9254,80.9078,
100,8,1048576,8192,chunked,256/256/256,graph,174,79.6153,23.6381,79.6337,79.6153,
100,8,1048576,8192,chunked,256/256/256,graph,175,79.9387,23.6381,79.9557,79.9387,
100,8,1048576,8192,chunked,256/256/256,graph,176,79.5645,23.6381,79.5838,79.5645,
100,8,1048576,8192,chunked,256/256/256,graph,177,80.5890,23.6381,80.6077,80.5890,
100,8,1048576,8192,chunked,256/256/256,graph,178,79.9414,23.6381,79.9618,79.9414,
100,8,1048576,8192,chunked,256/256/256,graph,179,79.4789,23.6381,79.5131,79.4789,
100,8,1048576,8192,chunked,256/256/256,graph,180,78.9119,23.6381,78.9616,78.9119,
100,8,1048576,8192,chunked,256/256/256,graph,181,80.4275,23.6381,80.4484,80.4275,
100,8,1048576,8192,chunked,256/256/256,graph,182,80.7154,23.6381,80.7418,80.7154,
100,8,1048576,8192,chunked,256/256/256,graph,183,79.9592,23.6381,79.9791,79.9592,
100,8,1048576,8192,chunked,256/256/256,graph,184,79.7318,23.6381,79.7533,79.7318,
100,8,1048576,8192,chunked,256/256/256,graph,185,79.1282,23.6381,79.1505,79.1282,
100,8,1048576,8192,chunked,256/256/256,graph,186,79.5711,23.6381,79.5894,79.5711,
100,8,1048576,8192,chunked,256/256/256,graph,187,80.7931,23.6381,80.8095,80.7931,
100,8,1048576,8192,chunked,256/256/256,graph,188,80.0644,23.6381,80.0830,80.0644,
100,8,1048576,8192,chunked,256/256/256,graph,189,80.5793,23.6381,80.6015,80.5793,
100,8,1048576,8192,chunked,256/256/256,graph,190,80.0376,23.6381,80.0577,80.0376,
100,8,1048576,8192,chunked,256/256/256,graph,191,80.4364,23.6381,80.4571,80.4364,
100,8,1048576,8192,chunked,256/256/256,graph,192,79.3234,23.6381,79.3431,79.3234,
100,8,1048576,8192,chunked,256/256/256,graph,193,79.7191,23.6381,79.7376,79.7191,
100,8,1048576,8192,chunked,256/256/256,graph,194,81.3368,23.6381,81.3558,81.3368,
100,8,1048576,8192,chunked,256/256/256,graph,195,80.9834,23.6381,81.0034,80.9834,
100,8,1048576,8192,chunked,256/256/256,graph,196,81.4526,23.6381,81.4699,81.4526,
100,8,1048576,8192,chunked,256/256/256,graph,197,80.7678,23.6381,80.7886,80.7678,
100,8,1048576,8192,chunked,256/256/256,graph,198,79.7573,23.6381,79.7767,79.7573,
100,8,1048576,8192,chunked,256/256/256,graph,199,80.4282,23.6381,80.4491,80.4282,
100,8,1048576,8192,layered,512/512/512,graph,0,86.4094,20.2157,86.4575,86.4094,
100,8,1048576,8192,layered,512/512/512,graph,1,87.7441,20.2157,87.7897,87.7441,
100,8,1048576,8192,layered,512/512/512,graph,2,86.7923,20.2157,86.8403,86.7923,
100,8,1048576,8192,layered,512/512/512,graph,3,87.3387,20.2157,87.3872,87.3387,
100,8,1048576,8192,layered,512/512/512,graph,4,86.1182,20.2157,86.1647,86.1182,
100,8,1048576,8192,layered,512/512/512,graph,5,84.8817,20.2157,84.9280,84.8817,
100,8,1048576,8192,layered,512/512/512,graph,6,86.2676,20.2157,86.3133,86.2676,
100,8,1048576,8192,layered,512/512/512,graph,7,84.4686,20.2157,84.5151,84.4686,
100,8,1048576,8192,layered,512/512/512,graph,8,87.3271,20.2157,87.3733,87.3271,
100,8,1048576,8192,layered,512/512/512,graph,9,84.6080,20.2157,84.6547,84.6080,
100,8,1048576,8192,layered,512/512/512,graph,10,84.9043,20.2157,84.9550,84.9043,
100,8,1048576,8192,layered,512/512/512,graph,11,86.8134,20.2157,86.8608,86.8134,
100,8,1048576,8192,layered,512/512/512,graph,12,85.4427,20.2157,85.4930,85.4427,
100,8,1048576,8192,layered,512/512/512,graph,13,86.0299,20.2157,86.0805,86.0299,
100,8,1048576,8192,layered,512/512/512,graph,14,87.7807,20.2157,87.8756,87.7807,
100,8,1048576,8192,layered,512/512/512,graph,15,88.3738,20.2157,88.4194,88.3738,
100,8,1048576,8192,layered,512/512/512,graph,16,87.3868,20.2157,87.4324,87.3868,
100,8,1048576,8192,layered,512/512/512,graph,17,87.3804,20.2157,87.4263,87.3804,
100,8,1048576,8192,layered,512/512/512,graph,18,87.6123,20.2157,87.6611,87.6123,
100,8,1048576,8192,layered,512/512/512,graph,19,85.2381,20.2157,85.2867,85.2381,
100,8,1048576,8192,layered,512/512/512,graph,20,88.4835,20.2157,88.5372,88.4835,
100,8,1048576,8192,layered,512/512/512,graph,21,87.6118,20.2157,87.6636,87.6118,
100,8,1048576,8192,layered,512/512/512,graph,22,86.4119,20.2157,86.4596,86.4119,
100,8,1048576,8192,layered,512/512/512,graph,23,87.2482,20.2157,87.2945,87.2482,
100,8,1048576,8192,layered,512/512/512,graph,24,87.8877,20.2157,87.9427,87.8877,
100,8,1048576,8192,layered,512/512/512,graph,25,86.5788,20.2157,86.6263,86.5788,
100,8,1048576,8192,layered,512/512/512,graph,26,86.7263,20.2157,86.7779,86.7263,
100,8,1048576,8192,layered,512/512/512,graph,27,86.7754,20.2157,86.8278,86.7754,
100,8,1048576,8192,layered,512/512/512,graph,28,87.4445,20.2157,87.5022,87.4445,
100,8,1048576,8192,layered,512/512/512,graph,29,87.7820,20.2157,87.8338,87.7820,
100,8,1048576,8192,layered,512/512/512,graph,30,87.5223,20.2157,87.5707,87.5223,
100,8,1048576,8192,layered,512/512/512,graph,31,85.6248,20.2157,85.6866,85.6248,
100,8,1048576,8192,layered,512/512/512,graph,32,88.1749,20.2157,88.2309,88.1749,
100,8,1048576,8192,layered,512/512/512,graph,33,87.6601,20.2157,87.7110,87.6601,
100,8,1048576,8192,layered,512/512/512,graph,34,86.1404,20.2157,86.1916,86.1404,
100,8,1048576,8192,layered,512/512/512,graph,35,85.9057,20.2157,85.9616,85.9057,
100,8,1048576,8192,layered,512/512/512,graph,36,86.9692,20.2157,87.0247,86.9692,
100,8,1048576,8192,layered,512/512/512,graph,37,88.1093,20.2157,88.1556,88.1093,
100,8,1048576,8192,layered,512/512/512,graph,38,85.4090,20.2157,85.4570,85.4090,
100,8,1048576,8192,layered,512/512/512,graph,39,87.2972,20.2157,87.3441,87.2972,
100,8,1048576,8192,layered,512/512/512,graph,40,86.1382,20.4903,86.1826,86.1382,
100,8,1048576,8192,layered,512/512/512,graph,41,86.3070,20.4903,86.3527,86.3070,
100,8,1048576,8192,layered,512/512/512,graph,42,87.4518,20.7649,87.4938,87.4518,
100,8,1048576,8192,layered,512/512/512,graph,43,87.5320,20.7649,87.5802,87.5320,
100,8,1048576,8192,layered,512/512/512,graph,44,89.1282,21.0395,89.1735,89.1282,
100,8,1048576,8192,layered,512/512/512,graph,45,89.5809,21.0395,89.6265,89.5809,
100,8,1048576,8192,layered,512/512/512,graph,46,87.5893,21.0395,87.6360,87.5893,
100,8,1048576,8192,layered,512/512/512,graph,47,85.5933,21.0395,85.6412,85.5933,
100,8,1048576,8192,layered,512/512/512,graph,48,88.7724,21.0395,88.8183,88.7724,
100,8,1048576,8192,layered,512/512/512,graph,49,87.4138,21.0395,87.4588,87.4138,
100,8,1048576,8192,layered,512/512/512,graph,50,87.6733,21.0395,87.7192,87.6733,
100,8,1048576,8192,layered,512/512/512,graph,51,89.0993,21.0395,89.1461,89.0993,
100,8,1048576,8192,layered,512/512/512,graph,52,88.6829,21.0395,88.7331,88.6829,
100,8,1048576,8192,layered,512/512/512,graph,53,89.4668,21.0395,89.5168,89.4668,
100,8,1048576,8192,layered,512/512/512,graph,54,89.0531,21.0395,89.1022,89.0531,
100,8,1048576,8192,layered,512/512/512,graph,55,86.1196,21.0395,86.1678,86.1196,
100,8,1048576,8192,layered,512/512/512,graph,56,86.2726,21.0395,86.3202,86.2726,
100,8,1048576,8192,layered,512/512/512,graph,57,86.9318,21.0395,86.9846,86.9318,
100,8,1048576,8192,layered,512/512/512,graph,58,85.9566,21.0395,86.0104,85.9566,
100,8,1048576,8192,layered,512/512/512,graph,59,88.3712,21.0395,88.4304,88.3712,
100,8,1048576,8192,layered,512/512/512,graph,60,89.4258,21.0395,89.4727,89.4258,
100,8,1048576,8192,layered,512/512/512,graph,61,88.9139,21.0395,88.9633,88.9139,
100,8,1048576,8192,layered,512/512/512,graph,62,86.6050,21.0395,86.6580,86.6050,
100,8,1048576,8192,layered,512/512/512,graph,63,86.2865,21.0395,86.3394,86.2865,
100,8,1048576,8192,layered,512/512/512,graph,64,87.8370,21.0395,87.8891,87.8370,
100,8,1048576,8192,layered,512/512/512,graph,65,87.3065,21.0395,87.3547,87.3065,
100,8,1048576,8192,layered,512/512/512,graph,66,89.3488,21.0395,89.4106,89.3488,
100,8,1048576,8192,layered,512/512/512,graph,67,89.2280,21.0395,89.2853,89.2280,
100,8,1048576,8192,layered,512/512/512,graph,68,87.8428,21.0395,87.8954,87.8428,
100,8,1048576,8192,layered,512/512/512,graph,69,88.1434,21.0395,88.1974,88.1434,
100,8,1048576,8192,layered,512/512/512,graph,70,89.2076,21.0395,89.2536,89.2076,
100,8,1048576,8192,layered,512/512/512,graph,71,90.0244,21.0395,90.0720,90.0244,
100,8,1048576,8192,layered,512/512/512,graph,72,87.3785,20.7649,87.4273,87.3785,
100,8,1048576,8192,layered,512/512/512,graph,73,88.2508,20.7649,88.3027,88.2508,
100,8,1048576,8192,layered,512/512/512,graph,74,87.9896,20.4903,88.0412,87.9896,
100,8,1048576,8192,layered,512/512/512,graph,75,85.8729,20.4903,85.9190,85.8729,
100,8,1048576,8192,layered,512/512/512,graph,76,86.4176,20.2157,86.4672,86.4176,
100,8,1048576,8192,layered,512/512/512,graph,77,87.8365,20.2157,87.8880,87.8365,
100,8,1048576,8192,layered,512/512/512,graph,78,86.6090,20.2157,86.6620,86.6090,
100,8,1048576,8192,layered,512/512/512,graph,79,84.4606,20.2157,84.5082,84.4606,
100,8,1048576,8192,layered,512/512/512,graph,80,87.1404,20.2157,87.1864,87.1404,
100,8,1048576,8192,layered,512/512/512,graph,81,85.1807,20.2157,85.2317,85.1807,
100,8,1048576,8192,layered,512/512/512,graph,82,84.6292,20.2157,84.6828,84.6292,
100,8,1048576,8192,layered,512/512/512,graph,83,86.4170,20.2157,86.4697,86.4170,
100,8,1048576,8192,layered,512/512/512,graph,84,85.2673,20.2157,85.3183,85.2673,
100,8,1048576,8192,layered,512/512/512,graph,85,87.5877,20.2157,87.6483,87.5877,
100,8,1048576,8192,layered,512/512/512,graph,86,85.0596,20.2157,85.1105,85.0596,
100,8,1048576,8192,layered,512/512/512,graph,87,85.6905,20.2157,85.7403,85.6905,
100,8,1048576,8192,layered,512/512/512,graph,88,86.9863,20.2157,87.0392,86.9863,
100,8,1048576,8192,layered,512/512/512,graph,89,85.5991,20.2157,85.6459,85.5991,
100,8,1048576,8192,layered,512/512/512,graph,90,86.2396,20.2157,86.2859,86.2396,
100,8,1048576,8192,layered,512/512/512,graph,91,86.4527,20.2157,86.4989,86.4527,
100,8,1048576,8192,layered,512/512/512,graph,92,86.2803,20.2157,86.3263,86.2803,
100,8,1048576,8192,layered,512/512/512,graph,93,86.6053,20.2157,86.6513,86.6053,
100,8,1048576,8192,layered,512/512/512,graph,94,86.5053,20.2157,86.5625,86.5053,
100,8,1048576,8192,layered,512/512/512,graph,95,86.0032,20.2157,86.0567,86.0032,
100,8,1048576,8192,layered,512/512/512,graph,96,87.4000,20.2157,87.4541,87.4000,
100,8,1048576,8192,layered,512/512/512,graph,97,87.0407,20.2157,87.0940,87.0407,
100,8,1048576,8192,layered,512/512/512,graph,98,84.8834,20.2157,84.9370,84.8834,
100,8,1048576,8192,layered,512/512/512,graph,99,87.0072,20.2157,87.0611,87.0072,
100,8,1048576,8192,layered,512/512/512,graph,100,86.9654,20.2157,87.0183,86.9654,
100,8,1048576,8192,layered,512/512/512,graph,101,86.4963,20.2157,86.5474,86.4963,
100,8,1048576,8192,layered,512/512/512,graph,102,86.2634,20.2157,86.3202,86.2634,
100,8,1048576,8192,layered,512/512/512,graph,103,85.7402,20.2157,85.7901,85.7402,
100,8,1048576,8192,layered,512/512/512,graph,104,86.1333,20.2157,86.1846,86.1333,
100,8,1048576,8192,layered,512/512/512,graph,105,84.8592,20.2157,84.9125,84.8592,
100,8,1048576,8192,layered,512/512/512,graph,106,86.8618,20.2157,86.9084,86.8618,
100,8,1048576,8192,layered,512/512/512,graph,107,87.3865,20.2157,87.4290,87.3865,
100,8,1048576,8192,layered,512/512/512,graph,108,86.6148,20.2157,86.6644,86.6148,
100,8,1048576,8192,layered,512/512/512,graph,109,84.6465,20.2157,84.6929,84.6465,
100,8,1048576,8192,layered,512/512/512,graph,110,87.0020,20.2157,87.0512,87.0020,
100,8,1048576,8192,layered,512/512/512,graph,111,85.7039,20.2157,85.7545,85.7039,
100,8,1048576,8192,layered,512/512/512,graph,112,85.6782,20.2157,85.7233,85.6782,
100,8,1048576,8192,layered,512/512/512,graph,113,86.9862,20.2157,87.0325,86.9862,
100,8,1048576,8192,layered,512/512/512,graph,114,88.5491,20.2157,88.5976,88.5491,
100,8,1048576,8192,layered,512/512/512,graph,115,85.0728,20.2157,85.1177,85.0728,
100,8,1048576,8192,layered,512/512/512,graph,116,85.2686,20.2157,85.3152,85.2686,
100,8,1048576,8192,layered,512/512/512,graph,117,88.3252,20.2157,88.3703,88.3252,
100,8,1048576,8192,layered,512/512/512,graph,118,86.0229,20.2157,86.0686,86.0229,
100,8,1048576,8192,layered,512/512/512,graph,119,87.8901,20.2157,87.9429,87.8901,
100,8,1048576,8192,layered,512/512/512,graph,120,87.8162,20.2157,87.8611,87.8162,
100,8,1048576,8192,layered,512/512/512,graph,121,86.0039,20.2157,86.0510,86.0039,
100,8,1048576,8192,layered,512/512/512,graph,122,85.7403,20.2157,85.7871,85.7403,
100,8,1048576,8192,layered,512/512/512,graph,123,87.5434,20.2157,87.5894,87.5434,
100,8,1048576,8192,layered,512/512/512,graph,124,87.7064,20.2157,87.7555,87.7064,
100,8,1048576,8192,layered,512/512/512,graph,125,84.4634,20.2157,84.5073,84.4634,
100,8,1048576,8192,layered,512/512/512,graph,126,87.7771,20.2157,87.8287,87.7771,
100,8,1048576,8192,layered,512/512/512,graph,127,84.9971,20.2157,85.0462,84.9971,
100,8,1048576,8192,layered,512/512/512,graph,128,86.6491,20.2157,86.7024,86.6491,
100,8,1048576,8192,layered,512/512/512,graph,129,88.2136,20.2157,88.2586,88.2136,
100,8,1048576,8192,layered,512/512/512,graph,130,86.1471,20.2157,86.1964,86.1471,
100,8,1048576,8192,layered,512/512/512,graph,131,88.3886,20.2157,88.4341,88.3886,
100,8,1048576,8192,layered,512/512/512,graph,132,88.4915,20.2157,88.5359,88.4915,
100,8,1048576,8192,layered,512/512/512,graph,133,85.6862,20.2157,85.7331,85.6862,
100,8,1048576,8192,layered,512/512/512,graph,134,87.5437,20.2157,87.5890,87.5437,
100,8,1048576,8192,layered,512/512/512,graph,135,86.7133,20.2157,86.7647,86.7133,
100,8,1048576,8192,layered,512/512/512,graph,136,87.3423,20.4903,87.3927,87.3423,
100,8,1048576,8192,layered,512/512/512,graph,137,89.2562,20.4903,89.3074,89.2562,
100,8,1048576,8192,layered,512/512/512,graph,138,86.6178,20.7649,86.6640,86.6178,
100,8,1048576,8192,layered,512/512/512,graph,139,87.6901,20.7649,87.7380,87.6901,
100,8,1048576,8192,layered,512/512/512,graph,140,87.6421,21.0395,87.6895,87.6421,
100,8,1048576,8192,layered,512/512/512,graph,141,86.3746,21.0395,86.4208,86.3746,
100,8,1048576,8192,layered,512/512/512,graph,142,89.4769,21.0395,89.5221,89.4769,
100,8,1048576,8192,layered,512/512/512,graph,143,89.3659,21.0395,89.4116,89.3659,
100,8,1048576,8192,layered,512/512/512,graph,144,86.4081,21.0395,86.4558,86.4081,
100,8,1048576,8192,layered,512/512/512,graph,145,88.6549,21.0395,88.7070,88.6549,
100,8,1048576,8192,layered,512/512/512,graph,146,87.0174,21.0395,87.0657,87.0174,
100,8,1048576,8192,layered,512/512/512,graph,147,87.7938,21.0395,87.8477,87.7938,
100,8,1048576,8192,layered,512/512/512,graph,148,88.8303,21.0395,88.8789,88.8303,
100,8,1048576,8192,layered,512/512/512,graph,149,86.1140,21.0395,86.1620,86.1140,
100,8,1048576,8192,layered,512/512/512,graph,150,88.7319,21.0395,88.7912,88.7319,
100,8,1048576,8192,layered,512/512/512,graph,151,88.7676,21.0395,88.8146,88.7676,
100,8,1048576,8192,layered,512/512/512,graph,152,88.5455,21.0395,88.5988,88.5455,
100,8,1048576,8192,layered,512/512/512,graph,153,87.4125,21.0395,87.4608,87.4125,
100,8,1048576,8192,layered,512/512/512,graph,154,87.2545,21.0395,87.3031,87.2545,
100,8,1048576,8192,layered,512/512/512,graph,155,86.8868,21.0395,86.9348,86.8868,
100,8,1048576,8192,layered,512/512/512,graph,156,88.7777,21.0395,88.8241,88.7777,
100,8,1048576,8192,layered,512/512/512,graph,157,87.4418,21.0395,87.4876,87.4418,
100,8,1048576,8192,layered,512/512/512,graph,158,87.2449,21.0395,87.3050,87.2449,
100,8,1048576,8192,layered,512/512/512,graph,159,88.5735,21.0395,88.6233,88.5735,
100,8,1048576,8192,layered,512/512/512,graph,160,86.8231,21.0395,86.8700,86.8231,
100,8,1048576,8192,layered,512/512/512,graph,161,85.8353,21.0395,85.8882,85.8353,
100,8,1048576,8192,layered,512/512/512,graph,162,87.9680,21.0395,88.0208,87.9680,
100,8,1048576,8192,layered,512/512/512,graph,163,89.7866,21.0395,89.8384,89.7866,
100,8,1048576,8192,layered,512/512/512,graph,164,86.7983,21.0395,86.8453,86.7983,
100,8,1048576,8192,layered,512/512/512,graph,165,87.5214,21.0395,87.5724,87.5214,
100,8,1048576,8192,layered,512/512/512,graph,166,88.7161,21.0395,88.7703,88.7161,
100,8,1048576,8192,layered,512/512/512,graph,167,87.3739,21.0395,87.4256,87.3739,
100,8,1048576,8192,layered,512/512/512,graph,168,86.4712,20.7649,86.5215,86.4712,
100,8,1048576,8192,layered,512/512/512,graph,169,88.5602,20.7649,88.6066,88.5602,
100,8,1048576,8192,layered,512/512/512,graph,170,88.3319,20.4903,88.3834,88.3319,
100,8,1048576,8192,layered,512/512/512,graph,171,87.1437,20.4903,87.1939,87.1437,
100,8,1048576,8192,layered,512/512/512,graph,172,88.5114,20.2157,88.5585,88.5114,
100,8,1048576,8192,layered,512/512/512,graph,173,87.3336,20.2157,87.3862,87.3336,
100,8,1048576,8192,layered,512/512/512,graph,174,87.3282,20.2157,87.3875,87.3282,
100,8,1048576,8192,layered,512/512/512,graph,175,84.7596,20.2157,84.8107,84.7596,
100,8,1048576,8192,layered,512/512/512,graph,176,87.3098,20.2157,87.3668,87.3098,
100,8,1048576,8192,layered,512/512/512,graph,177,87.3389,20.2157,87.3890,87.3389,
100,8,1048576,8192,layered,512/512/512,graph,178,86.2555,20.2157,86.3075,86.2555,
100,8,1048576,8192,layered,512/512/512,graph,179,85.5993,20.2157,85.6566,85.5993,
100,8,1048576,8192,layered,512/512/512,graph,180,86.9744,20.2157,87.0260,86.9744,
100,8,1048576,8192,layered,512/512/512,graph,181,87.2867,20.2157,87.3419,87.2867,
100,8,1048576,8192,layered,512/512/512,graph,182,84.7440,20.2157,84.7904,84.7440,
100,8,1048576,8192,layered,512/512/512,graph,183,84.5249,20.2157,84.5804,84.5249,
100,8,1048576,8192,layered,512/512/512,graph,184,86.4886,20.2157,86.5366,86.4886,
100,8,1048576,8192,layered,512/512/512,graph,185,86.7966,20.2157,86.8459,86.7966,
100,8,1048576,8192,layered,512/512/512,graph,186,86.6519,20.2157,86.6994,86.6519,
100,8,1048576,8192,layered,512/512/512,graph,187,87.0870,20.2157,87.1331,87.0870,
100,8,1048576,8192,layered,512/512/512,graph,188,86.3470,20.2157,86.4052,86.3470,
100,8,1048576,8192,layered,512/512/512,graph,189,85.8250,20.2157,85.8788,85.8250,
100,8,1048576,8192,layered,512/512/512,graph,190,85.2957,20.2157,85.3572,85.2957,
100,8,1048576,8192,layered,512/512/512,graph,191,86.3635,20.2157,86.4172,86.3635,
100,8,1048576,8192,layered,512/512/512,graph,192,85.0495,20.2157,85.0993,85.0495,
100,8,1048576,8192,layered,512/512/512,graph,193,87.2732,20.2157,87.3297,87.2732,
100,8,1048576,8192,layered,512/512/512,graph,194,85.9719,20.2157,86.0261,85.9719,
100,8,1048576,8192,layered,512/512/512,graph,195,86.8249,20.2157,86.8713,86.8249,
100,8,1048576,8192,layered,512/512/512,graph,196,86.5442,20.2157,86.5938,86.5442,
100,8,1048576,8192,layered,512/512/512,graph,197,86.0658,20.2157,86.1272,86.0658,
100,8,1048576,8192,layered,512/512/512,graph,198,85.4162,20.2157,85.4742,85.4162,
100,8,1048576,8192,layered,512/512/512,graph,199,87.4744,20.2157,87.5368,87.4744,
100,8,1048576,8192,layered,4096/4096/4096,graph,0,77.3727,15.0503,77.4295,77.3727,
100,8,1048576,8192,layered,4096/4096/4096,graph,1,82.2543,15.0503,82.3037,82.2543,
100,8,1048576,8192,layered,4096/4096/4096,graph,2,78.7430,15.0503,78.7909,78.7430,
100,8,1048576,8192,layered,4096/4096/4096,graph,3,77.6335,15.0503,77.6825,77.6335,
100,8,1048576,8192,layered,4096/4096/4096,graph,4,81.1031,15.0503,81.1560,81.1031,
100,8,1048576,8192,layered,4096/4096/4096,graph,5,79.5469,15.0503,79.5963,79.5469,
100,8,1048576,8192,layered,4096/4096/4096,graph,6,82.9380,15.0503,82.9955,82.9380,
100,8,1048576,8192,layered,4096/4096/4096,graph,7,80.4141,15.0503,80.4665,80.4141,
100,8,1048576,8192,layered,4096/4096/4096,graph,8,78.8578,15.0503,78.9064,78.8578,
100,8,1048576,8192,layered,4096/4096/4096,graph,9,82.9472,15.0503,82.9951,82.9472,
100,8,1048576,8192,layered,4096/4096/4096,graph,10,80.3655,15.0503,80.4192,80.3655,
100,8,1048576,8192,layered,4096/4096/4096,graph,11,83.0133,15.0503,83.0632,83.0133,
100,8,1048576,8192,layered,4096/4096/4096,graph,12,79.1075,15.0503,79.1561,79.1075,
100,8,1048576,8192,layered,4096/4096/4096,graph,13,83.1728,15.0503,83.2239,83.1728,
100,8,1048576,8192,layered,4096/4096/4096,graph,14,78.5422,15.0503,78.5895,78.5422,
100,8,1048576,8192,layered,4096/4096/4096,graph,15,80.8243,15.0503,80.8719,80.8243,
100,8,1048576,8192,layered,4096/4096/4096,graph,16,82.6833,15.0503,82.7309,82.6833,
100,8,1048576,8192,layered,4096/4096/4096,graph,17,82.9948,15.0503,83.0492,82.9948,
100,8,1048576,8192,layered,4096/4096/4096,graph,18,79.5844,15.0503,79.6356,79.5844,
100,8,1048576,8192,layered,4096/4096/4096,graph,19,78.9265,15.0503,78.9741,78.9265,
100,8,1048576,8192,layered,4096/4096/4096,graph,20,78.7387,15.0503,78.7861,78.7387,
100,8,1048576,8192,layered,4096/4096/4096,graph,21,82.1711,15.0503,82.2188,82.1711,
100,8,1048576,8192,layered,4096/4096/4096,graph,22,78.0408,15.0503,78.0932,78.0408,
100,8,1048576,8192,layered,4096/4096/4096,graph,23,82.1853,15.0503,82.2402,82.1853,
100,8,1048576,8192,layered,4096/4096/4096,graph,24,81.3266,15.0503,81.3829,81.3266,
100,8,1048576,8192,layered,4096/4096/4096,graph,25,82.1302,15.0503,82.1929,82.1302,
100,8,1048576,8192,layered,4096/4096/4096,graph,26,82.6133,15.0503,82.6628,82.6133,
100,8,1048576,8192,layered,4096/4096/4096,graph,27,81.6109,15.0503,81.6635,81.6109,
100,8,1048576,8192,layered,4096/4096/4096,graph,28,79.9012,15.0503,79.9593,79.9012,
100,8,1048576,8192,layered,4096/4096/4096,graph,29,82.4360,15.0503,82.4939,82.4360,
100,8,1048576,8192,layered,4096/4096/4096,graph,30,81.7765,15.0503,81.8240,81.7765,
100,8,1048576,8192,layered,4096/4096/4096,graph,31,81.6928,15.0503,81.7410,81.6928,
100,8,1048576,8192,layered,4096/4096/4096,graph,32,82.2370,15.0503,82.2873,82.2370,
100,8,1048576,8192,layered,4096/4096/4096,graph,33,78.3284,15.0503,78.3791,78.3284,
100,8,1048576,8192,layered,4096/4096/4096,graph,34,82.5189,15.0503,82.5727,82.5189,
100,8,1048576,8192,layered,4096/4096/4096,graph,35,78.3798,15.0503,78.4299,78.3798,
100,8,1048576,8192,layered,4096/4096/4096,graph,36,82.1817,15.0503,82.2418,82.1817,
100,8,1048576,8192,layered,4096/4096/4096,graph,37,81.4615,15.0503,81.5211,81.4615,
100,8,1048576,8192,layered,4096/4096/4096,graph,38,81.3234,15.0503,81.3732,81.3234,
100,8,1048576,8192,layered,4096/4096/4096,graph,39,78.2808,15.0503,78.3286,78.2808,
100,8,1048576,8192,layered,4096/4096/4096,graph,40,83.3454,15.0503,83.3915,83.3454,
100,8,1048576,8192,layered,4096/4096/4096,graph,41,79.1132,15.0503,79.1591,79.1132,
100,8,1048576,8192,layered,4096/4096/4096,graph,42,82.4938,15.0503,82.5393,82.4938,
100,8,1048576,8192,layered,4096/4096/4096,graph,43,82.4748,15.0503,82.5212,82.4748,
100,8,1048576,8192,layered,4096/4096/4096,graph,44,83.1789,15.0503,83.2250,83.1789,
100,8,1048576,8192,layered,4096/4096/4096,graph,45,81.5389,15.0503,81.5932,81.5389,
100,8,1048576,8192,layered,4096/4096/4096,graph,46,79.2302,15.0503,79.2756,79.2302,
100,8,1048576,8192,layered,4096/4096/4096,graph,47,81.6668,15.0503,81.7132,81.6668,
100,8,1048576,8192,layered,4096/4096/4096,graph,48,82.0854,15.0503,82.1383,82.0854,
100,8,1048576,8192,layered,4096/4096/4096,graph,49,80.9756,15.0503,81.0220,80.9756,
100,8,1048576,8192,layered,4096/4096/4096,graph,50,81.7365,15.0503,81.7838,81.7365,
100,8,1048576,8192,layered,4096/4096/4096,graph,51,81.9576,15.0503,82.0034,81.9576,
100,8,1048576,8192,layered,4096/4096/4096,graph,52,82.1771,15.0503,82.2256,82.1771,
100,8,1048576,8192,layered,4096/4096/4096,graph,53,81.6129,15.0503,81.6755,81.6129,
100,8,1048576,8192,layered,4096/4096/4096,graph,54,80.4539,15.0503,80.5045,80.4539,
100,8,1048576,8192,layered,4096/4096/4096,graph,55,81.3442,15.0503,81.3918,81.3442,
100,8,1048576,8192,layered,4096/4096/4096,graph,56,77.9822,15.0503,78.0292,77.9822,
100,8,1048576,8192,layered,4096/4096/4096,graph,57,78.0123,15.0503,78.0617,78.0123,
100,8,1048576,8192,layered,4096/4096/4096,graph,58,78.9161,15.0503,78.9612,78.9161,
100,8,1048576,8192,layered,4096/4096/4096,graph,59,81.9506,15.0503,81.9964,81.9506,
100,8,1048576,8192,layered,4096/4096/4096,graph,60,78.1815,15.0503,78.2280,78.1815,
100,8,1048576,8192,layered,4096/4096/4096,graph,61,81.9428,15.0503,81.9914,81.9428,
100,8,1048576,8192,layered,4096/4096/4096,graph,62,77.6169,15.0503,77.6647,77.6169,
100,8,1048576,8192,layered,4096/4096/4096,graph,63,80.9145,15.0503,80.9626,80.9145,
100,8,1048576,8192,layered,4096/4096/4096,graph,64,79.0440,15.0503,79.0916,79.0440,
100,8,1048576,8192,layered,4096/4096/4096,graph,65,81.2981,15.0503,81.3452,81.2981,
100,8,1048576,8192,layered,4096/4096/4096,graph,66,77.6765,15.0503,77.7232,77.6765,
100,8,1048576,8192,layered,4096/4096/4096,graph,67,80.3511,15.0503,80.3966,80.3511,
100,8,1048576,8192,layered,4096/4096/4096,graph,68,77.7671,15.0503,77.8188,77.7671,
100,8,1048576,8192,layered,4096/4096/4096,graph,69,81.2058,15.0503,81.2613,81.2058,
100,8,1048576,8192,layered,4096/4096/4096,graph,70,79.2499,15.0503,79.2961,79.2499,
100,8,1048576,8192,layered,4096/4096/4096,graph,71,80.6889,15.0503,80.7362,80.6889,
100,8,1048576,8192,layered,4096/4096/4096,graph,72,80.4300,14.7758,80.4775,80.4300,
100,8,1048576,8192,layered,4096/4096/4096,graph,73,79.5940,14.7758,79.6391,79.5940,
100,8,1048576,8192,layered,4096/4096/4096,graph,74,78.8076,14.5012,78.8591,78.8076,
100,8,1048576,8192,layered,4096/4096/4096,graph,75,75.8032,14.5012,75.8485,75.8032,
100,8,1048576,8192,layered,4096/4096/4096,graph,76,78.2100,14.2266,78.2591,78.2100,
100,8,1048576,8192,layered,4096/4096/4096,graph,77,75.3516,14.2266,75.4073,75.3516,
100,8,1048576,8192,layered,4096/4096/4096,graph,78,74.2429,14.2266,74.2888,74.2429,
100,8,1048576,8192,layered,4096/4096/4096,graph,79,79.2840,14.2266,79.3306,79.2840,
100,8,1048576,8192,layered,4096/4096/4096,graph,80,78.3380,14.5012,78.3838,78.3380,
100,8,1048576,8192,layered,4096/4096/4096,graph,81,81.4323,14.5012,81.4786,81.4323,
100,8,1048576,8192,layered,4096/4096/4096,graph,82,77.0808,14.7758,77.1261,77.0808,
100,8,1048576,8192,layered,4096/4096/4096,graph,83,81.1692,14.7758,81.2183,81.1692,
100,8,1048576,8192,layered,4096/4096/4096,graph,84,82.8545,15.0503,82.9032,82.8545,
100,8,1048576,8192,layered,4096/4096/4096,graph,85,78.1245,15.0503,78.1739,78.1245,
100,8,1048576,8192,layered,4096/4096/4096,graph,86,83.0370,15.0503,83.0864,83.0370,
100,8,1048576,8192,layered,4096/4096/4096,graph,87,83.3580,15.0503,83.4031,83.3580,
100,8,1048576,8192,layered,4096/4096/4096,graph,88,77.7573,15.0503,77.8062,77.7573,
100,8,1048576,8192,layered,4096/4096/4096,graph,89,82.9188,15.0503,82.9648,82.9188,
100,8,1048576,8192,layered,4096/4096/4096,graph,90,78.4788,15.0503,78.5280,78.4788,
100,8,1048576,8192,layered,4096/4096/4096,graph,91,83.3228,15.0503,83.3686,83.3228,
100,8,1048576,8192,layered,4096/4096/4096,graph,92,82.0950,15.0503,82.1435,82.0950,
100,8,1048576,8192,layered,4096/4096/4096,graph,93,81.9819,15.0503,82.0256,81.9819,
100,8,1048576,8192,layered,4096/4096/4096,graph,94,78.2633,15.0503,78.3141,78.2633,
100,8,1048576,8192,layered,4096/4096/4096,graph,95,82.1124,15.0503,82.1603,82.1124,
100,8,1048576,8192,layered,4096/4096/4096,graph,96,81.7272,15.0503,81.7729,81.7272,
100,8,1048576,8192,layered,4096/4096/4096,graph,97,80.1160,15.0503,80.1636,80.1160,
100,8,1048576,8192,layered,4096/4096/4096,graph,98,82.6143,15.0503,82.6615,82.6143,
100,8,1048576,8192,layered,4096/4096/4096,graph,99,80.1383,15.0503,80.1842,80.1383,
100,8,1048576,8192,layered,4096/4096/4096,graph,100,80.4628,15.0503,80.5076,80.4628,
100,8,1048576,8192,layered,4096/4096/4096,graph,101,83.3609,15.0503,83.4059,83.3609,
100,8,1048576,8192,layered,4096/4096/4096,graph,102,82.1471,15.0503,82.1985,82.1471,
100,8,1048576,8192,layered,4096/4096/4096,graph,103,83.3037,15.0503,83.3542,83.3037,
100,8,1048576,8192,layered,4096/4096/4096,graph,104,81.8096,15.0503,81.8586,81.8096,
100,8,1048576,8192,layered,4096/4096/4096,graph,105,82.3446,15.0503,82.3895,82.3446,
100,8,1048576,8192,layered,4096/4096/4096,graph,106,82.5593,15.0503,82.6274,82.5593,
100,8,1048576,8192,layered,4096/4096/4096,graph,107,82.3037,15.0503,82.3534,82.3037,
100,8,1048576,8192,layered,4096/4096/4096,graph,108,82.5529,15.0503,82.6060,82.5529,
100,8,1048576,8192,layered,4096/4096/4096,graph,109,83.7026,15.0503,83.7621,83.7026,
100,8,1048576,8192,layered,4096/4096/4096,graph,110,81.1615,15.0503,81.2113,81.1615,
100,8,1048576,8192,layered,4096/4096/4096,graph,111,81.7992,15.0503,81.8489,81.7992,
100,8,1048576,8192,layered,4096/4096/4096,graph,112,80.8245,15.0503,80.8743,80.8245,
100,8,1048576,8192,layered,4096/4096/4096,graph,113,81.9067,15.0503,81.9554,81.9067,
100,8,1048576,8192,layered,4096/4096/4096,graph,114,82.7311,15.0503,82.7771,82.7311,
100,8,1048576,8192,layered,4096/4096/4096,graph,115,79.4896,15.0503,79.5444,79.4896,
100,8,1048576,8192,layered,4096/4096/4096,graph,116,77.5695,15.0503,77.6175,77.5695,
100,8,1048576,8192,layered,4096/4096/4096,graph,117,80.8798,15.0503,80.9248,80.8798,
100,8,1048576,8192,layered,4096/4096/4096,graph,118,77.5622,15.0503,77.6084,77.5622,
100,8,1048576,8192,layered,4096/4096/4096,graph,119,82.7498,15.0503,82.7955,82.7498,
100,8,1048576,8192,layered,4096/4096/4096,graph,120,77.9853,15.0503,78.0295,77.9853,
100,8,1048576,8192,layered,4096/4096/4096,graph,121,82.6645,15.0503,82.7113,82.6645,
100,8,1048576,8192,layered,4096/4096/4096,graph,122,77.9032,15.0503,77.9501,77.9032,
100,8,1048576,8192,layered,4096/4096/4096,graph,123,80.1099,15.0503,80.7614,80.1099,
100,8,1048576,8192,layered,4096/4096/4096,graph,124,82.7780,15.0503,82.8287,82.7780,
100,8,1048576,8192,layered,4096/4096/4096,graph,125,81.7975,15.0503,81.8555,81.7975,
100,8,1048576,8192,layered,4096/4096/4096,graph,126,82.5291,15.0503,82.5821,82.5291,
100,8,1048576,8192,layered,4096/4096/4096,graph,127,81.9357,15.0503,81.9816,81.9357,
100,8,1048576,8192,layered,4096/4096/4096,graph,128,79.2208,15.0503,79.2674,79.2208,
100,8,1048576,8192,layered,4096/4096/4096,graph,129,82.7385,15.0503,82.7868,82.7385,
100,8,1048576,8192,layered,4096/4096/4096,graph,130,78.8494,15.0503,78.8950,78.8494,
100,8,1048576,8192,layered,4096/4096/4096,graph,131,78.1159,15.0503,78.1644,78.1159,
100,8,1048576,8192,layered,4096/4096/4096,graph,132,82.8978,15.0503,82.9426,82.8978,
100,8,1048576,8192,layered,4096/4096/4096,graph,133,81.2548,15.0503,81.3071,81.2548,
100,8,1048576,8192,layered,4096/4096/4096,graph,134,81.3068,15.0503,81.3595,81.3068,
100,8,1048576,8192,layered,4096/4096/4096,graph,135,81.6459,15.0503,81.6924,81.6459,
100,8,1048576,8192,layered,4096/4096/4096,graph,136,79.0115,15.0503,79.0574,79.0115,
100,8,1048576,8192,layered,4096/4096/4096,graph,137,81.9662,15.0503,82.0124,81.9662,
100,8,1048576,8192,layered,4096/4096/4096,graph,138,81.4405,15.0503,81.4923,81.4405,
100,8,1048576,8192,layered,4096/4096/4096,graph,139,82.6549,15.0503,82.7000,82.6549,
100,8,1048576,8192,layered,4096/4096/4096,graph,140,83.1533,15.0503,83.1982,83.1533,
100,8,1048576,8192,layered,4096/4096/4096,graph,141,81.3702,15.0503,81.4192,81.3702,
100,8,1048576,8192,layered,4096/4096/4096,graph,142,81.5684,15.0503,81.6129,81.5684,
100,8,1048576,8192,layered,4096/4096/4096,graph,143,82.4601,15.0503,82.5099,82.4601,
100,8,1048576,8192,layered,4096/4096/4096,graph,144,77.7587,15.0503,77.8053,77.7587,
100,8,1048576,8192,layered,4096/4096/4096,graph,145,82.1181,15.0503,82.1631,82.1181,
100,8,1048576,8192,layered,4096/4096/4096,graph,146,78.0901,15.0503,78.1339,78.0901,
100,8,1048576,8192,layered,4096/4096/4096,graph,147,81.7151,15.0503,81.7603,81.7151,
100,8,1048576,8192,layered,4096/4096/4096,graph,148,81.1370,15.0503,81.1863,81.1370,
100,8,1048576,8192,layered,4096/4096/4096,graph,149,80.9816,15.0503,81.0322,80.9816,
100,8,1048576,8192,layered,4096/4096/4096,graph,150,81.5387,15.0503,81.5893,81.5387,
100,8,1048576,8192,layered,4096/4096/4096,graph,151,80.3440,15.0503,80.3923,80.3440,
100,8,1048576,8192,layered,4096/4096/4096,graph,152,78.0562,15.0503,78.1037,78.0562,
100,8,1048576,8192,layered,4096/4096/4096,graph,153,81.5580,15.0503,81.6052,81.5580,
100,8,1048576,8192,layered,4096/4096/4096,graph,154,78.3694,15.0503,78.4164,78.3694,
100,8,1048576,8192,layered,4096/4096/4096,graph,155,78.4516,15.0503,78.5014,78.4516,
100,8,1048576,8192,layered,4096/4096/4096,graph,156,79.4160,15.0503,79.4615,79.4160,
100,8,1048576,8192,layered,4096/4096/4096,graph,157,82.0376,15.0503,82.0822,82.0376,
100,8,1048576,8192,layered,4096/4096/4096,graph,158,79.8538,15.0503,79.8994,79.8538,
100,8,1048576,8192,layered,4096/4096/4096,graph,159,82.7845,15.0503,82.8291,82.7845,
100,8,1048576,8192,layered,4096/4096/4096,graph,160,80.5837,15.0503,80.6311,80.5837,
100,8,1048576,8192,layered,4096/4096/4096,graph,161,81.8171,15.0503,81.8798,81.8171,
100,8,1048576,8192,layered,4096/4096/4096,graph,162,77.8422,15.0503,77.8889,77.8422,
100,8,1048576,8192,layered,4096/4096/4096,graph,163,80.6596,15.0503,80.7103,80.6596,
100,8,1048576,8192,layered,4096/4096/4096,graph,164,80.3906,15.0503,80.4390,80.3906,
100,8,1048576,8192,layered,4096/4096/4096,graph,165,81.5536,15.0503,81.6062,81.5536,
100,8,1048576,8192,layered,4096/4096/4096,graph,166,77.7710,15.0503,77.8196,77.7710,
100,8,1048576,8192,layered,4096/4096/4096,graph,167,80.7060,15.0503,80.7565,80.7060,
100,8,1048576,8192,layered,4096/4096/4096,graph,168,80.0051,14.7758,80.0545,80.0051,
100,8,1048576,8192,layered,4096/4096/4096,graph,169,77.4495,14.7758,77.5012,77.4495,
100,8,1048576,8192,layered,4096/4096/4096,graph,170,79.0572,14.5012,79.1050,79.0572,
100,8,1048576,8192,layered,4096/4096/4096,graph,171,76.4747,14.5012,76.5246,76.4747,
100,8,1048576,8192,layered,4096/4096/4096,graph,172,77.3340,14.2266,77.3782,77.3340,
100,8,1048576,8192,layered,4096/4096/4096,graph,173,75.1437,14.2266,75.1901,75.1437,
100,8,1048576,8192,layered,4096/4096/4096,graph,174,75.1666,14.2266,75.2223,75.1666,
100,8,1048576,8192,layered,4096/4096/4096,graph,175,74.6526,14.2266,74.7046,74.6526,
100,8,1048576,8192,layered,4096/4096/4096,graph,176,80.1168,14.5012,80.1689,80.1168,
100,8,1048576,8192,layered,4096/4096/4096,graph,177,78.7228,14.5012,78.7858,78.7228,
100,8,1048576,8192,layered,4096/4096/4096,graph,178,76.5088,14.7758,76.5602,76.5088,
100,8,1048576,8192,layered,4096/4096/4096,graph,179,80.9849,14.7758,81.0396,80.9849,
100,8,1048576,8192,layered,4096/4096/4096,graph,180,78.2662,15.0503,78.3125,78.2662,
100,8,1048576,8192,layered,4096/4096/4096,graph,181,82.8621,15.0503,82.9067,82.8621,
100,8,1048576,8192,layered,4096/4096/4096,graph,182,80.1548,15.0503,80.1989,80.1548,
100,8,1048576,8192,layered,4096/4096/4096,graph,183,80.2426,15.0503,80.2890,80.2426,
100,8,1048576,8192,layered,4096/4096/4096,graph,184,83.4783,15.0503,83.5242,83.4783,
100,8,1048576,8192,layered,4096/4096/4096,graph,185,82.2746,15.0503,82.3192,82.2746,
100,8,1048576,8192,layered,4096/4096/4096,graph,186,79.2749,15.0503,79.3206,79.2749,
100,8,1048576,8192,layered,4096/4096/4096,graph,187,83.5928,15.0503,83.6433,83.5928,
100,8,1048576,8192,layered,4096/4096/4096,graph,188,83.2961,15.0503,83.3427,83.2961,
100,8,1048576,8192,layered,4096/4096/4096,graph,189,82.8293,15.0503,82.8744,82.8293,
100,8,1048576,8192,layered,4096/4096/4096,graph,190,83.1670,15.0503,83.2164,83.1670,
100,8,1048576,8192,layered,4096/4096/4096,graph,191,82.7886,15.0503,82.8353,82.7886,
100,8,1048576,8192,layered,4096/4096/4096,graph,192,78.3990,15.0503,78.4442,78.3990,
100,8,1048576,8192,layered,4096/4096/4096,graph,193,83.0625,15.0503,83.1072,83.0625,
100,8,1048576,8192,layered,4096/4096/4096,graph,194,83.2430,15.0503,83.2946,83.2430,
100,8,1048576,8192,layered,4096/4096/4096,graph,195,77.7094,15.0503,77.7894,77.7094,
100,8,1048576,8192,layered,4096/4096/4096,graph,196,82.3871,15.0503,82.4338,82.3871,
100,8,1048576,8192,layered,4096/4096/4096,graph,197,79.6369,15.0503,79.6829,79.6369,
100,8,1048576,8192,layered,4096/4096/4096,graph,198,82.0621,15.0503,82.1187,82.0621,
100,8,1048576,8192,layered,4096/4096/4096,graph,199,83.4194,15.0503,83.4685,83.4194,
100,8,1048576,8192,layered,1024/1024/1024,graph,0,83.4197,16.7934,83.4705,83.4197,
100,8,1048576,8192,layered,1024/1024/1024,graph,1,82.3409,16.7934,82.3864,82.3409,
100,8,1048576,8192,layered,1024/1024/1024,graph,2,83.6168,16.7934,83.6598,83.6168,
100,8,1048576,8192,layered,1024/1024/1024,graph,3,84.4468,16.7934,84.4906,84.4468,
100,8,1048576,8192,layered,1024/1024/1024,graph,4,83.4805,16.7934,83.5308,83.4805,
100,8,1048576,8192,layered,1024/1024/1024,graph,5,84.3068,16.7934,84.3530,84.3068,
100,8,1048576,8192,layered,1024/1024/1024,graph,6,82.7778,16.7934,82.8228,82.7778,
100,8,1048576,8192,layered,1024/1024/1024,graph,7,84.5481,16.7934,84.5946,84.5481,
100,8,1048576,8192,layered,1024/1024/1024,graph,8,82.1735,17.0679,82.2217,82.1735,
100,8,1048576,8192,layered,1024/1024/1024,graph,9,83.3607,17.0679,83.4050,83.3607,
100,8,1048576,8192,layered,1024/1024/1024,graph,10,85.1513,17.3425,85.1992,85.1513,
100,8,1048576,8192,layered,1024/1024/1024,graph,11,83.2020,17.3425,83.2518,83.2020,
100,8,1048576,8192,layered,1024/1024/1024,graph,12,84.8005,17.6171,84.8490,84.8005,
100,8,1048576,8192,layered,1024/1024/1024,graph,13,84.7658,17.6171,84.8112,84.7658,
100,8,1048576,8192,layered,1024/1024/1024,graph,14,81.4812,17.6171,81.5248,81.4812,
100,8,1048576,8192,layered,1024/1024/1024,graph,15,84.7458,17.6171,84.7906,84.7458,
100,8,1048576,8192,layered,1024/1024/1024,graph,16,85.4388,17.6171,85.4844,85.4388,
100,8,1048576,8192,layered,1024/1024/1024,graph,17,84.7456,17.6171,84.7954,84.7456,
100,8,1048576,8192,layered,1024/1024/1024,graph,18,85.6620,17.6171,85.7085,85.6620,
100,8,1048576,8192,layered,1024/1024/1024,graph,19,85.3980,17.6171,85.4439,85.3980,
100,8,1048576,8192,layered,1024/1024/1024,graph,20,83.7111,17.6171,83.7562,83.7111,
100,8,1048576,8192,layered,1024/1024/1024,graph,21,86.1645,17.6171,86.2100,86.1645,
100,8,1048576,8192,layered,1024/1024/1024,graph,22,81.3866,17.6171,81.4342,81.3866,
100,8,1048576,8192,layered,1024/1024/1024,graph,23,85.6937,17.6171,85.7412,85.6937,
100,8,1048576,8192,layered,1024/1024/1024,graph,24,82.1390,17.6171,82.1857,82.1390,
100,8,1048576,8192,layered,1024/1024/1024,graph,25,84.8727,17.6171,84.9174,84.8727,
100,8,1048576,8192,layered,1024/1024/1024,graph,26,85.2900,17.6171,85.3405,85.2900,
100,8,1048576,8192,layered,1024/1024/1024,graph,27,84.5818,17.6171,84.6294,84.5818,
100,8,1048576,8192,layered,1024/1024/1024,graph,28,82.1638,17.6171,82.2097,82.1638,
100,8,1048576,8192,layered,1024/1024/1024,graph,29,84.5481,17.6171,84.5927,84.5481,
100,8,1048576,8192,layered,1024/1024/1024,graph,30,84.8120,17.6171,84.8562,84.8120,
100,8,1048576,8192,layered,1024/1024/1024,graph,31,84.3579,17.6171,84.4038,84.3579,
100,8,1048576,8192,layered,1024/1024/1024,graph,32,82.3296,17.6171,82.3744,82.3296,
100,8,1048576,8192,layered,1024/1024/1024,graph,33,83.8793,17.6171,83.9239,83.8793,
100,8,1048576,8192,layered,1024/1024/1024,graph,34,85.3746,17.6171,85.4188,85.3746,
100,8,1048576,8192,layered,1024/1024/1024,graph,35,85.5111,17.6171,85.5571,85.5111,
100,8,1048576,8192,layered,1024/1024/1024,graph,36,83.4816,17.6171,83.5262,83.4816,
100,8,1048576,8192,layered,1024/1024/1024,graph,37,84.8756,17.6171,84.9243,84.8756,
100,8,1048576,8192,layered,1024/1024/1024,graph,38,83.4560,17.6171,83.5008,83.4560,
100,8,1048576,8192,layered,1024/1024/1024,graph,39,85.7752,17.6171,85.8205,85.7752,
100,8,1048576,8192,layered,1024/1024/1024,graph,40,83.4943,17.6171,83.5385,83.4943,
100,8,1048576,8192,layered,1024/1024/1024,graph,41,85.2128,17.6171,85.2614,85.2128,
100,8,1048576,8192,layered,1024/1024/1024,graph,42,84.0467,17.6171,84.0911,84.0467,
100,8,1048576,8192,layered,1024/1024/1024,graph,43,85.4760,17.6171,85.5212,85.4760,
100,8,1048576,8192,layered,1024/1024/1024,graph,44,85.3234,17.6171,85.3743,85.3234,
100,8,1048576,8192,layered,1024/1024/1024,graph,45,81.6502,17.6171,81.7022,81.6502,
100,8,1048576,8192,layered,1024/1024/1024,graph,46,83.9197,17.6171,83.9696,83.9197,
100,8,1048576,8192,layered,1024/1024/1024,graph,47,85.0367,17.6171,85.0856,85.0367,
100,8,1048576,8192,layered,1024/1024/1024,graph,48,83.5370,17.6171,83.5883,83.5370,
100,8,1048576,8192,layered,1024/1024/1024,graph,49,84.3585,17.6171,84.4215,84.3585,
100,8,1048576,8192,layered,1024/1024/1024,graph,50,85.4311,17.6171,85.4822,85.4311,
100,8,1048576,8192,layered,1024/1024/1024,graph,51,85.6782,17.6171,85.7249,85.6782,
100,8,1048576,8192,layered,1024/1024/1024,graph,52,81.6981,17.6171,81.7447,81.6981,
100,8,1048576,8192,layered,1024/1024/1024,graph,53,84.7653,17.6171,84.8112,84.7653,
100,8,1048576,8192,layered,1024/1024/1024,graph,54,82.3513,17.6171,82.3967,82.3513,
100,8,1048576,8192,layered,1024/1024/1024,graph,55,83.3738,17.6171,83.4244,83.3738,
100,8,1048576,8192,layered,1024/1024/1024,graph,56,82.0761,17.6171,82.1263,82.0761,
100,8,1048576,8192,layered,1024/1024/1024,graph,57,84.4277,17.6171,84.4789,84.4277,
100,8,1048576,8192,layered,1024/1024/1024,graph,58,84.9806,17.6171,85.0264,84.9806,
100,8,1048576,8192,layered,1024/1024/1024,graph,59,85.5290,17.6171,85.5768,85.5290,
100,8,1048576,8192,layered,1024/1024/1024,graph,60,84.9799,17.6171,85.0301,84.9799,
100,8,1048576,8192,layered,1024/1024/1024,graph,61,86.5748,17.6171,86.6193,86.5748,
100,8,1048576,8192,layered,1024/1024/1024,graph,62,82.8423,17.6171,82.8872,82.8423,
100,8,1048576,8192,layered,1024/1024/1024,graph,63,84.5498,17.6171,84.5943,84.5498,
100,8,1048576,8192,layered,1024/1024/1024,graph,64,85.4946,17.6171,85.5509,85.4946,
100,8,1048576,8192,layered,1024/1024/1024,graph,65,83.9176,17.6171,83.9660,83.9176,
100,8,1048576,8192,layered,1024/1024/1024,graph,66,85.3889,17.6171,85.4450,85.3889,
100,8,1048576,8192,layered,1024/1024/1024,graph,67,84.8467,17.6171,84.8967,84.8467,
100,8,1048576,8192,layered,1024/1024/1024,graph,68,85.3892,17.6171,85.4364,85.3892,
100,8,1048576,8192,layered,1024/1024/1024,graph,69,82.5059,17.6171,82.5513,82.5059,
100,8,1048576,8192,layered,1024/1024/1024,graph,70,83.6269,17.6171,83.6715,83.6269,
100,8,1048576,8192,layered,1024/1024/1024,graph,71,84.7601,17.6171,84.8086,84.7601,
100,8,1048576,8192,layered,1024/1024/1024,graph,72,82.7538,17.3425,82.8051,82.7538,
100,8,1048576,8192,layered,1024/1024/1024,graph,73,82.9823,17.3425,83.0290,82.9823,
100,8,1048576,8192,layered,1024/1024/1024,graph,74,81.0175,17.0679,81.0708,81.0175,
100,8,1048576,8192,layered,1024/1024/1024,graph,75,82.7100,17.0679,82.7562,82.7100,
100,8,1048576,8192,layered,1024/1024/1024,graph,76,83.4131,16.7934,83.4564,83.4131,
100,8,1048576,8192,layered,1024/1024/1024,graph,77,81.3483,16.7934,81.3934,81.3483,
100,8,1048576,8192,layered,1024/1024/1024,graph,78,80.3740,16.7934,80.4188,80.3740,
100,8,1048576,8192,layered,1024/1024/1024,graph,79,81.8289,16.7934,81.8733,81.8289,
100,8,1048576,8192,layered,1024/1024/1024,graph,80,79.7240,16.7934,79.7680,79.7240,
100,8,1048576,8192,layered,1024/1024/1024,graph,81,82.1031,16.7934,82.1496,82.1031,
100,8,1048576,8192,layered,1024/1024/1024,graph,82,81.9689,16.7934,82.0146,81.9689,
100,8,1048576,8192,layered,1024/1024/1024,graph,83,83.2622,16.7934,83.3072,83.2622,
100,8,1048576,8192,layered,1024/1024/1024,graph,84,81.5983,16.7934,81.6491,81.5983,
100,8,1048576,8192,layered,1024/1024/1024,graph,85,80.7660,16.7934,80.8100,80.7660,
100,8,1048576,8192,layered,1024/1024/1024,graph,86,81.8166,16.7934,81.8598,81.8166,
100,8,1048576,8192,layered,1024/1024/1024,graph,87,82.8971,16.7934,82.9404,82.8971,
100,8,1048576,8192,layered,1024/1024/1024,graph,88,80.1670,16.7934,80.2160,80.1670,
100,8,1048576,8192,layered,1024/1024/1024,graph,89,83.4286,16.7934,83.4723,83.4286,
100,8,1048576,8192,layered,1024/1024/1024,graph,90,80.9595,16.7934,81.0034,80.9595,
100,8,1048576,8192,layered,1024/1024/1024,graph,91,81.6607,16.7934,81.7046,81.6607,
100,8,1048576,8192,layered,1024/1024/1024,graph,92,80.8731,16.7934,80.9178,80.8731,
100,8,1048576,8192,layered,1024/1024/1024,graph,93,82.3769,16.7934,82.4225,82.3769,
100,8,1048576,8192,layered,1024/1024/1024,graph,94,83.0576,16.7934,83.1029,83.0576,
100,8,1048576,8192,layered,1024/1024/1024,graph,95,83.0286,16.7934,83.0722,83.0286,
100,8,1048576,8192,layered,1024/1024/1024,graph,96,83.1148,16.7934,83.1659,83.1148,
100,8,1048576,8192,layered,1024/1024/1024,graph,97,83.6251,16.7934,83.6715,83.6251,
100,8,1048576,8192,layered,1024/1024/1024,graph,98,82.3400,16.7934,82.3847,82.3400,
100,8,1048576,8192,layered,1024/1024/1024,graph,99,82.5454,16.7934,82.5892,82.5454,
100,8,1048576,8192,layered,1024/1024/1024,graph,100,84.8352,16.7934,84.8793,84.8352,
100,8,1048576,8192,layered,1024/1024/1024,graph,101,80.8536,16.7934,80.8987,80.8536,
100,8,1048576,8192,layered,1024/1024/1024,graph,102,82.6034,16.7934,82.6466,82.6034,
100,8,1048576,8192,layered,1024/1024/1024,graph,103,84.1115,16.7934,84.1553,84.1115,
100,8,1048576,8192,layered,1024/1024/1024,graph,104,83.2106,17.0679,83.2560,83.2106,
100,8,1048576,8192,layered,1024/1024/1024,graph,105,84.8964,17.0679,84.9408,84.8964,
100,8,1048576,8192,layered,1024/1024/1024,graph,106,84.4865,17.3425,84.5524,84.4865,
100,8,1048576,8192,layered,1024/1024/1024,graph,107,83.3735,17.3425,83.4194,83.3735,
100,8,1048576,8192,layered,1024/1024/1024,graph,108,84.5271,17.6171,84.5740,84.5271,
100,8,1048576,8192,layered,1024/1024/1024,graph,109,83.5974,17.6171,83.6447,83.5974,
100,8,1048576,8192,layered,1024/1024/1024,graph,110,84.6287,17.6171,84.6756,84.6287,
100,8,1048576,8192,layered,1024/1024/1024,graph,111,85.7867,17.6171,85.8358,85.7867,
100,8,1048576,8192,layered,1024/1024/1024,graph,112,85.3973,17.6171,85.4414,85.3973,
100,8,1048576,8192,layered,1024/1024/1024,graph,113,82.8839,17.6171,82.9293,82.8839,
100,8,1048576,8192,layered,1024/1024/1024,graph,114,86.0365,17.6171,86.0823,86.0365,
100,8,1048576,8192,layered,1024/1024/1024,graph,115,81.7613,17.6171,81.8068,81.7613,
100,8,1048576,8192,layered,1024/1024/1024,graph,116,86.4468,17.6171,86.4923,86.4468,
100,8,1048576,8192,layered,1024/1024/1024,graph,117,85.8600,17.6171,85.9047,85.8600,
100,8,1048576,8192,layered,1024/1024/1024,graph,118,83.3658,17.6171,83.4114,83.3658,
100,8,1048576,8192,layered,1024/1024/1024,graph,119,85.7470,17.6171,85.7948,85.7470,
100,8,1048576,8192,layered,1024/1024/1024,graph,120,81.4782,17.6171,81.5283,81.4782,
100,8,1048576,8192,layered,1024/1024/1024,graph,121,85.1987,17.6171,85.2449,85.1987,
100,8,1048576,8192,layered,1024/1024/1024,graph,122,85.2068,17.6171,85.2560,85.2068,
100,8,1048576,8192,layered,1024/1024/1024,graph,123,86.2970,17.6171,86.3478,86.2970,
100,8,1048576,8192,layered,1024/1024/1024,graph,124,83.1873,17.6171,83.2355,83.1873,
100,8,1048576,8192,layered,1024/1024/1024,graph,125,84.7611,17.6171,84.8083,84.7611,
100,8,1048576,8192,layered,1024/1024/1024,graph,126,84.3469,17.6171,84.3975,84.3469,
100,8,1048576,8192,layered,1024/1024/1024,graph,127,84.9106,17.6171,84.9554,84.9106,
100,8,1048576,8192,layered,1024/1024/1024,graph,128,85.2529,17.6171,85.2976,85.2529,
100,8,1048576,8192,layered,1024/1024/1024,graph,129,85.5444,17.6171,85.5883,85.5444,
100,8,1048576,8192,layered,1024/1024/1024,graph,130,83.6787,17.6171,83.7268,83.6787,
100,8,1048576,8192,layered,1024/1024/1024,graph,131,86.0140,17.6171,86.0604,86.0140,
100,8,1048576,8192,layered,1024/1024/1024,graph,132,85.7516,17.6171,85.7948,85.7516,
100,8,1048576,8192,layered,1024/1024/1024,graph,133,84.8488,17.6171,84.8953,84.8488,
100,8,1048576,8192,layered,1024/1024/1024,graph,134,85.0582,17.6171,85.1024,85.0582,
100,8,1048576,8192,layered,1024/1024/1024,graph,135,85.4530,17.6171,85.4978,85.4530,
100,8,1048576,8192,layered,1024/1024/1024,graph,136,85.3363,17.6171,85.3810,85.3363,
100,8,1048576,8192,layered,1024/1024/1024,graph,137,84.0770,17.6171,84.1275,84.0770,
100,8,1048576,8192,layered,1024/1024/1024,graph,138,83.2073,17.6171,83.2522,83.2073,
100,8,1048576,8192,layered,1024/1024/1024,graph,139,82.9233,17.6171,82.9683,82.9233,
100,8,1048576,8192,layered,1024/1024/1024,graph,140,85.5960,17.6171,85.6632,85.5960,
100,8,1048576,8192,layered,1024/1024/1024,graph,141,83.1117,17.6171,83.1673,83.1117,
100,8,1048576,8192,layered,1024/1024/1024,graph,142,82.7819,17.6171,82.8279,82.7819,
100,8,1048576,8192,layered,1024/1024/1024,graph,143,84.4410,17.6171,84.4876,84.4410,
100,8,1048576,8192,layered,1024/1024/1024,graph,144,85.9350,17.6171,85.9822,85.9350,
100,8,1048576,8192,layered,1024/1024/1024,graph,145,84.6517,17.6171,84.6985,84.6517,
100,8,1048576,8192,layered,1024/1024/1024,graph,146,84.8867,17.6171,84.9365,84.8867,
100,8,1048576,8192,layered,1024/1024/1024,graph,147,82.7928,17.6171,82.8377,82.7928,
100,8,1048576,8192,layered,1024/1024/1024,graph,148,85.1507,17.6171,85.1960,85.1507,
100,8,1048576,8192,layered,1024/1024/1024,graph,149,83.6009,17.6171,83.6469,83.6009,
100,8,1048576,8192,layered,1024/1024/1024,graph,150,85.0667,17.6171,85.1113,85.0667,
100,8,1048576,8192,layered,1024/1024/1024,graph,151,82.3052,17.6171,82.3495,82.3052,
100,8,1048576,8192,layered,1024/1024/1024,graph,152,85.3817,17.6171,85.4269,85.3817,
100,8,1048576,8192,layered,1024/1024/1024,graph,153,85.2925,17.6171,85.3429,85.2925,
100,8,1048576,8192,layered,1024/1024/1024,graph,154,85.0418,17.6171,85.0939,85.0418,
100,8,1048576,8192,layered,1024/1024/1024,graph,155,84.7970,17.6171,84.8428,84.7970,
100,8,1048576,8192,layered,1024/1024/1024,graph,156,84.8101,17.6171,84.8561,84.8101,
100,8,1048576,8192,layered,1024/1024/1024,graph,157,84.2933,17.6171,84.3417,84.2933,
100,8,1048576,8192,layered,1024/1024/1024,graph,158,84.2131,17.6171,84.2579,84.2131,
100,8,1048576,8192,layered,1024/1024/1024,graph,159,85.1434,17.6171,85.1946,85.1434,
100,8,1048576,8192,layered,1024/1024/1024,graph,160,82.5833,17.6171,82.6318,82.5833,
100,8,1048576,8192,layered,1024/1024/1024,graph,161,81.8543,17.6171,81.9064,81.8543,
100,8,1048576,8192,layered,1024/1024/1024,graph,162,84.6942,17.6171,84.7418,84.6942,
100,8,1048576,8192,layered,1024/1024/1024,graph,163,84.5855,17.6171,84.6355,84.5855,
100,8,1048576,8192,layered,1024/1024/1024,graph,164,83.0036,17.6171,83.0488,83.0036,
100,8,1048576,8192,layered,1024/1024/1024,graph,165,84.2956,17.6171,84.3410,84.2956,
100,8,1048576,8192,layered,1024/1024/1024,graph,166,85.2847,17.6171,85.3321,85.2847,
100,8,1048576,8192,layered,1024/1024/1024,graph,167,82.4844,17.6171,82.5305,82.4844,
100,8,1048576,8192,layered,1024/1024/1024,graph,168,82.6745,17.3425,82.7197,82.6745,
100,8,1048576,8192,layered,1024/1024/1024,graph,169,84.6012,17.3425,84.6505,84.6012,
100,8,1048576,8192,layered,1024/1024/1024,graph,170,80.5592,17.0679,80.6049,80.5592,
100,8,1048576,8192,layered,1024/1024/1024,graph,171,82.1705,17.0679,82.2139,82.1705,
100,8,1048576,8192,layered,1024/1024/1024,graph,172,83.6555,16.7934,83.6975,83.6555,
100,8,1048576,8192,layered,1024/1024/1024,graph,173,83.6976,16.7934,83.7444,83.6976,
100,8,1048576,8192,layered,1024/1024/1024,graph,174,81.5522,16.7934,81.5994,81.5522,
100,8,1048576,8192,layered,1024/1024/1024,graph,175,81.0217,16.7934,81.0722,81.0217,
100,8,1048576,8192,layered,1024/1024/1024,graph,176,81.4459,16.7934,81.4993,81.4459,
100,8,1048576,8192,layered,1024/1024/1024,graph,177,82.6156,16.7934,82.6622,82.6156,
100,8,1048576,8192,layered,1024/1024/1024,graph,178,81.6418,16.7934,81.6869,81.6418,
100,8,1048576,8192,layered,1024/1024/1024,graph,179,80.1079,16.7934,80.1529,80.1079,
100,8,1048576,8192,layered,1024/1024/1024,graph,180,84.1424,16.7934,84.1975,84.1424,
100,8,1048576,8192,layered,1024/1024/1024,graph,181,81.8346,16.7934,81.8796,81.8346,
100,8,1048576,8192,layered,1024/1024/1024,graph,182,83.1532,16.7934,83.1992,83.1532,
100,8,1048576,8192,layered,1024/1024/1024,graph,183,81.2331,16.7934,81.2845,81.2331,
100,8,1048576,8192,layered,1024/1024/1024,graph,184,83.7112,16.7934,83.7638,83.7112,
100,8,1048576,8192,layered,1024/1024/1024,graph,185,83.8491,16.7934,83.9019,83.8491,
100,8,1048576,8192,layered,1024/1024/1024,graph,186,80.7773,16.7934,80.8322,80.7773,
100,8,1048576,8192,layered,1024/1024/1024,graph,187,83.6017,16.7934,83.6510,83.6017,
100,8,1048576,8192,layered,1024/1024/1024,graph,188,82.1159,16.7934,82.1611,82.1159,
100,8,1048576,8192,layered,1024/1024/1024,graph,189,83.6932,16.7934,83.7383,83.6932,
100,8,1048576,8192,layered,1024/1024/1024,graph,190,83.4338,16.7934,83.4833,83.4338,
100,8,1048576,8192,layered,1024/1024/1024,graph,191,83.0473,16.7934,83.0949,83.0473,
100,8,1048576,8192,layered,1024/1024/1024,graph,192,81.0265,16.7934,81.0718,81.0265,
100,8,1048576,8192,layered,1024/1024/1024,graph,193,83.1562,16.7934,83.2062,83.1562,
100,8,1048576,8192,layered,1024/1024/1024,graph,194,80.1347,16.7934,80.1840,80.1347,
100,8,1048576,8192,layered,1024/1024/1024,graph,195,83.0287,16.7934,83.0721,83.0287,
100,8,1048576,8192,layered,1024/1024/1024,graph,196,79.9970,16.7934,80.0406,79.9970,
100,8,1048576,8192,layered,1024/1024/1024,graph,197,83.3785,16.7934,83.4362,83.3785,
100,8,1048576,8192,layered,1024/1024/1024,graph,198,83.6249,16.7934,83.6760,83.6249,
100,8,1048576,8192,layered,1024/1024/1024,graph,199,84.0683,16.7934,84.1229,84.0683,
100,8,1048576,8192,layered,2048/2048/2048,graph,0,81.6126,15.9059,81.6652,81.6126,
100,8,1048576,8192,layered,2048/2048/2048,graph,1,78.2826,15.9059,78.3302,78.2826,
100,8,1048576,8192,layered,2048/2048/2048,graph,2,82.2947,15.9059,82.3424,82.2947,
100,8,1048576,8192,layered,2048/2048/2048,graph,3,77.2614,15.9059,77.3104,77.2614,
100,8,1048576,8192,layered,2048/2048/2048,graph,4,81.3047,15.9059,81.3516,81.3047,
100,8,1048576,8192,layered,2048/2048/2048,graph,5,82.1604,15.9059,82.2073,82.1604,
100,8,1048576,8192,layered,2048/2048/2048,graph,6,80.6244,15.9059,80.6729,80.6244,
100,8,1048576,8192,layered,2048/2048/2048,graph,7,79.0693,15.9059,79.1163,79.0693,
100,8,1048576,8192,layered,2048/2048/2048,graph,8,80.3640,15.9059,80.4086,80.3640,
100,8,1048576,8192,layered,2048/2048/2048,graph,9,81.8844,15.9059,81.9299,81.8844,
100,8,1048576,8192,layered,2048/2048/2048,graph,10,77.2775,15.9059,77.3235,77.2775,
100,8,1048576,8192,layered,2048/2048/2048,graph,11,80.9644,15.9059,81.0191,80.9644,
100,8,1048576,8192,layered,2048/2048/2048,graph,12,81.5834,15.9059,81.6366,81.5834,
100,8,1048576,8192,layered,2048/2048/2048,graph,13,78.3673,15.9059,78.4124,78.3673,
100,8,1048576,8192,layered,2048/2048/2048,graph,14,80.5799,15.9059,80.6236,80.5799,
100,8,1048576,8192,layered,2048/2048/2048,graph,15,81.7204,15.9059,81.7655,81.7204,
100,8,1048576,8192,layered,2048/2048/2048,graph,16,77.6470,15.9059,77.6944,77.6470,
100,8,1048576,8192,layered,2048/2048/2048,graph,17,79.0920,15.9059,79.1360,79.0920,
100,8,1048576,8192,layered,2048/2048/2048,graph,18,81.4697,15.9059,81.5176,81.4697,
100,8,1048576,8192,layered,2048/2048/2048,graph,19,77.8626,15.9059,77.9086,77.8626,
100,8,1048576,8192,layered,2048/2048/2048,graph,20,81.7796,15.9059,81.8264,81.7796,
100,8,1048576,8192,layered,2048/2048/2048,graph,21,77.5693,15.9059,77.6149,77.5693,
100,8,1048576,8192,layered,2048/2048/2048,graph,22,81.7847,15.9059,81.8307,81.7847,
100,8,1048576,8192,layered,2048/2048/2048,graph,23,81.6538,15.9059,81.6997,81.6538,
100,8,1048576,8192,layered,2048/2048/2048,graph,24,80.9027,15.9059,80.9536,80.9027,
100,8,1048576,8192,layered,2048/2048/2048,graph,25,81.5577,15.9059,81.6221,81.5577,
100,8,1048576,8192,layered,2048/2048/2048,graph,26,78.1993,15.9059,78.2479,78.1993,
100,8,1048576,8192,layered,2048/2048/2048,graph,27,81.2092,15.9059,81.2554,81.2092,
100,8,1048576,8192,layered,2048/2048/2048,graph,28,80.9581,15.9059,81.0039,80.9581,
100,8,1048576,8192,layered,2048/2048/2048,graph,29,78.0790,15.9059,78.1222,78.0790,
100,8,1048576,8192,layered,2048/2048/2048,graph,30,79.0272,15.9059,79.0736,79.0272,
100,8,1048576,8192,layered,2048/2048/2048,graph,31,79.2550,15.9059,79.3011,79.2550,
100,8,1048576,8192,layered,2048/2048/2048,graph,32,79.9506,15.9059,79.9948,79.9506,
100,8,1048576,8192,layered,2048/2048/2048,graph,33,79.4776,15.9059,79.5275,79.4776,
100,8,1048576,8192,layered,2048/2048/2048,graph,34,79.6542,15.9059,79.7029,79.6542,
100,8,1048576,8192,layered,2048/2048/2048,graph,35,78.1716,15.9059,78.2281,78.1716,
100,8,1048576,8192,layered,2048/2048/2048,graph,36,80.4691,15.9059,80.5168,80.4691,
100,8,1048576,8192,layered,2048/2048/2048,graph,37,80.1282,15.9059,80.1763,80.1282,
100,8,1048576,8192,layered,2048/2048/2048,graph,38,79.9924,15.9059,80.0442,79.9924,
100,8,1048576,8192,layered,2048/2048/2048,graph,39,80.1156,15.9059,80.1629,80.1156,
100,8,1048576,8192,layered,2048/2048/2048,graph,40,80.8324,15.9059,80.8834,80.8324,
100,8,1048576,8192,layered,2048/2048/2048,graph,41,79.0711,15.9059,79.1232,79.0711,
100,8,1048576,8192,layered,2048/2048/2048,graph,42,79.1158,15.9059,79.1650,79.1158,
100,8,1048576,8192,layered,2048/2048/2048,graph,43,81.5389,15.9059,81.5889,81.5389,
100,8,1048576,8192,layered,2048/2048/2048,graph,44,77.7691,15.9059,77.8229,77.7691,
100,8,1048576,8192,layered,2048/2048/2048,graph,45,80.5329,15.9059,80.5823,80.5329,
100,8,1048576,8192,layered,2048/2048/2048,graph,46,80.7590,15.9059,80.8108,80.7590,
100,8,1048576,8192,layered,2048/2048/2048,graph,47,79.7062,15.9059,79.7595,79.7062,
100,8,1048576,8192,layered,2048/2048/2048,graph,48,79.9540,15.9059,80.0007,79.9540,
100,8,1048576,8192,layered,2048/2048/2048,graph,49,78.5377,15.9059,78.5906,78.5377,
100,8,1048576,8192,layered,2048/2048/2048,graph,50,80.4422,15.9059,80.4922,80.4422,
100,8,1048576,8192,layered,2048/2048/2048,graph,51,78.5723,15.9059,78.6206,78.5723,
100,8,1048576,8192,layered,2048/2048/2048,graph,52,80.8316,15.9059,80.8794,80.8316,
100,8,1048576,8192,layered,2048/2048/2048,graph,53,79.7647,15.9059,79.8095,79.7647,
100,8,1048576,8192,layered,2048/2048/2048,graph,54,78.2655,15.9059,78.3131,78.2655,
100,8,1048576,8192,layered,2048/2048/2048,graph,55,79.4233,15.9059,79.4714,79.4233,
100,8,1048576,8192,layered,2048/2048/2048,graph,56,80.3734,15.9059,80.4204,80.3734,
100,8,1048576,8192,layered,2048/2048/2048,graph,57,77.7881,15.9059,77.8381,77.7881,
100,8,1048576,8192,layered,2048/2048/2048,graph,58,79.9105,15.9059,79.9623,79.9105,
100,8,1048576,8192,layered,2048/2048/2048,graph,59,80.0107,15.9059,80.0592,80.0107,
100,8,1048576,8192,layered,2048/2048/2048,graph,60,80.7494,15.9059,80.7990,80.7494,
100,8,1048576,8192,layered,2048/2048/2048,graph,61,81.2960,15.9059,81.3477,81.2960,
100,8,1048576,8192,layered,2048/2048/2048,graph,62,77.5002,15.9059,77.5539,77.5002,
100,8,1048576,8192,layered,2048/2048/2048,graph,63,77.3929,15.9059,77.4394,77.3929,
100,8,1048576,8192,layered,2048/2048/2048,graph,64,77.0661,15.9059,77.1130,77.0661,
100,8,1048576,8192,layered,2048/2048/2048,graph,65,79.1042,15.9059,79.1832,79.1042,
100,8,1048576,8192,layered,2048/2048/2048,graph,66,78.5526,15.9059,78.5986,78.5526,
100,8,1048576,8192,layered,2048/2048/2048,graph,67,79.9260,15.9059,79.9714,79.9260,
100,8,1048576,8192,layered,2048/2048/2048,graph,68,77.9469,15.9059,77.9925,77.9469,
100,8,1048576,8192,layered,2048/2048/2048,graph,69,78.8722,15.9059,78.9250,78.8722,
100,8,1048576,8192,layered,2048/2048/2048,graph,70,79.7780,15.9059,79.8251,79.7780,
100,8,1048576,8192,layered,2048/2048/2048,graph,71,79.2828,15.9059,79.3326,79.2828,
100,8,1048576,8192,layered,2048/2048/2048,graph,72,76.9143,15.6314,76.9629,76.9143,
100,8,1048576,8192,layered,2048/2048/2048,graph,73,78.2587,15.6314,78.3119,78.2587,
100,8,1048576,8192,layered,2048/2048/2048,graph,74,77.9141,15.3568,77.9654,77.9141,
100,8,1048576,8192,layered,2048/2048/2048,graph,75,78.2163,15.3568,78.2741,78.2163,
100,8,1048576,8192,layered,2048/2048/2048,graph,76,77.4080,15.0822,77.4592,77.4080,
100,8,1048576,8192,layered,2048/2048/2048,graph,77,76.9364,15.0822,76.9880,76.9364,
100,8,1048576,8192,layered,2048/2048/2048,graph,78,75.8809,15.0822,75.9372,75.8809,
100,8,1048576,8192,layered,2048/2048/2048,graph,79,77.4846,15.0822,77.5408,77.4846,
100,8,1048576,8192,layered,2048/2048/2048,graph,80,75.3212,15.0822,75.3689,75.3212,
100,8,1048576,8192,layered,2048/2048/2048,graph,81,76.0412,15.0822,76.0879,76.0412,
100,8,1048576,8192,layered,2048/2048/2048,graph,82,77.2774,15.0822,77.3289,77.2774,
100,8,1048576,8192,layered,2048/2048/2048,graph,83,77.6666,15.0822,77.7157,77.6666,
100,8,1048576,8192,layered,2048/2048/2048,graph,84,78.1112,15.0822,78.1697,78.1112,
100,8,1048576,8192,layered,2048/2048/2048,graph,85,75.4477,15.0822,75.4976,75.4477,
100,8,1048576,8192,layered,2048/2048/2048,graph,86,79.1460,15.0822,79.1940,79.1460,
100,8,1048576,8192,layered,2048/2048/2048,graph,87,78.8669,15.0822,78.9314,78.8669,
100,8,1048576,8192,layered,2048/2048/2048,graph,88,79.8647,15.3568,79.9253,79.8647,
100,8,1048576,8192,layered,2048/2048/2048,graph,89,79.6927,15.3568,79.7615,79.6927,
100,8,1048576,8192,layered,2048/2048/2048,graph,90,78.2967,15.6314,78.3479,78.2967,
100,8,1048576,8192,layered,2048/2048/2048,graph,91,79.4681,15.6314,79.5287,79.4681,
100,8,1048576,8192,layered,2048/2048/2048,graph,92,78.4759,15.9059,78.5324,78.4759,
100,8,1048576,8192,layered,2048/2048/2048,graph,93,81.9878,15.9059,82.0498,81.9878,
100,8,1048576,8192,layered,2048/2048/2048,graph,94,80.6026,15.9059,80.6572,80.6026,
100,8,1048576,8192,layered,2048/2048/2048,graph,95,79.3599,15.9059,79.4306,79.3599,
100,8,1048576,8192,layered,2048/2048/2048,graph,96,80.9905,15.9059,81.0405,80.9905,
100,8,1048576,8192,layered,2048/2048/2048,graph,97,78.6610,15.9059,78.7122,78.6610,
100,8,1048576,8192,layered,2048/2048/2048,graph,98,81.6040,15.9059,81.6580,81.6040,
100,8,1048576,8192,layered,2048/2048/2048,graph,99,77.2603,15.9059,77.3141,77.2603,
100,8,1048576,8192,layered,2048/2048/2048,graph,100,81.6666,15.9059,81.7188,81.6666,
100,8,1048576,8192,layered,2048/2048/2048,graph,101,79.9951,15.9059,80.0560,79.9951,
100,8,1048576,8192,layered,2048/2048/2048,graph,102,80.7094,15.9059,80.7568,80.7094,
100,8,1048576,8192,layered,2048/2048/2048,graph,103,80.1682,15.9059,80.2258,80.1682,
100,8,1048576,8192,layered,2048/2048/2048,graph,104,77.6076,15.9059,77.6619,77.6076,
100,8,1048576,8192,layered,2048/2048/2048,graph,105,80.2006,15.9059,80.2505,80.2006,
100,8,1048576,8192,layered,2048/2048/2048,graph,106,81.5513,15.9059,81.6043,81.5513,
100,8,1048576,8192,layered,2048/2048/2048,graph,107,80.0267,15.9059,80.0748,80.0267,
100,8,1048576,8192,layered,2048/2048/2048,graph,108,79.2879,15.9059,79.3337,79.2879,
100,8,1048576,8192,layered,2048/2048/2048,graph,109,82.2301,15.9059,82.2780,82.2301,
100,8,1048576,8192,layered,2048/2048/2048,graph,110,79.6855,15.9059,79.7307,79.6855,
100,8,1048576,8192,layered,2048/2048/2048,graph,111,82.1053,15.9059,82.1564,82.1053,
100,8,1048576,8192,layered,2048/2048/2048,graph,112,80.4712,15.9059,80.5274,80.4712,
100,8,1048576,8192,layered,2048/2048/2048,graph,113,78.6404,15.9059,78.7044,78.6404,
100,8,1048576,8192,layered,2048/2048/2048,graph,114,80.9614,15.9059,81.0115,80.9614,
100,8,1048576,8192,layered,2048/2048/2048,graph,115,79.2581,15.9059,79.3067,79.2581,
100,8,1048576,8192,layered,2048/2048/2048,graph,116,80.8386,15.9059,80.8973,80.8386,
100,8,1048576,8192,layered,2048/2048/2048,graph,117,81.2329,15.9059,81.2839,81.2329,
100,8,1048576,8192,layered,2048/2048/2048,graph,118,80.0459,15.9059,80.0960,80.0459,
100,8,1048576,8192,layered,2048/2048/2048,graph,119,79.7193,15.9059,79.7823,79.7193,
100,8,1048576,8192,layered,2048/2048/2048,graph,120,80.2148,15.9059,80.2661,80.2148,
100,8,1048576,8192,layered,2048/2048/2048,graph,121,79.4901,15.9059,79.5450,79.4901,
100,8,1048576,8192,layered,2048/2048/2048,graph,122,80.1052,15.9059,80.1585,80.1052,
100,8,1048576,8192,layered,2048/2048/2048,graph,123,80.6480,15.9059,80.6972,80.6480,
100,8,1048576,8192,layered,2048/2048/2048,graph,124,77.2232,15.9059,77.2800,77.2232,
100,8,1048576,8192,layered,2048/2048/2048,graph,125,79.1836,15.9059,79.2436,79.1836,
100,8,1048576,8192,layered,2048/2048/2048,graph,126,80.2217,15.9059,80.2712,80.2217,
100,8,1048576,8192,layered,2048/2048/2048,graph,127,81.7663,15.9059,83.3121,81.7663,
100,8,1048576,8192,layered,2048/2048/2048,graph,128,77.9554,15.9059,78.0055,77.9554,
100,8,1048576,8192,layered,2048/2048/2048,graph,129,80.2171,15.9059,80.2728,80.2171,
100,8,1048576,8192,layered,2048/2048/2048,graph,130,80.5550,15.9059,80.6496,80.5550,
100,8,1048576,8192,layered,2048/2048/2048,graph,131,81.2426,15.9059,81.2918,81.2426,
100,8,1048576,8192,layered,2048/2048/2048,graph,132,78.7035,15.9059,78.7573,78.7035,
100,8,1048576,8192,layered,2048/2048/2048,graph,133,81.1401,15.9059,81.1864,81.1401,
100,8,1048576,8192,layered,2048/2048/2048,graph,134,77.3759,15.9059,77.4239,77.3759,
100,8,1048576,8192,layered,2048/2048/2048,graph,135,80.8564,15.9059,80.9070,80.8564,
100,8,1048576,8192,layered,2048/2048/2048,graph,136,77.8773,15.9059,77.9268,77.8773,
100,8,1048576,8192,layered,2048/2048/2048,graph,137,80.9433,15.9059,80.9898,80.9433,
100,8,1048576,8192,layered,2048/2048/2048,graph,138,79.9414,15.9059,79.9969,79.9414,
100,8,1048576,8192,layered,2048/2048/2048,graph,139,79.0600,15.9059,79.1100,79.0600,
100,8,1048576,8192,layered,2048/2048/2048,graph,140,79.8220,15.9059,79.8723,79.8220,
100,8,1048576,8192,layered,2048/2048/2048,graph,141,79.8179,15.9059,79.8672,79.8179,
100,8,1048576,8192,layered,2048/2048/2048,graph,142,80.9937,15.9059,81.0491,80.9937,
100,8,1048576,8192,layered,2048/2048/2048,graph,143,80.2647,15.9059,80.3199,80.2647,
100,8,1048576,8192,layered,2048/2048/2048,graph,144,79.7474,15.9059,79.7986,79.7474,
100,8,1048576,8192,layered,2048/2048/2048,graph,145,79.2461,15.9059,79.2961,79.2461,
100,8,1048576,8192,layered,2048/2048/2048,graph,146,80.1572,15.9059,80.2097,80.1572,
100,8,1048576,8192,layered,2048/2048/2048,graph,147,80.3371,15.9059,80.3846,80.3371,
100,8,1048576,8192,layered,2048/2048/2048,graph,148,78.0109,15.9059,78.0572,78.0109,
100,8,1048576,8192,layered,2048/2048/2048,graph,149,80.8052,15.9059,80.8673,80.8052,
100,8,1048576,8192,layered,2048/2048/2048,graph,150,77.5973,15.9059,77.6484,77.5973,
100,8,1048576,8192,layered,2048/2048/2048,graph,151,78.5835,15.9059,78.6344,78.5835,
100,8,1048576,8192,layered,2048/2048/2048,graph,152,78.1305,15.9059,78.1761,78.1305,
100,8,1048576,8192,layered,2048/2048/2048,graph,153,79.9111,15.9059,79.9566,79.9111,
100,8,1048576,8192,layered,2048/2048/2048,graph,154,81.1933,15.9059,81.2416,81.1933,
100,8,1048576,8192,layered,2048/2048/2048,graph,155,79.8283,15.9059,79.8757,79.8283,
100,8,1048576,8192,layered,2048/2048/2048,graph,156,80.9064,15.9059,80.9542,80.9064,
100,8,1048576,8192,layered,2048/2048/2048,graph,157,79.7268,15.9059,79.7750,79.7268,
100,8,1048576,8192,layered,2048/2048/2048,graph,158,79.0877,15.9059,79.1347,79.0877,
100,8,1048576,8192,layered,2048/2048/2048,graph,159,79.3660,15.9059,79.4131,79.3660,
100,8,1048576,8192,layered,2048/2048/2048,graph,160,79.8524,15.9059,79.8975,79.8524,
100,8,1048576,8192,layered,2048/2048/2048,graph,161,79.8042,15.9059,79.8516,79.8042,
100,8,1048576,8192,layered,2048/2048/2048,graph,162,78.9741,15.9059,79.0197,78.9741,
100,8,1048576,8192,layered,2048/2048/2048,graph,163,79.9932,15.9059,80.0370,79.9932,
100,8,1048576,8192,layered,2048/2048/2048,graph,164,79.8915,15.9059,79.9374,79.8915,
100,8,1048576,8192,layered,2048/2048/2048,graph,165,81.0687,15.9059,81.1155,81.0687,
100,8,1048576,8192,layered,2048/2048/2048,graph,166,79.8311,15.9059,79.8769,79.8311,
100,8,1048576,8192,layered,2048/2048/2048,graph,167,79.8234,15.9059,79.8700,79.8234,
100,8,1048576,8192,layered,2048/2048/2048,graph,168,76.9180,15.6314,76.9642,76.9180,
100,8,1048576,8192,layered,2048/2048/2048,graph,169,78.5245,15.6314,78.5715,78.5245,
100,8,1048576,8192,layered,2048/2048/2048,graph,170,78.6003,15.3568,78.6463,78.6003,
100,8,1048576,8192,layered,2048/2048/2048,graph,171,76.1204,15.3568,76.1671,76.1204,
100,8,1048576,8192,layered,2048/2048/2048,graph,172,77.4842,15.0822,77.5291,77.4842,
100,8,1048576,8192,layered,2048/2048/2048,graph,173,75.3536,15.0822,75.4009,75.3536,
100,8,1048576,8192,layered,2048/2048/2048,graph,174,77.1144,15.0822,77.1606,77.1144,
100,8,1048576,8192,layered,2048/2048/2048,graph,175,75.8687,15.0822,75.9129,75.8687,
100,8,1048576,8192,layered,2048/2048/2048,graph,176,77.1032,15.0822,77.1490,77.1032,
100,8,1048576,8192,layered,2048/2048/2048,graph,177,77.3090,15.0822,77.3582,77.3090,
100,8,1048576,8192,layered,2048/2048/2048,graph,178,75.3291,15.0822,75.3739,75.3291,
100,8,1048576,8192,layered,2048/2048/2048,graph,179,75.6379,15.0822,75.6825,75.6379,
100,8,1048576,8192,layered,2048/2048/2048,graph,180,77.7366,15.0822,77.7817,77.7366,
100,8,1048576,8192,layered,2048/2048/2048,graph,181,76.9411,15.0822,76.9884,76.9411,
100,8,1048576,8192,layered,2048/2048/2048,graph,182,78.9434,15.0822,78.9908,78.9434,
100,8,1048576,8192,layered,2048/2048/2048,graph,183,78.7066,15.0822,78.7541,78.7066,
100,8,1048576,8192,layered,2048/2048/2048,graph,184,77.7246,15.3568,77.7730,77.7246,
100,8,1048576,8192,layered,2048/2048/2048,graph,185,80.0928,15.3568,80.1394,80.0928,
100,8,1048576,8192,layered,2048/2048/2048,graph,186,79.3669,15.6314,79.4133,79.3669,
100,8,1048576,8192,layered,2048/2048/2048,graph,187,77.5132,15.6314,77.5607,77.5132,
100,8,1048576,8192,layered,2048/2048/2048,graph,188,81.8691,15.9059,81.9158,81.8691,
100,8,1048576,8192,layered,2048/2048/2048,graph,189,79.2814,15.9059,79.3269,79.2814,
100,8,1048576,8192,layered,2048/2048/2048,graph,190,81.6549,15.9059,81.7045,81.6549,
100,8,1048576,8192,layered,2048/2048/2048,graph,191,80.0948,15.9059,80.1486,80.0948,
100,8,1048576,8192,layered,2048/2048/2048,graph,192,79.8813,15.9059,79.9283,79.8813,
100,8,1048576,8192,layered,2048/2048/2048,graph,193,81.7765,15.9059,81.8246,81.7765,
100,8,1048576,8192,layered,2048/2048/2048,graph,194,78.3453,15.9059,78.3917,78.3453,
100,8,1048576,8192,layered,2048/2048/2048,graph,195,81.7444,15.9059,81.8302,81.7444,
100,8,1048576,8192,layered,2048/2048/2048,graph,196,78.8447,15.9059,78.8898,78.8447,
100,8,1048576,8192,layered,2048/2048/2048,graph,197,81.0726,15.9059,81.1187,81.0726,
100,8,1048576,8192,layered,2048/2048/2048,graph,198,81.1813,15.9059,81.2270,81.1813,
100,8,1048576,8192,layered,2048/2048/2048,graph,199,80.5203,15.9059,80.5768,80.5203,
100,8,1048576,8192,layered,256/256/256,graph,0,72.9310,23.6381,72.9834,72.9310,
100,8,1048576,8192,layered,256/256/256,graph,1,77.9709,23.6381,77.9979,77.9709,
100,8,1048576,8192,layered,256/256/256,graph,2,79.8606,23.6381,79.8869,79.8606,
100,8,1048576,8192,layered,256/256/256,graph,3,79.7641,23.6381,79.7918,79.7641,
100,8,1048576,8192,layered,256/256/256,graph,4,79.7411,23.6381,79.7667,79.7411,
100,8,1048576,8192,layered,256/256/256,graph,5,79.7176,23.6381,79.7441,79.7176,
100,8,1048576,8192,layered,256/256/256,graph,6,80.0534,23.6381,80.0783,80.0534,
100,8,1048576,8192,layered,256/256/256,graph,7,79.7540,23.6381,79.7806,79.7540,
100,8,1048576,8192,layered,256/256/256,graph,8,79.8535,23.6381,79.8866,79.8535,
100,8,1048576,8192,layered,256/256/256,graph,9,79.9494,23.6381,79.9714,79.9494,
100,8,1048576,8192,layered,256/256/256,graph,10,86.2765,23.6381,86.3106,86.2765,
100,8,1048576,8192,layered,256/256/256,graph,11,93.0783,23.6381,93.0967,93.0783,
100,8,1048576,8192,layered,256/256/256,graph,12,81.9327,23.6381,81.9520,81.9327,
100,8,1048576,8192,layered,256/256/256,graph,13,79.5217,23.6381,79.5421,79.5217,
100,8,1048576,8192,layered,256/256/256,graph,14,79.4450,23.6381,79.4657,79.4450,
100,8,1048576,8192,layered,256/256/256,graph,15,80.1457,23.6381,80.1670,80.1457,
100,8,1048576,8192,layered,256/256/256,graph,16,79.4344,23.6381,79.4564,79.4344,
100,8,1048576,8192,layered,256/256/256,graph,17,80.7213,23.6381,80.7506,80.7213,
100,8,1048576,8192,layered,256/256/256,graph,18,79.8107,23.6381,79.8401,79.8107,
100,8,1048576,8192,layered,256/256/256,graph,19,79.3817,23.6381,79.4008,79.3817,
100,8,1048576,8192,layered,256/256/256,graph,20,79.8652,23.6381,79.8847,79.8652,
100,8,1048576,8192,layered,256/256/256,graph,21,80.9437,23.6381,80.9606,80.9437,
100,8,1048576,8192,layered,256/256/256,graph,22,86.7845,23.6381,86.8019,86.7845,
100,8,1048576,8192,layered,256/256/256,graph,23,86.7514,23.6381,86.7701,86.7514,
100,8,1048576,8192,layered,256/256/256,graph,24,83.0597,23.6381,83.0756,83.0597,
100,8,1048576,8192,layered,256/256/256,graph,25,80.7459,23.6381,80.7620,80.7459,
100,8,1048576,8192,layered,256/256/256,graph,26,80.3218,23.6381,80.3415,80.3218,
100,8,1048576,8192,layered,256/256/256,graph,27,80.8544,23.6381,80.8780,80.8544,
100,8,1048576,8192,layered,256/256/256,graph,28,80.2181,23.6381,80.2387,80.2181,
100,8,1048576,8192,layered,256/256/256,graph,29,80.2119,23.6381,80.2299,80.2119,
100,8,1048576,8192,layered,256/256/256,graph,30,79.4985,23.6381,79.5215,79.4985,
100,8,1048576,8192,layered,256/256/256,graph,31,79.9723,23.6381,79.9913,79.9723,
100,8,1048576,8192,layered,256/256/256,graph,32,78.9812,23.6381,79.0012,78.9812,
100,8,1048576,8192,layered,256/256/256,graph,33,81.1839,23.6381,81.2028,81.1839,
100,8,1048576,8192,layered,256/256/256,graph,34,82.0540,23.6381,82.0752,82.0540,
100,8,1048576,8192,layered,256/256/256,graph,35,82.1447,23.6381,82.1683,82.1447,
100,8,1048576,8192,layered,256/256/256,graph,36,82.6556,23.6381,82.6786,82.6556,
100,8,1048576,8192,layered,256/256/256,graph,37,81.0099,23.6381,81.0362,81.0099,
100,8,1048576,8192,layered,256/256/256,graph,38,79.6462,23.6381,79.6674,79.6462,
100,8,1048576,8192,layered,256/256/256,graph,39,79.5710,23.6381,79.5915,79.5710,
100,8,1048576,8192,layered,256/256/256,graph,40,80.5552,23.6381,80.5776,80.5552,
100,8,1048576,8192,layered,256/256/256,graph,41,78.4953,23.6381,78.5139,78.4953,
100,8,1048576,8192,layered,256/256/256,graph,42,78.6338,23.6381,78.6534,78.6338,
100,8,1048576,8192,layered,256/256/256,graph,43,79.1163,23.6381,79.1362,79.1163,
100,8,1048576,8192,layered,256/256/256,graph,44,80.8412,23.6381,80.8590,80.8412,
100,8,1048576,8192,layered,256/256/256,graph,45,81.4215,23.6381,81.4476,81.4215,
100,8,1048576,8192,layered,256/256/256,graph,46,81.1223,23.6381,81.1393,81.1223,
100,8,1048576,8192,layered,256/256/256,graph,47,81.1895,23.6381,81.2125,81.1895,
100,8,1048576,8192,layered,256/256/256,graph,48,82.3510,23.6381,82.3735,82.3510,
100,8,1048576,8192,layered,256/256/256,graph,49,81.4224,23.6381,81.4457,81.4224,
100,8,1048576,8192,layered,256/256/256,graph,50,80.3558,23.6381,80.3821,80.3558,
100,8,1048576,8192,layered,256/256/256,graph,51,80.2139,23.6381,80.2403,80.2139,
100,8,1048576,8192,layered,256/256/256,graph,52,79.8830,23.6381,79.9044,79.8830,
100,8,1048576,8192,layered,256/256/256,graph,53,80.0171,23.6381,80.0392,80.0171,
100,8,1048576,8192,layered,256/256/256,graph,54,79.3844,23.6381,79.4038,79.3844,
100,8,1048576,8192,layered,256/256/256,graph,55,78.7886,23.6381,78.8120,78.7886,
100,8,1048576,8192,layered,256/256/256,graph,56,80.0928,23.6381,80.1150,80.0928,
100,8,1048576,8192,layered,256/256/256,graph,57,81.3460,23.6381,81.3682,81.3460,
100,8,1048576,8192,layered,256/256/256,graph,58,80.3189,23.6381,80.3431,80.3189,
100,8,1048576,8192,layered,256/256/256,graph,59,81.1852,23.6381,81.2109,81.1852,
100,8,1048576,8192,layered,256/256/256,graph,60,80.5794,23.6381,80.6015,80.5794,
100,8,1048576,8192,layered,256/256/256,graph,61,82.5629,23.6381,82.5860,82.5629,
100,8,1048576,8192,layered,256/256/256,graph,62,81.0798,23.6381,81.1095,81.0798,
100,8,1048576,8192,layered,256/256/256,graph,63,79.0716,23.6381,79.0919,79.0716,
100,8,1048576,8192,layered,256/256/256,graph,64,79.2475,23.6381,79.2672,79.2475,
100,8,1048576,8192,layered,256/256/256,graph,65,81.0777,23.6381,81.0953,81.0777,
100,8,1048576,8192,layered,256/256/256,graph,66,79.9097,23.6381,79.9278,79.9097,
100,8,1048576,8192,layered,256/256/256,graph,67,78.6568,23.6381,78.6790,78.6568,
100,8,1048576,8192,layered,256/256/256,graph,68,80.2268,23.6381,80.2546,80.2268,
100,8,1048576,8192,layered,256/256/256,graph,69,81.3815,23.6381,81.4036,81.3815,
100,8,1048576,8192,layered,256/256/256,graph,70,80.4929,23.6381,80.5140,80.4929,
100,8,1048576,8192,layered,256/256/256,graph,71,80.5687,23.6381,80.5893,80.5687,
100,8,1048576,8192,layered,256/256/256,graph,72,79.2528,23.6381,79.2725,79.2528,
100,8,1048576,8192,layered,256/256/256,graph,73,82.6377,23.6381,82.6603,82.6377,
100,8,1048576,8192,layered,256/256/256,graph,74,82.6442,23.6381,82.6679,82.6442,
100,8,1048576,8192,layered,256/256/256,graph,75,80.4677,23.6381,80.4881,80.4677,
100,8,1048576,8192,layered,256/256/256,graph,76,80.7187,23.6381,80.7374,80.7187,
100,8,1048576,8192,layered,256/256/256,graph,77,79.1626,23.6381,79.1815,79.1626,
100,8,1048576,8192,layered,256/256/256,graph,78,78.8012,23.6381,78.8211,78.8012,
100,8,1048576,8192,layered,256/256/256,graph,79,80.1609,23.6381,80.1804,80.1609,
100,8,1048576,8192,layered,256/256/256,graph,80,79.0617,23.6381,79.0858,79.0617,
100,8,1048576,8192,layered,256/256/256,graph,81,81.4902,23.6381,81.5229,81.4902,
100,8,1048576,8192,layered,256/256/256,graph,82,80.8989,23.6381,80.9239,80.8989,
100,8,1048576,8192,layered,256/256/256,graph,83,79.8677,23.6381,79.8915,79.8677,
100,8,1048576,8192,layered,256/256/256,graph,84,80.7998,23.6381,80.8234,80.7998,
100,8,1048576,8192,layered,256/256/256,graph,85,80.3328,23.6381,80.3533,80.3328,
100,8,1048576,8192,layered,256/256/256,graph,86,81.7365,23.6381,81.7572,81.7365,
100,8,1048576,8192,layered,256/256/256,graph,87,80.7669,23.6381,80.8092,80.7669,
100,8,1048576,8192,layered,256/256/256,graph,88,81.2218,23.6381,81.2763,81.2218,
100,8,1048576,8192,layered,256/256/256,graph,89,79.8644,23.6381,79.8824,79.8644,
100,8,1048576,8192,layered,256/256/256,graph,90,79.7651,23.6381,79.7823,79.7651,
100,8,1048576,8192,layered,256/256/256,graph,91,80.5928,23.6381,80.6127,80.5928,
100,8,1048576,8192,layered,256/256/256,graph,92,79.9253,23.6381,79.9467,79.9253,
100,8,1048576,8192,layered,256/256/256,graph,93,79.8387,23.6381,79.8581,79.8387,
100,8,1048576,8192,layered,256/256/256,graph,94,80.8477,23.6381,80.8674,80.8477,
100,8,1048576,8192,layered,256/256/256,graph,95,80.7804,23.6381,80.8013,80.7804,
100,8,1048576,8192,layered,256/256/256,graph,96,81.1331,23.6381,81.1518,81.1331,
100,8,1048576,8192,layered,256/256/256,graph,97,81.6819,23.6381,81.7018,81.6819,
100,8,1048576,8192,layered,256/256/256,graph,98,81.0922,23.6381,81.1202,81.0922,
100,8,1048576,8192,layered,256/256/256,graph,99,80.4475,23.6381,80.4755,80.4475,
100,8,1048576,8192,layered,256/256/256,graph,100,79.5540,23.6381,79.5791,79.5540,
100,8,1048576,8192,layered,256/256/256,graph,101,80.0410,23.6381,80.0586,80.0410,
100,8,1048576,8192,layered,256/256/256,graph,102,79.8829,23.6381,79.9031,79.8829,
100,8,1048576,8192,layered,256/256/256,graph,103,79.9878,23.6381,80.0069,79.9878,
100,8,1048576,8192,layered,256/256/256,graph,104,79.9229,23.6381,79.9418,79.9229,
100,8,1048576,8192,layered,256/256/256,graph,105,80.0108,23.6381,80.0302,80.0108,
100,8,1048576,8192,layered,256/256/256,graph,106,80.6207,23.6381,80.6385,80.6207,
100,8,1048576,8192,layered,256/256/256,graph,107,80.1163,23.6381,80.1352,80.1163,
100,8,1048576,8192,layered,256/256/256,graph,108,80.0464,23.6381,80.0634,80.0464,
100,8,1048576,8192,layered,256/256/256,graph,109,82.1413,23.6381,82.1625,82.1413,
100,8,1048576,8192,layered,256/256/256,graph,110,82.3732,23.6381,82.3966,82.3732,
100,8,1048576,8192,layered,256/256/256,graph,111,81.6609,23.6381,81.6870,81.6609,
100,8,1048576,8192,layered,256/256/256,graph,112,79.1245,23.6381,79.1502,79.1245,
100,8,1048576,8192,layered,256/256/256,graph,113,78.9531,23.6381,78.9763,78.9531,
100,8,1048576,8192,layered,256/256/256,graph,114,80.2491,23.6381,80.2674,80.2491,
100,8,1048576,8192,layered,256/256/256,graph,115,79.9943,23.6381,80.0121,79.9943,
100,8,1048576,8192,layered,256/256/256,graph,116,80.4118,23.6381,80.4302,80.4118,
100,8,1048576,8192,layered,256/256/256,graph,117,80.0473,23.6381,80.0681,80.0473,
100,8,1048576,8192,layered,256/256/256,graph,118,79.8351,23.6381,79.8539,79.8351,
100,8,1048576,8192,layered,256/256/256,graph,119,80.5754,23.6381,80.5978,80.5754,
100,8,1048576,8192,layered,256/256/256,graph,120,79.9840,23.6381,80.0052,79.9840,
100,8,1048576,8192,layered,256/256/256,graph,121,79.4288,23.6381,79.4486,79.4288,
100,8,1048576,8192,layered,256/256/256,graph,122,80.9503,23.6381,80.9727,80.9503,
100,8,1048576,8192,layered,256/256/256,graph,123,82.0592,23.6381,82.0832,82.0592,
100,8,1048576,8192,layered,256/256/256,graph,124,81.0864,23.6381,81.1130,81.0864,
100,8,1048576,8192,layered,256/256/256,graph,125,81.1133,23.6381,81.1327,81.1133,
100,8,1048576,8192,layered,256/256/256,graph,126,81.2806,23.6381,81.3005,81.2806,
100,8,1048576,8192,layered,256/256/256,graph,127,79.3040,23.6381,79.3271,79.3040,
100,8,1048576,8192,layered,256/256/256,graph,128,79.4293,23.6381,79.4471,79.4293,
100,8,1048576,8192,layered,256/256/256,graph,129,79.8595,23.6381,79.8806,79.8595,
100,8,1048576,8192,layered,256/256/256,graph,130,79.1533,23.6381,79.1715,79.1533,
100,8,1048576,8192,layered,256/256/256,graph,131,80.4000,23.6381,80.4215,80.4000,
100,8,1048576,8192,layered,256/256/256,graph,132,79.7634,23.6381,79.7822,79.7634,
100,8,1048576,8192,layered,256/256/256,graph,133,80.8814,23.6381,80.9019,80.8814,
100,8,1048576,8192,layered,256/256/256,graph,134,80.4171,23.6381,80.4394,80.4171,
100,8,1048576,8192,layered,256/256/256,graph,135,81.2552,23.6381,81.2860,81.2552,
100,8,1048576,8192,layered,256/256/256,graph,136,80.3446,23.6381,80.3685,80.3446,
100,8,1048576,8192,layered,256/256/256,graph,137,81.4110,23.6381,81.4389,81.4110,
100,8,1048576,8192,layered,256/256/256,graph,138,80.8843,23.6381,80.9032,80.8843,
100,8,1048576,8192,layered,256/256/256,graph,139,80.2591,23.6381,80.2865,80.2591,
100,8,1048576,8192,layered,256/256/256,graph,140,80.4751,23.6381,80.4979,80.4751,
100,8,1048576,8192,layered,256/256/256,graph,141,82.1640,23.6381,82.1834,82.1640,
100,8,1048576,8192,layered,256/256/256,graph,142,80.0046,23.6381,80.0242,80.0046,
100,8,1048576,8192,layered,256/256/256,graph,143,81.6735,23.6381,81.6951,81.6735,
100,8,1048576,8192,layered,256/256/256,graph,144,81.5113,23.6381,81.5306,81.5113,
100,8,1048576,8192,layered,256/256/256,graph,145,80.3959,23.6381,80.4142,80.3959,
100,8,1048576,8192,layered,256/256/256,graph,146,80.3346,23.6381,80.3547,80.3346,
100,8,1048576,8192,layered,256/256/256,graph,147,80.5571,23.6381,80.5807,80.5571,
100,8,1048576,8192,layered,256/256/256,graph,148,80.7659,23.6381,80.7913,80.7659,
100,8,1048576,8192,layered,256/256/256,graph,149,81.1560,23.6381,81.1847,81.1560,
100,8,1048576,8192,layered,256/256/256,graph,150,81.4784,23.6381,81.5008,81.4784,
100,8,1048576,8192,layered,256/256/256,graph,151,81.2943,23.6381,81.3155,81.2943,
100,8,1048576,8192,layered,256/256/256,graph,152,80.5940,23.6381,80.6126,80.5940,
100,8,1048576,8192,layered,256/256/256,graph,153,81.7155,23.6381,81.7344,81.7155,
100,8,1048576,8192,layered,256/256/256,graph,154,80.0531,23.6381,80.0746,80.0531,
100,8,1048576,8192,layered,256/256/256,graph,155,79.1129,23.6381,79.1397,79.1129,
100,8,1048576,8192,layered,256/256/256,graph,156,79.2095,23.6381,79.2287,79.2095,
100,8,1048576,8192,layered,256/256/256,graph,157,80.0677,23.6381,80.0978,80.0677,
100,8,1048576,8192,layered,256/256/256,graph,158,80.6617,23.6381,80.6887,80.6617,
100,8,1048576,8192,layered,256/256/256,graph,159,78.8326,23.6381,78.8509,78.8326,
100,8,1048576,8192,layered,256/256/256,graph,160,81.0123,23.6381,81.0338,81.0123,
100,8,1048576,8192,layered,256/256/256,graph,161,79.9478,23.6381,79.9675,79.9478,
100,8,1048576,8192,layered,256/256/256,graph,162,80.9385,23.6381,80.9589,80.9385,
100,8,1048576,8192,layered,256/256/256,graph,163,80.5388,23.6381,80.5616,80.5388,
100,8,1048576,8192,layered,256/256/256,graph,164,81.3337,23.6381,81.3558,81.3337,
100,8,1048576,8192,layered,256/256/256,graph,165,81.5981,23.6381,81.6173,81.5981,
100,8,1048576,8192,layered,256/256/256,graph,166,80.0003,23.6381,80.0259,80.0003,
100,8,1048576,8192,layered,256/256/256,graph,167,80.4347,23.6381,80.4612,80.4347,
100,8,1048576,8192,layered,256/256/256,graph,168,80.0489,23.6381,80.0761,80.0489,
100,8,1048576,8192,layered,256/256/256,graph,169,80.0239,23.6381,80.0495,80.0239,
100,8,1048576,8192,layered,256/256/256,graph,170,80.6255,23.6381,80.6497,80.6255,
100,8,1048576,8192,layered,256/256/256,graph,171,80.1091,23.6381,80.1282,80.1091,
100,8,1048576,8192,layered,256/256/256,graph,172,79.8510,23.6381,79.8717,79.8510,
100,8,1048576,8192,layered,256/256/256,graph,173,80.6771,23.6381,80.6961,80.6771,
100,8,1048576,8192,layered,256/256/256,graph,174,80.6781,23.6381,80.6984,80.6781,
100,8,1048576,8192,layered,256/256/256,graph,175,82.2534,23.6381,82.2734,82.2534,
100,8,1048576,8192,layered,256/256/256,graph,176,81.2852,23.6381,81.3062,81.2852,
100,8,1048576,8192,layered,256/256/256,graph,177,80.8736,23.6381,80.8968,80.8736,
100,8,1048576,8192,layered,256/256/256,graph,178,78.8030,23.6381,78.8308,78.8030,
100,8,1048576,8192,layered,256/256/256,graph,179,79.8920,23.6381,79.9184,79.8920,
100,8,1048576,8192,layered,256/256/256,graph,180,79.8520,23.6381,79.8822,79.8520,
100,8,1048576,8192,layered,256/256/256,graph,181,79.9378,23.6381,79.9673,79.9378,
100,8,1048576,8192,layered,256/256/256,graph,182,80.7197,23.6381,80.7409,80.7197,
100,8,1048576,8192,layered,256/256/256,graph,183,80.6066,23.6381,80.6278,80.6066,
100,8,1048576,8192,layered,256/256/256,graph,184,80.4573,23.6381,80.4792,80.4573,
100,8,1048576,8192,layered,256/256/256,graph,185,80.6038,23.6381,80.6264,80.6038,
100,8,1048576,8192,layered,256/256/256,graph,186,80.2359,23.6381,80.2561,80.2359,
100,8,1048576,8192,layered,256/256/256,graph,187,82.1943,23.6381,82.2142,82.1943,
100,8,1048576,8192,layered,256/256/256,graph,188,80.9303,23.6381,80.9496,80.9303,
100,8,1048576,8192,layered,256/256/256,graph,189,80.2362,23.6381,80.2545,80.2362,
100,8,1048576,8192,layered,256/256/256,graph,190,79.8690,23.6381,79.8886,79.8690,
100,8,1048576,8192,layered,256/256/256,graph,191,80.4403,23.6381,80.4591,80.4403,
100,8,1048576,8192,layered,256/256/256,graph,192,79.8019,23.6381,79.8223,79.8019,
100,8,1048576,8192,layered,256/256/256,graph,193,79.4625,23.6381,79.4831,79.4625,
100,8,1048576,8192,layered,256/256/256,graph,194,80.4568,23.6381,80.4797,80.4568,
100,8,1048576,8192,layered,256/256/256,graph,195,80.9298,23.6381,80.9465,80.9298,
100,8,1048576,8192,layered,256/256/256,graph,196,80.6229,23.6381,80.6390,80.6229,
100,8,1048576,8192,layered,256/256/256,graph,197,81.5640,23.6381,81.5812,81.5640,
100,8,1048576,8192,layered,256/256/256,graph,198,81.2235,23.6381,81.2422,81.2235,
100,8,1048576,8192,layered,256/256/256,graph,199,81.3281,23.6381,81.3555,81.3281,
100,8,1048576,8192,hyprefill,512/1536/1536,graph,0,92.1784,16.6779,92.2394,92.1784,
100,8,1048576,8192,hyprefill,512/1536/1536,graph,1,91.3792,16.9525,91.4277,91.3792,
100,8,1048576,8192,hyprefill,512/1536/1536,graph,2,88.9462,16.6779,88.9959,88.9462,
100,8,1048576,8192,hyprefill,512/1536/1536,graph,3,91.7650,16.6779,91.8166,91.7650,
100,8,1048576,8192,hyprefill,512/1536/1536,graph,4,89.3838,16.6779,89.4306,89.3838,
100,8,1048576,8192,hyprefill,512/1536/1536,graph,5,90.2144,16.6779,90.2613,90.2144,
100,8,1048576,8192,hyprefill,512/1536/1536,graph,6,89.6767,16.6779,89.7234,89.6767,
100,8,1048576,8192,hyprefill,512/1536/1536,graph,7,88.0199,16.6779,88.0689,88.0199,
100,8,1048576,8192,hyprefill,512/1536/1536,graph,8,90.9630,16.6779,91.0093,90.9630,
100,8,1048576,8192,hyprefill,512/1536/1536,graph,9,88.2889,16.6779,88.3343,88.2889,
100,8,1048576,8192,hyprefill,512/1536/1536,graph,10,90.4451,16.6779,90.4908,90.4451,
100,8,1048576,8192,hyprefill,512/1536/1536,graph,11,88.8182,16.6779,88.8689,88.8182,
100,8,1048576,8192,hyprefill,512/1536/1536,graph,12,88.7476,16.6779,88.7967,88.7476,
100,8,1048576,8192,hyprefill,512/1536/1536,graph,13,88.4910,16.6779,88.5484,88.4910,
100,8,1048576,8192,hyprefill,512/1536/1536,graph,14,89.9814,16.6779,90.0299,89.9814,
100,8,1048576,8192,hyprefill,512/1536/1536,graph,15,90.9544,16.6779,91.0085,90.9544,
100,8,1048576,8192,hyprefill,512/1536/1536,graph,16,89.8647,16.6779,89.9110,89.8647,
100,8,1048576,8192,hyprefill,512/1536/1536,graph,17,87.2008,16.6779,87.2476,87.2008,
100,8,1048576,8192,hyprefill,512/1536/1536,graph,18,91.7269,16.6779,91.7741,91.7269,
100,8,1048576,8192,hyprefill,512/1536/1536,graph,19,87.7956,16.6779,87.8427,87.7956,
100,8,1048576,8192,hyprefill,512/1536/1536,graph,20,87.3191,16.6779,87.3661,87.3191,
100,8,1048576,8192,hyprefill,512/1536/1536,graph,21,88.5415,16.4033,88.5869,88.5415,
100,8,1048576,8192,hyprefill,512/1536/1536,graph,22,88.0625,16.6779,88.1125,88.0625,
100,8,1048576,8192,hyprefill,512/1536/1536,graph,23,90.5102,16.6779,90.5596,90.5102,
100,8,1048576,8192,hyprefill,512/1536/1536,graph,24,90.3008,16.6779,90.3510,90.3008,
100,8,1048576,8192,hyprefill,512/1536/1536,graph,25,92.9609,16.6779,93.0134,92.9609,
100,8,1048576,8192,hyprefill,512/1536/1536,graph,26,89.8246,16.6779,89.8742,89.8246,
100,8,1048576,8192,hyprefill,512/1536/1536,graph,27,89.4370,16.6779,89.4872,89.4370,
100,8,1048576,8192,hyprefill,512/1536/1536,graph,28,88.8490,16.6779,88.9139,88.8490,
100,8,1048576,8192,hyprefill,512/1536/1536,graph,29,90.9920,16.6779,91.0456,90.9920,
100,8,1048576,8192,hyprefill,512/1536/1536,graph,30,90.6702,16.6779,90.7349,90.6702,
100,8,1048576,8192,hyprefill,512/1536/1536,graph,31,89.5028,16.6779,89.5512,89.5028,
100,8,1048576,8192,hyprefill,512/1536/1536,graph,32,89.9031,16.6779,89.9608,89.9031,
100,8,1048576,8192,hyprefill,512/1536/1536,graph,33,89.1783,16.6779,89.2283,89.1783,
100,8,1048576,8192,hyprefill,512/1536/1536,graph,34,89.0519,16.4033,89.0992,89.0519,
100,8,1048576,8192,hyprefill,512/1536/1536,graph,35,87.6483,16.6779,87.7255,87.6483,
100,8,1048576,8192,hyprefill,512/1536/1536,graph,36,89.6559,16.4033,89.7146,89.6559,
100,8,1048576,8192,hyprefill,512/1536/1536,graph,37,89.4427,16.6779,89.4947,89.4427,
100,8,1048576,8192,hyprefill,512/1536/1536,graph,38,90.3355,16.4033,90.3845,90.3355,
100,8,1048576,8192,hyprefill,512/1536/1536,graph,39,87.7105,16.6779,87.7609,87.7105,
100,8,1048576,8192,hyprefill,512/1536/1536,graph,40,90.8561,16.6779,90.9095,90.8561,
100,8,1048576,8192,hyprefill,512/1536/1536,graph,41,89.8973,16.6779,89.9474,89.8973,
100,8,1048576,8192,hyprefill,512/1536/1536,graph,42,92.5641,16.6779,92.6155,92.5641,
100,8,1048576,8192,hyprefill,512/1536/1536,graph,43,90.0852,16.6779,90.1378,90.0852,
100,8,1048576,8192,hyprefill,512/1536/1536,graph,44,90.8306,16.6779,90.8844,90.8306,
100,8,1048576,8192,hyprefill,512/1536/1536,graph,45,88.8124,16.6779,88.8681,88.8124,
100,8,1048576,8192,hyprefill,512/1536/1536,graph,46,89.6771,16.6779,89.7239,89.6771,
100,8,1048576,8192,hyprefill,512/1536/1536,graph,47,89.8127,16.6779,89.8584,89.8127,
100,8,1048576,8192,hyprefill,512/1536/1536,graph,48,90.9938,16.6779,91.0447,90.9938,
100,8,1048576,8192,hyprefill,512/1536/1536,graph,49,90.2163,16.6779,90.2664,90.2163,
100,8,1048576,8192,hyprefill,512/1536/1536,graph,50,88.2857,16.6779,88.3323,88.2857,
100,8,1048576,8192,hyprefill,512/1536/1536,graph,51,90.1001,16.6779,90.1444,90.1001,
100,8,1048576,8192,hyprefill,512/1536/1536,graph,52,90.3665,16.6779,90.4201,90.3665,
100,8,1048576,8192,hyprefill,512/1536/1536,graph,53,88.0872,16.6779,88.1362,88.0872,
100,8,1048576,8192,hyprefill,512/1536/1536,graph,54,90.9840,16.6779,91.0294,90.9840,
100,8,1048576,8192,hyprefill,512/1536/1536,graph,55,87.8411,16.6779,87.8881,87.8411,
100,8,1048576,8192,hyprefill,512/1536/1536,graph,56,92.4524,16.6779,92.5018,92.4524,
100,8,1048576,8192,hyprefill,512/1536/1536,graph,57,91.2343,16.6779,91.2980,91.2343,
100,8,1048576,8192,hyprefill,512/1536/1536,graph,58,90.8730,16.6779,90.9266,90.8730,
100,8,1048576,8192,hyprefill,512/1536/1536,graph,59,90.6772,16.6779,90.7300,90.6772,
100,8,1048576,8192,hyprefill,512/1536/1536,graph,60,90.8695,16.6779,90.9283,90.8695,
100,8,1048576,8192,hyprefill,512/1536/1536,graph,61,91.6851,16.6779,91.7386,91.6851,
100,8,1048576,8192,hyprefill,512/1536/1536,graph,62,87.2278,16.6779,87.2744,87.2278,
100,8,1048576,8192,hyprefill,512/1536/1536,graph,63,91.4044,16.6779,91.4629,91.4044,
100,8,1048576,8192,hyprefill,512/1536/1536,graph,64,91.0207,16.6779,91.0739,91.0207,
100,8,1048576,8192,hyprefill,512/1536/1536,graph,65,91.0759,16.6779,91.1288,91.0759,
100,8,1048576,8192,hyprefill,512/1536/1536,graph,66,89.1641,16.6779,89.2310,89.1641,
100,8,1048576,8192,hyprefill,512/1536/1536,graph,67,91.5981,16.6779,91.6513,91.5981,
100,8,1048576,8192,hyprefill,512/1536/1536,graph,68,90.2720,16.6779,90.3194,90.2720,
100,8,1048576,8192,hyprefill,512/1536/1536,graph,69,89.1123,16.4033,89.1576,89.1123,
100,8,1048576,8192,hyprefill,512/1536/1536,graph,70,88.6144,16.6779,88.6641,88.6144,
100,8,1048576,8192,hyprefill,512/1536/1536,graph,71,90.6154,16.4033,90.6647,90.6154,
100,8,1048576,8192,hyprefill,512/1536/1536,graph,72,88.5456,16.6779,88.5963,88.5456,
100,8,1048576,8192,hyprefill,512/1536/1536,graph,73,91.7048,16.4033,91.7617,91.7048,
100,8,1048576,8192,hyprefill,512/1536/1536,graph,74,90.7375,16.6779,90.7877,90.7375,
100,8,1048576,8192,hyprefill,512/1536/1536,graph,75,89.5267,16.6779,89.5901,89.5267,
100,8,1048576,8192,hyprefill,512/1536/1536,graph,76,91.8657,16.6779,91.9199,91.8657,
100,8,1048576,8192,hyprefill,512/1536/1536,graph,77,89.7732,16.6779,89.8253,89.7732,
100,8,1048576,8192,hyprefill,512/1536/1536,graph,78,88.0392,16.6779,88.0864,88.0392,
100,8,1048576,8192,hyprefill,512/1536/1536,graph,79,91.7048,16.6779,91.7697,91.7048,
100,8,1048576,8192,hyprefill,512/1536/1536,graph,80,89.6700,16.6779,89.7314,89.6700,
100,8,1048576,8192,hyprefill,512/1536/1536,graph,81,89.6618,16.6779,89.7092,89.6618,
100,8,1048576,8192,hyprefill,512/1536/1536,graph,82,87.6817,16.6779,87.7299,87.6817,
100,8,1048576,8192,hyprefill,512/1536/1536,graph,83,87.3936,16.6779,87.4497,87.3936,
100,8,1048576,8192,hyprefill,512/1536/1536,graph,84,90.1469,16.4033,90.1956,90.1469,
100,8,1048576,8192,hyprefill,512/1536/1536,graph,85,88.2211,16.6779,88.2721,88.2211,
100,8,1048576,8192,hyprefill,512/1536/1536,graph,86,91.1869,16.4033,91.2325,91.1869,
100,8,1048576,8192,hyprefill,512/1536/1536,graph,87,91.2799,16.6779,91.3266,91.2799,
100,8,1048576,8192,hyprefill,512/1536/1536,graph,88,89.7561,16.4033,89.8017,89.7561,
100,8,1048576,8192,hyprefill,512/1536/1536,graph,89,89.4558,16.6779,89.5049,89.4558,
100,8,1048576,8192,hyprefill,512/1536/1536,graph,90,90.4908,16.9525,90.5371,90.4908,
100,8,1048576,8192,hyprefill,512/1536/1536,graph,91,92.3846,16.6779,92.4483,92.3846,
100,8,1048576,8192,hyprefill,512/1536/1536,graph,92,91.7169,16.9525,91.7704,91.7169,
100,8,1048576,8192,hyprefill,512/1536/1536,graph,93,89.2970,16.6779,89.3628,89.2970,
100,8,1048576,8192,hyprefill,512/1536/1536,graph,94,90.6019,16.9525,90.6550,90.6019,
100,8,1048576,8192,hyprefill,512/1536/1536,graph,95,91.2728,16.6779,91.3362,91.2728,
100,8,1048576,8192,hyprefill,512/1536/1536,graph,96,90.3210,16.6779,90.3767,90.3210,
100,8,1048576,8192,hyprefill,512/1536/1536,graph,97,90.9335,16.6779,90.9911,90.9335,
100,8,1048576,8192,hyprefill,512/1536/1536,graph,98,87.5435,16.6779,87.5941,87.5435,
100,8,1048576,8192,hyprefill,512/1536/1536,graph,99,90.0289,16.9525,90.0823,90.0289,
100,8,1048576,8192,hyprefill,512/1536/1536,graph,100,90.5854,16.1287,90.6348,90.5854,
100,8,1048576,8192,hyprefill,512/1536/1536,graph,101,88.7639,16.9525,88.8173,88.7639,
100,8,1048576,8192,hyprefill,512/1536/1536,graph,102,92.1697,16.6779,92.2156,92.1697,
100,8,1048576,8192,hyprefill,512/1536/1536,graph,103,91.7075,16.9525,91.7617,91.7075,
100,8,1048576,8192,hyprefill,512/1536/1536,graph,104,93.1091,16.9525,93.1563,93.1091,
100,8,1048576,8192,hyprefill,512/1536/1536,graph,105,89.6084,16.9525,89.6569,89.6084,
100,8,1048576,8192,hyprefill,512/1536/1536,graph,106,89.3371,16.9525,89.3849,89.3371,
100,8,1048576,8192,hyprefill,512/1536/1536,graph,107,90.7682,16.9525,90.8116,90.7682,
100,8,1048576,8192,hyprefill,512/1536/1536,graph,108,90.7265,16.9525,90.7725,90.7265,
100,8,1048576,8192,hyprefill,512/1536/1536,graph,109,89.9070,16.9525,89.9535,89.9070,
100,8,1048576,8192,hyprefill,512/1536/1536,graph,110,90.4670,16.9525,90.5138,90.4670,
100,8,1048576,8192,hyprefill,512/1536/1536,graph,111,90.4875,16.6779,90.5342,90.4875,
100,8,1048576,8192,hyprefill,512/1536/1536,graph,112,90.3086,16.9525,90.3630,90.3086,
100,8,1048576,8192,hyprefill,512/1536/1536,graph,113,90.3213,16.4033,90.3708,90.3213,
100,8,1048576,8192,hyprefill,512/1536/1536,graph,114,87.8127,16.9525,87.8661,87.8127,
100,8,1048576,8192,hyprefill,512/1536/1536,graph,115,89.3452,16.1287,89.3929,89.3452,
100,8,1048576,8192,hyprefill,512/1536/1536,graph,116,89.1692,16.9525,89.2251,89.1692,
100,8,1048576,8192,hyprefill,512/1536/1536,graph,117,92.4243,16.4033,92.4775,92.4243,
100,8,1048576,8192,hyprefill,512/1536/1536,graph,118,88.7562,16.9525,88.8104,88.7562,
100,8,1048576,8192,hyprefill,512/1536/1536,graph,119,91.6423,16.6779,91.6890,91.6423,
100,8,1048576,8192,hyprefill,512/1536/1536,graph,120,88.5301,16.6779,88.5824,88.5301,
100,8,1048576,8192,hyprefill,512/1536/1536,graph,121,91.6588,16.9525,91.7144,91.6588,
100,8,1048576,8192,hyprefill,512/1536/1536,graph,122,89.5659,16.6779,89.6343,89.5659,
100,8,1048576,8192,hyprefill,512/1536/1536,graph,123,90.0756,16.6779,90.1282,90.0756,
100,8,1048576,8192,hyprefill,512/1536/1536,graph,124,91.1389,16.6779,91.1902,91.1389,
100,8,1048576,8192,hyprefill,512/1536/1536,graph,125,90.1386,16.6779,90.1857,90.1386,
100,8,1048576,8192,hyprefill,512/1536/1536,graph,126,91.3068,16.6779,91.3601,91.3068,
100,8,1048576,8192,hyprefill,512/1536/1536,graph,127,90.0141,16.6779,90.0666,90.0141,
100,8,1048576,8192,hyprefill,512/1536/1536,graph,128,90.0415,16.6779,90.0909,90.0415,
100,8,1048576,8192,hyprefill,512/1536/1536,graph,129,90.2574,16.6779,90.3081,90.2574,
100,8,1048576,8192,hyprefill,512/1536/1536,graph,130,88.9305,16.6779,88.9776,88.9305,
100,8,1048576,8192,hyprefill,512/1536/1536,graph,131,90.3216,16.6779,90.3694,90.3216,
100,8,1048576,8192,hyprefill,512/1536/1536,graph,132,91.0945,16.6779,91.1403,91.0945,
100,8,1048576,8192,hyprefill,512/1536/1536,graph,133,89.8831,16.6779,89.9321,89.8831,
100,8,1048576,8192,hyprefill,512/1536/1536,graph,134,89.0997,16.6779,89.1450,89.0997,
100,8,1048576,8192,hyprefill,512/1536/1536,graph,135,87.3370,16.6779,87.3878,87.3370,
100,8,1048576,8192,hyprefill,512/1536/1536,graph,136,90.0945,16.6779,90.1498,90.0945,
100,8,1048576,8192,hyprefill,512/1536/1536,graph,137,89.5628,16.6779,89.6102,89.5628,
100,8,1048576,8192,hyprefill,512/1536/1536,graph,138,90.3842,16.6779,90.4318,90.3842,
100,8,1048576,8192,hyprefill,512/1536/1536,graph,139,89.1663,16.6779,89.2237,89.1663,
100,8,1048576,8192,hyprefill,512/1536/1536,graph,140,88.4941,16.6779,88.5406,88.4941,
100,8,1048576,8192,hyprefill,512/1536/1536,graph,141,89.9263,16.6779,89.9720,89.9263,
100,8,1048576,8192,hyprefill,512/1536/1536,graph,142,88.0830,16.6779,88.1334,88.0830,
100,8,1048576,8192,hyprefill,512/1536/1536,graph,143,90.0318,16.6779,90.0780,90.0318,
100,8,1048576,8192,hyprefill,512/1536/1536,graph,144,87.8309,16.6779,87.8758,87.8309,
100,8,1048576,8192,hyprefill,512/1536/1536,graph,145,89.9827,16.6779,90.0305,89.9827,
100,8,1048576,8192,hyprefill,512/1536/1536,graph,146,89.8707,16.6779,89.9221,89.8707,
100,8,1048576,8192,hyprefill,512/1536/1536,graph,147,89.5376,16.1287,89.5860,89.5376,
100,8,1048576,8192,hyprefill,512/1536/1536,graph,148,89.8737,16.6779,89.9212,89.8737,
100,8,1048576,8192,hyprefill,512/1536/1536,graph,149,88.7661,16.4033,88.8156,88.7661,
100,8,1048576,8192,hyprefill,512/1536/1536,graph,150,88.7569,16.6779,88.8073,88.7569,
100,8,1048576,8192,hyprefill,512/1536/1536,graph,151,89.8293,16.6779,89.8813,89.8293,
100,8,1048576,8192,hyprefill,512/1536/1536,graph,152,90.4207,16.6779,90.4700,90.4207,
100,8,1048576,8192,hyprefill,512/1536/1536,graph,153,89.6829,16.6779,89.7452,89.6829,
100,8,1048576,8192,hyprefill,512/1536/1536,graph,154,89.1104,16.6779,89.1588,89.1104,
100,8,1048576,8192,hyprefill,512/1536/1536,graph,155,89.6896,16.6779,89.7390,89.6896,
100,8,1048576,8192,hyprefill,512/1536/1536,graph,156,88.1388,16.6779,88.1850,88.1388,
100,8,1048576,8192,hyprefill,512/1536/1536,graph,157,91.1580,16.6779,91.2067,91.1580,
100,8,1048576,8192,hyprefill,512/1536/1536,graph,158,91.4166,16.6779,91.4671,91.4166,
100,8,1048576,8192,hyprefill,512/1536/1536,graph,159,90.7347,16.6779,90.7865,90.7347,
100,8,1048576,8192,hyprefill,512/1536/1536,graph,160,89.8608,16.6779,89.9117,89.8608,
100,8,1048576,8192,hyprefill,512/1536/1536,graph,161,89.7158,16.6779,89.7651,89.7158,
100,8,1048576,8192,hyprefill,512/1536/1536,graph,162,89.1905,16.6779,89.2385,89.1905,
100,8,1048576,8192,hyprefill,512/1536/1536,graph,163,89.0850,16.6779,89.1320,89.0850,
100,8,1048576,8192,hyprefill,512/1536/1536,graph,164,90.6138,16.6779,90.6612,90.6138,
100,8,1048576,8192,hyprefill,512/1536/1536,graph,165,89.0174,16.6779,89.0633,89.0174,
100,8,1048576,8192,hyprefill,512/1536/1536,graph,166,90.8675,16.6779,90.9127,90.8675,
100,8,1048576,8192,hyprefill,512/1536/1536,graph,167,87.4352,16.6779,87.4837,87.4352,
100,8,1048576,8192,hyprefill,512/1536/1536,graph,168,90.9745,16.6779,91.0194,90.9745,
100,8,1048576,8192,hyprefill,512/1536/1536,graph,169,90.5312,16.6779,90.5773,90.5312,
100,8,1048576,8192,hyprefill,512/1536/1536,graph,170,90.3986,16.6779,90.4442,90.3986,
100,8,1048576,8192,hyprefill,512/1536/1536,graph,171,90.8721,16.6779,90.9207,90.8721,
100,8,1048576,8192,hyprefill,512/1536/1536,graph,172,90.5255,16.6779,90.5767,90.5255,
100,8,1048576,8192,hyprefill,512/1536/1536,graph,173,89.5921,16.6779,89.6390,89.5921,
100,8,1048576,8192,hyprefill,512/1536/1536,graph,174,88.9894,16.6779,89.0370,88.9894,
100,8,1048576,8192,hyprefill,512/1536/1536,graph,175,91.8298,16.6779,91.8773,91.8298,
100,8,1048576,8192,hyprefill,512/1536/1536,graph,176,90.7010,16.6779,90.7589,90.7010,
100,8,1048576,8192,hyprefill,512/1536/1536,graph,177,92.1311,16.6779,92.1851,92.1311,
100,8,1048576,8192,hyprefill,512/1536/1536,graph,178,89.8014,16.6779,89.8504,89.8014,
100,8,1048576,8192,hyprefill,512/1536/1536,graph,179,87.8644,16.6779,87.9155,87.8644,
100,8,1048576,8192,hyprefill,512/1536/1536,graph,180,91.1078,16.6779,91.1550,91.1078,
100,8,1048576,8192,hyprefill,512/1536/1536,graph,181,91.3793,16.6779,91.4345,91.3793,
100,8,1048576,8192,hyprefill,512/1536/1536,graph,182,90.0506,16.6779,90.0981,90.0506,
100,8,1048576,8192,hyprefill,512/1536/1536,graph,183,90.9346,16.6779,90.9832,90.9346,
100,8,1048576,8192,hyprefill,512/1536/1536,graph,184,90.2588,16.6779,90.3055,90.2588,
100,8,1048576,8192,hyprefill,512/1536/1536,graph,185,91.5889,16.6779,91.6372,91.5889,
100,8,1048576,8192,hyprefill,512/1536/1536,graph,186,90.0740,16.6779,90.1272,90.0740,
100,8,1048576,8192,hyprefill,512/1536/1536,graph,187,87.9415,16.6779,87.9869,87.9415,
100,8,1048576,8192,hyprefill,512/1536/1536,graph,188,89.7562,16.6779,89.8080,89.7562,
100,8,1048576,8192,hyprefill,512/1536/1536,graph,189,89.7142,16.6779,89.7648,89.7142,
100,8,1048576,8192,hyprefill,512/1536/1536,graph,190,87.4169,16.6779,87.4654,87.4169,
100,8,1048576,8192,hyprefill,512/1536/1536,graph,191,89.4876,16.6779,89.5377,89.4876,
100,8,1048576,8192,hyprefill,512/1536/1536,graph,192,87.7977,16.6779,87.8467,87.7977,
100,8,1048576,8192,hyprefill,512/1536/1536,graph,193,90.4018,16.6779,90.4538,90.4018,
100,8,1048576,8192,hyprefill,512/1536/1536,graph,194,89.0336,16.6779,89.0860,89.0336,
100,8,1048576,8192,hyprefill,512/1536/1536,graph,195,89.0173,16.4033,89.0700,89.0173,
100,8,1048576,8192,hyprefill,512/1536/1536,graph,196,88.5265,16.6779,88.5826,88.5265,
100,8,1048576,8192,hyprefill,512/1536/1536,graph,197,90.1145,16.4033,90.1619,90.1145,
100,8,1048576,8192,hyprefill,512/1536/1536,graph,198,90.6019,16.6779,90.6542,90.6019,
100,8,1048576,8192,hyprefill,512/1536/1536,graph,199,91.1816,16.4033,91.2363,91.1816,
100,8,1048576,8192,hyprefill,512/1024/1024,graph,0,90.7055,16.6779,90.7583,90.7055,
100,8,1048576,8192,hyprefill,512/1024/1024,graph,1,88.0074,18.6000,88.0634,88.0074,
100,8,1048576,8192,hyprefill,512/1024/1024,graph,2,91.8376,15.5795,91.8907,91.8376,
100,8,1048576,8192,hyprefill,512/1024/1024,graph,3,89.6317,19.1492,89.6907,89.6317,
100,8,1048576,8192,hyprefill,512/1024/1024,graph,4,59.5466,16.2442,59.6038,59.5466,
100,8,1048576,8192,hyprefill,512/1024/1024,graph,5,87.2074,19.1492,87.2541,87.2074,
100,8,1048576,8192,hyprefill,512/1024/1024,graph,6,90.1898,16.1287,90.2386,90.1898,
100,8,1048576,8192,hyprefill,512/1024/1024,graph,7,88.8548,18.0508,88.9073,88.8548,
100,8,1048576,8192,hyprefill,512/1024/1024,graph,8,90.5032,17.2271,90.5549,90.5032,
100,8,1048576,8192,hyprefill,512/1024/1024,graph,9,90.9543,16.6779,91.0029,90.9543,
100,8,1048576,8192,hyprefill,512/1024/1024,graph,10,91.0317,18.3254,91.0806,91.0317,
100,8,1048576,8192,hyprefill,512/1024/1024,graph,11,87.2763,15.5477,87.3230,87.2763,
100,8,1048576,8192,hyprefill,512/1024/1024,graph,12,87.0819,20.5222,87.1297,87.0819,
100,8,1048576,8192,hyprefill,512/1024/1024,graph,13,62.2065,15.1458,62.2602,62.2065,
100,8,1048576,8192,hyprefill,512/1024/1024,graph,14,90.4930,20.7967,90.5396,90.4930,
100,8,1048576,8192,hyprefill,512/1024/1024,graph,15,91.3805,14.4812,91.4270,91.3805,
100,8,1048576,8192,hyprefill,512/1024/1024,graph,16,87.7387,18.8746,87.7875,87.7387,
100,8,1048576,8192,hyprefill,512/1024/1024,graph,17,91.4440,16.4033,91.4957,91.4440,
100,8,1048576,8192,hyprefill,512/1024/1024,graph,18,89.2491,17.2271,89.3029,89.2491,
100,8,1048576,8192,hyprefill,512/1024/1024,graph,19,88.7645,18.3254,88.8215,88.7645,
100,8,1048576,8192,hyprefill,512/1024/1024,graph,20,90.8917,15.5795,90.9511,90.8917,
100,8,1048576,8192,hyprefill,512/1024/1024,graph,21,90.5595,19.4238,90.6106,90.5595,
100,8,1048576,8192,hyprefill,512/1024/1024,graph,22,59.8504,15.9696,59.9006,59.8504,
100,8,1048576,8192,hyprefill,512/1024/1024,graph,23,90.2928,20.2476,90.3413,90.2928,
100,8,1048576,8192,hyprefill,512/1024/1024,graph,24,90.6589,15.3049,90.7138,90.6589,
100,8,1048576,8192,hyprefill,512/1024/1024,graph,25,90.1023,18.6000,90.1555,90.1023,
100,8,1048576,8192,hyprefill,512/1024/1024,graph,26,91.8296,16.9525,91.8880,91.8296,
100,8,1048576,8192,hyprefill,512/1024/1024,graph,27,91.4818,16.9525,91.5376,91.4818,
100,8,1048576,8192,hyprefill,512/1024/1024,graph,28,91.0953,18.3254,91.1609,91.0953,
100,8,1048576,8192,hyprefill,512/1024/1024,graph,29,89.1094,15.0304,89.1588,89.1094,
100,8,1048576,8192,hyprefill,512/1024/1024,graph,30,90.1773,20.2476,90.2336,90.1773,
100,8,1048576,8192,hyprefill,512/1024/1024,graph,31,66.3988,15.4522,66.4548,66.3988,
100,8,1048576,8192,hyprefill,512/1024/1024,graph,32,90.6694,20.2476,90.7281,90.6694,
100,8,1048576,8192,hyprefill,512/1024/1024,graph,33,83.6206,16.0969,83.6780,83.6206,
100,8,1048576,8192,hyprefill,512/1024/1024,graph,34,90.9295,18.8746,90.9776,90.9295,
100,8,1048576,8192,hyprefill,512/1024/1024,graph,35,92.8295,17.5017,92.8778,92.8295,
100,8,1048576,8192,hyprefill,512/1024/1024,graph,36,91.9470,16.9525,92.0014,91.9470,
100,8,1048576,8192,hyprefill,512/1024/1024,graph,37,91.6631,18.8746,91.7174,91.6631,
100,8,1048576,8192,hyprefill,512/1024/1024,graph,38,89.5693,15.0304,89.6157,89.5693,
100,8,1048576,8192,hyprefill,512/1024/1024,graph,39,86.2987,19.6984,86.3444,86.2987,
100,8,1048576,8192,hyprefill,512/1024/1024,graph,40,66.0956,15.4522,66.1418,66.0956,
100,8,1048576,8192,hyprefill,512/1024/1024,graph,41,88.4204,20.2476,88.4712,88.4204,
100,8,1048576,8192,hyprefill,512/1024/1024,graph,42,90.2178,15.3049,90.2607,90.2178,
100,8,1048576,8192,hyprefill,512/1024/1024,graph,43,90.7290,18.6000,90.7829,90.7290,
100,8,1048576,8192,hyprefill,512/1024/1024,graph,44,89.5392,17.5017,89.5930,89.5392,
100,8,1048576,8192,hyprefill,512/1024/1024,graph,45,91.0690,16.6779,91.1221,91.0690,
100,8,1048576,8192,hyprefill,512/1024/1024,graph,46,90.0814,18.6000,90.1336,90.0814,
100,8,1048576,8192,hyprefill,512/1024/1024,graph,47,88.9679,15.3049,89.0173,88.9679,
100,8,1048576,8192,hyprefill,512/1024/1024,graph,48,89.4953,19.4238,89.5475,89.4953,
100,8,1048576,8192,hyprefill,512/1024/1024,graph,49,65.2550,15.4522,65.3016,65.2550,
100,8,1048576,8192,hyprefill,512/1024/1024,graph,50,90.3750,19.4238,90.4237,90.3750,
100,8,1048576,8192,hyprefill,512/1024/1024,graph,51,89.8243,15.8541,89.8740,89.8243,
100,8,1048576,8192,hyprefill,512/1024/1024,graph,52,89.6687,17.7763,89.7193,89.6687,
100,8,1048576,8192,hyprefill,512/1024/1024,graph,53,90.2243,17.2271,90.2724,90.2243,
100,8,1048576,8192,hyprefill,512/1024/1024,graph,54,83.4335,17.1952,83.4810,83.4335,
100,8,1048576,8192,hyprefill,512/1024/1024,graph,55,91.3986,18.3254,91.4467,91.3986,
100,8,1048576,8192,hyprefill,512/1024/1024,graph,56,90.1133,16.1287,90.1602,90.1133,
100,8,1048576,8192,hyprefill,512/1024/1024,graph,57,88.5213,18.8746,88.5758,88.5213,
100,8,1048576,8192,hyprefill,512/1024/1024,graph,58,73.4927,16.3078,73.5520,73.4927,
100,8,1048576,8192,hyprefill,512/1024/1024,graph,59,87.0955,18.6000,87.1467,87.0955,
100,8,1048576,8192,hyprefill,512/1024/1024,graph,60,91.8340,16.6779,91.8823,91.8340,
100,8,1048576,8192,hyprefill,512/1024/1024,graph,61,89.4896,18.0508,89.5387,89.4896,
100,8,1048576,8192,hyprefill,512/1024/1024,graph,62,91.1796,17.2271,91.2253,91.1796,
100,8,1048576,8192,hyprefill,512/1024/1024,graph,63,83.6478,17.1952,83.6928,83.6478,
100,8,1048576,8192,hyprefill,512/1024/1024,graph,64,90.3577,18.0508,90.4073,90.3577,
100,8,1048576,8192,hyprefill,512/1024/1024,graph,65,89.1694,16.6779,89.2209,89.1694,
100,8,1048576,8192,hyprefill,512/1024/1024,graph,66,89.9377,18.3254,89.9921,89.9377,
100,8,1048576,8192,hyprefill,512/1024/1024,graph,67,77.4027,17.1634,77.4517,77.4027,
100,8,1048576,8192,hyprefill,512/1024/1024,graph,68,92.1892,17.7763,92.2348,92.1892,
100,8,1048576,8192,hyprefill,512/1024/1024,graph,69,91.5533,16.9525,91.6022,91.5533,
100,8,1048576,8192,hyprefill,512/1024/1024,graph,70,88.3408,16.9525,88.3905,88.3408,
100,8,1048576,8192,hyprefill,512/1024/1024,graph,71,89.8241,17.7763,89.8710,89.8241,
100,8,1048576,8192,hyprefill,512/1024/1024,graph,72,84.8563,16.9207,84.9025,84.8563,
100,8,1048576,8192,hyprefill,512/1024/1024,graph,73,88.1980,18.0508,88.2517,88.1980,
100,8,1048576,8192,hyprefill,512/1024/1024,graph,74,85.0371,16.9207,85.0855,85.0371,
100,8,1048576,8192,hyprefill,512/1024/1024,graph,75,90.9363,18.0508,90.9837,90.9363,
100,8,1048576,8192,hyprefill,512/1024/1024,graph,76,84.8018,17.1952,84.8469,84.8018,
100,8,1048576,8192,hyprefill,512/1024/1024,graph,77,88.0204,17.2271,88.0669,88.0204,
100,8,1048576,8192,hyprefill,512/1024/1024,graph,78,92.0654,17.5017,92.1127,92.0654,
100,8,1048576,8192,hyprefill,512/1024/1024,graph,79,91.6831,16.4033,91.7315,91.6831,
100,8,1048576,8192,hyprefill,512/1024/1024,graph,80,87.5213,18.3254,87.5687,87.5213,
100,8,1048576,8192,hyprefill,512/1024/1024,graph,81,84.6421,16.6461,84.6980,84.6421,
100,8,1048576,8192,hyprefill,512/1024/1024,graph,82,90.0295,18.6000,90.0792,90.0295,
100,8,1048576,8192,hyprefill,512/1024/1024,graph,83,85.6611,16.9207,85.7068,85.6611,
100,8,1048576,8192,hyprefill,512/1024/1024,graph,84,89.5912,18.3254,89.6416,89.5912,
100,8,1048576,8192,hyprefill,512/1024/1024,graph,85,90.7308,17.2271,90.7826,90.7308,
100,8,1048576,8192,hyprefill,512/1024/1024,graph,86,92.1229,17.5017,92.1703,92.1229,
100,8,1048576,8192,hyprefill,512/1024/1024,graph,87,92.3677,17.7763,92.4243,92.3677,
100,8,1048576,8192,hyprefill,512/1024/1024,graph,88,90.1964,17.2271,90.2472,90.1964,
100,8,1048576,8192,hyprefill,512/1024/1024,graph,89,92.2000,18.3254,92.2521,92.2000,
100,8,1048576,8192,hyprefill,512/1024/1024,graph,90,85.5914,17.4698,85.6408,85.5914,
100,8,1048576,8192,hyprefill,512/1024/1024,graph,91,90.1339,18.0508,90.1822,90.1339,
100,8,1048576,8192,hyprefill,512/1024/1024,graph,92,84.3692,17.1952,84.4212,84.3692,
100,8,1048576,8192,hyprefill,512/1024/1024,graph,93,90.0256,17.7763,90.0906,90.0256,
100,8,1048576,8192,hyprefill,512/1024/1024,graph,94,92.6742,17.7763,92.7222,92.6742,
100,8,1048576,8192,hyprefill,512/1024/1024,graph,95,89.0744,16.1287,89.1236,89.0744,
100,8,1048576,8192,hyprefill,512/1024/1024,graph,96,87.2448,18.3254,87.3091,87.2448,
100,8,1048576,8192,hyprefill,512/1024/1024,graph,97,91.6002,16.1287,91.6556,91.6002,
100,8,1048576,8192,hyprefill,512/1024/1024,graph,98,90.9839,18.6000,91.0319,90.9839,
100,8,1048576,8192,hyprefill,512/1024/1024,graph,99,86.8547,17.1952,86.9029,86.8547,
100,8,1048576,8192,hyprefill,512/1024/1024,graph,100,91.6401,18.0508,91.6989,91.6401,
100,8,1048576,8192,hyprefill,512/1024/1024,graph,101,83.4600,18.0190,83.5196,83.4600,
100,8,1048576,8192,hyprefill,512/1024/1024,graph,102,84.0853,17.1952,84.1354,84.0853,
100,8,1048576,8192,hyprefill,512/1024/1024,graph,103,89.1001,18.8746,89.1551,89.1001,
100,8,1048576,8192,hyprefill,512/1024/1024,graph,104,88.2997,15.5795,88.3494,88.2997,
100,8,1048576,8192,hyprefill,512/1024/1024,graph,105,89.0136,18.8746,89.0610,89.0136,
100,8,1048576,8192,hyprefill,512/1024/1024,graph,106,84.8659,15.8223,84.9240,84.8659,
100,8,1048576,8192,hyprefill,512/1024/1024,graph,107,91.0995,19.1492,91.1474,91.0995,
100,8,1048576,8192,hyprefill,512/1024/1024,graph,108,86.4557,16.3715,86.5032,86.4557,
100,8,1048576,8192,hyprefill,512/1024/1024,graph,109,89.6407,18.8746,89.6953,89.6407,
100,8,1048576,8192,hyprefill,512/1024/1024,graph,110,84.4588,16.9207,84.5115,84.4588,
100,8,1048576,8192,hyprefill,512/1024/1024,graph,111,84.5193,18.2936,84.5815,84.5193,
100,8,1048576,8192,hyprefill,512/1024/1024,graph,112,93.0521,17.5017,93.1014,93.0521,
100,8,1048576,8192,hyprefill,512/1024/1024,graph,113,89.3485,17.7763,89.4097,89.3485,
100,8,1048576,8192,hyprefill,512/1024/1024,graph,114,91.1979,17.5017,91.2446,91.1979,
100,8,1048576,8192,hyprefill,512/1024/1024,graph,115,91.3969,17.2271,91.4480,91.3969,
100,8,1048576,8192,hyprefill,512/1024/1024,graph,116,90.8151,17.5017,90.8699,90.8151,
100,8,1048576,8192,hyprefill,512/1024/1024,graph,117,84.9091,17.1952,84.9643,84.9091,
100,8,1048576,8192,hyprefill,512/1024/1024,graph,118,90.4583,17.7763,90.5132,90.4583,
100,8,1048576,8192,hyprefill,512/1024/1024,graph,119,85.3376,17.4698,85.3856,85.3376,
100,8,1048576,8192,hyprefill,512/1024/1024,graph,120,84.9016,18.0190,84.9525,84.9016,
100,8,1048576,8192,hyprefill,512/1024/1024,graph,121,89.1845,17.5017,89.2361,89.1845,
100,8,1048576,8192,hyprefill,512/1024/1024,graph,122,89.7484,17.2271,89.7953,89.7484,
100,8,1048576,8192,hyprefill,512/1024/1024,graph,123,88.7293,17.2271,88.7913,88.7293,
100,8,1048576,8192,hyprefill,512/1024/1024,graph,124,91.2945,17.2271,91.3509,91.2945,
100,8,1048576,8192,hyprefill,512/1024/1024,graph,125,89.7274,17.5017,89.7940,89.7274,
100,8,1048576,8192,hyprefill,512/1024/1024,graph,126,89.7184,17.2271,89.7698,89.7184,
100,8,1048576,8192,hyprefill,512/1024/1024,graph,127,91.4515,18.0508,91.5031,91.4515,
100,8,1048576,8192,hyprefill,512/1024/1024,graph,128,84.5648,17.7444,84.6201,84.5648,
100,8,1048576,8192,hyprefill,512/1024/1024,graph,129,84.7468,18.2936,84.8050,84.7468,
100,8,1048576,8192,hyprefill,512/1024/1024,graph,130,89.2274,16.9525,89.2768,89.2274,
100,8,1048576,8192,hyprefill,512/1024/1024,graph,131,92.1784,18.3254,92.2320,92.1784,
100,8,1048576,8192,hyprefill,512/1024/1024,graph,132,91.3709,17.2271,91.4304,91.3709,
100,8,1048576,8192,hyprefill,512/1024/1024,graph,133,92.3627,17.5017,92.4115,92.3627,
100,8,1048576,8192,hyprefill,512/1024/1024,graph,134,92.4253,17.5017,92.4788,92.4253,
100,8,1048576,8192,hyprefill,512/1024/1024,graph,135,89.3320,17.2271,89.3886,89.3320,
100,8,1048576,8192,hyprefill,512/1024/1024,graph,136,91.9165,17.5017,91.9684,91.9165,
100,8,1048576,8192,hyprefill,512/1024/1024,graph,137,87.7411,16.9525,87.8001,87.7411,
100,8,1048576,8192,hyprefill,512/1024/1024,graph,138,91.3079,18.0508,91.3670,91.3079,
100,8,1048576,8192,hyprefill,512/1024/1024,graph,139,90.0313,17.2271,90.0900,90.0313,
100,8,1048576,8192,hyprefill,512/1024/1024,graph,140,90.8781,17.7763,90.9284,90.8781,
100,8,1048576,8192,hyprefill,512/1024/1024,graph,141,85.9309,18.0190,85.9871,85.9309,
100,8,1048576,8192,hyprefill,512/1024/1024,graph,142,85.3172,18.2936,85.3718,85.3172,
100,8,1048576,8192,hyprefill,512/1024/1024,graph,143,90.1469,17.5017,90.2089,90.1469,
100,8,1048576,8192,hyprefill,512/1024/1024,graph,144,89.6641,17.2271,89.7147,89.6641,
100,8,1048576,8192,hyprefill,512/1024/1024,graph,145,90.4142,17.2271,90.4654,90.4142,
100,8,1048576,8192,hyprefill,512/1024/1024,graph,146,89.6005,17.7763,89.6592,89.6005,
100,8,1048576,8192,hyprefill,512/1024/1024,graph,147,92.2180,17.7763,92.2737,92.2180,
100,8,1048576,8192,hyprefill,512/1024/1024,graph,148,91.7968,16.9525,91.8451,91.7968,
100,8,1048576,8192,hyprefill,512/1024/1024,graph,149,91.4984,18.3254,91.5587,91.4984,
100,8,1048576,8192,hyprefill,512/1024/1024,graph,150,84.5296,17.1952,84.5864,84.5296,
100,8,1048576,8192,hyprefill,512/1024/1024,graph,151,83.3237,18.5682,83.3737,83.3237,
100,8,1048576,8192,hyprefill,512/1024/1024,graph,152,91.7225,17.2271,91.7702,91.7225,
100,8,1048576,8192,hyprefill,512/1024/1024,graph,153,91.0776,17.7763,91.1253,91.0776,
100,8,1048576,8192,hyprefill,512/1024/1024,graph,154,92.7970,17.5017,92.8521,92.7970,
100,8,1048576,8192,hyprefill,512/1024/1024,graph,155,92.1260,17.2271,92.1735,92.1260,
100,8,1048576,8192,hyprefill,512/1024/1024,graph,156,88.8293,18.0508,88.8798,88.8293,
100,8,1048576,8192,hyprefill,512/1024/1024,graph,157,91.9897,16.4033,92.0357,91.9897,
100,8,1048576,8192,hyprefill,512/1024/1024,graph,158,89.5078,18.3254,89.5533,89.5078,
100,8,1048576,8192,hyprefill,512/1024/1024,graph,159,83.9932,16.6461,84.0388,83.9932,
100,8,1048576,8192,hyprefill,512/1024/1024,graph,160,83.9282,18.2936,83.9779,83.9282,
100,8,1048576,8192,hyprefill,512/1024/1024,graph,161,84.3135,17.4698,84.3626,84.3135,
100,8,1048576,8192,hyprefill,512/1024/1024,graph,162,89.5611,16.9525,89.6074,89.5611,
100,8,1048576,8192,hyprefill,512/1024/1024,graph,163,91.8630,18.0508,91.9105,91.8630,
100,8,1048576,8192,hyprefill,512/1024/1024,graph,164,88.4099,16.4033,88.4534,88.4099,
100,8,1048576,8192,hyprefill,512/1024/1024,graph,165,91.3507,18.8746,91.4008,91.3507,
100,8,1048576,8192,hyprefill,512/1024/1024,graph,166,82.7587,16.0969,82.8110,82.7587,
100,8,1048576,8192,hyprefill,512/1024/1024,graph,167,90.7675,19.1492,90.8244,90.7675,
100,8,1048576,8192,hyprefill,512/1024/1024,graph,168,83.4901,16.0969,83.5407,83.4901,
100,8,1048576,8192,hyprefill,512/1024/1024,graph,169,81.6166,18.8428,81.6771,81.6166,
100,8,1048576,8192,hyprefill,512/1024/1024,graph,170,84.5715,16.9207,84.6212,84.5715,
100,8,1048576,8192,hyprefill,512/1024/1024,graph,171,91.3944,17.7763,91.4447,91.3944,
100,8,1048576,8192,hyprefill,512/1024/1024,graph,172,90.3408,17.7763,90.3870,90.3408,
100,8,1048576,8192,hyprefill,512/1024/1024,graph,173,89.3288,16.1287,89.3747,89.3288,
100,8,1048576,8192,hyprefill,512/1024/1024,graph,174,87.7987,18.8746,87.8476,87.7987,
100,8,1048576,8192,hyprefill,512/1024/1024,graph,175,79.0384,15.7905,79.0898,79.0384,
100,8,1048576,8192,hyprefill,512/1024/1024,graph,176,87.4523,19.4238,87.5039,87.4523,
100,8,1048576,8192,hyprefill,512/1024/1024,graph,177,87.8682,15.8223,87.9151,87.8682,
100,8,1048576,8192,hyprefill,512/1024/1024,graph,178,83.7301,19.1174,83.7784,83.7301,
100,8,1048576,8192,hyprefill,512/1024/1024,graph,179,83.4620,16.6461,83.5138,83.4620,
100,8,1048576,8192,hyprefill,512/1024/1024,graph,180,88.9340,17.7763,88.9831,88.9340,
100,8,1048576,8192,hyprefill,512/1024/1024,graph,181,90.5776,16.6779,90.6256,90.5776,
100,8,1048576,8192,hyprefill,512/1024/1024,graph,182,89.8969,16.4033,89.9456,89.8969,
100,8,1048576,8192,hyprefill,512/1024/1024,graph,183,90.3840,18.6000,90.4507,90.3840,
100,8,1048576,8192,hyprefill,512/1024/1024,graph,184,71.2960,15.7586,71.3467,71.2960,
100,8,1048576,8192,hyprefill,512/1024/1024,graph,185,89.7834,18.8746,89.8425,89.7834,
100,8,1048576,8192,hyprefill,512/1024/1024,graph,186,82.8292,16.0969,82.8844,82.8292,
100,8,1048576,8192,hyprefill,512/1024/1024,graph,187,84.4620,18.5682,84.5178,84.4620,
100,8,1048576,8192,hyprefill,512/1024/1024,graph,188,82.1791,16.9207,82.2410,82.1791,
100,8,1048576,8192,hyprefill,512/1024/1024,graph,189,91.0178,17.5017,91.0643,91.0178,
100,8,1048576,8192,hyprefill,512/1024/1024,graph,190,89.9033,17.7763,89.9499,89.9033,
100,8,1048576,8192,hyprefill,512/1024/1024,graph,191,88.4282,16.4033,88.4740,88.4282,
100,8,1048576,8192,hyprefill,512/1024/1024,graph,192,90.0719,18.6000,90.1160,90.0719,
100,8,1048576,8192,hyprefill,512/1024/1024,graph,193,72.7056,16.0332,72.7528,72.7056,
100,8,1048576,8192,hyprefill,512/1024/1024,graph,194,89.8093,18.8746,89.8646,89.8093,
100,8,1048576,8192,hyprefill,512/1024/1024,graph,195,85.8606,16.3715,85.9148,85.8606,
100,8,1048576,8192,hyprefill,512/1024/1024,graph,196,85.5629,18.5682,85.6116,85.5629,
100,8,1048576,8192,hyprefill,512/1024/1024,graph,197,84.6342,17.4698,84.6839,84.6342,
100,8,1048576,8192,hyprefill,512/1024/1024,graph,198,89.4504,17.2271,89.4977,89.4504,
100,8,1048576,8192,hyprefill,512/1024/1024,graph,199,91.5842,18.0508,91.6304,91.5842,
100,8,1048576,8192,hyprefill,512/3072/3072,graph,0,60.7262,14.5966,60.8334,60.7262,
100,8,1048576,8192,hyprefill,512/3072/3072,graph,1,89.2545,16.4033,89.3027,89.2545,
100,8,1048576,8192,hyprefill,512/3072/3072,graph,2,90.2991,14.7558,90.3598,90.2991,
100,8,1048576,8192,hyprefill,512/3072/3072,graph,3,88.6824,16.1287,88.7360,88.6824,
100,8,1048576,8192,hyprefill,512/3072/3072,graph,4,87.6854,14.4812,87.7362,87.6854,
100,8,1048576,8192,hyprefill,512/3072/3072,graph,5,90.3230,16.4033,90.3717,90.3230,
100,8,1048576,8192,hyprefill,512/3072/3072,graph,6,86.8962,14.4812,86.9449,86.8962,
100,8,1048576,8192,hyprefill,512/3072/3072,graph,7,92.3209,15.0304,92.3688,92.3209,
100,8,1048576,8192,hyprefill,512/3072/3072,graph,8,89.0856,16.1287,89.1398,89.0856,
100,8,1048576,8192,hyprefill,512/3072/3072,graph,9,90.8983,15.0304,90.9442,90.8983,
100,8,1048576,8192,hyprefill,512/3072/3072,graph,10,90.6200,16.1287,90.6676,90.6200,
100,8,1048576,8192,hyprefill,512/3072/3072,graph,11,90.2525,15.0304,90.2974,90.2525,
100,8,1048576,8192,hyprefill,512/3072/3072,graph,12,87.2612,16.1287,87.3083,87.2612,
100,8,1048576,8192,hyprefill,512/3072/3072,graph,13,55.2327,14.8394,55.2770,55.2327,
100,8,1048576,8192,hyprefill,512/3072/3072,graph,14,87.9165,16.4033,87.9676,87.9165,
100,8,1048576,8192,hyprefill,512/3072/3072,graph,15,91.9639,14.4812,92.0093,91.9639,
100,8,1048576,8192,hyprefill,512/3072/3072,graph,16,89.2245,16.6779,89.2730,89.2245,
100,8,1048576,8192,hyprefill,512/3072/3072,graph,17,91.9729,14.4812,92.0178,91.9729,
100,8,1048576,8192,hyprefill,512/3072/3072,graph,18,85.6456,16.9525,85.6978,85.6456,
100,8,1048576,8192,hyprefill,512/3072/3072,graph,19,89.4736,14.2066,89.5232,89.4736,
100,8,1048576,8192,hyprefill,512/3072/3072,graph,20,87.3131,15.0304,87.3624,87.3131,
100,8,1048576,8192,hyprefill,512/3072/3072,graph,21,88.0986,15.8541,88.1466,88.0986,
100,8,1048576,8192,hyprefill,512/3072/3072,graph,22,90.4016,15.0304,90.4511,90.4016,
100,8,1048576,8192,hyprefill,512/3072/3072,graph,23,89.6979,16.1287,89.7528,89.6979,
100,8,1048576,8192,hyprefill,512/3072/3072,graph,24,89.3542,15.0304,89.4024,89.3542,
100,8,1048576,8192,hyprefill,512/3072/3072,graph,25,86.0462,16.4033,86.0924,86.0462,
100,8,1048576,8192,hyprefill,512/3072/3072,graph,26,55.3373,14.8394,55.3848,55.3373,
100,8,1048576,8192,hyprefill,512/3072/3072,graph,27,90.0567,16.6779,90.1019,90.0567,
100,8,1048576,8192,hyprefill,512/3072/3072,graph,28,89.2666,14.4812,89.3115,89.2666,
100,8,1048576,8192,hyprefill,512/3072/3072,graph,29,89.0144,16.6779,89.0650,89.0144,
100,8,1048576,8192,hyprefill,512/3072/3072,graph,30,91.2284,14.2066,91.2732,91.2284,
100,8,1048576,8192,hyprefill,512/3072/3072,graph,31,88.2586,16.6779,88.3035,88.2586,
100,8,1048576,8192,hyprefill,512/3072/3072,graph,32,88.6493,14.2066,88.6951,88.6493,
100,8,1048576,8192,hyprefill,512/3072/3072,graph,33,88.6063,14.7558,88.6508,88.6063,
100,8,1048576,8192,hyprefill,512/3072/3072,graph,34,88.3045,16.1287,88.3482,88.3045,
100,8,1048576,8192,hyprefill,512/3072/3072,graph,35,87.3439,14.7558,87.3922,87.3439,
100,8,1048576,8192,hyprefill,512/3072/3072,graph,36,85.7797,16.1287,85.8315,85.7797,
100,8,1048576,8192,hyprefill,512/3072/3072,graph,37,88.9168,14.7558,88.9696,88.9168,
100,8,1048576,8192,hyprefill,512/3072/3072,graph,38,87.5673,16.4033,87.6145,87.5673,
100,8,1048576,8192,hyprefill,512/3072/3072,graph,39,50.1237,14.5330,50.1687,50.1237,
100,8,1048576,8192,hyprefill,512/3072/3072,graph,40,80.6921,16.9207,80.7390,80.6921,
100,8,1048576,8192,hyprefill,512/3072/3072,graph,41,83.0861,14.4493,83.1315,83.0861,
100,8,1048576,8192,hyprefill,512/3072/3072,graph,42,82.1048,17.1952,82.1482,82.1048,
100,8,1048576,8192,hyprefill,512/3072/3072,graph,43,82.4008,14.4493,82.4490,82.4008,
100,8,1048576,8192,hyprefill,512/3072/3072,graph,44,89.1372,16.9525,89.1856,89.1372,
100,8,1048576,8192,hyprefill,512/3072/3072,graph,45,90.1400,14.2066,90.1851,90.1400,
100,8,1048576,8192,hyprefill,512/3072/3072,graph,46,89.7888,15.0304,89.8449,89.7888,
100,8,1048576,8192,hyprefill,512/3072/3072,graph,47,89.8833,15.5795,89.9277,89.8833,
100,8,1048576,8192,hyprefill,512/3072/3072,graph,48,89.5864,15.0304,89.6414,89.5864,
100,8,1048576,8192,hyprefill,512/3072/3072,graph,49,88.0417,15.5795,88.0902,88.0417,
100,8,1048576,8192,hyprefill,512/3072/3072,graph,50,90.2436,15.0304,90.2901,90.2436,
100,8,1048576,8192,hyprefill,512/3072/3072,graph,51,87.2989,16.1287,87.3454,87.2989,
100,8,1048576,8192,hyprefill,512/3072/3072,graph,52,54.4450,14.5648,54.4913,54.4450,
100,8,1048576,8192,hyprefill,512/3072/3072,graph,53,82.0068,16.3715,82.0522,82.0068,
100,8,1048576,8192,hyprefill,512/3072/3072,graph,54,82.4998,14.4493,82.5580,82.4998,
100,8,1048576,8192,hyprefill,512/3072/3072,graph,55,80.1814,16.6461,80.2280,80.1814,
100,8,1048576,8192,hyprefill,512/3072/3072,graph,56,83.1062,14.7239,83.1574,83.1062,
100,8,1048576,8192,hyprefill,512/3072/3072,graph,57,89.5753,16.4033,89.6278,89.5753,
100,8,1048576,8192,hyprefill,512/3072/3072,graph,58,87.8955,15.0304,87.9427,87.8955,
100,8,1048576,8192,hyprefill,512/3072/3072,graph,59,90.6826,14.7558,90.7295,90.6826,
100,8,1048576,8192,hyprefill,512/3072/3072,graph,60,87.2012,16.1287,87.2471,87.2012,
100,8,1048576,8192,hyprefill,512/3072/3072,graph,61,87.7125,14.7558,87.7584,87.7125,
100,8,1048576,8192,hyprefill,512/3072/3072,graph,62,88.5784,16.1287,88.6289,88.5784,
100,8,1048576,8192,hyprefill,512/3072/3072,graph,63,89.2594,14.7558,89.3045,89.2594,
100,8,1048576,8192,hyprefill,512/3072/3072,graph,64,87.2739,16.1287,87.3236,87.2739,
100,8,1048576,8192,hyprefill,512/3072/3072,graph,65,61.3292,14.5966,61.3762,61.3292,
100,8,1048576,8192,hyprefill,512/3072/3072,graph,66,83.3746,16.3715,83.4194,83.3746,
100,8,1048576,8192,hyprefill,512/3072/3072,graph,67,81.9112,14.7239,81.9741,81.9112,
100,8,1048576,8192,hyprefill,512/3072/3072,graph,68,81.7594,16.3715,81.8070,81.7594,
100,8,1048576,8192,hyprefill,512/3072/3072,graph,69,82.7158,14.9985,82.7724,82.7158,
100,8,1048576,8192,hyprefill,512/3072/3072,graph,70,80.0759,16.0969,80.1295,80.0759,
100,8,1048576,8192,hyprefill,512/3072/3072,graph,71,81.9310,15.2731,81.9765,81.9310,
100,8,1048576,8192,hyprefill,512/3072/3072,graph,72,89.4346,14.4812,89.4860,89.4346,
100,8,1048576,8192,hyprefill,512/3072/3072,graph,73,88.5079,16.1287,88.5654,88.5079,
100,8,1048576,8192,hyprefill,512/3072/3072,graph,74,89.2041,14.4812,89.2518,89.2041,
100,8,1048576,8192,hyprefill,512/3072/3072,graph,75,84.4862,16.1287,84.5516,84.4862,
100,8,1048576,8192,hyprefill,512/3072/3072,graph,76,90.0647,14.4812,90.1119,90.0647,
100,8,1048576,8192,hyprefill,512/3072/3072,graph,77,84.2018,16.1287,84.2642,84.2018,
100,8,1048576,8192,hyprefill,512/3072/3072,graph,78,65.0178,14.6285,65.0832,65.0178,
100,8,1048576,8192,hyprefill,512/3072/3072,graph,79,79.8228,16.0969,79.8769,79.8228,
100,8,1048576,8192,hyprefill,512/3072/3072,graph,80,84.1961,14.7239,84.2471,84.1961,
100,8,1048576,8192,hyprefill,512/3072/3072,graph,81,81.5336,16.3715,81.5885,81.5336,
100,8,1048576,8192,hyprefill,512/3072/3072,graph,82,82.7316,14.9985,82.7830,82.7316,
100,8,1048576,8192,hyprefill,512/3072/3072,graph,83,82.3643,16.0969,82.4169,82.3643,
100,8,1048576,8192,hyprefill,512/3072/3072,graph,84,84.0020,15.2731,84.0508,84.0020,
100,8,1048576,8192,hyprefill,512/3072/3072,graph,85,83.0864,14.9985,83.1321,83.0864,
100,8,1048576,8192,hyprefill,512/3072/3072,graph,86,83.7679,15.8223,83.8134,83.7679,
100,8,1048576,8192,hyprefill,512/3072/3072,graph,87,89.7889,15.0304,89.8385,89.7889,
100,8,1048576,8192,hyprefill,512/3072/3072,graph,88,87.9983,15.8541,88.0443,87.9983,
100,8,1048576,8192,hyprefill,512/3072/3072,graph,89,89.9001,15.0304,89.9864,89.9001,
100,8,1048576,8192,hyprefill,512/3072/3072,graph,90,86.3905,15.8541,86.4454,86.3905,
100,8,1048576,8192,hyprefill,512/3072/3072,graph,91,71.3984,14.9349,71.4501,71.3984,
100,8,1048576,8192,hyprefill,512/3072/3072,graph,92,83.6668,15.8223,83.7172,83.6668,
100,8,1048576,8192,hyprefill,512/3072/3072,graph,93,82.5423,14.7239,82.5942,82.5423,
100,8,1048576,8192,hyprefill,512/3072/3072,graph,94,80.7156,16.0969,80.7679,80.7156,
100,8,1048576,8192,hyprefill,512/3072/3072,graph,95,83.6140,15.2731,83.6608,83.6140,
100,8,1048576,8192,hyprefill,512/3072/3072,graph,96,82.1957,15.8223,82.2444,82.1957,
100,8,1048576,8192,hyprefill,512/3072/3072,graph,97,81.7372,15.5477,81.7915,81.7372,
100,8,1048576,8192,hyprefill,512/3072/3072,graph,98,83.2520,14.9985,83.3015,83.2520,
100,8,1048576,8192,hyprefill,512/3072/3072,graph,99,76.6747,15.7905,76.7257,76.6747,
100,8,1048576,8192,hyprefill,512/3072/3072,graph,100,81.2156,14.9985,81.2781,81.2156,
100,8,1048576,8192,hyprefill,512/3072/3072,graph,101,88.2036,15.8541,88.2580,88.2036,
100,8,1048576,8192,hyprefill,512/3072/3072,graph,102,86.4383,15.0304,86.4877,86.4383,
100,8,1048576,8192,hyprefill,512/3072/3072,graph,103,88.7531,15.8541,88.8065,88.7531,
100,8,1048576,8192,hyprefill,512/3072/3072,graph,104,75.9777,14.9667,76.0398,75.9777,
100,8,1048576,8192,hyprefill,512/3072/3072,graph,105,80.9677,15.8223,81.0223,80.9677,
100,8,1048576,8192,hyprefill,512/3072/3072,graph,106,82.2074,14.7239,82.2532,82.2074,
100,8,1048576,8192,hyprefill,512/3072/3072,graph,107,81.0907,15.8223,81.1437,81.0907,
100,8,1048576,8192,hyprefill,512/3072/3072,graph,108,83.4152,15.2731,83.4680,83.4152,
100,8,1048576,8192,hyprefill,512/3072/3072,graph,109,83.0390,15.8223,83.0862,83.0390,
100,8,1048576,8192,hyprefill,512/3072/3072,graph,110,83.2299,15.5477,83.2747,83.2299,
100,8,1048576,8192,hyprefill,512/3072/3072,graph,111,80.8041,15.2731,80.8505,80.8041,
100,8,1048576,8192,hyprefill,512/3072/3072,graph,112,77.2726,15.5159,77.3213,77.2726,
100,8,1048576,8192,hyprefill,512/3072/3072,graph,113,77.4379,15.2413,77.4860,77.4379,
100,8,1048576,8192,hyprefill,512/3072/3072,graph,114,87.3378,15.5795,87.3847,87.3378,
100,8,1048576,8192,hyprefill,512/3072/3072,graph,115,89.5457,15.3049,89.5924,89.5457,
100,8,1048576,8192,hyprefill,512/3072/3072,graph,116,88.9397,15.5795,89.0221,88.9397,
100,8,1048576,8192,hyprefill,512/3072/3072,graph,117,84.9464,15.2731,85.0019,84.9464,
100,8,1048576,8192,hyprefill,512/3072/3072,graph,118,83.3865,15.5477,83.4357,83.3865,
100,8,1048576,8192,hyprefill,512/3072/3072,graph,119,82.8409,14.9985,82.8914,82.8409,
100,8,1048576,8192,hyprefill,512/3072/3072,graph,120,83.1149,15.5477,83.1649,83.1149,
100,8,1048576,8192,hyprefill,512/3072/3072,graph,121,82.4639,15.2731,82.5226,82.4639,
100,8,1048576,8192,hyprefill,512/3072/3072,graph,122,83.1656,15.8223,83.2646,83.1656,
100,8,1048576,8192,hyprefill,512/3072/3072,graph,123,82.2031,15.5477,82.2496,82.2031,
100,8,1048576,8192,hyprefill,512/3072/3072,graph,124,83.1134,15.5477,83.1594,83.1134,
100,8,1048576,8192,hyprefill,512/3072/3072,graph,125,75.2938,15.5159,75.3406,75.2938,
100,8,1048576,8192,hyprefill,512/3072/3072,graph,126,77.4929,15.2413,77.5475,77.4929,
100,8,1048576,8192,hyprefill,512/3072/3072,graph,127,83.7049,15.5477,83.7520,83.7049,
100,8,1048576,8192,hyprefill,512/3072/3072,graph,128,88.6097,15.3049,88.6555,88.6097,
100,8,1048576,8192,hyprefill,512/3072/3072,graph,129,91.5509,15.5795,91.6016,91.5509,
100,8,1048576,8192,hyprefill,512/3072/3072,graph,130,88.4412,15.3049,88.4911,88.4412,
100,8,1048576,8192,hyprefill,512/3072/3072,graph,131,90.0883,15.5795,90.1376,90.0883,
100,8,1048576,8192,hyprefill,512/3072/3072,graph,132,82.9355,15.2731,82.9821,82.9355,
100,8,1048576,8192,hyprefill,512/3072/3072,graph,133,84.1537,15.5477,84.2035,84.1537,
100,8,1048576,8192,hyprefill,512/3072/3072,graph,134,85.1207,15.2731,85.1688,85.1207,
100,8,1048576,8192,hyprefill,512/3072/3072,graph,135,83.5792,16.0969,83.6319,83.5792,
100,8,1048576,8192,hyprefill,512/3072/3072,graph,136,85.0980,15.5477,85.1498,85.0980,
100,8,1048576,8192,hyprefill,512/3072/3072,graph,137,84.7014,15.8223,84.7512,84.7014,
100,8,1048576,8192,hyprefill,512/3072/3072,graph,138,83.1878,15.5477,83.2355,83.1878,
100,8,1048576,8192,hyprefill,512/3072/3072,graph,139,84.7808,15.5477,84.8287,84.7808,
100,8,1048576,8192,hyprefill,512/3072/3072,graph,140,82.6724,15.5477,82.7252,82.6724,
100,8,1048576,8192,hyprefill,512/3072/3072,graph,141,89.5906,15.5795,89.6449,89.5906,
100,8,1048576,8192,hyprefill,512/3072/3072,graph,142,87.5758,15.5795,87.6241,87.5758,
100,8,1048576,8192,hyprefill,512/3072/3072,graph,143,90.6511,15.5795,90.6997,90.6511,
100,8,1048576,8192,hyprefill,512/3072/3072,graph,144,88.9937,15.3049,89.0508,88.9937,
100,8,1048576,8192,hyprefill,512/3072/3072,graph,145,89.0110,15.5795,89.0606,89.0110,
100,8,1048576,8192,hyprefill,512/3072/3072,graph,146,90.8623,15.3049,90.9129,90.8623,
100,8,1048576,8192,hyprefill,512/3072/3072,graph,147,88.4556,15.3049,88.5121,88.4556,
100,8,1048576,8192,hyprefill,512/3072/3072,graph,148,90.7584,15.5795,90.8146,90.7584,
100,8,1048576,8192,hyprefill,512/3072/3072,graph,149,87.0581,15.8541,87.1143,87.0581,
100,8,1048576,8192,hyprefill,512/3072/3072,graph,150,86.3581,15.5477,86.4056,86.3581,
100,8,1048576,8192,hyprefill,512/3072/3072,graph,151,83.4362,16.0969,83.4870,83.4362,
100,8,1048576,8192,hyprefill,512/3072/3072,graph,152,84.4466,15.2731,84.4978,84.4466,
100,8,1048576,8192,hyprefill,512/3072/3072,graph,153,83.7619,16.0969,83.8102,83.7619,
100,8,1048576,8192,hyprefill,512/3072/3072,graph,154,87.1312,15.2731,87.1782,87.1312,
100,8,1048576,8192,hyprefill,512/3072/3072,graph,155,89.3402,16.1287,89.4006,89.3402,
100,8,1048576,8192,hyprefill,512/3072/3072,graph,156,90.9798,15.3049,91.0316,90.9798,
100,8,1048576,8192,hyprefill,512/3072/3072,graph,157,86.6546,15.5795,86.7085,86.6546,
100,8,1048576,8192,hyprefill,512/3072/3072,graph,158,90.0859,15.3049,90.1315,90.0859,
100,8,1048576,8192,hyprefill,512/3072/3072,graph,159,90.0946,15.3049,90.1436,90.0946,
100,8,1048576,8192,hyprefill,512/3072/3072,graph,160,89.7956,15.3049,89.8460,89.7956,
100,8,1048576,8192,hyprefill,512/3072/3072,graph,161,90.9483,15.3049,91.0033,90.9483,
100,8,1048576,8192,hyprefill,512/3072/3072,graph,162,90.4692,15.8541,90.5249,90.4692,
100,8,1048576,8192,hyprefill,512/3072/3072,graph,163,89.5098,15.3049,89.5609,89.5098,
100,8,1048576,8192,hyprefill,512/3072/3072,graph,164,83.9034,15.8223,83.9498,83.9034,
100,8,1048576,8192,hyprefill,512/3072/3072,graph,165,78.4233,15.7905,78.4736,78.4233,
100,8,1048576,8192,hyprefill,512/3072/3072,graph,166,78.6159,15.7905,78.6648,78.6159,
100,8,1048576,8192,hyprefill,512/3072/3072,graph,167,78.8475,15.7905,78.8937,78.8475,
100,8,1048576,8192,hyprefill,512/3072/3072,graph,168,87.4959,15.5795,87.5509,87.4959,
100,8,1048576,8192,hyprefill,512/3072/3072,graph,169,88.8776,15.8541,88.9357,88.8776,
100,8,1048576,8192,hyprefill,512/3072/3072,graph,170,90.9509,15.3049,91.0098,90.9509,
100,8,1048576,8192,hyprefill,512/3072/3072,graph,171,90.5611,15.5795,90.6080,90.5611,
100,8,1048576,8192,hyprefill,512/3072/3072,graph,172,87.4144,15.0304,87.4571,87.4144,
100,8,1048576,8192,hyprefill,512/3072/3072,graph,173,91.2455,15.5795,91.2953,91.2455,
100,8,1048576,8192,hyprefill,512/3072/3072,graph,174,87.4109,15.3049,87.4608,87.4109,
100,8,1048576,8192,hyprefill,512/3072/3072,graph,175,85.9839,16.1287,86.0299,85.9839,
100,8,1048576,8192,hyprefill,512/3072/3072,graph,176,89.1917,15.3049,89.2365,89.1917,
100,8,1048576,8192,hyprefill,512/3072/3072,graph,177,82.8853,15.8223,82.9339,82.8853,
100,8,1048576,8192,hyprefill,512/3072/3072,graph,178,78.3778,15.5159,78.4237,78.3778,
100,8,1048576,8192,hyprefill,512/3072/3072,graph,179,76.0195,15.7905,76.0648,76.0195,
100,8,1048576,8192,hyprefill,512/3072/3072,graph,180,84.5843,15.5477,84.6298,84.5843,
100,8,1048576,8192,hyprefill,512/3072/3072,graph,181,91.3941,15.8541,91.4403,91.3941,
100,8,1048576,8192,hyprefill,512/3072/3072,graph,182,89.8357,15.8541,89.8849,89.8357,
100,8,1048576,8192,hyprefill,512/3072/3072,graph,183,89.5671,15.5795,89.6138,89.5671,
100,8,1048576,8192,hyprefill,512/3072/3072,graph,184,88.8251,15.5795,88.8806,88.8251,
100,8,1048576,8192,hyprefill,512/3072/3072,graph,185,90.9016,15.3049,90.9552,90.9016,
100,8,1048576,8192,hyprefill,512/3072/3072,graph,186,90.5474,15.3049,90.6046,90.5474,
100,8,1048576,8192,hyprefill,512/3072/3072,graph,187,87.7639,15.3049,87.8214,87.7639,
100,8,1048576,8192,hyprefill,512/3072/3072,graph,188,89.1917,15.5795,89.2428,89.1917,
100,8,1048576,8192,hyprefill,512/3072/3072,graph,189,90.0788,15.3049,90.1281,90.0788,
100,8,1048576,8192,hyprefill,512/3072/3072,graph,190,92.0171,15.5795,92.0677,92.0171,
100,8,1048576,8192,hyprefill,512/3072/3072,graph,191,84.6766,15.5477,84.7261,84.6766,
100,8,1048576,8192,hyprefill,512/3072/3072,graph,192,76.7027,15.7905,76.7489,76.7027,
100,8,1048576,8192,hyprefill,512/3072/3072,graph,193,78.1710,15.5159,78.2208,78.1710,
100,8,1048576,8192,hyprefill,512/3072/3072,graph,194,89.4348,15.8541,89.4818,89.4348,
100,8,1048576,8192,hyprefill,512/3072/3072,graph,195,90.0631,15.5795,90.1064,90.0631,
100,8,1048576,8192,hyprefill,512/3072/3072,graph,196,89.9130,15.5795,89.9634,89.9130,
100,8,1048576,8192,hyprefill,512/3072/3072,graph,197,90.0686,15.5795,90.1243,90.0686,
100,8,1048576,8192,hyprefill,512/3072/3072,graph,198,89.0663,15.5795,89.1158,89.0663,
100,8,1048576,8192,hyprefill,512/3072/3072,graph,199,89.7860,15.3049,89.8325,89.7860,
100,8,1048576,8192,hyprefill,512/768/768,graph,0,81.9107,18.2936,81.9590,81.9107,
100,8,1048576,8192,hyprefill,512/768/768,graph,1,92.2583,17.7763,92.3105,92.2583,
100,8,1048576,8192,hyprefill,512/768/768,graph,2,85.3050,18.5682,85.3553,85.3050,
100,8,1048576,8192,hyprefill,512/768/768,graph,3,83.5257,18.5682,83.5720,83.5257,
100,8,1048576,8192,hyprefill,512/768/768,graph,4,79.3208,18.5364,79.3651,79.3208,
100,8,1048576,8192,hyprefill,512/768/768,graph,5,91.3252,18.3254,91.3712,91.3252,
100,8,1048576,8192,hyprefill,512/768/768,graph,6,89.6698,18.0508,89.7154,89.6698,
100,8,1048576,8192,hyprefill,512/768/768,graph,7,90.8254,17.5017,90.8725,90.8254,
100,8,1048576,8192,hyprefill,512/768/768,graph,8,88.0005,18.3254,88.0496,88.0005,
100,8,1048576,8192,hyprefill,512/768/768,graph,9,84.7822,18.0190,84.8296,84.7822,
100,8,1048576,8192,hyprefill,512/768/768,graph,10,91.4221,18.0508,91.4679,91.4221,
100,8,1048576,8192,hyprefill,512/768/768,graph,11,84.4573,18.5682,84.5043,84.4573,
100,8,1048576,8192,hyprefill,512/768/768,graph,12,81.8612,18.8428,81.9071,81.8612,
100,8,1048576,8192,hyprefill,512/768/768,graph,13,80.1114,18.5364,80.1581,80.1114,
100,8,1048576,8192,hyprefill,512/768/768,graph,14,91.6047,18.6000,91.6514,91.6047,
100,8,1048576,8192,hyprefill,512/768/768,graph,15,90.0205,18.6000,90.0651,90.0205,
100,8,1048576,8192,hyprefill,512/768/768,graph,16,89.3121,17.7763,89.3571,89.3121,
100,8,1048576,8192,hyprefill,512/768/768,graph,17,91.7226,18.6000,91.7687,91.7226,
100,8,1048576,8192,hyprefill,512/768/768,graph,18,92.0882,18.3254,92.1332,92.0882,
100,8,1048576,8192,hyprefill,512/768/768,graph,19,86.1974,18.5682,86.2484,86.1974,
100,8,1048576,8192,hyprefill,512/768/768,graph,20,85.2212,18.8428,85.2726,85.2212,
100,8,1048576,8192,hyprefill,512/768/768,graph,21,84.1250,18.8428,84.1831,84.1250,
100,8,1048576,8192,hyprefill,512/768/768,graph,22,87.2229,19.3920,87.2722,87.2229,
100,8,1048576,8192,hyprefill,512/768/768,graph,23,91.0954,17.7763,91.1444,91.0954,
100,8,1048576,8192,hyprefill,512/768/768,graph,24,89.9026,18.8746,89.9714,89.9026,
100,8,1048576,8192,hyprefill,512/768/768,graph,25,84.5938,18.5682,84.6494,84.5938,
100,8,1048576,8192,hyprefill,512/768/768,graph,26,91.9276,18.3254,91.9827,91.9276,
100,8,1048576,8192,hyprefill,512/768/768,graph,27,90.8836,18.0508,90.9338,90.8836,
100,8,1048576,8192,hyprefill,512/768/768,graph,28,90.2926,17.5017,90.3527,90.2926,
100,8,1048576,8192,hyprefill,512/768/768,graph,29,86.1919,18.2936,86.2549,86.1919,
100,8,1048576,8192,hyprefill,512/768/768,graph,30,89.2837,18.8746,89.3417,89.2837,
100,8,1048576,8192,hyprefill,512/768/768,graph,31,80.2019,18.8110,80.2486,80.2019,
100,8,1048576,8192,hyprefill,512/768/768,graph,32,89.5998,18.8746,89.6510,89.5998,
100,8,1048576,8192,hyprefill,512/768/768,graph,33,91.4411,18.6000,91.4962,91.4411,
100,8,1048576,8192,hyprefill,512/768/768,graph,34,87.2466,19.6666,87.2937,87.2466,
100,8,1048576,8192,hyprefill,512/768/768,graph,35,86.3328,18.8428,86.3806,86.3328,
100,8,1048576,8192,hyprefill,512/768/768,graph,36,91.4228,18.8746,91.4679,91.4228,
100,8,1048576,8192,hyprefill,512/768/768,graph,37,92.0448,17.7763,92.0973,92.0448,
100,8,1048576,8192,hyprefill,512/768/768,graph,38,88.8626,18.6000,88.9092,88.8626,
100,8,1048576,8192,hyprefill,512/768/768,graph,39,91.2574,19.1492,91.3029,91.2574,
100,8,1048576,8192,hyprefill,512/768/768,graph,40,88.0936,18.5682,88.1402,88.0936,
100,8,1048576,8192,hyprefill,512/768/768,graph,41,91.7412,18.6000,91.7863,91.7412,
100,8,1048576,8192,hyprefill,512/768/768,graph,42,86.3002,18.8428,86.3439,86.3002,
100,8,1048576,8192,hyprefill,512/768/768,graph,43,85.3004,19.1174,85.3454,85.3004,
100,8,1048576,8192,hyprefill,512/768/768,graph,44,85.0671,18.8428,85.1237,85.0671,
100,8,1048576,8192,hyprefill,512/768/768,graph,45,91.0201,18.6000,91.0693,91.0201,
100,8,1048576,8192,hyprefill,512/768/768,graph,46,90.0039,17.2271,90.0517,90.0039,
100,8,1048576,8192,hyprefill,512/768/768,graph,47,89.6296,18.6000,89.6775,89.6296,
100,8,1048576,8192,hyprefill,512/768/768,graph,48,91.1536,18.6000,91.2066,91.1536,
100,8,1048576,8192,hyprefill,512/768/768,graph,49,86.0699,18.5682,86.1192,86.0699,
100,8,1048576,8192,hyprefill,512/768/768,graph,50,86.5034,19.1174,86.5513,86.5034,
100,8,1048576,8192,hyprefill,512/768/768,graph,51,85.3318,19.1174,85.3766,85.3318,
100,8,1048576,8192,hyprefill,512/768/768,graph,52,86.6369,19.1174,86.6856,86.6369,
100,8,1048576,8192,hyprefill,512/768/768,graph,53,90.8449,18.6000,90.8984,90.8449,
100,8,1048576,8192,hyprefill,512/768/768,graph,54,90.1395,18.6000,90.1929,90.1395,
100,8,1048576,8192,hyprefill,512/768/768,graph,55,85.4445,18.8428,85.4933,85.4445,
100,8,1048576,8192,hyprefill,512/768/768,graph,56,91.7036,17.7763,91.7529,91.7036,
100,8,1048576,8192,hyprefill,512/768/768,graph,57,89.8295,18.3254,89.8750,89.8295,
100,8,1048576,8192,hyprefill,512/768/768,graph,58,90.7727,17.5017,90.8228,90.7727,
100,8,1048576,8192,hyprefill,512/768/768,graph,59,85.6307,18.5682,85.6815,85.6307,
100,8,1048576,8192,hyprefill,512/768/768,graph,60,87.9906,18.6000,88.0389,87.9906,
100,8,1048576,8192,hyprefill,512/768/768,graph,61,85.6941,18.8428,85.7479,85.6941,
100,8,1048576,8192,hyprefill,512/768/768,graph,62,84.7800,19.1174,84.8319,84.7800,
100,8,1048576,8192,hyprefill,512/768/768,graph,63,87.6101,18.3254,87.6639,87.6101,
100,8,1048576,8192,hyprefill,512/768/768,graph,64,87.4003,19.1174,87.4528,87.4003,
100,8,1048576,8192,hyprefill,512/768/768,graph,65,92.9347,18.0508,92.9854,92.9347,
100,8,1048576,8192,hyprefill,512/768/768,graph,66,89.4747,18.6000,89.5237,89.4747,
100,8,1048576,8192,hyprefill,512/768/768,graph,67,90.3424,18.0508,90.3981,90.3424,
100,8,1048576,8192,hyprefill,512/768/768,graph,68,91.0595,17.7763,91.1069,91.0595,
100,8,1048576,8192,hyprefill,512/768/768,graph,69,88.7831,19.4238,88.8407,88.7831,
100,8,1048576,8192,hyprefill,512/768/768,graph,70,92.1206,17.7763,92.1736,92.1206,
100,8,1048576,8192,hyprefill,512/768/768,graph,71,79.9861,18.5364,80.0396,79.9861,
100,8,1048576,8192,hyprefill,512/768/768,graph,72,90.6481,19.1492,90.6968,90.6481,
100,8,1048576,8192,hyprefill,512/768/768,graph,73,85.3258,18.5682,85.3709,85.3258,
100,8,1048576,8192,hyprefill,512/768/768,graph,74,91.4952,18.6000,91.5428,91.4952,
100,8,1048576,8192,hyprefill,512/768/768,graph,75,90.3049,18.0508,90.3569,90.3049,
100,8,1048576,8192,hyprefill,512/768/768,graph,76,91.4085,18.0508,91.4576,91.4085,
100,8,1048576,8192,hyprefill,512/768/768,graph,77,90.4277,17.7763,90.4830,90.4277,
100,8,1048576,8192,hyprefill,512/768/768,graph,78,88.4694,18.3254,88.5201,88.4694,
100,8,1048576,8192,hyprefill,512/768/768,graph,79,88.4553,18.3254,88.5059,88.4553,
100,8,1048576,8192,hyprefill,512/768/768,graph,80,84.1291,18.5682,84.1786,84.1291,
100,8,1048576,8192,hyprefill,512/768/768,graph,81,91.3090,18.8746,91.3596,91.3090,
100,8,1048576,8192,hyprefill,512/768/768,graph,82,79.2888,19.0856,79.3347,79.2888,
100,8,1048576,8192,hyprefill,512/768/768,graph,83,85.3407,18.8428,85.3863,85.3407,
100,8,1048576,8192,hyprefill,512/768/768,graph,84,83.2070,19.1174,83.2541,83.2070,
100,8,1048576,8192,hyprefill,512/768/768,graph,85,89.8251,17.2271,89.8724,89.8251,
100,8,1048576,8192,hyprefill,512/768/768,graph,86,90.7463,16.9525,90.7921,90.7463,
100,8,1048576,8192,hyprefill,512/768/768,graph,87,86.9636,18.6000,87.0132,86.9636,
100,8,1048576,8192,hyprefill,512/768/768,graph,88,85.9892,18.2936,86.0383,85.9892,
100,8,1048576,8192,hyprefill,512/768/768,graph,89,84.6823,18.8428,84.7283,84.6823,
100,8,1048576,8192,hyprefill,512/768/768,graph,90,90.9870,18.3254,91.0338,90.9870,
100,8,1048576,8192,hyprefill,512/768/768,graph,91,77.3800,19.3601,77.4302,77.3800,
100,8,1048576,8192,hyprefill,512/768/768,graph,92,79.3002,18.5364,79.3665,79.3002,
100,8,1048576,8192,hyprefill,512/768/768,graph,93,82.8024,19.1174,82.8498,82.8024,
100,8,1048576,8192,hyprefill,512/768/768,graph,94,91.4877,17.7763,91.5345,91.4877,
100,8,1048576,8192,hyprefill,512/768/768,graph,95,92.2132,18.0508,92.2587,92.2132,
100,8,1048576,8192,hyprefill,512/768/768,graph,96,88.0072,18.0508,88.0587,88.0072,
100,8,1048576,8192,hyprefill,512/768/768,graph,97,92.3984,18.0508,92.4428,92.3984,
100,8,1048576,8192,hyprefill,512/768/768,graph,98,82.9622,18.8428,83.0074,82.9622,
100,8,1048576,8192,hyprefill,512/768/768,graph,99,93.5415,18.0508,93.5858,93.5415,
100,8,1048576,8192,hyprefill,512/768/768,graph,100,77.9147,19.0856,77.9667,77.9147,
100,8,1048576,8192,hyprefill,512/768/768,graph,101,78.2645,18.5364,78.3168,78.2645,
100,8,1048576,8192,hyprefill,512/768/768,graph,102,76.7350,19.0856,76.7823,76.7350,
100,8,1048576,8192,hyprefill,512/768/768,graph,103,85.4777,18.2936,85.5256,85.4777,
100,8,1048576,8192,hyprefill,512/768/768,graph,104,90.7947,17.7763,90.8460,90.7947,
100,8,1048576,8192,hyprefill,512/768/768,graph,105,90.0142,17.7763,90.0621,90.0142,
100,8,1048576,8192,hyprefill,512/768/768,graph,106,92.2436,17.5017,92.2942,92.2436,
100,8,1048576,8192,hyprefill,512/768/768,graph,107,81.4920,18.2936,81.5391,81.4920,
100,8,1048576,8192,hyprefill,512/768/768,graph,108,91.3985,18.0508,91.4445,91.3985,
100,8,1048576,8192,hyprefill,512/768/768,graph,109,76.5959,18.8110,76.6426,76.5959,
100,8,1048576,8192,hyprefill,512/768/768,graph,110,77.9374,18.5364,77.9835,77.9374,
100,8,1048576,8192,hyprefill,512/768/768,graph,111,69.8000,18.7791,69.8450,69.8000,
100,8,1048576,8192,hyprefill,512/768/768,graph,112,88.8713,17.7763,88.9170,88.8713,
100,8,1048576,8192,hyprefill,512/768/768,graph,113,91.2399,17.7763,91.2871,91.2399,
100,8,1048576,8192,hyprefill,512/768/768,graph,114,90.2331,18.0508,90.2802,90.2331,
100,8,1048576,8192,hyprefill,512/768/768,graph,115,91.3007,18.0508,91.3464,91.3007,
100,8,1048576,8192,hyprefill,512/768/768,graph,116,82.8006,18.0190,82.8505,82.8006,
100,8,1048576,8192,hyprefill,512/768/768,graph,117,91.7970,18.0508,91.8483,91.7970,
100,8,1048576,8192,hyprefill,512/768/768,graph,118,77.4508,18.5364,77.4974,77.4508,
100,8,1048576,8192,hyprefill,512/768/768,graph,119,79.0784,18.8110,79.1261,79.0784,
100,8,1048576,8192,hyprefill,512/768/768,graph,120,71.2173,18.7791,71.2646,71.2173,
100,8,1048576,8192,hyprefill,512/768/768,graph,121,90.6253,18.0508,90.6762,90.6253,
100,8,1048576,8192,hyprefill,512/768/768,graph,122,92.0576,17.7763,92.1050,92.0576,
100,8,1048576,8192,hyprefill,512/768/768,graph,123,90.2445,18.3254,90.2904,90.2445,
100,8,1048576,8192,hyprefill,512/768/768,graph,124,89.2345,17.7763,89.2812,89.2345,
100,8,1048576,8192,hyprefill,512/768/768,graph,125,90.4323,18.3254,90.4853,90.4323,
100,8,1048576,8192,hyprefill,512/768/768,graph,126,91.1036,18.0508,91.1504,91.1036,
100,8,1048576,8192,hyprefill,512/768/768,graph,127,79.3161,19.0856,79.3635,79.3161,
100,8,1048576,8192,hyprefill,512/768/768,graph,128,79.0539,19.0856,79.1089,79.0539,
100,8,1048576,8192,hyprefill,512/768/768,graph,129,78.8203,19.0856,78.8693,78.8203,
100,8,1048576,8192,hyprefill,512/768/768,graph,130,90.4663,18.0508,90.5593,90.4663,
100,8,1048576,8192,hyprefill,512/768/768,graph,131,90.1993,18.3254,90.2575,90.1993,
100,8,1048576,8192,hyprefill,512/768/768,graph,132,89.3926,17.7763,89.4489,89.3926,
100,8,1048576,8192,hyprefill,512/768/768,graph,133,92.1638,18.0508,92.2153,92.1638,
100,8,1048576,8192,hyprefill,512/768/768,graph,134,92.8003,17.5017,92.8501,92.8003,
100,8,1048576,8192,hyprefill,512/768/768,graph,135,90.7823,18.6000,90.8376,90.7823,
100,8,1048576,8192,hyprefill,512/768/768,graph,136,86.2286,18.5682,86.2794,86.2286,
100,8,1048576,8192,hyprefill,512/768/768,graph,137,76.7234,19.3601,76.7740,76.7234,
100,8,1048576,8192,hyprefill,512/768/768,graph,138,80.1700,18.8110,80.2185,80.1700,
100,8,1048576,8192,hyprefill,512/768/768,graph,139,91.0451,18.6000,91.0970,91.0451,
100,8,1048576,8192,hyprefill,512/768/768,graph,140,84.8521,18.5682,84.8985,84.8521,
100,8,1048576,8192,hyprefill,512/768/768,graph,141,90.3293,17.7763,90.3756,90.3293,
100,8,1048576,8192,hyprefill,512/768/768,graph,142,92.1434,17.7763,92.1943,92.1434,
100,8,1048576,8192,hyprefill,512/768/768,graph,143,87.9900,18.3254,88.0435,87.9900,
100,8,1048576,8192,hyprefill,512/768/768,graph,144,89.1592,18.0508,89.2160,89.1592,
100,8,1048576,8192,hyprefill,512/768/768,graph,145,88.6048,18.0508,88.6732,88.6048,
100,8,1048576,8192,hyprefill,512/768/768,graph,146,78.3361,18.5364,78.3950,78.3361,
100,8,1048576,8192,hyprefill,512/768/768,graph,147,78.7757,18.8110,78.8321,78.7757,
100,8,1048576,8192,hyprefill,512/768/768,graph,148,85.1264,18.8428,85.1832,85.1264,
100,8,1048576,8192,hyprefill,512/768/768,graph,149,88.4176,18.6000,88.4668,88.4176,
100,8,1048576,8192,hyprefill,512/768/768,graph,150,88.6019,18.0508,88.6543,88.6019,
100,8,1048576,8192,hyprefill,512/768/768,graph,151,91.9419,18.3254,91.9908,91.9419,
100,8,1048576,8192,hyprefill,512/768/768,graph,152,91.9698,18.0508,92.0178,91.9698,
100,8,1048576,8192,hyprefill,512/768/768,graph,153,91.5195,18.3254,91.5796,91.5195,
100,8,1048576,8192,hyprefill,512/768/768,graph,154,92.6547,18.0508,92.7032,92.6547,
100,8,1048576,8192,hyprefill,512/768/768,graph,155,82.9004,18.8428,82.9490,82.9004,
100,8,1048576,8192,hyprefill,512/768/768,graph,156,86.9381,18.8428,86.9900,86.9381,
100,8,1048576,8192,hyprefill,512/768/768,graph,157,85.1534,19.3920,85.2034,85.1534,
100,8,1048576,8192,hyprefill,512/768/768,graph,158,89.5806,18.6000,89.6291,89.5806,
100,8,1048576,8192,hyprefill,512/768/768,graph,159,92.3442,18.0508,92.3923,92.3442,
100,8,1048576,8192,hyprefill,512/768/768,graph,160,86.4078,18.5682,86.4531,86.4078,
100,8,1048576,8192,hyprefill,512/768/768,graph,161,90.3040,18.3254,90.3584,90.3040,
100,8,1048576,8192,hyprefill,512/768/768,graph,162,91.8510,18.3254,91.9007,91.8510,
100,8,1048576,8192,hyprefill,512/768/768,graph,163,91.3493,18.0508,91.4012,91.3493,
100,8,1048576,8192,hyprefill,512/768/768,graph,164,89.3194,18.0508,89.3763,89.3194,
100,8,1048576,8192,hyprefill,512/768/768,graph,165,86.3210,19.3920,86.3832,86.3210,
100,8,1048576,8192,hyprefill,512/768/768,graph,166,84.6366,18.5682,84.6827,84.6366,
100,8,1048576,8192,hyprefill,512/768/768,graph,167,91.3335,19.4238,91.3810,91.3335,
100,8,1048576,8192,hyprefill,512/768/768,graph,168,91.7858,17.7763,91.8323,91.7858,
100,8,1048576,8192,hyprefill,512/768/768,graph,169,91.6865,18.3254,91.7426,91.6865,
100,8,1048576,8192,hyprefill,512/768/768,graph,170,89.0026,18.0508,89.0513,89.0026,
100,8,1048576,8192,hyprefill,512/768/768,graph,171,88.7896,18.8746,88.8421,88.7896,
100,8,1048576,8192,hyprefill,512/768/768,graph,172,92.3933,18.0508,92.4373,92.3933,
100,8,1048576,8192,hyprefill,512/768/768,graph,173,92.0362,18.0508,92.0895,92.0362,
100,8,1048576,8192,hyprefill,512/768/768,graph,174,87.7716,18.3254,87.8258,87.7716,
100,8,1048576,8192,hyprefill,512/768/768,graph,175,86.1533,18.8428,86.2037,86.1533,
100,8,1048576,8192,hyprefill,512/768/768,graph,176,76.3467,19.3601,76.3947,76.3467,
100,8,1048576,8192,hyprefill,512/768/768,graph,177,91.4831,18.3254,91.5315,91.4831,
100,8,1048576,8192,hyprefill,512/768/768,graph,178,86.7633,18.8428,86.8162,86.7633,
100,8,1048576,8192,hyprefill,512/768/768,graph,179,89.1540,18.3254,89.2076,89.1540,
100,8,1048576,8192,hyprefill,512/768/768,graph,180,83.9630,18.5682,84.0118,83.9630,
100,8,1048576,8192,hyprefill,512/768/768,graph,181,91.3752,18.0508,91.4302,91.3752,
100,8,1048576,8192,hyprefill,512/768/768,graph,182,89.2683,17.7763,89.3213,89.2683,
100,8,1048576,8192,hyprefill,512/768/768,graph,183,89.1494,18.6000,89.2083,89.1494,
100,8,1048576,8192,hyprefill,512/768/768,graph,184,92.0483,18.0508,92.1046,92.0483,
100,8,1048576,8192,hyprefill,512/768/768,graph,185,77.5847,19.0856,77.6399,77.5847,
100,8,1048576,8192,hyprefill,512/768/768,graph,186,90.3421,18.0508,90.3926,90.3421,
100,8,1048576,8192,hyprefill,512/768/768,graph,187,84.2675,19.1174,84.3287,84.2675,
100,8,1048576,8192,hyprefill,512/768/768,graph,188,89.7332,18.3254,89.7846,89.7332,
100,8,1048576,8192,hyprefill,512/768/768,graph,189,84.2858,19.1174,84.3445,84.2858,
100,8,1048576,8192,hyprefill,512/768/768,graph,190,91.5053,18.0508,91.5553,91.5053,
100,8,1048576,8192,hyprefill,512/768/768,graph,191,91.6096,18.6000,91.6618,91.6096,
100,8,1048576,8192,hyprefill,512/768/768,graph,192,92.1950,18.0508,92.2447,92.1950,
100,8,1048576,8192,hyprefill,512/768/768,graph,193,89.3110,18.0508,89.3611,89.3110,
100,8,1048576,8192,hyprefill,512/768/768,graph,194,83.6866,18.2936,83.7425,83.6866,
100,8,1048576,8192,hyprefill,512/768/768,graph,195,88.1092,18.3254,88.1615,88.1092,
100,8,1048576,8192,hyprefill,512/768/768,graph,196,84.4106,18.5682,84.4634,84.4106,
100,8,1048576,8192,hyprefill,512/768/768,graph,197,89.1476,18.3254,89.2012,89.1476,
100,8,1048576,8192,hyprefill,512/768/768,graph,198,77.4628,19.3601,77.5093,77.4628,
100,8,1048576,8192,hyprefill,512/768/768,graph,199,86.9936,18.8428,87.0384,86.9936,
100,8,1048576,8192,hyprefill,512/2048/2048,graph,0,86.1516,15.3049,86.2124,86.1516,
100,8,1048576,8192,hyprefill,512/2048/2048,graph,1,89.6340,16.4033,89.6801,89.6340,
100,8,1048576,8192,hyprefill,512/2048/2048,graph,2,76.9733,14.9667,77.0208,76.9733,
100,8,1048576,8192,hyprefill,512/2048/2048,graph,3,70.4138,16.8570,70.4589,70.4138,
100,8,1048576,8192,hyprefill,512/2048/2048,graph,4,64.0687,16.0014,64.1156,64.0687,
100,8,1048576,8192,hyprefill,512/2048/2048,graph,5,89.4809,16.4033,89.5347,89.4809,
100,8,1048576,8192,hyprefill,512/2048/2048,graph,6,88.3093,15.8541,88.3569,88.3093,
100,8,1048576,8192,hyprefill,512/2048/2048,graph,7,81.3383,16.3715,81.3852,81.3383,
100,8,1048576,8192,hyprefill,512/2048/2048,graph,8,82.3915,16.0969,82.4394,82.3915,
100,8,1048576,8192,hyprefill,512/2048/2048,graph,9,81.3772,15.5477,81.4240,81.3772,
100,8,1048576,8192,hyprefill,512/2048/2048,graph,10,89.1354,16.1287,89.1878,89.1354,
100,8,1048576,8192,hyprefill,512/2048/2048,graph,11,90.3409,15.3049,90.4024,90.3409,
100,8,1048576,8192,hyprefill,512/2048/2048,graph,12,86.8775,16.4033,86.9282,86.8775,
100,8,1048576,8192,hyprefill,512/2048/2048,graph,13,85.1366,14.9985,85.1850,85.1366,
100,8,1048576,8192,hyprefill,512/2048/2048,graph,14,70.7679,16.8570,70.8176,70.7679,
100,8,1048576,8192,hyprefill,512/2048/2048,graph,15,65.1028,15.7268,65.1500,65.1028,
100,8,1048576,8192,hyprefill,512/2048/2048,graph,16,89.1031,16.1287,89.1541,89.1031,
100,8,1048576,8192,hyprefill,512/2048/2048,graph,17,88.1393,15.8541,88.1875,88.1393,
100,8,1048576,8192,hyprefill,512/2048/2048,graph,18,89.2423,16.1287,89.2903,89.2423,
100,8,1048576,8192,hyprefill,512/2048/2048,graph,19,87.1672,16.4033,87.2160,87.1672,
100,8,1048576,8192,hyprefill,512/2048/2048,graph,20,84.0512,14.9985,84.1097,84.0512,
100,8,1048576,8192,hyprefill,512/2048/2048,graph,21,85.2294,16.4033,85.2790,85.2294,
100,8,1048576,8192,hyprefill,512/2048/2048,graph,22,89.6698,15.3049,89.7247,89.6698,
100,8,1048576,8192,hyprefill,512/2048/2048,graph,23,86.6209,16.4033,86.6718,86.6209,
100,8,1048576,8192,hyprefill,512/2048/2048,graph,24,90.9948,15.0304,91.0442,90.9948,
100,8,1048576,8192,hyprefill,512/2048/2048,graph,25,75.8828,16.6142,75.9305,75.8828,
100,8,1048576,8192,hyprefill,512/2048/2048,graph,26,71.1310,16.0332,71.1851,71.1310,
100,8,1048576,8192,hyprefill,512/2048/2048,graph,27,87.2900,16.1287,87.3380,87.2900,
100,8,1048576,8192,hyprefill,512/2048/2048,graph,28,90.3340,15.8541,90.3825,90.3340,
100,8,1048576,8192,hyprefill,512/2048/2048,graph,29,90.3267,16.4033,90.3727,90.3267,
100,8,1048576,8192,hyprefill,512/2048/2048,graph,30,82.6946,16.3715,82.7434,82.6946,
100,8,1048576,8192,hyprefill,512/2048/2048,graph,31,76.5438,15.7905,76.5958,76.5438,
100,8,1048576,8192,hyprefill,512/2048/2048,graph,32,90.0191,16.1287,90.0688,90.0191,
100,8,1048576,8192,hyprefill,512/2048/2048,graph,33,88.1756,15.8541,88.2230,88.1756,
100,8,1048576,8192,hyprefill,512/2048/2048,graph,34,87.4301,16.4033,87.4796,87.4301,
100,8,1048576,8192,hyprefill,512/2048/2048,graph,35,90.6755,15.3049,90.7334,90.6755,
100,8,1048576,8192,hyprefill,512/2048/2048,graph,36,79.8565,16.3715,79.9185,79.8565,
100,8,1048576,8192,hyprefill,512/2048/2048,graph,37,76.4327,15.7905,76.4849,76.4327,
100,8,1048576,8192,hyprefill,512/2048/2048,graph,38,89.6303,16.4033,89.6941,89.6303,
100,8,1048576,8192,hyprefill,512/2048/2048,graph,39,89.7028,15.5795,89.7669,89.7028,
100,8,1048576,8192,hyprefill,512/2048/2048,graph,40,90.0134,16.4033,90.0740,90.0134,
100,8,1048576,8192,hyprefill,512/2048/2048,graph,41,84.2037,16.0969,84.2543,84.2037,
100,8,1048576,8192,hyprefill,512/2048/2048,graph,42,77.3270,16.3397,77.3706,77.3270,
100,8,1048576,8192,hyprefill,512/2048/2048,graph,43,81.5017,16.0969,81.5495,81.5017,
100,8,1048576,8192,hyprefill,512/2048/2048,graph,44,90.3057,16.1287,90.3529,90.3057,
100,8,1048576,8192,hyprefill,512/2048/2048,graph,45,90.7343,16.1287,90.7798,90.7343,
100,8,1048576,8192,hyprefill,512/2048/2048,graph,46,89.7707,15.8541,89.8155,89.7707,
100,8,1048576,8192,hyprefill,512/2048/2048,graph,47,89.5756,16.1287,89.6241,89.5756,
100,8,1048576,8192,hyprefill,512/2048/2048,graph,48,83.2541,16.0969,83.3026,83.2541,
100,8,1048576,8192,hyprefill,512/2048/2048,graph,49,86.0718,15.8541,86.1179,86.0718,
100,8,1048576,8192,hyprefill,512/2048/2048,graph,50,89.3025,15.8541,89.3497,89.3025,
100,8,1048576,8192,hyprefill,512/2048/2048,graph,51,88.7899,16.1287,88.8438,88.7899,
100,8,1048576,8192,hyprefill,512/2048/2048,graph,52,82.8803,16.0969,82.9390,82.8803,
100,8,1048576,8192,hyprefill,512/2048/2048,graph,53,77.5193,16.0651,77.5683,77.5193,
100,8,1048576,8192,hyprefill,512/2048/2048,graph,54,84.0563,16.3715,84.1104,84.0563,
100,8,1048576,8192,hyprefill,512/2048/2048,graph,55,87.9476,15.8541,88.0012,87.9476,
100,8,1048576,8192,hyprefill,512/2048/2048,graph,56,89.3150,16.4033,89.3638,89.3150,
100,8,1048576,8192,hyprefill,512/2048/2048,graph,57,87.3082,15.5795,87.3571,87.3082,
100,8,1048576,8192,hyprefill,512/2048/2048,graph,58,82.8114,16.6461,82.8573,82.8114,
100,8,1048576,8192,hyprefill,512/2048/2048,graph,59,83.8564,15.5477,83.9178,83.8564,
100,8,1048576,8192,hyprefill,512/2048/2048,graph,60,89.8148,16.1287,89.8724,89.8148,
100,8,1048576,8192,hyprefill,512/2048/2048,graph,61,90.3282,15.5795,90.3791,90.3282,
100,8,1048576,8192,hyprefill,512/2048/2048,graph,62,91.3182,16.4033,91.3744,91.3182,
100,8,1048576,8192,hyprefill,512/2048/2048,graph,63,82.8064,15.8223,82.8608,82.8064,
100,8,1048576,8192,hyprefill,512/2048/2048,graph,64,74.7582,16.3397,74.8083,74.7582,
100,8,1048576,8192,hyprefill,512/2048/2048,graph,65,83.6324,15.8223,83.6824,83.6324,
100,8,1048576,8192,hyprefill,512/2048/2048,graph,66,89.6150,16.4033,89.6741,89.6150,
100,8,1048576,8192,hyprefill,512/2048/2048,graph,67,90.6708,15.8541,90.7191,90.6708,
100,8,1048576,8192,hyprefill,512/2048/2048,graph,68,87.9035,16.4033,87.9521,87.9035,
100,8,1048576,8192,hyprefill,512/2048/2048,graph,69,84.2394,15.5477,84.2843,84.2394,
100,8,1048576,8192,hyprefill,512/2048/2048,graph,70,89.1301,16.4033,89.1799,89.1301,
100,8,1048576,8192,hyprefill,512/2048/2048,graph,71,91.3672,15.5795,91.4167,91.3672,
100,8,1048576,8192,hyprefill,512/2048/2048,graph,72,88.9985,16.4033,89.0589,88.9985,
100,8,1048576,8192,hyprefill,512/2048/2048,graph,73,91.5174,15.8541,91.5676,91.5174,
100,8,1048576,8192,hyprefill,512/2048/2048,graph,74,83.6104,16.3715,83.6571,83.6104,
100,8,1048576,8192,hyprefill,512/2048/2048,graph,75,77.0308,16.3397,77.0801,77.0308,
100,8,1048576,8192,hyprefill,512/2048/2048,graph,76,84.5244,15.8223,84.5889,84.5244,
100,8,1048576,8192,hyprefill,512/2048/2048,graph,77,90.1586,16.4033,90.2071,90.1586,
100,8,1048576,8192,hyprefill,512/2048/2048,graph,78,90.0550,15.8541,90.1012,90.0550,
100,8,1048576,8192,hyprefill,512/2048/2048,graph,79,89.6496,16.4033,89.6955,89.6496,
100,8,1048576,8192,hyprefill,512/2048/2048,graph,80,87.4823,15.5795,87.5299,87.4823,
100,8,1048576,8192,hyprefill,512/2048/2048,graph,81,89.9948,16.1287,90.0409,89.9948,
100,8,1048576,8192,hyprefill,512/2048/2048,graph,82,89.7382,15.8541,89.7905,89.7382,
100,8,1048576,8192,hyprefill,512/2048/2048,graph,83,92.3986,16.1287,92.4436,92.3986,
100,8,1048576,8192,hyprefill,512/2048/2048,graph,84,90.7940,16.1287,90.8472,90.7940,
100,8,1048576,8192,hyprefill,512/2048/2048,graph,85,82.7430,16.0969,82.7897,82.7430,
100,8,1048576,8192,hyprefill,512/2048/2048,graph,86,84.0121,16.6461,84.0643,84.0121,
100,8,1048576,8192,hyprefill,512/2048/2048,graph,87,83.1445,15.8223,83.2014,83.1445,
100,8,1048576,8192,hyprefill,512/2048/2048,graph,88,81.8950,16.9207,81.9441,81.8950,
100,8,1048576,8192,hyprefill,512/2048/2048,graph,89,84.8678,15.8223,84.9151,84.8678,
100,8,1048576,8192,hyprefill,512/2048/2048,graph,90,88.2486,16.6779,88.2976,88.2486,
100,8,1048576,8192,hyprefill,512/2048/2048,graph,91,91.8139,15.3049,91.8715,91.8139,
100,8,1048576,8192,hyprefill,512/2048/2048,graph,92,89.4723,16.4033,89.5224,89.4723,
100,8,1048576,8192,hyprefill,512/2048/2048,graph,93,90.7808,15.5795,90.8308,90.7808,
100,8,1048576,8192,hyprefill,512/2048/2048,graph,94,87.9648,16.1287,88.0216,87.9648,
100,8,1048576,8192,hyprefill,512/2048/2048,graph,95,89.8652,15.3049,89.9132,89.8652,
100,8,1048576,8192,hyprefill,512/2048/2048,graph,96,90.2130,16.4033,90.2603,90.2130,
100,8,1048576,8192,hyprefill,512/2048/2048,graph,97,80.8836,16.0969,80.9383,80.8836,
100,8,1048576,8192,hyprefill,512/2048/2048,graph,98,82.0999,16.3715,82.1507,82.0999,
100,8,1048576,8192,hyprefill,512/2048/2048,graph,99,77.3859,16.0651,77.4366,77.3859,
100,8,1048576,8192,hyprefill,512/2048/2048,graph,100,77.3171,16.6142,77.3674,77.3171,
100,8,1048576,8192,hyprefill,512/2048/2048,graph,101,83.6952,16.3715,83.7433,83.6952,
100,8,1048576,8192,hyprefill,512/2048/2048,graph,102,90.8851,16.1287,90.9375,90.8851,
100,8,1048576,8192,hyprefill,512/2048/2048,graph,103,90.8995,15.8541,90.9454,90.8995,
100,8,1048576,8192,hyprefill,512/2048/2048,graph,104,91.0478,16.1287,91.0957,91.0478,
100,8,1048576,8192,hyprefill,512/2048/2048,graph,105,89.4182,15.8541,89.4662,89.4182,
100,8,1048576,8192,hyprefill,512/2048/2048,graph,106,88.6894,15.5795,88.7374,88.6894,
100,8,1048576,8192,hyprefill,512/2048/2048,graph,107,90.6047,15.8541,90.6504,90.6047,
100,8,1048576,8192,hyprefill,512/2048/2048,graph,108,90.1465,16.1287,90.1986,90.1465,
100,8,1048576,8192,hyprefill,512/2048/2048,graph,109,84.1067,15.8223,84.1532,84.1067,
100,8,1048576,8192,hyprefill,512/2048/2048,graph,110,78.4524,16.0651,78.4994,78.4524,
100,8,1048576,8192,hyprefill,512/2048/2048,graph,111,76.7879,16.6142,76.8399,76.7879,
100,8,1048576,8192,hyprefill,512/2048/2048,graph,112,83.2644,16.3715,83.3173,83.2644,
100,8,1048576,8192,hyprefill,512/2048/2048,graph,113,89.8124,16.1287,89.8651,89.8124,
100,8,1048576,8192,hyprefill,512/2048/2048,graph,114,88.6329,15.8541,88.6848,88.6329,
100,8,1048576,8192,hyprefill,512/2048/2048,graph,115,82.5562,16.9207,82.6043,82.5562,
100,8,1048576,8192,hyprefill,512/2048/2048,graph,116,90.9756,15.5795,91.0211,90.9756,
100,8,1048576,8192,hyprefill,512/2048/2048,graph,117,90.3756,15.8541,90.4233,90.3756,
100,8,1048576,8192,hyprefill,512/2048/2048,graph,118,90.3569,15.5795,90.4035,90.3569,
100,8,1048576,8192,hyprefill,512/2048/2048,graph,119,87.3628,16.6779,87.4103,87.3628,
100,8,1048576,8192,hyprefill,512/2048/2048,graph,120,90.9225,15.3049,90.9781,90.9225,
100,8,1048576,8192,hyprefill,512/2048/2048,graph,121,82.1163,16.0969,82.1710,82.1163,
100,8,1048576,8192,hyprefill,512/2048/2048,graph,122,77.3807,16.0651,77.4296,77.3807,
100,8,1048576,8192,hyprefill,512/2048/2048,graph,123,83.9498,16.6461,83.9978,83.9498,
100,8,1048576,8192,hyprefill,512/2048/2048,graph,124,90.2224,15.8541,90.2773,90.2224,
100,8,1048576,8192,hyprefill,512/2048/2048,graph,125,87.8774,16.1287,87.9312,87.8774,
100,8,1048576,8192,hyprefill,512/2048/2048,graph,126,82.2143,16.6461,82.2654,82.2143,
100,8,1048576,8192,hyprefill,512/2048/2048,graph,127,83.7396,16.0969,83.7953,83.7396,
100,8,1048576,8192,hyprefill,512/2048/2048,graph,128,91.5683,15.8541,91.6279,91.5683,
100,8,1048576,8192,hyprefill,512/2048/2048,graph,129,89.0744,15.8541,89.1234,89.0744,
100,8,1048576,8192,hyprefill,512/2048/2048,graph,130,88.8258,16.4033,88.8721,88.8258,
100,8,1048576,8192,hyprefill,512/2048/2048,graph,131,90.1648,15.5795,90.2171,90.1648,
100,8,1048576,8192,hyprefill,512/2048/2048,graph,132,89.0787,15.8541,89.1314,89.0787,
100,8,1048576,8192,hyprefill,512/2048/2048,graph,133,82.3490,15.8223,82.4017,82.3490,
100,8,1048576,8192,hyprefill,512/2048/2048,graph,134,83.6358,16.6461,83.6810,83.6358,
100,8,1048576,8192,hyprefill,512/2048/2048,graph,135,87.4247,15.8541,87.4722,87.4247,
100,8,1048576,8192,hyprefill,512/2048/2048,graph,136,89.9035,16.1287,89.9495,89.9035,
100,8,1048576,8192,hyprefill,512/2048/2048,graph,137,75.0027,16.0651,75.0479,75.0027,
100,8,1048576,8192,hyprefill,512/2048/2048,graph,138,77.2854,16.6142,77.3301,77.2854,
100,8,1048576,8192,hyprefill,512/2048/2048,graph,139,84.9341,15.5477,84.9785,84.9341,
100,8,1048576,8192,hyprefill,512/2048/2048,graph,140,87.3090,16.4033,87.3595,87.3090,
100,8,1048576,8192,hyprefill,512/2048/2048,graph,141,89.9531,15.5795,89.9995,89.9531,
100,8,1048576,8192,hyprefill,512/2048/2048,graph,142,86.3471,16.1287,86.3921,86.3471,
100,8,1048576,8192,hyprefill,512/2048/2048,graph,143,89.6351,15.5795,89.6801,89.6351,
100,8,1048576,8192,hyprefill,512/2048/2048,graph,144,83.8837,16.0969,83.9321,83.8837,
100,8,1048576,8192,hyprefill,512/2048/2048,graph,145,83.7269,16.3715,83.7717,83.7269,
100,8,1048576,8192,hyprefill,512/2048/2048,graph,146,90.7415,15.8541,90.7871,90.7415,
100,8,1048576,8192,hyprefill,512/2048/2048,graph,147,91.6268,16.1287,91.6721,91.6268,
100,8,1048576,8192,hyprefill,512/2048/2048,graph,148,75.8540,16.0651,75.9108,75.8540,
100,8,1048576,8192,hyprefill,512/2048/2048,graph,149,75.3607,16.6142,75.4123,75.3607,
100,8,1048576,8192,hyprefill,512/2048/2048,graph,150,83.7755,15.5477,83.8213,83.7755,
100,8,1048576,8192,hyprefill,512/2048/2048,graph,151,86.7783,16.4033,86.8281,86.7783,
100,8,1048576,8192,hyprefill,512/2048/2048,graph,152,89.3129,15.5795,89.3583,89.3129,
100,8,1048576,8192,hyprefill,512/2048/2048,graph,153,87.7152,16.1287,87.7666,87.7152,
100,8,1048576,8192,hyprefill,512/2048/2048,graph,154,90.8632,15.5795,90.9152,90.8632,
100,8,1048576,8192,hyprefill,512/2048/2048,graph,155,82.6482,16.0969,82.6980,82.6482,
100,8,1048576,8192,hyprefill,512/2048/2048,graph,156,82.2653,16.0969,82.3100,82.2653,
100,8,1048576,8192,hyprefill,512/2048/2048,graph,157,90.1688,15.8541,90.2142,90.1688,
100,8,1048576,8192,hyprefill,512/2048/2048,graph,158,89.5605,15.8541,89.6071,89.5605,
100,8,1048576,8192,hyprefill,512/2048/2048,graph,159,77.0633,16.3397,77.1102,77.0633,
100,8,1048576,8192,hyprefill,512/2048/2048,graph,160,76.3237,16.3397,76.3715,76.3237,
100,8,1048576,8192,hyprefill,512/2048/2048,graph,161,83.1293,15.8223,83.1873,83.1293,
100,8,1048576,8192,hyprefill,512/2048/2048,graph,162,82.2756,16.0969,82.3271,82.2756,
100,8,1048576,8192,hyprefill,512/2048/2048,graph,163,89.0216,16.1287,89.0749,89.0216,
100,8,1048576,8192,hyprefill,512/2048/2048,graph,164,90.0744,15.8541,90.1250,90.0744,
100,8,1048576,8192,hyprefill,512/2048/2048,graph,165,87.0572,15.8541,87.1111,87.0572,
100,8,1048576,8192,hyprefill,512/2048/2048,graph,166,90.1942,15.5795,90.2459,90.1942,
100,8,1048576,8192,hyprefill,512/2048/2048,graph,167,84.0493,16.3715,84.0983,84.0493,
100,8,1048576,8192,hyprefill,512/2048/2048,graph,168,89.1956,15.8541,89.2521,89.1956,
100,8,1048576,8192,hyprefill,512/2048/2048,graph,169,88.5527,15.8541,88.5996,88.5527,
100,8,1048576,8192,hyprefill,512/2048/2048,graph,170,77.2314,16.3397,77.2821,77.2314,
100,8,1048576,8192,hyprefill,512/2048/2048,graph,171,77.6347,16.3397,77.6832,77.6347,
100,8,1048576,8192,hyprefill,512/2048/2048,graph,172,75.8846,16.0651,75.9286,75.8846,
100,8,1048576,8192,hyprefill,512/2048/2048,graph,173,77.9720,16.3397,78.0204,77.9720,
100,8,1048576,8192,hyprefill,512/2048/2048,graph,174,90.8093,16.1287,90.8619,90.8093,
100,8,1048576,8192,hyprefill,512/2048/2048,graph,175,88.6584,16.1287,88.7052,88.6584,
100,8,1048576,8192,hyprefill,512/2048/2048,graph,176,89.5131,15.5795,89.5605,89.5131,
100,8,1048576,8192,hyprefill,512/2048/2048,graph,177,88.5792,15.8541,88.6279,88.5792,
100,8,1048576,8192,hyprefill,512/2048/2048,graph,178,84.1092,16.0969,84.1549,84.1092,
100,8,1048576,8192,hyprefill,512/2048/2048,graph,179,90.6909,15.8541,90.7382,90.6909,
100,8,1048576,8192,hyprefill,512/2048/2048,graph,180,86.8570,15.3049,86.9072,86.8570,
100,8,1048576,8192,hyprefill,512/2048/2048,graph,181,83.3509,16.3715,83.4077,83.3509,
100,8,1048576,8192,hyprefill,512/2048/2048,graph,182,77.3261,16.0651,77.3837,77.3261,
100,8,1048576,8192,hyprefill,512/2048/2048,graph,183,76.9151,16.3397,76.9657,76.9151,
100,8,1048576,8192,hyprefill,512/2048/2048,graph,184,69.7836,15.7586,69.8388,69.7836,
100,8,1048576,8192,hyprefill,512/2048/2048,graph,185,90.3803,16.4033,90.4296,90.3803,
100,8,1048576,8192,hyprefill,512/2048/2048,graph,186,89.4461,15.8541,89.4938,89.4461,
100,8,1048576,8192,hyprefill,512/2048/2048,graph,187,91.1562,16.1287,91.2042,91.1562,
100,8,1048576,8192,hyprefill,512/2048/2048,graph,188,89.8084,15.5795,89.8577,89.8084,
100,8,1048576,8192,hyprefill,512/2048/2048,graph,189,82.2720,16.0969,82.3244,82.2720,
100,8,1048576,8192,hyprefill,512/2048/2048,graph,190,89.7013,15.8541,89.7496,89.7013,
100,8,1048576,8192,hyprefill,512/2048/2048,graph,191,88.9400,15.5795,88.9900,88.9400,
100,8,1048576,8192,hyprefill,512/2048/2048,graph,192,84.0972,16.3715,84.1494,84.0972,
100,8,1048576,8192,hyprefill,512/2048/2048,graph,193,77.1440,15.7905,77.1911,77.1440,
100,8,1048576,8192,hyprefill,512/2048/2048,graph,194,76.2189,16.0651,76.2649,76.2189,
100,8,1048576,8192,hyprefill,512/2048/2048,graph,195,69.3531,16.0332,69.3988,69.3531,
100,8,1048576,8192,hyprefill,512/2048/2048,graph,196,88.9683,16.1287,89.0151,88.9683,
100,8,1048576,8192,hyprefill,512/2048/2048,graph,197,87.0869,16.1287,87.1331,87.0869,
100,8,1048576,8192,hyprefill,512/2048/2048,graph,198,90.5999,15.5795,90.6471,90.5999,
100,8,1048576,8192,hyprefill,512/2048/2048,graph,199,90.0427,16.1287,90.0911,90.0427,
100,8,1048576,8192,hyprefill,512/512/512,graph,0,87.3923,20.2157,87.4429,87.3923,
100,8,1048576,8192,hyprefill,512/512/512,graph,1,86.4790,20.2157,86.5260,86.4790,
100,8,1048576,8192,hyprefill,512/512/512,graph,2,87.1025,20.2157,87.1514,87.1025,
100,8,1048576,8192,hyprefill,512/512/512,graph,3,86.1958,20.2157,86.2520,86.1958,
100,8,1048576,8192,hyprefill,512/512/512,graph,4,86.2351,20.2157,86.2818,86.2351,
100,8,1048576,8192,hyprefill,512/512/512,graph,5,86.9874,20.2157,87.0427,86.9874,
100,8,1048576,8192,hyprefill,512/512/512,graph,6,85.2243,20.2157,85.2750,85.2243,
100,8,1048576,8192,hyprefill,512/512/512,graph,7,87.5056,20.2157,87.5580,87.5056,
100,8,1048576,8192,hyprefill,512/512/512,graph,8,87.6377,20.2157,87.6869,87.6377,
100,8,1048576,8192,hyprefill,512/512/512,graph,9,85.7059,20.2157,85.7514,85.7059,
100,8,1048576,8192,hyprefill,512/512/512,graph,10,85.3762,20.2157,85.4311,85.3762,
100,8,1048576,8192,hyprefill,512/512/512,graph,11,85.9942,20.2157,86.0471,85.9942,
100,8,1048576,8192,hyprefill,512/512/512,graph,12,86.7965,20.2157,86.8430,86.7965,
100,8,1048576,8192,hyprefill,512/512/512,graph,13,88.3891,20.2157,88.4397,88.3891,
100,8,1048576,8192,hyprefill,512/512/512,graph,14,84.2950,20.2157,84.3404,84.2950,
100,8,1048576,8192,hyprefill,512/512/512,graph,15,85.1830,20.2157,85.2328,85.1830,
100,8,1048576,8192,hyprefill,512/512/512,graph,16,87.5051,20.2157,87.5505,87.5051,
100,8,1048576,8192,hyprefill,512/512/512,graph,17,85.6802,20.2157,85.7290,85.6802,
100,8,1048576,8192,hyprefill,512/512/512,graph,18,86.2098,20.2157,86.2545,86.2098,
100,8,1048576,8192,hyprefill,512/512/512,graph,19,87.4538,20.2157,87.5033,87.4538,
100,8,1048576,8192,hyprefill,512/512/512,graph,20,85.8990,20.2157,85.9477,85.8990,
100,8,1048576,8192,hyprefill,512/512/512,graph,21,88.5422,20.2157,88.5875,88.5422,
100,8,1048576,8192,hyprefill,512/512/512,graph,22,87.1136,20.2157,87.1631,87.1136,
100,8,1048576,8192,hyprefill,512/512/512,graph,23,86.6044,20.2157,86.6568,86.6044,
100,8,1048576,8192,hyprefill,512/512/512,graph,24,84.3763,20.2157,84.4289,84.3763,
100,8,1048576,8192,hyprefill,512/512/512,graph,25,86.3775,20.2157,86.4238,86.3775,
100,8,1048576,8192,hyprefill,512/512/512,graph,26,86.2452,20.2157,86.2913,86.2452,
100,8,1048576,8192,hyprefill,512/512/512,graph,27,86.9707,20.2157,87.0244,86.9707,
100,8,1048576,8192,hyprefill,512/512/512,graph,28,87.2332,20.2157,87.2784,87.2332,
100,8,1048576,8192,hyprefill,512/512/512,graph,29,86.6337,20.2157,86.6817,86.6337,
100,8,1048576,8192,hyprefill,512/512/512,graph,30,85.9027,20.2157,85.9582,85.9027,
100,8,1048576,8192,hyprefill,512/512/512,graph,31,87.7800,20.2157,87.8361,87.7800,
100,8,1048576,8192,hyprefill,512/512/512,graph,32,86.7988,20.2157,86.8441,86.7988,
100,8,1048576,8192,hyprefill,512/512/512,graph,33,87.2540,20.2157,87.3011,87.2540,
100,8,1048576,8192,hyprefill,512/512/512,graph,34,85.0648,20.2157,85.1194,85.0648,
100,8,1048576,8192,hyprefill,512/512/512,graph,35,88.4380,20.2157,88.4842,88.4380,
100,8,1048576,8192,hyprefill,512/512/512,graph,36,86.6197,20.2157,86.6712,86.6197,
100,8,1048576,8192,hyprefill,512/512/512,graph,37,87.7003,20.2157,87.7491,87.7003,
100,8,1048576,8192,hyprefill,512/512/512,graph,38,86.1426,20.2157,86.1894,86.1426,
100,8,1048576,8192,hyprefill,512/512/512,graph,39,86.6733,20.2157,86.7276,86.6733,
100,8,1048576,8192,hyprefill,512/512/512,graph,40,88.6043,20.4903,88.6497,88.6043,
100,8,1048576,8192,hyprefill,512/512/512,graph,41,86.2151,20.4903,86.2600,86.2151,
100,8,1048576,8192,hyprefill,512/512/512,graph,42,86.2601,20.7649,86.3051,86.2601,
100,8,1048576,8192,hyprefill,512/512/512,graph,43,89.0175,20.7649,89.0637,89.0175,
100,8,1048576,8192,hyprefill,512/512/512,graph,44,87.2562,21.0395,87.3094,87.2562,
100,8,1048576,8192,hyprefill,512/512/512,graph,45,87.4585,21.0395,87.5047,87.4585,
100,8,1048576,8192,hyprefill,512/512/512,graph,46,89.1687,21.0395,89.2141,89.1687,
100,8,1048576,8192,hyprefill,512/512/512,graph,47,88.4615,21.0395,88.5082,88.4615,
100,8,1048576,8192,hyprefill,512/512/512,graph,48,89.1868,21.0395,89.2385,89.1868,
100,8,1048576,8192,hyprefill,512/512/512,graph,49,88.8972,21.0395,88.9428,88.8972,
100,8,1048576,8192,hyprefill,512/512/512,graph,50,88.9623,21.0395,89.0086,88.9623,
100,8,1048576,8192,hyprefill,512/512/512,graph,51,87.5944,21.0395,87.6456,87.5944,
100,8,1048576,8192,hyprefill,512/512/512,graph,52,87.5881,21.0395,87.6348,87.5881,
100,8,1048576,8192,hyprefill,512/512/512,graph,53,89.2437,21.0395,89.2934,89.2437,
100,8,1048576,8192,hyprefill,512/512/512,graph,54,86.2669,21.0395,86.3176,86.2669,
100,8,1048576,8192,hyprefill,512/512/512,graph,55,89.6387,21.0395,89.6843,89.6387,
100,8,1048576,8192,hyprefill,512/512/512,graph,56,85.9430,21.0395,85.9895,85.9430,
100,8,1048576,8192,hyprefill,512/512/512,graph,57,88.6932,21.0395,88.7492,88.6932,
100,8,1048576,8192,hyprefill,512/512/512,graph,58,86.7946,21.0395,86.8504,86.7946,
100,8,1048576,8192,hyprefill,512/512/512,graph,59,86.7025,21.0395,86.7547,86.7025,
100,8,1048576,8192,hyprefill,512/512/512,graph,60,88.3420,21.0395,88.3882,88.3420,
100,8,1048576,8192,hyprefill,512/512/512,graph,61,88.6608,21.0395,88.7080,88.6608,
100,8,1048576,8192,hyprefill,512/512/512,graph,62,87.6542,21.0395,87.7123,87.6542,
100,8,1048576,8192,hyprefill,512/512/512,graph,63,89.5048,21.0395,89.5590,89.5048,
100,8,1048576,8192,hyprefill,512/512/512,graph,64,86.8040,21.0395,86.8551,86.8040,
100,8,1048576,8192,hyprefill,512/512/512,graph,65,88.5482,21.0395,88.5993,88.5482,
100,8,1048576,8192,hyprefill,512/512/512,graph,66,87.2026,21.0395,87.2605,87.2026,
100,8,1048576,8192,hyprefill,512/512/512,graph,67,89.3245,21.0395,89.3749,89.3245,
100,8,1048576,8192,hyprefill,512/512/512,graph,68,88.8980,21.0395,88.9505,88.8980,
100,8,1048576,8192,hyprefill,512/512/512,graph,69,85.7886,21.0395,85.8406,85.7886,
100,8,1048576,8192,hyprefill,512/512/512,graph,70,88.6712,21.0395,88.7276,88.6712,
100,8,1048576,8192,hyprefill,512/512/512,graph,71,89.3110,21.0395,89.3580,89.3110,
100,8,1048576,8192,hyprefill,512/512/512,graph,72,87.8783,20.7649,87.9250,87.8783,
100,8,1048576,8192,hyprefill,512/512/512,graph,73,88.7057,20.7649,88.7605,88.7057,
100,8,1048576,8192,hyprefill,512/512/512,graph,74,87.4318,20.4903,87.4837,87.4318,
100,8,1048576,8192,hyprefill,512/512/512,graph,75,87.8304,20.4903,87.8774,87.8304,
100,8,1048576,8192,hyprefill,512/512/512,graph,76,84.7582,20.2157,84.8051,84.7582,
100,8,1048576,8192,hyprefill,512/512/512,graph,77,86.5013,20.2157,86.5512,86.5013,
100,8,1048576,8192,hyprefill,512/512/512,graph,78,85.3468,20.2157,85.3996,85.3468,
100,8,1048576,8192,hyprefill,512/512/512,graph,79,84.9237,20.2157,84.9720,84.9237,
100,8,1048576,8192,hyprefill,512/512/512,graph,80,86.5033,20.2157,86.5568,86.5033,
100,8,1048576,8192,hyprefill,512/512/512,graph,81,85.7156,20.2157,85.7697,85.7156,
100,8,1048576,8192,hyprefill,512/512/512,graph,82,85.7268,20.2157,85.7802,85.7268,
100,8,1048576,8192,hyprefill,512/512/512,graph,83,87.6011,20.2157,87.6700,87.6011,
100,8,1048576,8192,hyprefill,512/512/512,graph,84,85.7443,20.2157,85.7919,85.7443,
100,8,1048576,8192,hyprefill,512/512/512,graph,85,88.5001,20.2157,88.5473,88.5001,
100,8,1048576,8192,hyprefill,512/512/512,graph,86,86.0523,20.2157,86.0978,86.0523,
100,8,1048576,8192,hyprefill,512/512/512,graph,87,87.6951,20.2157,87.7406,87.6951,
100,8,1048576,8192,hyprefill,512/512/512,graph,88,88.4700,20.2157,88.5157,88.4700,
100,8,1048576,8192,hyprefill,512/512/512,graph,89,87.3156,20.2157,87.3607,87.3156,
100,8,1048576,8192,hyprefill,512/512/512,graph,90,86.2388,20.2157,86.2845,86.2388,
100,8,1048576,8192,hyprefill,512/512/512,graph,91,86.9371,20.2157,86.9815,86.9371,
100,8,1048576,8192,hyprefill,512/512/512,graph,92,86.0931,20.2157,86.1401,86.0931,
100,8,1048576,8192,hyprefill,512/512/512,graph,93,84.9637,20.2157,85.0100,84.9637,
100,8,1048576,8192,hyprefill,512/512/512,graph,94,86.9059,20.2157,86.9507,86.9059,
100,8,1048576,8192,hyprefill,512/512/512,graph,95,85.5522,20.2157,85.5986,85.5522,
100,8,1048576,8192,hyprefill,512/512/512,graph,96,86.7102,20.2157,86.7656,86.7102,
100,8,1048576,8192,hyprefill,512/512/512,graph,97,85.0828,20.2157,85.1341,85.0828,
100,8,1048576,8192,hyprefill,512/512/512,graph,98,86.3381,20.2157,86.3897,86.3381,
100,8,1048576,8192,hyprefill,512/512/512,graph,99,86.3395,20.2157,86.3872,86.3395,
100,8,1048576,8192,hyprefill,512/512/512,graph,100,85.8561,20.2157,85.9138,85.8561,
100,8,1048576,8192,hyprefill,512/512/512,graph,101,86.3184,20.2157,86.3728,86.3184,
100,8,1048576,8192,hyprefill,512/512/512,graph,102,86.2275,20.2157,86.2768,86.2275,
100,8,1048576,8192,hyprefill,512/512/512,graph,103,87.6742,20.2157,87.7219,87.6742,
100,8,1048576,8192,hyprefill,512/512/512,graph,104,84.9163,20.2157,84.9694,84.9163,
100,8,1048576,8192,hyprefill,512/512/512,graph,105,87.5194,20.2157,87.5707,87.5194,
100,8,1048576,8192,hyprefill,512/512/512,graph,106,87.8360,20.2157,87.8905,87.8360,
100,8,1048576,8192,hyprefill,512/512/512,graph,107,85.3492,20.2157,85.3925,85.3492,
100,8,1048576,8192,hyprefill,512/512/512,graph,108,87.7514,20.2157,87.8000,87.7514,
100,8,1048576,8192,hyprefill,512/512/512,graph,109,87.3375,20.2157,87.3881,87.3375,
100,8,1048576,8192,hyprefill,512/512/512,graph,110,88.6180,20.2157,88.6699,88.6180,
100,8,1048576,8192,hyprefill,512/512/512,graph,111,85.6193,20.2157,85.6767,85.6193,
100,8,1048576,8192,hyprefill,512/512/512,graph,112,84.8169,20.2157,84.8699,84.8169,
100,8,1048576,8192,hyprefill,512/512/512,graph,113,87.3783,20.2157,87.4348,87.3783,
100,8,1048576,8192,hyprefill,512/512/512,graph,114,84.8080,20.2157,84.8558,84.8080,
100,8,1048576,8192,hyprefill,512/512/512,graph,115,84.9931,20.2157,85.0493,84.9931,
100,8,1048576,8192,hyprefill,512/512/512,graph,116,86.3129,20.2157,86.3590,86.3129,
100,8,1048576,8192,hyprefill,512/512/512,graph,117,85.8457,20.2157,85.8932,85.8457,
100,8,1048576,8192,hyprefill,512/512/512,graph,118,87.5485,20.2157,87.6090,87.5485,
100,8,1048576,8192,hyprefill,512/512/512,graph,119,86.9286,20.2157,86.9826,86.9286,
100,8,1048576,8192,hyprefill,512/512/512,graph,120,85.8577,20.2157,85.9066,85.8577,
100,8,1048576,8192,hyprefill,512/512/512,graph,121,87.1128,20.2157,87.1698,87.1128,
100,8,1048576,8192,hyprefill,512/512/512,graph,122,87.8938,20.2157,87.9412,87.8938,
100,8,1048576,8192,hyprefill,512/512/512,graph,123,87.2225,20.2157,87.2781,87.2225,
100,8,1048576,8192,hyprefill,512/512/512,graph,124,87.5107,20.2157,87.5576,87.5107,
100,8,1048576,8192,hyprefill,512/512/512,graph,125,87.1869,20.2157,87.2328,87.1869,
100,8,1048576,8192,hyprefill,512/512/512,graph,126,87.7243,20.2157,87.7788,87.7243,
100,8,1048576,8192,hyprefill,512/512/512,graph,127,85.1277,20.2157,85.1897,85.1277,
100,8,1048576,8192,hyprefill,512/512/512,graph,128,87.2928,20.2157,87.3429,87.2928,
100,8,1048576,8192,hyprefill,512/512/512,graph,129,87.9663,20.2157,88.0171,87.9663,
100,8,1048576,8192,hyprefill,512/512/512,graph,130,87.8250,20.2157,87.8933,87.8250,
100,8,1048576,8192,hyprefill,512/512/512,graph,131,85.7117,20.2157,85.7709,85.7117,
100,8,1048576,8192,hyprefill,512/512/512,graph,132,85.9739,20.2157,86.0237,85.9739,
100,8,1048576,8192,hyprefill,512/512/512,graph,133,86.7881,20.2157,86.8456,86.7881,
100,8,1048576,8192,hyprefill,512/512/512,graph,134,87.3868,20.2157,87.4516,87.3868,
100,8,1048576,8192,hyprefill,512/512/512,graph,135,84.7000,20.2157,84.7480,84.7000,
100,8,1048576,8192,hyprefill,512/512/512,graph,136,88.6229,20.4903,88.6725,88.6229,
100,8,1048576,8192,hyprefill,512/512/512,graph,137,87.6286,20.4903,87.6879,87.6286,
100,8,1048576,8192,hyprefill,512/512/512,graph,138,86.3515,20.7649,86.4089,86.3515,
100,8,1048576,8192,hyprefill,512/512/512,graph,139,88.7341,20.7649,88.7857,88.7341,
100,8,1048576,8192,hyprefill,512/512/512,graph,140,87.2531,21.0395,87.3139,87.2531,
100,8,1048576,8192,hyprefill,512/512/512,graph,141,89.6550,21.0395,89.7161,89.6550,
100,8,1048576,8192,hyprefill,512/512/512,graph,142,88.7560,21.0395,88.8056,88.7560,
100,8,1048576,8192,hyprefill,512/512/512,graph,143,88.4488,21.0395,88.4988,88.4488,
100,8,1048576,8192,hyprefill,512/512/512,graph,144,87.5836,21.0395,87.6355,87.5836,
100,8,1048576,8192,hyprefill,512/512/512,graph,145,87.9863,21.0395,88.0366,87.9863,
100,8,1048576,8192,hyprefill,512/512/512,graph,146,89.1535,21.0395,89.2117,89.1535,
100,8,1048576,8192,hyprefill,512/512/512,graph,147,89.1842,21.0395,89.2367,89.1842,
100,8,1048576,8192,hyprefill,512/512/512,graph,148,88.0694,21.0395,88.1196,88.0694,
100,8,1048576,8192,hyprefill,512/512/512,graph,149,88.0546,21.0395,88.1032,88.0546,
100,8,1048576,8192,hyprefill,512/512/512,graph,150,89.2496,21.0395,89.3003,89.2496,
100,8,1048576,8192,hyprefill,512/512/512,graph,151,89.7238,21.0395,89.7695,89.7238,
100,8,1048576,8192,hyprefill,512/512/512,graph,152,89.1007,21.0395,89.1544,89.1007,
100,8,1048576,8192,hyprefill,512/512/512,graph,153,86.0334,21.0395,86.0893,86.0334,
100,8,1048576,8192,hyprefill,512/512/512,graph,154,88.4376,21.0395,88.4876,88.4376,
100,8,1048576,8192,hyprefill,512/512/512,graph,155,88.5253,21.0395,88.5730,88.5253,
100,8,1048576,8192,hyprefill,512/512/512,graph,156,88.0914,21.0395,88.1393,88.0914,
100,8,1048576,8192,hyprefill,512/512/512,graph,157,87.9728,21.0395,88.0201,87.9728,
100,8,1048576,8192,hyprefill,512/512/512,graph,158,87.5514,21.0395,87.5995,87.5514,
100,8,1048576,8192,hyprefill,512/512/512,graph,159,89.4147,21.0395,89.4645,89.4147,
100,8,1048576,8192,hyprefill,512/512/512,graph,160,88.9598,21.0395,89.0115,88.9598,
100,8,1048576,8192,hyprefill,512/512/512,graph,161,86.7926,21.0395,86.8396,86.7926,
100,8,1048576,8192,hyprefill,512/512/512,graph,162,86.6453,21.0395,86.6953,86.6453,
100,8,1048576,8192,hyprefill,512/512/512,graph,163,87.2212,21.0395,87.2695,87.2212,
100,8,1048576,8192,hyprefill,512/512/512,graph,164,88.9689,21.0395,89.0204,88.9689,
100,8,1048576,8192,hyprefill,512/512/512,graph,165,89.8270,21.0395,89.8788,89.8270,
100,8,1048576,8192,hyprefill,512/512/512,graph,166,87.6019,21.0395,87.6492,87.6019,
100,8,1048576,8192,hyprefill,512/512/512,graph,167,88.3204,21.0395,88.3720,88.3204,
100,8,1048576,8192,hyprefill,512/512/512,graph,168,88.3781,20.7649,88.4385,88.3781,
100,8,1048576,8192,hyprefill,512/512/512,graph,169,86.7679,20.7649,86.8220,86.7679,
100,8,1048576,8192,hyprefill,512/512/512,graph,170,87.5379,20.4903,87.5860,87.5379,
100,8,1048576,8192,hyprefill,512/512/512,graph,171,88.5829,20.4903,88.6341,88.5829,
100,8,1048576,8192,hyprefill,512/512/512,graph,172,87.7252,20.2157,87.7733,87.7252,
100,8,1048576,8192,hyprefill,512/512/512,graph,173,85.3143,20.2157,85.3630,85.3143,
100,8,1048576,8192,hyprefill,512/512/512,graph,174,86.3209,20.2157,86.3677,86.3209,
100,8,1048576,8192,hyprefill,512/512/512,graph,175,85.6500,20.2157,85.7006,85.6500,
100,8,1048576,8192,hyprefill,512/512/512,graph,176,87.0984,20.2157,87.1460,87.0984,
100,8,1048576,8192,hyprefill,512/512/512,graph,177,87.7063,20.2157,87.7531,87.7063,
100,8,1048576,8192,hyprefill,512/512/512,graph,178,84.4707,20.2157,84.5204,84.4707,
100,8,1048576,8192,hyprefill,512/512/512,graph,179,86.0921,20.2157,86.1408,86.0921,
100,8,1048576,8192,hyprefill,512/512/512,graph,180,88.1735,20.2157,88.2212,88.1735,
100,8,1048576,8192,hyprefill,512/512/512,graph,181,85.6253,20.2157,85.6796,85.6253,
100,8,1048576,8192,hyprefill,512/512/512,graph,182,86.5916,20.2157,86.6425,86.5916,
100,8,1048576,8192,hyprefill,512/512/512,graph,183,86.7144,20.2157,86.7626,86.7144,
100,8,1048576,8192,hyprefill,512/512/512,graph,184,85.4706,20.2157,85.5169,85.4706,
100,8,1048576,8192,hyprefill,512/512/512,graph,185,87.6690,20.2157,87.7169,87.6690,
100,8,1048576,8192,hyprefill,512/512/512,graph,186,86.5043,20.2157,86.5515,86.5043,
100,8,1048576,8192,hyprefill,512/512/512,graph,187,85.1091,20.2157,85.1545,85.1091,
100,8,1048576,8192,hyprefill,512/512/512,graph,188,85.1482,20.2157,85.1972,85.1482,
100,8,1048576,8192,hyprefill,512/512/512,graph,189,87.3696,20.2157,87.4183,87.3696,
100,8,1048576,8192,hyprefill,512/512/512,graph,190,85.7208,20.2157,85.7673,85.7208,
100,8,1048576,8192,hyprefill,512/512/512,graph,191,86.3795,20.2157,86.4281,86.3795,
100,8,1048576,8192,hyprefill,512/512/512,graph,192,86.0806,20.2157,86.1284,86.0806,
100,8,1048576,8192,hyprefill,512/512/512,graph,193,87.0574,20.2157,87.1063,87.0574,
100,8,1048576,8192,hyprefill,512/512/512,graph,194,86.4238,20.2157,86.4725,86.4238,
100,8,1048576,8192,hyprefill,512/512/512,graph,195,86.5238,20.2157,86.5765,86.5238,
100,8,1048576,8192,hyprefill,512/512/512,graph,196,85.5406,20.2157,85.5889,85.5406,
100,8,1048576,8192,hyprefill,512/512/512,graph,197,86.5980,20.2157,86.6430,86.5980,
100,8,1048576,8192,hyprefill,512/512/512,graph,198,85.5776,20.2157,85.6235,85.5776,
100,8,1048576,8192,hyprefill,512/512/512,graph,199,88.0417,20.2157,88.0866,88.0417,
100,8,1048576,8192,hyprefill,4096/4096/4096,graph,0,81.8609,15.0503,81.9092,81.8609,
100,8,1048576,8192,hyprefill,4096/4096/4096,graph,1,78.3019,15.0503,78.3477,78.3019,
100,8,1048576,8192,hyprefill,4096/4096/4096,graph,2,83.7994,15.0503,83.8457,83.7994,
100,8,1048576,8192,hyprefill,4096/4096/4096,graph,3,83.1339,15.0503,83.1820,83.1339,
100,8,1048576,8192,hyprefill,4096/4096/4096,graph,4,77.7207,15.0503,77.7692,77.7207,
100,8,1048576,8192,hyprefill,4096/4096/4096,graph,5,82.4866,15.0503,82.5334,82.4866,
100,8,1048576,8192,hyprefill,4096/4096/4096,graph,6,82.7000,15.0503,82.7458,82.7000,
100,8,1048576,8192,hyprefill,4096/4096/4096,graph,7,82.0694,15.0503,82.1205,82.0694,
100,8,1048576,8192,hyprefill,4096/4096/4096,graph,8,82.0465,15.0503,82.0931,82.0465,
100,8,1048576,8192,hyprefill,4096/4096/4096,graph,9,80.9160,15.0503,80.9618,80.9160,
100,8,1048576,8192,hyprefill,4096/4096/4096,graph,10,83.1403,15.0503,83.1877,83.1403,
100,8,1048576,8192,hyprefill,4096/4096/4096,graph,11,78.1715,15.0503,78.2234,78.1715,
100,8,1048576,8192,hyprefill,4096/4096/4096,graph,12,81.7972,15.0503,81.8440,81.7972,
100,8,1048576,8192,hyprefill,4096/4096/4096,graph,13,82.9793,15.0503,83.0337,82.9793,
100,8,1048576,8192,hyprefill,4096/4096/4096,graph,14,82.4873,15.0503,82.5386,82.4873,
100,8,1048576,8192,hyprefill,4096/4096/4096,graph,15,80.4334,15.0503,80.4840,80.4334,
100,8,1048576,8192,hyprefill,4096/4096/4096,graph,16,81.8839,15.0503,81.9326,81.8839,
100,8,1048576,8192,hyprefill,4096/4096/4096,graph,17,82.5943,15.0503,82.6718,82.5943,
100,8,1048576,8192,hyprefill,4096/4096/4096,graph,18,83.2286,15.0503,83.2792,83.2286,
100,8,1048576,8192,hyprefill,4096/4096/4096,graph,19,78.5762,15.0503,78.6247,78.5762,
100,8,1048576,8192,hyprefill,4096/4096/4096,graph,20,83.2155,15.0503,83.2626,83.2155,
100,8,1048576,8192,hyprefill,4096/4096/4096,graph,21,77.6629,15.0503,77.7130,77.6629,
100,8,1048576,8192,hyprefill,4096/4096/4096,graph,22,82.2679,15.0503,82.3145,82.2679,
100,8,1048576,8192,hyprefill,4096/4096/4096,graph,23,82.4931,15.0503,82.5380,82.4931,
100,8,1048576,8192,hyprefill,4096/4096/4096,graph,24,82.4131,15.0503,82.4603,82.4131,
100,8,1048576,8192,hyprefill,4096/4096/4096,graph,25,78.0491,15.0503,78.1007,78.0491,
100,8,1048576,8192,hyprefill,4096/4096/4096,graph,26,80.1091,15.0503,80.1551,80.1091,
100,8,1048576,8192,hyprefill,4096/4096/4096,graph,27,83.0963,15.0503,83.1432,83.0963,
100,8,1048576,8192,hyprefill,4096/4096/4096,graph,28,77.5622,15.0503,77.6101,77.5622,
100,8,1048576,8192,hyprefill,4096/4096/4096,graph,29,80.2573,15.0503,80.3059,80.2573,
100,8,1048576,8192,hyprefill,4096/4096/4096,graph,30,81.9849,15.0503,82.0307,81.9849,
100,8,1048576,8192,hyprefill,4096/4096/4096,graph,31,78.1692,15.0503,78.2208,78.1692,
100,8,1048576,8192,hyprefill,4096/4096/4096,graph,32,81.5972,15.0503,81.6574,81.5972,
100,8,1048576,8192,hyprefill,4096/4096/4096,graph,33,78.6220,15.0503,78.6716,78.6220,
100,8,1048576,8192,hyprefill,4096/4096/4096,graph,34,80.8153,15.0503,80.8672,80.8153,
100,8,1048576,8192,hyprefill,4096/4096/4096,graph,35,82.0382,15.0503,82.0865,82.0382,
100,8,1048576,8192,hyprefill,4096/4096/4096,graph,36,82.8879,15.0503,82.9415,82.8879,
100,8,1048576,8192,hyprefill,4096/4096/4096,graph,37,81.6984,15.0503,81.7455,81.6984,
100,8,1048576,8192,hyprefill,4096/4096/4096,graph,38,81.9262,15.0503,81.9725,81.9262,
100,8,1048576,8192,hyprefill,4096/4096/4096,graph,39,78.8665,15.0503,78.9115,78.8665,
100,8,1048576,8192,hyprefill,4096/4096/4096,graph,40,79.0203,15.0503,79.0739,79.0203,
100,8,1048576,8192,hyprefill,4096/4096/4096,graph,41,82.7326,15.0503,82.7788,82.7326,
100,8,1048576,8192,hyprefill,4096/4096/4096,graph,42,78.7020,15.0503,78.7447,78.7020,
100,8,1048576,8192,hyprefill,4096/4096/4096,graph,43,81.0265,15.0503,81.0724,81.0265,
100,8,1048576,8192,hyprefill,4096/4096/4096,graph,44,83.5003,15.0503,83.5456,83.5003,
100,8,1048576,8192,hyprefill,4096/4096/4096,graph,45,78.1069,15.0503,78.1567,78.1069,
100,8,1048576,8192,hyprefill,4096/4096/4096,graph,46,77.9535,15.0503,77.9992,77.9535,
100,8,1048576,8192,hyprefill,4096/4096/4096,graph,47,81.7651,15.0503,81.8192,81.7651,
100,8,1048576,8192,hyprefill,4096/4096/4096,graph,48,79.3383,15.0503,79.3870,79.3383,
100,8,1048576,8192,hyprefill,4096/4096/4096,graph,49,80.6738,15.0503,80.7259,80.6738,
100,8,1048576,8192,hyprefill,4096/4096/4096,graph,50,80.9980,15.0503,81.0453,80.9980,
100,8,1048576,8192,hyprefill,4096/4096/4096,graph,51,81.0248,15.0503,81.0706,81.0248,
100,8,1048576,8192,hyprefill,4096/4096/4096,graph,52,79.8195,15.0503,79.8685,79.8195,
100,8,1048576,8192,hyprefill,4096/4096/4096,graph,53,82.3674,15.0503,82.4140,82.3674,
100,8,1048576,8192,hyprefill,4096/4096/4096,graph,54,81.3466,15.0503,81.3916,81.3466,
100,8,1048576,8192,hyprefill,4096/4096/4096,graph,55,82.0390,15.0503,82.0848,82.0390,
100,8,1048576,8192,hyprefill,4096/4096/4096,graph,56,77.8388,15.0503,77.8900,77.8388,
100,8,1048576,8192,hyprefill,4096/4096/4096,graph,57,82.4931,15.0503,82.5568,82.4931,
100,8,1048576,8192,hyprefill,4096/4096/4096,graph,58,81.8285,15.0503,81.8813,81.8285,
100,8,1048576,8192,hyprefill,4096/4096/4096,graph,59,80.0036,15.0503,80.0649,80.0036,
100,8,1048576,8192,hyprefill,4096/4096/4096,graph,60,81.4673,15.0503,81.5185,81.4673,
100,8,1048576,8192,hyprefill,4096/4096/4096,graph,61,82.2875,15.0503,82.3363,82.2875,
100,8,1048576,8192,hyprefill,4096/4096/4096,graph,62,78.3312,15.0503,78.3776,78.3312,
100,8,1048576,8192,hyprefill,4096/4096/4096,graph,63,81.6673,15.0503,81.7224,81.6673,
100,8,1048576,8192,hyprefill,4096/4096/4096,graph,64,79.2995,15.0503,79.3484,79.2995,
100,8,1048576,8192,hyprefill,4096/4096/4096,graph,65,79.7520,15.0503,79.7986,79.7520,
100,8,1048576,8192,hyprefill,4096/4096/4096,graph,66,78.6170,15.0503,78.6631,78.6170,
100,8,1048576,8192,hyprefill,4096/4096/4096,graph,67,81.2778,15.0503,81.3369,81.2778,
100,8,1048576,8192,hyprefill,4096/4096/4096,graph,68,81.4962,15.0503,81.5449,81.4962,
100,8,1048576,8192,hyprefill,4096/4096/4096,graph,69,82.0919,15.0503,82.1383,82.0919,
100,8,1048576,8192,hyprefill,4096/4096/4096,graph,70,80.0489,15.0503,80.1028,80.0489,
100,8,1048576,8192,hyprefill,4096/4096/4096,graph,71,80.6962,15.0503,80.7466,80.6962,
100,8,1048576,8192,hyprefill,4096/4096/4096,graph,72,80.1357,14.7758,80.1913,80.1357,
100,8,1048576,8192,hyprefill,4096/4096/4096,graph,73,79.6249,14.7758,79.6723,79.6249,
100,8,1048576,8192,hyprefill,4096/4096/4096,graph,74,78.6006,14.5012,78.6479,78.6006,
100,8,1048576,8192,hyprefill,4096/4096/4096,graph,75,76.3913,14.5012,76.4463,76.3913,
100,8,1048576,8192,hyprefill,4096/4096/4096,graph,76,76.7626,14.2266,76.8127,76.7626,
100,8,1048576,8192,hyprefill,4096/4096/4096,graph,77,75.9504,14.2266,75.9969,75.9504,
100,8,1048576,8192,hyprefill,4096/4096/4096,graph,78,76.4817,14.2266,76.5292,76.4817,
100,8,1048576,8192,hyprefill,4096/4096/4096,graph,79,79.1819,14.2266,79.2371,79.1819,
100,8,1048576,8192,hyprefill,4096/4096/4096,graph,80,78.8603,14.5012,78.9245,78.8603,
100,8,1048576,8192,hyprefill,4096/4096/4096,graph,81,80.6275,14.5012,80.6733,80.6275,
100,8,1048576,8192,hyprefill,4096/4096/4096,graph,82,77.4619,14.7758,77.5067,77.4619,
100,8,1048576,8192,hyprefill,4096/4096/4096,graph,83,82.4368,14.7758,82.4813,82.4368,
100,8,1048576,8192,hyprefill,4096/4096/4096,graph,84,81.8715,15.0503,81.9273,81.8715,
100,8,1048576,8192,hyprefill,4096/4096/4096,graph,85,83.6835,15.0503,83.7382,83.6835,
100,8,1048576,8192,hyprefill,4096/4096/4096,graph,86,81.9918,15.0503,82.0416,81.9918,
100,8,1048576,8192,hyprefill,4096/4096/4096,graph,87,80.7244,15.0503,80.7749,80.7244,
100,8,1048576,8192,hyprefill,4096/4096/4096,graph,88,81.8082,15.0503,81.8564,81.8082,
100,8,1048576,8192,hyprefill,4096/4096/4096,graph,89,83.8321,15.0503,83.9064,83.8321,
100,8,1048576,8192,hyprefill,4096/4096/4096,graph,90,78.7772,15.0503,78.8263,78.7772,
100,8,1048576,8192,hyprefill,4096/4096/4096,graph,91,79.8414,15.0503,79.8875,79.8414,
100,8,1048576,8192,hyprefill,4096/4096/4096,graph,92,78.8870,15.0503,78.9404,78.8870,
100,8,1048576,8192,hyprefill,4096/4096/4096,graph,93,82.8627,15.0503,82.9098,82.8627,
100,8,1048576,8192,hyprefill,4096/4096/4096,graph,94,82.6576,15.0503,82.7028,82.6576,
100,8,1048576,8192,hyprefill,4096/4096/4096,graph,95,79.9707,15.0503,80.0168,79.9707,
100,8,1048576,8192,hyprefill,4096/4096/4096,graph,96,79.0509,15.0503,79.0993,79.0509,
100,8,1048576,8192,hyprefill,4096/4096/4096,graph,97,82.9102,15.0503,82.9615,82.9102,
100,8,1048576,8192,hyprefill,4096/4096/4096,graph,98,78.1177,15.0503,78.1636,78.1177,
100,8,1048576,8192,hyprefill,4096/4096/4096,graph,99,79.1834,15.0503,79.2289,79.1834,
100,8,1048576,8192,hyprefill,4096/4096/4096,graph,100,80.3152,15.0503,80.3650,80.3152,
100,8,1048576,8192,hyprefill,4096/4096/4096,graph,101,78.9763,15.0503,79.0244,78.9763,
100,8,1048576,8192,hyprefill,4096/4096/4096,graph,102,79.2388,15.0503,79.2981,79.2388,
100,8,1048576,8192,hyprefill,4096/4096/4096,graph,103,81.2263,15.0503,81.2836,81.2263,
100,8,1048576,8192,hyprefill,4096/4096/4096,graph,104,77.7324,15.0503,77.7813,77.7324,
100,8,1048576,8192,hyprefill,4096/4096/4096,graph,105,81.9552,15.0503,82.0045,81.9552,
100,8,1048576,8192,hyprefill,4096/4096/4096,graph,106,83.2557,15.0503,83.3040,83.2557,
100,8,1048576,8192,hyprefill,4096/4096/4096,graph,107,78.3644,15.0503,78.4096,78.3644,
100,8,1048576,8192,hyprefill,4096/4096/4096,graph,108,82.1773,15.0503,82.2281,82.1773,
100,8,1048576,8192,hyprefill,4096/4096/4096,graph,109,77.9997,15.0503,78.0520,77.9997,
100,8,1048576,8192,hyprefill,4096/4096/4096,graph,110,80.7610,15.0503,80.8092,80.7610,
100,8,1048576,8192,hyprefill,4096/4096/4096,graph,111,83.7417,15.0503,83.7898,83.7417,
100,8,1048576,8192,hyprefill,4096/4096/4096,graph,112,82.6584,15.0503,82.7044,82.6584,
100,8,1048576,8192,hyprefill,4096/4096/4096,graph,113,83.8961,15.0503,83.9502,83.8961,
100,8,1048576,8192,hyprefill,4096/4096/4096,graph,114,81.4376,15.0503,81.4839,81.4376,
100,8,1048576,8192,hyprefill,4096/4096/4096,graph,115,82.5061,15.0503,82.5569,82.5061,
100,8,1048576,8192,hyprefill,4096/4096/4096,graph,116,82.5944,15.0503,82.6440,82.5944,
100,8,1048576,8192,hyprefill,4096/4096/4096,graph,117,83.1829,15.0503,83.2360,83.1829,
100,8,1048576,8192,hyprefill,4096/4096/4096,graph,118,80.7811,15.0503,80.8295,80.7811,
100,8,1048576,8192,hyprefill,4096/4096/4096,graph,119,82.5307,15.0503,82.5847,82.5307,
100,8,1048576,8192,hyprefill,4096/4096/4096,graph,120,80.8707,15.0503,80.9211,80.8707,
100,8,1048576,8192,hyprefill,4096/4096/4096,graph,121,83.2983,15.0503,83.3471,83.2983,
100,8,1048576,8192,hyprefill,4096/4096/4096,graph,122,80.1271,15.0503,80.1791,80.1271,
100,8,1048576,8192,hyprefill,4096/4096/4096,graph,123,83.1288,15.0503,83.1761,83.1288,
100,8,1048576,8192,hyprefill,4096/4096/4096,graph,124,82.9935,15.0503,83.0417,82.9935,
100,8,1048576,8192,hyprefill,4096/4096/4096,graph,125,79.1978,15.0503,79.2452,79.1978,
100,8,1048576,8192,hyprefill,4096/4096/4096,graph,126,82.4076,15.0503,82.4560,82.4076,
100,8,1048576,8192,hyprefill,4096/4096/4096,graph,127,82.4140,15.0503,82.4742,82.4140,
100,8,1048576,8192,hyprefill,4096/4096/4096,graph,128,78.0177,15.0503,78.0646,78.0177,
100,8,1048576,8192,hyprefill,4096/4096/4096,graph,129,80.5485,15.0503,80.5963,80.5485,
100,8,1048576,8192,hyprefill,4096/4096/4096,graph,130,81.5039,15.0503,81.5596,81.5039,
100,8,1048576,8192,hyprefill,4096/4096/4096,graph,131,83.2797,15.0503,83.3316,83.2797,
100,8,1048576,8192,hyprefill,4096/4096/4096,graph,132,82.3451,15.0503,82.3934,82.3451,
100,8,1048576,8192,hyprefill,4096/4096/4096,graph,133,83.2171,15.0503,83.2644,83.2171,
100,8,1048576,8192,hyprefill,4096/4096/4096,graph,134,78.0142,15.0503,78.0626,78.0142,
100,8,1048576,8192,hyprefill,4096/4096/4096,graph,135,79.9955,15.0503,80.0416,79.9955,
100,8,1048576,8192,hyprefill,4096/4096/4096,graph,136,78.2001,15.0503,78.2482,78.2001,
100,8,1048576,8192,hyprefill,4096/4096/4096,graph,137,82.1794,15.0503,82.2264,82.1794,
100,8,1048576,8192,hyprefill,4096/4096/4096,graph,138,81.6251,15.0503,81.6723,81.6251,
100,8,1048576,8192,hyprefill,4096/4096/4096,graph,139,80.2226,15.0503,80.2709,80.2226,
100,8,1048576,8192,hyprefill,4096/4096/4096,graph,140,79.4264,15.0503,79.4751,79.4264,
100,8,1048576,8192,hyprefill,4096/4096/4096,graph,141,83.1428,15.0503,83.1887,83.1428,
100,8,1048576,8192,hyprefill,4096/4096/4096,graph,142,81.5860,15.0503,81.6442,81.5860,
100,8,1048576,8192,hyprefill,4096/4096/4096,graph,143,82.1266,15.0503,82.1744,82.1266,
100,8,1048576,8192,hyprefill,4096/4096/4096,graph,144,81.7287,15.0503,81.7768,81.7287,
100,8,1048576,8192,hyprefill,4096/4096/4096,graph,145,82.4728,15.0503,82.5347,82.4728,
100,8,1048576,8192,hyprefill,4096/4096/4096,graph,146,78.2387,15.0503,78.2947,78.2387,
100,8,1048576,8192,hyprefill,4096/4096/4096,graph,147,80.9021,15.0503,80.9557,80.9021,
100,8,1048576,8192,hyprefill,4096/4096/4096,graph,148,82.7002,15.0503,82.7500,82.7002,
100,8,1048576,8192,hyprefill,4096/4096/4096,graph,149,81.0808,15.0503,81.1262,81.0808,
100,8,1048576,8192,hyprefill,4096/4096/4096,graph,150,77.8815,15.0503,77.9308,77.8815,
100,8,1048576,8192,hyprefill,4096/4096/4096,graph,151,81.4740,15.0503,81.5240,81.4740,
100,8,1048576,8192,hyprefill,4096/4096/4096,graph,152,78.2067,15.0503,78.2605,78.2067,
100,8,1048576,8192,hyprefill,4096/4096/4096,graph,153,81.4370,15.0503,81.4880,81.4370,
100,8,1048576,8192,hyprefill,4096/4096/4096,graph,154,78.0579,15.0503,78.1104,78.0579,
100,8,1048576,8192,hyprefill,4096/4096/4096,graph,155,82.2152,15.0503,82.2616,82.2152,
100,8,1048576,8192,hyprefill,4096/4096/4096,graph,156,77.8071,15.0503,77.8520,77.8071,
100,8,1048576,8192,hyprefill,4096/4096/4096,graph,157,82.2401,15.0503,82.2963,82.2401,
100,8,1048576,8192,hyprefill,4096/4096/4096,graph,158,79.1391,15.0503,79.1853,79.1391,
100,8,1048576,8192,hyprefill,4096/4096/4096,graph,159,81.5155,15.0503,81.5614,81.5155,
100,8,1048576,8192,hyprefill,4096/4096/4096,graph,160,77.9471,15.0503,77.9949,77.9471,
100,8,1048576,8192,hyprefill,4096/4096/4096,graph,161,81.0539,15.0503,81.1116,81.0539,
100,8,1048576,8192,hyprefill,4096/4096/4096,graph,162,79.9446,15.0503,79.9967,79.9446,
100,8,1048576,8192,hyprefill,4096/4096/4096,graph,163,81.6652,15.0503,81.7169,81.6652,
100,8,1048576,8192,hyprefill,4096/4096/4096,graph,164,81.5406,15.0503,81.5915,81.5406,
100,8,1048576,8192,hyprefill,4096/4096/4096,graph,165,78.0689,15.0503,78.1165,78.0689,
100,8,1048576,8192,hyprefill,4096/4096/4096,graph,166,79.2239,15.0503,79.2764,79.2239,
100,8,1048576,8192,hyprefill,4096/4096/4096,graph,167,78.0481,15.0503,78.1010,78.0481,
100,8,1048576,8192,hyprefill,4096/4096/4096,graph,168,78.8242,14.7758,78.8790,78.8242,
100,8,1048576,8192,hyprefill,4096/4096/4096,graph,169,77.2967,14.7758,77.3498,77.2967,
100,8,1048576,8192,hyprefill,4096/4096/4096,graph,170,79.1862,14.5012,79.2398,79.1862,
100,8,1048576,8192,hyprefill,4096/4096/4096,graph,171,75.7417,14.5012,75.7919,75.7417,
100,8,1048576,8192,hyprefill,4096/4096/4096,graph,172,77.8230,14.2266,77.8669,77.8230,
100,8,1048576,8192,hyprefill,4096/4096/4096,graph,173,78.1804,14.2266,78.2248,78.1804,
100,8,1048576,8192,hyprefill,4096/4096/4096,graph,174,78.5939,14.2266,78.6430,78.5939,
100,8,1048576,8192,hyprefill,4096/4096/4096,graph,175,75.2588,14.2266,75.3047,75.2588,
100,8,1048576,8192,hyprefill,4096/4096/4096,graph,176,76.0562,14.5012,76.1023,76.0562,
100,8,1048576,8192,hyprefill,4096/4096/4096,graph,177,80.9062,14.5012,80.9555,80.9062,
100,8,1048576,8192,hyprefill,4096/4096/4096,graph,178,80.2034,14.7758,80.2530,80.2034,
100,8,1048576,8192,hyprefill,4096/4096/4096,graph,179,81.9990,14.7758,82.0458,81.9990,
100,8,1048576,8192,hyprefill,4096/4096/4096,graph,180,80.8437,15.0503,80.8893,80.8437,
100,8,1048576,8192,hyprefill,4096/4096/4096,graph,181,82.8866,15.0503,82.9354,82.8866,
100,8,1048576,8192,hyprefill,4096/4096/4096,graph,182,82.6080,15.0503,82.6574,82.6080,
100,8,1048576,8192,hyprefill,4096/4096/4096,graph,183,78.5032,15.0503,78.5488,78.5032,
100,8,1048576,8192,hyprefill,4096/4096/4096,graph,184,82.7609,15.0503,82.8072,82.7609,
100,8,1048576,8192,hyprefill,4096/4096/4096,graph,185,83.5467,15.0503,83.6036,83.5467,
100,8,1048576,8192,hyprefill,4096/4096/4096,graph,186,81.7197,15.0503,81.7701,81.7197,
100,8,1048576,8192,hyprefill,4096/4096/4096,graph,187,78.7774,15.0503,78.8250,78.7774,
100,8,1048576,8192,hyprefill,4096/4096/4096,graph,188,83.0548,15.0503,83.1027,83.0548,
100,8,1048576,8192,hyprefill,4096/4096/4096,graph,189,79.7754,15.0503,79.8291,79.7754,
100,8,1048576,8192,hyprefill,4096/4096/4096,graph,190,81.5734,15.0503,81.6362,81.5734,
100,8,1048576,8192,hyprefill,4096/4096/4096,graph,191,83.6544,15.0503,83.7058,83.6544,
100,8,1048576,8192,hyprefill,4096/4096/4096,graph,192,80.3139,15.0503,80.3614,80.3139,
100,8,1048576,8192,hyprefill,4096/4096/4096,graph,193,82.9518,15.0503,82.9984,82.9518,
100,8,1048576,8192,hyprefill,4096/4096/4096,graph,194,80.8387,15.0503,80.8894,80.8387,
100,8,1048576,8192,hyprefill,4096/4096/4096,graph,195,82.1002,15.0503,82.1471,82.1002,
100,8,1048576,8192,hyprefill,4096/4096/4096,graph,196,79.4252,15.0503,79.4799,79.4252,
100,8,1048576,8192,hyprefill,4096/4096/4096,graph,197,80.2381,15.0503,80.2879,80.2381,
100,8,1048576,8192,hyprefill,4096/4096/4096,graph,198,82.5643,15.0503,82.6126,82.5643,
100,8,1048576,8192,hyprefill,4096/4096/4096,graph,199,80.9781,15.0503,81.0306,80.9781,
100,8,1048576,8192,hyprefill,1024/1024/1024,graph,0,81.0356,16.7934,81.0885,81.0356,
100,8,1048576,8192,hyprefill,1024/1024/1024,graph,1,83.7764,16.7934,83.8286,83.7764,
100,8,1048576,8192,hyprefill,1024/1024/1024,graph,2,81.3187,16.7934,81.3691,81.3187,
100,8,1048576,8192,hyprefill,1024/1024/1024,graph,3,82.8649,16.7934,82.9167,82.8649,
100,8,1048576,8192,hyprefill,1024/1024/1024,graph,4,80.2620,16.7934,80.3107,80.2620,
100,8,1048576,8192,hyprefill,1024/1024/1024,graph,5,84.7313,16.7934,84.7813,84.7313,
100,8,1048576,8192,hyprefill,1024/1024/1024,graph,6,84.3041,16.7934,84.3496,84.3041,
100,8,1048576,8192,hyprefill,1024/1024/1024,graph,7,79.9259,16.7934,79.9714,79.9259,
100,8,1048576,8192,hyprefill,1024/1024/1024,graph,8,84.3066,17.0679,84.3529,84.3066,
100,8,1048576,8192,hyprefill,1024/1024/1024,graph,9,84.5230,17.0679,84.5729,84.5230,
100,8,1048576,8192,hyprefill,1024/1024/1024,graph,10,82.3652,17.3425,82.4197,82.3652,
100,8,1048576,8192,hyprefill,1024/1024/1024,graph,11,84.7840,17.3425,84.8340,84.7840,
100,8,1048576,8192,hyprefill,1024/1024/1024,graph,12,85.6537,17.6171,85.7018,85.6537,
100,8,1048576,8192,hyprefill,1024/1024/1024,graph,13,82.3854,17.6171,82.4354,82.3854,
100,8,1048576,8192,hyprefill,1024/1024/1024,graph,14,84.4349,17.6171,84.4858,84.4349,
100,8,1048576,8192,hyprefill,1024/1024/1024,graph,15,82.0896,17.6171,82.1523,82.0896,
100,8,1048576,8192,hyprefill,1024/1024/1024,graph,16,85.0624,17.6171,85.1193,85.0624,
100,8,1048576,8192,hyprefill,1024/1024/1024,graph,17,83.7675,17.6171,83.8187,83.7675,
100,8,1048576,8192,hyprefill,1024/1024/1024,graph,18,84.3516,17.6171,84.4036,84.3516,
100,8,1048576,8192,hyprefill,1024/1024/1024,graph,19,84.0966,17.6171,84.1483,84.0966,
100,8,1048576,8192,hyprefill,1024/1024/1024,graph,20,87.2170,17.6171,87.2936,87.2170,
100,8,1048576,8192,hyprefill,1024/1024/1024,graph,21,84.0732,17.6171,84.1227,84.0732,
100,8,1048576,8192,hyprefill,1024/1024/1024,graph,22,83.6524,17.6171,83.7003,83.6524,
100,8,1048576,8192,hyprefill,1024/1024/1024,graph,23,85.1638,17.6171,85.2103,85.1638,
100,8,1048576,8192,hyprefill,1024/1024/1024,graph,24,84.6548,17.6171,84.7051,84.6548,
100,8,1048576,8192,hyprefill,1024/1024/1024,graph,25,82.5119,17.6171,82.5665,82.5119,
100,8,1048576,8192,hyprefill,1024/1024/1024,graph,26,84.2885,17.6171,84.3382,84.2885,
100,8,1048576,8192,hyprefill,1024/1024/1024,graph,27,82.3612,17.6171,82.4128,82.3612,
100,8,1048576,8192,hyprefill,1024/1024/1024,graph,28,82.7005,17.6171,82.7507,82.7005,
100,8,1048576,8192,hyprefill,1024/1024/1024,graph,29,83.8953,17.6171,83.9441,83.8953,
100,8,1048576,8192,hyprefill,1024/1024/1024,graph,30,85.3896,17.6171,85.4368,85.3896,
100,8,1048576,8192,hyprefill,1024/1024/1024,graph,31,84.8246,17.6171,84.8802,84.8246,
100,8,1048576,8192,hyprefill,1024/1024/1024,graph,32,82.0103,17.6171,82.0680,82.0103,
100,8,1048576,8192,hyprefill,1024/1024/1024,graph,33,85.9133,17.6171,85.9628,85.9133,
100,8,1048576,8192,hyprefill,1024/1024/1024,graph,34,85.3671,17.6171,85.4193,85.3671,
100,8,1048576,8192,hyprefill,1024/1024/1024,graph,35,82.7228,17.6171,82.7738,82.7228,
100,8,1048576,8192,hyprefill,1024/1024/1024,graph,36,82.4050,17.6171,82.4532,82.4050,
100,8,1048576,8192,hyprefill,1024/1024/1024,graph,37,83.6852,17.6171,83.7328,83.6852,
100,8,1048576,8192,hyprefill,1024/1024/1024,graph,38,85.9145,17.6171,85.9633,85.9145,
100,8,1048576,8192,hyprefill,1024/1024/1024,graph,39,84.7686,17.6171,84.8173,84.7686,
100,8,1048576,8192,hyprefill,1024/1024/1024,graph,40,84.5328,17.6171,84.5797,84.5328,
100,8,1048576,8192,hyprefill,1024/1024/1024,graph,41,85.8676,17.6171,85.9138,85.8676,
100,8,1048576,8192,hyprefill,1024/1024/1024,graph,42,85.1129,17.6171,85.1606,85.1129,
100,8,1048576,8192,hyprefill,1024/1024/1024,graph,43,85.1649,17.6171,85.2212,85.1649,
100,8,1048576,8192,hyprefill,1024/1024/1024,graph,44,84.2772,17.6171,84.3260,84.2772,
100,8,1048576,8192,hyprefill,1024/1024/1024,graph,45,83.4491,17.6171,83.4953,83.4491,
100,8,1048576,8192,hyprefill,1024/1024/1024,graph,46,84.9665,17.6171,85.0144,84.9665,
100,8,1048576,8192,hyprefill,1024/1024/1024,graph,47,82.8317,17.6171,82.8787,82.8317,
100,8,1048576,8192,hyprefill,1024/1024/1024,graph,48,85.1593,17.6171,85.2098,85.1593,
100,8,1048576,8192,hyprefill,1024/1024/1024,graph,49,84.8463,17.6171,84.8969,84.8463,
100,8,1048576,8192,hyprefill,1024/1024/1024,graph,50,84.6939,17.6171,84.7484,84.6939,
100,8,1048576,8192,hyprefill,1024/1024/1024,graph,51,83.1424,17.6171,83.1898,83.1424,
100,8,1048576,8192,hyprefill,1024/1024/1024,graph,52,83.2906,17.6171,83.3388,83.2906,
100,8,1048576,8192,hyprefill,1024/1024/1024,graph,53,85.3161,17.6171,85.3660,85.3161,
100,8,1048576,8192,hyprefill,1024/1024/1024,graph,54,81.5688,17.6171,81.6201,81.5688,
100,8,1048576,8192,hyprefill,1024/1024/1024,graph,55,85.0276,17.6171,85.0818,85.0276,
100,8,1048576,8192,hyprefill,1024/1024/1024,graph,56,85.1217,17.6171,85.1750,85.1217,
100,8,1048576,8192,hyprefill,1024/1024/1024,graph,57,81.5388,17.6171,81.5894,81.5388,
100,8,1048576,8192,hyprefill,1024/1024/1024,graph,58,84.9151,17.6171,84.9655,84.9151,
100,8,1048576,8192,hyprefill,1024/1024/1024,graph,59,84.7584,17.6171,84.8084,84.7584,
100,8,1048576,8192,hyprefill,1024/1024/1024,graph,60,86.0591,17.6171,86.1051,86.0591,
100,8,1048576,8192,hyprefill,1024/1024/1024,graph,61,85.2973,17.6171,85.3512,85.2973,
100,8,1048576,8192,hyprefill,1024/1024/1024,graph,62,83.2776,17.6171,83.3340,83.2776,
100,8,1048576,8192,hyprefill,1024/1024/1024,graph,63,81.4933,17.6171,81.5425,81.4933,
100,8,1048576,8192,hyprefill,1024/1024/1024,graph,64,83.7762,17.6171,83.8250,83.7762,
100,8,1048576,8192,hyprefill,1024/1024/1024,graph,65,81.7062,17.6171,81.7565,81.7062,
100,8,1048576,8192,hyprefill,1024/1024/1024,graph,66,85.6308,17.6171,85.6811,85.6308,
100,8,1048576,8192,hyprefill,1024/1024/1024,graph,67,84.7575,17.6171,84.8040,84.7575,
100,8,1048576,8192,hyprefill,1024/1024/1024,graph,68,82.7606,17.6171,82.8082,82.7606,
100,8,1048576,8192,hyprefill,1024/1024/1024,graph,69,84.9568,17.6171,85.0086,84.9568,
100,8,1048576,8192,hyprefill,1024/1024/1024,graph,70,83.9763,17.6171,84.0232,83.9763,
100,8,1048576,8192,hyprefill,1024/1024/1024,graph,71,82.7024,17.6171,82.7478,82.7024,
100,8,1048576,8192,hyprefill,1024/1024/1024,graph,72,84.3131,17.3425,84.3626,84.3131,
100,8,1048576,8192,hyprefill,1024/1024/1024,graph,73,83.2130,17.3425,83.2673,83.2130,
100,8,1048576,8192,hyprefill,1024/1024/1024,graph,74,81.4712,17.0679,81.5558,81.4712,
100,8,1048576,8192,hyprefill,1024/1024/1024,graph,75,80.7821,17.0679,80.8303,80.7821,
100,8,1048576,8192,hyprefill,1024/1024/1024,graph,76,83.6134,16.7934,83.6655,83.6134,
100,8,1048576,8192,hyprefill,1024/1024/1024,graph,77,80.3442,16.7934,80.4071,80.3442,
100,8,1048576,8192,hyprefill,1024/1024/1024,graph,78,82.9884,16.7934,83.0395,82.9884,
100,8,1048576,8192,hyprefill,1024/1024/1024,graph,79,80.5509,16.7934,80.5973,80.5509,
100,8,1048576,8192,hyprefill,1024/1024/1024,graph,80,80.9100,16.7934,80.9600,80.9100,
100,8,1048576,8192,hyprefill,1024/1024/1024,graph,81,79.7454,16.7934,79.8004,79.7454,
100,8,1048576,8192,hyprefill,1024/1024/1024,graph,82,80.8309,16.7934,80.8801,80.8309,
100,8,1048576,8192,hyprefill,1024/1024/1024,graph,83,81.5270,16.7934,81.5889,81.5270,
100,8,1048576,8192,hyprefill,1024/1024/1024,graph,84,82.3490,16.7934,82.3982,82.3490,
100,8,1048576,8192,hyprefill,1024/1024/1024,graph,85,81.9839,16.7934,82.0321,81.9839,
100,8,1048576,8192,hyprefill,1024/1024/1024,graph,86,82.0950,16.7934,82.1466,82.0950,
100,8,1048576,8192,hyprefill,1024/1024/1024,graph,87,82.2220,16.7934,82.2705,82.2220,
100,8,1048576,8192,hyprefill,1024/1024/1024,graph,88,83.6953,16.7934,83.7442,83.6953,
100,8,1048576,8192,hyprefill,1024/1024/1024,graph,89,83.4533,16.7934,83.5209,83.4533,
100,8,1048576,8192,hyprefill,1024/1024/1024,graph,90,80.3147,16.7934,80.3618,80.3147,
100,8,1048576,8192,hyprefill,1024/1024/1024,graph,91,82.7195,16.7934,82.7723,82.7195,
100,8,1048576,8192,hyprefill,1024/1024/1024,graph,92,83.6691,16.7934,83.7210,83.6691,
100,8,1048576,8192,hyprefill,1024/1024/1024,graph,93,80.7881,16.7934,80.8388,80.7881,
100,8,1048576,8192,hyprefill,1024/1024/1024,graph,94,84.1184,16.7934,84.1647,84.1184,
100,8,1048576,8192,hyprefill,1024/1024/1024,graph,95,81.8184,16.7934,81.8710,81.8184,
100,8,1048576,8192,hyprefill,1024/1024/1024,graph,96,84.2767,16.7934,84.3285,84.2767,
100,8,1048576,8192,hyprefill,1024/1024/1024,graph,97,80.1109,16.7934,80.1664,80.1109,
100,8,1048576,8192,hyprefill,1024/1024/1024,graph,98,84.1827,16.7934,84.2376,84.1827,
100,8,1048576,8192,hyprefill,1024/1024/1024,graph,99,84.9094,16.7934,84.9641,84.9094,
100,8,1048576,8192,hyprefill,1024/1024/1024,graph,100,84.8694,16.7934,84.9188,84.8694,
100,8,1048576,8192,hyprefill,1024/1024/1024,graph,101,80.6779,16.7934,80.7319,80.6779,
100,8,1048576,8192,hyprefill,1024/1024/1024,graph,102,83.6066,16.7934,83.6562,83.6066,
100,8,1048576,8192,hyprefill,1024/1024/1024,graph,103,83.1818,16.7934,83.2288,83.1818,
100,8,1048576,8192,hyprefill,1024/1024/1024,graph,104,81.8544,17.0679,81.9024,81.8544,
100,8,1048576,8192,hyprefill,1024/1024/1024,graph,105,83.8895,17.0679,83.9451,83.8895,
100,8,1048576,8192,hyprefill,1024/1024/1024,graph,106,82.5102,17.3425,82.5701,82.5102,
100,8,1048576,8192,hyprefill,1024/1024/1024,graph,107,84.3579,17.3425,84.4102,84.3579,
100,8,1048576,8192,hyprefill,1024/1024/1024,graph,108,84.8395,17.6171,84.8891,84.8395,
100,8,1048576,8192,hyprefill,1024/1024/1024,graph,109,83.4416,17.6171,83.4902,83.4416,
100,8,1048576,8192,hyprefill,1024/1024/1024,graph,110,84.2488,17.6171,84.2965,84.2488,
100,8,1048576,8192,hyprefill,1024/1024/1024,graph,111,86.5232,17.6171,86.5698,86.5232,
100,8,1048576,8192,hyprefill,1024/1024/1024,graph,112,81.3154,17.6171,81.3615,81.3154,
100,8,1048576,8192,hyprefill,1024/1024/1024,graph,113,84.9102,17.6171,84.9577,84.9102,
100,8,1048576,8192,hyprefill,1024/1024/1024,graph,114,82.3776,17.6171,82.4282,82.3776,
100,8,1048576,8192,hyprefill,1024/1024/1024,graph,115,84.9972,17.6171,85.0438,84.9972,
100,8,1048576,8192,hyprefill,1024/1024/1024,graph,116,84.4272,17.6171,84.4735,84.4272,
100,8,1048576,8192,hyprefill,1024/1024/1024,graph,117,85.4207,17.6171,85.4698,85.4207,
100,8,1048576,8192,hyprefill,1024/1024/1024,graph,118,84.3275,17.6171,84.3760,84.3275,
100,8,1048576,8192,hyprefill,1024/1024/1024,graph,119,84.4571,17.6171,84.5027,84.4571,
100,8,1048576,8192,hyprefill,1024/1024/1024,graph,120,84.3947,17.6171,84.4406,84.3947,
100,8,1048576,8192,hyprefill,1024/1024/1024,graph,121,82.0459,17.6171,82.1036,82.0459,
100,8,1048576,8192,hyprefill,1024/1024/1024,graph,122,84.5193,17.6171,84.5928,84.5193,
100,8,1048576,8192,hyprefill,1024/1024/1024,graph,123,83.7012,17.6171,83.7498,83.7012,
100,8,1048576,8192,hyprefill,1024/1024/1024,graph,124,86.4897,17.6171,86.5376,86.4897,
100,8,1048576,8192,hyprefill,1024/1024/1024,graph,125,85.8429,17.6171,85.9064,85.8429,
100,8,1048576,8192,hyprefill,1024/1024/1024,graph,126,81.1928,17.6171,81.2397,81.1928,
100,8,1048576,8192,hyprefill,1024/1024/1024,graph,127,84.4198,17.6171,84.4697,84.4198,
100,8,1048576,8192,hyprefill,1024/1024/1024,graph,128,82.4440,17.6171,82.4966,82.4440,
100,8,1048576,8192,hyprefill,1024/1024/1024,graph,129,84.0236,17.6171,84.0717,84.0236,
100,8,1048576,8192,hyprefill,1024/1024/1024,graph,130,84.5201,17.6171,84.5714,84.5201,
100,8,1048576,8192,hyprefill,1024/1024/1024,graph,131,85.1042,17.6171,85.1539,85.1042,
100,8,1048576,8192,hyprefill,1024/1024/1024,graph,132,83.9746,17.6171,84.0233,83.9746,
100,8,1048576,8192,hyprefill,1024/1024/1024,graph,133,84.4397,17.6171,84.4889,84.4397,
100,8,1048576,8192,hyprefill,1024/1024/1024,graph,134,84.3611,17.6171,84.4106,84.3611,
100,8,1048576,8192,hyprefill,1024/1024/1024,graph,135,85.1581,17.6171,85.2069,85.1581,
100,8,1048576,8192,hyprefill,1024/1024/1024,graph,136,81.8503,17.6171,81.9138,81.8503,
100,8,1048576,8192,hyprefill,1024/1024/1024,graph,137,85.1272,17.6171,85.1762,85.1272,
100,8,1048576,8192,hyprefill,1024/1024/1024,graph,138,81.4529,17.6171,81.5015,81.4529,
100,8,1048576,8192,hyprefill,1024/1024/1024,graph,139,85.8398,17.6171,85.8859,85.8398,
100,8,1048576,8192,hyprefill,1024/1024/1024,graph,140,83.9212,17.6171,83.9698,83.9212,
100,8,1048576,8192,hyprefill,1024/1024/1024,graph,141,85.3313,17.6171,85.3973,85.3313,
100,8,1048576,8192,hyprefill,1024/1024/1024,graph,142,81.8573,17.6171,81.9134,81.8573,
100,8,1048576,8192,hyprefill,1024/1024/1024,graph,143,82.7150,17.6171,82.7636,82.7150,
100,8,1048576,8192,hyprefill,1024/1024/1024,graph,144,84.3060,17.6171,84.3607,84.3060,
100,8,1048576,8192,hyprefill,1024/1024/1024,graph,145,84.0172,17.6171,84.0748,84.0172,
100,8,1048576,8192,hyprefill,1024/1024/1024,graph,146,85.5370,17.6171,85.5933,85.5370,
100,8,1048576,8192,hyprefill,1024/1024/1024,graph,147,85.9844,17.6171,86.0336,85.9844,
100,8,1048576,8192,hyprefill,1024/1024/1024,graph,148,83.5526,17.6171,83.6002,83.5526,
100,8,1048576,8192,hyprefill,1024/1024/1024,graph,149,81.6002,17.6171,81.6508,81.6002,
100,8,1048576,8192,hyprefill,1024/1024/1024,graph,150,83.8999,17.6171,83.9523,83.8999,
100,8,1048576,8192,hyprefill,1024/1024/1024,graph,151,82.2949,17.6171,82.3429,82.2949,
100,8,1048576,8192,hyprefill,1024/1024/1024,graph,152,85.3684,17.6171,85.4160,85.3684,
100,8,1048576,8192,hyprefill,1024/1024/1024,graph,153,83.0570,17.6171,83.1108,83.0570,
100,8,1048576,8192,hyprefill,1024/1024/1024,graph,154,84.4550,17.6171,84.5032,84.4550,
100,8,1048576,8192,hyprefill,1024/1024/1024,graph,155,83.4750,17.6171,83.5266,83.4750,
100,8,1048576,8192,hyprefill,1024/1024/1024,graph,156,85.0330,17.6171,85.0785,85.0330,
100,8,1048576,8192,hyprefill,1024/1024/1024,graph,157,83.2991,17.6171,83.3455,83.2991,
100,8,1048576,8192,hyprefill,1024/1024/1024,graph,158,81.1155,17.6171,81.1614,81.1155,
100,8,1048576,8192,hyprefill,1024/1024/1024,graph,159,83.2937,17.6171,83.3382,83.2937,
100,8,1048576,8192,hyprefill,1024/1024/1024,graph,160,84.1522,17.6171,84.2038,84.1522,
100,8,1048576,8192,hyprefill,1024/1024/1024,graph,161,84.4812,17.6171,84.5302,84.4812,
100,8,1048576,8192,hyprefill,1024/1024/1024,graph,162,83.2358,17.6171,83.2872,83.2358,
100,8,1048576,8192,hyprefill,1024/1024/1024,graph,163,81.2433,17.6171,81.2905,81.2433,
100,8,1048576,8192,hyprefill,1024/1024/1024,graph,164,85.2339,17.6171,85.2866,85.2339,
100,8,1048576,8192,hyprefill,1024/1024/1024,graph,165,81.3257,17.6171,81.3772,81.3257,
100,8,1048576,8192,hyprefill,1024/1024/1024,graph,166,81.1393,17.6171,81.1896,81.1393,
100,8,1048576,8192,hyprefill,1024/1024/1024,graph,167,84.4424,17.6171,84.4907,84.4424,
100,8,1048576,8192,hyprefill,1024/1024/1024,graph,168,82.5685,17.3425,82.6234,82.5685,
100,8,1048576,8192,hyprefill,1024/1024/1024,graph,169,84.0018,17.3425,84.0929,84.0018,
100,8,1048576,8192,hyprefill,1024/1024/1024,graph,170,83.9008,17.0679,83.9552,83.9008,
100,8,1048576,8192,hyprefill,1024/1024/1024,graph,171,83.4386,17.0679,83.4876,83.4386,
100,8,1048576,8192,hyprefill,1024/1024/1024,graph,172,82.4221,16.7934,82.4675,82.4221,
100,8,1048576,8192,hyprefill,1024/1024/1024,graph,173,83.3369,16.7934,83.3854,83.3369,
100,8,1048576,8192,hyprefill,1024/1024/1024,graph,174,79.7858,16.7934,79.8342,79.7858,
100,8,1048576,8192,hyprefill,1024/1024/1024,graph,175,81.9710,16.7934,82.0162,81.9710,
100,8,1048576,8192,hyprefill,1024/1024/1024,graph,176,80.6176,16.7934,80.6666,80.6176,
100,8,1048576,8192,hyprefill,1024/1024/1024,graph,177,81.4315,16.7934,81.4841,81.4315,
100,8,1048576,8192,hyprefill,1024/1024/1024,graph,178,82.5890,16.7934,82.6438,82.5890,
100,8,1048576,8192,hyprefill,1024/1024/1024,graph,179,82.2972,16.7934,82.3457,82.2972,
100,8,1048576,8192,hyprefill,1024/1024/1024,graph,180,80.0874,16.7934,80.1346,80.0874,
100,8,1048576,8192,hyprefill,1024/1024/1024,graph,181,81.8550,16.7934,81.9067,81.8550,
100,8,1048576,8192,hyprefill,1024/1024/1024,graph,182,82.9319,16.7934,82.9781,82.9319,
100,8,1048576,8192,hyprefill,1024/1024/1024,graph,183,80.9025,16.7934,80.9463,80.9025,
100,8,1048576,8192,hyprefill,1024/1024/1024,graph,184,82.8057,16.7934,82.8503,82.8057,
100,8,1048576,8192,hyprefill,1024/1024/1024,graph,185,82.2453,16.7934,82.2934,82.2453,
100,8,1048576,8192,hyprefill,1024/1024/1024,graph,186,83.3130,16.7934,83.3583,83.3130,
100,8,1048576,8192,hyprefill,1024/1024/1024,graph,187,81.0394,16.7934,81.0840,81.0394,
100,8,1048576,8192,hyprefill,1024/1024/1024,graph,188,83.9351,16.7934,83.9800,83.9351,
100,8,1048576,8192,hyprefill,1024/1024/1024,graph,189,80.3332,16.7934,80.3781,80.3332,
100,8,1048576,8192,hyprefill,1024/1024/1024,graph,190,83.3858,16.7934,83.4306,83.3858,
100,8,1048576,8192,hyprefill,1024/1024/1024,graph,191,83.2751,16.7934,83.3201,83.2751,
100,8,1048576,8192,hyprefill,1024/1024/1024,graph,192,79.8799,16.7934,79.9245,79.8799,
100,8,1048576,8192,hyprefill,1024/1024/1024,graph,193,81.2946,16.7934,81.3382,81.2946,
100,8,1048576,8192,hyprefill,1024/1024/1024,graph,194,83.6513,16.7934,83.6953,83.6513,
100,8,1048576,8192,hyprefill,1024/1024/1024,graph,195,83.8762,16.7934,83.9229,83.8762,
100,8,1048576,8192,hyprefill,1024/1024/1024,graph,196,83.0541,16.7934,83.1056,83.0541,
100,8,1048576,8192,hyprefill,1024/1024/1024,graph,197,85.3918,16.7934,85.4358,85.3918,
100,8,1048576,8192,hyprefill,1024/1024/1024,graph,198,84.3545,16.7934,84.4052,84.3545,
100,8,1048576,8192,hyprefill,1024/1024/1024,graph,199,81.9717,16.7934,82.0162,81.9717,
100,8,1048576,8192,hyprefill,2048/2048/2048,graph,0,80.2867,15.9059,80.3326,80.2867,
100,8,1048576,8192,hyprefill,2048/2048/2048,graph,1,81.4750,15.9059,81.5311,81.4750,
100,8,1048576,8192,hyprefill,2048/2048/2048,graph,2,81.2402,15.9059,81.2886,81.2402,
100,8,1048576,8192,hyprefill,2048/2048/2048,graph,3,79.2486,15.9059,79.2950,79.2486,
100,8,1048576,8192,hyprefill,2048/2048/2048,graph,4,80.9735,15.9059,81.0195,80.9735,
100,8,1048576,8192,hyprefill,2048/2048/2048,graph,5,80.9562,15.9059,81.0017,80.9562,
100,8,1048576,8192,hyprefill,2048/2048/2048,graph,6,78.2544,15.9059,78.3015,78.2544,
100,8,1048576,8192,hyprefill,2048/2048/2048,graph,7,80.6518,15.9059,80.6994,80.6518,
100,8,1048576,8192,hyprefill,2048/2048/2048,graph,8,78.0466,15.9059,78.0917,78.0466,
100,8,1048576,8192,hyprefill,2048/2048/2048,graph,9,81.2298,15.9059,81.2760,81.2298,
100,8,1048576,8192,hyprefill,2048/2048/2048,graph,10,80.7449,15.9059,80.7907,80.7449,
100,8,1048576,8192,hyprefill,2048/2048/2048,graph,11,78.9511,15.9059,78.9957,78.9511,
100,8,1048576,8192,hyprefill,2048/2048/2048,graph,12,81.1042,15.9059,81.1499,81.1042,
100,8,1048576,8192,hyprefill,2048/2048/2048,graph,13,81.6606,15.9059,81.7080,81.6606,
100,8,1048576,8192,hyprefill,2048/2048/2048,graph,14,77.5549,15.9059,77.6015,77.5549,
100,8,1048576,8192,hyprefill,2048/2048/2048,graph,15,80.5692,15.9059,80.6135,80.5692,
100,8,1048576,8192,hyprefill,2048/2048/2048,graph,16,77.5616,15.9059,77.6069,77.5616,
100,8,1048576,8192,hyprefill,2048/2048/2048,graph,17,81.4962,15.9059,81.5415,81.4962,
100,8,1048576,8192,hyprefill,2048/2048/2048,graph,18,81.3916,15.9059,81.4387,81.3916,
100,8,1048576,8192,hyprefill,2048/2048/2048,graph,19,81.3244,15.9059,81.3692,81.3244,
100,8,1048576,8192,hyprefill,2048/2048/2048,graph,20,79.2506,15.9059,79.2953,79.2506,
100,8,1048576,8192,hyprefill,2048/2048/2048,graph,21,81.4538,15.9059,81.4982,81.4538,
100,8,1048576,8192,hyprefill,2048/2048/2048,graph,22,77.1743,15.9059,77.2232,77.1743,
100,8,1048576,8192,hyprefill,2048/2048/2048,graph,23,80.8110,15.9059,80.8570,80.8110,
100,8,1048576,8192,hyprefill,2048/2048/2048,graph,24,82.1131,15.9059,82.1669,82.1131,
100,8,1048576,8192,hyprefill,2048/2048/2048,graph,25,78.9007,15.9059,78.9502,78.9007,
100,8,1048576,8192,hyprefill,2048/2048/2048,graph,26,80.5128,15.9059,80.5587,80.5128,
100,8,1048576,8192,hyprefill,2048/2048/2048,graph,27,80.0622,15.9059,80.1135,80.0622,
100,8,1048576,8192,hyprefill,2048/2048/2048,graph,28,77.2551,15.9059,77.2992,77.2551,
100,8,1048576,8192,hyprefill,2048/2048/2048,graph,29,81.0103,15.9059,81.0559,81.0103,
100,8,1048576,8192,hyprefill,2048/2048/2048,graph,30,77.2961,15.9059,77.3415,77.2961,
100,8,1048576,8192,hyprefill,2048/2048/2048,graph,31,79.2801,15.9059,79.3287,79.2801,
100,8,1048576,8192,hyprefill,2048/2048/2048,graph,32,82.3998,15.9059,82.4455,82.3998,
100,8,1048576,8192,hyprefill,2048/2048/2048,graph,33,77.4521,15.9059,77.4975,77.4521,
100,8,1048576,8192,hyprefill,2048/2048/2048,graph,34,79.9751,15.9059,80.0207,79.9751,
100,8,1048576,8192,hyprefill,2048/2048/2048,graph,35,77.5998,15.9059,77.6449,77.5998,
100,8,1048576,8192,hyprefill,2048/2048/2048,graph,36,78.3867,15.9059,78.4330,78.3867,
100,8,1048576,8192,hyprefill,2048/2048/2048,graph,37,80.5680,15.9059,80.6134,80.5680,
100,8,1048576,8192,hyprefill,2048/2048/2048,graph,38,77.7737,15.9059,77.8181,77.7737,
100,8,1048576,8192,hyprefill,2048/2048/2048,graph,39,79.4648,15.9059,79.5144,79.4648,
100,8,1048576,8192,hyprefill,2048/2048/2048,graph,40,82.1913,15.9059,82.2408,82.1913,
100,8,1048576,8192,hyprefill,2048/2048/2048,graph,41,81.0024,15.9059,81.0505,81.0024,
100,8,1048576,8192,hyprefill,2048/2048/2048,graph,42,81.4080,15.9059,81.4516,81.4080,
100,8,1048576,8192,hyprefill,2048/2048/2048,graph,43,78.5612,15.9059,78.6089,78.5612,
100,8,1048576,8192,hyprefill,2048/2048/2048,graph,44,80.7504,15.9059,80.7972,80.7504,
100,8,1048576,8192,hyprefill,2048/2048/2048,graph,45,79.2884,15.9059,79.3338,79.2884,
100,8,1048576,8192,hyprefill,2048/2048/2048,graph,46,80.5267,15.9059,80.5723,80.5267,
100,8,1048576,8192,hyprefill,2048/2048/2048,graph,47,79.6701,15.9059,79.7152,79.6701,
100,8,1048576,8192,hyprefill,2048/2048/2048,graph,48,79.7258,15.9059,79.7712,79.7258,
100,8,1048576,8192,hyprefill,2048/2048/2048,graph,49,78.5325,15.9059,78.5855,78.5325,
100,8,1048576,8192,hyprefill,2048/2048/2048,graph,50,80.4842,15.9059,80.5346,80.4842,
100,8,1048576,8192,hyprefill,2048/2048/2048,graph,51,80.5151,15.9059,80.5639,80.5151,
100,8,1048576,8192,hyprefill,2048/2048/2048,graph,52,79.4273,15.9059,79.4737,79.4273,
100,8,1048576,8192,hyprefill,2048/2048/2048,graph,53,80.8774,15.9059,80.9221,80.8774,
100,8,1048576,8192,hyprefill,2048/2048/2048,graph,54,81.4551,15.9059,81.5079,81.4551,
100,8,1048576,8192,hyprefill,2048/2048/2048,graph,55,81.1062,15.9059,81.1574,81.1062,
100,8,1048576,8192,hyprefill,2048/2048/2048,graph,56,80.2332,15.9059,80.2870,80.2332,
100,8,1048576,8192,hyprefill,2048/2048/2048,graph,57,80.1589,15.9059,80.2066,80.1589,
100,8,1048576,8192,hyprefill,2048/2048/2048,graph,58,80.4355,15.9059,80.4815,80.4355,
100,8,1048576,8192,hyprefill,2048/2048/2048,graph,59,79.0497,15.9059,79.0991,79.0497,
100,8,1048576,8192,hyprefill,2048/2048/2048,graph,60,80.8623,15.9059,80.9124,80.8623,
100,8,1048576,8192,hyprefill,2048/2048/2048,graph,61,79.0182,15.9059,79.0663,79.0182,
100,8,1048576,8192,hyprefill,2048/2048/2048,graph,62,78.3556,15.9059,78.4033,78.3556,
100,8,1048576,8192,hyprefill,2048/2048/2048,graph,63,79.7890,15.9059,79.8361,79.7890,
100,8,1048576,8192,hyprefill,2048/2048/2048,graph,64,79.4567,15.9059,79.5028,79.4567,
100,8,1048576,8192,hyprefill,2048/2048/2048,graph,65,80.3524,15.9059,80.3965,80.3524,
100,8,1048576,8192,hyprefill,2048/2048/2048,graph,66,79.4617,15.9059,79.5069,79.4617,
100,8,1048576,8192,hyprefill,2048/2048/2048,graph,67,79.9438,15.9059,79.9933,79.9438,
100,8,1048576,8192,hyprefill,2048/2048/2048,graph,68,79.0337,15.9059,79.0838,79.0337,
100,8,1048576,8192,hyprefill,2048/2048/2048,graph,69,78.6498,15.9059,78.6959,78.6498,
100,8,1048576,8192,hyprefill,2048/2048/2048,graph,70,80.1359,15.9059,80.1838,80.1359,
100,8,1048576,8192,hyprefill,2048/2048/2048,graph,71,79.5611,15.9059,79.6177,79.5611,
100,8,1048576,8192,hyprefill,2048/2048/2048,graph,72,78.4610,15.6314,78.5075,78.4610,
100,8,1048576,8192,hyprefill,2048/2048/2048,graph,73,78.7300,15.6314,78.7768,78.7300,
100,8,1048576,8192,hyprefill,2048/2048/2048,graph,74,76.6544,15.3568,76.7020,76.6544,
100,8,1048576,8192,hyprefill,2048/2048/2048,graph,75,78.9323,15.3568,78.9819,78.9323,
100,8,1048576,8192,hyprefill,2048/2048/2048,graph,76,75.6202,15.0822,75.6659,75.6202,
100,8,1048576,8192,hyprefill,2048/2048/2048,graph,77,77.7947,15.0822,77.8396,77.7947,
100,8,1048576,8192,hyprefill,2048/2048/2048,graph,78,77.9279,15.0822,77.9744,77.9279,
100,8,1048576,8192,hyprefill,2048/2048/2048,graph,79,76.8579,15.0822,76.9199,76.8579,
100,8,1048576,8192,hyprefill,2048/2048/2048,graph,80,78.4970,15.0822,78.5471,78.4970,
100,8,1048576,8192,hyprefill,2048/2048/2048,graph,81,77.1448,15.0822,77.1918,77.1448,
100,8,1048576,8192,hyprefill,2048/2048/2048,graph,82,76.2444,15.0822,76.2907,76.2444,
100,8,1048576,8192,hyprefill,2048/2048/2048,graph,83,75.4256,15.0822,75.4766,75.4256,
100,8,1048576,8192,hyprefill,2048/2048/2048,graph,84,76.2196,15.0822,76.2677,76.2196,
100,8,1048576,8192,hyprefill,2048/2048/2048,graph,85,77.3908,15.0822,77.4363,77.3908,
100,8,1048576,8192,hyprefill,2048/2048/2048,graph,86,79.0427,15.0822,79.0880,79.0427,
100,8,1048576,8192,hyprefill,2048/2048/2048,graph,87,78.4323,15.0822,78.4807,78.4323,
100,8,1048576,8192,hyprefill,2048/2048/2048,graph,88,79.6220,15.3568,79.6712,79.6220,
100,8,1048576,8192,hyprefill,2048/2048/2048,graph,89,79.1243,15.3568,79.1696,79.1243,
100,8,1048576,8192,hyprefill,2048/2048/2048,graph,90,77.4453,15.6314,77.4917,77.4453,
100,8,1048576,8192,hyprefill,2048/2048/2048,graph,91,80.7436,15.6314,80.7908,80.7436,
100,8,1048576,8192,hyprefill,2048/2048/2048,graph,92,80.9792,15.9059,81.0254,80.9792,
100,8,1048576,8192,hyprefill,2048/2048/2048,graph,93,80.1678,15.9059,80.2142,80.1678,
100,8,1048576,8192,hyprefill,2048/2048/2048,graph,94,79.3351,15.9059,79.4030,79.3351,
100,8,1048576,8192,hyprefill,2048/2048/2048,graph,95,81.7400,15.9059,81.7862,81.7400,
100,8,1048576,8192,hyprefill,2048/2048/2048,graph,96,80.0314,15.9059,80.0773,80.0314,
100,8,1048576,8192,hyprefill,2048/2048/2048,graph,97,80.0126,15.9059,80.0636,80.0126,
100,8,1048576,8192,hyprefill,2048/2048/2048,graph,98,81.0999,15.9059,81.1469,81.0999,
100,8,1048576,8192,hyprefill,2048/2048/2048,graph,99,79.5642,15.9059,79.6111,79.5642,
100,8,1048576,8192,hyprefill,2048/2048/2048,graph,100,79.1662,15.9059,79.2200,79.1662,
100,8,1048576,8192,hyprefill,2048/2048/2048,graph,101,81.6981,15.9059,81.7469,81.6981,
100,8,1048576,8192,hyprefill,2048/2048/2048,graph,102,81.5054,15.9059,81.5527,81.5054,
100,8,1048576,8192,hyprefill,2048/2048/2048,graph,103,79.9790,15.9059,80.0246,79.9790,
100,8,1048576,8192,hyprefill,2048/2048/2048,graph,104,79.6645,15.9059,79.7103,79.6645,
100,8,1048576,8192,hyprefill,2048/2048/2048,graph,105,81.7060,15.9059,81.7762,81.7060,
100,8,1048576,8192,hyprefill,2048/2048/2048,graph,106,77.0828,15.9059,77.1344,77.0828,
100,8,1048576,8192,hyprefill,2048/2048/2048,graph,107,79.8276,15.9059,79.8714,79.8276,
100,8,1048576,8192,hyprefill,2048/2048/2048,graph,108,79.9745,15.9059,80.0288,79.9745,
100,8,1048576,8192,hyprefill,2048/2048/2048,graph,109,77.3691,15.9059,77.4154,77.3691,
100,8,1048576,8192,hyprefill,2048/2048/2048,graph,110,78.1637,15.9059,78.2095,78.1637,
100,8,1048576,8192,hyprefill,2048/2048/2048,graph,111,78.7179,15.9059,78.7700,78.7179,
100,8,1048576,8192,hyprefill,2048/2048/2048,graph,112,79.0944,15.9059,79.1421,79.0944,
100,8,1048576,8192,hyprefill,2048/2048/2048,graph,113,81.4785,15.9059,81.5295,81.4785,
100,8,1048576,8192,hyprefill,2048/2048/2048,graph,114,79.9197,15.9059,79.9675,79.9197,
100,8,1048576,8192,hyprefill,2048/2048/2048,graph,115,78.7183,15.9059,78.7647,78.7183,
100,8,1048576,8192,hyprefill,2048/2048/2048,graph,116,80.2892,15.9059,80.3359,80.2892,
100,8,1048576,8192,hyprefill,2048/2048/2048,graph,117,79.9412,15.9059,79.9946,79.9412,
100,8,1048576,8192,hyprefill,2048/2048/2048,graph,118,79.1627,15.9059,79.2109,79.1627,
100,8,1048576,8192,hyprefill,2048/2048/2048,graph,119,80.6306,15.9059,80.6927,80.6306,
100,8,1048576,8192,hyprefill,2048/2048/2048,graph,120,80.7228,15.9059,80.7744,80.7228,
100,8,1048576,8192,hyprefill,2048/2048/2048,graph,121,79.3636,15.9059,79.4192,79.3636,
100,8,1048576,8192,hyprefill,2048/2048/2048,graph,122,77.5025,15.9059,77.5522,77.5025,
100,8,1048576,8192,hyprefill,2048/2048/2048,graph,123,80.7699,15.9059,80.8190,80.7699,
100,8,1048576,8192,hyprefill,2048/2048/2048,graph,124,81.3912,15.9059,81.4405,81.3912,
100,8,1048576,8192,hyprefill,2048/2048/2048,graph,125,80.2196,15.9059,80.2773,80.2196,
100,8,1048576,8192,hyprefill,2048/2048/2048,graph,126,80.6188,15.9059,80.6678,80.6188,
100,8,1048576,8192,hyprefill,2048/2048/2048,graph,127,81.0011,15.9059,81.0505,81.0011,
100,8,1048576,8192,hyprefill,2048/2048/2048,graph,128,78.9572,15.9059,79.0142,78.9572,
100,8,1048576,8192,hyprefill,2048/2048/2048,graph,129,79.0098,15.9059,79.0691,79.0098,
100,8,1048576,8192,hyprefill,2048/2048/2048,graph,130,81.7279,15.9059,81.8329,81.7279,
100,8,1048576,8192,hyprefill,2048/2048/2048,graph,131,80.3073,15.9059,80.3591,80.3073,
100,8,1048576,8192,hyprefill,2048/2048/2048,graph,132,80.8359,15.9059,80.8886,80.8359,
100,8,1048576,8192,hyprefill,2048/2048/2048,graph,133,80.5215,15.9059,80.5744,80.5215,
100,8,1048576,8192,hyprefill,2048/2048/2048,graph,134,78.1694,15.9059,78.2203,78.1694,
100,8,1048576,8192,hyprefill,2048/2048/2048,graph,135,80.1915,15.9059,80.2415,80.1915,
100,8,1048576,8192,hyprefill,2048/2048/2048,graph,136,80.2418,15.9059,80.2947,80.2418,
100,8,1048576,8192,hyprefill,2048/2048/2048,graph,137,81.6476,15.9059,81.7086,81.6476,
100,8,1048576,8192,hyprefill,2048/2048/2048,graph,138,77.7557,15.9059,77.8047,77.7557,
100,8,1048576,8192,hyprefill,2048/2048/2048,graph,139,80.6093,15.9059,80.6572,80.6093,
100,8,1048576,8192,hyprefill,2048/2048/2048,graph,140,80.3052,15.9059,80.3602,80.3052,
100,8,1048576,8192,hyprefill,2048/2048/2048,graph,141,81.1963,15.9059,81.2516,81.1963,
100,8,1048576,8192,hyprefill,2048/2048/2048,graph,142,81.0265,15.9059,81.0750,81.0265,
100,8,1048576,8192,hyprefill,2048/2048/2048,graph,143,81.5330,15.9059,81.5846,81.5330,
100,8,1048576,8192,hyprefill,2048/2048/2048,graph,144,80.3539,15.9059,80.4055,80.3539,
100,8,1048576,8192,hyprefill,2048/2048/2048,graph,145,79.9755,15.9059,80.0313,79.9755,
100,8,1048576,8192,hyprefill,2048/2048/2048,graph,146,80.0097,15.9059,80.0577,80.0097,
100,8,1048576,8192,hyprefill,2048/2048/2048,graph,147,77.7975,15.9059,77.8494,77.7975,
100,8,1048576,8192,hyprefill,2048/2048/2048,graph,148,80.2417,15.9059,80.2936,80.2417,
100,8,1048576,8192,hyprefill,2048/2048/2048,graph,149,80.4187,15.9059,80.4706,80.4187,
100,8,1048576,8192,hyprefill,2048/2048/2048,graph,150,79.9349,15.9059,79.9844,79.9349,
100,8,1048576,8192,hyprefill,2048/2048/2048,graph,151,79.9559,15.9059,80.0042,79.9559,
100,8,1048576,8192,hyprefill,2048/2048/2048,graph,152,79.3964,15.9059,79.4470,79.3964,
100,8,1048576,8192,hyprefill,2048/2048/2048,graph,153,77.7948,15.9059,77.8416,77.7948,
100,8,1048576,8192,hyprefill,2048/2048/2048,graph,154,77.9079,15.9059,77.9529,77.9079,
100,8,1048576,8192,hyprefill,2048/2048/2048,graph,155,80.5453,15.9059,80.5912,80.5453,
100,8,1048576,8192,hyprefill,2048/2048/2048,graph,156,77.8970,15.9059,77.9413,77.8970,
100,8,1048576,8192,hyprefill,2048/2048/2048,graph,157,79.7756,15.9059,79.8207,79.7756,
100,8,1048576,8192,hyprefill,2048/2048/2048,graph,158,77.2234,15.9059,77.2719,77.2234,
100,8,1048576,8192,hyprefill,2048/2048/2048,graph,159,78.4555,15.9059,78.5032,78.4555,
100,8,1048576,8192,hyprefill,2048/2048/2048,graph,160,79.4065,15.9059,79.4563,79.4065,
100,8,1048576,8192,hyprefill,2048/2048/2048,graph,161,78.2812,15.9059,78.3266,78.2812,
100,8,1048576,8192,hyprefill,2048/2048/2048,graph,162,79.6530,15.9059,79.7004,79.6530,
100,8,1048576,8192,hyprefill,2048/2048/2048,graph,163,80.9292,15.9059,80.9746,80.9292,
100,8,1048576,8192,hyprefill,2048/2048/2048,graph,164,80.1097,15.9059,80.1613,80.1097,
100,8,1048576,8192,hyprefill,2048/2048/2048,graph,165,79.2028,15.9059,79.2489,79.2028,
100,8,1048576,8192,hyprefill,2048/2048/2048,graph,166,79.1979,15.9059,79.2475,79.1979,
100,8,1048576,8192,hyprefill,2048/2048/2048,graph,167,77.6880,15.9059,77.7349,77.6880,
100,8,1048576,8192,hyprefill,2048/2048/2048,graph,168,79.4119,15.6314,79.4570,79.4119,
100,8,1048576,8192,hyprefill,2048/2048/2048,graph,169,77.0753,15.6314,77.1236,77.0753,
100,8,1048576,8192,hyprefill,2048/2048/2048,graph,170,79.3341,15.3568,79.3810,79.3341,
100,8,1048576,8192,hyprefill,2048/2048/2048,graph,171,75.7907,15.3568,75.8377,75.7907,
100,8,1048576,8192,hyprefill,2048/2048/2048,graph,172,78.0644,15.0822,78.1071,78.0644,
100,8,1048576,8192,hyprefill,2048/2048/2048,graph,173,76.0580,15.0822,76.1041,76.0580,
100,8,1048576,8192,hyprefill,2048/2048/2048,graph,174,75.1103,15.0822,75.1589,75.1103,
100,8,1048576,8192,hyprefill,2048/2048/2048,graph,175,79.7133,15.0822,79.7692,79.7133,
100,8,1048576,8192,hyprefill,2048/2048/2048,graph,176,77.1596,15.0822,77.2071,77.1596,
100,8,1048576,8192,hyprefill,2048/2048/2048,graph,177,75.4907,15.0822,75.5363,75.4907,
100,8,1048576,8192,hyprefill,2048/2048/2048,graph,178,77.7086,15.0822,77.7548,77.7086,
100,8,1048576,8192,hyprefill,2048/2048/2048,graph,179,75.5125,15.0822,75.5611,75.5125,
100,8,1048576,8192,hyprefill,2048/2048/2048,graph,180,77.1601,15.0822,77.2069,77.1601,
100,8,1048576,8192,hyprefill,2048/2048/2048,graph,181,77.7075,15.0822,77.7528,77.7075,
100,8,1048576,8192,hyprefill,2048/2048/2048,graph,182,77.0987,15.0822,77.1473,77.0987,
100,8,1048576,8192,hyprefill,2048/2048/2048,graph,183,79.2307,15.0822,79.2806,79.2307,
100,8,1048576,8192,hyprefill,2048/2048/2048,graph,184,78.8207,15.3568,78.8673,78.8207,
100,8,1048576,8192,hyprefill,2048/2048/2048,graph,185,78.9951,15.3568,79.0403,78.9951,
100,8,1048576,8192,hyprefill,2048/2048/2048,graph,186,80.1018,15.6314,80.1473,80.1018,
100,8,1048576,8192,hyprefill,2048/2048/2048,graph,187,81.0419,15.6314,81.0866,81.0419,
100,8,1048576,8192,hyprefill,2048/2048/2048,graph,188,78.2027,15.9059,78.2502,78.2027,
100,8,1048576,8192,hyprefill,2048/2048/2048,graph,189,79.4224,15.9059,79.4678,79.4224,
100,8,1048576,8192,hyprefill,2048/2048/2048,graph,190,80.1760,15.9059,80.2212,80.1760,
100,8,1048576,8192,hyprefill,2048/2048/2048,graph,191,80.2044,15.9059,80.2494,80.2044,
100,8,1048576,8192,hyprefill,2048/2048/2048,graph,192,80.6303,15.9059,80.6746,80.6303,
100,8,1048576,8192,hyprefill,2048/2048/2048,graph,193,82.2819,15.9059,82.3263,82.2819,
100,8,1048576,8192,hyprefill,2048/2048/2048,graph,194,81.5303,15.9059,81.5779,81.5303,
100,8,1048576,8192,hyprefill,2048/2048/2048,graph,195,79.8932,15.9059,79.9410,79.8932,
100,8,1048576,8192,hyprefill,2048/2048/2048,graph,196,81.7746,15.9059,81.8207,81.7746,
100,8,1048576,8192,hyprefill,2048/2048/2048,graph,197,82.1982,15.9059,82.2462,82.1982,
100,8,1048576,8192,hyprefill,2048/2048/2048,graph,198,80.2174,15.9059,80.2633,80.2174,
100,8,1048576,8192,hyprefill,2048/2048/2048,graph,199,81.0085,15.9059,81.0541,81.0085,
100,8,1048576,8192,hyprefill,256/256/256,graph,0,73.4964,23.6381,73.5428,73.4964,
100,8,1048576,8192,hyprefill,256/256/256,graph,1,78.9601,23.6381,78.9860,78.9601,
100,8,1048576,8192,hyprefill,256/256/256,graph,2,78.9104,23.6381,78.9312,78.9104,
100,8,1048576,8192,hyprefill,256/256/256,graph,3,78.5527,23.6381,78.5728,78.5527,
100,8,1048576,8192,hyprefill,256/256/256,graph,4,78.9935,23.6381,79.0113,78.9935,
100,8,1048576,8192,hyprefill,256/256/256,graph,5,78.9162,23.6381,78.9426,78.9162,
100,8,1048576,8192,hyprefill,256/256/256,graph,6,79.5345,23.6381,79.5535,79.5345,
100,8,1048576,8192,hyprefill,256/256/256,graph,7,79.4720,23.6381,79.4916,79.4720,
100,8,1048576,8192,hyprefill,256/256/256,graph,8,78.9501,23.6381,79.0090,78.9501,
100,8,1048576,8192,hyprefill,256/256/256,graph,9,78.5229,23.6381,78.5517,78.5229,
100,8,1048576,8192,hyprefill,256/256/256,graph,10,82.1138,23.6381,82.1455,82.1138,
100,8,1048576,8192,hyprefill,256/256/256,graph,11,92.6486,23.6381,92.6705,92.6486,
100,8,1048576,8192,hyprefill,256/256/256,graph,12,83.0128,23.6381,83.0333,83.0128,
100,8,1048576,8192,hyprefill,256/256/256,graph,13,80.7205,23.6381,80.7422,80.7205,
100,8,1048576,8192,hyprefill,256/256/256,graph,14,78.0388,23.6381,78.0578,78.0388,
100,8,1048576,8192,hyprefill,256/256/256,graph,15,80.3470,23.6381,80.3731,80.3470,
100,8,1048576,8192,hyprefill,256/256/256,graph,16,79.9937,23.6381,80.0127,79.9937,
100,8,1048576,8192,hyprefill,256/256/256,graph,17,79.9869,23.6381,80.0058,79.9869,
100,8,1048576,8192,hyprefill,256/256/256,graph,18,79.7708,23.6381,79.7909,79.7708,
100,8,1048576,8192,hyprefill,256/256/256,graph,19,80.1598,23.6381,80.1796,80.1598,
100,8,1048576,8192,hyprefill,256/256/256,graph,20,78.9713,23.6381,78.9895,78.9713,
100,8,1048576,8192,hyprefill,256/256/256,graph,21,80.2364,23.6381,80.2544,80.2364,
100,8,1048576,8192,hyprefill,256/256/256,graph,22,84.4919,23.6381,84.5152,84.4919,
100,8,1048576,8192,hyprefill,256/256/256,graph,23,85.7334,23.6381,85.7621,85.7334,
100,8,1048576,8192,hyprefill,256/256/256,graph,24,85.6668,23.6381,85.6896,85.6668,
100,8,1048576,8192,hyprefill,256/256/256,graph,25,81.3541,23.6381,81.3783,81.3541,
100,8,1048576,8192,hyprefill,256/256/256,graph,26,78.3484,23.6381,78.3715,78.3484,
100,8,1048576,8192,hyprefill,256/256/256,graph,27,79.5709,23.6381,79.5921,79.5709,
100,8,1048576,8192,hyprefill,256/256/256,graph,28,79.0809,23.6381,79.1057,79.0809,
100,8,1048576,8192,hyprefill,256/256/256,graph,29,79.6343,23.6381,79.6559,79.6343,
100,8,1048576,8192,hyprefill,256/256/256,graph,30,79.4993,23.6381,79.5222,79.4993,
100,8,1048576,8192,hyprefill,256/256/256,graph,31,79.9636,23.6381,79.9859,79.9636,
100,8,1048576,8192,hyprefill,256/256/256,graph,32,79.9375,23.6381,79.9584,79.9375,
100,8,1048576,8192,hyprefill,256/256/256,graph,33,79.7823,23.6381,79.8021,79.7823,
100,8,1048576,8192,hyprefill,256/256/256,graph,34,82.2150,23.6381,82.2345,82.2150,
100,8,1048576,8192,hyprefill,256/256/256,graph,35,82.6176,23.6381,82.6380,82.6176,
100,8,1048576,8192,hyprefill,256/256/256,graph,36,84.7721,23.6381,84.7949,84.7721,
100,8,1048576,8192,hyprefill,256/256/256,graph,37,82.0566,23.6381,82.0793,82.0566,
100,8,1048576,8192,hyprefill,256/256/256,graph,38,81.8992,23.6381,81.9233,81.8992,
100,8,1048576,8192,hyprefill,256/256/256,graph,39,78.7859,23.6381,78.8053,78.7859,
100,8,1048576,8192,hyprefill,256/256/256,graph,40,80.5220,23.6381,80.5412,80.5220,
100,8,1048576,8192,hyprefill,256/256/256,graph,41,80.4502,23.6381,80.4713,80.4502,
100,8,1048576,8192,hyprefill,256/256/256,graph,42,78.7983,23.6381,78.8210,78.7983,
100,8,1048576,8192,hyprefill,256/256/256,graph,43,79.5110,23.6381,79.5337,79.5110,
100,8,1048576,8192,hyprefill,256/256/256,graph,44,80.0711,23.6381,80.0880,80.0711,
100,8,1048576,8192,hyprefill,256/256/256,graph,45,80.3920,23.6381,80.4094,80.3920,
100,8,1048576,8192,hyprefill,256/256/256,graph,46,81.8795,23.6381,81.9006,81.8795,
100,8,1048576,8192,hyprefill,256/256/256,graph,47,81.3094,23.6381,81.3353,81.3094,
100,8,1048576,8192,hyprefill,256/256/256,graph,48,81.7556,23.6381,81.7751,81.7556,
100,8,1048576,8192,hyprefill,256/256/256,graph,49,83.0586,23.6381,83.0789,83.0586,
100,8,1048576,8192,hyprefill,256/256/256,graph,50,80.7172,23.6381,80.7429,80.7172,
100,8,1048576,8192,hyprefill,256/256/256,graph,51,79.8702,23.6381,79.8916,79.8702,
100,8,1048576,8192,hyprefill,256/256/256,graph,52,79.9103,23.6381,79.9302,79.9103,
100,8,1048576,8192,hyprefill,256/256/256,graph,53,79.6676,23.6381,79.6853,79.6676,
100,8,1048576,8192,hyprefill,256/256/256,graph,54,78.6251,23.6381,78.6448,78.6251,
100,8,1048576,8192,hyprefill,256/256/256,graph,55,79.2439,23.6381,79.2646,79.2439,
100,8,1048576,8192,hyprefill,256/256/256,graph,56,79.8655,23.6381,79.8862,79.8655,
100,8,1048576,8192,hyprefill,256/256/256,graph,57,80.7407,23.6381,80.7586,80.7407,
100,8,1048576,8192,hyprefill,256/256/256,graph,58,80.5208,23.6381,80.5384,80.5208,
100,8,1048576,8192,hyprefill,256/256/256,graph,59,81.0689,23.6381,81.0864,81.0689,
100,8,1048576,8192,hyprefill,256/256/256,graph,60,82.2547,23.6381,82.2730,82.2547,
100,8,1048576,8192,hyprefill,256/256/256,graph,61,82.2220,23.6381,82.2408,82.2220,
100,8,1048576,8192,hyprefill,256/256/256,graph,62,80.9723,23.6381,80.9913,80.9723,
100,8,1048576,8192,hyprefill,256/256/256,graph,63,80.5506,23.6381,80.5707,80.5506,
100,8,1048576,8192,hyprefill,256/256/256,graph,64,80.0373,23.6381,80.0581,80.0373,
100,8,1048576,8192,hyprefill,256/256/256,graph,65,79.1352,23.6381,79.1579,79.1352,
100,8,1048576,8192,hyprefill,256/256/256,graph,66,79.8475,23.6381,79.8680,79.8475,
100,8,1048576,8192,hyprefill,256/256/256,graph,67,78.6063,23.6381,78.6246,78.6063,
100,8,1048576,8192,hyprefill,256/256/256,graph,68,80.6438,23.6381,80.6643,80.6438,
100,8,1048576,8192,hyprefill,256/256/256,graph,69,80.6388,23.6381,80.6584,80.6388,
100,8,1048576,8192,hyprefill,256/256/256,graph,70,80.1190,23.6381,80.1408,80.1190,
100,8,1048576,8192,hyprefill,256/256/256,graph,71,80.6346,23.6381,80.6588,80.6346,
100,8,1048576,8192,hyprefill,256/256/256,graph,72,80.3287,23.6381,80.3600,80.3287,
100,8,1048576,8192,hyprefill,256/256/256,graph,73,81.4883,23.6381,81.5118,81.4883,
100,8,1048576,8192,hyprefill,256/256/256,graph,74,81.5540,23.6381,81.5825,81.5540,
100,8,1048576,8192,hyprefill,256/256/256,graph,75,81.2808,23.6381,81.3024,81.2808,
100,8,1048576,8192,hyprefill,256/256/256,graph,76,79.9260,23.6381,79.9464,79.9260,
100,8,1048576,8192,hyprefill,256/256/256,graph,77,79.9535,23.6381,79.9720,79.9535,
100,8,1048576,8192,hyprefill,256/256/256,graph,78,79.8860,23.6381,79.9037,79.8860,
100,8,1048576,8192,hyprefill,256/256/256,graph,79,77.3383,23.6381,77.3559,77.3383,
100,8,1048576,8192,hyprefill,256/256/256,graph,80,81.2028,23.6381,81.2215,81.2028,
100,8,1048576,8192,hyprefill,256/256/256,graph,81,80.9074,23.6381,80.9248,80.9074,
100,8,1048576,8192,hyprefill,256/256/256,graph,82,80.0197,23.6381,80.0369,80.0197,
100,8,1048576,8192,hyprefill,256/256/256,graph,83,79.9122,23.6381,79.9322,79.9122,
100,8,1048576,8192,hyprefill,256/256/256,graph,84,81.1129,23.6381,81.1390,81.1129,
100,8,1048576,8192,hyprefill,256/256/256,graph,85,79.8331,23.6381,79.8887,79.8331,
100,8,1048576,8192,hyprefill,256/256/256,graph,86,79.3007,23.6381,79.3640,79.3007,
100,8,1048576,8192,hyprefill,256/256/256,graph,87,80.0540,23.6381,80.0760,80.0540,
100,8,1048576,8192,hyprefill,256/256/256,graph,88,80.1314,23.6381,80.1547,80.1314,
100,8,1048576,8192,hyprefill,256/256/256,graph,89,80.2701,23.6381,80.2906,80.2701,
100,8,1048576,8192,hyprefill,256/256/256,graph,90,78.9365,23.6381,78.9570,78.9365,
100,8,1048576,8192,hyprefill,256/256/256,graph,91,78.4425,23.6381,78.4644,78.4425,
100,8,1048576,8192,hyprefill,256/256/256,graph,92,80.5180,23.6381,80.5370,80.5180,
100,8,1048576,8192,hyprefill,256/256/256,graph,93,80.5122,23.6381,80.5311,80.5122,
100,8,1048576,8192,hyprefill,256/256/256,graph,94,79.5835,23.6381,79.6026,79.5835,
100,8,1048576,8192,hyprefill,256/256/256,graph,95,80.1079,23.6381,80.1300,80.1079,
100,8,1048576,8192,hyprefill,256/256/256,graph,96,80.6656,23.6381,80.6917,80.6656,
100,8,1048576,8192,hyprefill,256/256/256,graph,97,80.4834,23.6381,80.5168,80.4834,
100,8,1048576,8192,hyprefill,256/256/256,graph,98,79.3549,23.6381,79.3774,79.3549,
100,8,1048576,8192,hyprefill,256/256/256,graph,99,80.3757,23.6381,80.4011,80.3757,
100,8,1048576,8192,hyprefill,256/256/256,graph,100,79.7875,23.6381,79.8080,79.7875,
100,8,1048576,8192,hyprefill,256/256/256,graph,101,79.2100,23.6381,79.2326,79.2100,
100,8,1048576,8192,hyprefill,256/256/256,graph,102,79.5268,23.6381,79.5478,79.5268,
100,8,1048576,8192,hyprefill,256/256/256,graph,103,79.5221,23.6381,79.5419,79.5221,
100,8,1048576,8192,hyprefill,256/256/256,graph,104,78.7227,23.6381,78.7423,78.7227,
100,8,1048576,8192,hyprefill,256/256/256,graph,105,80.6900,23.6381,80.7090,80.6900,
100,8,1048576,8192,hyprefill,256/256/256,graph,106,79.9540,23.6381,79.9731,79.9540,
100,8,1048576,8192,hyprefill,256/256/256,graph,107,80.9222,23.6381,80.9412,80.9222,
100,8,1048576,8192,hyprefill,256/256/256,graph,108,80.8602,23.6381,80.8851,80.8602,
100,8,1048576,8192,hyprefill,256/256/256,graph,109,80.3190,23.6381,80.3420,80.3190,
100,8,1048576,8192,hyprefill,256/256/256,graph,110,79.3323,23.6381,79.3526,79.3323,
100,8,1048576,8192,hyprefill,256/256/256,graph,111,80.5499,23.6381,80.5716,80.5499,
100,8,1048576,8192,hyprefill,256/256/256,graph,112,78.8785,23.6381,78.9083,78.8785,
100,8,1048576,8192,hyprefill,256/256/256,graph,113,80.1542,23.6381,80.1745,80.1542,
100,8,1048576,8192,hyprefill,256/256/256,graph,114,79.7099,23.6381,79.7297,79.7099,
100,8,1048576,8192,hyprefill,256/256/256,graph,115,79.4401,23.6381,79.4590,79.4401,
100,8,1048576,8192,hyprefill,256/256/256,graph,116,79.5472,23.6381,79.5663,79.5472,
100,8,1048576,8192,hyprefill,256/256/256,graph,117,78.6923,23.6381,78.7116,78.6923,
100,8,1048576,8192,hyprefill,256/256/256,graph,118,80.0185,23.6381,80.0416,80.0185,
100,8,1048576,8192,hyprefill,256/256/256,graph,119,79.9430,23.6381,79.9627,79.9430,
100,8,1048576,8192,hyprefill,256/256/256,graph,120,80.8214,23.6381,80.8449,80.8214,
100,8,1048576,8192,hyprefill,256/256/256,graph,121,79.9920,23.6381,80.0225,79.9920,
100,8,1048576,8192,hyprefill,256/256/256,graph,122,80.1694,23.6381,80.2004,80.1694,
100,8,1048576,8192,hyprefill,256/256/256,graph,123,80.2258,23.6381,80.2483,80.2258,
100,8,1048576,8192,hyprefill,256/256/256,graph,124,78.5526,23.6381,78.5748,78.5526,
100,8,1048576,8192,hyprefill,256/256/256,graph,125,79.9649,23.6381,79.9876,79.9649,
100,8,1048576,8192,hyprefill,256/256/256,graph,126,79.8324,23.6381,79.8532,79.8324,
100,8,1048576,8192,hyprefill,256/256/256,graph,127,80.2637,23.6381,80.2817,80.2637,
100,8,1048576,8192,hyprefill,256/256/256,graph,128,79.7069,23.6381,79.7259,79.7069,
100,8,1048576,8192,hyprefill,256/256/256,graph,129,78.8299,23.6381,78.8518,78.8299,
100,8,1048576,8192,hyprefill,256/256/256,graph,130,80.5764,23.6381,80.5958,80.5764,
100,8,1048576,8192,hyprefill,256/256/256,graph,131,79.9733,23.6381,79.9930,79.9733,
100,8,1048576,8192,hyprefill,256/256/256,graph,132,80.4381,23.6381,80.4618,80.4381,
100,8,1048576,8192,hyprefill,256/256/256,graph,133,80.6533,23.6381,80.6752,80.6533,
100,8,1048576,8192,hyprefill,256/256/256,graph,134,80.4341,23.6381,80.4526,80.4341,
100,8,1048576,8192,hyprefill,256/256/256,graph,135,79.2237,23.6381,79.2418,79.2237,
100,8,1048576,8192,hyprefill,256/256/256,graph,136,78.6390,23.6381,78.6604,78.6390,
100,8,1048576,8192,hyprefill,256/256/256,graph,137,79.0459,23.6381,79.0653,79.0459,
100,8,1048576,8192,hyprefill,256/256/256,graph,138,80.1381,23.6381,80.1585,80.1381,
100,8,1048576,8192,hyprefill,256/256/256,graph,139,80.4792,23.6381,80.4982,80.4792,
100,8,1048576,8192,hyprefill,256/256/256,graph,140,79.9470,23.6381,79.9645,79.9470,
100,8,1048576,8192,hyprefill,256/256/256,graph,141,80.8376,23.6381,80.8576,80.8376,
100,8,1048576,8192,hyprefill,256/256/256,graph,142,78.8995,23.6381,78.9204,78.8995,
100,8,1048576,8192,hyprefill,256/256/256,graph,143,79.0993,23.6381,79.1192,79.0993,
100,8,1048576,8192,hyprefill,256/256/256,graph,144,80.3501,23.6381,80.3729,80.3501,
100,8,1048576,8192,hyprefill,256/256/256,graph,145,80.4197,23.6381,80.4378,80.4197,
100,8,1048576,8192,hyprefill,256/256/256,graph,146,80.5113,23.6381,80.5321,80.5113,
100,8,1048576,8192,hyprefill,256/256/256,graph,147,79.9378,23.6381,79.9643,79.9378,
100,8,1048576,8192,hyprefill,256/256/256,graph,148,80.6563,23.6381,80.6771,80.6563,
100,8,1048576,8192,hyprefill,256/256/256,graph,149,80.2205,23.6381,80.2403,80.2205,
100,8,1048576,8192,hyprefill,256/256/256,graph,150,78.7109,23.6381,78.7304,78.7109,
100,8,1048576,8192,hyprefill,256/256/256,graph,151,80.2770,23.6381,80.2960,80.2770,
100,8,1048576,8192,hyprefill,256/256/256,graph,152,80.4128,23.6381,80.4312,80.4128,
100,8,1048576,8192,hyprefill,256/256/256,graph,153,79.8094,23.6381,79.8290,79.8094,
100,8,1048576,8192,hyprefill,256/256/256,graph,154,79.6707,23.6381,79.6921,79.6707,
100,8,1048576,8192,hyprefill,256/256/256,graph,155,79.6301,23.6381,79.6607,79.6301,
100,8,1048576,8192,hyprefill,256/256/256,graph,156,79.4978,23.6381,79.5243,79.4978,
100,8,1048576,8192,hyprefill,256/256/256,graph,157,79.6449,23.6381,79.6660,79.6449,
100,8,1048576,8192,hyprefill,256/256/256,graph,158,80.9309,23.6381,80.9479,80.9309,
100,8,1048576,8192,hyprefill,256/256/256,graph,159,78.8506,23.6381,78.8686,78.8506,
100,8,1048576,8192,hyprefill,256/256/256,graph,160,80.4217,23.6381,80.4447,80.4217,
100,8,1048576,8192,hyprefill,256/256/256,graph,161,79.5281,23.6381,79.5491,79.5281,
100,8,1048576,8192,hyprefill,256/256/256,graph,162,79.1934,23.6381,79.2118,79.1934,
100,8,1048576,8192,hyprefill,256/256/256,graph,163,80.0007,23.6381,80.0197,80.0007,
100,8,1048576,8192,hyprefill,256/256/256,graph,164,80.7792,23.6381,80.7958,80.7792,
100,8,1048576,8192,hyprefill,256/256/256,graph,165,80.5891,23.6381,80.6060,80.5891,
100,8,1048576,8192,hyprefill,256/256/256,graph,166,79.8953,23.6381,79.9135,79.8953,
100,8,1048576,8192,hyprefill,256/256/256,graph,167,80.4475,23.6381,80.4688,80.4475,
100,8,1048576,8192,hyprefill,256/256/256,graph,168,79.8169,23.6381,79.8433,79.8169,
100,8,1048576,8192,hyprefill,256/256/256,graph,169,79.9582,23.6381,79.9781,79.9582,
100,8,1048576,8192,hyprefill,256/256/256,graph,170,80.0342,23.6381,80.0514,80.0342,
100,8,1048576,8192,hyprefill,256/256/256,graph,171,79.1899,23.6381,79.2098,79.1899,
100,8,1048576,8192,hyprefill,256/256/256,graph,172,79.6189,23.6381,79.6445,79.6189,
100,8,1048576,8192,hyprefill,256/256/256,graph,173,78.8089,23.6381,78.8271,78.8089,
100,8,1048576,8192,hyprefill,256/256/256,graph,174,79.6917,23.6381,79.7099,79.6917,
100,8,1048576,8192,hyprefill,256/256/256,graph,175,80.1620,23.6381,80.1827,80.1620,
100,8,1048576,8192,hyprefill,256/256/256,graph,176,79.8918,23.6381,79.9188,79.8918,
100,8,1048576,8192,hyprefill,256/256/256,graph,177,80.1244,23.6381,80.1419,80.1244,
100,8,1048576,8192,hyprefill,256/256/256,graph,178,79.1159,23.6381,79.1350,79.1159,
100,8,1048576,8192,hyprefill,256/256/256,graph,179,81.0332,23.6381,81.0535,81.0332,
100,8,1048576,8192,hyprefill,256/256/256,graph,180,79.9648,23.6381,79.9875,79.9648,
100,8,1048576,8192,hyprefill,256/256/256,graph,181,80.9374,23.6381,80.9541,80.9374,
100,8,1048576,8192,hyprefill,256/256/256,graph,182,80.2696,23.6381,80.2890,80.2696,
100,8,1048576,8192,hyprefill,256/256/256,graph,183,79.6319,23.6381,79.6482,79.6319,
100,8,1048576,8192,hyprefill,256/256/256,graph,184,80.2596,23.6381,80.2763,80.2596,
100,8,1048576,8192,hyprefill,256/256/256,graph,185,78.7929,23.6381,78.8102,78.7929,
100,8,1048576,8192,hyprefill,256/256/256,graph,186,80.8517,23.6381,80.8713,80.8517,
100,8,1048576,8192,hyprefill,256/256/256,graph,187,79.9343,23.6381,79.9540,79.9343,
100,8,1048576,8192,hyprefill,256/256/256,graph,188,78.8279,23.6381,78.8515,78.8279,
100,8,1048576,8192,hyprefill,256/256/256,graph,189,78.8911,23.6381,78.9125,78.8911,
100,8,1048576,8192,hyprefill,256/256/256,graph,190,80.1538,23.6381,80.1756,80.1538,
100,8,1048576,8192,hyprefill,256/256/256,graph,191,80.4335,23.6381,80.4509,80.4335,
100,8,1048576,8192,hyprefill,256/256/256,graph,192,80.1480,23.6381,80.1652,80.1480,
100,8,1048576,8192,hyprefill,256/256/256,graph,193,79.7182,23.6381,79.7360,79.7182,
100,8,1048576,8192,hyprefill,256/256/256,graph,194,80.3143,23.6381,80.3301,80.3143,
100,8,1048576,8192,hyprefill,256/256/256,graph,195,79.1502,23.6381,79.1664,79.1502,
100,8,1048576,8192,hyprefill,256/256/256,graph,196,80.4253,23.6381,80.4454,80.4253,
100,8,1048576,8192,hyprefill,256/256/256,graph,197,79.8447,23.6381,79.8713,79.8447,
100,8,1048576,8192,hyprefill,256/256/256,graph,198,80.3200,23.6381,80.3375,80.3200,
100,8,1048576,8192,hyprefill,256/256/256,graph,199,80.4670,23.6381,80.4874,80.4670,
