op,c,t,mode,iter,ms
fa,64,0,graph,0,0.01153
fa,64,0,graph,1,0.01143
fa,64,0,graph,2,0.01151
fa,64,0,graph,3,0.01144
fa,64,0,graph,4,0.01140
fa,64,0,graph,5,0.01145
fa,64,0,graph,6,0.01146
fa,64,0,graph,7,0.01140
fa,64,0,graph,8,0.01147
fa,64,0,graph,9,0.01134
fa,64,0,graph,10,0.01138
fa,64,0,graph,11,0.01146
fa,64,0,graph,12,0.01141
fa,64,0,graph,13,0.01142
fa,64,0,graph,14,0.01147
fa,64,0,graph,15,0.01154
fa,64,0,graph,16,0.01152
fa,64,0,graph,17,0.01154
fa,64,0,graph,18,0.01164
fa,64,0,graph,19,0.01160
fa,64,0,graph,20,0.01151
fa,64,0,graph,21,0.01146
fa,64,0,graph,22,0.01148
fa,64,0,graph,23,0.01147
fa,64,0,graph,24,0.01150
fa,64,0,graph,25,0.01155
fa,64,0,graph,26,0.01145
fa,64,0,graph,27,0.01150
fa,64,0,graph,28,0.01153
fa,64,0,graph,29,0.01154
fa,64,0,eager,0,0.08771
fa,64,0,eager,1,0.07642
fa,64,0,eager,2,0.08416
fa,64,0,eager,3,0.06467
fa,64,0,eager,4,0.07309
fa,64,0,eager,5,0.06451
fa,64,0,eager,6,0.06448
fa,64,0,eager,7,0.06310
fa,64,0,eager,8,0.06176
fa,64,0,eager,9,0.06336
fa,64,0,eager,10,0.06208
fa,64,0,eager,11,0.06330
fa,64,0,eager,12,0.06272
fa,64,0,eager,13,0.06221
fa,64,0,eager,14,0.06445
fa,64,0,eager,15,0.06723
fa,64,0,eager,16,0.06352
fa,64,0,eager,17,0.06458
fa,64,0,eager,18,0.06224
fa,64,0,eager,19,0.06474
fa,64,0,eager,20,0.06061
fa,64,0,eager,21,0.06128
fa,64,0,eager,22,0.06400
fa,64,0,eager,23,0.06019
fa,64,0,eager,24,0.06102
fa,64,0,eager,25,0.06067
fa,64,0,eager,26,0.06086
fa,64,0,eager,27,0.06176
fa,64,0,eager,28,0.05894
fa,64,0,eager,29,0.05878
fa,65,0,graph,0,0.01129
fa,65,0,graph,1,0.01185
fa,65,0,graph,2,0.01140
fa,65,0,graph,3,0.01138
fa,65,0,graph,4,0.01137
fa,65,0,graph,5,0.01137
fa,65,0,graph,6,0.01138
fa,65,0,graph,7,0.01137
fa,65,0,graph,8,0.01130
fa,65,0,graph,9,0.01130
fa,65,0,graph,10,0.01144
fa,65,0,graph,11,0.01133
fa,65,0,graph,12,0.01141
fa,65,0,graph,13,0.01143
fa,65,0,graph,14,0.01148
fa,65,0,graph,15,0.01139
fa,65,0,graph,16,0.01140
fa,65,0,graph,17,0.01146
fa,65,0,graph,18,0.01146
fa,65,0,graph,19,0.01143
fa,65,0,graph,20,0.01152
fa,65,0,graph,21,0.01149
fa,65,0,graph,22,0.01139
fa,65,0,graph,23,0.01143
fa,65,0,graph,24,0.01137
fa,65,0,graph,25,0.01150
fa,65,0,graph,26,0.01148
fa,65,0,graph,27,0.01150
fa,65,0,graph,28,0.01147
fa,65,0,graph,29,0.01141
fa,65,0,eager,0,0.11126
fa,65,0,eager,1,0.08550
fa,65,0,eager,2,0.07360
fa,65,0,eager,3,0.06640
fa,65,0,eager,4,0.06339
fa,65,0,eager,5,0.06358
fa,65,0,eager,6,0.06291
fa,65,0,eager,7,0.06016
fa,65,0,eager,8,0.06141
fa,65,0,eager,9,0.06115
fa,65,0,eager,10,0.06134
fa,65,0,eager,11,0.06250
fa,65,0,eager,12,0.06022
fa,65,0,eager,13,0.06573
fa,65,0,eager,14,0.06301
fa,65,0,eager,15,0.06323
fa,65,0,eager,16,0.06291
fa,65,0,eager,17,0.05978
fa,65,0,eager,18,0.05917
fa,65,0,eager,19,0.06019
fa,65,0,eager,20,0.05920
fa,65,0,eager,21,0.05843
fa,65,0,eager,22,0.05878
fa,65,0,eager,23,0.05869
fa,65,0,eager,24,0.06006
fa,65,0,eager,25,0.06829
fa,65,0,eager,26,0.06269
fa,65,0,eager,27,0.06090
fa,65,0,eager,28,0.06096
fa,65,0,eager,29,0.06192
fa,128,0,graph,0,0.01297
fa,128,0,graph,1,0.01284
fa,128,0,graph,2,0.01291
fa,128,0,graph,3,0.01300
fa,128,0,graph,4,0.01283
fa,128,0,graph,5,0.01278
fa,128,0,graph,6,0.01290
fa,128,0,graph,7,0.01279
fa,128,0,graph,8,0.01286
fa,128,0,graph,9,0.01292
fa,128,0,graph,10,0.01292
fa,128,0,graph,11,0.01289
fa,128,0,graph,12,0.01285
fa,128,0,graph,13,0.01292
fa,128,0,graph,14,0.01283
fa,128,0,graph,15,0.01288
fa,128,0,graph,16,0.01285
fa,128,0,graph,17,0.01284
fa,128,0,graph,18,0.01286
fa,128,0,graph,19,0.01286
fa,128,0,graph,20,0.01298
fa,128,0,graph,21,0.01296
fa,128,0,graph,22,0.01287
fa,128,0,graph,23,0.01290
fa,128,0,graph,24,0.01290
fa,128,0,graph,25,0.01294
fa,128,0,graph,26,0.01306
fa,128,0,graph,27,0.01291
fa,128,0,graph,28,0.01304
fa,128,0,graph,29,0.01296
fa,128,0,eager,0,0.09859
fa,128,0,eager,1,0.08778
fa,128,0,eager,2,0.08413
fa,128,0,eager,3,0.08077
fa,128,0,eager,4,0.08118
fa,128,0,eager,5,0.08160
fa,128,0,eager,6,0.07958
fa,128,0,eager,7,0.08061
fa,128,0,eager,8,0.07920
fa,128,0,eager,9,0.07968
fa,128,0,eager,10,0.08643
fa,128,0,eager,11,0.07818
fa,128,0,eager,12,0.07997
fa,128,0,eager,13,0.07824
fa,128,0,eager,14,0.07699
fa,128,0,eager,15,0.07837
fa,128,0,eager,16,0.07571
fa,128,0,eager,17,0.07635
fa,128,0,eager,18,0.07578
fa,128,0,eager,19,0.08352
fa,128,0,eager,20,0.07846
fa,128,0,eager,21,0.07568
fa,128,0,eager,22,0.07917
fa,128,0,eager,23,0.07830
fa,128,0,eager,24,0.07491
fa,128,0,eager,25,0.07808
fa,128,0,eager,26,0.07616
fa,128,0,eager,27,0.07856
fa,128,0,eager,28,0.08579
fa,128,0,eager,29,0.07654
fa,129,0,graph,0,0.01295
fa,129,0,graph,1,0.01293
fa,129,0,graph,2,0.01298
fa,129,0,graph,3,0.01295
fa,129,0,graph,4,0.01294
fa,129,0,graph,5,0.01293
fa,129,0,graph,6,0.01303
fa,129,0,graph,7,0.01297
fa,129,0,graph,8,0.01292
fa,129,0,graph,9,0.01290
fa,129,0,graph,10,0.01290
fa,129,0,graph,11,0.01300
fa,129,0,graph,12,0.01291
fa,129,0,graph,13,0.01285
fa,129,0,graph,14,0.01292
fa,129,0,graph,15,0.01295
fa,129,0,graph,16,0.01295
fa,129,0,graph,17,0.01295
fa,129,0,graph,18,0.01290
fa,129,0,graph,19,0.01291
fa,129,0,graph,20,0.01298
fa,129,0,graph,21,0.01297
fa,129,0,graph,22,0.01292
fa,129,0,graph,23,0.01297
fa,129,0,graph,24,0.01293
fa,129,0,graph,25,0.01292
fa,129,0,graph,26,0.01295
fa,129,0,graph,27,0.01306
fa,129,0,graph,28,0.01291
fa,129,0,graph,29,0.01290
fa,129,0,eager,0,0.18835
fa,129,0,eager,1,0.16915
fa,129,0,eager,2,0.17280
fa,129,0,eager,3,0.16195
fa,129,0,eager,4,0.15424
fa,129,0,eager,5,0.15517
fa,129,0,eager,6,0.16490
fa,129,0,eager,7,0.15434
fa,129,0,eager,8,0.07587
fa,129,0,eager,9,0.07581
fa,129,0,eager,10,0.07901
fa,129,0,eager,11,0.07830
fa,129,0,eager,12,0.06576
fa,129,0,eager,13,0.06224
fa,129,0,eager,14,0.07130
fa,129,0,eager,15,0.06118
fa,129,0,eager,16,0.06173
fa,129,0,eager,17,0.06099
fa,129,0,eager,18,0.06141
fa,129,0,eager,19,0.06112
fa,129,0,eager,20,0.06042
fa,129,0,eager,21,0.06147
fa,129,0,eager,22,0.06144
fa,129,0,eager,23,0.06154
fa,129,0,eager,24,0.06141
fa,129,0,eager,25,0.07014
fa,129,0,eager,26,0.06390
fa,129,0,eager,27,0.06122
fa,129,0,eager,28,0.06080
fa,129,0,eager,29,0.06195
fa,256,0,graph,0,0.01617
fa,256,0,graph,1,0.01612
fa,256,0,graph,2,0.01614
fa,256,0,graph,3,0.01623
fa,256,0,graph,4,0.01620
fa,256,0,graph,5,0.01615
fa,256,0,graph,6,0.01610
fa,256,0,graph,7,0.01608
fa,256,0,graph,8,0.01608
fa,256,0,graph,9,0.01609
fa,256,0,graph,10,0.01615
fa,256,0,graph,11,0.01606
fa,256,0,graph,12,0.01600
fa,256,0,graph,13,0.01602
fa,256,0,graph,14,0.01616
fa,256,0,graph,15,0.01597
fa,256,0,graph,16,0.01624
fa,256,0,graph,17,0.01618
fa,256,0,graph,18,0.01623
fa,256,0,graph,19,0.01621
fa,256,0,graph,20,0.01604
fa,256,0,graph,21,0.01601
fa,256,0,graph,22,0.01616
fa,256,0,graph,23,0.01597
fa,256,0,graph,24,0.01617
fa,256,0,graph,25,0.01622
fa,256,0,graph,26,0.01604
fa,256,0,graph,27,0.01619
fa,256,0,graph,28,0.01609
fa,256,0,graph,29,0.01614
fa,256,0,eager,0,0.17181
fa,256,0,eager,1,0.14944
fa,256,0,eager,2,0.14557
fa,256,0,eager,3,0.14285
fa,256,0,eager,4,0.14554
fa,256,0,eager,5,0.13738
fa,256,0,eager,6,0.13846
fa,256,0,eager,7,0.13523
fa,256,0,eager,8,0.13536
fa,256,0,eager,9,0.13434
fa,256,0,eager,10,0.13290
fa,256,0,eager,11,0.13507
fa,256,0,eager,12,0.13523
fa,256,0,eager,13,0.14061
fa,256,0,eager,14,0.14387
fa,256,0,eager,15,0.09939
fa,256,0,eager,16,0.07443
fa,256,0,eager,17,0.06493
fa,256,0,eager,18,0.06371
fa,256,0,eager,19,0.06214
fa,256,0,eager,20,0.06237
fa,256,0,eager,21,0.06336
fa,256,0,eager,22,0.06208
fa,256,0,eager,23,0.07053
fa,256,0,eager,24,0.06128
fa,256,0,eager,25,0.06131
fa,256,0,eager,26,0.05930
fa,256,0,eager,27,0.06118
fa,256,0,eager,28,0.06029
fa,256,0,eager,29,0.06074
fa,512,0,graph,0,0.02386
fa,512,0,graph,1,0.02388
fa,512,0,graph,2,0.02390
fa,512,0,graph,3,0.02387
fa,512,0,graph,4,0.02387
fa,512,0,graph,5,0.02410
fa,512,0,graph,6,0.02390
fa,512,0,graph,7,0.02397
fa,512,0,graph,8,0.02400
fa,512,0,graph,9,0.02373
fa,512,0,graph,10,0.02371
fa,512,0,graph,11,0.02398
fa,512,0,graph,12,0.02377
fa,512,0,graph,13,0.02380
fa,512,0,graph,14,0.02381
fa,512,0,graph,15,0.02378
fa,512,0,graph,16,0.02378
fa,512,0,graph,17,0.02381
fa,512,0,graph,18,0.02381
fa,512,0,graph,19,0.02373
fa,512,0,graph,20,0.02377
fa,512,0,graph,21,0.02387
fa,512,0,graph,22,0.02364
fa,512,0,graph,23,0.02382
fa,512,0,graph,24,0.02379
fa,512,0,graph,25,0.02375
fa,512,0,graph,26,0.02373
fa,512,0,graph,27,0.02387
fa,512,0,graph,28,0.02382
fa,512,0,graph,29,0.02380
fa,512,0,eager,0,0.09514
fa,512,0,eager,1,0.08128
fa,512,0,eager,2,0.07744
fa,512,0,eager,3,0.07651
fa,512,0,eager,4,0.07578
fa,512,0,eager,5,0.07562
fa,512,0,eager,6,0.07312
fa,512,0,eager,7,0.07370
fa,512,0,eager,8,0.07510
fa,512,0,eager,9,0.07155
fa,512,0,eager,10,0.07155
fa,512,0,eager,11,0.07898
fa,512,0,eager,12,0.07226
fa,512,0,eager,13,0.07107
fa,512,0,eager,14,0.07261
fa,512,0,eager,15,0.07114
fa,512,0,eager,16,0.07114
fa,512,0,eager,17,0.07120
fa,512,0,eager,18,0.07066
fa,512,0,eager,19,0.07920
fa,512,0,eager,20,0.07126
fa,512,0,eager,21,0.07162
fa,512,0,eager,22,0.07114
fa,512,0,eager,23,0.07293
fa,512,0,eager,24,0.07194
fa,512,0,eager,25,0.07155
fa,512,0,eager,26,0.07110
fa,512,0,eager,27,0.07075
fa,512,0,eager,28,0.07136
fa,512,0,eager,29,0.06973
fa,1024,0,graph,0,0.03603
fa,1024,0,graph,1,0.03596
fa,1024,0,graph,2,0.03616
fa,1024,0,graph,3,0.03636
fa,1024,0,graph,4,0.03592
fa,1024,0,graph,5,0.03598
fa,1024,0,graph,6,0.03603
fa,1024,0,graph,7,0.03599
fa,1024,0,graph,8,0.03604
fa,1024,0,graph,9,0.03608
fa,1024,0,graph,10,0.03607
fa,1024,0,graph,11,0.03601
fa,1024,0,graph,12,0.03597
fa,1024,0,graph,13,0.03605
fa,1024,0,graph,14,0.03596
fa,1024,0,graph,15,0.03605
fa,1024,0,graph,16,0.03602
fa,1024,0,graph,17,0.03594
fa,1024,0,graph,18,0.03599
fa,1024,0,graph,19,0.03596
fa,1024,0,graph,20,0.03592
fa,1024,0,graph,21,0.03597
fa,1024,0,graph,22,0.03606
fa,1024,0,graph,23,0.03608
fa,1024,0,graph,24,0.03597
fa,1024,0,graph,25,0.03605
fa,1024,0,graph,26,0.03586
fa,1024,0,graph,27,0.03598
fa,1024,0,graph,28,0.03604
fa,1024,0,graph,29,0.03596
fa,1024,0,eager,0,0.09578
fa,1024,0,eager,1,0.09021
fa,1024,0,eager,2,0.08787
fa,1024,0,eager,3,0.08794
fa,1024,0,eager,4,0.08730
fa,1024,0,eager,5,0.08851
fa,1024,0,eager,6,0.08586
fa,1024,0,eager,7,0.08637
fa,1024,0,eager,8,0.09322
fa,1024,0,eager,9,0.08659
fa,1024,0,eager,10,0.08518
fa,1024,0,eager,11,0.08474
fa,1024,0,eager,12,0.08474
fa,1024,0,eager,13,0.08371
fa,1024,0,eager,14,0.08323
fa,1024,0,eager,15,0.08355
fa,1024,0,eager,16,0.08592
fa,1024,0,eager,17,0.08435
fa,1024,0,eager,18,0.08384
fa,1024,0,eager,19,0.08429
fa,1024,0,eager,20,0.08374
fa,1024,0,eager,21,0.08470
fa,1024,0,eager,22,0.08477
fa,1024,0,eager,23,0.08374
fa,1024,0,eager,24,0.08352
fa,1024,0,eager,25,0.08317
fa,1024,0,eager,26,0.08362
fa,1024,0,eager,27,0.08480
fa,1024,0,eager,28,0.08294
fa,1024,0,eager,29,0.08413
fa,2048,0,graph,0,0.05240
fa,2048,0,graph,1,0.05440
fa,2048,0,graph,2,0.05231
fa,2048,0,graph,3,0.05238
fa,2048,0,graph,4,0.05220
fa,2048,0,graph,5,0.05216
fa,2048,0,graph,6,0.05234
fa,2048,0,graph,7,0.05220
fa,2048,0,graph,8,0.05231
fa,2048,0,graph,9,0.05236
fa,2048,0,graph,10,0.05241
fa,2048,0,graph,11,0.05250
fa,2048,0,graph,12,0.05221
fa,2048,0,graph,13,0.05237
fa,2048,0,graph,14,0.05231
fa,2048,0,graph,15,0.05241
fa,2048,0,graph,16,0.05225
fa,2048,0,graph,17,0.05235
fa,2048,0,graph,18,0.05226
fa,2048,0,graph,19,0.05255
fa,2048,0,graph,20,0.05222
fa,2048,0,graph,21,0.05241
fa,2048,0,graph,22,0.05221
fa,2048,0,graph,23,0.05225
fa,2048,0,graph,24,0.05218
fa,2048,0,graph,25,0.05230
fa,2048,0,graph,26,0.05226
fa,2048,0,graph,27,0.05236
fa,2048,0,graph,28,0.05302
fa,2048,0,graph,29,0.05218
fa,2048,0,eager,0,0.18979
fa,2048,0,eager,1,0.17818
fa,2048,0,eager,2,0.10784
fa,2048,0,eager,3,0.10662
fa,2048,0,eager,4,0.10710
fa,2048,0,eager,5,0.09581
fa,2048,0,eager,6,0.09658
fa,2048,0,eager,7,0.09510
fa,2048,0,eager,8,0.11341
fa,2048,0,eager,9,0.09542
fa,2048,0,eager,10,0.09619
fa,2048,0,eager,11,0.09462
fa,2048,0,eager,12,0.09478
fa,2048,0,eager,13,0.09392
fa,2048,0,eager,14,0.09341
fa,2048,0,eager,15,0.09494
fa,2048,0,eager,16,0.09357
fa,2048,0,eager,17,0.09485
fa,2048,0,eager,18,0.09338
fa,2048,0,eager,19,0.09446
fa,2048,0,eager,20,0.09453
fa,2048,0,eager,21,0.09341
fa,2048,0,eager,22,0.09418
fa,2048,0,eager,23,0.09517
fa,2048,0,eager,24,0.09517
fa,2048,0,eager,25,0.10147
fa,2048,0,eager,26,0.09472
fa,2048,0,eager,27,0.09350
fa,2048,0,eager,28,0.09344
fa,2048,0,eager,29,0.09251
fa,4096,0,graph,0,0.10521
fa,4096,0,graph,1,0.10520
fa,4096,0,graph,2,0.10521
fa,4096,0,graph,3,0.10501
fa,4096,0,graph,4,0.10520
fa,4096,0,graph,5,0.10515
fa,4096,0,graph,6,0.10524
fa,4096,0,graph,7,0.10526
fa,4096,0,graph,8,0.10526
fa,4096,0,graph,9,0.10511
fa,4096,0,graph,10,0.10515
fa,4096,0,graph,11,0.10516
fa,4096,0,graph,12,0.10525
fa,4096,0,graph,13,0.10523
fa,4096,0,graph,14,0.10533
fa,4096,0,graph,15,0.10526
fa,4096,0,graph,16,0.10560
fa,4096,0,graph,17,0.10549
fa,4096,0,graph,18,0.10552
fa,4096,0,graph,19,0.10575
fa,4096,0,graph,20,0.10560
fa,4096,0,graph,21,0.10551
fa,4096,0,graph,22,0.10567
fa,4096,0,graph,23,0.10569
fa,4096,0,graph,24,0.10546
fa,4096,0,graph,25,0.10559
fa,4096,0,graph,26,0.10522
fa,4096,0,graph,27,0.10565
fa,4096,0,graph,28,0.10508
fa,4096,0,graph,29,0.10518
fa,4096,0,eager,0,0.23600
fa,4096,0,eager,1,0.17731
fa,4096,0,eager,2,0.15898
fa,4096,0,eager,3,0.14784
fa,4096,0,eager,4,0.14688
fa,4096,0,eager,5,0.14720
fa,4096,0,eager,6,0.14790
fa,4096,0,eager,7,0.14573
fa,4096,0,eager,8,0.14470
fa,4096,0,eager,9,0.14557
fa,4096,0,eager,10,0.14685
fa,4096,0,eager,11,0.14474
fa,4096,0,eager,12,0.14509
fa,4096,0,eager,13,0.14698
fa,4096,0,eager,14,0.14614
fa,4096,0,eager,15,0.14518
fa,4096,0,eager,16,0.14573
fa,4096,0,eager,17,0.14582
fa,4096,0,eager,18,0.14646
fa,4096,0,eager,19,0.14483
fa,4096,0,eager,20,0.14554
fa,4096,0,eager,21,0.14413
fa,4096,0,eager,22,0.14538
fa,4096,0,eager,23,0.14560
fa,4096,0,eager,24,0.14483
fa,4096,0,eager,25,0.14374
fa,4096,0,eager,26,0.14422
fa,4096,0,eager,27,0.14336
fa,4096,0,eager,28,0.14499
fa,4096,0,eager,29,0.14358
fa,8192,0,graph,0,0.37692
fa,8192,0,graph,1,0.37678
fa,8192,0,graph,2,0.37710
fa,8192,0,graph,3,0.37685
fa,8192,0,graph,4,0.37716
fa,8192,0,graph,5,0.37688
fa,8192,0,graph,6,0.37707
fa,8192,0,graph,7,0.37715
fa,8192,0,graph,8,0.37765
fa,8192,0,graph,9,0.37685
fa,8192,0,graph,10,0.37720
fa,8192,0,graph,11,0.37708
fa,8192,0,graph,12,0.37686
fa,8192,0,graph,13,0.37697
fa,8192,0,graph,14,0.37697
fa,8192,0,graph,15,0.37728
fa,8192,0,graph,16,0.37696
fa,8192,0,graph,17,0.37701
fa,8192,0,graph,18,0.37860
fa,8192,0,graph,19,0.37797
fa,8192,0,graph,20,0.37768
fa,8192,0,graph,21,0.37830
fa,8192,0,graph,22,0.37830
fa,8192,0,graph,23,0.37803
fa,8192,0,graph,24,0.37888
fa,8192,0,graph,25,0.37830
fa,8192,0,graph,26,0.37919
fa,8192,0,graph,27,0.38196
fa,8192,0,graph,28,0.38398
fa,8192,0,graph,29,0.38562
fa,8192,0,eager,0,0.45546
fa,8192,0,eager,1,0.43760
fa,8192,0,eager,2,0.43274
fa,8192,0,eager,3,0.43258
fa,8192,0,eager,4,0.42973
fa,8192,0,eager,5,0.43085
fa,8192,0,eager,6,0.42611
fa,8192,0,eager,7,0.41798
fa,8192,0,eager,8,0.41613
fa,8192,0,eager,9,0.41651
fa,8192,0,eager,10,0.41504
fa,8192,0,eager,11,0.41475
fa,8192,0,eager,12,0.41635
fa,8192,0,eager,13,0.41674
fa,8192,0,eager,14,0.41485
fa,8192,0,eager,15,0.41581
fa,8192,0,eager,16,0.41549
fa,8192,0,eager,17,0.41475
fa,8192,0,eager,18,0.41491
fa,8192,0,eager,19,0.41574
fa,8192,0,eager,20,0.41629
fa,8192,0,eager,21,0.41619
fa,8192,0,eager,22,0.41472
fa,8192,0,eager,23,0.41510
fa,8192,0,eager,24,0.41485
fa,8192,0,eager,25,0.41606
fa,8192,0,eager,26,0.41491
fa,8192,0,eager,27,0.42266
fa,8192,0,eager,28,0.41581
fa,8192,0,eager,29,0.41504
fa,64,4096,graph,0,0.02804
fa,64,4096,graph,1,0.02821
fa,64,4096,graph,2,0.02846
fa,64,4096,graph,3,0.02809
fa,64,4096,graph,4,0.02839
fa,64,4096,graph,5,0.02808
fa,64,4096,graph,6,0.02826
fa,64,4096,graph,7,0.02835
fa,64,4096,graph,8,0.02823
fa,64,4096,graph,9,0.02808
fa,64,4096,graph,10,0.02827
fa,64,4096,graph,11,0.02802
fa,64,4096,graph,12,0.02826
fa,64,4096,graph,13,0.02820
fa,64,4096,graph,14,0.02832
fa,64,4096,graph,15,0.02836
fa,64,4096,graph,16,0.02832
fa,64,4096,graph,17,0.02809
fa,64,4096,graph,18,0.02822
fa,64,4096,graph,19,0.02826
fa,64,4096,graph,20,0.02844
fa,64,4096,graph,21,0.02838
fa,64,4096,graph,22,0.02829
fa,64,4096,graph,23,0.02833
fa,64,4096,graph,24,0.02825
fa,64,4096,graph,25,0.02827
fa,64,4096,graph,26,0.02835
fa,64,4096,graph,27,0.02837
fa,64,4096,graph,28,0.02836
fa,64,4096,graph,29,0.02824
fa,64,4096,eager,0,0.11008
fa,64,4096,eager,1,0.09264
fa,64,4096,eager,2,0.07907
fa,64,4096,eager,3,0.07520
fa,64,4096,eager,4,0.07389
fa,64,4096,eager,5,0.07450
fa,64,4096,eager,6,0.07498
fa,64,4096,eager,7,0.08608
fa,64,4096,eager,8,0.07459
fa,64,4096,eager,9,0.07405
fa,64,4096,eager,10,0.07517
fa,64,4096,eager,11,0.07382
fa,64,4096,eager,12,0.07363
fa,64,4096,eager,13,0.07350
fa,64,4096,eager,14,0.07341
fa,64,4096,eager,15,0.07302
fa,64,4096,eager,16,0.07264
fa,64,4096,eager,17,0.07418
fa,64,4096,eager,18,0.07370
fa,64,4096,eager,19,0.07347
fa,64,4096,eager,20,0.07322
fa,64,4096,eager,21,0.07357
fa,64,4096,eager,22,0.07414
fa,64,4096,eager,23,0.07293
fa,64,4096,eager,24,0.07187
fa,64,4096,eager,25,0.07242
fa,64,4096,eager,26,0.07181
fa,64,4096,eager,27,0.07200
fa,64,4096,eager,28,0.08230
fa,64,4096,eager,29,0.07258
fa,65,4096,graph,0,0.02419
fa,65,4096,graph,1,0.02425
fa,65,4096,graph,2,0.02422
fa,65,4096,graph,3,0.02415
fa,65,4096,graph,4,0.02419
fa,65,4096,graph,5,0.02420
fa,65,4096,graph,6,0.02398
fa,65,4096,graph,7,0.02397
fa,65,4096,graph,8,0.02433
fa,65,4096,graph,9,0.02437
fa,65,4096,graph,10,0.02435
fa,65,4096,graph,11,0.02436
fa,65,4096,graph,12,0.02430
fa,65,4096,graph,13,0.02412
fa,65,4096,graph,14,0.02423
fa,65,4096,graph,15,0.02426
fa,65,4096,graph,16,0.02450
fa,65,4096,graph,17,0.02411
fa,65,4096,graph,18,0.02438
fa,65,4096,graph,19,0.02412
fa,65,4096,graph,20,0.02420
fa,65,4096,graph,21,0.02431
fa,65,4096,graph,22,0.02424
fa,65,4096,graph,23,0.02438
fa,65,4096,graph,24,0.02417
fa,65,4096,graph,25,0.02426
fa,65,4096,graph,26,0.02444
fa,65,4096,graph,27,0.02423
fa,65,4096,graph,28,0.02429
fa,65,4096,graph,29,0.02425
fa,65,4096,eager,0,0.10032
fa,65,4096,eager,1,0.07629
fa,65,4096,eager,2,0.07469
fa,65,4096,eager,3,0.07290
fa,65,4096,eager,4,0.07178
fa,65,4096,eager,5,0.07152
fa,65,4096,eager,6,0.07024
fa,65,4096,eager,7,0.07626
fa,65,4096,eager,8,0.07011
fa,65,4096,eager,9,0.07034
fa,65,4096,eager,10,0.07066
fa,65,4096,eager,11,0.07408
fa,65,4096,eager,12,0.07104
fa,65,4096,eager,13,0.07040
fa,65,4096,eager,14,0.07014
fa,65,4096,eager,15,0.06998
fa,65,4096,eager,16,0.06954
fa,65,4096,eager,17,0.06925
fa,65,4096,eager,18,0.07008
fa,65,4096,eager,19,0.07037
fa,65,4096,eager,20,0.07024
fa,65,4096,eager,21,0.07021
fa,65,4096,eager,22,0.07008
fa,65,4096,eager,23,0.06918
fa,65,4096,eager,24,0.06893
fa,65,4096,eager,25,0.06989
fa,65,4096,eager,26,0.06934
fa,65,4096,eager,27,0.06832
fa,65,4096,eager,28,0.06813
fa,65,4096,eager,29,0.07011
fa,128,4096,graph,0,0.02789
fa,128,4096,graph,1,0.02777
fa,128,4096,graph,2,0.02783
fa,128,4096,graph,3,0.02786
fa,128,4096,graph,4,0.02784
fa,128,4096,graph,5,0.02768
fa,128,4096,graph,6,0.02772
fa,128,4096,graph,7,0.02783
fa,128,4096,graph,8,0.02781
fa,128,4096,graph,9,0.02784
fa,128,4096,graph,10,0.02777
fa,128,4096,graph,11,0.02774
fa,128,4096,graph,12,0.02787
fa,128,4096,graph,13,0.02792
fa,128,4096,graph,14,0.02776
fa,128,4096,graph,15,0.02784
fa,128,4096,graph,16,0.02779
fa,128,4096,graph,17,0.02777
fa,128,4096,graph,18,0.02781
fa,128,4096,graph,19,0.02777
fa,128,4096,graph,20,0.02785
fa,128,4096,graph,21,0.02794
fa,128,4096,graph,22,0.02777
fa,128,4096,graph,23,0.02788
fa,128,4096,graph,24,0.02782
fa,128,4096,graph,25,0.02770
fa,128,4096,graph,26,0.02781
fa,128,4096,graph,27,0.02772
fa,128,4096,graph,28,0.02779
fa,128,4096,graph,29,0.02791
fa,128,4096,eager,0,0.20797
fa,128,4096,eager,1,0.19862
fa,128,4096,eager,2,0.18534
fa,128,4096,eager,3,0.18019
fa,128,4096,eager,4,0.17696
fa,128,4096,eager,5,0.18662
fa,128,4096,eager,6,0.17786
fa,128,4096,eager,7,0.17213
fa,128,4096,eager,8,0.16954
fa,128,4096,eager,9,0.18163
fa,128,4096,eager,10,0.17344
fa,128,4096,eager,11,0.17133
fa,128,4096,eager,12,0.17046
fa,128,4096,eager,13,0.16883
fa,128,4096,eager,14,0.17731
fa,128,4096,eager,15,0.17968
fa,128,4096,eager,16,0.17459
fa,128,4096,eager,17,0.16717
fa,128,4096,eager,18,0.17302
fa,128,4096,eager,19,0.19994
fa,128,4096,eager,20,0.17613
fa,128,4096,eager,21,0.16778
fa,128,4096,eager,22,0.17840
fa,128,4096,eager,23,0.16682
fa,128,4096,eager,24,0.16710
fa,128,4096,eager,25,0.16803
fa,128,4096,eager,26,0.17840
fa,128,4096,eager,27,0.16726
fa,128,4096,eager,28,0.13344
fa,128,4096,eager,29,0.08336
fa,129,4096,graph,0,0.02760
fa,129,4096,graph,1,0.02822
fa,129,4096,graph,2,0.02788
fa,129,4096,graph,3,0.02778
fa,129,4096,graph,4,0.02793
fa,129,4096,graph,5,0.02773
fa,129,4096,graph,6,0.02781
fa,129,4096,graph,7,0.02792
fa,129,4096,graph,8,0.02778
fa,129,4096,graph,9,0.02776
fa,129,4096,graph,10,0.02783
fa,129,4096,graph,11,0.02779
fa,129,4096,graph,12,0.02780
fa,129,4096,graph,13,0.02785
fa,129,4096,graph,14,0.02784
fa,129,4096,graph,15,0.02787
fa,129,4096,graph,16,0.02777
fa,129,4096,graph,17,0.02791
fa,129,4096,graph,18,0.02765
fa,129,4096,graph,19,0.02779
fa,129,4096,graph,20,0.02790
fa,129,4096,graph,21,0.02775
fa,129,4096,graph,22,0.02803
fa,129,4096,graph,23,0.02778
fa,129,4096,graph,24,0.02772
fa,129,4096,graph,25,0.02779
fa,129,4096,graph,26,0.02793
fa,129,4096,graph,27,0.02799
fa,129,4096,graph,28,0.02776
fa,129,4096,graph,29,0.02784
fa,129,4096,eager,0,0.14381
fa,129,4096,eager,1,0.12854
fa,129,4096,eager,2,0.12186
fa,129,4096,eager,3,0.12022
fa,129,4096,eager,4,0.11686
fa,129,4096,eager,5,0.12595
fa,129,4096,eager,6,0.11760
fa,129,4096,eager,7,0.11590
fa,129,4096,eager,8,0.11328
fa,129,4096,eager,9,0.11664
fa,129,4096,eager,10,0.11440
fa,129,4096,eager,11,0.12038
fa,129,4096,eager,12,0.11341
fa,129,4096,eager,13,0.11312
fa,129,4096,eager,14,0.11283
fa,129,4096,eager,15,0.11082
fa,129,4096,eager,16,0.08358
fa,129,4096,eager,17,0.08307
fa,129,4096,eager,18,0.08416
fa,129,4096,eager,19,0.08429
fa,129,4096,eager,20,0.07270
fa,129,4096,eager,21,0.07302
fa,129,4096,eager,22,0.08320
fa,129,4096,eager,23,0.07309
fa,129,4096,eager,24,0.07254
fa,129,4096,eager,25,0.07318
fa,129,4096,eager,26,0.07424
fa,129,4096,eager,27,0.07274
fa,129,4096,eager,28,0.07254
fa,129,4096,eager,29,0.08102
fa,256,4096,graph,0,0.03462
fa,256,4096,graph,1,0.03406
fa,256,4096,graph,2,0.03375
fa,256,4096,graph,3,0.03379
fa,256,4096,graph,4,0.03390
fa,256,4096,graph,5,0.03390
fa,256,4096,graph,6,0.03410
fa,256,4096,graph,7,0.03390
fa,256,4096,graph,8,0.03397
fa,256,4096,graph,9,0.03404
fa,256,4096,graph,10,0.03387
fa,256,4096,graph,11,0.03382
fa,256,4096,graph,12,0.03398
fa,256,4096,graph,13,0.03391
fa,256,4096,graph,14,0.03387
fa,256,4096,graph,15,0.03388
fa,256,4096,graph,16,0.03383
fa,256,4096,graph,17,0.03394
fa,256,4096,graph,18,0.03389
fa,256,4096,graph,19,0.03405
fa,256,4096,graph,20,0.03393
fa,256,4096,graph,21,0.03402
fa,256,4096,graph,22,0.03386
fa,256,4096,graph,23,0.03392
fa,256,4096,graph,24,0.03396
fa,256,4096,graph,25,0.03394
fa,256,4096,graph,26,0.03402
fa,256,4096,graph,27,0.03388
fa,256,4096,graph,28,0.03403
fa,256,4096,graph,29,0.03399
fa,256,4096,eager,0,0.09274
fa,256,4096,eager,1,0.08720
fa,256,4096,eager,2,0.08470
fa,256,4096,eager,3,0.08410
fa,256,4096,eager,4,0.08256
fa,256,4096,eager,5,0.08371
fa,256,4096,eager,6,0.08288
fa,256,4096,eager,7,0.08826
fa,256,4096,eager,8,0.08163
fa,256,4096,eager,9,0.08864
fa,256,4096,eager,10,0.08397
fa,256,4096,eager,11,0.08368
fa,256,4096,eager,12,0.08307
fa,256,4096,eager,13,0.08211
fa,256,4096,eager,14,0.08294
fa,256,4096,eager,15,0.08131
fa,256,4096,eager,16,0.08547
fa,256,4096,eager,17,0.08243
fa,256,4096,eager,18,0.08160
fa,256,4096,eager,19,0.08202
fa,256,4096,eager,20,0.08131
fa,256,4096,eager,21,0.08115
fa,256,4096,eager,22,0.08234
fa,256,4096,eager,23,0.08240
fa,256,4096,eager,24,0.08077
fa,256,4096,eager,25,0.08186
fa,256,4096,eager,26,0.08250
fa,256,4096,eager,27,0.08138
fa,256,4096,eager,28,0.08202
fa,256,4096,eager,29,0.08042
fa,512,4096,graph,0,0.04693
fa,512,4096,graph,1,0.04692
fa,512,4096,graph,2,0.04691
fa,512,4096,graph,3,0.04677
fa,512,4096,graph,4,0.04666
fa,512,4096,graph,5,0.04676
fa,512,4096,graph,6,0.04696
fa,512,4096,graph,7,0.04672
fa,512,4096,graph,8,0.04681
fa,512,4096,graph,9,0.04668
fa,512,4096,graph,10,0.04676
fa,512,4096,graph,11,0.04682
fa,512,4096,graph,12,0.04691
fa,512,4096,graph,13,0.04686
fa,512,4096,graph,14,0.04915
fa,512,4096,graph,15,0.04697
fa,512,4096,graph,16,0.04692
fa,512,4096,graph,17,0.04681
fa,512,4096,graph,18,0.04689
fa,512,4096,graph,19,0.04692
fa,512,4096,graph,20,0.04685
fa,512,4096,graph,21,0.04692
fa,512,4096,graph,22,0.04676
fa,512,4096,graph,23,0.04668
fa,512,4096,graph,24,0.04701
fa,512,4096,graph,25,0.04691
fa,512,4096,graph,26,0.04692
fa,512,4096,graph,27,0.04680
fa,512,4096,graph,28,0.04685
fa,512,4096,graph,29,0.04687
fa,512,4096,eager,0,0.11382
fa,512,4096,eager,1,0.11101
fa,512,4096,eager,2,0.09578
fa,512,4096,eager,3,0.09344
fa,512,4096,eager,4,0.09898
fa,512,4096,eager,5,0.09501
fa,512,4096,eager,6,0.09430
fa,512,4096,eager,7,0.09370
fa,512,4096,eager,8,0.09357
fa,512,4096,eager,9,0.09293
fa,512,4096,eager,10,0.09302
fa,512,4096,eager,11,0.09222
fa,512,4096,eager,12,0.09392
fa,512,4096,eager,13,0.09274
fa,512,4096,eager,14,0.09357
fa,512,4096,eager,15,0.09197
fa,512,4096,eager,16,0.09091
fa,512,4096,eager,17,0.09168
fa,512,4096,eager,18,0.09078
fa,512,4096,eager,19,0.09117
fa,512,4096,eager,20,0.09210
fa,512,4096,eager,21,0.09171
fa,512,4096,eager,22,0.09187
fa,512,4096,eager,23,0.09181
fa,512,4096,eager,24,0.09264
fa,512,4096,eager,25,0.09123
fa,512,4096,eager,26,0.09142
fa,512,4096,eager,27,0.09181
fa,512,4096,eager,28,0.09165
fa,512,4096,eager,29,0.09126
fa,1024,4096,graph,0,0.08202
fa,1024,4096,graph,1,0.08175
fa,1024,4096,graph,2,0.08141
fa,1024,4096,graph,3,0.08126
fa,1024,4096,graph,4,0.08134
fa,1024,4096,graph,5,0.08153
fa,1024,4096,graph,6,0.08161
fa,1024,4096,graph,7,0.08140
fa,1024,4096,graph,8,0.08227
fa,1024,4096,graph,9,0.08141
fa,1024,4096,graph,10,0.08160
fa,1024,4096,graph,11,0.08132
fa,1024,4096,graph,12,0.08148
fa,1024,4096,graph,13,0.08138
fa,1024,4096,graph,14,0.08150
fa,1024,4096,graph,15,0.08133
fa,1024,4096,graph,16,0.08161
fa,1024,4096,graph,17,0.08190
fa,1024,4096,graph,18,0.08130
fa,1024,4096,graph,19,0.08110
fa,1024,4096,graph,20,0.08133
fa,1024,4096,graph,21,0.08133
fa,1024,4096,graph,22,0.08148
fa,1024,4096,graph,23,0.08111
fa,1024,4096,graph,24,0.08142
fa,1024,4096,graph,25,0.08135
fa,1024,4096,graph,26,0.08120
fa,1024,4096,graph,27,0.08148
fa,1024,4096,graph,28,0.08129
fa,1024,4096,graph,29,0.08142
fa,1024,4096,eager,0,0.14128
fa,1024,4096,eager,1,0.13488
fa,1024,4096,eager,2,0.13235
fa,1024,4096,eager,3,0.13018
fa,1024,4096,eager,4,0.12880
fa,1024,4096,eager,5,0.13059
fa,1024,4096,eager,6,0.13408
fa,1024,4096,eager,7,0.13040
fa,1024,4096,eager,8,0.12902
fa,1024,4096,eager,9,0.13088
fa,1024,4096,eager,10,0.12922
fa,1024,4096,eager,11,0.12883
fa,1024,4096,eager,12,0.12874
fa,1024,4096,eager,13,0.12800
fa,1024,4096,eager,14,0.12813
fa,1024,4096,eager,15,0.12730
fa,1024,4096,eager,16,0.12710
fa,1024,4096,eager,17,0.12685
fa,1024,4096,eager,18,0.12867
fa,1024,4096,eager,19,0.12861
fa,1024,4096,eager,20,0.12678
fa,1024,4096,eager,21,0.12531
fa,1024,4096,eager,22,0.12630
fa,1024,4096,eager,23,0.12640
fa,1024,4096,eager,24,0.12704
fa,1024,4096,eager,25,0.12816
fa,1024,4096,eager,26,0.13248
fa,1024,4096,eager,27,0.12643
fa,1024,4096,eager,28,0.12698
fa,1024,4096,eager,29,0.12659
fa,2048,4096,graph,0,0.14056
fa,2048,4096,graph,1,0.13998
fa,2048,4096,graph,2,0.14022
fa,2048,4096,graph,3,0.14016
fa,2048,4096,graph,4,0.14022
fa,2048,4096,graph,5,0.14013
fa,2048,4096,graph,6,0.14030
fa,2048,4096,graph,7,0.14096
fa,2048,4096,graph,8,0.14005
fa,2048,4096,graph,9,0.14025
fa,2048,4096,graph,10,0.14024
fa,2048,4096,graph,11,0.14017
fa,2048,4096,graph,12,0.14001
fa,2048,4096,graph,13,0.14031
fa,2048,4096,graph,14,0.14025
fa,2048,4096,graph,15,0.14017
fa,2048,4096,graph,16,0.14045
fa,2048,4096,graph,17,0.14030
fa,2048,4096,graph,18,0.14016
fa,2048,4096,graph,19,0.14026
fa,2048,4096,graph,20,0.14011
fa,2048,4096,graph,21,0.14040
fa,2048,4096,graph,22,0.14034
fa,2048,4096,graph,23,0.14025
fa,2048,4096,graph,24,0.14018
fa,2048,4096,graph,25,0.14011
fa,2048,4096,graph,26,0.14026
fa,2048,4096,graph,27,0.14009
fa,2048,4096,graph,28,0.13997
fa,2048,4096,graph,29,0.14034
fa,2048,4096,eager,0,0.19616
fa,2048,4096,eager,1,0.18880
fa,2048,4096,eager,2,0.18390
fa,2048,4096,eager,3,0.18326
fa,2048,4096,eager,4,0.18176
fa,2048,4096,eager,5,0.18259
fa,2048,4096,eager,6,0.18134
fa,2048,4096,eager,7,0.18150
fa,2048,4096,eager,8,0.18029
fa,2048,4096,eager,9,0.18093
fa,2048,4096,eager,10,0.18208
fa,2048,4096,eager,11,0.18195
fa,2048,4096,eager,12,0.18029
fa,2048,4096,eager,13,0.18240
fa,2048,4096,eager,14,0.18077
fa,2048,4096,eager,15,0.18115
fa,2048,4096,eager,16,0.18032
fa,2048,4096,eager,17,0.17971
fa,2048,4096,eager,18,0.17984
fa,2048,4096,eager,19,0.18029
fa,2048,4096,eager,20,0.18019
fa,2048,4096,eager,21,0.17914
fa,2048,4096,eager,22,0.17926
fa,2048,4096,eager,23,0.17882
fa,2048,4096,eager,24,0.17891
fa,2048,4096,eager,25,0.18074
fa,2048,4096,eager,26,0.17958
fa,2048,4096,eager,27,0.18032
fa,2048,4096,eager,28,0.18067
fa,2048,4096,eager,29,0.17955
fa,4096,4096,graph,0,0.28211
fa,4096,4096,graph,1,0.28217
fa,4096,4096,graph,2,0.28201
fa,4096,4096,graph,3,0.28178
fa,4096,4096,graph,4,0.28233
fa,4096,4096,graph,5,0.28241
fa,4096,4096,graph,6,0.28247
fa,4096,4096,graph,7,0.28204
fa,4096,4096,graph,8,0.28222
fa,4096,4096,graph,9,0.28217
fa,4096,4096,graph,10,0.28228
fa,4096,4096,graph,11,0.28237
fa,4096,4096,graph,12,0.28196
fa,4096,4096,graph,13,0.28233
fa,4096,4096,graph,14,0.28452
fa,4096,4096,graph,15,0.28871
fa,4096,4096,graph,16,0.28482
fa,4096,4096,graph,17,0.28499
fa,4096,4096,graph,18,0.28500
fa,4096,4096,graph,19,0.28510
fa,4096,4096,graph,20,0.28478
fa,4096,4096,graph,21,0.28508
fa,4096,4096,graph,22,0.28482
fa,4096,4096,graph,23,0.28509
fa,4096,4096,graph,24,0.28516
fa,4096,4096,graph,25,0.28526
fa,4096,4096,graph,26,0.28472
fa,4096,4096,graph,27,0.28493
fa,4096,4096,graph,28,0.28532
fa,4096,4096,graph,29,0.28562
fa,4096,4096,eager,0,0.33523
fa,4096,4096,eager,1,0.32960
fa,4096,4096,eager,2,0.32893
fa,4096,4096,eager,3,0.32739
fa,4096,4096,eager,4,0.32547
fa,4096,4096,eager,5,0.32547
fa,4096,4096,eager,6,0.32493
fa,4096,4096,eager,7,0.32970
fa,4096,4096,eager,8,0.32426
fa,4096,4096,eager,9,0.32403
fa,4096,4096,eager,10,0.32349
fa,4096,4096,eager,11,0.32355
fa,4096,4096,eager,12,0.32170
fa,4096,4096,eager,13,0.32320
fa,4096,4096,eager,14,0.32179
fa,4096,4096,eager,15,0.32211
fa,4096,4096,eager,16,0.32179
fa,4096,4096,eager,17,0.32250
fa,4096,4096,eager,18,0.32237
fa,4096,4096,eager,19,0.32205
fa,4096,4096,eager,20,0.32317
fa,4096,4096,eager,21,0.32214
fa,4096,4096,eager,22,0.33165
fa,4096,4096,eager,23,0.32672
fa,4096,4096,eager,24,0.32406
fa,4096,4096,eager,25,0.32374
fa,4096,4096,eager,26,0.32387
fa,4096,4096,eager,27,0.32378
fa,4096,4096,eager,28,0.32339
fa,4096,4096,eager,29,0.32323
fa,8192,4096,graph,0,0.73827
fa,8192,4096,graph,1,0.73870
fa,8192,4096,graph,2,0.73488
fa,8192,4096,graph,3,0.73520
fa,8192,4096,graph,4,0.73523
fa,8192,4096,graph,5,0.73541
fa,8192,4096,graph,6,0.73462
fa,8192,4096,graph,7,0.73514
fa,8192,4096,graph,8,0.73552
fa,8192,4096,graph,9,0.73630
fa,8192,4096,graph,10,0.73547
fa,8192,4096,graph,11,0.73509
fa,8192,4096,graph,12,0.73560
fa,8192,4096,graph,13,0.73470
fa,8192,4096,graph,14,0.73589
fa,8192,4096,graph,15,0.73646
fa,8192,4096,graph,16,0.73683
fa,8192,4096,graph,17,0.73720
fa,8192,4096,graph,18,0.73632
fa,8192,4096,graph,19,0.73794
fa,8192,4096,graph,20,0.73733
fa,8192,4096,graph,21,0.73568
fa,8192,4096,graph,22,0.74622
fa,8192,4096,graph,23,0.77818
fa,8192,4096,graph,24,0.77787
fa,8192,4096,graph,25,0.77744
fa,8192,4096,graph,26,0.77886
fa,8192,4096,graph,27,0.77746
fa,8192,4096,graph,28,0.78530
fa,8192,4096,graph,29,0.78630
fa,8192,4096,eager,0,0.83962
fa,8192,4096,eager,1,0.91347
fa,8192,4096,eager,2,0.78122
fa,8192,4096,eager,3,0.77728
fa,8192,4096,eager,4,0.77734
fa,8192,4096,eager,5,0.77693
fa,8192,4096,eager,6,0.77747
fa,8192,4096,eager,7,0.77699
fa,8192,4096,eager,8,0.77776
fa,8192,4096,eager,9,0.77811
fa,8192,4096,eager,10,0.77715
fa,8192,4096,eager,11,0.77661
fa,8192,4096,eager,12,0.77594
fa,8192,4096,eager,13,0.77674
fa,8192,4096,eager,14,0.77658
fa,8192,4096,eager,15,0.77693
fa,8192,4096,eager,16,0.77642
fa,8192,4096,eager,17,0.77574
fa,8192,4096,eager,18,0.77731
fa,8192,4096,eager,19,0.77587
fa,8192,4096,eager,20,0.77510
fa,8192,4096,eager,21,0.78096
fa,8192,4096,eager,22,0.78883
fa,8192,4096,eager,23,0.78893
fa,8192,4096,eager,24,0.78576
fa,8192,4096,eager,25,0.78493
fa,8192,4096,eager,26,0.78461
fa,8192,4096,eager,27,0.78467
fa,8192,4096,eager,28,0.78464
fa,8192,4096,eager,29,0.78448
fa,64,16384,graph,0,0.03666
fa,64,16384,graph,1,0.03649
fa,64,16384,graph,2,0.03656
fa,64,16384,graph,3,0.03649
fa,64,16384,graph,4,0.03654
fa,64,16384,graph,5,0.03650
fa,64,16384,graph,6,0.03636
fa,64,16384,graph,7,0.03651
fa,64,16384,graph,8,0.03646
fa,64,16384,graph,9,0.03646
fa,64,16384,graph,10,0.03644
fa,64,16384,graph,11,0.03655
fa,64,16384,graph,12,0.03664
fa,64,16384,graph,13,0.03644
fa,64,16384,graph,14,0.03647
fa,64,16384,graph,15,0.03648
fa,64,16384,graph,16,0.03647
fa,64,16384,graph,17,0.03649
fa,64,16384,graph,18,0.03632
fa,64,16384,graph,19,0.03631
fa,64,16384,graph,20,0.03645
fa,64,16384,graph,21,0.03651
fa,64,16384,graph,22,0.03657
fa,64,16384,graph,23,0.03678
fa,64,16384,graph,24,0.03667
fa,64,16384,graph,25,0.03648
fa,64,16384,graph,26,0.03678
fa,64,16384,graph,27,0.03656
fa,64,16384,graph,28,0.03673
fa,64,16384,graph,29,0.03665
fa,64,16384,eager,0,0.09635
fa,64,16384,eager,1,0.09171
fa,64,16384,eager,2,0.08976
fa,64,16384,eager,3,0.08739
fa,64,16384,eager,4,0.08637
fa,64,16384,eager,5,0.08666
fa,64,16384,eager,6,0.08650
fa,64,16384,eager,7,0.08509
fa,64,16384,eager,8,0.09315
fa,64,16384,eager,9,0.08582
fa,64,16384,eager,10,0.08464
fa,64,16384,eager,11,0.08589
fa,64,16384,eager,12,0.08618
fa,64,16384,eager,13,0.08528
fa,64,16384,eager,14,0.08394
fa,64,16384,eager,15,0.08432
fa,64,16384,eager,16,0.08429
fa,64,16384,eager,17,0.09386
fa,64,16384,eager,18,0.08579
fa,64,16384,eager,19,0.08480
fa,64,16384,eager,20,0.08326
fa,64,16384,eager,21,0.08330
fa,64,16384,eager,22,0.08403
fa,64,16384,eager,23,0.08464
fa,64,16384,eager,24,0.08432
fa,64,16384,eager,25,0.08438
fa,64,16384,eager,26,0.09136
fa,64,16384,eager,27,0.08538
fa,64,16384,eager,28,0.08349
fa,64,16384,eager,29,0.08506
fa,65,16384,graph,0,0.03774
fa,65,16384,graph,1,0.03800
fa,65,16384,graph,2,0.03893
fa,65,16384,graph,3,0.03796
fa,65,16384,graph,4,0.03782
fa,65,16384,graph,5,0.03790
fa,65,16384,graph,6,0.03792
fa,65,16384,graph,7,0.03795
fa,65,16384,graph,8,0.03748
fa,65,16384,graph,9,0.03762
fa,65,16384,graph,10,0.03786
fa,65,16384,graph,11,0.03799
fa,65,16384,graph,12,0.03815
fa,65,16384,graph,13,0.03783
fa,65,16384,graph,14,0.03772
fa,65,16384,graph,15,0.03756
fa,65,16384,graph,16,0.03764
fa,65,16384,graph,17,0.03766
fa,65,16384,graph,18,0.03778
fa,65,16384,graph,19,0.03775
fa,65,16384,graph,20,0.03798
fa,65,16384,graph,21,0.03817
fa,65,16384,graph,22,0.03799
fa,65,16384,graph,23,0.03787
fa,65,16384,graph,24,0.03794
fa,65,16384,graph,25,0.03806
fa,65,16384,graph,26,0.03807
fa,65,16384,graph,27,0.03781
fa,65,16384,graph,28,0.03778
fa,65,16384,graph,29,0.03792
fa,65,16384,eager,0,0.10890
fa,65,16384,eager,1,0.09456
fa,65,16384,eager,2,0.09270
fa,65,16384,eager,3,0.09155
fa,65,16384,eager,4,0.09114
fa,65,16384,eager,5,0.09037
fa,65,16384,eager,6,0.08954
fa,65,16384,eager,7,0.08938
fa,65,16384,eager,8,0.08954
fa,65,16384,eager,9,0.10221
fa,65,16384,eager,10,0.08915
fa,65,16384,eager,11,0.08854
fa,65,16384,eager,12,0.08797
fa,65,16384,eager,13,0.08659
fa,65,16384,eager,14,0.08787
fa,65,16384,eager,15,0.08730
fa,65,16384,eager,16,0.08547
fa,65,16384,eager,17,0.08557
fa,65,16384,eager,18,0.08691
fa,65,16384,eager,19,0.08768
fa,65,16384,eager,20,0.08717
fa,65,16384,eager,21,0.08554
fa,65,16384,eager,22,0.08570
fa,65,16384,eager,23,0.08675
fa,65,16384,eager,24,0.08653
fa,65,16384,eager,25,0.08704
fa,65,16384,eager,26,0.08662
fa,65,16384,eager,27,0.09072
fa,65,16384,eager,28,0.08810
fa,65,16384,eager,29,0.08762
fa,128,16384,graph,0,0.04601
fa,128,16384,graph,1,0.04603
fa,128,16384,graph,2,0.04600
fa,128,16384,graph,3,0.04591
fa,128,16384,graph,4,0.04606
fa,128,16384,graph,5,0.04626
fa,128,16384,graph,6,0.04607
fa,128,16384,graph,7,0.04583
fa,128,16384,graph,8,0.04601
fa,128,16384,graph,9,0.04606
fa,128,16384,graph,10,0.04594
fa,128,16384,graph,11,0.04600
fa,128,16384,graph,12,0.04624
fa,128,16384,graph,13,0.04607
fa,128,16384,graph,14,0.04607
fa,128,16384,graph,15,0.04595
fa,128,16384,graph,16,0.04620
fa,128,16384,graph,17,0.04618
fa,128,16384,graph,18,0.04606
fa,128,16384,graph,19,0.04588
fa,128,16384,graph,20,0.04605
fa,128,16384,graph,21,0.04601
fa,128,16384,graph,22,0.04582
fa,128,16384,graph,23,0.04598
fa,128,16384,graph,24,0.04595
fa,128,16384,graph,25,0.04585
fa,128,16384,graph,26,0.04590
fa,128,16384,graph,27,0.04599
fa,128,16384,graph,28,0.04584
fa,128,16384,graph,29,0.04596
fa,128,16384,eager,0,0.11021
fa,128,16384,eager,1,0.10269
fa,128,16384,eager,2,0.09818
fa,128,16384,eager,3,0.09872
fa,128,16384,eager,4,0.09587
fa,128,16384,eager,5,0.09683
fa,128,16384,eager,6,0.09795
fa,128,16384,eager,7,0.09600
fa,128,16384,eager,8,0.09667
fa,128,16384,eager,9,0.09629
fa,128,16384,eager,10,0.09530
fa,128,16384,eager,11,0.09638
fa,128,16384,eager,12,0.09546
fa,128,16384,eager,13,0.09520
fa,128,16384,eager,14,0.09898
fa,128,16384,eager,15,0.09536
fa,128,16384,eager,16,0.09379
fa,128,16384,eager,17,0.09456
fa,128,16384,eager,18,0.09517
fa,128,16384,eager,19,0.10928
fa,128,16384,eager,20,0.09491
fa,128,16384,eager,21,0.09485
fa,128,16384,eager,22,0.09629
fa,128,16384,eager,23,0.09418
fa,128,16384,eager,24,0.09325
fa,128,16384,eager,25,0.09459
fa,128,16384,eager,26,0.09386
fa,128,16384,eager,27,0.09984
fa,128,16384,eager,28,0.09478
fa,128,16384,eager,29,0.09360
fa,129,16384,graph,0,0.04813
fa,129,16384,graph,1,0.04812
fa,129,16384,graph,2,0.04806
fa,129,16384,graph,3,0.04792
fa,129,16384,graph,4,0.04795
fa,129,16384,graph,5,0.04813
fa,129,16384,graph,6,0.04811
fa,129,16384,graph,7,0.04809
fa,129,16384,graph,8,0.04795
fa,129,16384,graph,9,0.04797
fa,129,16384,graph,10,0.04809
fa,129,16384,graph,11,0.04795
fa,129,16384,graph,12,0.04812
fa,129,16384,graph,13,0.04820
fa,129,16384,graph,14,0.04814
fa,129,16384,graph,15,0.04796
fa,129,16384,graph,16,0.04774
fa,129,16384,graph,17,0.04810
fa,129,16384,graph,18,0.04799
fa,129,16384,graph,19,0.04812
fa,129,16384,graph,20,0.04799
fa,129,16384,graph,21,0.04798
fa,129,16384,graph,22,0.04790
fa,129,16384,graph,23,0.04797
fa,129,16384,graph,24,0.04828
fa,129,16384,graph,25,0.04792
fa,129,16384,graph,26,0.04802
fa,129,16384,graph,27,0.04807
fa,129,16384,graph,28,0.04799
fa,129,16384,graph,29,0.04804
fa,129,16384,eager,0,0.11005
fa,129,16384,eager,1,0.10480
fa,129,16384,eager,2,0.10275
fa,129,16384,eager,3,0.10106
fa,129,16384,eager,4,0.10051
fa,129,16384,eager,5,0.09974
fa,129,16384,eager,6,0.09914
fa,129,16384,eager,7,0.09776
fa,129,16384,eager,8,0.09747
fa,129,16384,eager,9,0.09862
fa,129,16384,eager,10,0.09706
fa,129,16384,eager,11,0.09898
fa,129,16384,eager,12,0.09856
fa,129,16384,eager,13,0.09715
fa,129,16384,eager,14,0.09658
fa,129,16384,eager,15,0.09651
fa,129,16384,eager,16,0.09690
fa,129,16384,eager,17,0.09622
fa,129,16384,eager,18,0.09568
fa,129,16384,eager,19,0.09578
fa,129,16384,eager,20,0.09693
fa,129,16384,eager,21,0.09619
fa,129,16384,eager,22,0.09667
fa,129,16384,eager,23,0.09802
fa,129,16384,eager,24,0.09642
fa,129,16384,eager,25,0.09693
fa,129,16384,eager,26,0.09613
fa,129,16384,eager,27,0.09626
fa,129,16384,eager,28,0.10138
fa,129,16384,eager,29,0.09568
fa,256,16384,graph,0,0.06697
fa,256,16384,graph,1,0.06697
fa,256,16384,graph,2,0.06693
fa,256,16384,graph,3,0.06700
fa,256,16384,graph,4,0.06696
fa,256,16384,graph,5,0.06687
fa,256,16384,graph,6,0.06694
fa,256,16384,graph,7,0.06694
fa,256,16384,graph,8,0.06691
fa,256,16384,graph,9,0.06693
fa,256,16384,graph,10,0.06688
fa,256,16384,graph,11,0.06685
fa,256,16384,graph,12,0.06694
fa,256,16384,graph,13,0.06710
fa,256,16384,graph,14,0.06717
fa,256,16384,graph,15,0.06702
fa,256,16384,graph,16,0.06698
fa,256,16384,graph,17,0.06702
fa,256,16384,graph,18,0.06697
fa,256,16384,graph,19,0.06690
fa,256,16384,graph,20,0.06695
fa,256,16384,graph,21,0.06712
fa,256,16384,graph,22,0.06714
fa,256,16384,graph,23,0.06697
fa,256,16384,graph,24,0.06688
fa,256,16384,graph,25,0.06680
fa,256,16384,graph,26,0.06711
fa,256,16384,graph,27,0.06707
fa,256,16384,graph,28,0.06697
fa,256,16384,graph,29,0.06714
fa,256,16384,eager,0,0.12947
fa,256,16384,eager,1,0.16960
fa,256,16384,eager,2,0.12227
fa,256,16384,eager,3,0.12122
fa,256,16384,eager,4,0.12003
fa,256,16384,eager,5,0.12026
fa,256,16384,eager,6,0.11955
fa,256,16384,eager,7,0.11808
fa,256,16384,eager,8,0.12006
fa,256,16384,eager,9,0.11760
fa,256,16384,eager,10,0.11686
fa,256,16384,eager,11,0.11814
fa,256,16384,eager,12,0.11808
fa,256,16384,eager,13,0.11798
fa,256,16384,eager,14,0.11805
fa,256,16384,eager,15,0.11706
fa,256,16384,eager,16,0.11741
fa,256,16384,eager,17,0.11802
fa,256,16384,eager,18,0.11670
fa,256,16384,eager,19,0.11699
fa,256,16384,eager,20,0.11677
fa,256,16384,eager,21,0.11680
fa,256,16384,eager,22,0.11782
fa,256,16384,eager,23,0.11622
fa,256,16384,eager,24,0.11610
fa,256,16384,eager,25,0.11712
fa,256,16384,eager,26,0.11590
fa,256,16384,eager,27,0.11654
fa,256,16384,eager,28,0.11594
fa,256,16384,eager,29,0.11616
fa,512,16384,graph,0,0.11560
fa,512,16384,graph,1,0.11553
fa,512,16384,graph,2,0.11537
fa,512,16384,graph,3,0.11546
fa,512,16384,graph,4,0.11555
fa,512,16384,graph,5,0.11544
fa,512,16384,graph,6,0.11551
fa,512,16384,graph,7,0.11552
fa,512,16384,graph,8,0.11548
fa,512,16384,graph,9,0.11567
fa,512,16384,graph,10,0.11548
fa,512,16384,graph,11,0.11555
fa,512,16384,graph,12,0.11537
fa,512,16384,graph,13,0.11550
fa,512,16384,graph,14,0.11570
fa,512,16384,graph,15,0.11580
fa,512,16384,graph,16,0.11587
fa,512,16384,graph,17,0.11577
fa,512,16384,graph,18,0.11561
fa,512,16384,graph,19,0.11604
fa,512,16384,graph,20,0.11570
fa,512,16384,graph,21,0.11592
fa,512,16384,graph,22,0.11597
fa,512,16384,graph,23,0.11569
fa,512,16384,graph,24,0.11588
fa,512,16384,graph,25,0.11583
fa,512,16384,graph,26,0.11593
fa,512,16384,graph,27,0.11575
fa,512,16384,graph,28,0.11570
fa,512,16384,graph,29,0.11581
fa,512,16384,eager,0,0.26726
fa,512,16384,eager,1,0.25443
fa,512,16384,eager,2,0.24685
fa,512,16384,eager,3,0.24192
fa,512,16384,eager,4,0.26208
fa,512,16384,eager,5,0.19462
fa,512,16384,eager,6,0.17690
fa,512,16384,eager,7,0.16502
fa,512,16384,eager,8,0.16442
fa,512,16384,eager,9,0.16704
fa,512,16384,eager,10,0.16541
fa,512,16384,eager,11,0.16560
fa,512,16384,eager,12,0.16586
fa,512,16384,eager,13,0.16320
fa,512,16384,eager,14,0.17053
fa,512,16384,eager,15,0.16451
fa,512,16384,eager,16,0.16470
fa,512,16384,eager,17,0.16438
fa,512,16384,eager,18,0.16288
fa,512,16384,eager,19,0.16371
fa,512,16384,eager,20,0.16333
fa,512,16384,eager,21,0.16435
fa,512,16384,eager,22,0.16317
fa,512,16384,eager,23,0.16262
fa,512,16384,eager,24,0.16426
fa,512,16384,eager,25,0.16938
fa,512,16384,eager,26,0.16541
fa,512,16384,eager,27,0.16490
fa,512,16384,eager,28,0.16493
fa,512,16384,eager,29,0.16406
fa,1024,16384,graph,0,0.22100
fa,1024,16384,graph,1,0.22049
fa,1024,16384,graph,2,0.22066
fa,1024,16384,graph,3,0.22086
fa,1024,16384,graph,4,0.22014
fa,1024,16384,graph,5,0.22067
fa,1024,16384,graph,6,0.22025
fa,1024,16384,graph,7,0.22033
fa,1024,16384,graph,8,0.22064
fa,1024,16384,graph,9,0.22067
fa,1024,16384,graph,10,0.22072
fa,1024,16384,graph,11,0.22069
fa,1024,16384,graph,12,0.22093
fa,1024,16384,graph,13,0.22149
fa,1024,16384,graph,14,0.22198
fa,1024,16384,graph,15,0.22201
fa,1024,16384,graph,16,0.22206
fa,1024,16384,graph,17,0.22210
fa,1024,16384,graph,18,0.22245
fa,1024,16384,graph,19,0.22237
fa,1024,16384,graph,20,0.22223
fa,1024,16384,graph,21,0.22221
fa,1024,16384,graph,22,0.22199
fa,1024,16384,graph,23,0.22260
fa,1024,16384,graph,24,0.22301
fa,1024,16384,graph,25,0.22317
fa,1024,16384,graph,26,0.22295
fa,1024,16384,graph,27,0.22341
fa,1024,16384,graph,28,0.22330
fa,1024,16384,graph,29,0.22328
fa,1024,16384,eager,0,0.35398
fa,1024,16384,eager,1,0.28774
fa,1024,16384,eager,2,0.28333
fa,1024,16384,eager,3,0.27168
fa,1024,16384,eager,4,0.26992
fa,1024,16384,eager,5,0.26960
fa,1024,16384,eager,6,0.26874
fa,1024,16384,eager,7,0.26730
fa,1024,16384,eager,8,0.26640
fa,1024,16384,eager,9,0.27251
fa,1024,16384,eager,10,0.26730
fa,1024,16384,eager,11,0.26765
fa,1024,16384,eager,12,0.26717
fa,1024,16384,eager,13,0.26848
fa,1024,16384,eager,14,0.26531
fa,1024,16384,eager,15,0.26614
fa,1024,16384,eager,16,0.26726
fa,1024,16384,eager,17,0.26659
fa,1024,16384,eager,18,0.26704
fa,1024,16384,eager,19,0.26554
fa,1024,16384,eager,20,0.26669
fa,1024,16384,eager,21,0.26582
fa,1024,16384,eager,22,0.26592
fa,1024,16384,eager,23,0.26659
fa,1024,16384,eager,24,0.26726
fa,1024,16384,eager,25,0.26662
fa,1024,16384,eager,26,0.26659
fa,1024,16384,eager,27,0.26688
fa,1024,16384,eager,28,0.26608
fa,1024,16384,eager,29,0.26586
fa,2048,16384,graph,0,0.40769
fa,2048,16384,graph,1,0.40760
fa,2048,16384,graph,2,0.40760
fa,2048,16384,graph,3,0.40712
fa,2048,16384,graph,4,0.40715
fa,2048,16384,graph,5,0.40717
fa,2048,16384,graph,6,0.40764
fa,2048,16384,graph,7,0.40754
fa,2048,16384,graph,8,0.40774
fa,2048,16384,graph,9,0.40756
fa,2048,16384,graph,10,0.40748
fa,2048,16384,graph,11,0.40772
fa,2048,16384,graph,12,0.40895
fa,2048,16384,graph,13,0.40919
fa,2048,16384,graph,14,0.40939
fa,2048,16384,graph,15,0.40960
fa,2048,16384,graph,16,0.40972
fa,2048,16384,graph,17,0.40953
fa,2048,16384,graph,18,0.40951
fa,2048,16384,graph,19,0.40916
fa,2048,16384,graph,20,0.40922
fa,2048,16384,graph,21,0.41043
fa,2048,16384,graph,22,0.41496
fa,2048,16384,graph,23,0.41511
fa,2048,16384,graph,24,0.41496
fa,2048,16384,graph,25,0.41548
fa,2048,16384,graph,26,0.41516
fa,2048,16384,graph,27,0.41538
fa,2048,16384,graph,28,0.41499
fa,2048,16384,graph,29,0.41543
fa,2048,16384,eager,0,0.46349
fa,2048,16384,eager,1,0.46026
fa,2048,16384,eager,2,0.45322
fa,2048,16384,eager,3,0.44714
fa,2048,16384,eager,4,0.44691
fa,2048,16384,eager,5,0.44691
fa,2048,16384,eager,6,0.44653
fa,2048,16384,eager,7,0.44579
fa,2048,16384,eager,8,0.44518
fa,2048,16384,eager,9,0.44515
fa,2048,16384,eager,10,0.44838
fa,2048,16384,eager,11,0.44454
fa,2048,16384,eager,12,0.44650
fa,2048,16384,eager,13,0.44550
fa,2048,16384,eager,14,0.47274
fa,2048,16384,eager,15,0.45536
fa,2048,16384,eager,16,0.46413
fa,2048,16384,eager,17,0.44534
fa,2048,16384,eager,18,0.44563
fa,2048,16384,eager,19,0.44624
fa,2048,16384,eager,20,0.44598
fa,2048,16384,eager,21,0.44525
fa,2048,16384,eager,22,0.44426
fa,2048,16384,eager,23,0.44493
fa,2048,16384,eager,24,0.44518
fa,2048,16384,eager,25,0.44458
fa,2048,16384,eager,26,0.44474
fa,2048,16384,eager,27,0.45187
fa,2048,16384,eager,28,0.44685
fa,2048,16384,eager,29,0.44614
fa,4096,16384,graph,0,0.86946
fa,4096,16384,graph,1,0.86450
fa,4096,16384,graph,2,0.85774
fa,4096,16384,graph,3,0.85837
fa,4096,16384,graph,4,0.83984
fa,4096,16384,graph,5,0.83536
fa,4096,16384,graph,6,0.83563
fa,4096,16384,graph,7,0.83581
fa,4096,16384,graph,8,0.83531
fa,4096,16384,graph,9,0.83563
fa,4096,16384,graph,10,0.83685
fa,4096,16384,graph,11,0.83579
fa,4096,16384,graph,12,0.86918
fa,4096,16384,graph,13,0.87646
fa,4096,16384,graph,14,0.87667
fa,4096,16384,graph,15,0.87635
fa,4096,16384,graph,16,0.87603
fa,4096,16384,graph,17,0.87690
fa,4096,16384,graph,18,0.87683
fa,4096,16384,graph,19,0.87587
fa,4096,16384,graph,20,0.87648
fa,4096,16384,graph,21,0.87754
fa,4096,16384,graph,22,0.87994
fa,4096,16384,graph,23,0.87650
fa,4096,16384,graph,24,0.87707
fa,4096,16384,graph,25,0.87680
fa,4096,16384,graph,26,0.87637
fa,4096,16384,graph,27,0.87603
fa,4096,16384,graph,28,0.87638
fa,4096,16384,graph,29,0.87672
fa,4096,16384,eager,0,0.87357
fa,4096,16384,eager,1,0.86067
fa,4096,16384,eager,2,0.85901
fa,4096,16384,eager,3,0.86147
fa,4096,16384,eager,4,0.85814
fa,4096,16384,eager,5,0.85757
fa,4096,16384,eager,6,0.85686
fa,4096,16384,eager,7,0.85718
fa,4096,16384,eager,8,0.85744
fa,4096,16384,eager,9,0.85648
fa,4096,16384,eager,10,0.85533
fa,4096,16384,eager,11,0.85610
fa,4096,16384,eager,12,0.85818
fa,4096,16384,eager,13,0.85555
fa,4096,16384,eager,14,0.85616
fa,4096,16384,eager,15,0.85709
fa,4096,16384,eager,16,0.85552
fa,4096,16384,eager,17,0.85626
fa,4096,16384,eager,18,0.85686
fa,4096,16384,eager,19,0.85590
fa,4096,16384,eager,20,0.85661
fa,4096,16384,eager,21,0.85491
fa,4096,16384,eager,22,0.85546
fa,4096,16384,eager,23,0.85930
fa,4096,16384,eager,24,0.86000
fa,4096,16384,eager,25,0.87066
fa,4096,16384,eager,26,0.86970
fa,4096,16384,eager,27,0.87142
fa,4096,16384,eager,28,0.87235
fa,4096,16384,eager,29,0.87053
fa,8192,16384,graph,0,1.85386
fa,8192,16384,graph,1,1.85264
fa,8192,16384,graph,2,1.85194
fa,8192,16384,graph,3,1.85110
fa,8192,16384,graph,4,1.85968
fa,8192,16384,graph,5,1.84688
fa,8192,16384,graph,6,1.85142
fa,8192,16384,graph,7,1.93498
fa,8192,16384,graph,8,1.97088
fa,8192,16384,graph,9,1.96275
fa,8192,16384,graph,10,1.96406
fa,8192,16384,graph,11,1.95731
fa,8192,16384,graph,12,1.95725
fa,8192,16384,graph,13,1.95808
fa,8192,16384,graph,14,1.95731
fa,8192,16384,graph,15,1.95770
fa,8192,16384,graph,16,1.95645
fa,8192,16384,graph,17,1.96269
fa,8192,16384,graph,18,1.97091
fa,8192,16384,graph,19,1.96374
fa,8192,16384,graph,20,1.95590
fa,8192,16384,graph,21,1.96490
fa,8192,16384,graph,22,1.99251
fa,8192,16384,graph,23,2.00381
fa,8192,16384,graph,24,1.99373
fa,8192,16384,graph,25,1.99296
fa,8192,16384,graph,26,1.98282
fa,8192,16384,graph,27,1.98435
fa,8192,16384,graph,28,1.98237
fa,8192,16384,graph,29,1.98323
fa,8192,16384,eager,0,1.85978
fa,8192,16384,eager,1,1.85136
fa,8192,16384,eager,2,1.84730
fa,8192,16384,eager,3,1.84234
fa,8192,16384,eager,4,1.84576
fa,8192,16384,eager,5,1.84557
fa,8192,16384,eager,6,1.85824
fa,8192,16384,eager,7,1.84749
fa,8192,16384,eager,8,1.84243
fa,8192,16384,eager,9,1.84125
fa,8192,16384,eager,10,1.84470
fa,8192,16384,eager,11,1.89770
fa,8192,16384,eager,12,1.90931
fa,8192,16384,eager,13,1.90902
fa,8192,16384,eager,14,1.90707
fa,8192,16384,eager,15,1.90816
fa,8192,16384,eager,16,1.91386
fa,8192,16384,eager,17,1.99530
fa,8192,16384,eager,18,1.98797
fa,8192,16384,eager,19,2.00384
fa,8192,16384,eager,20,1.98474
fa,8192,16384,eager,21,1.98842
fa,8192,16384,eager,22,1.99011
fa,8192,16384,eager,23,1.98486
fa,8192,16384,eager,24,1.98714
fa,8192,16384,eager,25,1.99101
fa,8192,16384,eager,26,1.98710
fa,8192,16384,eager,27,1.99178
fa,8192,16384,eager,28,1.98950
fa,8192,16384,eager,29,1.99117
fa,64,32768,graph,0,0.05033
fa,64,32768,graph,1,0.05032
fa,64,32768,graph,2,0.05037
fa,64,32768,graph,3,0.05073
fa,64,32768,graph,4,0.05054
fa,64,32768,graph,5,0.05026
fa,64,32768,graph,6,0.05053
fa,64,32768,graph,7,0.05021
fa,64,32768,graph,8,0.05019
fa,64,32768,graph,9,0.05047
fa,64,32768,graph,10,0.05036
fa,64,32768,graph,11,0.05030
fa,64,32768,graph,12,0.05042
fa,64,32768,graph,13,0.05030
fa,64,32768,graph,14,0.05025
fa,64,32768,graph,15,0.05041
fa,64,32768,graph,16,0.05045
fa,64,32768,graph,17,0.05046
fa,64,32768,graph,18,0.05053
fa,64,32768,graph,19,0.05035
fa,64,32768,graph,20,0.05048
fa,64,32768,graph,21,0.05036
fa,64,32768,graph,22,0.05028
fa,64,32768,graph,23,0.05038
fa,64,32768,graph,24,0.05011
fa,64,32768,graph,25,0.05023
fa,64,32768,graph,26,0.05015
fa,64,32768,graph,27,0.05020
fa,64,32768,graph,28,0.05011
fa,64,32768,graph,29,0.04988
fa,64,32768,eager,0,0.11760
fa,64,32768,eager,1,0.11245
fa,64,32768,eager,2,0.11654
fa,64,32768,eager,3,0.10890
fa,64,32768,eager,4,0.10752
fa,64,32768,eager,5,0.10867
fa,64,32768,eager,6,0.10685
fa,64,32768,eager,7,0.10714
fa,64,32768,eager,8,0.10666
fa,64,32768,eager,9,0.10701
fa,64,32768,eager,10,0.10595
fa,64,32768,eager,11,0.10480
fa,64,32768,eager,12,0.10362
fa,64,32768,eager,13,0.10454
fa,64,32768,eager,14,0.10397
fa,64,32768,eager,15,0.10387
fa,64,32768,eager,16,0.10448
fa,64,32768,eager,17,0.11098
fa,64,32768,eager,18,0.10640
fa,64,32768,eager,19,0.10774
fa,64,32768,eager,20,0.09958
fa,64,32768,eager,21,0.10000
fa,64,32768,eager,22,0.09914
fa,64,32768,eager,23,0.09962
fa,64,32768,eager,24,0.09933
fa,64,32768,eager,25,0.10070
fa,64,32768,eager,26,0.10051
fa,64,32768,eager,27,0.10176
fa,64,32768,eager,28,0.10006
fa,64,32768,eager,29,0.10010
fa,65,32768,graph,0,0.05256
fa,65,32768,graph,1,0.05265
fa,65,32768,graph,2,0.05299
fa,65,32768,graph,3,0.05287
fa,65,32768,graph,4,0.05245
fa,65,32768,graph,5,0.05257
fa,65,32768,graph,6,0.05292
fa,65,32768,graph,7,0.05278
fa,65,32768,graph,8,0.05298
fa,65,32768,graph,9,0.05272
fa,65,32768,graph,10,0.05294
fa,65,32768,graph,11,0.05284
fa,65,32768,graph,12,0.05246
fa,65,32768,graph,13,0.05271
fa,65,32768,graph,14,0.05238
fa,65,32768,graph,15,0.05290
fa,65,32768,graph,16,0.05300
fa,65,32768,graph,17,0.05227
fa,65,32768,graph,18,0.05263
fa,65,32768,graph,19,0.05250
fa,65,32768,graph,20,0.05272
fa,65,32768,graph,21,0.05247
fa,65,32768,graph,22,0.05235
fa,65,32768,graph,23,0.05236
fa,65,32768,graph,24,0.05267
fa,65,32768,graph,25,0.05237
fa,65,32768,graph,26,0.05231
fa,65,32768,graph,27,0.05230
fa,65,32768,graph,28,0.05247
fa,65,32768,graph,29,0.05267
fa,65,32768,eager,0,0.12525
fa,65,32768,eager,1,0.11024
fa,65,32768,eager,2,0.10624
fa,65,32768,eager,3,0.10608
fa,65,32768,eager,4,0.10582
fa,65,32768,eager,5,0.10368
fa,65,32768,eager,6,0.10365
fa,65,32768,eager,7,0.10416
fa,65,32768,eager,8,0.10330
fa,65,32768,eager,9,0.10314
fa,65,32768,eager,10,0.10291
fa,65,32768,eager,11,0.10243
fa,65,32768,eager,12,0.10422
fa,65,32768,eager,13,0.10272
fa,65,32768,eager,14,0.10342
fa,65,32768,eager,15,0.11107
fa,65,32768,eager,16,0.10282
fa,65,32768,eager,17,0.10362
fa,65,32768,eager,18,0.10221
fa,65,32768,eager,19,0.10294
fa,65,32768,eager,20,0.10150
fa,65,32768,eager,21,0.10080
fa,65,32768,eager,22,0.10192
fa,65,32768,eager,23,0.10346
fa,65,32768,eager,24,0.10182
fa,65,32768,eager,25,0.10160
fa,65,32768,eager,26,0.10182
fa,65,32768,eager,27,0.10134
fa,65,32768,eager,28,0.10054
fa,65,32768,eager,29,0.10163
fa,128,32768,graph,0,0.06984
fa,128,32768,graph,1,0.06991
fa,128,32768,graph,2,0.06998
fa,128,32768,graph,3,0.06999
fa,128,32768,graph,4,0.06983
fa,128,32768,graph,5,0.07021
fa,128,32768,graph,6,0.06999
fa,128,32768,graph,7,0.06988
fa,128,32768,graph,8,0.06983
fa,128,32768,graph,9,0.06981
fa,128,32768,graph,10,0.06982
fa,128,32768,graph,11,0.06981
fa,128,32768,graph,12,0.07043
fa,128,32768,graph,13,0.07022
fa,128,32768,graph,14,0.06991
fa,128,32768,graph,15,0.06974
fa,128,32768,graph,16,0.06986
fa,128,32768,graph,17,0.06983
fa,128,32768,graph,18,0.06987
fa,128,32768,graph,19,0.07012
fa,128,32768,graph,20,0.06995
fa,128,32768,graph,21,0.07005
fa,128,32768,graph,22,0.07003
fa,128,32768,graph,23,0.07006
fa,128,32768,graph,24,0.07049
fa,128,32768,graph,25,0.07000
fa,128,32768,graph,26,0.07000
fa,128,32768,graph,27,0.06996
fa,128,32768,graph,28,0.07010
fa,128,32768,graph,29,0.06993
fa,128,32768,eager,0,0.13629
fa,128,32768,eager,1,0.12656
fa,128,32768,eager,2,0.13126
fa,128,32768,eager,3,0.12413
fa,128,32768,eager,4,0.12275
fa,128,32768,eager,5,0.12141
fa,128,32768,eager,6,0.12157
fa,128,32768,eager,7,0.11962
fa,128,32768,eager,8,0.11894
fa,128,32768,eager,9,0.12074
fa,128,32768,eager,10,0.11878
fa,128,32768,eager,11,0.11930
fa,128,32768,eager,12,0.11962
fa,128,32768,eager,13,0.11766
fa,128,32768,eager,14,0.11971
fa,128,32768,eager,15,0.11885
fa,128,32768,eager,16,0.12240
fa,128,32768,eager,17,0.11981
fa,128,32768,eager,18,0.12160
fa,128,32768,eager,19,0.12042
fa,128,32768,eager,20,0.12064
fa,128,32768,eager,21,0.11946
fa,128,32768,eager,22,0.11981
fa,128,32768,eager,23,0.12064
fa,128,32768,eager,24,0.11968
fa,128,32768,eager,25,0.11898
fa,128,32768,eager,26,0.11968
fa,128,32768,eager,27,0.11936
fa,128,32768,eager,28,0.11782
fa,128,32768,eager,29,0.11955
fa,129,32768,graph,0,0.07545
fa,129,32768,graph,1,0.07542
fa,129,32768,graph,2,0.07531
fa,129,32768,graph,3,0.07535
fa,129,32768,graph,4,0.07556
fa,129,32768,graph,5,0.07533
fa,129,32768,graph,6,0.07520
fa,129,32768,graph,7,0.07518
fa,129,32768,graph,8,0.07528
fa,129,32768,graph,9,0.07539
fa,129,32768,graph,10,0.07528
fa,129,32768,graph,11,0.07547
fa,129,32768,graph,12,0.07557
fa,129,32768,graph,13,0.07588
fa,129,32768,graph,14,0.07605
fa,129,32768,graph,15,0.07537
fa,129,32768,graph,16,0.07543
fa,129,32768,graph,17,0.07529
fa,129,32768,graph,18,0.07546
fa,129,32768,graph,19,0.07526
fa,129,32768,graph,20,0.07552
fa,129,32768,graph,21,0.07549
fa,129,32768,graph,22,0.07534
fa,129,32768,graph,23,0.07534
fa,129,32768,graph,24,0.07540
fa,129,32768,graph,25,0.07541
fa,129,32768,graph,26,0.07561
fa,129,32768,graph,27,0.07554
fa,129,32768,graph,28,0.07530
fa,129,32768,graph,29,0.07531
fa,129,32768,eager,0,0.13718
fa,129,32768,eager,1,0.13267
fa,129,32768,eager,2,0.13754
fa,129,32768,eager,3,0.13043
fa,129,32768,eager,4,0.12762
fa,129,32768,eager,5,0.12768
fa,129,32768,eager,6,0.12733
fa,129,32768,eager,7,0.12720
fa,129,32768,eager,8,0.12710
fa,129,32768,eager,9,0.12762
fa,129,32768,eager,10,0.12675
fa,129,32768,eager,11,0.12736
fa,129,32768,eager,12,0.12707
fa,129,32768,eager,13,0.12630
fa,129,32768,eager,14,0.12669
fa,129,32768,eager,15,0.13328
fa,129,32768,eager,16,0.12496
fa,129,32768,eager,17,0.12470
fa,129,32768,eager,18,0.12512
fa,129,32768,eager,19,0.12509
fa,129,32768,eager,20,0.12461
fa,129,32768,eager,21,0.12342
fa,129,32768,eager,22,0.12506
fa,129,32768,eager,23,0.12522
fa,129,32768,eager,24,0.12621
fa,129,32768,eager,25,0.12698
fa,129,32768,eager,26,0.12461
fa,129,32768,eager,27,0.12592
fa,129,32768,eager,28,0.13347
fa,129,32768,eager,29,0.12550
fa,256,32768,graph,0,0.11362
fa,256,32768,graph,1,0.11330
fa,256,32768,graph,2,0.11327
fa,256,32768,graph,3,0.11350
fa,256,32768,graph,4,0.11345
fa,256,32768,graph,5,0.11346
fa,256,32768,graph,6,0.11349
fa,256,32768,graph,7,0.11384
fa,256,32768,graph,8,0.11335
fa,256,32768,graph,9,0.11374
fa,256,32768,graph,10,0.11350
fa,256,32768,graph,11,0.11363
fa,256,32768,graph,12,0.11369
fa,256,32768,graph,13,0.11354
fa,256,32768,graph,14,0.11382
fa,256,32768,graph,15,0.11373
fa,256,32768,graph,16,0.11345
fa,256,32768,graph,17,0.11367
fa,256,32768,graph,18,0.11373
fa,256,32768,graph,19,0.11334
fa,256,32768,graph,20,0.11359
fa,256,32768,graph,21,0.11360
fa,256,32768,graph,22,0.11377
fa,256,32768,graph,23,0.11342
fa,256,32768,graph,24,0.11344
fa,256,32768,graph,25,0.11342
fa,256,32768,graph,26,0.11332
fa,256,32768,graph,27,0.11345
fa,256,32768,graph,28,0.11359
fa,256,32768,graph,29,0.11342
fa,256,32768,eager,0,0.17731
fa,256,32768,eager,1,0.17178
fa,256,32768,eager,2,0.16720
fa,256,32768,eager,3,0.16666
fa,256,32768,eager,4,0.16659
fa,256,32768,eager,5,0.16685
fa,256,32768,eager,6,0.17040
fa,256,32768,eager,7,0.16611
fa,256,32768,eager,8,0.16608
fa,256,32768,eager,9,0.16493
fa,256,32768,eager,10,0.16624
fa,256,32768,eager,11,0.17424
fa,256,32768,eager,12,0.16493
fa,256,32768,eager,13,0.16394
fa,256,32768,eager,14,0.16531
fa,256,32768,eager,15,0.16579
fa,256,32768,eager,16,0.16512
fa,256,32768,eager,17,0.16598
fa,256,32768,eager,18,0.16550
fa,256,32768,eager,19,0.16739
fa,256,32768,eager,20,0.16310
fa,256,32768,eager,21,0.16339
fa,256,32768,eager,22,0.16720
fa,256,32768,eager,23,0.16534
fa,256,32768,eager,24,0.16557
fa,256,32768,eager,25,0.16445
fa,256,32768,eager,26,0.16461
fa,256,32768,eager,27,0.17117
fa,256,32768,eager,28,0.16678
fa,256,32768,eager,29,0.16298
fa,512,32768,graph,0,0.20824
fa,512,32768,graph,1,0.20801
fa,512,32768,graph,2,0.20805
fa,512,32768,graph,3,0.20821
fa,512,32768,graph,4,0.20795
fa,512,32768,graph,5,0.20820
fa,512,32768,graph,6,0.20837
fa,512,32768,graph,7,0.20910
fa,512,32768,graph,8,0.20952
fa,512,32768,graph,9,0.20919
fa,512,32768,graph,10,0.20919
fa,512,32768,graph,11,0.20915
fa,512,32768,graph,12,0.20962
fa,512,32768,graph,13,0.20940
fa,512,32768,graph,14,0.20932
fa,512,32768,graph,15,0.20938
fa,512,32768,graph,16,0.20926
fa,512,32768,graph,17,0.20961
fa,512,32768,graph,18,0.21133
fa,512,32768,graph,19,0.21181
fa,512,32768,graph,20,0.21010
fa,512,32768,graph,21,0.21004
fa,512,32768,graph,22,0.21025
fa,512,32768,graph,23,0.21028
fa,512,32768,graph,24,0.21019
fa,512,32768,graph,25,0.21091
fa,512,32768,graph,26,0.21068
fa,512,32768,graph,27,0.21040
fa,512,32768,graph,28,0.21009
fa,512,32768,graph,29,0.21057
fa,512,32768,eager,0,0.41914
fa,512,32768,eager,1,0.28822
fa,512,32768,eager,2,0.26934
fa,512,32768,eager,3,0.26435
fa,512,32768,eager,4,0.26160
fa,512,32768,eager,5,0.26182
fa,512,32768,eager,6,0.26278
fa,512,32768,eager,7,0.26019
fa,512,32768,eager,8,0.26048
fa,512,32768,eager,9,0.26074
fa,512,32768,eager,10,0.26010
fa,512,32768,eager,11,0.26115
fa,512,32768,eager,12,0.25955
fa,512,32768,eager,13,0.25965
fa,512,32768,eager,14,0.25898
fa,512,32768,eager,15,0.26048
fa,512,32768,eager,16,0.26794
fa,512,32768,eager,17,0.26400
fa,512,32768,eager,18,0.26045
fa,512,32768,eager,19,0.25894
fa,512,32768,eager,20,0.25971
fa,512,32768,eager,21,0.25994
fa,512,32768,eager,22,0.25936
fa,512,32768,eager,23,0.26349
fa,512,32768,eager,24,0.26230
fa,512,32768,eager,25,0.26122
fa,512,32768,eager,26,0.27002
fa,512,32768,eager,27,0.26019
fa,512,32768,eager,28,0.26099
fa,512,32768,eager,29,0.26090
fa,1024,32768,graph,0,0.40795
fa,1024,32768,graph,1,0.40689
fa,1024,32768,graph,2,0.40826
fa,1024,32768,graph,3,0.40718
fa,1024,32768,graph,4,0.40759
fa,1024,32768,graph,5,0.41393
fa,1024,32768,graph,6,0.41342
fa,1024,32768,graph,7,0.41142
fa,1024,32768,graph,8,0.41178
fa,1024,32768,graph,9,0.41192
fa,1024,32768,graph,10,0.41223
fa,1024,32768,graph,11,0.41182
fa,1024,32768,graph,12,0.41184
fa,1024,32768,graph,13,0.41197
fa,1024,32768,graph,14,0.41182
fa,1024,32768,graph,15,0.41210
fa,1024,32768,graph,16,0.41173
fa,1024,32768,graph,17,0.41190
fa,1024,32768,graph,18,0.41258
fa,1024,32768,graph,19,0.41230
fa,1024,32768,graph,20,0.41206
fa,1024,32768,graph,21,0.41253
fa,1024,32768,graph,22,0.41180
fa,1024,32768,graph,23,0.41243
fa,1024,32768,graph,24,0.41304
fa,1024,32768,graph,25,0.41229
fa,1024,32768,graph,26,0.41270
fa,1024,32768,graph,27,0.41564
fa,1024,32768,graph,28,0.41911
fa,1024,32768,graph,29,0.41970
fa,1024,32768,eager,0,0.48083
fa,1024,32768,eager,1,0.46736
fa,1024,32768,eager,2,0.46515
fa,1024,32768,eager,3,0.46013
fa,1024,32768,eager,4,0.45962
fa,1024,32768,eager,5,0.45862
fa,1024,32768,eager,6,0.46013
fa,1024,32768,eager,7,0.45808
fa,1024,32768,eager,8,0.45811
fa,1024,32768,eager,9,0.45654
fa,1024,32768,eager,10,0.45939
fa,1024,32768,eager,11,0.45814
fa,1024,32768,eager,12,0.45901
fa,1024,32768,eager,13,0.45581
fa,1024,32768,eager,14,0.45840
fa,1024,32768,eager,15,0.45536
fa,1024,32768,eager,16,0.45626
fa,1024,32768,eager,17,0.45693
fa,1024,32768,eager,18,0.46205
fa,1024,32768,eager,19,0.45910
fa,1024,32768,eager,20,0.45875
fa,1024,32768,eager,21,0.45869
fa,1024,32768,eager,22,0.45766
fa,1024,32768,eager,23,0.45574
fa,1024,32768,eager,24,0.45670
fa,1024,32768,eager,25,0.45894
fa,1024,32768,eager,26,0.45834
fa,1024,32768,eager,27,0.45894
fa,1024,32768,eager,28,0.46771
fa,1024,32768,eager,29,0.45702
fa,2048,32768,graph,0,0.76758
fa,2048,32768,graph,1,0.76449
fa,2048,32768,graph,2,0.76543
fa,2048,32768,graph,3,0.76570
fa,2048,32768,graph,4,0.76825
fa,2048,32768,graph,5,0.76812
fa,2048,32768,graph,6,0.77058
fa,2048,32768,graph,7,0.77054
fa,2048,32768,graph,8,0.77002
fa,2048,32768,graph,9,0.77025
fa,2048,32768,graph,10,0.77066
fa,2048,32768,graph,11,0.77022
fa,2048,32768,graph,12,0.77049
fa,2048,32768,graph,13,0.77034
fa,2048,32768,graph,14,0.77358
fa,2048,32768,graph,15,0.78918
fa,2048,32768,graph,16,0.78942
fa,2048,32768,graph,17,0.78927
fa,2048,32768,graph,18,0.79062
fa,2048,32768,graph,19,0.78914
fa,2048,32768,graph,20,0.79028
fa,2048,32768,graph,21,0.78930
fa,2048,32768,graph,22,0.78964
fa,2048,32768,graph,23,0.78908
fa,2048,32768,graph,24,0.78980
fa,2048,32768,graph,25,0.78918
fa,2048,32768,graph,26,0.78975
fa,2048,32768,graph,27,0.78935
fa,2048,32768,graph,28,0.79185
fa,2048,32768,graph,29,0.81370
fa,2048,32768,eager,0,0.85011
fa,2048,32768,eager,1,0.83770
fa,2048,32768,eager,2,0.81834
fa,2048,32768,eager,3,0.82291
fa,2048,32768,eager,4,0.80768
fa,2048,32768,eager,5,0.80362
fa,2048,32768,eager,6,0.80371
fa,2048,32768,eager,7,0.80166
fa,2048,32768,eager,8,0.80768
fa,2048,32768,eager,9,0.81322
fa,2048,32768,eager,10,0.80362
fa,2048,32768,eager,11,0.80262
fa,2048,32768,eager,12,0.80150
fa,2048,32768,eager,13,0.80227
fa,2048,32768,eager,14,0.80358
fa,2048,32768,eager,15,0.80106
fa,2048,32768,eager,16,0.80205
fa,2048,32768,eager,17,0.80182
fa,2048,32768,eager,18,0.80253
fa,2048,32768,eager,19,0.80218
fa,2048,32768,eager,20,0.80179
fa,2048,32768,eager,21,0.80147
fa,2048,32768,eager,22,0.80326
fa,2048,32768,eager,23,0.80224
fa,2048,32768,eager,24,0.80192
fa,2048,32768,eager,25,0.80278
fa,2048,32768,eager,26,0.80269
fa,2048,32768,eager,27,0.80106
fa,2048,32768,eager,28,0.80093
fa,2048,32768,eager,29,0.80221
fa,4096,32768,graph,0,1.55882
fa,4096,32768,graph,1,1.55475
fa,4096,32768,graph,2,1.56406
fa,4096,32768,graph,3,1.55651
fa,4096,32768,graph,4,1.57213
fa,4096,32768,graph,5,1.58810
fa,4096,32768,graph,6,1.61062
fa,4096,32768,graph,7,1.58643
fa,4096,32768,graph,8,1.59629
fa,4096,32768,graph,9,1.58963
fa,4096,32768,graph,10,1.58995
fa,4096,32768,graph,11,1.59366
fa,4096,32768,graph,12,1.58538
fa,4096,32768,graph,13,1.58269
fa,4096,32768,graph,14,1.58573
fa,4096,32768,graph,15,1.58842
fa,4096,32768,graph,16,1.59030
fa,4096,32768,graph,17,1.58390
fa,4096,32768,graph,18,1.58915
fa,4096,32768,graph,19,1.59312
fa,4096,32768,graph,20,1.58995
fa,4096,32768,graph,21,1.63027
fa,4096,32768,graph,22,1.63619
fa,4096,32768,graph,23,1.64787
fa,4096,32768,graph,24,1.64467
fa,4096,32768,graph,25,1.64490
fa,4096,32768,graph,26,1.64230
fa,4096,32768,graph,27,1.64979
fa,4096,32768,graph,28,1.68659
fa,4096,32768,graph,29,1.67677
fa,4096,32768,eager,0,1.63789
fa,4096,32768,eager,1,1.58541
fa,4096,32768,eager,2,1.56934
fa,4096,32768,eager,3,1.56877
fa,4096,32768,eager,4,1.56880
fa,4096,32768,eager,5,1.56934
fa,4096,32768,eager,6,1.56973
fa,4096,32768,eager,7,1.56605
fa,4096,32768,eager,8,1.56979
fa,4096,32768,eager,9,1.56416
fa,4096,32768,eager,10,1.56829
fa,4096,32768,eager,11,1.56614
fa,4096,32768,eager,12,1.65571
fa,4096,32768,eager,13,1.66083
fa,4096,32768,eager,14,1.65469
fa,4096,32768,eager,15,1.65424
fa,4096,32768,eager,16,1.65171
fa,4096,32768,eager,17,1.66083
fa,4096,32768,eager,18,1.65760
fa,4096,32768,eager,19,1.65462
fa,4096,32768,eager,20,1.65510
fa,4096,32768,eager,21,1.65491
fa,4096,32768,eager,22,1.65830
fa,4096,32768,eager,23,1.65757
fa,4096,32768,eager,24,1.65360
fa,4096,32768,eager,25,1.65610
fa,4096,32768,eager,26,1.65485
fa,4096,32768,eager,27,1.65398
fa,4096,32768,eager,28,1.65350
fa,4096,32768,eager,29,1.68906
fa,8192,32768,graph,0,3.54381
fa,8192,32768,graph,1,3.52931
fa,8192,32768,graph,2,3.54669
fa,8192,32768,graph,3,3.56886
fa,8192,32768,graph,4,3.56800
fa,8192,32768,graph,5,3.57459
fa,8192,32768,graph,6,3.57482
fa,8192,32768,graph,7,3.56992
fa,8192,32768,graph,8,3.60042
fa,8192,32768,graph,9,3.60157
fa,8192,32768,graph,10,3.60019
fa,8192,32768,graph,11,3.60179
fa,8192,32768,graph,12,3.60218
fa,8192,32768,graph,13,3.60118
fa,8192,32768,graph,14,3.60032
fa,8192,32768,graph,15,3.59994
fa,8192,32768,graph,16,3.59978
fa,8192,32768,graph,17,3.60112
fa,8192,32768,graph,18,3.59930
fa,8192,32768,graph,19,3.60397
fa,8192,32768,graph,20,3.60234
fa,8192,32768,graph,21,3.59978
fa,8192,32768,graph,22,3.60608
fa,8192,32768,graph,23,3.60682
fa,8192,32768,graph,24,3.59997
fa,8192,32768,graph,25,3.59987
fa,8192,32768,graph,26,3.60544
fa,8192,32768,graph,27,3.60192
fa,8192,32768,graph,28,3.60922
fa,8192,32768,graph,29,3.59248
fa,8192,32768,eager,0,3.40166
fa,8192,32768,eager,1,3.33248
fa,8192,32768,eager,2,3.34816
fa,8192,32768,eager,3,3.27990
fa,8192,32768,eager,4,3.26339
fa,8192,32768,eager,5,3.27453
fa,8192,32768,eager,6,3.28643
fa,8192,32768,eager,7,3.27558
fa,8192,32768,eager,8,3.26858
fa,8192,32768,eager,9,3.45331
fa,8192,32768,eager,10,3.55878
fa,8192,32768,eager,11,3.55965
fa,8192,32768,eager,12,3.54150
fa,8192,32768,eager,13,3.53635
fa,8192,32768,eager,14,3.54368
fa,8192,32768,eager,15,3.53725
fa,8192,32768,eager,16,3.56042
fa,8192,32768,eager,17,3.55648
fa,8192,32768,eager,18,3.58029
fa,8192,32768,eager,19,3.58115
fa,8192,32768,eager,20,3.65437
fa,8192,32768,eager,21,3.58464
fa,8192,32768,eager,22,3.58678
fa,8192,32768,eager,23,3.57891
fa,8192,32768,eager,24,3.57571
fa,8192,32768,eager,25,3.57514
fa,8192,32768,eager,26,3.57251
fa,8192,32768,eager,27,3.57821
fa,8192,32768,eager,28,3.57523
fa,8192,32768,eager,29,3.57334
fa,64,65536,graph,0,0.07570
fa,64,65536,graph,1,0.07539
fa,64,65536,graph,2,0.07561
fa,64,65536,graph,3,0.07571
fa,64,65536,graph,4,0.07541
fa,64,65536,graph,5,0.07546
fa,64,65536,graph,6,0.07551
fa,64,65536,graph,7,0.07538
fa,64,65536,graph,8,0.07548
fa,64,65536,graph,9,0.07568
fa,64,65536,graph,10,0.07563
fa,64,65536,graph,11,0.07552
fa,64,65536,graph,12,0.07559
fa,64,65536,graph,13,0.07543
fa,64,65536,graph,14,0.07552
fa,64,65536,graph,15,0.07552
fa,64,65536,graph,16,0.07545
fa,64,65536,graph,17,0.07550
fa,64,65536,graph,18,0.07546
fa,64,65536,graph,19,0.07559
fa,64,65536,graph,20,0.07564
fa,64,65536,graph,21,0.07544
fa,64,65536,graph,22,0.07561
fa,64,65536,graph,23,0.07559
fa,64,65536,graph,24,0.07557
fa,64,65536,graph,25,0.07536
fa,64,65536,graph,26,0.07548
fa,64,65536,graph,27,0.07575
fa,64,65536,graph,28,0.07550
fa,64,65536,graph,29,0.07572
fa,64,65536,eager,0,0.19363
fa,64,65536,eager,1,0.21856
fa,64,65536,eager,2,0.19056
fa,64,65536,eager,3,0.17421
fa,64,65536,eager,4,0.16973
fa,64,65536,eager,5,0.15360
fa,64,65536,eager,6,0.18656
fa,64,65536,eager,7,0.15773
fa,64,65536,eager,8,0.16992
fa,64,65536,eager,9,0.15757
fa,64,65536,eager,10,0.14582
fa,64,65536,eager,11,0.20269
fa,64,65536,eager,12,0.20448
fa,64,65536,eager,13,0.16730
fa,64,65536,eager,14,0.19578
fa,64,65536,eager,15,0.17907
fa,64,65536,eager,16,0.21536
fa,64,65536,eager,17,0.19997
fa,64,65536,eager,18,0.20598
fa,64,65536,eager,19,0.21373
fa,64,65536,eager,20,0.17754
fa,64,65536,eager,21,0.24573
fa,64,65536,eager,22,0.25453
fa,64,65536,eager,23,0.22006
fa,64,65536,eager,24,0.21011
fa,64,65536,eager,25,0.18682
fa,64,65536,eager,26,0.22938
fa,64,65536,eager,27,0.18554
fa,64,65536,eager,28,0.21021
fa,64,65536,eager,29,0.19069
fa,65,65536,graph,0,0.08408
fa,65,65536,graph,1,0.08376
fa,65,65536,graph,2,0.08413
fa,65,65536,graph,3,0.08353
fa,65,65536,graph,4,0.08338
fa,65,65536,graph,5,0.08368
fa,65,65536,graph,6,0.08428
fa,65,65536,graph,7,0.08397
fa,65,65536,graph,8,0.08342
fa,65,65536,graph,9,0.08417
fa,65,65536,graph,10,0.08397
fa,65,65536,graph,11,0.08393
fa,65,65536,graph,12,0.08420
fa,65,65536,graph,13,0.08413
fa,65,65536,graph,14,0.08383
fa,65,65536,graph,15,0.08373
fa,65,65536,graph,16,0.08373
fa,65,65536,graph,17,0.08381
fa,65,65536,graph,18,0.08365
fa,65,65536,graph,19,0.08385
fa,65,65536,graph,20,0.08429
fa,65,65536,graph,21,0.08419
fa,65,65536,graph,22,0.08395
fa,65,65536,graph,23,0.08399
fa,65,65536,graph,24,0.08360
fa,65,65536,graph,25,0.08398
fa,65,65536,graph,26,0.08364
fa,65,65536,graph,27,0.08344
fa,65,65536,graph,28,0.08381
fa,65,65536,graph,29,0.08401
fa,65,65536,eager,0,0.14445
fa,65,65536,eager,1,0.14077
fa,65,65536,eager,2,0.13734
fa,65,65536,eager,3,0.13699
fa,65,65536,eager,4,0.13494
fa,65,65536,eager,5,0.13453
fa,65,65536,eager,6,0.13430
fa,65,65536,eager,7,0.13459
fa,65,65536,eager,8,0.13514
fa,65,65536,eager,9,0.13379
fa,65,65536,eager,10,0.13226
fa,65,65536,eager,11,0.13206
fa,65,65536,eager,12,0.13350
fa,65,65536,eager,13,0.13421
fa,65,65536,eager,14,0.13347
fa,65,65536,eager,15,0.13456
fa,65,65536,eager,16,0.13286
fa,65,65536,eager,17,0.13661
fa,65,65536,eager,18,0.13366
fa,65,65536,eager,19,0.13226
fa,65,65536,eager,20,0.13354
fa,65,65536,eager,21,0.13290
fa,65,65536,eager,22,0.13171
fa,65,65536,eager,23,0.13405
fa,65,65536,eager,24,0.13536
fa,65,65536,eager,25,0.13315
fa,65,65536,eager,26,0.13414
fa,65,65536,eager,27,0.13174
fa,65,65536,eager,28,0.13392
fa,65,65536,eager,29,0.13565
fa,128,65536,graph,0,0.11938
fa,128,65536,graph,1,0.11831
fa,128,65536,graph,2,0.11865
fa,128,65536,graph,3,0.11829
fa,128,65536,graph,4,0.11829
fa,128,65536,graph,5,0.11816
fa,128,65536,graph,6,0.11836
fa,128,65536,graph,7,0.11820
fa,128,65536,graph,8,0.11853
fa,128,65536,graph,9,0.11841
fa,128,65536,graph,10,0.11888
fa,128,65536,graph,11,0.11858
fa,128,65536,graph,12,0.11830
fa,128,65536,graph,13,0.11835
fa,128,65536,graph,14,0.11852
fa,128,65536,graph,15,0.11867
fa,128,65536,graph,16,0.11840
fa,128,65536,graph,17,0.11862
fa,128,65536,graph,18,0.11840
fa,128,65536,graph,19,0.11870
fa,128,65536,graph,20,0.11850
fa,128,65536,graph,21,0.11848
fa,128,65536,graph,22,0.11835
fa,128,65536,graph,23,0.11849
fa,128,65536,graph,24,0.11882
fa,128,65536,graph,25,0.11835
fa,128,65536,graph,26,0.11833
fa,128,65536,graph,27,0.11847
fa,128,65536,graph,28,0.11832
fa,128,65536,graph,29,0.11854
fa,128,65536,eager,0,0.26445
fa,128,65536,eager,1,0.25728
fa,128,65536,eager,2,0.25104
fa,128,65536,eager,3,0.21446
fa,128,65536,eager,4,0.18083
fa,128,65536,eager,5,0.16963
fa,128,65536,eager,6,0.16835
fa,128,65536,eager,7,0.16774
fa,128,65536,eager,8,0.16723
fa,128,65536,eager,9,0.16845
fa,128,65536,eager,10,0.16826
fa,128,65536,eager,11,0.16762
fa,128,65536,eager,12,0.16816
fa,128,65536,eager,13,0.16813
fa,128,65536,eager,14,0.16768
fa,128,65536,eager,15,0.16816
fa,128,65536,eager,16,0.16698
fa,128,65536,eager,17,0.16778
fa,128,65536,eager,18,0.16637
fa,128,65536,eager,19,0.16704
fa,128,65536,eager,20,0.17050
fa,128,65536,eager,21,0.16694
fa,128,65536,eager,22,0.16726
fa,128,65536,eager,23,0.16765
fa,128,65536,eager,24,0.16752
fa,128,65536,eager,25,0.17213
fa,128,65536,eager,26,0.16877
fa,128,65536,eager,27,0.16800
fa,128,65536,eager,28,0.16755
fa,128,65536,eager,29,0.16749
fa,129,65536,graph,0,0.13164
fa,129,65536,graph,1,0.13235
fa,129,65536,graph,2,0.13177
fa,129,65536,graph,3,0.13164
fa,129,65536,graph,4,0.13171
fa,129,65536,graph,5,0.13209
fa,129,65536,graph,6,0.13211
fa,129,65536,graph,7,0.13211
fa,129,65536,graph,8,0.13147
fa,129,65536,graph,9,0.13199
fa,129,65536,graph,10,0.13190
fa,129,65536,graph,11,0.13185
fa,129,65536,graph,12,0.13197
fa,129,65536,graph,13,0.13163
fa,129,65536,graph,14,0.13203
fa,129,65536,graph,15,0.13189
fa,129,65536,graph,16,0.13195
fa,129,65536,graph,17,0.13194
fa,129,65536,graph,18,0.13176
fa,129,65536,graph,19,0.13186
fa,129,65536,graph,20,0.13196
fa,129,65536,graph,21,0.13194
fa,129,65536,graph,22,0.13180
fa,129,65536,graph,23,0.13243
fa,129,65536,graph,24,0.13196
fa,129,65536,graph,25,0.13210
fa,129,65536,graph,26,0.13183
fa,129,65536,graph,27,0.13206
fa,129,65536,graph,28,0.13210
fa,129,65536,graph,29,0.13180
fa,129,65536,eager,0,0.19229
fa,129,65536,eager,1,0.18858
fa,129,65536,eager,2,0.18502
fa,129,65536,eager,3,0.18499
fa,129,65536,eager,4,0.18656
fa,129,65536,eager,5,0.18368
fa,129,65536,eager,6,0.18256
fa,129,65536,eager,7,0.18131
fa,129,65536,eager,8,0.18234
fa,129,65536,eager,9,0.18157
fa,129,65536,eager,10,0.18234
fa,129,65536,eager,11,0.17994
fa,129,65536,eager,12,0.18115
fa,129,65536,eager,13,0.18048
fa,129,65536,eager,14,0.18330
fa,129,65536,eager,15,0.18154
fa,129,65536,eager,16,0.18166
fa,129,65536,eager,17,0.18186
fa,129,65536,eager,18,0.18608
fa,129,65536,eager,19,0.18186
fa,129,65536,eager,20,0.18163
fa,129,65536,eager,21,0.18230
fa,129,65536,eager,22,0.18154
fa,129,65536,eager,23,0.18544
fa,129,65536,eager,24,0.18205
fa,129,65536,eager,25,0.18058
fa,129,65536,eager,26,0.18077
fa,129,65536,eager,27,0.18186
fa,129,65536,eager,28,0.18102
fa,129,65536,eager,29,0.17997
fa,256,65536,graph,0,0.20483
fa,256,65536,graph,1,0.20483
fa,256,65536,graph,2,0.20432
fa,256,65536,graph,3,0.20483
fa,256,65536,graph,4,0.20455
fa,256,65536,graph,5,0.20485
fa,256,65536,graph,6,0.20456
fa,256,65536,graph,7,0.20467
fa,256,65536,graph,8,0.20493
fa,256,65536,graph,9,0.20475
fa,256,65536,graph,10,0.20527
fa,256,65536,graph,11,0.20527
fa,256,65536,graph,12,0.20510
fa,256,65536,graph,13,0.20536
fa,256,65536,graph,14,0.20551
fa,256,65536,graph,15,0.20470
fa,256,65536,graph,16,0.20497
fa,256,65536,graph,17,0.20551
fa,256,65536,graph,18,0.20507
fa,256,65536,graph,19,0.20512
fa,256,65536,graph,20,0.20544
fa,256,65536,graph,21,0.20562
fa,256,65536,graph,22,0.20532
fa,256,65536,graph,23,0.20511
fa,256,65536,graph,24,0.20532
fa,256,65536,graph,25,0.20560
fa,256,65536,graph,26,0.20559
fa,256,65536,graph,27,0.20568
fa,256,65536,graph,28,0.20517
fa,256,65536,graph,29,0.20757
fa,256,65536,eager,0,0.26720
fa,256,65536,eager,1,0.26173
fa,256,65536,eager,2,0.26013
fa,256,65536,eager,3,0.26182
fa,256,65536,eager,4,0.25699
fa,256,65536,eager,5,0.25846
fa,256,65536,eager,6,0.26211
fa,256,65536,eager,7,0.25680
fa,256,65536,eager,8,0.25478
fa,256,65536,eager,9,0.25549
fa,256,65536,eager,10,0.25459
fa,256,65536,eager,11,0.25584
fa,256,65536,eager,12,0.25523
fa,256,65536,eager,13,0.25469
fa,256,65536,eager,14,0.25677
fa,256,65536,eager,15,0.25491
fa,256,65536,eager,16,0.25370
fa,256,65536,eager,17,0.25491
fa,256,65536,eager,18,0.25446
fa,256,65536,eager,19,0.25478
fa,256,65536,eager,20,0.25434
fa,256,65536,eager,21,0.25395
fa,256,65536,eager,22,0.25677
fa,256,65536,eager,23,0.25523
fa,256,65536,eager,24,0.25584
fa,256,65536,eager,25,0.25498
fa,256,65536,eager,26,0.25366
fa,256,65536,eager,27,0.25267
fa,256,65536,eager,28,0.25558
fa,256,65536,eager,29,0.25459
fa,512,65536,graph,0,0.39596
fa,512,65536,graph,1,0.39607
fa,512,65536,graph,2,0.39681
fa,512,65536,graph,3,0.39517
fa,512,65536,graph,4,0.39464
fa,512,65536,graph,5,0.39511
fa,512,65536,graph,6,0.39539
fa,512,65536,graph,7,0.39549
fa,512,65536,graph,8,0.39591
fa,512,65536,graph,9,0.39647
fa,512,65536,graph,10,0.39652
fa,512,65536,graph,11,0.39920
fa,512,65536,graph,12,0.40208
fa,512,65536,graph,13,0.40149
fa,512,65536,graph,14,0.40144
fa,512,65536,graph,15,0.40176
fa,512,65536,graph,16,0.40154
fa,512,65536,graph,17,0.40135
fa,512,65536,graph,18,0.40214
fa,512,65536,graph,19,0.40160
fa,512,65536,graph,20,0.40151
fa,512,65536,graph,21,0.40119
fa,512,65536,graph,22,0.40160
fa,512,65536,graph,23,0.40272
fa,512,65536,graph,24,0.40170
fa,512,65536,graph,25,0.40170
fa,512,65536,graph,26,0.40230
fa,512,65536,graph,27,0.40300
fa,512,65536,graph,28,0.40187
fa,512,65536,graph,29,0.40307
fa,512,65536,eager,0,0.45667
fa,512,65536,eager,1,0.45210
fa,512,65536,eager,2,0.44771
fa,512,65536,eager,3,0.44669
fa,512,65536,eager,4,0.44653
fa,512,65536,eager,5,0.45056
fa,512,65536,eager,6,0.44534
fa,512,65536,eager,7,0.44474
fa,512,65536,eager,8,0.44285
fa,512,65536,eager,9,0.44483
fa,512,65536,eager,10,0.44448
fa,512,65536,eager,11,0.44515
fa,512,65536,eager,12,0.44426
fa,512,65536,eager,13,0.44528
fa,512,65536,eager,14,0.44282
fa,512,65536,eager,15,0.45149
fa,512,65536,eager,16,0.44307
fa,512,65536,eager,17,0.44294
fa,512,65536,eager,18,0.44275
fa,512,65536,eager,19,0.44410
fa,512,65536,eager,20,0.44301
fa,512,65536,eager,21,0.44208
fa,512,65536,eager,22,0.44374
fa,512,65536,eager,23,0.44259
fa,512,65536,eager,24,0.44413
fa,512,65536,eager,25,0.44256
fa,512,65536,eager,26,0.44467
fa,512,65536,eager,27,0.44365
fa,512,65536,eager,28,0.44342
fa,512,65536,eager,29,0.44195
fa,1024,65536,graph,0,0.78407
fa,1024,65536,graph,1,0.78289
fa,1024,65536,graph,2,0.78471
fa,1024,65536,graph,3,0.78426
fa,1024,65536,graph,4,0.78401
fa,1024,65536,graph,5,0.78414
fa,1024,65536,graph,6,0.78305
fa,1024,65536,graph,7,0.78474
fa,1024,65536,graph,8,0.78318
fa,1024,65536,graph,9,0.78372
fa,1024,65536,graph,10,0.78383
fa,1024,65536,graph,11,0.78546
fa,1024,65536,graph,12,0.78458
fa,1024,65536,graph,13,0.78562
fa,1024,65536,graph,14,0.78508
fa,1024,65536,graph,15,0.78372
fa,1024,65536,graph,16,0.78519
fa,1024,65536,graph,17,0.78388
fa,1024,65536,graph,18,0.78398
fa,1024,65536,graph,19,0.78452
fa,1024,65536,graph,20,0.82684
fa,1024,65536,graph,21,0.82820
fa,1024,65536,graph,22,0.82822
fa,1024,65536,graph,23,0.82830
fa,1024,65536,graph,24,0.82772
fa,1024,65536,graph,25,0.82740
fa,1024,65536,graph,26,0.82766
fa,1024,65536,graph,27,0.82751
fa,1024,65536,graph,28,0.82796
fa,1024,65536,graph,29,0.82815
fa,1024,65536,eager,0,0.83552
fa,1024,65536,eager,1,0.83459
fa,1024,65536,eager,2,0.83760
fa,1024,65536,eager,3,0.82726
fa,1024,65536,eager,4,0.82800
fa,1024,65536,eager,5,0.82736
fa,1024,65536,eager,6,0.83136
fa,1024,65536,eager,7,0.82810
fa,1024,65536,eager,8,0.82765
fa,1024,65536,eager,9,0.83606
fa,1024,65536,eager,10,0.82707
fa,1024,65536,eager,11,0.82698
fa,1024,65536,eager,12,0.82726
fa,1024,65536,eager,13,0.82720
fa,1024,65536,eager,14,0.82874
fa,1024,65536,eager,15,0.82582
fa,1024,65536,eager,16,0.83389
fa,1024,65536,eager,17,0.82547
fa,1024,65536,eager,18,0.82477
fa,1024,65536,eager,19,0.82426
fa,1024,65536,eager,20,0.82576
fa,1024,65536,eager,21,0.82262
fa,1024,65536,eager,22,0.82602
fa,1024,65536,eager,23,0.83210
fa,1024,65536,eager,24,0.82659
fa,1024,65536,eager,25,0.82608
fa,1024,65536,eager,26,0.82883
fa,1024,65536,eager,27,0.85574
fa,1024,65536,eager,28,0.83574
fa,1024,65536,eager,29,0.83594
fa,2048,65536,graph,0,1.58278
fa,2048,65536,graph,1,1.53894
fa,2048,65536,graph,2,1.53549
fa,2048,65536,graph,3,1.54365
fa,2048,65536,graph,4,1.54010
fa,2048,65536,graph,5,1.54013
fa,2048,65536,graph,6,1.54211
fa,2048,65536,graph,7,1.54067
fa,2048,65536,graph,8,1.53904
fa,2048,65536,graph,9,1.54208
fa,2048,65536,graph,10,1.53987
fa,2048,65536,graph,11,1.53958
fa,2048,65536,graph,12,1.53930
fa,2048,65536,graph,13,1.55658
fa,2048,65536,graph,14,1.58570
fa,2048,65536,graph,15,1.58019
fa,2048,65536,graph,16,1.57171
fa,2048,65536,graph,17,1.56938
fa,2048,65536,graph,18,1.57990
fa,2048,65536,graph,19,1.57334
fa,2048,65536,graph,20,1.56995
fa,2048,65536,graph,21,1.58061
fa,2048,65536,graph,22,1.57018
fa,2048,65536,graph,23,1.56970
fa,2048,65536,graph,24,1.57107
fa,2048,65536,graph,25,1.58774
fa,2048,65536,graph,26,1.60262
fa,2048,65536,graph,27,1.60256
fa,2048,65536,graph,28,1.60390
fa,2048,65536,graph,29,1.60099
fa,2048,65536,eager,0,1.51907
fa,2048,65536,eager,1,1.51056
fa,2048,65536,eager,2,1.50790
fa,2048,65536,eager,3,1.51226
fa,2048,65536,eager,4,1.50589
fa,2048,65536,eager,5,1.50477
fa,2048,65536,eager,6,1.50566
fa,2048,65536,eager,7,1.50586
fa,2048,65536,eager,8,1.50518
fa,2048,65536,eager,9,1.50339
fa,2048,65536,eager,10,1.50560
fa,2048,65536,eager,11,1.50371
fa,2048,65536,eager,12,1.51478
fa,2048,65536,eager,13,1.52714
fa,2048,65536,eager,14,1.52835
fa,2048,65536,eager,15,1.52618
fa,2048,65536,eager,16,1.52762
fa,2048,65536,eager,17,1.52832
fa,2048,65536,eager,18,1.52573
fa,2048,65536,eager,19,1.61622
fa,2048,65536,eager,20,1.63037
fa,2048,65536,eager,21,1.63034
fa,2048,65536,eager,22,1.63062
fa,2048,65536,eager,23,1.63091
fa,2048,65536,eager,24,1.62982
fa,2048,65536,eager,25,1.62883
fa,2048,65536,eager,26,1.62922
fa,2048,65536,eager,27,1.63341
fa,2048,65536,eager,28,1.63232
fa,2048,65536,eager,29,1.63293
fa,4096,65536,graph,0,3.14218
fa,4096,65536,graph,1,3.16090
fa,4096,65536,graph,2,3.16147
fa,4096,65536,graph,3,3.16288
fa,4096,65536,graph,4,3.16950
fa,4096,65536,graph,5,3.16115
fa,4096,65536,graph,6,3.20947
fa,4096,65536,graph,7,3.22832
fa,4096,65536,graph,8,3.23930
fa,4096,65536,graph,9,3.22854
fa,4096,65536,graph,10,3.23453
fa,4096,65536,graph,11,3.23421
fa,4096,65536,graph,12,3.23037
fa,4096,65536,graph,13,3.22998
fa,4096,65536,graph,14,3.23094
fa,4096,65536,graph,15,3.23222
fa,4096,65536,graph,16,3.23386
fa,4096,65536,graph,17,3.23325
fa,4096,65536,graph,18,3.23216
fa,4096,65536,graph,19,3.23914
fa,4096,65536,graph,20,3.23066
fa,4096,65536,graph,21,3.26726
fa,4096,65536,graph,22,3.26243
fa,4096,65536,graph,23,3.25958
fa,4096,65536,graph,24,3.28701
fa,4096,65536,graph,25,3.29571
fa,4096,65536,graph,26,3.29558
fa,4096,65536,graph,27,3.29462
fa,4096,65536,graph,28,3.29350
fa,4096,65536,graph,29,3.29357
fa,4096,65536,eager,0,2.99715
fa,4096,65536,eager,1,3.14006
fa,4096,65536,eager,2,3.18240
fa,4096,65536,eager,3,3.18208
fa,4096,65536,eager,4,3.17946
fa,4096,65536,eager,5,3.18090
fa,4096,65536,eager,6,3.18186
fa,4096,65536,eager,7,3.18304
fa,4096,65536,eager,8,3.18208
fa,4096,65536,eager,9,3.18563
fa,4096,65536,eager,10,3.19075
fa,4096,65536,eager,11,3.18902
fa,4096,65536,eager,12,3.18080
fa,4096,65536,eager,13,3.17971
fa,4096,65536,eager,14,3.18000
fa,4096,65536,eager,15,3.18176
fa,4096,65536,eager,16,3.18403
fa,4096,65536,eager,17,3.18310
fa,4096,65536,eager,18,3.18470
fa,4096,65536,eager,19,3.18150
fa,4096,65536,eager,20,3.18125
fa,4096,65536,eager,21,3.18115
fa,4096,65536,eager,22,3.22864
fa,4096,65536,eager,23,3.28109
fa,4096,65536,eager,24,3.28003
fa,4096,65536,eager,25,3.28189
fa,4096,65536,eager,26,3.30730
fa,4096,65536,eager,27,3.31235
fa,4096,65536,eager,28,3.30598
fa,4096,65536,eager,29,3.30768
fa,8192,65536,graph,0,6.62725
fa,8192,65536,graph,1,6.62786
fa,8192,65536,graph,2,6.64229
fa,8192,65536,graph,3,6.68494
fa,8192,65536,graph,4,6.85835
fa,8192,65536,graph,5,6.85701
fa,8192,65536,graph,6,6.85208
fa,8192,65536,graph,7,6.89016
fa,8192,65536,graph,8,6.80626
fa,8192,65536,graph,9,6.78075
fa,8192,65536,graph,10,6.78075
fa,8192,65536,graph,11,6.78018
fa,8192,65536,graph,12,6.78120
fa,8192,65536,graph,13,6.78997
fa,8192,65536,graph,14,6.87109
fa,8192,65536,graph,15,6.87797
fa,8192,65536,graph,16,6.85794
fa,8192,65536,graph,17,6.78117
fa,8192,65536,graph,18,6.77963
fa,8192,65536,graph,19,6.78005
fa,8192,65536,graph,20,6.79275
fa,8192,65536,graph,21,6.79013
fa,8192,65536,graph,22,6.84686
fa,8192,65536,graph,23,6.86264
fa,8192,65536,graph,24,6.87598
fa,8192,65536,graph,25,6.85637
fa,8192,65536,graph,26,7.03035
fa,8192,65536,graph,27,7.33944
fa,8192,65536,graph,28,7.76261
fa,8192,65536,graph,29,7.79810
fa,8192,65536,eager,0,6.76384
fa,8192,65536,eager,1,6.74512
fa,8192,65536,eager,2,6.73914
fa,8192,65536,eager,3,6.73827
fa,8192,65536,eager,4,6.73869
fa,8192,65536,eager,5,6.73872
fa,8192,65536,eager,6,6.73731
fa,8192,65536,eager,7,6.77142
fa,8192,65536,eager,8,6.81098
fa,8192,65536,eager,9,6.80982
fa,8192,65536,eager,10,6.80909
fa,8192,65536,eager,11,6.78211
fa,8192,65536,eager,12,6.73488
fa,8192,65536,eager,13,6.75155
fa,8192,65536,eager,14,6.78576
fa,8192,65536,eager,15,6.82662
fa,8192,65536,eager,16,6.82246
fa,8192,65536,eager,17,6.86224
fa,8192,65536,eager,18,6.90582
fa,8192,65536,eager,19,6.89328
fa,8192,65536,eager,20,6.90557
fa,8192,65536,eager,21,6.91328
fa,8192,65536,eager,22,6.91142
fa,8192,65536,eager,23,6.89814
fa,8192,65536,eager,24,6.89651
fa,8192,65536,eager,25,6.89488
fa,8192,65536,eager,26,6.86294
fa,8192,65536,eager,27,6.81882
fa,8192,65536,eager,28,6.81888
fa,8192,65536,eager,29,6.83542
fa,64,131072,graph,0,0.12703
fa,64,131072,graph,1,0.12635
fa,64,131072,graph,2,0.12635
fa,64,131072,graph,3,0.12691
fa,64,131072,graph,4,0.12664
fa,64,131072,graph,5,0.12694
fa,64,131072,graph,6,0.12668
fa,64,131072,graph,7,0.12628
fa,64,131072,graph,8,0.12669
fa,64,131072,graph,9,0.12641
fa,64,131072,graph,10,0.12607
fa,64,131072,graph,11,0.12643
fa,64,131072,graph,12,0.12654
fa,64,131072,graph,13,0.12722
fa,64,131072,graph,14,0.12678
fa,64,131072,graph,15,0.12685
fa,64,131072,graph,16,0.12664
fa,64,131072,graph,17,0.12743
fa,64,131072,graph,18,0.12667
fa,64,131072,graph,19,0.12681
fa,64,131072,graph,20,0.12691
fa,64,131072,graph,21,0.12679
fa,64,131072,graph,22,0.12690
fa,64,131072,graph,23,0.12701
fa,64,131072,graph,24,0.12703
fa,64,131072,graph,25,0.12697
fa,64,131072,graph,26,0.12688
fa,64,131072,graph,27,0.12697
fa,64,131072,graph,28,0.12661
fa,64,131072,graph,29,0.12704
fa,64,131072,eager,0,0.19222
fa,64,131072,eager,1,0.18650
fa,64,131072,eager,2,0.18531
fa,64,131072,eager,3,0.18291
fa,64,131072,eager,4,0.18064
fa,64,131072,eager,5,0.18115
fa,64,131072,eager,6,0.18090
fa,64,131072,eager,7,0.18134
fa,64,131072,eager,8,0.17949
fa,64,131072,eager,9,0.18074
fa,64,131072,eager,10,0.18048
fa,64,131072,eager,11,0.18051
fa,64,131072,eager,12,0.18080
fa,64,131072,eager,13,0.18083
fa,64,131072,eager,14,0.17958
fa,64,131072,eager,15,0.17997
fa,64,131072,eager,16,0.17846
fa,64,131072,eager,17,0.18182
fa,64,131072,eager,18,0.18086
fa,64,131072,eager,19,0.17939
fa,64,131072,eager,20,0.17923
fa,64,131072,eager,21,0.17962
fa,64,131072,eager,22,0.17786
fa,64,131072,eager,23,0.17910
fa,64,131072,eager,24,0.17776
fa,64,131072,eager,25,0.17923
fa,64,131072,eager,26,0.18704
fa,64,131072,eager,27,0.17818
fa,64,131072,eager,28,0.17901
fa,64,131072,eager,29,0.17987
fa,65,131072,graph,0,0.14569
fa,65,131072,graph,1,0.14567
fa,65,131072,graph,2,0.14560
fa,65,131072,graph,3,0.14499
fa,65,131072,graph,4,0.14535
fa,65,131072,graph,5,0.14536
fa,65,131072,graph,6,0.14529
fa,65,131072,graph,7,0.14571
fa,65,131072,graph,8,0.14563
fa,65,131072,graph,9,0.14544
fa,65,131072,graph,10,0.14544
fa,65,131072,graph,11,0.14589
fa,65,131072,graph,12,0.14547
fa,65,131072,graph,13,0.14598
fa,65,131072,graph,14,0.14578
fa,65,131072,graph,15,0.14563
fa,65,131072,graph,16,0.14571
fa,65,131072,graph,17,0.14608
fa,65,131072,graph,18,0.14538
fa,65,131072,graph,19,0.14626
fa,65,131072,graph,20,0.14590
fa,65,131072,graph,21,0.14618
fa,65,131072,graph,22,0.14590
fa,65,131072,graph,23,0.14637
fa,65,131072,graph,24,0.14557
fa,65,131072,graph,25,0.14562
fa,65,131072,graph,26,0.14658
fa,65,131072,graph,27,0.14562
fa,65,131072,graph,28,0.14610
fa,65,131072,graph,29,0.14587
fa,65,131072,eager,0,0.21629
fa,65,131072,eager,1,0.20848
fa,65,131072,eager,2,0.20650
fa,65,131072,eager,3,0.20416
fa,65,131072,eager,4,0.20288
fa,65,131072,eager,5,0.20294
fa,65,131072,eager,6,0.20070
fa,65,131072,eager,7,0.20106
fa,65,131072,eager,8,0.20000
fa,65,131072,eager,9,0.20058
fa,65,131072,eager,10,0.20122
fa,65,131072,eager,11,0.20557
fa,65,131072,eager,12,0.20067
fa,65,131072,eager,13,0.19939
fa,65,131072,eager,14,0.20051
fa,65,131072,eager,15,0.20093
fa,65,131072,eager,16,0.19850
fa,65,131072,eager,17,0.19923
fa,65,131072,eager,18,0.19837
fa,65,131072,eager,19,0.19837
fa,65,131072,eager,20,0.20464
fa,65,131072,eager,21,0.20355
fa,65,131072,eager,22,0.20182
fa,65,131072,eager,23,0.20022
fa,65,131072,eager,24,0.20099
fa,65,131072,eager,25,0.20080
fa,65,131072,eager,26,0.19990
fa,65,131072,eager,27,0.19888
fa,65,131072,eager,28,0.19840
fa,65,131072,eager,29,0.19846
fa,128,131072,graph,0,0.21384
fa,128,131072,graph,1,0.21391
fa,128,131072,graph,2,0.21445
fa,128,131072,graph,3,0.21418
fa,128,131072,graph,4,0.21403
fa,128,131072,graph,5,0.21471
fa,128,131072,graph,6,0.21463
fa,128,131072,graph,7,0.21417
fa,128,131072,graph,8,0.21599
fa,128,131072,graph,9,0.21426
fa,128,131072,graph,10,0.21443
fa,128,131072,graph,11,0.21460
fa,128,131072,graph,12,0.21416
fa,128,131072,graph,13,0.21416
fa,128,131072,graph,14,0.21475
fa,128,131072,graph,15,0.21445
fa,128,131072,graph,16,0.21423
fa,128,131072,graph,17,0.21456
fa,128,131072,graph,18,0.21455
fa,128,131072,graph,19,0.21496
fa,128,131072,graph,20,0.21461
fa,128,131072,graph,21,0.21515
fa,128,131072,graph,22,0.21654
fa,128,131072,graph,23,0.21889
fa,128,131072,graph,24,0.21904
fa,128,131072,graph,25,0.21889
fa,128,131072,graph,26,0.21908
fa,128,131072,graph,27,0.21856
fa,128,131072,graph,28,0.21892
fa,128,131072,graph,29,0.21886
fa,128,131072,eager,0,0.29552
fa,128,131072,eager,1,0.28013
fa,128,131072,eager,2,0.27690
fa,128,131072,eager,3,0.28381
fa,128,131072,eager,4,0.26742
fa,128,131072,eager,5,0.26656
fa,128,131072,eager,6,0.26608
fa,128,131072,eager,7,0.26611
fa,128,131072,eager,8,0.26534
fa,128,131072,eager,9,0.26624
fa,128,131072,eager,10,0.27232
fa,128,131072,eager,11,0.26518
fa,128,131072,eager,12,0.26541
fa,128,131072,eager,13,0.26470
fa,128,131072,eager,14,0.26589
fa,128,131072,eager,15,0.26429
fa,128,131072,eager,16,0.26365
fa,128,131072,eager,17,0.26566
fa,128,131072,eager,18,0.26352
fa,128,131072,eager,19,0.26397
fa,128,131072,eager,20,0.26314
fa,128,131072,eager,21,0.26458
fa,128,131072,eager,22,0.26330
fa,128,131072,eager,23,0.26493
fa,128,131072,eager,24,0.26467
fa,128,131072,eager,25,0.26438
fa,128,131072,eager,26,0.26445
fa,128,131072,eager,27,0.26371
fa,128,131072,eager,28,0.26387
fa,128,131072,eager,29,0.26371
fa,129,131072,graph,0,0.23873
fa,129,131072,graph,1,0.23927
fa,129,131072,graph,2,0.23852
fa,129,131072,graph,3,0.23853
fa,129,131072,graph,4,0.23875
fa,129,131072,graph,5,0.23903
fa,129,131072,graph,6,0.23916
fa,129,131072,graph,7,0.23881
fa,129,131072,graph,8,0.23877
fa,129,131072,graph,9,0.23905
fa,129,131072,graph,10,0.23875
fa,129,131072,graph,11,0.23894
fa,129,131072,graph,12,0.23913
fa,129,131072,graph,13,0.23892
fa,129,131072,graph,14,0.23894
fa,129,131072,graph,15,0.23813
fa,129,131072,graph,16,0.23929
fa,129,131072,graph,17,0.23956
fa,129,131072,graph,18,0.23909
fa,129,131072,graph,19,0.23964
fa,129,131072,graph,20,0.23932
fa,129,131072,graph,21,0.23911
fa,129,131072,graph,22,0.23912
fa,129,131072,graph,23,0.24418
fa,129,131072,graph,24,0.24501
fa,129,131072,graph,25,0.24485
fa,129,131072,graph,26,0.24476
fa,129,131072,graph,27,0.24538
fa,129,131072,graph,28,0.24468
fa,129,131072,graph,29,0.24532
fa,129,131072,eager,0,0.30592
fa,129,131072,eager,1,0.30077
fa,129,131072,eager,2,0.29661
fa,129,131072,eager,3,0.29664
fa,129,131072,eager,4,0.29440
fa,129,131072,eager,5,0.29453
fa,129,131072,eager,6,0.29565
fa,129,131072,eager,7,0.29507
fa,129,131072,eager,8,0.29558
fa,129,131072,eager,9,0.30333
fa,129,131072,eager,10,0.29594
fa,129,131072,eager,11,0.29494
fa,129,131072,eager,12,0.29990
fa,129,131072,eager,13,0.29414
fa,129,131072,eager,14,0.29299
fa,129,131072,eager,15,0.29456
fa,129,131072,eager,16,0.29373
fa,129,131072,eager,17,0.29267
fa,129,131072,eager,18,0.29382
fa,129,131072,eager,19,0.29459
fa,129,131072,eager,20,0.29453
fa,129,131072,eager,21,0.29446
fa,129,131072,eager,22,0.29443
fa,129,131072,eager,23,0.29347
fa,129,131072,eager,24,0.29363
fa,129,131072,eager,25,0.30198
fa,129,131072,eager,26,0.29750
fa,129,131072,eager,27,0.29494
fa,129,131072,eager,28,0.29542
fa,129,131072,eager,29,0.29546
fa,256,131072,graph,0,0.39101
fa,256,131072,graph,1,0.39145
fa,256,131072,graph,2,0.39069
fa,256,131072,graph,3,0.39192
fa,256,131072,graph,4,0.39164
fa,256,131072,graph,5,0.39126
fa,256,131072,graph,6,0.39185
fa,256,131072,graph,7,0.39148
fa,256,131072,graph,8,0.39070
fa,256,131072,graph,9,0.39204
fa,256,131072,graph,10,0.39162
fa,256,131072,graph,11,0.39156
fa,256,131072,graph,12,0.39188
fa,256,131072,graph,13,0.39281
fa,256,131072,graph,14,0.39276
fa,256,131072,graph,15,0.39224
fa,256,131072,graph,16,0.39256
fa,256,131072,graph,17,0.39280
fa,256,131072,graph,18,0.39183
fa,256,131072,graph,19,0.39168
fa,256,131072,graph,20,0.39238
fa,256,131072,graph,21,0.39814
fa,256,131072,graph,22,0.40204
fa,256,131072,graph,23,0.40222
fa,256,131072,graph,24,0.40232
fa,256,131072,graph,25,0.40217
fa,256,131072,graph,26,0.40228
fa,256,131072,graph,27,0.40216
fa,256,131072,graph,28,0.40205
fa,256,131072,graph,29,0.40186
fa,256,131072,eager,0,0.45574
fa,256,131072,eager,1,0.45104
fa,256,131072,eager,2,0.44867
fa,256,131072,eager,3,0.44643
fa,256,131072,eager,4,0.44627
fa,256,131072,eager,5,0.44768
fa,256,131072,eager,6,0.44685
fa,256,131072,eager,7,0.44762
fa,256,131072,eager,8,0.44301
fa,256,131072,eager,9,0.45299
fa,256,131072,eager,10,0.44634
fa,256,131072,eager,11,0.44493
fa,256,131072,eager,12,0.44515
fa,256,131072,eager,13,0.44467
fa,256,131072,eager,14,0.44374
fa,256,131072,eager,15,0.44266
fa,256,131072,eager,16,0.44349
fa,256,131072,eager,17,0.44294
fa,256,131072,eager,18,0.44365
fa,256,131072,eager,19,0.44259
fa,256,131072,eager,20,0.44294
fa,256,131072,eager,21,0.44298
fa,256,131072,eager,22,0.45050
fa,256,131072,eager,23,0.44586
fa,256,131072,eager,24,0.44368
fa,256,131072,eager,25,0.44250
fa,256,131072,eager,26,0.44557
fa,256,131072,eager,27,0.44355
fa,256,131072,eager,28,0.46710
fa,256,131072,eager,29,0.44397
fa,512,131072,graph,0,0.80712
fa,512,131072,graph,1,0.80538
fa,512,131072,graph,2,0.80602
fa,512,131072,graph,3,0.80635
fa,512,131072,graph,4,0.80629
fa,512,131072,graph,5,0.80669
fa,512,131072,graph,6,0.80651
fa,512,131072,graph,7,0.80578
fa,512,131072,graph,8,0.80112
fa,512,131072,graph,9,0.79910
fa,512,131072,graph,10,0.79893
fa,512,131072,graph,11,0.79782
fa,512,131072,graph,12,0.79912
fa,512,131072,graph,13,0.79874
fa,512,131072,graph,14,0.79790
fa,512,131072,graph,15,0.79824
fa,512,131072,graph,16,0.79870
fa,512,131072,graph,17,0.79872
fa,512,131072,graph,18,0.79850
fa,512,131072,graph,19,0.80854
fa,512,131072,graph,20,0.82178
fa,512,131072,graph,21,0.82125
fa,512,131072,graph,22,0.82117
fa,512,131072,graph,23,0.82219
fa,512,131072,graph,24,0.82923
fa,512,131072,graph,25,0.82973
fa,512,131072,graph,26,0.83008
fa,512,131072,graph,27,0.83048
fa,512,131072,graph,28,0.83034
fa,512,131072,graph,29,0.83005
fa,512,131072,eager,0,0.82918
fa,512,131072,eager,1,0.82486
fa,512,131072,eager,2,0.82102
fa,512,131072,eager,3,0.82077
fa,512,131072,eager,4,0.81741
fa,512,131072,eager,5,0.81606
fa,512,131072,eager,6,0.82403
fa,512,131072,eager,7,0.81898
fa,512,131072,eager,8,0.82410
fa,512,131072,eager,9,0.82198
fa,512,131072,eager,10,0.82010
fa,512,131072,eager,11,0.81693
fa,512,131072,eager,12,0.81984
fa,512,131072,eager,13,0.81600
fa,512,131072,eager,14,0.81667
fa,512,131072,eager,15,0.81696
fa,512,131072,eager,16,0.81734
fa,512,131072,eager,17,0.81664
fa,512,131072,eager,18,0.81507
fa,512,131072,eager,19,0.81850
fa,512,131072,eager,20,0.81664
fa,512,131072,eager,21,0.81651
fa,512,131072,eager,22,0.81674
fa,512,131072,eager,23,0.81731
fa,512,131072,eager,24,0.81808
fa,512,131072,eager,25,0.82253
fa,512,131072,eager,26,0.81843
fa,512,131072,eager,27,0.81638
fa,512,131072,eager,28,0.81786
fa,512,131072,eager,29,0.81552
fa,1024,131072,graph,0,1.51474
fa,1024,131072,graph,1,1.51493
fa,1024,131072,graph,2,1.51253
fa,1024,131072,graph,3,1.51384
fa,1024,131072,graph,4,1.51240
fa,1024,131072,graph,5,1.51438
fa,1024,131072,graph,6,1.51502
fa,1024,131072,graph,7,1.51486
fa,1024,131072,graph,8,1.51483
fa,1024,131072,graph,9,1.51390
fa,1024,131072,graph,10,1.52254
fa,1024,131072,graph,11,1.52315
fa,1024,131072,graph,12,1.52008
fa,1024,131072,graph,13,1.51890
fa,1024,131072,graph,14,1.52360
fa,1024,131072,graph,15,1.52018
fa,1024,131072,graph,16,1.51886
fa,1024,131072,graph,17,1.51931
fa,1024,131072,graph,18,1.52014
fa,1024,131072,graph,19,1.51925
fa,1024,131072,graph,20,1.51778
fa,1024,131072,graph,21,1.55307
fa,1024,131072,graph,22,1.66578
fa,1024,131072,graph,23,1.66472
fa,1024,131072,graph,24,1.66402
fa,1024,131072,graph,25,1.66328
fa,1024,131072,graph,26,1.66344
fa,1024,131072,graph,27,1.66418
fa,1024,131072,graph,28,1.66312
fa,1024,131072,graph,29,1.66382
fa,1024,131072,eager,0,1.58835
fa,1024,131072,eager,1,1.57386
fa,1024,131072,eager,2,1.57322
fa,1024,131072,eager,3,1.57126
fa,1024,131072,eager,4,1.56995
fa,1024,131072,eager,5,1.57133
fa,1024,131072,eager,6,1.59856
fa,1024,131072,eager,7,1.59578
fa,1024,131072,eager,8,1.59242
fa,1024,131072,eager,9,1.59469
fa,1024,131072,eager,10,1.59267
fa,1024,131072,eager,11,1.59299
fa,1024,131072,eager,12,1.59213
fa,1024,131072,eager,13,1.59094
fa,1024,131072,eager,14,1.58861
fa,1024,131072,eager,15,1.59219
fa,1024,131072,eager,16,1.59162
fa,1024,131072,eager,17,1.59360
fa,1024,131072,eager,18,1.69619
fa,1024,131072,eager,19,1.74742
fa,1024,131072,eager,20,1.74918
fa,1024,131072,eager,21,1.74982
fa,1024,131072,eager,22,1.75158
fa,1024,131072,eager,23,1.74960
fa,1024,131072,eager,24,1.75411
fa,1024,131072,eager,25,1.75130
fa,1024,131072,eager,26,1.75142
fa,1024,131072,eager,27,1.74950
fa,1024,131072,eager,28,1.75184
fa,1024,131072,eager,29,1.74931
fa,2048,131072,graph,0,2.99432
fa,2048,131072,graph,1,2.98706
fa,2048,131072,graph,2,2.98434
fa,2048,131072,graph,3,3.09790
fa,2048,131072,graph,4,3.14120
fa,2048,131072,graph,5,3.13630
fa,2048,131072,graph,6,3.13634
fa,2048,131072,graph,7,3.13656
fa,2048,131072,graph,8,3.14446
fa,2048,131072,graph,9,3.13768
fa,2048,131072,graph,10,3.13848
fa,2048,131072,graph,11,3.13861
fa,2048,131072,graph,12,3.13714
fa,2048,131072,graph,13,3.13742
fa,2048,131072,graph,14,3.12699
fa,2048,131072,graph,15,3.15544
fa,2048,131072,graph,16,3.24386
fa,2048,131072,graph,17,3.25579
fa,2048,131072,graph,18,3.24219
fa,2048,131072,graph,19,3.22226
fa,2048,131072,graph,20,3.22293
fa,2048,131072,graph,21,3.22482
fa,2048,131072,graph,22,3.23486
fa,2048,131072,graph,23,3.22658
fa,2048,131072,graph,24,3.21701
fa,2048,131072,graph,25,3.21720
fa,2048,131072,graph,26,3.23598
fa,2048,131072,graph,27,3.21432
fa,2048,131072,graph,28,3.21986
fa,2048,131072,graph,29,3.21707
fa,2048,131072,eager,0,3.00352
fa,2048,131072,eager,1,3.07440
fa,2048,131072,eager,2,3.06813
fa,2048,131072,eager,3,3.06787
fa,2048,131072,eager,4,3.06586
fa,2048,131072,eager,5,3.09494
fa,2048,131072,eager,6,3.06701
fa,2048,131072,eager,7,3.06733
fa,2048,131072,eager,8,3.06714
fa,2048,131072,eager,9,3.06570
fa,2048,131072,eager,10,3.06432
fa,2048,131072,eager,11,3.06733
fa,2048,131072,eager,12,3.06739
fa,2048,131072,eager,13,3.06576
fa,2048,131072,eager,14,3.06394
fa,2048,131072,eager,15,3.20870
fa,2048,131072,eager,16,3.21734
fa,2048,131072,eager,17,3.22045
fa,2048,131072,eager,18,3.22086
fa,2048,131072,eager,19,3.22918
fa,2048,131072,eager,20,3.25235
fa,2048,131072,eager,21,3.25158
fa,2048,131072,eager,22,3.25059
fa,2048,131072,eager,23,3.24995
fa,2048,131072,eager,24,3.25066
fa,2048,131072,eager,25,3.25165
fa,2048,131072,eager,26,3.24992
fa,2048,131072,eager,27,3.25130
fa,2048,131072,eager,28,3.24003
fa,2048,131072,eager,29,3.21798
fa,4096,131072,graph,0,6.40171
fa,4096,131072,graph,1,6.40130
fa,4096,131072,graph,2,6.40514
fa,4096,131072,graph,3,6.40379
fa,4096,131072,graph,4,6.39976
fa,4096,131072,graph,5,6.40107
fa,4096,131072,graph,6,6.40347
fa,4096,131072,graph,7,6.40184
fa,4096,131072,graph,8,6.40114
fa,4096,131072,graph,9,6.41160
fa,4096,131072,graph,10,6.46600
fa,4096,131072,graph,11,6.46741
fa,4096,131072,graph,12,6.46818
fa,4096,131072,graph,13,6.48184
fa,4096,131072,graph,14,6.48475
fa,4096,131072,graph,15,6.48248
fa,4096,131072,graph,16,6.48686
fa,4096,131072,graph,17,6.49013
fa,4096,131072,graph,18,6.48834
fa,4096,131072,graph,19,6.48725
fa,4096,131072,graph,20,6.48843
fa,4096,131072,graph,21,6.49032
fa,4096,131072,graph,22,6.49054
fa,4096,131072,graph,23,6.48917
fa,4096,131072,graph,24,6.47701
fa,4096,131072,graph,25,6.48590
fa,4096,131072,graph,26,6.48520
fa,4096,131072,graph,27,6.48834
fa,4096,131072,graph,28,6.48952
fa,4096,131072,graph,29,6.48965
fa,4096,131072,eager,0,6.34352
fa,4096,131072,eager,1,6.33475
fa,4096,131072,eager,2,6.33344
fa,4096,131072,eager,3,6.33235
fa,4096,131072,eager,4,6.33782
fa,4096,131072,eager,5,6.33302
fa,4096,131072,eager,6,6.33706
fa,4096,131072,eager,7,6.46490
fa,4096,131072,eager,8,6.51555
fa,4096,131072,eager,9,6.51958
fa,4096,131072,eager,10,6.51450
fa,4096,131072,eager,11,6.51414
fa,4096,131072,eager,12,6.47802
fa,4096,131072,eager,13,6.44704
fa,4096,131072,eager,14,6.45341
fa,4096,131072,eager,15,6.44698
fa,4096,131072,eager,16,6.44589
fa,4096,131072,eager,17,6.44813
fa,4096,131072,eager,18,6.44710
fa,4096,131072,eager,19,6.44662
fa,4096,131072,eager,20,6.44541
fa,4096,131072,eager,21,6.44528
fa,4096,131072,eager,22,6.45661
fa,4096,131072,eager,23,6.46371
fa,4096,131072,eager,24,6.46125
fa,4096,131072,eager,25,6.46189
fa,4096,131072,eager,26,6.45728
fa,4096,131072,eager,27,6.46499
fa,4096,131072,eager,28,6.52253
fa,4096,131072,eager,29,6.52221
fa,8192,131072,graph,0,13.25882
fa,8192,131072,graph,1,13.25456
fa,8192,131072,graph,2,13.19555
fa,8192,131072,graph,3,13.11158
fa,8192,131072,graph,4,13.11203
fa,8192,131072,graph,5,13.11030
fa,8192,131072,graph,6,13.11651
fa,8192,131072,graph,7,13.25418
fa,8192,131072,graph,8,13.23798
fa,8192,131072,graph,9,13.13968
fa,8192,131072,graph,10,13.25632
fa,8192,131072,graph,11,13.29744
fa,8192,131072,graph,12,13.29226
fa,8192,131072,graph,13,13.18083
fa,8192,131072,graph,14,13.14138
fa,8192,131072,graph,15,13.14086
fa,8192,131072,graph,16,13.24525
fa,8192,131072,graph,17,13.23094
fa,8192,131072,graph,18,13.15206
fa,8192,131072,graph,19,13.15478
fa,8192,131072,graph,20,13.23421
fa,8192,131072,graph,21,13.14461
fa,8192,131072,graph,22,13.24931
fa,8192,131072,graph,23,13.25546
fa,8192,131072,graph,24,13.25565
fa,8192,131072,graph,25,13.27024
fa,8192,131072,graph,26,13.25530
fa,8192,131072,graph,27,13.16211
fa,8192,131072,graph,28,13.11194
fa,8192,131072,graph,29,13.11165
fa,8192,131072,eager,0,13.11974
fa,8192,131072,eager,1,13.03040
fa,8192,131072,eager,2,13.02656
fa,8192,131072,eager,3,13.04070
fa,8192,131072,eager,4,13.24464
fa,8192,131072,eager,5,13.31850
fa,8192,131072,eager,6,13.31587
fa,8192,131072,eager,7,13.31968
fa,8192,131072,eager,8,13.17488
fa,8192,131072,eager,9,13.18054
fa,8192,131072,eager,10,13.18720
fa,8192,131072,eager,11,13.23786
fa,8192,131072,eager,12,13.21088
fa,8192,131072,eager,13,13.21872
fa,8192,131072,eager,14,13.23754
fa,8192,131072,eager,15,13.21453
fa,8192,131072,eager,16,13.23930
fa,8192,131072,eager,17,13.23709
fa,8192,131072,eager,18,13.18272
fa,8192,131072,eager,19,13.17744
fa,8192,131072,eager,20,13.17222
fa,8192,131072,eager,21,13.17181
fa,8192,131072,eager,22,13.18717
fa,8192,131072,eager,23,13.17786
fa,8192,131072,eager,24,13.17104
fa,8192,131072,eager,25,13.18448
fa,8192,131072,eager,26,13.20954
fa,8192,131072,eager,27,13.21126
fa,8192,131072,eager,28,13.21357
fa,8192,131072,eager,29,13.20736
fa,64,262144,graph,0,0.22911
fa,64,262144,graph,1,0.22885
fa,64,262144,graph,2,0.22895
fa,64,262144,graph,3,0.22909
fa,64,262144,graph,4,0.22968
fa,64,262144,graph,5,0.22931
fa,64,262144,graph,6,0.23256
fa,64,262144,graph,7,0.23628
fa,64,262144,graph,8,0.23645
fa,64,262144,graph,9,0.23595
fa,64,262144,graph,10,0.23620
fa,64,262144,graph,11,0.23646
fa,64,262144,graph,12,0.23664
fa,64,262144,graph,13,0.23623
fa,64,262144,graph,14,0.23573
fa,64,262144,graph,15,0.23698
fa,64,262144,graph,16,0.23659
fa,64,262144,graph,17,0.23649
fa,64,262144,graph,18,0.23653
fa,64,262144,graph,19,0.23617
fa,64,262144,graph,20,0.23664
fa,64,262144,graph,21,0.23624
fa,64,262144,graph,22,0.23660
fa,64,262144,graph,23,0.23634
fa,64,262144,graph,24,0.23563
fa,64,262144,graph,25,0.23649
fa,64,262144,graph,26,0.23550
fa,64,262144,graph,27,0.23623
fa,64,262144,graph,28,0.23578
fa,64,262144,graph,29,0.23587
fa,64,262144,eager,0,0.29664
fa,64,262144,eager,1,0.28794
fa,64,262144,eager,2,0.28730
fa,64,262144,eager,3,0.28550
fa,64,262144,eager,4,0.28541
fa,64,262144,eager,5,0.28643
fa,64,262144,eager,6,0.28442
fa,64,262144,eager,7,0.28384
fa,64,262144,eager,8,0.28557
fa,64,262144,eager,9,0.28288
fa,64,262144,eager,10,0.28320
fa,64,262144,eager,11,0.28310
fa,64,262144,eager,12,0.28368
fa,64,262144,eager,13,0.28333
fa,64,262144,eager,14,0.28378
fa,64,262144,eager,15,0.28301
fa,64,262144,eager,16,0.29194
fa,64,262144,eager,17,0.28234
fa,64,262144,eager,18,0.28461
fa,64,262144,eager,19,0.28538
fa,64,262144,eager,20,0.28170
fa,64,262144,eager,21,0.28170
fa,64,262144,eager,22,0.28134
fa,64,262144,eager,23,0.28848
fa,64,262144,eager,24,0.28240
fa,64,262144,eager,25,0.28131
fa,64,262144,eager,26,0.28374
fa,64,262144,eager,27,0.28202
fa,64,262144,eager,28,0.28141
fa,64,262144,eager,29,0.28192
fa,65,262144,graph,0,0.26502
fa,65,262144,graph,1,0.26516
fa,65,262144,graph,2,0.26420
fa,65,262144,graph,3,0.26461
fa,65,262144,graph,4,0.26626
fa,65,262144,graph,5,0.26932
fa,65,262144,graph,6,0.26843
fa,65,262144,graph,7,0.26846
fa,65,262144,graph,8,0.26869
fa,65,262144,graph,9,0.26878
fa,65,262144,graph,10,0.26880
fa,65,262144,graph,11,0.26914
fa,65,262144,graph,12,0.26825
fa,65,262144,graph,13,0.26857
fa,65,262144,graph,14,0.26878
fa,65,262144,graph,15,0.26848
fa,65,262144,graph,16,0.27682
fa,65,262144,graph,17,0.27692
fa,65,262144,graph,18,0.27680
fa,65,262144,graph,19,0.27627
fa,65,262144,graph,20,0.27738
fa,65,262144,graph,21,0.27636
fa,65,262144,graph,22,0.27664
fa,65,262144,graph,23,0.27671
fa,65,262144,graph,24,0.27744
fa,65,262144,graph,25,0.27711
fa,65,262144,graph,26,0.27723
fa,65,262144,graph,27,0.27720
fa,65,262144,graph,28,0.27688
fa,65,262144,graph,29,0.27660
fa,65,262144,eager,0,0.33635
fa,65,262144,eager,1,0.32768
fa,65,262144,eager,2,0.32704
fa,65,262144,eager,3,0.32394
fa,65,262144,eager,4,0.32429
fa,65,262144,eager,5,0.32563
fa,65,262144,eager,6,0.32509
fa,65,262144,eager,7,0.43680
fa,65,262144,eager,8,0.32730
fa,65,262144,eager,9,0.32525
fa,65,262144,eager,10,0.32397
fa,65,262144,eager,11,0.32275
fa,65,262144,eager,12,0.32285
fa,65,262144,eager,13,0.32285
fa,65,262144,eager,14,0.32435
fa,65,262144,eager,15,0.32250
fa,65,262144,eager,16,0.32278
fa,65,262144,eager,17,0.32150
fa,65,262144,eager,18,0.32304
fa,65,262144,eager,19,0.32189
fa,65,262144,eager,20,0.32186
fa,65,262144,eager,21,0.32973
fa,65,262144,eager,22,0.32115
fa,65,262144,eager,23,0.32093
fa,65,262144,eager,24,0.32326
fa,65,262144,eager,25,0.32294
fa,65,262144,eager,26,0.32320
fa,65,262144,eager,27,0.32141
fa,65,262144,eager,28,0.32234
fa,65,262144,eager,29,0.32064
fa,128,262144,graph,0,0.40450
fa,128,262144,graph,1,0.40528
fa,128,262144,graph,2,0.40596
fa,128,262144,graph,3,0.40576
fa,128,262144,graph,4,0.40557
fa,128,262144,graph,5,0.40630
fa,128,262144,graph,6,0.40593
fa,128,262144,graph,7,0.40625
fa,128,262144,graph,8,0.40586
fa,128,262144,graph,9,0.40601
fa,128,262144,graph,10,0.40558
fa,128,262144,graph,11,0.40622
fa,128,262144,graph,12,0.40624
fa,128,262144,graph,13,0.40585
fa,128,262144,graph,14,0.40596
fa,128,262144,graph,15,0.40594
fa,128,262144,graph,16,0.40691
fa,128,262144,graph,17,0.40557
fa,128,262144,graph,18,0.40642
fa,128,262144,graph,19,0.40658
fa,128,262144,graph,20,0.40622
fa,128,262144,graph,21,0.40650
fa,128,262144,graph,22,0.40606
fa,128,262144,graph,23,0.40714
fa,128,262144,graph,24,0.40608
fa,128,262144,graph,25,0.40613
fa,128,262144,graph,26,0.41380
fa,128,262144,graph,27,0.43026
fa,128,262144,graph,28,0.42967
fa,128,262144,graph,29,0.42966
fa,128,262144,eager,0,0.48128
fa,128,262144,eager,1,0.47210
fa,128,262144,eager,2,0.46099
fa,128,262144,eager,3,0.46000
fa,128,262144,eager,4,0.45846
fa,128,262144,eager,5,0.45715
fa,128,262144,eager,6,0.45712
fa,128,262144,eager,7,0.45629
fa,128,262144,eager,8,0.45795
fa,128,262144,eager,9,0.45782
fa,128,262144,eager,10,0.45683
fa,128,262144,eager,11,0.45622
fa,128,262144,eager,12,0.46854
fa,128,262144,eager,13,0.45731
fa,128,262144,eager,14,0.46461
fa,128,262144,eager,15,0.45763
fa,128,262144,eager,16,0.45821
fa,128,262144,eager,17,0.45725
fa,128,262144,eager,18,0.45856
fa,128,262144,eager,19,0.45910
fa,128,262144,eager,20,0.45549
fa,128,262144,eager,21,0.45712
fa,128,262144,eager,22,0.45722
fa,128,262144,eager,23,0.45798
fa,128,262144,eager,24,0.45696
fa,128,262144,eager,25,0.45770
fa,128,262144,eager,26,0.45731
fa,128,262144,eager,27,0.45725
fa,128,262144,eager,28,0.45744
fa,128,262144,eager,29,0.45798
fa,129,262144,graph,0,0.45986
fa,129,262144,graph,1,0.45927
fa,129,262144,graph,2,0.45909
fa,129,262144,graph,3,0.46033
fa,129,262144,graph,4,0.45922
fa,129,262144,graph,5,0.45881
fa,129,262144,graph,6,0.45802
fa,129,262144,graph,7,0.45950
fa,129,262144,graph,8,0.45769
fa,129,262144,graph,9,0.45799
fa,129,262144,graph,10,0.45761
fa,129,262144,graph,11,0.45879
fa,129,262144,graph,12,0.45746
fa,129,262144,graph,13,0.45743
fa,129,262144,graph,14,0.45750
fa,129,262144,graph,15,0.45721
fa,129,262144,graph,16,0.45853
fa,129,262144,graph,17,0.45693
fa,129,262144,graph,18,0.47634
fa,129,262144,graph,19,0.48737
fa,129,262144,graph,20,0.48701
fa,129,262144,graph,21,0.48712
fa,129,262144,graph,22,0.48701
fa,129,262144,graph,23,0.48697
fa,129,262144,graph,24,0.48719
fa,129,262144,graph,25,0.48779
fa,129,262144,graph,26,0.48838
fa,129,262144,graph,27,0.48824
fa,129,262144,graph,28,0.48805
fa,129,262144,graph,29,0.48847
fa,129,262144,eager,0,0.53139
fa,129,262144,eager,1,0.52339
fa,129,262144,eager,2,0.51914
fa,129,262144,eager,3,0.51712
fa,129,262144,eager,4,0.51882
fa,129,262144,eager,5,0.51418
fa,129,262144,eager,6,0.51338
fa,129,262144,eager,7,0.51360
fa,129,262144,eager,8,0.51334
fa,129,262144,eager,9,0.51315
fa,129,262144,eager,10,0.51357
fa,129,262144,eager,11,0.51386
fa,129,262144,eager,12,0.51616
fa,129,262144,eager,13,0.52416
fa,129,262144,eager,14,0.51350
fa,129,262144,eager,15,0.51821
fa,129,262144,eager,16,0.51574
fa,129,262144,eager,17,0.51421
fa,129,262144,eager,18,0.51379
fa,129,262144,eager,19,0.51658
fa,129,262144,eager,20,0.51350
fa,129,262144,eager,21,0.51197
fa,129,262144,eager,22,0.51299
fa,129,262144,eager,23,0.51514
fa,129,262144,eager,24,0.52672
fa,129,262144,eager,25,0.51254
fa,129,262144,eager,26,0.51190
fa,129,262144,eager,27,0.51123
fa,129,262144,eager,28,0.51264
fa,129,262144,eager,29,0.51094
fa,256,262144,graph,0,0.76450
fa,256,262144,graph,1,0.76510
fa,256,262144,graph,2,0.76494
fa,256,262144,graph,3,0.76377
fa,256,262144,graph,4,0.76322
fa,256,262144,graph,5,0.76327
fa,256,262144,graph,6,0.76311
fa,256,262144,graph,7,0.76406
fa,256,262144,graph,8,0.76375
fa,256,262144,graph,9,0.76458
fa,256,262144,graph,10,0.76252
fa,256,262144,graph,11,0.76345
fa,256,262144,graph,12,0.76433
fa,256,262144,graph,13,0.76502
fa,256,262144,graph,14,0.76348
fa,256,262144,graph,15,0.76462
fa,256,262144,graph,16,0.76434
fa,256,262144,graph,17,0.76500
fa,256,262144,graph,18,0.76524
fa,256,262144,graph,19,0.79399
fa,256,262144,graph,20,0.76410
fa,256,262144,graph,21,0.79058
fa,256,262144,graph,22,0.80828
fa,256,262144,graph,23,0.80831
fa,256,262144,graph,24,0.80974
fa,256,262144,graph,25,0.81001
fa,256,262144,graph,26,0.80905
fa,256,262144,graph,27,0.80906
fa,256,262144,graph,28,0.80894
fa,256,262144,graph,29,0.83196
fa,256,262144,eager,0,1.04813
fa,256,262144,eager,1,0.82368
fa,256,262144,eager,2,0.81850
fa,256,262144,eager,3,0.81642
fa,256,262144,eager,4,0.81494
fa,256,262144,eager,5,0.81251
fa,256,262144,eager,6,0.81619
fa,256,262144,eager,7,0.81542
fa,256,262144,eager,8,0.81469
fa,256,262144,eager,9,0.81427
fa,256,262144,eager,10,0.83520
fa,256,262144,eager,11,0.81318
fa,256,262144,eager,12,0.81546
fa,256,262144,eager,13,0.81382
fa,256,262144,eager,14,0.81440
fa,256,262144,eager,15,0.81354
fa,256,262144,eager,16,0.81392
fa,256,262144,eager,17,0.81402
fa,256,262144,eager,18,0.81674
fa,256,262144,eager,19,0.81226
fa,256,262144,eager,20,0.81347
fa,256,262144,eager,21,0.81229
fa,256,262144,eager,22,0.81338
fa,256,262144,eager,23,0.81437
fa,256,262144,eager,24,0.81722
fa,256,262144,eager,25,0.81363
fa,256,262144,eager,26,0.81315
fa,256,262144,eager,27,0.81152
fa,256,262144,eager,28,0.81286
fa,256,262144,eager,29,0.81283
fa,512,262144,graph,0,1.58270
fa,512,262144,graph,1,1.58530
fa,512,262144,graph,2,1.58875
fa,512,262144,graph,3,1.59115
fa,512,262144,graph,4,1.62043
fa,512,262144,graph,5,1.62069
fa,512,262144,graph,6,1.62853
fa,512,262144,graph,7,1.62872
fa,512,262144,graph,8,1.62981
fa,512,262144,graph,9,1.62728
fa,512,262144,graph,10,1.62754
fa,512,262144,graph,11,1.62702
fa,512,262144,graph,12,1.62069
fa,512,262144,graph,13,1.62280
fa,512,262144,graph,14,1.62027
fa,512,262144,graph,15,1.64280
fa,512,262144,graph,16,1.65541
fa,512,262144,graph,17,1.66798
fa,512,262144,graph,18,1.66171
fa,512,262144,graph,19,1.66181
fa,512,262144,graph,20,1.66357
fa,512,262144,graph,21,1.66283
fa,512,262144,graph,22,1.65416
fa,512,262144,graph,23,1.66229
fa,512,262144,graph,24,1.65925
fa,512,262144,graph,25,1.65387
fa,512,262144,graph,26,1.65250
fa,512,262144,graph,27,1.66178
fa,512,262144,graph,28,1.65816
fa,512,262144,graph,29,1.65339
fa,512,262144,eager,0,1.58019
fa,512,262144,eager,1,1.57120
fa,512,262144,eager,2,1.57030
fa,512,262144,eager,3,1.57290
fa,512,262144,eager,4,1.57376
fa,512,262144,eager,5,1.56550
fa,512,262144,eager,6,1.56666
fa,512,262144,eager,7,1.56618
fa,512,262144,eager,8,1.57277
fa,512,262144,eager,9,1.57085
fa,512,262144,eager,10,1.56790
fa,512,262144,eager,11,1.60083
fa,512,262144,eager,12,1.69248
fa,512,262144,eager,13,1.69862
fa,512,262144,eager,14,1.69754
fa,512,262144,eager,15,1.69328
fa,512,262144,eager,16,1.69456
fa,512,262144,eager,17,1.69878
fa,512,262144,eager,18,1.69725
fa,512,262144,eager,19,1.69744
fa,512,262144,eager,20,1.69802
fa,512,262144,eager,21,1.69744
fa,512,262144,eager,22,1.69600
fa,512,262144,eager,23,1.70307
fa,512,262144,eager,24,1.69123
fa,512,262144,eager,25,1.69600
fa,512,262144,eager,26,1.70022
fa,512,262144,eager,27,1.69450
fa,512,262144,eager,28,1.69674
fa,512,262144,eager,29,1.70298
fa,1024,262144,graph,0,3.22238
fa,1024,262144,graph,1,3.28626
fa,1024,262144,graph,2,3.33246
fa,1024,262144,graph,3,3.32328
fa,1024,262144,graph,4,3.32453
fa,1024,262144,graph,5,3.32286
fa,1024,262144,graph,6,3.32795
fa,1024,262144,graph,7,3.33192
fa,1024,262144,graph,8,3.33675
fa,1024,262144,graph,9,3.32155
fa,1024,262144,graph,10,3.32942
fa,1024,262144,graph,11,3.32738
fa,1024,262144,graph,12,3.32357
fa,1024,262144,graph,13,3.36117
fa,1024,262144,graph,14,3.35797
fa,1024,262144,graph,15,3.35688
fa,1024,262144,graph,16,3.35909
fa,1024,262144,graph,17,3.35986
fa,1024,262144,graph,18,3.35915
fa,1024,262144,graph,19,3.35752
fa,1024,262144,graph,20,3.36398
fa,1024,262144,graph,21,3.35694
fa,1024,262144,graph,22,3.35598
fa,1024,262144,graph,23,3.35765
fa,1024,262144,graph,24,3.35496
fa,1024,262144,graph,25,3.35592
fa,1024,262144,graph,26,3.35701
fa,1024,262144,graph,27,3.35675
fa,1024,262144,graph,28,3.35525
fa,1024,262144,graph,29,3.35688
fa,1024,262144,eager,0,3.18128
fa,1024,262144,eager,1,3.17370
fa,1024,262144,eager,2,3.18077
fa,1024,262144,eager,3,3.16461
fa,1024,262144,eager,4,3.18746
fa,1024,262144,eager,5,3.18269
fa,1024,262144,eager,6,3.17248
fa,1024,262144,eager,7,3.20579
fa,1024,262144,eager,8,3.17299
fa,1024,262144,eager,9,3.16979
fa,1024,262144,eager,10,3.19450
fa,1024,262144,eager,11,3.19146
fa,1024,262144,eager,12,3.20426
fa,1024,262144,eager,13,3.17219
fa,1024,262144,eager,14,3.21322
fa,1024,262144,eager,15,3.19539
fa,1024,262144,eager,16,3.19594
fa,1024,262144,eager,17,3.21101
fa,1024,262144,eager,18,3.19462
fa,1024,262144,eager,19,3.29392
fa,1024,262144,eager,20,3.38624
fa,1024,262144,eager,21,3.38502
fa,1024,262144,eager,22,3.38051
fa,1024,262144,eager,23,3.38099
fa,1024,262144,eager,24,3.38115
fa,1024,262144,eager,25,3.38762
fa,1024,262144,eager,26,3.38291
fa,1024,262144,eager,27,3.38336
fa,1024,262144,eager,28,3.37974
fa,1024,262144,eager,29,3.38246
fa,2048,262144,graph,0,6.41458
fa,2048,262144,graph,1,6.41579
fa,2048,262144,graph,2,6.41682
fa,2048,262144,graph,3,6.41598
fa,2048,262144,graph,4,6.41666
fa,2048,262144,graph,5,6.43694
fa,2048,262144,graph,6,6.47477
fa,2048,262144,graph,7,6.41746
fa,2048,262144,graph,8,6.43803
fa,2048,262144,graph,9,6.43723
fa,2048,262144,graph,10,6.43707
fa,2048,262144,graph,11,6.43362
fa,2048,262144,graph,12,6.42779
fa,2048,262144,graph,13,6.41982
fa,2048,262144,graph,14,6.43768
fa,2048,262144,graph,15,6.41118
fa,2048,262144,graph,16,6.40962
fa,2048,262144,graph,17,6.40763
fa,2048,262144,graph,18,6.40981
fa,2048,262144,graph,19,6.41346
fa,2048,262144,graph,20,6.40786
fa,2048,262144,graph,21,6.40683
fa,2048,262144,graph,22,6.40709
fa,2048,262144,graph,23,6.40757
fa,2048,262144,graph,24,6.40744
fa,2048,262144,graph,25,6.41112
fa,2048,262144,graph,26,6.41051
fa,2048,262144,graph,27,6.40651
fa,2048,262144,graph,28,6.40818
fa,2048,262144,graph,29,6.40872
fa,2048,262144,eager,0,6.40912
fa,2048,262144,eager,1,6.33770
fa,2048,262144,eager,2,6.32998
fa,2048,262144,eager,3,6.33027
fa,2048,262144,eager,4,6.33075
fa,2048,262144,eager,5,6.32726
fa,2048,262144,eager,6,6.36829
fa,2048,262144,eager,7,6.41184
fa,2048,262144,eager,8,6.45283
fa,2048,262144,eager,9,6.45421
fa,2048,262144,eager,10,6.45437
fa,2048,262144,eager,11,6.45984
fa,2048,262144,eager,12,6.45286
fa,2048,262144,eager,13,6.43830
fa,2048,262144,eager,14,6.38317
fa,2048,262144,eager,15,6.38358
fa,2048,262144,eager,16,6.38397
fa,2048,262144,eager,17,6.38547
fa,2048,262144,eager,18,6.38381
fa,2048,262144,eager,19,6.38323
fa,2048,262144,eager,20,6.38282
fa,2048,262144,eager,21,6.38214
fa,2048,262144,eager,22,6.38438
fa,2048,262144,eager,23,6.38301
fa,2048,262144,eager,24,6.39462
fa,2048,262144,eager,25,6.40294
fa,2048,262144,eager,26,6.44602
fa,2048,262144,eager,27,6.46061
fa,2048,262144,eager,28,6.46160
fa,2048,262144,eager,29,6.46115
fa,4096,262144,graph,0,12.99469
fa,4096,262144,graph,1,12.95616
fa,4096,262144,graph,2,12.96189
fa,4096,262144,graph,3,12.95206
fa,4096,262144,graph,4,12.85402
fa,4096,262144,graph,5,12.80774
fa,4096,262144,graph,6,12.80618
fa,4096,262144,graph,7,12.81616
fa,4096,262144,graph,8,12.80816
fa,4096,262144,graph,9,12.83622
fa,4096,262144,graph,10,12.85011
fa,4096,262144,graph,11,12.83155
fa,4096,262144,graph,12,13.00352
fa,4096,262144,graph,13,13.01066
fa,4096,262144,graph,14,12.87379
fa,4096,262144,graph,15,12.80499
fa,4096,262144,graph,16,12.84618
fa,4096,262144,graph,17,12.84768
fa,4096,262144,graph,18,12.91757
fa,4096,262144,graph,19,12.94630
fa,4096,262144,graph,20,12.83610
fa,4096,262144,graph,21,12.83709
fa,4096,262144,graph,22,12.84448
fa,4096,262144,graph,23,12.84202
fa,4096,262144,graph,24,12.84278
fa,4096,262144,graph,25,12.85894
fa,4096,262144,graph,26,12.84682
fa,4096,262144,graph,27,12.80902
fa,4096,262144,graph,28,12.83213
fa,4096,262144,graph,29,12.82621
fa,4096,262144,eager,0,12.88390
fa,4096,262144,eager,1,12.81043
fa,4096,262144,eager,2,12.77216
fa,4096,262144,eager,3,12.78749
fa,4096,262144,eager,4,12.90944
fa,4096,262144,eager,5,12.91366
fa,4096,262144,eager,6,12.90736
fa,4096,262144,eager,7,12.95670
fa,4096,262144,eager,8,12.98883
fa,4096,262144,eager,9,12.90410
fa,4096,262144,eager,10,12.90506
fa,4096,262144,eager,11,12.90541
fa,4096,262144,eager,12,12.90198
fa,4096,262144,eager,13,12.90163
fa,4096,262144,eager,14,12.91293
fa,4096,262144,eager,15,12.91366
fa,4096,262144,eager,16,12.91341
fa,4096,262144,eager,17,12.90387
fa,4096,262144,eager,18,12.90278
fa,4096,262144,eager,19,12.90045
fa,4096,262144,eager,20,12.90461
fa,4096,262144,eager,21,12.90800
fa,4096,262144,eager,22,12.91043
fa,4096,262144,eager,23,12.91482
fa,4096,262144,eager,24,12.90371
fa,4096,262144,eager,25,12.87930
fa,4096,262144,eager,26,12.86979
fa,4096,262144,eager,27,12.87754
fa,4096,262144,eager,28,12.87354
fa,4096,262144,eager,29,12.87405
fa,8192,262144,graph,0,26.10134
fa,8192,262144,graph,1,25.98362
fa,8192,262144,graph,2,25.82486
fa,8192,262144,graph,3,25.98646
fa,8192,262144,graph,4,26.11184
fa,8192,262144,graph,5,25.92403
fa,8192,262144,graph,6,26.06093
fa,8192,262144,graph,7,26.70166
fa,8192,262144,graph,8,26.92778
fa,8192,262144,graph,9,26.91536
fa,8192,262144,graph,10,26.91085
fa,8192,262144,graph,11,26.93549
fa,8192,262144,graph,12,27.03011
fa,8192,262144,graph,13,27.62294
fa,8192,262144,graph,14,27.61901
fa,8192,262144,graph,15,27.61715
fa,8192,262144,graph,16,27.61725
fa,8192,262144,graph,17,27.62112
fa,8192,262144,graph,18,27.33891
fa,8192,262144,graph,19,26.90550
fa,8192,262144,graph,20,26.91085
fa,8192,262144,graph,21,26.91277
fa,8192,262144,graph,22,26.15786
fa,8192,262144,graph,23,26.06794
fa,8192,262144,graph,24,26.07472
fa,8192,262144,graph,25,26.07142
fa,8192,262144,graph,26,26.08592
fa,8192,262144,graph,27,26.12214
fa,8192,262144,graph,28,26.11392
fa,8192,262144,graph,29,25.98330
fa,8192,262144,eager,0,25.93795
fa,8192,262144,eager,1,25.94886
fa,8192,262144,eager,2,25.91667
fa,8192,262144,eager,3,26.08666
fa,8192,262144,eager,4,25.89229
fa,8192,262144,eager,5,26.13574
fa,8192,262144,eager,6,26.17290
fa,8192,262144,eager,7,26.14547
fa,8192,262144,eager,8,26.02400
fa,8192,262144,eager,9,25.86035
fa,8192,262144,eager,10,25.89229
fa,8192,262144,eager,11,25.90211
fa,8192,262144,eager,12,25.92522
fa,8192,262144,eager,13,26.17149
fa,8192,262144,eager,14,26.03347
fa,8192,262144,eager,15,25.89168
fa,8192,262144,eager,16,26.07462
fa,8192,262144,eager,17,26.03354
fa,8192,262144,eager,18,25.89798
fa,8192,262144,eager,19,26.16182
fa,8192,262144,eager,20,26.17392
fa,8192,262144,eager,21,26.01120
fa,8192,262144,eager,22,26.05101
fa,8192,262144,eager,23,27.05987
fa,8192,262144,eager,24,28.44182
fa,8192,262144,eager,25,30.75110
fa,8192,262144,eager,26,30.04250
fa,8192,262144,eager,27,28.87782
fa,8192,262144,eager,28,27.92598
fa,8192,262144,eager,29,27.05050
gdn,64,0,graph,0,0.04879
gdn,64,0,graph,1,0.04885
gdn,64,0,graph,2,0.04886
gdn,64,0,graph,3,0.04877
gdn,64,0,graph,4,0.04879
gdn,64,0,graph,5,0.04883
gdn,64,0,graph,6,0.04859
gdn,64,0,graph,7,0.04875
gdn,64,0,graph,8,0.04861
gdn,64,0,graph,9,0.04876
gdn,64,0,graph,10,0.04880
gdn,64,0,graph,11,0.04859
gdn,64,0,graph,12,0.04849
gdn,64,0,graph,13,0.04885
gdn,64,0,graph,14,0.04868
gdn,64,0,graph,15,0.04878
gdn,64,0,graph,16,0.04858
gdn,64,0,graph,17,0.04900
gdn,64,0,graph,18,0.04877
gdn,64,0,graph,19,0.04894
gdn,64,0,graph,20,0.04851
gdn,64,0,graph,21,0.04893
gdn,64,0,graph,22,0.04881
gdn,64,0,graph,23,0.04879
gdn,64,0,graph,24,0.04883
gdn,64,0,graph,25,0.04879
gdn,64,0,graph,26,0.04884
gdn,64,0,graph,27,0.04871
gdn,64,0,graph,28,0.04869
gdn,64,0,graph,29,0.04866
gdn,64,0,eager,0,0.26566
gdn,64,0,eager,1,0.25510
gdn,64,0,eager,2,0.24829
gdn,64,0,eager,3,0.24154
gdn,64,0,eager,4,0.26061
gdn,64,0,eager,5,0.24003
gdn,64,0,eager,6,0.23830
gdn,64,0,eager,7,0.23296
gdn,64,0,eager,8,0.23037
gdn,64,0,eager,9,0.23386
gdn,64,0,eager,10,0.25309
gdn,64,0,eager,11,0.23472
gdn,64,0,eager,12,0.22909
gdn,64,0,eager,13,0.22570
gdn,64,0,eager,14,0.23875
gdn,64,0,eager,15,0.24070
gdn,64,0,eager,16,0.24957
gdn,64,0,eager,17,0.23699
gdn,64,0,eager,18,0.24106
gdn,64,0,eager,19,0.24323
gdn,64,0,eager,20,0.23814
gdn,64,0,eager,21,0.23174
gdn,64,0,eager,22,0.23667
gdn,64,0,eager,23,0.23130
gdn,64,0,eager,24,0.24102
gdn,64,0,eager,25,0.23962
gdn,64,0,eager,26,0.22979
gdn,64,0,eager,27,0.22787
gdn,64,0,eager,28,0.22701
gdn,64,0,eager,29,0.23274
gdn,65,0,graph,0,0.05274
gdn,65,0,graph,1,0.05281
gdn,65,0,graph,2,0.05279
gdn,65,0,graph,3,0.05281
gdn,65,0,graph,4,0.05259
gdn,65,0,graph,5,0.05314
gdn,65,0,graph,6,0.05262
gdn,65,0,graph,7,0.05256
gdn,65,0,graph,8,0.05282
gdn,65,0,graph,9,0.05273
gdn,65,0,graph,10,0.05275
gdn,65,0,graph,11,0.05263
gdn,65,0,graph,12,0.05253
gdn,65,0,graph,13,0.05261
gdn,65,0,graph,14,0.05316
gdn,65,0,graph,15,0.05276
gdn,65,0,graph,16,0.05263
gdn,65,0,graph,17,0.05276
gdn,65,0,graph,18,0.05283
gdn,65,0,graph,19,0.05277
gdn,65,0,graph,20,0.05270
gdn,65,0,graph,21,0.05279
gdn,65,0,graph,22,0.05288
gdn,65,0,graph,23,0.05265
gdn,65,0,graph,24,0.05273
gdn,65,0,graph,25,0.05284
gdn,65,0,graph,26,0.05294
gdn,65,0,graph,27,0.05276
gdn,65,0,graph,28,0.05290
gdn,65,0,graph,29,0.05286
gdn,65,0,eager,0,0.23622
gdn,65,0,eager,1,0.23654
gdn,65,0,eager,2,0.24630
gdn,65,0,eager,3,0.23744
gdn,65,0,eager,4,0.23549
gdn,65,0,eager,5,0.23520
gdn,65,0,eager,6,0.23066
gdn,65,0,eager,7,0.23402
gdn,65,0,eager,8,0.25050
gdn,65,0,eager,9,0.24899
gdn,65,0,eager,10,0.24950
gdn,65,0,eager,11,0.24301
gdn,65,0,eager,12,0.23622
gdn,65,0,eager,13,0.22643
gdn,65,0,eager,14,0.23462
gdn,65,0,eager,15,0.23274
gdn,65,0,eager,16,0.23578
gdn,65,0,eager,17,0.23046
gdn,65,0,eager,18,0.24637
gdn,65,0,eager,19,0.24992
gdn,65,0,eager,20,0.31315
gdn,65,0,eager,21,0.23894
gdn,65,0,eager,22,0.23021
gdn,65,0,eager,23,0.23526
gdn,65,0,eager,24,0.24803
gdn,65,0,eager,25,0.23466
gdn,65,0,eager,26,0.22998
gdn,65,0,eager,27,0.23002
gdn,65,0,eager,28,0.23034
gdn,65,0,eager,29,0.23654
gdn,128,0,graph,0,0.05286
gdn,128,0,graph,1,0.05273
gdn,128,0,graph,2,0.05280
gdn,128,0,graph,3,0.05269
gdn,128,0,graph,4,0.05292
gdn,128,0,graph,5,0.05275
gdn,128,0,graph,6,0.05273
gdn,128,0,graph,7,0.05284
gdn,128,0,graph,8,0.05264
gdn,128,0,graph,9,0.05272
gdn,128,0,graph,10,0.05266
gdn,128,0,graph,11,0.05291
gdn,128,0,graph,12,0.05277
gdn,128,0,graph,13,0.05269
gdn,128,0,graph,14,0.05259
gdn,128,0,graph,15,0.05282
gdn,128,0,graph,16,0.05279
gdn,128,0,graph,17,0.05247
gdn,128,0,graph,18,0.05259
gdn,128,0,graph,19,0.05272
gdn,128,0,graph,20,0.05294
gdn,128,0,graph,21,0.05270
gdn,128,0,graph,22,0.05263
gdn,128,0,graph,23,0.05273
gdn,128,0,graph,24,0.05280
gdn,128,0,graph,25,0.05249
gdn,128,0,graph,26,0.05249
gdn,128,0,graph,27,0.05262
gdn,128,0,graph,28,0.05264
gdn,128,0,graph,29,0.05273
gdn,128,0,eager,0,0.24256
gdn,128,0,eager,1,0.23645
gdn,128,0,eager,2,0.23005
gdn,128,0,eager,3,0.22755
gdn,128,0,eager,4,0.24502
gdn,128,0,eager,5,0.24326
gdn,128,0,eager,6,0.23187
gdn,128,0,eager,7,0.23139
gdn,128,0,eager,8,0.23005
gdn,128,0,eager,9,0.22966
gdn,128,0,eager,10,0.24243
gdn,128,0,eager,11,0.23270
gdn,128,0,eager,12,0.23322
gdn,128,0,eager,13,0.22672
gdn,128,0,eager,14,0.22848
gdn,128,0,eager,15,0.23795
gdn,128,0,eager,16,0.23478
gdn,128,0,eager,17,0.22890
gdn,128,0,eager,18,0.22576
gdn,128,0,eager,19,0.22688
gdn,128,0,eager,20,0.23197
gdn,128,0,eager,21,0.22678
gdn,128,0,eager,22,0.22669
gdn,128,0,eager,23,0.23622
gdn,128,0,eager,24,0.29488
gdn,128,0,eager,25,0.24010
gdn,128,0,eager,26,0.22659
gdn,128,0,eager,27,0.22675
gdn,128,0,eager,28,0.23200
gdn,128,0,eager,29,0.23296
gdn,129,0,graph,0,0.05590
gdn,129,0,graph,1,0.05561
gdn,129,0,graph,2,0.05604
gdn,129,0,graph,3,0.05560
gdn,129,0,graph,4,0.05591
gdn,129,0,graph,5,0.05602
gdn,129,0,graph,6,0.05559
gdn,129,0,graph,7,0.05554
gdn,129,0,graph,8,0.05556
gdn,129,0,graph,9,0.05573
gdn,129,0,graph,10,0.05561
gdn,129,0,graph,11,0.05550
gdn,129,0,graph,12,0.05551
gdn,129,0,graph,13,0.05564
gdn,129,0,graph,14,0.05561
gdn,129,0,graph,15,0.05581
gdn,129,0,graph,16,0.05585
gdn,129,0,graph,17,0.05573
gdn,129,0,graph,18,0.05543
gdn,129,0,graph,19,0.05547
gdn,129,0,graph,20,0.05575
gdn,129,0,graph,21,0.05585
gdn,129,0,graph,22,0.05563
gdn,129,0,graph,23,0.05552
gdn,129,0,graph,24,0.05573
gdn,129,0,graph,25,0.05573
gdn,129,0,graph,26,0.05568
gdn,129,0,graph,27,0.05566
gdn,129,0,graph,28,0.05551
gdn,129,0,graph,29,0.05573
gdn,129,0,eager,0,0.23715
gdn,129,0,eager,1,0.23766
gdn,129,0,eager,2,0.23299
gdn,129,0,eager,3,0.22842
gdn,129,0,eager,4,0.24538
gdn,129,0,eager,5,0.23994
gdn,129,0,eager,6,0.23123
gdn,129,0,eager,7,0.22653
gdn,129,0,eager,8,0.22765
gdn,129,0,eager,9,0.23302
gdn,129,0,eager,10,0.24234
gdn,129,0,eager,11,0.23306
gdn,129,0,eager,12,0.23181
gdn,129,0,eager,13,0.23488
gdn,129,0,eager,14,0.22912
gdn,129,0,eager,15,0.23974
gdn,129,0,eager,16,0.23379
gdn,129,0,eager,17,0.23418
gdn,129,0,eager,18,0.23094
gdn,129,0,eager,19,0.22966
gdn,129,0,eager,20,0.22698
gdn,129,0,eager,21,0.30672
gdn,129,0,eager,22,0.23936
gdn,129,0,eager,23,0.23021
gdn,129,0,eager,24,0.22854
gdn,129,0,eager,25,0.23283
gdn,129,0,eager,26,0.23258
gdn,129,0,eager,27,0.23891
gdn,129,0,eager,28,0.23158
gdn,129,0,eager,29,0.23152
gdn,256,0,graph,0,0.05829
gdn,256,0,graph,1,0.05834
gdn,256,0,graph,2,0.05791
gdn,256,0,graph,3,0.05813
gdn,256,0,graph,4,0.05853
gdn,256,0,graph,5,0.05784
gdn,256,0,graph,6,0.05814
gdn,256,0,graph,7,0.05798
gdn,256,0,graph,8,0.05839
gdn,256,0,graph,9,0.05807
gdn,256,0,graph,10,0.05812
gdn,256,0,graph,11,0.05814
gdn,256,0,graph,12,0.05772
gdn,256,0,graph,13,0.05849
gdn,256,0,graph,14,0.05824
gdn,256,0,graph,15,0.05806
gdn,256,0,graph,16,0.05792
gdn,256,0,graph,17,0.05833
gdn,256,0,graph,18,0.05788
gdn,256,0,graph,19,0.05795
gdn,256,0,graph,20,0.05809
gdn,256,0,graph,21,0.05822
gdn,256,0,graph,22,0.05811
gdn,256,0,graph,23,0.05814
gdn,256,0,graph,24,0.05797
gdn,256,0,graph,25,0.05814
gdn,256,0,graph,26,0.05796
gdn,256,0,graph,27,0.05829
gdn,256,0,graph,28,0.05806
gdn,256,0,graph,29,0.05802
gdn,256,0,eager,0,0.23709
gdn,256,0,eager,1,0.24749
gdn,256,0,eager,2,0.23830
gdn,256,0,eager,3,0.23805
gdn,256,0,eager,4,0.22960
gdn,256,0,eager,5,0.23152
gdn,256,0,eager,6,0.24637
gdn,256,0,eager,7,0.24285
gdn,256,0,eager,8,0.23261
gdn,256,0,eager,9,0.22682
gdn,256,0,eager,10,0.22653
gdn,256,0,eager,11,0.24624
gdn,256,0,eager,12,0.23331
gdn,256,0,eager,13,0.22934
gdn,256,0,eager,14,0.22790
gdn,256,0,eager,15,0.23533
gdn,256,0,eager,16,0.23600
gdn,256,0,eager,17,0.24592
gdn,256,0,eager,18,0.24902
gdn,256,0,eager,19,0.27024
gdn,256,0,eager,20,0.24960
gdn,256,0,eager,21,0.22531
gdn,256,0,eager,22,0.23334
gdn,256,0,eager,23,0.23270
gdn,256,0,eager,24,0.22742
gdn,256,0,eager,25,0.22624
gdn,256,0,eager,26,0.23126
gdn,256,0,eager,27,0.22602
gdn,256,0,eager,28,0.22650
gdn,256,0,eager,29,0.23373
gdn,512,0,graph,0,0.06449
gdn,512,0,graph,1,0.06420
gdn,512,0,graph,2,0.06443
gdn,512,0,graph,3,0.06434
gdn,512,0,graph,4,0.06421
gdn,512,0,graph,5,0.06462
gdn,512,0,graph,6,0.06415
gdn,512,0,graph,7,0.06469
gdn,512,0,graph,8,0.06433
gdn,512,0,graph,9,0.06446
gdn,512,0,graph,10,0.06449
gdn,512,0,graph,11,0.06440
gdn,512,0,graph,12,0.06443
gdn,512,0,graph,13,0.06439
gdn,512,0,graph,14,0.06439
gdn,512,0,graph,15,0.06440
gdn,512,0,graph,16,0.06436
gdn,512,0,graph,17,0.06446
gdn,512,0,graph,18,0.06442
gdn,512,0,graph,19,0.06427
gdn,512,0,graph,20,0.06430
gdn,512,0,graph,21,0.06425
gdn,512,0,graph,22,0.06412
gdn,512,0,graph,23,0.06435
gdn,512,0,graph,24,0.06430
gdn,512,0,graph,25,0.06447
gdn,512,0,graph,26,0.06409
gdn,512,0,graph,27,0.06434
gdn,512,0,graph,28,0.06436
gdn,512,0,graph,29,0.06431
gdn,512,0,eager,0,0.29958
gdn,512,0,eager,1,0.29277
gdn,512,0,eager,2,0.32301
gdn,512,0,eager,3,0.30394
gdn,512,0,eager,4,0.29645
gdn,512,0,eager,5,0.30237
gdn,512,0,eager,6,0.29066
gdn,512,0,eager,7,0.29046
gdn,512,0,eager,8,0.37619
gdn,512,0,eager,9,0.30890
gdn,512,0,eager,10,0.29344
gdn,512,0,eager,11,0.29584
gdn,512,0,eager,12,0.30589
gdn,512,0,eager,13,0.31290
gdn,512,0,eager,14,0.23446
gdn,512,0,eager,15,0.23392
gdn,512,0,eager,16,0.24243
gdn,512,0,eager,17,0.24096
gdn,512,0,eager,18,0.25811
gdn,512,0,eager,19,0.23130
gdn,512,0,eager,20,0.23530
gdn,512,0,eager,21,0.22717
gdn,512,0,eager,22,0.23562
gdn,512,0,eager,23,0.23770
gdn,512,0,eager,24,0.23162
gdn,512,0,eager,25,0.23027
gdn,512,0,eager,26,0.22886
gdn,512,0,eager,27,0.22800
gdn,512,0,eager,28,0.22726
gdn,512,0,eager,29,0.23014
gdn,1024,0,graph,0,0.07622
gdn,1024,0,graph,1,0.07599
gdn,1024,0,graph,2,0.07616
gdn,1024,0,graph,3,0.07635
gdn,1024,0,graph,4,0.07567
gdn,1024,0,graph,5,0.07583
gdn,1024,0,graph,6,0.07587
gdn,1024,0,graph,7,0.07594
gdn,1024,0,graph,8,0.07573
gdn,1024,0,graph,9,0.07589
gdn,1024,0,graph,10,0.07608
gdn,1024,0,graph,11,0.07628
gdn,1024,0,graph,12,0.07599
gdn,1024,0,graph,13,0.07619
gdn,1024,0,graph,14,0.07601
gdn,1024,0,graph,15,0.07605
gdn,1024,0,graph,16,0.07609
gdn,1024,0,graph,17,0.07613
gdn,1024,0,graph,18,0.07608
gdn,1024,0,graph,19,0.07596
gdn,1024,0,graph,20,0.07608
gdn,1024,0,graph,21,0.07592
gdn,1024,0,graph,22,0.07578
gdn,1024,0,graph,23,0.07571
gdn,1024,0,graph,24,0.07595
gdn,1024,0,graph,25,0.07614
gdn,1024,0,graph,26,0.07589
gdn,1024,0,graph,27,0.07578
gdn,1024,0,graph,28,0.07582
gdn,1024,0,graph,29,0.07614
gdn,1024,0,eager,0,0.23107
gdn,1024,0,eager,1,0.22829
gdn,1024,0,eager,2,0.22819
gdn,1024,0,eager,3,0.24627
gdn,1024,0,eager,4,0.23610
gdn,1024,0,eager,5,0.23242
gdn,1024,0,eager,6,0.23702
gdn,1024,0,eager,7,0.24230
gdn,1024,0,eager,8,0.23565
gdn,1024,0,eager,9,0.23114
gdn,1024,0,eager,10,0.22803
gdn,1024,0,eager,11,0.23091
gdn,1024,0,eager,12,0.22893
gdn,1024,0,eager,13,0.24083
gdn,1024,0,eager,14,0.23014
gdn,1024,0,eager,15,0.28861
gdn,1024,0,eager,16,0.22758
gdn,1024,0,eager,17,0.22688
gdn,1024,0,eager,18,0.23078
gdn,1024,0,eager,19,0.23837
gdn,1024,0,eager,20,0.23030
gdn,1024,0,eager,21,0.22787
gdn,1024,0,eager,22,0.22874
gdn,1024,0,eager,23,0.22685
gdn,1024,0,eager,24,0.23398
gdn,1024,0,eager,25,0.22938
gdn,1024,0,eager,26,0.23216
gdn,1024,0,eager,27,0.22707
gdn,1024,0,eager,28,0.22605
gdn,1024,0,eager,29,0.22458
gdn,2048,0,graph,0,0.09820
gdn,2048,0,graph,1,0.09829
gdn,2048,0,graph,2,0.09848
gdn,2048,0,graph,3,0.09796
gdn,2048,0,graph,4,0.09786
gdn,2048,0,graph,5,0.09805
gdn,2048,0,graph,6,0.09794
gdn,2048,0,graph,7,0.09856
gdn,2048,0,graph,8,0.09835
gdn,2048,0,graph,9,0.09820
gdn,2048,0,graph,10,0.09828
gdn,2048,0,graph,11,0.09838
gdn,2048,0,graph,12,0.09826
gdn,2048,0,graph,13,0.09821
gdn,2048,0,graph,14,0.09832
gdn,2048,0,graph,15,0.09839
gdn,2048,0,graph,16,0.09882
gdn,2048,0,graph,17,0.09730
gdn,2048,0,graph,18,0.09857
gdn,2048,0,graph,19,0.09883
gdn,2048,0,graph,20,0.09828
gdn,2048,0,graph,21,0.09841
gdn,2048,0,graph,22,0.09863
gdn,2048,0,graph,23,0.09828
gdn,2048,0,graph,24,0.09792
gdn,2048,0,graph,25,0.09830
gdn,2048,0,graph,26,0.09806
gdn,2048,0,graph,27,0.09831
gdn,2048,0,graph,28,0.09883
gdn,2048,0,graph,29,0.09896
gdn,2048,0,eager,0,0.24992
gdn,2048,0,eager,1,0.24474
gdn,2048,0,eager,2,0.24496
gdn,2048,0,eager,3,0.24512
gdn,2048,0,eager,4,0.25670
gdn,2048,0,eager,5,0.24944
gdn,2048,0,eager,6,0.29587
gdn,2048,0,eager,7,0.27648
gdn,2048,0,eager,8,0.25680
gdn,2048,0,eager,9,0.25056
gdn,2048,0,eager,10,0.25632
gdn,2048,0,eager,11,0.24570
gdn,2048,0,eager,12,0.25197
gdn,2048,0,eager,13,0.24883
gdn,2048,0,eager,14,0.24726
gdn,2048,0,eager,15,0.24490
gdn,2048,0,eager,16,0.24346
gdn,2048,0,eager,17,0.25002
gdn,2048,0,eager,18,0.24509
gdn,2048,0,eager,19,0.25171
gdn,2048,0,eager,20,0.24918
gdn,2048,0,eager,21,0.25027
gdn,2048,0,eager,22,0.24451
gdn,2048,0,eager,23,0.24454
gdn,2048,0,eager,24,0.25325
gdn,2048,0,eager,25,0.25146
gdn,2048,0,eager,26,0.24707
gdn,2048,0,eager,27,0.24614
gdn,2048,0,eager,28,0.24778
gdn,2048,0,eager,29,0.24835
gdn,4096,0,graph,0,0.12788
gdn,4096,0,graph,1,0.12773
gdn,4096,0,graph,2,0.12772
gdn,4096,0,graph,3,0.12821
gdn,4096,0,graph,4,0.12806
gdn,4096,0,graph,5,0.12766
gdn,4096,0,graph,6,0.12774
gdn,4096,0,graph,7,0.12761
gdn,4096,0,graph,8,0.12831
gdn,4096,0,graph,9,0.12742
gdn,4096,0,graph,10,0.12798
gdn,4096,0,graph,11,0.12838
gdn,4096,0,graph,12,0.12889
gdn,4096,0,graph,13,0.12835
gdn,4096,0,graph,14,0.12833
gdn,4096,0,graph,15,0.12831
gdn,4096,0,graph,16,0.12803
gdn,4096,0,graph,17,0.12819
gdn,4096,0,graph,18,0.12794
gdn,4096,0,graph,19,0.12809
gdn,4096,0,graph,20,0.12822
gdn,4096,0,graph,21,0.12803
gdn,4096,0,graph,22,0.12854
gdn,4096,0,graph,23,0.12849
gdn,4096,0,graph,24,0.12826
gdn,4096,0,graph,25,0.12879
gdn,4096,0,graph,26,0.12830
gdn,4096,0,graph,27,0.12731
gdn,4096,0,graph,28,0.12818
gdn,4096,0,graph,29,0.12823
gdn,4096,0,eager,0,0.27635
gdn,4096,0,eager,1,0.28550
gdn,4096,0,eager,2,0.27574
gdn,4096,0,eager,3,0.27152
gdn,4096,0,eager,4,0.26973
gdn,4096,0,eager,5,0.28262
gdn,4096,0,eager,6,0.27360
gdn,4096,0,eager,7,0.27549
gdn,4096,0,eager,8,0.26906
gdn,4096,0,eager,9,0.26941
gdn,4096,0,eager,10,0.27747
gdn,4096,0,eager,11,0.27328
gdn,4096,0,eager,12,0.26883
gdn,4096,0,eager,13,0.26829
gdn,4096,0,eager,14,0.28486
gdn,4096,0,eager,15,0.27219
gdn,4096,0,eager,16,0.26714
gdn,4096,0,eager,17,0.27283
gdn,4096,0,eager,18,0.26774
gdn,4096,0,eager,19,0.27203
gdn,4096,0,eager,20,0.27117
gdn,4096,0,eager,21,0.26941
gdn,4096,0,eager,22,0.26726
gdn,4096,0,eager,23,0.26525
gdn,4096,0,eager,24,0.26957
gdn,4096,0,eager,25,0.27850
gdn,4096,0,eager,26,0.27088
gdn,4096,0,eager,27,0.28525
gdn,4096,0,eager,28,0.30538
gdn,4096,0,eager,29,0.28214
gdn,8192,0,graph,0,0.17654
gdn,8192,0,graph,1,0.17669
gdn,8192,0,graph,2,0.17667
gdn,8192,0,graph,3,0.17647
gdn,8192,0,graph,4,0.17643
gdn,8192,0,graph,5,0.17661
gdn,8192,0,graph,6,0.17672
gdn,8192,0,graph,7,0.17653
gdn,8192,0,graph,8,0.17631
gdn,8192,0,graph,9,0.17664
gdn,8192,0,graph,10,0.17613
gdn,8192,0,graph,11,0.17669
gdn,8192,0,graph,12,0.17674
gdn,8192,0,graph,13,0.17663
gdn,8192,0,graph,14,0.17677
gdn,8192,0,graph,15,0.17693
gdn,8192,0,graph,16,0.17686
gdn,8192,0,graph,17,0.17700
gdn,8192,0,graph,18,0.17654
gdn,8192,0,graph,19,0.17651
gdn,8192,0,graph,20,0.17681
gdn,8192,0,graph,21,0.17663
gdn,8192,0,graph,22,0.17667
gdn,8192,0,graph,23,0.17721
gdn,8192,0,graph,24,0.17659
gdn,8192,0,graph,25,0.17654
gdn,8192,0,graph,26,0.17683
gdn,8192,0,graph,27,0.17622
gdn,8192,0,graph,28,0.17623
gdn,8192,0,graph,29,0.17671
gdn,8192,0,eager,0,0.30723
gdn,8192,0,eager,1,0.30355
gdn,8192,0,eager,2,0.31222
gdn,8192,0,eager,3,0.31670
gdn,8192,0,eager,4,0.30989
gdn,8192,0,eager,5,0.30595
gdn,8192,0,eager,6,0.30282
gdn,8192,0,eager,7,0.30195
gdn,8192,0,eager,8,0.29882
gdn,8192,0,eager,9,0.31277
gdn,8192,0,eager,10,0.30762
gdn,8192,0,eager,11,0.30394
gdn,8192,0,eager,12,0.30179
gdn,8192,0,eager,13,0.31325
gdn,8192,0,eager,14,0.30838
gdn,8192,0,eager,15,0.33376
gdn,8192,0,eager,16,0.31350
gdn,8192,0,eager,17,0.30733
gdn,8192,0,eager,18,0.30410
gdn,8192,0,eager,19,0.30717
gdn,8192,0,eager,20,0.30646
gdn,8192,0,eager,21,0.30291
gdn,8192,0,eager,22,0.30230
gdn,8192,0,eager,23,0.30218
gdn,8192,0,eager,24,0.30547
gdn,8192,0,eager,25,0.30854
gdn,8192,0,eager,26,0.30307
gdn,8192,0,eager,27,0.30394
gdn,8192,0,eager,28,0.30182
gdn,8192,0,eager,29,0.31152
gdn,64,4096,graph,0,0.04870
gdn,64,4096,graph,1,0.04894
gdn,64,4096,graph,2,0.04896
gdn,64,4096,graph,3,0.04883
gdn,64,4096,graph,4,0.04886
gdn,64,4096,graph,5,0.04868
gdn,64,4096,graph,6,0.04899
gdn,64,4096,graph,7,0.04884
gdn,64,4096,graph,8,0.04885
gdn,64,4096,graph,9,0.04875
gdn,64,4096,graph,10,0.04895
gdn,64,4096,graph,11,0.04897
gdn,64,4096,graph,12,0.04886
gdn,64,4096,graph,13,0.04890
gdn,64,4096,graph,14,0.04861
gdn,64,4096,graph,15,0.04888
gdn,64,4096,graph,16,0.04896
gdn,64,4096,graph,17,0.04889
gdn,64,4096,graph,18,0.04903
gdn,64,4096,graph,19,0.04888
gdn,64,4096,graph,20,0.04896
gdn,64,4096,graph,21,0.04890
gdn,64,4096,graph,22,0.04903
gdn,64,4096,graph,23,0.04883
gdn,64,4096,graph,24,0.04886
gdn,64,4096,graph,25,0.04892
gdn,64,4096,graph,26,0.04890
gdn,64,4096,graph,27,0.04877
gdn,64,4096,graph,28,0.04895
gdn,64,4096,graph,29,0.04877
gdn,64,4096,eager,0,0.23568
gdn,64,4096,eager,1,0.23098
gdn,64,4096,eager,2,0.23168
gdn,64,4096,eager,3,0.22787
gdn,64,4096,eager,4,0.24186
gdn,64,4096,eager,5,0.23782
gdn,64,4096,eager,6,0.22982
gdn,64,4096,eager,7,0.22672
gdn,64,4096,eager,8,0.22627
gdn,64,4096,eager,9,0.22646
gdn,64,4096,eager,10,0.23046
gdn,64,4096,eager,11,0.23606
gdn,64,4096,eager,12,0.23043
gdn,64,4096,eager,13,0.23187
gdn,64,4096,eager,14,0.22618
gdn,64,4096,eager,15,0.22390
gdn,64,4096,eager,16,0.22419
gdn,64,4096,eager,17,0.23162
gdn,64,4096,eager,18,0.59533
gdn,64,4096,eager,19,0.24067
gdn,64,4096,eager,20,0.23088
gdn,64,4096,eager,21,0.23091
gdn,64,4096,eager,22,0.23965
gdn,64,4096,eager,23,0.28906
gdn,64,4096,eager,24,0.23507
gdn,64,4096,eager,25,0.22784
gdn,64,4096,eager,26,0.22634
gdn,64,4096,eager,27,0.23766
gdn,64,4096,eager,28,0.23654
gdn,64,4096,eager,29,0.22931
gdn,65,4096,graph,0,0.05262
gdn,65,4096,graph,1,0.05268
gdn,65,4096,graph,2,0.05242
gdn,65,4096,graph,3,0.05259
gdn,65,4096,graph,4,0.05254
gdn,65,4096,graph,5,0.05263
gdn,65,4096,graph,6,0.05265
gdn,65,4096,graph,7,0.05287
gdn,65,4096,graph,8,0.05270
gdn,65,4096,graph,9,0.05266
gdn,65,4096,graph,10,0.05255
gdn,65,4096,graph,11,0.05283
gdn,65,4096,graph,12,0.05266
gdn,65,4096,graph,13,0.05255
gdn,65,4096,graph,14,0.05248
gdn,65,4096,graph,15,0.05273
gdn,65,4096,graph,16,0.05271
gdn,65,4096,graph,17,0.05254
gdn,65,4096,graph,18,0.05257
gdn,65,4096,graph,19,0.05259
gdn,65,4096,graph,20,0.05253
gdn,65,4096,graph,21,0.05271
gdn,65,4096,graph,22,0.05273
gdn,65,4096,graph,23,0.05253
gdn,65,4096,graph,24,0.05252
gdn,65,4096,graph,25,0.05252
gdn,65,4096,graph,26,0.05266
gdn,65,4096,graph,27,0.05275
gdn,65,4096,graph,28,0.05255
gdn,65,4096,graph,29,0.05252
gdn,65,4096,eager,0,0.24019
gdn,65,4096,eager,1,0.23069
gdn,65,4096,eager,2,0.24630
gdn,65,4096,eager,3,0.23888
gdn,65,4096,eager,4,0.24848
gdn,65,4096,eager,5,0.24544
gdn,65,4096,eager,6,0.23200
gdn,65,4096,eager,7,0.23651
gdn,65,4096,eager,8,0.23514
gdn,65,4096,eager,9,0.24589
gdn,65,4096,eager,10,0.23126
gdn,65,4096,eager,11,0.22586
gdn,65,4096,eager,12,0.22400
gdn,65,4096,eager,13,0.23558
gdn,65,4096,eager,14,0.23741
gdn,65,4096,eager,15,0.23357
gdn,65,4096,eager,16,0.22493
gdn,65,4096,eager,17,0.22682
gdn,65,4096,eager,18,0.22675
gdn,65,4096,eager,19,0.23955
gdn,65,4096,eager,20,0.24637
gdn,65,4096,eager,21,0.28672
gdn,65,4096,eager,22,0.23485
gdn,65,4096,eager,23,0.22419
gdn,65,4096,eager,24,0.24966
gdn,65,4096,eager,25,0.24179
gdn,65,4096,eager,26,0.22992
gdn,65,4096,eager,27,0.22717
gdn,65,4096,eager,28,0.22451
gdn,65,4096,eager,29,0.22963
gdn,128,4096,graph,0,0.05287
gdn,128,4096,graph,1,0.05267
gdn,128,4096,graph,2,0.05280
gdn,128,4096,graph,3,0.05289
gdn,128,4096,graph,4,0.05271
gdn,128,4096,graph,5,0.05271
gdn,128,4096,graph,6,0.05287
gdn,128,4096,graph,7,0.05280
gdn,128,4096,graph,8,0.05270
gdn,128,4096,graph,9,0.05268
gdn,128,4096,graph,10,0.05261
gdn,128,4096,graph,11,0.05304
gdn,128,4096,graph,12,0.05260
gdn,128,4096,graph,13,0.05278
gdn,128,4096,graph,14,0.05275
gdn,128,4096,graph,15,0.05279
gdn,128,4096,graph,16,0.05283
gdn,128,4096,graph,17,0.05270
gdn,128,4096,graph,18,0.05279
gdn,128,4096,graph,19,0.05309
gdn,128,4096,graph,20,0.05288
gdn,128,4096,graph,21,0.05281
gdn,128,4096,graph,22,0.05298
gdn,128,4096,graph,23,0.05273
gdn,128,4096,graph,24,0.05300
gdn,128,4096,graph,25,0.05279
gdn,128,4096,graph,26,0.05286
gdn,128,4096,graph,27,0.05258
gdn,128,4096,graph,28,0.05294
gdn,128,4096,graph,29,0.05285
gdn,128,4096,eager,0,0.23472
gdn,128,4096,eager,1,0.25309
gdn,128,4096,eager,2,0.23866
gdn,128,4096,eager,3,0.23149
gdn,128,4096,eager,4,0.23299
gdn,128,4096,eager,5,0.24192
gdn,128,4096,eager,6,0.24595
gdn,128,4096,eager,7,0.23459
gdn,128,4096,eager,8,0.23562
gdn,128,4096,eager,9,0.23235
gdn,128,4096,eager,10,0.23168
gdn,128,4096,eager,11,0.24029
gdn,128,4096,eager,12,0.28032
gdn,128,4096,eager,13,0.23750
gdn,128,4096,eager,14,0.22813
gdn,128,4096,eager,15,0.22656
gdn,128,4096,eager,16,0.23891
gdn,128,4096,eager,17,0.23402
gdn,128,4096,eager,18,0.22883
gdn,128,4096,eager,19,0.22662
gdn,128,4096,eager,20,0.23251
gdn,128,4096,eager,21,0.23670
gdn,128,4096,eager,22,0.23046
gdn,128,4096,eager,23,0.22698
gdn,128,4096,eager,24,0.23322
gdn,128,4096,eager,25,0.22682
gdn,128,4096,eager,26,0.22544
gdn,128,4096,eager,27,0.22371
gdn,128,4096,eager,28,0.23274
gdn,128,4096,eager,29,0.23578
gdn,129,4096,graph,0,0.05563
gdn,129,4096,graph,1,0.05562
gdn,129,4096,graph,2,0.05565
gdn,129,4096,graph,3,0.05563
gdn,129,4096,graph,4,0.05572
gdn,129,4096,graph,5,0.05566
gdn,129,4096,graph,6,0.05565
gdn,129,4096,graph,7,0.05545
gdn,129,4096,graph,8,0.05573
gdn,129,4096,graph,9,0.05552
gdn,129,4096,graph,10,0.05561
gdn,129,4096,graph,11,0.05584
gdn,129,4096,graph,12,0.05587
gdn,129,4096,graph,13,0.05585
gdn,129,4096,graph,14,0.05559
gdn,129,4096,graph,15,0.05563
gdn,129,4096,graph,16,0.05564
gdn,129,4096,graph,17,0.05583
gdn,129,4096,graph,18,0.05570
gdn,129,4096,graph,19,0.05561
gdn,129,4096,graph,20,0.05574
gdn,129,4096,graph,21,0.05594
gdn,129,4096,graph,22,0.05579
gdn,129,4096,graph,23,0.05570
gdn,129,4096,graph,24,0.05550
gdn,129,4096,graph,25,0.05590
gdn,129,4096,graph,26,0.05568
gdn,129,4096,graph,27,0.05589
gdn,129,4096,graph,28,0.05571
gdn,129,4096,graph,29,0.05539
gdn,129,4096,eager,0,0.23574
gdn,129,4096,eager,1,0.25581
gdn,129,4096,eager,2,0.25590
gdn,129,4096,eager,3,0.25776
gdn,129,4096,eager,4,0.26387
gdn,129,4096,eager,5,0.27715
gdn,129,4096,eager,6,0.31370
gdn,129,4096,eager,7,0.23318
gdn,129,4096,eager,8,0.23181
gdn,129,4096,eager,9,0.23875
gdn,129,4096,eager,10,0.24909
gdn,129,4096,eager,11,0.23149
gdn,129,4096,eager,12,0.22838
gdn,129,4096,eager,13,0.23936
gdn,129,4096,eager,14,0.22938
gdn,129,4096,eager,15,0.23760
gdn,129,4096,eager,16,0.22970
gdn,129,4096,eager,17,0.23677
gdn,129,4096,eager,18,0.22797
gdn,129,4096,eager,19,0.22570
gdn,129,4096,eager,20,0.23226
gdn,129,4096,eager,21,0.24822
gdn,129,4096,eager,22,0.23398
gdn,129,4096,eager,23,0.22826
gdn,129,4096,eager,24,0.23379
gdn,129,4096,eager,25,0.23789
gdn,129,4096,eager,26,0.23008
gdn,129,4096,eager,27,0.23482
gdn,129,4096,eager,28,0.22310
gdn,129,4096,eager,29,0.23152
gdn,256,4096,graph,0,0.05857
gdn,256,4096,graph,1,0.05857
gdn,256,4096,graph,2,0.05834
gdn,256,4096,graph,3,0.05855
gdn,256,4096,graph,4,0.05875
gdn,256,4096,graph,5,0.05862
gdn,256,4096,graph,6,0.05859
gdn,256,4096,graph,7,0.05881
gdn,256,4096,graph,8,0.05848
gdn,256,4096,graph,9,0.05846
gdn,256,4096,graph,10,0.05863
gdn,256,4096,graph,11,0.05870
gdn,256,4096,graph,12,0.05841
gdn,256,4096,graph,13,0.05845
gdn,256,4096,graph,14,0.05846
gdn,256,4096,graph,15,0.05855
gdn,256,4096,graph,16,0.05847
gdn,256,4096,graph,17,0.05860
gdn,256,4096,graph,18,0.05832
gdn,256,4096,graph,19,0.05846
gdn,256,4096,graph,20,0.05837
gdn,256,4096,graph,21,0.05838
gdn,256,4096,graph,22,0.05842
gdn,256,4096,graph,23,0.05833
gdn,256,4096,graph,24,0.05854
gdn,256,4096,graph,25,0.05835
gdn,256,4096,graph,26,0.05842
gdn,256,4096,graph,27,0.05841
gdn,256,4096,graph,28,0.05859
gdn,256,4096,graph,29,0.05833
gdn,256,4096,eager,0,0.23754
gdn,256,4096,eager,1,0.24061
gdn,256,4096,eager,2,0.23283
gdn,256,4096,eager,3,0.23798
gdn,256,4096,eager,4,0.23088
gdn,256,4096,eager,5,0.23162
gdn,256,4096,eager,6,0.22678
gdn,256,4096,eager,7,0.22800
gdn,256,4096,eager,8,0.22365
gdn,256,4096,eager,9,0.23613
gdn,256,4096,eager,10,0.23251
gdn,256,4096,eager,11,0.23459
gdn,256,4096,eager,12,0.22653
gdn,256,4096,eager,13,0.22928
gdn,256,4096,eager,14,0.23536
gdn,256,4096,eager,15,0.23610
gdn,256,4096,eager,16,0.22656
gdn,256,4096,eager,17,0.22650
gdn,256,4096,eager,18,0.22522
gdn,256,4096,eager,19,0.23021
gdn,256,4096,eager,20,0.23200
gdn,256,4096,eager,21,0.22874
gdn,256,4096,eager,22,0.22720
gdn,256,4096,eager,23,0.23002
gdn,256,4096,eager,24,0.22368
gdn,256,4096,eager,25,0.22934
gdn,256,4096,eager,26,0.23536
gdn,256,4096,eager,27,0.23075
gdn,256,4096,eager,28,0.22646
gdn,256,4096,eager,29,0.22675
gdn,512,4096,graph,0,0.06469
gdn,512,4096,graph,1,0.06452
gdn,512,4096,graph,2,0.06433
gdn,512,4096,graph,3,0.06440
gdn,512,4096,graph,4,0.06457
gdn,512,4096,graph,5,0.06454
gdn,512,4096,graph,6,0.06436
gdn,512,4096,graph,7,0.06472
gdn,512,4096,graph,8,0.06429
gdn,512,4096,graph,9,0.06436
gdn,512,4096,graph,10,0.06451
gdn,512,4096,graph,11,0.06460
gdn,512,4096,graph,12,0.06443
gdn,512,4096,graph,13,0.06467
gdn,512,4096,graph,14,0.06452
gdn,512,4096,graph,15,0.06412
gdn,512,4096,graph,16,0.06454
gdn,512,4096,graph,17,0.06453
gdn,512,4096,graph,18,0.06439
gdn,512,4096,graph,19,0.06462
gdn,512,4096,graph,20,0.06468
gdn,512,4096,graph,21,0.06449
gdn,512,4096,graph,22,0.06469
gdn,512,4096,graph,23,0.06469
gdn,512,4096,graph,24,0.06430
gdn,512,4096,graph,25,0.06456
gdn,512,4096,graph,26,0.06445
gdn,512,4096,graph,27,0.06464
gdn,512,4096,graph,28,0.06452
gdn,512,4096,graph,29,0.06445
gdn,512,4096,eager,0,0.21968
gdn,512,4096,eager,1,0.21472
gdn,512,4096,eager,2,0.22656
gdn,512,4096,eager,3,0.21350
gdn,512,4096,eager,4,0.21101
gdn,512,4096,eager,5,0.20906
gdn,512,4096,eager,6,0.21203
gdn,512,4096,eager,7,0.22182
gdn,512,4096,eager,8,0.21254
gdn,512,4096,eager,9,0.20672
gdn,512,4096,eager,10,0.20605
gdn,512,4096,eager,11,0.21030
gdn,512,4096,eager,12,0.20512
gdn,512,4096,eager,13,0.21152
gdn,512,4096,eager,14,0.21008
gdn,512,4096,eager,15,0.21005
gdn,512,4096,eager,16,0.20592
gdn,512,4096,eager,17,0.20774
gdn,512,4096,eager,18,0.21520
gdn,512,4096,eager,19,0.21178
gdn,512,4096,eager,20,0.20582
gdn,512,4096,eager,21,0.20512
gdn,512,4096,eager,22,0.20563
gdn,512,4096,eager,23,0.21005
gdn,512,4096,eager,24,0.21850
gdn,512,4096,eager,25,0.20918
gdn,512,4096,eager,26,0.20637
gdn,512,4096,eager,27,0.20451
gdn,512,4096,eager,28,0.27008
gdn,512,4096,eager,29,0.21670
gdn,1024,4096,graph,0,0.07642
gdn,1024,4096,graph,1,0.07628
gdn,1024,4096,graph,2,0.07618
gdn,1024,4096,graph,3,0.07596
gdn,1024,4096,graph,4,0.07590
gdn,1024,4096,graph,5,0.07601
gdn,1024,4096,graph,6,0.07571
gdn,1024,4096,graph,7,0.07614
gdn,1024,4096,graph,8,0.07595
gdn,1024,4096,graph,9,0.07584
gdn,1024,4096,graph,10,0.07602
gdn,1024,4096,graph,11,0.07604
gdn,1024,4096,graph,12,0.07585
gdn,1024,4096,graph,13,0.07633
gdn,1024,4096,graph,14,0.07636
gdn,1024,4096,graph,15,0.07633
gdn,1024,4096,graph,16,0.07609
gdn,1024,4096,graph,17,0.07646
gdn,1024,4096,graph,18,0.07594
gdn,1024,4096,graph,19,0.07587
gdn,1024,4096,graph,20,0.07608
gdn,1024,4096,graph,21,0.07587
gdn,1024,4096,graph,22,0.07597
gdn,1024,4096,graph,23,0.07597
gdn,1024,4096,graph,24,0.07602
gdn,1024,4096,graph,25,0.07629
gdn,1024,4096,graph,26,0.07641
gdn,1024,4096,graph,27,0.07603
gdn,1024,4096,graph,28,0.07613
gdn,1024,4096,graph,29,0.07608
gdn,1024,4096,eager,0,0.21997
gdn,1024,4096,eager,1,0.22624
gdn,1024,4096,eager,2,0.21530
gdn,1024,4096,eager,3,0.21206
gdn,1024,4096,eager,4,0.21014
gdn,1024,4096,eager,5,0.22342
gdn,1024,4096,eager,6,0.21629
gdn,1024,4096,eager,7,0.21213
gdn,1024,4096,eager,8,0.20797
gdn,1024,4096,eager,9,0.21485
gdn,1024,4096,eager,10,0.21840
gdn,1024,4096,eager,11,0.21123
gdn,1024,4096,eager,12,0.21085
gdn,1024,4096,eager,13,0.27203
gdn,1024,4096,eager,14,0.23501
gdn,1024,4096,eager,15,0.21750
gdn,1024,4096,eager,16,0.21322
gdn,1024,4096,eager,17,0.21446
gdn,1024,4096,eager,18,0.21421
gdn,1024,4096,eager,19,0.21286
gdn,1024,4096,eager,20,0.20918
gdn,1024,4096,eager,21,0.21098
gdn,1024,4096,eager,22,0.20650
gdn,1024,4096,eager,23,0.21469
gdn,1024,4096,eager,24,0.21184
gdn,1024,4096,eager,25,0.21027
gdn,1024,4096,eager,26,0.21411
gdn,1024,4096,eager,27,0.20618
gdn,1024,4096,eager,28,0.20554
gdn,1024,4096,eager,29,0.21536
gdn,2048,4096,graph,0,0.09798
gdn,2048,4096,graph,1,0.09843
gdn,2048,4096,graph,2,0.09805
gdn,2048,4096,graph,3,0.09821
gdn,2048,4096,graph,4,0.09821
gdn,2048,4096,graph,5,0.09834
gdn,2048,4096,graph,6,0.09798
gdn,2048,4096,graph,7,0.09733
gdn,2048,4096,graph,8,0.09749
gdn,2048,4096,graph,9,0.09786
gdn,2048,4096,graph,10,0.09766
gdn,2048,4096,graph,11,0.09746
gdn,2048,4096,graph,12,0.09761
gdn,2048,4096,graph,13,0.09748
gdn,2048,4096,graph,14,0.09748
gdn,2048,4096,graph,15,0.09743
gdn,2048,4096,graph,16,0.09688
gdn,2048,4096,graph,17,0.09758
gdn,2048,4096,graph,18,0.09740
gdn,2048,4096,graph,19,0.09824
gdn,2048,4096,graph,20,0.09806
gdn,2048,4096,graph,21,0.09803
gdn,2048,4096,graph,22,0.09757
gdn,2048,4096,graph,23,0.09814
gdn,2048,4096,graph,24,0.09761
gdn,2048,4096,graph,25,0.09766
gdn,2048,4096,graph,26,0.09792
gdn,2048,4096,graph,27,0.09788
gdn,2048,4096,graph,28,0.09701
gdn,2048,4096,graph,29,0.09803
gdn,2048,4096,eager,0,0.26410
gdn,2048,4096,eager,1,0.26851
gdn,2048,4096,eager,2,0.27885
gdn,2048,4096,eager,3,0.26819
gdn,2048,4096,eager,4,0.26394
gdn,2048,4096,eager,5,0.26496
gdn,2048,4096,eager,6,0.26794
gdn,2048,4096,eager,7,0.26170
gdn,2048,4096,eager,8,0.26342
gdn,2048,4096,eager,9,0.25930
gdn,2048,4096,eager,10,0.25827
gdn,2048,4096,eager,11,0.25763
gdn,2048,4096,eager,12,0.27302
gdn,2048,4096,eager,13,0.26134
gdn,2048,4096,eager,14,0.25686
gdn,2048,4096,eager,15,0.26138
gdn,2048,4096,eager,16,0.25507
gdn,2048,4096,eager,17,0.23133
gdn,2048,4096,eager,18,0.23594
gdn,2048,4096,eager,19,0.29184
gdn,2048,4096,eager,20,0.22797
gdn,2048,4096,eager,21,0.22810
gdn,2048,4096,eager,22,0.23619
gdn,2048,4096,eager,23,0.23030
gdn,2048,4096,eager,24,0.22736
gdn,2048,4096,eager,25,0.22525
gdn,2048,4096,eager,26,0.22531
gdn,2048,4096,eager,27,0.23459
gdn,2048,4096,eager,28,0.22842
gdn,2048,4096,eager,29,0.22685
gdn,4096,4096,graph,0,0.12795
gdn,4096,4096,graph,1,0.12735
gdn,4096,4096,graph,2,0.12745
gdn,4096,4096,graph,3,0.12786
gdn,4096,4096,graph,4,0.12743
gdn,4096,4096,graph,5,0.12750
gdn,4096,4096,graph,6,0.12738
gdn,4096,4096,graph,7,0.12756
gdn,4096,4096,graph,8,0.12799
gdn,4096,4096,graph,9,0.12790
gdn,4096,4096,graph,10,0.12805
gdn,4096,4096,graph,11,0.12793
gdn,4096,4096,graph,12,0.12792
gdn,4096,4096,graph,13,0.12734
gdn,4096,4096,graph,14,0.12796
gdn,4096,4096,graph,15,0.12764
gdn,4096,4096,graph,16,0.12794
gdn,4096,4096,graph,17,0.12822
gdn,4096,4096,graph,18,0.12855
gdn,4096,4096,graph,19,0.12781
gdn,4096,4096,graph,20,0.12743
gdn,4096,4096,graph,21,0.12762
gdn,4096,4096,graph,22,0.12774
gdn,4096,4096,graph,23,0.12858
gdn,4096,4096,graph,24,0.12768
gdn,4096,4096,graph,25,0.12821
gdn,4096,4096,graph,26,0.12783
gdn,4096,4096,graph,27,0.12808
gdn,4096,4096,graph,28,0.12837
gdn,4096,4096,graph,29,0.12828
gdn,4096,4096,eager,0,0.40205
gdn,4096,4096,eager,1,0.40483
gdn,4096,4096,eager,2,0.42314
gdn,4096,4096,eager,3,0.46016
gdn,4096,4096,eager,4,0.25789
gdn,4096,4096,eager,5,0.25424
gdn,4096,4096,eager,6,0.26368
gdn,4096,4096,eager,7,0.25594
gdn,4096,4096,eager,8,0.25146
gdn,4096,4096,eager,9,0.25075
gdn,4096,4096,eager,10,0.26582
gdn,4096,4096,eager,11,0.25571
gdn,4096,4096,eager,12,0.25024
gdn,4096,4096,eager,13,0.24960
gdn,4096,4096,eager,14,0.25184
gdn,4096,4096,eager,15,0.24915
gdn,4096,4096,eager,16,0.25302
gdn,4096,4096,eager,17,0.25568
gdn,4096,4096,eager,18,0.24922
gdn,4096,4096,eager,19,0.24877
gdn,4096,4096,eager,20,0.24995
gdn,4096,4096,eager,21,0.25930
gdn,4096,4096,eager,22,0.25107
gdn,4096,4096,eager,23,0.25027
gdn,4096,4096,eager,24,0.24915
gdn,4096,4096,eager,25,0.24966
gdn,4096,4096,eager,26,0.24893
gdn,4096,4096,eager,27,0.25475
gdn,4096,4096,eager,28,0.25123
gdn,4096,4096,eager,29,0.25174
gdn,8192,4096,graph,0,0.17666
gdn,8192,4096,graph,1,0.17647
gdn,8192,4096,graph,2,0.17619
gdn,8192,4096,graph,3,0.17617
gdn,8192,4096,graph,4,0.17628
gdn,8192,4096,graph,5,0.17626
gdn,8192,4096,graph,6,0.17597
gdn,8192,4096,graph,7,0.17624
gdn,8192,4096,graph,8,0.17600
gdn,8192,4096,graph,9,0.17671
gdn,8192,4096,graph,10,0.17600
gdn,8192,4096,graph,11,0.17545
gdn,8192,4096,graph,12,0.17639
gdn,8192,4096,graph,13,0.17561
gdn,8192,4096,graph,14,0.17644
gdn,8192,4096,graph,15,0.17631
gdn,8192,4096,graph,16,0.17606
gdn,8192,4096,graph,17,0.17559
gdn,8192,4096,graph,18,0.17589
gdn,8192,4096,graph,19,0.17537
gdn,8192,4096,graph,20,0.17651
gdn,8192,4096,graph,21,0.17584
gdn,8192,4096,graph,22,0.17615
gdn,8192,4096,graph,23,0.17616
gdn,8192,4096,graph,24,0.17665
gdn,8192,4096,graph,25,0.17606
gdn,8192,4096,graph,26,0.17592
gdn,8192,4096,graph,27,0.17597
gdn,8192,4096,graph,28,0.17586
gdn,8192,4096,graph,29,0.17568
gdn,8192,4096,eager,0,0.43325
gdn,8192,4096,eager,1,0.43978
gdn,8192,4096,eager,2,0.49795
gdn,8192,4096,eager,3,0.42899
gdn,8192,4096,eager,4,0.42090
gdn,8192,4096,eager,5,0.41818
gdn,8192,4096,eager,6,0.43232
gdn,8192,4096,eager,7,0.42813
gdn,8192,4096,eager,8,0.41827
gdn,8192,4096,eager,9,0.42278
gdn,8192,4096,eager,10,0.42531
gdn,8192,4096,eager,11,0.42512
gdn,8192,4096,eager,12,0.41795
gdn,8192,4096,eager,13,0.41245
gdn,8192,4096,eager,14,0.41376
gdn,8192,4096,eager,15,0.42595
gdn,8192,4096,eager,16,0.42131
gdn,8192,4096,eager,17,0.41731
gdn,8192,4096,eager,18,0.43402
gdn,8192,4096,eager,19,0.41651
gdn,8192,4096,eager,20,0.42646
gdn,8192,4096,eager,21,0.42771
gdn,8192,4096,eager,22,0.42262
gdn,8192,4096,eager,23,0.41840
gdn,8192,4096,eager,24,0.41469
gdn,8192,4096,eager,25,0.42550
gdn,8192,4096,eager,26,0.42061
gdn,8192,4096,eager,27,0.42528
gdn,8192,4096,eager,28,0.43386
gdn,8192,4096,eager,29,0.43069
gdn,64,16384,graph,0,0.04911
gdn,64,16384,graph,1,0.04878
gdn,64,16384,graph,2,0.04899
gdn,64,16384,graph,3,0.04890
gdn,64,16384,graph,4,0.04903
gdn,64,16384,graph,5,0.04892
gdn,64,16384,graph,6,0.04901
gdn,64,16384,graph,7,0.04891
gdn,64,16384,graph,8,0.04890
gdn,64,16384,graph,9,0.04917
gdn,64,16384,graph,10,0.04891
gdn,64,16384,graph,11,0.04898
gdn,64,16384,graph,12,0.04887
gdn,64,16384,graph,13,0.04886
gdn,64,16384,graph,14,0.04897
gdn,64,16384,graph,15,0.04879
gdn,64,16384,graph,16,0.04882
gdn,64,16384,graph,17,0.04884
gdn,64,16384,graph,18,0.04885
gdn,64,16384,graph,19,0.04905
gdn,64,16384,graph,20,0.04898
gdn,64,16384,graph,21,0.04880
gdn,64,16384,graph,22,0.04895
gdn,64,16384,graph,23,0.04898
gdn,64,16384,graph,24,0.04902
gdn,64,16384,graph,25,0.04890
gdn,64,16384,graph,26,0.04896
gdn,64,16384,graph,27,0.04923
gdn,64,16384,graph,28,0.04876
gdn,64,16384,graph,29,0.04894
gdn,64,16384,eager,0,0.21987
gdn,64,16384,eager,1,0.20992
gdn,64,16384,eager,2,0.20557
gdn,64,16384,eager,3,0.20541
gdn,64,16384,eager,4,0.21066
gdn,64,16384,eager,5,0.22275
gdn,64,16384,eager,6,0.21238
gdn,64,16384,eager,7,0.20966
gdn,64,16384,eager,8,0.20624
gdn,64,16384,eager,9,0.28883
gdn,64,16384,eager,10,0.21373
gdn,64,16384,eager,11,0.20781
gdn,64,16384,eager,12,0.20608
gdn,64,16384,eager,13,0.21101
gdn,64,16384,eager,14,0.21472
gdn,64,16384,eager,15,0.20902
gdn,64,16384,eager,16,0.20602
gdn,64,16384,eager,17,0.21018
gdn,64,16384,eager,18,0.20422
gdn,64,16384,eager,19,0.20192
gdn,64,16384,eager,20,0.20429
gdn,64,16384,eager,21,0.21379
gdn,64,16384,eager,22,0.20922
gdn,64,16384,eager,23,0.20624
gdn,64,16384,eager,24,0.20221
gdn,64,16384,eager,25,0.20506
gdn,64,16384,eager,26,0.21235
gdn,64,16384,eager,27,0.21728
gdn,64,16384,eager,28,0.20902
gdn,64,16384,eager,29,0.20576
gdn,65,16384,graph,0,0.05279
gdn,65,16384,graph,1,0.05235
gdn,65,16384,graph,2,0.05248
gdn,65,16384,graph,3,0.05256
gdn,65,16384,graph,4,0.05265
gdn,65,16384,graph,5,0.05230
gdn,65,16384,graph,6,0.05267
gdn,65,16384,graph,7,0.05255
gdn,65,16384,graph,8,0.05241
gdn,65,16384,graph,9,0.05264
gdn,65,16384,graph,10,0.05253
gdn,65,16384,graph,11,0.05257
gdn,65,16384,graph,12,0.05251
gdn,65,16384,graph,13,0.05247
gdn,65,16384,graph,14,0.05266
gdn,65,16384,graph,15,0.05254
gdn,65,16384,graph,16,0.05271
gdn,65,16384,graph,17,0.05248
gdn,65,16384,graph,18,0.05263
gdn,65,16384,graph,19,0.05244
gdn,65,16384,graph,20,0.05250
gdn,65,16384,graph,21,0.05250
gdn,65,16384,graph,22,0.05270
gdn,65,16384,graph,23,0.05264
gdn,65,16384,graph,24,0.05240
gdn,65,16384,graph,25,0.05271
gdn,65,16384,graph,26,0.05263
gdn,65,16384,graph,27,0.05249
gdn,65,16384,graph,28,0.05243
gdn,65,16384,graph,29,0.05269
gdn,65,16384,eager,0,0.39856
gdn,65,16384,eager,1,0.38976
gdn,65,16384,eager,2,0.42237
gdn,65,16384,eager,3,0.39389
gdn,65,16384,eager,4,0.39798
gdn,65,16384,eager,5,0.38794
gdn,65,16384,eager,6,0.39034
gdn,65,16384,eager,7,0.40822
gdn,65,16384,eager,8,0.39293
gdn,65,16384,eager,9,0.38944
gdn,65,16384,eager,10,0.38122
gdn,65,16384,eager,11,0.38499
gdn,65,16384,eager,12,0.39584
gdn,65,16384,eager,13,0.39427
gdn,65,16384,eager,14,0.38509
gdn,65,16384,eager,15,0.37949
gdn,65,16384,eager,16,0.38461
gdn,65,16384,eager,17,0.38157
gdn,65,16384,eager,18,0.37949
gdn,65,16384,eager,19,0.38832
gdn,65,16384,eager,20,0.39008
gdn,65,16384,eager,21,0.38464
gdn,65,16384,eager,22,0.37734
gdn,65,16384,eager,23,0.38211
gdn,65,16384,eager,24,0.38486
gdn,65,16384,eager,25,0.38726
gdn,65,16384,eager,26,0.37962
gdn,65,16384,eager,27,0.37891
gdn,65,16384,eager,28,0.38198
gdn,65,16384,eager,29,0.37965
gdn,128,16384,graph,0,0.05271
gdn,128,16384,graph,1,0.05254
gdn,128,16384,graph,2,0.05277
gdn,128,16384,graph,3,0.05244
gdn,128,16384,graph,4,0.05282
gdn,128,16384,graph,5,0.05273
gdn,128,16384,graph,6,0.05299
gdn,128,16384,graph,7,0.05276
gdn,128,16384,graph,8,0.05271
gdn,128,16384,graph,9,0.05277
gdn,128,16384,graph,10,0.05272
gdn,128,16384,graph,11,0.05301
gdn,128,16384,graph,12,0.05278
gdn,128,16384,graph,13,0.05288
gdn,128,16384,graph,14,0.05264
gdn,128,16384,graph,15,0.05286
gdn,128,16384,graph,16,0.05281
gdn,128,16384,graph,17,0.05281
gdn,128,16384,graph,18,0.05281
gdn,128,16384,graph,19,0.05263
gdn,128,16384,graph,20,0.05290
gdn,128,16384,graph,21,0.05286
gdn,128,16384,graph,22,0.05275
gdn,128,16384,graph,23,0.05278
gdn,128,16384,graph,24,0.05294
gdn,128,16384,graph,25,0.05280
gdn,128,16384,graph,26,0.05302
gdn,128,16384,graph,27,0.05276
gdn,128,16384,graph,28,0.05259
gdn,128,16384,graph,29,0.05255
gdn,128,16384,eager,0,0.41930
gdn,128,16384,eager,1,0.39744
gdn,128,16384,eager,2,0.39030
gdn,128,16384,eager,3,0.38640
gdn,128,16384,eager,4,0.40438
gdn,128,16384,eager,5,0.39709
gdn,128,16384,eager,6,0.39149
gdn,128,16384,eager,7,0.38211
gdn,128,16384,eager,8,0.37821
gdn,128,16384,eager,9,0.38662
gdn,128,16384,eager,10,0.39171
gdn,128,16384,eager,11,0.38947
gdn,128,16384,eager,12,0.38179
gdn,128,16384,eager,13,0.38445
gdn,128,16384,eager,14,0.38240
gdn,128,16384,eager,15,0.38525
gdn,128,16384,eager,16,0.40598
gdn,128,16384,eager,17,0.38954
gdn,128,16384,eager,18,0.38605
gdn,128,16384,eager,19,0.38035
gdn,128,16384,eager,20,0.37955
gdn,128,16384,eager,21,0.38003
gdn,128,16384,eager,22,0.37664
gdn,128,16384,eager,23,0.39971
gdn,128,16384,eager,24,0.38259
gdn,128,16384,eager,25,0.47136
gdn,128,16384,eager,26,0.44122
gdn,128,16384,eager,27,0.41226
gdn,128,16384,eager,28,0.38861
gdn,128,16384,eager,29,0.38253
gdn,129,16384,graph,0,0.05583
gdn,129,16384,graph,1,0.05560
gdn,129,16384,graph,2,0.05575
gdn,129,16384,graph,3,0.05561
gdn,129,16384,graph,4,0.05560
gdn,129,16384,graph,5,0.05576
gdn,129,16384,graph,6,0.05572
gdn,129,16384,graph,7,0.05583
gdn,129,16384,graph,8,0.05585
gdn,129,16384,graph,9,0.05552
gdn,129,16384,graph,10,0.05570
gdn,129,16384,graph,11,0.05562
gdn,129,16384,graph,12,0.05566
gdn,129,16384,graph,13,0.05576
gdn,129,16384,graph,14,0.05597
gdn,129,16384,graph,15,0.05567
gdn,129,16384,graph,16,0.05585
gdn,129,16384,graph,17,0.05558
gdn,129,16384,graph,18,0.05588
gdn,129,16384,graph,19,0.05572
gdn,129,16384,graph,20,0.05575
gdn,129,16384,graph,21,0.05566
gdn,129,16384,graph,22,0.05581
gdn,129,16384,graph,23,0.05579
gdn,129,16384,graph,24,0.05585
gdn,129,16384,graph,25,0.05588
gdn,129,16384,graph,26,0.05586
gdn,129,16384,graph,27,0.05588
gdn,129,16384,graph,28,0.05597
gdn,129,16384,graph,29,0.05565
gdn,129,16384,eager,0,0.33747
gdn,129,16384,eager,1,0.33178
gdn,129,16384,eager,2,0.31626
gdn,129,16384,eager,3,0.31338
gdn,129,16384,eager,4,0.32109
gdn,129,16384,eager,5,0.33014
gdn,129,16384,eager,6,0.31478
gdn,129,16384,eager,7,0.31786
gdn,129,16384,eager,8,0.30733
gdn,129,16384,eager,9,0.30963
gdn,129,16384,eager,10,0.32486
gdn,129,16384,eager,11,0.31283
gdn,129,16384,eager,12,0.38208
gdn,129,16384,eager,13,0.35994
gdn,129,16384,eager,14,0.32682
gdn,129,16384,eager,15,0.32272
gdn,129,16384,eager,16,0.31370
gdn,129,16384,eager,17,0.30944
gdn,129,16384,eager,18,0.32602
gdn,129,16384,eager,19,0.31549
gdn,129,16384,eager,20,0.31034
gdn,129,16384,eager,21,0.31379
gdn,129,16384,eager,22,0.30691
gdn,129,16384,eager,23,0.30845
gdn,129,16384,eager,24,0.32822
gdn,129,16384,eager,25,0.31712
gdn,129,16384,eager,26,0.30973
gdn,129,16384,eager,27,0.31469
gdn,129,16384,eager,28,0.30598
gdn,129,16384,eager,29,0.31037
gdn,256,16384,graph,0,0.05869
gdn,256,16384,graph,1,0.05857
gdn,256,16384,graph,2,0.05839
gdn,256,16384,graph,3,0.05844
gdn,256,16384,graph,4,0.05840
gdn,256,16384,graph,5,0.05826
gdn,256,16384,graph,6,0.05829
gdn,256,16384,graph,7,0.05842
gdn,256,16384,graph,8,0.05842
gdn,256,16384,graph,9,0.05838
gdn,256,16384,graph,10,0.05837
gdn,256,16384,graph,11,0.05838
gdn,256,16384,graph,12,0.05883
gdn,256,16384,graph,13,0.05865
gdn,256,16384,graph,14,0.05816
gdn,256,16384,graph,15,0.05839
gdn,256,16384,graph,16,0.05835
gdn,256,16384,graph,17,0.05845
gdn,256,16384,graph,18,0.05849
gdn,256,16384,graph,19,0.05843
gdn,256,16384,graph,20,0.05823
gdn,256,16384,graph,21,0.05840
gdn,256,16384,graph,22,0.05848
gdn,256,16384,graph,23,0.05819
gdn,256,16384,graph,24,0.05839
gdn,256,16384,graph,25,0.05837
gdn,256,16384,graph,26,0.05858
gdn,256,16384,graph,27,0.05853
gdn,256,16384,graph,28,0.05837
gdn,256,16384,graph,29,0.05827
gdn,256,16384,eager,0,0.22502
gdn,256,16384,eager,1,0.21165
gdn,256,16384,eager,2,0.21091
gdn,256,16384,eager,3,0.20874
gdn,256,16384,eager,4,0.21338
gdn,256,16384,eager,5,0.22083
gdn,256,16384,eager,6,0.21232
gdn,256,16384,eager,7,0.20822
gdn,256,16384,eager,8,0.21219
gdn,256,16384,eager,9,0.22301
gdn,256,16384,eager,10,0.20944
gdn,256,16384,eager,11,0.20720
gdn,256,16384,eager,12,0.20554
gdn,256,16384,eager,13,0.21005
gdn,256,16384,eager,14,0.21328
gdn,256,16384,eager,15,0.20960
gdn,256,16384,eager,16,0.20490
gdn,256,16384,eager,17,0.23299
gdn,256,16384,eager,18,0.24518
gdn,256,16384,eager,19,0.21882
gdn,256,16384,eager,20,0.20912
gdn,256,16384,eager,21,0.25587
gdn,256,16384,eager,22,0.21658
gdn,256,16384,eager,23,0.21136
gdn,256,16384,eager,24,0.21062
gdn,256,16384,eager,25,0.20784
gdn,256,16384,eager,26,0.20547
gdn,256,16384,eager,27,0.20576
gdn,256,16384,eager,28,0.20659
gdn,256,16384,eager,29,0.20403
gdn,512,16384,graph,0,0.06447
gdn,512,16384,graph,1,0.06465
gdn,512,16384,graph,2,0.06454
gdn,512,16384,graph,3,0.06444
gdn,512,16384,graph,4,0.06467
gdn,512,16384,graph,5,0.06446
gdn,512,16384,graph,6,0.06460
gdn,512,16384,graph,7,0.06453
gdn,512,16384,graph,8,0.06456
gdn,512,16384,graph,9,0.06443
gdn,512,16384,graph,10,0.06469
gdn,512,16384,graph,11,0.06467
gdn,512,16384,graph,12,0.06429
gdn,512,16384,graph,13,0.06463
gdn,512,16384,graph,14,0.06463
gdn,512,16384,graph,15,0.06475
gdn,512,16384,graph,16,0.06463
gdn,512,16384,graph,17,0.06455
gdn,512,16384,graph,18,0.06444
gdn,512,16384,graph,19,0.06434
gdn,512,16384,graph,20,0.06465
gdn,512,16384,graph,21,0.06451
gdn,512,16384,graph,22,0.06460
gdn,512,16384,graph,23,0.06467
gdn,512,16384,graph,24,0.06446
gdn,512,16384,graph,25,0.06434
gdn,512,16384,graph,26,0.06448
gdn,512,16384,graph,27,0.06444
gdn,512,16384,graph,28,0.06435
gdn,512,16384,graph,29,0.06461
gdn,512,16384,eager,0,0.27235
gdn,512,16384,eager,1,0.23194
gdn,512,16384,eager,2,0.21491
gdn,512,16384,eager,3,0.21139
gdn,512,16384,eager,4,0.21434
gdn,512,16384,eager,5,0.20970
gdn,512,16384,eager,6,0.20893
gdn,512,16384,eager,7,0.22333
gdn,512,16384,eager,8,0.21549
gdn,512,16384,eager,9,0.20886
gdn,512,16384,eager,10,0.20787
gdn,512,16384,eager,11,0.20963
gdn,512,16384,eager,12,0.20477
gdn,512,16384,eager,13,0.21802
gdn,512,16384,eager,14,0.21098
gdn,512,16384,eager,15,0.20915
gdn,512,16384,eager,16,0.20512
gdn,512,16384,eager,17,0.21030
gdn,512,16384,eager,18,0.21584
gdn,512,16384,eager,19,0.20947
gdn,512,16384,eager,20,0.20570
gdn,512,16384,eager,21,0.20826
gdn,512,16384,eager,22,0.20352
gdn,512,16384,eager,23,0.20566
gdn,512,16384,eager,24,0.21277
gdn,512,16384,eager,25,0.20675
gdn,512,16384,eager,26,0.21155
gdn,512,16384,eager,27,0.20534
gdn,512,16384,eager,28,0.20227
gdn,512,16384,eager,29,0.20346
gdn,1024,16384,graph,0,0.07602
gdn,1024,16384,graph,1,0.07623
gdn,1024,16384,graph,2,0.07612
gdn,1024,16384,graph,3,0.07623
gdn,1024,16384,graph,4,0.07624
gdn,1024,16384,graph,5,0.07618
gdn,1024,16384,graph,6,0.07607
gdn,1024,16384,graph,7,0.07640
gdn,1024,16384,graph,8,0.07639
gdn,1024,16384,graph,9,0.07609
gdn,1024,16384,graph,10,0.07584
gdn,1024,16384,graph,11,0.07595
gdn,1024,16384,graph,12,0.07651
gdn,1024,16384,graph,13,0.07630
gdn,1024,16384,graph,14,0.07595
gdn,1024,16384,graph,15,0.07593
gdn,1024,16384,graph,16,0.07597
gdn,1024,16384,graph,17,0.07635
gdn,1024,16384,graph,18,0.07610
gdn,1024,16384,graph,19,0.07580
gdn,1024,16384,graph,20,0.07582
gdn,1024,16384,graph,21,0.07604
gdn,1024,16384,graph,22,0.07606
gdn,1024,16384,graph,23,0.07609
gdn,1024,16384,graph,24,0.07608
gdn,1024,16384,graph,25,0.07644
gdn,1024,16384,graph,26,0.07614
gdn,1024,16384,graph,27,0.07619
gdn,1024,16384,graph,28,0.07631
gdn,1024,16384,graph,29,0.07627
gdn,1024,16384,eager,0,0.29584
gdn,1024,16384,eager,1,0.22269
gdn,1024,16384,eager,2,0.21462
gdn,1024,16384,eager,3,0.21066
gdn,1024,16384,eager,4,0.21661
gdn,1024,16384,eager,5,0.23978
gdn,1024,16384,eager,6,0.21622
gdn,1024,16384,eager,7,0.21162
gdn,1024,16384,eager,8,0.20944
gdn,1024,16384,eager,9,0.21427
gdn,1024,16384,eager,10,0.20944
gdn,1024,16384,eager,11,0.20877
gdn,1024,16384,eager,12,0.21136
gdn,1024,16384,eager,13,0.21520
gdn,1024,16384,eager,14,0.21027
gdn,1024,16384,eager,15,0.20688
gdn,1024,16384,eager,16,0.21517
gdn,1024,16384,eager,17,0.21379
gdn,1024,16384,eager,18,0.23856
gdn,1024,16384,eager,19,0.21965
gdn,1024,16384,eager,20,0.21376
gdn,1024,16384,eager,21,0.21347
gdn,1024,16384,eager,22,0.22294
gdn,1024,16384,eager,23,0.21290
gdn,1024,16384,eager,24,0.21110
gdn,1024,16384,eager,25,0.20835
gdn,1024,16384,eager,26,0.21213
gdn,1024,16384,eager,27,0.20598
gdn,1024,16384,eager,28,0.20803
gdn,1024,16384,eager,29,0.22029
gdn,2048,16384,graph,0,0.09764
gdn,2048,16384,graph,1,0.09765
gdn,2048,16384,graph,2,0.09755
gdn,2048,16384,graph,3,0.09842
gdn,2048,16384,graph,4,0.09844
gdn,2048,16384,graph,5,0.09788
gdn,2048,16384,graph,6,0.09751
gdn,2048,16384,graph,7,0.09751
gdn,2048,16384,graph,8,0.09745
gdn,2048,16384,graph,9,0.09798
gdn,2048,16384,graph,10,0.09794
gdn,2048,16384,graph,11,0.09830
gdn,2048,16384,graph,12,0.09804
gdn,2048,16384,graph,13,0.09741
gdn,2048,16384,graph,14,0.09815
gdn,2048,16384,graph,15,0.09754
gdn,2048,16384,graph,16,0.09806
gdn,2048,16384,graph,17,0.09833
gdn,2048,16384,graph,18,0.09823
gdn,2048,16384,graph,19,0.09759
gdn,2048,16384,graph,20,0.09782
gdn,2048,16384,graph,21,0.09830
gdn,2048,16384,graph,22,0.09788
gdn,2048,16384,graph,23,0.09797
gdn,2048,16384,graph,24,0.09743
gdn,2048,16384,graph,25,0.09780
gdn,2048,16384,graph,26,0.09760
gdn,2048,16384,graph,27,0.09799
gdn,2048,16384,graph,28,0.09798
gdn,2048,16384,graph,29,0.09863
gdn,2048,16384,eager,0,0.29661
gdn,2048,16384,eager,1,0.35856
gdn,2048,16384,eager,2,0.24582
gdn,2048,16384,eager,3,0.23520
gdn,2048,16384,eager,4,0.23174
gdn,2048,16384,eager,5,0.22960
gdn,2048,16384,eager,6,0.23622
gdn,2048,16384,eager,7,0.23408
gdn,2048,16384,eager,8,0.22800
gdn,2048,16384,eager,9,0.22944
gdn,2048,16384,eager,10,0.23594
gdn,2048,16384,eager,11,0.23274
gdn,2048,16384,eager,12,0.23066
gdn,2048,16384,eager,13,0.22864
gdn,2048,16384,eager,14,0.22973
gdn,2048,16384,eager,15,0.23437
gdn,2048,16384,eager,16,0.23408
gdn,2048,16384,eager,17,0.23018
gdn,2048,16384,eager,18,0.23466
gdn,2048,16384,eager,19,0.22893
gdn,2048,16384,eager,20,0.22592
gdn,2048,16384,eager,21,0.22861
gdn,2048,16384,eager,22,0.23238
gdn,2048,16384,eager,23,0.23389
gdn,2048,16384,eager,24,0.22874
gdn,2048,16384,eager,25,0.23059
gdn,2048,16384,eager,26,0.22784
gdn,2048,16384,eager,27,0.24512
gdn,2048,16384,eager,28,0.23504
gdn,2048,16384,eager,29,0.23152
gdn,4096,16384,graph,0,0.12826
gdn,4096,16384,graph,1,0.12753
gdn,4096,16384,graph,2,0.12825
gdn,4096,16384,graph,3,0.12811
gdn,4096,16384,graph,4,0.12744
gdn,4096,16384,graph,5,0.12783
gdn,4096,16384,graph,6,0.12781
gdn,4096,16384,graph,7,0.12802
gdn,4096,16384,graph,8,0.12824
gdn,4096,16384,graph,9,0.12750
gdn,4096,16384,graph,10,0.12788
gdn,4096,16384,graph,11,0.12769
gdn,4096,16384,graph,12,0.12787
gdn,4096,16384,graph,13,0.12811
gdn,4096,16384,graph,14,0.12812
gdn,4096,16384,graph,15,0.12760
gdn,4096,16384,graph,16,0.12778
gdn,4096,16384,graph,17,0.12789
gdn,4096,16384,graph,18,0.12766
gdn,4096,16384,graph,19,0.12814
gdn,4096,16384,graph,20,0.12764
gdn,4096,16384,graph,21,0.12808
gdn,4096,16384,graph,22,0.12812
gdn,4096,16384,graph,23,0.12826
gdn,4096,16384,graph,24,0.12782
gdn,4096,16384,graph,25,0.12824
gdn,4096,16384,graph,26,0.12796
gdn,4096,16384,graph,27,0.12777
gdn,4096,16384,graph,28,0.12804
gdn,4096,16384,graph,29,0.12801
gdn,4096,16384,eager,0,0.39949
gdn,4096,16384,eager,1,0.41376
gdn,4096,16384,eager,2,0.40966
gdn,4096,16384,eager,3,0.39398
gdn,4096,16384,eager,4,0.39206
gdn,4096,16384,eager,5,0.43286
gdn,4096,16384,eager,6,0.40934
gdn,4096,16384,eager,7,0.39190
gdn,4096,16384,eager,8,0.38787
gdn,4096,16384,eager,9,0.38944
gdn,4096,16384,eager,10,0.41136
gdn,4096,16384,eager,11,0.40262
gdn,4096,16384,eager,12,0.39043
gdn,4096,16384,eager,13,0.39456
gdn,4096,16384,eager,14,0.38627
gdn,4096,16384,eager,15,0.38579
gdn,4096,16384,eager,16,0.41338
gdn,4096,16384,eager,17,0.39622
gdn,4096,16384,eager,18,0.39680
gdn,4096,16384,eager,19,0.38998
gdn,4096,16384,eager,20,0.39027
gdn,4096,16384,eager,21,0.39651
gdn,4096,16384,eager,22,0.39744
gdn,4096,16384,eager,23,0.39210
gdn,4096,16384,eager,24,0.39280
gdn,4096,16384,eager,25,0.41030
gdn,4096,16384,eager,26,0.39219
gdn,4096,16384,eager,27,0.39376
gdn,4096,16384,eager,28,0.38717
gdn,4096,16384,eager,29,0.40512
gdn,8192,16384,graph,0,0.17663
gdn,8192,16384,graph,1,0.17664
gdn,8192,16384,graph,2,0.17666
gdn,8192,16384,graph,3,0.17653
gdn,8192,16384,graph,4,0.17713
gdn,8192,16384,graph,5,0.17732
gdn,8192,16384,graph,6,0.17648
gdn,8192,16384,graph,7,0.17662
gdn,8192,16384,graph,8,0.17666
gdn,8192,16384,graph,9,0.17662
gdn,8192,16384,graph,10,0.17671
gdn,8192,16384,graph,11,0.17647
gdn,8192,16384,graph,12,0.17646
gdn,8192,16384,graph,13,0.17655
gdn,8192,16384,graph,14,0.17660
gdn,8192,16384,graph,15,0.17623
gdn,8192,16384,graph,16,0.17657
gdn,8192,16384,graph,17,0.17706
gdn,8192,16384,graph,18,0.17703
gdn,8192,16384,graph,19,0.17698
gdn,8192,16384,graph,20,0.17702
gdn,8192,16384,graph,21,0.17640
gdn,8192,16384,graph,22,0.17647
gdn,8192,16384,graph,23,0.17650
gdn,8192,16384,graph,24,0.17661
gdn,8192,16384,graph,25,0.17691
gdn,8192,16384,graph,26,0.17663
gdn,8192,16384,graph,27,0.17672
gdn,8192,16384,graph,28,0.17616
gdn,8192,16384,graph,29,0.17707
gdn,8192,16384,eager,0,0.42285
gdn,8192,16384,eager,1,0.41715
gdn,8192,16384,eager,2,0.42128
gdn,8192,16384,eager,3,0.43568
gdn,8192,16384,eager,4,0.42912
gdn,8192,16384,eager,5,0.42368
gdn,8192,16384,eager,6,0.42141
gdn,8192,16384,eager,7,0.42906
gdn,8192,16384,eager,8,0.42493
gdn,8192,16384,eager,9,0.41626
gdn,8192,16384,eager,10,0.41421
gdn,8192,16384,eager,11,0.41392
gdn,8192,16384,eager,12,0.41370
gdn,8192,16384,eager,13,0.41626
gdn,8192,16384,eager,14,0.42480
gdn,8192,16384,eager,15,0.42675
gdn,8192,16384,eager,16,0.41658
gdn,8192,16384,eager,17,0.43827
gdn,8192,16384,eager,18,0.42010
gdn,8192,16384,eager,19,0.42125
gdn,8192,16384,eager,20,0.41373
gdn,8192,16384,eager,21,0.41302
gdn,8192,16384,eager,22,0.41642
gdn,8192,16384,eager,23,0.43066
gdn,8192,16384,eager,24,0.42374
gdn,8192,16384,eager,25,0.41398
gdn,8192,16384,eager,26,0.41274
gdn,8192,16384,eager,27,0.41213
gdn,8192,16384,eager,28,0.41856
gdn,8192,16384,eager,29,0.43302
gdn,64,32768,graph,0,0.04861
gdn,64,32768,graph,1,0.04894
gdn,64,32768,graph,2,0.04855
gdn,64,32768,graph,3,0.04873
gdn,64,32768,graph,4,0.04880
gdn,64,32768,graph,5,0.04885
gdn,64,32768,graph,6,0.04882
gdn,64,32768,graph,7,0.04885
gdn,64,32768,graph,8,0.04877
gdn,64,32768,graph,9,0.04866
gdn,64,32768,graph,10,0.04881
gdn,64,32768,graph,11,0.04877
gdn,64,32768,graph,12,0.04887
gdn,64,32768,graph,13,0.04863
gdn,64,32768,graph,14,0.04892
gdn,64,32768,graph,15,0.04892
gdn,64,32768,graph,16,0.04884
gdn,64,32768,graph,17,0.04890
gdn,64,32768,graph,18,0.04899
gdn,64,32768,graph,19,0.04897
gdn,64,32768,graph,20,0.04883
gdn,64,32768,graph,21,0.04885
gdn,64,32768,graph,22,0.04918
gdn,64,32768,graph,23,0.04869
gdn,64,32768,graph,24,0.04858
gdn,64,32768,graph,25,0.04892
gdn,64,32768,graph,26,0.04864
gdn,64,32768,graph,27,0.04876
gdn,64,32768,graph,28,0.04880
gdn,64,32768,graph,29,0.04890
gdn,64,32768,eager,0,0.40730
gdn,64,32768,eager,1,0.39421
gdn,64,32768,eager,2,0.39011
gdn,64,32768,eager,3,0.40307
gdn,64,32768,eager,4,0.39965
gdn,64,32768,eager,5,0.39405
gdn,64,32768,eager,6,0.38781
gdn,64,32768,eager,7,0.38682
gdn,64,32768,eager,8,0.39450
gdn,64,32768,eager,9,0.40029
gdn,64,32768,eager,10,0.39069
gdn,64,32768,eager,11,0.38957
gdn,64,32768,eager,12,0.37814
gdn,64,32768,eager,13,0.37642
gdn,64,32768,eager,14,0.38938
gdn,64,32768,eager,15,0.38570
gdn,64,32768,eager,16,0.38522
gdn,64,32768,eager,17,0.39402
gdn,64,32768,eager,18,0.39274
gdn,64,32768,eager,19,0.38813
gdn,64,32768,eager,20,0.38538
gdn,64,32768,eager,21,0.38259
gdn,64,32768,eager,22,0.37776
gdn,64,32768,eager,23,0.38611
gdn,64,32768,eager,24,0.39344
gdn,64,32768,eager,25,0.38554
gdn,64,32768,eager,26,0.39139
gdn,64,32768,eager,27,0.37930
gdn,64,32768,eager,28,0.38070
gdn,64,32768,eager,29,0.37734
gdn,65,32768,graph,0,0.05293
gdn,65,32768,graph,1,0.05269
gdn,65,32768,graph,2,0.05273
gdn,65,32768,graph,3,0.05264
gdn,65,32768,graph,4,0.05267
gdn,65,32768,graph,5,0.05270
gdn,65,32768,graph,6,0.05260
gdn,65,32768,graph,7,0.05261
gdn,65,32768,graph,8,0.05275
gdn,65,32768,graph,9,0.05241
gdn,65,32768,graph,10,0.05250
gdn,65,32768,graph,11,0.05234
gdn,65,32768,graph,12,0.05251
gdn,65,32768,graph,13,0.05257
gdn,65,32768,graph,14,0.05256
gdn,65,32768,graph,15,0.05270
gdn,65,32768,graph,16,0.05259
gdn,65,32768,graph,17,0.05247
gdn,65,32768,graph,18,0.05259
gdn,65,32768,graph,19,0.05253
gdn,65,32768,graph,20,0.05256
gdn,65,32768,graph,21,0.05256
gdn,65,32768,graph,22,0.05237
gdn,65,32768,graph,23,0.05259
gdn,65,32768,graph,24,0.05248
gdn,65,32768,graph,25,0.05258
gdn,65,32768,graph,26,0.05247
gdn,65,32768,graph,27,0.05253
gdn,65,32768,graph,28,0.05251
gdn,65,32768,graph,29,0.05273
gdn,65,32768,eager,0,0.25827
gdn,65,32768,eager,1,0.21725
gdn,65,32768,eager,2,0.21078
gdn,65,32768,eager,3,0.20963
gdn,65,32768,eager,4,0.20685
gdn,65,32768,eager,5,0.22544
gdn,65,32768,eager,6,0.21411
gdn,65,32768,eager,7,0.20819
gdn,65,32768,eager,8,0.20979
gdn,65,32768,eager,9,0.20573
gdn,65,32768,eager,10,0.20592
gdn,65,32768,eager,11,0.20998
gdn,65,32768,eager,12,0.21171
gdn,65,32768,eager,13,0.20451
gdn,65,32768,eager,14,0.20262
gdn,65,32768,eager,15,0.20282
gdn,65,32768,eager,16,0.20205
gdn,65,32768,eager,17,0.21555
gdn,65,32768,eager,18,0.20605
gdn,65,32768,eager,19,0.20326
gdn,65,32768,eager,20,0.20451
gdn,65,32768,eager,21,0.20672
gdn,65,32768,eager,22,0.20221
gdn,65,32768,eager,23,0.21302
gdn,65,32768,eager,24,0.20858
gdn,65,32768,eager,25,0.26768
gdn,65,32768,eager,26,0.23242
gdn,65,32768,eager,27,0.21280
gdn,65,32768,eager,28,0.20682
gdn,65,32768,eager,29,0.20810
gdn,128,32768,graph,0,0.05280
gdn,128,32768,graph,1,0.05283
gdn,128,32768,graph,2,0.05279
gdn,128,32768,graph,3,0.05271
gdn,128,32768,graph,4,0.05266
gdn,128,32768,graph,5,0.05246
gdn,128,32768,graph,6,0.05260
gdn,128,32768,graph,7,0.05270
gdn,128,32768,graph,8,0.05272
gdn,128,32768,graph,9,0.05250
gdn,128,32768,graph,10,0.05260
gdn,128,32768,graph,11,0.05274
gdn,128,32768,graph,12,0.05284
gdn,128,32768,graph,13,0.05262
gdn,128,32768,graph,14,0.05288
gdn,128,32768,graph,15,0.05283
gdn,128,32768,graph,16,0.05276
gdn,128,32768,graph,17,0.05275
gdn,128,32768,graph,18,0.05277
gdn,128,32768,graph,19,0.05284
gdn,128,32768,graph,20,0.05250
gdn,128,32768,graph,21,0.05258
gdn,128,32768,graph,22,0.05249
gdn,128,32768,graph,23,0.05267
gdn,128,32768,graph,24,0.05304
gdn,128,32768,graph,25,0.05248
gdn,128,32768,graph,26,0.05278
gdn,128,32768,graph,27,0.05303
gdn,128,32768,graph,28,0.05267
gdn,128,32768,graph,29,0.05251
gdn,128,32768,eager,0,0.21891
gdn,128,32768,eager,1,0.21626
gdn,128,32768,eager,2,0.22278
gdn,128,32768,eager,3,0.21411
gdn,128,32768,eager,4,0.21120
gdn,128,32768,eager,5,0.21002
gdn,128,32768,eager,6,0.21709
gdn,128,32768,eager,7,0.20995
gdn,128,32768,eager,8,0.20704
gdn,128,32768,eager,9,0.21763
gdn,128,32768,eager,10,0.20752
gdn,128,32768,eager,11,0.20861
gdn,128,32768,eager,12,0.21030
gdn,128,32768,eager,13,0.21178
gdn,128,32768,eager,14,0.20576
gdn,128,32768,eager,15,0.20586
gdn,128,32768,eager,16,0.20637
gdn,128,32768,eager,17,0.22291
gdn,128,32768,eager,18,0.20970
gdn,128,32768,eager,19,0.20682
gdn,128,32768,eager,20,0.20467
gdn,128,32768,eager,21,0.20698
gdn,128,32768,eager,22,0.21974
gdn,128,32768,eager,23,0.20851
gdn,128,32768,eager,24,0.20531
gdn,128,32768,eager,25,0.20656
gdn,128,32768,eager,26,0.20896
gdn,128,32768,eager,27,0.21485
gdn,128,32768,eager,28,0.20922
gdn,128,32768,eager,29,0.20550
gdn,129,32768,graph,0,0.05568
gdn,129,32768,graph,1,0.05618
gdn,129,32768,graph,2,0.05598
gdn,129,32768,graph,3,0.05559
gdn,129,32768,graph,4,0.05571
gdn,129,32768,graph,5,0.05587
gdn,129,32768,graph,6,0.05572
gdn,129,32768,graph,7,0.05595
gdn,129,32768,graph,8,0.05577
gdn,129,32768,graph,9,0.05569
gdn,129,32768,graph,10,0.05589
gdn,129,32768,graph,11,0.05599
gdn,129,32768,graph,12,0.05570
gdn,129,32768,graph,13,0.05592
gdn,129,32768,graph,14,0.05554
gdn,129,32768,graph,15,0.05582
gdn,129,32768,graph,16,0.05576
gdn,129,32768,graph,17,0.05575
gdn,129,32768,graph,18,0.05602
gdn,129,32768,graph,19,0.05581
gdn,129,32768,graph,20,0.05550
gdn,129,32768,graph,21,0.05591
gdn,129,32768,graph,22,0.05578
gdn,129,32768,graph,23,0.05584
gdn,129,32768,graph,24,0.05555
gdn,129,32768,graph,25,0.05566
gdn,129,32768,graph,26,0.05576
gdn,129,32768,graph,27,0.05586
gdn,129,32768,graph,28,0.05565
gdn,129,32768,graph,29,0.05549
gdn,129,32768,eager,0,0.23251
gdn,129,32768,eager,1,0.21741
gdn,129,32768,eager,2,0.20906
gdn,129,32768,eager,3,0.20704
gdn,129,32768,eager,4,0.21174
gdn,129,32768,eager,5,0.22294
gdn,129,32768,eager,6,0.20842
gdn,129,32768,eager,7,0.20790
gdn,129,32768,eager,8,0.21059
gdn,129,32768,eager,9,0.20746
gdn,129,32768,eager,10,0.21274
gdn,129,32768,eager,11,0.21024
gdn,129,32768,eager,12,0.21363
gdn,129,32768,eager,13,0.20701
gdn,129,32768,eager,14,0.20515
gdn,129,32768,eager,15,0.20470
gdn,129,32768,eager,16,0.20451
gdn,129,32768,eager,17,0.21098
gdn,129,32768,eager,18,0.21498
gdn,129,32768,eager,19,0.20909
gdn,129,32768,eager,20,0.20573
gdn,129,32768,eager,21,0.21069
gdn,129,32768,eager,22,0.20474
gdn,129,32768,eager,23,0.20461
gdn,129,32768,eager,24,0.20506
gdn,129,32768,eager,25,0.21456
gdn,129,32768,eager,26,0.21270
gdn,129,32768,eager,27,0.20550
gdn,129,32768,eager,28,0.20640
gdn,129,32768,eager,29,0.20931
gdn,256,32768,graph,0,0.05846
gdn,256,32768,graph,1,0.05871
gdn,256,32768,graph,2,0.05863
gdn,256,32768,graph,3,0.05863
gdn,256,32768,graph,4,0.05867
gdn,256,32768,graph,5,0.05834
gdn,256,32768,graph,6,0.05835
gdn,256,32768,graph,7,0.05837
gdn,256,32768,graph,8,0.05866
gdn,256,32768,graph,9,0.05866
gdn,256,32768,graph,10,0.05863
gdn,256,32768,graph,11,0.05860
gdn,256,32768,graph,12,0.05841
gdn,256,32768,graph,13,0.05815
gdn,256,32768,graph,14,0.05853
gdn,256,32768,graph,15,0.05848
gdn,256,32768,graph,16,0.05845
gdn,256,32768,graph,17,0.05870
gdn,256,32768,graph,18,0.05819
gdn,256,32768,graph,19,0.05810
gdn,256,32768,graph,20,0.05839
gdn,256,32768,graph,21,0.05837
gdn,256,32768,graph,22,0.05828
gdn,256,32768,graph,23,0.05849
gdn,256,32768,graph,24,0.05830
gdn,256,32768,graph,25,0.05865
gdn,256,32768,graph,26,0.05831
gdn,256,32768,graph,27,0.05875
gdn,256,32768,graph,28,0.05841
gdn,256,32768,graph,29,0.05852
gdn,256,32768,eager,0,0.30298
gdn,256,32768,eager,1,0.30093
gdn,256,32768,eager,2,0.22400
gdn,256,32768,eager,3,0.21459
gdn,256,32768,eager,4,0.21414
gdn,256,32768,eager,5,0.21008
gdn,256,32768,eager,6,0.20918
gdn,256,32768,eager,7,0.21050
gdn,256,32768,eager,8,0.21734
gdn,256,32768,eager,9,0.20890
gdn,256,32768,eager,10,0.20646
gdn,256,32768,eager,11,0.20502
gdn,256,32768,eager,12,0.26506
gdn,256,32768,eager,13,0.23818
gdn,256,32768,eager,14,0.21738
gdn,256,32768,eager,15,0.20912
gdn,256,32768,eager,16,0.21011
gdn,256,32768,eager,17,0.20826
gdn,256,32768,eager,18,0.20525
gdn,256,32768,eager,19,0.20403
gdn,256,32768,eager,20,0.20954
gdn,256,32768,eager,21,0.21347
gdn,256,32768,eager,22,0.20682
gdn,256,32768,eager,23,0.20403
gdn,256,32768,eager,24,0.20381
gdn,256,32768,eager,25,0.20851
gdn,256,32768,eager,26,0.21968
gdn,256,32768,eager,27,0.20979
gdn,256,32768,eager,28,0.20682
gdn,256,32768,eager,29,0.20896
gdn,512,32768,graph,0,0.06475
gdn,512,32768,graph,1,0.06506
gdn,512,32768,graph,2,0.06454
gdn,512,32768,graph,3,0.06461
gdn,512,32768,graph,4,0.06450
gdn,512,32768,graph,5,0.06455
gdn,512,32768,graph,6,0.06471
gdn,512,32768,graph,7,0.06457
gdn,512,32768,graph,8,0.06438
gdn,512,32768,graph,9,0.06451
gdn,512,32768,graph,10,0.06428
gdn,512,32768,graph,11,0.06436
gdn,512,32768,graph,12,0.06465
gdn,512,32768,graph,13,0.06425
gdn,512,32768,graph,14,0.06466
gdn,512,32768,graph,15,0.06464
gdn,512,32768,graph,16,0.06427
gdn,512,32768,graph,17,0.06445
gdn,512,32768,graph,18,0.06447
gdn,512,32768,graph,19,0.06454
gdn,512,32768,graph,20,0.06456
gdn,512,32768,graph,21,0.06451
gdn,512,32768,graph,22,0.06464
gdn,512,32768,graph,23,0.06462
gdn,512,32768,graph,24,0.06425
gdn,512,32768,graph,25,0.06452
gdn,512,32768,graph,26,0.06452
gdn,512,32768,graph,27,0.06489
gdn,512,32768,graph,28,0.06475
gdn,512,32768,graph,29,0.06457
gdn,512,32768,eager,0,0.22688
gdn,512,32768,eager,1,0.22365
gdn,512,32768,eager,2,0.21075
gdn,512,32768,eager,3,0.20851
gdn,512,32768,eager,4,0.20659
gdn,512,32768,eager,5,0.21197
gdn,512,32768,eager,6,0.21939
gdn,512,32768,eager,7,0.21094
gdn,512,32768,eager,8,0.21235
gdn,512,32768,eager,9,0.20896
gdn,512,32768,eager,10,0.21264
gdn,512,32768,eager,11,0.20765
gdn,512,32768,eager,12,0.21427
gdn,512,32768,eager,13,0.20925
gdn,512,32768,eager,14,0.23210
gdn,512,32768,eager,15,0.20954
gdn,512,32768,eager,16,0.20653
gdn,512,32768,eager,17,0.21363
gdn,512,32768,eager,18,0.22374
gdn,512,32768,eager,19,0.20966
gdn,512,32768,eager,20,0.20736
gdn,512,32768,eager,21,0.20723
gdn,512,32768,eager,22,0.21568
gdn,512,32768,eager,23,0.20995
gdn,512,32768,eager,24,0.20618
gdn,512,32768,eager,25,0.20518
gdn,512,32768,eager,26,0.20387
gdn,512,32768,eager,27,0.21917
gdn,512,32768,eager,28,0.20598
gdn,512,32768,eager,29,0.20755
gdn,1024,32768,graph,0,0.07640
gdn,1024,32768,graph,1,0.07629
gdn,1024,32768,graph,2,0.07598
gdn,1024,32768,graph,3,0.07571
gdn,1024,32768,graph,4,0.07552
gdn,1024,32768,graph,5,0.07613
gdn,1024,32768,graph,6,0.07549
gdn,1024,32768,graph,7,0.07587
gdn,1024,32768,graph,8,0.07615
gdn,1024,32768,graph,9,0.07618
gdn,1024,32768,graph,10,0.07603
gdn,1024,32768,graph,11,0.07600
gdn,1024,32768,graph,12,0.07602
gdn,1024,32768,graph,13,0.07617
gdn,1024,32768,graph,14,0.07589
gdn,1024,32768,graph,15,0.07612
gdn,1024,32768,graph,16,0.07618
gdn,1024,32768,graph,17,0.07590
gdn,1024,32768,graph,18,0.07612
gdn,1024,32768,graph,19,0.07617
gdn,1024,32768,graph,20,0.07613
gdn,1024,32768,graph,21,0.07606
gdn,1024,32768,graph,22,0.07587
gdn,1024,32768,graph,23,0.07575
gdn,1024,32768,graph,24,0.07581
gdn,1024,32768,graph,25,0.07598
gdn,1024,32768,graph,26,0.07600
gdn,1024,32768,graph,27,0.07591
gdn,1024,32768,graph,28,0.07609
gdn,1024,32768,graph,29,0.07607
gdn,1024,32768,eager,0,0.22022
gdn,1024,32768,eager,1,0.23923
gdn,1024,32768,eager,2,0.21782
gdn,1024,32768,eager,3,0.21526
gdn,1024,32768,eager,4,0.21021
gdn,1024,32768,eager,5,0.22000
gdn,1024,32768,eager,6,0.23075
gdn,1024,32768,eager,7,0.22038
gdn,1024,32768,eager,8,0.21395
gdn,1024,32768,eager,9,0.22186
gdn,1024,32768,eager,10,0.22602
gdn,1024,32768,eager,11,0.21651
gdn,1024,32768,eager,12,0.20973
gdn,1024,32768,eager,13,0.21354
gdn,1024,32768,eager,14,0.20986
gdn,1024,32768,eager,15,0.22035
gdn,1024,32768,eager,16,0.21472
gdn,1024,32768,eager,17,0.21139
gdn,1024,32768,eager,18,0.21114
gdn,1024,32768,eager,19,0.20976
gdn,1024,32768,eager,20,0.21533
gdn,1024,32768,eager,21,0.21267
gdn,1024,32768,eager,22,0.21418
gdn,1024,32768,eager,23,0.20835
gdn,1024,32768,eager,24,0.20714
gdn,1024,32768,eager,25,0.21254
gdn,1024,32768,eager,26,0.21837
gdn,1024,32768,eager,27,0.21184
gdn,1024,32768,eager,28,0.20730
gdn,1024,32768,eager,29,0.20666
gdn,2048,32768,graph,0,0.09783
gdn,2048,32768,graph,1,0.09746
gdn,2048,32768,graph,2,0.09736
gdn,2048,32768,graph,3,0.09845
gdn,2048,32768,graph,4,0.09758
gdn,2048,32768,graph,5,0.09838
gdn,2048,32768,graph,6,0.09763
gdn,2048,32768,graph,7,0.09810
gdn,2048,32768,graph,8,0.09807
gdn,2048,32768,graph,9,0.09781
gdn,2048,32768,graph,10,0.09782
gdn,2048,32768,graph,11,0.09725
gdn,2048,32768,graph,12,0.09796
gdn,2048,32768,graph,13,0.09746
gdn,2048,32768,graph,14,0.09744
gdn,2048,32768,graph,15,0.09805
gdn,2048,32768,graph,16,0.09814
gdn,2048,32768,graph,17,0.09742
gdn,2048,32768,graph,18,0.09751
gdn,2048,32768,graph,19,0.09782
gdn,2048,32768,graph,20,0.09758
gdn,2048,32768,graph,21,0.09808
gdn,2048,32768,graph,22,0.09747
gdn,2048,32768,graph,23,0.09829
gdn,2048,32768,graph,24,0.09798
gdn,2048,32768,graph,25,0.09767
gdn,2048,32768,graph,26,0.09779
gdn,2048,32768,graph,27,0.09851
gdn,2048,32768,graph,28,0.09789
gdn,2048,32768,graph,29,0.09809
gdn,2048,32768,eager,0,0.39706
gdn,2048,32768,eager,1,0.39264
gdn,2048,32768,eager,2,0.50058
gdn,2048,32768,eager,3,0.40234
gdn,2048,32768,eager,4,0.39312
gdn,2048,32768,eager,5,0.39046
gdn,2048,32768,eager,6,0.39091
gdn,2048,32768,eager,7,0.40173
gdn,2048,32768,eager,8,0.39594
gdn,2048,32768,eager,9,0.38797
gdn,2048,32768,eager,10,0.38013
gdn,2048,32768,eager,11,0.38781
gdn,2048,32768,eager,12,0.39514
gdn,2048,32768,eager,13,0.39088
gdn,2048,32768,eager,14,0.38256
gdn,2048,32768,eager,15,0.38429
gdn,2048,32768,eager,16,0.39738
gdn,2048,32768,eager,17,0.38813
gdn,2048,32768,eager,18,0.38906
gdn,2048,32768,eager,19,0.38163
gdn,2048,32768,eager,20,0.38547
gdn,2048,32768,eager,21,0.38698
gdn,2048,32768,eager,22,0.38922
gdn,2048,32768,eager,23,0.39190
gdn,2048,32768,eager,24,0.37862
gdn,2048,32768,eager,25,0.38573
gdn,2048,32768,eager,26,0.38000
gdn,2048,32768,eager,27,0.38275
gdn,2048,32768,eager,28,0.39136
gdn,2048,32768,eager,29,0.38275
gdn,4096,32768,graph,0,0.12774
gdn,4096,32768,graph,1,0.12781
gdn,4096,32768,graph,2,0.12822
gdn,4096,32768,graph,3,0.12778
gdn,4096,32768,graph,4,0.12796
gdn,4096,32768,graph,5,0.12721
gdn,4096,32768,graph,6,0.12779
gdn,4096,32768,graph,7,0.12819
gdn,4096,32768,graph,8,0.12776
gdn,4096,32768,graph,9,0.12767
gdn,4096,32768,graph,10,0.12810
gdn,4096,32768,graph,11,0.12802
gdn,4096,32768,graph,12,0.12749
gdn,4096,32768,graph,13,0.12741
gdn,4096,32768,graph,14,0.12805
gdn,4096,32768,graph,15,0.12837
gdn,4096,32768,graph,16,0.12820
gdn,4096,32768,graph,17,0.12797
gdn,4096,32768,graph,18,0.12780
gdn,4096,32768,graph,19,0.12797
gdn,4096,32768,graph,20,0.12751
gdn,4096,32768,graph,21,0.12763
gdn,4096,32768,graph,22,0.12763
gdn,4096,32768,graph,23,0.12763
gdn,4096,32768,graph,24,0.12796
gdn,4096,32768,graph,25,0.12825
gdn,4096,32768,graph,26,0.12772
gdn,4096,32768,graph,27,0.12763
gdn,4096,32768,graph,28,0.12765
gdn,4096,32768,graph,29,0.12767
gdn,4096,32768,eager,0,0.25626
gdn,4096,32768,eager,1,0.25507
gdn,4096,32768,eager,2,0.25549
gdn,4096,32768,eager,3,0.26019
gdn,4096,32768,eager,4,0.25302
gdn,4096,32768,eager,5,0.25331
gdn,4096,32768,eager,6,0.30640
gdn,4096,32768,eager,7,0.28429
gdn,4096,32768,eager,8,0.26464
gdn,4096,32768,eager,9,0.25722
gdn,4096,32768,eager,10,0.25520
gdn,4096,32768,eager,11,0.25066
gdn,4096,32768,eager,12,0.25053
gdn,4096,32768,eager,13,0.25949
gdn,4096,32768,eager,14,0.25542
gdn,4096,32768,eager,15,0.25171
gdn,4096,32768,eager,16,0.26115
gdn,4096,32768,eager,17,0.25949
gdn,4096,32768,eager,18,0.25168
gdn,4096,32768,eager,19,0.24918
gdn,4096,32768,eager,20,0.24976
gdn,4096,32768,eager,21,0.25094
gdn,4096,32768,eager,22,0.26054
gdn,4096,32768,eager,23,0.25424
gdn,4096,32768,eager,24,0.25334
gdn,4096,32768,eager,25,0.25245
gdn,4096,32768,eager,26,0.25626
gdn,4096,32768,eager,27,0.25174
gdn,4096,32768,eager,28,0.25638
gdn,4096,32768,eager,29,0.25165
gdn,8192,32768,graph,0,0.17633
gdn,8192,32768,graph,1,0.17680
gdn,8192,32768,graph,2,0.17612
gdn,8192,32768,graph,3,0.17645
gdn,8192,32768,graph,4,0.17656
gdn,8192,32768,graph,5,0.17611
gdn,8192,32768,graph,6,0.17597
gdn,8192,32768,graph,7,0.17646
gdn,8192,32768,graph,8,0.17624
gdn,8192,32768,graph,9,0.17590
gdn,8192,32768,graph,10,0.17629
gdn,8192,32768,graph,11,0.17610
gdn,8192,32768,graph,12,0.17668
gdn,8192,32768,graph,13,0.17575
gdn,8192,32768,graph,14,0.17639
gdn,8192,32768,graph,15,0.17633
gdn,8192,32768,graph,16,0.17623
gdn,8192,32768,graph,17,0.17631
gdn,8192,32768,graph,18,0.17596
gdn,8192,32768,graph,19,0.17631
gdn,8192,32768,graph,20,0.17642
gdn,8192,32768,graph,21,0.17664
gdn,8192,32768,graph,22,0.17600
gdn,8192,32768,graph,23,0.17553
gdn,8192,32768,graph,24,0.17621
gdn,8192,32768,graph,25,0.17673
gdn,8192,32768,graph,26,0.17670
gdn,8192,32768,graph,27,0.17635
gdn,8192,32768,graph,28,0.17642
gdn,8192,32768,graph,29,0.17665
gdn,8192,32768,eager,0,0.28845
gdn,8192,32768,eager,1,0.28768
gdn,8192,32768,eager,2,0.29856
gdn,8192,32768,eager,3,0.29222
gdn,8192,32768,eager,4,0.29190
gdn,8192,32768,eager,5,0.29021
gdn,8192,32768,eager,6,0.29306
gdn,8192,32768,eager,7,0.29555
gdn,8192,32768,eager,8,0.28547
gdn,8192,32768,eager,9,0.28621
gdn,8192,32768,eager,10,0.28371
gdn,8192,32768,eager,11,0.29440
gdn,8192,32768,eager,12,0.28899
gdn,8192,32768,eager,13,0.28582
gdn,8192,32768,eager,14,0.28640
gdn,8192,32768,eager,15,0.28474
gdn,8192,32768,eager,16,0.28374
gdn,8192,32768,eager,17,0.29962
gdn,8192,32768,eager,18,0.28710
gdn,8192,32768,eager,19,0.28474
gdn,8192,32768,eager,20,0.33920
gdn,8192,32768,eager,21,0.31293
gdn,8192,32768,eager,22,0.29197
gdn,8192,32768,eager,23,0.29402
gdn,8192,32768,eager,24,0.28550
gdn,8192,32768,eager,25,0.28902
gdn,8192,32768,eager,26,0.28893
gdn,8192,32768,eager,27,0.28947
gdn,8192,32768,eager,28,0.28560
gdn,8192,32768,eager,29,0.28650
gdn,64,65536,graph,0,0.04881
gdn,64,65536,graph,1,0.04876
gdn,64,65536,graph,2,0.04884
gdn,64,65536,graph,3,0.04864
gdn,64,65536,graph,4,0.04897
gdn,64,65536,graph,5,0.04884
gdn,64,65536,graph,6,0.04877
gdn,64,65536,graph,7,0.04901
gdn,64,65536,graph,8,0.04889
gdn,64,65536,graph,9,0.04865
gdn,64,65536,graph,10,0.04884
gdn,64,65536,graph,11,0.04871
gdn,64,65536,graph,12,0.04903
gdn,64,65536,graph,13,0.04889
gdn,64,65536,graph,14,0.04894
gdn,64,65536,graph,15,0.04876
gdn,64,65536,graph,16,0.04889
gdn,64,65536,graph,17,0.04889
gdn,64,65536,graph,18,0.04871
gdn,64,65536,graph,19,0.04892
gdn,64,65536,graph,20,0.04890
gdn,64,65536,graph,21,0.04893
gdn,64,65536,graph,22,0.04873
gdn,64,65536,graph,23,0.04897
gdn,64,65536,graph,24,0.04887
gdn,64,65536,graph,25,0.04873
gdn,64,65536,graph,26,0.04870
gdn,64,65536,graph,27,0.04916
gdn,64,65536,graph,28,0.04904
gdn,64,65536,graph,29,0.04859
gdn,64,65536,eager,0,0.24224
gdn,64,65536,eager,1,0.22723
gdn,64,65536,eager,2,0.22618
gdn,64,65536,eager,3,0.21747
gdn,64,65536,eager,4,0.21494
gdn,64,65536,eager,5,0.21882
gdn,64,65536,eager,6,0.21437
gdn,64,65536,eager,7,0.20832
gdn,64,65536,eager,8,0.20726
gdn,64,65536,eager,9,0.20659
gdn,64,65536,eager,10,0.21798
gdn,64,65536,eager,11,0.21011
gdn,64,65536,eager,12,0.20618
gdn,64,65536,eager,13,0.20634
gdn,64,65536,eager,14,0.20630
gdn,64,65536,eager,15,0.21027
gdn,64,65536,eager,16,0.20730
gdn,64,65536,eager,17,0.21248
gdn,64,65536,eager,18,0.20621
gdn,64,65536,eager,19,0.25754
gdn,64,65536,eager,20,0.21254
gdn,64,65536,eager,21,0.20384
gdn,64,65536,eager,22,0.20282
gdn,64,65536,eager,23,0.21446
gdn,64,65536,eager,24,0.20730
gdn,64,65536,eager,25,0.20730
gdn,64,65536,eager,26,0.20323
gdn,64,65536,eager,27,0.20378
gdn,64,65536,eager,28,0.20624
gdn,64,65536,eager,29,0.20330
gdn,65,65536,graph,0,0.05229
gdn,65,65536,graph,1,0.05256
gdn,65,65536,graph,2,0.05259
gdn,65,65536,graph,3,0.05256
gdn,65,65536,graph,4,0.05243
gdn,65,65536,graph,5,0.05247
gdn,65,65536,graph,6,0.05245
gdn,65,65536,graph,7,0.05269
gdn,65,65536,graph,8,0.05267
gdn,65,65536,graph,9,0.05243
gdn,65,65536,graph,10,0.05233
gdn,65,65536,graph,11,0.05253
gdn,65,65536,graph,12,0.05237
gdn,65,65536,graph,13,0.05242
gdn,65,65536,graph,14,0.05263
gdn,65,65536,graph,15,0.05272
gdn,65,65536,graph,16,0.05245
gdn,65,65536,graph,17,0.05257
gdn,65,65536,graph,18,0.05252
gdn,65,65536,graph,19,0.05251
gdn,65,65536,graph,20,0.05236
gdn,65,65536,graph,21,0.05266
gdn,65,65536,graph,22,0.05261
gdn,65,65536,graph,23,0.05251
gdn,65,65536,graph,24,0.05247
gdn,65,65536,graph,25,0.05263
gdn,65,65536,graph,26,0.05257
gdn,65,65536,graph,27,0.05265
gdn,65,65536,graph,28,0.05262
gdn,65,65536,graph,29,0.05241
gdn,65,65536,eager,0,0.21117
gdn,65,65536,eager,1,0.21194
gdn,65,65536,eager,2,0.21530
gdn,65,65536,eager,3,0.21213
gdn,65,65536,eager,4,0.20838
gdn,65,65536,eager,5,0.21085
gdn,65,65536,eager,6,0.21040
gdn,65,65536,eager,7,0.20960
gdn,65,65536,eager,8,0.21843
gdn,65,65536,eager,9,0.21184
gdn,65,65536,eager,10,0.21482
gdn,65,65536,eager,11,0.20576
gdn,65,65536,eager,12,0.20410
gdn,65,65536,eager,13,0.21117
gdn,65,65536,eager,14,0.21421
gdn,65,65536,eager,15,0.20714
gdn,65,65536,eager,16,0.20566
gdn,65,65536,eager,17,0.20605
gdn,65,65536,eager,18,0.20387
gdn,65,65536,eager,19,0.21082
gdn,65,65536,eager,20,0.21152
gdn,65,65536,eager,21,0.20637
gdn,65,65536,eager,22,0.20275
gdn,65,65536,eager,23,0.20810
gdn,65,65536,eager,24,0.20400
gdn,65,65536,eager,25,0.20534
gdn,65,65536,eager,26,0.20333
gdn,65,65536,eager,27,0.21309
gdn,65,65536,eager,28,0.20784
gdn,65,65536,eager,29,0.20707
gdn,128,65536,graph,0,0.05266
gdn,128,65536,graph,1,0.05250
gdn,128,65536,graph,2,0.05261
gdn,128,65536,graph,3,0.05254
gdn,128,65536,graph,4,0.05261
gdn,128,65536,graph,5,0.05265
gdn,128,65536,graph,6,0.05267
gdn,128,65536,graph,7,0.05262
gdn,128,65536,graph,8,0.05254
gdn,128,65536,graph,9,0.05265
gdn,128,65536,graph,10,0.05268
gdn,128,65536,graph,11,0.05277
gdn,128,65536,graph,12,0.05267
gdn,128,65536,graph,13,0.05278
gdn,128,65536,graph,14,0.05276
gdn,128,65536,graph,15,0.05273
gdn,128,65536,graph,16,0.05283
gdn,128,65536,graph,17,0.05297
gdn,128,65536,graph,18,0.05260
gdn,128,65536,graph,19,0.05240
gdn,128,65536,graph,20,0.05275
gdn,128,65536,graph,21,0.05265
gdn,128,65536,graph,22,0.05268
gdn,128,65536,graph,23,0.05268
gdn,128,65536,graph,24,0.05267
gdn,128,65536,graph,25,0.05260
gdn,128,65536,graph,26,0.05519
gdn,128,65536,graph,27,0.05270
gdn,128,65536,graph,28,0.05253
gdn,128,65536,graph,29,0.05256
gdn,128,65536,eager,0,0.22042
gdn,128,65536,eager,1,0.23622
gdn,128,65536,eager,2,0.22227
gdn,128,65536,eager,3,0.21642
gdn,128,65536,eager,4,0.21085
gdn,128,65536,eager,5,0.21584
gdn,128,65536,eager,6,0.22640
gdn,128,65536,eager,7,0.21200
gdn,128,65536,eager,8,0.20989
gdn,128,65536,eager,9,0.20899
gdn,128,65536,eager,10,0.20976
gdn,128,65536,eager,11,0.20672
gdn,128,65536,eager,12,0.21286
gdn,128,65536,eager,13,0.21082
gdn,128,65536,eager,14,0.24288
gdn,128,65536,eager,15,0.21357
gdn,128,65536,eager,16,0.20819
gdn,128,65536,eager,17,0.21046
gdn,128,65536,eager,18,0.23885
gdn,128,65536,eager,19,0.21382
gdn,128,65536,eager,20,0.20858
gdn,128,65536,eager,21,0.20458
gdn,128,65536,eager,22,0.20454
gdn,128,65536,eager,23,0.22621
gdn,128,65536,eager,24,0.21171
gdn,128,65536,eager,25,0.20707
gdn,128,65536,eager,26,0.20637
gdn,128,65536,eager,27,0.21757
gdn,128,65536,eager,28,0.20973
gdn,128,65536,eager,29,0.20752
gdn,129,65536,graph,0,0.05590
gdn,129,65536,graph,1,0.05590
gdn,129,65536,graph,2,0.05587
gdn,129,65536,graph,3,0.05584
gdn,129,65536,graph,4,0.05568
gdn,129,65536,graph,5,0.05602
gdn,129,65536,graph,6,0.05589
gdn,129,65536,graph,7,0.05619
gdn,129,65536,graph,8,0.05582
gdn,129,65536,graph,9,0.05577
gdn,129,65536,graph,10,0.05565
gdn,129,65536,graph,11,0.05575
gdn,129,65536,graph,12,0.05585
gdn,129,65536,graph,13,0.05571
gdn,129,65536,graph,14,0.05586
gdn,129,65536,graph,15,0.05587
gdn,129,65536,graph,16,0.05577
gdn,129,65536,graph,17,0.05567
gdn,129,65536,graph,18,0.05548
gdn,129,65536,graph,19,0.05579
gdn,129,65536,graph,20,0.05579
gdn,129,65536,graph,21,0.05591
gdn,129,65536,graph,22,0.05571
gdn,129,65536,graph,23,0.05562
gdn,129,65536,graph,24,0.05589
gdn,129,65536,graph,25,0.05579
gdn,129,65536,graph,26,0.05573
gdn,129,65536,graph,27,0.05591
gdn,129,65536,graph,28,0.05587
gdn,129,65536,graph,29,0.05600
gdn,129,65536,eager,0,0.22880
gdn,129,65536,eager,1,0.29040
gdn,129,65536,eager,2,0.21514
gdn,129,65536,eager,3,0.20723
gdn,129,65536,eager,4,0.20534
gdn,129,65536,eager,5,0.22915
gdn,129,65536,eager,6,0.21392
gdn,129,65536,eager,7,0.20858
gdn,129,65536,eager,8,0.20627
gdn,129,65536,eager,9,0.21085
gdn,129,65536,eager,10,0.20621
gdn,129,65536,eager,11,0.21491
gdn,129,65536,eager,12,0.21190
gdn,129,65536,eager,13,0.20707
gdn,129,65536,eager,14,0.21158
gdn,129,65536,eager,15,0.20544
gdn,129,65536,eager,16,0.21341
gdn,129,65536,eager,17,0.20976
gdn,129,65536,eager,18,0.21174
gdn,129,65536,eager,19,0.20483
gdn,129,65536,eager,20,0.20406
gdn,129,65536,eager,21,0.21434
gdn,129,65536,eager,22,0.21229
gdn,129,65536,eager,23,0.20701
gdn,129,65536,eager,24,0.20931
gdn,129,65536,eager,25,0.20707
gdn,129,65536,eager,26,0.20726
gdn,129,65536,eager,27,0.20867
gdn,129,65536,eager,28,0.20525
gdn,129,65536,eager,29,0.21450
gdn,256,65536,graph,0,0.05869
gdn,256,65536,graph,1,0.05855
gdn,256,65536,graph,2,0.05858
gdn,256,65536,graph,3,0.05846
gdn,256,65536,graph,4,0.05857
gdn,256,65536,graph,5,0.05831
gdn,256,65536,graph,6,0.05875
gdn,256,65536,graph,7,0.05854
gdn,256,65536,graph,8,0.05853
gdn,256,65536,graph,9,0.05855
gdn,256,65536,graph,10,0.05825
gdn,256,65536,graph,11,0.05851
gdn,256,65536,graph,12,0.05858
gdn,256,65536,graph,13,0.05855
gdn,256,65536,graph,14,0.05840
gdn,256,65536,graph,15,0.05839
gdn,256,65536,graph,16,0.05811
gdn,256,65536,graph,17,0.05841
gdn,256,65536,graph,18,0.05832
gdn,256,65536,graph,19,0.05845
gdn,256,65536,graph,20,0.05864
gdn,256,65536,graph,21,0.05844
gdn,256,65536,graph,22,0.05863
gdn,256,65536,graph,23,0.05836
gdn,256,65536,graph,24,0.05850
gdn,256,65536,graph,25,0.05858
gdn,256,65536,graph,26,0.05837
gdn,256,65536,graph,27,0.05850
gdn,256,65536,graph,28,0.05839
gdn,256,65536,graph,29,0.05863
gdn,256,65536,eager,0,0.39654
gdn,256,65536,eager,1,0.39696
gdn,256,65536,eager,2,0.38387
gdn,256,65536,eager,3,0.38685
gdn,256,65536,eager,4,0.40624
gdn,256,65536,eager,5,0.39686
gdn,256,65536,eager,6,0.40566
gdn,256,65536,eager,7,0.39328
gdn,256,65536,eager,8,0.38650
gdn,256,65536,eager,9,0.38682
gdn,256,65536,eager,10,0.38454
gdn,256,65536,eager,11,0.39645
gdn,256,65536,eager,12,0.39325
gdn,256,65536,eager,13,0.38502
gdn,256,65536,eager,14,0.37530
gdn,256,65536,eager,15,0.39014
gdn,256,65536,eager,16,0.39997
gdn,256,65536,eager,17,0.38864
gdn,256,65536,eager,18,0.37626
gdn,256,65536,eager,19,0.38144
gdn,256,65536,eager,20,0.37798
gdn,256,65536,eager,21,0.37933
gdn,256,65536,eager,22,0.39750
gdn,256,65536,eager,23,0.38406
gdn,256,65536,eager,24,0.38419
gdn,256,65536,eager,25,0.37824
gdn,256,65536,eager,26,0.37670
gdn,256,65536,eager,27,0.38403
gdn,256,65536,eager,28,0.39254
gdn,256,65536,eager,29,0.38854
gdn,512,65536,graph,0,0.06464
gdn,512,65536,graph,1,0.06461
gdn,512,65536,graph,2,0.06465
gdn,512,65536,graph,3,0.06467
gdn,512,65536,graph,4,0.06469
gdn,512,65536,graph,5,0.06466
gdn,512,65536,graph,6,0.06462
gdn,512,65536,graph,7,0.06470
gdn,512,65536,graph,8,0.06475
gdn,512,65536,graph,9,0.06463
gdn,512,65536,graph,10,0.06480
gdn,512,65536,graph,11,0.06475
gdn,512,65536,graph,12,0.06455
gdn,512,65536,graph,13,0.06459
gdn,512,65536,graph,14,0.06466
gdn,512,65536,graph,15,0.06466
gdn,512,65536,graph,16,0.06484
gdn,512,65536,graph,17,0.06465
gdn,512,65536,graph,18,0.06440
gdn,512,65536,graph,19,0.06430
gdn,512,65536,graph,20,0.06490
gdn,512,65536,graph,21,0.06463
gdn,512,65536,graph,22,0.06441
gdn,512,65536,graph,23,0.06466
gdn,512,65536,graph,24,0.06446
gdn,512,65536,graph,25,0.06477
gdn,512,65536,graph,26,0.06464
gdn,512,65536,graph,27,0.06455
gdn,512,65536,graph,28,0.06458
gdn,512,65536,graph,29,0.06500
gdn,512,65536,eager,0,0.54765
gdn,512,65536,eager,1,0.54832
gdn,512,65536,eager,2,0.57350
gdn,512,65536,eager,3,0.55091
gdn,512,65536,eager,4,0.53002
gdn,512,65536,eager,5,0.39107
gdn,512,65536,eager,6,0.38525
gdn,512,65536,eager,7,0.39792
gdn,512,65536,eager,8,0.38669
gdn,512,65536,eager,9,0.38832
gdn,512,65536,eager,10,0.37789
gdn,512,65536,eager,11,0.38310
gdn,512,65536,eager,12,0.39411
gdn,512,65536,eager,13,0.38266
gdn,512,65536,eager,14,0.38970
gdn,512,65536,eager,15,0.39181
gdn,512,65536,eager,16,0.39344
gdn,512,65536,eager,17,0.38790
gdn,512,65536,eager,18,0.38426
gdn,512,65536,eager,19,0.37974
gdn,512,65536,eager,20,0.37587
gdn,512,65536,eager,21,0.39440
gdn,512,65536,eager,22,0.38454
gdn,512,65536,eager,23,0.38400
gdn,512,65536,eager,24,0.37587
gdn,512,65536,eager,25,0.37754
gdn,512,65536,eager,26,0.38246
gdn,512,65536,eager,27,0.37706
gdn,512,65536,eager,28,0.39002
gdn,512,65536,eager,29,0.38141
gdn,1024,65536,graph,0,0.07658
gdn,1024,65536,graph,1,0.07613
gdn,1024,65536,graph,2,0.07593
gdn,1024,65536,graph,3,0.07615
gdn,1024,65536,graph,4,0.07607
gdn,1024,65536,graph,5,0.07606
gdn,1024,65536,graph,6,0.07622
gdn,1024,65536,graph,7,0.07583
gdn,1024,65536,graph,8,0.07588
gdn,1024,65536,graph,9,0.07615
gdn,1024,65536,graph,10,0.07597
gdn,1024,65536,graph,11,0.07619
gdn,1024,65536,graph,12,0.07611
gdn,1024,65536,graph,13,0.07624
gdn,1024,65536,graph,14,0.07617
gdn,1024,65536,graph,15,0.07637
gdn,1024,65536,graph,16,0.07606
gdn,1024,65536,graph,17,0.07600
gdn,1024,65536,graph,18,0.07604
gdn,1024,65536,graph,19,0.07610
gdn,1024,65536,graph,20,0.07629
gdn,1024,65536,graph,21,0.07613
gdn,1024,65536,graph,22,0.07616
gdn,1024,65536,graph,23,0.07605
gdn,1024,65536,graph,24,0.07671
gdn,1024,65536,graph,25,0.07581
gdn,1024,65536,graph,26,0.07634
gdn,1024,65536,graph,27,0.07601
gdn,1024,65536,graph,28,0.07608
gdn,1024,65536,graph,29,0.07646
gdn,1024,65536,eager,0,0.40938
gdn,1024,65536,eager,1,0.39187
gdn,1024,65536,eager,2,0.41286
gdn,1024,65536,eager,3,0.39398
gdn,1024,65536,eager,4,0.38666
gdn,1024,65536,eager,5,0.39011
gdn,1024,65536,eager,6,0.38013
gdn,1024,65536,eager,7,0.38336
gdn,1024,65536,eager,8,0.38173
gdn,1024,65536,eager,9,0.39997
gdn,1024,65536,eager,10,0.38832
gdn,1024,65536,eager,11,0.38144
gdn,1024,65536,eager,12,0.39245
gdn,1024,65536,eager,13,0.38176
gdn,1024,65536,eager,14,0.38662
gdn,1024,65536,eager,15,0.39984
gdn,1024,65536,eager,16,0.39091
gdn,1024,65536,eager,17,0.38512
gdn,1024,65536,eager,18,0.38074
gdn,1024,65536,eager,19,0.38774
gdn,1024,65536,eager,20,0.38042
gdn,1024,65536,eager,21,0.40205
gdn,1024,65536,eager,22,0.38762
gdn,1024,65536,eager,23,0.37914
gdn,1024,65536,eager,24,0.37910
gdn,1024,65536,eager,25,0.38160
gdn,1024,65536,eager,26,0.38621
gdn,1024,65536,eager,27,0.39197
gdn,1024,65536,eager,28,0.39062
gdn,1024,65536,eager,29,0.38234
gdn,2048,65536,graph,0,0.09788
gdn,2048,65536,graph,1,0.09765
gdn,2048,65536,graph,2,0.09784
gdn,2048,65536,graph,3,0.09796
gdn,2048,65536,graph,4,0.09777
gdn,2048,65536,graph,5,0.09798
gdn,2048,65536,graph,6,0.09769
gdn,2048,65536,graph,7,0.09761
gdn,2048,65536,graph,8,0.09812
gdn,2048,65536,graph,9,0.09711
gdn,2048,65536,graph,10,0.09779
gdn,2048,65536,graph,11,0.09824
gdn,2048,65536,graph,12,0.09770
gdn,2048,65536,graph,13,0.09774
gdn,2048,65536,graph,14,0.09768
gdn,2048,65536,graph,15,0.09772
gdn,2048,65536,graph,16,0.09855
gdn,2048,65536,graph,17,0.09775
gdn,2048,65536,graph,18,0.09819
gdn,2048,65536,graph,19,0.09798
gdn,2048,65536,graph,20,0.09802
gdn,2048,65536,graph,21,0.09781
gdn,2048,65536,graph,22,0.09777
gdn,2048,65536,graph,23,0.09789
gdn,2048,65536,graph,24,0.09818
gdn,2048,65536,graph,25,0.09805
gdn,2048,65536,graph,26,0.09822
gdn,2048,65536,graph,27,0.09824
gdn,2048,65536,graph,28,0.09787
gdn,2048,65536,graph,29,0.09846
gdn,2048,65536,eager,0,0.39366
gdn,2048,65536,eager,1,0.39366
gdn,2048,65536,eager,2,0.38362
gdn,2048,65536,eager,3,0.41296
gdn,2048,65536,eager,4,0.39622
gdn,2048,65536,eager,5,0.39542
gdn,2048,65536,eager,6,0.38538
gdn,2048,65536,eager,7,0.38701
gdn,2048,65536,eager,8,0.39107
gdn,2048,65536,eager,9,0.40813
gdn,2048,65536,eager,10,0.40006
gdn,2048,65536,eager,11,0.38851
gdn,2048,65536,eager,12,0.38141
gdn,2048,65536,eager,13,0.38170
gdn,2048,65536,eager,14,0.38173
gdn,2048,65536,eager,15,0.40115
gdn,2048,65536,eager,16,0.39501
gdn,2048,65536,eager,17,0.39181
gdn,2048,65536,eager,18,0.38605
gdn,2048,65536,eager,19,0.39670
gdn,2048,65536,eager,20,0.39434
gdn,2048,65536,eager,21,0.38323
gdn,2048,65536,eager,22,0.38947
gdn,2048,65536,eager,23,0.38141
gdn,2048,65536,eager,24,0.38269
gdn,2048,65536,eager,25,0.38426
gdn,2048,65536,eager,26,0.38602
gdn,2048,65536,eager,27,0.41507
gdn,2048,65536,eager,28,0.39008
gdn,2048,65536,eager,29,0.39693
gdn,4096,65536,graph,0,0.12771
gdn,4096,65536,graph,1,0.12812
gdn,4096,65536,graph,2,0.12810
gdn,4096,65536,graph,3,0.12767
gdn,4096,65536,graph,4,0.12780
gdn,4096,65536,graph,5,0.12784
gdn,4096,65536,graph,6,0.12815
gdn,4096,65536,graph,7,0.12790
gdn,4096,65536,graph,8,0.12803
gdn,4096,65536,graph,9,0.12764
gdn,4096,65536,graph,10,0.12789
gdn,4096,65536,graph,11,0.12738
gdn,4096,65536,graph,12,0.12765
gdn,4096,65536,graph,13,0.12773
gdn,4096,65536,graph,14,0.12836
gdn,4096,65536,graph,15,0.12785
gdn,4096,65536,graph,16,0.12764
gdn,4096,65536,graph,17,0.12739
gdn,4096,65536,graph,18,0.12729
gdn,4096,65536,graph,19,0.12771
gdn,4096,65536,graph,20,0.12810
gdn,4096,65536,graph,21,0.12815
gdn,4096,65536,graph,22,0.12773
gdn,4096,65536,graph,23,0.12789
gdn,4096,65536,graph,24,0.12812
gdn,4096,65536,graph,25,0.12785
gdn,4096,65536,graph,26,0.12794
gdn,4096,65536,graph,27,0.12788
gdn,4096,65536,graph,28,0.12799
gdn,4096,65536,graph,29,0.12841
gdn,4096,65536,eager,0,0.39578
gdn,4096,65536,eager,1,0.39638
gdn,4096,65536,eager,2,0.41917
gdn,4096,65536,eager,3,0.40189
gdn,4096,65536,eager,4,0.39379
gdn,4096,65536,eager,5,0.39245
gdn,4096,65536,eager,6,0.39907
gdn,4096,65536,eager,7,0.41264
gdn,4096,65536,eager,8,0.40080
gdn,4096,65536,eager,9,0.39261
gdn,4096,65536,eager,10,0.39158
gdn,4096,65536,eager,11,0.39770
gdn,4096,65536,eager,12,0.40211
gdn,4096,65536,eager,13,0.48931
gdn,4096,65536,eager,14,0.39664
gdn,4096,65536,eager,15,0.39462
gdn,4096,65536,eager,16,0.38893
gdn,4096,65536,eager,17,0.41219
gdn,4096,65536,eager,18,0.39619
gdn,4096,65536,eager,19,0.38979
gdn,4096,65536,eager,20,0.38573
gdn,4096,65536,eager,21,0.38541
gdn,4096,65536,eager,22,0.39315
gdn,4096,65536,eager,23,0.40557
gdn,4096,65536,eager,24,0.39843
gdn,4096,65536,eager,25,0.38928
gdn,4096,65536,eager,26,0.38477
gdn,4096,65536,eager,27,0.38483
gdn,4096,65536,eager,28,0.38899
gdn,4096,65536,eager,29,0.41021
gdn,8192,65536,graph,0,0.17632
gdn,8192,65536,graph,1,0.17652
gdn,8192,65536,graph,2,0.17652
gdn,8192,65536,graph,3,0.17622
gdn,8192,65536,graph,4,0.17644
gdn,8192,65536,graph,5,0.17665
gdn,8192,65536,graph,6,0.17652
gdn,8192,65536,graph,7,0.17608
gdn,8192,65536,graph,8,0.17654
gdn,8192,65536,graph,9,0.17628
gdn,8192,65536,graph,10,0.17644
gdn,8192,65536,graph,11,0.17653
gdn,8192,65536,graph,12,0.17593
gdn,8192,65536,graph,13,0.17675
gdn,8192,65536,graph,14,0.17680
gdn,8192,65536,graph,15,0.17641
gdn,8192,65536,graph,16,0.17623
gdn,8192,65536,graph,17,0.17641
gdn,8192,65536,graph,18,0.17590
gdn,8192,65536,graph,19,0.17616
gdn,8192,65536,graph,20,0.17701
gdn,8192,65536,graph,21,0.17640
gdn,8192,65536,graph,22,0.17654
gdn,8192,65536,graph,23,0.17619
gdn,8192,65536,graph,24,0.17688
gdn,8192,65536,graph,25,0.17712
gdn,8192,65536,graph,26,0.17642
gdn,8192,65536,graph,27,0.17635
gdn,8192,65536,graph,28,0.17616
gdn,8192,65536,graph,29,0.17685
gdn,8192,65536,eager,0,0.45562
gdn,8192,65536,eager,1,0.44070
gdn,8192,65536,eager,2,0.42912
gdn,8192,65536,eager,3,0.42682
gdn,8192,65536,eager,4,0.41782
gdn,8192,65536,eager,5,0.42429
gdn,8192,65536,eager,6,0.43082
gdn,8192,65536,eager,7,0.42704
gdn,8192,65536,eager,8,0.42058
gdn,8192,65536,eager,9,0.41914
gdn,8192,65536,eager,10,0.41834
gdn,8192,65536,eager,11,0.41344
gdn,8192,65536,eager,12,0.43302
gdn,8192,65536,eager,13,0.42179
gdn,8192,65536,eager,14,0.42493
gdn,8192,65536,eager,15,0.41462
gdn,8192,65536,eager,16,0.41827
gdn,8192,65536,eager,17,0.43475
gdn,8192,65536,eager,18,0.42787
gdn,8192,65536,eager,19,0.42144
gdn,8192,65536,eager,20,0.41821
gdn,8192,65536,eager,21,0.41530
gdn,8192,65536,eager,22,0.41530
gdn,8192,65536,eager,23,0.42998
gdn,8192,65536,eager,24,0.42179
gdn,8192,65536,eager,25,0.42934
gdn,8192,65536,eager,26,0.41658
gdn,8192,65536,eager,27,0.43536
gdn,8192,65536,eager,28,0.42118
gdn,8192,65536,eager,29,0.41808
gdn,64,131072,graph,0,0.04882
gdn,64,131072,graph,1,0.04880
gdn,64,131072,graph,2,0.04889
gdn,64,131072,graph,3,0.04873
gdn,64,131072,graph,4,0.04870
gdn,64,131072,graph,5,0.04870
gdn,64,131072,graph,6,0.04882
gdn,64,131072,graph,7,0.04889
gdn,64,131072,graph,8,0.04895
gdn,64,131072,graph,9,0.04883
gdn,64,131072,graph,10,0.04881
gdn,64,131072,graph,11,0.04866
gdn,64,131072,graph,12,0.04861
gdn,64,131072,graph,13,0.04869
gdn,64,131072,graph,14,0.04897
gdn,64,131072,graph,15,0.04877
gdn,64,131072,graph,16,0.04863
gdn,64,131072,graph,17,0.04875
gdn,64,131072,graph,18,0.04879
gdn,64,131072,graph,19,0.04878
gdn,64,131072,graph,20,0.04884
gdn,64,131072,graph,21,0.04871
gdn,64,131072,graph,22,0.04883
gdn,64,131072,graph,23,0.04882
gdn,64,131072,graph,24,0.04871
gdn,64,131072,graph,25,0.04882
gdn,64,131072,graph,26,0.04880
gdn,64,131072,graph,27,0.04873
gdn,64,131072,graph,28,0.04877
gdn,64,131072,graph,29,0.04887
gdn,64,131072,eager,0,0.39626
gdn,64,131072,eager,1,0.39069
gdn,64,131072,eager,2,0.38490
gdn,64,131072,eager,3,0.38435
gdn,64,131072,eager,4,0.41027
gdn,64,131072,eager,5,0.39514
gdn,64,131072,eager,6,0.39357
gdn,64,131072,eager,7,0.38198
gdn,64,131072,eager,8,0.38701
gdn,64,131072,eager,9,0.37981
gdn,64,131072,eager,10,0.39520
gdn,64,131072,eager,11,0.48451
gdn,64,131072,eager,12,0.38253
gdn,64,131072,eager,13,0.38579
gdn,64,131072,eager,14,0.37642
gdn,64,131072,eager,15,0.38320
gdn,64,131072,eager,16,0.39014
gdn,64,131072,eager,17,0.38438
gdn,64,131072,eager,18,0.38198
gdn,64,131072,eager,19,0.37862
gdn,64,131072,eager,20,0.38749
gdn,64,131072,eager,21,0.39779
gdn,64,131072,eager,22,0.38694
gdn,64,131072,eager,23,0.37622
gdn,64,131072,eager,24,0.37933
gdn,64,131072,eager,25,0.38285
gdn,64,131072,eager,26,0.37552
gdn,64,131072,eager,27,0.38803
gdn,64,131072,eager,28,0.38627
gdn,64,131072,eager,29,0.37462
gdn,65,131072,graph,0,0.05280
gdn,65,131072,graph,1,0.05253
gdn,65,131072,graph,2,0.05266
gdn,65,131072,graph,3,0.05253
gdn,65,131072,graph,4,0.05268
gdn,65,131072,graph,5,0.05251
gdn,65,131072,graph,6,0.05271
gdn,65,131072,graph,7,0.05261
gdn,65,131072,graph,8,0.05267
gdn,65,131072,graph,9,0.05247
gdn,65,131072,graph,10,0.05263
gdn,65,131072,graph,11,0.05265
gdn,65,131072,graph,12,0.05268
gdn,65,131072,graph,13,0.05259
gdn,65,131072,graph,14,0.05279
gdn,65,131072,graph,15,0.05249
gdn,65,131072,graph,16,0.05245
gdn,65,131072,graph,17,0.05257
gdn,65,131072,graph,18,0.05250
gdn,65,131072,graph,19,0.05293
gdn,65,131072,graph,20,0.05261
gdn,65,131072,graph,21,0.05280
gdn,65,131072,graph,22,0.05272
gdn,65,131072,graph,23,0.05280
gdn,65,131072,graph,24,0.05280
gdn,65,131072,graph,25,0.05254
gdn,65,131072,graph,26,0.05245
gdn,65,131072,graph,27,0.05281
gdn,65,131072,graph,28,0.05249
gdn,65,131072,graph,29,0.05242
gdn,65,131072,eager,0,0.39210
gdn,65,131072,eager,1,0.38528
gdn,65,131072,eager,2,0.38854
gdn,65,131072,eager,3,0.38096
gdn,65,131072,eager,4,0.48934
gdn,65,131072,eager,5,0.40787
gdn,65,131072,eager,6,0.39360
gdn,65,131072,eager,7,0.38054
gdn,65,131072,eager,8,0.38042
gdn,65,131072,eager,9,0.38896
gdn,65,131072,eager,10,0.40150
gdn,65,131072,eager,11,0.39546
gdn,65,131072,eager,12,0.38170
gdn,65,131072,eager,13,0.38467
gdn,65,131072,eager,14,0.38291
gdn,65,131072,eager,15,0.40246
gdn,65,131072,eager,16,0.39194
gdn,65,131072,eager,17,0.38598
gdn,65,131072,eager,18,0.38211
gdn,65,131072,eager,19,0.38093
gdn,65,131072,eager,20,0.40221
gdn,65,131072,eager,21,0.38810
gdn,65,131072,eager,22,0.38522
gdn,65,131072,eager,23,0.38650
gdn,65,131072,eager,24,0.38346
gdn,65,131072,eager,25,0.38381
gdn,65,131072,eager,26,0.39309
gdn,65,131072,eager,27,0.38202
gdn,65,131072,eager,28,0.37987
gdn,65,131072,eager,29,0.37568
gdn,128,131072,graph,0,0.05274
gdn,128,131072,graph,1,0.05276
gdn,128,131072,graph,2,0.05294
gdn,128,131072,graph,3,0.05251
gdn,128,131072,graph,4,0.05292
gdn,128,131072,graph,5,0.05266
gdn,128,131072,graph,6,0.05275
gdn,128,131072,graph,7,0.05290
gdn,128,131072,graph,8,0.05282
gdn,128,131072,graph,9,0.05285
gdn,128,131072,graph,10,0.05268
gdn,128,131072,graph,11,0.05288
gdn,128,131072,graph,12,0.05264
gdn,128,131072,graph,13,0.05291
gdn,128,131072,graph,14,0.05259
gdn,128,131072,graph,15,0.05298
gdn,128,131072,graph,16,0.05266
gdn,128,131072,graph,17,0.05281
gdn,128,131072,graph,18,0.05297
gdn,128,131072,graph,19,0.05280
gdn,128,131072,graph,20,0.05297
gdn,128,131072,graph,21,0.05277
gdn,128,131072,graph,22,0.05299
gdn,128,131072,graph,23,0.05293
gdn,128,131072,graph,24,0.05278
gdn,128,131072,graph,25,0.05284
gdn,128,131072,graph,26,0.05284
gdn,128,131072,graph,27,0.05295
gdn,128,131072,graph,28,0.05264
gdn,128,131072,graph,29,0.05277
gdn,128,131072,eager,0,0.39830
gdn,128,131072,eager,1,0.38586
gdn,128,131072,eager,2,0.42662
gdn,128,131072,eager,3,0.40384
gdn,128,131072,eager,4,0.40138
gdn,128,131072,eager,5,0.39504
gdn,128,131072,eager,6,0.38640
gdn,128,131072,eager,7,0.40784
gdn,128,131072,eager,8,0.38963
gdn,128,131072,eager,9,0.39056
gdn,128,131072,eager,10,0.38371
gdn,128,131072,eager,11,0.38774
gdn,128,131072,eager,12,0.38186
gdn,128,131072,eager,13,0.38666
gdn,128,131072,eager,14,0.41158
gdn,128,131072,eager,15,0.38781
gdn,128,131072,eager,16,0.38730
gdn,128,131072,eager,17,0.38269
gdn,128,131072,eager,18,0.38070
gdn,128,131072,eager,19,0.39818
gdn,128,131072,eager,20,0.39350
gdn,128,131072,eager,21,0.39616
gdn,128,131072,eager,22,0.39245
gdn,128,131072,eager,23,0.39821
gdn,128,131072,eager,24,0.38758
gdn,128,131072,eager,25,0.38259
gdn,128,131072,eager,26,0.38083
gdn,128,131072,eager,27,0.37853
gdn,128,131072,eager,28,0.38544
gdn,128,131072,eager,29,0.37914
gdn,129,131072,graph,0,0.05577
gdn,129,131072,graph,1,0.05581
gdn,129,131072,graph,2,0.05578
gdn,129,131072,graph,3,0.05559
gdn,129,131072,graph,4,0.05590
gdn,129,131072,graph,5,0.05560
gdn,129,131072,graph,6,0.05573
gdn,129,131072,graph,7,0.05564
gdn,129,131072,graph,8,0.05590
gdn,129,131072,graph,9,0.05577
gdn,129,131072,graph,10,0.05541
gdn,129,131072,graph,11,0.05558
gdn,129,131072,graph,12,0.05587
gdn,129,131072,graph,13,0.05575
gdn,129,131072,graph,14,0.05564
gdn,129,131072,graph,15,0.05565
gdn,129,131072,graph,16,0.05579
gdn,129,131072,graph,17,0.05599
gdn,129,131072,graph,18,0.05555
gdn,129,131072,graph,19,0.05588
gdn,129,131072,graph,20,0.05587
gdn,129,131072,graph,21,0.05562
gdn,129,131072,graph,22,0.05555
gdn,129,131072,graph,23,0.05577
gdn,129,131072,graph,24,0.05578
gdn,129,131072,graph,25,0.05577
gdn,129,131072,graph,26,0.05613
gdn,129,131072,graph,27,0.05584
gdn,129,131072,graph,28,0.05577
gdn,129,131072,graph,29,0.05547
gdn,129,131072,eager,0,0.40707
gdn,129,131072,eager,1,0.38602
gdn,129,131072,eager,2,0.39542
gdn,129,131072,eager,3,0.40819
gdn,129,131072,eager,4,0.39898
gdn,129,131072,eager,5,0.39040
gdn,129,131072,eager,6,0.38611
gdn,129,131072,eager,7,0.39085
gdn,129,131072,eager,8,0.40435
gdn,129,131072,eager,9,0.39651
gdn,129,131072,eager,10,0.38598
gdn,129,131072,eager,11,0.38794
gdn,129,131072,eager,12,0.38266
gdn,129,131072,eager,13,0.39965
gdn,129,131072,eager,14,0.39626
gdn,129,131072,eager,15,0.38310
gdn,129,131072,eager,16,0.38592
gdn,129,131072,eager,17,0.39894
gdn,129,131072,eager,18,0.39786
gdn,129,131072,eager,19,0.38486
gdn,129,131072,eager,20,0.38368
gdn,129,131072,eager,21,0.39085
gdn,129,131072,eager,22,0.39629
gdn,129,131072,eager,23,0.38637
gdn,129,131072,eager,24,0.38355
gdn,129,131072,eager,25,0.37942
gdn,129,131072,eager,26,0.39933
gdn,129,131072,eager,27,0.38854
gdn,129,131072,eager,28,0.38854
gdn,129,131072,eager,29,0.38125
gdn,256,131072,graph,0,0.05853
gdn,256,131072,graph,1,0.05822
gdn,256,131072,graph,2,0.05833
gdn,256,131072,graph,3,0.05846
gdn,256,131072,graph,4,0.05823
gdn,256,131072,graph,5,0.05860
gdn,256,131072,graph,6,0.05864
gdn,256,131072,graph,7,0.05825
gdn,256,131072,graph,8,0.05819
gdn,256,131072,graph,9,0.05867
gdn,256,131072,graph,10,0.05831
gdn,256,131072,graph,11,0.05856
gdn,256,131072,graph,12,0.05834
gdn,256,131072,graph,13,0.05843
gdn,256,131072,graph,14,0.05843
gdn,256,131072,graph,15,0.05837
gdn,256,131072,graph,16,0.05825
gdn,256,131072,graph,17,0.05838
gdn,256,131072,graph,18,0.05854
gdn,256,131072,graph,19,0.05860
gdn,256,131072,graph,20,0.05843
gdn,256,131072,graph,21,0.05871
gdn,256,131072,graph,22,0.05838
gdn,256,131072,graph,23,0.05856
gdn,256,131072,graph,24,0.05836
gdn,256,131072,graph,25,0.05826
gdn,256,131072,graph,26,0.05830
gdn,256,131072,graph,27,0.05825
gdn,256,131072,graph,28,0.05849
gdn,256,131072,graph,29,0.05838
gdn,256,131072,eager,0,0.39728
gdn,256,131072,eager,1,0.39693
gdn,256,131072,eager,2,0.38230
gdn,256,131072,eager,3,0.39715
gdn,256,131072,eager,4,0.40445
gdn,256,131072,eager,5,0.39421
gdn,256,131072,eager,6,0.38250
gdn,256,131072,eager,7,0.37949
gdn,256,131072,eager,8,0.39011
gdn,256,131072,eager,9,0.39843
gdn,256,131072,eager,10,0.38995
gdn,256,131072,eager,11,0.37949
gdn,256,131072,eager,12,0.38243
gdn,256,131072,eager,13,0.38243
gdn,256,131072,eager,14,0.39642
gdn,256,131072,eager,15,0.39680
gdn,256,131072,eager,16,0.38509
gdn,256,131072,eager,17,0.38774
gdn,256,131072,eager,18,0.38554
gdn,256,131072,eager,19,0.39674
gdn,256,131072,eager,20,0.38554
gdn,256,131072,eager,21,0.37712
gdn,256,131072,eager,22,0.38179
gdn,256,131072,eager,23,0.38131
gdn,256,131072,eager,24,0.40106
gdn,256,131072,eager,25,0.38410
gdn,256,131072,eager,26,0.37798
gdn,256,131072,eager,27,0.38653
gdn,256,131072,eager,28,0.37578
gdn,256,131072,eager,29,0.38154
gdn,512,131072,graph,0,0.06458
gdn,512,131072,graph,1,0.06450
gdn,512,131072,graph,2,0.06464
gdn,512,131072,graph,3,0.06466
gdn,512,131072,graph,4,0.06458
gdn,512,131072,graph,5,0.06465
gdn,512,131072,graph,6,0.06454
gdn,512,131072,graph,7,0.06445
gdn,512,131072,graph,8,0.06446
gdn,512,131072,graph,9,0.06453
gdn,512,131072,graph,10,0.06454
gdn,512,131072,graph,11,0.06452
gdn,512,131072,graph,12,0.06448
gdn,512,131072,graph,13,0.06500
gdn,512,131072,graph,14,0.06463
gdn,512,131072,graph,15,0.06450
gdn,512,131072,graph,16,0.06449
gdn,512,131072,graph,17,0.06458
gdn,512,131072,graph,18,0.06454
gdn,512,131072,graph,19,0.06450
gdn,512,131072,graph,20,0.06438
gdn,512,131072,graph,21,0.06440
gdn,512,131072,graph,22,0.06448
gdn,512,131072,graph,23,0.06436
gdn,512,131072,graph,24,0.06473
gdn,512,131072,graph,25,0.06453
gdn,512,131072,graph,26,0.06448
gdn,512,131072,graph,27,0.06471
gdn,512,131072,graph,28,0.06474
gdn,512,131072,graph,29,0.06446
gdn,512,131072,eager,0,0.39315
gdn,512,131072,eager,1,0.38742
gdn,512,131072,eager,2,0.41328
gdn,512,131072,eager,3,0.39584
gdn,512,131072,eager,4,0.39750
gdn,512,131072,eager,5,0.39680
gdn,512,131072,eager,6,0.39043
gdn,512,131072,eager,7,0.38125
gdn,512,131072,eager,8,0.38835
gdn,512,131072,eager,9,0.39158
gdn,512,131072,eager,10,0.37994
gdn,512,131072,eager,11,0.38483
gdn,512,131072,eager,12,0.37658
gdn,512,131072,eager,13,0.46614
gdn,512,131072,eager,14,0.39792
gdn,512,131072,eager,15,0.39376
gdn,512,131072,eager,16,0.38221
gdn,512,131072,eager,17,0.38096
gdn,512,131072,eager,18,0.41034
gdn,512,131072,eager,19,0.39501
gdn,512,131072,eager,20,0.38979
gdn,512,131072,eager,21,0.38346
gdn,512,131072,eager,22,0.39875
gdn,512,131072,eager,23,0.38794
gdn,512,131072,eager,24,0.38010
gdn,512,131072,eager,25,0.38714
gdn,512,131072,eager,26,0.37824
gdn,512,131072,eager,27,0.39677
gdn,512,131072,eager,28,0.38550
gdn,512,131072,eager,29,0.38080
gdn,1024,131072,graph,0,0.07625
gdn,1024,131072,graph,1,0.07595
gdn,1024,131072,graph,2,0.07616
gdn,1024,131072,graph,3,0.07608
gdn,1024,131072,graph,4,0.07600
gdn,1024,131072,graph,5,0.07626
gdn,1024,131072,graph,6,0.07565
gdn,1024,131072,graph,7,0.07615
gdn,1024,131072,graph,8,0.07647
gdn,1024,131072,graph,9,0.07590
gdn,1024,131072,graph,10,0.07610
gdn,1024,131072,graph,11,0.07594
gdn,1024,131072,graph,12,0.07633
gdn,1024,131072,graph,13,0.07602
gdn,1024,131072,graph,14,0.07603
gdn,1024,131072,graph,15,0.07618
gdn,1024,131072,graph,16,0.07649
gdn,1024,131072,graph,17,0.07628
gdn,1024,131072,graph,18,0.07621
gdn,1024,131072,graph,19,0.07588
gdn,1024,131072,graph,20,0.07591
gdn,1024,131072,graph,21,0.07649
gdn,1024,131072,graph,22,0.07570
gdn,1024,131072,graph,23,0.07595
gdn,1024,131072,graph,24,0.07620
gdn,1024,131072,graph,25,0.07615
gdn,1024,131072,graph,26,0.07603
gdn,1024,131072,graph,27,0.07634
gdn,1024,131072,graph,28,0.07631
gdn,1024,131072,graph,29,0.07634
gdn,1024,131072,eager,0,0.39702
gdn,1024,131072,eager,1,0.39565
gdn,1024,131072,eager,2,0.38339
gdn,1024,131072,eager,3,0.38858
gdn,1024,131072,eager,4,0.39728
gdn,1024,131072,eager,5,0.38518
gdn,1024,131072,eager,6,0.47018
gdn,1024,131072,eager,7,0.38480
gdn,1024,131072,eager,8,0.38880
gdn,1024,131072,eager,9,0.40589
gdn,1024,131072,eager,10,0.39395
gdn,1024,131072,eager,11,0.38525
gdn,1024,131072,eager,12,0.38141
gdn,1024,131072,eager,13,0.40870
gdn,1024,131072,eager,14,0.38835
gdn,1024,131072,eager,15,0.38710
gdn,1024,131072,eager,16,0.38115
gdn,1024,131072,eager,17,0.38042
gdn,1024,131072,eager,18,0.38106
gdn,1024,131072,eager,19,0.37622
gdn,1024,131072,eager,20,0.38141
gdn,1024,131072,eager,21,0.39206
gdn,1024,131072,eager,22,0.38774
gdn,1024,131072,eager,23,0.38093
gdn,1024,131072,eager,24,0.37555
gdn,1024,131072,eager,25,0.38957
gdn,1024,131072,eager,26,0.39622
gdn,1024,131072,eager,27,0.39219
gdn,1024,131072,eager,28,0.38592
gdn,1024,131072,eager,29,0.37965
gdn,2048,131072,graph,0,0.09756
gdn,2048,131072,graph,1,0.09784
gdn,2048,131072,graph,2,0.09857
gdn,2048,131072,graph,3,0.09812
gdn,2048,131072,graph,4,0.09804
gdn,2048,131072,graph,5,0.09796
gdn,2048,131072,graph,6,0.09773
gdn,2048,131072,graph,7,0.09750
gdn,2048,131072,graph,8,0.09812
gdn,2048,131072,graph,9,0.09727
gdn,2048,131072,graph,10,0.09746
gdn,2048,131072,graph,11,0.09724
gdn,2048,131072,graph,12,0.09824
gdn,2048,131072,graph,13,0.09776
gdn,2048,131072,graph,14,0.09772
gdn,2048,131072,graph,15,0.09745
gdn,2048,131072,graph,16,0.09756
gdn,2048,131072,graph,17,0.09777
gdn,2048,131072,graph,18,0.09743
gdn,2048,131072,graph,19,0.09757
gdn,2048,131072,graph,20,0.09695
gdn,2048,131072,graph,21,0.09796
gdn,2048,131072,graph,22,0.09765
gdn,2048,131072,graph,23,0.09818
gdn,2048,131072,graph,24,0.09778
gdn,2048,131072,graph,25,0.09761
gdn,2048,131072,graph,26,0.09774
gdn,2048,131072,graph,27,0.09763
gdn,2048,131072,graph,28,0.09753
gdn,2048,131072,graph,29,0.09791
gdn,2048,131072,eager,0,0.39856
gdn,2048,131072,eager,1,0.38829
gdn,2048,131072,eager,2,0.39005
gdn,2048,131072,eager,3,0.40307
gdn,2048,131072,eager,4,0.39299
gdn,2048,131072,eager,5,0.40438
gdn,2048,131072,eager,6,0.38694
gdn,2048,131072,eager,7,0.39130
gdn,2048,131072,eager,8,0.40746
gdn,2048,131072,eager,9,0.39955
gdn,2048,131072,eager,10,0.38858
gdn,2048,131072,eager,11,0.38422
gdn,2048,131072,eager,12,0.39882
gdn,2048,131072,eager,13,0.39293
gdn,2048,131072,eager,14,0.39280
gdn,2048,131072,eager,15,0.38333
gdn,2048,131072,eager,16,0.38570
gdn,2048,131072,eager,17,0.38070
gdn,2048,131072,eager,18,0.37837
gdn,2048,131072,eager,19,0.40541
gdn,2048,131072,eager,20,0.38736
gdn,2048,131072,eager,21,0.38810
gdn,2048,131072,eager,22,0.38064
gdn,2048,131072,eager,23,0.38451
gdn,2048,131072,eager,24,0.38074
gdn,2048,131072,eager,25,0.38691
gdn,2048,131072,eager,26,0.40026
gdn,2048,131072,eager,27,0.38893
gdn,2048,131072,eager,28,0.38864
gdn,2048,131072,eager,29,0.37978
gdn,4096,131072,graph,0,0.12767
gdn,4096,131072,graph,1,0.12851
gdn,4096,131072,graph,2,0.12744
gdn,4096,131072,graph,3,0.12838
gdn,4096,131072,graph,4,0.12782
gdn,4096,131072,graph,5,0.12810
gdn,4096,131072,graph,6,0.12816
gdn,4096,131072,graph,7,0.12820
gdn,4096,131072,graph,8,0.12785
gdn,4096,131072,graph,9,0.12844
gdn,4096,131072,graph,10,0.12798
gdn,4096,131072,graph,11,0.12791
gdn,4096,131072,graph,12,0.12799
gdn,4096,131072,graph,13,0.12761
gdn,4096,131072,graph,14,0.12790
gdn,4096,131072,graph,15,0.12813
gdn,4096,131072,graph,16,0.12817
gdn,4096,131072,graph,17,0.12775
gdn,4096,131072,graph,18,0.12757
gdn,4096,131072,graph,19,0.12798
gdn,4096,131072,graph,20,0.12741
gdn,4096,131072,graph,21,0.12763
gdn,4096,131072,graph,22,0.12778
gdn,4096,131072,graph,23,0.12775
gdn,4096,131072,graph,24,0.12785
gdn,4096,131072,graph,25,0.12743
gdn,4096,131072,graph,26,0.12798
gdn,4096,131072,graph,27,0.12736
gdn,4096,131072,graph,28,0.12732
gdn,4096,131072,graph,29,0.12776
gdn,4096,131072,eager,0,0.29056
gdn,4096,131072,eager,1,0.37901
gdn,4096,131072,eager,2,0.27888
gdn,4096,131072,eager,3,0.27174
gdn,4096,131072,eager,4,0.27392
gdn,4096,131072,eager,5,0.27558
gdn,4096,131072,eager,6,0.30336
gdn,4096,131072,eager,7,0.26886
gdn,4096,131072,eager,8,0.26746
gdn,4096,131072,eager,9,0.29414
gdn,4096,131072,eager,10,0.27408
gdn,4096,131072,eager,11,0.26886
gdn,4096,131072,eager,12,0.27821
gdn,4096,131072,eager,13,0.28102
gdn,4096,131072,eager,14,0.25677
gdn,4096,131072,eager,15,0.25389
gdn,4096,131072,eager,16,0.25536
gdn,4096,131072,eager,17,0.25318
gdn,4096,131072,eager,18,0.24970
gdn,4096,131072,eager,19,0.25184
gdn,4096,131072,eager,20,0.25418
gdn,4096,131072,eager,21,0.25859
gdn,4096,131072,eager,22,0.25341
gdn,4096,131072,eager,23,0.25002
gdn,4096,131072,eager,24,0.26173
gdn,4096,131072,eager,25,0.25584
gdn,4096,131072,eager,26,0.25018
gdn,4096,131072,eager,27,0.25587
gdn,4096,131072,eager,28,0.25046
gdn,4096,131072,eager,29,0.25139
gdn,8192,131072,graph,0,0.17682
gdn,8192,131072,graph,1,0.17698
gdn,8192,131072,graph,2,0.17649
gdn,8192,131072,graph,3,0.17693
gdn,8192,131072,graph,4,0.17634
gdn,8192,131072,graph,5,0.18184
gdn,8192,131072,graph,6,0.17639
gdn,8192,131072,graph,7,0.17642
gdn,8192,131072,graph,8,0.17619
gdn,8192,131072,graph,9,0.17640
gdn,8192,131072,graph,10,0.17651
gdn,8192,131072,graph,11,0.17568
gdn,8192,131072,graph,12,0.17683
gdn,8192,131072,graph,13,0.17611
gdn,8192,131072,graph,14,0.17613
gdn,8192,131072,graph,15,0.17686
gdn,8192,131072,graph,16,0.17624
gdn,8192,131072,graph,17,0.17645
gdn,8192,131072,graph,18,0.17612
gdn,8192,131072,graph,19,0.17700
gdn,8192,131072,graph,20,0.17614
gdn,8192,131072,graph,21,0.17632
gdn,8192,131072,graph,22,0.17624
gdn,8192,131072,graph,23,0.17594
gdn,8192,131072,graph,24,0.17704
gdn,8192,131072,graph,25,0.17616
gdn,8192,131072,graph,26,0.17645
gdn,8192,131072,graph,27,0.17636
gdn,8192,131072,graph,28,0.17648
gdn,8192,131072,graph,29,0.17648
gdn,8192,131072,eager,0,0.29290
gdn,8192,131072,eager,1,0.29341
gdn,8192,131072,eager,2,0.29181
gdn,8192,131072,eager,3,0.29232
gdn,8192,131072,eager,4,0.34381
gdn,8192,131072,eager,5,0.33024
gdn,8192,131072,eager,6,0.30003
gdn,8192,131072,eager,7,0.29558
gdn,8192,131072,eager,8,0.29024
gdn,8192,131072,eager,9,0.29034
gdn,8192,131072,eager,10,0.28896
gdn,8192,131072,eager,11,0.29555
gdn,8192,131072,eager,12,0.28854
gdn,8192,131072,eager,13,0.28538
gdn,8192,131072,eager,14,0.29555
gdn,8192,131072,eager,15,0.28992
gdn,8192,131072,eager,16,0.28627
gdn,8192,131072,eager,17,0.29382
gdn,8192,131072,eager,18,0.29690
gdn,8192,131072,eager,19,0.28998
gdn,8192,131072,eager,20,0.30694
gdn,8192,131072,eager,21,0.28877
gdn,8192,131072,eager,22,0.28486
gdn,8192,131072,eager,23,0.28890
gdn,8192,131072,eager,24,0.29421
gdn,8192,131072,eager,25,0.29130
gdn,8192,131072,eager,26,0.28627
gdn,8192,131072,eager,27,0.28621
gdn,8192,131072,eager,28,0.28995
gdn,8192,131072,eager,29,0.28928
gdn,64,262144,graph,0,0.04903
gdn,64,262144,graph,1,0.04882
gdn,64,262144,graph,2,0.04891
gdn,64,262144,graph,3,0.04875
gdn,64,262144,graph,4,0.04889
gdn,64,262144,graph,5,0.04889
gdn,64,262144,graph,6,0.04897
gdn,64,262144,graph,7,0.04895
gdn,64,262144,graph,8,0.04876
gdn,64,262144,graph,9,0.04896
gdn,64,262144,graph,10,0.04877
gdn,64,262144,graph,11,0.04883
gdn,64,262144,graph,12,0.04861
gdn,64,262144,graph,13,0.04885
gdn,64,262144,graph,14,0.04874
gdn,64,262144,graph,15,0.04881
gdn,64,262144,graph,16,0.04888
gdn,64,262144,graph,17,0.04884
gdn,64,262144,graph,18,0.04878
gdn,64,262144,graph,19,0.04892
gdn,64,262144,graph,20,0.04896
gdn,64,262144,graph,21,0.04862
gdn,64,262144,graph,22,0.04892
gdn,64,262144,graph,23,0.04894
gdn,64,262144,graph,24,0.04869
gdn,64,262144,graph,25,0.04895
gdn,64,262144,graph,26,0.04888
gdn,64,262144,graph,27,0.04887
gdn,64,262144,graph,28,0.04882
gdn,64,262144,graph,29,0.04873
gdn,64,262144,eager,0,0.23059
gdn,64,262144,eager,1,0.27539
gdn,64,262144,eager,2,0.21302
gdn,64,262144,eager,3,0.20890
gdn,64,262144,eager,4,0.20477
gdn,64,262144,eager,5,0.21699
gdn,64,262144,eager,6,0.21683
gdn,64,262144,eager,7,0.21053
gdn,64,262144,eager,8,0.20662
gdn,64,262144,eager,9,0.21117
gdn,64,262144,eager,10,0.21757
gdn,64,262144,eager,11,0.20829
gdn,64,262144,eager,12,0.20678
gdn,64,262144,eager,13,0.21232
gdn,64,262144,eager,14,0.20752
gdn,64,262144,eager,15,0.20234
gdn,64,262144,eager,16,0.20326
gdn,64,262144,eager,17,0.21677
gdn,64,262144,eager,18,0.21360
gdn,64,262144,eager,19,0.20515
gdn,64,262144,eager,20,0.20422
gdn,64,262144,eager,21,0.21053
gdn,64,262144,eager,22,0.21037
gdn,64,262144,eager,23,0.20634
gdn,64,262144,eager,24,0.20502
gdn,64,262144,eager,25,0.20570
gdn,64,262144,eager,26,0.20368
gdn,64,262144,eager,27,0.21395
gdn,64,262144,eager,28,0.20710
gdn,64,262144,eager,29,0.20653
gdn,65,262144,graph,0,0.05274
gdn,65,262144,graph,1,0.05253
gdn,65,262144,graph,2,0.05239
gdn,65,262144,graph,3,0.05249
gdn,65,262144,graph,4,0.05243
gdn,65,262144,graph,5,0.05250
gdn,65,262144,graph,6,0.05268
gdn,65,262144,graph,7,0.05261
gdn,65,262144,graph,8,0.05235
gdn,65,262144,graph,9,0.05244
gdn,65,262144,graph,10,0.05240
gdn,65,262144,graph,11,0.05262
gdn,65,262144,graph,12,0.05232
gdn,65,262144,graph,13,0.05242
gdn,65,262144,graph,14,0.05263
gdn,65,262144,graph,15,0.05262
gdn,65,262144,graph,16,0.05278
gdn,65,262144,graph,17,0.05249
gdn,65,262144,graph,18,0.05249
gdn,65,262144,graph,19,0.05246
gdn,65,262144,graph,20,0.05257
gdn,65,262144,graph,21,0.05270
gdn,65,262144,graph,22,0.05239
gdn,65,262144,graph,23,0.05255
gdn,65,262144,graph,24,0.05252
gdn,65,262144,graph,25,0.05250
gdn,65,262144,graph,26,0.05247
gdn,65,262144,graph,27,0.05257
gdn,65,262144,graph,28,0.05273
gdn,65,262144,graph,29,0.05260
gdn,65,262144,eager,0,0.21920
gdn,65,262144,eager,1,0.21795
gdn,65,262144,eager,2,0.20835
gdn,65,262144,eager,3,0.21402
gdn,65,262144,eager,4,0.21629
gdn,65,262144,eager,5,0.21613
gdn,65,262144,eager,6,0.21142
gdn,65,262144,eager,7,0.20637
gdn,65,262144,eager,8,0.20778
gdn,65,262144,eager,9,0.21581
gdn,65,262144,eager,10,0.21664
gdn,65,262144,eager,11,0.20832
gdn,65,262144,eager,12,0.20707
gdn,65,262144,eager,13,0.20493
gdn,65,262144,eager,14,0.20800
gdn,65,262144,eager,15,0.20749
gdn,65,262144,eager,16,0.21571
gdn,65,262144,eager,17,0.21306
gdn,65,262144,eager,18,0.20992
gdn,65,262144,eager,19,0.20662
gdn,65,262144,eager,20,0.20563
gdn,65,262144,eager,21,0.20656
gdn,65,262144,eager,22,0.21667
gdn,65,262144,eager,23,0.21430
gdn,65,262144,eager,24,0.20621
gdn,65,262144,eager,25,0.21005
gdn,65,262144,eager,26,0.20848
gdn,65,262144,eager,27,0.20950
gdn,65,262144,eager,28,0.21469
gdn,65,262144,eager,29,0.21085
gdn,128,262144,graph,0,0.05251
gdn,128,262144,graph,1,0.05279
gdn,128,262144,graph,2,0.05269
gdn,128,262144,graph,3,0.05273
gdn,128,262144,graph,4,0.05261
gdn,128,262144,graph,5,0.05256
gdn,128,262144,graph,6,0.05268
gdn,128,262144,graph,7,0.05289
gdn,128,262144,graph,8,0.05266
gdn,128,262144,graph,9,0.05271
gdn,128,262144,graph,10,0.05273
gdn,128,262144,graph,11,0.05274
gdn,128,262144,graph,12,0.05281
gdn,128,262144,graph,13,0.05264
gdn,128,262144,graph,14,0.05238
gdn,128,262144,graph,15,0.05276
gdn,128,262144,graph,16,0.05293
gdn,128,262144,graph,17,0.05273
gdn,128,262144,graph,18,0.05252
gdn,128,262144,graph,19,0.05259
gdn,128,262144,graph,20,0.05296
gdn,128,262144,graph,21,0.05262
gdn,128,262144,graph,22,0.05258
gdn,128,262144,graph,23,0.05258
gdn,128,262144,graph,24,0.05296
gdn,128,262144,graph,25,0.05278
gdn,128,262144,graph,26,0.05283
gdn,128,262144,graph,27,0.05269
gdn,128,262144,graph,28,0.05269
gdn,128,262144,graph,29,0.05289
gdn,128,262144,eager,0,0.23981
gdn,128,262144,eager,1,0.22800
gdn,128,262144,eager,2,0.21686
gdn,128,262144,eager,3,0.20912
gdn,128,262144,eager,4,0.20656
gdn,128,262144,eager,5,0.22128
gdn,128,262144,eager,6,0.21856
gdn,128,262144,eager,7,0.20886
gdn,128,262144,eager,8,0.20458
gdn,128,262144,eager,9,0.20602
gdn,128,262144,eager,10,0.20880
gdn,128,262144,eager,11,0.20659
gdn,128,262144,eager,12,0.21277
gdn,128,262144,eager,13,0.20656
gdn,128,262144,eager,14,0.20586
gdn,128,262144,eager,15,0.28006
gdn,128,262144,eager,16,0.22374
gdn,128,262144,eager,17,0.21446
gdn,128,262144,eager,18,0.20790
gdn,128,262144,eager,19,0.21251
gdn,128,262144,eager,20,0.21539
gdn,128,262144,eager,21,0.20890
gdn,128,262144,eager,22,0.20438
gdn,128,262144,eager,23,0.20822
gdn,128,262144,eager,24,0.20611
gdn,128,262144,eager,25,0.20886
gdn,128,262144,eager,26,0.21405
gdn,128,262144,eager,27,0.21062
gdn,128,262144,eager,28,0.20672
gdn,128,262144,eager,29,0.20659
gdn,129,262144,graph,0,0.05577
gdn,129,262144,graph,1,0.05576
gdn,129,262144,graph,2,0.05561
gdn,129,262144,graph,3,0.05589
gdn,129,262144,graph,4,0.05602
gdn,129,262144,graph,5,0.05574
gdn,129,262144,graph,6,0.05564
gdn,129,262144,graph,7,0.05564
gdn,129,262144,graph,8,0.05580
gdn,129,262144,graph,9,0.05555
gdn,129,262144,graph,10,0.05592
gdn,129,262144,graph,11,0.05584
gdn,129,262144,graph,12,0.05594
gdn,129,262144,graph,13,0.05583
gdn,129,262144,graph,14,0.05586
gdn,129,262144,graph,15,0.05585
gdn,129,262144,graph,16,0.05561
gdn,129,262144,graph,17,0.05585
gdn,129,262144,graph,18,0.05563
gdn,129,262144,graph,19,0.05583
gdn,129,262144,graph,20,0.05583
gdn,129,262144,graph,21,0.05571
gdn,129,262144,graph,22,0.05583
gdn,129,262144,graph,23,0.05557
gdn,129,262144,graph,24,0.05566
gdn,129,262144,graph,25,0.05563
gdn,129,262144,graph,26,0.05590
gdn,129,262144,graph,27,0.05589
gdn,129,262144,graph,28,0.05557
gdn,129,262144,graph,29,0.05571
gdn,129,262144,eager,0,0.48579
gdn,129,262144,eager,1,0.47405
gdn,129,262144,eager,2,0.47597
gdn,129,262144,eager,3,0.47821
gdn,129,262144,eager,4,0.48720
gdn,129,262144,eager,5,0.47331
gdn,129,262144,eager,6,0.47840
gdn,129,262144,eager,7,0.46317
gdn,129,262144,eager,8,0.59002
gdn,129,262144,eager,9,0.51501
gdn,129,262144,eager,10,0.48221
gdn,129,262144,eager,11,0.47843
gdn,129,262144,eager,12,0.46925
gdn,129,262144,eager,13,0.49062
gdn,129,262144,eager,14,0.47917
gdn,129,262144,eager,15,0.26125
gdn,129,262144,eager,16,0.20976
gdn,129,262144,eager,17,0.20464
gdn,129,262144,eager,18,0.21498
gdn,129,262144,eager,19,0.20960
gdn,129,262144,eager,20,0.21050
gdn,129,262144,eager,21,0.20598
gdn,129,262144,eager,22,0.20432
gdn,129,262144,eager,23,0.20307
gdn,129,262144,eager,24,0.20381
gdn,129,262144,eager,25,0.22227
gdn,129,262144,eager,26,0.21027
gdn,129,262144,eager,27,0.20637
gdn,129,262144,eager,28,0.20355
gdn,129,262144,eager,29,0.20986
gdn,256,262144,graph,0,0.05869
gdn,256,262144,graph,1,0.05852
gdn,256,262144,graph,2,0.05848
gdn,256,262144,graph,3,0.05841
gdn,256,262144,graph,4,0.05854
gdn,256,262144,graph,5,0.05870
gdn,256,262144,graph,6,0.05838
gdn,256,262144,graph,7,0.05837
gdn,256,262144,graph,8,0.05844
gdn,256,262144,graph,9,0.05831
gdn,256,262144,graph,10,0.05861
gdn,256,262144,graph,11,0.05839
gdn,256,262144,graph,12,0.05864
gdn,256,262144,graph,13,0.05839
gdn,256,262144,graph,14,0.05853
gdn,256,262144,graph,15,0.05842
gdn,256,262144,graph,16,0.05848
gdn,256,262144,graph,17,0.05890
gdn,256,262144,graph,18,0.05872
gdn,256,262144,graph,19,0.05843
gdn,256,262144,graph,20,0.05826
gdn,256,262144,graph,21,0.05839
gdn,256,262144,graph,22,0.05840
gdn,256,262144,graph,23,0.05856
gdn,256,262144,graph,24,0.05854
gdn,256,262144,graph,25,0.05843
gdn,256,262144,graph,26,0.05834
gdn,256,262144,graph,27,0.05861
gdn,256,262144,graph,28,0.05842
gdn,256,262144,graph,29,0.05841
gdn,256,262144,eager,0,0.26995
gdn,256,262144,eager,1,0.24883
gdn,256,262144,eager,2,0.24237
gdn,256,262144,eager,3,0.24678
gdn,256,262144,eager,4,0.24205
gdn,256,262144,eager,5,0.24979
gdn,256,262144,eager,6,0.24422
gdn,256,262144,eager,7,0.24358
gdn,256,262144,eager,8,0.23917
gdn,256,262144,eager,9,0.23866
gdn,256,262144,eager,10,0.24723
gdn,256,262144,eager,11,0.24781
gdn,256,262144,eager,12,0.23965
gdn,256,262144,eager,13,0.23894
gdn,256,262144,eager,14,0.24637
gdn,256,262144,eager,15,0.24285
gdn,256,262144,eager,16,0.24013
gdn,256,262144,eager,17,0.23872
gdn,256,262144,eager,18,0.29939
gdn,256,262144,eager,19,0.27184
gdn,256,262144,eager,20,0.24717
gdn,256,262144,eager,21,0.20733
gdn,256,262144,eager,22,0.21021
gdn,256,262144,eager,23,0.20518
gdn,256,262144,eager,24,0.20362
gdn,256,262144,eager,25,0.20742
gdn,256,262144,eager,26,0.23267
gdn,256,262144,eager,27,0.21018
gdn,256,262144,eager,28,0.20464
gdn,256,262144,eager,29,0.20538
gdn,512,262144,graph,0,0.06469
gdn,512,262144,graph,1,0.06441
gdn,512,262144,graph,2,0.06453
gdn,512,262144,graph,3,0.06454
gdn,512,262144,graph,4,0.06433
gdn,512,262144,graph,5,0.07088
gdn,512,262144,graph,6,0.06440
gdn,512,262144,graph,7,0.06459
gdn,512,262144,graph,8,0.06472
gdn,512,262144,graph,9,0.06451
gdn,512,262144,graph,10,0.06430
gdn,512,262144,graph,11,0.06462
gdn,512,262144,graph,12,0.06462
gdn,512,262144,graph,13,0.06478
gdn,512,262144,graph,14,0.06439
gdn,512,262144,graph,15,0.06433
gdn,512,262144,graph,16,0.06465
gdn,512,262144,graph,17,0.06478
gdn,512,262144,graph,18,0.06440
gdn,512,262144,graph,19,0.06452
gdn,512,262144,graph,20,0.06427
gdn,512,262144,graph,21,0.06468
gdn,512,262144,graph,22,0.06467
gdn,512,262144,graph,23,0.06441
gdn,512,262144,graph,24,0.06428
gdn,512,262144,graph,25,0.06448
gdn,512,262144,graph,26,0.06446
gdn,512,262144,graph,27,0.06445
gdn,512,262144,graph,28,0.06440
gdn,512,262144,graph,29,0.06467
gdn,512,262144,eager,0,0.22858
gdn,512,262144,eager,1,0.21811
gdn,512,262144,eager,2,0.21581
gdn,512,262144,eager,3,0.21011
gdn,512,262144,eager,4,0.20960
gdn,512,262144,eager,5,0.22064
gdn,512,262144,eager,6,0.21702
gdn,512,262144,eager,7,0.21210
gdn,512,262144,eager,8,0.20864
gdn,512,262144,eager,9,0.20557
gdn,512,262144,eager,10,0.20515
gdn,512,262144,eager,11,0.22144
gdn,512,262144,eager,12,0.21101
gdn,512,262144,eager,13,0.20832
gdn,512,262144,eager,14,0.20496
gdn,512,262144,eager,15,0.21686
gdn,512,262144,eager,16,0.21142
gdn,512,262144,eager,17,0.21005
gdn,512,262144,eager,18,0.20698
gdn,512,262144,eager,19,0.21030
gdn,512,262144,eager,20,0.20573
gdn,512,262144,eager,21,0.20339
gdn,512,262144,eager,22,0.21302
gdn,512,262144,eager,23,0.20675
gdn,512,262144,eager,24,0.20918
gdn,512,262144,eager,25,0.20922
gdn,512,262144,eager,26,0.20624
gdn,512,262144,eager,27,0.20563
gdn,512,262144,eager,28,0.21482
gdn,512,262144,eager,29,0.20925
gdn,1024,262144,graph,0,0.07635
gdn,1024,262144,graph,1,0.07618
gdn,1024,262144,graph,2,0.07636
gdn,1024,262144,graph,3,0.07628
gdn,1024,262144,graph,4,0.07636
gdn,1024,262144,graph,5,0.07609
gdn,1024,262144,graph,6,0.07611
gdn,1024,262144,graph,7,0.07634
gdn,1024,262144,graph,8,0.07629
gdn,1024,262144,graph,9,0.07628
gdn,1024,262144,graph,10,0.07612
gdn,1024,262144,graph,11,0.07568
gdn,1024,262144,graph,12,0.07617
gdn,1024,262144,graph,13,0.07617
gdn,1024,262144,graph,14,0.07663
gdn,1024,262144,graph,15,0.07626
gdn,1024,262144,graph,16,0.07663
gdn,1024,262144,graph,17,0.07660
gdn,1024,262144,graph,18,0.07668
gdn,1024,262144,graph,19,0.07608
gdn,1024,262144,graph,20,0.07617
gdn,1024,262144,graph,21,0.07648
gdn,1024,262144,graph,22,0.07628
gdn,1024,262144,graph,23,0.07620
gdn,1024,262144,graph,24,0.07611
gdn,1024,262144,graph,25,0.07609
gdn,1024,262144,graph,26,0.07598
gdn,1024,262144,graph,27,0.07658
gdn,1024,262144,graph,28,0.07612
gdn,1024,262144,graph,29,0.07602
gdn,1024,262144,eager,0,0.21642
gdn,1024,262144,eager,1,0.21494
gdn,1024,262144,eager,2,0.22467
gdn,1024,262144,eager,3,0.21770
gdn,1024,262144,eager,4,0.21162
gdn,1024,262144,eager,5,0.21376
gdn,1024,262144,eager,6,0.22973
gdn,1024,262144,eager,7,0.21696
gdn,1024,262144,eager,8,0.21082
gdn,1024,262144,eager,9,0.21117
gdn,1024,262144,eager,10,0.21683
gdn,1024,262144,eager,11,0.21171
gdn,1024,262144,eager,12,0.21981
gdn,1024,262144,eager,13,0.21485
gdn,1024,262144,eager,14,0.27014
gdn,1024,262144,eager,15,0.23731
gdn,1024,262144,eager,16,0.21776
gdn,1024,262144,eager,17,0.21418
gdn,1024,262144,eager,18,0.21558
gdn,1024,262144,eager,19,0.21021
gdn,1024,262144,eager,20,0.20909
gdn,1024,262144,eager,21,0.22045
gdn,1024,262144,eager,22,0.21699
gdn,1024,262144,eager,23,0.21110
gdn,1024,262144,eager,24,0.20826
gdn,1024,262144,eager,25,0.20794
gdn,1024,262144,eager,26,0.20710
gdn,1024,262144,eager,27,0.21395
gdn,1024,262144,eager,28,0.21853
gdn,1024,262144,eager,29,0.21126
gdn,2048,262144,graph,0,0.09805
gdn,2048,262144,graph,1,0.09724
gdn,2048,262144,graph,2,0.09761
gdn,2048,262144,graph,3,0.09753
gdn,2048,262144,graph,4,0.09735
gdn,2048,262144,graph,5,0.09747
gdn,2048,262144,graph,6,0.09801
gdn,2048,262144,graph,7,0.09797
gdn,2048,262144,graph,8,0.09751
gdn,2048,262144,graph,9,0.10370
gdn,2048,262144,graph,10,0.09786
gdn,2048,262144,graph,11,0.09770
gdn,2048,262144,graph,12,0.09798
gdn,2048,262144,graph,13,0.09761
gdn,2048,262144,graph,14,0.09774
gdn,2048,262144,graph,15,0.09767
gdn,2048,262144,graph,16,0.09785
gdn,2048,262144,graph,17,0.09827
gdn,2048,262144,graph,18,0.09772
gdn,2048,262144,graph,19,0.09719
gdn,2048,262144,graph,20,0.09781
gdn,2048,262144,graph,21,0.09780
gdn,2048,262144,graph,22,0.09765
gdn,2048,262144,graph,23,0.09763
gdn,2048,262144,graph,24,0.09769
gdn,2048,262144,graph,25,0.09783
gdn,2048,262144,graph,26,0.09709
gdn,2048,262144,graph,27,0.09767
gdn,2048,262144,graph,28,0.09735
gdn,2048,262144,graph,29,0.09803
gdn,2048,262144,eager,0,0.40365
gdn,2048,262144,eager,1,0.39133
gdn,2048,262144,eager,2,0.38688
gdn,2048,262144,eager,3,0.39197
gdn,2048,262144,eager,4,0.38624
gdn,2048,262144,eager,5,0.41523
gdn,2048,262144,eager,6,0.39430
gdn,2048,262144,eager,7,0.38822
gdn,2048,262144,eager,8,0.38128
gdn,2048,262144,eager,9,0.38237
gdn,2048,262144,eager,10,0.40672
gdn,2048,262144,eager,11,0.38781
gdn,2048,262144,eager,12,0.39002
gdn,2048,262144,eager,13,0.38032
gdn,2048,262144,eager,14,0.38378
gdn,2048,262144,eager,15,0.40954
gdn,2048,262144,eager,16,0.38714
gdn,2048,262144,eager,17,0.39843
gdn,2048,262144,eager,18,0.38307
gdn,2048,262144,eager,19,0.40045
gdn,2048,262144,eager,20,0.38746
gdn,2048,262144,eager,21,0.37827
gdn,2048,262144,eager,22,0.39130
gdn,2048,262144,eager,23,0.37997
gdn,2048,262144,eager,24,0.38608
gdn,2048,262144,eager,25,0.39834
gdn,2048,262144,eager,26,0.39370
gdn,2048,262144,eager,27,0.38365
gdn,2048,262144,eager,28,0.38221
gdn,2048,262144,eager,29,0.38874
gdn,4096,262144,graph,0,0.12790
gdn,4096,262144,graph,1,0.12767
gdn,4096,262144,graph,2,0.12823
gdn,4096,262144,graph,3,0.12814
gdn,4096,262144,graph,4,0.12799
gdn,4096,262144,graph,5,0.12799
gdn,4096,262144,graph,6,0.12803
gdn,4096,262144,graph,7,0.12807
gdn,4096,262144,graph,8,0.12830
gdn,4096,262144,graph,9,0.12803
gdn,4096,262144,graph,10,0.12831
gdn,4096,262144,graph,11,0.12868
gdn,4096,262144,graph,12,0.12847
gdn,4096,262144,graph,13,0.12822
gdn,4096,262144,graph,14,0.12845
gdn,4096,262144,graph,15,0.12817
gdn,4096,262144,graph,16,0.12823
gdn,4096,262144,graph,17,0.12800
gdn,4096,262144,graph,18,0.12815
gdn,4096,262144,graph,19,0.12835
gdn,4096,262144,graph,20,0.12813
gdn,4096,262144,graph,21,0.12829
gdn,4096,262144,graph,22,0.12804
gdn,4096,262144,graph,23,0.12818
gdn,4096,262144,graph,24,0.12822
gdn,4096,262144,graph,25,0.12824
gdn,4096,262144,graph,26,0.12798
gdn,4096,262144,graph,27,0.12851
gdn,4096,262144,graph,28,0.12825
gdn,4096,262144,graph,29,0.12825
gdn,4096,262144,eager,0,0.40048
gdn,4096,262144,eager,1,0.49027
gdn,4096,262144,eager,2,0.45805
gdn,4096,262144,eager,3,0.42454
gdn,4096,262144,eager,4,0.40106
gdn,4096,262144,eager,5,0.39878
gdn,4096,262144,eager,6,0.43421
gdn,4096,262144,eager,7,0.40602
gdn,4096,262144,eager,8,0.39978
gdn,4096,262144,eager,9,0.39693
gdn,4096,262144,eager,10,0.39786
gdn,4096,262144,eager,11,0.41190
gdn,4096,262144,eager,12,0.39610
gdn,4096,262144,eager,13,0.39248
gdn,4096,262144,eager,14,0.38525
gdn,4096,262144,eager,15,0.39472
gdn,4096,262144,eager,16,0.39894
gdn,4096,262144,eager,17,0.40061
gdn,4096,262144,eager,18,0.39011
gdn,4096,262144,eager,19,0.38621
gdn,4096,262144,eager,20,0.38557
gdn,4096,262144,eager,21,0.38717
gdn,4096,262144,eager,22,0.38995
gdn,4096,262144,eager,23,0.40166
gdn,4096,262144,eager,24,0.39949
gdn,4096,262144,eager,25,0.38730
gdn,4096,262144,eager,26,0.38342
gdn,4096,262144,eager,27,0.39309
gdn,4096,262144,eager,28,0.40038
gdn,4096,262144,eager,29,0.39795
gdn,8192,262144,graph,0,0.17718
gdn,8192,262144,graph,1,0.17663
gdn,8192,262144,graph,2,0.17630
gdn,8192,262144,graph,3,0.17661
gdn,8192,262144,graph,4,0.17675
gdn,8192,262144,graph,5,0.17725
gdn,8192,262144,graph,6,0.17646
gdn,8192,262144,graph,7,0.17687
gdn,8192,262144,graph,8,0.17707
gdn,8192,262144,graph,9,0.17658
gdn,8192,262144,graph,10,0.17632
gdn,8192,262144,graph,11,0.17674
gdn,8192,262144,graph,12,0.17674
gdn,8192,262144,graph,13,0.17698
gdn,8192,262144,graph,14,0.17661
gdn,8192,262144,graph,15,0.17666
gdn,8192,262144,graph,16,0.17605
gdn,8192,262144,graph,17,0.17657
gdn,8192,262144,graph,18,0.17701
gdn,8192,262144,graph,19,0.17606
gdn,8192,262144,graph,20,0.17678
gdn,8192,262144,graph,21,0.17697
gdn,8192,262144,graph,22,0.17639
gdn,8192,262144,graph,23,0.17643
gdn,8192,262144,graph,24,0.17680
gdn,8192,262144,graph,25,0.17653
gdn,8192,262144,graph,26,0.17645
gdn,8192,262144,graph,27,0.17639
gdn,8192,262144,graph,28,0.17673
gdn,8192,262144,graph,29,0.17691
gdn,8192,262144,eager,0,0.64243
gdn,8192,262144,eager,1,0.68298
gdn,8192,262144,eager,2,0.64442
gdn,8192,262144,eager,3,0.62173
gdn,8192,262144,eager,4,0.63312
gdn,8192,262144,eager,5,0.65706
gdn,8192,262144,eager,6,0.63066
gdn,8192,262144,eager,7,0.62646
gdn,8192,262144,eager,8,0.62419
gdn,8192,262144,eager,9,0.62077
gdn,8192,262144,eager,10,0.64298
gdn,8192,262144,eager,11,0.63533
gdn,8192,262144,eager,12,0.62147
gdn,8192,262144,eager,13,0.63043
gdn,8192,262144,eager,14,0.61776
gdn,8192,262144,eager,15,0.64077
gdn,8192,262144,eager,16,0.63053
gdn,8192,262144,eager,17,0.50237
gdn,8192,262144,eager,18,0.41744
gdn,8192,262144,eager,19,0.41456
gdn,8192,262144,eager,20,0.41504
gdn,8192,262144,eager,21,0.42778
gdn,8192,262144,eager,22,0.41827
gdn,8192,262144,eager,23,0.41853
gdn,8192,262144,eager,24,0.41894
gdn,8192,262144,eager,25,0.41395
gdn,8192,262144,eager,26,0.43926
gdn,8192,262144,eager,27,0.42202
gdn,8192,262144,eager,28,0.41850
gdn,8192,262144,eager,29,0.41453
dense_attn,64,0,graph,0,0.03483
dense_attn,64,0,graph,1,0.03467
dense_attn,64,0,graph,2,0.03476
dense_attn,64,0,graph,3,0.03478
dense_attn,64,0,graph,4,0.03468
dense_attn,64,0,graph,5,0.03463
dense_attn,64,0,graph,6,0.03471
dense_attn,64,0,graph,7,0.03474
dense_attn,64,0,graph,8,0.03469
dense_attn,64,0,graph,9,0.03468
dense_attn,64,0,graph,10,0.03480
dense_attn,64,0,graph,11,0.03484
dense_attn,64,0,graph,12,0.03497
dense_attn,64,0,graph,13,0.03487
dense_attn,64,0,graph,14,0.03477
dense_attn,64,0,graph,15,0.03475
dense_attn,64,0,graph,16,0.03475
dense_attn,64,0,graph,17,0.03473
dense_attn,64,0,graph,18,0.03479
dense_attn,64,0,graph,19,0.03461
dense_attn,64,0,graph,20,0.03497
dense_attn,64,0,graph,21,0.03474
dense_attn,64,0,graph,22,0.03467
dense_attn,64,0,graph,23,0.03462
dense_attn,64,0,graph,24,0.03471
dense_attn,64,0,graph,25,0.03489
dense_attn,64,0,graph,26,0.03461
dense_attn,64,0,graph,27,0.03456
dense_attn,64,0,graph,28,0.03481
dense_attn,64,0,graph,29,0.03472
dense_attn,64,0,eager,0,0.15034
dense_attn,64,0,eager,1,0.14704
dense_attn,64,0,eager,2,0.13750
dense_attn,64,0,eager,3,0.13590
dense_attn,64,0,eager,4,0.13469
dense_attn,64,0,eager,5,0.13232
dense_attn,64,0,eager,6,0.13075
dense_attn,64,0,eager,7,0.13642
dense_attn,64,0,eager,8,0.13872
dense_attn,64,0,eager,9,0.13299
dense_attn,64,0,eager,10,0.13046
dense_attn,64,0,eager,11,0.12973
dense_attn,64,0,eager,12,0.13005
dense_attn,64,0,eager,13,0.13024
dense_attn,64,0,eager,14,0.13734
dense_attn,64,0,eager,15,0.13030
dense_attn,64,0,eager,16,0.13078
dense_attn,64,0,eager,17,0.12998
dense_attn,64,0,eager,18,0.12957
dense_attn,64,0,eager,19,0.13027
dense_attn,64,0,eager,20,0.13645
dense_attn,64,0,eager,21,0.13133
dense_attn,64,0,eager,22,0.13037
dense_attn,64,0,eager,23,0.12992
dense_attn,64,0,eager,24,0.12768
dense_attn,64,0,eager,25,0.13466
dense_attn,64,0,eager,26,0.13565
dense_attn,64,0,eager,27,0.13200
dense_attn,64,0,eager,28,0.12998
dense_attn,64,0,eager,29,0.13085
dense_attn,65,0,graph,0,0.03522
dense_attn,65,0,graph,1,0.03532
dense_attn,65,0,graph,2,0.03546
dense_attn,65,0,graph,3,0.03528
dense_attn,65,0,graph,4,0.03549
dense_attn,65,0,graph,5,0.03540
dense_attn,65,0,graph,6,0.03545
dense_attn,65,0,graph,7,0.03566
dense_attn,65,0,graph,8,0.03552
dense_attn,65,0,graph,9,0.03540
dense_attn,65,0,graph,10,0.03529
dense_attn,65,0,graph,11,0.03522
dense_attn,65,0,graph,12,0.03533
dense_attn,65,0,graph,13,0.03544
dense_attn,65,0,graph,14,0.03559
dense_attn,65,0,graph,15,0.03574
dense_attn,65,0,graph,16,0.03546
dense_attn,65,0,graph,17,0.03533
dense_attn,65,0,graph,18,0.03549
dense_attn,65,0,graph,19,0.03553
dense_attn,65,0,graph,20,0.03529
dense_attn,65,0,graph,21,0.03549
dense_attn,65,0,graph,22,0.03549
dense_attn,65,0,graph,23,0.03535
dense_attn,65,0,graph,24,0.03557
dense_attn,65,0,graph,25,0.03542
dense_attn,65,0,graph,26,0.03530
dense_attn,65,0,graph,27,0.03542
dense_attn,65,0,graph,28,0.03543
dense_attn,65,0,graph,29,0.03547
dense_attn,65,0,eager,0,0.15597
dense_attn,65,0,eager,1,0.14259
dense_attn,65,0,eager,2,0.13654
dense_attn,65,0,eager,3,0.13373
dense_attn,65,0,eager,4,0.13274
dense_attn,65,0,eager,5,0.13258
dense_attn,65,0,eager,6,0.13578
dense_attn,65,0,eager,7,0.13200
dense_attn,65,0,eager,8,0.13299
dense_attn,65,0,eager,9,0.13187
dense_attn,65,0,eager,10,0.12979
dense_attn,65,0,eager,11,0.12982
dense_attn,65,0,eager,12,0.13008
dense_attn,65,0,eager,13,0.14202
dense_attn,65,0,eager,14,0.13059
dense_attn,65,0,eager,15,0.13002
dense_attn,65,0,eager,16,0.12845
dense_attn,65,0,eager,17,0.13197
dense_attn,65,0,eager,18,0.12890
dense_attn,65,0,eager,19,0.13363
dense_attn,65,0,eager,20,0.13206
dense_attn,65,0,eager,21,0.12877
dense_attn,65,0,eager,22,0.13008
dense_attn,65,0,eager,23,0.12877
dense_attn,65,0,eager,24,0.12883
dense_attn,65,0,eager,25,0.13322
dense_attn,65,0,eager,26,0.13069
dense_attn,65,0,eager,27,0.12950
dense_attn,65,0,eager,28,0.12826
dense_attn,65,0,eager,29,0.12899
dense_attn,128,0,graph,0,0.03644
dense_attn,128,0,graph,1,0.03623
dense_attn,128,0,graph,2,0.03663
dense_attn,128,0,graph,3,0.03626
dense_attn,128,0,graph,4,0.03637
dense_attn,128,0,graph,5,0.03642
dense_attn,128,0,graph,6,0.03642
dense_attn,128,0,graph,7,0.03631
dense_attn,128,0,graph,8,0.03633
dense_attn,128,0,graph,9,0.03647
dense_attn,128,0,graph,10,0.03649
dense_attn,128,0,graph,11,0.03632
dense_attn,128,0,graph,12,0.03621
dense_attn,128,0,graph,13,0.03642
dense_attn,128,0,graph,14,0.03639
dense_attn,128,0,graph,15,0.03645
dense_attn,128,0,graph,16,0.03639
dense_attn,128,0,graph,17,0.03623
dense_attn,128,0,graph,18,0.03621
dense_attn,128,0,graph,19,0.03625
dense_attn,128,0,graph,20,0.03628
dense_attn,128,0,graph,21,0.03651
dense_attn,128,0,graph,22,0.03636
dense_attn,128,0,graph,23,0.03632
dense_attn,128,0,graph,24,0.03643
dense_attn,128,0,graph,25,0.03634
dense_attn,128,0,graph,26,0.03635
dense_attn,128,0,graph,27,0.03625
dense_attn,128,0,graph,28,0.03634
dense_attn,128,0,graph,29,0.03656
dense_attn,128,0,eager,0,0.14726
dense_attn,128,0,eager,1,0.13808
dense_attn,128,0,eager,2,0.22506
dense_attn,128,0,eager,3,0.13459
dense_attn,128,0,eager,4,0.13254
dense_attn,128,0,eager,5,0.13126
dense_attn,128,0,eager,6,0.13299
dense_attn,128,0,eager,7,0.13894
dense_attn,128,0,eager,8,0.13216
dense_attn,128,0,eager,9,0.13146
dense_attn,128,0,eager,10,0.13008
dense_attn,128,0,eager,11,0.12966
dense_attn,128,0,eager,12,0.12957
dense_attn,128,0,eager,13,0.12774
dense_attn,128,0,eager,14,0.13082
dense_attn,128,0,eager,15,0.12848
dense_attn,128,0,eager,16,0.12896
dense_attn,128,0,eager,17,0.12899
dense_attn,128,0,eager,18,0.12822
dense_attn,128,0,eager,19,0.12874
dense_attn,128,0,eager,20,0.13424
dense_attn,128,0,eager,21,0.12954
dense_attn,128,0,eager,22,0.12934
dense_attn,128,0,eager,23,0.12829
dense_attn,128,0,eager,24,0.12739
dense_attn,128,0,eager,25,0.12838
dense_attn,128,0,eager,26,0.13450
dense_attn,128,0,eager,27,0.12787
dense_attn,128,0,eager,28,0.12800
dense_attn,128,0,eager,29,0.12784
dense_attn,129,0,graph,0,0.03819
dense_attn,129,0,graph,1,0.03821
dense_attn,129,0,graph,2,0.03808
dense_attn,129,0,graph,3,0.03810
dense_attn,129,0,graph,4,0.03799
dense_attn,129,0,graph,5,0.03806
dense_attn,129,0,graph,6,0.03801
dense_attn,129,0,graph,7,0.03808
dense_attn,129,0,graph,8,0.03795
dense_attn,129,0,graph,9,0.03813
dense_attn,129,0,graph,10,0.03787
dense_attn,129,0,graph,11,0.03817
dense_attn,129,0,graph,12,0.03826
dense_attn,129,0,graph,13,0.03812
dense_attn,129,0,graph,14,0.03797
dense_attn,129,0,graph,15,0.03796
dense_attn,129,0,graph,16,0.03822
dense_attn,129,0,graph,17,0.03809
dense_attn,129,0,graph,18,0.03809
dense_attn,129,0,graph,19,0.03816
dense_attn,129,0,graph,20,0.03788
dense_attn,129,0,graph,21,0.03839
dense_attn,129,0,graph,22,0.03792
dense_attn,129,0,graph,23,0.03797
dense_attn,129,0,graph,24,0.03793
dense_attn,129,0,graph,25,0.03799
dense_attn,129,0,graph,26,0.03800
dense_attn,129,0,graph,27,0.03791
dense_attn,129,0,graph,28,0.03813
dense_attn,129,0,graph,29,0.03791
dense_attn,129,0,eager,0,0.15030
dense_attn,129,0,eager,1,0.13952
dense_attn,129,0,eager,2,0.13354
dense_attn,129,0,eager,3,0.13056
dense_attn,129,0,eager,4,0.13021
dense_attn,129,0,eager,5,0.13072
dense_attn,129,0,eager,6,0.12922
dense_attn,129,0,eager,7,0.13568
dense_attn,129,0,eager,8,0.13014
dense_attn,129,0,eager,9,0.12954
dense_attn,129,0,eager,10,0.12918
dense_attn,129,0,eager,11,0.12896
dense_attn,129,0,eager,12,0.13005
dense_attn,129,0,eager,13,0.13366
dense_attn,129,0,eager,14,0.12896
dense_attn,129,0,eager,15,0.13184
dense_attn,129,0,eager,16,0.12778
dense_attn,129,0,eager,17,0.12771
dense_attn,129,0,eager,18,0.12784
dense_attn,129,0,eager,19,0.12768
dense_attn,129,0,eager,20,0.12960
dense_attn,129,0,eager,21,0.12778
dense_attn,129,0,eager,22,0.12720
dense_attn,129,0,eager,23,0.12797
dense_attn,129,0,eager,24,0.12730
dense_attn,129,0,eager,25,0.12790
dense_attn,129,0,eager,26,0.13187
dense_attn,129,0,eager,27,0.12813
dense_attn,129,0,eager,28,0.12803
dense_attn,129,0,eager,29,0.12845
dense_attn,256,0,graph,0,0.04036
dense_attn,256,0,graph,1,0.04053
dense_attn,256,0,graph,2,0.04012
dense_attn,256,0,graph,3,0.04016
dense_attn,256,0,graph,4,0.04019
dense_attn,256,0,graph,5,0.04026
dense_attn,256,0,graph,6,0.04042
dense_attn,256,0,graph,7,0.04040
dense_attn,256,0,graph,8,0.04009
dense_attn,256,0,graph,9,0.04022
dense_attn,256,0,graph,10,0.03996
dense_attn,256,0,graph,11,0.04050
dense_attn,256,0,graph,12,0.04005
dense_attn,256,0,graph,13,0.04033
dense_attn,256,0,graph,14,0.04003
dense_attn,256,0,graph,15,0.04038
dense_attn,256,0,graph,16,0.04004
dense_attn,256,0,graph,17,0.04023
dense_attn,256,0,graph,18,0.04019
dense_attn,256,0,graph,19,0.04018
dense_attn,256,0,graph,20,0.04034
dense_attn,256,0,graph,21,0.04008
dense_attn,256,0,graph,22,0.04036
dense_attn,256,0,graph,23,0.04009
dense_attn,256,0,graph,24,0.04024
dense_attn,256,0,graph,25,0.04022
dense_attn,256,0,graph,26,0.04017
dense_attn,256,0,graph,27,0.04007
dense_attn,256,0,graph,28,0.04033
dense_attn,256,0,graph,29,0.04019
dense_attn,256,0,eager,0,0.14694
dense_attn,256,0,eager,1,0.13683
dense_attn,256,0,eager,2,0.14000
dense_attn,256,0,eager,3,0.13165
dense_attn,256,0,eager,4,0.13098
dense_attn,256,0,eager,5,0.12906
dense_attn,256,0,eager,6,0.12970
dense_attn,256,0,eager,7,0.12960
dense_attn,256,0,eager,8,0.12832
dense_attn,256,0,eager,9,0.13142
dense_attn,256,0,eager,10,0.13024
dense_attn,256,0,eager,11,0.13037
dense_attn,256,0,eager,12,0.12918
dense_attn,256,0,eager,13,0.12925
dense_attn,256,0,eager,14,0.12963
dense_attn,256,0,eager,15,0.13437
dense_attn,256,0,eager,16,0.12938
dense_attn,256,0,eager,17,0.12883
dense_attn,256,0,eager,18,0.12758
dense_attn,256,0,eager,19,0.12925
dense_attn,256,0,eager,20,0.13094
dense_attn,256,0,eager,21,0.13446
dense_attn,256,0,eager,22,0.12886
dense_attn,256,0,eager,23,0.12752
dense_attn,256,0,eager,24,0.12592
dense_attn,256,0,eager,25,0.12794
dense_attn,256,0,eager,26,0.12861
dense_attn,256,0,eager,27,0.12704
dense_attn,256,0,eager,28,0.13440
dense_attn,256,0,eager,29,0.14621
dense_attn,512,0,graph,0,0.05202
dense_attn,512,0,graph,1,0.05199
dense_attn,512,0,graph,2,0.05188
dense_attn,512,0,graph,3,0.05202
dense_attn,512,0,graph,4,0.05201
dense_attn,512,0,graph,5,0.05224
dense_attn,512,0,graph,6,0.05200
dense_attn,512,0,graph,7,0.05205
dense_attn,512,0,graph,8,0.05197
dense_attn,512,0,graph,9,0.05223
dense_attn,512,0,graph,10,0.05210
dense_attn,512,0,graph,11,0.05217
dense_attn,512,0,graph,12,0.05215
dense_attn,512,0,graph,13,0.05196
dense_attn,512,0,graph,14,0.05195
dense_attn,512,0,graph,15,0.05212
dense_attn,512,0,graph,16,0.05201
dense_attn,512,0,graph,17,0.05200
dense_attn,512,0,graph,18,0.05206
dense_attn,512,0,graph,19,0.05212
dense_attn,512,0,graph,20,0.05210
dense_attn,512,0,graph,21,0.05204
dense_attn,512,0,graph,22,0.05212
dense_attn,512,0,graph,23,0.05192
dense_attn,512,0,graph,24,0.05197
dense_attn,512,0,graph,25,0.05222
dense_attn,512,0,graph,26,0.05207
dense_attn,512,0,graph,27,0.05244
dense_attn,512,0,graph,28,0.05219
dense_attn,512,0,graph,29,0.05212
dense_attn,512,0,eager,0,0.15091
dense_attn,512,0,eager,1,0.13811
dense_attn,512,0,eager,2,0.13475
dense_attn,512,0,eager,3,0.13165
dense_attn,512,0,eager,4,0.13194
dense_attn,512,0,eager,5,0.13216
dense_attn,512,0,eager,6,0.13085
dense_attn,512,0,eager,7,0.13059
dense_attn,512,0,eager,8,0.12950
dense_attn,512,0,eager,9,0.12986
dense_attn,512,0,eager,10,0.13482
dense_attn,512,0,eager,11,0.12752
dense_attn,512,0,eager,12,0.12790
dense_attn,512,0,eager,13,0.12730
dense_attn,512,0,eager,14,0.12707
dense_attn,512,0,eager,15,0.12634
dense_attn,512,0,eager,16,0.13149
dense_attn,512,0,eager,17,0.12787
dense_attn,512,0,eager,18,0.12666
dense_attn,512,0,eager,19,0.12624
dense_attn,512,0,eager,20,0.12698
dense_attn,512,0,eager,21,0.12803
dense_attn,512,0,eager,22,0.12733
dense_attn,512,0,eager,23,0.13309
dense_attn,512,0,eager,24,0.12701
dense_attn,512,0,eager,25,0.12806
dense_attn,512,0,eager,26,0.12704
dense_attn,512,0,eager,27,0.12717
dense_attn,512,0,eager,28,0.13059
dense_attn,512,0,eager,29,0.13405
dense_attn,1024,0,graph,0,0.07896
dense_attn,1024,0,graph,1,0.07903
dense_attn,1024,0,graph,2,0.07883
dense_attn,1024,0,graph,3,0.07905
dense_attn,1024,0,graph,4,0.07885
dense_attn,1024,0,graph,5,0.07882
dense_attn,1024,0,graph,6,0.07895
dense_attn,1024,0,graph,7,0.07893
dense_attn,1024,0,graph,8,0.07891
dense_attn,1024,0,graph,9,0.07883
dense_attn,1024,0,graph,10,0.07879
dense_attn,1024,0,graph,11,0.07882
dense_attn,1024,0,graph,12,0.07865
dense_attn,1024,0,graph,13,0.07883
dense_attn,1024,0,graph,14,0.07886
dense_attn,1024,0,graph,15,0.07881
dense_attn,1024,0,graph,16,0.07889
dense_attn,1024,0,graph,17,0.07877
dense_attn,1024,0,graph,18,0.07883
dense_attn,1024,0,graph,19,0.07872
dense_attn,1024,0,graph,20,0.07883
dense_attn,1024,0,graph,21,0.07877
dense_attn,1024,0,graph,22,0.07896
dense_attn,1024,0,graph,23,0.07866
dense_attn,1024,0,graph,24,0.07887
dense_attn,1024,0,graph,25,0.07890
dense_attn,1024,0,graph,26,0.07897
dense_attn,1024,0,graph,27,0.07891
dense_attn,1024,0,graph,28,0.07867
dense_attn,1024,0,graph,29,0.07886
dense_attn,1024,0,eager,0,0.15107
dense_attn,1024,0,eager,1,0.14803
dense_attn,1024,0,eager,2,0.15146
dense_attn,1024,0,eager,3,0.13482
dense_attn,1024,0,eager,4,0.13203
dense_attn,1024,0,eager,5,0.13338
dense_attn,1024,0,eager,6,0.13078
dense_attn,1024,0,eager,7,0.13162
dense_attn,1024,0,eager,8,0.14842
dense_attn,1024,0,eager,9,0.13162
dense_attn,1024,0,eager,10,0.13066
dense_attn,1024,0,eager,11,0.12976
dense_attn,1024,0,eager,12,0.13126
dense_attn,1024,0,eager,13,0.13514
dense_attn,1024,0,eager,14,0.13686
dense_attn,1024,0,eager,15,0.13062
dense_attn,1024,0,eager,16,0.12966
dense_attn,1024,0,eager,17,0.12906
dense_attn,1024,0,eager,18,0.12979
dense_attn,1024,0,eager,19,0.12864
dense_attn,1024,0,eager,20,0.13046
dense_attn,1024,0,eager,21,0.13098
dense_attn,1024,0,eager,22,0.13011
dense_attn,1024,0,eager,23,0.12893
dense_attn,1024,0,eager,24,0.12832
dense_attn,1024,0,eager,25,0.12768
dense_attn,1024,0,eager,26,0.12886
dense_attn,1024,0,eager,27,0.13283
dense_attn,1024,0,eager,28,0.13002
dense_attn,1024,0,eager,29,0.12858
dense_attn,2048,0,graph,0,0.14023
dense_attn,2048,0,graph,1,0.14009
dense_attn,2048,0,graph,2,0.14040
dense_attn,2048,0,graph,3,0.14026
dense_attn,2048,0,graph,4,0.14055
dense_attn,2048,0,graph,5,0.14027
dense_attn,2048,0,graph,6,0.14038
dense_attn,2048,0,graph,7,0.13987
dense_attn,2048,0,graph,8,0.14058
dense_attn,2048,0,graph,9,0.14009
dense_attn,2048,0,graph,10,0.14043
dense_attn,2048,0,graph,11,0.14015
dense_attn,2048,0,graph,12,0.14040
dense_attn,2048,0,graph,13,0.14041
dense_attn,2048,0,graph,14,0.14042
dense_attn,2048,0,graph,15,0.14018
dense_attn,2048,0,graph,16,0.13983
dense_attn,2048,0,graph,17,0.14046
dense_attn,2048,0,graph,18,0.13997
dense_attn,2048,0,graph,19,0.14021
dense_attn,2048,0,graph,20,0.14028
dense_attn,2048,0,graph,21,0.14019
dense_attn,2048,0,graph,22,0.14046
dense_attn,2048,0,graph,23,0.14023
dense_attn,2048,0,graph,24,0.14049
dense_attn,2048,0,graph,25,0.13987
dense_attn,2048,0,graph,26,0.13993
dense_attn,2048,0,graph,27,0.14020
dense_attn,2048,0,graph,28,0.14007
dense_attn,2048,0,graph,29,0.14046
dense_attn,2048,0,eager,0,0.17098
dense_attn,2048,0,eager,1,0.16774
dense_attn,2048,0,eager,2,0.16541
dense_attn,2048,0,eager,3,0.16550
dense_attn,2048,0,eager,4,0.16445
dense_attn,2048,0,eager,5,0.16602
dense_attn,2048,0,eager,6,0.16400
dense_attn,2048,0,eager,7,0.16390
dense_attn,2048,0,eager,8,0.16470
dense_attn,2048,0,eager,9,0.16608
dense_attn,2048,0,eager,10,0.16483
dense_attn,2048,0,eager,11,0.16362
dense_attn,2048,0,eager,12,0.16390
dense_attn,2048,0,eager,13,0.16614
dense_attn,2048,0,eager,14,0.16432
dense_attn,2048,0,eager,15,0.16371
dense_attn,2048,0,eager,16,0.16326
dense_attn,2048,0,eager,17,0.16413
dense_attn,2048,0,eager,18,0.16445
dense_attn,2048,0,eager,19,0.16384
dense_attn,2048,0,eager,20,0.16426
dense_attn,2048,0,eager,21,0.16554
dense_attn,2048,0,eager,22,0.16426
dense_attn,2048,0,eager,23,0.16381
dense_attn,2048,0,eager,24,0.16528
dense_attn,2048,0,eager,25,0.16458
dense_attn,2048,0,eager,26,0.16378
dense_attn,2048,0,eager,27,0.16358
dense_attn,2048,0,eager,28,0.16403
dense_attn,2048,0,eager,29,0.16614
dense_attn,4096,0,graph,0,0.26803
dense_attn,4096,0,graph,1,0.26806
dense_attn,4096,0,graph,2,0.26787
dense_attn,4096,0,graph,3,0.26797
dense_attn,4096,0,graph,4,0.26834
dense_attn,4096,0,graph,5,0.26779
dense_attn,4096,0,graph,6,0.26772
dense_attn,4096,0,graph,7,0.26840
dense_attn,4096,0,graph,8,0.26851
dense_attn,4096,0,graph,9,0.26757
dense_attn,4096,0,graph,10,0.26799
dense_attn,4096,0,graph,11,0.26835
dense_attn,4096,0,graph,12,0.26747
dense_attn,4096,0,graph,13,0.26784
dense_attn,4096,0,graph,14,0.26736
dense_attn,4096,0,graph,15,0.26881
dense_attn,4096,0,graph,16,0.26814
dense_attn,4096,0,graph,17,0.26767
dense_attn,4096,0,graph,18,0.26761
dense_attn,4096,0,graph,19,0.26775
dense_attn,4096,0,graph,20,0.26796
dense_attn,4096,0,graph,21,0.26759
dense_attn,4096,0,graph,22,0.26754
dense_attn,4096,0,graph,23,0.26782
dense_attn,4096,0,graph,24,0.26805
dense_attn,4096,0,graph,25,0.26745
dense_attn,4096,0,graph,26,0.27179
dense_attn,4096,0,graph,27,0.26846
dense_attn,4096,0,graph,28,0.26746
dense_attn,4096,0,graph,29,0.26794
dense_attn,4096,0,eager,0,0.29514
dense_attn,4096,0,eager,1,0.29152
dense_attn,4096,0,eager,2,0.28854
dense_attn,4096,0,eager,3,0.28618
dense_attn,4096,0,eager,4,0.28461
dense_attn,4096,0,eager,5,0.28714
dense_attn,4096,0,eager,6,0.28592
dense_attn,4096,0,eager,7,0.28512
dense_attn,4096,0,eager,8,0.28589
dense_attn,4096,0,eager,9,0.28656
dense_attn,4096,0,eager,10,0.28691
dense_attn,4096,0,eager,11,0.28528
dense_attn,4096,0,eager,12,0.28493
dense_attn,4096,0,eager,13,0.28758
dense_attn,4096,0,eager,14,0.28560
dense_attn,4096,0,eager,15,0.28557
dense_attn,4096,0,eager,16,0.28400
dense_attn,4096,0,eager,17,0.28608
dense_attn,4096,0,eager,18,0.28525
dense_attn,4096,0,eager,19,0.28416
dense_attn,4096,0,eager,20,0.28493
dense_attn,4096,0,eager,21,0.29117
dense_attn,4096,0,eager,22,0.28650
dense_attn,4096,0,eager,23,0.28470
dense_attn,4096,0,eager,24,0.28467
dense_attn,4096,0,eager,25,0.28480
dense_attn,4096,0,eager,26,0.28544
dense_attn,4096,0,eager,27,0.28435
dense_attn,4096,0,eager,28,0.28678
dense_attn,4096,0,eager,29,0.28342
dense_attn,8192,0,graph,0,0.52058
dense_attn,8192,0,graph,1,0.52210
dense_attn,8192,0,graph,2,0.52203
dense_attn,8192,0,graph,3,0.52147
dense_attn,8192,0,graph,4,0.52150
dense_attn,8192,0,graph,5,0.52195
dense_attn,8192,0,graph,6,0.52116
dense_attn,8192,0,graph,7,0.52118
dense_attn,8192,0,graph,8,0.52341
dense_attn,8192,0,graph,9,0.52337
dense_attn,8192,0,graph,10,0.52246
dense_attn,8192,0,graph,11,0.52298
dense_attn,8192,0,graph,12,0.52366
dense_attn,8192,0,graph,13,0.52399
dense_attn,8192,0,graph,14,0.52243
dense_attn,8192,0,graph,15,0.52259
dense_attn,8192,0,graph,16,0.52419
dense_attn,8192,0,graph,17,0.52214
dense_attn,8192,0,graph,18,0.52265
dense_attn,8192,0,graph,19,0.52419
dense_attn,8192,0,graph,20,0.52349
dense_attn,8192,0,graph,21,0.52385
dense_attn,8192,0,graph,22,0.52357
dense_attn,8192,0,graph,23,0.52323
dense_attn,8192,0,graph,24,0.52289
dense_attn,8192,0,graph,25,0.52233
dense_attn,8192,0,graph,26,0.52287
dense_attn,8192,0,graph,27,0.52374
dense_attn,8192,0,graph,28,0.52268
dense_attn,8192,0,graph,29,0.52320
dense_attn,8192,0,eager,0,0.54726
dense_attn,8192,0,eager,1,0.54323
dense_attn,8192,0,eager,2,0.53885
dense_attn,8192,0,eager,3,0.53869
dense_attn,8192,0,eager,4,0.54061
dense_attn,8192,0,eager,5,0.53987
dense_attn,8192,0,eager,6,0.53859
dense_attn,8192,0,eager,7,0.53837
dense_attn,8192,0,eager,8,0.53846
dense_attn,8192,0,eager,9,0.54163
dense_attn,8192,0,eager,10,0.53885
dense_attn,8192,0,eager,11,0.53965
dense_attn,8192,0,eager,12,0.53904
dense_attn,8192,0,eager,13,0.54042
dense_attn,8192,0,eager,14,0.53814
dense_attn,8192,0,eager,15,0.53987
dense_attn,8192,0,eager,16,0.53664
dense_attn,8192,0,eager,17,0.54090
dense_attn,8192,0,eager,18,0.53830
dense_attn,8192,0,eager,19,0.53722
dense_attn,8192,0,eager,20,0.53917
dense_attn,8192,0,eager,21,0.53920
dense_attn,8192,0,eager,22,0.53898
dense_attn,8192,0,eager,23,0.53824
dense_attn,8192,0,eager,24,0.53930
dense_attn,8192,0,eager,25,0.54032
dense_attn,8192,0,eager,26,0.53898
dense_attn,8192,0,eager,27,0.53821
dense_attn,8192,0,eager,28,0.53830
dense_attn,8192,0,eager,29,0.53920
dense_gdn,64,0,graph,0,0.03528
dense_gdn,64,0,graph,1,0.03521
dense_gdn,64,0,graph,2,0.03549
dense_gdn,64,0,graph,3,0.03544
dense_gdn,64,0,graph,4,0.03536
dense_gdn,64,0,graph,5,0.03529
dense_gdn,64,0,graph,6,0.03533
dense_gdn,64,0,graph,7,0.03526
dense_gdn,64,0,graph,8,0.03558
dense_gdn,64,0,graph,9,0.03556
dense_gdn,64,0,graph,10,0.03540
dense_gdn,64,0,graph,11,0.03529
dense_gdn,64,0,graph,12,0.03538
dense_gdn,64,0,graph,13,0.03525
dense_gdn,64,0,graph,14,0.03559
dense_gdn,64,0,graph,15,0.03542
dense_gdn,64,0,graph,16,0.03530
dense_gdn,64,0,graph,17,0.03544
dense_gdn,64,0,graph,18,0.03545
dense_gdn,64,0,graph,19,0.03566
dense_gdn,64,0,graph,20,0.03526
dense_gdn,64,0,graph,21,0.03525
dense_gdn,64,0,graph,22,0.03562
dense_gdn,64,0,graph,23,0.03545
dense_gdn,64,0,graph,24,0.03525
dense_gdn,64,0,graph,25,0.03532
dense_gdn,64,0,graph,26,0.03548
dense_gdn,64,0,graph,27,0.03544
dense_gdn,64,0,graph,28,0.03535
dense_gdn,64,0,graph,29,0.03563
dense_gdn,64,0,eager,0,0.23597
dense_gdn,64,0,eager,1,0.23632
dense_gdn,64,0,eager,2,0.21939
dense_gdn,64,0,eager,3,0.22691
dense_gdn,64,0,eager,4,0.21910
dense_gdn,64,0,eager,5,0.22659
dense_gdn,64,0,eager,6,0.21741
dense_gdn,64,0,eager,7,0.23494
dense_gdn,64,0,eager,8,0.22307
dense_gdn,64,0,eager,9,0.21616
dense_gdn,64,0,eager,10,0.21450
dense_gdn,64,0,eager,11,0.22202
dense_gdn,64,0,eager,12,0.21325
dense_gdn,64,0,eager,13,0.21315
dense_gdn,64,0,eager,14,0.21066
dense_gdn,64,0,eager,15,0.22131
dense_gdn,64,0,eager,16,0.22448
dense_gdn,64,0,eager,17,0.21760
dense_gdn,64,0,eager,18,0.22144
dense_gdn,64,0,eager,19,0.22432
dense_gdn,64,0,eager,20,0.21478
dense_gdn,64,0,eager,21,0.21453
dense_gdn,64,0,eager,22,0.21158
dense_gdn,64,0,eager,23,0.22026
dense_gdn,64,0,eager,24,0.21341
dense_gdn,64,0,eager,25,0.21251
dense_gdn,64,0,eager,26,0.21341
dense_gdn,64,0,eager,27,0.21782
dense_gdn,64,0,eager,28,0.21379
dense_gdn,64,0,eager,29,0.21104
dense_gdn,65,0,graph,0,0.03634
dense_gdn,65,0,graph,1,0.03624
dense_gdn,65,0,graph,2,0.03633
dense_gdn,65,0,graph,3,0.03638
dense_gdn,65,0,graph,4,0.03634
dense_gdn,65,0,graph,5,0.03638
dense_gdn,65,0,graph,6,0.03618
dense_gdn,65,0,graph,7,0.03607
dense_gdn,65,0,graph,8,0.03631
dense_gdn,65,0,graph,9,0.03648
dense_gdn,65,0,graph,10,0.03639
dense_gdn,65,0,graph,11,0.03633
dense_gdn,65,0,graph,12,0.03630
dense_gdn,65,0,graph,13,0.03611
dense_gdn,65,0,graph,14,0.03623
dense_gdn,65,0,graph,15,0.03618
dense_gdn,65,0,graph,16,0.03637
dense_gdn,65,0,graph,17,0.03623
dense_gdn,65,0,graph,18,0.03643
dense_gdn,65,0,graph,19,0.03639
dense_gdn,65,0,graph,20,0.03629
dense_gdn,65,0,graph,21,0.03627
dense_gdn,65,0,graph,22,0.03629
dense_gdn,65,0,graph,23,0.03632
dense_gdn,65,0,graph,24,0.03641
dense_gdn,65,0,graph,25,0.03631
dense_gdn,65,0,graph,26,0.03620
dense_gdn,65,0,graph,27,0.03609
dense_gdn,65,0,graph,28,0.03618
dense_gdn,65,0,graph,29,0.03636
dense_gdn,65,0,eager,0,0.22230
dense_gdn,65,0,eager,1,0.22189
dense_gdn,65,0,eager,2,0.22816
dense_gdn,65,0,eager,3,0.22736
dense_gdn,65,0,eager,4,0.21862
dense_gdn,65,0,eager,5,0.21379
dense_gdn,65,0,eager,6,0.22118
dense_gdn,65,0,eager,7,0.21613
dense_gdn,65,0,eager,8,0.21306
dense_gdn,65,0,eager,9,0.21443
dense_gdn,65,0,eager,10,0.29104
dense_gdn,65,0,eager,11,0.22787
dense_gdn,65,0,eager,12,0.21382
dense_gdn,65,0,eager,13,0.21072
dense_gdn,65,0,eager,14,0.21894
dense_gdn,65,0,eager,15,0.21168
dense_gdn,65,0,eager,16,0.21040
dense_gdn,65,0,eager,17,0.24358
dense_gdn,65,0,eager,18,0.23939
dense_gdn,65,0,eager,19,0.22224
dense_gdn,65,0,eager,20,0.21744
dense_gdn,65,0,eager,21,0.21651
dense_gdn,65,0,eager,22,0.22269
dense_gdn,65,0,eager,23,0.21498
dense_gdn,65,0,eager,24,0.21578
dense_gdn,65,0,eager,25,0.21392
dense_gdn,65,0,eager,26,0.22717
dense_gdn,65,0,eager,27,0.22051
dense_gdn,65,0,eager,28,0.21488
dense_gdn,65,0,eager,29,0.21312
dense_gdn,128,0,graph,0,0.03698
dense_gdn,128,0,graph,1,0.03654
dense_gdn,128,0,graph,2,0.03657
dense_gdn,128,0,graph,3,0.03658
dense_gdn,128,0,graph,4,0.03666
dense_gdn,128,0,graph,5,0.03660
dense_gdn,128,0,graph,6,0.03649
dense_gdn,128,0,graph,7,0.03665
dense_gdn,128,0,graph,8,0.03654
dense_gdn,128,0,graph,9,0.03647
dense_gdn,128,0,graph,10,0.03658
dense_gdn,128,0,graph,11,0.03662
dense_gdn,128,0,graph,12,0.03667
dense_gdn,128,0,graph,13,0.03668
dense_gdn,128,0,graph,14,0.03656
dense_gdn,128,0,graph,15,0.03653
dense_gdn,128,0,graph,16,0.03649
dense_gdn,128,0,graph,17,0.03646
dense_gdn,128,0,graph,18,0.03652
dense_gdn,128,0,graph,19,0.03673
dense_gdn,128,0,graph,20,0.03659
dense_gdn,128,0,graph,21,0.03681
dense_gdn,128,0,graph,22,0.03680
dense_gdn,128,0,graph,23,0.03671
dense_gdn,128,0,graph,24,0.03657
dense_gdn,128,0,graph,25,0.03679
dense_gdn,128,0,graph,26,0.03646
dense_gdn,128,0,graph,27,0.03674
dense_gdn,128,0,graph,28,0.03654
dense_gdn,128,0,graph,29,0.03639
dense_gdn,128,0,eager,0,0.25946
dense_gdn,128,0,eager,1,0.22320
dense_gdn,128,0,eager,2,0.21939
dense_gdn,128,0,eager,3,0.22854
dense_gdn,128,0,eager,4,0.22186
dense_gdn,128,0,eager,5,0.21782
dense_gdn,128,0,eager,6,0.21459
dense_gdn,128,0,eager,7,0.21277
dense_gdn,128,0,eager,8,0.21597
dense_gdn,128,0,eager,9,0.21414
dense_gdn,128,0,eager,10,0.21405
dense_gdn,128,0,eager,11,0.21203
dense_gdn,128,0,eager,12,0.22045
dense_gdn,128,0,eager,13,0.21712
dense_gdn,128,0,eager,14,0.21632
dense_gdn,128,0,eager,15,0.22125
dense_gdn,128,0,eager,16,0.22051
dense_gdn,128,0,eager,17,0.21475
dense_gdn,128,0,eager,18,0.21350
dense_gdn,128,0,eager,19,0.21312
dense_gdn,128,0,eager,20,0.21686
dense_gdn,128,0,eager,21,0.21328
dense_gdn,128,0,eager,22,0.21306
dense_gdn,128,0,eager,23,0.21280
dense_gdn,128,0,eager,24,0.21642
dense_gdn,128,0,eager,25,0.21661
dense_gdn,128,0,eager,26,0.21264
dense_gdn,128,0,eager,27,0.21574
dense_gdn,128,0,eager,28,0.21510
dense_gdn,128,0,eager,29,0.21328
dense_gdn,129,0,graph,0,0.03805
dense_gdn,129,0,graph,1,0.03802
dense_gdn,129,0,graph,2,0.03793
dense_gdn,129,0,graph,3,0.03794
dense_gdn,129,0,graph,4,0.03788
dense_gdn,129,0,graph,5,0.03802
dense_gdn,129,0,graph,6,0.03796
dense_gdn,129,0,graph,7,0.03806
dense_gdn,129,0,graph,8,0.03806
dense_gdn,129,0,graph,9,0.03817
dense_gdn,129,0,graph,10,0.03793
dense_gdn,129,0,graph,11,0.03798
dense_gdn,129,0,graph,12,0.03798
dense_gdn,129,0,graph,13,0.03782
dense_gdn,129,0,graph,14,0.03799
dense_gdn,129,0,graph,15,0.03797
dense_gdn,129,0,graph,16,0.03808
dense_gdn,129,0,graph,17,0.03803
dense_gdn,129,0,graph,18,0.03791
dense_gdn,129,0,graph,19,0.03798
dense_gdn,129,0,graph,20,0.03813
dense_gdn,129,0,graph,21,0.03951
dense_gdn,129,0,graph,22,0.03804
dense_gdn,129,0,graph,23,0.03809
dense_gdn,129,0,graph,24,0.03804
dense_gdn,129,0,graph,25,0.03798
dense_gdn,129,0,graph,26,0.03798
dense_gdn,129,0,graph,27,0.03794
dense_gdn,129,0,graph,28,0.03793
dense_gdn,129,0,graph,29,0.03796
dense_gdn,129,0,eager,0,0.22470
dense_gdn,129,0,eager,1,0.22400
dense_gdn,129,0,eager,2,0.22320
dense_gdn,129,0,eager,3,0.21840
dense_gdn,129,0,eager,4,0.21408
dense_gdn,129,0,eager,5,0.21149
dense_gdn,129,0,eager,6,0.22093
dense_gdn,129,0,eager,7,0.21946
dense_gdn,129,0,eager,8,0.21437
dense_gdn,129,0,eager,9,0.21286
dense_gdn,129,0,eager,10,0.21706
dense_gdn,129,0,eager,11,0.21770
dense_gdn,129,0,eager,12,0.21270
dense_gdn,129,0,eager,13,0.21120
dense_gdn,129,0,eager,14,0.21674
dense_gdn,129,0,eager,15,0.21469
dense_gdn,129,0,eager,16,0.21555
dense_gdn,129,0,eager,17,0.21450
dense_gdn,129,0,eager,18,0.21606
dense_gdn,129,0,eager,19,0.21677
dense_gdn,129,0,eager,20,0.21456
dense_gdn,129,0,eager,21,0.21386
dense_gdn,129,0,eager,22,0.21347
dense_gdn,129,0,eager,23,0.22336
dense_gdn,129,0,eager,24,0.21747
dense_gdn,129,0,eager,25,0.21453
dense_gdn,129,0,eager,26,0.21190
dense_gdn,129,0,eager,27,0.21302
dense_gdn,129,0,eager,28,0.21478
dense_gdn,129,0,eager,29,0.20989
dense_gdn,256,0,graph,0,0.03937
dense_gdn,256,0,graph,1,0.03945
dense_gdn,256,0,graph,2,0.03947
dense_gdn,256,0,graph,3,0.03924
dense_gdn,256,0,graph,4,0.03925
dense_gdn,256,0,graph,5,0.03959
dense_gdn,256,0,graph,6,0.03954
dense_gdn,256,0,graph,7,0.03930
dense_gdn,256,0,graph,8,0.03950
dense_gdn,256,0,graph,9,0.03950
dense_gdn,256,0,graph,10,0.03922
dense_gdn,256,0,graph,11,0.03957
dense_gdn,256,0,graph,12,0.03941
dense_gdn,256,0,graph,13,0.04346
dense_gdn,256,0,graph,14,0.03928
dense_gdn,256,0,graph,15,0.03940
dense_gdn,256,0,graph,16,0.03942
dense_gdn,256,0,graph,17,0.03936
dense_gdn,256,0,graph,18,0.03945
dense_gdn,256,0,graph,19,0.03920
dense_gdn,256,0,graph,20,0.03919
dense_gdn,256,0,graph,21,0.03936
dense_gdn,256,0,graph,22,0.03937
dense_gdn,256,0,graph,23,0.03944
dense_gdn,256,0,graph,24,0.03935
dense_gdn,256,0,graph,25,0.03930
dense_gdn,256,0,graph,26,0.03935
dense_gdn,256,0,graph,27,0.03937
dense_gdn,256,0,graph,28,0.03927
dense_gdn,256,0,graph,29,0.03937
dense_gdn,256,0,eager,0,0.22816
dense_gdn,256,0,eager,1,0.21731
dense_gdn,256,0,eager,2,0.21792
dense_gdn,256,0,eager,3,0.22115
dense_gdn,256,0,eager,4,0.22806
dense_gdn,256,0,eager,5,0.21670
dense_gdn,256,0,eager,6,0.21270
dense_gdn,256,0,eager,7,0.21990
dense_gdn,256,0,eager,8,0.21174
dense_gdn,256,0,eager,9,0.21085
dense_gdn,256,0,eager,10,0.20877
dense_gdn,256,0,eager,11,0.21546
dense_gdn,256,0,eager,12,0.21581
dense_gdn,256,0,eager,13,0.21130
dense_gdn,256,0,eager,14,0.20915
dense_gdn,256,0,eager,15,0.21920
dense_gdn,256,0,eager,16,0.21050
dense_gdn,256,0,eager,17,0.20979
dense_gdn,256,0,eager,18,0.21027
dense_gdn,256,0,eager,19,0.21910
dense_gdn,256,0,eager,20,0.21056
dense_gdn,256,0,eager,21,0.20938
dense_gdn,256,0,eager,22,0.20909
dense_gdn,256,0,eager,23,0.22003
dense_gdn,256,0,eager,24,0.21878
dense_gdn,256,0,eager,25,0.21325
dense_gdn,256,0,eager,26,0.21293
dense_gdn,256,0,eager,27,0.21914
dense_gdn,256,0,eager,28,0.21059
dense_gdn,256,0,eager,29,0.21030
dense_gdn,512,0,graph,0,0.05130
dense_gdn,512,0,graph,1,0.05105
dense_gdn,512,0,graph,2,0.05094
dense_gdn,512,0,graph,3,0.05115
dense_gdn,512,0,graph,4,0.05131
dense_gdn,512,0,graph,5,0.05115
dense_gdn,512,0,graph,6,0.05104
dense_gdn,512,0,graph,7,0.05115
dense_gdn,512,0,graph,8,0.05118
dense_gdn,512,0,graph,9,0.05111
dense_gdn,512,0,graph,10,0.05109
dense_gdn,512,0,graph,11,0.05096
dense_gdn,512,0,graph,12,0.05100
dense_gdn,512,0,graph,13,0.05117
dense_gdn,512,0,graph,14,0.05098
dense_gdn,512,0,graph,15,0.05116
dense_gdn,512,0,graph,16,0.05108
dense_gdn,512,0,graph,17,0.05107
dense_gdn,512,0,graph,18,0.05116
dense_gdn,512,0,graph,19,0.05098
dense_gdn,512,0,graph,20,0.05110
dense_gdn,512,0,graph,21,0.05103
dense_gdn,512,0,graph,22,0.05083
dense_gdn,512,0,graph,23,0.05118
dense_gdn,512,0,graph,24,0.05092
dense_gdn,512,0,graph,25,0.05117
dense_gdn,512,0,graph,26,0.05091
dense_gdn,512,0,graph,27,0.05105
dense_gdn,512,0,graph,28,0.05110
dense_gdn,512,0,graph,29,0.05106
dense_gdn,512,0,eager,0,0.14880
dense_gdn,512,0,eager,1,0.15088
dense_gdn,512,0,eager,2,0.14035
dense_gdn,512,0,eager,3,0.14256
dense_gdn,512,0,eager,4,0.14061
dense_gdn,512,0,eager,5,0.13869
dense_gdn,512,0,eager,6,0.13866
dense_gdn,512,0,eager,7,0.14259
dense_gdn,512,0,eager,8,0.13821
dense_gdn,512,0,eager,9,0.13667
dense_gdn,512,0,eager,10,0.13731
dense_gdn,512,0,eager,11,0.13725
dense_gdn,512,0,eager,12,0.13581
dense_gdn,512,0,eager,13,0.13578
dense_gdn,512,0,eager,14,0.14669
dense_gdn,512,0,eager,15,0.13834
dense_gdn,512,0,eager,16,0.13709
dense_gdn,512,0,eager,17,0.13725
dense_gdn,512,0,eager,18,0.13526
dense_gdn,512,0,eager,19,0.13424
dense_gdn,512,0,eager,20,0.14096
dense_gdn,512,0,eager,21,0.13536
dense_gdn,512,0,eager,22,0.13485
dense_gdn,512,0,eager,23,0.13507
dense_gdn,512,0,eager,24,0.13414
dense_gdn,512,0,eager,25,0.13731
dense_gdn,512,0,eager,26,0.14387
dense_gdn,512,0,eager,27,0.13581
dense_gdn,512,0,eager,28,0.14272
dense_gdn,512,0,eager,29,0.13744
dense_gdn,1024,0,graph,0,0.07935
dense_gdn,1024,0,graph,1,0.07928
dense_gdn,1024,0,graph,2,0.07929
dense_gdn,1024,0,graph,3,0.07906
dense_gdn,1024,0,graph,4,0.07904
dense_gdn,1024,0,graph,5,0.07917
dense_gdn,1024,0,graph,6,0.07917
dense_gdn,1024,0,graph,7,0.07898
dense_gdn,1024,0,graph,8,0.07881
dense_gdn,1024,0,graph,9,0.07902
dense_gdn,1024,0,graph,10,0.07864
dense_gdn,1024,0,graph,11,0.07880
dense_gdn,1024,0,graph,12,0.07843
dense_gdn,1024,0,graph,13,0.07856
dense_gdn,1024,0,graph,14,0.07886
dense_gdn,1024,0,graph,15,0.07860
dense_gdn,1024,0,graph,16,0.07861
dense_gdn,1024,0,graph,17,0.07840
dense_gdn,1024,0,graph,18,0.07854
dense_gdn,1024,0,graph,19,0.07852
dense_gdn,1024,0,graph,20,0.07823
dense_gdn,1024,0,graph,21,0.07847
dense_gdn,1024,0,graph,22,0.07844
dense_gdn,1024,0,graph,23,0.07838
dense_gdn,1024,0,graph,24,0.07848
dense_gdn,1024,0,graph,25,0.07884
dense_gdn,1024,0,graph,26,0.07818
dense_gdn,1024,0,graph,27,0.07820
dense_gdn,1024,0,graph,28,0.07855
dense_gdn,1024,0,graph,29,0.07842
dense_gdn,1024,0,eager,0,0.12803
dense_gdn,1024,0,eager,1,0.12323
dense_gdn,1024,0,eager,2,0.12221
dense_gdn,1024,0,eager,3,0.21021
dense_gdn,1024,0,eager,4,0.12989
dense_gdn,1024,0,eager,5,0.12618
dense_gdn,1024,0,eager,6,0.12400
dense_gdn,1024,0,eager,7,0.12518
dense_gdn,1024,0,eager,8,0.12368
dense_gdn,1024,0,eager,9,0.12723
dense_gdn,1024,0,eager,10,0.12189
dense_gdn,1024,0,eager,11,0.11946
dense_gdn,1024,0,eager,12,0.12022
dense_gdn,1024,0,eager,13,0.12499
dense_gdn,1024,0,eager,14,0.12278
dense_gdn,1024,0,eager,15,0.12045
dense_gdn,1024,0,eager,16,0.12496
dense_gdn,1024,0,eager,17,0.12374
dense_gdn,1024,0,eager,18,0.12182
dense_gdn,1024,0,eager,19,0.12525
dense_gdn,1024,0,eager,20,0.12182
dense_gdn,1024,0,eager,21,0.12170
dense_gdn,1024,0,eager,22,0.12134
dense_gdn,1024,0,eager,23,0.12979
dense_gdn,1024,0,eager,24,0.12160
dense_gdn,1024,0,eager,25,0.12182
dense_gdn,1024,0,eager,26,0.11974
dense_gdn,1024,0,eager,27,0.12058
dense_gdn,1024,0,eager,28,0.12102
dense_gdn,1024,0,eager,29,0.12106
dense_gdn,2048,0,graph,0,0.13995
dense_gdn,2048,0,graph,1,0.14022
dense_gdn,2048,0,graph,2,0.14029
dense_gdn,2048,0,graph,3,0.14017
dense_gdn,2048,0,graph,4,0.14012
dense_gdn,2048,0,graph,5,0.14035
dense_gdn,2048,0,graph,6,0.14024
dense_gdn,2048,0,graph,7,0.14027
dense_gdn,2048,0,graph,8,0.14023
dense_gdn,2048,0,graph,9,0.14016
dense_gdn,2048,0,graph,10,0.14006
dense_gdn,2048,0,graph,11,0.13983
dense_gdn,2048,0,graph,12,0.14004
dense_gdn,2048,0,graph,13,0.14030
dense_gdn,2048,0,graph,14,0.13979
dense_gdn,2048,0,graph,15,0.13964
dense_gdn,2048,0,graph,16,0.13926
dense_gdn,2048,0,graph,17,0.13992
dense_gdn,2048,0,graph,18,0.13984
dense_gdn,2048,0,graph,19,0.13944
dense_gdn,2048,0,graph,20,0.13920
dense_gdn,2048,0,graph,21,0.13936
dense_gdn,2048,0,graph,22,0.13932
dense_gdn,2048,0,graph,23,0.13917
dense_gdn,2048,0,graph,24,0.13926
dense_gdn,2048,0,graph,25,0.13895
dense_gdn,2048,0,graph,26,0.13923
dense_gdn,2048,0,graph,27,0.13900
dense_gdn,2048,0,graph,28,0.13924
dense_gdn,2048,0,graph,29,0.13954
dense_gdn,2048,0,eager,0,0.60285
dense_gdn,2048,0,eager,1,0.58544
dense_gdn,2048,0,eager,2,0.55920
dense_gdn,2048,0,eager,3,0.57261
dense_gdn,2048,0,eager,4,0.59536
dense_gdn,2048,0,eager,5,0.54474
dense_gdn,2048,0,eager,6,0.29494
dense_gdn,2048,0,eager,7,0.15440
dense_gdn,2048,0,eager,8,0.15200
dense_gdn,2048,0,eager,9,0.15126
dense_gdn,2048,0,eager,10,0.15222
dense_gdn,2048,0,eager,11,0.15376
dense_gdn,2048,0,eager,12,0.15290
dense_gdn,2048,0,eager,13,0.15203
dense_gdn,2048,0,eager,14,0.15270
dense_gdn,2048,0,eager,15,0.15446
dense_gdn,2048,0,eager,16,0.15299
dense_gdn,2048,0,eager,17,0.15219
dense_gdn,2048,0,eager,18,0.15248
dense_gdn,2048,0,eager,19,0.15344
dense_gdn,2048,0,eager,20,0.15254
dense_gdn,2048,0,eager,21,0.15194
dense_gdn,2048,0,eager,22,0.15213
dense_gdn,2048,0,eager,23,0.15344
dense_gdn,2048,0,eager,24,0.15389
dense_gdn,2048,0,eager,25,0.15190
dense_gdn,2048,0,eager,26,0.15302
dense_gdn,2048,0,eager,27,0.15386
dense_gdn,2048,0,eager,28,0.15370
dense_gdn,2048,0,eager,29,0.15178
dense_gdn,4096,0,graph,0,0.25552
dense_gdn,4096,0,graph,1,0.25580
dense_gdn,4096,0,graph,2,0.25569
dense_gdn,4096,0,graph,3,0.25471
dense_gdn,4096,0,graph,4,0.25523
dense_gdn,4096,0,graph,5,0.25542
dense_gdn,4096,0,graph,6,0.25530
dense_gdn,4096,0,graph,7,0.25549
dense_gdn,4096,0,graph,8,0.25508
dense_gdn,4096,0,graph,9,0.25549
dense_gdn,4096,0,graph,10,0.25561
dense_gdn,4096,0,graph,11,0.25721
dense_gdn,4096,0,graph,12,0.25684
dense_gdn,4096,0,graph,13,0.25635
dense_gdn,4096,0,graph,14,0.25621
dense_gdn,4096,0,graph,15,0.25652
dense_gdn,4096,0,graph,16,0.25704
dense_gdn,4096,0,graph,17,0.25626
dense_gdn,4096,0,graph,18,0.25688
dense_gdn,4096,0,graph,19,0.25633
dense_gdn,4096,0,graph,20,0.25612
dense_gdn,4096,0,graph,21,0.25649
dense_gdn,4096,0,graph,22,0.25633
dense_gdn,4096,0,graph,23,0.25623
dense_gdn,4096,0,graph,24,0.25629
dense_gdn,4096,0,graph,25,0.25624
dense_gdn,4096,0,graph,26,0.25611
dense_gdn,4096,0,graph,27,0.25610
dense_gdn,4096,0,graph,28,0.25672
dense_gdn,4096,0,graph,29,0.25782
dense_gdn,4096,0,eager,0,0.26790
dense_gdn,4096,0,eager,1,0.26563
dense_gdn,4096,0,eager,2,0.26464
dense_gdn,4096,0,eager,3,0.26499
dense_gdn,4096,0,eager,4,0.26576
dense_gdn,4096,0,eager,5,0.26384
dense_gdn,4096,0,eager,6,0.26592
dense_gdn,4096,0,eager,7,0.26362
dense_gdn,4096,0,eager,8,0.26602
dense_gdn,4096,0,eager,9,0.26336
dense_gdn,4096,0,eager,10,0.26624
dense_gdn,4096,0,eager,11,0.26560
dense_gdn,4096,0,eager,12,0.26589
dense_gdn,4096,0,eager,13,0.26435
dense_gdn,4096,0,eager,14,0.26458
dense_gdn,4096,0,eager,15,0.26403
dense_gdn,4096,0,eager,16,0.26538
dense_gdn,4096,0,eager,17,0.26374
dense_gdn,4096,0,eager,18,0.26413
dense_gdn,4096,0,eager,19,0.26384
dense_gdn,4096,0,eager,20,0.26694
dense_gdn,4096,0,eager,21,0.26272
dense_gdn,4096,0,eager,22,0.26442
dense_gdn,4096,0,eager,23,0.26381
dense_gdn,4096,0,eager,24,0.26611
dense_gdn,4096,0,eager,25,0.26317
dense_gdn,4096,0,eager,26,0.26598
dense_gdn,4096,0,eager,27,0.26682
dense_gdn,4096,0,eager,28,0.26560
dense_gdn,4096,0,eager,29,0.26394
dense_gdn,8192,0,graph,0,0.50332
dense_gdn,8192,0,graph,1,0.50250
dense_gdn,8192,0,graph,2,0.50140
dense_gdn,8192,0,graph,3,0.50242
dense_gdn,8192,0,graph,4,0.50080
dense_gdn,8192,0,graph,5,0.50081
dense_gdn,8192,0,graph,6,0.50245
dense_gdn,8192,0,graph,7,0.50197
dense_gdn,8192,0,graph,8,0.50174
dense_gdn,8192,0,graph,9,0.50207
dense_gdn,8192,0,graph,10,0.50174
dense_gdn,8192,0,graph,11,0.50187
dense_gdn,8192,0,graph,12,0.50126
dense_gdn,8192,0,graph,13,0.50172
dense_gdn,8192,0,graph,14,0.50159
dense_gdn,8192,0,graph,15,0.50215
dense_gdn,8192,0,graph,16,0.50110
dense_gdn,8192,0,graph,17,0.51538
dense_gdn,8192,0,graph,18,0.51386
dense_gdn,8192,0,graph,19,0.51465
dense_gdn,8192,0,graph,20,0.51420
dense_gdn,8192,0,graph,21,0.51434
dense_gdn,8192,0,graph,22,0.51461
dense_gdn,8192,0,graph,23,0.52080
dense_gdn,8192,0,graph,24,0.52060
dense_gdn,8192,0,graph,25,0.52107
dense_gdn,8192,0,graph,26,0.52059
dense_gdn,8192,0,graph,27,0.51970
dense_gdn,8192,0,graph,28,0.52010
dense_gdn,8192,0,graph,29,0.52010
dense_gdn,8192,0,eager,0,0.51728
dense_gdn,8192,0,eager,1,0.51485
dense_gdn,8192,0,eager,2,0.51200
dense_gdn,8192,0,eager,3,0.51082
dense_gdn,8192,0,eager,4,0.51168
dense_gdn,8192,0,eager,5,0.51142
dense_gdn,8192,0,eager,6,0.51030
dense_gdn,8192,0,eager,7,0.51162
dense_gdn,8192,0,eager,8,0.51120
dense_gdn,8192,0,eager,9,0.50938
dense_gdn,8192,0,eager,10,0.51034
dense_gdn,8192,0,eager,11,0.51171
dense_gdn,8192,0,eager,12,0.51174
dense_gdn,8192,0,eager,13,0.51245
dense_gdn,8192,0,eager,14,0.51075
dense_gdn,8192,0,eager,15,0.50992
dense_gdn,8192,0,eager,16,0.51011
dense_gdn,8192,0,eager,17,0.50944
dense_gdn,8192,0,eager,18,0.51024
dense_gdn,8192,0,eager,19,0.50886
dense_gdn,8192,0,eager,20,0.51046
dense_gdn,8192,0,eager,21,0.51136
dense_gdn,8192,0,eager,22,0.50982
dense_gdn,8192,0,eager,23,0.51069
dense_gdn,8192,0,eager,24,0.51024
dense_gdn,8192,0,eager,25,0.51203
dense_gdn,8192,0,eager,26,0.51101
dense_gdn,8192,0,eager,27,0.51107
dense_gdn,8192,0,eager,28,0.51216
dense_gdn,8192,0,eager,29,0.50973
gdn_conv,64,0,graph,0,0.00842
gdn_conv,64,0,graph,1,0.00790
gdn_conv,64,0,graph,2,0.00826
gdn_conv,64,0,graph,3,0.00819
gdn_conv,64,0,graph,4,0.00794
gdn_conv,64,0,graph,5,0.00800
gdn_conv,64,0,graph,6,0.00778
gdn_conv,64,0,graph,7,0.00806
gdn_conv,64,0,graph,8,0.00796
gdn_conv,64,0,graph,9,0.00774
gdn_conv,64,0,graph,10,0.00819
gdn_conv,64,0,graph,11,0.00800
gdn_conv,64,0,graph,12,0.00797
gdn_conv,64,0,graph,13,0.00784
gdn_conv,64,0,graph,14,0.00790
gdn_conv,64,0,graph,15,0.00803
gdn_conv,64,0,graph,16,0.00851
gdn_conv,64,0,graph,17,0.00803
gdn_conv,64,0,graph,18,0.00803
gdn_conv,64,0,graph,19,0.00787
gdn_conv,64,0,graph,20,0.00803
gdn_conv,64,0,graph,21,0.00781
gdn_conv,64,0,graph,22,0.00806
gdn_conv,64,0,graph,23,0.00832
gdn_conv,64,0,graph,24,0.00819
gdn_conv,64,0,graph,25,0.00784
gdn_conv,64,0,graph,26,0.00775
gdn_conv,64,0,graph,27,0.00778
gdn_conv,64,0,graph,28,0.00803
gdn_conv,64,0,graph,29,0.00778
gdn_conv,64,0,eager,0,0.16435
gdn_conv,64,0,eager,1,0.16310
gdn_conv,64,0,eager,2,0.15229
gdn_conv,64,0,eager,3,0.14614
gdn_conv,64,0,eager,4,0.14589
gdn_conv,64,0,eager,5,0.14979
gdn_conv,64,0,eager,6,0.15366
gdn_conv,64,0,eager,7,0.14650
gdn_conv,64,0,eager,8,0.14698
gdn_conv,64,0,eager,9,0.15142
gdn_conv,64,0,eager,10,0.14461
gdn_conv,64,0,eager,11,0.14355
gdn_conv,64,0,eager,12,0.14970
gdn_conv,64,0,eager,13,0.15219
gdn_conv,64,0,eager,14,0.14614
gdn_conv,64,0,eager,15,0.14397
gdn_conv,64,0,eager,16,0.14976
gdn_conv,64,0,eager,17,0.14406
gdn_conv,64,0,eager,18,0.15018
gdn_conv,64,0,eager,19,0.14554
gdn_conv,64,0,eager,20,0.14192
gdn_conv,64,0,eager,21,0.14285
gdn_conv,64,0,eager,22,0.14278
gdn_conv,64,0,eager,23,0.14368
gdn_conv,64,0,eager,24,0.15395
gdn_conv,64,0,eager,25,0.14739
gdn_conv,64,0,eager,26,0.14333
gdn_conv,64,0,eager,27,0.14291
gdn_conv,64,0,eager,28,0.14240
gdn_conv,64,0,eager,29,0.14336
gdn_conv,65,0,graph,0,0.00794
gdn_conv,65,0,graph,1,0.00793
gdn_conv,65,0,graph,2,0.00787
gdn_conv,65,0,graph,3,0.00800
gdn_conv,65,0,graph,4,0.00857
gdn_conv,65,0,graph,5,0.00813
gdn_conv,65,0,graph,6,0.00790
gdn_conv,65,0,graph,7,0.00816
gdn_conv,65,0,graph,8,0.00787
gdn_conv,65,0,graph,9,0.00806
gdn_conv,65,0,graph,10,0.00787
gdn_conv,65,0,graph,11,0.00784
gdn_conv,65,0,graph,12,0.00784
gdn_conv,65,0,graph,13,0.00832
gdn_conv,65,0,graph,14,0.00816
gdn_conv,65,0,graph,15,0.00781
gdn_conv,65,0,graph,16,0.00803
gdn_conv,65,0,graph,17,0.00777
gdn_conv,65,0,graph,18,0.00784
gdn_conv,65,0,graph,19,0.00800
gdn_conv,65,0,graph,20,0.00774
gdn_conv,65,0,graph,21,0.00787
gdn_conv,65,0,graph,22,0.00778
gdn_conv,65,0,graph,23,0.00774
gdn_conv,65,0,graph,24,0.00781
gdn_conv,65,0,graph,25,0.00803
gdn_conv,65,0,graph,26,0.00797
gdn_conv,65,0,graph,27,0.00810
gdn_conv,65,0,graph,28,0.00787
gdn_conv,65,0,graph,29,0.00810
gdn_conv,65,0,eager,0,0.19242
gdn_conv,65,0,eager,1,0.18570
gdn_conv,65,0,eager,2,0.17968
gdn_conv,65,0,eager,3,0.16944
gdn_conv,65,0,eager,4,0.17392
gdn_conv,65,0,eager,5,0.16902
gdn_conv,65,0,eager,6,0.16717
gdn_conv,65,0,eager,7,0.16938
gdn_conv,65,0,eager,8,0.16422
gdn_conv,65,0,eager,9,0.16477
gdn_conv,65,0,eager,10,0.16438
gdn_conv,65,0,eager,11,0.17053
gdn_conv,65,0,eager,12,0.18970
gdn_conv,65,0,eager,13,0.16576
gdn_conv,65,0,eager,14,0.16285
gdn_conv,65,0,eager,15,0.16339
gdn_conv,65,0,eager,16,0.16323
gdn_conv,65,0,eager,17,0.17776
gdn_conv,65,0,eager,18,0.16886
gdn_conv,65,0,eager,19,0.16518
gdn_conv,65,0,eager,20,0.16477
gdn_conv,65,0,eager,21,0.16362
gdn_conv,65,0,eager,22,0.16714
gdn_conv,65,0,eager,23,0.16442
gdn_conv,65,0,eager,24,0.16438
gdn_conv,65,0,eager,25,0.16406
gdn_conv,65,0,eager,26,0.16403
gdn_conv,65,0,eager,27,0.16301
gdn_conv,65,0,eager,28,0.16550
gdn_conv,65,0,eager,29,0.16307
gdn_conv,128,0,graph,0,0.00813
gdn_conv,128,0,graph,1,0.00816
gdn_conv,128,0,graph,2,0.00793
gdn_conv,128,0,graph,3,0.00797
gdn_conv,128,0,graph,4,0.00790
gdn_conv,128,0,graph,5,0.00800
gdn_conv,128,0,graph,6,0.00806
gdn_conv,128,0,graph,7,0.00803
gdn_conv,128,0,graph,8,0.00803
gdn_conv,128,0,graph,9,0.00825
gdn_conv,128,0,graph,10,0.00813
gdn_conv,128,0,graph,11,0.00794
gdn_conv,128,0,graph,12,0.00800
gdn_conv,128,0,graph,13,0.00797
gdn_conv,128,0,graph,14,0.00816
gdn_conv,128,0,graph,15,0.00800
gdn_conv,128,0,graph,16,0.00797
gdn_conv,128,0,graph,17,0.00806
gdn_conv,128,0,graph,18,0.00794
gdn_conv,128,0,graph,19,0.00813
gdn_conv,128,0,graph,20,0.00787
gdn_conv,128,0,graph,21,0.00797
gdn_conv,128,0,graph,22,0.00794
gdn_conv,128,0,graph,23,0.00816
gdn_conv,128,0,graph,24,0.00803
gdn_conv,128,0,graph,25,0.00797
gdn_conv,128,0,graph,26,0.00797
gdn_conv,128,0,graph,27,0.00816
gdn_conv,128,0,graph,28,0.00825
gdn_conv,128,0,graph,29,0.00794
gdn_conv,128,0,eager,0,0.30522
gdn_conv,128,0,eager,1,0.32134
gdn_conv,128,0,eager,2,0.32019
gdn_conv,128,0,eager,3,0.30067
gdn_conv,128,0,eager,4,0.29619
gdn_conv,128,0,eager,5,0.30739
gdn_conv,128,0,eager,6,0.29952
gdn_conv,128,0,eager,7,0.30608
gdn_conv,128,0,eager,8,0.30726
gdn_conv,128,0,eager,9,0.29229
gdn_conv,128,0,eager,10,0.28992
gdn_conv,128,0,eager,11,0.29494
gdn_conv,128,0,eager,12,0.28797
gdn_conv,128,0,eager,13,0.28982
gdn_conv,128,0,eager,14,0.30579
gdn_conv,128,0,eager,15,0.29206
gdn_conv,128,0,eager,16,0.28806
gdn_conv,128,0,eager,17,0.31142
gdn_conv,128,0,eager,18,0.29078
gdn_conv,128,0,eager,19,0.28970
gdn_conv,128,0,eager,20,0.29773
gdn_conv,128,0,eager,21,0.28890
gdn_conv,128,0,eager,22,0.29994
gdn_conv,128,0,eager,23,0.30230
gdn_conv,128,0,eager,24,0.28877
gdn_conv,128,0,eager,25,0.29069
gdn_conv,128,0,eager,26,0.29773
gdn_conv,128,0,eager,27,0.28723
gdn_conv,128,0,eager,28,0.28627
gdn_conv,128,0,eager,29,0.31309
gdn_conv,129,0,graph,0,0.00812
gdn_conv,129,0,graph,1,0.00806
gdn_conv,129,0,graph,2,0.00803
gdn_conv,129,0,graph,3,0.00806
gdn_conv,129,0,graph,4,0.00813
gdn_conv,129,0,graph,5,0.00806
gdn_conv,129,0,graph,6,0.00803
gdn_conv,129,0,graph,7,0.00803
gdn_conv,129,0,graph,8,0.00803
gdn_conv,129,0,graph,9,0.00807
gdn_conv,129,0,graph,10,0.00810
gdn_conv,129,0,graph,11,0.00803
gdn_conv,129,0,graph,12,0.00809
gdn_conv,129,0,graph,13,0.00819
gdn_conv,129,0,graph,14,0.00797
gdn_conv,129,0,graph,15,0.00800
gdn_conv,129,0,graph,16,0.00800
gdn_conv,129,0,graph,17,0.00809
gdn_conv,129,0,graph,18,0.00797
gdn_conv,129,0,graph,19,0.00800
gdn_conv,129,0,graph,20,0.00809
gdn_conv,129,0,graph,21,0.00809
gdn_conv,129,0,graph,22,0.00819
gdn_conv,129,0,graph,23,0.00800
gdn_conv,129,0,graph,24,0.00790
gdn_conv,129,0,graph,25,0.00803
gdn_conv,129,0,graph,26,0.00819
gdn_conv,129,0,graph,27,0.00816
gdn_conv,129,0,graph,28,0.00803
gdn_conv,129,0,graph,29,0.00800
gdn_conv,129,0,eager,0,0.34362
gdn_conv,129,0,eager,1,0.32445
gdn_conv,129,0,eager,2,0.30227
gdn_conv,129,0,eager,3,0.30323
gdn_conv,129,0,eager,4,0.29354
gdn_conv,129,0,eager,5,0.29347
gdn_conv,129,0,eager,6,0.29754
gdn_conv,129,0,eager,7,0.28874
gdn_conv,129,0,eager,8,0.28928
gdn_conv,129,0,eager,9,0.30762
gdn_conv,129,0,eager,10,0.29021
gdn_conv,129,0,eager,11,0.28944
gdn_conv,129,0,eager,12,0.29674
gdn_conv,129,0,eager,13,0.28982
gdn_conv,129,0,eager,14,0.28682
gdn_conv,129,0,eager,15,0.30013
gdn_conv,129,0,eager,16,0.28938
gdn_conv,129,0,eager,17,0.29894
gdn_conv,129,0,eager,18,0.30106
gdn_conv,129,0,eager,19,0.28870
gdn_conv,129,0,eager,20,0.29117
gdn_conv,129,0,eager,21,0.29789
gdn_conv,129,0,eager,22,0.28995
gdn_conv,129,0,eager,23,0.29098
gdn_conv,129,0,eager,24,0.30682
gdn_conv,129,0,eager,25,0.28842
gdn_conv,129,0,eager,26,0.29523
gdn_conv,129,0,eager,27,0.29062
gdn_conv,129,0,eager,28,0.28653
gdn_conv,129,0,eager,29,0.28486
gdn_conv,256,0,graph,0,0.00832
gdn_conv,256,0,graph,1,0.00845
gdn_conv,256,0,graph,2,0.00851
gdn_conv,256,0,graph,3,0.00854
gdn_conv,256,0,graph,4,0.00848
gdn_conv,256,0,graph,5,0.00832
gdn_conv,256,0,graph,6,0.00835
gdn_conv,256,0,graph,7,0.00842
gdn_conv,256,0,graph,8,0.00835
gdn_conv,256,0,graph,9,0.00839
gdn_conv,256,0,graph,10,0.00826
gdn_conv,256,0,graph,11,0.00829
gdn_conv,256,0,graph,12,0.00845
gdn_conv,256,0,graph,13,0.00832
gdn_conv,256,0,graph,14,0.00835
gdn_conv,256,0,graph,15,0.00870
gdn_conv,256,0,graph,16,0.00854
gdn_conv,256,0,graph,17,0.00845
gdn_conv,256,0,graph,18,0.00855
gdn_conv,256,0,graph,19,0.00825
gdn_conv,256,0,graph,20,0.00829
gdn_conv,256,0,graph,21,0.00867
gdn_conv,256,0,graph,22,0.00826
gdn_conv,256,0,graph,23,0.00832
gdn_conv,256,0,graph,24,0.00851
gdn_conv,256,0,graph,25,0.00835
gdn_conv,256,0,graph,26,0.00838
gdn_conv,256,0,graph,27,0.00838
gdn_conv,256,0,graph,28,0.00829
gdn_conv,256,0,graph,29,0.00829
gdn_conv,256,0,eager,0,0.25450
gdn_conv,256,0,eager,1,0.25021
gdn_conv,256,0,eager,2,0.34109
gdn_conv,256,0,eager,3,0.27072
gdn_conv,256,0,eager,4,0.24592
gdn_conv,256,0,eager,5,0.25283
gdn_conv,256,0,eager,6,0.24474
gdn_conv,256,0,eager,7,0.23766
gdn_conv,256,0,eager,8,0.24282
gdn_conv,256,0,eager,9,0.25744
gdn_conv,256,0,eager,10,0.24394
gdn_conv,256,0,eager,11,0.24051
gdn_conv,256,0,eager,12,0.24080
gdn_conv,256,0,eager,13,0.24851
gdn_conv,256,0,eager,14,0.23866
gdn_conv,256,0,eager,15,0.23744
gdn_conv,256,0,eager,16,0.25568
gdn_conv,256,0,eager,17,0.24742
gdn_conv,256,0,eager,18,0.24042
gdn_conv,256,0,eager,19,0.24157
gdn_conv,256,0,eager,20,0.24925
gdn_conv,256,0,eager,21,0.24176
gdn_conv,256,0,eager,22,0.24093
gdn_conv,256,0,eager,23,0.24701
gdn_conv,256,0,eager,24,0.24214
gdn_conv,256,0,eager,25,0.23862
gdn_conv,256,0,eager,26,0.24032
gdn_conv,256,0,eager,27,0.25578
gdn_conv,256,0,eager,28,0.24186
gdn_conv,256,0,eager,29,0.23962
gdn_conv,512,0,graph,0,0.00896
gdn_conv,512,0,graph,1,0.00905
gdn_conv,512,0,graph,2,0.00903
gdn_conv,512,0,graph,3,0.00915
gdn_conv,512,0,graph,4,0.00893
gdn_conv,512,0,graph,5,0.00899
gdn_conv,512,0,graph,6,0.00889
gdn_conv,512,0,graph,7,0.00909
gdn_conv,512,0,graph,8,0.00887
gdn_conv,512,0,graph,9,0.00905
gdn_conv,512,0,graph,10,0.00896
gdn_conv,512,0,graph,11,0.00909
gdn_conv,512,0,graph,12,0.00890
gdn_conv,512,0,graph,13,0.00890
gdn_conv,512,0,graph,14,0.00902
gdn_conv,512,0,graph,15,0.00903
gdn_conv,512,0,graph,16,0.00893
gdn_conv,512,0,graph,17,0.00886
gdn_conv,512,0,graph,18,0.00906
gdn_conv,512,0,graph,19,0.00912
gdn_conv,512,0,graph,20,0.00889
gdn_conv,512,0,graph,21,0.00937
gdn_conv,512,0,graph,22,0.00918
gdn_conv,512,0,graph,23,0.00893
gdn_conv,512,0,graph,24,0.00890
gdn_conv,512,0,graph,25,0.00896
gdn_conv,512,0,graph,26,0.00938
gdn_conv,512,0,graph,27,0.00890
gdn_conv,512,0,graph,28,0.00893
gdn_conv,512,0,graph,29,0.00896
gdn_conv,512,0,eager,0,0.31610
gdn_conv,512,0,eager,1,0.32758
gdn_conv,512,0,eager,2,0.31875
gdn_conv,512,0,eager,3,0.30336
gdn_conv,512,0,eager,4,0.29901
gdn_conv,512,0,eager,5,0.31946
gdn_conv,512,0,eager,6,0.31488
gdn_conv,512,0,eager,7,0.29936
gdn_conv,512,0,eager,8,0.30406
gdn_conv,512,0,eager,9,0.29360
gdn_conv,512,0,eager,10,0.29923
gdn_conv,512,0,eager,11,0.30083
gdn_conv,512,0,eager,12,0.29341
gdn_conv,512,0,eager,13,0.29533
gdn_conv,512,0,eager,14,0.30358
gdn_conv,512,0,eager,15,0.30058
gdn_conv,512,0,eager,16,0.29533
gdn_conv,512,0,eager,17,0.34893
gdn_conv,512,0,eager,18,0.29536
gdn_conv,512,0,eager,19,0.34291
gdn_conv,512,0,eager,20,0.34771
gdn_conv,512,0,eager,21,0.31680
gdn_conv,512,0,eager,22,0.31318
gdn_conv,512,0,eager,23,0.29891
gdn_conv,512,0,eager,24,0.29386
gdn_conv,512,0,eager,25,0.30230
gdn_conv,512,0,eager,26,0.29690
gdn_conv,512,0,eager,27,0.30195
gdn_conv,512,0,eager,28,0.30198
gdn_conv,512,0,eager,29,0.29050
gdn_conv,1024,0,graph,0,0.01059
gdn_conv,1024,0,graph,1,0.01059
gdn_conv,1024,0,graph,2,0.01030
gdn_conv,1024,0,graph,3,0.01037
gdn_conv,1024,0,graph,4,0.01021
gdn_conv,1024,0,graph,5,0.01027
gdn_conv,1024,0,graph,6,0.01030
gdn_conv,1024,0,graph,7,0.01024
gdn_conv,1024,0,graph,8,0.01034
gdn_conv,1024,0,graph,9,0.01037
gdn_conv,1024,0,graph,10,0.01021
gdn_conv,1024,0,graph,11,0.01040
gdn_conv,1024,0,graph,12,0.01017
gdn_conv,1024,0,graph,13,0.01047
gdn_conv,1024,0,graph,14,0.01021
gdn_conv,1024,0,graph,15,0.01037
gdn_conv,1024,0,graph,16,0.01024
gdn_conv,1024,0,graph,17,0.01024
gdn_conv,1024,0,graph,18,0.01021
gdn_conv,1024,0,graph,19,0.01027
gdn_conv,1024,0,graph,20,0.01024
gdn_conv,1024,0,graph,21,0.01033
gdn_conv,1024,0,graph,22,0.01021
gdn_conv,1024,0,graph,23,0.01027
gdn_conv,1024,0,graph,24,0.01034
gdn_conv,1024,0,graph,25,0.01024
gdn_conv,1024,0,graph,26,0.01037
gdn_conv,1024,0,graph,27,0.01050
gdn_conv,1024,0,graph,28,0.01040
gdn_conv,1024,0,graph,29,0.01021
gdn_conv,1024,0,eager,0,0.31414
gdn_conv,1024,0,eager,1,0.33584
gdn_conv,1024,0,eager,2,0.33846
gdn_conv,1024,0,eager,3,0.31139
gdn_conv,1024,0,eager,4,0.30102
gdn_conv,1024,0,eager,5,0.31011
gdn_conv,1024,0,eager,6,0.30998
gdn_conv,1024,0,eager,7,0.30576
gdn_conv,1024,0,eager,8,0.30886
gdn_conv,1024,0,eager,9,0.29853
gdn_conv,1024,0,eager,10,0.29574
gdn_conv,1024,0,eager,11,0.30432
gdn_conv,1024,0,eager,12,0.29498
gdn_conv,1024,0,eager,13,0.29872
gdn_conv,1024,0,eager,14,0.31018
gdn_conv,1024,0,eager,15,0.29971
gdn_conv,1024,0,eager,16,0.30387
gdn_conv,1024,0,eager,17,0.29859
gdn_conv,1024,0,eager,18,0.29690
gdn_conv,1024,0,eager,19,0.34506
gdn_conv,1024,0,eager,20,0.32912
gdn_conv,1024,0,eager,21,0.30749
gdn_conv,1024,0,eager,22,0.30803
gdn_conv,1024,0,eager,23,0.30051
gdn_conv,1024,0,eager,24,0.29510
gdn_conv,1024,0,eager,25,0.30458
gdn_conv,1024,0,eager,26,0.29613
gdn_conv,1024,0,eager,27,0.30112
gdn_conv,1024,0,eager,28,0.30346
gdn_conv,1024,0,eager,29,0.30374
gdn_conv,2048,0,graph,0,0.01273
gdn_conv,2048,0,graph,1,0.01274
gdn_conv,2048,0,graph,2,0.01280
gdn_conv,2048,0,graph,3,0.01270
gdn_conv,2048,0,graph,4,0.01306
gdn_conv,2048,0,graph,5,0.01270
gdn_conv,2048,0,graph,6,0.01324
gdn_conv,2048,0,graph,7,0.01270
gdn_conv,2048,0,graph,8,0.01290
gdn_conv,2048,0,graph,9,0.01290
gdn_conv,2048,0,graph,10,0.01264
gdn_conv,2048,0,graph,11,0.01305
gdn_conv,2048,0,graph,12,0.01267
gdn_conv,2048,0,graph,13,0.01280
gdn_conv,2048,0,graph,14,0.01277
gdn_conv,2048,0,graph,15,0.01283
gdn_conv,2048,0,graph,16,0.01270
gdn_conv,2048,0,graph,17,0.01270
gdn_conv,2048,0,graph,18,0.01267
gdn_conv,2048,0,graph,19,0.01267
gdn_conv,2048,0,graph,20,0.01277
gdn_conv,2048,0,graph,21,0.01273
gdn_conv,2048,0,graph,22,0.01274
gdn_conv,2048,0,graph,23,0.01306
gdn_conv,2048,0,graph,24,0.01283
gdn_conv,2048,0,graph,25,0.01270
gdn_conv,2048,0,graph,26,0.01274
gdn_conv,2048,0,graph,27,0.01271
gdn_conv,2048,0,graph,28,0.01290
gdn_conv,2048,0,graph,29,0.01305
gdn_conv,2048,0,eager,0,0.33642
gdn_conv,2048,0,eager,1,0.34035
gdn_conv,2048,0,eager,2,0.32083
gdn_conv,2048,0,eager,3,0.32115
gdn_conv,2048,0,eager,4,0.30749
gdn_conv,2048,0,eager,5,0.31056
gdn_conv,2048,0,eager,6,0.31286
gdn_conv,2048,0,eager,7,0.30944
gdn_conv,2048,0,eager,8,0.33168
gdn_conv,2048,0,eager,9,0.31706
gdn_conv,2048,0,eager,10,0.30778
gdn_conv,2048,0,eager,11,0.31904
gdn_conv,2048,0,eager,12,0.32406
gdn_conv,2048,0,eager,13,0.31162
gdn_conv,2048,0,eager,14,0.31558
gdn_conv,2048,0,eager,15,0.31098
gdn_conv,2048,0,eager,16,0.30422
gdn_conv,2048,0,eager,17,0.31907
gdn_conv,2048,0,eager,18,0.31034
gdn_conv,2048,0,eager,19,0.30333
gdn_conv,2048,0,eager,20,0.31069
gdn_conv,2048,0,eager,21,0.30349
gdn_conv,2048,0,eager,22,0.31482
gdn_conv,2048,0,eager,23,0.30819
gdn_conv,2048,0,eager,24,0.30262
gdn_conv,2048,0,eager,25,0.31005
gdn_conv,2048,0,eager,26,0.31264
gdn_conv,2048,0,eager,27,0.31021
gdn_conv,2048,0,eager,28,0.31872
gdn_conv,2048,0,eager,29,0.30966
gdn_conv,4096,0,graph,0,0.01785
gdn_conv,4096,0,graph,1,0.01773
gdn_conv,4096,0,graph,2,0.01776
gdn_conv,4096,0,graph,3,0.01799
gdn_conv,4096,0,graph,4,0.01776
gdn_conv,4096,0,graph,5,0.01779
gdn_conv,4096,0,graph,6,0.01795
gdn_conv,4096,0,graph,7,0.01773
gdn_conv,4096,0,graph,8,0.01789
gdn_conv,4096,0,graph,9,0.01776
gdn_conv,4096,0,graph,10,0.01792
gdn_conv,4096,0,graph,11,0.01786
gdn_conv,4096,0,graph,12,0.01773
gdn_conv,4096,0,graph,13,0.01773
gdn_conv,4096,0,graph,14,0.01776
gdn_conv,4096,0,graph,15,0.01773
gdn_conv,4096,0,graph,16,0.01798
gdn_conv,4096,0,graph,17,0.01789
gdn_conv,4096,0,graph,18,0.01773
gdn_conv,4096,0,graph,19,0.01789
gdn_conv,4096,0,graph,20,0.01818
gdn_conv,4096,0,graph,21,0.01773
gdn_conv,4096,0,graph,22,0.01795
gdn_conv,4096,0,graph,23,0.01795
gdn_conv,4096,0,graph,24,0.01786
gdn_conv,4096,0,graph,25,0.01779
gdn_conv,4096,0,graph,26,0.01773
gdn_conv,4096,0,graph,27,0.01769
gdn_conv,4096,0,graph,28,0.01789
gdn_conv,4096,0,graph,29,0.01811
gdn_conv,4096,0,eager,0,0.47750
gdn_conv,4096,0,eager,1,0.45306
gdn_conv,4096,0,eager,2,0.46464
gdn_conv,4096,0,eager,3,0.44278
gdn_conv,4096,0,eager,4,0.45270
gdn_conv,4096,0,eager,5,0.46883
gdn_conv,4096,0,eager,6,0.46026
gdn_conv,4096,0,eager,7,0.44451
gdn_conv,4096,0,eager,8,0.44720
gdn_conv,4096,0,eager,9,0.44458
gdn_conv,4096,0,eager,10,0.45677
gdn_conv,4096,0,eager,11,0.45962
gdn_conv,4096,0,eager,12,0.44470
gdn_conv,4096,0,eager,13,0.45082
gdn_conv,4096,0,eager,14,0.44806
gdn_conv,4096,0,eager,15,0.45238
gdn_conv,4096,0,eager,16,0.47283
gdn_conv,4096,0,eager,17,0.46045
gdn_conv,4096,0,eager,18,0.44842
gdn_conv,4096,0,eager,19,0.44678
gdn_conv,4096,0,eager,20,0.44358
gdn_conv,4096,0,eager,21,0.38736
gdn_conv,4096,0,eager,22,0.18448
gdn_conv,4096,0,eager,23,0.18762
gdn_conv,4096,0,eager,24,0.18266
gdn_conv,4096,0,eager,25,0.18317
gdn_conv,4096,0,eager,26,0.18736
gdn_conv,4096,0,eager,27,0.18355
gdn_conv,4096,0,eager,28,0.18134
gdn_conv,4096,0,eager,29,0.18170
gdn_conv,8192,0,graph,0,0.02784
gdn_conv,8192,0,graph,1,0.02774
gdn_conv,8192,0,graph,2,0.02771
gdn_conv,8192,0,graph,3,0.02806
gdn_conv,8192,0,graph,4,0.02800
gdn_conv,8192,0,graph,5,0.02813
gdn_conv,8192,0,graph,6,0.02774
gdn_conv,8192,0,graph,7,0.02784
gdn_conv,8192,0,graph,8,0.02806
gdn_conv,8192,0,graph,9,0.02793
gdn_conv,8192,0,graph,10,0.02790
gdn_conv,8192,0,graph,11,0.02777
gdn_conv,8192,0,graph,12,0.02790
gdn_conv,8192,0,graph,13,0.02777
gdn_conv,8192,0,graph,14,0.02784
gdn_conv,8192,0,graph,15,0.02787
gdn_conv,8192,0,graph,16,0.02803
gdn_conv,8192,0,graph,17,0.02774
gdn_conv,8192,0,graph,18,0.02784
gdn_conv,8192,0,graph,19,0.02800
gdn_conv,8192,0,graph,20,0.02797
gdn_conv,8192,0,graph,21,0.02778
gdn_conv,8192,0,graph,22,0.02793
gdn_conv,8192,0,graph,23,0.02787
gdn_conv,8192,0,graph,24,0.02784
gdn_conv,8192,0,graph,25,0.02771
gdn_conv,8192,0,graph,26,0.02784
gdn_conv,8192,0,graph,27,0.02806
gdn_conv,8192,0,graph,28,0.02790
gdn_conv,8192,0,graph,29,0.02778
gdn_conv,8192,0,eager,0,0.36083
gdn_conv,8192,0,eager,1,0.34326
gdn_conv,8192,0,eager,2,0.43181
gdn_conv,8192,0,eager,3,0.40234
gdn_conv,8192,0,eager,4,0.35728
gdn_conv,8192,0,eager,5,0.35091
gdn_conv,8192,0,eager,6,0.34179
gdn_conv,8192,0,eager,7,0.35018
gdn_conv,8192,0,eager,8,0.36083
gdn_conv,8192,0,eager,9,0.28294
gdn_conv,8192,0,eager,10,0.22422
gdn_conv,8192,0,eager,11,0.21261
gdn_conv,8192,0,eager,12,0.20928
gdn_conv,8192,0,eager,13,0.22106
gdn_conv,8192,0,eager,14,0.22822
gdn_conv,8192,0,eager,15,0.21987
gdn_conv,8192,0,eager,16,0.21315
gdn_conv,8192,0,eager,17,0.21027
gdn_conv,8192,0,eager,18,0.21558
gdn_conv,8192,0,eager,19,0.21299
gdn_conv,8192,0,eager,20,0.21744
gdn_conv,8192,0,eager,21,0.21578
gdn_conv,8192,0,eager,22,0.21222
gdn_conv,8192,0,eager,23,0.22122
gdn_conv,8192,0,eager,24,0.20845
gdn_conv,8192,0,eager,25,0.21037
gdn_conv,8192,0,eager,26,0.21126
gdn_conv,8192,0,eager,27,0.22410
gdn_conv,8192,0,eager,28,0.21302
gdn_conv,8192,0,eager,29,0.20784
