op,c,t,mode,iter,ms
fa,64,0,graph,0,0.01212
fa,64,0,graph,1,0.01383
fa,64,0,graph,2,0.01223
fa,64,0,graph,3,0.01216
fa,64,0,graph,4,0.01205
fa,64,0,graph,5,0.01204
fa,64,0,graph,6,0.01219
fa,64,0,graph,7,0.01227
fa,64,0,graph,8,0.01219
fa,64,0,graph,9,0.01220
fa,64,0,graph,10,0.01214
fa,64,0,graph,11,0.01223
fa,64,0,graph,12,0.01220
fa,64,0,graph,13,0.01204
fa,64,0,graph,14,0.01221
fa,64,0,graph,15,0.01224
fa,64,0,graph,16,0.01222
fa,64,0,graph,17,0.01214
fa,64,0,graph,18,0.01221
fa,64,0,graph,19,0.01213
fa,64,0,graph,20,0.01224
fa,64,0,graph,21,0.01221
fa,64,0,graph,22,0.01214
fa,64,0,graph,23,0.01214
fa,64,0,graph,24,0.01211
fa,64,0,graph,25,0.01213
fa,64,0,graph,26,0.01218
fa,64,0,graph,27,0.01220
fa,64,0,graph,28,0.01232
fa,64,0,graph,29,0.01218
fa,64,0,eager,0,0.08992
fa,64,0,eager,1,0.07331
fa,64,0,eager,2,0.06752
fa,64,0,eager,3,0.06205
fa,64,0,eager,4,0.06042
fa,64,0,eager,5,0.06112
fa,64,0,eager,6,0.06176
fa,64,0,eager,7,0.05949
fa,64,0,eager,8,0.05766
fa,64,0,eager,9,0.05834
fa,64,0,eager,10,0.05856
fa,64,0,eager,11,0.06147
fa,64,0,eager,12,0.05872
fa,64,0,eager,13,0.05798
fa,64,0,eager,14,0.05910
fa,64,0,eager,15,0.05747
fa,64,0,eager,16,0.05869
fa,64,0,eager,17,0.05946
fa,64,0,eager,18,0.05936
fa,64,0,eager,19,0.05699
fa,64,0,eager,20,0.05622
fa,64,0,eager,21,0.05594
fa,64,0,eager,22,0.05664
fa,64,0,eager,23,0.05542
fa,64,0,eager,24,0.05664
fa,64,0,eager,25,0.05613
fa,64,0,eager,26,0.05654
fa,64,0,eager,27,0.05613
fa,64,0,eager,28,0.05709
fa,64,0,eager,29,0.05648
fa,65,0,graph,0,0.01221
fa,65,0,graph,1,0.01222
fa,65,0,graph,2,0.01232
fa,65,0,graph,3,0.01226
fa,65,0,graph,4,0.01231
fa,65,0,graph,5,0.01224
fa,65,0,graph,6,0.01224
fa,65,0,graph,7,0.01240
fa,65,0,graph,8,0.01216
fa,65,0,graph,9,0.01227
fa,65,0,graph,10,0.01233
fa,65,0,graph,11,0.01236
fa,65,0,graph,12,0.01221
fa,65,0,graph,13,0.01209
fa,65,0,graph,14,0.01228
fa,65,0,graph,15,0.01230
fa,65,0,graph,16,0.01222
fa,65,0,graph,17,0.01214
fa,65,0,graph,18,0.01216
fa,65,0,graph,19,0.01218
fa,65,0,graph,20,0.01213
fa,65,0,graph,21,0.01221
fa,65,0,graph,22,0.01229
fa,65,0,graph,23,0.01230
fa,65,0,graph,24,0.01220
fa,65,0,graph,25,0.01221
fa,65,0,graph,26,0.01225
fa,65,0,graph,27,0.01222
fa,65,0,graph,28,0.01227
fa,65,0,graph,29,0.01231
fa,65,0,eager,0,0.20259
fa,65,0,eager,1,0.16259
fa,65,0,eager,2,0.15699
fa,65,0,eager,3,0.15002
fa,65,0,eager,4,0.14851
fa,65,0,eager,5,0.14813
fa,65,0,eager,6,0.14685
fa,65,0,eager,7,0.14307
fa,65,0,eager,8,0.14378
fa,65,0,eager,9,0.14502
fa,65,0,eager,10,0.14522
fa,65,0,eager,11,0.14582
fa,65,0,eager,12,0.14595
fa,65,0,eager,13,0.15274
fa,65,0,eager,14,0.15888
fa,65,0,eager,15,0.14534
fa,65,0,eager,16,0.14541
fa,65,0,eager,17,0.14048
fa,65,0,eager,18,0.14080
fa,65,0,eager,19,0.14880
fa,65,0,eager,20,0.14333
fa,65,0,eager,21,0.14147
fa,65,0,eager,22,0.13894
fa,65,0,eager,23,0.13811
fa,65,0,eager,24,0.14934
fa,65,0,eager,25,0.14266
fa,65,0,eager,26,0.14307
fa,65,0,eager,27,0.10474
fa,65,0,eager,28,0.07139
fa,65,0,eager,29,0.05699
fa,128,0,graph,0,0.01462
fa,128,0,graph,1,0.01450
fa,128,0,graph,2,0.01447
fa,128,0,graph,3,0.01466
fa,128,0,graph,4,0.01457
fa,128,0,graph,5,0.01472
fa,128,0,graph,6,0.01458
fa,128,0,graph,7,0.01451
fa,128,0,graph,8,0.01455
fa,128,0,graph,9,0.01455
fa,128,0,graph,10,0.01449
fa,128,0,graph,11,0.01462
fa,128,0,graph,12,0.01451
fa,128,0,graph,13,0.01462
fa,128,0,graph,14,0.01454
fa,128,0,graph,15,0.01457
fa,128,0,graph,16,0.01451
fa,128,0,graph,17,0.01454
fa,128,0,graph,18,0.01458
fa,128,0,graph,19,0.01453
fa,128,0,graph,20,0.01464
fa,128,0,graph,21,0.01458
fa,128,0,graph,22,0.01459
fa,128,0,graph,23,0.01470
fa,128,0,graph,24,0.01462
fa,128,0,graph,25,0.01457
fa,128,0,graph,26,0.01458
fa,128,0,graph,27,0.01463
fa,128,0,graph,28,0.01464
fa,128,0,graph,29,0.01456
fa,128,0,eager,0,0.18419
fa,128,0,eager,1,0.16678
fa,128,0,eager,2,0.07741
fa,128,0,eager,3,0.08032
fa,128,0,eager,4,0.07632
fa,128,0,eager,5,0.07485
fa,128,0,eager,6,0.07306
fa,128,0,eager,7,0.07331
fa,128,0,eager,8,0.09722
fa,128,0,eager,9,0.07498
fa,128,0,eager,10,0.06790
fa,128,0,eager,11,0.06794
fa,128,0,eager,12,0.07277
fa,128,0,eager,13,0.06800
fa,128,0,eager,14,0.06790
fa,128,0,eager,15,0.06672
fa,128,0,eager,16,0.06656
fa,128,0,eager,17,0.06608
fa,128,0,eager,18,0.06493
fa,128,0,eager,19,0.06518
fa,128,0,eager,20,0.06646
fa,128,0,eager,21,0.06534
fa,128,0,eager,22,0.06771
fa,128,0,eager,23,0.06659
fa,128,0,eager,24,0.06512
fa,128,0,eager,25,0.06499
fa,128,0,eager,26,0.06422
fa,128,0,eager,27,0.06438
fa,128,0,eager,28,0.06400
fa,128,0,eager,29,0.06448
fa,129,0,graph,0,0.01458
fa,129,0,graph,1,0.01466
fa,129,0,graph,2,0.01449
fa,129,0,graph,3,0.01453
fa,129,0,graph,4,0.01451
fa,129,0,graph,5,0.01456
fa,129,0,graph,6,0.01454
fa,129,0,graph,7,0.01448
fa,129,0,graph,8,0.01456
fa,129,0,graph,9,0.01461
fa,129,0,graph,10,0.01463
fa,129,0,graph,11,0.01456
fa,129,0,graph,12,0.01455
fa,129,0,graph,13,0.01452
fa,129,0,graph,14,0.01455
fa,129,0,graph,15,0.01448
fa,129,0,graph,16,0.01454
fa,129,0,graph,17,0.01453
fa,129,0,graph,18,0.01459
fa,129,0,graph,19,0.01452
fa,129,0,graph,20,0.01457
fa,129,0,graph,21,0.01450
fa,129,0,graph,22,0.01451
fa,129,0,graph,23,0.01452
fa,129,0,graph,24,0.01562
fa,129,0,graph,25,0.01458
fa,129,0,graph,26,0.01460
fa,129,0,graph,27,0.01449
fa,129,0,graph,28,0.01459
fa,129,0,graph,29,0.01456
fa,129,0,eager,0,0.18512
fa,129,0,eager,1,0.20256
fa,129,0,eager,2,0.17085
fa,129,0,eager,3,0.15757
fa,129,0,eager,4,0.15635
fa,129,0,eager,5,0.16816
fa,129,0,eager,6,0.16122
fa,129,0,eager,7,0.15526
fa,129,0,eager,8,0.15466
fa,129,0,eager,9,0.15203
fa,129,0,eager,10,0.15238
fa,129,0,eager,11,0.15242
fa,129,0,eager,12,0.14710
fa,129,0,eager,13,0.14429
fa,129,0,eager,14,0.17053
fa,129,0,eager,15,0.14854
fa,129,0,eager,16,0.14643
fa,129,0,eager,17,0.14614
fa,129,0,eager,18,0.14422
fa,129,0,eager,19,0.17088
fa,129,0,eager,20,0.14941
fa,129,0,eager,21,0.14698
fa,129,0,eager,22,0.15981
fa,129,0,eager,23,0.16099
fa,129,0,eager,24,0.15373
fa,129,0,eager,25,0.14662
fa,129,0,eager,26,0.14416
fa,129,0,eager,27,0.16038
fa,129,0,eager,28,0.16032
fa,129,0,eager,29,0.14842
fa,256,0,graph,0,0.01783
fa,256,0,graph,1,0.01792
fa,256,0,graph,2,0.01789
fa,256,0,graph,3,0.01814
fa,256,0,graph,4,0.01810
fa,256,0,graph,5,0.01795
fa,256,0,graph,6,0.01797
fa,256,0,graph,7,0.01785
fa,256,0,graph,8,0.01794
fa,256,0,graph,9,0.01785
fa,256,0,graph,10,0.01805
fa,256,0,graph,11,0.01815
fa,256,0,graph,12,0.01802
fa,256,0,graph,13,0.01794
fa,256,0,graph,14,0.01794
fa,256,0,graph,15,0.01801
fa,256,0,graph,16,0.01787
fa,256,0,graph,17,0.01794
fa,256,0,graph,18,0.01799
fa,256,0,graph,19,0.01802
fa,256,0,graph,20,0.01795
fa,256,0,graph,21,0.01791
fa,256,0,graph,22,0.01790
fa,256,0,graph,23,0.01785
fa,256,0,graph,24,0.01806
fa,256,0,graph,25,0.01795
fa,256,0,graph,26,0.01811
fa,256,0,graph,27,0.01788
fa,256,0,graph,28,0.01801
fa,256,0,graph,29,0.01792
fa,256,0,eager,0,0.18470
fa,256,0,eager,1,0.16307
fa,256,0,eager,2,0.15814
fa,256,0,eager,3,0.16608
fa,256,0,eager,4,0.14989
fa,256,0,eager,5,0.15459
fa,256,0,eager,6,0.14934
fa,256,0,eager,7,0.14973
fa,256,0,eager,8,0.15120
fa,256,0,eager,9,0.15258
fa,256,0,eager,10,0.15024
fa,256,0,eager,11,0.14797
fa,256,0,eager,12,0.15501
fa,256,0,eager,13,0.14621
fa,256,0,eager,14,0.14237
fa,256,0,eager,15,0.14128
fa,256,0,eager,16,0.14208
fa,256,0,eager,17,0.15110
fa,256,0,eager,18,0.07245
fa,256,0,eager,19,0.07130
fa,256,0,eager,20,0.05814
fa,256,0,eager,21,0.05760
fa,256,0,eager,22,0.05952
fa,256,0,eager,23,0.05779
fa,256,0,eager,24,0.05648
fa,256,0,eager,25,0.05709
fa,256,0,eager,26,0.05651
fa,256,0,eager,27,0.05680
fa,256,0,eager,28,0.06266
fa,256,0,eager,29,0.05725
fa,512,0,graph,0,0.04638
fa,512,0,graph,1,0.04621
fa,512,0,graph,2,0.04640
fa,512,0,graph,3,0.04639
fa,512,0,graph,4,0.04608
fa,512,0,graph,5,0.04630
fa,512,0,graph,6,0.04617
fa,512,0,graph,7,0.04622
fa,512,0,graph,8,0.04624
fa,512,0,graph,9,0.04635
fa,512,0,graph,10,0.04611
fa,512,0,graph,11,0.04633
fa,512,0,graph,12,0.04628
fa,512,0,graph,13,0.04609
fa,512,0,graph,14,0.04629
fa,512,0,graph,15,0.04640
fa,512,0,graph,16,0.04635
fa,512,0,graph,17,0.04624
fa,512,0,graph,18,0.04626
fa,512,0,graph,19,0.04640
fa,512,0,graph,20,0.04625
fa,512,0,graph,21,0.04664
fa,512,0,graph,22,0.04633
fa,512,0,graph,23,0.04653
fa,512,0,graph,24,0.04630
fa,512,0,graph,25,0.04606
fa,512,0,graph,26,0.04609
fa,512,0,graph,27,0.04637
fa,512,0,graph,28,0.04634
fa,512,0,graph,29,0.04629
fa,512,0,eager,0,0.10464
fa,512,0,eager,1,0.09949
fa,512,0,eager,2,0.09792
fa,512,0,eager,3,0.09568
fa,512,0,eager,4,0.09536
fa,512,0,eager,5,0.09411
fa,512,0,eager,6,0.09363
fa,512,0,eager,7,0.09430
fa,512,0,eager,8,0.09498
fa,512,0,eager,9,0.10122
fa,512,0,eager,10,0.09715
fa,512,0,eager,11,0.09331
fa,512,0,eager,12,0.09363
fa,512,0,eager,13,0.09376
fa,512,0,eager,14,0.09248
fa,512,0,eager,15,0.09232
fa,512,0,eager,16,0.09222
fa,512,0,eager,17,0.09283
fa,512,0,eager,18,0.09171
fa,512,0,eager,19,0.09923
fa,512,0,eager,20,0.09226
fa,512,0,eager,21,0.09226
fa,512,0,eager,22,0.09219
fa,512,0,eager,23,0.09366
fa,512,0,eager,24,0.09216
fa,512,0,eager,25,0.09235
fa,512,0,eager,26,0.09536
fa,512,0,eager,27,0.09338
fa,512,0,eager,28,0.09219
fa,512,0,eager,29,0.09126
fa,1024,0,graph,0,0.03574
fa,1024,0,graph,1,0.03567
fa,1024,0,graph,2,0.03563
fa,1024,0,graph,3,0.03573
fa,1024,0,graph,4,0.03583
fa,1024,0,graph,5,0.03578
fa,1024,0,graph,6,0.03576
fa,1024,0,graph,7,0.03595
fa,1024,0,graph,8,0.03572
fa,1024,0,graph,9,0.03581
fa,1024,0,graph,10,0.03575
fa,1024,0,graph,11,0.03574
fa,1024,0,graph,12,0.03580
fa,1024,0,graph,13,0.03594
fa,1024,0,graph,14,0.03577
fa,1024,0,graph,15,0.03596
fa,1024,0,graph,16,0.03588
fa,1024,0,graph,17,0.03604
fa,1024,0,graph,18,0.03575
fa,1024,0,graph,19,0.03594
fa,1024,0,graph,20,0.03580
fa,1024,0,graph,21,0.03564
fa,1024,0,graph,22,0.03588
fa,1024,0,graph,23,0.03589
fa,1024,0,graph,24,0.03577
fa,1024,0,graph,25,0.03588
fa,1024,0,graph,26,0.03600
fa,1024,0,graph,27,0.03583
fa,1024,0,graph,28,0.03593
fa,1024,0,graph,29,0.03580
fa,1024,0,eager,0,0.17872
fa,1024,0,eager,1,0.16669
fa,1024,0,eager,2,0.15667
fa,1024,0,eager,3,0.15155
fa,1024,0,eager,4,0.15053
fa,1024,0,eager,5,0.15728
fa,1024,0,eager,6,0.16858
fa,1024,0,eager,7,0.15197
fa,1024,0,eager,8,0.14614
fa,1024,0,eager,9,0.14416
fa,1024,0,eager,10,0.14650
fa,1024,0,eager,11,0.14550
fa,1024,0,eager,12,0.14474
fa,1024,0,eager,13,0.14176
fa,1024,0,eager,14,0.14208
fa,1024,0,eager,15,0.13984
fa,1024,0,eager,16,0.13952
fa,1024,0,eager,17,0.14384
fa,1024,0,eager,18,0.13926
fa,1024,0,eager,19,0.13818
fa,1024,0,eager,20,0.15040
fa,1024,0,eager,21,0.14112
fa,1024,0,eager,22,0.14483
fa,1024,0,eager,23,0.14374
fa,1024,0,eager,24,0.14163
fa,1024,0,eager,25,0.15126
fa,1024,0,eager,26,0.14387
fa,1024,0,eager,27,0.14275
fa,1024,0,eager,28,0.13888
fa,1024,0,eager,29,0.09395
fa,2048,0,graph,0,0.10131
fa,2048,0,graph,1,0.10084
fa,2048,0,graph,2,0.10086
fa,2048,0,graph,3,0.10063
fa,2048,0,graph,4,0.10014
fa,2048,0,graph,5,0.10073
fa,2048,0,graph,6,0.10043
fa,2048,0,graph,7,0.10036
fa,2048,0,graph,8,0.10073
fa,2048,0,graph,9,0.10060
fa,2048,0,graph,10,0.10137
fa,2048,0,graph,11,0.10105
fa,2048,0,graph,12,0.10076
fa,2048,0,graph,13,0.10120
fa,2048,0,graph,14,0.10091
fa,2048,0,graph,15,0.10111
fa,2048,0,graph,16,0.10101
fa,2048,0,graph,17,0.10085
fa,2048,0,graph,18,0.10115
fa,2048,0,graph,19,0.10082
fa,2048,0,graph,20,0.10097
fa,2048,0,graph,21,0.10072
fa,2048,0,graph,22,0.10069
fa,2048,0,graph,23,0.10106
fa,2048,0,graph,24,0.10086
fa,2048,0,graph,25,0.10108
fa,2048,0,graph,26,0.10037
fa,2048,0,graph,27,0.10037
fa,2048,0,graph,28,0.10086
fa,2048,0,graph,29,0.10036
fa,2048,0,eager,0,0.23328
fa,2048,0,eager,1,0.21309
fa,2048,0,eager,2,0.15968
fa,2048,0,eager,3,0.15693
fa,2048,0,eager,4,0.14643
fa,2048,0,eager,5,0.14787
fa,2048,0,eager,6,0.14688
fa,2048,0,eager,7,0.14762
fa,2048,0,eager,8,0.14560
fa,2048,0,eager,9,0.14541
fa,2048,0,eager,10,0.14445
fa,2048,0,eager,11,0.14429
fa,2048,0,eager,12,0.14416
fa,2048,0,eager,13,0.14435
fa,2048,0,eager,14,0.14422
fa,2048,0,eager,15,0.14342
fa,2048,0,eager,16,0.14358
fa,2048,0,eager,17,0.14374
fa,2048,0,eager,18,0.14371
fa,2048,0,eager,19,0.14346
fa,2048,0,eager,20,0.14480
fa,2048,0,eager,21,0.14454
fa,2048,0,eager,22,0.14413
fa,2048,0,eager,23,0.14214
fa,2048,0,eager,24,0.14384
fa,2048,0,eager,25,0.14371
fa,2048,0,eager,26,0.14282
fa,2048,0,eager,27,0.14262
fa,2048,0,eager,28,0.14310
fa,2048,0,eager,29,0.14355
fa,4096,0,graph,0,0.31912
fa,4096,0,graph,1,0.31900
fa,4096,0,graph,2,0.31796
fa,4096,0,graph,3,0.31890
fa,4096,0,graph,4,0.31808
fa,4096,0,graph,5,0.31784
fa,4096,0,graph,6,0.31840
fa,4096,0,graph,7,0.31851
fa,4096,0,graph,8,0.31849
fa,4096,0,graph,9,0.31842
fa,4096,0,graph,10,0.31807
fa,4096,0,graph,11,0.31880
fa,4096,0,graph,12,0.31867
fa,4096,0,graph,13,0.31858
fa,4096,0,graph,14,0.31762
fa,4096,0,graph,15,0.33095
fa,4096,0,graph,16,0.33784
fa,4096,0,graph,17,0.33808
fa,4096,0,graph,18,0.33762
fa,4096,0,graph,19,0.33808
fa,4096,0,graph,20,0.33733
fa,4096,0,graph,21,0.33603
fa,4096,0,graph,22,0.33526
fa,4096,0,graph,23,0.33498
fa,4096,0,graph,24,0.33471
fa,4096,0,graph,25,0.33532
fa,4096,0,graph,26,0.33579
fa,4096,0,graph,27,0.33531
fa,4096,0,graph,28,0.33625
fa,4096,0,graph,29,0.33560
fa,4096,0,eager,0,0.37210
fa,4096,0,eager,1,0.37062
fa,4096,0,eager,2,0.36458
fa,4096,0,eager,3,0.36246
fa,4096,0,eager,4,0.36163
fa,4096,0,eager,5,0.36198
fa,4096,0,eager,6,0.36269
fa,4096,0,eager,7,0.36198
fa,4096,0,eager,8,0.36115
fa,4096,0,eager,9,0.36243
fa,4096,0,eager,10,0.37114
fa,4096,0,eager,11,0.36262
fa,4096,0,eager,12,0.36237
fa,4096,0,eager,13,0.36211
fa,4096,0,eager,14,0.36621
fa,4096,0,eager,15,0.36240
fa,4096,0,eager,16,0.36323
fa,4096,0,eager,17,0.36298
fa,4096,0,eager,18,0.36237
fa,4096,0,eager,19,0.36157
fa,4096,0,eager,20,0.36285
fa,4096,0,eager,21,0.36064
fa,4096,0,eager,22,0.36410
fa,4096,0,eager,23,0.36426
fa,4096,0,eager,24,0.36134
fa,4096,0,eager,25,0.36042
fa,4096,0,eager,26,0.35923
fa,4096,0,eager,27,0.36038
fa,4096,0,eager,28,0.35994
fa,4096,0,eager,29,0.35856
fa,8192,0,graph,0,1.27424
fa,8192,0,graph,1,1.27392
fa,8192,0,graph,2,1.27469
fa,8192,0,graph,3,1.24186
fa,8192,0,graph,4,1.23722
fa,8192,0,graph,5,1.24186
fa,8192,0,graph,6,1.24090
fa,8192,0,graph,7,1.24179
fa,8192,0,graph,8,1.24128
fa,8192,0,graph,9,1.24128
fa,8192,0,graph,10,1.24099
fa,8192,0,graph,11,1.24038
fa,8192,0,graph,12,1.24125
fa,8192,0,graph,13,1.24131
fa,8192,0,graph,14,1.24266
fa,8192,0,graph,15,1.24522
fa,8192,0,graph,16,1.24458
fa,8192,0,graph,17,1.24362
fa,8192,0,graph,18,1.27261
fa,8192,0,graph,19,1.26851
fa,8192,0,graph,20,1.26794
fa,8192,0,graph,21,1.27590
fa,8192,0,graph,22,1.26765
fa,8192,0,graph,23,1.26714
fa,8192,0,graph,24,1.26560
fa,8192,0,graph,25,1.26768
fa,8192,0,graph,26,1.26810
fa,8192,0,graph,27,1.26723
fa,8192,0,graph,28,1.26774
fa,8192,0,graph,29,1.26752
fa,8192,0,eager,0,1.30653
fa,8192,0,eager,1,1.21242
fa,8192,0,eager,2,1.20790
fa,8192,0,eager,3,1.21085
fa,8192,0,eager,4,1.21050
fa,8192,0,eager,5,1.20899
fa,8192,0,eager,6,1.20762
fa,8192,0,eager,7,1.20973
fa,8192,0,eager,8,1.20925
fa,8192,0,eager,9,1.20989
fa,8192,0,eager,10,1.20842
fa,8192,0,eager,11,1.21027
fa,8192,0,eager,12,1.21757
fa,8192,0,eager,13,1.21238
fa,8192,0,eager,14,1.20902
fa,8192,0,eager,15,1.20723
fa,8192,0,eager,16,1.21002
fa,8192,0,eager,17,1.26016
fa,8192,0,eager,18,1.27280
fa,8192,0,eager,19,1.26624
fa,8192,0,eager,20,1.26736
fa,8192,0,eager,21,1.26845
fa,8192,0,eager,22,1.26986
fa,8192,0,eager,23,1.26342
fa,8192,0,eager,24,1.25984
fa,8192,0,eager,25,1.26170
fa,8192,0,eager,26,1.26349
fa,8192,0,eager,27,1.26909
fa,8192,0,eager,28,1.26966
fa,8192,0,eager,29,1.26077
fa,64,4096,graph,0,0.03018
fa,64,4096,graph,1,0.03028
fa,64,4096,graph,2,0.03022
fa,64,4096,graph,3,0.03032
fa,64,4096,graph,4,0.03038
fa,64,4096,graph,5,0.03034
fa,64,4096,graph,6,0.03028
fa,64,4096,graph,7,0.03028
fa,64,4096,graph,8,0.03037
fa,64,4096,graph,9,0.03032
fa,64,4096,graph,10,0.03030
fa,64,4096,graph,11,0.03051
fa,64,4096,graph,12,0.03036
fa,64,4096,graph,13,0.03052
fa,64,4096,graph,14,0.03029
fa,64,4096,graph,15,0.03041
fa,64,4096,graph,16,0.03026
fa,64,4096,graph,17,0.03028
fa,64,4096,graph,18,0.03039
fa,64,4096,graph,19,0.03029
fa,64,4096,graph,20,0.03047
fa,64,4096,graph,21,0.03027
fa,64,4096,graph,22,0.03038
fa,64,4096,graph,23,0.03035
fa,64,4096,graph,24,0.03031
fa,64,4096,graph,25,0.03026
fa,64,4096,graph,26,0.03029
fa,64,4096,graph,27,0.03030
fa,64,4096,graph,28,0.03051
fa,64,4096,graph,29,0.03032
fa,64,4096,eager,0,0.22960
fa,64,4096,eager,1,0.21680
fa,64,4096,eager,2,0.18874
fa,64,4096,eager,3,0.18032
fa,64,4096,eager,4,0.19024
fa,64,4096,eager,5,0.19674
fa,64,4096,eager,6,0.17923
fa,64,4096,eager,7,0.17962
fa,64,4096,eager,8,0.17674
fa,64,4096,eager,9,0.18237
fa,64,4096,eager,10,0.17629
fa,64,4096,eager,11,0.17914
fa,64,4096,eager,12,0.17328
fa,64,4096,eager,13,0.19261
fa,64,4096,eager,14,0.18118
fa,64,4096,eager,15,0.17408
fa,64,4096,eager,16,0.18438
fa,64,4096,eager,17,0.17408
fa,64,4096,eager,18,0.17190
fa,64,4096,eager,19,0.17338
fa,64,4096,eager,20,0.18115
fa,64,4096,eager,21,0.17184
fa,64,4096,eager,22,0.17194
fa,64,4096,eager,23,0.16717
fa,64,4096,eager,24,0.08742
fa,64,4096,eager,25,0.08851
fa,64,4096,eager,26,0.07898
fa,64,4096,eager,27,0.07754
fa,64,4096,eager,28,0.08208
fa,64,4096,eager,29,0.07798
fa,65,4096,graph,0,0.03175
fa,65,4096,graph,1,0.03178
fa,65,4096,graph,2,0.03187
fa,65,4096,graph,3,0.03187
fa,65,4096,graph,4,0.03184
fa,65,4096,graph,5,0.03181
fa,65,4096,graph,6,0.03179
fa,65,4096,graph,7,0.03183
fa,65,4096,graph,8,0.03185
fa,65,4096,graph,9,0.03179
fa,65,4096,graph,10,0.03174
fa,65,4096,graph,11,0.03190
fa,65,4096,graph,12,0.03177
fa,65,4096,graph,13,0.03186
fa,65,4096,graph,14,0.03179
fa,65,4096,graph,15,0.03179
fa,65,4096,graph,16,0.03192
fa,65,4096,graph,17,0.03174
fa,65,4096,graph,18,0.03168
fa,65,4096,graph,19,0.03192
fa,65,4096,graph,20,0.03178
fa,65,4096,graph,21,0.03180
fa,65,4096,graph,22,0.03184
fa,65,4096,graph,23,0.03189
fa,65,4096,graph,24,0.03198
fa,65,4096,graph,25,0.03180
fa,65,4096,graph,26,0.03179
fa,65,4096,graph,27,0.03183
fa,65,4096,graph,28,0.03175
fa,65,4096,graph,29,0.03193
fa,65,4096,eager,0,0.08838
fa,65,4096,eager,1,0.08358
fa,65,4096,eager,2,0.08323
fa,65,4096,eager,3,0.08090
fa,65,4096,eager,4,0.08067
fa,65,4096,eager,5,0.08150
fa,65,4096,eager,6,0.07997
fa,65,4096,eager,7,0.08032
fa,65,4096,eager,8,0.08013
fa,65,4096,eager,9,0.08064
fa,65,4096,eager,10,0.08125
fa,65,4096,eager,11,0.07875
fa,65,4096,eager,12,0.08006
fa,65,4096,eager,13,0.08304
fa,65,4096,eager,14,0.07949
fa,65,4096,eager,15,0.07891
fa,65,4096,eager,16,0.07824
fa,65,4096,eager,17,0.07878
fa,65,4096,eager,18,0.07869
fa,65,4096,eager,19,0.07786
fa,65,4096,eager,20,0.07821
fa,65,4096,eager,21,0.07750
fa,65,4096,eager,22,0.07718
fa,65,4096,eager,23,0.08208
fa,65,4096,eager,24,0.07702
fa,65,4096,eager,25,0.07718
fa,65,4096,eager,26,0.09216
fa,65,4096,eager,27,0.07946
fa,65,4096,eager,28,0.07930
fa,65,4096,eager,29,0.07731
fa,128,4096,graph,0,0.04030
fa,128,4096,graph,1,0.04008
fa,128,4096,graph,2,0.04004
fa,128,4096,graph,3,0.04025
fa,128,4096,graph,4,0.04000
fa,128,4096,graph,5,0.03996
fa,128,4096,graph,6,0.04030
fa,128,4096,graph,7,0.04012
fa,128,4096,graph,8,0.04010
fa,128,4096,graph,9,0.04027
fa,128,4096,graph,10,0.04001
fa,128,4096,graph,11,0.04037
fa,128,4096,graph,12,0.04016
fa,128,4096,graph,13,0.04039
fa,128,4096,graph,14,0.04007
fa,128,4096,graph,15,0.03987
fa,128,4096,graph,16,0.04018
fa,128,4096,graph,17,0.04016
fa,128,4096,graph,18,0.04003
fa,128,4096,graph,19,0.04030
fa,128,4096,graph,20,0.04004
fa,128,4096,graph,21,0.03998
fa,128,4096,graph,22,0.04022
fa,128,4096,graph,23,0.04015
fa,128,4096,graph,24,0.04020
fa,128,4096,graph,25,0.04007
fa,128,4096,graph,26,0.04001
fa,128,4096,graph,27,0.04034
fa,128,4096,graph,28,0.04002
fa,128,4096,graph,29,0.04047
fa,128,4096,eager,0,0.21718
fa,128,4096,eager,1,0.19478
fa,128,4096,eager,2,0.19482
fa,128,4096,eager,3,0.18243
fa,128,4096,eager,4,0.17846
fa,128,4096,eager,5,0.17798
fa,128,4096,eager,6,0.18042
fa,128,4096,eager,7,0.19062
fa,128,4096,eager,8,0.18739
fa,128,4096,eager,9,0.19117
fa,128,4096,eager,10,0.15667
fa,128,4096,eager,11,0.10035
fa,128,4096,eager,12,0.08704
fa,128,4096,eager,13,0.08861
fa,128,4096,eager,14,0.08794
fa,128,4096,eager,15,0.08848
fa,128,4096,eager,16,0.08710
fa,128,4096,eager,17,0.08896
fa,128,4096,eager,18,0.08758
fa,128,4096,eager,19,0.08586
fa,128,4096,eager,20,0.08726
fa,128,4096,eager,21,0.08749
fa,128,4096,eager,22,0.08758
fa,128,4096,eager,23,0.08755
fa,128,4096,eager,24,0.08656
fa,128,4096,eager,25,0.08659
fa,128,4096,eager,26,0.08669
fa,128,4096,eager,27,0.08736
fa,128,4096,eager,28,0.08634
fa,128,4096,eager,29,0.08691
fa,129,4096,graph,0,0.05860
fa,129,4096,graph,1,0.05852
fa,129,4096,graph,2,0.05861
fa,129,4096,graph,3,0.05863
fa,129,4096,graph,4,0.05876
fa,129,4096,graph,5,0.05879
fa,129,4096,graph,6,0.05850
fa,129,4096,graph,7,0.05864
fa,129,4096,graph,8,0.05851
fa,129,4096,graph,9,0.05851
fa,129,4096,graph,10,0.05875
fa,129,4096,graph,11,0.05857
fa,129,4096,graph,12,0.05852
fa,129,4096,graph,13,0.05874
fa,129,4096,graph,14,0.05850
fa,129,4096,graph,15,0.05861
fa,129,4096,graph,16,0.05873
fa,129,4096,graph,17,0.05840
fa,129,4096,graph,18,0.05868
fa,129,4096,graph,19,0.05892
fa,129,4096,graph,20,0.05876
fa,129,4096,graph,21,0.05868
fa,129,4096,graph,22,0.05870
fa,129,4096,graph,23,0.05848
fa,129,4096,graph,24,0.05887
fa,129,4096,graph,25,0.05856
fa,129,4096,graph,26,0.05861
fa,129,4096,graph,27,0.05883
fa,129,4096,graph,28,0.05881
fa,129,4096,graph,29,0.05892
fa,129,4096,eager,0,0.11542
fa,129,4096,eager,1,0.11379
fa,129,4096,eager,2,0.11091
fa,129,4096,eager,3,0.11059
fa,129,4096,eager,4,0.10896
fa,129,4096,eager,5,0.10973
fa,129,4096,eager,6,0.10918
fa,129,4096,eager,7,0.10906
fa,129,4096,eager,8,0.10842
fa,129,4096,eager,9,0.10893
fa,129,4096,eager,10,0.10714
fa,129,4096,eager,11,0.10787
fa,129,4096,eager,12,0.10816
fa,129,4096,eager,13,0.10736
fa,129,4096,eager,14,0.10512
fa,129,4096,eager,15,0.10560
fa,129,4096,eager,16,0.10742
fa,129,4096,eager,17,0.10598
fa,129,4096,eager,18,0.11011
fa,129,4096,eager,19,0.10531
fa,129,4096,eager,20,0.10602
fa,129,4096,eager,21,0.10544
fa,129,4096,eager,22,0.10483
fa,129,4096,eager,23,0.10470
fa,129,4096,eager,24,0.10502
fa,129,4096,eager,25,0.10621
fa,129,4096,eager,26,0.10691
fa,129,4096,eager,27,0.10909
fa,129,4096,eager,28,0.10938
fa,129,4096,eager,29,0.10656
fa,256,4096,graph,0,0.08960
fa,256,4096,graph,1,0.08979
fa,256,4096,graph,2,0.08992
fa,256,4096,graph,3,0.08974
fa,256,4096,graph,4,0.08978
fa,256,4096,graph,5,0.08957
fa,256,4096,graph,6,0.08969
fa,256,4096,graph,7,0.08972
fa,256,4096,graph,8,0.08970
fa,256,4096,graph,9,0.08987
fa,256,4096,graph,10,0.08981
fa,256,4096,graph,11,0.08965
fa,256,4096,graph,12,0.08967
fa,256,4096,graph,13,0.08940
fa,256,4096,graph,14,0.08949
fa,256,4096,graph,15,0.08980
fa,256,4096,graph,16,0.08971
fa,256,4096,graph,17,0.08968
fa,256,4096,graph,18,0.08988
fa,256,4096,graph,19,0.08984
fa,256,4096,graph,20,0.08924
fa,256,4096,graph,21,0.08919
fa,256,4096,graph,22,0.08949
fa,256,4096,graph,23,0.08954
fa,256,4096,graph,24,0.08955
fa,256,4096,graph,25,0.08941
fa,256,4096,graph,26,0.08949
fa,256,4096,graph,27,0.08928
fa,256,4096,graph,28,0.08947
fa,256,4096,graph,29,0.08938
fa,256,4096,eager,0,0.16723
fa,256,4096,eager,1,0.15760
fa,256,4096,eager,2,0.15338
fa,256,4096,eager,3,0.15181
fa,256,4096,eager,4,0.15098
fa,256,4096,eager,5,0.15197
fa,256,4096,eager,6,0.14992
fa,256,4096,eager,7,0.14816
fa,256,4096,eager,8,0.14755
fa,256,4096,eager,9,0.14701
fa,256,4096,eager,10,0.15261
fa,256,4096,eager,11,0.14723
fa,256,4096,eager,12,0.14845
fa,256,4096,eager,13,0.14944
fa,256,4096,eager,14,0.14858
fa,256,4096,eager,15,0.14982
fa,256,4096,eager,16,0.15171
fa,256,4096,eager,17,0.14986
fa,256,4096,eager,18,0.14848
fa,256,4096,eager,19,0.14797
fa,256,4096,eager,20,0.15024
fa,256,4096,eager,21,0.15008
fa,256,4096,eager,22,0.14954
fa,256,4096,eager,23,0.14867
fa,256,4096,eager,24,0.14864
fa,256,4096,eager,25,0.14973
fa,256,4096,eager,26,0.14781
fa,256,4096,eager,27,0.23606
fa,256,4096,eager,28,0.15056
fa,256,4096,eager,29,0.15462
fa,512,4096,graph,0,0.13658
fa,512,4096,graph,1,0.13657
fa,512,4096,graph,2,0.13702
fa,512,4096,graph,3,0.13684
fa,512,4096,graph,4,0.13688
fa,512,4096,graph,5,0.13653
fa,512,4096,graph,6,0.13684
fa,512,4096,graph,7,0.13635
fa,512,4096,graph,8,0.13690
fa,512,4096,graph,9,0.13657
fa,512,4096,graph,10,0.13653
fa,512,4096,graph,11,0.13656
fa,512,4096,graph,12,0.13661
fa,512,4096,graph,13,0.13661
fa,512,4096,graph,14,0.13652
fa,512,4096,graph,15,0.13650
fa,512,4096,graph,16,0.13658
fa,512,4096,graph,17,0.13703
fa,512,4096,graph,18,0.13697
fa,512,4096,graph,19,0.13637
fa,512,4096,graph,20,0.13617
fa,512,4096,graph,21,0.13641
fa,512,4096,graph,22,0.13675
fa,512,4096,graph,23,0.13648
fa,512,4096,graph,24,0.13662
fa,512,4096,graph,25,0.13671
fa,512,4096,graph,26,0.13648
fa,512,4096,graph,27,0.13668
fa,512,4096,graph,28,0.13678
fa,512,4096,graph,29,0.13696
fa,512,4096,eager,0,0.28624
fa,512,4096,eager,1,0.27686
fa,512,4096,eager,2,0.27094
fa,512,4096,eager,3,0.26304
fa,512,4096,eager,4,0.26467
fa,512,4096,eager,5,0.26851
fa,512,4096,eager,6,0.26736
fa,512,4096,eager,7,0.26682
fa,512,4096,eager,8,0.26432
fa,512,4096,eager,9,0.23955
fa,512,4096,eager,10,0.20938
fa,512,4096,eager,11,0.20288
fa,512,4096,eager,12,0.18899
fa,512,4096,eager,13,0.18742
fa,512,4096,eager,14,0.18749
fa,512,4096,eager,15,0.18666
fa,512,4096,eager,16,0.18749
fa,512,4096,eager,17,0.18586
fa,512,4096,eager,18,0.18646
fa,512,4096,eager,19,0.18714
fa,512,4096,eager,20,0.18858
fa,512,4096,eager,21,0.18467
fa,512,4096,eager,22,0.18678
fa,512,4096,eager,23,0.18989
fa,512,4096,eager,24,0.18870
fa,512,4096,eager,25,0.18848
fa,512,4096,eager,26,0.18573
fa,512,4096,eager,27,0.18627
fa,512,4096,eager,28,0.18586
fa,512,4096,eager,29,0.19142
fa,1024,4096,graph,0,0.22138
fa,1024,4096,graph,1,0.22048
fa,1024,4096,graph,2,0.22071
fa,1024,4096,graph,3,0.22147
fa,1024,4096,graph,4,0.22137
fa,1024,4096,graph,5,0.22106
fa,1024,4096,graph,6,0.22077
fa,1024,4096,graph,7,0.22085
fa,1024,4096,graph,8,0.22177
fa,1024,4096,graph,9,0.22075
fa,1024,4096,graph,10,0.22109
fa,1024,4096,graph,11,0.22126
fa,1024,4096,graph,12,0.22127
fa,1024,4096,graph,13,0.22119
fa,1024,4096,graph,14,0.22096
fa,1024,4096,graph,15,0.22128
fa,1024,4096,graph,16,0.22095
fa,1024,4096,graph,17,0.22142
fa,1024,4096,graph,18,0.22113
fa,1024,4096,graph,19,0.22102
fa,1024,4096,graph,20,0.22179
fa,1024,4096,graph,21,0.22161
fa,1024,4096,graph,22,0.22131
fa,1024,4096,graph,23,0.22136
fa,1024,4096,graph,24,0.22149
fa,1024,4096,graph,25,0.22107
fa,1024,4096,graph,26,0.22105
fa,1024,4096,graph,27,0.22151
fa,1024,4096,graph,28,0.22145
fa,1024,4096,graph,29,0.22197
fa,1024,4096,eager,0,0.30810
fa,1024,4096,eager,1,0.29302
fa,1024,4096,eager,2,0.27158
fa,1024,4096,eager,3,0.26960
fa,1024,4096,eager,4,0.26627
fa,1024,4096,eager,5,0.26630
fa,1024,4096,eager,6,0.26608
fa,1024,4096,eager,7,0.27040
fa,1024,4096,eager,8,0.26419
fa,1024,4096,eager,9,0.26442
fa,1024,4096,eager,10,0.26512
fa,1024,4096,eager,11,0.26541
fa,1024,4096,eager,12,0.26573
fa,1024,4096,eager,13,0.26323
fa,1024,4096,eager,14,0.26960
fa,1024,4096,eager,15,0.26483
fa,1024,4096,eager,16,0.26538
fa,1024,4096,eager,17,0.26496
fa,1024,4096,eager,18,0.26518
fa,1024,4096,eager,19,0.26496
fa,1024,4096,eager,20,0.26358
fa,1024,4096,eager,21,0.26922
fa,1024,4096,eager,22,0.26589
fa,1024,4096,eager,23,0.26659
fa,1024,4096,eager,24,0.26474
fa,1024,4096,eager,25,0.26518
fa,1024,4096,eager,26,0.26634
fa,1024,4096,eager,27,0.26368
fa,1024,4096,eager,28,0.26339
fa,1024,4096,eager,29,0.26541
fa,2048,4096,graph,0,0.38492
fa,2048,4096,graph,1,0.38386
fa,2048,4096,graph,2,0.38425
fa,2048,4096,graph,3,0.38372
fa,2048,4096,graph,4,0.38511
fa,2048,4096,graph,5,0.38416
fa,2048,4096,graph,6,0.38423
fa,2048,4096,graph,7,0.38715
fa,2048,4096,graph,8,0.38468
fa,2048,4096,graph,9,0.39105
fa,2048,4096,graph,10,0.39278
fa,2048,4096,graph,11,0.39324
fa,2048,4096,graph,12,0.40675
fa,2048,4096,graph,13,0.39386
fa,2048,4096,graph,14,0.39547
fa,2048,4096,graph,15,0.39932
fa,2048,4096,graph,16,0.39862
fa,2048,4096,graph,17,0.39863
fa,2048,4096,graph,18,0.39789
fa,2048,4096,graph,19,0.39837
fa,2048,4096,graph,20,0.39892
fa,2048,4096,graph,21,0.39848
fa,2048,4096,graph,22,0.39880
fa,2048,4096,graph,23,0.39907
fa,2048,4096,graph,24,0.39826
fa,2048,4096,graph,25,0.39798
fa,2048,4096,graph,26,0.39949
fa,2048,4096,graph,27,0.39861
fa,2048,4096,graph,28,0.39947
fa,2048,4096,graph,29,0.39941
fa,2048,4096,eager,0,0.45171
fa,2048,4096,eager,1,0.43901
fa,2048,4096,eager,2,0.43190
fa,2048,4096,eager,3,0.44640
fa,2048,4096,eager,4,0.43072
fa,2048,4096,eager,5,0.42906
fa,2048,4096,eager,6,0.43123
fa,2048,4096,eager,7,0.43152
fa,2048,4096,eager,8,0.42710
fa,2048,4096,eager,9,0.42637
fa,2048,4096,eager,10,0.42717
fa,2048,4096,eager,11,0.42742
fa,2048,4096,eager,12,0.42518
fa,2048,4096,eager,13,0.42883
fa,2048,4096,eager,14,0.42560
fa,2048,4096,eager,15,0.43040
fa,2048,4096,eager,16,0.42992
fa,2048,4096,eager,17,0.42694
fa,2048,4096,eager,18,0.45568
fa,2048,4096,eager,19,0.42682
fa,2048,4096,eager,20,0.42560
fa,2048,4096,eager,21,0.42784
fa,2048,4096,eager,22,0.42563
fa,2048,4096,eager,23,0.42650
fa,2048,4096,eager,24,0.42496
fa,2048,4096,eager,25,0.42320
fa,2048,4096,eager,26,0.42384
fa,2048,4096,eager,27,0.42474
fa,2048,4096,eager,28,0.43990
fa,2048,4096,eager,29,0.43270
fa,4096,4096,graph,0,0.92446
fa,4096,4096,graph,1,0.92414
fa,4096,4096,graph,2,0.92510
fa,4096,4096,graph,3,0.92408
fa,4096,4096,graph,4,0.92485
fa,4096,4096,graph,5,0.92434
fa,4096,4096,graph,6,0.92302
fa,4096,4096,graph,7,0.94856
fa,4096,4096,graph,8,0.96891
fa,4096,4096,graph,9,0.95621
fa,4096,4096,graph,10,0.93259
fa,4096,4096,graph,11,0.93278
fa,4096,4096,graph,12,0.93342
fa,4096,4096,graph,13,0.93253
fa,4096,4096,graph,14,0.93378
fa,4096,4096,graph,15,0.93198
fa,4096,4096,graph,16,0.93298
fa,4096,4096,graph,17,0.93339
fa,4096,4096,graph,18,0.93397
fa,4096,4096,graph,19,0.93224
fa,4096,4096,graph,20,0.93262
fa,4096,4096,graph,21,0.93413
fa,4096,4096,graph,22,0.93342
fa,4096,4096,graph,23,0.94750
fa,4096,4096,graph,24,0.95854
fa,4096,4096,graph,25,0.96091
fa,4096,4096,graph,26,0.96190
fa,4096,4096,graph,27,0.95941
fa,4096,4096,graph,28,0.96059
fa,4096,4096,graph,29,0.95819
fa,4096,4096,eager,0,0.95306
fa,4096,4096,eager,1,1.00483
fa,4096,4096,eager,2,0.93891
fa,4096,4096,eager,3,0.94259
fa,4096,4096,eager,4,0.93382
fa,4096,4096,eager,5,0.93782
fa,4096,4096,eager,6,0.93882
fa,4096,4096,eager,7,0.93888
fa,4096,4096,eager,8,0.93632
fa,4096,4096,eager,9,0.94032
fa,4096,4096,eager,10,0.94154
fa,4096,4096,eager,11,0.93978
fa,4096,4096,eager,12,0.93680
fa,4096,4096,eager,13,0.93398
fa,4096,4096,eager,14,0.94003
fa,4096,4096,eager,15,0.94394
fa,4096,4096,eager,16,0.94422
fa,4096,4096,eager,17,0.93968
fa,4096,4096,eager,18,0.94138
fa,4096,4096,eager,19,0.94448
fa,4096,4096,eager,20,0.94109
fa,4096,4096,eager,21,0.93917
fa,4096,4096,eager,22,0.94314
fa,4096,4096,eager,23,0.94051
fa,4096,4096,eager,24,0.93914
fa,4096,4096,eager,25,0.94214
fa,4096,4096,eager,26,0.93856
fa,4096,4096,eager,27,0.94256
fa,4096,4096,eager,28,0.94438
fa,4096,4096,eager,29,0.94163
fa,8192,4096,graph,0,2.37402
fa,8192,4096,graph,1,2.38582
fa,8192,4096,graph,2,2.43075
fa,8192,4096,graph,3,2.50026
fa,8192,4096,graph,4,2.49894
fa,8192,4096,graph,5,2.49578
fa,8192,4096,graph,6,2.49786
fa,8192,4096,graph,7,2.50346
fa,8192,4096,graph,8,2.49590
fa,8192,4096,graph,9,2.49469
fa,8192,4096,graph,10,2.51523
fa,8192,4096,graph,11,2.52214
fa,8192,4096,graph,12,2.52237
fa,8192,4096,graph,13,2.52006
fa,8192,4096,graph,14,2.52042
fa,8192,4096,graph,15,2.52058
fa,8192,4096,graph,16,2.51958
fa,8192,4096,graph,17,2.52374
fa,8192,4096,graph,18,2.55398
fa,8192,4096,graph,19,2.54989
fa,8192,4096,graph,20,2.54803
fa,8192,4096,graph,21,2.54960
fa,8192,4096,graph,22,2.55424
fa,8192,4096,graph,23,2.55494
fa,8192,4096,graph,24,2.56592
fa,8192,4096,graph,25,2.55552
fa,8192,4096,graph,26,2.55414
fa,8192,4096,graph,27,2.54950
fa,8192,4096,graph,28,2.55539
fa,8192,4096,graph,29,2.56413
fa,8192,4096,eager,0,2.32483
fa,8192,4096,eager,1,2.31725
fa,8192,4096,eager,2,2.31200
fa,8192,4096,eager,3,2.31181
fa,8192,4096,eager,4,2.30918
fa,8192,4096,eager,5,2.31053
fa,8192,4096,eager,6,2.31040
fa,8192,4096,eager,7,2.31008
fa,8192,4096,eager,8,2.31018
fa,8192,4096,eager,9,2.31382
fa,8192,4096,eager,10,2.31174
fa,8192,4096,eager,11,2.31056
fa,8192,4096,eager,12,2.30918
fa,8192,4096,eager,13,2.30992
fa,8192,4096,eager,14,2.31206
fa,8192,4096,eager,15,2.45638
fa,8192,4096,eager,16,2.53837
fa,8192,4096,eager,17,2.53984
fa,8192,4096,eager,18,2.54246
fa,8192,4096,eager,19,2.53994
fa,8192,4096,eager,20,2.55619
fa,8192,4096,eager,21,2.56509
fa,8192,4096,eager,22,2.56662
fa,8192,4096,eager,23,2.56486
fa,8192,4096,eager,24,2.56678
fa,8192,4096,eager,25,2.56470
fa,8192,4096,eager,26,2.56602
fa,8192,4096,eager,27,2.56554
fa,8192,4096,eager,28,2.56547
fa,8192,4096,eager,29,2.56867
fa,64,16384,graph,0,0.05728
fa,64,16384,graph,1,0.05714
fa,64,16384,graph,2,0.05736
fa,64,16384,graph,3,0.05729
fa,64,16384,graph,4,0.05733
fa,64,16384,graph,5,0.05713
fa,64,16384,graph,6,0.05697
fa,64,16384,graph,7,0.05729
fa,64,16384,graph,8,0.05716
fa,64,16384,graph,9,0.05726
fa,64,16384,graph,10,0.05715
fa,64,16384,graph,11,0.05712
fa,64,16384,graph,12,0.05739
fa,64,16384,graph,13,0.05734
fa,64,16384,graph,14,0.05734
fa,64,16384,graph,15,0.05726
fa,64,16384,graph,16,0.05723
fa,64,16384,graph,17,0.05723
fa,64,16384,graph,18,0.05737
fa,64,16384,graph,19,0.05724
fa,64,16384,graph,20,0.05732
fa,64,16384,graph,21,0.05726
fa,64,16384,graph,22,0.05728
fa,64,16384,graph,23,0.05711
fa,64,16384,graph,24,0.05723
fa,64,16384,graph,25,0.05739
fa,64,16384,graph,26,0.05730
fa,64,16384,graph,27,0.05725
fa,64,16384,graph,28,0.05731
fa,64,16384,graph,29,0.05714
fa,64,16384,eager,0,0.13674
fa,64,16384,eager,1,0.13107
fa,64,16384,eager,2,0.12653
fa,64,16384,eager,3,0.12467
fa,64,16384,eager,4,0.12586
fa,64,16384,eager,5,0.12659
fa,64,16384,eager,6,0.12589
fa,64,16384,eager,7,0.12522
fa,64,16384,eager,8,0.12378
fa,64,16384,eager,9,0.12355
fa,64,16384,eager,10,0.12234
fa,64,16384,eager,11,0.12403
fa,64,16384,eager,12,0.13107
fa,64,16384,eager,13,0.12342
fa,64,16384,eager,14,0.12173
fa,64,16384,eager,15,0.12342
fa,64,16384,eager,16,0.12250
fa,64,16384,eager,17,0.12102
fa,64,16384,eager,18,0.12083
fa,64,16384,eager,19,0.12291
fa,64,16384,eager,20,0.12266
fa,64,16384,eager,21,0.12074
fa,64,16384,eager,22,0.12202
fa,64,16384,eager,23,0.12125
fa,64,16384,eager,24,0.12192
fa,64,16384,eager,25,0.12854
fa,64,16384,eager,26,0.12394
fa,64,16384,eager,27,0.12032
fa,64,16384,eager,28,0.12211
fa,64,16384,eager,29,0.12029
fa,65,16384,graph,0,0.06415
fa,65,16384,graph,1,0.06412
fa,65,16384,graph,2,0.06424
fa,65,16384,graph,3,0.06404
fa,65,16384,graph,4,0.06413
fa,65,16384,graph,5,0.06402
fa,65,16384,graph,6,0.06397
fa,65,16384,graph,7,0.06406
fa,65,16384,graph,8,0.06410
fa,65,16384,graph,9,0.06437
fa,65,16384,graph,10,0.06394
fa,65,16384,graph,11,0.06398
fa,65,16384,graph,12,0.06400
fa,65,16384,graph,13,0.06411
fa,65,16384,graph,14,0.06410
fa,65,16384,graph,15,0.06412
fa,65,16384,graph,16,0.06400
fa,65,16384,graph,17,0.06432
fa,65,16384,graph,18,0.06420
fa,65,16384,graph,19,0.06429
fa,65,16384,graph,20,0.06408
fa,65,16384,graph,21,0.06407
fa,65,16384,graph,22,0.06397
fa,65,16384,graph,23,0.06409
fa,65,16384,graph,24,0.06417
fa,65,16384,graph,25,0.06413
fa,65,16384,graph,26,0.06417
fa,65,16384,graph,27,0.06429
fa,65,16384,graph,28,0.06414
fa,65,16384,graph,29,0.06411
fa,65,16384,eager,0,0.21558
fa,65,16384,eager,1,0.20502
fa,65,16384,eager,2,0.19763
fa,65,16384,eager,3,0.19254
fa,65,16384,eager,4,0.19062
fa,65,16384,eager,5,0.18870
fa,65,16384,eager,6,0.18867
fa,65,16384,eager,7,0.19059
fa,65,16384,eager,8,0.18650
fa,65,16384,eager,9,0.18336
fa,65,16384,eager,10,0.12282
fa,65,16384,eager,11,0.12384
fa,65,16384,eager,12,0.12467
fa,65,16384,eager,13,0.11152
fa,65,16384,eager,14,0.11261
fa,65,16384,eager,15,0.11213
fa,65,16384,eager,16,0.11203
fa,65,16384,eager,17,0.11373
fa,65,16384,eager,18,0.11210
fa,65,16384,eager,19,0.11251
fa,65,16384,eager,20,0.11277
fa,65,16384,eager,21,0.11293
fa,65,16384,eager,22,0.11331
fa,65,16384,eager,23,0.11168
fa,65,16384,eager,24,0.11306
fa,65,16384,eager,25,0.11437
fa,65,16384,eager,26,0.11216
fa,65,16384,eager,27,0.11094
fa,65,16384,eager,28,0.11274
fa,65,16384,eager,29,0.11536
fa,128,16384,graph,0,0.09482
fa,128,16384,graph,1,0.09532
fa,128,16384,graph,2,0.09522
fa,128,16384,graph,3,0.09520
fa,128,16384,graph,4,0.09481
fa,128,16384,graph,5,0.09501
fa,128,16384,graph,6,0.09506
fa,128,16384,graph,7,0.09507
fa,128,16384,graph,8,0.09484
fa,128,16384,graph,9,0.09504
fa,128,16384,graph,10,0.09515
fa,128,16384,graph,11,0.09521
fa,128,16384,graph,12,0.09522
fa,128,16384,graph,13,0.09510
fa,128,16384,graph,14,0.09522
fa,128,16384,graph,15,0.09487
fa,128,16384,graph,16,0.09507
fa,128,16384,graph,17,0.09526
fa,128,16384,graph,18,0.09507
fa,128,16384,graph,19,0.09536
fa,128,16384,graph,20,0.09526
fa,128,16384,graph,21,0.09510
fa,128,16384,graph,22,0.09527
fa,128,16384,graph,23,0.09521
fa,128,16384,graph,24,0.09482
fa,128,16384,graph,25,0.09523
fa,128,16384,graph,26,0.09471
fa,128,16384,graph,27,0.09514
fa,128,16384,graph,28,0.09482
fa,128,16384,graph,29,0.09468
fa,128,16384,eager,0,0.24637
fa,128,16384,eager,1,0.23382
fa,128,16384,eager,2,0.23789
fa,128,16384,eager,3,0.22867
fa,128,16384,eager,4,0.22362
fa,128,16384,eager,5,0.22202
fa,128,16384,eager,6,0.22224
fa,128,16384,eager,7,0.22022
fa,128,16384,eager,8,0.22253
fa,128,16384,eager,9,0.23098
fa,128,16384,eager,10,0.22070
fa,128,16384,eager,11,0.21792
fa,128,16384,eager,12,0.21811
fa,128,16384,eager,13,0.23066
fa,128,16384,eager,14,0.22032
fa,128,16384,eager,15,0.21718
fa,128,16384,eager,16,0.21763
fa,128,16384,eager,17,0.21888
fa,128,16384,eager,18,0.21763
fa,128,16384,eager,19,0.21840
fa,128,16384,eager,20,0.21466
fa,128,16384,eager,21,0.21818
fa,128,16384,eager,22,0.22102
fa,128,16384,eager,23,0.21667
fa,128,16384,eager,24,0.22058
fa,128,16384,eager,25,0.21651
fa,128,16384,eager,26,0.21437
fa,128,16384,eager,27,0.21437
fa,128,16384,eager,28,0.22355
fa,128,16384,eager,29,0.21162
fa,129,16384,graph,0,0.16491
fa,129,16384,graph,1,0.16489
fa,129,16384,graph,2,0.16523
fa,129,16384,graph,3,0.16501
fa,129,16384,graph,4,0.16507
fa,129,16384,graph,5,0.16510
fa,129,16384,graph,6,0.16498
fa,129,16384,graph,7,0.16541
fa,129,16384,graph,8,0.16529
fa,129,16384,graph,9,0.16510
fa,129,16384,graph,10,0.16541
fa,129,16384,graph,11,0.16496
fa,129,16384,graph,12,0.16484
fa,129,16384,graph,13,0.16518
fa,129,16384,graph,14,0.16510
fa,129,16384,graph,15,0.16475
fa,129,16384,graph,16,0.16522
fa,129,16384,graph,17,0.16563
fa,129,16384,graph,18,0.16496
fa,129,16384,graph,19,0.16571
fa,129,16384,graph,20,0.16533
fa,129,16384,graph,21,0.16573
fa,129,16384,graph,22,0.16559
fa,129,16384,graph,23,0.16517
fa,129,16384,graph,24,0.16559
fa,129,16384,graph,25,0.16492
fa,129,16384,graph,26,0.16478
fa,129,16384,graph,27,0.16455
fa,129,16384,graph,28,0.16588
fa,129,16384,graph,29,0.16489
fa,129,16384,eager,0,0.31898
fa,129,16384,eager,1,0.30851
fa,129,16384,eager,2,0.30211
fa,129,16384,eager,3,0.29626
fa,129,16384,eager,4,0.30301
fa,129,16384,eager,5,0.29475
fa,129,16384,eager,6,0.29526
fa,129,16384,eager,7,0.29754
fa,129,16384,eager,8,0.29245
fa,129,16384,eager,9,0.29382
fa,129,16384,eager,10,0.23834
fa,129,16384,eager,11,0.22032
fa,129,16384,eager,12,0.21734
fa,129,16384,eager,13,0.21747
fa,129,16384,eager,14,0.21734
fa,129,16384,eager,15,0.22493
fa,129,16384,eager,16,0.21834
fa,129,16384,eager,17,0.21747
fa,129,16384,eager,18,0.21606
fa,129,16384,eager,19,0.21664
fa,129,16384,eager,20,0.21667
fa,129,16384,eager,21,0.21626
fa,129,16384,eager,22,0.21706
fa,129,16384,eager,23,0.21530
fa,129,16384,eager,24,0.21718
fa,129,16384,eager,25,0.21706
fa,129,16384,eager,26,0.21562
fa,129,16384,eager,27,0.21610
fa,129,16384,eager,28,0.21638
fa,129,16384,eager,29,0.21494
fa,256,16384,graph,0,0.26599
fa,256,16384,graph,1,0.26690
fa,256,16384,graph,2,0.26620
fa,256,16384,graph,3,0.26674
fa,256,16384,graph,4,0.26699
fa,256,16384,graph,5,0.26669
fa,256,16384,graph,6,0.26637
fa,256,16384,graph,7,0.26633
fa,256,16384,graph,8,0.26606
fa,256,16384,graph,9,0.26558
fa,256,16384,graph,10,0.26651
fa,256,16384,graph,11,0.26602
fa,256,16384,graph,12,0.26578
fa,256,16384,graph,13,0.26641
fa,256,16384,graph,14,0.26543
fa,256,16384,graph,15,0.26553
fa,256,16384,graph,16,0.26626
fa,256,16384,graph,17,0.26609
fa,256,16384,graph,18,0.26621
fa,256,16384,graph,19,0.26651
fa,256,16384,graph,20,0.26604
fa,256,16384,graph,21,0.26575
fa,256,16384,graph,22,0.26594
fa,256,16384,graph,23,0.26513
fa,256,16384,graph,24,0.26545
fa,256,16384,graph,25,0.26542
fa,256,16384,graph,26,0.26613
fa,256,16384,graph,27,0.26635
fa,256,16384,graph,28,0.26510
fa,256,16384,graph,29,0.26633
fa,256,16384,eager,0,0.33133
fa,256,16384,eager,1,0.32320
fa,256,16384,eager,2,0.31936
fa,256,16384,eager,3,0.31718
fa,256,16384,eager,4,0.32067
fa,256,16384,eager,5,0.31776
fa,256,16384,eager,6,0.31677
fa,256,16384,eager,7,0.31747
fa,256,16384,eager,8,0.31696
fa,256,16384,eager,9,0.32157
fa,256,16384,eager,10,0.31606
fa,256,16384,eager,11,0.31418
fa,256,16384,eager,12,0.38704
fa,256,16384,eager,13,0.31885
fa,256,16384,eager,14,0.31696
fa,256,16384,eager,15,0.31680
fa,256,16384,eager,16,0.31731
fa,256,16384,eager,17,0.31597
fa,256,16384,eager,18,0.31702
fa,256,16384,eager,19,0.31338
fa,256,16384,eager,20,0.31453
fa,256,16384,eager,21,0.31379
fa,256,16384,eager,22,0.31485
fa,256,16384,eager,23,0.31590
fa,256,16384,eager,24,0.31424
fa,256,16384,eager,25,0.31421
fa,256,16384,eager,26,0.31434
fa,256,16384,eager,27,0.31270
fa,256,16384,eager,28,0.31350
fa,256,16384,eager,29,0.31363
fa,512,16384,graph,0,0.39904
fa,512,16384,graph,1,0.39883
fa,512,16384,graph,2,0.39864
fa,512,16384,graph,3,0.39866
fa,512,16384,graph,4,0.39899
fa,512,16384,graph,5,0.39810
fa,512,16384,graph,6,0.39802
fa,512,16384,graph,7,0.39828
fa,512,16384,graph,8,0.39854
fa,512,16384,graph,9,0.39870
fa,512,16384,graph,10,0.39780
fa,512,16384,graph,11,0.39872
fa,512,16384,graph,12,0.39867
fa,512,16384,graph,13,0.39886
fa,512,16384,graph,14,0.39955
fa,512,16384,graph,15,0.39858
fa,512,16384,graph,16,0.39906
fa,512,16384,graph,17,0.39824
fa,512,16384,graph,18,0.39844
fa,512,16384,graph,19,0.39814
fa,512,16384,graph,20,0.39844
fa,512,16384,graph,21,0.39855
fa,512,16384,graph,22,0.40509
fa,512,16384,graph,23,0.40659
fa,512,16384,graph,24,0.40794
fa,512,16384,graph,25,0.40744
fa,512,16384,graph,26,0.40772
fa,512,16384,graph,27,0.40792
fa,512,16384,graph,28,0.40788
fa,512,16384,graph,29,0.40831
fa,512,16384,eager,0,0.51190
fa,512,16384,eager,1,0.51046
fa,512,16384,eager,2,0.50074
fa,512,16384,eager,3,0.50086
fa,512,16384,eager,4,0.49293
fa,512,16384,eager,5,0.49434
fa,512,16384,eager,6,0.49018
fa,512,16384,eager,7,0.49165
fa,512,16384,eager,8,0.49024
fa,512,16384,eager,9,0.45302
fa,512,16384,eager,10,0.44701
fa,512,16384,eager,11,0.44746
fa,512,16384,eager,12,0.44851
fa,512,16384,eager,13,0.44570
fa,512,16384,eager,14,0.44758
fa,512,16384,eager,15,0.44813
fa,512,16384,eager,16,0.44627
fa,512,16384,eager,17,0.45645
fa,512,16384,eager,18,0.44947
fa,512,16384,eager,19,0.45027
fa,512,16384,eager,20,0.44966
fa,512,16384,eager,21,0.44922
fa,512,16384,eager,22,0.45325
fa,512,16384,eager,23,0.45360
fa,512,16384,eager,24,0.45674
fa,512,16384,eager,25,0.45258
fa,512,16384,eager,26,0.44963
fa,512,16384,eager,27,0.44730
fa,512,16384,eager,28,0.44755
fa,512,16384,eager,29,0.44874
fa,1024,16384,graph,0,0.75118
fa,1024,16384,graph,1,0.74909
fa,1024,16384,graph,2,0.74702
fa,1024,16384,graph,3,0.74619
fa,1024,16384,graph,4,0.74581
fa,1024,16384,graph,5,0.75013
fa,1024,16384,graph,6,0.75443
fa,1024,16384,graph,7,0.75379
fa,1024,16384,graph,8,0.75514
fa,1024,16384,graph,9,0.75490
fa,1024,16384,graph,10,0.75576
fa,1024,16384,graph,11,0.75536
fa,1024,16384,graph,12,0.75578
fa,1024,16384,graph,13,0.76346
fa,1024,16384,graph,14,0.77034
fa,1024,16384,graph,15,0.76776
fa,1024,16384,graph,16,0.76736
fa,1024,16384,graph,17,0.76918
fa,1024,16384,graph,18,0.76909
fa,1024,16384,graph,19,0.76742
fa,1024,16384,graph,20,0.76747
fa,1024,16384,graph,21,0.76755
fa,1024,16384,graph,22,0.76715
fa,1024,16384,graph,23,0.76808
fa,1024,16384,graph,24,0.76723
fa,1024,16384,graph,25,0.76670
fa,1024,16384,graph,26,0.76832
fa,1024,16384,graph,27,0.76786
fa,1024,16384,graph,28,0.76608
fa,1024,16384,graph,29,0.76774
fa,1024,16384,eager,0,0.81491
fa,1024,16384,eager,1,0.80643
fa,1024,16384,eager,2,0.80099
fa,1024,16384,eager,3,0.80694
fa,1024,16384,eager,4,0.80259
fa,1024,16384,eager,5,0.80634
fa,1024,16384,eager,6,0.80106
fa,1024,16384,eager,7,0.80099
fa,1024,16384,eager,8,0.79760
fa,1024,16384,eager,9,0.80035
fa,1024,16384,eager,10,0.80182
fa,1024,16384,eager,11,0.80282
fa,1024,16384,eager,12,0.80246
fa,1024,16384,eager,13,0.79939
fa,1024,16384,eager,14,0.79952
fa,1024,16384,eager,15,0.80109
fa,1024,16384,eager,16,0.80109
fa,1024,16384,eager,17,0.79526
fa,1024,16384,eager,18,0.79408
fa,1024,16384,eager,19,0.79808
fa,1024,16384,eager,20,0.79725
fa,1024,16384,eager,21,0.80061
fa,1024,16384,eager,22,0.79699
fa,1024,16384,eager,23,0.79469
fa,1024,16384,eager,24,0.79456
fa,1024,16384,eager,25,0.79610
fa,1024,16384,eager,26,0.79850
fa,1024,16384,eager,27,0.79421
fa,1024,16384,eager,28,0.79158
fa,1024,16384,eager,29,0.79747
fa,2048,16384,graph,0,1.29042
fa,2048,16384,graph,1,1.28965
fa,2048,16384,graph,2,1.28878
fa,2048,16384,graph,3,1.28968
fa,2048,16384,graph,4,1.28776
fa,2048,16384,graph,5,1.28875
fa,2048,16384,graph,6,1.28814
fa,2048,16384,graph,7,1.28882
fa,2048,16384,graph,8,1.28859
fa,2048,16384,graph,9,1.28866
fa,2048,16384,graph,10,1.28818
fa,2048,16384,graph,11,1.28914
fa,2048,16384,graph,12,1.28840
fa,2048,16384,graph,13,1.29912
fa,2048,16384,graph,14,1.32766
fa,2048,16384,graph,15,1.32773
fa,2048,16384,graph,16,1.32686
fa,2048,16384,graph,17,1.33195
fa,2048,16384,graph,18,1.32757
fa,2048,16384,graph,19,1.32654
fa,2048,16384,graph,20,1.32754
fa,2048,16384,graph,21,1.32747
fa,2048,16384,graph,22,1.32651
fa,2048,16384,graph,23,1.32926
fa,2048,16384,graph,24,1.32597
fa,2048,16384,graph,25,1.32475
fa,2048,16384,graph,26,1.32584
fa,2048,16384,graph,27,1.32494
fa,2048,16384,graph,28,1.32654
fa,2048,16384,graph,29,1.32597
fa,2048,16384,eager,0,1.27741
fa,2048,16384,eager,1,1.27379
fa,2048,16384,eager,2,1.27149
fa,2048,16384,eager,3,1.26259
fa,2048,16384,eager,4,1.26093
fa,2048,16384,eager,5,1.25792
fa,2048,16384,eager,6,1.25952
fa,2048,16384,eager,7,1.25933
fa,2048,16384,eager,8,1.25840
fa,2048,16384,eager,9,1.26275
fa,2048,16384,eager,10,1.26170
fa,2048,16384,eager,11,1.25926
fa,2048,16384,eager,12,1.25818
fa,2048,16384,eager,13,1.25939
fa,2048,16384,eager,14,1.25910
fa,2048,16384,eager,15,1.27914
fa,2048,16384,eager,16,1.30838
fa,2048,16384,eager,17,1.30682
fa,2048,16384,eager,18,1.31088
fa,2048,16384,eager,19,1.30749
fa,2048,16384,eager,20,1.30544
fa,2048,16384,eager,21,1.30554
fa,2048,16384,eager,22,1.30458
fa,2048,16384,eager,23,1.30736
fa,2048,16384,eager,24,1.30464
fa,2048,16384,eager,25,1.30970
fa,2048,16384,eager,26,1.30646
fa,2048,16384,eager,27,1.30563
fa,2048,16384,eager,28,1.30464
fa,2048,16384,eager,29,1.30640
fa,4096,16384,graph,0,2.76658
fa,4096,16384,graph,1,2.76475
fa,4096,16384,graph,2,2.78786
fa,4096,16384,graph,3,2.83957
fa,4096,16384,graph,4,2.83701
fa,4096,16384,graph,5,2.84341
fa,4096,16384,graph,6,2.83534
fa,4096,16384,graph,7,2.83755
fa,4096,16384,graph,8,2.83762
fa,4096,16384,graph,9,2.86037
fa,4096,16384,graph,10,2.86258
fa,4096,16384,graph,11,2.86715
fa,4096,16384,graph,12,2.86533
fa,4096,16384,graph,13,2.86370
fa,4096,16384,graph,14,2.86331
fa,4096,16384,graph,15,2.88152
fa,4096,16384,graph,16,2.87070
fa,4096,16384,graph,17,2.86507
fa,4096,16384,graph,18,2.87298
fa,4096,16384,graph,19,2.87941
fa,4096,16384,graph,20,2.86331
fa,4096,16384,graph,21,2.86939
fa,4096,16384,graph,22,2.86606
fa,4096,16384,graph,23,2.86520
fa,4096,16384,graph,24,2.88389
fa,4096,16384,graph,25,2.86837
fa,4096,16384,graph,26,2.86738
fa,4096,16384,graph,27,2.87781
fa,4096,16384,graph,28,2.86302
fa,4096,16384,graph,29,2.86478
fa,4096,16384,eager,0,2.62960
fa,4096,16384,eager,1,2.61315
fa,4096,16384,eager,2,2.61520
fa,4096,16384,eager,3,2.68022
fa,4096,16384,eager,4,2.69683
fa,4096,16384,eager,5,2.69392
fa,4096,16384,eager,6,2.69072
fa,4096,16384,eager,7,2.80074
fa,4096,16384,eager,8,2.88310
fa,4096,16384,eager,9,2.88496
fa,4096,16384,eager,10,2.89184
fa,4096,16384,eager,11,2.88365
fa,4096,16384,eager,12,2.88499
fa,4096,16384,eager,13,2.88483
fa,4096,16384,eager,14,2.89750
fa,4096,16384,eager,15,2.91571
fa,4096,16384,eager,16,2.90915
fa,4096,16384,eager,17,2.90662
fa,4096,16384,eager,18,2.90832
fa,4096,16384,eager,19,2.90579
fa,4096,16384,eager,20,2.90845
fa,4096,16384,eager,21,2.90704
fa,4096,16384,eager,22,2.90742
fa,4096,16384,eager,23,2.90739
fa,4096,16384,eager,24,2.90477
fa,4096,16384,eager,25,2.90662
fa,4096,16384,eager,26,2.90365
fa,4096,16384,eager,27,2.90438
fa,4096,16384,eager,28,2.90634
fa,4096,16384,eager,29,2.90426
fa,8192,16384,graph,0,6.20397
fa,8192,16384,graph,1,6.20330
fa,8192,16384,graph,2,6.25456
fa,8192,16384,graph,3,6.28602
fa,8192,16384,graph,4,6.27533
fa,8192,16384,graph,5,6.37069
fa,8192,16384,graph,6,6.41875
fa,8192,16384,graph,7,6.42218
fa,8192,16384,graph,8,6.42950
fa,8192,16384,graph,9,6.42080
fa,8192,16384,graph,10,6.42317
fa,8192,16384,graph,11,6.42157
fa,8192,16384,graph,12,6.42035
fa,8192,16384,graph,13,6.42106
fa,8192,16384,graph,14,6.42669
fa,8192,16384,graph,15,6.42784
fa,8192,16384,graph,16,6.42234
fa,8192,16384,graph,17,6.41955
fa,8192,16384,graph,18,6.42227
fa,8192,16384,graph,19,6.42122
fa,8192,16384,graph,20,6.44602
fa,8192,16384,graph,21,6.42083
fa,8192,16384,graph,22,6.42214
fa,8192,16384,graph,23,6.42195
fa,8192,16384,graph,24,6.42144
fa,8192,16384,graph,25,6.42970
fa,8192,16384,graph,26,6.42384
fa,8192,16384,graph,27,6.42291
fa,8192,16384,graph,28,6.42166
fa,8192,16384,graph,29,6.42074
fa,8192,16384,eager,0,6.14998
fa,8192,16384,eager,1,6.13382
fa,8192,16384,eager,2,6.12829
fa,8192,16384,eager,3,6.12362
fa,8192,16384,eager,4,6.13152
fa,8192,16384,eager,5,6.31059
fa,8192,16384,eager,6,6.31782
fa,8192,16384,eager,7,6.31859
fa,8192,16384,eager,8,6.31622
fa,8192,16384,eager,9,6.32077
fa,8192,16384,eager,10,6.31786
fa,8192,16384,eager,11,6.32058
fa,8192,16384,eager,12,6.32368
fa,8192,16384,eager,13,6.33661
fa,8192,16384,eager,14,6.34877
fa,8192,16384,eager,15,6.33546
fa,8192,16384,eager,16,6.33395
fa,8192,16384,eager,17,6.33395
fa,8192,16384,eager,18,6.35507
fa,8192,16384,eager,19,6.39859
fa,8192,16384,eager,20,6.40333
fa,8192,16384,eager,21,6.40128
fa,8192,16384,eager,22,6.40589
fa,8192,16384,eager,23,6.44534
fa,8192,16384,eager,24,6.45424
fa,8192,16384,eager,25,6.40541
fa,8192,16384,eager,26,6.39581
fa,8192,16384,eager,27,6.39872
fa,8192,16384,eager,28,6.40368
fa,8192,16384,eager,29,6.40365
fa,64,32768,graph,0,0.09850
fa,64,32768,graph,1,0.09844
fa,64,32768,graph,2,0.09857
fa,64,32768,graph,3,0.09878
fa,64,32768,graph,4,0.09845
fa,64,32768,graph,5,0.09835
fa,64,32768,graph,6,0.09841
fa,64,32768,graph,7,0.09836
fa,64,32768,graph,8,0.09861
fa,64,32768,graph,9,0.09840
fa,64,32768,graph,10,0.09856
fa,64,32768,graph,11,0.09818
fa,64,32768,graph,12,0.09860
fa,64,32768,graph,13,0.09833
fa,64,32768,graph,14,0.09781
fa,64,32768,graph,15,0.09790
fa,64,32768,graph,16,0.09773
fa,64,32768,graph,17,0.09830
fa,64,32768,graph,18,0.09805
fa,64,32768,graph,19,0.09898
fa,64,32768,graph,20,0.09876
fa,64,32768,graph,21,0.09804
fa,64,32768,graph,22,0.09864
fa,64,32768,graph,23,0.09832
fa,64,32768,graph,24,0.09824
fa,64,32768,graph,25,0.09806
fa,64,32768,graph,26,0.09805
fa,64,32768,graph,27,0.09822
fa,64,32768,graph,28,0.09804
fa,64,32768,graph,29,0.09833
fa,64,32768,eager,0,0.15984
fa,64,32768,eager,1,0.15296
fa,64,32768,eager,2,0.15123
fa,64,32768,eager,3,0.15069
fa,64,32768,eager,4,0.15085
fa,64,32768,eager,5,0.14938
fa,64,32768,eager,6,0.15149
fa,64,32768,eager,7,0.14845
fa,64,32768,eager,8,0.14944
fa,64,32768,eager,9,0.15219
fa,64,32768,eager,10,0.14950
fa,64,32768,eager,11,0.14797
fa,64,32768,eager,12,0.14848
fa,64,32768,eager,13,0.14784
fa,64,32768,eager,14,0.14762
fa,64,32768,eager,15,0.15187
fa,64,32768,eager,16,0.14739
fa,64,32768,eager,17,0.14749
fa,64,32768,eager,18,0.14666
fa,64,32768,eager,19,0.14739
fa,64,32768,eager,20,0.14768
fa,64,32768,eager,21,0.14829
fa,64,32768,eager,22,0.14845
fa,64,32768,eager,23,0.14832
fa,64,32768,eager,24,0.14723
fa,64,32768,eager,25,0.14800
fa,64,32768,eager,26,0.14925
fa,64,32768,eager,27,0.14851
fa,64,32768,eager,28,0.14570
fa,64,32768,eager,29,0.14730
fa,65,32768,graph,0,0.11251
fa,65,32768,graph,1,0.11313
fa,65,32768,graph,2,0.11293
fa,65,32768,graph,3,0.11296
fa,65,32768,graph,4,0.11258
fa,65,32768,graph,5,0.11292
fa,65,32768,graph,6,0.11306
fa,65,32768,graph,7,0.11288
fa,65,32768,graph,8,0.11305
fa,65,32768,graph,9,0.11288
fa,65,32768,graph,10,0.11293
fa,65,32768,graph,11,0.11309
fa,65,32768,graph,12,0.11305
fa,65,32768,graph,13,0.11250
fa,65,32768,graph,14,0.11293
fa,65,32768,graph,15,0.11266
fa,65,32768,graph,16,0.11275
fa,65,32768,graph,17,0.11256
fa,65,32768,graph,18,0.11307
fa,65,32768,graph,19,0.11270
fa,65,32768,graph,20,0.11269
fa,65,32768,graph,21,0.11270
fa,65,32768,graph,22,0.11273
fa,65,32768,graph,23,0.11279
fa,65,32768,graph,24,0.11264
fa,65,32768,graph,25,0.11250
fa,65,32768,graph,26,0.11264
fa,65,32768,graph,27,0.11254
fa,65,32768,graph,28,0.11272
fa,65,32768,graph,29,0.11282
fa,65,32768,eager,0,0.20106
fa,65,32768,eager,1,0.19520
fa,65,32768,eager,2,0.18992
fa,65,32768,eager,3,0.18944
fa,65,32768,eager,4,0.18851
fa,65,32768,eager,5,0.18800
fa,65,32768,eager,6,0.20038
fa,65,32768,eager,7,0.18842
fa,65,32768,eager,8,0.18813
fa,65,32768,eager,9,0.18688
fa,65,32768,eager,10,0.18685
fa,65,32768,eager,11,0.18886
fa,65,32768,eager,12,0.19645
fa,65,32768,eager,13,0.18838
fa,65,32768,eager,14,0.18550
fa,65,32768,eager,15,0.19434
fa,65,32768,eager,16,0.16918
fa,65,32768,eager,17,0.17568
fa,65,32768,eager,18,0.16931
fa,65,32768,eager,19,0.16720
fa,65,32768,eager,20,0.17427
fa,65,32768,eager,21,0.16573
fa,65,32768,eager,22,0.16704
fa,65,32768,eager,23,0.16499
fa,65,32768,eager,24,0.16646
fa,65,32768,eager,25,0.16662
fa,65,32768,eager,26,0.16688
fa,65,32768,eager,27,0.16672
fa,65,32768,eager,28,0.16765
fa,65,32768,eager,29,0.16656
fa,128,32768,graph,0,0.16852
fa,128,32768,graph,1,0.16884
fa,128,32768,graph,2,0.16875
fa,128,32768,graph,3,0.16854
fa,128,32768,graph,4,0.16871
fa,128,32768,graph,5,0.16847
fa,128,32768,graph,6,0.16939
fa,128,32768,graph,7,0.16831
fa,128,32768,graph,8,0.16885
fa,128,32768,graph,9,0.17125
fa,128,32768,graph,10,0.17183
fa,128,32768,graph,11,0.17209
fa,128,32768,graph,12,0.17177
fa,128,32768,graph,13,0.17165
fa,128,32768,graph,14,0.17146
fa,128,32768,graph,15,0.17176
fa,128,32768,graph,16,0.17179
fa,128,32768,graph,17,0.17211
fa,128,32768,graph,18,0.17243
fa,128,32768,graph,19,0.17209
fa,128,32768,graph,20,0.17174
fa,128,32768,graph,21,0.17174
fa,128,32768,graph,22,0.17221
fa,128,32768,graph,23,0.17176
fa,128,32768,graph,24,0.17175
fa,128,32768,graph,25,0.17256
fa,128,32768,graph,26,0.17361
fa,128,32768,graph,27,0.17360
fa,128,32768,graph,28,0.17310
fa,128,32768,graph,29,0.17318
fa,128,32768,eager,0,0.25245
fa,128,32768,eager,1,0.23616
fa,128,32768,eager,2,0.22573
fa,128,32768,eager,3,0.22557
fa,128,32768,eager,4,0.22394
fa,128,32768,eager,5,0.22387
fa,128,32768,eager,6,0.22214
fa,128,32768,eager,7,0.22189
fa,128,32768,eager,8,0.22157
fa,128,32768,eager,9,0.22234
fa,128,32768,eager,10,0.22102
fa,128,32768,eager,11,0.22230
fa,128,32768,eager,12,0.22285
fa,128,32768,eager,13,0.22205
fa,128,32768,eager,14,0.22112
fa,128,32768,eager,15,0.22061
fa,128,32768,eager,16,0.22163
fa,128,32768,eager,17,0.22070
fa,128,32768,eager,18,0.22022
fa,128,32768,eager,19,0.22032
fa,128,32768,eager,20,0.22378
fa,128,32768,eager,21,0.22029
fa,128,32768,eager,22,0.21994
fa,128,32768,eager,23,0.21968
fa,128,32768,eager,24,0.22784
fa,128,32768,eager,25,0.22118
fa,128,32768,eager,26,0.22003
fa,128,32768,eager,27,0.22000
fa,128,32768,eager,28,0.22560
fa,128,32768,eager,29,0.21997
fa,129,32768,graph,0,0.30488
fa,129,32768,graph,1,0.30465
fa,129,32768,graph,2,0.30371
fa,129,32768,graph,3,0.30405
fa,129,32768,graph,4,0.30448
fa,129,32768,graph,5,0.30458
fa,129,32768,graph,6,0.30447
fa,129,32768,graph,7,0.30323
fa,129,32768,graph,8,0.30379
fa,129,32768,graph,9,0.30387
fa,129,32768,graph,10,0.30445
fa,129,32768,graph,11,0.30506
fa,129,32768,graph,12,0.30465
fa,129,32768,graph,13,0.30443
fa,129,32768,graph,14,0.30364
fa,129,32768,graph,15,0.30413
fa,129,32768,graph,16,0.30504
fa,129,32768,graph,17,0.30396
fa,129,32768,graph,18,0.30451
fa,129,32768,graph,19,0.30360
fa,129,32768,graph,20,0.30414
fa,129,32768,graph,21,0.30423
fa,129,32768,graph,22,0.30498
fa,129,32768,graph,23,0.30480
fa,129,32768,graph,24,0.30495
fa,129,32768,graph,25,0.30430
fa,129,32768,graph,26,0.30444
fa,129,32768,graph,27,0.30509
fa,129,32768,graph,28,0.30362
fa,129,32768,graph,29,0.30424
fa,129,32768,eager,0,0.38637
fa,129,32768,eager,1,0.37277
fa,129,32768,eager,2,0.36784
fa,129,32768,eager,3,0.36486
fa,129,32768,eager,4,0.36282
fa,129,32768,eager,5,0.36330
fa,129,32768,eager,6,0.36358
fa,129,32768,eager,7,0.35987
fa,129,32768,eager,8,0.35878
fa,129,32768,eager,9,0.35978
fa,129,32768,eager,10,0.35930
fa,129,32768,eager,11,0.35744
fa,129,32768,eager,12,0.35805
fa,129,32768,eager,13,0.36883
fa,129,32768,eager,14,0.35661
fa,129,32768,eager,15,0.35862
fa,129,32768,eager,16,0.35923
fa,129,32768,eager,17,0.36074
fa,129,32768,eager,18,0.35683
fa,129,32768,eager,19,0.35555
fa,129,32768,eager,20,0.35965
fa,129,32768,eager,21,0.35802
fa,129,32768,eager,22,0.35728
fa,129,32768,eager,23,0.35747
fa,129,32768,eager,24,0.35661
fa,129,32768,eager,25,0.35798
fa,129,32768,eager,26,0.36269
fa,129,32768,eager,27,0.35610
fa,129,32768,eager,28,0.35949
fa,129,32768,eager,29,0.35891
fa,256,32768,graph,0,0.49958
fa,256,32768,graph,1,0.49837
fa,256,32768,graph,2,0.49890
fa,256,32768,graph,3,0.49978
fa,256,32768,graph,4,0.49912
fa,256,32768,graph,5,0.54013
fa,256,32768,graph,6,0.49862
fa,256,32768,graph,7,0.49906
fa,256,32768,graph,8,0.50018
fa,256,32768,graph,9,0.49972
fa,256,32768,graph,10,0.49962
fa,256,32768,graph,11,0.49951
fa,256,32768,graph,12,0.50031
fa,256,32768,graph,13,0.49971
fa,256,32768,graph,14,0.49983
fa,256,32768,graph,15,0.49914
fa,256,32768,graph,16,0.49963
fa,256,32768,graph,17,0.49913
fa,256,32768,graph,18,0.49910
fa,256,32768,graph,19,0.49931
fa,256,32768,graph,20,0.49852
fa,256,32768,graph,21,0.49914
fa,256,32768,graph,22,0.49717
fa,256,32768,graph,23,0.49825
fa,256,32768,graph,24,0.49785
fa,256,32768,graph,25,0.49859
fa,256,32768,graph,26,0.49786
fa,256,32768,graph,27,0.49812
fa,256,32768,graph,28,0.49804
fa,256,32768,graph,29,0.49715
fa,256,32768,eager,0,0.65418
fa,256,32768,eager,1,0.65075
fa,256,32768,eager,2,0.63638
fa,256,32768,eager,3,0.63504
fa,256,32768,eager,4,0.63856
fa,256,32768,eager,5,0.57018
fa,256,32768,eager,6,0.55517
fa,256,32768,eager,7,0.55690
fa,256,32768,eager,8,0.55299
fa,256,32768,eager,9,0.55402
fa,256,32768,eager,10,0.55386
fa,256,32768,eager,11,0.55219
fa,256,32768,eager,12,0.55130
fa,256,32768,eager,13,0.56723
fa,256,32768,eager,14,0.55680
fa,256,32768,eager,15,0.55757
fa,256,32768,eager,16,0.55392
fa,256,32768,eager,17,0.55434
fa,256,32768,eager,18,0.55162
fa,256,32768,eager,19,0.55648
fa,256,32768,eager,20,0.55075
fa,256,32768,eager,21,0.55184
fa,256,32768,eager,22,0.55322
fa,256,32768,eager,23,0.55107
fa,256,32768,eager,24,0.55133
fa,256,32768,eager,25,0.55203
fa,256,32768,eager,26,0.55088
fa,256,32768,eager,27,0.54928
fa,256,32768,eager,28,0.55130
fa,256,32768,eager,29,0.55050
fa,512,32768,graph,0,0.76411
fa,512,32768,graph,1,0.75709
fa,512,32768,graph,2,0.75712
fa,512,32768,graph,3,0.75693
fa,512,32768,graph,4,0.75747
fa,512,32768,graph,5,0.75824
fa,512,32768,graph,6,0.75667
fa,512,32768,graph,7,0.75670
fa,512,32768,graph,8,0.75691
fa,512,32768,graph,9,0.75706
fa,512,32768,graph,10,0.75749
fa,512,32768,graph,11,0.76987
fa,512,32768,graph,12,0.77130
fa,512,32768,graph,13,0.77062
fa,512,32768,graph,14,0.77021
fa,512,32768,graph,15,0.77130
fa,512,32768,graph,16,0.77174
fa,512,32768,graph,17,0.77109
fa,512,32768,graph,18,0.77162
fa,512,32768,graph,19,0.77238
fa,512,32768,graph,20,0.77099
fa,512,32768,graph,21,0.77099
fa,512,32768,graph,22,0.77464
fa,512,32768,graph,23,0.77858
fa,512,32768,graph,24,0.77920
fa,512,32768,graph,25,0.77901
fa,512,32768,graph,26,0.77909
fa,512,32768,graph,27,0.77928
fa,512,32768,graph,28,0.77829
fa,512,32768,graph,29,0.77872
fa,512,32768,eager,0,0.84870
fa,512,32768,eager,1,0.83414
fa,512,32768,eager,2,0.83174
fa,512,32768,eager,3,0.82749
fa,512,32768,eager,4,0.82710
fa,512,32768,eager,5,0.82890
fa,512,32768,eager,6,0.83606
fa,512,32768,eager,7,0.82566
fa,512,32768,eager,8,0.80909
fa,512,32768,eager,9,0.80995
fa,512,32768,eager,10,0.80947
fa,512,32768,eager,11,0.80765
fa,512,32768,eager,12,0.80906
fa,512,32768,eager,13,0.81456
fa,512,32768,eager,14,0.81085
fa,512,32768,eager,15,0.81040
fa,512,32768,eager,16,0.80704
fa,512,32768,eager,17,0.80925
fa,512,32768,eager,18,0.80621
fa,512,32768,eager,19,0.81040
fa,512,32768,eager,20,0.80909
fa,512,32768,eager,21,0.80528
fa,512,32768,eager,22,0.80730
fa,512,32768,eager,23,0.80787
fa,512,32768,eager,24,0.80781
fa,512,32768,eager,25,0.80448
fa,512,32768,eager,26,0.80694
fa,512,32768,eager,27,0.80838
fa,512,32768,eager,28,0.80480
fa,512,32768,eager,29,0.80502
fa,1024,32768,graph,0,1.47264
fa,1024,32768,graph,1,1.47171
fa,1024,32768,graph,2,1.47315
fa,1024,32768,graph,3,1.47456
fa,1024,32768,graph,4,1.47334
fa,1024,32768,graph,5,1.50720
fa,1024,32768,graph,6,1.50730
fa,1024,32768,graph,7,1.51075
fa,1024,32768,graph,8,1.50704
fa,1024,32768,graph,9,1.50858
fa,1024,32768,graph,10,1.50925
fa,1024,32768,graph,11,1.50717
fa,1024,32768,graph,12,1.50813
fa,1024,32768,graph,13,1.51027
fa,1024,32768,graph,14,1.50710
fa,1024,32768,graph,15,1.51005
fa,1024,32768,graph,16,1.50694
fa,1024,32768,graph,17,1.51203
fa,1024,32768,graph,18,1.51523
fa,1024,32768,graph,19,1.51536
fa,1024,32768,graph,20,1.51597
fa,1024,32768,graph,21,1.51722
fa,1024,32768,graph,22,1.51798
fa,1024,32768,graph,23,1.51661
fa,1024,32768,graph,24,1.51808
fa,1024,32768,graph,25,1.51488
fa,1024,32768,graph,26,1.51862
fa,1024,32768,graph,27,1.51722
fa,1024,32768,graph,28,1.51718
fa,1024,32768,graph,29,1.51590
fa,1024,32768,eager,0,1.59254
fa,1024,32768,eager,1,1.51155
fa,1024,32768,eager,2,1.50691
fa,1024,32768,eager,3,1.50774
fa,1024,32768,eager,4,1.50298
fa,1024,32768,eager,5,1.50339
fa,1024,32768,eager,6,1.50445
fa,1024,32768,eager,7,1.49798
fa,1024,32768,eager,8,1.50202
fa,1024,32768,eager,9,1.50067
fa,1024,32768,eager,10,1.50595
fa,1024,32768,eager,11,1.49786
fa,1024,32768,eager,12,1.50250
fa,1024,32768,eager,13,1.50541
fa,1024,32768,eager,14,1.49818
fa,1024,32768,eager,15,1.50224
fa,1024,32768,eager,16,1.50416
fa,1024,32768,eager,17,1.50016
fa,1024,32768,eager,18,1.50051
fa,1024,32768,eager,19,1.49872
fa,1024,32768,eager,20,1.50259
fa,1024,32768,eager,21,1.49936
fa,1024,32768,eager,22,1.50240
fa,1024,32768,eager,23,1.50282
fa,1024,32768,eager,24,1.50147
fa,1024,32768,eager,25,1.54381
fa,1024,32768,eager,26,1.54029
fa,1024,32768,eager,27,1.53734
fa,1024,32768,eager,28,1.55264
fa,1024,32768,eager,29,1.54496
fa,2048,32768,graph,0,2.48035
fa,2048,32768,graph,1,2.48733
fa,2048,32768,graph,2,2.57821
fa,2048,32768,graph,3,2.58294
fa,2048,32768,graph,4,2.58470
fa,2048,32768,graph,5,2.58336
fa,2048,32768,graph,6,2.59226
fa,2048,32768,graph,7,2.58883
fa,2048,32768,graph,8,2.58176
fa,2048,32768,graph,9,2.59142
fa,2048,32768,graph,10,2.58502
fa,2048,32768,graph,11,2.58288
fa,2048,32768,graph,12,2.58208
fa,2048,32768,graph,13,2.58893
fa,2048,32768,graph,14,2.59075
fa,2048,32768,graph,15,2.58464
fa,2048,32768,graph,16,2.58682
fa,2048,32768,graph,17,2.61251
fa,2048,32768,graph,18,2.60826
fa,2048,32768,graph,19,2.60819
fa,2048,32768,graph,20,2.60736
fa,2048,32768,graph,21,2.60877
fa,2048,32768,graph,22,2.60755
fa,2048,32768,graph,23,2.60810
fa,2048,32768,graph,24,2.59546
fa,2048,32768,graph,25,2.58326
fa,2048,32768,graph,26,2.58918
fa,2048,32768,graph,27,2.58384
fa,2048,32768,graph,28,2.59702
fa,2048,32768,graph,29,2.60029
fa,2048,32768,eager,0,2.38554
fa,2048,32768,eager,1,2.39478
fa,2048,32768,eager,2,2.37661
fa,2048,32768,eager,3,2.37466
fa,2048,32768,eager,4,2.37629
fa,2048,32768,eager,5,2.37882
fa,2048,32768,eager,6,2.53030
fa,2048,32768,eager,7,2.52627
fa,2048,32768,eager,8,2.53085
fa,2048,32768,eager,9,2.53414
fa,2048,32768,eager,10,2.53043
fa,2048,32768,eager,11,2.52598
fa,2048,32768,eager,12,2.52822
fa,2048,32768,eager,13,2.52989
fa,2048,32768,eager,14,2.62992
fa,2048,32768,eager,15,2.62915
fa,2048,32768,eager,16,2.62976
fa,2048,32768,eager,17,2.62934
fa,2048,32768,eager,18,2.62899
fa,2048,32768,eager,19,2.62928
fa,2048,32768,eager,20,2.63027
fa,2048,32768,eager,21,2.63219
fa,2048,32768,eager,22,2.62704
fa,2048,32768,eager,23,2.62941
fa,2048,32768,eager,24,2.62957
fa,2048,32768,eager,25,2.62678
fa,2048,32768,eager,26,2.62826
fa,2048,32768,eager,27,2.62579
fa,2048,32768,eager,28,2.62762
fa,2048,32768,eager,29,2.62678
fa,4096,32768,graph,0,5.41146
fa,4096,32768,graph,1,5.40349
fa,4096,32768,graph,2,5.40371
fa,4096,32768,graph,3,5.39709
fa,4096,32768,graph,4,5.39571
fa,4096,32768,graph,5,5.39725
fa,4096,32768,graph,6,5.40685
fa,4096,32768,graph,7,5.40080
fa,4096,32768,graph,8,5.40979
fa,4096,32768,graph,9,5.40064
fa,4096,32768,graph,10,5.40842
fa,4096,32768,graph,11,5.41344
fa,4096,32768,graph,12,5.43430
fa,4096,32768,graph,13,5.45453
fa,4096,32768,graph,14,5.42998
fa,4096,32768,graph,15,5.40061
fa,4096,32768,graph,16,5.40288
fa,4096,32768,graph,17,5.39901
fa,4096,32768,graph,18,5.40525
fa,4096,32768,graph,19,5.40640
fa,4096,32768,graph,20,5.41693
fa,4096,32768,graph,21,5.41165
fa,4096,32768,graph,22,5.45104
fa,4096,32768,graph,23,5.45034
fa,4096,32768,graph,24,5.44982
fa,4096,32768,graph,25,5.46266
fa,4096,32768,graph,26,5.45632
fa,4096,32768,graph,27,5.44877
fa,4096,32768,graph,28,5.45626
fa,4096,32768,graph,29,5.45139
fa,4096,32768,eager,0,5.27363
fa,4096,32768,eager,1,5.39379
fa,4096,32768,eager,2,5.42320
fa,4096,32768,eager,3,5.42285
fa,4096,32768,eager,4,5.41958
fa,4096,32768,eager,5,5.42122
fa,4096,32768,eager,6,5.41869
fa,4096,32768,eager,7,5.41722
fa,4096,32768,eager,8,5.41814
fa,4096,32768,eager,9,5.42061
fa,4096,32768,eager,10,5.41904
fa,4096,32768,eager,11,5.41971
fa,4096,32768,eager,12,5.42208
fa,4096,32768,eager,13,5.44230
fa,4096,32768,eager,14,5.42157
fa,4096,32768,eager,15,5.41901
fa,4096,32768,eager,16,5.41962
fa,4096,32768,eager,17,5.41747
fa,4096,32768,eager,18,5.42035
fa,4096,32768,eager,19,5.41760
fa,4096,32768,eager,20,5.41872
fa,4096,32768,eager,21,5.42266
fa,4096,32768,eager,22,5.42010
fa,4096,32768,eager,23,5.41699
fa,4096,32768,eager,24,5.42026
fa,4096,32768,eager,25,5.41955
fa,4096,32768,eager,26,5.41962
fa,4096,32768,eager,27,5.42109
fa,4096,32768,eager,28,5.42365
fa,4096,32768,eager,29,5.41773
fa,8192,32768,graph,0,11.34486
fa,8192,32768,graph,1,11.36454
fa,8192,32768,graph,2,11.31651
fa,8192,32768,graph,3,11.31421
fa,8192,32768,graph,4,11.41312
fa,8192,32768,graph,5,11.41856
fa,8192,32768,graph,6,11.43434
fa,8192,32768,graph,7,11.42416
fa,8192,32768,graph,8,11.41901
fa,8192,32768,graph,9,11.41766
fa,8192,32768,graph,10,11.41926
fa,8192,32768,graph,11,11.42794
fa,8192,32768,graph,12,11.40659
fa,8192,32768,graph,13,11.32000
fa,8192,32768,graph,14,11.31597
fa,8192,32768,graph,15,11.36512
fa,8192,32768,graph,16,11.42176
fa,8192,32768,graph,17,11.41741
fa,8192,32768,graph,18,11.41712
fa,8192,32768,graph,19,11.42048
fa,8192,32768,graph,20,11.42410
fa,8192,32768,graph,21,11.38205
fa,8192,32768,graph,22,11.37066
fa,8192,32768,graph,23,11.42122
fa,8192,32768,graph,24,11.33846
fa,8192,32768,graph,25,11.32154
fa,8192,32768,graph,26,11.32016
fa,8192,32768,graph,27,11.32307
fa,8192,32768,graph,28,11.32630
fa,8192,32768,graph,29,11.31987
fa,8192,32768,eager,0,11.45939
fa,8192,32768,eager,1,11.45181
fa,8192,32768,eager,2,11.44749
fa,8192,32768,eager,3,11.44381
fa,8192,32768,eager,4,11.44534
fa,8192,32768,eager,5,11.44573
fa,8192,32768,eager,6,11.44374
fa,8192,32768,eager,7,11.45827
fa,8192,32768,eager,8,11.45667
fa,8192,32768,eager,9,11.46138
fa,8192,32768,eager,10,11.45766
fa,8192,32768,eager,11,11.45021
fa,8192,32768,eager,12,11.46262
fa,8192,32768,eager,13,11.53632
fa,8192,32768,eager,14,11.58349
fa,8192,32768,eager,15,11.59270
fa,8192,32768,eager,16,11.60957
fa,8192,32768,eager,17,11.60147
fa,8192,32768,eager,18,11.56624
fa,8192,32768,eager,19,11.49949
fa,8192,32768,eager,20,11.50704
fa,8192,32768,eager,21,11.49763
fa,8192,32768,eager,22,11.53245
fa,8192,32768,eager,23,11.51510
fa,8192,32768,eager,24,11.45699
fa,8192,32768,eager,25,11.46662
fa,8192,32768,eager,26,11.45757
fa,8192,32768,eager,27,11.45648
fa,8192,32768,eager,28,11.45392
fa,8192,32768,eager,29,11.46419
fa,64,65536,graph,0,0.16932
fa,64,65536,graph,1,0.16907
fa,64,65536,graph,2,0.16915
fa,64,65536,graph,3,0.16959
fa,64,65536,graph,4,0.16972
fa,64,65536,graph,5,0.16957
fa,64,65536,graph,6,0.16954
fa,64,65536,graph,7,0.16948
fa,64,65536,graph,8,0.16962
fa,64,65536,graph,9,0.16918
fa,64,65536,graph,10,0.16911
fa,64,65536,graph,11,0.16955
fa,64,65536,graph,12,0.16917
fa,64,65536,graph,13,0.16921
fa,64,65536,graph,14,0.17336
fa,64,65536,graph,15,0.17557
fa,64,65536,graph,16,0.17510
fa,64,65536,graph,17,0.17529
fa,64,65536,graph,18,0.17507
fa,64,65536,graph,19,0.17536
fa,64,65536,graph,20,0.17544
fa,64,65536,graph,21,0.17546
fa,64,65536,graph,22,0.17582
fa,64,65536,graph,23,0.17525
fa,64,65536,graph,24,0.17528
fa,64,65536,graph,25,0.17709
fa,64,65536,graph,26,0.17770
fa,64,65536,graph,27,0.17758
fa,64,65536,graph,28,0.17746
fa,64,65536,graph,29,0.17756
fa,64,65536,eager,0,0.23571
fa,64,65536,eager,1,0.22790
fa,64,65536,eager,2,0.22458
fa,64,65536,eager,3,0.22253
fa,64,65536,eager,4,0.22307
fa,64,65536,eager,5,0.22240
fa,64,65536,eager,6,0.22125
fa,64,65536,eager,7,0.22163
fa,64,65536,eager,8,0.22227
fa,64,65536,eager,9,0.22067
fa,64,65536,eager,10,0.22259
fa,64,65536,eager,11,0.21952
fa,64,65536,eager,12,0.22093
fa,64,65536,eager,13,0.22016
fa,64,65536,eager,14,0.21994
fa,64,65536,eager,15,0.22086
fa,64,65536,eager,16,0.22115
fa,64,65536,eager,17,0.21942
fa,64,65536,eager,18,0.21978
fa,64,65536,eager,19,0.21981
fa,64,65536,eager,20,0.21997
fa,64,65536,eager,21,0.22006
fa,64,65536,eager,22,0.22054
fa,64,65536,eager,23,0.21875
fa,64,65536,eager,24,0.21923
fa,64,65536,eager,25,0.21949
fa,64,65536,eager,26,0.21974
fa,64,65536,eager,27,0.21837
fa,64,65536,eager,28,0.21853
fa,64,65536,eager,29,0.21827
fa,65,65536,graph,0,0.20404
fa,65,65536,graph,1,0.20327
fa,65,65536,graph,2,0.20390
fa,65,65536,graph,3,0.20328
fa,65,65536,graph,4,0.20356
fa,65,65536,graph,5,0.20346
fa,65,65536,graph,6,0.20276
fa,65,65536,graph,7,0.20289
fa,65,65536,graph,8,0.20318
fa,65,65536,graph,9,0.20332
fa,65,65536,graph,10,0.20361
fa,65,65536,graph,11,0.20359
fa,65,65536,graph,12,0.20383
fa,65,65536,graph,13,0.20401
fa,65,65536,graph,14,0.20421
fa,65,65536,graph,15,0.20430
fa,65,65536,graph,16,0.20407
fa,65,65536,graph,17,0.20459
fa,65,65536,graph,18,0.20413
fa,65,65536,graph,19,0.20449
fa,65,65536,graph,20,0.20406
fa,65,65536,graph,21,0.20351
fa,65,65536,graph,22,0.20326
fa,65,65536,graph,23,0.20346
fa,65,65536,graph,24,0.21194
fa,65,65536,graph,25,0.21121
fa,65,65536,graph,26,0.21183
fa,65,65536,graph,27,0.21156
fa,65,65536,graph,28,0.21153
fa,65,65536,graph,29,0.21153
fa,65,65536,eager,0,0.33533
fa,65,65536,eager,1,0.27450
fa,65,65536,eager,2,0.26035
fa,65,65536,eager,3,0.25891
fa,65,65536,eager,4,0.25850
fa,65,65536,eager,5,0.25562
fa,65,65536,eager,6,0.25786
fa,65,65536,eager,7,0.25648
fa,65,65536,eager,8,0.25770
fa,65,65536,eager,9,0.25830
fa,65,65536,eager,10,0.26122
fa,65,65536,eager,11,0.25910
fa,65,65536,eager,12,0.25638
fa,65,65536,eager,13,0.25626
fa,65,65536,eager,14,0.25661
fa,65,65536,eager,15,0.25498
fa,65,65536,eager,16,0.25651
fa,65,65536,eager,17,0.25712
fa,65,65536,eager,18,0.25597
fa,65,65536,eager,19,0.25904
fa,65,65536,eager,20,0.25622
fa,65,65536,eager,21,0.25747
fa,65,65536,eager,22,0.25683
fa,65,65536,eager,23,0.25610
fa,65,65536,eager,24,0.25702
fa,65,65536,eager,25,0.25667
fa,65,65536,eager,26,0.25424
fa,65,65536,eager,27,0.25488
fa,65,65536,eager,28,0.25478
fa,65,65536,eager,29,0.25526
fa,128,65536,graph,0,0.31290
fa,128,65536,graph,1,0.31394
fa,128,65536,graph,2,0.31444
fa,128,65536,graph,3,0.31420
fa,128,65536,graph,4,0.31376
fa,128,65536,graph,5,0.31403
fa,128,65536,graph,6,0.31366
fa,128,65536,graph,7,0.31358
fa,128,65536,graph,8,0.31372
fa,128,65536,graph,9,0.31445
fa,128,65536,graph,10,0.31343
fa,128,65536,graph,11,0.31805
fa,128,65536,graph,12,0.31961
fa,128,65536,graph,13,0.32100
fa,128,65536,graph,14,0.31963
fa,128,65536,graph,15,0.31974
fa,128,65536,graph,16,0.32007
fa,128,65536,graph,17,0.32062
fa,128,65536,graph,18,0.32005
fa,128,65536,graph,19,0.31980
fa,128,65536,graph,20,0.32027
fa,128,65536,graph,21,0.32033
fa,128,65536,graph,22,0.31995
fa,128,65536,graph,23,0.32031
fa,128,65536,graph,24,0.32042
fa,128,65536,graph,25,0.31977
fa,128,65536,graph,26,0.31974
fa,128,65536,graph,27,0.31967
fa,128,65536,graph,28,0.32074
fa,128,65536,graph,29,0.32060
fa,128,65536,eager,0,0.37501
fa,128,65536,eager,1,0.36947
fa,128,65536,eager,2,0.36746
fa,128,65536,eager,3,0.36787
fa,128,65536,eager,4,0.36576
fa,128,65536,eager,5,0.36621
fa,128,65536,eager,6,0.36499
fa,128,65536,eager,7,0.39760
fa,128,65536,eager,8,0.36419
fa,128,65536,eager,9,0.36368
fa,128,65536,eager,10,0.36470
fa,128,65536,eager,11,0.36326
fa,128,65536,eager,12,0.38128
fa,128,65536,eager,13,0.36307
fa,128,65536,eager,14,0.36259
fa,128,65536,eager,15,0.36390
fa,128,65536,eager,16,0.36291
fa,128,65536,eager,17,0.36352
fa,128,65536,eager,18,0.36253
fa,128,65536,eager,19,0.36323
fa,128,65536,eager,20,0.36294
fa,128,65536,eager,21,0.36214
fa,128,65536,eager,22,0.36227
fa,128,65536,eager,23,0.36432
fa,128,65536,eager,24,0.36426
fa,128,65536,eager,25,0.36362
fa,128,65536,eager,26,0.36163
fa,128,65536,eager,27,0.36349
fa,128,65536,eager,28,0.36109
fa,128,65536,eager,29,0.36173
fa,129,65536,graph,0,0.58278
fa,129,65536,graph,1,0.58219
fa,129,65536,graph,2,0.58301
fa,129,65536,graph,3,0.58283
fa,129,65536,graph,4,0.58491
fa,129,65536,graph,5,0.58392
fa,129,65536,graph,6,0.58235
fa,129,65536,graph,7,0.58331
fa,129,65536,graph,8,0.58158
fa,129,65536,graph,9,0.58339
fa,129,65536,graph,10,0.58376
fa,129,65536,graph,11,0.58389
fa,129,65536,graph,12,0.58338
fa,129,65536,graph,13,0.58411
fa,129,65536,graph,14,0.58272
fa,129,65536,graph,15,0.58312
fa,129,65536,graph,16,0.58245
fa,129,65536,graph,17,0.58301
fa,129,65536,graph,18,0.58400
fa,129,65536,graph,19,0.58181
fa,129,65536,graph,20,0.58482
fa,129,65536,graph,21,0.58381
fa,129,65536,graph,22,0.58166
fa,129,65536,graph,23,0.58238
fa,129,65536,graph,24,0.58262
fa,129,65536,graph,25,0.58333
fa,129,65536,graph,26,0.58258
fa,129,65536,graph,27,0.58486
fa,129,65536,graph,28,0.58264
fa,129,65536,graph,29,0.58378
fa,129,65536,eager,0,0.66058
fa,129,65536,eager,1,0.65443
fa,129,65536,eager,2,0.64237
fa,129,65536,eager,3,0.63706
fa,129,65536,eager,4,0.63786
fa,129,65536,eager,5,0.63795
fa,129,65536,eager,6,0.64541
fa,129,65536,eager,7,0.64026
fa,129,65536,eager,8,0.63920
fa,129,65536,eager,9,0.63712
fa,129,65536,eager,10,0.63578
fa,129,65536,eager,11,0.63638
fa,129,65536,eager,12,0.63677
fa,129,65536,eager,13,0.63446
fa,129,65536,eager,14,0.63514
fa,129,65536,eager,15,0.63542
fa,129,65536,eager,16,0.63626
fa,129,65536,eager,17,0.63520
fa,129,65536,eager,18,0.63450
fa,129,65536,eager,19,0.63696
fa,129,65536,eager,20,0.63504
fa,129,65536,eager,21,0.63562
fa,129,65536,eager,22,0.63334
fa,129,65536,eager,23,0.63827
fa,129,65536,eager,24,0.63453
fa,129,65536,eager,25,0.63507
fa,129,65536,eager,26,0.63434
fa,129,65536,eager,27,0.63312
fa,129,65536,eager,28,0.63661
fa,129,65536,eager,29,0.63616
fa,256,65536,graph,0,0.96405
fa,256,65536,graph,1,0.96446
fa,256,65536,graph,2,0.96549
fa,256,65536,graph,3,0.96270
fa,256,65536,graph,4,0.96600
fa,256,65536,graph,5,0.96565
fa,256,65536,graph,6,0.96453
fa,256,65536,graph,7,0.96450
fa,256,65536,graph,8,0.96232
fa,256,65536,graph,9,0.96184
fa,256,65536,graph,10,0.96101
fa,256,65536,graph,11,0.96437
fa,256,65536,graph,12,0.96235
fa,256,65536,graph,13,0.96171
fa,256,65536,graph,14,0.96328
fa,256,65536,graph,15,0.96251
fa,256,65536,graph,16,0.96290
fa,256,65536,graph,17,0.96248
fa,256,65536,graph,18,0.96456
fa,256,65536,graph,19,0.96450
fa,256,65536,graph,20,0.96280
fa,256,65536,graph,21,0.96354
fa,256,65536,graph,22,0.96469
fa,256,65536,graph,23,0.96779
fa,256,65536,graph,24,0.96258
fa,256,65536,graph,25,0.96418
fa,256,65536,graph,26,0.96094
fa,256,65536,graph,27,0.96283
fa,256,65536,graph,28,0.96248
fa,256,65536,graph,29,0.96315
fa,256,65536,eager,0,1.02848
fa,256,65536,eager,1,1.02262
fa,256,65536,eager,2,1.02086
fa,256,65536,eager,3,1.02077
fa,256,65536,eager,4,1.02054
fa,256,65536,eager,5,1.01715
fa,256,65536,eager,6,1.01482
fa,256,65536,eager,7,1.02282
fa,256,65536,eager,8,1.01750
fa,256,65536,eager,9,1.01405
fa,256,65536,eager,10,1.01328
fa,256,65536,eager,11,1.01542
fa,256,65536,eager,12,1.01341
fa,256,65536,eager,13,1.01427
fa,256,65536,eager,14,1.01517
fa,256,65536,eager,15,1.01424
fa,256,65536,eager,16,1.01238
fa,256,65536,eager,17,1.01523
fa,256,65536,eager,18,1.01334
fa,256,65536,eager,19,1.01376
fa,256,65536,eager,20,1.01178
fa,256,65536,eager,21,1.01091
fa,256,65536,eager,22,1.01270
fa,256,65536,eager,23,1.01286
fa,256,65536,eager,24,1.01494
fa,256,65536,eager,25,1.01456
fa,256,65536,eager,26,1.01270
fa,256,65536,eager,27,1.01181
fa,256,65536,eager,28,1.01286
fa,256,65536,eager,29,1.01370
fa,512,65536,graph,0,1.48746
fa,512,65536,graph,1,1.48691
fa,512,65536,graph,2,1.48480
fa,512,65536,graph,3,1.48672
fa,512,65536,graph,4,1.48480
fa,512,65536,graph,5,1.48666
fa,512,65536,graph,6,1.48547
fa,512,65536,graph,7,1.48682
fa,512,65536,graph,8,1.48765
fa,512,65536,graph,9,1.48662
fa,512,65536,graph,10,1.48586
fa,512,65536,graph,11,1.48486
fa,512,65536,graph,12,1.48912
fa,512,65536,graph,13,1.48701
fa,512,65536,graph,14,1.48707
fa,512,65536,graph,15,1.48710
fa,512,65536,graph,16,1.48598
fa,512,65536,graph,17,1.48598
fa,512,65536,graph,18,1.48685
fa,512,65536,graph,19,1.48522
fa,512,65536,graph,20,1.48710
fa,512,65536,graph,21,1.48576
fa,512,65536,graph,22,1.48525
fa,512,65536,graph,23,1.48493
fa,512,65536,graph,24,1.48707
fa,512,65536,graph,25,1.48592
fa,512,65536,graph,26,1.48675
fa,512,65536,graph,27,1.48720
fa,512,65536,graph,28,1.48656
fa,512,65536,graph,29,1.48643
fa,512,65536,eager,0,1.51792
fa,512,65536,eager,1,1.50899
fa,512,65536,eager,2,1.50470
fa,512,65536,eager,3,1.50326
fa,512,65536,eager,4,1.50483
fa,512,65536,eager,5,1.50845
fa,512,65536,eager,6,1.50662
fa,512,65536,eager,7,1.50438
fa,512,65536,eager,8,1.50528
fa,512,65536,eager,9,1.50419
fa,512,65536,eager,10,1.50490
fa,512,65536,eager,11,1.50330
fa,512,65536,eager,12,1.50275
fa,512,65536,eager,13,1.50899
fa,512,65536,eager,14,1.50336
fa,512,65536,eager,15,1.50227
fa,512,65536,eager,16,1.50250
fa,512,65536,eager,17,1.50205
fa,512,65536,eager,18,1.50611
fa,512,65536,eager,19,1.50307
fa,512,65536,eager,20,1.50099
fa,512,65536,eager,21,1.50058
fa,512,65536,eager,22,1.50307
fa,512,65536,eager,23,1.50330
fa,512,65536,eager,24,1.50118
fa,512,65536,eager,25,1.50336
fa,512,65536,eager,26,1.50237
fa,512,65536,eager,27,1.50061
fa,512,65536,eager,28,1.50099
fa,512,65536,eager,29,1.50646
fa,1024,65536,graph,0,2.98755
fa,1024,65536,graph,1,2.98262
fa,1024,65536,graph,2,2.98794
fa,1024,65536,graph,3,2.98662
fa,1024,65536,graph,4,2.98224
fa,1024,65536,graph,5,2.98762
fa,1024,65536,graph,6,2.98915
fa,1024,65536,graph,7,2.99526
fa,1024,65536,graph,8,2.99542
fa,1024,65536,graph,9,2.99699
fa,1024,65536,graph,10,3.01542
fa,1024,65536,graph,11,3.01869
fa,1024,65536,graph,12,3.01590
fa,1024,65536,graph,13,3.01699
fa,1024,65536,graph,14,3.01613
fa,1024,65536,graph,15,3.01875
fa,1024,65536,graph,16,3.00205
fa,1024,65536,graph,17,2.99901
fa,1024,65536,graph,18,3.00301
fa,1024,65536,graph,19,2.99754
fa,1024,65536,graph,20,3.00176
fa,1024,65536,graph,21,2.99741
fa,1024,65536,graph,22,2.99722
fa,1024,65536,graph,23,3.02205
fa,1024,65536,graph,24,3.02589
fa,1024,65536,graph,25,3.02166
fa,1024,65536,graph,26,3.02326
fa,1024,65536,graph,27,3.02416
fa,1024,65536,graph,28,3.01664
fa,1024,65536,graph,29,3.02266
fa,1024,65536,eager,0,2.98301
fa,1024,65536,eager,1,2.96800
fa,1024,65536,eager,2,2.96806
fa,1024,65536,eager,3,2.96227
fa,1024,65536,eager,4,2.96134
fa,1024,65536,eager,5,2.96442
fa,1024,65536,eager,6,2.96301
fa,1024,65536,eager,7,2.96202
fa,1024,65536,eager,8,2.96032
fa,1024,65536,eager,9,2.96765
fa,1024,65536,eager,10,2.96032
fa,1024,65536,eager,11,2.96346
fa,1024,65536,eager,12,2.95997
fa,1024,65536,eager,13,2.95843
fa,1024,65536,eager,14,2.95046
fa,1024,65536,eager,15,3.04906
fa,1024,65536,eager,16,3.05504
fa,1024,65536,eager,17,3.05606
fa,1024,65536,eager,18,3.05725
fa,1024,65536,eager,19,3.05936
fa,1024,65536,eager,20,3.05552
fa,1024,65536,eager,21,3.05494
fa,1024,65536,eager,22,3.05542
fa,1024,65536,eager,23,3.05734
fa,1024,65536,eager,24,3.05597
fa,1024,65536,eager,25,3.05219
fa,1024,65536,eager,26,3.05370
fa,1024,65536,eager,27,3.05670
fa,1024,65536,eager,28,3.05286
fa,1024,65536,eager,29,3.05286
fa,2048,65536,graph,0,5.15349
fa,2048,65536,graph,1,5.14226
fa,2048,65536,graph,2,5.14363
fa,2048,65536,graph,3,5.16978
fa,2048,65536,graph,4,5.15970
fa,2048,65536,graph,5,5.18194
fa,2048,65536,graph,6,5.20888
fa,2048,65536,graph,7,5.20645
fa,2048,65536,graph,8,5.20331
fa,2048,65536,graph,9,5.21390
fa,2048,65536,graph,10,5.21010
fa,2048,65536,graph,11,5.20741
fa,2048,65536,graph,12,5.22616
fa,2048,65536,graph,13,5.20664
fa,2048,65536,graph,14,5.21189
fa,2048,65536,graph,15,5.21339
fa,2048,65536,graph,16,5.20322
fa,2048,65536,graph,17,5.20210
fa,2048,65536,graph,18,5.21022
fa,2048,65536,graph,19,5.21797
fa,2048,65536,graph,20,5.21298
fa,2048,65536,graph,21,5.20050
fa,2048,65536,graph,22,5.18763
fa,2048,65536,graph,23,5.19342
fa,2048,65536,graph,24,5.19522
fa,2048,65536,graph,25,5.19102
fa,2048,65536,graph,26,5.19883
fa,2048,65536,graph,27,5.19563
fa,2048,65536,graph,28,5.20498
fa,2048,65536,graph,29,5.19342
fa,2048,65536,eager,0,5.09843
fa,2048,65536,eager,1,5.08525
fa,2048,65536,eager,2,5.08602
fa,2048,65536,eager,3,5.07763
fa,2048,65536,eager,4,5.08358
fa,2048,65536,eager,5,5.08397
fa,2048,65536,eager,6,5.08835
fa,2048,65536,eager,7,5.08317
fa,2048,65536,eager,8,5.07933
fa,2048,65536,eager,9,5.07546
fa,2048,65536,eager,10,5.08326
fa,2048,65536,eager,11,5.13981
fa,2048,65536,eager,12,5.18560
fa,2048,65536,eager,13,5.18243
fa,2048,65536,eager,14,5.18125
fa,2048,65536,eager,15,5.17856
fa,2048,65536,eager,16,5.17840
fa,2048,65536,eager,17,5.18387
fa,2048,65536,eager,18,5.17962
fa,2048,65536,eager,19,5.17824
fa,2048,65536,eager,20,5.18205
fa,2048,65536,eager,21,5.18435
fa,2048,65536,eager,22,5.18528
fa,2048,65536,eager,23,5.17936
fa,2048,65536,eager,24,5.15088
fa,2048,65536,eager,25,5.12554
fa,2048,65536,eager,26,5.12560
fa,2048,65536,eager,27,5.12282
fa,2048,65536,eager,28,5.12438
fa,2048,65536,eager,29,5.12416
fa,4096,65536,graph,0,10.62285
fa,4096,65536,graph,1,10.62506
fa,4096,65536,graph,2,10.62202
fa,4096,65536,graph,3,10.62403
fa,4096,65536,graph,4,10.62067
fa,4096,65536,graph,5,10.61971
fa,4096,65536,graph,6,10.66298
fa,4096,65536,graph,7,10.60134
fa,4096,65536,graph,8,10.54739
fa,4096,65536,graph,9,10.55344
fa,4096,65536,graph,10,10.54589
fa,4096,65536,graph,11,10.53216
fa,4096,65536,graph,12,10.61542
fa,4096,65536,graph,13,10.64944
fa,4096,65536,graph,14,10.64678
fa,4096,65536,graph,15,10.66467
fa,4096,65536,graph,16,10.66080
fa,4096,65536,graph,17,10.64765
fa,4096,65536,graph,18,10.64000
fa,4096,65536,graph,19,10.54147
fa,4096,65536,graph,20,10.54349
fa,4096,65536,graph,21,10.55370
fa,4096,65536,graph,22,10.54493
fa,4096,65536,graph,23,10.54310
fa,4096,65536,graph,24,10.53706
fa,4096,65536,graph,25,10.51360
fa,4096,65536,graph,26,10.51053
fa,4096,65536,graph,27,10.50042
fa,4096,65536,graph,28,10.40470
fa,4096,65536,graph,29,10.50589
fa,4096,65536,eager,0,10.45530
fa,4096,65536,eager,1,10.44269
fa,4096,65536,eager,2,10.53482
fa,4096,65536,eager,3,10.54842
fa,4096,65536,eager,4,10.54842
fa,4096,65536,eager,5,10.54694
fa,4096,65536,eager,6,10.54554
fa,4096,65536,eager,7,10.55104
fa,4096,65536,eager,8,10.56851
fa,4096,65536,eager,9,10.56483
fa,4096,65536,eager,10,10.56109
fa,4096,65536,eager,11,10.57878
fa,4096,65536,eager,12,10.56211
fa,4096,65536,eager,13,10.55962
fa,4096,65536,eager,14,10.56016
fa,4096,65536,eager,15,10.63034
fa,4096,65536,eager,16,10.68275
fa,4096,65536,eager,17,10.69936
fa,4096,65536,eager,18,10.69296
fa,4096,65536,eager,19,10.70003
fa,4096,65536,eager,20,10.71008
fa,4096,65536,eager,21,10.58698
fa,4096,65536,eager,22,10.59859
fa,4096,65536,eager,23,10.59530
fa,4096,65536,eager,24,10.58963
fa,4096,65536,eager,25,10.59766
fa,4096,65536,eager,26,10.60070
fa,4096,65536,eager,27,10.56070
fa,4096,65536,eager,28,10.55782
fa,4096,65536,eager,29,10.56109
fa,8192,65536,graph,0,22.16562
fa,8192,65536,graph,1,22.14341
fa,8192,65536,graph,2,21.90757
fa,8192,65536,graph,3,21.61749
fa,8192,65536,graph,4,21.51253
fa,8192,65536,graph,5,21.51381
fa,8192,65536,graph,6,21.70139
fa,8192,65536,graph,7,22.08101
fa,8192,65536,graph,8,22.15125
fa,8192,65536,graph,9,22.16542
fa,8192,65536,graph,10,22.07838
fa,8192,65536,graph,11,21.76898
fa,8192,65536,graph,12,21.67659
fa,8192,65536,graph,13,21.53957
fa,8192,65536,graph,14,21.33659
fa,8192,65536,graph,15,21.34798
fa,8192,65536,graph,16,21.33576
fa,8192,65536,graph,17,21.66056
fa,8192,65536,graph,18,21.76942
fa,8192,65536,graph,19,21.77493
fa,8192,65536,graph,20,21.74318
fa,8192,65536,graph,21,21.74744
fa,8192,65536,graph,22,21.74808
fa,8192,65536,graph,23,21.74008
fa,8192,65536,graph,24,21.64344
fa,8192,65536,graph,25,21.43605
fa,8192,65536,graph,26,21.33502
fa,8192,65536,graph,27,21.33842
fa,8192,65536,graph,28,21.65128
fa,8192,65536,graph,29,22.05618
fa,8192,65536,eager,0,21.53731
fa,8192,65536,eager,1,21.78029
fa,8192,65536,eager,2,21.80938
fa,8192,65536,eager,3,21.80973
fa,8192,65536,eager,4,21.80144
fa,8192,65536,eager,5,21.79936
fa,8192,65536,eager,6,21.79914
fa,8192,65536,eager,7,21.80790
fa,8192,65536,eager,8,21.80390
fa,8192,65536,eager,9,21.69130
fa,8192,65536,eager,10,21.61542
fa,8192,65536,eager,11,21.79498
fa,8192,65536,eager,12,21.83494
fa,8192,65536,eager,13,21.83894
fa,8192,65536,eager,14,21.83309
fa,8192,65536,eager,15,21.83498
fa,8192,65536,eager,16,21.83952
fa,8192,65536,eager,17,21.84643
fa,8192,65536,eager,18,21.74285
fa,8192,65536,eager,19,21.61232
fa,8192,65536,eager,20,21.61376
fa,8192,65536,eager,21,21.61661
fa,8192,65536,eager,22,21.79459
fa,8192,65536,eager,23,21.83296
fa,8192,65536,eager,24,21.84854
fa,8192,65536,eager,25,21.83878
fa,8192,65536,eager,26,21.83648
fa,8192,65536,eager,27,21.85270
fa,8192,65536,eager,28,22.09190
fa,8192,65536,eager,29,23.05392
fa,64,131072,graph,0,0.31966
fa,64,131072,graph,1,0.31898
fa,64,131072,graph,2,0.31976
fa,64,131072,graph,3,0.31967
fa,64,131072,graph,4,0.31966
fa,64,131072,graph,5,0.32062
fa,64,131072,graph,6,0.31914
fa,64,131072,graph,7,0.31961
fa,64,131072,graph,8,0.33760
fa,64,131072,graph,9,0.33946
fa,64,131072,graph,10,0.33978
fa,64,131072,graph,11,0.34034
fa,64,131072,graph,12,0.34092
fa,64,131072,graph,13,0.34030
fa,64,131072,graph,14,0.34779
fa,64,131072,graph,15,0.35378
fa,64,131072,graph,16,0.35389
fa,64,131072,graph,17,0.35231
fa,64,131072,graph,18,0.35235
fa,64,131072,graph,19,0.35147
fa,64,131072,graph,20,0.35234
fa,64,131072,graph,21,0.35251
fa,64,131072,graph,22,0.35322
fa,64,131072,graph,23,0.35260
fa,64,131072,graph,24,0.35288
fa,64,131072,graph,25,0.35392
fa,64,131072,graph,26,0.35158
fa,64,131072,graph,27,0.35087
fa,64,131072,graph,28,0.34991
fa,64,131072,graph,29,0.35046
fa,64,131072,eager,0,0.37645
fa,64,131072,eager,1,0.37517
fa,64,131072,eager,2,0.36966
fa,64,131072,eager,3,0.37085
fa,64,131072,eager,4,0.36851
fa,64,131072,eager,5,0.36861
fa,64,131072,eager,6,0.36739
fa,64,131072,eager,7,0.36829
fa,64,131072,eager,8,0.36637
fa,64,131072,eager,9,0.36851
fa,64,131072,eager,10,0.36589
fa,64,131072,eager,11,0.36880
fa,64,131072,eager,12,0.36861
fa,64,131072,eager,13,0.36778
fa,64,131072,eager,14,0.36774
fa,64,131072,eager,15,0.36662
fa,64,131072,eager,16,0.36870
fa,64,131072,eager,17,0.37120
fa,64,131072,eager,18,0.36672
fa,64,131072,eager,19,0.36723
fa,64,131072,eager,20,0.36550
fa,64,131072,eager,21,0.36429
fa,64,131072,eager,22,0.36528
fa,64,131072,eager,23,0.36518
fa,64,131072,eager,24,0.36768
fa,64,131072,eager,25,0.36608
fa,64,131072,eager,26,0.36416
fa,64,131072,eager,27,0.36605
fa,64,131072,eager,28,0.36640
fa,64,131072,eager,29,0.36595
fa,65,131072,graph,0,0.38914
fa,65,131072,graph,1,0.38952
fa,65,131072,graph,2,0.38872
fa,65,131072,graph,3,0.39033
fa,65,131072,graph,4,0.39038
fa,65,131072,graph,5,0.38955
fa,65,131072,graph,6,0.38883
fa,65,131072,graph,7,0.38932
fa,65,131072,graph,8,0.39012
fa,65,131072,graph,9,0.38932
fa,65,131072,graph,10,0.38896
fa,65,131072,graph,11,0.39027
fa,65,131072,graph,12,0.39045
fa,65,131072,graph,13,0.39052
fa,65,131072,graph,14,0.38986
fa,65,131072,graph,15,0.39083
fa,65,131072,graph,16,0.39021
fa,65,131072,graph,17,0.39000
fa,65,131072,graph,18,0.39037
fa,65,131072,graph,19,0.39016
fa,65,131072,graph,20,0.39057
fa,65,131072,graph,21,0.39050
fa,65,131072,graph,22,0.39058
fa,65,131072,graph,23,0.39212
fa,65,131072,graph,24,0.39100
fa,65,131072,graph,25,0.39028
fa,65,131072,graph,26,0.38957
fa,65,131072,graph,27,0.39180
fa,65,131072,graph,28,0.39961
fa,65,131072,graph,29,0.42713
fa,65,131072,eager,0,0.50672
fa,65,131072,eager,1,0.49610
fa,65,131072,eager,2,0.49347
fa,65,131072,eager,3,0.48819
fa,65,131072,eager,4,0.48406
fa,65,131072,eager,5,0.48211
fa,65,131072,eager,6,0.48352
fa,65,131072,eager,7,0.48205
fa,65,131072,eager,8,0.48755
fa,65,131072,eager,9,0.48022
fa,65,131072,eager,10,0.48131
fa,65,131072,eager,11,0.48938
fa,65,131072,eager,12,0.48285
fa,65,131072,eager,13,0.48522
fa,65,131072,eager,14,0.47981
fa,65,131072,eager,15,0.48090
fa,65,131072,eager,16,0.48054
fa,65,131072,eager,17,0.48147
fa,65,131072,eager,18,0.48230
fa,65,131072,eager,19,0.48346
fa,65,131072,eager,20,0.48026
fa,65,131072,eager,21,0.48150
fa,65,131072,eager,22,0.48778
fa,65,131072,eager,23,0.49056
fa,65,131072,eager,24,0.44330
fa,65,131072,eager,25,0.44662
fa,65,131072,eager,26,0.44336
fa,65,131072,eager,27,0.44163
fa,65,131072,eager,28,0.44064
fa,65,131072,eager,29,0.44106
fa,128,131072,graph,0,0.66254
fa,128,131072,graph,1,0.66205
fa,128,131072,graph,2,0.66347
fa,128,131072,graph,3,0.66330
fa,128,131072,graph,4,0.66246
fa,128,131072,graph,5,0.66293
fa,128,131072,graph,6,0.66326
fa,128,131072,graph,7,0.66229
fa,128,131072,graph,8,0.66349
fa,128,131072,graph,9,0.66213
fa,128,131072,graph,10,0.66266
fa,128,131072,graph,11,0.66219
fa,128,131072,graph,12,0.66173
fa,128,131072,graph,13,0.66334
fa,128,131072,graph,14,0.66358
fa,128,131072,graph,15,0.66166
fa,128,131072,graph,16,0.66270
fa,128,131072,graph,17,0.66195
fa,128,131072,graph,18,0.66251
fa,128,131072,graph,19,0.66218
fa,128,131072,graph,20,0.66338
fa,128,131072,graph,21,0.66403
fa,128,131072,graph,22,0.66258
fa,128,131072,graph,23,0.66731
fa,128,131072,graph,24,0.66354
fa,128,131072,graph,25,0.66309
fa,128,131072,graph,26,0.66299
fa,128,131072,graph,27,0.66301
fa,128,131072,graph,28,0.66349
fa,128,131072,graph,29,0.66355
fa,128,131072,eager,0,0.75728
fa,128,131072,eager,1,0.70781
fa,128,131072,eager,2,0.70208
fa,128,131072,eager,3,0.70250
fa,128,131072,eager,4,0.65811
fa,128,131072,eager,5,0.65366
fa,128,131072,eager,6,0.65395
fa,128,131072,eager,7,0.65363
fa,128,131072,eager,8,0.65306
fa,128,131072,eager,9,0.65136
fa,128,131072,eager,10,0.65430
fa,128,131072,eager,11,0.65264
fa,128,131072,eager,12,0.64906
fa,128,131072,eager,13,0.64973
fa,128,131072,eager,14,0.65795
fa,128,131072,eager,15,0.65750
fa,128,131072,eager,16,0.65840
fa,128,131072,eager,17,0.65139
fa,128,131072,eager,18,0.65411
fa,128,131072,eager,19,0.65405
fa,128,131072,eager,20,0.65309
fa,128,131072,eager,21,0.65638
fa,128,131072,eager,22,0.65328
fa,128,131072,eager,23,0.64970
fa,128,131072,eager,24,0.65248
fa,128,131072,eager,25,0.65053
fa,128,131072,eager,26,0.66006
fa,128,131072,eager,27,0.65853
fa,128,131072,eager,28,0.65952
fa,128,131072,eager,29,0.65949
fa,129,131072,graph,0,1.13902
fa,129,131072,graph,1,1.14014
fa,129,131072,graph,2,1.14549
fa,129,131072,graph,3,1.14002
fa,129,131072,graph,4,1.13714
fa,129,131072,graph,5,1.13701
fa,129,131072,graph,6,1.14667
fa,129,131072,graph,7,1.14059
fa,129,131072,graph,8,1.14146
fa,129,131072,graph,9,1.13970
fa,129,131072,graph,10,1.13800
fa,129,131072,graph,11,1.13874
fa,129,131072,graph,12,1.13912
fa,129,131072,graph,13,1.13771
fa,129,131072,graph,14,1.14024
fa,129,131072,graph,15,1.14184
fa,129,131072,graph,16,1.13739
fa,129,131072,graph,17,1.13896
fa,129,131072,graph,18,1.13861
fa,129,131072,graph,19,1.13915
fa,129,131072,graph,20,1.14018
fa,129,131072,graph,21,1.14421
fa,129,131072,graph,22,1.13938
fa,129,131072,graph,23,1.14107
fa,129,131072,graph,24,1.13714
fa,129,131072,graph,25,1.14069
fa,129,131072,graph,26,1.14296
fa,129,131072,graph,27,1.13611
fa,129,131072,graph,28,1.13954
fa,129,131072,graph,29,1.14206
fa,129,131072,eager,0,1.21981
fa,129,131072,eager,1,1.21242
fa,129,131072,eager,2,1.20211
fa,129,131072,eager,3,1.19894
fa,129,131072,eager,4,1.20000
fa,129,131072,eager,5,1.19475
fa,129,131072,eager,6,1.20109
fa,129,131072,eager,7,1.19472
fa,129,131072,eager,8,1.19299
fa,129,131072,eager,9,1.19203
fa,129,131072,eager,10,1.20083
fa,129,131072,eager,11,1.19357
fa,129,131072,eager,12,1.19619
fa,129,131072,eager,13,1.19360
fa,129,131072,eager,14,1.19526
fa,129,131072,eager,15,1.19277
fa,129,131072,eager,16,1.19920
fa,129,131072,eager,17,1.19238
fa,129,131072,eager,18,1.19360
fa,129,131072,eager,19,1.19226
fa,129,131072,eager,20,1.19178
fa,129,131072,eager,21,1.20179
fa,129,131072,eager,22,1.19075
fa,129,131072,eager,23,1.19136
fa,129,131072,eager,24,1.19446
fa,129,131072,eager,25,1.19181
fa,129,131072,eager,26,1.19018
fa,129,131072,eager,27,1.19782
fa,129,131072,eager,28,1.19802
fa,129,131072,eager,29,1.20157
fa,256,131072,graph,0,1.90301
fa,256,131072,graph,1,1.90157
fa,256,131072,graph,2,1.90054
fa,256,131072,graph,3,1.90320
fa,256,131072,graph,4,1.90275
fa,256,131072,graph,5,1.90256
fa,256,131072,graph,6,1.90506
fa,256,131072,graph,7,1.90480
fa,256,131072,graph,8,1.90381
fa,256,131072,graph,9,1.90387
fa,256,131072,graph,10,1.90550
fa,256,131072,graph,11,1.90365
fa,256,131072,graph,12,1.90096
fa,256,131072,graph,13,1.90483
fa,256,131072,graph,14,1.90253
fa,256,131072,graph,15,1.90166
fa,256,131072,graph,16,1.90330
fa,256,131072,graph,17,1.90061
fa,256,131072,graph,18,1.90406
fa,256,131072,graph,19,1.90416
fa,256,131072,graph,20,1.90237
fa,256,131072,graph,21,1.90470
fa,256,131072,graph,22,1.90317
fa,256,131072,graph,23,1.90192
fa,256,131072,graph,24,1.90230
fa,256,131072,graph,25,1.90422
fa,256,131072,graph,26,1.90310
fa,256,131072,graph,27,1.90560
fa,256,131072,graph,28,1.90544
fa,256,131072,graph,29,1.90272
fa,256,131072,eager,0,1.96995
fa,256,131072,eager,1,1.95795
fa,256,131072,eager,2,1.95782
fa,256,131072,eager,3,1.95117
fa,256,131072,eager,4,1.95117
fa,256,131072,eager,5,1.95667
fa,256,131072,eager,6,1.95958
fa,256,131072,eager,7,1.95760
fa,256,131072,eager,8,1.95846
fa,256,131072,eager,9,1.96074
fa,256,131072,eager,10,1.95328
fa,256,131072,eager,11,1.95405
fa,256,131072,eager,12,1.95562
fa,256,131072,eager,13,1.95379
fa,256,131072,eager,14,1.95181
fa,256,131072,eager,15,1.94902
fa,256,131072,eager,16,1.95293
fa,256,131072,eager,17,1.95584
fa,256,131072,eager,18,1.95581
fa,256,131072,eager,19,1.95501
fa,256,131072,eager,20,1.95987
fa,256,131072,eager,21,1.95824
fa,256,131072,eager,22,1.95427
fa,256,131072,eager,23,1.95030
fa,256,131072,eager,24,1.95222
fa,256,131072,eager,25,1.94682
fa,256,131072,eager,26,1.94723
fa,256,131072,eager,27,1.94842
fa,256,131072,eager,28,1.95408
fa,256,131072,eager,29,1.95027
fa,512,131072,graph,0,2.98499
fa,512,131072,graph,1,2.98915
fa,512,131072,graph,2,2.98586
fa,512,131072,graph,3,2.98413
fa,512,131072,graph,4,3.01939
fa,512,131072,graph,5,3.03050
fa,512,131072,graph,6,3.02986
fa,512,131072,graph,7,3.03174
fa,512,131072,graph,8,3.02877
fa,512,131072,graph,9,3.02854
fa,512,131072,graph,10,3.03091
fa,512,131072,graph,11,3.03194
fa,512,131072,graph,12,3.03056
fa,512,131072,graph,13,3.02880
fa,512,131072,graph,14,3.03226
fa,512,131072,graph,15,3.03350
fa,512,131072,graph,16,3.02893
fa,512,131072,graph,17,3.02877
fa,512,131072,graph,18,3.02947
fa,512,131072,graph,19,3.03088
fa,512,131072,graph,20,3.03520
fa,512,131072,graph,21,3.03242
fa,512,131072,graph,22,3.03005
fa,512,131072,graph,23,3.02634
fa,512,131072,graph,24,3.02938
fa,512,131072,graph,25,3.02960
fa,512,131072,graph,26,3.02502
fa,512,131072,graph,27,3.07507
fa,512,131072,graph,28,3.07757
fa,512,131072,graph,29,3.07917
fa,512,131072,eager,0,2.97754
fa,512,131072,eager,1,2.97402
fa,512,131072,eager,2,2.96141
fa,512,131072,eager,3,2.96781
fa,512,131072,eager,4,2.96483
fa,512,131072,eager,5,3.05363
fa,512,131072,eager,6,3.05690
fa,512,131072,eager,7,3.05344
fa,512,131072,eager,8,3.05331
fa,512,131072,eager,9,3.06070
fa,512,131072,eager,10,3.05267
fa,512,131072,eager,11,3.05446
fa,512,131072,eager,12,3.06198
fa,512,131072,eager,13,3.05837
fa,512,131072,eager,14,3.05574
fa,512,131072,eager,15,3.05453
fa,512,131072,eager,16,3.05248
fa,512,131072,eager,17,3.05190
fa,512,131072,eager,18,3.05453
fa,512,131072,eager,19,3.05312
fa,512,131072,eager,20,3.08438
fa,512,131072,eager,21,3.09098
fa,512,131072,eager,22,3.08490
fa,512,131072,eager,23,3.08592
fa,512,131072,eager,24,3.08627
fa,512,131072,eager,25,3.08413
fa,512,131072,eager,26,3.08563
fa,512,131072,eager,27,3.08288
fa,512,131072,eager,28,3.08432
fa,512,131072,eager,29,3.08589
fa,1024,131072,graph,0,5.99898
fa,1024,131072,graph,1,5.99725
fa,1024,131072,graph,2,5.99475
fa,1024,131072,graph,3,5.99674
fa,1024,131072,graph,4,5.99843
fa,1024,131072,graph,5,5.98550
fa,1024,131072,graph,6,5.99002
fa,1024,131072,graph,7,5.98589
fa,1024,131072,graph,8,5.98134
fa,1024,131072,graph,9,5.98538
fa,1024,131072,graph,10,5.99562
fa,1024,131072,graph,11,5.98288
fa,1024,131072,graph,12,5.98973
fa,1024,131072,graph,13,5.98426
fa,1024,131072,graph,14,5.98576
fa,1024,131072,graph,15,5.98355
fa,1024,131072,graph,16,5.98768
fa,1024,131072,graph,17,6.08794
fa,1024,131072,graph,18,6.14554
fa,1024,131072,graph,19,6.14314
fa,1024,131072,graph,20,6.12144
fa,1024,131072,graph,21,6.08662
fa,1024,131072,graph,22,6.09008
fa,1024,131072,graph,23,6.08355
fa,1024,131072,graph,24,6.04234
fa,1024,131072,graph,25,6.04634
fa,1024,131072,graph,26,6.04461
fa,1024,131072,graph,27,6.04326
fa,1024,131072,graph,28,6.04650
fa,1024,131072,graph,29,6.04614
fa,1024,131072,eager,0,6.00854
fa,1024,131072,eager,1,6.01110
fa,1024,131072,eager,2,6.00285
fa,1024,131072,eager,3,6.03216
fa,1024,131072,eager,4,6.04064
fa,1024,131072,eager,5,6.04384
fa,1024,131072,eager,6,6.03728
fa,1024,131072,eager,7,6.03565
fa,1024,131072,eager,8,6.04032
fa,1024,131072,eager,9,6.03574
fa,1024,131072,eager,10,6.03670
fa,1024,131072,eager,11,6.02998
fa,1024,131072,eager,12,6.08707
fa,1024,131072,eager,13,6.09021
fa,1024,131072,eager,14,6.11126
fa,1024,131072,eager,15,6.14198
fa,1024,131072,eager,16,6.13987
fa,1024,131072,eager,17,6.13546
fa,1024,131072,eager,18,6.13539
fa,1024,131072,eager,19,6.10371
fa,1024,131072,eager,20,6.09037
fa,1024,131072,eager,21,6.09024
fa,1024,131072,eager,22,6.09117
fa,1024,131072,eager,23,6.09133
fa,1024,131072,eager,24,6.09424
fa,1024,131072,eager,25,6.09203
fa,1024,131072,eager,26,6.09056
fa,1024,131072,eager,27,6.11354
fa,1024,131072,eager,28,6.14170
fa,1024,131072,eager,29,6.13702
fa,2048,131072,graph,0,10.86971
fa,2048,131072,graph,1,10.79269
fa,2048,131072,graph,2,10.50187
fa,2048,131072,graph,3,10.49381
fa,2048,131072,graph,4,10.48866
fa,2048,131072,graph,5,10.49768
fa,2048,131072,graph,6,10.49758
fa,2048,131072,graph,7,10.43214
fa,2048,131072,graph,8,10.35915
fa,2048,131072,graph,9,10.28539
fa,2048,131072,graph,10,10.24837
fa,2048,131072,graph,11,10.25269
fa,2048,131072,graph,12,10.24792
fa,2048,131072,graph,13,10.24862
fa,2048,131072,graph,14,10.24555
fa,2048,131072,graph,15,10.24114
fa,2048,131072,graph,16,10.24683
fa,2048,131072,graph,17,10.24789
fa,2048,131072,graph,18,10.24930
fa,2048,131072,graph,19,10.25029
fa,2048,131072,graph,20,10.26229
fa,2048,131072,graph,21,10.26030
fa,2048,131072,graph,22,10.25461
fa,2048,131072,graph,23,10.16949
fa,2048,131072,graph,24,10.16302
fa,2048,131072,graph,25,10.16040
fa,2048,131072,graph,26,10.16155
fa,2048,131072,graph,27,10.19547
fa,2048,131072,graph,28,10.16690
fa,2048,131072,graph,29,10.13954
fa,2048,131072,eager,0,10.20931
fa,2048,131072,eager,1,10.19891
fa,2048,131072,eager,2,10.19126
fa,2048,131072,eager,3,10.18912
fa,2048,131072,eager,4,10.19101
fa,2048,131072,eager,5,10.19718
fa,2048,131072,eager,6,10.15661
fa,2048,131072,eager,7,10.08454
fa,2048,131072,eager,8,10.08739
fa,2048,131072,eager,9,10.00678
fa,2048,131072,eager,10,10.05210
fa,2048,131072,eager,11,10.19802
fa,2048,131072,eager,12,10.20406
fa,2048,131072,eager,13,10.19690
fa,2048,131072,eager,14,10.20659
fa,2048,131072,eager,15,10.21898
fa,2048,131072,eager,16,10.20989
fa,2048,131072,eager,17,10.19754
fa,2048,131072,eager,18,10.25946
fa,2048,131072,eager,19,10.33869
fa,2048,131072,eager,20,10.28582
fa,2048,131072,eager,21,10.22189
fa,2048,131072,eager,22,10.22627
fa,2048,131072,eager,23,10.21718
fa,2048,131072,eager,24,10.21715
fa,2048,131072,eager,25,10.30173
fa,2048,131072,eager,26,10.32064
fa,2048,131072,eager,27,10.32093
fa,2048,131072,eager,28,10.34259
fa,2048,131072,eager,29,10.32266
fa,4096,131072,graph,0,21.12730
fa,4096,131072,graph,1,21.13328
fa,4096,131072,graph,2,21.16490
fa,4096,131072,graph,3,21.14566
fa,4096,131072,graph,4,20.85446
fa,4096,131072,graph,5,20.72035
fa,4096,131072,graph,6,20.50032
fa,4096,131072,graph,7,20.41040
fa,4096,131072,graph,8,20.45482
fa,4096,131072,graph,9,20.63664
fa,4096,131072,graph,10,20.80790
fa,4096,131072,graph,11,20.88211
fa,4096,131072,graph,12,20.89152
fa,4096,131072,graph,13,20.87629
fa,4096,131072,graph,14,20.87990
fa,4096,131072,graph,15,20.87530
fa,4096,131072,graph,16,20.86813
fa,4096,131072,graph,17,20.87744
fa,4096,131072,graph,18,20.91600
fa,4096,131072,graph,19,20.88218
fa,4096,131072,graph,20,21.11898
fa,4096,131072,graph,21,21.42064
fa,4096,131072,graph,22,20.96666
fa,4096,131072,graph,23,20.69069
fa,4096,131072,graph,24,20.52250
fa,4096,131072,graph,25,20.41254
fa,4096,131072,graph,26,20.41504
fa,4096,131072,graph,27,20.41645
fa,4096,131072,graph,28,20.41101
fa,4096,131072,graph,29,20.41645
fa,4096,131072,eager,0,20.52163
fa,4096,131072,eager,1,20.58336
fa,4096,131072,eager,2,20.90819
fa,4096,131072,eager,3,20.89949
fa,4096,131072,eager,4,20.83187
fa,4096,131072,eager,5,20.63955
fa,4096,131072,eager,6,20.53402
fa,4096,131072,eager,7,20.51222
fa,4096,131072,eager,8,20.52166
fa,4096,131072,eager,9,20.50531
fa,4096,131072,eager,10,20.46723
fa,4096,131072,eager,11,20.47478
fa,4096,131072,eager,12,20.47328
fa,4096,131072,eager,13,20.46323
fa,4096,131072,eager,14,20.47667
fa,4096,131072,eager,15,20.51990
fa,4096,131072,eager,16,20.52365
fa,4096,131072,eager,17,20.52803
fa,4096,131072,eager,18,20.52726
fa,4096,131072,eager,19,20.49696
fa,4096,131072,eager,20,20.64797
fa,4096,131072,eager,21,20.69629
fa,4096,131072,eager,22,20.78918
fa,4096,131072,eager,23,20.90880
fa,4096,131072,eager,24,20.91018
fa,4096,131072,eager,25,20.93680
fa,4096,131072,eager,26,20.71808
fa,4096,131072,eager,27,20.73520
fa,4096,131072,eager,28,20.81270
fa,4096,131072,eager,29,21.46954
fa,8192,131072,graph,0,42.90798
fa,8192,131072,graph,1,42.83931
fa,8192,131072,graph,2,43.96008
fa,8192,131072,graph,3,43.30917
fa,8192,131072,graph,4,42.51723
fa,8192,131072,graph,5,42.53592
fa,8192,131072,graph,6,42.36069
fa,8192,131072,graph,7,42.34917
fa,8192,131072,graph,8,41.90475
fa,8192,131072,graph,9,42.00059
fa,8192,131072,graph,10,43.36178
fa,8192,131072,graph,11,43.34059
fa,8192,131072,graph,12,42.84498
fa,8192,131072,graph,13,42.58382
fa,8192,131072,graph,14,42.40856
fa,8192,131072,graph,15,43.02683
fa,8192,131072,graph,16,43.93986
fa,8192,131072,graph,17,43.95391
fa,8192,131072,graph,18,43.71006
fa,8192,131072,graph,19,43.69371
fa,8192,131072,graph,20,42.91160
fa,8192,131072,graph,21,42.59707
fa,8192,131072,graph,22,43.95237
fa,8192,131072,graph,23,43.95407
fa,8192,131072,graph,24,43.34283
fa,8192,131072,graph,25,42.80754
fa,8192,131072,graph,26,42.44651
fa,8192,131072,graph,27,42.45509
fa,8192,131072,graph,28,42.62523
fa,8192,131072,graph,29,42.49317
fa,8192,131072,eager,0,42.33606
fa,8192,131072,eager,1,42.34608
fa,8192,131072,eager,2,42.45255
fa,8192,131072,eager,3,42.31466
fa,8192,131072,eager,4,41.91958
fa,8192,131072,eager,5,42.10918
fa,8192,131072,eager,6,42.23005
fa,8192,131072,eager,7,42.31757
fa,8192,131072,eager,8,42.64979
fa,8192,131072,eager,9,43.54480
fa,8192,131072,eager,10,47.73386
fa,8192,131072,eager,11,47.46742
fa,8192,131072,eager,12,45.70646
fa,8192,131072,eager,13,44.04758
fa,8192,131072,eager,14,42.66442
fa,8192,131072,eager,15,42.22266
fa,8192,131072,eager,16,42.32029
fa,8192,131072,eager,17,42.64359
fa,8192,131072,eager,18,42.29686
fa,8192,131072,eager,19,42.25754
fa,8192,131072,eager,20,42.26954
fa,8192,131072,eager,21,42.32355
fa,8192,131072,eager,22,42.32314
fa,8192,131072,eager,23,42.31789
fa,8192,131072,eager,24,42.01882
fa,8192,131072,eager,25,42.56909
fa,8192,131072,eager,26,42.53722
fa,8192,131072,eager,27,42.36733
fa,8192,131072,eager,28,42.51834
fa,8192,131072,eager,29,42.31635
fa,64,262144,graph,0,0.63033
fa,64,262144,graph,1,0.63106
fa,64,262144,graph,2,0.63078
fa,64,262144,graph,3,0.63073
fa,64,262144,graph,4,0.62977
fa,64,262144,graph,5,0.63140
fa,64,262144,graph,6,0.63055
fa,64,262144,graph,7,0.62969
fa,64,262144,graph,8,0.63332
fa,64,262144,graph,9,0.63033
fa,64,262144,graph,10,0.63025
fa,64,262144,graph,11,0.62956
fa,64,262144,graph,12,0.62842
fa,64,262144,graph,13,0.63162
fa,64,262144,graph,14,0.63865
fa,64,262144,graph,15,0.68980
fa,64,262144,graph,16,0.68807
fa,64,262144,graph,17,0.68543
fa,64,262144,graph,18,0.69025
fa,64,262144,graph,19,0.69015
fa,64,262144,graph,20,0.69030
fa,64,262144,graph,21,0.68750
fa,64,262144,graph,22,0.68886
fa,64,262144,graph,23,0.69278
fa,64,262144,graph,24,0.69326
fa,64,262144,graph,25,0.69167
fa,64,262144,graph,26,0.69242
fa,64,262144,graph,27,0.69614
fa,64,262144,graph,28,0.69076
fa,64,262144,graph,29,0.69294
fa,64,262144,eager,0,0.68266
fa,64,262144,eager,1,0.67472
fa,64,262144,eager,2,0.67315
fa,64,262144,eager,3,0.67280
fa,64,262144,eager,4,0.67674
fa,64,262144,eager,5,0.67261
fa,64,262144,eager,6,0.67341
fa,64,262144,eager,7,0.67162
fa,64,262144,eager,8,0.67062
fa,64,262144,eager,9,0.67274
fa,64,262144,eager,10,0.66947
fa,64,262144,eager,11,0.67354
fa,64,262144,eager,12,0.66794
fa,64,262144,eager,13,0.67194
fa,64,262144,eager,14,0.66870
fa,64,262144,eager,15,0.66986
fa,64,262144,eager,16,0.67062
fa,64,262144,eager,17,0.67302
fa,64,262144,eager,18,0.66950
fa,64,262144,eager,19,0.67126
fa,64,262144,eager,20,0.67139
fa,64,262144,eager,21,0.67120
fa,64,262144,eager,22,0.67216
fa,64,262144,eager,23,0.67546
fa,64,262144,eager,24,0.67168
fa,64,262144,eager,25,0.67347
fa,64,262144,eager,26,0.67312
fa,64,262144,eager,27,0.67632
fa,64,262144,eager,28,0.67504
fa,64,262144,eager,29,0.67478
fa,65,262144,graph,0,0.78357
fa,65,262144,graph,1,0.78362
fa,65,262144,graph,2,0.78234
fa,65,262144,graph,3,0.78147
fa,65,262144,graph,4,0.78981
fa,65,262144,graph,5,0.85174
fa,65,262144,graph,6,0.85171
fa,65,262144,graph,7,0.84643
fa,65,262144,graph,8,0.84638
fa,65,262144,graph,9,0.84845
fa,65,262144,graph,10,0.84731
fa,65,262144,graph,11,0.84824
fa,65,262144,graph,12,0.84658
fa,65,262144,graph,13,0.84790
fa,65,262144,graph,14,0.84587
fa,65,262144,graph,15,0.84749
fa,65,262144,graph,16,0.84834
fa,65,262144,graph,17,0.84592
fa,65,262144,graph,18,0.84883
fa,65,262144,graph,19,0.84787
fa,65,262144,graph,20,0.84733
fa,65,262144,graph,21,0.84666
fa,65,262144,graph,22,0.84650
fa,65,262144,graph,23,0.84728
fa,65,262144,graph,24,0.85053
fa,65,262144,graph,25,0.84626
fa,65,262144,graph,26,0.87347
fa,65,262144,graph,27,0.87365
fa,65,262144,graph,28,0.87525
fa,65,262144,graph,29,0.87437
fa,65,262144,eager,0,0.85635
fa,65,262144,eager,1,0.84163
fa,65,262144,eager,2,0.83661
fa,65,262144,eager,3,0.83360
fa,65,262144,eager,4,0.83430
fa,65,262144,eager,5,0.82950
fa,65,262144,eager,6,0.82998
fa,65,262144,eager,7,0.83094
fa,65,262144,eager,8,0.83059
fa,65,262144,eager,9,0.82934
fa,65,262144,eager,10,0.82938
fa,65,262144,eager,11,0.82941
fa,65,262144,eager,12,0.83299
fa,65,262144,eager,13,0.83101
fa,65,262144,eager,14,0.83040
fa,65,262144,eager,15,0.82771
fa,65,262144,eager,16,0.83008
fa,65,262144,eager,17,0.82838
fa,65,262144,eager,18,0.82912
fa,65,262144,eager,19,0.83088
fa,65,262144,eager,20,0.83059
fa,65,262144,eager,21,0.83350
fa,65,262144,eager,22,0.82970
fa,65,262144,eager,23,0.83120
fa,65,262144,eager,24,0.82928
fa,65,262144,eager,25,0.83075
fa,65,262144,eager,26,0.82803
fa,65,262144,eager,27,0.83206
fa,65,262144,eager,28,0.84118
fa,65,262144,eager,29,0.86314
fa,128,262144,graph,0,1.31341
fa,128,262144,graph,1,1.31184
fa,128,262144,graph,2,1.32182
fa,128,262144,graph,3,1.30064
fa,128,262144,graph,4,1.26262
fa,128,262144,graph,5,1.27098
fa,128,262144,graph,6,1.26899
fa,128,262144,graph,7,1.26554
fa,128,262144,graph,8,1.26998
fa,128,262144,graph,9,1.26234
fa,128,262144,graph,10,1.26582
fa,128,262144,graph,11,1.28173
fa,128,262144,graph,12,1.32701
fa,128,262144,graph,13,1.33056
fa,128,262144,graph,14,1.38234
fa,128,262144,graph,15,1.32458
fa,128,262144,graph,16,1.32406
fa,128,262144,graph,17,1.33254
fa,128,262144,graph,18,1.32490
fa,128,262144,graph,19,1.32493
fa,128,262144,graph,20,1.32765
fa,128,262144,graph,21,1.32877
fa,128,262144,graph,22,1.32803
fa,128,262144,graph,23,1.32400
fa,128,262144,graph,24,1.32378
fa,128,262144,graph,25,1.33034
fa,128,262144,graph,26,1.33814
fa,128,262144,graph,27,1.34160
fa,128,262144,graph,28,1.34122
fa,128,262144,graph,29,1.34240
fa,128,262144,eager,0,1.27882
fa,128,262144,eager,1,1.26157
fa,128,262144,eager,2,1.26093
fa,128,262144,eager,3,1.24419
fa,128,262144,eager,4,1.24557
fa,128,262144,eager,5,1.24989
fa,128,262144,eager,6,1.24333
fa,128,262144,eager,7,1.24922
fa,128,262144,eager,8,1.25296
fa,128,262144,eager,9,1.24323
fa,128,262144,eager,10,1.24573
fa,128,262144,eager,11,1.24778
fa,128,262144,eager,12,1.25043
fa,128,262144,eager,13,1.24989
fa,128,262144,eager,14,1.25421
fa,128,262144,eager,15,1.24499
fa,128,262144,eager,16,1.24630
fa,128,262144,eager,17,1.24870
fa,128,262144,eager,18,1.24336
fa,128,262144,eager,19,1.25424
fa,128,262144,eager,20,1.24906
fa,128,262144,eager,21,1.25194
fa,128,262144,eager,22,1.24870
fa,128,262144,eager,23,1.24570
fa,128,262144,eager,24,1.25072
fa,128,262144,eager,25,1.29514
fa,128,262144,eager,26,1.34429
fa,128,262144,eager,27,1.34074
fa,128,262144,eager,28,1.34739
fa,128,262144,eager,29,1.33430
fa,129,262144,graph,0,2.28656
fa,129,262144,graph,1,2.28330
fa,129,262144,graph,2,2.28986
fa,129,262144,graph,3,2.28470
fa,129,262144,graph,4,2.29011
fa,129,262144,graph,5,2.28278
fa,129,262144,graph,6,2.28989
fa,129,262144,graph,7,2.28714
fa,129,262144,graph,8,2.28928
fa,129,262144,graph,9,2.27901
fa,129,262144,graph,10,2.28029
fa,129,262144,graph,11,2.28528
fa,129,262144,graph,12,2.28589
fa,129,262144,graph,13,2.28371
fa,129,262144,graph,14,2.28893
fa,129,262144,graph,15,2.28691
fa,129,262144,graph,16,2.27971
fa,129,262144,graph,17,2.27994
fa,129,262144,graph,18,2.27930
fa,129,262144,graph,19,2.28614
fa,129,262144,graph,20,2.28336
fa,129,262144,graph,21,2.28458
fa,129,262144,graph,22,2.28154
fa,129,262144,graph,23,2.28422
fa,129,262144,graph,24,2.27994
fa,129,262144,graph,25,2.28650
fa,129,262144,graph,26,2.28163
fa,129,262144,graph,27,2.28560
fa,129,262144,graph,28,2.28323
fa,129,262144,graph,29,2.28666
fa,129,262144,eager,0,2.34733
fa,129,262144,eager,1,2.34486
fa,129,262144,eager,2,2.34496
fa,129,262144,eager,3,2.33680
fa,129,262144,eager,4,2.33616
fa,129,262144,eager,5,2.33421
fa,129,262144,eager,6,2.33616
fa,129,262144,eager,7,2.33738
fa,129,262144,eager,8,2.33658
fa,129,262144,eager,9,2.34186
fa,129,262144,eager,10,2.32781
fa,129,262144,eager,11,2.34467
fa,129,262144,eager,12,2.33098
fa,129,262144,eager,13,2.33738
fa,129,262144,eager,14,2.33920
fa,129,262144,eager,15,2.33741
fa,129,262144,eager,16,2.33872
fa,129,262144,eager,17,2.33939
fa,129,262144,eager,18,2.32246
fa,129,262144,eager,19,2.32406
fa,129,262144,eager,20,2.35498
fa,129,262144,eager,21,2.35178
fa,129,262144,eager,22,2.34736
fa,129,262144,eager,23,2.35779
fa,129,262144,eager,24,2.35251
fa,129,262144,eager,25,2.35136
fa,129,262144,eager,26,2.36138
fa,129,262144,eager,27,2.34858
fa,129,262144,eager,28,2.35363
fa,129,262144,eager,29,2.35728
fa,256,262144,graph,0,3.77010
fa,256,262144,graph,1,3.76933
fa,256,262144,graph,2,3.76843
fa,256,262144,graph,3,3.76747
fa,256,262144,graph,4,3.76581
fa,256,262144,graph,5,3.76843
fa,256,262144,graph,6,3.77176
fa,256,262144,graph,7,3.77042
fa,256,262144,graph,8,3.77083
fa,256,262144,graph,9,3.76504
fa,256,262144,graph,10,3.77064
fa,256,262144,graph,11,3.76910
fa,256,262144,graph,12,3.77384
fa,256,262144,graph,13,3.76872
fa,256,262144,graph,14,3.76907
fa,256,262144,graph,15,3.76754
fa,256,262144,graph,16,3.76482
fa,256,262144,graph,17,3.76626
fa,256,262144,graph,18,3.76482
fa,256,262144,graph,19,3.76946
fa,256,262144,graph,20,3.76446
fa,256,262144,graph,21,3.76773
fa,256,262144,graph,22,3.76571
fa,256,262144,graph,23,3.77381
fa,256,262144,graph,24,3.76491
fa,256,262144,graph,25,3.77362
fa,256,262144,graph,26,3.76779
fa,256,262144,graph,27,3.77576
fa,256,262144,graph,28,3.76635
fa,256,262144,graph,29,3.77355
fa,256,262144,eager,0,3.84890
fa,256,262144,eager,1,3.82829
fa,256,262144,eager,2,3.82253
fa,256,262144,eager,3,3.82995
fa,256,262144,eager,4,3.83277
fa,256,262144,eager,5,3.81901
fa,256,262144,eager,6,3.82506
fa,256,262144,eager,7,3.83485
fa,256,262144,eager,8,3.83322
fa,256,262144,eager,9,3.82982
fa,256,262144,eager,10,3.83139
fa,256,262144,eager,11,3.83517
fa,256,262144,eager,12,3.83238
fa,256,262144,eager,13,3.82950
fa,256,262144,eager,14,3.83104
fa,256,262144,eager,15,3.82858
fa,256,262144,eager,16,3.83421
fa,256,262144,eager,17,3.83504
fa,256,262144,eager,18,3.83190
fa,256,262144,eager,19,3.83459
fa,256,262144,eager,20,3.82365
fa,256,262144,eager,21,3.81898
fa,256,262144,eager,22,3.81786
fa,256,262144,eager,23,3.82022
fa,256,262144,eager,24,3.81818
fa,256,262144,eager,25,3.82019
fa,256,262144,eager,26,3.81491
fa,256,262144,eager,27,3.81683
fa,256,262144,eager,28,3.81824
fa,256,262144,eager,29,3.82659
fa,512,262144,graph,0,6.06618
fa,512,262144,graph,1,6.06838
fa,512,262144,graph,2,6.06624
fa,512,262144,graph,3,6.06634
fa,512,262144,graph,4,6.06707
fa,512,262144,graph,5,6.06467
fa,512,262144,graph,6,6.06410
fa,512,262144,graph,7,6.10522
fa,512,262144,graph,8,6.10915
fa,512,262144,graph,9,6.10538
fa,512,262144,graph,10,6.10890
fa,512,262144,graph,11,6.17344
fa,512,262144,graph,12,6.13952
fa,512,262144,graph,13,6.15808
fa,512,262144,graph,14,6.15834
fa,512,262144,graph,15,6.15968
fa,512,262144,graph,16,6.16122
fa,512,262144,graph,17,6.12093
fa,512,262144,graph,18,6.11248
fa,512,262144,graph,19,6.11034
fa,512,262144,graph,20,6.11498
fa,512,262144,graph,21,6.10854
fa,512,262144,graph,22,6.07837
fa,512,262144,graph,23,6.07072
fa,512,262144,graph,24,6.06509
fa,512,262144,graph,25,6.10614
fa,512,262144,graph,26,6.12314
fa,512,262144,graph,27,6.12362
fa,512,262144,graph,28,6.12096
fa,512,262144,graph,29,6.12486
fa,512,262144,eager,0,6.05878
fa,512,262144,eager,1,6.06605
fa,512,262144,eager,2,6.07008
fa,512,262144,eager,3,6.06326
fa,512,262144,eager,4,6.06067
fa,512,262144,eager,5,6.06160
fa,512,262144,eager,6,6.05955
fa,512,262144,eager,7,6.06525
fa,512,262144,eager,8,6.07261
fa,512,262144,eager,9,6.06141
fa,512,262144,eager,10,6.06211
fa,512,262144,eager,11,6.08432
fa,512,262144,eager,12,6.15680
fa,512,262144,eager,13,6.16240
fa,512,262144,eager,14,6.16115
fa,512,262144,eager,15,6.16406
fa,512,262144,eager,16,6.16128
fa,512,262144,eager,17,6.20413
fa,512,262144,eager,18,6.22160
fa,512,262144,eager,19,6.22112
fa,512,262144,eager,20,6.21680
fa,512,262144,eager,21,6.22048
fa,512,262144,eager,22,6.22006
fa,512,262144,eager,23,6.21677
fa,512,262144,eager,24,6.16390
fa,512,262144,eager,25,6.17811
fa,512,262144,eager,26,6.16963
fa,512,262144,eager,27,6.17715
fa,512,262144,eager,28,6.17446
fa,512,262144,eager,29,6.18400
fa,1024,262144,graph,0,12.01035
fa,1024,262144,graph,1,12.44923
fa,1024,262144,graph,2,12.38008
fa,1024,262144,graph,3,12.12485
fa,1024,262144,graph,4,12.05525
fa,1024,262144,graph,5,12.07301
fa,1024,262144,graph,6,12.47662
fa,1024,262144,graph,7,12.49202
fa,1024,262144,graph,8,12.21397
fa,1024,262144,graph,9,12.32843
fa,1024,262144,graph,10,12.30898
fa,1024,262144,graph,11,12.17166
fa,1024,262144,graph,12,12.11362
fa,1024,262144,graph,13,12.04072
fa,1024,262144,graph,14,12.37330
fa,1024,262144,graph,15,12.43560
fa,1024,262144,graph,16,12.23998
fa,1024,262144,graph,17,12.17704
fa,1024,262144,graph,18,12.19477
fa,1024,262144,graph,19,12.44773
fa,1024,262144,graph,20,12.23253
fa,1024,262144,graph,21,12.01531
fa,1024,262144,graph,22,12.13848
fa,1024,262144,graph,23,12.15253
fa,1024,262144,graph,24,12.15013
fa,1024,262144,graph,25,12.07077
fa,1024,262144,graph,26,12.04638
fa,1024,262144,graph,27,12.44760
fa,1024,262144,graph,28,12.35883
fa,1024,262144,graph,29,12.14094
fa,1024,262144,eager,0,11.94918
fa,1024,262144,eager,1,12.22496
fa,1024,262144,eager,2,12.28947
fa,1024,262144,eager,3,12.28115
fa,1024,262144,eager,4,12.27795
fa,1024,262144,eager,5,12.04512
fa,1024,262144,eager,6,11.97466
fa,1024,262144,eager,7,12.24285
fa,1024,262144,eager,8,12.24723
fa,1024,262144,eager,9,12.17398
fa,1024,262144,eager,10,11.99805
fa,1024,262144,eager,11,11.98298
fa,1024,262144,eager,12,11.98266
fa,1024,262144,eager,13,12.35008
fa,1024,262144,eager,14,12.40835
fa,1024,262144,eager,15,12.26250
fa,1024,262144,eager,16,12.21235
fa,1024,262144,eager,17,12.46918
fa,1024,262144,eager,18,12.34710
fa,1024,262144,eager,19,12.20874
fa,1024,262144,eager,20,12.19174
fa,1024,262144,eager,21,12.21024
fa,1024,262144,eager,22,12.31462
fa,1024,262144,eager,23,12.17286
fa,1024,262144,eager,24,12.01990
fa,1024,262144,eager,25,12.38723
fa,1024,262144,eager,26,12.44522
fa,1024,262144,eager,27,12.32067
fa,1024,262144,eager,28,12.31267
fa,1024,262144,eager,29,12.13267
fa,2048,262144,graph,0,21.33347
fa,2048,262144,graph,1,20.87155
fa,2048,262144,graph,2,20.98742
fa,2048,262144,graph,3,21.06902
fa,2048,262144,graph,4,21.04864
fa,2048,262144,graph,5,21.05613
fa,2048,262144,graph,6,21.04042
fa,2048,262144,graph,7,20.80646
fa,2048,262144,graph,8,20.59414
fa,2048,262144,graph,9,20.58605
fa,2048,262144,graph,10,20.58931
fa,2048,262144,graph,11,20.59136
fa,2048,262144,graph,12,20.61984
fa,2048,262144,graph,13,20.60269
fa,2048,262144,graph,14,20.61546
fa,2048,262144,graph,15,20.41142
fa,2048,262144,graph,16,20.32323
fa,2048,262144,graph,17,20.23376
fa,2048,262144,graph,18,20.30774
fa,2048,262144,graph,19,20.39750
fa,2048,262144,graph,20,20.40858
fa,2048,262144,graph,21,20.40589
fa,2048,262144,graph,22,20.29315
fa,2048,262144,graph,23,20.23709
fa,2048,262144,graph,24,20.21306
fa,2048,262144,graph,25,20.21030
fa,2048,262144,graph,26,20.20714
fa,2048,262144,graph,27,20.15834
fa,2048,262144,graph,28,20.32730
fa,2048,262144,graph,29,20.37370
fa,2048,262144,eager,0,20.24413
fa,2048,262144,eager,1,20.22048
fa,2048,262144,eager,2,20.21405
fa,2048,262144,eager,3,20.21734
fa,2048,262144,eager,4,20.20717
fa,2048,262144,eager,5,20.24723
fa,2048,262144,eager,6,20.27587
fa,2048,262144,eager,7,20.28576
fa,2048,262144,eager,8,20.35258
fa,2048,262144,eager,9,20.30774
fa,2048,262144,eager,10,20.41206
fa,2048,262144,eager,11,20.42890
fa,2048,262144,eager,12,20.43107
fa,2048,262144,eager,13,20.43184
fa,2048,262144,eager,14,20.42803
fa,2048,262144,eager,15,20.46253
fa,2048,262144,eager,16,20.46752
fa,2048,262144,eager,17,20.47866
fa,2048,262144,eager,18,20.45962
fa,2048,262144,eager,19,20.47360
fa,2048,262144,eager,20,20.65600
fa,2048,262144,eager,21,20.64765
fa,2048,262144,eager,22,20.65123
fa,2048,262144,eager,23,20.65584
fa,2048,262144,eager,24,20.64518
fa,2048,262144,eager,25,20.69789
fa,2048,262144,eager,26,20.67005
fa,2048,262144,eager,27,20.66099
fa,2048,262144,eager,28,20.58877
fa,2048,262144,eager,29,20.47757
fa,4096,262144,graph,0,41.84976
fa,4096,262144,graph,1,41.85795
fa,4096,262144,graph,2,41.87574
fa,4096,262144,graph,3,42.19184
fa,4096,262144,graph,4,41.99581
fa,4096,262144,graph,5,41.56198
fa,4096,262144,graph,6,41.20489
fa,4096,262144,graph,7,41.22765
fa,4096,262144,graph,8,41.23760
fa,4096,262144,graph,9,41.22202
fa,4096,262144,graph,10,41.34403
fa,4096,262144,graph,11,42.18537
fa,4096,262144,graph,12,41.79718
fa,4096,262144,graph,13,41.73194
fa,4096,262144,graph,14,41.44835
fa,4096,262144,graph,15,41.80803
fa,4096,262144,graph,16,42.02311
fa,4096,262144,graph,17,41.58509
fa,4096,262144,graph,18,41.55289
fa,4096,262144,graph,19,41.78419
fa,4096,262144,graph,20,42.20822
fa,4096,262144,graph,21,42.23299
fa,4096,262144,graph,22,41.90490
fa,4096,262144,graph,23,41.86950
fa,4096,262144,graph,24,42.04662
fa,4096,262144,graph,25,42.15789
fa,4096,262144,graph,26,41.79702
fa,4096,262144,graph,27,42.19606
fa,4096,262144,graph,28,41.98819
fa,4096,262144,graph,29,41.25427
fa,4096,262144,eager,0,40.93232
fa,4096,262144,eager,1,40.84045
fa,4096,262144,eager,2,40.72464
fa,4096,262144,eager,3,40.99523
fa,4096,262144,eager,4,41.01213
fa,4096,262144,eager,5,40.99776
fa,4096,262144,eager,6,41.38231
fa,4096,262144,eager,7,41.36627
fa,4096,262144,eager,8,41.17757
fa,4096,262144,eager,9,40.93840
fa,4096,262144,eager,10,44.43242
fa,4096,262144,eager,11,48.63993
fa,4096,262144,eager,12,46.25347
fa,4096,262144,eager,13,43.40061
fa,4096,262144,eager,14,41.69168
fa,4096,262144,eager,15,40.96979
fa,4096,262144,eager,16,40.73574
fa,4096,262144,eager,17,40.92621
fa,4096,262144,eager,18,40.93872
fa,4096,262144,eager,19,41.15961
fa,4096,262144,eager,20,41.01453
fa,4096,262144,eager,21,40.87305
fa,4096,262144,eager,22,41.26448
fa,4096,262144,eager,23,41.06624
fa,4096,262144,eager,24,40.99334
fa,4096,262144,eager,25,41.38125
fa,4096,262144,eager,26,41.83395
fa,4096,262144,eager,27,41.42653
fa,4096,262144,eager,28,40.96682
fa,4096,262144,eager,29,41.46310
fa,8192,262144,graph,0,83.78605
fa,8192,262144,graph,1,83.51014
fa,8192,262144,graph,2,86.06086
fa,8192,262144,graph,3,84.77764
fa,8192,262144,graph,4,83.89267
fa,8192,262144,graph,5,84.28493
fa,8192,262144,graph,6,85.48055
fa,8192,262144,graph,7,85.09853
fa,8192,262144,graph,8,83.71738
fa,8192,262144,graph,9,84.60061
fa,8192,262144,graph,10,84.60573
fa,8192,262144,graph,11,84.41561
fa,8192,262144,graph,12,84.33469
fa,8192,262144,graph,13,84.27674
fa,8192,262144,graph,14,83.93117
fa,8192,262144,graph,15,84.87113
fa,8192,262144,graph,16,85.17053
fa,8192,262144,graph,17,84.21360
fa,8192,262144,graph,18,84.02825
fa,8192,262144,graph,19,84.14432
fa,8192,262144,graph,20,84.36381
fa,8192,262144,graph,21,85.07318
fa,8192,262144,graph,22,83.48851
fa,8192,262144,graph,23,84.64979
fa,8192,262144,graph,24,84.77831
fa,8192,262144,graph,25,84.36173
fa,8192,262144,graph,26,83.85203
fa,8192,262144,graph,27,84.47946
fa,8192,262144,graph,28,84.88742
fa,8192,262144,graph,29,85.20986
fa,8192,262144,eager,0,90.89175
fa,8192,262144,eager,1,89.16061
fa,8192,262144,eager,2,84.21338
fa,8192,262144,eager,3,83.55062
fa,8192,262144,eager,4,84.95395
fa,8192,262144,eager,5,83.22166
fa,8192,262144,eager,6,83.17081
fa,8192,262144,eager,7,82.67533
fa,8192,262144,eager,8,82.23613
fa,8192,262144,eager,9,82.66422
fa,8192,262144,eager,10,83.03309
fa,8192,262144,eager,11,86.27670
fa,8192,262144,eager,12,87.92752
fa,8192,262144,eager,13,85.50259
fa,8192,262144,eager,14,84.80618
fa,8192,262144,eager,15,84.50198
fa,8192,262144,eager,16,83.87101
fa,8192,262144,eager,17,83.43443
fa,8192,262144,eager,18,83.55766
fa,8192,262144,eager,19,83.28355
fa,8192,262144,eager,20,83.07917
fa,8192,262144,eager,21,83.18768
fa,8192,262144,eager,22,83.55581
fa,8192,262144,eager,23,85.77895
fa,8192,262144,eager,24,85.98093
fa,8192,262144,eager,25,85.14951
fa,8192,262144,eager,26,84.72678
fa,8192,262144,eager,27,84.30301
fa,8192,262144,eager,28,84.21302
fa,8192,262144,eager,29,84.34937
gdn,64,0,graph,0,0.05151
gdn,64,0,graph,1,0.05181
gdn,64,0,graph,2,0.05164
gdn,64,0,graph,3,0.05175
gdn,64,0,graph,4,0.05147
gdn,64,0,graph,5,0.05189
gdn,64,0,graph,6,0.05174
gdn,64,0,graph,7,0.05176
gdn,64,0,graph,8,0.05175
gdn,64,0,graph,9,0.05156
gdn,64,0,graph,10,0.05184
gdn,64,0,graph,11,0.05176
gdn,64,0,graph,12,0.05168
gdn,64,0,graph,13,0.05167
gdn,64,0,graph,14,0.05159
gdn,64,0,graph,15,0.05172
gdn,64,0,graph,16,0.05152
gdn,64,0,graph,17,0.05173
gdn,64,0,graph,18,0.05196
gdn,64,0,graph,19,0.05119
gdn,64,0,graph,20,0.05136
gdn,64,0,graph,21,0.05145
gdn,64,0,graph,22,0.05155
gdn,64,0,graph,23,0.05192
gdn,64,0,graph,24,0.05177
gdn,64,0,graph,25,0.05193
gdn,64,0,graph,26,0.05157
gdn,64,0,graph,27,0.05138
gdn,64,0,graph,28,0.05187
gdn,64,0,graph,29,0.05174
gdn,64,0,eager,0,0.42650
gdn,64,0,eager,1,0.42774
gdn,64,0,eager,2,0.41587
gdn,64,0,eager,3,0.44214
gdn,64,0,eager,4,0.42211
gdn,64,0,eager,5,0.40410
gdn,64,0,eager,6,0.39498
gdn,64,0,eager,7,0.40342
gdn,64,0,eager,8,0.41485
gdn,64,0,eager,9,0.41254
gdn,64,0,eager,10,0.39971
gdn,64,0,eager,11,0.40010
gdn,64,0,eager,12,0.39386
gdn,64,0,eager,13,0.39318
gdn,64,0,eager,14,0.41594
gdn,64,0,eager,15,0.40307
gdn,64,0,eager,16,0.42214
gdn,64,0,eager,17,0.40093
gdn,64,0,eager,18,0.40438
gdn,64,0,eager,19,0.39328
gdn,64,0,eager,20,0.40467
gdn,64,0,eager,21,0.41904
gdn,64,0,eager,22,0.40339
gdn,64,0,eager,23,0.43187
gdn,64,0,eager,24,0.40496
gdn,64,0,eager,25,0.40544
gdn,64,0,eager,26,0.39392
gdn,64,0,eager,27,0.39846
gdn,64,0,eager,28,0.40605
gdn,64,0,eager,29,0.41642
gdn,65,0,graph,0,0.05584
gdn,65,0,graph,1,0.05603
gdn,65,0,graph,2,0.05614
gdn,65,0,graph,3,0.05615
gdn,65,0,graph,4,0.05591
gdn,65,0,graph,5,0.05583
gdn,65,0,graph,6,0.05584
gdn,65,0,graph,7,0.05572
gdn,65,0,graph,8,0.05591
gdn,65,0,graph,9,0.05576
gdn,65,0,graph,10,0.05613
gdn,65,0,graph,11,0.05586
gdn,65,0,graph,12,0.05609
gdn,65,0,graph,13,0.05596
gdn,65,0,graph,14,0.05598
gdn,65,0,graph,15,0.05618
gdn,65,0,graph,16,0.05629
gdn,65,0,graph,17,0.05580
gdn,65,0,graph,18,0.05628
gdn,65,0,graph,19,0.05590
gdn,65,0,graph,20,0.05596
gdn,65,0,graph,21,0.05599
gdn,65,0,graph,22,0.05578
gdn,65,0,graph,23,0.05603
gdn,65,0,graph,24,0.05588
gdn,65,0,graph,25,0.05599
gdn,65,0,graph,26,0.05606
gdn,65,0,graph,27,0.05598
gdn,65,0,graph,28,0.05585
gdn,65,0,graph,29,0.05602
gdn,65,0,eager,0,0.40813
gdn,65,0,eager,1,0.44800
gdn,65,0,eager,2,0.40934
gdn,65,0,eager,3,0.40106
gdn,65,0,eager,4,0.39069
gdn,65,0,eager,5,0.39571
gdn,65,0,eager,6,0.42541
gdn,65,0,eager,7,0.39965
gdn,65,0,eager,8,0.40278
gdn,65,0,eager,9,0.41738
gdn,65,0,eager,10,0.40477
gdn,65,0,eager,11,0.39114
gdn,65,0,eager,12,0.39091
gdn,65,0,eager,13,0.39462
gdn,65,0,eager,14,0.38749
gdn,65,0,eager,15,0.40339
gdn,65,0,eager,16,0.39331
gdn,65,0,eager,17,0.39520
gdn,65,0,eager,18,0.39098
gdn,65,0,eager,19,0.41344
gdn,65,0,eager,20,0.42237
gdn,65,0,eager,21,0.39962
gdn,65,0,eager,22,0.40582
gdn,65,0,eager,23,0.38768
gdn,65,0,eager,24,0.39712
gdn,65,0,eager,25,0.38758
gdn,65,0,eager,26,0.39978
gdn,65,0,eager,27,0.39171
gdn,65,0,eager,28,0.38666
gdn,65,0,eager,29,0.39114
gdn,128,0,graph,0,0.05637
gdn,128,0,graph,1,0.05656
gdn,128,0,graph,2,0.05649
gdn,128,0,graph,3,0.05644
gdn,128,0,graph,4,0.05633
gdn,128,0,graph,5,0.05663
gdn,128,0,graph,6,0.05632
gdn,128,0,graph,7,0.05628
gdn,128,0,graph,8,0.05628
gdn,128,0,graph,9,0.05645
gdn,128,0,graph,10,0.05631
gdn,128,0,graph,11,0.05640
gdn,128,0,graph,12,0.05636
gdn,128,0,graph,13,0.05634
gdn,128,0,graph,14,0.05620
gdn,128,0,graph,15,0.05648
gdn,128,0,graph,16,0.05635
gdn,128,0,graph,17,0.05651
gdn,128,0,graph,18,0.05636
gdn,128,0,graph,19,0.05658
gdn,128,0,graph,20,0.05616
gdn,128,0,graph,21,0.05625
gdn,128,0,graph,22,0.05637
gdn,128,0,graph,23,0.05636
gdn,128,0,graph,24,0.05633
gdn,128,0,graph,25,0.05639
gdn,128,0,graph,26,0.05634
gdn,128,0,graph,27,0.05649
gdn,128,0,graph,28,0.05647
gdn,128,0,graph,29,0.05636
gdn,128,0,eager,0,0.48502
gdn,128,0,eager,1,0.48653
gdn,128,0,eager,2,0.47907
gdn,128,0,eager,3,0.51584
gdn,128,0,eager,4,0.48646
gdn,128,0,eager,5,0.50739
gdn,128,0,eager,6,0.50966
gdn,128,0,eager,7,0.50317
gdn,128,0,eager,8,0.47674
gdn,128,0,eager,9,0.48387
gdn,128,0,eager,10,0.46310
gdn,128,0,eager,11,0.39741
gdn,128,0,eager,12,0.38570
gdn,128,0,eager,13,0.39280
gdn,128,0,eager,14,0.38374
gdn,128,0,eager,15,0.38154
gdn,128,0,eager,16,0.39930
gdn,128,0,eager,17,0.39542
gdn,128,0,eager,18,0.38957
gdn,128,0,eager,19,0.38394
gdn,128,0,eager,20,0.47910
gdn,128,0,eager,21,0.43805
gdn,128,0,eager,22,0.40864
gdn,128,0,eager,23,0.39408
gdn,128,0,eager,24,0.38538
gdn,128,0,eager,25,0.39264
gdn,128,0,eager,26,0.38477
gdn,128,0,eager,27,0.39440
gdn,128,0,eager,28,0.39885
gdn,128,0,eager,29,0.39398
gdn,129,0,graph,0,0.06445
gdn,129,0,graph,1,0.06436
gdn,129,0,graph,2,0.06447
gdn,129,0,graph,3,0.06439
gdn,129,0,graph,4,0.06419
gdn,129,0,graph,5,0.06470
gdn,129,0,graph,6,0.06416
gdn,129,0,graph,7,0.06428
gdn,129,0,graph,8,0.06447
gdn,129,0,graph,9,0.06390
gdn,129,0,graph,10,0.06440
gdn,129,0,graph,11,0.06412
gdn,129,0,graph,12,0.06436
gdn,129,0,graph,13,0.06427
gdn,129,0,graph,14,0.06465
gdn,129,0,graph,15,0.06443
gdn,129,0,graph,16,0.06448
gdn,129,0,graph,17,0.06461
gdn,129,0,graph,18,0.06448
gdn,129,0,graph,19,0.06416
gdn,129,0,graph,20,0.06410
gdn,129,0,graph,21,0.06484
gdn,129,0,graph,22,0.06469
gdn,129,0,graph,23,0.06465
gdn,129,0,graph,24,0.06444
gdn,129,0,graph,25,0.06442
gdn,129,0,graph,26,0.06429
gdn,129,0,graph,27,0.06426
gdn,129,0,graph,28,0.06443
gdn,129,0,graph,29,0.06491
gdn,129,0,eager,0,0.40515
gdn,129,0,eager,1,0.39187
gdn,129,0,eager,2,0.39555
gdn,129,0,eager,3,0.39939
gdn,129,0,eager,4,0.38854
gdn,129,0,eager,5,0.40570
gdn,129,0,eager,6,0.39261
gdn,129,0,eager,7,0.40448
gdn,129,0,eager,8,0.39306
gdn,129,0,eager,9,0.39034
gdn,129,0,eager,10,0.38595
gdn,129,0,eager,11,0.38214
gdn,129,0,eager,12,0.41018
gdn,129,0,eager,13,0.39424
gdn,129,0,eager,14,0.39638
gdn,129,0,eager,15,0.38483
gdn,129,0,eager,16,0.38778
gdn,129,0,eager,17,0.40480
gdn,129,0,eager,18,0.39450
gdn,129,0,eager,19,0.39194
gdn,129,0,eager,20,0.38410
gdn,129,0,eager,21,0.38640
gdn,129,0,eager,22,0.38410
gdn,129,0,eager,23,0.38006
gdn,129,0,eager,24,0.40813
gdn,129,0,eager,25,0.39069
gdn,129,0,eager,26,0.39190
gdn,129,0,eager,27,0.38413
gdn,129,0,eager,28,0.38592
gdn,129,0,eager,29,0.38307
gdn,256,0,graph,0,0.06810
gdn,256,0,graph,1,0.06848
gdn,256,0,graph,2,0.06767
gdn,256,0,graph,3,0.06790
gdn,256,0,graph,4,0.06805
gdn,256,0,graph,5,0.06835
gdn,256,0,graph,6,0.06817
gdn,256,0,graph,7,0.06739
gdn,256,0,graph,8,0.06741
gdn,256,0,graph,9,0.06791
gdn,256,0,graph,10,0.06799
gdn,256,0,graph,11,0.06810
gdn,256,0,graph,12,0.06744
gdn,256,0,graph,13,0.06836
gdn,256,0,graph,14,0.06766
gdn,256,0,graph,15,0.06817
gdn,256,0,graph,16,0.06816
gdn,256,0,graph,17,0.06784
gdn,256,0,graph,18,0.06808
gdn,256,0,graph,19,0.06790
gdn,256,0,graph,20,0.06811
gdn,256,0,graph,21,0.06809
gdn,256,0,graph,22,0.06811
gdn,256,0,graph,23,0.06811
gdn,256,0,graph,24,0.06819
gdn,256,0,graph,25,0.06808
gdn,256,0,graph,26,0.06807
gdn,256,0,graph,27,0.06779
gdn,256,0,graph,28,0.06775
gdn,256,0,graph,29,0.06795
gdn,256,0,eager,0,0.40563
gdn,256,0,eager,1,0.40557
gdn,256,0,eager,2,0.39184
gdn,256,0,eager,3,0.42042
gdn,256,0,eager,4,0.40579
gdn,256,0,eager,5,0.39971
gdn,256,0,eager,6,0.38931
gdn,256,0,eager,7,0.46266
gdn,256,0,eager,8,0.45424
gdn,256,0,eager,9,0.42250
gdn,256,0,eager,10,0.40496
gdn,256,0,eager,11,0.39501
gdn,256,0,eager,12,0.41139
gdn,256,0,eager,13,0.39974
gdn,256,0,eager,14,0.39974
gdn,256,0,eager,15,0.38848
gdn,256,0,eager,16,0.40042
gdn,256,0,eager,17,0.41024
gdn,256,0,eager,18,0.39869
gdn,256,0,eager,19,0.39699
gdn,256,0,eager,20,0.38848
gdn,256,0,eager,21,0.39325
gdn,256,0,eager,22,0.38749
gdn,256,0,eager,23,0.41235
gdn,256,0,eager,24,0.39984
gdn,256,0,eager,25,0.39091
gdn,256,0,eager,26,0.39750
gdn,256,0,eager,27,0.38554
gdn,256,0,eager,28,0.39190
gdn,256,0,eager,29,0.39062
gdn,512,0,graph,0,0.09715
gdn,512,0,graph,1,0.09800
gdn,512,0,graph,2,0.09702
gdn,512,0,graph,3,0.09757
gdn,512,0,graph,4,0.09758
gdn,512,0,graph,5,0.09771
gdn,512,0,graph,6,0.09730
gdn,512,0,graph,7,0.09722
gdn,512,0,graph,8,0.09729
gdn,512,0,graph,9,0.09719
gdn,512,0,graph,10,0.09794
gdn,512,0,graph,11,0.09745
gdn,512,0,graph,12,0.09792
gdn,512,0,graph,13,0.09730
gdn,512,0,graph,14,0.09753
gdn,512,0,graph,15,0.09785
gdn,512,0,graph,16,0.09719
gdn,512,0,graph,17,0.09712
gdn,512,0,graph,18,0.09769
gdn,512,0,graph,19,0.09783
gdn,512,0,graph,20,0.09761
gdn,512,0,graph,21,0.09754
gdn,512,0,graph,22,0.09774
gdn,512,0,graph,23,0.09741
gdn,512,0,graph,24,0.09783
gdn,512,0,graph,25,0.09745
gdn,512,0,graph,26,0.09732
gdn,512,0,graph,27,0.09776
gdn,512,0,graph,28,0.09799
gdn,512,0,graph,29,0.09759
gdn,512,0,eager,0,0.42656
gdn,512,0,eager,1,0.42851
gdn,512,0,eager,2,0.41402
gdn,512,0,eager,3,0.39674
gdn,512,0,eager,4,0.39510
gdn,512,0,eager,5,0.38778
gdn,512,0,eager,6,0.39475
gdn,512,0,eager,7,0.41296
gdn,512,0,eager,8,0.39379
gdn,512,0,eager,9,0.40218
gdn,512,0,eager,10,0.38662
gdn,512,0,eager,11,0.41594
gdn,512,0,eager,12,0.39146
gdn,512,0,eager,13,0.38995
gdn,512,0,eager,14,0.38918
gdn,512,0,eager,15,0.40688
gdn,512,0,eager,16,0.38912
gdn,512,0,eager,17,0.38406
gdn,512,0,eager,18,0.39037
gdn,512,0,eager,19,0.38426
gdn,512,0,eager,20,0.39258
gdn,512,0,eager,21,0.40406
gdn,512,0,eager,22,0.38848
gdn,512,0,eager,23,0.39043
gdn,512,0,eager,24,0.38166
gdn,512,0,eager,25,0.40813
gdn,512,0,eager,26,0.40314
gdn,512,0,eager,27,0.39971
gdn,512,0,eager,28,0.38682
gdn,512,0,eager,29,0.38250
gdn,1024,0,graph,0,0.09970
gdn,1024,0,graph,1,0.09943
gdn,1024,0,graph,2,0.09977
gdn,1024,0,graph,3,0.09967
gdn,1024,0,graph,4,0.09960
gdn,1024,0,graph,5,0.09911
gdn,1024,0,graph,6,0.09948
gdn,1024,0,graph,7,0.09900
gdn,1024,0,graph,8,0.09966
gdn,1024,0,graph,9,0.09964
gdn,1024,0,graph,10,0.09944
gdn,1024,0,graph,11,0.09928
gdn,1024,0,graph,12,0.09969
gdn,1024,0,graph,13,0.09946
gdn,1024,0,graph,14,0.09930
gdn,1024,0,graph,15,0.09961
gdn,1024,0,graph,16,0.09938
gdn,1024,0,graph,17,0.09947
gdn,1024,0,graph,18,0.09939
gdn,1024,0,graph,19,0.09933
gdn,1024,0,graph,20,0.09942
gdn,1024,0,graph,21,0.09975
gdn,1024,0,graph,22,0.09950
gdn,1024,0,graph,23,0.09931
gdn,1024,0,graph,24,0.09950
gdn,1024,0,graph,25,0.09957
gdn,1024,0,graph,26,0.09940
gdn,1024,0,graph,27,0.09975
gdn,1024,0,graph,28,0.09979
gdn,1024,0,graph,29,0.09961
gdn,1024,0,eager,0,0.39472
gdn,1024,0,eager,1,0.44086
gdn,1024,0,eager,2,0.41043
gdn,1024,0,eager,3,0.40330
gdn,1024,0,eager,4,0.39206
gdn,1024,0,eager,5,0.39350
gdn,1024,0,eager,6,0.45603
gdn,1024,0,eager,7,0.39978
gdn,1024,0,eager,8,0.42371
gdn,1024,0,eager,9,0.38957
gdn,1024,0,eager,10,0.41187
gdn,1024,0,eager,11,0.41651
gdn,1024,0,eager,12,0.40112
gdn,1024,0,eager,13,0.38893
gdn,1024,0,eager,14,0.38912
gdn,1024,0,eager,15,0.39283
gdn,1024,0,eager,16,0.40429
gdn,1024,0,eager,17,0.40112
gdn,1024,0,eager,18,0.39264
gdn,1024,0,eager,19,0.39626
gdn,1024,0,eager,20,0.38928
gdn,1024,0,eager,21,0.38688
gdn,1024,0,eager,22,0.41389
gdn,1024,0,eager,23,0.39827
gdn,1024,0,eager,24,0.39619
gdn,1024,0,eager,25,0.38662
gdn,1024,0,eager,26,0.38109
gdn,1024,0,eager,27,0.38810
gdn,1024,0,eager,28,0.38538
gdn,1024,0,eager,29,0.38835
gdn,2048,0,graph,0,0.14144
gdn,2048,0,graph,1,0.14142
gdn,2048,0,graph,2,0.14135
gdn,2048,0,graph,3,0.14059
gdn,2048,0,graph,4,0.14103
gdn,2048,0,graph,5,0.14164
gdn,2048,0,graph,6,0.14183
gdn,2048,0,graph,7,0.14093
gdn,2048,0,graph,8,0.14148
gdn,2048,0,graph,9,0.14158
gdn,2048,0,graph,10,0.14170
gdn,2048,0,graph,11,0.14149
gdn,2048,0,graph,12,0.14079
gdn,2048,0,graph,13,0.14115
gdn,2048,0,graph,14,0.14163
gdn,2048,0,graph,15,0.14193
gdn,2048,0,graph,16,0.14099
gdn,2048,0,graph,17,0.14175
gdn,2048,0,graph,18,0.14126
gdn,2048,0,graph,19,0.14135
gdn,2048,0,graph,20,0.14102
gdn,2048,0,graph,21,0.14108
gdn,2048,0,graph,22,0.14084
gdn,2048,0,graph,23,0.14088
gdn,2048,0,graph,24,0.14176
gdn,2048,0,graph,25,0.14156
gdn,2048,0,graph,26,0.14121
gdn,2048,0,graph,27,0.14097
gdn,2048,0,graph,28,0.14184
gdn,2048,0,graph,29,0.14122
gdn,2048,0,eager,0,0.52141
gdn,2048,0,eager,1,0.49315
gdn,2048,0,eager,2,0.43754
gdn,2048,0,eager,3,0.41459
gdn,2048,0,eager,4,0.41488
gdn,2048,0,eager,5,0.42288
gdn,2048,0,eager,6,0.42826
gdn,2048,0,eager,7,0.41325
gdn,2048,0,eager,8,0.40378
gdn,2048,0,eager,9,0.42301
gdn,2048,0,eager,10,0.42074
gdn,2048,0,eager,11,0.41254
gdn,2048,0,eager,12,0.40570
gdn,2048,0,eager,13,0.41059
gdn,2048,0,eager,14,0.47658
gdn,2048,0,eager,15,0.44333
gdn,2048,0,eager,16,0.41315
gdn,2048,0,eager,17,0.40742
gdn,2048,0,eager,18,0.41229
gdn,2048,0,eager,19,0.40282
gdn,2048,0,eager,20,0.41955
gdn,2048,0,eager,21,0.41622
gdn,2048,0,eager,22,0.43363
gdn,2048,0,eager,23,0.41072
gdn,2048,0,eager,24,0.43360
gdn,2048,0,eager,25,0.42448
gdn,2048,0,eager,26,0.41312
gdn,2048,0,eager,27,0.41734
gdn,2048,0,eager,28,0.43683
gdn,2048,0,eager,29,0.44371
gdn,4096,0,graph,0,0.22594
gdn,4096,0,graph,1,0.22729
gdn,4096,0,graph,2,0.22647
gdn,4096,0,graph,3,0.22565
gdn,4096,0,graph,4,0.22664
gdn,4096,0,graph,5,0.22539
gdn,4096,0,graph,6,0.22656
gdn,4096,0,graph,7,0.22640
gdn,4096,0,graph,8,0.22585
gdn,4096,0,graph,9,0.22691
gdn,4096,0,graph,10,0.22580
gdn,4096,0,graph,11,0.22559
gdn,4096,0,graph,12,0.22648
gdn,4096,0,graph,13,0.22515
gdn,4096,0,graph,14,0.22632
gdn,4096,0,graph,15,0.22600
gdn,4096,0,graph,16,0.22568
gdn,4096,0,graph,17,0.22692
gdn,4096,0,graph,18,0.22620
gdn,4096,0,graph,19,0.22679
gdn,4096,0,graph,20,0.22731
gdn,4096,0,graph,21,0.22547
gdn,4096,0,graph,22,0.22617
gdn,4096,0,graph,23,0.22651
gdn,4096,0,graph,24,0.22599
gdn,4096,0,graph,25,0.22705
gdn,4096,0,graph,26,0.22541
gdn,4096,0,graph,27,0.22503
gdn,4096,0,graph,28,0.22546
gdn,4096,0,graph,29,0.22536
gdn,4096,0,eager,0,0.46704
gdn,4096,0,eager,1,0.49507
gdn,4096,0,eager,2,0.47578
gdn,4096,0,eager,3,0.46650
gdn,4096,0,eager,4,0.46515
gdn,4096,0,eager,5,0.47629
gdn,4096,0,eager,6,0.48477
gdn,4096,0,eager,7,0.47693
gdn,4096,0,eager,8,0.46330
gdn,4096,0,eager,9,0.47430
gdn,4096,0,eager,10,0.46906
gdn,4096,0,eager,11,0.46467
gdn,4096,0,eager,12,0.46355
gdn,4096,0,eager,13,0.45709
gdn,4096,0,eager,14,0.46042
gdn,4096,0,eager,15,0.46054
gdn,4096,0,eager,16,0.47888
gdn,4096,0,eager,17,0.47190
gdn,4096,0,eager,18,0.46515
gdn,4096,0,eager,19,0.46141
gdn,4096,0,eager,20,0.46448
gdn,4096,0,eager,21,0.46077
gdn,4096,0,eager,22,0.51203
gdn,4096,0,eager,23,0.49453
gdn,4096,0,eager,24,0.47389
gdn,4096,0,eager,25,0.46886
gdn,4096,0,eager,26,0.46371
gdn,4096,0,eager,27,0.46445
gdn,4096,0,eager,28,0.48266
gdn,4096,0,eager,29,0.46698
gdn,8192,0,graph,0,0.39624
gdn,8192,0,graph,1,0.39729
gdn,8192,0,graph,2,0.39595
gdn,8192,0,graph,3,0.39744
gdn,8192,0,graph,4,0.39775
gdn,8192,0,graph,5,0.39705
gdn,8192,0,graph,6,0.39723
gdn,8192,0,graph,7,0.39670
gdn,8192,0,graph,8,0.39634
gdn,8192,0,graph,9,0.39717
gdn,8192,0,graph,10,0.39590
gdn,8192,0,graph,11,0.39805
gdn,8192,0,graph,12,0.39643
gdn,8192,0,graph,13,0.39803
gdn,8192,0,graph,14,0.39642
gdn,8192,0,graph,15,0.39710
gdn,8192,0,graph,16,0.39778
gdn,8192,0,graph,17,0.39659
gdn,8192,0,graph,18,0.39658
gdn,8192,0,graph,19,0.39656
gdn,8192,0,graph,20,0.39606
gdn,8192,0,graph,21,0.39610
gdn,8192,0,graph,22,0.39579
gdn,8192,0,graph,23,0.39682
gdn,8192,0,graph,24,0.39522
gdn,8192,0,graph,25,0.39575
gdn,8192,0,graph,26,0.39729
gdn,8192,0,graph,27,0.39655
gdn,8192,0,graph,28,0.39808
gdn,8192,0,graph,29,0.39706
gdn,8192,0,eager,0,0.64669
gdn,8192,0,eager,1,0.63674
gdn,8192,0,eager,2,0.62019
gdn,8192,0,eager,3,0.60518
gdn,8192,0,eager,4,0.62701
gdn,8192,0,eager,5,0.61773
gdn,8192,0,eager,6,0.60781
gdn,8192,0,eager,7,0.61101
gdn,8192,0,eager,8,0.61760
gdn,8192,0,eager,9,0.61309
gdn,8192,0,eager,10,0.61270
gdn,8192,0,eager,11,0.59776
gdn,8192,0,eager,12,0.60410
gdn,8192,0,eager,13,0.60339
gdn,8192,0,eager,14,0.61469
gdn,8192,0,eager,15,0.60842
gdn,8192,0,eager,16,0.60314
gdn,8192,0,eager,17,0.60381
gdn,8192,0,eager,18,0.61162
gdn,8192,0,eager,19,0.60538
gdn,8192,0,eager,20,0.60051
gdn,8192,0,eager,21,0.60582
gdn,8192,0,eager,22,0.60490
gdn,8192,0,eager,23,0.60525
gdn,8192,0,eager,24,0.60650
gdn,8192,0,eager,25,0.60061
gdn,8192,0,eager,26,0.59882
gdn,8192,0,eager,27,0.59686
gdn,8192,0,eager,28,0.61315
gdn,8192,0,eager,29,0.61414
gdn,64,4096,graph,0,0.05227
gdn,64,4096,graph,1,0.05253
gdn,64,4096,graph,2,0.05243
gdn,64,4096,graph,3,0.05261
gdn,64,4096,graph,4,0.05275
gdn,64,4096,graph,5,0.05240
gdn,64,4096,graph,6,0.05254
gdn,64,4096,graph,7,0.05251
gdn,64,4096,graph,8,0.05240
gdn,64,4096,graph,9,0.05237
gdn,64,4096,graph,10,0.05242
gdn,64,4096,graph,11,0.05270
gdn,64,4096,graph,12,0.05243
gdn,64,4096,graph,13,0.05248
gdn,64,4096,graph,14,0.05224
gdn,64,4096,graph,15,0.05256
gdn,64,4096,graph,16,0.05263
gdn,64,4096,graph,17,0.05215
gdn,64,4096,graph,18,0.05243
gdn,64,4096,graph,19,0.05251
gdn,64,4096,graph,20,0.05234
gdn,64,4096,graph,21,0.05229
gdn,64,4096,graph,22,0.05228
gdn,64,4096,graph,23,0.05254
gdn,64,4096,graph,24,0.05239
gdn,64,4096,graph,25,0.05260
gdn,64,4096,graph,26,0.05265
gdn,64,4096,graph,27,0.05248
gdn,64,4096,graph,28,0.05251
gdn,64,4096,graph,29,0.05238
gdn,64,4096,eager,0,0.40410
gdn,64,4096,eager,1,0.38950
gdn,64,4096,eager,2,0.39270
gdn,64,4096,eager,3,0.38618
gdn,64,4096,eager,4,0.40115
gdn,64,4096,eager,5,0.40202
gdn,64,4096,eager,6,0.38714
gdn,64,4096,eager,7,0.39056
gdn,64,4096,eager,8,0.38525
gdn,64,4096,eager,9,0.39053
gdn,64,4096,eager,10,0.40877
gdn,64,4096,eager,11,0.39098
gdn,64,4096,eager,12,0.39158
gdn,64,4096,eager,13,0.38435
gdn,64,4096,eager,14,0.43494
gdn,64,4096,eager,15,0.42646
gdn,64,4096,eager,16,0.43181
gdn,64,4096,eager,17,0.39360
gdn,64,4096,eager,18,0.38547
gdn,64,4096,eager,19,0.42410
gdn,64,4096,eager,20,0.39981
gdn,64,4096,eager,21,0.39696
gdn,64,4096,eager,22,0.38202
gdn,64,4096,eager,23,0.39238
gdn,64,4096,eager,24,0.38288
gdn,64,4096,eager,25,0.39018
gdn,64,4096,eager,26,0.40006
gdn,64,4096,eager,27,0.39066
gdn,64,4096,eager,28,0.39190
gdn,64,4096,eager,29,0.38397
gdn,65,4096,graph,0,0.05651
gdn,65,4096,graph,1,0.05621
gdn,65,4096,graph,2,0.05623
gdn,65,4096,graph,3,0.05611
gdn,65,4096,graph,4,0.05619
gdn,65,4096,graph,5,0.05661
gdn,65,4096,graph,6,0.05659
gdn,65,4096,graph,7,0.05620
gdn,65,4096,graph,8,0.05612
gdn,65,4096,graph,9,0.05619
gdn,65,4096,graph,10,0.05651
gdn,65,4096,graph,11,0.05635
gdn,65,4096,graph,12,0.05651
gdn,65,4096,graph,13,0.05674
gdn,65,4096,graph,14,0.05614
gdn,65,4096,graph,15,0.05641
gdn,65,4096,graph,16,0.05639
gdn,65,4096,graph,17,0.05609
gdn,65,4096,graph,18,0.05616
gdn,65,4096,graph,19,0.05615
gdn,65,4096,graph,20,0.05637
gdn,65,4096,graph,21,0.05664
gdn,65,4096,graph,22,0.05626
gdn,65,4096,graph,23,0.05659
gdn,65,4096,graph,24,0.05644
gdn,65,4096,graph,25,0.05630
gdn,65,4096,graph,26,0.05623
gdn,65,4096,graph,27,0.05617
gdn,65,4096,graph,28,0.05653
gdn,65,4096,graph,29,0.05669
gdn,65,4096,eager,0,0.41014
gdn,65,4096,eager,1,0.43014
gdn,65,4096,eager,2,0.41430
gdn,65,4096,eager,3,0.39507
gdn,65,4096,eager,4,0.38634
gdn,65,4096,eager,5,0.39827
gdn,65,4096,eager,6,0.38733
gdn,65,4096,eager,7,0.48090
gdn,65,4096,eager,8,0.43002
gdn,65,4096,eager,9,0.40848
gdn,65,4096,eager,10,0.39370
gdn,65,4096,eager,11,0.39293
gdn,65,4096,eager,12,0.38611
gdn,65,4096,eager,13,0.39597
gdn,65,4096,eager,14,0.39690
gdn,65,4096,eager,15,0.39165
gdn,65,4096,eager,16,0.39040
gdn,65,4096,eager,17,0.38653
gdn,65,4096,eager,18,0.38701
gdn,65,4096,eager,19,0.39101
gdn,65,4096,eager,20,0.38819
gdn,65,4096,eager,21,0.38976
gdn,65,4096,eager,22,0.38211
gdn,65,4096,eager,23,0.38666
gdn,65,4096,eager,24,0.38301
gdn,65,4096,eager,25,0.38800
gdn,65,4096,eager,26,0.41098
gdn,65,4096,eager,27,0.39104
gdn,65,4096,eager,28,0.39466
gdn,65,4096,eager,29,0.38275
gdn,128,4096,graph,0,0.05784
gdn,128,4096,graph,1,0.05790
gdn,128,4096,graph,2,0.05772
gdn,128,4096,graph,3,0.05787
gdn,128,4096,graph,4,0.05789
gdn,128,4096,graph,5,0.05781
gdn,128,4096,graph,6,0.05760
gdn,128,4096,graph,7,0.05772
gdn,128,4096,graph,8,0.05741
gdn,128,4096,graph,9,0.05765
gdn,128,4096,graph,10,0.05796
gdn,128,4096,graph,11,0.05769
gdn,128,4096,graph,12,0.05759
gdn,128,4096,graph,13,0.05762
gdn,128,4096,graph,14,0.05775
gdn,128,4096,graph,15,0.05748
gdn,128,4096,graph,16,0.05771
gdn,128,4096,graph,17,0.05773
gdn,128,4096,graph,18,0.05768
gdn,128,4096,graph,19,0.05765
gdn,128,4096,graph,20,0.05760
gdn,128,4096,graph,21,0.05761
gdn,128,4096,graph,22,0.05777
gdn,128,4096,graph,23,0.05775
gdn,128,4096,graph,24,0.05757
gdn,128,4096,graph,25,0.05757
gdn,128,4096,graph,26,0.05754
gdn,128,4096,graph,27,0.05786
gdn,128,4096,graph,28,0.05751
gdn,128,4096,graph,29,0.05765
gdn,128,4096,eager,0,0.40730
gdn,128,4096,eager,1,0.42682
gdn,128,4096,eager,2,0.41190
gdn,128,4096,eager,3,0.39485
gdn,128,4096,eager,4,0.39856
gdn,128,4096,eager,5,0.41357
gdn,128,4096,eager,6,0.40768
gdn,128,4096,eager,7,0.39190
gdn,128,4096,eager,8,0.38992
gdn,128,4096,eager,9,0.39414
gdn,128,4096,eager,10,0.39328
gdn,128,4096,eager,11,0.41338
gdn,128,4096,eager,12,0.39306
gdn,128,4096,eager,13,0.48006
gdn,128,4096,eager,14,0.44400
gdn,128,4096,eager,15,0.41402
gdn,128,4096,eager,16,0.39840
gdn,128,4096,eager,17,0.39651
gdn,128,4096,eager,18,0.39309
gdn,128,4096,eager,19,0.40995
gdn,128,4096,eager,20,0.40461
gdn,128,4096,eager,21,0.38851
gdn,128,4096,eager,22,0.39312
gdn,128,4096,eager,23,0.38643
gdn,128,4096,eager,24,0.40803
gdn,128,4096,eager,25,0.39482
gdn,128,4096,eager,26,0.39098
gdn,128,4096,eager,27,0.39213
gdn,128,4096,eager,28,0.38467
gdn,128,4096,eager,29,0.38790
gdn,129,4096,graph,0,0.06490
gdn,129,4096,graph,1,0.06493
gdn,129,4096,graph,2,0.06508
gdn,129,4096,graph,3,0.06516
gdn,129,4096,graph,4,0.06479
gdn,129,4096,graph,5,0.06499
gdn,129,4096,graph,6,0.06502
gdn,129,4096,graph,7,0.06507
gdn,129,4096,graph,8,0.06508
gdn,129,4096,graph,9,0.06473
gdn,129,4096,graph,10,0.06496
gdn,129,4096,graph,11,0.06475
gdn,129,4096,graph,12,0.06508
gdn,129,4096,graph,13,0.06510
gdn,129,4096,graph,14,0.06497
gdn,129,4096,graph,15,0.06469
gdn,129,4096,graph,16,0.06516
gdn,129,4096,graph,17,0.06482
gdn,129,4096,graph,18,0.06471
gdn,129,4096,graph,19,0.06492
gdn,129,4096,graph,20,0.06493
gdn,129,4096,graph,21,0.06517
gdn,129,4096,graph,22,0.06475
gdn,129,4096,graph,23,0.06486
gdn,129,4096,graph,24,0.06482
gdn,129,4096,graph,25,0.06451
gdn,129,4096,graph,26,0.06481
gdn,129,4096,graph,27,0.06500
gdn,129,4096,graph,28,0.06498
gdn,129,4096,graph,29,0.06470
gdn,129,4096,eager,0,1.06365
gdn,129,4096,eager,1,1.04230
gdn,129,4096,eager,2,0.54586
gdn,129,4096,eager,3,0.38954
gdn,129,4096,eager,4,0.40778
gdn,129,4096,eager,5,0.41072
gdn,129,4096,eager,6,0.40064
gdn,129,4096,eager,7,0.38982
gdn,129,4096,eager,8,0.40448
gdn,129,4096,eager,9,0.39910
gdn,129,4096,eager,10,0.39402
gdn,129,4096,eager,11,0.38621
gdn,129,4096,eager,12,0.38426
gdn,129,4096,eager,13,0.39094
gdn,129,4096,eager,14,0.38451
gdn,129,4096,eager,15,0.39082
gdn,129,4096,eager,16,0.38682
gdn,129,4096,eager,17,0.40163
gdn,129,4096,eager,18,0.39504
gdn,129,4096,eager,19,0.38608
gdn,129,4096,eager,20,0.39376
gdn,129,4096,eager,21,0.38346
gdn,129,4096,eager,22,0.39158
gdn,129,4096,eager,23,0.40282
gdn,129,4096,eager,24,0.39258
gdn,129,4096,eager,25,0.39088
gdn,129,4096,eager,26,0.38061
gdn,129,4096,eager,27,0.39478
gdn,129,4096,eager,28,0.39936
gdn,129,4096,eager,29,0.39840
gdn,256,4096,graph,0,0.06843
gdn,256,4096,graph,1,0.06826
gdn,256,4096,graph,2,0.06853
gdn,256,4096,graph,3,0.06842
gdn,256,4096,graph,4,0.06804
gdn,256,4096,graph,5,0.06827
gdn,256,4096,graph,6,0.06809
gdn,256,4096,graph,7,0.06815
gdn,256,4096,graph,8,0.06792
gdn,256,4096,graph,9,0.06826
gdn,256,4096,graph,10,0.06825
gdn,256,4096,graph,11,0.06802
gdn,256,4096,graph,12,0.06820
gdn,256,4096,graph,13,0.06804
gdn,256,4096,graph,14,0.06813
gdn,256,4096,graph,15,0.06832
gdn,256,4096,graph,16,0.06821
gdn,256,4096,graph,17,0.06826
gdn,256,4096,graph,18,0.06843
gdn,256,4096,graph,19,0.06853
gdn,256,4096,graph,20,0.06886
gdn,256,4096,graph,21,0.06791
gdn,256,4096,graph,22,0.06792
gdn,256,4096,graph,23,0.06811
gdn,256,4096,graph,24,0.06789
gdn,256,4096,graph,25,0.06824
gdn,256,4096,graph,26,0.06808
gdn,256,4096,graph,27,0.06804
gdn,256,4096,graph,28,0.06821
gdn,256,4096,graph,29,0.06851
gdn,256,4096,eager,0,0.39498
gdn,256,4096,eager,1,0.42893
gdn,256,4096,eager,2,0.42838
gdn,256,4096,eager,3,0.43520
gdn,256,4096,eager,4,0.39885
gdn,256,4096,eager,5,0.39043
gdn,256,4096,eager,6,0.44294
gdn,256,4096,eager,7,0.41130
gdn,256,4096,eager,8,0.40019
gdn,256,4096,eager,9,0.38973
gdn,256,4096,eager,10,0.38976
gdn,256,4096,eager,11,0.38496
gdn,256,4096,eager,12,0.38803
gdn,256,4096,eager,13,0.41699
gdn,256,4096,eager,14,0.39024
gdn,256,4096,eager,15,0.39194
gdn,256,4096,eager,16,0.39779
gdn,256,4096,eager,17,0.39488
gdn,256,4096,eager,18,0.38816
gdn,256,4096,eager,19,0.38541
gdn,256,4096,eager,20,0.41142
gdn,256,4096,eager,21,0.38835
gdn,256,4096,eager,22,0.41408
gdn,256,4096,eager,23,0.39283
gdn,256,4096,eager,24,0.39242
gdn,256,4096,eager,25,0.38867
gdn,256,4096,eager,26,0.38224
gdn,256,4096,eager,27,0.38858
gdn,256,4096,eager,28,0.39226
gdn,256,4096,eager,29,0.41027
gdn,512,4096,graph,0,0.09780
gdn,512,4096,graph,1,0.09757
gdn,512,4096,graph,2,0.09749
gdn,512,4096,graph,3,0.09757
gdn,512,4096,graph,4,0.09832
gdn,512,4096,graph,5,0.09782
gdn,512,4096,graph,6,0.09740
gdn,512,4096,graph,7,0.09778
gdn,512,4096,graph,8,0.09766
gdn,512,4096,graph,9,0.09781
gdn,512,4096,graph,10,0.09772
gdn,512,4096,graph,11,0.09814
gdn,512,4096,graph,12,0.09767
gdn,512,4096,graph,13,0.09776
gdn,512,4096,graph,14,0.09740
gdn,512,4096,graph,15,0.09777
gdn,512,4096,graph,16,0.09767
gdn,512,4096,graph,17,0.09776
gdn,512,4096,graph,18,0.09788
gdn,512,4096,graph,19,0.09796
gdn,512,4096,graph,20,0.09779
gdn,512,4096,graph,21,0.09817
gdn,512,4096,graph,22,0.09747
gdn,512,4096,graph,23,0.09804
gdn,512,4096,graph,24,0.09817
gdn,512,4096,graph,25,0.09832
gdn,512,4096,graph,26,0.09797
gdn,512,4096,graph,27,0.09814
gdn,512,4096,graph,28,0.09754
gdn,512,4096,graph,29,0.09795
gdn,512,4096,eager,0,0.42237
gdn,512,4096,eager,1,0.40378
gdn,512,4096,eager,2,0.39962
gdn,512,4096,eager,3,0.39648
gdn,512,4096,eager,4,0.41386
gdn,512,4096,eager,5,0.39811
gdn,512,4096,eager,6,0.39421
gdn,512,4096,eager,7,0.38938
gdn,512,4096,eager,8,0.38269
gdn,512,4096,eager,9,0.41043
gdn,512,4096,eager,10,0.40294
gdn,512,4096,eager,11,0.47382
gdn,512,4096,eager,12,0.40029
gdn,512,4096,eager,13,0.39424
gdn,512,4096,eager,14,0.39658
gdn,512,4096,eager,15,0.39446
gdn,512,4096,eager,16,0.38730
gdn,512,4096,eager,17,0.38624
gdn,512,4096,eager,18,0.39194
gdn,512,4096,eager,19,0.38170
gdn,512,4096,eager,20,0.39805
gdn,512,4096,eager,21,0.39318
gdn,512,4096,eager,22,0.38512
gdn,512,4096,eager,23,0.38198
gdn,512,4096,eager,24,0.38294
gdn,512,4096,eager,25,0.38963
gdn,512,4096,eager,26,0.38221
gdn,512,4096,eager,27,0.40730
gdn,512,4096,eager,28,0.39168
gdn,512,4096,eager,29,0.38323
gdn,1024,4096,graph,0,0.09943
gdn,1024,4096,graph,1,0.09932
gdn,1024,4096,graph,2,0.09967
gdn,1024,4096,graph,3,0.09940
gdn,1024,4096,graph,4,0.09952
gdn,1024,4096,graph,5,0.09934
gdn,1024,4096,graph,6,0.09942
gdn,1024,4096,graph,7,0.09928
gdn,1024,4096,graph,8,0.09939
gdn,1024,4096,graph,9,0.09903
gdn,1024,4096,graph,10,0.09921
gdn,1024,4096,graph,11,0.09987
gdn,1024,4096,graph,12,0.09950
gdn,1024,4096,graph,13,0.09937
gdn,1024,4096,graph,14,0.09916
gdn,1024,4096,graph,15,0.09940
gdn,1024,4096,graph,16,0.09963
gdn,1024,4096,graph,17,0.09955
gdn,1024,4096,graph,18,0.09941
gdn,1024,4096,graph,19,0.09927
gdn,1024,4096,graph,20,0.09973
gdn,1024,4096,graph,21,0.09940
gdn,1024,4096,graph,22,0.09942
gdn,1024,4096,graph,23,0.09926
gdn,1024,4096,graph,24,0.09970
gdn,1024,4096,graph,25,0.09916
gdn,1024,4096,graph,26,0.09989
gdn,1024,4096,graph,27,0.09927
gdn,1024,4096,graph,28,0.09932
gdn,1024,4096,graph,29,0.09984
gdn,1024,4096,eager,0,0.40413
gdn,1024,4096,eager,1,0.39962
gdn,1024,4096,eager,2,0.42733
gdn,1024,4096,eager,3,0.40806
gdn,1024,4096,eager,4,0.40608
gdn,1024,4096,eager,5,0.39760
gdn,1024,4096,eager,6,0.39702
gdn,1024,4096,eager,7,0.41274
gdn,1024,4096,eager,8,0.40509
gdn,1024,4096,eager,9,0.39763
gdn,1024,4096,eager,10,0.39046
gdn,1024,4096,eager,11,0.39296
gdn,1024,4096,eager,12,0.40669
gdn,1024,4096,eager,13,0.49424
gdn,1024,4096,eager,14,0.39693
gdn,1024,4096,eager,15,0.39677
gdn,1024,4096,eager,16,0.41133
gdn,1024,4096,eager,17,0.40470
gdn,1024,4096,eager,18,0.39210
gdn,1024,4096,eager,19,0.38906
gdn,1024,4096,eager,20,0.38733
gdn,1024,4096,eager,21,0.39366
gdn,1024,4096,eager,22,0.41379
gdn,1024,4096,eager,23,0.39226
gdn,1024,4096,eager,24,0.39686
gdn,1024,4096,eager,25,0.38973
gdn,1024,4096,eager,26,0.38445
gdn,1024,4096,eager,27,0.40995
gdn,1024,4096,eager,28,0.39715
gdn,1024,4096,eager,29,0.39830
gdn,2048,4096,graph,0,0.14105
gdn,2048,4096,graph,1,0.14141
gdn,2048,4096,graph,2,0.14103
gdn,2048,4096,graph,3,0.14113
gdn,2048,4096,graph,4,0.14177
gdn,2048,4096,graph,5,0.14088
gdn,2048,4096,graph,6,0.14113
gdn,2048,4096,graph,7,0.14069
gdn,2048,4096,graph,8,0.14091
gdn,2048,4096,graph,9,0.14122
gdn,2048,4096,graph,10,0.14115
gdn,2048,4096,graph,11,0.14083
gdn,2048,4096,graph,12,0.14089
gdn,2048,4096,graph,13,0.14169
gdn,2048,4096,graph,14,0.14134
gdn,2048,4096,graph,15,0.14131
gdn,2048,4096,graph,16,0.14182
gdn,2048,4096,graph,17,0.14109
gdn,2048,4096,graph,18,0.14094
gdn,2048,4096,graph,19,0.14136
gdn,2048,4096,graph,20,0.14060
gdn,2048,4096,graph,21,0.14103
gdn,2048,4096,graph,22,0.14099
gdn,2048,4096,graph,23,0.14095
gdn,2048,4096,graph,24,0.14165
gdn,2048,4096,graph,25,0.14172
gdn,2048,4096,graph,26,0.14179
gdn,2048,4096,graph,27,0.14168
gdn,2048,4096,graph,28,0.14102
gdn,2048,4096,graph,29,0.14172
gdn,2048,4096,eager,0,0.41443
gdn,2048,4096,eager,1,0.40656
gdn,2048,4096,eager,2,0.42477
gdn,2048,4096,eager,3,0.43277
gdn,2048,4096,eager,4,0.40790
gdn,2048,4096,eager,5,0.41466
gdn,2048,4096,eager,6,0.40496
gdn,2048,4096,eager,7,0.42416
gdn,2048,4096,eager,8,0.40934
gdn,2048,4096,eager,9,0.40938
gdn,2048,4096,eager,10,0.40477
gdn,2048,4096,eager,11,0.42531
gdn,2048,4096,eager,12,0.40813
gdn,2048,4096,eager,13,0.40294
gdn,2048,4096,eager,14,0.40285
gdn,2048,4096,eager,15,0.39946
gdn,2048,4096,eager,16,0.42432
gdn,2048,4096,eager,17,0.40653
gdn,2048,4096,eager,18,0.41062
gdn,2048,4096,eager,19,0.39952
gdn,2048,4096,eager,20,0.39690
gdn,2048,4096,eager,21,0.42336
gdn,2048,4096,eager,22,0.40595
gdn,2048,4096,eager,23,0.41046
gdn,2048,4096,eager,24,0.40006
gdn,2048,4096,eager,25,0.40656
gdn,2048,4096,eager,26,0.41056
gdn,2048,4096,eager,27,0.40461
gdn,2048,4096,eager,28,0.40243
gdn,2048,4096,eager,29,0.39814
gdn,4096,4096,graph,0,0.22662
gdn,4096,4096,graph,1,0.22575
gdn,4096,4096,graph,2,0.22555
gdn,4096,4096,graph,3,0.22573
gdn,4096,4096,graph,4,0.22533
gdn,4096,4096,graph,5,0.22591
gdn,4096,4096,graph,6,0.22591
gdn,4096,4096,graph,7,0.22484
gdn,4096,4096,graph,8,0.22613
gdn,4096,4096,graph,9,0.22586
gdn,4096,4096,graph,10,0.22581
gdn,4096,4096,graph,11,0.22606
gdn,4096,4096,graph,12,0.22575
gdn,4096,4096,graph,13,0.22587
gdn,4096,4096,graph,14,0.22654
gdn,4096,4096,graph,15,0.22451
gdn,4096,4096,graph,16,0.22592
gdn,4096,4096,graph,17,0.22548
gdn,4096,4096,graph,18,0.22507
gdn,4096,4096,graph,19,0.22590
gdn,4096,4096,graph,20,0.22534
gdn,4096,4096,graph,21,0.22642
gdn,4096,4096,graph,22,0.22606
gdn,4096,4096,graph,23,0.22593
gdn,4096,4096,graph,24,0.22620
gdn,4096,4096,graph,25,0.22581
gdn,4096,4096,graph,26,0.22610
gdn,4096,4096,graph,27,0.22596
gdn,4096,4096,graph,28,0.22428
gdn,4096,4096,graph,29,0.22627
gdn,4096,4096,eager,0,0.48246
gdn,4096,4096,eager,1,0.46749
gdn,4096,4096,eager,2,0.46906
gdn,4096,4096,eager,3,0.49242
gdn,4096,4096,eager,4,0.47776
gdn,4096,4096,eager,5,0.46989
gdn,4096,4096,eager,6,0.56672
gdn,4096,4096,eager,7,0.48134
gdn,4096,4096,eager,8,0.46950
gdn,4096,4096,eager,9,0.46506
gdn,4096,4096,eager,10,0.46662
gdn,4096,4096,eager,11,0.45843
gdn,4096,4096,eager,12,0.46390
gdn,4096,4096,eager,13,0.47648
gdn,4096,4096,eager,14,0.46886
gdn,4096,4096,eager,15,0.45837
gdn,4096,4096,eager,16,0.46317
gdn,4096,4096,eager,17,0.46016
gdn,4096,4096,eager,18,0.46883
gdn,4096,4096,eager,19,0.47338
gdn,4096,4096,eager,20,0.46733
gdn,4096,4096,eager,21,0.47578
gdn,4096,4096,eager,22,0.47110
gdn,4096,4096,eager,23,0.46112
gdn,4096,4096,eager,24,0.46349
gdn,4096,4096,eager,25,0.46022
gdn,4096,4096,eager,26,0.47200
gdn,4096,4096,eager,27,0.46650
gdn,4096,4096,eager,28,0.46560
gdn,4096,4096,eager,29,0.46000
gdn,8192,4096,graph,0,0.39586
gdn,8192,4096,graph,1,0.39570
gdn,8192,4096,graph,2,0.39541
gdn,8192,4096,graph,3,0.39570
gdn,8192,4096,graph,4,0.39582
gdn,8192,4096,graph,5,0.39610
gdn,8192,4096,graph,6,0.39489
gdn,8192,4096,graph,7,0.39548
gdn,8192,4096,graph,8,0.39574
gdn,8192,4096,graph,9,0.39523
gdn,8192,4096,graph,10,0.39595
gdn,8192,4096,graph,11,0.39499
gdn,8192,4096,graph,12,0.39472
gdn,8192,4096,graph,13,0.39492
gdn,8192,4096,graph,14,0.39669
gdn,8192,4096,graph,15,0.39650
gdn,8192,4096,graph,16,0.39499
gdn,8192,4096,graph,17,0.39650
gdn,8192,4096,graph,18,0.39547
gdn,8192,4096,graph,19,0.39577
gdn,8192,4096,graph,20,0.39680
gdn,8192,4096,graph,21,0.39490
gdn,8192,4096,graph,22,0.39568
gdn,8192,4096,graph,23,0.39467
gdn,8192,4096,graph,24,0.39542
gdn,8192,4096,graph,25,0.39488
gdn,8192,4096,graph,26,0.39550
gdn,8192,4096,graph,27,0.39592
gdn,8192,4096,graph,28,0.39443
gdn,8192,4096,graph,29,0.39724
gdn,8192,4096,eager,0,0.61213
gdn,8192,4096,eager,1,0.60243
gdn,8192,4096,eager,2,0.63338
gdn,8192,4096,eager,3,0.62048
gdn,8192,4096,eager,4,0.60483
gdn,8192,4096,eager,5,0.61014
gdn,8192,4096,eager,6,0.60717
gdn,8192,4096,eager,7,0.62298
gdn,8192,4096,eager,8,0.61994
gdn,8192,4096,eager,9,0.60454
gdn,8192,4096,eager,10,0.60115
gdn,8192,4096,eager,11,0.60589
gdn,8192,4096,eager,12,0.60176
gdn,8192,4096,eager,13,0.60394
gdn,8192,4096,eager,14,0.60384
gdn,8192,4096,eager,15,0.59715
gdn,8192,4096,eager,16,0.59690
gdn,8192,4096,eager,17,0.62163
gdn,8192,4096,eager,18,0.60707
gdn,8192,4096,eager,19,0.59830
gdn,8192,4096,eager,20,0.59699
gdn,8192,4096,eager,21,0.60387
gdn,8192,4096,eager,22,0.60986
gdn,8192,4096,eager,23,0.59962
gdn,8192,4096,eager,24,0.60013
gdn,8192,4096,eager,25,0.60477
gdn,8192,4096,eager,26,0.59987
gdn,8192,4096,eager,27,0.61018
gdn,8192,4096,eager,28,0.60432
gdn,8192,4096,eager,29,0.59939
gdn,64,16384,graph,0,0.05224
gdn,64,16384,graph,1,0.05242
gdn,64,16384,graph,2,0.05264
gdn,64,16384,graph,3,0.05241
gdn,64,16384,graph,4,0.05261
gdn,64,16384,graph,5,0.05210
gdn,64,16384,graph,6,0.05235
gdn,64,16384,graph,7,0.05290
gdn,64,16384,graph,8,0.05244
gdn,64,16384,graph,9,0.05238
gdn,64,16384,graph,10,0.05241
gdn,64,16384,graph,11,0.05238
gdn,64,16384,graph,12,0.05217
gdn,64,16384,graph,13,0.05225
gdn,64,16384,graph,14,0.05248
gdn,64,16384,graph,15,0.05279
gdn,64,16384,graph,16,0.05252
gdn,64,16384,graph,17,0.05282
gdn,64,16384,graph,18,0.05255
gdn,64,16384,graph,19,0.05220
gdn,64,16384,graph,20,0.05253
gdn,64,16384,graph,21,0.05257
gdn,64,16384,graph,22,0.05243
gdn,64,16384,graph,23,0.05259
gdn,64,16384,graph,24,0.05237
gdn,64,16384,graph,25,0.05273
gdn,64,16384,graph,26,0.05261
gdn,64,16384,graph,27,0.05249
gdn,64,16384,graph,28,0.05245
gdn,64,16384,graph,29,0.05246
gdn,64,16384,eager,0,0.40454
gdn,64,16384,eager,1,0.39142
gdn,64,16384,eager,2,0.39133
gdn,64,16384,eager,3,0.38448
gdn,64,16384,eager,4,0.40211
gdn,64,16384,eager,5,0.39594
gdn,64,16384,eager,6,0.40349
gdn,64,16384,eager,7,0.41229
gdn,64,16384,eager,8,0.38995
gdn,64,16384,eager,9,0.39069
gdn,64,16384,eager,10,0.38474
gdn,64,16384,eager,11,0.41085
gdn,64,16384,eager,12,0.39085
gdn,64,16384,eager,13,0.39165
gdn,64,16384,eager,14,0.39354
gdn,64,16384,eager,15,0.38064
gdn,64,16384,eager,16,0.38819
gdn,64,16384,eager,17,0.40250
gdn,64,16384,eager,18,0.40221
gdn,64,16384,eager,19,0.39133
gdn,64,16384,eager,20,0.38474
gdn,64,16384,eager,21,0.39325
gdn,64,16384,eager,22,0.38710
gdn,64,16384,eager,23,0.40925
gdn,64,16384,eager,24,0.38870
gdn,64,16384,eager,25,0.39280
gdn,64,16384,eager,26,0.38419
gdn,64,16384,eager,27,0.38592
gdn,64,16384,eager,28,0.38656
gdn,64,16384,eager,29,0.38154
gdn,65,16384,graph,0,0.05659
gdn,65,16384,graph,1,0.05679
gdn,65,16384,graph,2,0.05640
gdn,65,16384,graph,3,0.05641
gdn,65,16384,graph,4,0.05636
gdn,65,16384,graph,5,0.05657
gdn,65,16384,graph,6,0.05655
gdn,65,16384,graph,7,0.05629
gdn,65,16384,graph,8,0.05624
gdn,65,16384,graph,9,0.05654
gdn,65,16384,graph,10,0.05643
gdn,65,16384,graph,11,0.05635
gdn,65,16384,graph,12,0.05659
gdn,65,16384,graph,13,0.05630
gdn,65,16384,graph,14,0.05649
gdn,65,16384,graph,15,0.05632
gdn,65,16384,graph,16,0.05652
gdn,65,16384,graph,17,0.05632
gdn,65,16384,graph,18,0.05628
gdn,65,16384,graph,19,0.05639
gdn,65,16384,graph,20,0.05641
gdn,65,16384,graph,21,0.05623
gdn,65,16384,graph,22,0.05653
gdn,65,16384,graph,23,0.05669
gdn,65,16384,graph,24,0.05674
gdn,65,16384,graph,25,0.05646
gdn,65,16384,graph,26,0.05628
gdn,65,16384,graph,27,0.05643
gdn,65,16384,graph,28,0.05672
gdn,65,16384,graph,29,0.05680
gdn,65,16384,eager,0,0.42688
gdn,65,16384,eager,1,0.40150
gdn,65,16384,eager,2,0.40064
gdn,65,16384,eager,3,0.39168
gdn,65,16384,eager,4,0.41898
gdn,65,16384,eager,5,0.40134
gdn,65,16384,eager,6,0.39613
gdn,65,16384,eager,7,0.38586
gdn,65,16384,eager,8,0.38278
gdn,65,16384,eager,9,0.40691
gdn,65,16384,eager,10,0.39498
gdn,65,16384,eager,11,0.39590
gdn,65,16384,eager,12,0.38416
gdn,65,16384,eager,13,0.38906
gdn,65,16384,eager,14,0.38768
gdn,65,16384,eager,15,0.39734
gdn,65,16384,eager,16,0.39568
gdn,65,16384,eager,17,0.38477
gdn,65,16384,eager,18,0.43248
gdn,65,16384,eager,19,0.42003
gdn,65,16384,eager,20,0.42131
gdn,65,16384,eager,21,0.38989
gdn,65,16384,eager,22,0.38381
gdn,65,16384,eager,23,0.38563
gdn,65,16384,eager,24,0.38131
gdn,65,16384,eager,25,0.42915
gdn,65,16384,eager,26,0.39622
gdn,65,16384,eager,27,0.39229
gdn,65,16384,eager,28,0.38778
gdn,65,16384,eager,29,0.38227
gdn,128,16384,graph,0,0.05771
gdn,128,16384,graph,1,0.05744
gdn,128,16384,graph,2,0.05755
gdn,128,16384,graph,3,0.05738
gdn,128,16384,graph,4,0.05744
gdn,128,16384,graph,5,0.05754
gdn,128,16384,graph,6,0.05767
gdn,128,16384,graph,7,0.05744
gdn,128,16384,graph,8,0.05771
gdn,128,16384,graph,9,0.05744
gdn,128,16384,graph,10,0.05742
gdn,128,16384,graph,11,0.05740
gdn,128,16384,graph,12,0.05742
gdn,128,16384,graph,13,0.05750
gdn,128,16384,graph,14,0.05776
gdn,128,16384,graph,15,0.05741
gdn,128,16384,graph,16,0.05776
gdn,128,16384,graph,17,0.05777
gdn,128,16384,graph,18,0.05740
gdn,128,16384,graph,19,0.05776
gdn,128,16384,graph,20,0.05742
gdn,128,16384,graph,21,0.05767
gdn,128,16384,graph,22,0.05756
gdn,128,16384,graph,23,0.05766
gdn,128,16384,graph,24,0.05751
gdn,128,16384,graph,25,0.05758
gdn,128,16384,graph,26,0.05752
gdn,128,16384,graph,27,0.05756
gdn,128,16384,graph,28,0.05753
gdn,128,16384,graph,29,0.05757
gdn,128,16384,eager,0,0.41994
gdn,128,16384,eager,1,0.40845
gdn,128,16384,eager,2,0.40438
gdn,128,16384,eager,3,0.42179
gdn,128,16384,eager,4,0.41139
gdn,128,16384,eager,5,0.40336
gdn,128,16384,eager,6,0.39453
gdn,128,16384,eager,7,0.39792
gdn,128,16384,eager,8,0.41459
gdn,128,16384,eager,9,0.40874
gdn,128,16384,eager,10,0.39530
gdn,128,16384,eager,11,0.39610
gdn,128,16384,eager,12,0.39136
gdn,128,16384,eager,13,0.41331
gdn,128,16384,eager,14,0.40323
gdn,128,16384,eager,15,0.38986
gdn,128,16384,eager,16,0.39472
gdn,128,16384,eager,17,0.39264
gdn,128,16384,eager,18,0.41197
gdn,128,16384,eager,19,0.39427
gdn,128,16384,eager,20,0.38669
gdn,128,16384,eager,21,0.39069
gdn,128,16384,eager,22,0.38870
gdn,128,16384,eager,23,0.39280
gdn,128,16384,eager,24,0.40534
gdn,128,16384,eager,25,0.40064
gdn,128,16384,eager,26,0.38931
gdn,128,16384,eager,27,0.38563
gdn,128,16384,eager,28,0.39277
gdn,128,16384,eager,29,0.40522
gdn,129,16384,graph,0,0.06486
gdn,129,16384,graph,1,0.06493
gdn,129,16384,graph,2,0.06499
gdn,129,16384,graph,3,0.06485
gdn,129,16384,graph,4,0.06535
gdn,129,16384,graph,5,0.06536
gdn,129,16384,graph,6,0.06505
gdn,129,16384,graph,7,0.06496
gdn,129,16384,graph,8,0.06514
gdn,129,16384,graph,9,0.06477
gdn,129,16384,graph,10,0.06534
gdn,129,16384,graph,11,0.06530
gdn,129,16384,graph,12,0.06532
gdn,129,16384,graph,13,0.06517
gdn,129,16384,graph,14,0.06486
gdn,129,16384,graph,15,0.06523
gdn,129,16384,graph,16,0.06506
gdn,129,16384,graph,17,0.06512
gdn,129,16384,graph,18,0.06483
gdn,129,16384,graph,19,0.06512
gdn,129,16384,graph,20,0.06511
gdn,129,16384,graph,21,0.06506
gdn,129,16384,graph,22,0.06496
gdn,129,16384,graph,23,0.06534
gdn,129,16384,graph,24,0.06510
gdn,129,16384,graph,25,0.06533
gdn,129,16384,graph,26,0.06453
gdn,129,16384,graph,27,0.06481
gdn,129,16384,graph,28,0.06499
gdn,129,16384,graph,29,0.06513
gdn,129,16384,eager,0,0.40598
gdn,129,16384,eager,1,0.39398
gdn,129,16384,eager,2,0.41843
gdn,129,16384,eager,3,0.39888
gdn,129,16384,eager,4,0.42067
gdn,129,16384,eager,5,0.39370
gdn,129,16384,eager,6,0.38880
gdn,129,16384,eager,7,0.40803
gdn,129,16384,eager,8,0.39430
gdn,129,16384,eager,9,0.39926
gdn,129,16384,eager,10,0.39133
gdn,129,16384,eager,11,0.38998
gdn,129,16384,eager,12,0.39261
gdn,129,16384,eager,13,0.40653
gdn,129,16384,eager,14,0.39194
gdn,129,16384,eager,15,0.38797
gdn,129,16384,eager,16,0.39136
gdn,129,16384,eager,17,0.38426
gdn,129,16384,eager,18,0.39936
gdn,129,16384,eager,19,0.39363
gdn,129,16384,eager,20,0.38426
gdn,129,16384,eager,21,0.45126
gdn,129,16384,eager,22,0.41261
gdn,129,16384,eager,23,0.39606
gdn,129,16384,eager,24,0.38998
gdn,129,16384,eager,25,0.39552
gdn,129,16384,eager,26,0.38627
gdn,129,16384,eager,27,0.39414
gdn,129,16384,eager,28,0.40771
gdn,129,16384,eager,29,0.39360
gdn,256,16384,graph,0,0.06857
gdn,256,16384,graph,1,0.06840
gdn,256,16384,graph,2,0.06837
gdn,256,16384,graph,3,0.06823
gdn,256,16384,graph,4,0.06833
gdn,256,16384,graph,5,0.06840
gdn,256,16384,graph,6,0.06856
gdn,256,16384,graph,7,0.06827
gdn,256,16384,graph,8,0.06818
gdn,256,16384,graph,9,0.06847
gdn,256,16384,graph,10,0.06854
gdn,256,16384,graph,11,0.06838
gdn,256,16384,graph,12,0.06852
gdn,256,16384,graph,13,0.06838
gdn,256,16384,graph,14,0.06849
gdn,256,16384,graph,15,0.06828
gdn,256,16384,graph,16,0.06850
gdn,256,16384,graph,17,0.06837
gdn,256,16384,graph,18,0.06838
gdn,256,16384,graph,19,0.06819
gdn,256,16384,graph,20,0.06840
gdn,256,16384,graph,21,0.06841
gdn,256,16384,graph,22,0.06820
gdn,256,16384,graph,23,0.06841
gdn,256,16384,graph,24,0.06849
gdn,256,16384,graph,25,0.06822
gdn,256,16384,graph,26,0.06793
gdn,256,16384,graph,27,0.06804
gdn,256,16384,graph,28,0.06847
gdn,256,16384,graph,29,0.06824
gdn,256,16384,eager,0,0.41482
gdn,256,16384,eager,1,0.40070
gdn,256,16384,eager,2,0.39107
gdn,256,16384,eager,3,0.39002
gdn,256,16384,eager,4,0.38621
gdn,256,16384,eager,5,0.39811
gdn,256,16384,eager,6,0.42118
gdn,256,16384,eager,7,0.40787
gdn,256,16384,eager,8,0.39325
gdn,256,16384,eager,9,0.40646
gdn,256,16384,eager,10,0.40448
gdn,256,16384,eager,11,0.38995
gdn,256,16384,eager,12,0.38835
gdn,256,16384,eager,13,0.38515
gdn,256,16384,eager,14,0.43680
gdn,256,16384,eager,15,0.43056
gdn,256,16384,eager,16,0.43181
gdn,256,16384,eager,17,0.39635
gdn,256,16384,eager,18,0.38381
gdn,256,16384,eager,19,0.40301
gdn,256,16384,eager,20,0.40413
gdn,256,16384,eager,21,0.40726
gdn,256,16384,eager,22,0.38557
gdn,256,16384,eager,23,0.39043
gdn,256,16384,eager,24,0.39069
gdn,256,16384,eager,25,0.41037
gdn,256,16384,eager,26,0.38963
gdn,256,16384,eager,27,0.38349
gdn,256,16384,eager,28,0.39824
gdn,256,16384,eager,29,0.40138
gdn,512,16384,graph,0,0.09785
gdn,512,16384,graph,1,0.09757
gdn,512,16384,graph,2,0.09762
gdn,512,16384,graph,3,0.09745
gdn,512,16384,graph,4,0.09778
gdn,512,16384,graph,5,0.09779
gdn,512,16384,graph,6,0.09772
gdn,512,16384,graph,7,0.09736
gdn,512,16384,graph,8,0.09797
gdn,512,16384,graph,9,0.09727
gdn,512,16384,graph,10,0.09745
gdn,512,16384,graph,11,0.09827
gdn,512,16384,graph,12,0.09730
gdn,512,16384,graph,13,0.09768
gdn,512,16384,graph,14,0.09808
gdn,512,16384,graph,15,0.09752
gdn,512,16384,graph,16,0.09725
gdn,512,16384,graph,17,0.09777
gdn,512,16384,graph,18,0.09781
gdn,512,16384,graph,19,0.09752
gdn,512,16384,graph,20,0.09754
gdn,512,16384,graph,21,0.09751
gdn,512,16384,graph,22,0.09769
gdn,512,16384,graph,23,0.09758
gdn,512,16384,graph,24,0.09770
gdn,512,16384,graph,25,0.09754
gdn,512,16384,graph,26,0.09748
gdn,512,16384,graph,27,0.09808
gdn,512,16384,graph,28,0.09742
gdn,512,16384,graph,29,0.09771
gdn,512,16384,eager,0,0.42218
gdn,512,16384,eager,1,0.40749
gdn,512,16384,eager,2,0.39235
gdn,512,16384,eager,3,0.38883
gdn,512,16384,eager,4,0.39376
gdn,512,16384,eager,5,0.41821
gdn,512,16384,eager,6,0.40797
gdn,512,16384,eager,7,0.38918
gdn,512,16384,eager,8,0.39302
gdn,512,16384,eager,9,0.38973
gdn,512,16384,eager,10,0.38371
gdn,512,16384,eager,11,0.38365
gdn,512,16384,eager,12,0.38125
gdn,512,16384,eager,13,0.40547
gdn,512,16384,eager,14,0.39021
gdn,512,16384,eager,15,0.39101
gdn,512,16384,eager,16,0.38835
gdn,512,16384,eager,17,0.38035
gdn,512,16384,eager,18,0.38688
gdn,512,16384,eager,19,0.39184
gdn,512,16384,eager,20,0.39760
gdn,512,16384,eager,21,0.38570
gdn,512,16384,eager,22,0.39133
gdn,512,16384,eager,23,0.38598
gdn,512,16384,eager,24,0.39146
gdn,512,16384,eager,25,0.40566
gdn,512,16384,eager,26,0.38963
gdn,512,16384,eager,27,0.39309
gdn,512,16384,eager,28,0.38467
gdn,512,16384,eager,29,0.38726
gdn,1024,16384,graph,0,0.09912
gdn,1024,16384,graph,1,0.09929
gdn,1024,16384,graph,2,0.09961
gdn,1024,16384,graph,3,0.09948
gdn,1024,16384,graph,4,0.09941
gdn,1024,16384,graph,5,0.09933
gdn,1024,16384,graph,6,0.09932
gdn,1024,16384,graph,7,0.09924
gdn,1024,16384,graph,8,0.09958
gdn,1024,16384,graph,9,0.09939
gdn,1024,16384,graph,10,0.09925
gdn,1024,16384,graph,11,0.09958
gdn,1024,16384,graph,12,0.09941
gdn,1024,16384,graph,13,0.09958
gdn,1024,16384,graph,14,0.09944
gdn,1024,16384,graph,15,0.09954
gdn,1024,16384,graph,16,0.09954
gdn,1024,16384,graph,17,0.09982
gdn,1024,16384,graph,18,0.09924
gdn,1024,16384,graph,19,0.09951
gdn,1024,16384,graph,20,0.09914
gdn,1024,16384,graph,21,0.09947
gdn,1024,16384,graph,22,0.09976
gdn,1024,16384,graph,23,0.09931
gdn,1024,16384,graph,24,0.09953
gdn,1024,16384,graph,25,0.09897
gdn,1024,16384,graph,26,0.09919
gdn,1024,16384,graph,27,0.09917
gdn,1024,16384,graph,28,0.09997
gdn,1024,16384,graph,29,0.09978
gdn,1024,16384,eager,0,0.41184
gdn,1024,16384,eager,1,0.39926
gdn,1024,16384,eager,2,0.42902
gdn,1024,16384,eager,3,0.40464
gdn,1024,16384,eager,4,0.39360
gdn,1024,16384,eager,5,0.40614
gdn,1024,16384,eager,6,0.39274
gdn,1024,16384,eager,7,0.42000
gdn,1024,16384,eager,8,0.39962
gdn,1024,16384,eager,9,0.39875
gdn,1024,16384,eager,10,0.39395
gdn,1024,16384,eager,11,0.40698
gdn,1024,16384,eager,12,0.39584
gdn,1024,16384,eager,13,0.39126
gdn,1024,16384,eager,14,0.39507
gdn,1024,16384,eager,15,0.39312
gdn,1024,16384,eager,16,0.49386
gdn,1024,16384,eager,17,0.40771
gdn,1024,16384,eager,18,0.40064
gdn,1024,16384,eager,19,0.39299
gdn,1024,16384,eager,20,0.40602
gdn,1024,16384,eager,21,0.39510
gdn,1024,16384,eager,22,0.38998
gdn,1024,16384,eager,23,0.40694
gdn,1024,16384,eager,24,0.38842
gdn,1024,16384,eager,25,0.39574
gdn,1024,16384,eager,26,0.40621
gdn,1024,16384,eager,27,0.39549
gdn,1024,16384,eager,28,0.38797
gdn,1024,16384,eager,29,0.38822
gdn,2048,16384,graph,0,0.14048
gdn,2048,16384,graph,1,0.14140
gdn,2048,16384,graph,2,0.14192
gdn,2048,16384,graph,3,0.14193
gdn,2048,16384,graph,4,0.14108
gdn,2048,16384,graph,5,0.14173
gdn,2048,16384,graph,6,0.14130
gdn,2048,16384,graph,7,0.14123
gdn,2048,16384,graph,8,0.14148
gdn,2048,16384,graph,9,0.14252
gdn,2048,16384,graph,10,0.14122
gdn,2048,16384,graph,11,0.14174
gdn,2048,16384,graph,12,0.14137
gdn,2048,16384,graph,13,0.14159
gdn,2048,16384,graph,14,0.14162
gdn,2048,16384,graph,15,0.14142
gdn,2048,16384,graph,16,0.14092
gdn,2048,16384,graph,17,0.14118
gdn,2048,16384,graph,18,0.14141
gdn,2048,16384,graph,19,0.14093
gdn,2048,16384,graph,20,0.14156
gdn,2048,16384,graph,21,0.14114
gdn,2048,16384,graph,22,0.14164
gdn,2048,16384,graph,23,0.14146
gdn,2048,16384,graph,24,0.14169
gdn,2048,16384,graph,25,0.14148
gdn,2048,16384,graph,26,0.14218
gdn,2048,16384,graph,27,0.14138
gdn,2048,16384,graph,28,0.14172
gdn,2048,16384,graph,29,0.14088
gdn,2048,16384,eager,0,0.44205
gdn,2048,16384,eager,1,0.42758
gdn,2048,16384,eager,2,0.41629
gdn,2048,16384,eager,3,0.41504
gdn,2048,16384,eager,4,0.40595
gdn,2048,16384,eager,5,0.43542
gdn,2048,16384,eager,6,0.41747
gdn,2048,16384,eager,7,0.41728
gdn,2048,16384,eager,8,0.40387
gdn,2048,16384,eager,9,0.40723
gdn,2048,16384,eager,10,0.43072
gdn,2048,16384,eager,11,0.41763
gdn,2048,16384,eager,12,0.41664
gdn,2048,16384,eager,13,0.40720
gdn,2048,16384,eager,14,0.49098
gdn,2048,16384,eager,15,0.45453
gdn,2048,16384,eager,16,0.43213
gdn,2048,16384,eager,17,0.41322
gdn,2048,16384,eager,18,0.41334
gdn,2048,16384,eager,19,0.42579
gdn,2048,16384,eager,20,0.41235
gdn,2048,16384,eager,21,0.41085
gdn,2048,16384,eager,22,0.40253
gdn,2048,16384,eager,23,0.40573
gdn,2048,16384,eager,24,0.40080
gdn,2048,16384,eager,25,0.42896
gdn,2048,16384,eager,26,0.41248
gdn,2048,16384,eager,27,0.40784
gdn,2048,16384,eager,28,0.40678
gdn,2048,16384,eager,29,0.40054
gdn,4096,16384,graph,0,0.22703
gdn,4096,16384,graph,1,0.22624
gdn,4096,16384,graph,2,0.22631
gdn,4096,16384,graph,3,0.22650
gdn,4096,16384,graph,4,0.22536
gdn,4096,16384,graph,5,0.22673
gdn,4096,16384,graph,6,0.22684
gdn,4096,16384,graph,7,0.22624
gdn,4096,16384,graph,8,0.22618
gdn,4096,16384,graph,9,0.22578
gdn,4096,16384,graph,10,0.22673
gdn,4096,16384,graph,11,0.22654
gdn,4096,16384,graph,12,0.22668
gdn,4096,16384,graph,13,0.22633
gdn,4096,16384,graph,14,0.22694
gdn,4096,16384,graph,15,0.22623
gdn,4096,16384,graph,16,0.22615
gdn,4096,16384,graph,17,0.22676
gdn,4096,16384,graph,18,0.22529
gdn,4096,16384,graph,19,0.22651
gdn,4096,16384,graph,20,0.22617
gdn,4096,16384,graph,21,0.22677
gdn,4096,16384,graph,22,0.22733
gdn,4096,16384,graph,23,0.22668
gdn,4096,16384,graph,24,0.22621
gdn,4096,16384,graph,25,0.22671
gdn,4096,16384,graph,26,0.22555
gdn,4096,16384,graph,27,0.22680
gdn,4096,16384,graph,28,0.22663
gdn,4096,16384,graph,29,0.22538
gdn,4096,16384,eager,0,0.50813
gdn,4096,16384,eager,1,0.49136
gdn,4096,16384,eager,2,0.47565
gdn,4096,16384,eager,3,0.47562
gdn,4096,16384,eager,4,0.46694
gdn,4096,16384,eager,5,0.49190
gdn,4096,16384,eager,6,0.47882
gdn,4096,16384,eager,7,0.47619
gdn,4096,16384,eager,8,0.46845
gdn,4096,16384,eager,9,0.51078
gdn,4096,16384,eager,10,0.50176
gdn,4096,16384,eager,11,0.48230
gdn,4096,16384,eager,12,0.46858
gdn,4096,16384,eager,13,0.47136
gdn,4096,16384,eager,14,0.46448
gdn,4096,16384,eager,15,0.48688
gdn,4096,16384,eager,16,0.46886
gdn,4096,16384,eager,17,0.47226
gdn,4096,16384,eager,18,0.46275
gdn,4096,16384,eager,19,0.48374
gdn,4096,16384,eager,20,0.46906
gdn,4096,16384,eager,21,0.46870
gdn,4096,16384,eager,22,0.46010
gdn,4096,16384,eager,23,0.48602
gdn,4096,16384,eager,24,0.46675
gdn,4096,16384,eager,25,0.47245
gdn,4096,16384,eager,26,0.46125
gdn,4096,16384,eager,27,0.47197
gdn,4096,16384,eager,28,0.46134
gdn,4096,16384,eager,29,0.51286
gdn,8192,16384,graph,0,0.39739
gdn,8192,16384,graph,1,0.39580
gdn,8192,16384,graph,2,0.39745
gdn,8192,16384,graph,3,0.39516
gdn,8192,16384,graph,4,0.39626
gdn,8192,16384,graph,5,0.39749
gdn,8192,16384,graph,6,0.39586
gdn,8192,16384,graph,7,0.39614
gdn,8192,16384,graph,8,0.39645
gdn,8192,16384,graph,9,0.39694
gdn,8192,16384,graph,10,0.39538
gdn,8192,16384,graph,11,0.39589
gdn,8192,16384,graph,12,0.39676
gdn,8192,16384,graph,13,0.39461
gdn,8192,16384,graph,14,0.39420
gdn,8192,16384,graph,15,0.39567
gdn,8192,16384,graph,16,0.39569
gdn,8192,16384,graph,17,0.39654
gdn,8192,16384,graph,18,0.39501
gdn,8192,16384,graph,19,0.39676
gdn,8192,16384,graph,20,0.39462
gdn,8192,16384,graph,21,0.39588
gdn,8192,16384,graph,22,0.39578
gdn,8192,16384,graph,23,0.39561
gdn,8192,16384,graph,24,0.39553
gdn,8192,16384,graph,25,0.39826
gdn,8192,16384,graph,26,0.39604
gdn,8192,16384,graph,27,0.39668
gdn,8192,16384,graph,28,0.39598
gdn,8192,16384,graph,29,0.39624
gdn,8192,16384,eager,0,0.61286
gdn,8192,16384,eager,1,0.60883
gdn,8192,16384,eager,2,0.64490
gdn,8192,16384,eager,3,0.62678
gdn,8192,16384,eager,4,0.61101
gdn,8192,16384,eager,5,0.61168
gdn,8192,16384,eager,6,0.60416
gdn,8192,16384,eager,7,0.62707
gdn,8192,16384,eager,8,0.61187
gdn,8192,16384,eager,9,0.60499
gdn,8192,16384,eager,10,0.60294
gdn,8192,16384,eager,11,0.65296
gdn,8192,16384,eager,12,0.61594
gdn,8192,16384,eager,13,0.61117
gdn,8192,16384,eager,14,0.63706
gdn,8192,16384,eager,15,0.61414
gdn,8192,16384,eager,16,0.60294
gdn,8192,16384,eager,17,0.61434
gdn,8192,16384,eager,18,0.62115
gdn,8192,16384,eager,19,0.60835
gdn,8192,16384,eager,20,0.60816
gdn,8192,16384,eager,21,0.60336
gdn,8192,16384,eager,22,0.62483
gdn,8192,16384,eager,23,0.60685
gdn,8192,16384,eager,24,0.60669
gdn,8192,16384,eager,25,0.61402
gdn,8192,16384,eager,26,0.60208
gdn,8192,16384,eager,27,0.67414
gdn,8192,16384,eager,28,0.63510
gdn,8192,16384,eager,29,0.61718
gdn,64,32768,graph,0,0.05246
gdn,64,32768,graph,1,0.05248
gdn,64,32768,graph,2,0.05266
gdn,64,32768,graph,3,0.05263
gdn,64,32768,graph,4,0.05241
gdn,64,32768,graph,5,0.05234
gdn,64,32768,graph,6,0.05266
gdn,64,32768,graph,7,0.05257
gdn,64,32768,graph,8,0.05244
gdn,64,32768,graph,9,0.05250
gdn,64,32768,graph,10,0.05228
gdn,64,32768,graph,11,0.05266
gdn,64,32768,graph,12,0.05248
gdn,64,32768,graph,13,0.05235
gdn,64,32768,graph,14,0.05222
gdn,64,32768,graph,15,0.05265
gdn,64,32768,graph,16,0.05220
gdn,64,32768,graph,17,0.05256
gdn,64,32768,graph,18,0.05235
gdn,64,32768,graph,19,0.05240
gdn,64,32768,graph,20,0.05247
gdn,64,32768,graph,21,0.05228
gdn,64,32768,graph,22,0.05264
gdn,64,32768,graph,23,0.05222
gdn,64,32768,graph,24,0.05270
gdn,64,32768,graph,25,0.05237
gdn,64,32768,graph,26,0.05253
gdn,64,32768,graph,27,0.05248
gdn,64,32768,graph,28,0.05232
gdn,64,32768,graph,29,0.05275
gdn,64,32768,eager,0,0.39907
gdn,64,32768,eager,1,0.39853
gdn,64,32768,eager,2,0.41555
gdn,64,32768,eager,3,0.43046
gdn,64,32768,eager,4,0.39981
gdn,64,32768,eager,5,0.39130
gdn,64,32768,eager,6,0.42170
gdn,64,32768,eager,7,0.39862
gdn,64,32768,eager,8,0.39658
gdn,64,32768,eager,9,0.38912
gdn,64,32768,eager,10,0.40099
gdn,64,32768,eager,11,0.40502
gdn,64,32768,eager,12,0.39286
gdn,64,32768,eager,13,0.40042
gdn,64,32768,eager,14,0.45344
gdn,64,32768,eager,15,0.41485
gdn,64,32768,eager,16,0.39571
gdn,64,32768,eager,17,0.39779
gdn,64,32768,eager,18,0.38826
gdn,64,32768,eager,19,0.40736
gdn,64,32768,eager,20,0.41139
gdn,64,32768,eager,21,0.39443
gdn,64,32768,eager,22,0.39882
gdn,64,32768,eager,23,0.38326
gdn,64,32768,eager,24,0.39184
gdn,64,32768,eager,25,0.38678
gdn,64,32768,eager,26,0.39107
gdn,64,32768,eager,27,0.40416
gdn,64,32768,eager,28,0.39229
gdn,64,32768,eager,29,0.39418
gdn,65,32768,graph,0,0.05630
gdn,65,32768,graph,1,0.05639
gdn,65,32768,graph,2,0.05638
gdn,65,32768,graph,3,0.05658
gdn,65,32768,graph,4,0.05634
gdn,65,32768,graph,5,0.05600
gdn,65,32768,graph,6,0.05634
gdn,65,32768,graph,7,0.05640
gdn,65,32768,graph,8,0.05634
gdn,65,32768,graph,9,0.05656
gdn,65,32768,graph,10,0.05631
gdn,65,32768,graph,11,0.05651
gdn,65,32768,graph,12,0.05650
gdn,65,32768,graph,13,0.05673
gdn,65,32768,graph,14,0.05628
gdn,65,32768,graph,15,0.05649
gdn,65,32768,graph,16,0.05693
gdn,65,32768,graph,17,0.05604
gdn,65,32768,graph,18,0.05640
gdn,65,32768,graph,19,0.05668
gdn,65,32768,graph,20,0.05667
gdn,65,32768,graph,21,0.05648
gdn,65,32768,graph,22,0.05616
gdn,65,32768,graph,23,0.05639
gdn,65,32768,graph,24,0.05619
gdn,65,32768,graph,25,0.05639
gdn,65,32768,graph,26,0.05645
gdn,65,32768,graph,27,0.05622
gdn,65,32768,graph,28,0.05663
gdn,65,32768,graph,29,0.05638
gdn,65,32768,eager,0,0.52605
gdn,65,32768,eager,1,0.47984
gdn,65,32768,eager,2,0.45830
gdn,65,32768,eager,3,0.43814
gdn,65,32768,eager,4,0.43782
gdn,65,32768,eager,5,0.43709
gdn,65,32768,eager,6,0.41309
gdn,65,32768,eager,7,0.41251
gdn,65,32768,eager,8,0.40230
gdn,65,32768,eager,9,0.38803
gdn,65,32768,eager,10,0.38653
gdn,65,32768,eager,11,0.38893
gdn,65,32768,eager,12,0.38259
gdn,65,32768,eager,13,0.40483
gdn,65,32768,eager,14,0.39062
gdn,65,32768,eager,15,0.39200
gdn,65,32768,eager,16,0.38864
gdn,65,32768,eager,17,0.38310
gdn,65,32768,eager,18,0.39008
gdn,65,32768,eager,19,0.40038
gdn,65,32768,eager,20,0.39731
gdn,65,32768,eager,21,0.38448
gdn,65,32768,eager,22,0.38979
gdn,65,32768,eager,23,0.38758
gdn,65,32768,eager,24,0.38451
gdn,65,32768,eager,25,0.40384
gdn,65,32768,eager,26,0.39357
gdn,65,32768,eager,27,0.39181
gdn,65,32768,eager,28,0.38646
gdn,65,32768,eager,29,0.38266
gdn,128,32768,graph,0,0.05810
gdn,128,32768,graph,1,0.05757
gdn,128,32768,graph,2,0.05750
gdn,128,32768,graph,3,0.05733
gdn,128,32768,graph,4,0.05760
gdn,128,32768,graph,5,0.05735
gdn,128,32768,graph,6,0.05747
gdn,128,32768,graph,7,0.05780
gdn,128,32768,graph,8,0.05737
gdn,128,32768,graph,9,0.05752
gdn,128,32768,graph,10,0.05762
gdn,128,32768,graph,11,0.05758
gdn,128,32768,graph,12,0.05745
gdn,128,32768,graph,13,0.05759
gdn,128,32768,graph,14,0.05765
gdn,128,32768,graph,15,0.05750
gdn,128,32768,graph,16,0.05752
gdn,128,32768,graph,17,0.05756
gdn,128,32768,graph,18,0.05757
gdn,128,32768,graph,19,0.05747
gdn,128,32768,graph,20,0.05747
gdn,128,32768,graph,21,0.05747
gdn,128,32768,graph,22,0.05740
gdn,128,32768,graph,23,0.05762
gdn,128,32768,graph,24,0.05752
gdn,128,32768,graph,25,0.05748
gdn,128,32768,graph,26,0.05781
gdn,128,32768,graph,27,0.05724
gdn,128,32768,graph,28,0.05780
gdn,128,32768,graph,29,0.05754
gdn,128,32768,eager,0,0.41290
gdn,128,32768,eager,1,0.39891
gdn,128,32768,eager,2,0.43782
gdn,128,32768,eager,3,0.40918
gdn,128,32768,eager,4,0.42525
gdn,128,32768,eager,5,0.39338
gdn,128,32768,eager,6,0.39440
gdn,128,32768,eager,7,0.39008
gdn,128,32768,eager,8,0.41443
gdn,128,32768,eager,9,0.39866
gdn,128,32768,eager,10,0.39213
gdn,128,32768,eager,11,0.39683
gdn,128,32768,eager,12,0.38989
gdn,128,32768,eager,13,0.40832
gdn,128,32768,eager,14,0.41187
gdn,128,32768,eager,15,0.40144
gdn,128,32768,eager,16,0.39206
gdn,128,32768,eager,17,0.39085
gdn,128,32768,eager,18,0.39418
gdn,128,32768,eager,19,0.38666
gdn,128,32768,eager,20,0.40358
gdn,128,32768,eager,21,0.39594
gdn,128,32768,eager,22,0.39642
gdn,128,32768,eager,23,0.38733
gdn,128,32768,eager,24,0.38461
gdn,128,32768,eager,25,0.39581
gdn,128,32768,eager,26,0.40509
gdn,128,32768,eager,27,0.39670
gdn,128,32768,eager,28,0.38963
gdn,128,32768,eager,29,0.38970
gdn,129,32768,graph,0,0.06485
gdn,129,32768,graph,1,0.06510
gdn,129,32768,graph,2,0.06503
gdn,129,32768,graph,3,0.06471
gdn,129,32768,graph,4,0.06542
gdn,129,32768,graph,5,0.06482
gdn,129,32768,graph,6,0.06493
gdn,129,32768,graph,7,0.06519
gdn,129,32768,graph,8,0.06969
gdn,129,32768,graph,9,0.06502
gdn,129,32768,graph,10,0.06489
gdn,129,32768,graph,11,0.06477
gdn,129,32768,graph,12,0.06522
gdn,129,32768,graph,13,0.06448
gdn,129,32768,graph,14,0.06483
gdn,129,32768,graph,15,0.06496
gdn,129,32768,graph,16,0.06489
gdn,129,32768,graph,17,0.06491
gdn,129,32768,graph,18,0.06508
gdn,129,32768,graph,19,0.06493
gdn,129,32768,graph,20,0.06475
gdn,129,32768,graph,21,0.06495
gdn,129,32768,graph,22,0.06504
gdn,129,32768,graph,23,0.06505
gdn,129,32768,graph,24,0.06513
gdn,129,32768,graph,25,0.06466
gdn,129,32768,graph,26,0.06500
gdn,129,32768,graph,27,0.06443
gdn,129,32768,graph,28,0.06495
gdn,129,32768,graph,29,0.06487
gdn,129,32768,eager,0,0.40886
gdn,129,32768,eager,1,0.43539
gdn,129,32768,eager,2,0.40723
gdn,129,32768,eager,3,0.39731
gdn,129,32768,eager,4,0.39053
gdn,129,32768,eager,5,0.39350
gdn,129,32768,eager,6,0.50864
gdn,129,32768,eager,7,0.42918
gdn,129,32768,eager,8,0.42070
gdn,129,32768,eager,9,0.40054
gdn,129,32768,eager,10,0.39856
gdn,129,32768,eager,11,0.39590
gdn,129,32768,eager,12,0.41533
gdn,129,32768,eager,13,0.40202
gdn,129,32768,eager,14,0.38682
gdn,129,32768,eager,15,0.40262
gdn,129,32768,eager,16,0.40323
gdn,129,32768,eager,17,0.40170
gdn,129,32768,eager,18,0.38554
gdn,129,32768,eager,19,0.40819
gdn,129,32768,eager,20,0.39242
gdn,129,32768,eager,21,0.38890
gdn,129,32768,eager,22,0.39094
gdn,129,32768,eager,23,0.38419
gdn,129,32768,eager,24,0.38464
gdn,129,32768,eager,25,0.38992
gdn,129,32768,eager,26,0.40512
gdn,129,32768,eager,27,0.39376
gdn,129,32768,eager,28,0.38864
gdn,129,32768,eager,29,0.39590
gdn,256,32768,graph,0,0.06799
gdn,256,32768,graph,1,0.06824
gdn,256,32768,graph,2,0.06844
gdn,256,32768,graph,3,0.06813
gdn,256,32768,graph,4,0.06823
gdn,256,32768,graph,5,0.06828
gdn,256,32768,graph,6,0.06828
gdn,256,32768,graph,7,0.06832
gdn,256,32768,graph,8,0.06774
gdn,256,32768,graph,9,0.06827
gdn,256,32768,graph,10,0.06848
gdn,256,32768,graph,11,0.06830
gdn,256,32768,graph,12,0.06805
gdn,256,32768,graph,13,0.06834
gdn,256,32768,graph,14,0.06822
gdn,256,32768,graph,15,0.06810
gdn,256,32768,graph,16,0.06830
gdn,256,32768,graph,17,0.06838
gdn,256,32768,graph,18,0.06828
gdn,256,32768,graph,19,0.06828
gdn,256,32768,graph,20,0.06773
gdn,256,32768,graph,21,0.06808
gdn,256,32768,graph,22,0.06808
gdn,256,32768,graph,23,0.06821
gdn,256,32768,graph,24,0.06838
gdn,256,32768,graph,25,0.06842
gdn,256,32768,graph,26,0.06840
gdn,256,32768,graph,27,0.06812
gdn,256,32768,graph,28,0.06816
gdn,256,32768,graph,29,0.06824
gdn,256,32768,eager,0,0.40390
gdn,256,32768,eager,1,0.39402
gdn,256,32768,eager,2,0.40640
gdn,256,32768,eager,3,0.41008
gdn,256,32768,eager,4,0.40349
gdn,256,32768,eager,5,0.39475
gdn,256,32768,eager,6,0.39386
gdn,256,32768,eager,7,0.39386
gdn,256,32768,eager,8,0.40496
gdn,256,32768,eager,9,0.39565
gdn,256,32768,eager,10,0.38755
gdn,256,32768,eager,11,0.41370
gdn,256,32768,eager,12,0.39539
gdn,256,32768,eager,13,0.39229
gdn,256,32768,eager,14,0.38944
gdn,256,32768,eager,15,0.41158
gdn,256,32768,eager,16,0.39693
gdn,256,32768,eager,17,0.39168
gdn,256,32768,eager,18,0.39414
gdn,256,32768,eager,19,0.39808
gdn,256,32768,eager,20,0.39798
gdn,256,32768,eager,21,0.38637
gdn,256,32768,eager,22,0.38771
gdn,256,32768,eager,23,0.38659
gdn,256,32768,eager,24,0.38272
gdn,256,32768,eager,25,0.40595
gdn,256,32768,eager,26,0.39405
gdn,256,32768,eager,27,0.39270
gdn,256,32768,eager,28,0.38630
gdn,256,32768,eager,29,0.38250
gdn,512,32768,graph,0,0.09736
gdn,512,32768,graph,1,0.09744
gdn,512,32768,graph,2,0.09783
gdn,512,32768,graph,3,0.09748
gdn,512,32768,graph,4,0.09800
gdn,512,32768,graph,5,0.09774
gdn,512,32768,graph,6,0.09756
gdn,512,32768,graph,7,0.09769
gdn,512,32768,graph,8,0.09777
gdn,512,32768,graph,9,0.09809
gdn,512,32768,graph,10,0.09755
gdn,512,32768,graph,11,0.09752
gdn,512,32768,graph,12,0.09748
gdn,512,32768,graph,13,0.09753
gdn,512,32768,graph,14,0.09720
gdn,512,32768,graph,15,0.09725
gdn,512,32768,graph,16,0.09762
gdn,512,32768,graph,17,0.09729
gdn,512,32768,graph,18,0.09748
gdn,512,32768,graph,19,0.09756
gdn,512,32768,graph,20,0.09769
gdn,512,32768,graph,21,0.09782
gdn,512,32768,graph,22,0.09767
gdn,512,32768,graph,23,0.09779
gdn,512,32768,graph,24,0.09780
gdn,512,32768,graph,25,0.09733
gdn,512,32768,graph,26,0.09811
gdn,512,32768,graph,27,0.09776
gdn,512,32768,graph,28,0.09732
gdn,512,32768,graph,29,0.09727
gdn,512,32768,eager,0,0.40768
gdn,512,32768,eager,1,0.39786
gdn,512,32768,eager,2,0.39568
gdn,512,32768,eager,3,0.41411
gdn,512,32768,eager,4,0.40074
gdn,512,32768,eager,5,0.40682
gdn,512,32768,eager,6,0.39146
gdn,512,32768,eager,7,0.39277
gdn,512,32768,eager,8,0.40794
gdn,512,32768,eager,9,0.39952
gdn,512,32768,eager,10,0.38752
gdn,512,32768,eager,11,0.38640
gdn,512,32768,eager,12,0.39261
gdn,512,32768,eager,13,0.38394
gdn,512,32768,eager,14,0.41034
gdn,512,32768,eager,15,0.39808
gdn,512,32768,eager,16,0.41459
gdn,512,32768,eager,17,0.39245
gdn,512,32768,eager,18,0.38371
gdn,512,32768,eager,19,0.39446
gdn,512,32768,eager,20,0.38294
gdn,512,32768,eager,21,0.39139
gdn,512,32768,eager,22,0.40448
gdn,512,32768,eager,23,0.39600
gdn,512,32768,eager,24,0.38701
gdn,512,32768,eager,25,0.38282
gdn,512,32768,eager,26,0.38941
gdn,512,32768,eager,27,0.38435
gdn,512,32768,eager,28,0.40566
gdn,512,32768,eager,29,0.38982
gdn,1024,32768,graph,0,0.09973
gdn,1024,32768,graph,1,0.09957
gdn,1024,32768,graph,2,0.09939
gdn,1024,32768,graph,3,0.09963
gdn,1024,32768,graph,4,0.09984
gdn,1024,32768,graph,5,0.09967
gdn,1024,32768,graph,6,0.09968
gdn,1024,32768,graph,7,0.09988
gdn,1024,32768,graph,8,0.09920
gdn,1024,32768,graph,9,0.09931
gdn,1024,32768,graph,10,0.09934
gdn,1024,32768,graph,11,0.09955
gdn,1024,32768,graph,12,0.09965
gdn,1024,32768,graph,13,0.09955
gdn,1024,32768,graph,14,0.09934
gdn,1024,32768,graph,15,0.09930
gdn,1024,32768,graph,16,0.09949
gdn,1024,32768,graph,17,0.09978
gdn,1024,32768,graph,18,0.09962
gdn,1024,32768,graph,19,0.09906
gdn,1024,32768,graph,20,0.09908
gdn,1024,32768,graph,21,0.09917
gdn,1024,32768,graph,22,0.09934
gdn,1024,32768,graph,23,0.09965
gdn,1024,32768,graph,24,0.09925
gdn,1024,32768,graph,25,0.10629
gdn,1024,32768,graph,26,0.09928
gdn,1024,32768,graph,27,0.09929
gdn,1024,32768,graph,28,0.09932
gdn,1024,32768,graph,29,0.09933
gdn,1024,32768,eager,0,0.45088
gdn,1024,32768,eager,1,0.46058
gdn,1024,32768,eager,2,0.40803
gdn,1024,32768,eager,3,0.42416
gdn,1024,32768,eager,4,0.39558
gdn,1024,32768,eager,5,0.42349
gdn,1024,32768,eager,6,0.40678
gdn,1024,32768,eager,7,0.40518
gdn,1024,32768,eager,8,0.39712
gdn,1024,32768,eager,9,0.39347
gdn,1024,32768,eager,10,0.42307
gdn,1024,32768,eager,11,0.39699
gdn,1024,32768,eager,12,0.39885
gdn,1024,32768,eager,13,0.39885
gdn,1024,32768,eager,14,0.41613
gdn,1024,32768,eager,15,0.40061
gdn,1024,32768,eager,16,0.39126
gdn,1024,32768,eager,17,0.39197
gdn,1024,32768,eager,18,0.39341
gdn,1024,32768,eager,19,0.41539
gdn,1024,32768,eager,20,0.39261
gdn,1024,32768,eager,21,0.39158
gdn,1024,32768,eager,22,0.38819
gdn,1024,32768,eager,23,0.41171
gdn,1024,32768,eager,24,0.39478
gdn,1024,32768,eager,25,0.39872
gdn,1024,32768,eager,26,0.39366
gdn,1024,32768,eager,27,0.40054
gdn,1024,32768,eager,28,0.39952
gdn,1024,32768,eager,29,0.38739
gdn,2048,32768,graph,0,0.14214
gdn,2048,32768,graph,1,0.14172
gdn,2048,32768,graph,2,0.14059
gdn,2048,32768,graph,3,0.14128
gdn,2048,32768,graph,4,0.14102
gdn,2048,32768,graph,5,0.14133
gdn,2048,32768,graph,6,0.14087
gdn,2048,32768,graph,7,0.14179
gdn,2048,32768,graph,8,0.14104
gdn,2048,32768,graph,9,0.14128
gdn,2048,32768,graph,10,0.14157
gdn,2048,32768,graph,11,0.14060
gdn,2048,32768,graph,12,0.14113
gdn,2048,32768,graph,13,0.14118
gdn,2048,32768,graph,14,0.14123
gdn,2048,32768,graph,15,0.14103
gdn,2048,32768,graph,16,0.14106
gdn,2048,32768,graph,17,0.14110
gdn,2048,32768,graph,18,0.14093
gdn,2048,32768,graph,19,0.14068
gdn,2048,32768,graph,20,0.14130
gdn,2048,32768,graph,21,0.14114
gdn,2048,32768,graph,22,0.14081
gdn,2048,32768,graph,23,0.14181
gdn,2048,32768,graph,24,0.14140
gdn,2048,32768,graph,25,0.14107
gdn,2048,32768,graph,26,0.14125
gdn,2048,32768,graph,27,0.14149
gdn,2048,32768,graph,28,0.14176
gdn,2048,32768,graph,29,0.14152
gdn,2048,32768,eager,0,0.47565
gdn,2048,32768,eager,1,0.44285
gdn,2048,32768,eager,2,0.42688
gdn,2048,32768,eager,3,0.41424
gdn,2048,32768,eager,4,0.41120
gdn,2048,32768,eager,5,0.41773
gdn,2048,32768,eager,6,0.41341
gdn,2048,32768,eager,7,0.40576
gdn,2048,32768,eager,8,0.40112
gdn,2048,32768,eager,9,0.40573
gdn,2048,32768,eager,10,0.39901
gdn,2048,32768,eager,11,0.42474
gdn,2048,32768,eager,12,0.40573
gdn,2048,32768,eager,13,0.40749
gdn,2048,32768,eager,14,0.42086
gdn,2048,32768,eager,15,0.40918
gdn,2048,32768,eager,16,0.40560
gdn,2048,32768,eager,17,0.40506
gdn,2048,32768,eager,18,0.42842
gdn,2048,32768,eager,19,0.40333
gdn,2048,32768,eager,20,0.41789
gdn,2048,32768,eager,21,0.40474
gdn,2048,32768,eager,22,0.40080
gdn,2048,32768,eager,23,0.40093
gdn,2048,32768,eager,24,0.42621
gdn,2048,32768,eager,25,0.41274
gdn,2048,32768,eager,26,0.40093
gdn,2048,32768,eager,27,0.40867
gdn,2048,32768,eager,28,0.39741
gdn,2048,32768,eager,29,0.42029
gdn,4096,32768,graph,0,0.22669
gdn,4096,32768,graph,1,0.22628
gdn,4096,32768,graph,2,0.22630
gdn,4096,32768,graph,3,0.22656
gdn,4096,32768,graph,4,0.22671
gdn,4096,32768,graph,5,0.22627
gdn,4096,32768,graph,6,0.22697
gdn,4096,32768,graph,7,0.22577
gdn,4096,32768,graph,8,0.22682
gdn,4096,32768,graph,9,0.22659
gdn,4096,32768,graph,10,0.22586
gdn,4096,32768,graph,11,0.22739
gdn,4096,32768,graph,12,0.22571
gdn,4096,32768,graph,13,0.22676
gdn,4096,32768,graph,14,0.22717
gdn,4096,32768,graph,15,0.22607
gdn,4096,32768,graph,16,0.22623
gdn,4096,32768,graph,17,0.22667
gdn,4096,32768,graph,18,0.22592
gdn,4096,32768,graph,19,0.22604
gdn,4096,32768,graph,20,0.22633
gdn,4096,32768,graph,21,0.22711
gdn,4096,32768,graph,22,0.22685
gdn,4096,32768,graph,23,0.22606
gdn,4096,32768,graph,24,0.22668
gdn,4096,32768,graph,25,0.22581
gdn,4096,32768,graph,26,0.22558
gdn,4096,32768,graph,27,0.22703
gdn,4096,32768,graph,28,0.22641
gdn,4096,32768,graph,29,0.22627
gdn,4096,32768,eager,0,0.49731
gdn,4096,32768,eager,1,0.47846
gdn,4096,32768,eager,2,0.47037
gdn,4096,32768,eager,3,0.47456
gdn,4096,32768,eager,4,0.46982
gdn,4096,32768,eager,5,0.48918
gdn,4096,32768,eager,6,0.47738
gdn,4096,32768,eager,7,0.46544
gdn,4096,32768,eager,8,0.46374
gdn,4096,32768,eager,9,0.46512
gdn,4096,32768,eager,10,0.46445
gdn,4096,32768,eager,11,0.47744
gdn,4096,32768,eager,12,0.46733
gdn,4096,32768,eager,13,0.47146
gdn,4096,32768,eager,14,0.45853
gdn,4096,32768,eager,15,0.45901
gdn,4096,32768,eager,16,0.47386
gdn,4096,32768,eager,17,0.46845
gdn,4096,32768,eager,18,0.46400
gdn,4096,32768,eager,19,0.45926
gdn,4096,32768,eager,20,0.45898
gdn,4096,32768,eager,21,0.45597
gdn,4096,32768,eager,22,0.46774
gdn,4096,32768,eager,23,0.46538
gdn,4096,32768,eager,24,0.46218
gdn,4096,32768,eager,25,0.46141
gdn,4096,32768,eager,26,0.46211
gdn,4096,32768,eager,27,0.45786
gdn,4096,32768,eager,28,0.45875
gdn,4096,32768,eager,29,0.47027
gdn,8192,32768,graph,0,0.39712
gdn,8192,32768,graph,1,0.39640
gdn,8192,32768,graph,2,0.39591
gdn,8192,32768,graph,3,0.39765
gdn,8192,32768,graph,4,0.39667
gdn,8192,32768,graph,5,0.39752
gdn,8192,32768,graph,6,0.39702
gdn,8192,32768,graph,7,0.39638
gdn,8192,32768,graph,8,0.39717
gdn,8192,32768,graph,9,0.39612
gdn,8192,32768,graph,10,0.39731
gdn,8192,32768,graph,11,0.39586
gdn,8192,32768,graph,12,0.39569
gdn,8192,32768,graph,13,0.39668
gdn,8192,32768,graph,14,0.39604
gdn,8192,32768,graph,15,0.39714
gdn,8192,32768,graph,16,0.39736
gdn,8192,32768,graph,17,0.39646
gdn,8192,32768,graph,18,0.39799
gdn,8192,32768,graph,19,0.39662
gdn,8192,32768,graph,20,0.39533
gdn,8192,32768,graph,21,0.39566
gdn,8192,32768,graph,22,0.39524
gdn,8192,32768,graph,23,0.39612
gdn,8192,32768,graph,24,0.39570
gdn,8192,32768,graph,25,0.39591
gdn,8192,32768,graph,26,0.39600
gdn,8192,32768,graph,27,0.39672
gdn,8192,32768,graph,28,0.39652
gdn,8192,32768,graph,29,0.39646
gdn,8192,32768,eager,0,0.61194
gdn,8192,32768,eager,1,0.61446
gdn,8192,32768,eager,2,0.61155
gdn,8192,32768,eager,3,0.61014
gdn,8192,32768,eager,4,0.67856
gdn,8192,32768,eager,5,0.61795
gdn,8192,32768,eager,6,0.60982
gdn,8192,32768,eager,7,0.60554
gdn,8192,32768,eager,8,0.62115
gdn,8192,32768,eager,9,0.61171
gdn,8192,32768,eager,10,0.62090
gdn,8192,32768,eager,11,0.61312
gdn,8192,32768,eager,12,0.61382
gdn,8192,32768,eager,13,0.60547
gdn,8192,32768,eager,14,0.59965
gdn,8192,32768,eager,15,0.60787
gdn,8192,32768,eager,16,0.61152
gdn,8192,32768,eager,17,0.61053
gdn,8192,32768,eager,18,0.60941
gdn,8192,32768,eager,19,0.59952
gdn,8192,32768,eager,20,0.60368
gdn,8192,32768,eager,21,0.60778
gdn,8192,32768,eager,22,0.60672
gdn,8192,32768,eager,23,0.60886
gdn,8192,32768,eager,24,0.59840
gdn,8192,32768,eager,25,0.60499
gdn,8192,32768,eager,26,0.61587
gdn,8192,32768,eager,27,0.60477
gdn,8192,32768,eager,28,0.60256
gdn,8192,32768,eager,29,0.60451
gdn,64,65536,graph,0,0.05228
gdn,64,65536,graph,1,0.05267
gdn,64,65536,graph,2,0.05244
gdn,64,65536,graph,3,0.05261
gdn,64,65536,graph,4,0.05251
gdn,64,65536,graph,5,0.05258
gdn,64,65536,graph,6,0.05263
gdn,64,65536,graph,7,0.05243
gdn,64,65536,graph,8,0.05260
gdn,64,65536,graph,9,0.05210
gdn,64,65536,graph,10,0.05210
gdn,64,65536,graph,11,0.05275
gdn,64,65536,graph,12,0.05255
gdn,64,65536,graph,13,0.05232
gdn,64,65536,graph,14,0.05260
gdn,64,65536,graph,15,0.05251
gdn,64,65536,graph,16,0.05250
gdn,64,65536,graph,17,0.05252
gdn,64,65536,graph,18,0.05223
gdn,64,65536,graph,19,0.05245
gdn,64,65536,graph,20,0.05232
gdn,64,65536,graph,21,0.05247
gdn,64,65536,graph,22,0.05259
gdn,64,65536,graph,23,0.05245
gdn,64,65536,graph,24,0.05261
gdn,64,65536,graph,25,0.05262
gdn,64,65536,graph,26,0.05244
gdn,64,65536,graph,27,0.05231
gdn,64,65536,graph,28,0.05231
gdn,64,65536,graph,29,0.05255
gdn,64,65536,eager,0,0.40410
gdn,64,65536,eager,1,0.39264
gdn,64,65536,eager,2,0.41050
gdn,64,65536,eager,3,0.40451
gdn,64,65536,eager,4,0.38774
gdn,64,65536,eager,5,0.39792
gdn,64,65536,eager,6,0.38931
gdn,64,65536,eager,7,0.41149
gdn,64,65536,eager,8,0.40102
gdn,64,65536,eager,9,0.39040
gdn,64,65536,eager,10,0.54467
gdn,64,65536,eager,11,0.41648
gdn,64,65536,eager,12,0.39955
gdn,64,65536,eager,13,0.38675
gdn,64,65536,eager,14,0.39443
gdn,64,65536,eager,15,0.38605
gdn,64,65536,eager,16,0.40720
gdn,64,65536,eager,17,0.39434
gdn,64,65536,eager,18,0.38563
gdn,64,65536,eager,19,0.38986
gdn,64,65536,eager,20,0.38461
gdn,64,65536,eager,21,0.40163
gdn,64,65536,eager,22,0.38842
gdn,64,65536,eager,23,0.38854
gdn,64,65536,eager,24,0.38256
gdn,64,65536,eager,25,0.38883
gdn,64,65536,eager,26,0.40659
gdn,64,65536,eager,27,0.40275
gdn,64,65536,eager,28,0.40691
gdn,64,65536,eager,29,0.38784
gdn,65,65536,graph,0,0.05646
gdn,65,65536,graph,1,0.05613
gdn,65,65536,graph,2,0.05635
gdn,65,65536,graph,3,0.05670
gdn,65,65536,graph,4,0.05630
gdn,65,65536,graph,5,0.05665
gdn,65,65536,graph,6,0.05652
gdn,65,65536,graph,7,0.05687
gdn,65,65536,graph,8,0.05632
gdn,65,65536,graph,9,0.05640
gdn,65,65536,graph,10,0.05635
gdn,65,65536,graph,11,0.05648
gdn,65,65536,graph,12,0.05663
gdn,65,65536,graph,13,0.05638
gdn,65,65536,graph,14,0.05642
gdn,65,65536,graph,15,0.05660
gdn,65,65536,graph,16,0.05662
gdn,65,65536,graph,17,0.05661
gdn,65,65536,graph,18,0.05680
gdn,65,65536,graph,19,0.05655
gdn,65,65536,graph,20,0.05640
gdn,65,65536,graph,21,0.05645
gdn,65,65536,graph,22,0.05624
gdn,65,65536,graph,23,0.05633
gdn,65,65536,graph,24,0.05659
gdn,65,65536,graph,25,0.05657
gdn,65,65536,graph,26,0.05670
gdn,65,65536,graph,27,0.05672
gdn,65,65536,graph,28,0.05644
gdn,65,65536,graph,29,0.05655
gdn,65,65536,eager,0,0.39840
gdn,65,65536,eager,1,0.42819
gdn,65,65536,eager,2,0.40128
gdn,65,65536,eager,3,0.40480
gdn,65,65536,eager,4,0.42899
gdn,65,65536,eager,5,0.39094
gdn,65,65536,eager,6,0.40077
gdn,65,65536,eager,7,0.38534
gdn,65,65536,eager,8,0.41251
gdn,65,65536,eager,9,0.40413
gdn,65,65536,eager,10,0.38870
gdn,65,65536,eager,11,0.38528
gdn,65,65536,eager,12,0.39098
gdn,65,65536,eager,13,0.40576
gdn,65,65536,eager,14,0.38790
gdn,65,65536,eager,15,0.39200
gdn,65,65536,eager,16,0.38285
gdn,65,65536,eager,17,0.38288
gdn,65,65536,eager,18,0.38640
gdn,65,65536,eager,19,0.37917
gdn,65,65536,eager,20,0.40506
gdn,65,65536,eager,21,0.39235
gdn,65,65536,eager,22,0.39120
gdn,65,65536,eager,23,0.38304
gdn,65,65536,eager,24,0.37840
gdn,65,65536,eager,25,0.38973
gdn,65,65536,eager,26,0.38246
gdn,65,65536,eager,27,0.40266
gdn,65,65536,eager,28,0.38906
gdn,65,65536,eager,29,0.38998
gdn,128,65536,graph,0,0.05744
gdn,128,65536,graph,1,0.05734
gdn,128,65536,graph,2,0.05727
gdn,128,65536,graph,3,0.05738
gdn,128,65536,graph,4,0.05741
gdn,128,65536,graph,5,0.05752
gdn,128,65536,graph,6,0.05730
gdn,128,65536,graph,7,0.05726
gdn,128,65536,graph,8,0.05723
gdn,128,65536,graph,9,0.05744
gdn,128,65536,graph,10,0.05752
gdn,128,65536,graph,11,0.05736
gdn,128,65536,graph,12,0.05738
gdn,128,65536,graph,13,0.05747
gdn,128,65536,graph,14,0.05742
gdn,128,65536,graph,15,0.05773
gdn,128,65536,graph,16,0.05716
gdn,128,65536,graph,17,0.05746
gdn,128,65536,graph,18,0.05754
gdn,128,65536,graph,19,0.05734
gdn,128,65536,graph,20,0.05757
gdn,128,65536,graph,21,0.05745
gdn,128,65536,graph,22,0.05750
gdn,128,65536,graph,23,0.05742
gdn,128,65536,graph,24,0.05734
gdn,128,65536,graph,25,0.05734
gdn,128,65536,graph,26,0.05740
gdn,128,65536,graph,27,0.05732
gdn,128,65536,graph,28,0.05746
gdn,128,65536,graph,29,0.05728
gdn,128,65536,eager,0,0.40192
gdn,128,65536,eager,1,0.39325
gdn,128,65536,eager,2,0.39475
gdn,128,65536,eager,3,0.39837
gdn,128,65536,eager,4,0.40230
gdn,128,65536,eager,5,0.41578
gdn,128,65536,eager,6,0.39581
gdn,128,65536,eager,7,0.41629
gdn,128,65536,eager,8,0.39514
gdn,128,65536,eager,9,0.40438
gdn,128,65536,eager,10,0.38598
gdn,128,65536,eager,11,0.39050
gdn,128,65536,eager,12,0.38637
gdn,128,65536,eager,13,0.38451
gdn,128,65536,eager,14,0.41619
gdn,128,65536,eager,15,0.39469
gdn,128,65536,eager,16,0.39402
gdn,128,65536,eager,17,0.38867
gdn,128,65536,eager,18,0.40858
gdn,128,65536,eager,19,0.39850
gdn,128,65536,eager,20,0.38742
gdn,128,65536,eager,21,0.39341
gdn,128,65536,eager,22,0.38400
gdn,128,65536,eager,23,0.39690
gdn,128,65536,eager,24,0.38480
gdn,128,65536,eager,25,0.41248
gdn,128,65536,eager,26,0.39344
gdn,128,65536,eager,27,0.38643
gdn,128,65536,eager,28,0.38902
gdn,128,65536,eager,29,0.38330
gdn,129,65536,graph,0,0.06486
gdn,129,65536,graph,1,0.06476
gdn,129,65536,graph,2,0.06500
gdn,129,65536,graph,3,0.06491
gdn,129,65536,graph,4,0.06507
gdn,129,65536,graph,5,0.06511
gdn,129,65536,graph,6,0.06503
gdn,129,65536,graph,7,0.06482
gdn,129,65536,graph,8,0.06526
gdn,129,65536,graph,9,0.06491
gdn,129,65536,graph,10,0.06460
gdn,129,65536,graph,11,0.06510
gdn,129,65536,graph,12,0.06446
gdn,129,65536,graph,13,0.06493
gdn,129,65536,graph,14,0.06491
gdn,129,65536,graph,15,0.06494
gdn,129,65536,graph,16,0.06480
gdn,129,65536,graph,17,0.06466
gdn,129,65536,graph,18,0.06502
gdn,129,65536,graph,19,0.06494
gdn,129,65536,graph,20,0.06456
gdn,129,65536,graph,21,0.06469
gdn,129,65536,graph,22,0.06512
gdn,129,65536,graph,23,0.06483
gdn,129,65536,graph,24,0.06486
gdn,129,65536,graph,25,0.06473
gdn,129,65536,graph,26,0.06482
gdn,129,65536,graph,27,0.06516
gdn,129,65536,graph,28,0.06532
gdn,129,65536,graph,29,0.06524
gdn,129,65536,eager,0,0.40819
gdn,129,65536,eager,1,0.39875
gdn,129,65536,eager,2,0.39245
gdn,129,65536,eager,3,0.39578
gdn,129,65536,eager,4,0.40179
gdn,129,65536,eager,5,0.40822
gdn,129,65536,eager,6,0.38819
gdn,129,65536,eager,7,0.46554
gdn,129,65536,eager,8,0.44416
gdn,129,65536,eager,9,0.42150
gdn,129,65536,eager,10,0.39885
gdn,129,65536,eager,11,0.38902
gdn,129,65536,eager,12,0.39373
gdn,129,65536,eager,13,0.43187
gdn,129,65536,eager,14,0.43661
gdn,129,65536,eager,15,0.40534
gdn,129,65536,eager,16,0.39962
gdn,129,65536,eager,17,0.39901
gdn,129,65536,eager,18,0.44925
gdn,129,65536,eager,19,0.41229
gdn,129,65536,eager,20,0.39498
gdn,129,65536,eager,21,0.39446
gdn,129,65536,eager,22,0.38829
gdn,129,65536,eager,23,0.41245
gdn,129,65536,eager,24,0.39418
gdn,129,65536,eager,25,0.39773
gdn,129,65536,eager,26,0.38656
gdn,129,65536,eager,27,0.38256
gdn,129,65536,eager,28,0.39763
gdn,129,65536,eager,29,0.40454
gdn,256,65536,graph,0,0.06853
gdn,256,65536,graph,1,0.06855
gdn,256,65536,graph,2,0.06841
gdn,256,65536,graph,3,0.06835
gdn,256,65536,graph,4,0.06836
gdn,256,65536,graph,5,0.06843
gdn,256,65536,graph,6,0.06827
gdn,256,65536,graph,7,0.06822
gdn,256,65536,graph,8,0.06841
gdn,256,65536,graph,9,0.06830
gdn,256,65536,graph,10,0.06842
gdn,256,65536,graph,11,0.06833
gdn,256,65536,graph,12,0.06817
gdn,256,65536,graph,13,0.06803
gdn,256,65536,graph,14,0.06805
gdn,256,65536,graph,15,0.06856
gdn,256,65536,graph,16,0.06848
gdn,256,65536,graph,17,0.06793
gdn,256,65536,graph,18,0.06822
gdn,256,65536,graph,19,0.06858
gdn,256,65536,graph,20,0.06844
gdn,256,65536,graph,21,0.06837
gdn,256,65536,graph,22,0.06842
gdn,256,65536,graph,23,0.06843
gdn,256,65536,graph,24,0.06816
gdn,256,65536,graph,25,0.06812
gdn,256,65536,graph,26,0.06833
gdn,256,65536,graph,27,0.06836
gdn,256,65536,graph,28,0.06865
gdn,256,65536,graph,29,0.06834
gdn,256,65536,eager,0,0.40454
gdn,256,65536,eager,1,0.43997
gdn,256,65536,eager,2,0.40858
gdn,256,65536,eager,3,0.40115
gdn,256,65536,eager,4,0.39363
gdn,256,65536,eager,5,0.38496
gdn,256,65536,eager,6,0.39197
gdn,256,65536,eager,7,0.40675
gdn,256,65536,eager,8,0.40179
gdn,256,65536,eager,9,0.39648
gdn,256,65536,eager,10,0.39651
gdn,256,65536,eager,11,0.38944
gdn,256,65536,eager,12,0.38806
gdn,256,65536,eager,13,0.40419
gdn,256,65536,eager,14,0.39136
gdn,256,65536,eager,15,0.39578
gdn,256,65536,eager,16,0.38678
gdn,256,65536,eager,17,0.39261
gdn,256,65536,eager,18,0.40006
gdn,256,65536,eager,19,0.39130
gdn,256,65536,eager,20,0.38810
gdn,256,65536,eager,21,0.38320
gdn,256,65536,eager,22,0.38995
gdn,256,65536,eager,23,0.38170
gdn,256,65536,eager,24,0.39104
gdn,256,65536,eager,25,0.40304
gdn,256,65536,eager,26,0.38838
gdn,256,65536,eager,27,0.39021
gdn,256,65536,eager,28,0.38406
gdn,256,65536,eager,29,0.38861
gdn,512,65536,graph,0,0.09760
gdn,512,65536,graph,1,0.09770
gdn,512,65536,graph,2,0.09741
gdn,512,65536,graph,3,0.09739
gdn,512,65536,graph,4,0.09742
gdn,512,65536,graph,5,0.09699
gdn,512,65536,graph,6,0.09826
gdn,512,65536,graph,7,0.09740
gdn,512,65536,graph,8,0.09739
gdn,512,65536,graph,9,0.09811
gdn,512,65536,graph,10,0.09717
gdn,512,65536,graph,11,0.09764
gdn,512,65536,graph,12,0.09710
gdn,512,65536,graph,13,0.09720
gdn,512,65536,graph,14,0.09745
gdn,512,65536,graph,15,0.09750
gdn,512,65536,graph,16,0.09757
gdn,512,65536,graph,17,0.09768
gdn,512,65536,graph,18,0.09763
gdn,512,65536,graph,19,0.09781
gdn,512,65536,graph,20,0.09754
gdn,512,65536,graph,21,0.09768
gdn,512,65536,graph,22,0.09703
gdn,512,65536,graph,23,0.09774
gdn,512,65536,graph,24,0.09769
gdn,512,65536,graph,25,0.09787
gdn,512,65536,graph,26,0.09778
gdn,512,65536,graph,27,0.09763
gdn,512,65536,graph,28,0.09744
gdn,512,65536,graph,29,0.09702
gdn,512,65536,eager,0,0.41370
gdn,512,65536,eager,1,0.40915
gdn,512,65536,eager,2,0.39581
gdn,512,65536,eager,3,0.42694
gdn,512,65536,eager,4,0.40288
gdn,512,65536,eager,5,0.44026
gdn,512,65536,eager,6,0.39811
gdn,512,65536,eager,7,0.39085
gdn,512,65536,eager,8,0.42813
gdn,512,65536,eager,9,0.40954
gdn,512,65536,eager,10,0.41072
gdn,512,65536,eager,11,0.39542
gdn,512,65536,eager,12,0.43062
gdn,512,65536,eager,13,0.39933
gdn,512,65536,eager,14,0.39443
gdn,512,65536,eager,15,0.38819
gdn,512,65536,eager,16,0.38275
gdn,512,65536,eager,17,0.39091
gdn,512,65536,eager,18,0.40339
gdn,512,65536,eager,19,0.40512
gdn,512,65536,eager,20,0.38979
gdn,512,65536,eager,21,0.46438
gdn,512,65536,eager,22,0.41117
gdn,512,65536,eager,23,0.42096
gdn,512,65536,eager,24,0.39987
gdn,512,65536,eager,25,0.39398
gdn,512,65536,eager,26,0.39728
gdn,512,65536,eager,27,0.38691
gdn,512,65536,eager,28,0.39501
gdn,512,65536,eager,29,0.40739
gdn,1024,65536,graph,0,0.09918
gdn,1024,65536,graph,1,0.09977
gdn,1024,65536,graph,2,0.09964
gdn,1024,65536,graph,3,0.09951
gdn,1024,65536,graph,4,0.10026
gdn,1024,65536,graph,5,0.09937
gdn,1024,65536,graph,6,0.09972
gdn,1024,65536,graph,7,0.09949
gdn,1024,65536,graph,8,0.09944
gdn,1024,65536,graph,9,0.09964
gdn,1024,65536,graph,10,0.09960
gdn,1024,65536,graph,11,0.09945
gdn,1024,65536,graph,12,0.09957
gdn,1024,65536,graph,13,0.09958
gdn,1024,65536,graph,14,0.09979
gdn,1024,65536,graph,15,0.09939
gdn,1024,65536,graph,16,0.09939
gdn,1024,65536,graph,17,0.10002
gdn,1024,65536,graph,18,0.09964
gdn,1024,65536,graph,19,0.09948
gdn,1024,65536,graph,20,0.09958
gdn,1024,65536,graph,21,0.09957
gdn,1024,65536,graph,22,0.09942
gdn,1024,65536,graph,23,0.09924
gdn,1024,65536,graph,24,0.09952
gdn,1024,65536,graph,25,0.10004
gdn,1024,65536,graph,26,0.09939
gdn,1024,65536,graph,27,0.09957
gdn,1024,65536,graph,28,0.09951
gdn,1024,65536,graph,29,0.09988
gdn,1024,65536,eager,0,0.39994
gdn,1024,65536,eager,1,0.42294
gdn,1024,65536,eager,2,0.41530
gdn,1024,65536,eager,3,0.39558
gdn,1024,65536,eager,4,0.39437
gdn,1024,65536,eager,5,0.39002
gdn,1024,65536,eager,6,0.41066
gdn,1024,65536,eager,7,0.39606
gdn,1024,65536,eager,8,0.38765
gdn,1024,65536,eager,9,0.51741
gdn,1024,65536,eager,10,0.41062
gdn,1024,65536,eager,11,0.40144
gdn,1024,65536,eager,12,0.39213
gdn,1024,65536,eager,13,0.39386
gdn,1024,65536,eager,14,0.39546
gdn,1024,65536,eager,15,0.41446
gdn,1024,65536,eager,16,0.39475
gdn,1024,65536,eager,17,0.39338
gdn,1024,65536,eager,18,0.39014
gdn,1024,65536,eager,19,0.38742
gdn,1024,65536,eager,20,0.39382
gdn,1024,65536,eager,21,0.40672
gdn,1024,65536,eager,22,0.40698
gdn,1024,65536,eager,23,0.39005
gdn,1024,65536,eager,24,0.38458
gdn,1024,65536,eager,25,0.38954
gdn,1024,65536,eager,26,0.38742
gdn,1024,65536,eager,27,0.40966
gdn,1024,65536,eager,28,0.39034
gdn,1024,65536,eager,29,0.39430
gdn,2048,65536,graph,0,0.14020
gdn,2048,65536,graph,1,0.14155
gdn,2048,65536,graph,2,0.14180
gdn,2048,65536,graph,3,0.14120
gdn,2048,65536,graph,4,0.14142
gdn,2048,65536,graph,5,0.14168
gdn,2048,65536,graph,6,0.14165
gdn,2048,65536,graph,7,0.14097
gdn,2048,65536,graph,8,0.14115
gdn,2048,65536,graph,9,0.14096
gdn,2048,65536,graph,10,0.14173
gdn,2048,65536,graph,11,0.14184
gdn,2048,65536,graph,12,0.14115
gdn,2048,65536,graph,13,0.14089
gdn,2048,65536,graph,14,0.14098
gdn,2048,65536,graph,15,0.14095
gdn,2048,65536,graph,16,0.14146
gdn,2048,65536,graph,17,0.14072
gdn,2048,65536,graph,18,0.14147
gdn,2048,65536,graph,19,0.14169
gdn,2048,65536,graph,20,0.14184
gdn,2048,65536,graph,21,0.14165
gdn,2048,65536,graph,22,0.14087
gdn,2048,65536,graph,23,0.14174
gdn,2048,65536,graph,24,0.14034
gdn,2048,65536,graph,25,0.14131
gdn,2048,65536,graph,26,0.14073
gdn,2048,65536,graph,27,0.14131
gdn,2048,65536,graph,28,0.14106
gdn,2048,65536,graph,29,0.14168
gdn,2048,65536,eager,0,0.41318
gdn,2048,65536,eager,1,0.44288
gdn,2048,65536,eager,2,0.41466
gdn,2048,65536,eager,3,0.50406
gdn,2048,65536,eager,4,0.40605
gdn,2048,65536,eager,5,0.41574
gdn,2048,65536,eager,6,0.42682
gdn,2048,65536,eager,7,0.41363
gdn,2048,65536,eager,8,0.40522
gdn,2048,65536,eager,9,0.41232
gdn,2048,65536,eager,10,0.42214
gdn,2048,65536,eager,11,0.40768
gdn,2048,65536,eager,12,0.40573
gdn,2048,65536,eager,13,0.40054
gdn,2048,65536,eager,14,0.42490
gdn,2048,65536,eager,15,0.40851
gdn,2048,65536,eager,16,0.41302
gdn,2048,65536,eager,17,0.40218
gdn,2048,65536,eager,18,0.40371
gdn,2048,65536,eager,19,0.42269
gdn,2048,65536,eager,20,0.41002
gdn,2048,65536,eager,21,0.40966
gdn,2048,65536,eager,22,0.40243
gdn,2048,65536,eager,23,0.40128
gdn,2048,65536,eager,24,0.41414
gdn,2048,65536,eager,25,0.41459
gdn,2048,65536,eager,26,0.40266
gdn,2048,65536,eager,27,0.40448
gdn,2048,65536,eager,28,0.41110
gdn,2048,65536,eager,29,0.40282
gdn,4096,65536,graph,0,0.22712
gdn,4096,65536,graph,1,0.22688
gdn,4096,65536,graph,2,0.22642
gdn,4096,65536,graph,3,0.22660
gdn,4096,65536,graph,4,0.22623
gdn,4096,65536,graph,5,0.22697
gdn,4096,65536,graph,6,0.22683
gdn,4096,65536,graph,7,0.22607
gdn,4096,65536,graph,8,0.22536
gdn,4096,65536,graph,9,0.22600
gdn,4096,65536,graph,10,0.22614
gdn,4096,65536,graph,11,0.22637
gdn,4096,65536,graph,12,0.22578
gdn,4096,65536,graph,13,0.22699
gdn,4096,65536,graph,14,0.22632
gdn,4096,65536,graph,15,0.22603
gdn,4096,65536,graph,16,0.22683
gdn,4096,65536,graph,17,0.22739
gdn,4096,65536,graph,18,0.22662
gdn,4096,65536,graph,19,0.22645
gdn,4096,65536,graph,20,0.22674
gdn,4096,65536,graph,21,0.22657
gdn,4096,65536,graph,22,0.22647
gdn,4096,65536,graph,23,0.22640
gdn,4096,65536,graph,24,0.22595
gdn,4096,65536,graph,25,0.22608
gdn,4096,65536,graph,26,0.22657
gdn,4096,65536,graph,27,0.22623
gdn,4096,65536,graph,28,0.22587
gdn,4096,65536,graph,29,0.22604
gdn,4096,65536,eager,0,0.52464
gdn,4096,65536,eager,1,0.49923
gdn,4096,65536,eager,2,0.49917
gdn,4096,65536,eager,3,0.49200
gdn,4096,65536,eager,4,0.51008
gdn,4096,65536,eager,5,0.49299
gdn,4096,65536,eager,6,0.48509
gdn,4096,65536,eager,7,0.48387
gdn,4096,65536,eager,8,0.50854
gdn,4096,65536,eager,9,0.49437
gdn,4096,65536,eager,10,0.48643
gdn,4096,65536,eager,11,0.48141
gdn,4096,65536,eager,12,0.49245
gdn,4096,65536,eager,13,0.54045
gdn,4096,65536,eager,14,0.47466
gdn,4096,65536,eager,15,0.49744
gdn,4096,65536,eager,16,0.49085
gdn,4096,65536,eager,17,0.49222
gdn,4096,65536,eager,18,0.47434
gdn,4096,65536,eager,19,0.50170
gdn,4096,65536,eager,20,0.49971
gdn,4096,65536,eager,21,0.48397
gdn,4096,65536,eager,22,0.47363
gdn,4096,65536,eager,23,0.46957
gdn,4096,65536,eager,24,0.48707
gdn,4096,65536,eager,25,0.48160
gdn,4096,65536,eager,26,0.46714
gdn,4096,65536,eager,27,0.47350
gdn,4096,65536,eager,28,0.46045
gdn,4096,65536,eager,29,0.48621
gdn,8192,65536,graph,0,0.39601
gdn,8192,65536,graph,1,0.39503
gdn,8192,65536,graph,2,0.39489
gdn,8192,65536,graph,3,0.39469
gdn,8192,65536,graph,4,0.39472
gdn,8192,65536,graph,5,0.39525
gdn,8192,65536,graph,6,0.39452
gdn,8192,65536,graph,7,0.39497
gdn,8192,65536,graph,8,0.39480
gdn,8192,65536,graph,9,0.39515
gdn,8192,65536,graph,10,0.39458
gdn,8192,65536,graph,11,0.39501
gdn,8192,65536,graph,12,0.39391
gdn,8192,65536,graph,13,0.39446
gdn,8192,65536,graph,14,0.39488
gdn,8192,65536,graph,15,0.39521
gdn,8192,65536,graph,16,0.39540
gdn,8192,65536,graph,17,0.39528
gdn,8192,65536,graph,18,0.39610
gdn,8192,65536,graph,19,0.39584
gdn,8192,65536,graph,20,0.39424
gdn,8192,65536,graph,21,0.39630
gdn,8192,65536,graph,22,0.39656
gdn,8192,65536,graph,23,0.39635
gdn,8192,65536,graph,24,0.39652
gdn,8192,65536,graph,25,0.39711
gdn,8192,65536,graph,26,0.39743
gdn,8192,65536,graph,27,0.39678
gdn,8192,65536,graph,28,0.39612
gdn,8192,65536,graph,29,0.39652
gdn,8192,65536,eager,0,0.62390
gdn,8192,65536,eager,1,0.60851
gdn,8192,65536,eager,2,0.62189
gdn,8192,65536,eager,3,0.61600
gdn,8192,65536,eager,4,0.60669
gdn,8192,65536,eager,5,0.61325
gdn,8192,65536,eager,6,0.60496
gdn,8192,65536,eager,7,0.61987
gdn,8192,65536,eager,8,0.61350
gdn,8192,65536,eager,9,0.61200
gdn,8192,65536,eager,10,0.60605
gdn,8192,65536,eager,11,0.60618
gdn,8192,65536,eager,12,0.60349
gdn,8192,65536,eager,13,0.61574
gdn,8192,65536,eager,14,0.61104
gdn,8192,65536,eager,15,0.60019
gdn,8192,65536,eager,16,0.60464
gdn,8192,65536,eager,17,0.61197
gdn,8192,65536,eager,18,0.61267
gdn,8192,65536,eager,19,0.60333
gdn,8192,65536,eager,20,0.60291
gdn,8192,65536,eager,21,0.60291
gdn,8192,65536,eager,22,0.61558
gdn,8192,65536,eager,23,0.61830
gdn,8192,65536,eager,24,0.61123
gdn,8192,65536,eager,25,0.61334
gdn,8192,65536,eager,26,0.61290
gdn,8192,65536,eager,27,0.61107
gdn,8192,65536,eager,28,0.60845
gdn,8192,65536,eager,29,0.60358
gdn,64,131072,graph,0,0.05239
gdn,64,131072,graph,1,0.05260
gdn,64,131072,graph,2,0.05263
gdn,64,131072,graph,3,0.05216
gdn,64,131072,graph,4,0.05263
gdn,64,131072,graph,5,0.05245
gdn,64,131072,graph,6,0.05291
gdn,64,131072,graph,7,0.05241
gdn,64,131072,graph,8,0.05267
gdn,64,131072,graph,9,0.05207
gdn,64,131072,graph,10,0.05249
gdn,64,131072,graph,11,0.05243
gdn,64,131072,graph,12,0.05234
gdn,64,131072,graph,13,0.05240
gdn,64,131072,graph,14,0.05257
gdn,64,131072,graph,15,0.05232
gdn,64,131072,graph,16,0.05257
gdn,64,131072,graph,17,0.05240
gdn,64,131072,graph,18,0.05226
gdn,64,131072,graph,19,0.05254
gdn,64,131072,graph,20,0.05234
gdn,64,131072,graph,21,0.05246
gdn,64,131072,graph,22,0.05251
gdn,64,131072,graph,23,0.05242
gdn,64,131072,graph,24,0.05248
gdn,64,131072,graph,25,0.05227
gdn,64,131072,graph,26,0.05236
gdn,64,131072,graph,27,0.05233
gdn,64,131072,graph,28,0.05235
gdn,64,131072,graph,29,0.05262
gdn,64,131072,eager,0,0.40438
gdn,64,131072,eager,1,0.42006
gdn,64,131072,eager,2,0.41027
gdn,64,131072,eager,3,0.39434
gdn,64,131072,eager,4,0.39440
gdn,64,131072,eager,5,0.41190
gdn,64,131072,eager,6,0.39955
gdn,64,131072,eager,7,0.38832
gdn,64,131072,eager,8,0.38746
gdn,64,131072,eager,9,0.39149
gdn,64,131072,eager,10,0.38570
gdn,64,131072,eager,11,0.38726
gdn,64,131072,eager,12,0.38378
gdn,64,131072,eager,13,0.39734
gdn,64,131072,eager,14,0.38803
gdn,64,131072,eager,15,0.38586
gdn,64,131072,eager,16,0.38838
gdn,64,131072,eager,17,0.38739
gdn,64,131072,eager,18,0.39350
gdn,64,131072,eager,19,0.39667
gdn,64,131072,eager,20,0.39046
gdn,64,131072,eager,21,0.39382
gdn,64,131072,eager,22,0.38880
gdn,64,131072,eager,23,0.38602
gdn,64,131072,eager,24,0.39395
gdn,64,131072,eager,25,0.39782
gdn,64,131072,eager,26,0.38589
gdn,64,131072,eager,27,0.38294
gdn,64,131072,eager,28,0.38851
gdn,64,131072,eager,29,0.38243
gdn,65,131072,graph,0,0.05702
gdn,65,131072,graph,1,0.05674
gdn,65,131072,graph,2,0.05647
gdn,65,131072,graph,3,0.05667
gdn,65,131072,graph,4,0.05662
gdn,65,131072,graph,5,0.05648
gdn,65,131072,graph,6,0.05648
gdn,65,131072,graph,7,0.05621
gdn,65,131072,graph,8,0.05688
gdn,65,131072,graph,9,0.05637
gdn,65,131072,graph,10,0.05631
gdn,65,131072,graph,11,0.05685
gdn,65,131072,graph,12,0.05648
gdn,65,131072,graph,13,0.05665
gdn,65,131072,graph,14,0.05636
gdn,65,131072,graph,15,0.05651
gdn,65,131072,graph,16,0.05622
gdn,65,131072,graph,17,0.05660
gdn,65,131072,graph,18,0.05646
gdn,65,131072,graph,19,0.05637
gdn,65,131072,graph,20,0.05665
gdn,65,131072,graph,21,0.05673
gdn,65,131072,graph,22,0.05634
gdn,65,131072,graph,23,0.05637
gdn,65,131072,graph,24,0.05671
gdn,65,131072,graph,25,0.05672
gdn,65,131072,graph,26,0.05649
gdn,65,131072,graph,27,0.05666
gdn,65,131072,graph,28,0.05675
gdn,65,131072,graph,29,0.05665
gdn,65,131072,eager,0,0.40198
gdn,65,131072,eager,1,0.39798
gdn,65,131072,eager,2,0.39206
gdn,65,131072,eager,3,0.41299
gdn,65,131072,eager,4,0.40886
gdn,65,131072,eager,5,0.40154
gdn,65,131072,eager,6,0.41030
gdn,65,131072,eager,7,0.41459
gdn,65,131072,eager,8,0.40102
gdn,65,131072,eager,9,0.39510
gdn,65,131072,eager,10,0.39325
gdn,65,131072,eager,11,0.41302
gdn,65,131072,eager,12,0.39766
gdn,65,131072,eager,13,0.39926
gdn,65,131072,eager,14,0.40141
gdn,65,131072,eager,15,0.40022
gdn,65,131072,eager,16,0.38902
gdn,65,131072,eager,17,0.47712
gdn,65,131072,eager,18,0.44614
gdn,65,131072,eager,19,0.42051
gdn,65,131072,eager,20,0.39728
gdn,65,131072,eager,21,0.38813
gdn,65,131072,eager,22,0.39699
gdn,65,131072,eager,23,0.40563
gdn,65,131072,eager,24,0.40109
gdn,65,131072,eager,25,0.39264
gdn,65,131072,eager,26,0.39328
gdn,65,131072,eager,27,0.38720
gdn,65,131072,eager,28,0.38557
gdn,65,131072,eager,29,0.39965
gdn,128,131072,graph,0,0.05766
gdn,128,131072,graph,1,0.05748
gdn,128,131072,graph,2,0.05746
gdn,128,131072,graph,3,0.05766
gdn,128,131072,graph,4,0.05742
gdn,128,131072,graph,5,0.05773
gdn,128,131072,graph,6,0.05743
gdn,128,131072,graph,7,0.05744
gdn,128,131072,graph,8,0.05766
gdn,128,131072,graph,9,0.05730
gdn,128,131072,graph,10,0.05769
gdn,128,131072,graph,11,0.05756
gdn,128,131072,graph,12,0.05740
gdn,128,131072,graph,13,0.05755
gdn,128,131072,graph,14,0.05763
gdn,128,131072,graph,15,0.05748
gdn,128,131072,graph,16,0.05758
gdn,128,131072,graph,17,0.05763
gdn,128,131072,graph,18,0.05729
gdn,128,131072,graph,19,0.05747
gdn,128,131072,graph,20,0.06027
gdn,128,131072,graph,21,0.05742
gdn,128,131072,graph,22,0.05765
gdn,128,131072,graph,23,0.05766
gdn,128,131072,graph,24,0.05752
gdn,128,131072,graph,25,0.05757
gdn,128,131072,graph,26,0.05760
gdn,128,131072,graph,27,0.05745
gdn,128,131072,graph,28,0.05727
gdn,128,131072,graph,29,0.05766
gdn,128,131072,eager,0,0.42048
gdn,128,131072,eager,1,0.41030
gdn,128,131072,eager,2,0.39347
gdn,128,131072,eager,3,0.39613
gdn,128,131072,eager,4,0.41514
gdn,128,131072,eager,5,0.40726
gdn,128,131072,eager,6,0.39069
gdn,128,131072,eager,7,0.40557
gdn,128,131072,eager,8,0.40173
gdn,128,131072,eager,9,0.41645
gdn,128,131072,eager,10,0.42666
gdn,128,131072,eager,11,0.39254
gdn,128,131072,eager,12,0.38995
gdn,128,131072,eager,13,0.40474
gdn,128,131072,eager,14,0.39677
gdn,128,131072,eager,15,0.38867
gdn,128,131072,eager,16,0.38490
gdn,128,131072,eager,17,0.41050
gdn,128,131072,eager,18,0.39587
gdn,128,131072,eager,19,0.39680
gdn,128,131072,eager,20,0.38538
gdn,128,131072,eager,21,0.38989
gdn,128,131072,eager,22,0.38688
gdn,128,131072,eager,23,0.38326
gdn,128,131072,eager,24,0.39923
gdn,128,131072,eager,25,0.39766
gdn,128,131072,eager,26,0.39491
gdn,128,131072,eager,27,0.38614
gdn,128,131072,eager,28,0.38592
gdn,128,131072,eager,29,0.38464
gdn,129,131072,graph,0,0.06486
gdn,129,131072,graph,1,0.06622
gdn,129,131072,graph,2,0.06523
gdn,129,131072,graph,3,0.06538
gdn,129,131072,graph,4,0.06525
gdn,129,131072,graph,5,0.06514
gdn,129,131072,graph,6,0.06488
gdn,129,131072,graph,7,0.06472
gdn,129,131072,graph,8,0.06479
gdn,129,131072,graph,9,0.06467
gdn,129,131072,graph,10,0.06489
gdn,129,131072,graph,11,0.06475
gdn,129,131072,graph,12,0.06499
gdn,129,131072,graph,13,0.06496
gdn,129,131072,graph,14,0.06499
gdn,129,131072,graph,15,0.06503
gdn,129,131072,graph,16,0.06500
gdn,129,131072,graph,17,0.06512
gdn,129,131072,graph,18,0.06491
gdn,129,131072,graph,19,0.06545
gdn,129,131072,graph,20,0.06513
gdn,129,131072,graph,21,0.06484
gdn,129,131072,graph,22,0.06463
gdn,129,131072,graph,23,0.06546
gdn,129,131072,graph,24,0.06513
gdn,129,131072,graph,25,0.06494
gdn,129,131072,graph,26,0.06504
gdn,129,131072,graph,27,0.06488
gdn,129,131072,graph,28,0.06515
gdn,129,131072,graph,29,0.06509
gdn,129,131072,eager,0,0.44794
gdn,129,131072,eager,1,0.41702
gdn,129,131072,eager,2,0.41251
gdn,129,131072,eager,3,0.39725
gdn,129,131072,eager,4,0.39402
gdn,129,131072,eager,5,0.43014
gdn,129,131072,eager,6,0.39638
gdn,129,131072,eager,7,0.39622
gdn,129,131072,eager,8,0.38787
gdn,129,131072,eager,9,0.39802
gdn,129,131072,eager,10,0.39635
gdn,129,131072,eager,11,0.39760
gdn,129,131072,eager,12,0.39507
gdn,129,131072,eager,13,0.38598
gdn,129,131072,eager,14,0.38685
gdn,129,131072,eager,15,0.38550
gdn,129,131072,eager,16,0.39235
gdn,129,131072,eager,17,0.41280
gdn,129,131072,eager,18,0.39482
gdn,129,131072,eager,19,0.44646
gdn,129,131072,eager,20,0.40950
gdn,129,131072,eager,21,0.40454
gdn,129,131072,eager,22,0.38858
gdn,129,131072,eager,23,0.39386
gdn,129,131072,eager,24,0.38323
gdn,129,131072,eager,25,0.39453
gdn,129,131072,eager,26,0.40291
gdn,129,131072,eager,27,0.41478
gdn,129,131072,eager,28,0.40730
gdn,129,131072,eager,29,0.38662
gdn,256,131072,graph,0,0.06813
gdn,256,131072,graph,1,0.06803
gdn,256,131072,graph,2,0.06836
gdn,256,131072,graph,3,0.06820
gdn,256,131072,graph,4,0.06829
gdn,256,131072,graph,5,0.06827
gdn,256,131072,graph,6,0.06824
gdn,256,131072,graph,7,0.06831
gdn,256,131072,graph,8,0.06798
gdn,256,131072,graph,9,0.06831
gdn,256,131072,graph,10,0.06830
gdn,256,131072,graph,11,0.06813
gdn,256,131072,graph,12,0.06792
gdn,256,131072,graph,13,0.06847
gdn,256,131072,graph,14,0.06806
gdn,256,131072,graph,15,0.06776
gdn,256,131072,graph,16,0.06780
gdn,256,131072,graph,17,0.06811
gdn,256,131072,graph,18,0.06827
gdn,256,131072,graph,19,0.06814
gdn,256,131072,graph,20,0.06837
gdn,256,131072,graph,21,0.06807
gdn,256,131072,graph,22,0.06823
gdn,256,131072,graph,23,0.06850
gdn,256,131072,graph,24,0.06826
gdn,256,131072,graph,25,0.06821
gdn,256,131072,graph,26,0.06847
gdn,256,131072,graph,27,0.06798
gdn,256,131072,graph,28,0.06794
gdn,256,131072,graph,29,0.06825
gdn,256,131072,eager,0,0.40563
gdn,256,131072,eager,1,0.39984
gdn,256,131072,eager,2,0.41552
gdn,256,131072,eager,3,0.40528
gdn,256,131072,eager,4,0.38909
gdn,256,131072,eager,5,0.39763
gdn,256,131072,eager,6,0.38752
gdn,256,131072,eager,7,0.38358
gdn,256,131072,eager,8,0.39261
gdn,256,131072,eager,9,0.40115
gdn,256,131072,eager,10,0.44755
gdn,256,131072,eager,11,0.39315
gdn,256,131072,eager,12,0.44358
gdn,256,131072,eager,13,0.43222
gdn,256,131072,eager,14,0.41082
gdn,256,131072,eager,15,0.39411
gdn,256,131072,eager,16,0.39027
gdn,256,131072,eager,17,0.39766
gdn,256,131072,eager,18,0.40554
gdn,256,131072,eager,19,0.39965
gdn,256,131072,eager,20,0.38720
gdn,256,131072,eager,21,0.38646
gdn,256,131072,eager,22,0.38186
gdn,256,131072,eager,23,0.38339
gdn,256,131072,eager,24,0.40413
gdn,256,131072,eager,25,0.39341
gdn,256,131072,eager,26,0.39197
gdn,256,131072,eager,27,0.38480
gdn,256,131072,eager,28,0.38832
gdn,256,131072,eager,29,0.38592
gdn,512,131072,graph,0,0.09825
gdn,512,131072,graph,1,0.09766
gdn,512,131072,graph,2,0.09774
gdn,512,131072,graph,3,0.09794
gdn,512,131072,graph,4,0.09755
gdn,512,131072,graph,5,0.09740
gdn,512,131072,graph,6,0.09742
gdn,512,131072,graph,7,0.09718
gdn,512,131072,graph,8,0.09736
gdn,512,131072,graph,9,0.09782
gdn,512,131072,graph,10,0.09767
gdn,512,131072,graph,11,0.09776
gdn,512,131072,graph,12,0.09748
gdn,512,131072,graph,13,0.09793
gdn,512,131072,graph,14,0.09738
gdn,512,131072,graph,15,0.09794
gdn,512,131072,graph,16,0.09707
gdn,512,131072,graph,17,0.09715
gdn,512,131072,graph,18,0.09779
gdn,512,131072,graph,19,0.09741
gdn,512,131072,graph,20,0.09755
gdn,512,131072,graph,21,0.09753
gdn,512,131072,graph,22,0.09808
gdn,512,131072,graph,23,0.09749
gdn,512,131072,graph,24,0.09726
gdn,512,131072,graph,25,0.09759
gdn,512,131072,graph,26,0.09781
gdn,512,131072,graph,27,0.09771
gdn,512,131072,graph,28,0.09750
gdn,512,131072,graph,29,0.09800
gdn,512,131072,eager,0,0.39850
gdn,512,131072,eager,1,0.39978
gdn,512,131072,eager,2,0.39222
gdn,512,131072,eager,3,0.41043
gdn,512,131072,eager,4,0.40320
gdn,512,131072,eager,5,0.39674
gdn,512,131072,eager,6,0.39962
gdn,512,131072,eager,7,0.40662
gdn,512,131072,eager,8,0.41101
gdn,512,131072,eager,9,0.39651
gdn,512,131072,eager,10,0.39238
gdn,512,131072,eager,11,0.39021
gdn,512,131072,eager,12,0.38810
gdn,512,131072,eager,13,0.39136
gdn,512,131072,eager,14,0.42416
gdn,512,131072,eager,15,0.41021
gdn,512,131072,eager,16,0.39005
gdn,512,131072,eager,17,0.43798
gdn,512,131072,eager,18,0.42800
gdn,512,131072,eager,19,0.45853
gdn,512,131072,eager,20,0.40224
gdn,512,131072,eager,21,0.39808
gdn,512,131072,eager,22,0.40826
gdn,512,131072,eager,23,0.39318
gdn,512,131072,eager,24,0.39501
gdn,512,131072,eager,25,0.38768
gdn,512,131072,eager,26,0.40003
gdn,512,131072,eager,27,0.39011
gdn,512,131072,eager,28,0.40717
gdn,512,131072,eager,29,0.40842
gdn,1024,131072,graph,0,0.09907
gdn,1024,131072,graph,1,0.09957
gdn,1024,131072,graph,2,0.09905
gdn,1024,131072,graph,3,0.09941
gdn,1024,131072,graph,4,0.09946
gdn,1024,131072,graph,5,0.09933
gdn,1024,131072,graph,6,0.09951
gdn,1024,131072,graph,7,0.09956
gdn,1024,131072,graph,8,0.09939
gdn,1024,131072,graph,9,0.09939
gdn,1024,131072,graph,10,0.09949
gdn,1024,131072,graph,11,0.09896
gdn,1024,131072,graph,12,0.09963
gdn,1024,131072,graph,13,0.09944
gdn,1024,131072,graph,14,0.09943
gdn,1024,131072,graph,15,0.09955
gdn,1024,131072,graph,16,0.09936
gdn,1024,131072,graph,17,0.09924
gdn,1024,131072,graph,18,0.09929
gdn,1024,131072,graph,19,0.09945
gdn,1024,131072,graph,20,0.09947
gdn,1024,131072,graph,21,0.09930
gdn,1024,131072,graph,22,0.09942
gdn,1024,131072,graph,23,0.09978
gdn,1024,131072,graph,24,0.10003
gdn,1024,131072,graph,25,0.09935
gdn,1024,131072,graph,26,0.09936
gdn,1024,131072,graph,27,0.09974
gdn,1024,131072,graph,28,0.09955
gdn,1024,131072,graph,29,0.09948
gdn,1024,131072,eager,0,0.40547
gdn,1024,131072,eager,1,0.39293
gdn,1024,131072,eager,2,0.39616
gdn,1024,131072,eager,3,0.41440
gdn,1024,131072,eager,4,0.40099
gdn,1024,131072,eager,5,0.40899
gdn,1024,131072,eager,6,0.39235
gdn,1024,131072,eager,7,0.42042
gdn,1024,131072,eager,8,0.40304
gdn,1024,131072,eager,9,0.40365
gdn,1024,131072,eager,10,0.39155
gdn,1024,131072,eager,11,0.38918
gdn,1024,131072,eager,12,0.42906
gdn,1024,131072,eager,13,0.40515
gdn,1024,131072,eager,14,0.42349
gdn,1024,131072,eager,15,0.39085
gdn,1024,131072,eager,16,0.40048
gdn,1024,131072,eager,17,0.41440
gdn,1024,131072,eager,18,0.41062
gdn,1024,131072,eager,19,0.39885
gdn,1024,131072,eager,20,0.38598
gdn,1024,131072,eager,21,0.39117
gdn,1024,131072,eager,22,0.38669
gdn,1024,131072,eager,23,0.40346
gdn,1024,131072,eager,24,0.39760
gdn,1024,131072,eager,25,0.39766
gdn,1024,131072,eager,26,0.39091
gdn,1024,131072,eager,27,0.38765
gdn,1024,131072,eager,28,0.41254
gdn,1024,131072,eager,29,0.39101
gdn,2048,131072,graph,0,0.14199
gdn,2048,131072,graph,1,0.14185
gdn,2048,131072,graph,2,0.14178
gdn,2048,131072,graph,3,0.14154
gdn,2048,131072,graph,4,0.14177
gdn,2048,131072,graph,5,0.14146
gdn,2048,131072,graph,6,0.14217
gdn,2048,131072,graph,7,0.14221
gdn,2048,131072,graph,8,0.14086
gdn,2048,131072,graph,9,0.14157
gdn,2048,131072,graph,10,0.14117
gdn,2048,131072,graph,11,0.14117
gdn,2048,131072,graph,12,0.14172
gdn,2048,131072,graph,13,0.14151
gdn,2048,131072,graph,14,0.14111
gdn,2048,131072,graph,15,0.14163
gdn,2048,131072,graph,16,0.14190
gdn,2048,131072,graph,17,0.14198
gdn,2048,131072,graph,18,0.14079
gdn,2048,131072,graph,19,0.14135
gdn,2048,131072,graph,20,0.14169
gdn,2048,131072,graph,21,0.14198
gdn,2048,131072,graph,22,0.14140
gdn,2048,131072,graph,23,0.14185
gdn,2048,131072,graph,24,0.14243
gdn,2048,131072,graph,25,0.14211
gdn,2048,131072,graph,26,0.14229
gdn,2048,131072,graph,27,0.14184
gdn,2048,131072,graph,28,0.14133
gdn,2048,131072,graph,29,0.14162
gdn,2048,131072,eager,0,0.41930
gdn,2048,131072,eager,1,0.51786
gdn,2048,131072,eager,2,0.44432
gdn,2048,131072,eager,3,0.42432
gdn,2048,131072,eager,4,0.41427
gdn,2048,131072,eager,5,0.42778
gdn,2048,131072,eager,6,0.43818
gdn,2048,131072,eager,7,0.42602
gdn,2048,131072,eager,8,0.40874
gdn,2048,131072,eager,9,0.42048
gdn,2048,131072,eager,10,0.40723
gdn,2048,131072,eager,11,0.40138
gdn,2048,131072,eager,12,0.42845
gdn,2048,131072,eager,13,0.40688
gdn,2048,131072,eager,14,0.41216
gdn,2048,131072,eager,15,0.40291
gdn,2048,131072,eager,16,0.43104
gdn,2048,131072,eager,17,0.41270
gdn,2048,131072,eager,18,0.40435
gdn,2048,131072,eager,19,0.40307
gdn,2048,131072,eager,20,0.40115
gdn,2048,131072,eager,21,0.41162
gdn,2048,131072,eager,22,0.42221
gdn,2048,131072,eager,23,0.41370
gdn,2048,131072,eager,24,0.40013
gdn,2048,131072,eager,25,0.40618
gdn,2048,131072,eager,26,0.39923
gdn,2048,131072,eager,27,0.41894
gdn,2048,131072,eager,28,0.41971
gdn,2048,131072,eager,29,0.40230
gdn,4096,131072,graph,0,0.22609
gdn,4096,131072,graph,1,0.22650
gdn,4096,131072,graph,2,0.22698
gdn,4096,131072,graph,3,0.22549
gdn,4096,131072,graph,4,0.22638
gdn,4096,131072,graph,5,0.22682
gdn,4096,131072,graph,6,0.22607
gdn,4096,131072,graph,7,0.22741
gdn,4096,131072,graph,8,0.22697
gdn,4096,131072,graph,9,0.22594
gdn,4096,131072,graph,10,0.22640
gdn,4096,131072,graph,11,0.22645
gdn,4096,131072,graph,12,0.22605
gdn,4096,131072,graph,13,0.22671
gdn,4096,131072,graph,14,0.22454
gdn,4096,131072,graph,15,0.22669
gdn,4096,131072,graph,16,0.22637
gdn,4096,131072,graph,17,0.22599
gdn,4096,131072,graph,18,0.22661
gdn,4096,131072,graph,19,0.22569
gdn,4096,131072,graph,20,0.22611
gdn,4096,131072,graph,21,0.22698
gdn,4096,131072,graph,22,0.22629
gdn,4096,131072,graph,23,0.22678
gdn,4096,131072,graph,24,0.22641
gdn,4096,131072,graph,25,0.22646
gdn,4096,131072,graph,26,0.22684
gdn,4096,131072,graph,27,0.22641
gdn,4096,131072,graph,28,0.22549
gdn,4096,131072,graph,29,0.22723
gdn,4096,131072,eager,0,0.46963
gdn,4096,131072,eager,1,0.47216
gdn,4096,131072,eager,2,0.49078
gdn,4096,131072,eager,3,0.48038
gdn,4096,131072,eager,4,0.46643
gdn,4096,131072,eager,5,0.47427
gdn,4096,131072,eager,6,0.46621
gdn,4096,131072,eager,7,0.47408
gdn,4096,131072,eager,8,0.48864
gdn,4096,131072,eager,9,0.48000
gdn,4096,131072,eager,10,0.46586
gdn,4096,131072,eager,11,0.46858
gdn,4096,131072,eager,12,0.46570
gdn,4096,131072,eager,13,0.48016
gdn,4096,131072,eager,14,0.46330
gdn,4096,131072,eager,15,0.46726
gdn,4096,131072,eager,16,0.46070
gdn,4096,131072,eager,17,0.51222
gdn,4096,131072,eager,18,0.48371
gdn,4096,131072,eager,19,0.47283
gdn,4096,131072,eager,20,0.46576
gdn,4096,131072,eager,21,0.47318
gdn,4096,131072,eager,22,0.46592
gdn,4096,131072,eager,23,0.47846
gdn,4096,131072,eager,24,0.46147
gdn,4096,131072,eager,25,0.46966
gdn,4096,131072,eager,26,0.46141
gdn,4096,131072,eager,27,0.48010
gdn,4096,131072,eager,28,0.46835
gdn,4096,131072,eager,29,0.46848
gdn,8192,131072,graph,0,0.39608
gdn,8192,131072,graph,1,0.39493
gdn,8192,131072,graph,2,0.39580
gdn,8192,131072,graph,3,0.39545
gdn,8192,131072,graph,4,0.39609
gdn,8192,131072,graph,5,0.39577
gdn,8192,131072,graph,6,0.39540
gdn,8192,131072,graph,7,0.39581
gdn,8192,131072,graph,8,0.39644
gdn,8192,131072,graph,9,0.39600
gdn,8192,131072,graph,10,0.39632
gdn,8192,131072,graph,11,0.39535
gdn,8192,131072,graph,12,0.39594
gdn,8192,131072,graph,13,0.39508
gdn,8192,131072,graph,14,0.39601
gdn,8192,131072,graph,15,0.39554
gdn,8192,131072,graph,16,0.39628
gdn,8192,131072,graph,17,0.39520
gdn,8192,131072,graph,18,0.39599
gdn,8192,131072,graph,19,0.39506
gdn,8192,131072,graph,20,0.39560
gdn,8192,131072,graph,21,0.39559
gdn,8192,131072,graph,22,0.39629
gdn,8192,131072,graph,23,0.39555
gdn,8192,131072,graph,24,0.39472
gdn,8192,131072,graph,25,0.39540
gdn,8192,131072,graph,26,0.39505
gdn,8192,131072,graph,27,0.39466
gdn,8192,131072,graph,28,0.39601
gdn,8192,131072,graph,29,0.39581
gdn,8192,131072,eager,0,0.63354
gdn,8192,131072,eager,1,0.63139
gdn,8192,131072,eager,2,0.62195
gdn,8192,131072,eager,3,0.60512
gdn,8192,131072,eager,4,0.60387
gdn,8192,131072,eager,5,0.63053
gdn,8192,131072,eager,6,0.61043
gdn,8192,131072,eager,7,0.60637
gdn,8192,131072,eager,8,0.60675
gdn,8192,131072,eager,9,0.60262
gdn,8192,131072,eager,10,0.60448
gdn,8192,131072,eager,11,0.61888
gdn,8192,131072,eager,12,0.60957
gdn,8192,131072,eager,13,0.61690
gdn,8192,131072,eager,14,0.62128
gdn,8192,131072,eager,15,0.64042
gdn,8192,131072,eager,16,0.68416
gdn,8192,131072,eager,17,0.61651
gdn,8192,131072,eager,18,0.60739
gdn,8192,131072,eager,19,0.61094
gdn,8192,131072,eager,20,0.62627
gdn,8192,131072,eager,21,0.60998
gdn,8192,131072,eager,22,0.61123
gdn,8192,131072,eager,23,0.60070
gdn,8192,131072,eager,24,0.59910
gdn,8192,131072,eager,25,0.61450
gdn,8192,131072,eager,26,0.60368
gdn,8192,131072,eager,27,0.60134
gdn,8192,131072,eager,28,0.59901
gdn,8192,131072,eager,29,0.59910
gdn,64,262144,graph,0,0.05247
gdn,64,262144,graph,1,0.05239
gdn,64,262144,graph,2,0.05249
gdn,64,262144,graph,3,0.05206
gdn,64,262144,graph,4,0.05242
gdn,64,262144,graph,5,0.05224
gdn,64,262144,graph,6,0.05261
gdn,64,262144,graph,7,0.05259
gdn,64,262144,graph,8,0.05206
gdn,64,262144,graph,9,0.05252
gdn,64,262144,graph,10,0.05238
gdn,64,262144,graph,11,0.05242
gdn,64,262144,graph,12,0.05214
gdn,64,262144,graph,13,0.05215
gdn,64,262144,graph,14,0.05227
gdn,64,262144,graph,15,0.05220
gdn,64,262144,graph,16,0.05239
gdn,64,262144,graph,17,0.05259
gdn,64,262144,graph,18,0.05246
gdn,64,262144,graph,19,0.05226
gdn,64,262144,graph,20,0.05250
gdn,64,262144,graph,21,0.05282
gdn,64,262144,graph,22,0.05270
gdn,64,262144,graph,23,0.05245
gdn,64,262144,graph,24,0.05265
gdn,64,262144,graph,25,0.05271
gdn,64,262144,graph,26,0.05241
gdn,64,262144,graph,27,0.05271
gdn,64,262144,graph,28,0.05239
gdn,64,262144,graph,29,0.05231
gdn,64,262144,eager,0,0.48995
gdn,64,262144,eager,1,0.48800
gdn,64,262144,eager,2,0.48301
gdn,64,262144,eager,3,0.51526
gdn,64,262144,eager,4,0.48243
gdn,64,262144,eager,5,0.48973
gdn,64,262144,eager,6,0.44490
gdn,64,262144,eager,7,0.45085
gdn,64,262144,eager,8,0.40259
gdn,64,262144,eager,9,0.42282
gdn,64,262144,eager,10,0.38976
gdn,64,262144,eager,11,0.41190
gdn,64,262144,eager,12,0.41843
gdn,64,262144,eager,13,0.39619
gdn,64,262144,eager,14,0.39638
gdn,64,262144,eager,15,0.38486
gdn,64,262144,eager,16,0.38867
gdn,64,262144,eager,17,0.40698
gdn,64,262144,eager,18,0.39568
gdn,64,262144,eager,19,0.38685
gdn,64,262144,eager,20,0.38486
gdn,64,262144,eager,21,0.39117
gdn,64,262144,eager,22,0.38275
gdn,64,262144,eager,23,0.38666
gdn,64,262144,eager,24,0.40038
gdn,64,262144,eager,25,0.40102
gdn,64,262144,eager,26,0.38880
gdn,64,262144,eager,27,0.39379
gdn,64,262144,eager,28,0.39898
gdn,64,262144,eager,29,0.38816
gdn,65,262144,graph,0,0.05645
gdn,65,262144,graph,1,0.05661
gdn,65,262144,graph,2,0.05648
gdn,65,262144,graph,3,0.05643
gdn,65,262144,graph,4,0.05696
gdn,65,262144,graph,5,0.05645
gdn,65,262144,graph,6,0.05649
gdn,65,262144,graph,7,0.05665
gdn,65,262144,graph,8,0.05652
gdn,65,262144,graph,9,0.05661
gdn,65,262144,graph,10,0.05648
gdn,65,262144,graph,11,0.05640
gdn,65,262144,graph,12,0.05669
gdn,65,262144,graph,13,0.05628
gdn,65,262144,graph,14,0.05624
gdn,65,262144,graph,15,0.05650
gdn,65,262144,graph,16,0.05687
gdn,65,262144,graph,17,0.05625
gdn,65,262144,graph,18,0.05629
gdn,65,262144,graph,19,0.05679
gdn,65,262144,graph,20,0.05643
gdn,65,262144,graph,21,0.05654
gdn,65,262144,graph,22,0.05648
gdn,65,262144,graph,23,0.05676
gdn,65,262144,graph,24,0.05648
gdn,65,262144,graph,25,0.05643
gdn,65,262144,graph,26,0.05649
gdn,65,262144,graph,27,0.05670
gdn,65,262144,graph,28,0.05629
gdn,65,262144,graph,29,0.05655
gdn,65,262144,eager,0,0.39181
gdn,65,262144,eager,1,0.39658
gdn,65,262144,eager,2,0.40806
gdn,65,262144,eager,3,0.40355
gdn,65,262144,eager,4,0.38816
gdn,65,262144,eager,5,0.39229
gdn,65,262144,eager,6,0.38486
gdn,65,262144,eager,7,0.38275
gdn,65,262144,eager,8,0.39309
gdn,65,262144,eager,9,0.39642
gdn,65,262144,eager,10,0.39155
gdn,65,262144,eager,11,0.38509
gdn,65,262144,eager,12,0.38496
gdn,65,262144,eager,13,0.39021
gdn,65,262144,eager,14,0.39322
gdn,65,262144,eager,15,0.39206
gdn,65,262144,eager,16,0.38611
gdn,65,262144,eager,17,0.39120
gdn,65,262144,eager,18,0.38685
gdn,65,262144,eager,19,0.38038
gdn,65,262144,eager,20,0.40979
gdn,65,262144,eager,21,0.39008
gdn,65,262144,eager,22,0.39248
gdn,65,262144,eager,23,0.38534
gdn,65,262144,eager,24,0.38774
gdn,65,262144,eager,25,0.38592
gdn,65,262144,eager,26,0.40122
gdn,65,262144,eager,27,0.40250
gdn,65,262144,eager,28,0.38470
gdn,65,262144,eager,29,0.39779
gdn,128,262144,graph,0,0.05734
gdn,128,262144,graph,1,0.05736
gdn,128,262144,graph,2,0.05753
gdn,128,262144,graph,3,0.05750
gdn,128,262144,graph,4,0.05721
gdn,128,262144,graph,5,0.05734
gdn,128,262144,graph,6,0.05726
gdn,128,262144,graph,7,0.05738
gdn,128,262144,graph,8,0.05733
gdn,128,262144,graph,9,0.05752
gdn,128,262144,graph,10,0.05717
gdn,128,262144,graph,11,0.05743
gdn,128,262144,graph,12,0.05737
gdn,128,262144,graph,13,0.05737
gdn,128,262144,graph,14,0.05741
gdn,128,262144,graph,15,0.05743
gdn,128,262144,graph,16,0.05710
gdn,128,262144,graph,17,0.05718
gdn,128,262144,graph,18,0.05749
gdn,128,262144,graph,19,0.05721
gdn,128,262144,graph,20,0.06295
gdn,128,262144,graph,21,0.05723
gdn,128,262144,graph,22,0.05731
gdn,128,262144,graph,23,0.05723
gdn,128,262144,graph,24,0.05714
gdn,128,262144,graph,25,0.05749
gdn,128,262144,graph,26,0.05742
gdn,128,262144,graph,27,0.05731
gdn,128,262144,graph,28,0.05747
gdn,128,262144,graph,29,0.05725
gdn,128,262144,eager,0,0.44797
gdn,128,262144,eager,1,0.42720
gdn,128,262144,eager,2,0.40285
gdn,128,262144,eager,3,0.40266
gdn,128,262144,eager,4,0.41706
gdn,128,262144,eager,5,0.41549
gdn,128,262144,eager,6,0.39494
gdn,128,262144,eager,7,0.40794
gdn,128,262144,eager,8,0.39773
gdn,128,262144,eager,9,0.38806
gdn,128,262144,eager,10,0.39450
gdn,128,262144,eager,11,0.38042
gdn,128,262144,eager,12,0.38835
gdn,128,262144,eager,13,0.40198
gdn,128,262144,eager,14,0.39226
gdn,128,262144,eager,15,0.38432
gdn,128,262144,eager,16,0.38038
gdn,128,262144,eager,17,0.39347
gdn,128,262144,eager,18,0.38160
gdn,128,262144,eager,19,0.40051
gdn,128,262144,eager,20,0.38819
gdn,128,262144,eager,21,0.38064
gdn,128,262144,eager,22,0.38422
gdn,128,262144,eager,23,0.38157
gdn,128,262144,eager,24,0.40515
gdn,128,262144,eager,25,0.39222
gdn,128,262144,eager,26,0.39837
gdn,128,262144,eager,27,0.38835
gdn,128,262144,eager,28,0.39338
gdn,128,262144,eager,29,0.38883
gdn,129,262144,graph,0,0.06467
gdn,129,262144,graph,1,0.06491
gdn,129,262144,graph,2,0.06510
gdn,129,262144,graph,3,0.06504
gdn,129,262144,graph,4,0.06499
gdn,129,262144,graph,5,0.06517
gdn,129,262144,graph,6,0.06516
gdn,129,262144,graph,7,0.06478
gdn,129,262144,graph,8,0.06470
gdn,129,262144,graph,9,0.06485
gdn,129,262144,graph,10,0.06478
gdn,129,262144,graph,11,0.06527
gdn,129,262144,graph,12,0.06472
gdn,129,262144,graph,13,0.06485
gdn,129,262144,graph,14,0.06478
gdn,129,262144,graph,15,0.06492
gdn,129,262144,graph,16,0.06499
gdn,129,262144,graph,17,0.06492
gdn,129,262144,graph,18,0.06482
gdn,129,262144,graph,19,0.06479
gdn,129,262144,graph,20,0.06509
gdn,129,262144,graph,21,0.06453
gdn,129,262144,graph,22,0.06481
gdn,129,262144,graph,23,0.06503
gdn,129,262144,graph,24,0.06495
gdn,129,262144,graph,25,0.06488
gdn,129,262144,graph,26,0.06472
gdn,129,262144,graph,27,0.06496
gdn,129,262144,graph,28,0.06490
gdn,129,262144,graph,29,0.06475
gdn,129,262144,eager,0,0.47258
gdn,129,262144,eager,1,0.43402
gdn,129,262144,eager,2,0.41536
gdn,129,262144,eager,3,0.40336
gdn,129,262144,eager,4,0.40131
gdn,129,262144,eager,5,0.39117
gdn,129,262144,eager,6,0.42864
gdn,129,262144,eager,7,0.40285
gdn,129,262144,eager,8,0.39651
gdn,129,262144,eager,9,0.40342
gdn,129,262144,eager,10,0.40685
gdn,129,262144,eager,11,0.39590
gdn,129,262144,eager,12,0.38461
gdn,129,262144,eager,13,0.39661
gdn,129,262144,eager,14,0.38352
gdn,129,262144,eager,15,0.39094
gdn,129,262144,eager,16,0.39981
gdn,129,262144,eager,17,0.40403
gdn,129,262144,eager,18,0.38637
gdn,129,262144,eager,19,0.38739
gdn,129,262144,eager,20,0.38998
gdn,129,262144,eager,21,0.38634
gdn,129,262144,eager,22,0.39664
gdn,129,262144,eager,23,0.40554
gdn,129,262144,eager,24,0.38880
gdn,129,262144,eager,25,0.38909
gdn,129,262144,eager,26,0.39094
gdn,129,262144,eager,27,0.40982
gdn,129,262144,eager,28,0.39398
gdn,129,262144,eager,29,0.39382
gdn,256,262144,graph,0,0.06825
gdn,256,262144,graph,1,0.06798
gdn,256,262144,graph,2,0.06816
gdn,256,262144,graph,3,0.06857
gdn,256,262144,graph,4,0.06812
gdn,256,262144,graph,5,0.06828
gdn,256,262144,graph,6,0.06795
gdn,256,262144,graph,7,0.06833
gdn,256,262144,graph,8,0.06840
gdn,256,262144,graph,9,0.06833
gdn,256,262144,graph,10,0.06791
gdn,256,262144,graph,11,0.06792
gdn,256,262144,graph,12,0.06803
gdn,256,262144,graph,13,0.06812
gdn,256,262144,graph,14,0.06833
gdn,256,262144,graph,15,0.06835
gdn,256,262144,graph,16,0.06837
gdn,256,262144,graph,17,0.06838
gdn,256,262144,graph,18,0.06779
gdn,256,262144,graph,19,0.06822
gdn,256,262144,graph,20,0.06832
gdn,256,262144,graph,21,0.06839
gdn,256,262144,graph,22,0.06802
gdn,256,262144,graph,23,0.06839
gdn,256,262144,graph,24,0.06810
gdn,256,262144,graph,25,0.06830
gdn,256,262144,graph,26,0.06809
gdn,256,262144,graph,27,0.06854
gdn,256,262144,graph,28,0.06805
gdn,256,262144,graph,29,0.06819
gdn,256,262144,eager,0,0.41370
gdn,256,262144,eager,1,0.40368
gdn,256,262144,eager,2,0.41757
gdn,256,262144,eager,3,0.40717
gdn,256,262144,eager,4,0.39181
gdn,256,262144,eager,5,0.39645
gdn,256,262144,eager,6,0.38979
gdn,256,262144,eager,7,0.40858
gdn,256,262144,eager,8,0.40038
gdn,256,262144,eager,9,0.39261
gdn,256,262144,eager,10,0.39053
gdn,256,262144,eager,11,0.38659
gdn,256,262144,eager,12,0.39744
gdn,256,262144,eager,13,0.40464
gdn,256,262144,eager,14,0.39146
gdn,256,262144,eager,15,0.39466
gdn,256,262144,eager,16,0.38518
gdn,256,262144,eager,17,0.39990
gdn,256,262144,eager,18,0.38870
gdn,256,262144,eager,19,0.41194
gdn,256,262144,eager,20,0.39126
gdn,256,262144,eager,21,0.38646
gdn,256,262144,eager,22,0.39174
gdn,256,262144,eager,23,0.39254
gdn,256,262144,eager,24,0.40678
gdn,256,262144,eager,25,0.39283
gdn,256,262144,eager,26,0.39024
gdn,256,262144,eager,27,0.39078
gdn,256,262144,eager,28,0.38259
gdn,256,262144,eager,29,0.38928
gdn,512,262144,graph,0,0.09692
gdn,512,262144,graph,1,0.09769
gdn,512,262144,graph,2,0.09706
gdn,512,262144,graph,3,0.09765
gdn,512,262144,graph,4,0.09747
gdn,512,262144,graph,5,0.09811
gdn,512,262144,graph,6,0.09749
gdn,512,262144,graph,7,0.09747
gdn,512,262144,graph,8,0.09735
gdn,512,262144,graph,9,0.09767
gdn,512,262144,graph,10,0.09753
gdn,512,262144,graph,11,0.09775
gdn,512,262144,graph,12,0.09728
gdn,512,262144,graph,13,0.09738
gdn,512,262144,graph,14,0.09760
gdn,512,262144,graph,15,0.09748
gdn,512,262144,graph,16,0.09734
gdn,512,262144,graph,17,0.09757
gdn,512,262144,graph,18,0.09780
gdn,512,262144,graph,19,0.09692
gdn,512,262144,graph,20,0.09754
gdn,512,262144,graph,21,0.09786
gdn,512,262144,graph,22,0.09757
gdn,512,262144,graph,23,0.09793
gdn,512,262144,graph,24,0.09770
gdn,512,262144,graph,25,0.09739
gdn,512,262144,graph,26,0.09731
gdn,512,262144,graph,27,0.09747
gdn,512,262144,graph,28,0.09762
gdn,512,262144,graph,29,0.09856
gdn,512,262144,eager,0,0.42566
gdn,512,262144,eager,1,0.40544
gdn,512,262144,eager,2,0.42250
gdn,512,262144,eager,3,0.40554
gdn,512,262144,eager,4,0.40307
gdn,512,262144,eager,5,0.39251
gdn,512,262144,eager,6,0.39398
gdn,512,262144,eager,7,0.38938
gdn,512,262144,eager,8,0.41744
gdn,512,262144,eager,9,0.39789
gdn,512,262144,eager,10,0.39578
gdn,512,262144,eager,11,0.45856
gdn,512,262144,eager,12,0.41411
gdn,512,262144,eager,13,0.41728
gdn,512,262144,eager,14,0.39917
gdn,512,262144,eager,15,0.40589
gdn,512,262144,eager,16,0.42944
gdn,512,262144,eager,17,0.41242
gdn,512,262144,eager,18,0.39478
gdn,512,262144,eager,19,0.39629
gdn,512,262144,eager,20,0.39680
gdn,512,262144,eager,21,0.41238
gdn,512,262144,eager,22,0.39443
gdn,512,262144,eager,23,0.38589
gdn,512,262144,eager,24,0.39453
gdn,512,262144,eager,25,0.39126
gdn,512,262144,eager,26,0.41107
gdn,512,262144,eager,27,0.39306
gdn,512,262144,eager,28,0.38762
gdn,512,262144,eager,29,0.38848
gdn,1024,262144,graph,0,0.09939
gdn,1024,262144,graph,1,0.09959
gdn,1024,262144,graph,2,0.09950
gdn,1024,262144,graph,3,0.09979
gdn,1024,262144,graph,4,0.09981
gdn,1024,262144,graph,5,0.09972
gdn,1024,262144,graph,6,0.09958
gdn,1024,262144,graph,7,0.09989
gdn,1024,262144,graph,8,0.09959
gdn,1024,262144,graph,9,0.09968
gdn,1024,262144,graph,10,0.09963
gdn,1024,262144,graph,11,0.09940
gdn,1024,262144,graph,12,0.09928
gdn,1024,262144,graph,13,0.09983
gdn,1024,262144,graph,14,0.09938
gdn,1024,262144,graph,15,0.09931
gdn,1024,262144,graph,16,0.09940
gdn,1024,262144,graph,17,0.09964
gdn,1024,262144,graph,18,0.09992
gdn,1024,262144,graph,19,0.09945
gdn,1024,262144,graph,20,0.09926
gdn,1024,262144,graph,21,0.09934
gdn,1024,262144,graph,22,0.09995
gdn,1024,262144,graph,23,0.09981
gdn,1024,262144,graph,24,0.09971
gdn,1024,262144,graph,25,0.10003
gdn,1024,262144,graph,26,0.09947
gdn,1024,262144,graph,27,0.09941
gdn,1024,262144,graph,28,0.09972
gdn,1024,262144,graph,29,0.09980
gdn,1024,262144,eager,0,0.41088
gdn,1024,262144,eager,1,0.39760
gdn,1024,262144,eager,2,0.39949
gdn,1024,262144,eager,3,0.41770
gdn,1024,262144,eager,4,0.39904
gdn,1024,262144,eager,5,0.42019
gdn,1024,262144,eager,6,0.40765
gdn,1024,262144,eager,7,0.40259
gdn,1024,262144,eager,8,0.38925
gdn,1024,262144,eager,9,0.39843
gdn,1024,262144,eager,10,0.39200
gdn,1024,262144,eager,11,0.40928
gdn,1024,262144,eager,12,0.40000
gdn,1024,262144,eager,13,0.39069
gdn,1024,262144,eager,14,0.39568
gdn,1024,262144,eager,15,0.38490
gdn,1024,262144,eager,16,0.39686
gdn,1024,262144,eager,17,0.40912
gdn,1024,262144,eager,18,0.39318
gdn,1024,262144,eager,19,0.39133
gdn,1024,262144,eager,20,0.38925
gdn,1024,262144,eager,21,0.39104
gdn,1024,262144,eager,22,0.39238
gdn,1024,262144,eager,23,0.41165
gdn,1024,262144,eager,24,0.39782
gdn,1024,262144,eager,25,0.38832
gdn,1024,262144,eager,26,0.41258
gdn,1024,262144,eager,27,0.39619
gdn,1024,262144,eager,28,0.39523
gdn,1024,262144,eager,29,0.38851
gdn,2048,262144,graph,0,0.14140
gdn,2048,262144,graph,1,0.14105
gdn,2048,262144,graph,2,0.14158
gdn,2048,262144,graph,3,0.14073
gdn,2048,262144,graph,4,0.14116
gdn,2048,262144,graph,5,0.14114
gdn,2048,262144,graph,6,0.14123
gdn,2048,262144,graph,7,0.14121
gdn,2048,262144,graph,8,0.14094
gdn,2048,262144,graph,9,0.14136
gdn,2048,262144,graph,10,0.14146
gdn,2048,262144,graph,11,0.14049
gdn,2048,262144,graph,12,0.14102
gdn,2048,262144,graph,13,0.14124
gdn,2048,262144,graph,14,0.14105
gdn,2048,262144,graph,15,0.14175
gdn,2048,262144,graph,16,0.14130
gdn,2048,262144,graph,17,0.14164
gdn,2048,262144,graph,18,0.14174
gdn,2048,262144,graph,19,0.14116
gdn,2048,262144,graph,20,0.14140
gdn,2048,262144,graph,21,0.14084
gdn,2048,262144,graph,22,0.14068
gdn,2048,262144,graph,23,0.14120
gdn,2048,262144,graph,24,0.14091
gdn,2048,262144,graph,25,0.14103
gdn,2048,262144,graph,26,0.14110
gdn,2048,262144,graph,27,0.14124
gdn,2048,262144,graph,28,0.14107
gdn,2048,262144,graph,29,0.14113
gdn,2048,262144,eager,0,0.41408
gdn,2048,262144,eager,1,0.45565
gdn,2048,262144,eager,2,0.42531
gdn,2048,262144,eager,3,0.42246
gdn,2048,262144,eager,4,0.41018
gdn,2048,262144,eager,5,0.41091
gdn,2048,262144,eager,6,0.43584
gdn,2048,262144,eager,7,0.41613
gdn,2048,262144,eager,8,0.42064
gdn,2048,262144,eager,9,0.41126
gdn,2048,262144,eager,10,0.43638
gdn,2048,262144,eager,11,0.41325
gdn,2048,262144,eager,12,0.41814
gdn,2048,262144,eager,13,0.40314
gdn,2048,262144,eager,14,0.40541
gdn,2048,262144,eager,15,0.40947
gdn,2048,262144,eager,16,0.41517
gdn,2048,262144,eager,17,0.41584
gdn,2048,262144,eager,18,0.40403
gdn,2048,262144,eager,19,0.40806
gdn,2048,262144,eager,20,0.40400
gdn,2048,262144,eager,21,0.41658
gdn,2048,262144,eager,22,0.40944
gdn,2048,262144,eager,23,0.40470
gdn,2048,262144,eager,24,0.41888
gdn,2048,262144,eager,25,0.40237
gdn,2048,262144,eager,26,0.41475
gdn,2048,262144,eager,27,0.40266
gdn,2048,262144,eager,28,0.42208
gdn,2048,262144,eager,29,0.40838
gdn,4096,262144,graph,0,0.22657
gdn,4096,262144,graph,1,0.22636
gdn,4096,262144,graph,2,0.22664
gdn,4096,262144,graph,3,0.22566
gdn,4096,262144,graph,4,0.22822
gdn,4096,262144,graph,5,0.22706
gdn,4096,262144,graph,6,0.22615
gdn,4096,262144,graph,7,0.22658
gdn,4096,262144,graph,8,0.22536
gdn,4096,262144,graph,9,0.22698
gdn,4096,262144,graph,10,0.22719
gdn,4096,262144,graph,11,0.22544
gdn,4096,262144,graph,12,0.22580
gdn,4096,262144,graph,13,0.22673
gdn,4096,262144,graph,14,0.22610
gdn,4096,262144,graph,15,0.22681
gdn,4096,262144,graph,16,0.22668
gdn,4096,262144,graph,17,0.22601
gdn,4096,262144,graph,18,0.22742
gdn,4096,262144,graph,19,0.22620
gdn,4096,262144,graph,20,0.22638
gdn,4096,262144,graph,21,0.22712
gdn,4096,262144,graph,22,0.22595
gdn,4096,262144,graph,23,0.22635
gdn,4096,262144,graph,24,0.22622
gdn,4096,262144,graph,25,0.22593
gdn,4096,262144,graph,26,0.22586
gdn,4096,262144,graph,27,0.22567
gdn,4096,262144,graph,28,0.22654
gdn,4096,262144,graph,29,0.22689
gdn,4096,262144,eager,0,0.48848
gdn,4096,262144,eager,1,0.47987
gdn,4096,262144,eager,2,0.51011
gdn,4096,262144,eager,3,0.48246
gdn,4096,262144,eager,4,0.47238
gdn,4096,262144,eager,5,0.47117
gdn,4096,262144,eager,6,0.46861
gdn,4096,262144,eager,7,0.48486
gdn,4096,262144,eager,8,0.47008
gdn,4096,262144,eager,9,0.47136
gdn,4096,262144,eager,10,0.46563
gdn,4096,262144,eager,11,0.48925
gdn,4096,262144,eager,12,0.47008
gdn,4096,262144,eager,13,0.46576
gdn,4096,262144,eager,14,0.46246
gdn,4096,262144,eager,15,0.46486
gdn,4096,262144,eager,16,0.49942
gdn,4096,262144,eager,17,0.48374
gdn,4096,262144,eager,18,0.48970
gdn,4096,262144,eager,19,0.50000
gdn,4096,262144,eager,20,0.48419
gdn,4096,262144,eager,21,0.46995
gdn,4096,262144,eager,22,0.47021
gdn,4096,262144,eager,23,0.46410
gdn,4096,262144,eager,24,0.46403
gdn,4096,262144,eager,25,0.48352
gdn,4096,262144,eager,26,0.47443
gdn,4096,262144,eager,27,0.46474
gdn,4096,262144,eager,28,0.46253
gdn,4096,262144,eager,29,0.46314
gdn,8192,262144,graph,0,0.39540
gdn,8192,262144,graph,1,0.39590
gdn,8192,262144,graph,2,0.39522
gdn,8192,262144,graph,3,0.39488
gdn,8192,262144,graph,4,0.39479
gdn,8192,262144,graph,5,0.39530
gdn,8192,262144,graph,6,0.39528
gdn,8192,262144,graph,7,0.39594
gdn,8192,262144,graph,8,0.39456
gdn,8192,262144,graph,9,0.39428
gdn,8192,262144,graph,10,0.39339
gdn,8192,262144,graph,11,0.39460
gdn,8192,262144,graph,12,0.39536
gdn,8192,262144,graph,13,0.39479
gdn,8192,262144,graph,14,0.39541
gdn,8192,262144,graph,15,0.39452
gdn,8192,262144,graph,16,0.39494
gdn,8192,262144,graph,17,0.39487
gdn,8192,262144,graph,18,0.39418
gdn,8192,262144,graph,19,0.39461
gdn,8192,262144,graph,20,0.39543
gdn,8192,262144,graph,21,0.39426
gdn,8192,262144,graph,22,0.39522
gdn,8192,262144,graph,23,0.39552
gdn,8192,262144,graph,24,0.39478
gdn,8192,262144,graph,25,0.39492
gdn,8192,262144,graph,26,0.39466
gdn,8192,262144,graph,27,0.39556
gdn,8192,262144,graph,28,0.39532
gdn,8192,262144,graph,29,0.39530
gdn,8192,262144,eager,0,0.60800
gdn,8192,262144,eager,1,0.63498
gdn,8192,262144,eager,2,0.61667
gdn,8192,262144,eager,3,0.60874
gdn,8192,262144,eager,4,0.60864
gdn,8192,262144,eager,5,0.62944
gdn,8192,262144,eager,6,0.61814
gdn,8192,262144,eager,7,0.65786
gdn,8192,262144,eager,8,0.61085
gdn,8192,262144,eager,9,0.60870
gdn,8192,262144,eager,10,0.60432
gdn,8192,262144,eager,11,0.62691
gdn,8192,262144,eager,12,0.61078
gdn,8192,262144,eager,13,0.60419
gdn,8192,262144,eager,14,0.59786
gdn,8192,262144,eager,15,0.60941
gdn,8192,262144,eager,16,0.60650
gdn,8192,262144,eager,17,0.60563
gdn,8192,262144,eager,18,0.60592
gdn,8192,262144,eager,19,0.59850
gdn,8192,262144,eager,20,0.59789
gdn,8192,262144,eager,21,0.61629
gdn,8192,262144,eager,22,0.59971
gdn,8192,262144,eager,23,0.60397
gdn,8192,262144,eager,24,0.61626
gdn,8192,262144,eager,25,0.61011
gdn,8192,262144,eager,26,0.60835
gdn,8192,262144,eager,27,0.59619
gdn,8192,262144,eager,28,0.60016
gdn,8192,262144,eager,29,0.61466
dense_attn,64,0,graph,0,0.08855
dense_attn,64,0,graph,1,0.08885
dense_attn,64,0,graph,2,0.08840
dense_attn,64,0,graph,3,0.08852
dense_attn,64,0,graph,4,0.08908
dense_attn,64,0,graph,5,0.08879
dense_attn,64,0,graph,6,0.08876
dense_attn,64,0,graph,7,0.08873
dense_attn,64,0,graph,8,0.08900
dense_attn,64,0,graph,9,0.08929
dense_attn,64,0,graph,10,0.08877
dense_attn,64,0,graph,11,0.08901
dense_attn,64,0,graph,12,0.08855
dense_attn,64,0,graph,13,0.08888
dense_attn,64,0,graph,14,0.08911
dense_attn,64,0,graph,15,0.08880
dense_attn,64,0,graph,16,0.08895
dense_attn,64,0,graph,17,0.08892
dense_attn,64,0,graph,18,0.08878
dense_attn,64,0,graph,19,0.08892
dense_attn,64,0,graph,20,0.08863
dense_attn,64,0,graph,21,0.08906
dense_attn,64,0,graph,22,0.08850
dense_attn,64,0,graph,23,0.08862
dense_attn,64,0,graph,24,0.08874
dense_attn,64,0,graph,25,0.08864
dense_attn,64,0,graph,26,0.08930
dense_attn,64,0,graph,27,0.08913
dense_attn,64,0,graph,28,0.08899
dense_attn,64,0,graph,29,0.08895
dense_attn,64,0,eager,0,0.15987
dense_attn,64,0,eager,1,0.15357
dense_attn,64,0,eager,2,0.14864
dense_attn,64,0,eager,3,0.15814
dense_attn,64,0,eager,4,0.14723
dense_attn,64,0,eager,5,0.14493
dense_attn,64,0,eager,6,0.14381
dense_attn,64,0,eager,7,0.14426
dense_attn,64,0,eager,8,0.14794
dense_attn,64,0,eager,9,0.14515
dense_attn,64,0,eager,10,0.14349
dense_attn,64,0,eager,11,0.14669
dense_attn,64,0,eager,12,0.14470
dense_attn,64,0,eager,13,0.14416
dense_attn,64,0,eager,14,0.14906
dense_attn,64,0,eager,15,0.14390
dense_attn,64,0,eager,16,0.14458
dense_attn,64,0,eager,17,0.14374
dense_attn,64,0,eager,18,0.14432
dense_attn,64,0,eager,19,0.14163
dense_attn,64,0,eager,20,0.15034
dense_attn,64,0,eager,21,0.14397
dense_attn,64,0,eager,22,0.14390
dense_attn,64,0,eager,23,0.14240
dense_attn,64,0,eager,24,0.14141
dense_attn,64,0,eager,25,0.14291
dense_attn,64,0,eager,26,0.15110
dense_attn,64,0,eager,27,0.14275
dense_attn,64,0,eager,28,0.14291
dense_attn,64,0,eager,29,0.14301
dense_attn,65,0,graph,0,0.08815
dense_attn,65,0,graph,1,0.08812
dense_attn,65,0,graph,2,0.08809
dense_attn,65,0,graph,3,0.08834
dense_attn,65,0,graph,4,0.08836
dense_attn,65,0,graph,5,0.08818
dense_attn,65,0,graph,6,0.08764
dense_attn,65,0,graph,7,0.08770
dense_attn,65,0,graph,8,0.08764
dense_attn,65,0,graph,9,0.08804
dense_attn,65,0,graph,10,0.08852
dense_attn,65,0,graph,11,0.08850
dense_attn,65,0,graph,12,0.08822
dense_attn,65,0,graph,13,0.08803
dense_attn,65,0,graph,14,0.08822
dense_attn,65,0,graph,15,0.08832
dense_attn,65,0,graph,16,0.08808
dense_attn,65,0,graph,17,0.08794
dense_attn,65,0,graph,18,0.08750
dense_attn,65,0,graph,19,0.08764
dense_attn,65,0,graph,20,0.08787
dense_attn,65,0,graph,21,0.08789
dense_attn,65,0,graph,22,0.08804
dense_attn,65,0,graph,23,0.08833
dense_attn,65,0,graph,24,0.08825
dense_attn,65,0,graph,25,0.08806
dense_attn,65,0,graph,26,0.08800
dense_attn,65,0,graph,27,0.08819
dense_attn,65,0,graph,28,0.08833
dense_attn,65,0,graph,29,0.08832
dense_attn,65,0,eager,0,0.15818
dense_attn,65,0,eager,1,0.16182
dense_attn,65,0,eager,2,0.14992
dense_attn,65,0,eager,3,0.14726
dense_attn,65,0,eager,4,0.14531
dense_attn,65,0,eager,5,0.14611
dense_attn,65,0,eager,6,0.15030
dense_attn,65,0,eager,7,0.15184
dense_attn,65,0,eager,8,0.14374
dense_attn,65,0,eager,9,0.14355
dense_attn,65,0,eager,10,0.14310
dense_attn,65,0,eager,11,0.14522
dense_attn,65,0,eager,12,0.18733
dense_attn,65,0,eager,13,0.14848
dense_attn,65,0,eager,14,0.14378
dense_attn,65,0,eager,15,0.14387
dense_attn,65,0,eager,16,0.14365
dense_attn,65,0,eager,17,0.14458
dense_attn,65,0,eager,18,0.17648
dense_attn,65,0,eager,19,0.14787
dense_attn,65,0,eager,20,0.14330
dense_attn,65,0,eager,21,0.14355
dense_attn,65,0,eager,22,0.14554
dense_attn,65,0,eager,23,0.15590
dense_attn,65,0,eager,24,0.14778
dense_attn,65,0,eager,25,0.14550
dense_attn,65,0,eager,26,0.14256
dense_attn,65,0,eager,27,0.14176
dense_attn,65,0,eager,28,0.14170
dense_attn,65,0,eager,29,0.14816
dense_attn,128,0,graph,0,0.09387
dense_attn,128,0,graph,1,0.09403
dense_attn,128,0,graph,2,0.09423
dense_attn,128,0,graph,3,0.09376
dense_attn,128,0,graph,4,0.09399
dense_attn,128,0,graph,5,0.09392
dense_attn,128,0,graph,6,0.09374
dense_attn,128,0,graph,7,0.09390
dense_attn,128,0,graph,8,0.09390
dense_attn,128,0,graph,9,0.09424
dense_attn,128,0,graph,10,0.09413
dense_attn,128,0,graph,11,0.09415
dense_attn,128,0,graph,12,0.09382
dense_attn,128,0,graph,13,0.09396
dense_attn,128,0,graph,14,0.09358
dense_attn,128,0,graph,15,0.09425
dense_attn,128,0,graph,16,0.09393
dense_attn,128,0,graph,17,0.09415
dense_attn,128,0,graph,18,0.09378
dense_attn,128,0,graph,19,0.09416
dense_attn,128,0,graph,20,0.09379
dense_attn,128,0,graph,21,0.09385
dense_attn,128,0,graph,22,0.09415
dense_attn,128,0,graph,23,0.09399
dense_attn,128,0,graph,24,0.09405
dense_attn,128,0,graph,25,0.09398
dense_attn,128,0,graph,26,0.09417
dense_attn,128,0,graph,27,0.09413
dense_attn,128,0,graph,28,0.09427
dense_attn,128,0,graph,29,0.09400
dense_attn,128,0,eager,0,0.16122
dense_attn,128,0,eager,1,0.15891
dense_attn,128,0,eager,2,0.15011
dense_attn,128,0,eager,3,0.14659
dense_attn,128,0,eager,4,0.14598
dense_attn,128,0,eager,5,0.14467
dense_attn,128,0,eager,6,0.14573
dense_attn,128,0,eager,7,0.14611
dense_attn,128,0,eager,8,0.14323
dense_attn,128,0,eager,9,0.14282
dense_attn,128,0,eager,10,0.14330
dense_attn,128,0,eager,11,0.14621
dense_attn,128,0,eager,12,0.14458
dense_attn,128,0,eager,13,0.14422
dense_attn,128,0,eager,14,0.14246
dense_attn,128,0,eager,15,0.14195
dense_attn,128,0,eager,16,0.14528
dense_attn,128,0,eager,17,0.14406
dense_attn,128,0,eager,18,0.14195
dense_attn,128,0,eager,19,0.14250
dense_attn,128,0,eager,20,0.14208
dense_attn,128,0,eager,21,0.14237
dense_attn,128,0,eager,22,0.14118
dense_attn,128,0,eager,23,0.14810
dense_attn,128,0,eager,24,0.14384
dense_attn,128,0,eager,25,0.14192
dense_attn,128,0,eager,26,0.14237
dense_attn,128,0,eager,27,0.14336
dense_attn,128,0,eager,28,0.14096
dense_attn,128,0,eager,29,0.14848
dense_attn,129,0,graph,0,0.09925
dense_attn,129,0,graph,1,0.09960
dense_attn,129,0,graph,2,0.09985
dense_attn,129,0,graph,3,0.09957
dense_attn,129,0,graph,4,0.09930
dense_attn,129,0,graph,5,0.09912
dense_attn,129,0,graph,6,0.09986
dense_attn,129,0,graph,7,0.09937
dense_attn,129,0,graph,8,0.09960
dense_attn,129,0,graph,9,0.09927
dense_attn,129,0,graph,10,0.09939
dense_attn,129,0,graph,11,0.09943
dense_attn,129,0,graph,12,0.09948
dense_attn,129,0,graph,13,0.09928
dense_attn,129,0,graph,14,0.09958
dense_attn,129,0,graph,15,0.09958
dense_attn,129,0,graph,16,0.09934
dense_attn,129,0,graph,17,0.09931
dense_attn,129,0,graph,18,0.09978
dense_attn,129,0,graph,19,0.09934
dense_attn,129,0,graph,20,0.09931
dense_attn,129,0,graph,21,0.09932
dense_attn,129,0,graph,22,0.09906
dense_attn,129,0,graph,23,0.09941
dense_attn,129,0,graph,24,0.09924
dense_attn,129,0,graph,25,0.09932
dense_attn,129,0,graph,26,0.09916
dense_attn,129,0,graph,27,0.09937
dense_attn,129,0,graph,28,0.09968
dense_attn,129,0,graph,29,0.09933
dense_attn,129,0,eager,0,0.16202
dense_attn,129,0,eager,1,0.15677
dense_attn,129,0,eager,2,0.15491
dense_attn,129,0,eager,3,0.15133
dense_attn,129,0,eager,4,0.15859
dense_attn,129,0,eager,5,0.14858
dense_attn,129,0,eager,6,0.14998
dense_attn,129,0,eager,7,0.14934
dense_attn,129,0,eager,8,0.15069
dense_attn,129,0,eager,9,0.14861
dense_attn,129,0,eager,10,0.15472
dense_attn,129,0,eager,11,0.14835
dense_attn,129,0,eager,12,0.15027
dense_attn,129,0,eager,13,0.14762
dense_attn,129,0,eager,14,0.14986
dense_attn,129,0,eager,15,0.15043
dense_attn,129,0,eager,16,0.15040
dense_attn,129,0,eager,17,0.14822
dense_attn,129,0,eager,18,0.14989
dense_attn,129,0,eager,19,0.14790
dense_attn,129,0,eager,20,0.14768
dense_attn,129,0,eager,21,0.15357
dense_attn,129,0,eager,22,0.15024
dense_attn,129,0,eager,23,0.14774
dense_attn,129,0,eager,24,0.14877
dense_attn,129,0,eager,25,0.14640
dense_attn,129,0,eager,26,0.14874
dense_attn,129,0,eager,27,0.15238
dense_attn,129,0,eager,28,0.14902
dense_attn,129,0,eager,29,0.14742
dense_attn,256,0,graph,0,0.11934
dense_attn,256,0,graph,1,0.12075
dense_attn,256,0,graph,2,0.12079
dense_attn,256,0,graph,3,0.11996
dense_attn,256,0,graph,4,0.12001
dense_attn,256,0,graph,5,0.12057
dense_attn,256,0,graph,6,0.12036
dense_attn,256,0,graph,7,0.12044
dense_attn,256,0,graph,8,0.12034
dense_attn,256,0,graph,9,0.12066
dense_attn,256,0,graph,10,0.11961
dense_attn,256,0,graph,11,0.12039
dense_attn,256,0,graph,12,0.12082
dense_attn,256,0,graph,13,0.11943
dense_attn,256,0,graph,14,0.11962
dense_attn,256,0,graph,15,0.12043
dense_attn,256,0,graph,16,0.12039
dense_attn,256,0,graph,17,0.11895
dense_attn,256,0,graph,18,0.12032
dense_attn,256,0,graph,19,0.12001
dense_attn,256,0,graph,20,0.11989
dense_attn,256,0,graph,21,0.11917
dense_attn,256,0,graph,22,0.12053
dense_attn,256,0,graph,23,0.12037
dense_attn,256,0,graph,24,0.11970
dense_attn,256,0,graph,25,0.12037
dense_attn,256,0,graph,26,0.12029
dense_attn,256,0,graph,27,0.11963
dense_attn,256,0,graph,28,0.11984
dense_attn,256,0,graph,29,0.12025
dense_attn,256,0,eager,0,0.17581
dense_attn,256,0,eager,1,0.15987
dense_attn,256,0,eager,2,0.15446
dense_attn,256,0,eager,3,0.15232
dense_attn,256,0,eager,4,0.15277
dense_attn,256,0,eager,5,0.15309
dense_attn,256,0,eager,6,0.15318
dense_attn,256,0,eager,7,0.15219
dense_attn,256,0,eager,8,0.15251
dense_attn,256,0,eager,9,0.15101
dense_attn,256,0,eager,10,0.15011
dense_attn,256,0,eager,11,0.15373
dense_attn,256,0,eager,12,0.15062
dense_attn,256,0,eager,13,0.15088
dense_attn,256,0,eager,14,0.14947
dense_attn,256,0,eager,15,0.14963
dense_attn,256,0,eager,16,0.15152
dense_attn,256,0,eager,17,0.15894
dense_attn,256,0,eager,18,0.15037
dense_attn,256,0,eager,19,0.14966
dense_attn,256,0,eager,20,0.14739
dense_attn,256,0,eager,21,0.14966
dense_attn,256,0,eager,22,0.14998
dense_attn,256,0,eager,23,0.15155
dense_attn,256,0,eager,24,0.14883
dense_attn,256,0,eager,25,0.14963
dense_attn,256,0,eager,26,0.15002
dense_attn,256,0,eager,27,0.14864
dense_attn,256,0,eager,28,0.15373
dense_attn,256,0,eager,29,0.14966
dense_attn,512,0,graph,0,0.20929
dense_attn,512,0,graph,1,0.20899
dense_attn,512,0,graph,2,0.20977
dense_attn,512,0,graph,3,0.20900
dense_attn,512,0,graph,4,0.20923
dense_attn,512,0,graph,5,0.20882
dense_attn,512,0,graph,6,0.20873
dense_attn,512,0,graph,7,0.20829
dense_attn,512,0,graph,8,0.20846
dense_attn,512,0,graph,9,0.20850
dense_attn,512,0,graph,10,0.20813
dense_attn,512,0,graph,11,0.20789
dense_attn,512,0,graph,12,0.20776
dense_attn,512,0,graph,13,0.20774
dense_attn,512,0,graph,14,0.20756
dense_attn,512,0,graph,15,0.20689
dense_attn,512,0,graph,16,0.20724
dense_attn,512,0,graph,17,0.20726
dense_attn,512,0,graph,18,0.20692
dense_attn,512,0,graph,19,0.20699
dense_attn,512,0,graph,20,0.20805
dense_attn,512,0,graph,21,0.20684
dense_attn,512,0,graph,22,0.20687
dense_attn,512,0,graph,23,0.20703
dense_attn,512,0,graph,24,0.20678
dense_attn,512,0,graph,25,0.20675
dense_attn,512,0,graph,26,0.20677
dense_attn,512,0,graph,27,0.20649
dense_attn,512,0,graph,28,0.20725
dense_attn,512,0,graph,29,0.20670
dense_attn,512,0,eager,0,0.24534
dense_attn,512,0,eager,1,0.24253
dense_attn,512,0,eager,2,0.23933
dense_attn,512,0,eager,3,0.23923
dense_attn,512,0,eager,4,0.23846
dense_attn,512,0,eager,5,0.24016
dense_attn,512,0,eager,6,0.23875
dense_attn,512,0,eager,7,0.23958
dense_attn,512,0,eager,8,0.23808
dense_attn,512,0,eager,9,0.23850
dense_attn,512,0,eager,10,0.23827
dense_attn,512,0,eager,11,0.23904
dense_attn,512,0,eager,12,0.23923
dense_attn,512,0,eager,13,0.23987
dense_attn,512,0,eager,14,0.23779
dense_attn,512,0,eager,15,0.24138
dense_attn,512,0,eager,16,0.23898
dense_attn,512,0,eager,17,0.24029
dense_attn,512,0,eager,18,0.23837
dense_attn,512,0,eager,19,0.23978
dense_attn,512,0,eager,20,0.23770
dense_attn,512,0,eager,21,0.23997
dense_attn,512,0,eager,22,0.23862
dense_attn,512,0,eager,23,0.23949
dense_attn,512,0,eager,24,0.23808
dense_attn,512,0,eager,25,0.24042
dense_attn,512,0,eager,26,0.23894
dense_attn,512,0,eager,27,0.24010
dense_attn,512,0,eager,28,0.23853
dense_attn,512,0,eager,29,0.24038
dense_attn,1024,0,graph,0,0.36321
dense_attn,1024,0,graph,1,0.36400
dense_attn,1024,0,graph,2,0.36474
dense_attn,1024,0,graph,3,0.36442
dense_attn,1024,0,graph,4,0.36436
dense_attn,1024,0,graph,5,0.36548
dense_attn,1024,0,graph,6,0.36352
dense_attn,1024,0,graph,7,0.36443
dense_attn,1024,0,graph,8,0.36386
dense_attn,1024,0,graph,9,0.36361
dense_attn,1024,0,graph,10,0.36381
dense_attn,1024,0,graph,11,0.36311
dense_attn,1024,0,graph,12,0.36381
dense_attn,1024,0,graph,13,0.36473
dense_attn,1024,0,graph,14,0.36406
dense_attn,1024,0,graph,15,0.36372
dense_attn,1024,0,graph,16,0.36448
dense_attn,1024,0,graph,17,0.36602
dense_attn,1024,0,graph,18,0.36529
dense_attn,1024,0,graph,19,0.36464
dense_attn,1024,0,graph,20,0.36528
dense_attn,1024,0,graph,21,0.36498
dense_attn,1024,0,graph,22,0.36546
dense_attn,1024,0,graph,23,0.36395
dense_attn,1024,0,graph,24,0.36331
dense_attn,1024,0,graph,25,0.36447
dense_attn,1024,0,graph,26,0.36320
dense_attn,1024,0,graph,27,0.37293
dense_attn,1024,0,graph,28,0.37738
dense_attn,1024,0,graph,29,0.37730
dense_attn,1024,0,eager,0,0.41952
dense_attn,1024,0,eager,1,0.40422
dense_attn,1024,0,eager,2,0.40256
dense_attn,1024,0,eager,3,0.39251
dense_attn,1024,0,eager,4,0.39174
dense_attn,1024,0,eager,5,0.39312
dense_attn,1024,0,eager,6,0.38954
dense_attn,1024,0,eager,7,0.39702
dense_attn,1024,0,eager,8,0.39120
dense_attn,1024,0,eager,9,0.39158
dense_attn,1024,0,eager,10,0.39152
dense_attn,1024,0,eager,11,0.39098
dense_attn,1024,0,eager,12,0.39066
dense_attn,1024,0,eager,13,0.39075
dense_attn,1024,0,eager,14,0.39053
dense_attn,1024,0,eager,15,0.39139
dense_attn,1024,0,eager,16,0.39002
dense_attn,1024,0,eager,17,0.39126
dense_attn,1024,0,eager,18,0.39098
dense_attn,1024,0,eager,19,0.39066
dense_attn,1024,0,eager,20,0.38909
dense_attn,1024,0,eager,21,0.39334
dense_attn,1024,0,eager,22,0.39258
dense_attn,1024,0,eager,23,0.39203
dense_attn,1024,0,eager,24,0.39254
dense_attn,1024,0,eager,25,0.38976
dense_attn,1024,0,eager,26,0.39050
dense_attn,1024,0,eager,27,0.39069
dense_attn,1024,0,eager,28,0.39002
dense_attn,1024,0,eager,29,0.39901
dense_attn,2048,0,graph,0,0.73677
dense_attn,2048,0,graph,1,0.73539
dense_attn,2048,0,graph,2,0.73629
dense_attn,2048,0,graph,3,0.73627
dense_attn,2048,0,graph,4,0.73696
dense_attn,2048,0,graph,5,0.73598
dense_attn,2048,0,graph,6,0.73683
dense_attn,2048,0,graph,7,0.73533
dense_attn,2048,0,graph,8,0.73661
dense_attn,2048,0,graph,9,0.73670
dense_attn,2048,0,graph,10,0.73502
dense_attn,2048,0,graph,11,0.73627
dense_attn,2048,0,graph,12,0.73610
dense_attn,2048,0,graph,13,0.73573
dense_attn,2048,0,graph,14,0.73680
dense_attn,2048,0,graph,15,0.73587
dense_attn,2048,0,graph,16,0.73587
dense_attn,2048,0,graph,17,0.73645
dense_attn,2048,0,graph,18,0.73504
dense_attn,2048,0,graph,19,0.73587
dense_attn,2048,0,graph,20,0.73950
dense_attn,2048,0,graph,21,0.74486
dense_attn,2048,0,graph,22,0.74504
dense_attn,2048,0,graph,23,0.74390
dense_attn,2048,0,graph,24,0.74371
dense_attn,2048,0,graph,25,0.74518
dense_attn,2048,0,graph,26,0.74526
dense_attn,2048,0,graph,27,0.74422
dense_attn,2048,0,graph,28,0.74365
dense_attn,2048,0,graph,29,0.74395
dense_attn,2048,0,eager,0,0.75517
dense_attn,2048,0,eager,1,0.74022
dense_attn,2048,0,eager,2,0.73389
dense_attn,2048,0,eager,3,0.73245
dense_attn,2048,0,eager,4,0.73242
dense_attn,2048,0,eager,5,0.73264
dense_attn,2048,0,eager,6,0.73533
dense_attn,2048,0,eager,7,0.73354
dense_attn,2048,0,eager,8,0.73357
dense_attn,2048,0,eager,9,0.73066
dense_attn,2048,0,eager,10,0.73555
dense_attn,2048,0,eager,11,0.73168
dense_attn,2048,0,eager,12,0.73443
dense_attn,2048,0,eager,13,0.73376
dense_attn,2048,0,eager,14,0.73210
dense_attn,2048,0,eager,15,0.73248
dense_attn,2048,0,eager,16,0.73558
dense_attn,2048,0,eager,17,0.73389
dense_attn,2048,0,eager,18,0.73437
dense_attn,2048,0,eager,19,0.73453
dense_attn,2048,0,eager,20,0.73306
dense_attn,2048,0,eager,21,0.73075
dense_attn,2048,0,eager,22,0.73245
dense_attn,2048,0,eager,23,0.74029
dense_attn,2048,0,eager,24,0.74579
dense_attn,2048,0,eager,25,0.74010
dense_attn,2048,0,eager,26,0.74422
dense_attn,2048,0,eager,27,0.74131
dense_attn,2048,0,eager,28,0.74042
dense_attn,2048,0,eager,29,0.73894
dense_attn,4096,0,graph,0,1.48261
dense_attn,4096,0,graph,1,1.48264
dense_attn,4096,0,graph,2,1.56501
dense_attn,4096,0,graph,3,1.47810
dense_attn,4096,0,graph,4,1.47726
dense_attn,4096,0,graph,5,1.46280
dense_attn,4096,0,graph,6,1.46014
dense_attn,4096,0,graph,7,1.46162
dense_attn,4096,0,graph,8,1.46133
dense_attn,4096,0,graph,9,1.46210
dense_attn,4096,0,graph,10,1.46312
dense_attn,4096,0,graph,11,1.47883
dense_attn,4096,0,graph,12,1.64290
dense_attn,4096,0,graph,13,1.63138
dense_attn,4096,0,graph,14,1.64987
dense_attn,4096,0,graph,15,1.64667
dense_attn,4096,0,graph,16,1.63947
dense_attn,4096,0,graph,17,1.63083
dense_attn,4096,0,graph,18,1.63086
dense_attn,4096,0,graph,19,1.62990
dense_attn,4096,0,graph,20,1.63765
dense_attn,4096,0,graph,21,1.63829
dense_attn,4096,0,graph,22,1.62917
dense_attn,4096,0,graph,23,1.61032
dense_attn,4096,0,graph,24,1.59694
dense_attn,4096,0,graph,25,1.59918
dense_attn,4096,0,graph,26,1.59992
dense_attn,4096,0,graph,27,1.60120
dense_attn,4096,0,graph,28,1.59826
dense_attn,4096,0,graph,29,1.61573
dense_attn,4096,0,eager,0,1.44074
dense_attn,4096,0,eager,1,1.43062
dense_attn,4096,0,eager,2,1.42845
dense_attn,4096,0,eager,3,1.43088
dense_attn,4096,0,eager,4,1.43286
dense_attn,4096,0,eager,5,1.43101
dense_attn,4096,0,eager,6,1.43299
dense_attn,4096,0,eager,7,1.42934
dense_attn,4096,0,eager,8,1.43286
dense_attn,4096,0,eager,9,1.43078
dense_attn,4096,0,eager,10,1.43494
dense_attn,4096,0,eager,11,1.43018
dense_attn,4096,0,eager,12,1.43411
dense_attn,4096,0,eager,13,1.42883
dense_attn,4096,0,eager,14,1.43094
dense_attn,4096,0,eager,15,1.43933
dense_attn,4096,0,eager,16,1.46915
dense_attn,4096,0,eager,17,1.46810
dense_attn,4096,0,eager,18,1.46778
dense_attn,4096,0,eager,19,1.46624
dense_attn,4096,0,eager,20,1.47094
dense_attn,4096,0,eager,21,1.46816
dense_attn,4096,0,eager,22,1.47203
dense_attn,4096,0,eager,23,1.46864
dense_attn,4096,0,eager,24,1.47258
dense_attn,4096,0,eager,25,1.47171
dense_attn,4096,0,eager,26,1.46826
dense_attn,4096,0,eager,27,1.46765
dense_attn,4096,0,eager,28,1.46762
dense_attn,4096,0,eager,29,1.46845
dense_attn,8192,0,graph,0,2.87458
dense_attn,8192,0,graph,1,2.86434
dense_attn,8192,0,graph,2,2.89845
dense_attn,8192,0,graph,3,2.96274
dense_attn,8192,0,graph,4,2.96514
dense_attn,8192,0,graph,5,2.96238
dense_attn,8192,0,graph,6,2.96210
dense_attn,8192,0,graph,7,2.96523
dense_attn,8192,0,graph,8,2.96597
dense_attn,8192,0,graph,9,3.01352
dense_attn,8192,0,graph,10,3.02232
dense_attn,8192,0,graph,11,3.01630
dense_attn,8192,0,graph,12,3.02386
dense_attn,8192,0,graph,13,3.02485
dense_attn,8192,0,graph,14,3.03003
dense_attn,8192,0,graph,15,3.01666
dense_attn,8192,0,graph,16,3.02978
dense_attn,8192,0,graph,17,3.02376
dense_attn,8192,0,graph,18,3.02382
dense_attn,8192,0,graph,19,3.02754
dense_attn,8192,0,graph,20,3.02142
dense_attn,8192,0,graph,21,3.02142
dense_attn,8192,0,graph,22,3.01736
dense_attn,8192,0,graph,23,3.01858
dense_attn,8192,0,graph,24,3.02955
dense_attn,8192,0,graph,25,3.02056
dense_attn,8192,0,graph,26,3.02216
dense_attn,8192,0,graph,27,3.02424
dense_attn,8192,0,graph,28,3.02507
dense_attn,8192,0,graph,29,3.01781
dense_attn,8192,0,eager,0,2.84515
dense_attn,8192,0,eager,1,2.87402
dense_attn,8192,0,eager,2,2.87498
dense_attn,8192,0,eager,3,2.87334
dense_attn,8192,0,eager,4,2.87485
dense_attn,8192,0,eager,5,2.87328
dense_attn,8192,0,eager,6,2.87053
dense_attn,8192,0,eager,7,2.90458
dense_attn,8192,0,eager,8,3.00643
dense_attn,8192,0,eager,9,3.01366
dense_attn,8192,0,eager,10,3.01293
dense_attn,8192,0,eager,11,3.01805
dense_attn,8192,0,eager,12,3.01626
dense_attn,8192,0,eager,13,3.02541
dense_attn,8192,0,eager,14,3.01789
dense_attn,8192,0,eager,15,3.01558
dense_attn,8192,0,eager,16,3.00762
dense_attn,8192,0,eager,17,3.00701
dense_attn,8192,0,eager,18,3.01888
dense_attn,8192,0,eager,19,3.02064
dense_attn,8192,0,eager,20,3.01779
dense_attn,8192,0,eager,21,3.00842
dense_attn,8192,0,eager,22,3.01846
dense_attn,8192,0,eager,23,3.01626
dense_attn,8192,0,eager,24,3.01328
dense_attn,8192,0,eager,25,3.00678
dense_attn,8192,0,eager,26,3.01290
dense_attn,8192,0,eager,27,3.02016
dense_attn,8192,0,eager,28,3.04192
dense_attn,8192,0,eager,29,3.04362
dense_gdn,64,0,graph,0,0.08872
dense_gdn,64,0,graph,1,0.08916
dense_gdn,64,0,graph,2,0.08916
dense_gdn,64,0,graph,3,0.08914
dense_gdn,64,0,graph,4,0.08899
dense_gdn,64,0,graph,5,0.08878
dense_gdn,64,0,graph,6,0.08924
dense_gdn,64,0,graph,7,0.08897
dense_gdn,64,0,graph,8,0.08898
dense_gdn,64,0,graph,9,0.08904
dense_gdn,64,0,graph,10,0.08879
dense_gdn,64,0,graph,11,0.08921
dense_gdn,64,0,graph,12,0.08927
dense_gdn,64,0,graph,13,0.08927
dense_gdn,64,0,graph,14,0.08912
dense_gdn,64,0,graph,15,0.08933
dense_gdn,64,0,graph,16,0.08894
dense_gdn,64,0,graph,17,0.08926
dense_gdn,64,0,graph,18,0.08897
dense_gdn,64,0,graph,19,0.08908
dense_gdn,64,0,graph,20,0.08920
dense_gdn,64,0,graph,21,0.08905
dense_gdn,64,0,graph,22,0.08922
dense_gdn,64,0,graph,23,0.08911
dense_gdn,64,0,graph,24,0.08900
dense_gdn,64,0,graph,25,0.08894
dense_gdn,64,0,graph,26,0.08869
dense_gdn,64,0,graph,27,0.08918
dense_gdn,64,0,graph,28,0.08912
dense_gdn,64,0,graph,29,0.08893
dense_gdn,64,0,eager,0,0.24032
dense_gdn,64,0,eager,1,0.24922
dense_gdn,64,0,eager,2,0.25254
dense_gdn,64,0,eager,3,0.24022
dense_gdn,64,0,eager,4,0.23782
dense_gdn,64,0,eager,5,0.23046
dense_gdn,64,0,eager,6,0.22707
dense_gdn,64,0,eager,7,0.22400
dense_gdn,64,0,eager,8,0.23219
dense_gdn,64,0,eager,9,0.22554
dense_gdn,64,0,eager,10,0.23226
dense_gdn,64,0,eager,11,0.22586
dense_gdn,64,0,eager,12,0.23459
dense_gdn,64,0,eager,13,0.22515
dense_gdn,64,0,eager,14,0.22266
dense_gdn,64,0,eager,15,0.22134
dense_gdn,64,0,eager,16,0.23683
dense_gdn,64,0,eager,17,0.22646
dense_gdn,64,0,eager,18,0.22355
dense_gdn,64,0,eager,19,0.23293
dense_gdn,64,0,eager,20,0.22858
dense_gdn,64,0,eager,21,0.23654
dense_gdn,64,0,eager,22,0.22797
dense_gdn,64,0,eager,23,0.23066
dense_gdn,64,0,eager,24,0.22326
dense_gdn,64,0,eager,25,0.22470
dense_gdn,64,0,eager,26,0.22333
dense_gdn,64,0,eager,27,0.23130
dense_gdn,64,0,eager,28,0.22637
dense_gdn,64,0,eager,29,0.22173
dense_gdn,65,0,graph,0,0.09005
dense_gdn,65,0,graph,1,0.08994
dense_gdn,65,0,graph,2,0.09003
dense_gdn,65,0,graph,3,0.08996
dense_gdn,65,0,graph,4,0.08980
dense_gdn,65,0,graph,5,0.08996
dense_gdn,65,0,graph,6,0.08974
dense_gdn,65,0,graph,7,0.08977
dense_gdn,65,0,graph,8,0.09725
dense_gdn,65,0,graph,9,0.08987
dense_gdn,65,0,graph,10,0.09010
dense_gdn,65,0,graph,11,0.08975
dense_gdn,65,0,graph,12,0.08988
dense_gdn,65,0,graph,13,0.09011
dense_gdn,65,0,graph,14,0.09002
dense_gdn,65,0,graph,15,0.08989
dense_gdn,65,0,graph,16,0.09003
dense_gdn,65,0,graph,17,0.08975
dense_gdn,65,0,graph,18,0.08983
dense_gdn,65,0,graph,19,0.09002
dense_gdn,65,0,graph,20,0.08985
dense_gdn,65,0,graph,21,0.09014
dense_gdn,65,0,graph,22,0.08993
dense_gdn,65,0,graph,23,0.08992
dense_gdn,65,0,graph,24,0.08980
dense_gdn,65,0,graph,25,0.08993
dense_gdn,65,0,graph,26,0.08998
dense_gdn,65,0,graph,27,0.08999
dense_gdn,65,0,graph,28,0.09013
dense_gdn,65,0,graph,29,0.08987
dense_gdn,65,0,eager,0,0.24954
dense_gdn,65,0,eager,1,0.24694
dense_gdn,65,0,eager,2,0.23978
dense_gdn,65,0,eager,3,0.23664
dense_gdn,65,0,eager,4,0.23395
dense_gdn,65,0,eager,5,0.23235
dense_gdn,65,0,eager,6,0.22483
dense_gdn,65,0,eager,7,0.22560
dense_gdn,65,0,eager,8,0.23341
dense_gdn,65,0,eager,9,0.22771
dense_gdn,65,0,eager,10,0.23187
dense_gdn,65,0,eager,11,0.22966
dense_gdn,65,0,eager,12,0.23638
dense_gdn,65,0,eager,13,0.22666
dense_gdn,65,0,eager,14,0.22454
dense_gdn,65,0,eager,15,0.22483
dense_gdn,65,0,eager,16,0.23267
dense_gdn,65,0,eager,17,0.23162
dense_gdn,65,0,eager,18,0.22576
dense_gdn,65,0,eager,19,0.22480
dense_gdn,65,0,eager,20,0.22659
dense_gdn,65,0,eager,21,0.22406
dense_gdn,65,0,eager,22,0.24669
dense_gdn,65,0,eager,23,0.25146
dense_gdn,65,0,eager,24,0.23226
dense_gdn,65,0,eager,25,0.23066
dense_gdn,65,0,eager,26,0.22771
dense_gdn,65,0,eager,27,0.23366
dense_gdn,65,0,eager,28,0.22390
dense_gdn,65,0,eager,29,0.22451
dense_gdn,128,0,graph,0,0.09502
dense_gdn,128,0,graph,1,0.09491
dense_gdn,128,0,graph,2,0.09528
dense_gdn,128,0,graph,3,0.09510
dense_gdn,128,0,graph,4,0.09490
dense_gdn,128,0,graph,5,0.09524
dense_gdn,128,0,graph,6,0.09521
dense_gdn,128,0,graph,7,0.09540
dense_gdn,128,0,graph,8,0.09519
dense_gdn,128,0,graph,9,0.09517
dense_gdn,128,0,graph,10,0.09501
dense_gdn,128,0,graph,11,0.09514
dense_gdn,128,0,graph,12,0.09519
dense_gdn,128,0,graph,13,0.09556
dense_gdn,128,0,graph,14,0.09509
dense_gdn,128,0,graph,15,0.09502
dense_gdn,128,0,graph,16,0.09519
dense_gdn,128,0,graph,17,0.09522
dense_gdn,128,0,graph,18,0.09506
dense_gdn,128,0,graph,19,0.09491
dense_gdn,128,0,graph,20,0.09516
dense_gdn,128,0,graph,21,0.09490
dense_gdn,128,0,graph,22,0.09517
dense_gdn,128,0,graph,23,0.09542
dense_gdn,128,0,graph,24,0.09497
dense_gdn,128,0,graph,25,0.09520
dense_gdn,128,0,graph,26,0.09488
dense_gdn,128,0,graph,27,0.09486
dense_gdn,128,0,graph,28,0.09484
dense_gdn,128,0,graph,29,0.09520
dense_gdn,128,0,eager,0,0.23917
dense_gdn,128,0,eager,1,0.22992
dense_gdn,128,0,eager,2,0.22570
dense_gdn,128,0,eager,3,0.22115
dense_gdn,128,0,eager,4,0.23030
dense_gdn,128,0,eager,5,0.22054
dense_gdn,128,0,eager,6,0.23254
dense_gdn,128,0,eager,7,0.22522
dense_gdn,128,0,eager,8,0.22650
dense_gdn,128,0,eager,9,0.22134
dense_gdn,128,0,eager,10,0.22138
dense_gdn,128,0,eager,11,0.22653
dense_gdn,128,0,eager,12,0.22099
dense_gdn,128,0,eager,13,0.21990
dense_gdn,128,0,eager,14,0.21552
dense_gdn,128,0,eager,15,0.22310
dense_gdn,128,0,eager,16,0.22029
dense_gdn,128,0,eager,17,0.22192
dense_gdn,128,0,eager,18,0.21824
dense_gdn,128,0,eager,19,0.22653
dense_gdn,128,0,eager,20,0.23075
dense_gdn,128,0,eager,21,0.22272
dense_gdn,128,0,eager,22,0.22131
dense_gdn,128,0,eager,23,0.22826
dense_gdn,128,0,eager,24,0.22035
dense_gdn,128,0,eager,25,0.22099
dense_gdn,128,0,eager,26,0.21946
dense_gdn,128,0,eager,27,0.22656
dense_gdn,128,0,eager,28,0.21850
dense_gdn,128,0,eager,29,0.21792
dense_gdn,129,0,graph,0,0.09980
dense_gdn,129,0,graph,1,0.10044
dense_gdn,129,0,graph,2,0.09881
dense_gdn,129,0,graph,3,0.09861
dense_gdn,129,0,graph,4,0.09943
dense_gdn,129,0,graph,5,0.09869
dense_gdn,129,0,graph,6,0.09954
dense_gdn,129,0,graph,7,0.09914
dense_gdn,129,0,graph,8,0.09850
dense_gdn,129,0,graph,9,0.09942
dense_gdn,129,0,graph,10,0.09896
dense_gdn,129,0,graph,11,0.09900
dense_gdn,129,0,graph,12,0.09844
dense_gdn,129,0,graph,13,0.09832
dense_gdn,129,0,graph,14,0.09923
dense_gdn,129,0,graph,15,0.09986
dense_gdn,129,0,graph,16,0.09889
dense_gdn,129,0,graph,17,0.09895
dense_gdn,129,0,graph,18,0.09872
dense_gdn,129,0,graph,19,0.09971
dense_gdn,129,0,graph,20,0.09876
dense_gdn,129,0,graph,21,0.09875
dense_gdn,129,0,graph,22,0.09852
dense_gdn,129,0,graph,23,0.09923
dense_gdn,129,0,graph,24,0.09843
dense_gdn,129,0,graph,25,0.09909
dense_gdn,129,0,graph,26,0.10032
dense_gdn,129,0,graph,27,0.09901
dense_gdn,129,0,graph,28,0.09844
dense_gdn,129,0,graph,29,0.09908
dense_gdn,129,0,eager,0,0.26771
dense_gdn,129,0,eager,1,0.25184
dense_gdn,129,0,eager,2,0.23354
dense_gdn,129,0,eager,3,0.22688
dense_gdn,129,0,eager,4,0.22326
dense_gdn,129,0,eager,5,0.23398
dense_gdn,129,0,eager,6,0.22410
dense_gdn,129,0,eager,7,0.22333
dense_gdn,129,0,eager,8,0.22243
dense_gdn,129,0,eager,9,0.24029
dense_gdn,129,0,eager,10,0.22573
dense_gdn,129,0,eager,11,0.22250
dense_gdn,129,0,eager,12,0.22221
dense_gdn,129,0,eager,13,0.22506
dense_gdn,129,0,eager,14,0.22173
dense_gdn,129,0,eager,15,0.22445
dense_gdn,129,0,eager,16,0.22995
dense_gdn,129,0,eager,17,0.22864
dense_gdn,129,0,eager,18,0.22253
dense_gdn,129,0,eager,19,0.21821
dense_gdn,129,0,eager,20,0.22947
dense_gdn,129,0,eager,21,0.22467
dense_gdn,129,0,eager,22,0.22138
dense_gdn,129,0,eager,23,0.22301
dense_gdn,129,0,eager,24,0.22845
dense_gdn,129,0,eager,25,0.22442
dense_gdn,129,0,eager,26,0.21994
dense_gdn,129,0,eager,27,0.22189
dense_gdn,129,0,eager,28,0.22970
dense_gdn,129,0,eager,29,0.22422
dense_gdn,256,0,graph,0,0.11718
dense_gdn,256,0,graph,1,0.11730
dense_gdn,256,0,graph,2,0.11727
dense_gdn,256,0,graph,3,0.11714
dense_gdn,256,0,graph,4,0.11691
dense_gdn,256,0,graph,5,0.11695
dense_gdn,256,0,graph,6,0.11723
dense_gdn,256,0,graph,7,0.11738
dense_gdn,256,0,graph,8,0.11716
dense_gdn,256,0,graph,9,0.11706
dense_gdn,256,0,graph,10,0.11718
dense_gdn,256,0,graph,11,0.11690
dense_gdn,256,0,graph,12,0.11712
dense_gdn,256,0,graph,13,0.11704
dense_gdn,256,0,graph,14,0.11686
dense_gdn,256,0,graph,15,0.11708
dense_gdn,256,0,graph,16,0.11726
dense_gdn,256,0,graph,17,0.11691
dense_gdn,256,0,graph,18,0.11711
dense_gdn,256,0,graph,19,0.11700
dense_gdn,256,0,graph,20,0.11730
dense_gdn,256,0,graph,21,0.11718
dense_gdn,256,0,graph,22,0.11712
dense_gdn,256,0,graph,23,0.11694
dense_gdn,256,0,graph,24,0.11695
dense_gdn,256,0,graph,25,0.11694
dense_gdn,256,0,graph,26,0.11711
dense_gdn,256,0,graph,27,0.11709
dense_gdn,256,0,graph,28,0.11721
dense_gdn,256,0,graph,29,0.11695
dense_gdn,256,0,eager,0,0.36381
dense_gdn,256,0,eager,1,0.26893
dense_gdn,256,0,eager,2,0.24086
dense_gdn,256,0,eager,3,0.23709
dense_gdn,256,0,eager,4,0.23098
dense_gdn,256,0,eager,5,0.23139
dense_gdn,256,0,eager,6,0.23062
dense_gdn,256,0,eager,7,0.23562
dense_gdn,256,0,eager,8,0.22640
dense_gdn,256,0,eager,9,0.22435
dense_gdn,256,0,eager,10,0.22358
dense_gdn,256,0,eager,11,0.23107
dense_gdn,256,0,eager,12,0.22461
dense_gdn,256,0,eager,13,0.22195
dense_gdn,256,0,eager,14,0.22275
dense_gdn,256,0,eager,15,0.23005
dense_gdn,256,0,eager,16,0.22307
dense_gdn,256,0,eager,17,0.22502
dense_gdn,256,0,eager,18,0.22246
dense_gdn,256,0,eager,19,0.25411
dense_gdn,256,0,eager,20,0.22330
dense_gdn,256,0,eager,21,0.22243
dense_gdn,256,0,eager,22,0.22630
dense_gdn,256,0,eager,23,0.23514
dense_gdn,256,0,eager,24,0.22758
dense_gdn,256,0,eager,25,0.22893
dense_gdn,256,0,eager,26,0.23171
dense_gdn,256,0,eager,27,0.22528
dense_gdn,256,0,eager,28,0.22432
dense_gdn,256,0,eager,29,0.22557
dense_gdn,512,0,graph,0,0.19419
dense_gdn,512,0,graph,1,0.19414
dense_gdn,512,0,graph,2,0.19433
dense_gdn,512,0,graph,3,0.19433
dense_gdn,512,0,graph,4,0.19397
dense_gdn,512,0,graph,5,0.19435
dense_gdn,512,0,graph,6,0.19424
dense_gdn,512,0,graph,7,0.19756
dense_gdn,512,0,graph,8,0.19776
dense_gdn,512,0,graph,9,0.19737
dense_gdn,512,0,graph,10,0.19723
dense_gdn,512,0,graph,11,0.19789
dense_gdn,512,0,graph,12,0.19778
dense_gdn,512,0,graph,13,0.19788
dense_gdn,512,0,graph,14,0.19684
dense_gdn,512,0,graph,15,0.19752
dense_gdn,512,0,graph,16,0.19766
dense_gdn,512,0,graph,17,0.19755
dense_gdn,512,0,graph,18,0.19772
dense_gdn,512,0,graph,19,0.19767
dense_gdn,512,0,graph,20,0.19724
dense_gdn,512,0,graph,21,0.19754
dense_gdn,512,0,graph,22,0.19887
dense_gdn,512,0,graph,23,0.19894
dense_gdn,512,0,graph,24,0.19936
dense_gdn,512,0,graph,25,0.19873
dense_gdn,512,0,graph,26,0.19813
dense_gdn,512,0,graph,27,0.20095
dense_gdn,512,0,graph,28,0.20078
dense_gdn,512,0,graph,29,0.20122
dense_gdn,512,0,eager,0,0.25245
dense_gdn,512,0,eager,1,0.25235
dense_gdn,512,0,eager,2,0.24758
dense_gdn,512,0,eager,3,0.24189
dense_gdn,512,0,eager,4,0.26317
dense_gdn,512,0,eager,5,0.25162
dense_gdn,512,0,eager,6,0.24550
dense_gdn,512,0,eager,7,0.24224
dense_gdn,512,0,eager,8,0.24784
dense_gdn,512,0,eager,9,0.24416
dense_gdn,512,0,eager,10,0.24266
dense_gdn,512,0,eager,11,0.25418
dense_gdn,512,0,eager,12,0.24355
dense_gdn,512,0,eager,13,0.24307
dense_gdn,512,0,eager,14,0.24192
dense_gdn,512,0,eager,15,0.24896
dense_gdn,512,0,eager,16,0.24176
dense_gdn,512,0,eager,17,0.24403
dense_gdn,512,0,eager,18,0.24122
dense_gdn,512,0,eager,19,0.24304
dense_gdn,512,0,eager,20,0.23990
dense_gdn,512,0,eager,21,0.24035
dense_gdn,512,0,eager,22,0.24746
dense_gdn,512,0,eager,23,0.24758
dense_gdn,512,0,eager,24,0.24218
dense_gdn,512,0,eager,25,0.24598
dense_gdn,512,0,eager,26,0.26070
dense_gdn,512,0,eager,27,0.24714
dense_gdn,512,0,eager,28,0.24221
dense_gdn,512,0,eager,29,0.24349
dense_gdn,1024,0,graph,0,0.35835
dense_gdn,1024,0,graph,1,0.35863
dense_gdn,1024,0,graph,2,0.35843
dense_gdn,1024,0,graph,3,0.35916
dense_gdn,1024,0,graph,4,0.35832
dense_gdn,1024,0,graph,5,0.35889
dense_gdn,1024,0,graph,6,0.35818
dense_gdn,1024,0,graph,7,0.35889
dense_gdn,1024,0,graph,8,0.35816
dense_gdn,1024,0,graph,9,0.35932
dense_gdn,1024,0,graph,10,0.35796
dense_gdn,1024,0,graph,11,0.35826
dense_gdn,1024,0,graph,12,0.35858
dense_gdn,1024,0,graph,13,0.35840
dense_gdn,1024,0,graph,14,0.37280
dense_gdn,1024,0,graph,15,0.37436
dense_gdn,1024,0,graph,16,0.37324
dense_gdn,1024,0,graph,17,0.37356
dense_gdn,1024,0,graph,18,0.37340
dense_gdn,1024,0,graph,19,0.37508
dense_gdn,1024,0,graph,20,0.37814
dense_gdn,1024,0,graph,21,0.37861
dense_gdn,1024,0,graph,22,0.37916
dense_gdn,1024,0,graph,23,0.37960
dense_gdn,1024,0,graph,24,0.37878
dense_gdn,1024,0,graph,25,0.37892
dense_gdn,1024,0,graph,26,0.37879
dense_gdn,1024,0,graph,27,0.37992
dense_gdn,1024,0,graph,28,0.37854
dense_gdn,1024,0,graph,29,0.37935
dense_gdn,1024,0,eager,0,0.39133
dense_gdn,1024,0,eager,1,0.38794
dense_gdn,1024,0,eager,2,0.38730
dense_gdn,1024,0,eager,3,0.38829
dense_gdn,1024,0,eager,4,0.38630
dense_gdn,1024,0,eager,5,0.38707
dense_gdn,1024,0,eager,6,0.38640
dense_gdn,1024,0,eager,7,0.38720
dense_gdn,1024,0,eager,8,0.38634
dense_gdn,1024,0,eager,9,0.38550
dense_gdn,1024,0,eager,10,0.38752
dense_gdn,1024,0,eager,11,0.38755
dense_gdn,1024,0,eager,12,0.38637
dense_gdn,1024,0,eager,13,0.39107
dense_gdn,1024,0,eager,14,0.38896
dense_gdn,1024,0,eager,15,0.38554
dense_gdn,1024,0,eager,16,0.38739
dense_gdn,1024,0,eager,17,0.38653
dense_gdn,1024,0,eager,18,0.38646
dense_gdn,1024,0,eager,19,0.38637
dense_gdn,1024,0,eager,20,0.38483
dense_gdn,1024,0,eager,21,0.38614
dense_gdn,1024,0,eager,22,0.38726
dense_gdn,1024,0,eager,23,0.38650
dense_gdn,1024,0,eager,24,0.38730
dense_gdn,1024,0,eager,25,0.38595
dense_gdn,1024,0,eager,26,0.38656
dense_gdn,1024,0,eager,27,0.38810
dense_gdn,1024,0,eager,28,0.38634
dense_gdn,1024,0,eager,29,0.38659
dense_gdn,2048,0,graph,0,0.70684
dense_gdn,2048,0,graph,1,0.70574
dense_gdn,2048,0,graph,2,0.70449
dense_gdn,2048,0,graph,3,0.70626
dense_gdn,2048,0,graph,4,0.70708
dense_gdn,2048,0,graph,5,0.70577
dense_gdn,2048,0,graph,6,0.70591
dense_gdn,2048,0,graph,7,0.70486
dense_gdn,2048,0,graph,8,0.70671
dense_gdn,2048,0,graph,9,0.70727
dense_gdn,2048,0,graph,10,0.70574
dense_gdn,2048,0,graph,11,0.70588
dense_gdn,2048,0,graph,12,0.70527
dense_gdn,2048,0,graph,13,0.70801
dense_gdn,2048,0,graph,14,0.70759
dense_gdn,2048,0,graph,15,0.70687
dense_gdn,2048,0,graph,16,0.70590
dense_gdn,2048,0,graph,17,0.70649
dense_gdn,2048,0,graph,18,0.70738
dense_gdn,2048,0,graph,19,0.70684
dense_gdn,2048,0,graph,20,0.70666
dense_gdn,2048,0,graph,21,0.70604
dense_gdn,2048,0,graph,22,0.70606
dense_gdn,2048,0,graph,23,0.70732
dense_gdn,2048,0,graph,24,0.71697
dense_gdn,2048,0,graph,25,0.73937
dense_gdn,2048,0,graph,26,0.73788
dense_gdn,2048,0,graph,27,0.73849
dense_gdn,2048,0,graph,28,0.73850
dense_gdn,2048,0,graph,29,0.73815
dense_gdn,2048,0,eager,0,0.73942
dense_gdn,2048,0,eager,1,0.72230
dense_gdn,2048,0,eager,2,0.72042
dense_gdn,2048,0,eager,3,0.71670
dense_gdn,2048,0,eager,4,0.71638
dense_gdn,2048,0,eager,5,0.71606
dense_gdn,2048,0,eager,6,0.71584
dense_gdn,2048,0,eager,7,0.71469
dense_gdn,2048,0,eager,8,0.71494
dense_gdn,2048,0,eager,9,0.72003
dense_gdn,2048,0,eager,10,0.71712
dense_gdn,2048,0,eager,11,0.71709
dense_gdn,2048,0,eager,12,0.71923
dense_gdn,2048,0,eager,13,0.71894
dense_gdn,2048,0,eager,14,0.71731
dense_gdn,2048,0,eager,15,0.72179
dense_gdn,2048,0,eager,16,0.71619
dense_gdn,2048,0,eager,17,0.71619
dense_gdn,2048,0,eager,18,0.71466
dense_gdn,2048,0,eager,19,0.72109
dense_gdn,2048,0,eager,20,0.71808
dense_gdn,2048,0,eager,21,0.72038
dense_gdn,2048,0,eager,22,0.72035
dense_gdn,2048,0,eager,23,0.72358
dense_gdn,2048,0,eager,24,0.71661
dense_gdn,2048,0,eager,25,0.71878
dense_gdn,2048,0,eager,26,0.71738
dense_gdn,2048,0,eager,27,0.71658
dense_gdn,2048,0,eager,28,0.71613
dense_gdn,2048,0,eager,29,0.72003
dense_gdn,4096,0,graph,0,1.53683
dense_gdn,4096,0,graph,1,1.53411
dense_gdn,4096,0,graph,2,1.53635
dense_gdn,4096,0,graph,3,1.53725
dense_gdn,4096,0,graph,4,1.53632
dense_gdn,4096,0,graph,5,1.47693
dense_gdn,4096,0,graph,6,1.47213
dense_gdn,4096,0,graph,7,1.47258
dense_gdn,4096,0,graph,8,1.47126
dense_gdn,4096,0,graph,9,1.47206
dense_gdn,4096,0,graph,10,1.47171
dense_gdn,4096,0,graph,11,1.51219
dense_gdn,4096,0,graph,12,1.59539
dense_gdn,4096,0,graph,13,1.59382
dense_gdn,4096,0,graph,14,1.59376
dense_gdn,4096,0,graph,15,1.59251
dense_gdn,4096,0,graph,16,1.59286
dense_gdn,4096,0,graph,17,1.59558
dense_gdn,4096,0,graph,18,1.59373
dense_gdn,4096,0,graph,19,1.59472
dense_gdn,4096,0,graph,20,1.60061
dense_gdn,4096,0,graph,21,1.59338
dense_gdn,4096,0,graph,22,1.59402
dense_gdn,4096,0,graph,23,1.59242
dense_gdn,4096,0,graph,24,1.59498
dense_gdn,4096,0,graph,25,1.59421
dense_gdn,4096,0,graph,26,1.59626
dense_gdn,4096,0,graph,27,1.59622
dense_gdn,4096,0,graph,28,1.59578
dense_gdn,4096,0,graph,29,1.60134
dense_gdn,4096,0,eager,0,1.44026
dense_gdn,4096,0,eager,1,1.43677
dense_gdn,4096,0,eager,2,1.43514
dense_gdn,4096,0,eager,3,1.43280
dense_gdn,4096,0,eager,4,1.43395
dense_gdn,4096,0,eager,5,1.43408
dense_gdn,4096,0,eager,6,1.43581
dense_gdn,4096,0,eager,7,1.43606
dense_gdn,4096,0,eager,8,1.43450
dense_gdn,4096,0,eager,9,1.43338
dense_gdn,4096,0,eager,10,1.43792
dense_gdn,4096,0,eager,11,1.43696
dense_gdn,4096,0,eager,12,1.43619
dense_gdn,4096,0,eager,13,1.43315
dense_gdn,4096,0,eager,14,1.43478
dense_gdn,4096,0,eager,15,1.43978
dense_gdn,4096,0,eager,16,1.43664
dense_gdn,4096,0,eager,17,1.43555
dense_gdn,4096,0,eager,18,1.43626
dense_gdn,4096,0,eager,19,1.43114
dense_gdn,4096,0,eager,20,1.43622
dense_gdn,4096,0,eager,21,1.43782
dense_gdn,4096,0,eager,22,1.43587
dense_gdn,4096,0,eager,23,1.43597
dense_gdn,4096,0,eager,24,1.43229
dense_gdn,4096,0,eager,25,1.44099
dense_gdn,4096,0,eager,26,1.43962
dense_gdn,4096,0,eager,27,1.52803
dense_gdn,4096,0,eager,28,1.54691
dense_gdn,4096,0,eager,29,1.54624
dense_gdn,8192,0,graph,0,3.00949
dense_gdn,8192,0,graph,1,3.01102
dense_gdn,8192,0,graph,2,2.99630
dense_gdn,8192,0,graph,3,2.99752
dense_gdn,8192,0,graph,4,3.07640
dense_gdn,8192,0,graph,5,3.07960
dense_gdn,8192,0,graph,6,3.08997
dense_gdn,8192,0,graph,7,3.08610
dense_gdn,8192,0,graph,8,3.07701
dense_gdn,8192,0,graph,9,3.07819
dense_gdn,8192,0,graph,10,3.07646
dense_gdn,8192,0,graph,11,3.08565
dense_gdn,8192,0,graph,12,3.07778
dense_gdn,8192,0,graph,13,3.07666
dense_gdn,8192,0,graph,14,3.07883
dense_gdn,8192,0,graph,15,3.07781
dense_gdn,8192,0,graph,16,3.08056
dense_gdn,8192,0,graph,17,3.07294
dense_gdn,8192,0,graph,18,3.08066
dense_gdn,8192,0,graph,19,3.09563
dense_gdn,8192,0,graph,20,3.10251
dense_gdn,8192,0,graph,21,3.10370
dense_gdn,8192,0,graph,22,3.10482
dense_gdn,8192,0,graph,23,3.10427
dense_gdn,8192,0,graph,24,3.10482
dense_gdn,8192,0,graph,25,3.10366
dense_gdn,8192,0,graph,26,3.10229
dense_gdn,8192,0,graph,27,3.11374
dense_gdn,8192,0,graph,28,3.10555
dense_gdn,8192,0,graph,29,3.10533
dense_gdn,8192,0,eager,0,2.83574
dense_gdn,8192,0,eager,1,2.84077
dense_gdn,8192,0,eager,2,2.84336
dense_gdn,8192,0,eager,3,2.84768
dense_gdn,8192,0,eager,4,2.88246
dense_gdn,8192,0,eager,5,3.07088
dense_gdn,8192,0,eager,6,3.06458
dense_gdn,8192,0,eager,7,3.06426
dense_gdn,8192,0,eager,8,3.06378
dense_gdn,8192,0,eager,9,3.06566
dense_gdn,8192,0,eager,10,3.05997
dense_gdn,8192,0,eager,11,3.06397
dense_gdn,8192,0,eager,12,3.06352
dense_gdn,8192,0,eager,13,3.05674
dense_gdn,8192,0,eager,14,3.06259
dense_gdn,8192,0,eager,15,3.06054
dense_gdn,8192,0,eager,16,3.06445
dense_gdn,8192,0,eager,17,3.05910
dense_gdn,8192,0,eager,18,3.05610
dense_gdn,8192,0,eager,19,3.06253
dense_gdn,8192,0,eager,20,3.06202
dense_gdn,8192,0,eager,21,3.05824
dense_gdn,8192,0,eager,22,3.05853
dense_gdn,8192,0,eager,23,3.05946
dense_gdn,8192,0,eager,24,3.05846
dense_gdn,8192,0,eager,25,3.06842
dense_gdn,8192,0,eager,26,3.19302
dense_gdn,8192,0,eager,27,3.19638
dense_gdn,8192,0,eager,28,3.19274
dense_gdn,8192,0,eager,29,3.17805
gdn_conv,64,0,graph,0,0.00883
gdn_conv,64,0,graph,1,0.00797
gdn_conv,64,0,graph,2,0.00797
gdn_conv,64,0,graph,3,0.00797
gdn_conv,64,0,graph,4,0.00800
gdn_conv,64,0,graph,5,0.00806
gdn_conv,64,0,graph,6,0.00794
gdn_conv,64,0,graph,7,0.00813
gdn_conv,64,0,graph,8,0.00800
gdn_conv,64,0,graph,9,0.00816
gdn_conv,64,0,graph,10,0.00800
gdn_conv,64,0,graph,11,0.00810
gdn_conv,64,0,graph,12,0.00816
gdn_conv,64,0,graph,13,0.00803
gdn_conv,64,0,graph,14,0.00819
gdn_conv,64,0,graph,15,0.00810
gdn_conv,64,0,graph,16,0.00800
gdn_conv,64,0,graph,17,0.00797
gdn_conv,64,0,graph,18,0.00797
gdn_conv,64,0,graph,19,0.00803
gdn_conv,64,0,graph,20,0.00797
gdn_conv,64,0,graph,21,0.00797
gdn_conv,64,0,graph,22,0.00816
gdn_conv,64,0,graph,23,0.00797
gdn_conv,64,0,graph,24,0.00803
gdn_conv,64,0,graph,25,0.00813
gdn_conv,64,0,graph,26,0.00835
gdn_conv,64,0,graph,27,0.00794
gdn_conv,64,0,graph,28,0.00803
gdn_conv,64,0,graph,29,0.00793
gdn_conv,64,0,eager,0,0.31786
gdn_conv,64,0,eager,1,0.30960
gdn_conv,64,0,eager,2,0.28682
gdn_conv,64,0,eager,3,0.27264
gdn_conv,64,0,eager,4,0.26954
gdn_conv,64,0,eager,5,0.26544
gdn_conv,64,0,eager,6,0.26266
gdn_conv,64,0,eager,7,0.27174
gdn_conv,64,0,eager,8,0.27754
gdn_conv,64,0,eager,9,0.26474
gdn_conv,64,0,eager,10,0.26042
gdn_conv,64,0,eager,11,0.26816
gdn_conv,64,0,eager,12,0.26333
gdn_conv,64,0,eager,13,0.26675
gdn_conv,64,0,eager,14,0.27123
gdn_conv,64,0,eager,15,0.26515
gdn_conv,64,0,eager,16,0.27149
gdn_conv,64,0,eager,17,0.27117
gdn_conv,64,0,eager,18,0.28240
gdn_conv,64,0,eager,19,0.26301
gdn_conv,64,0,eager,20,0.26317
gdn_conv,64,0,eager,21,0.27894
gdn_conv,64,0,eager,22,0.26854
gdn_conv,64,0,eager,23,0.26138
gdn_conv,64,0,eager,24,0.27037
gdn_conv,64,0,eager,25,0.26995
gdn_conv,64,0,eager,26,0.27418
gdn_conv,64,0,eager,27,0.26621
gdn_conv,64,0,eager,28,0.27261
gdn_conv,64,0,eager,29,0.25888
gdn_conv,65,0,graph,0,0.00803
gdn_conv,65,0,graph,1,0.00800
gdn_conv,65,0,graph,2,0.00800
gdn_conv,65,0,graph,3,0.00819
gdn_conv,65,0,graph,4,0.00822
gdn_conv,65,0,graph,5,0.00797
gdn_conv,65,0,graph,6,0.00810
gdn_conv,65,0,graph,7,0.00803
gdn_conv,65,0,graph,8,0.00803
gdn_conv,65,0,graph,9,0.00813
gdn_conv,65,0,graph,10,0.00800
gdn_conv,65,0,graph,11,0.00806
gdn_conv,65,0,graph,12,0.00835
gdn_conv,65,0,graph,13,0.00819
gdn_conv,65,0,graph,14,0.00829
gdn_conv,65,0,graph,15,0.00793
gdn_conv,65,0,graph,16,0.00803
gdn_conv,65,0,graph,17,0.00864
gdn_conv,65,0,graph,18,0.00797
gdn_conv,65,0,graph,19,0.00813
gdn_conv,65,0,graph,20,0.00810
gdn_conv,65,0,graph,21,0.00809
gdn_conv,65,0,graph,22,0.00794
gdn_conv,65,0,graph,23,0.00819
gdn_conv,65,0,graph,24,0.00803
gdn_conv,65,0,graph,25,0.00832
gdn_conv,65,0,graph,26,0.00826
gdn_conv,65,0,graph,27,0.00835
gdn_conv,65,0,graph,28,0.00806
gdn_conv,65,0,graph,29,0.00809
gdn_conv,65,0,eager,0,0.33293
gdn_conv,65,0,eager,1,0.32595
gdn_conv,65,0,eager,2,0.33581
gdn_conv,65,0,eager,3,0.31341
gdn_conv,65,0,eager,4,0.32387
gdn_conv,65,0,eager,5,0.31142
gdn_conv,65,0,eager,6,0.30432
gdn_conv,65,0,eager,7,0.30867
gdn_conv,65,0,eager,8,0.30269
gdn_conv,65,0,eager,9,0.29866
gdn_conv,65,0,eager,10,0.30672
gdn_conv,65,0,eager,11,0.31094
gdn_conv,65,0,eager,12,0.30250
gdn_conv,65,0,eager,13,0.30698
gdn_conv,65,0,eager,14,0.29750
gdn_conv,65,0,eager,15,0.29792
gdn_conv,65,0,eager,16,0.30714
gdn_conv,65,0,eager,17,0.29798
gdn_conv,65,0,eager,18,0.29776
gdn_conv,65,0,eager,19,0.31030
gdn_conv,65,0,eager,20,0.30358
gdn_conv,65,0,eager,21,0.31459
gdn_conv,65,0,eager,22,0.30566
gdn_conv,65,0,eager,23,0.30016
gdn_conv,65,0,eager,24,0.30829
gdn_conv,65,0,eager,25,0.29962
gdn_conv,65,0,eager,26,0.29830
gdn_conv,65,0,eager,27,0.30483
gdn_conv,65,0,eager,28,0.31242
gdn_conv,65,0,eager,29,0.30154
gdn_conv,128,0,graph,0,0.00838
gdn_conv,128,0,graph,1,0.00835
gdn_conv,128,0,graph,2,0.00870
gdn_conv,128,0,graph,3,0.00832
gdn_conv,128,0,graph,4,0.00838
gdn_conv,128,0,graph,5,0.00842
gdn_conv,128,0,graph,6,0.00835
gdn_conv,128,0,graph,7,0.00861
gdn_conv,128,0,graph,8,0.00838
gdn_conv,128,0,graph,9,0.00877
gdn_conv,128,0,graph,10,0.00838
gdn_conv,128,0,graph,11,0.00829
gdn_conv,128,0,graph,12,0.00845
gdn_conv,128,0,graph,13,0.00870
gdn_conv,128,0,graph,14,0.00835
gdn_conv,128,0,graph,15,0.00861
gdn_conv,128,0,graph,16,0.00838
gdn_conv,128,0,graph,17,0.00854
gdn_conv,128,0,graph,18,0.00854
gdn_conv,128,0,graph,19,0.00835
gdn_conv,128,0,graph,20,0.00835
gdn_conv,128,0,graph,21,0.00851
gdn_conv,128,0,graph,22,0.00874
gdn_conv,128,0,graph,23,0.00854
gdn_conv,128,0,graph,24,0.00848
gdn_conv,128,0,graph,25,0.00835
gdn_conv,128,0,graph,26,0.00861
gdn_conv,128,0,graph,27,0.00839
gdn_conv,128,0,graph,28,0.00855
gdn_conv,128,0,graph,29,0.00851
gdn_conv,128,0,eager,0,0.35002
gdn_conv,128,0,eager,1,0.32531
gdn_conv,128,0,eager,2,0.31558
gdn_conv,128,0,eager,3,0.30723
gdn_conv,128,0,eager,4,0.30890
gdn_conv,128,0,eager,5,0.30560
gdn_conv,128,0,eager,6,0.30845
gdn_conv,128,0,eager,7,0.31216
gdn_conv,128,0,eager,8,0.30413
gdn_conv,128,0,eager,9,0.30298
gdn_conv,128,0,eager,10,0.30784
gdn_conv,128,0,eager,11,0.30074
gdn_conv,128,0,eager,12,0.30579
gdn_conv,128,0,eager,13,0.31318
gdn_conv,128,0,eager,14,0.30317
gdn_conv,128,0,eager,15,0.30179
gdn_conv,128,0,eager,16,0.31334
gdn_conv,128,0,eager,17,0.31629
gdn_conv,128,0,eager,18,0.30221
gdn_conv,128,0,eager,19,0.30992
gdn_conv,128,0,eager,20,0.29872
gdn_conv,128,0,eager,21,0.29616
gdn_conv,128,0,eager,22,0.32339
gdn_conv,128,0,eager,23,0.30608
gdn_conv,128,0,eager,24,0.30787
gdn_conv,128,0,eager,25,0.30198
gdn_conv,128,0,eager,26,0.29968
gdn_conv,128,0,eager,27,0.30454
gdn_conv,128,0,eager,28,0.29910
gdn_conv,128,0,eager,29,0.35469
gdn_conv,129,0,graph,0,0.00845
gdn_conv,129,0,graph,1,0.00838
gdn_conv,129,0,graph,2,0.00874
gdn_conv,129,0,graph,3,0.00851
gdn_conv,129,0,graph,4,0.00864
gdn_conv,129,0,graph,5,0.00858
gdn_conv,129,0,graph,6,0.00842
gdn_conv,129,0,graph,7,0.00857
gdn_conv,129,0,graph,8,0.00848
gdn_conv,129,0,graph,9,0.00848
gdn_conv,129,0,graph,10,0.00870
gdn_conv,129,0,graph,11,0.00870
gdn_conv,129,0,graph,12,0.00838
gdn_conv,129,0,graph,13,0.00842
gdn_conv,129,0,graph,14,0.00835
gdn_conv,129,0,graph,15,0.00842
gdn_conv,129,0,graph,16,0.00848
gdn_conv,129,0,graph,17,0.00842
gdn_conv,129,0,graph,18,0.00845
gdn_conv,129,0,graph,19,0.00842
gdn_conv,129,0,graph,20,0.00877
gdn_conv,129,0,graph,21,0.00851
gdn_conv,129,0,graph,22,0.00851
gdn_conv,129,0,graph,23,0.00838
gdn_conv,129,0,graph,24,0.00842
gdn_conv,129,0,graph,25,0.00842
gdn_conv,129,0,graph,26,0.00867
gdn_conv,129,0,graph,27,0.00832
gdn_conv,129,0,graph,28,0.00858
gdn_conv,129,0,graph,29,0.00851
gdn_conv,129,0,eager,0,0.31629
gdn_conv,129,0,eager,1,0.33341
gdn_conv,129,0,eager,2,0.31814
gdn_conv,129,0,eager,3,0.31568
gdn_conv,129,0,eager,4,0.30774
gdn_conv,129,0,eager,5,0.30214
gdn_conv,129,0,eager,6,0.30995
gdn_conv,129,0,eager,7,0.30534
gdn_conv,129,0,eager,8,0.30618
gdn_conv,129,0,eager,9,0.32554
gdn_conv,129,0,eager,10,0.30589
gdn_conv,129,0,eager,11,0.30301
gdn_conv,129,0,eager,12,0.30864
gdn_conv,129,0,eager,13,0.30243
gdn_conv,129,0,eager,14,0.29923
gdn_conv,129,0,eager,15,0.30723
gdn_conv,129,0,eager,16,0.30157
gdn_conv,129,0,eager,17,0.30074
gdn_conv,129,0,eager,18,0.32038
gdn_conv,129,0,eager,19,0.32762
gdn_conv,129,0,eager,20,0.32899
gdn_conv,129,0,eager,21,0.30768
gdn_conv,129,0,eager,22,0.30218
gdn_conv,129,0,eager,23,0.30835
gdn_conv,129,0,eager,24,0.31094
gdn_conv,129,0,eager,25,0.30662
gdn_conv,129,0,eager,26,0.31210
gdn_conv,129,0,eager,27,0.30938
gdn_conv,129,0,eager,28,0.29853
gdn_conv,129,0,eager,29,0.31088
gdn_conv,256,0,graph,0,0.00921
gdn_conv,256,0,graph,1,0.00934
gdn_conv,256,0,graph,2,0.00915
gdn_conv,256,0,graph,3,0.00902
gdn_conv,256,0,graph,4,0.00931
gdn_conv,256,0,graph,5,0.00909
gdn_conv,256,0,graph,6,0.00963
gdn_conv,256,0,graph,7,0.00912
gdn_conv,256,0,graph,8,0.00960
gdn_conv,256,0,graph,9,0.00922
gdn_conv,256,0,graph,10,0.00931
gdn_conv,256,0,graph,11,0.00915
gdn_conv,256,0,graph,12,0.00918
gdn_conv,256,0,graph,13,0.00950
gdn_conv,256,0,graph,14,0.00922
gdn_conv,256,0,graph,15,0.00918
gdn_conv,256,0,graph,16,0.00947
gdn_conv,256,0,graph,17,0.00928
gdn_conv,256,0,graph,18,0.00925
gdn_conv,256,0,graph,19,0.00909
gdn_conv,256,0,graph,20,0.00918
gdn_conv,256,0,graph,21,0.00935
gdn_conv,256,0,graph,22,0.00934
gdn_conv,256,0,graph,23,0.00928
gdn_conv,256,0,graph,24,0.00912
gdn_conv,256,0,graph,25,0.00915
gdn_conv,256,0,graph,26,0.00912
gdn_conv,256,0,graph,27,0.00925
gdn_conv,256,0,graph,28,0.00925
gdn_conv,256,0,graph,29,0.00909
gdn_conv,256,0,eager,0,0.31155
gdn_conv,256,0,eager,1,0.31574
gdn_conv,256,0,eager,2,0.32678
gdn_conv,256,0,eager,3,0.31040
gdn_conv,256,0,eager,4,0.31690
gdn_conv,256,0,eager,5,0.30320
gdn_conv,256,0,eager,6,0.30502
gdn_conv,256,0,eager,7,0.33949
gdn_conv,256,0,eager,8,0.31414
gdn_conv,256,0,eager,9,0.31152
gdn_conv,256,0,eager,10,0.30570
gdn_conv,256,0,eager,11,0.30160
gdn_conv,256,0,eager,12,0.31766
gdn_conv,256,0,eager,13,0.30736
gdn_conv,256,0,eager,14,0.30192
gdn_conv,256,0,eager,15,0.30797
gdn_conv,256,0,eager,16,0.30022
gdn_conv,256,0,eager,17,0.30336
gdn_conv,256,0,eager,18,0.31546
gdn_conv,256,0,eager,19,0.30605
gdn_conv,256,0,eager,20,0.30157
gdn_conv,256,0,eager,21,0.30694
gdn_conv,256,0,eager,22,0.29878
gdn_conv,256,0,eager,23,0.29862
gdn_conv,256,0,eager,24,0.41533
gdn_conv,256,0,eager,25,0.33366
gdn_conv,256,0,eager,26,0.36365
gdn_conv,256,0,eager,27,0.32848
gdn_conv,256,0,eager,28,0.30781
gdn_conv,256,0,eager,29,0.35069
gdn_conv,512,0,graph,0,0.01069
gdn_conv,512,0,graph,1,0.01075
gdn_conv,512,0,graph,2,0.01069
gdn_conv,512,0,graph,3,0.01069
gdn_conv,512,0,graph,4,0.01078
gdn_conv,512,0,graph,5,0.01110
gdn_conv,512,0,graph,6,0.01072
gdn_conv,512,0,graph,7,0.01062
gdn_conv,512,0,graph,8,0.01082
gdn_conv,512,0,graph,9,0.01072
gdn_conv,512,0,graph,10,0.01082
gdn_conv,512,0,graph,11,0.01085
gdn_conv,512,0,graph,12,0.01072
gdn_conv,512,0,graph,13,0.01078
gdn_conv,512,0,graph,14,0.01069
gdn_conv,512,0,graph,15,0.01072
gdn_conv,512,0,graph,16,0.01072
gdn_conv,512,0,graph,17,0.01091
gdn_conv,512,0,graph,18,0.01065
gdn_conv,512,0,graph,19,0.01114
gdn_conv,512,0,graph,20,0.01094
gdn_conv,512,0,graph,21,0.01069
gdn_conv,512,0,graph,22,0.01094
gdn_conv,512,0,graph,23,0.01097
gdn_conv,512,0,graph,24,0.01078
gdn_conv,512,0,graph,25,0.01100
gdn_conv,512,0,graph,26,0.01075
gdn_conv,512,0,graph,27,0.01088
gdn_conv,512,0,graph,28,0.01069
gdn_conv,512,0,graph,29,0.01097
gdn_conv,512,0,eager,0,0.31683
gdn_conv,512,0,eager,1,0.34221
gdn_conv,512,0,eager,2,0.31818
gdn_conv,512,0,eager,3,0.39642
gdn_conv,512,0,eager,4,0.34435
gdn_conv,512,0,eager,5,0.35296
gdn_conv,512,0,eager,6,0.32765
gdn_conv,512,0,eager,7,0.33152
gdn_conv,512,0,eager,8,0.32515
gdn_conv,512,0,eager,9,0.30726
gdn_conv,512,0,eager,10,0.30310
gdn_conv,512,0,eager,11,0.30998
gdn_conv,512,0,eager,12,0.30608
gdn_conv,512,0,eager,13,0.31296
gdn_conv,512,0,eager,14,0.31325
gdn_conv,512,0,eager,15,0.30682
gdn_conv,512,0,eager,16,0.30176
gdn_conv,512,0,eager,17,0.30835
gdn_conv,512,0,eager,18,0.30112
gdn_conv,512,0,eager,19,0.29997
gdn_conv,512,0,eager,20,0.30778
gdn_conv,512,0,eager,21,0.31334
gdn_conv,512,0,eager,22,0.31072
gdn_conv,512,0,eager,23,0.30339
gdn_conv,512,0,eager,24,0.30256
gdn_conv,512,0,eager,25,0.30928
gdn_conv,512,0,eager,26,0.30378
gdn_conv,512,0,eager,27,0.29872
gdn_conv,512,0,eager,28,0.30806
gdn_conv,512,0,eager,29,0.30403
gdn_conv,1024,0,graph,0,0.01405
gdn_conv,1024,0,graph,1,0.01414
gdn_conv,1024,0,graph,2,0.01398
gdn_conv,1024,0,graph,3,0.01389
gdn_conv,1024,0,graph,4,0.01395
gdn_conv,1024,0,graph,5,0.01396
gdn_conv,1024,0,graph,6,0.01411
gdn_conv,1024,0,graph,7,0.01386
gdn_conv,1024,0,graph,8,0.01382
gdn_conv,1024,0,graph,9,0.01385
gdn_conv,1024,0,graph,10,0.01389
gdn_conv,1024,0,graph,11,0.01386
gdn_conv,1024,0,graph,12,0.01376
gdn_conv,1024,0,graph,13,0.01376
gdn_conv,1024,0,graph,14,0.01379
gdn_conv,1024,0,graph,15,0.01408
gdn_conv,1024,0,graph,16,0.01414
gdn_conv,1024,0,graph,17,0.01427
gdn_conv,1024,0,graph,18,0.01405
gdn_conv,1024,0,graph,19,0.01392
gdn_conv,1024,0,graph,20,0.01383
gdn_conv,1024,0,graph,21,0.01379
gdn_conv,1024,0,graph,22,0.01398
gdn_conv,1024,0,graph,23,0.01382
gdn_conv,1024,0,graph,24,0.01383
gdn_conv,1024,0,graph,25,0.01386
gdn_conv,1024,0,graph,26,0.01392
gdn_conv,1024,0,graph,27,0.01386
gdn_conv,1024,0,graph,28,0.01376
gdn_conv,1024,0,graph,29,0.01376
gdn_conv,1024,0,eager,0,0.33568
gdn_conv,1024,0,eager,1,0.33258
gdn_conv,1024,0,eager,2,0.32490
gdn_conv,1024,0,eager,3,0.31526
gdn_conv,1024,0,eager,4,0.31155
gdn_conv,1024,0,eager,5,0.33094
gdn_conv,1024,0,eager,6,0.31603
gdn_conv,1024,0,eager,7,0.31219
gdn_conv,1024,0,eager,8,0.43354
gdn_conv,1024,0,eager,9,0.33888
gdn_conv,1024,0,eager,10,0.32688
gdn_conv,1024,0,eager,11,0.31357
gdn_conv,1024,0,eager,12,0.31037
gdn_conv,1024,0,eager,13,0.32029
gdn_conv,1024,0,eager,14,0.32534
gdn_conv,1024,0,eager,15,0.31440
gdn_conv,1024,0,eager,16,0.31955
gdn_conv,1024,0,eager,17,0.30701
gdn_conv,1024,0,eager,18,0.30694
gdn_conv,1024,0,eager,19,0.31030
gdn_conv,1024,0,eager,20,0.30845
gdn_conv,1024,0,eager,21,0.32570
gdn_conv,1024,0,eager,22,0.31379
gdn_conv,1024,0,eager,23,0.30829
gdn_conv,1024,0,eager,24,0.31552
gdn_conv,1024,0,eager,25,0.31014
gdn_conv,1024,0,eager,26,0.31523
gdn_conv,1024,0,eager,27,0.31693
gdn_conv,1024,0,eager,28,0.30557
gdn_conv,1024,0,eager,29,0.30362
gdn_conv,2048,0,graph,0,0.02006
gdn_conv,2048,0,graph,1,0.02003
gdn_conv,2048,0,graph,2,0.02019
gdn_conv,2048,0,graph,3,0.02000
gdn_conv,2048,0,graph,4,0.02000
gdn_conv,2048,0,graph,5,0.02013
gdn_conv,2048,0,graph,6,0.02010
gdn_conv,2048,0,graph,7,0.02003
gdn_conv,2048,0,graph,8,0.02009
gdn_conv,2048,0,graph,9,0.02028
gdn_conv,2048,0,graph,10,0.01997
gdn_conv,2048,0,graph,11,0.02061
gdn_conv,2048,0,graph,12,0.02016
gdn_conv,2048,0,graph,13,0.02000
gdn_conv,2048,0,graph,14,0.02003
gdn_conv,2048,0,graph,15,0.02025
gdn_conv,2048,0,graph,16,0.01997
gdn_conv,2048,0,graph,17,0.02013
gdn_conv,2048,0,graph,18,0.02009
gdn_conv,2048,0,graph,19,0.01997
gdn_conv,2048,0,graph,20,0.02022
gdn_conv,2048,0,graph,21,0.02010
gdn_conv,2048,0,graph,22,0.02003
gdn_conv,2048,0,graph,23,0.02013
gdn_conv,2048,0,graph,24,0.02006
gdn_conv,2048,0,graph,25,0.02000
gdn_conv,2048,0,graph,26,0.02032
gdn_conv,2048,0,graph,27,0.02032
gdn_conv,2048,0,graph,28,0.02010
gdn_conv,2048,0,graph,29,0.02003
gdn_conv,2048,0,eager,0,0.32957
gdn_conv,2048,0,eager,1,0.35792
gdn_conv,2048,0,eager,2,0.33776
gdn_conv,2048,0,eager,3,0.32685
gdn_conv,2048,0,eager,4,0.32371
gdn_conv,2048,0,eager,5,0.31850
gdn_conv,2048,0,eager,6,0.32771
gdn_conv,2048,0,eager,7,0.33760
gdn_conv,2048,0,eager,8,0.32349
gdn_conv,2048,0,eager,9,0.33149
gdn_conv,2048,0,eager,10,0.32032
gdn_conv,2048,0,eager,11,0.31699
gdn_conv,2048,0,eager,12,0.32861
gdn_conv,2048,0,eager,13,0.32090
gdn_conv,2048,0,eager,14,0.33523
gdn_conv,2048,0,eager,15,0.32486
gdn_conv,2048,0,eager,16,0.31731
gdn_conv,2048,0,eager,17,0.32774
gdn_conv,2048,0,eager,18,0.32534
gdn_conv,2048,0,eager,19,0.31546
gdn_conv,2048,0,eager,20,0.32653
gdn_conv,2048,0,eager,21,0.31763
gdn_conv,2048,0,eager,22,0.31382
gdn_conv,2048,0,eager,23,0.33661
gdn_conv,2048,0,eager,24,0.32054
gdn_conv,2048,0,eager,25,0.33101
gdn_conv,2048,0,eager,26,0.34058
gdn_conv,2048,0,eager,27,0.32342
gdn_conv,2048,0,eager,28,0.32710
gdn_conv,2048,0,eager,29,0.31923
gdn_conv,4096,0,graph,0,0.03242
gdn_conv,4096,0,graph,1,0.03261
gdn_conv,4096,0,graph,2,0.03242
gdn_conv,4096,0,graph,3,0.03235
gdn_conv,4096,0,graph,4,0.03248
gdn_conv,4096,0,graph,5,0.03264
gdn_conv,4096,0,graph,6,0.03238
gdn_conv,4096,0,graph,7,0.03245
gdn_conv,4096,0,graph,8,0.03245
gdn_conv,4096,0,graph,9,0.03277
gdn_conv,4096,0,graph,10,0.03235
gdn_conv,4096,0,graph,11,0.03248
gdn_conv,4096,0,graph,12,0.03238
gdn_conv,4096,0,graph,13,0.03245
gdn_conv,4096,0,graph,14,0.03242
gdn_conv,4096,0,graph,15,0.03251
gdn_conv,4096,0,graph,16,0.03261
gdn_conv,4096,0,graph,17,0.03235
gdn_conv,4096,0,graph,18,0.03235
gdn_conv,4096,0,graph,19,0.03248
gdn_conv,4096,0,graph,20,0.03241
gdn_conv,4096,0,graph,21,0.03242
gdn_conv,4096,0,graph,22,0.03235
gdn_conv,4096,0,graph,23,0.03248
gdn_conv,4096,0,graph,24,0.03293
gdn_conv,4096,0,graph,25,0.03245
gdn_conv,4096,0,graph,26,0.03235
gdn_conv,4096,0,graph,27,0.03254
gdn_conv,4096,0,graph,28,0.03238
gdn_conv,4096,0,graph,29,0.03238
gdn_conv,4096,0,eager,0,0.37424
gdn_conv,4096,0,eager,1,0.35094
gdn_conv,4096,0,eager,2,0.34547
gdn_conv,4096,0,eager,3,0.33424
gdn_conv,4096,0,eager,4,0.33312
gdn_conv,4096,0,eager,5,0.49315
gdn_conv,4096,0,eager,6,0.36266
gdn_conv,4096,0,eager,7,0.35693
gdn_conv,4096,0,eager,8,0.33984
gdn_conv,4096,0,eager,9,0.33494
gdn_conv,4096,0,eager,10,0.33578
gdn_conv,4096,0,eager,11,0.35216
gdn_conv,4096,0,eager,12,0.34762
gdn_conv,4096,0,eager,13,0.33869
gdn_conv,4096,0,eager,14,0.33296
gdn_conv,4096,0,eager,15,0.33661
gdn_conv,4096,0,eager,16,0.33043
gdn_conv,4096,0,eager,17,0.34278
gdn_conv,4096,0,eager,18,0.34486
gdn_conv,4096,0,eager,19,0.33264
gdn_conv,4096,0,eager,20,0.33901
gdn_conv,4096,0,eager,21,0.33222
gdn_conv,4096,0,eager,22,0.33056
gdn_conv,4096,0,eager,23,0.34410
gdn_conv,4096,0,eager,24,0.33984
gdn_conv,4096,0,eager,25,0.33738
gdn_conv,4096,0,eager,26,0.33190
gdn_conv,4096,0,eager,27,0.33123
gdn_conv,4096,0,eager,28,0.34954
gdn_conv,4096,0,eager,29,0.33254
gdn_conv,8192,0,graph,0,0.05718
gdn_conv,8192,0,graph,1,0.05709
gdn_conv,8192,0,graph,2,0.05734
gdn_conv,8192,0,graph,3,0.05757
gdn_conv,8192,0,graph,4,0.05731
gdn_conv,8192,0,graph,5,0.05712
gdn_conv,8192,0,graph,6,0.05741
gdn_conv,8192,0,graph,7,0.05712
gdn_conv,8192,0,graph,8,0.05706
gdn_conv,8192,0,graph,9,0.05754
gdn_conv,8192,0,graph,10,0.05722
gdn_conv,8192,0,graph,11,0.05737
gdn_conv,8192,0,graph,12,0.05715
gdn_conv,8192,0,graph,13,0.05731
gdn_conv,8192,0,graph,14,0.05712
gdn_conv,8192,0,graph,15,0.05722
gdn_conv,8192,0,graph,16,0.05757
gdn_conv,8192,0,graph,17,0.05715
gdn_conv,8192,0,graph,18,0.05722
gdn_conv,8192,0,graph,19,0.05715
gdn_conv,8192,0,graph,20,0.05724
gdn_conv,8192,0,graph,21,0.05731
gdn_conv,8192,0,graph,22,0.05741
gdn_conv,8192,0,graph,23,0.05735
gdn_conv,8192,0,graph,24,0.05747
gdn_conv,8192,0,graph,25,0.05725
gdn_conv,8192,0,graph,26,0.05744
gdn_conv,8192,0,graph,27,0.05712
gdn_conv,8192,0,graph,28,0.05731
gdn_conv,8192,0,graph,29,0.05728
gdn_conv,8192,0,eager,0,0.42358
gdn_conv,8192,0,eager,1,0.43808
gdn_conv,8192,0,eager,2,0.42381
gdn_conv,8192,0,eager,3,0.40598
gdn_conv,8192,0,eager,4,0.40362
gdn_conv,8192,0,eager,5,0.39594
gdn_conv,8192,0,eager,6,0.39152
gdn_conv,8192,0,eager,7,0.39760
gdn_conv,8192,0,eager,8,0.40934
gdn_conv,8192,0,eager,9,0.40742
gdn_conv,8192,0,eager,10,0.39642
gdn_conv,8192,0,eager,11,0.45414
gdn_conv,8192,0,eager,12,0.41123
gdn_conv,8192,0,eager,13,0.42118
gdn_conv,8192,0,eager,14,0.40131
gdn_conv,8192,0,eager,15,0.39158
gdn_conv,8192,0,eager,16,0.39366
gdn_conv,8192,0,eager,17,0.41165
gdn_conv,8192,0,eager,18,0.41024
gdn_conv,8192,0,eager,19,0.38986
gdn_conv,8192,0,eager,20,0.40570
gdn_conv,8192,0,eager,21,0.39722
gdn_conv,8192,0,eager,22,0.40467
gdn_conv,8192,0,eager,23,0.40096
gdn_conv,8192,0,eager,24,0.39318
gdn_conv,8192,0,eager,25,0.39958
gdn_conv,8192,0,eager,26,0.39309
gdn_conv,8192,0,eager,27,0.39962
gdn_conv,8192,0,eager,28,0.40112
gdn_conv,8192,0,eager,29,0.41453
dense_mlp,64,0,graph,0,0.16187
dense_mlp,64,0,graph,1,0.16102
dense_mlp,64,0,graph,2,0.16181
dense_mlp,64,0,graph,3,0.16122
dense_mlp,64,0,graph,4,0.16150
dense_mlp,64,0,graph,5,0.16236
dense_mlp,64,0,graph,6,0.16142
dense_mlp,64,0,graph,7,0.16168
dense_mlp,64,0,graph,8,0.16134
dense_mlp,64,0,graph,9,0.16213
dense_mlp,64,0,graph,10,0.16156
dense_mlp,64,0,graph,11,0.16097
dense_mlp,64,0,graph,12,0.16174
dense_mlp,64,0,graph,13,0.16140
dense_mlp,64,0,graph,14,0.16135
dense_mlp,64,0,graph,15,0.16131
dense_mlp,64,0,graph,16,0.16122
dense_mlp,64,0,graph,17,0.16146
dense_mlp,64,0,graph,18,0.16021
dense_mlp,64,0,graph,19,0.16172
dense_mlp,64,0,graph,20,0.16115
dense_mlp,64,0,graph,21,0.16166
dense_mlp,64,0,graph,22,0.16056
dense_mlp,64,0,graph,23,0.16144
dense_mlp,64,0,graph,24,0.16135
dense_mlp,64,0,graph,25,0.16121
dense_mlp,64,0,graph,26,0.16155
dense_mlp,64,0,graph,27,0.16232
dense_mlp,64,0,graph,28,0.16232
dense_mlp,64,0,graph,29,0.16066
dense_mlp,64,0,eager,0,0.18035
dense_mlp,64,0,eager,1,0.17843
dense_mlp,64,0,eager,2,0.17562
dense_mlp,64,0,eager,3,0.17610
dense_mlp,64,0,eager,4,0.17565
dense_mlp,64,0,eager,5,0.17846
dense_mlp,64,0,eager,6,0.17792
dense_mlp,64,0,eager,7,0.17683
dense_mlp,64,0,eager,8,0.17478
dense_mlp,64,0,eager,9,0.17907
dense_mlp,64,0,eager,10,0.17805
dense_mlp,64,0,eager,11,0.17363
dense_mlp,64,0,eager,12,0.17542
dense_mlp,64,0,eager,13,0.17645
dense_mlp,64,0,eager,14,0.17549
dense_mlp,64,0,eager,15,0.17741
dense_mlp,64,0,eager,16,0.17482
dense_mlp,64,0,eager,17,0.17626
dense_mlp,64,0,eager,18,0.17645
dense_mlp,64,0,eager,19,0.17667
dense_mlp,64,0,eager,20,0.17814
dense_mlp,64,0,eager,21,0.17555
dense_mlp,64,0,eager,22,0.17459
dense_mlp,64,0,eager,23,0.17987
dense_mlp,64,0,eager,24,0.17514
dense_mlp,64,0,eager,25,0.17597
dense_mlp,64,0,eager,26,0.17472
dense_mlp,64,0,eager,27,0.17600
dense_mlp,64,0,eager,28,0.17760
dense_mlp,64,0,eager,29,0.17600
dense_mlp,65,0,graph,0,0.16414
dense_mlp,65,0,graph,1,0.16435
dense_mlp,65,0,graph,2,0.16424
dense_mlp,65,0,graph,3,0.16445
dense_mlp,65,0,graph,4,0.16427
dense_mlp,65,0,graph,5,0.16437
dense_mlp,65,0,graph,6,0.16461
dense_mlp,65,0,graph,7,0.16410
dense_mlp,65,0,graph,8,0.16396
dense_mlp,65,0,graph,9,0.16403
dense_mlp,65,0,graph,10,0.16439
dense_mlp,65,0,graph,11,0.16418
dense_mlp,65,0,graph,12,0.16391
dense_mlp,65,0,graph,13,0.17453
dense_mlp,65,0,graph,14,0.16404
dense_mlp,65,0,graph,15,0.16412
dense_mlp,65,0,graph,16,0.16419
dense_mlp,65,0,graph,17,0.16393
dense_mlp,65,0,graph,18,0.16412
dense_mlp,65,0,graph,19,0.16454
dense_mlp,65,0,graph,20,0.16402
dense_mlp,65,0,graph,21,0.16414
dense_mlp,65,0,graph,22,0.16413
dense_mlp,65,0,graph,23,0.16377
dense_mlp,65,0,graph,24,0.16393
dense_mlp,65,0,graph,25,0.16447
dense_mlp,65,0,graph,26,0.16435
dense_mlp,65,0,graph,27,0.16390
dense_mlp,65,0,graph,28,0.16392
dense_mlp,65,0,graph,29,0.16411
dense_mlp,65,0,eager,0,0.18522
dense_mlp,65,0,eager,1,0.18029
dense_mlp,65,0,eager,2,0.17990
dense_mlp,65,0,eager,3,0.17923
dense_mlp,65,0,eager,4,0.17978
dense_mlp,65,0,eager,5,0.17869
dense_mlp,65,0,eager,6,0.18064
dense_mlp,65,0,eager,7,0.17923
dense_mlp,65,0,eager,8,0.18019
dense_mlp,65,0,eager,9,0.18112
dense_mlp,65,0,eager,10,0.17920
dense_mlp,65,0,eager,11,0.17789
dense_mlp,65,0,eager,12,0.17936
dense_mlp,65,0,eager,13,0.17942
dense_mlp,65,0,eager,14,0.17933
dense_mlp,65,0,eager,15,0.17869
dense_mlp,65,0,eager,16,0.17808
dense_mlp,65,0,eager,17,0.18067
dense_mlp,65,0,eager,18,0.18064
dense_mlp,65,0,eager,19,0.17990
dense_mlp,65,0,eager,20,0.17974
dense_mlp,65,0,eager,21,0.17974
dense_mlp,65,0,eager,22,0.17818
dense_mlp,65,0,eager,23,0.18294
dense_mlp,65,0,eager,24,0.17930
dense_mlp,65,0,eager,25,0.18042
dense_mlp,65,0,eager,26,0.17802
dense_mlp,65,0,eager,27,0.17866
dense_mlp,65,0,eager,28,0.17971
dense_mlp,65,0,eager,29,0.17981
dense_mlp,128,0,graph,0,0.16620
dense_mlp,128,0,graph,1,0.16715
dense_mlp,128,0,graph,2,0.16664
dense_mlp,128,0,graph,3,0.16698
dense_mlp,128,0,graph,4,0.16694
dense_mlp,128,0,graph,5,0.16680
dense_mlp,128,0,graph,6,0.16751
dense_mlp,128,0,graph,7,0.16684
dense_mlp,128,0,graph,8,0.16703
dense_mlp,128,0,graph,9,0.16674
dense_mlp,128,0,graph,10,0.16617
dense_mlp,128,0,graph,11,0.16589
dense_mlp,128,0,graph,12,0.16677
dense_mlp,128,0,graph,13,0.16699
dense_mlp,128,0,graph,14,0.16683
dense_mlp,128,0,graph,15,0.16602
dense_mlp,128,0,graph,16,0.16779
dense_mlp,128,0,graph,17,0.16680
dense_mlp,128,0,graph,18,0.16651
dense_mlp,128,0,graph,19,0.16686
dense_mlp,128,0,graph,20,0.16800
dense_mlp,128,0,graph,21,0.16696
dense_mlp,128,0,graph,22,0.16731
dense_mlp,128,0,graph,23,0.16694
dense_mlp,128,0,graph,24,0.16703
dense_mlp,128,0,graph,25,0.16704
dense_mlp,128,0,graph,26,0.16702
dense_mlp,128,0,graph,27,0.16678
dense_mlp,128,0,graph,28,0.16683
dense_mlp,128,0,graph,29,0.16721
dense_mlp,128,0,eager,0,0.19043
dense_mlp,128,0,eager,1,0.18602
dense_mlp,128,0,eager,2,0.18598
dense_mlp,128,0,eager,3,0.18323
dense_mlp,128,0,eager,4,0.18362
dense_mlp,128,0,eager,5,0.18547
dense_mlp,128,0,eager,6,0.18358
dense_mlp,128,0,eager,7,0.18550
dense_mlp,128,0,eager,8,0.18467
dense_mlp,128,0,eager,9,0.18426
dense_mlp,128,0,eager,10,0.18208
dense_mlp,128,0,eager,11,0.18342
dense_mlp,128,0,eager,12,0.18390
dense_mlp,128,0,eager,13,0.18253
dense_mlp,128,0,eager,14,0.18560
dense_mlp,128,0,eager,15,0.18387
dense_mlp,128,0,eager,16,0.18502
dense_mlp,128,0,eager,17,0.18237
dense_mlp,128,0,eager,18,0.18547
dense_mlp,128,0,eager,19,0.18438
dense_mlp,128,0,eager,20,0.18278
dense_mlp,128,0,eager,21,0.18355
dense_mlp,128,0,eager,22,0.18774
dense_mlp,128,0,eager,23,0.18400
dense_mlp,128,0,eager,24,0.18349
dense_mlp,128,0,eager,25,0.18237
dense_mlp,128,0,eager,26,0.18374
dense_mlp,128,0,eager,27,0.18243
dense_mlp,128,0,eager,28,0.18371
dense_mlp,128,0,eager,29,0.18541
dense_mlp,129,0,graph,0,0.17381
dense_mlp,129,0,graph,1,0.17493
dense_mlp,129,0,graph,2,0.17410
dense_mlp,129,0,graph,3,0.17304
dense_mlp,129,0,graph,4,0.17340
dense_mlp,129,0,graph,5,0.17402
dense_mlp,129,0,graph,6,0.17398
dense_mlp,129,0,graph,7,0.17418
dense_mlp,129,0,graph,8,0.17356
dense_mlp,129,0,graph,9,0.17401
dense_mlp,129,0,graph,10,0.17459
dense_mlp,129,0,graph,11,0.17437
dense_mlp,129,0,graph,12,0.17387
dense_mlp,129,0,graph,13,0.17347
dense_mlp,129,0,graph,14,0.17424
dense_mlp,129,0,graph,15,0.17332
dense_mlp,129,0,graph,16,0.17379
dense_mlp,129,0,graph,17,0.17336
dense_mlp,129,0,graph,18,0.17356
dense_mlp,129,0,graph,19,0.17413
dense_mlp,129,0,graph,20,0.17479
dense_mlp,129,0,graph,21,0.17402
dense_mlp,129,0,graph,22,0.17393
dense_mlp,129,0,graph,23,0.17414
dense_mlp,129,0,graph,24,0.17476
dense_mlp,129,0,graph,25,0.17467
dense_mlp,129,0,graph,26,0.17462
dense_mlp,129,0,graph,27,0.17412
dense_mlp,129,0,graph,28,0.17491
dense_mlp,129,0,graph,29,0.17559
dense_mlp,129,0,eager,0,0.20291
dense_mlp,129,0,eager,1,0.19898
dense_mlp,129,0,eager,2,0.19654
dense_mlp,129,0,eager,3,0.19702
dense_mlp,129,0,eager,4,0.19677
dense_mlp,129,0,eager,5,0.19638
dense_mlp,129,0,eager,6,0.19568
dense_mlp,129,0,eager,7,0.19482
dense_mlp,129,0,eager,8,0.20006
dense_mlp,129,0,eager,9,0.19702
dense_mlp,129,0,eager,10,0.19674
dense_mlp,129,0,eager,11,0.19494
dense_mlp,129,0,eager,12,0.19626
dense_mlp,129,0,eager,13,0.19984
dense_mlp,129,0,eager,14,0.19597
dense_mlp,129,0,eager,15,0.19578
dense_mlp,129,0,eager,16,0.19469
dense_mlp,129,0,eager,17,0.19696
dense_mlp,129,0,eager,18,0.19517
dense_mlp,129,0,eager,19,0.19581
dense_mlp,129,0,eager,20,0.19341
dense_mlp,129,0,eager,21,0.19654
dense_mlp,129,0,eager,22,0.19568
dense_mlp,129,0,eager,23,0.19747
dense_mlp,129,0,eager,24,0.19584
dense_mlp,129,0,eager,25,0.19523
dense_mlp,129,0,eager,26,0.19533
dense_mlp,129,0,eager,27,0.19594
dense_mlp,129,0,eager,28,0.19770
dense_mlp,129,0,eager,29,0.19626
dense_mlp,256,0,graph,0,0.20304
dense_mlp,256,0,graph,1,0.20361
dense_mlp,256,0,graph,2,0.20295
dense_mlp,256,0,graph,3,0.20343
dense_mlp,256,0,graph,4,0.20354
dense_mlp,256,0,graph,5,0.20240
dense_mlp,256,0,graph,6,0.20455
dense_mlp,256,0,graph,7,0.20387
dense_mlp,256,0,graph,8,0.20241
dense_mlp,256,0,graph,9,0.20811
dense_mlp,256,0,graph,10,0.21555
dense_mlp,256,0,graph,11,0.21554
dense_mlp,256,0,graph,12,0.21642
dense_mlp,256,0,graph,13,0.21590
dense_mlp,256,0,graph,14,0.21544
dense_mlp,256,0,graph,15,0.21548
dense_mlp,256,0,graph,16,0.21480
dense_mlp,256,0,graph,17,0.21468
dense_mlp,256,0,graph,18,0.21558
dense_mlp,256,0,graph,19,0.21724
dense_mlp,256,0,graph,20,0.21700
dense_mlp,256,0,graph,21,0.22127
dense_mlp,256,0,graph,22,0.22311
dense_mlp,256,0,graph,23,0.22102
dense_mlp,256,0,graph,24,0.22300
dense_mlp,256,0,graph,25,0.22159
dense_mlp,256,0,graph,26,0.22197
dense_mlp,256,0,graph,27,0.22139
dense_mlp,256,0,graph,28,0.22177
dense_mlp,256,0,graph,29,0.22380
dense_mlp,256,0,eager,0,0.25674
dense_mlp,256,0,eager,1,0.25459
dense_mlp,256,0,eager,2,0.24736
dense_mlp,256,0,eager,3,0.24707
dense_mlp,256,0,eager,4,0.24845
dense_mlp,256,0,eager,5,0.24589
dense_mlp,256,0,eager,6,0.25152
dense_mlp,256,0,eager,7,0.24554
dense_mlp,256,0,eager,8,0.24538
dense_mlp,256,0,eager,9,0.24653
dense_mlp,256,0,eager,10,0.24522
dense_mlp,256,0,eager,11,0.24502
dense_mlp,256,0,eager,12,0.24576
dense_mlp,256,0,eager,13,0.24442
dense_mlp,256,0,eager,14,0.24368
dense_mlp,256,0,eager,15,0.24464
dense_mlp,256,0,eager,16,0.24912
dense_mlp,256,0,eager,17,0.24835
dense_mlp,256,0,eager,18,0.24880
dense_mlp,256,0,eager,19,0.24518
dense_mlp,256,0,eager,20,0.24531
dense_mlp,256,0,eager,21,0.24467
dense_mlp,256,0,eager,22,0.23165
dense_mlp,256,0,eager,23,0.22410
dense_mlp,256,0,eager,24,0.22787
dense_mlp,256,0,eager,25,0.22387
dense_mlp,256,0,eager,26,0.22320
dense_mlp,256,0,eager,27,0.22310
dense_mlp,256,0,eager,28,0.22374
dense_mlp,256,0,eager,29,0.22429
dense_mlp,512,0,graph,0,0.38219
dense_mlp,512,0,graph,1,0.38112
dense_mlp,512,0,graph,2,0.38123
dense_mlp,512,0,graph,3,0.38148
dense_mlp,512,0,graph,4,0.38205
dense_mlp,512,0,graph,5,0.38163
dense_mlp,512,0,graph,6,0.38159
dense_mlp,512,0,graph,7,0.38344
dense_mlp,512,0,graph,8,0.38055
dense_mlp,512,0,graph,9,0.38157
dense_mlp,512,0,graph,10,0.38262
dense_mlp,512,0,graph,11,0.38356
dense_mlp,512,0,graph,12,0.38264
dense_mlp,512,0,graph,13,0.38229
dense_mlp,512,0,graph,14,0.38305
dense_mlp,512,0,graph,15,0.38319
dense_mlp,512,0,graph,16,0.38272
dense_mlp,512,0,graph,17,0.38276
dense_mlp,512,0,graph,18,0.39225
dense_mlp,512,0,graph,19,0.41376
dense_mlp,512,0,graph,20,0.41281
dense_mlp,512,0,graph,21,0.41253
dense_mlp,512,0,graph,22,0.41228
dense_mlp,512,0,graph,23,0.41916
dense_mlp,512,0,graph,24,0.41897
dense_mlp,512,0,graph,25,0.42032
dense_mlp,512,0,graph,26,0.41968
dense_mlp,512,0,graph,27,0.41996
dense_mlp,512,0,graph,28,0.42111
dense_mlp,512,0,graph,29,0.41922
dense_mlp,512,0,eager,0,0.41296
dense_mlp,512,0,eager,1,0.40480
dense_mlp,512,0,eager,2,0.40131
dense_mlp,512,0,eager,3,0.39846
dense_mlp,512,0,eager,4,0.39923
dense_mlp,512,0,eager,5,0.40115
dense_mlp,512,0,eager,6,0.40042
dense_mlp,512,0,eager,7,0.39866
dense_mlp,512,0,eager,8,0.40122
dense_mlp,512,0,eager,9,0.40122
dense_mlp,512,0,eager,10,0.39770
dense_mlp,512,0,eager,11,0.39904
dense_mlp,512,0,eager,12,0.39859
dense_mlp,512,0,eager,13,0.39920
dense_mlp,512,0,eager,14,0.39731
dense_mlp,512,0,eager,15,0.39626
dense_mlp,512,0,eager,16,0.39885
dense_mlp,512,0,eager,17,0.39968
dense_mlp,512,0,eager,18,0.39792
dense_mlp,512,0,eager,19,0.40301
dense_mlp,512,0,eager,20,0.39920
dense_mlp,512,0,eager,21,0.39850
dense_mlp,512,0,eager,22,0.39827
dense_mlp,512,0,eager,23,0.39926
dense_mlp,512,0,eager,24,0.40074
dense_mlp,512,0,eager,25,0.40026
dense_mlp,512,0,eager,26,0.40074
dense_mlp,512,0,eager,27,0.39990
dense_mlp,512,0,eager,28,0.39664
dense_mlp,512,0,eager,29,0.39942
dense_mlp,1024,0,graph,0,0.76151
dense_mlp,1024,0,graph,1,0.76135
dense_mlp,1024,0,graph,2,0.76201
dense_mlp,1024,0,graph,3,0.76617
dense_mlp,1024,0,graph,4,0.79567
dense_mlp,1024,0,graph,5,0.79703
dense_mlp,1024,0,graph,6,0.79588
dense_mlp,1024,0,graph,7,0.79655
dense_mlp,1024,0,graph,8,0.79950
dense_mlp,1024,0,graph,9,0.79882
dense_mlp,1024,0,graph,10,0.79732
dense_mlp,1024,0,graph,11,0.79775
dense_mlp,1024,0,graph,12,0.79838
dense_mlp,1024,0,graph,13,0.79791
dense_mlp,1024,0,graph,14,0.80378
dense_mlp,1024,0,graph,15,0.84518
dense_mlp,1024,0,graph,16,0.84442
dense_mlp,1024,0,graph,17,0.84652
dense_mlp,1024,0,graph,18,0.84401
dense_mlp,1024,0,graph,19,0.84439
dense_mlp,1024,0,graph,20,0.84527
dense_mlp,1024,0,graph,21,0.84354
dense_mlp,1024,0,graph,22,0.84449
dense_mlp,1024,0,graph,23,0.84422
dense_mlp,1024,0,graph,24,0.84478
dense_mlp,1024,0,graph,25,0.84425
dense_mlp,1024,0,graph,26,0.84367
dense_mlp,1024,0,graph,27,0.84414
dense_mlp,1024,0,graph,28,0.84420
dense_mlp,1024,0,graph,29,0.84351
dense_mlp,1024,0,eager,0,0.78042
dense_mlp,1024,0,eager,1,0.77171
dense_mlp,1024,0,eager,2,0.76672
dense_mlp,1024,0,eager,3,0.76688
dense_mlp,1024,0,eager,4,0.76790
dense_mlp,1024,0,eager,5,0.76813
dense_mlp,1024,0,eager,6,0.76938
dense_mlp,1024,0,eager,7,0.76851
dense_mlp,1024,0,eager,8,0.76563
dense_mlp,1024,0,eager,9,0.76579
dense_mlp,1024,0,eager,10,0.76941
dense_mlp,1024,0,eager,11,0.76701
dense_mlp,1024,0,eager,12,0.77101
dense_mlp,1024,0,eager,13,0.76640
dense_mlp,1024,0,eager,14,0.76906
dense_mlp,1024,0,eager,15,0.76710
dense_mlp,1024,0,eager,16,0.76739
dense_mlp,1024,0,eager,17,0.76982
dense_mlp,1024,0,eager,18,0.76778
dense_mlp,1024,0,eager,19,0.76707
dense_mlp,1024,0,eager,20,0.76685
dense_mlp,1024,0,eager,21,0.76646
dense_mlp,1024,0,eager,22,0.77155
dense_mlp,1024,0,eager,23,0.76749
dense_mlp,1024,0,eager,24,0.76784
dense_mlp,1024,0,eager,25,0.76768
dense_mlp,1024,0,eager,26,0.76774
dense_mlp,1024,0,eager,27,0.76637
dense_mlp,1024,0,eager,28,0.76592
dense_mlp,1024,0,eager,29,0.85171
dense_mlp,2048,0,graph,0,1.52965
dense_mlp,2048,0,graph,1,1.52952
dense_mlp,2048,0,graph,2,1.52878
dense_mlp,2048,0,graph,3,1.52955
dense_mlp,2048,0,graph,4,1.52878
dense_mlp,2048,0,graph,5,1.52843
dense_mlp,2048,0,graph,6,1.53112
dense_mlp,2048,0,graph,7,1.52939
dense_mlp,2048,0,graph,8,1.55317
dense_mlp,2048,0,graph,9,1.55762
dense_mlp,2048,0,graph,10,1.55896
dense_mlp,2048,0,graph,11,1.55838
dense_mlp,2048,0,graph,12,1.55755
dense_mlp,2048,0,graph,13,1.56341
dense_mlp,2048,0,graph,14,1.56030
dense_mlp,2048,0,graph,15,1.55848
dense_mlp,2048,0,graph,16,1.56213
dense_mlp,2048,0,graph,17,1.55896
dense_mlp,2048,0,graph,18,1.56290
dense_mlp,2048,0,graph,19,1.55742
dense_mlp,2048,0,graph,20,1.62811
dense_mlp,2048,0,graph,21,1.62699
dense_mlp,2048,0,graph,22,1.62485
dense_mlp,2048,0,graph,23,1.62571
dense_mlp,2048,0,graph,24,1.62248
dense_mlp,2048,0,graph,25,1.62462
dense_mlp,2048,0,graph,26,1.62318
dense_mlp,2048,0,graph,27,1.62398
dense_mlp,2048,0,graph,28,1.62645
dense_mlp,2048,0,graph,29,1.62574
dense_mlp,2048,0,eager,0,1.48342
dense_mlp,2048,0,eager,1,1.47229
dense_mlp,2048,0,eager,2,1.47066
dense_mlp,2048,0,eager,3,1.47530
dense_mlp,2048,0,eager,4,1.48403
dense_mlp,2048,0,eager,5,1.48294
dense_mlp,2048,0,eager,6,1.48563
dense_mlp,2048,0,eager,7,1.48794
dense_mlp,2048,0,eager,8,1.48714
dense_mlp,2048,0,eager,9,1.48394
dense_mlp,2048,0,eager,10,1.48384
dense_mlp,2048,0,eager,11,1.48710
dense_mlp,2048,0,eager,12,1.49024
dense_mlp,2048,0,eager,13,1.48662
dense_mlp,2048,0,eager,14,1.48394
dense_mlp,2048,0,eager,15,1.48326
dense_mlp,2048,0,eager,16,1.48560
dense_mlp,2048,0,eager,17,1.48880
dense_mlp,2048,0,eager,18,1.48413
dense_mlp,2048,0,eager,19,1.48918
dense_mlp,2048,0,eager,20,1.48739
dense_mlp,2048,0,eager,21,1.48582
dense_mlp,2048,0,eager,22,1.48771
dense_mlp,2048,0,eager,23,1.57085
dense_mlp,2048,0,eager,24,1.63901
dense_mlp,2048,0,eager,25,1.62429
dense_mlp,2048,0,eager,26,1.62429
dense_mlp,2048,0,eager,27,1.63779
dense_mlp,2048,0,eager,28,1.62246
dense_mlp,2048,0,eager,29,1.62515
dense_mlp,4096,0,graph,0,3.14802
dense_mlp,4096,0,graph,1,3.15006
dense_mlp,4096,0,graph,2,3.24578
dense_mlp,4096,0,graph,3,3.29701
dense_mlp,4096,0,graph,4,3.28341
dense_mlp,4096,0,graph,5,3.28203
dense_mlp,4096,0,graph,6,3.27896
dense_mlp,4096,0,graph,7,3.27826
dense_mlp,4096,0,graph,8,3.29384
dense_mlp,4096,0,graph,9,3.31272
dense_mlp,4096,0,graph,10,3.29323
dense_mlp,4096,0,graph,11,3.28504
dense_mlp,4096,0,graph,12,3.29246
dense_mlp,4096,0,graph,13,3.28386
dense_mlp,4096,0,graph,14,3.31365
dense_mlp,4096,0,graph,15,3.28232
dense_mlp,4096,0,graph,16,3.28254
dense_mlp,4096,0,graph,17,3.31445
dense_mlp,4096,0,graph,18,3.28453
dense_mlp,4096,0,graph,19,3.31502
dense_mlp,4096,0,graph,20,3.28283
dense_mlp,4096,0,graph,21,3.31301
dense_mlp,4096,0,graph,22,3.29883
dense_mlp,4096,0,graph,23,3.29259
dense_mlp,4096,0,graph,24,3.31454
dense_mlp,4096,0,graph,25,3.28616
dense_mlp,4096,0,graph,26,3.29192
dense_mlp,4096,0,graph,27,3.28363
dense_mlp,4096,0,graph,28,3.28078
dense_mlp,4096,0,graph,29,3.29192
dense_mlp,4096,0,eager,0,3.05974
dense_mlp,4096,0,eager,1,3.10653
dense_mlp,4096,0,eager,2,3.10659
dense_mlp,4096,0,eager,3,3.10618
dense_mlp,4096,0,eager,4,3.10323
dense_mlp,4096,0,eager,5,3.10538
dense_mlp,4096,0,eager,6,3.16368
dense_mlp,4096,0,eager,7,3.31494
dense_mlp,4096,0,eager,8,3.31238
dense_mlp,4096,0,eager,9,3.31392
dense_mlp,4096,0,eager,10,3.31005
dense_mlp,4096,0,eager,11,3.30448
dense_mlp,4096,0,eager,12,3.30970
dense_mlp,4096,0,eager,13,3.30573
dense_mlp,4096,0,eager,14,3.30579
dense_mlp,4096,0,eager,15,3.31078
dense_mlp,4096,0,eager,16,3.31878
dense_mlp,4096,0,eager,17,3.30710
dense_mlp,4096,0,eager,18,3.30461
dense_mlp,4096,0,eager,19,3.30426
dense_mlp,4096,0,eager,20,3.31619
dense_mlp,4096,0,eager,21,3.31533
dense_mlp,4096,0,eager,22,3.30547
dense_mlp,4096,0,eager,23,3.31619
dense_mlp,4096,0,eager,24,3.31859
dense_mlp,4096,0,eager,25,3.31350
dense_mlp,4096,0,eager,26,3.32269
dense_mlp,4096,0,eager,27,3.32874
dense_mlp,4096,0,eager,28,3.32086
dense_mlp,4096,0,eager,29,3.32179
dense_mlp,8192,0,graph,0,6.57421
dense_mlp,8192,0,graph,1,6.57482
dense_mlp,8192,0,graph,2,6.57466
dense_mlp,8192,0,graph,3,6.57731
dense_mlp,8192,0,graph,4,6.57626
dense_mlp,8192,0,graph,5,6.57395
dense_mlp,8192,0,graph,6,6.57693
dense_mlp,8192,0,graph,7,6.57683
dense_mlp,8192,0,graph,8,6.57200
dense_mlp,8192,0,graph,9,6.57827
dense_mlp,8192,0,graph,10,6.57069
dense_mlp,8192,0,graph,11,6.63731
dense_mlp,8192,0,graph,12,6.73520
dense_mlp,8192,0,graph,13,6.77501
dense_mlp,8192,0,graph,14,6.75382
dense_mlp,8192,0,graph,15,6.72915
dense_mlp,8192,0,graph,16,6.75059
dense_mlp,8192,0,graph,17,6.75386
dense_mlp,8192,0,graph,18,6.75120
dense_mlp,8192,0,graph,19,6.74720
dense_mlp,8192,0,graph,20,6.75565
dense_mlp,8192,0,graph,21,6.75808
dense_mlp,8192,0,graph,22,7.00234
dense_mlp,8192,0,graph,23,7.11600
dense_mlp,8192,0,graph,24,7.11904
dense_mlp,8192,0,graph,25,7.61162
dense_mlp,8192,0,graph,26,7.64656
dense_mlp,8192,0,graph,27,7.84483
dense_mlp,8192,0,graph,28,8.24320
dense_mlp,8192,0,graph,29,8.24243
dense_mlp,8192,0,eager,0,6.52688
dense_mlp,8192,0,eager,1,6.48640
dense_mlp,8192,0,eager,2,6.47142
dense_mlp,8192,0,eager,3,6.46813
dense_mlp,8192,0,eager,4,6.49270
dense_mlp,8192,0,eager,5,6.44682
dense_mlp,8192,0,eager,6,6.42826
dense_mlp,8192,0,eager,7,6.64326
dense_mlp,8192,0,eager,8,6.65130
dense_mlp,8192,0,eager,9,6.62810
dense_mlp,8192,0,eager,10,6.62448
dense_mlp,8192,0,eager,11,6.65741
dense_mlp,8192,0,eager,12,6.62774
dense_mlp,8192,0,eager,13,6.65533
dense_mlp,8192,0,eager,14,6.63117
dense_mlp,8192,0,eager,15,6.61587
dense_mlp,8192,0,eager,16,6.61430
dense_mlp,8192,0,eager,17,6.63376
dense_mlp,8192,0,eager,18,6.63040
dense_mlp,8192,0,eager,19,6.61354
dense_mlp,8192,0,eager,20,6.63162
dense_mlp,8192,0,eager,21,6.62685
dense_mlp,8192,0,eager,22,6.62851
dense_mlp,8192,0,eager,23,6.62838
dense_mlp,8192,0,eager,24,6.68198
dense_mlp,8192,0,eager,25,6.67552
dense_mlp,8192,0,eager,26,6.67267
dense_mlp,8192,0,eager,27,6.67322
dense_mlp,8192,0,eager,28,6.68042
dense_mlp,8192,0,eager,29,6.67760
